"pattern_id","n_flippers","row_offset","col_offset"
1,1,-2,-2
2,1,-1,-2
3,1,0,-2
4,1,1,-2
5,1,2,-2
6,1,-2,-1
7,1,-1,-1
8,1,0,-1
9,1,1,-1
10,1,2,-1
11,1,-2,0
12,1,-1,0
13,1,1,0
14,1,2,0
15,1,-2,1
16,1,-1,1
17,1,0,1
18,1,1,1
19,1,2,1
20,1,-2,2
21,1,-1,2
22,1,0,2
23,1,1,2
24,1,2,2
25,2,-2,-2
25,2,-1,-2
26,2,-2,-2
26,2,0,-2
27,2,-2,-2
27,2,1,-2
28,2,-2,-2
28,2,2,-2
29,2,-2,-2
29,2,-2,-1
30,2,-2,-2
30,2,-1,-1
31,2,-2,-2
31,2,0,-1
32,2,-2,-2
32,2,1,-1
33,2,-2,-2
33,2,2,-1
34,2,-2,-2
34,2,-2,0
35,2,-2,-2
35,2,-1,0
36,2,-2,-2
36,2,1,0
37,2,-2,-2
37,2,2,0
38,2,-2,-2
38,2,-2,1
39,2,-2,-2
39,2,-1,1
40,2,-2,-2
40,2,0,1
41,2,-2,-2
41,2,1,1
42,2,-2,-2
42,2,2,1
43,2,-2,-2
43,2,-2,2
44,2,-2,-2
44,2,-1,2
45,2,-2,-2
45,2,0,2
46,2,-2,-2
46,2,1,2
47,2,-2,-2
47,2,2,2
48,2,-1,-2
48,2,0,-2
49,2,-1,-2
49,2,1,-2
50,2,-1,-2
50,2,2,-2
51,2,-1,-2
51,2,-2,-1
52,2,-1,-2
52,2,-1,-1
53,2,-1,-2
53,2,0,-1
54,2,-1,-2
54,2,1,-1
55,2,-1,-2
55,2,2,-1
56,2,-1,-2
56,2,-2,0
57,2,-1,-2
57,2,-1,0
58,2,-1,-2
58,2,1,0
59,2,-1,-2
59,2,2,0
60,2,-1,-2
60,2,-2,1
61,2,-1,-2
61,2,-1,1
62,2,-1,-2
62,2,0,1
63,2,-1,-2
63,2,1,1
64,2,-1,-2
64,2,2,1
65,2,-1,-2
65,2,-2,2
66,2,-1,-2
66,2,-1,2
67,2,-1,-2
67,2,0,2
68,2,-1,-2
68,2,1,2
69,2,-1,-2
69,2,2,2
70,2,0,-2
70,2,1,-2
71,2,0,-2
71,2,2,-2
72,2,0,-2
72,2,-2,-1
73,2,0,-2
73,2,-1,-1
74,2,0,-2
74,2,0,-1
75,2,0,-2
75,2,1,-1
76,2,0,-2
76,2,2,-1
77,2,0,-2
77,2,-2,0
78,2,0,-2
78,2,-1,0
79,2,0,-2
79,2,1,0
80,2,0,-2
80,2,2,0
81,2,0,-2
81,2,-2,1
82,2,0,-2
82,2,-1,1
83,2,0,-2
83,2,0,1
84,2,0,-2
84,2,1,1
85,2,0,-2
85,2,2,1
86,2,0,-2
86,2,-2,2
87,2,0,-2
87,2,-1,2
88,2,0,-2
88,2,0,2
89,2,0,-2
89,2,1,2
90,2,0,-2
90,2,2,2
91,2,1,-2
91,2,2,-2
92,2,1,-2
92,2,-2,-1
93,2,1,-2
93,2,-1,-1
94,2,1,-2
94,2,0,-1
95,2,1,-2
95,2,1,-1
96,2,1,-2
96,2,2,-1
97,2,1,-2
97,2,-2,0
98,2,1,-2
98,2,-1,0
99,2,1,-2
99,2,1,0
100,2,1,-2
100,2,2,0
101,2,1,-2
101,2,-2,1
102,2,1,-2
102,2,-1,1
103,2,1,-2
103,2,0,1
104,2,1,-2
104,2,1,1
105,2,1,-2
105,2,2,1
106,2,1,-2
106,2,-2,2
107,2,1,-2
107,2,-1,2
108,2,1,-2
108,2,0,2
109,2,1,-2
109,2,1,2
110,2,1,-2
110,2,2,2
111,2,2,-2
111,2,-2,-1
112,2,2,-2
112,2,-1,-1
113,2,2,-2
113,2,0,-1
114,2,2,-2
114,2,1,-1
115,2,2,-2
115,2,2,-1
116,2,2,-2
116,2,-2,0
117,2,2,-2
117,2,-1,0
118,2,2,-2
118,2,1,0
119,2,2,-2
119,2,2,0
120,2,2,-2
120,2,-2,1
121,2,2,-2
121,2,-1,1
122,2,2,-2
122,2,0,1
123,2,2,-2
123,2,1,1
124,2,2,-2
124,2,2,1
125,2,2,-2
125,2,-2,2
126,2,2,-2
126,2,-1,2
127,2,2,-2
127,2,0,2
128,2,2,-2
128,2,1,2
129,2,2,-2
129,2,2,2
130,2,-2,-1
130,2,-1,-1
131,2,-2,-1
131,2,0,-1
132,2,-2,-1
132,2,1,-1
133,2,-2,-1
133,2,2,-1
134,2,-2,-1
134,2,-2,0
135,2,-2,-1
135,2,-1,0
136,2,-2,-1
136,2,1,0
137,2,-2,-1
137,2,2,0
138,2,-2,-1
138,2,-2,1
139,2,-2,-1
139,2,-1,1
140,2,-2,-1
140,2,0,1
141,2,-2,-1
141,2,1,1
142,2,-2,-1
142,2,2,1
143,2,-2,-1
143,2,-2,2
144,2,-2,-1
144,2,-1,2
145,2,-2,-1
145,2,0,2
146,2,-2,-1
146,2,1,2
147,2,-2,-1
147,2,2,2
148,2,-1,-1
148,2,0,-1
149,2,-1,-1
149,2,1,-1
150,2,-1,-1
150,2,2,-1
151,2,-1,-1
151,2,-2,0
152,2,-1,-1
152,2,-1,0
153,2,-1,-1
153,2,1,0
154,2,-1,-1
154,2,2,0
155,2,-1,-1
155,2,-2,1
156,2,-1,-1
156,2,-1,1
157,2,-1,-1
157,2,0,1
158,2,-1,-1
158,2,1,1
159,2,-1,-1
159,2,2,1
160,2,-1,-1
160,2,-2,2
161,2,-1,-1
161,2,-1,2
162,2,-1,-1
162,2,0,2
163,2,-1,-1
163,2,1,2
164,2,-1,-1
164,2,2,2
165,2,0,-1
165,2,1,-1
166,2,0,-1
166,2,2,-1
167,2,0,-1
167,2,-2,0
168,2,0,-1
168,2,-1,0
169,2,0,-1
169,2,1,0
170,2,0,-1
170,2,2,0
171,2,0,-1
171,2,-2,1
172,2,0,-1
172,2,-1,1
173,2,0,-1
173,2,0,1
174,2,0,-1
174,2,1,1
175,2,0,-1
175,2,2,1
176,2,0,-1
176,2,-2,2
177,2,0,-1
177,2,-1,2
178,2,0,-1
178,2,0,2
179,2,0,-1
179,2,1,2
180,2,0,-1
180,2,2,2
181,2,1,-1
181,2,2,-1
182,2,1,-1
182,2,-2,0
183,2,1,-1
183,2,-1,0
184,2,1,-1
184,2,1,0
185,2,1,-1
185,2,2,0
186,2,1,-1
186,2,-2,1
187,2,1,-1
187,2,-1,1
188,2,1,-1
188,2,0,1
189,2,1,-1
189,2,1,1
190,2,1,-1
190,2,2,1
191,2,1,-1
191,2,-2,2
192,2,1,-1
192,2,-1,2
193,2,1,-1
193,2,0,2
194,2,1,-1
194,2,1,2
195,2,1,-1
195,2,2,2
196,2,2,-1
196,2,-2,0
197,2,2,-1
197,2,-1,0
198,2,2,-1
198,2,1,0
199,2,2,-1
199,2,2,0
200,2,2,-1
200,2,-2,1
201,2,2,-1
201,2,-1,1
202,2,2,-1
202,2,0,1
203,2,2,-1
203,2,1,1
204,2,2,-1
204,2,2,1
205,2,2,-1
205,2,-2,2
206,2,2,-1
206,2,-1,2
207,2,2,-1
207,2,0,2
208,2,2,-1
208,2,1,2
209,2,2,-1
209,2,2,2
210,2,-2,0
210,2,-1,0
211,2,-2,0
211,2,1,0
212,2,-2,0
212,2,2,0
213,2,-2,0
213,2,-2,1
214,2,-2,0
214,2,-1,1
215,2,-2,0
215,2,0,1
216,2,-2,0
216,2,1,1
217,2,-2,0
217,2,2,1
218,2,-2,0
218,2,-2,2
219,2,-2,0
219,2,-1,2
220,2,-2,0
220,2,0,2
221,2,-2,0
221,2,1,2
222,2,-2,0
222,2,2,2
223,2,-1,0
223,2,1,0
224,2,-1,0
224,2,2,0
225,2,-1,0
225,2,-2,1
226,2,-1,0
226,2,-1,1
227,2,-1,0
227,2,0,1
228,2,-1,0
228,2,1,1
229,2,-1,0
229,2,2,1
230,2,-1,0
230,2,-2,2
231,2,-1,0
231,2,-1,2
232,2,-1,0
232,2,0,2
233,2,-1,0
233,2,1,2
234,2,-1,0
234,2,2,2
235,2,1,0
235,2,2,0
236,2,1,0
236,2,-2,1
237,2,1,0
237,2,-1,1
238,2,1,0
238,2,0,1
239,2,1,0
239,2,1,1
240,2,1,0
240,2,2,1
241,2,1,0
241,2,-2,2
242,2,1,0
242,2,-1,2
243,2,1,0
243,2,0,2
244,2,1,0
244,2,1,2
245,2,1,0
245,2,2,2
246,2,2,0
246,2,-2,1
247,2,2,0
247,2,-1,1
248,2,2,0
248,2,0,1
249,2,2,0
249,2,1,1
250,2,2,0
250,2,2,1
251,2,2,0
251,2,-2,2
252,2,2,0
252,2,-1,2
253,2,2,0
253,2,0,2
254,2,2,0
254,2,1,2
255,2,2,0
255,2,2,2
256,2,-2,1
256,2,-1,1
257,2,-2,1
257,2,0,1
258,2,-2,1
258,2,1,1
259,2,-2,1
259,2,2,1
260,2,-2,1
260,2,-2,2
261,2,-2,1
261,2,-1,2
262,2,-2,1
262,2,0,2
263,2,-2,1
263,2,1,2
264,2,-2,1
264,2,2,2
265,2,-1,1
265,2,0,1
266,2,-1,1
266,2,1,1
267,2,-1,1
267,2,2,1
268,2,-1,1
268,2,-2,2
269,2,-1,1
269,2,-1,2
270,2,-1,1
270,2,0,2
271,2,-1,1
271,2,1,2
272,2,-1,1
272,2,2,2
273,2,0,1
273,2,1,1
274,2,0,1
274,2,2,1
275,2,0,1
275,2,-2,2
276,2,0,1
276,2,-1,2
277,2,0,1
277,2,0,2
278,2,0,1
278,2,1,2
279,2,0,1
279,2,2,2
280,2,1,1
280,2,2,1
281,2,1,1
281,2,-2,2
282,2,1,1
282,2,-1,2
283,2,1,1
283,2,0,2
284,2,1,1
284,2,1,2
285,2,1,1
285,2,2,2
286,2,2,1
286,2,-2,2
287,2,2,1
287,2,-1,2
288,2,2,1
288,2,0,2
289,2,2,1
289,2,1,2
290,2,2,1
290,2,2,2
291,2,-2,2
291,2,-1,2
292,2,-2,2
292,2,0,2
293,2,-2,2
293,2,1,2
294,2,-2,2
294,2,2,2
295,2,-1,2
295,2,0,2
296,2,-1,2
296,2,1,2
297,2,-1,2
297,2,2,2
298,2,0,2
298,2,1,2
299,2,0,2
299,2,2,2
300,2,1,2
300,2,2,2
301,3,-2,-2
301,3,-1,-2
301,3,0,-2
302,3,-2,-2
302,3,-1,-2
302,3,1,-2
303,3,-2,-2
303,3,-1,-2
303,3,2,-2
304,3,-2,-2
304,3,-1,-2
304,3,-2,-1
305,3,-2,-2
305,3,-1,-2
305,3,-1,-1
306,3,-2,-2
306,3,-1,-2
306,3,0,-1
307,3,-2,-2
307,3,-1,-2
307,3,1,-1
308,3,-2,-2
308,3,-1,-2
308,3,2,-1
309,3,-2,-2
309,3,-1,-2
309,3,-2,0
310,3,-2,-2
310,3,-1,-2
310,3,-1,0
311,3,-2,-2
311,3,-1,-2
311,3,1,0
312,3,-2,-2
312,3,-1,-2
312,3,2,0
313,3,-2,-2
313,3,-1,-2
313,3,-2,1
314,3,-2,-2
314,3,-1,-2
314,3,-1,1
315,3,-2,-2
315,3,-1,-2
315,3,0,1
316,3,-2,-2
316,3,-1,-2
316,3,1,1
317,3,-2,-2
317,3,-1,-2
317,3,2,1
318,3,-2,-2
318,3,-1,-2
318,3,-2,2
319,3,-2,-2
319,3,-1,-2
319,3,-1,2
320,3,-2,-2
320,3,-1,-2
320,3,0,2
321,3,-2,-2
321,3,-1,-2
321,3,1,2
322,3,-2,-2
322,3,-1,-2
322,3,2,2
323,3,-2,-2
323,3,0,-2
323,3,1,-2
324,3,-2,-2
324,3,0,-2
324,3,2,-2
325,3,-2,-2
325,3,0,-2
325,3,-2,-1
326,3,-2,-2
326,3,0,-2
326,3,-1,-1
327,3,-2,-2
327,3,0,-2
327,3,0,-1
328,3,-2,-2
328,3,0,-2
328,3,1,-1
329,3,-2,-2
329,3,0,-2
329,3,2,-1
330,3,-2,-2
330,3,0,-2
330,3,-2,0
331,3,-2,-2
331,3,0,-2
331,3,-1,0
332,3,-2,-2
332,3,0,-2
332,3,1,0
333,3,-2,-2
333,3,0,-2
333,3,2,0
334,3,-2,-2
334,3,0,-2
334,3,-2,1
335,3,-2,-2
335,3,0,-2
335,3,-1,1
336,3,-2,-2
336,3,0,-2
336,3,0,1
337,3,-2,-2
337,3,0,-2
337,3,1,1
338,3,-2,-2
338,3,0,-2
338,3,2,1
339,3,-2,-2
339,3,0,-2
339,3,-2,2
340,3,-2,-2
340,3,0,-2
340,3,-1,2
341,3,-2,-2
341,3,0,-2
341,3,0,2
342,3,-2,-2
342,3,0,-2
342,3,1,2
343,3,-2,-2
343,3,0,-2
343,3,2,2
344,3,-2,-2
344,3,1,-2
344,3,2,-2
345,3,-2,-2
345,3,1,-2
345,3,-2,-1
346,3,-2,-2
346,3,1,-2
346,3,-1,-1
347,3,-2,-2
347,3,1,-2
347,3,0,-1
348,3,-2,-2
348,3,1,-2
348,3,1,-1
349,3,-2,-2
349,3,1,-2
349,3,2,-1
350,3,-2,-2
350,3,1,-2
350,3,-2,0
351,3,-2,-2
351,3,1,-2
351,3,-1,0
352,3,-2,-2
352,3,1,-2
352,3,1,0
353,3,-2,-2
353,3,1,-2
353,3,2,0
354,3,-2,-2
354,3,1,-2
354,3,-2,1
355,3,-2,-2
355,3,1,-2
355,3,-1,1
356,3,-2,-2
356,3,1,-2
356,3,0,1
357,3,-2,-2
357,3,1,-2
357,3,1,1
358,3,-2,-2
358,3,1,-2
358,3,2,1
359,3,-2,-2
359,3,1,-2
359,3,-2,2
360,3,-2,-2
360,3,1,-2
360,3,-1,2
361,3,-2,-2
361,3,1,-2
361,3,0,2
362,3,-2,-2
362,3,1,-2
362,3,1,2
363,3,-2,-2
363,3,1,-2
363,3,2,2
364,3,-2,-2
364,3,2,-2
364,3,-2,-1
365,3,-2,-2
365,3,2,-2
365,3,-1,-1
366,3,-2,-2
366,3,2,-2
366,3,0,-1
367,3,-2,-2
367,3,2,-2
367,3,1,-1
368,3,-2,-2
368,3,2,-2
368,3,2,-1
369,3,-2,-2
369,3,2,-2
369,3,-2,0
370,3,-2,-2
370,3,2,-2
370,3,-1,0
371,3,-2,-2
371,3,2,-2
371,3,1,0
372,3,-2,-2
372,3,2,-2
372,3,2,0
373,3,-2,-2
373,3,2,-2
373,3,-2,1
374,3,-2,-2
374,3,2,-2
374,3,-1,1
375,3,-2,-2
375,3,2,-2
375,3,0,1
376,3,-2,-2
376,3,2,-2
376,3,1,1
377,3,-2,-2
377,3,2,-2
377,3,2,1
378,3,-2,-2
378,3,2,-2
378,3,-2,2
379,3,-2,-2
379,3,2,-2
379,3,-1,2
380,3,-2,-2
380,3,2,-2
380,3,0,2
381,3,-2,-2
381,3,2,-2
381,3,1,2
382,3,-2,-2
382,3,2,-2
382,3,2,2
383,3,-2,-2
383,3,-2,-1
383,3,-1,-1
384,3,-2,-2
384,3,-2,-1
384,3,0,-1
385,3,-2,-2
385,3,-2,-1
385,3,1,-1
386,3,-2,-2
386,3,-2,-1
386,3,2,-1
387,3,-2,-2
387,3,-2,-1
387,3,-2,0
388,3,-2,-2
388,3,-2,-1
388,3,-1,0
389,3,-2,-2
389,3,-2,-1
389,3,1,0
390,3,-2,-2
390,3,-2,-1
390,3,2,0
391,3,-2,-2
391,3,-2,-1
391,3,-2,1
392,3,-2,-2
392,3,-2,-1
392,3,-1,1
393,3,-2,-2
393,3,-2,-1
393,3,0,1
394,3,-2,-2
394,3,-2,-1
394,3,1,1
395,3,-2,-2
395,3,-2,-1
395,3,2,1
396,3,-2,-2
396,3,-2,-1
396,3,-2,2
397,3,-2,-2
397,3,-2,-1
397,3,-1,2
398,3,-2,-2
398,3,-2,-1
398,3,0,2
399,3,-2,-2
399,3,-2,-1
399,3,1,2
400,3,-2,-2
400,3,-2,-1
400,3,2,2
401,3,-2,-2
401,3,-1,-1
401,3,0,-1
402,3,-2,-2
402,3,-1,-1
402,3,1,-1
403,3,-2,-2
403,3,-1,-1
403,3,2,-1
404,3,-2,-2
404,3,-1,-1
404,3,-2,0
405,3,-2,-2
405,3,-1,-1
405,3,-1,0
406,3,-2,-2
406,3,-1,-1
406,3,1,0
407,3,-2,-2
407,3,-1,-1
407,3,2,0
408,3,-2,-2
408,3,-1,-1
408,3,-2,1
409,3,-2,-2
409,3,-1,-1
409,3,-1,1
410,3,-2,-2
410,3,-1,-1
410,3,0,1
411,3,-2,-2
411,3,-1,-1
411,3,1,1
412,3,-2,-2
412,3,-1,-1
412,3,2,1
413,3,-2,-2
413,3,-1,-1
413,3,-2,2
414,3,-2,-2
414,3,-1,-1
414,3,-1,2
415,3,-2,-2
415,3,-1,-1
415,3,0,2
416,3,-2,-2
416,3,-1,-1
416,3,1,2
417,3,-2,-2
417,3,-1,-1
417,3,2,2
418,3,-2,-2
418,3,0,-1
418,3,1,-1
419,3,-2,-2
419,3,0,-1
419,3,2,-1
420,3,-2,-2
420,3,0,-1
420,3,-2,0
421,3,-2,-2
421,3,0,-1
421,3,-1,0
422,3,-2,-2
422,3,0,-1
422,3,1,0
423,3,-2,-2
423,3,0,-1
423,3,2,0
424,3,-2,-2
424,3,0,-1
424,3,-2,1
425,3,-2,-2
425,3,0,-1
425,3,-1,1
426,3,-2,-2
426,3,0,-1
426,3,0,1
427,3,-2,-2
427,3,0,-1
427,3,1,1
428,3,-2,-2
428,3,0,-1
428,3,2,1
429,3,-2,-2
429,3,0,-1
429,3,-2,2
430,3,-2,-2
430,3,0,-1
430,3,-1,2
431,3,-2,-2
431,3,0,-1
431,3,0,2
432,3,-2,-2
432,3,0,-1
432,3,1,2
433,3,-2,-2
433,3,0,-1
433,3,2,2
434,3,-2,-2
434,3,1,-1
434,3,2,-1
435,3,-2,-2
435,3,1,-1
435,3,-2,0
436,3,-2,-2
436,3,1,-1
436,3,-1,0
437,3,-2,-2
437,3,1,-1
437,3,1,0
438,3,-2,-2
438,3,1,-1
438,3,2,0
439,3,-2,-2
439,3,1,-1
439,3,-2,1
440,3,-2,-2
440,3,1,-1
440,3,-1,1
441,3,-2,-2
441,3,1,-1
441,3,0,1
442,3,-2,-2
442,3,1,-1
442,3,1,1
443,3,-2,-2
443,3,1,-1
443,3,2,1
444,3,-2,-2
444,3,1,-1
444,3,-2,2
445,3,-2,-2
445,3,1,-1
445,3,-1,2
446,3,-2,-2
446,3,1,-1
446,3,0,2
447,3,-2,-2
447,3,1,-1
447,3,1,2
448,3,-2,-2
448,3,1,-1
448,3,2,2
449,3,-2,-2
449,3,2,-1
449,3,-2,0
450,3,-2,-2
450,3,2,-1
450,3,-1,0
451,3,-2,-2
451,3,2,-1
451,3,1,0
452,3,-2,-2
452,3,2,-1
452,3,2,0
453,3,-2,-2
453,3,2,-1
453,3,-2,1
454,3,-2,-2
454,3,2,-1
454,3,-1,1
455,3,-2,-2
455,3,2,-1
455,3,0,1
456,3,-2,-2
456,3,2,-1
456,3,1,1
457,3,-2,-2
457,3,2,-1
457,3,2,1
458,3,-2,-2
458,3,2,-1
458,3,-2,2
459,3,-2,-2
459,3,2,-1
459,3,-1,2
460,3,-2,-2
460,3,2,-1
460,3,0,2
461,3,-2,-2
461,3,2,-1
461,3,1,2
462,3,-2,-2
462,3,2,-1
462,3,2,2
463,3,-2,-2
463,3,-2,0
463,3,-1,0
464,3,-2,-2
464,3,-2,0
464,3,1,0
465,3,-2,-2
465,3,-2,0
465,3,2,0
466,3,-2,-2
466,3,-2,0
466,3,-2,1
467,3,-2,-2
467,3,-2,0
467,3,-1,1
468,3,-2,-2
468,3,-2,0
468,3,0,1
469,3,-2,-2
469,3,-2,0
469,3,1,1
470,3,-2,-2
470,3,-2,0
470,3,2,1
471,3,-2,-2
471,3,-2,0
471,3,-2,2
472,3,-2,-2
472,3,-2,0
472,3,-1,2
473,3,-2,-2
473,3,-2,0
473,3,0,2
474,3,-2,-2
474,3,-2,0
474,3,1,2
475,3,-2,-2
475,3,-2,0
475,3,2,2
476,3,-2,-2
476,3,-1,0
476,3,1,0
477,3,-2,-2
477,3,-1,0
477,3,2,0
478,3,-2,-2
478,3,-1,0
478,3,-2,1
479,3,-2,-2
479,3,-1,0
479,3,-1,1
480,3,-2,-2
480,3,-1,0
480,3,0,1
481,3,-2,-2
481,3,-1,0
481,3,1,1
482,3,-2,-2
482,3,-1,0
482,3,2,1
483,3,-2,-2
483,3,-1,0
483,3,-2,2
484,3,-2,-2
484,3,-1,0
484,3,-1,2
485,3,-2,-2
485,3,-1,0
485,3,0,2
486,3,-2,-2
486,3,-1,0
486,3,1,2
487,3,-2,-2
487,3,-1,0
487,3,2,2
488,3,-2,-2
488,3,1,0
488,3,2,0
489,3,-2,-2
489,3,1,0
489,3,-2,1
490,3,-2,-2
490,3,1,0
490,3,-1,1
491,3,-2,-2
491,3,1,0
491,3,0,1
492,3,-2,-2
492,3,1,0
492,3,1,1
493,3,-2,-2
493,3,1,0
493,3,2,1
494,3,-2,-2
494,3,1,0
494,3,-2,2
495,3,-2,-2
495,3,1,0
495,3,-1,2
496,3,-2,-2
496,3,1,0
496,3,0,2
497,3,-2,-2
497,3,1,0
497,3,1,2
498,3,-2,-2
498,3,1,0
498,3,2,2
499,3,-2,-2
499,3,2,0
499,3,-2,1
500,3,-2,-2
500,3,2,0
500,3,-1,1
501,3,-2,-2
501,3,2,0
501,3,0,1
502,3,-2,-2
502,3,2,0
502,3,1,1
503,3,-2,-2
503,3,2,0
503,3,2,1
504,3,-2,-2
504,3,2,0
504,3,-2,2
505,3,-2,-2
505,3,2,0
505,3,-1,2
506,3,-2,-2
506,3,2,0
506,3,0,2
507,3,-2,-2
507,3,2,0
507,3,1,2
508,3,-2,-2
508,3,2,0
508,3,2,2
509,3,-2,-2
509,3,-2,1
509,3,-1,1
510,3,-2,-2
510,3,-2,1
510,3,0,1
511,3,-2,-2
511,3,-2,1
511,3,1,1
512,3,-2,-2
512,3,-2,1
512,3,2,1
513,3,-2,-2
513,3,-2,1
513,3,-2,2
514,3,-2,-2
514,3,-2,1
514,3,-1,2
515,3,-2,-2
515,3,-2,1
515,3,0,2
516,3,-2,-2
516,3,-2,1
516,3,1,2
517,3,-2,-2
517,3,-2,1
517,3,2,2
518,3,-2,-2
518,3,-1,1
518,3,0,1
519,3,-2,-2
519,3,-1,1
519,3,1,1
520,3,-2,-2
520,3,-1,1
520,3,2,1
521,3,-2,-2
521,3,-1,1
521,3,-2,2
522,3,-2,-2
522,3,-1,1
522,3,-1,2
523,3,-2,-2
523,3,-1,1
523,3,0,2
524,3,-2,-2
524,3,-1,1
524,3,1,2
525,3,-2,-2
525,3,-1,1
525,3,2,2
526,3,-2,-2
526,3,0,1
526,3,1,1
527,3,-2,-2
527,3,0,1
527,3,2,1
528,3,-2,-2
528,3,0,1
528,3,-2,2
529,3,-2,-2
529,3,0,1
529,3,-1,2
530,3,-2,-2
530,3,0,1
530,3,0,2
531,3,-2,-2
531,3,0,1
531,3,1,2
532,3,-2,-2
532,3,0,1
532,3,2,2
533,3,-2,-2
533,3,1,1
533,3,2,1
534,3,-2,-2
534,3,1,1
534,3,-2,2
535,3,-2,-2
535,3,1,1
535,3,-1,2
536,3,-2,-2
536,3,1,1
536,3,0,2
537,3,-2,-2
537,3,1,1
537,3,1,2
538,3,-2,-2
538,3,1,1
538,3,2,2
539,3,-2,-2
539,3,2,1
539,3,-2,2
540,3,-2,-2
540,3,2,1
540,3,-1,2
541,3,-2,-2
541,3,2,1
541,3,0,2
542,3,-2,-2
542,3,2,1
542,3,1,2
543,3,-2,-2
543,3,2,1
543,3,2,2
544,3,-2,-2
544,3,-2,2
544,3,-1,2
545,3,-2,-2
545,3,-2,2
545,3,0,2
546,3,-2,-2
546,3,-2,2
546,3,1,2
547,3,-2,-2
547,3,-2,2
547,3,2,2
548,3,-2,-2
548,3,-1,2
548,3,0,2
549,3,-2,-2
549,3,-1,2
549,3,1,2
550,3,-2,-2
550,3,-1,2
550,3,2,2
551,3,-2,-2
551,3,0,2
551,3,1,2
552,3,-2,-2
552,3,0,2
552,3,2,2
553,3,-2,-2
553,3,1,2
553,3,2,2
554,3,-1,-2
554,3,0,-2
554,3,1,-2
555,3,-1,-2
555,3,0,-2
555,3,2,-2
556,3,-1,-2
556,3,0,-2
556,3,-2,-1
557,3,-1,-2
557,3,0,-2
557,3,-1,-1
558,3,-1,-2
558,3,0,-2
558,3,0,-1
559,3,-1,-2
559,3,0,-2
559,3,1,-1
560,3,-1,-2
560,3,0,-2
560,3,2,-1
561,3,-1,-2
561,3,0,-2
561,3,-2,0
562,3,-1,-2
562,3,0,-2
562,3,-1,0
563,3,-1,-2
563,3,0,-2
563,3,1,0
564,3,-1,-2
564,3,0,-2
564,3,2,0
565,3,-1,-2
565,3,0,-2
565,3,-2,1
566,3,-1,-2
566,3,0,-2
566,3,-1,1
567,3,-1,-2
567,3,0,-2
567,3,0,1
568,3,-1,-2
568,3,0,-2
568,3,1,1
569,3,-1,-2
569,3,0,-2
569,3,2,1
570,3,-1,-2
570,3,0,-2
570,3,-2,2
571,3,-1,-2
571,3,0,-2
571,3,-1,2
572,3,-1,-2
572,3,0,-2
572,3,0,2
573,3,-1,-2
573,3,0,-2
573,3,1,2
574,3,-1,-2
574,3,0,-2
574,3,2,2
575,3,-1,-2
575,3,1,-2
575,3,2,-2
576,3,-1,-2
576,3,1,-2
576,3,-2,-1
577,3,-1,-2
577,3,1,-2
577,3,-1,-1
578,3,-1,-2
578,3,1,-2
578,3,0,-1
579,3,-1,-2
579,3,1,-2
579,3,1,-1
580,3,-1,-2
580,3,1,-2
580,3,2,-1
581,3,-1,-2
581,3,1,-2
581,3,-2,0
582,3,-1,-2
582,3,1,-2
582,3,-1,0
583,3,-1,-2
583,3,1,-2
583,3,1,0
584,3,-1,-2
584,3,1,-2
584,3,2,0
585,3,-1,-2
585,3,1,-2
585,3,-2,1
586,3,-1,-2
586,3,1,-2
586,3,-1,1
587,3,-1,-2
587,3,1,-2
587,3,0,1
588,3,-1,-2
588,3,1,-2
588,3,1,1
589,3,-1,-2
589,3,1,-2
589,3,2,1
590,3,-1,-2
590,3,1,-2
590,3,-2,2
591,3,-1,-2
591,3,1,-2
591,3,-1,2
592,3,-1,-2
592,3,1,-2
592,3,0,2
593,3,-1,-2
593,3,1,-2
593,3,1,2
594,3,-1,-2
594,3,1,-2
594,3,2,2
595,3,-1,-2
595,3,2,-2
595,3,-2,-1
596,3,-1,-2
596,3,2,-2
596,3,-1,-1
597,3,-1,-2
597,3,2,-2
597,3,0,-1
598,3,-1,-2
598,3,2,-2
598,3,1,-1
599,3,-1,-2
599,3,2,-2
599,3,2,-1
600,3,-1,-2
600,3,2,-2
600,3,-2,0
601,3,-1,-2
601,3,2,-2
601,3,-1,0
602,3,-1,-2
602,3,2,-2
602,3,1,0
603,3,-1,-2
603,3,2,-2
603,3,2,0
604,3,-1,-2
604,3,2,-2
604,3,-2,1
605,3,-1,-2
605,3,2,-2
605,3,-1,1
606,3,-1,-2
606,3,2,-2
606,3,0,1
607,3,-1,-2
607,3,2,-2
607,3,1,1
608,3,-1,-2
608,3,2,-2
608,3,2,1
609,3,-1,-2
609,3,2,-2
609,3,-2,2
610,3,-1,-2
610,3,2,-2
610,3,-1,2
611,3,-1,-2
611,3,2,-2
611,3,0,2
612,3,-1,-2
612,3,2,-2
612,3,1,2
613,3,-1,-2
613,3,2,-2
613,3,2,2
614,3,-1,-2
614,3,-2,-1
614,3,-1,-1
615,3,-1,-2
615,3,-2,-1
615,3,0,-1
616,3,-1,-2
616,3,-2,-1
616,3,1,-1
617,3,-1,-2
617,3,-2,-1
617,3,2,-1
618,3,-1,-2
618,3,-2,-1
618,3,-2,0
619,3,-1,-2
619,3,-2,-1
619,3,-1,0
620,3,-1,-2
620,3,-2,-1
620,3,1,0
621,3,-1,-2
621,3,-2,-1
621,3,2,0
622,3,-1,-2
622,3,-2,-1
622,3,-2,1
623,3,-1,-2
623,3,-2,-1
623,3,-1,1
624,3,-1,-2
624,3,-2,-1
624,3,0,1
625,3,-1,-2
625,3,-2,-1
625,3,1,1
626,3,-1,-2
626,3,-2,-1
626,3,2,1
627,3,-1,-2
627,3,-2,-1
627,3,-2,2
628,3,-1,-2
628,3,-2,-1
628,3,-1,2
629,3,-1,-2
629,3,-2,-1
629,3,0,2
630,3,-1,-2
630,3,-2,-1
630,3,1,2
631,3,-1,-2
631,3,-2,-1
631,3,2,2
632,3,-1,-2
632,3,-1,-1
632,3,0,-1
633,3,-1,-2
633,3,-1,-1
633,3,1,-1
634,3,-1,-2
634,3,-1,-1
634,3,2,-1
635,3,-1,-2
635,3,-1,-1
635,3,-2,0
636,3,-1,-2
636,3,-1,-1
636,3,-1,0
637,3,-1,-2
637,3,-1,-1
637,3,1,0
638,3,-1,-2
638,3,-1,-1
638,3,2,0
639,3,-1,-2
639,3,-1,-1
639,3,-2,1
640,3,-1,-2
640,3,-1,-1
640,3,-1,1
641,3,-1,-2
641,3,-1,-1
641,3,0,1
642,3,-1,-2
642,3,-1,-1
642,3,1,1
643,3,-1,-2
643,3,-1,-1
643,3,2,1
644,3,-1,-2
644,3,-1,-1
644,3,-2,2
645,3,-1,-2
645,3,-1,-1
645,3,-1,2
646,3,-1,-2
646,3,-1,-1
646,3,0,2
647,3,-1,-2
647,3,-1,-1
647,3,1,2
648,3,-1,-2
648,3,-1,-1
648,3,2,2
649,3,-1,-2
649,3,0,-1
649,3,1,-1
650,3,-1,-2
650,3,0,-1
650,3,2,-1
651,3,-1,-2
651,3,0,-1
651,3,-2,0
652,3,-1,-2
652,3,0,-1
652,3,-1,0
653,3,-1,-2
653,3,0,-1
653,3,1,0
654,3,-1,-2
654,3,0,-1
654,3,2,0
655,3,-1,-2
655,3,0,-1
655,3,-2,1
656,3,-1,-2
656,3,0,-1
656,3,-1,1
657,3,-1,-2
657,3,0,-1
657,3,0,1
658,3,-1,-2
658,3,0,-1
658,3,1,1
659,3,-1,-2
659,3,0,-1
659,3,2,1
660,3,-1,-2
660,3,0,-1
660,3,-2,2
661,3,-1,-2
661,3,0,-1
661,3,-1,2
662,3,-1,-2
662,3,0,-1
662,3,0,2
663,3,-1,-2
663,3,0,-1
663,3,1,2
664,3,-1,-2
664,3,0,-1
664,3,2,2
665,3,-1,-2
665,3,1,-1
665,3,2,-1
666,3,-1,-2
666,3,1,-1
666,3,-2,0
667,3,-1,-2
667,3,1,-1
667,3,-1,0
668,3,-1,-2
668,3,1,-1
668,3,1,0
669,3,-1,-2
669,3,1,-1
669,3,2,0
670,3,-1,-2
670,3,1,-1
670,3,-2,1
671,3,-1,-2
671,3,1,-1
671,3,-1,1
672,3,-1,-2
672,3,1,-1
672,3,0,1
673,3,-1,-2
673,3,1,-1
673,3,1,1
674,3,-1,-2
674,3,1,-1
674,3,2,1
675,3,-1,-2
675,3,1,-1
675,3,-2,2
676,3,-1,-2
676,3,1,-1
676,3,-1,2
677,3,-1,-2
677,3,1,-1
677,3,0,2
678,3,-1,-2
678,3,1,-1
678,3,1,2
679,3,-1,-2
679,3,1,-1
679,3,2,2
680,3,-1,-2
680,3,2,-1
680,3,-2,0
681,3,-1,-2
681,3,2,-1
681,3,-1,0
682,3,-1,-2
682,3,2,-1
682,3,1,0
683,3,-1,-2
683,3,2,-1
683,3,2,0
684,3,-1,-2
684,3,2,-1
684,3,-2,1
685,3,-1,-2
685,3,2,-1
685,3,-1,1
686,3,-1,-2
686,3,2,-1
686,3,0,1
687,3,-1,-2
687,3,2,-1
687,3,1,1
688,3,-1,-2
688,3,2,-1
688,3,2,1
689,3,-1,-2
689,3,2,-1
689,3,-2,2
690,3,-1,-2
690,3,2,-1
690,3,-1,2
691,3,-1,-2
691,3,2,-1
691,3,0,2
692,3,-1,-2
692,3,2,-1
692,3,1,2
693,3,-1,-2
693,3,2,-1
693,3,2,2
694,3,-1,-2
694,3,-2,0
694,3,-1,0
695,3,-1,-2
695,3,-2,0
695,3,1,0
696,3,-1,-2
696,3,-2,0
696,3,2,0
697,3,-1,-2
697,3,-2,0
697,3,-2,1
698,3,-1,-2
698,3,-2,0
698,3,-1,1
699,3,-1,-2
699,3,-2,0
699,3,0,1
700,3,-1,-2
700,3,-2,0
700,3,1,1
701,3,-1,-2
701,3,-2,0
701,3,2,1
702,3,-1,-2
702,3,-2,0
702,3,-2,2
703,3,-1,-2
703,3,-2,0
703,3,-1,2
704,3,-1,-2
704,3,-2,0
704,3,0,2
705,3,-1,-2
705,3,-2,0
705,3,1,2
706,3,-1,-2
706,3,-2,0
706,3,2,2
707,3,-1,-2
707,3,-1,0
707,3,1,0
708,3,-1,-2
708,3,-1,0
708,3,2,0
709,3,-1,-2
709,3,-1,0
709,3,-2,1
710,3,-1,-2
710,3,-1,0
710,3,-1,1
711,3,-1,-2
711,3,-1,0
711,3,0,1
712,3,-1,-2
712,3,-1,0
712,3,1,1
713,3,-1,-2
713,3,-1,0
713,3,2,1
714,3,-1,-2
714,3,-1,0
714,3,-2,2
715,3,-1,-2
715,3,-1,0
715,3,-1,2
716,3,-1,-2
716,3,-1,0
716,3,0,2
717,3,-1,-2
717,3,-1,0
717,3,1,2
718,3,-1,-2
718,3,-1,0
718,3,2,2
719,3,-1,-2
719,3,1,0
719,3,2,0
720,3,-1,-2
720,3,1,0
720,3,-2,1
721,3,-1,-2
721,3,1,0
721,3,-1,1
722,3,-1,-2
722,3,1,0
722,3,0,1
723,3,-1,-2
723,3,1,0
723,3,1,1
724,3,-1,-2
724,3,1,0
724,3,2,1
725,3,-1,-2
725,3,1,0
725,3,-2,2
726,3,-1,-2
726,3,1,0
726,3,-1,2
727,3,-1,-2
727,3,1,0
727,3,0,2
728,3,-1,-2
728,3,1,0
728,3,1,2
729,3,-1,-2
729,3,1,0
729,3,2,2
730,3,-1,-2
730,3,2,0
730,3,-2,1
731,3,-1,-2
731,3,2,0
731,3,-1,1
732,3,-1,-2
732,3,2,0
732,3,0,1
733,3,-1,-2
733,3,2,0
733,3,1,1
734,3,-1,-2
734,3,2,0
734,3,2,1
735,3,-1,-2
735,3,2,0
735,3,-2,2
736,3,-1,-2
736,3,2,0
736,3,-1,2
737,3,-1,-2
737,3,2,0
737,3,0,2
738,3,-1,-2
738,3,2,0
738,3,1,2
739,3,-1,-2
739,3,2,0
739,3,2,2
740,3,-1,-2
740,3,-2,1
740,3,-1,1
741,3,-1,-2
741,3,-2,1
741,3,0,1
742,3,-1,-2
742,3,-2,1
742,3,1,1
743,3,-1,-2
743,3,-2,1
743,3,2,1
744,3,-1,-2
744,3,-2,1
744,3,-2,2
745,3,-1,-2
745,3,-2,1
745,3,-1,2
746,3,-1,-2
746,3,-2,1
746,3,0,2
747,3,-1,-2
747,3,-2,1
747,3,1,2
748,3,-1,-2
748,3,-2,1
748,3,2,2
749,3,-1,-2
749,3,-1,1
749,3,0,1
750,3,-1,-2
750,3,-1,1
750,3,1,1
751,3,-1,-2
751,3,-1,1
751,3,2,1
752,3,-1,-2
752,3,-1,1
752,3,-2,2
753,3,-1,-2
753,3,-1,1
753,3,-1,2
754,3,-1,-2
754,3,-1,1
754,3,0,2
755,3,-1,-2
755,3,-1,1
755,3,1,2
756,3,-1,-2
756,3,-1,1
756,3,2,2
757,3,-1,-2
757,3,0,1
757,3,1,1
758,3,-1,-2
758,3,0,1
758,3,2,1
759,3,-1,-2
759,3,0,1
759,3,-2,2
760,3,-1,-2
760,3,0,1
760,3,-1,2
761,3,-1,-2
761,3,0,1
761,3,0,2
762,3,-1,-2
762,3,0,1
762,3,1,2
763,3,-1,-2
763,3,0,1
763,3,2,2
764,3,-1,-2
764,3,1,1
764,3,2,1
765,3,-1,-2
765,3,1,1
765,3,-2,2
766,3,-1,-2
766,3,1,1
766,3,-1,2
767,3,-1,-2
767,3,1,1
767,3,0,2
768,3,-1,-2
768,3,1,1
768,3,1,2
769,3,-1,-2
769,3,1,1
769,3,2,2
770,3,-1,-2
770,3,2,1
770,3,-2,2
771,3,-1,-2
771,3,2,1
771,3,-1,2
772,3,-1,-2
772,3,2,1
772,3,0,2
773,3,-1,-2
773,3,2,1
773,3,1,2
774,3,-1,-2
774,3,2,1
774,3,2,2
775,3,-1,-2
775,3,-2,2
775,3,-1,2
776,3,-1,-2
776,3,-2,2
776,3,0,2
777,3,-1,-2
777,3,-2,2
777,3,1,2
778,3,-1,-2
778,3,-2,2
778,3,2,2
779,3,-1,-2
779,3,-1,2
779,3,0,2
780,3,-1,-2
780,3,-1,2
780,3,1,2
781,3,-1,-2
781,3,-1,2
781,3,2,2
782,3,-1,-2
782,3,0,2
782,3,1,2
783,3,-1,-2
783,3,0,2
783,3,2,2
784,3,-1,-2
784,3,1,2
784,3,2,2
785,3,0,-2
785,3,1,-2
785,3,2,-2
786,3,0,-2
786,3,1,-2
786,3,-2,-1
787,3,0,-2
787,3,1,-2
787,3,-1,-1
788,3,0,-2
788,3,1,-2
788,3,0,-1
789,3,0,-2
789,3,1,-2
789,3,1,-1
790,3,0,-2
790,3,1,-2
790,3,2,-1
791,3,0,-2
791,3,1,-2
791,3,-2,0
792,3,0,-2
792,3,1,-2
792,3,-1,0
793,3,0,-2
793,3,1,-2
793,3,1,0
794,3,0,-2
794,3,1,-2
794,3,2,0
795,3,0,-2
795,3,1,-2
795,3,-2,1
796,3,0,-2
796,3,1,-2
796,3,-1,1
797,3,0,-2
797,3,1,-2
797,3,0,1
798,3,0,-2
798,3,1,-2
798,3,1,1
799,3,0,-2
799,3,1,-2
799,3,2,1
800,3,0,-2
800,3,1,-2
800,3,-2,2
801,3,0,-2
801,3,1,-2
801,3,-1,2
802,3,0,-2
802,3,1,-2
802,3,0,2
803,3,0,-2
803,3,1,-2
803,3,1,2
804,3,0,-2
804,3,1,-2
804,3,2,2
805,3,0,-2
805,3,2,-2
805,3,-2,-1
806,3,0,-2
806,3,2,-2
806,3,-1,-1
807,3,0,-2
807,3,2,-2
807,3,0,-1
808,3,0,-2
808,3,2,-2
808,3,1,-1
809,3,0,-2
809,3,2,-2
809,3,2,-1
810,3,0,-2
810,3,2,-2
810,3,-2,0
811,3,0,-2
811,3,2,-2
811,3,-1,0
812,3,0,-2
812,3,2,-2
812,3,1,0
813,3,0,-2
813,3,2,-2
813,3,2,0
814,3,0,-2
814,3,2,-2
814,3,-2,1
815,3,0,-2
815,3,2,-2
815,3,-1,1
816,3,0,-2
816,3,2,-2
816,3,0,1
817,3,0,-2
817,3,2,-2
817,3,1,1
818,3,0,-2
818,3,2,-2
818,3,2,1
819,3,0,-2
819,3,2,-2
819,3,-2,2
820,3,0,-2
820,3,2,-2
820,3,-1,2
821,3,0,-2
821,3,2,-2
821,3,0,2
822,3,0,-2
822,3,2,-2
822,3,1,2
823,3,0,-2
823,3,2,-2
823,3,2,2
824,3,0,-2
824,3,-2,-1
824,3,-1,-1
825,3,0,-2
825,3,-2,-1
825,3,0,-1
826,3,0,-2
826,3,-2,-1
826,3,1,-1
827,3,0,-2
827,3,-2,-1
827,3,2,-1
828,3,0,-2
828,3,-2,-1
828,3,-2,0
829,3,0,-2
829,3,-2,-1
829,3,-1,0
830,3,0,-2
830,3,-2,-1
830,3,1,0
831,3,0,-2
831,3,-2,-1
831,3,2,0
832,3,0,-2
832,3,-2,-1
832,3,-2,1
833,3,0,-2
833,3,-2,-1
833,3,-1,1
834,3,0,-2
834,3,-2,-1
834,3,0,1
835,3,0,-2
835,3,-2,-1
835,3,1,1
836,3,0,-2
836,3,-2,-1
836,3,2,1
837,3,0,-2
837,3,-2,-1
837,3,-2,2
838,3,0,-2
838,3,-2,-1
838,3,-1,2
839,3,0,-2
839,3,-2,-1
839,3,0,2
840,3,0,-2
840,3,-2,-1
840,3,1,2
841,3,0,-2
841,3,-2,-1
841,3,2,2
842,3,0,-2
842,3,-1,-1
842,3,0,-1
843,3,0,-2
843,3,-1,-1
843,3,1,-1
844,3,0,-2
844,3,-1,-1
844,3,2,-1
845,3,0,-2
845,3,-1,-1
845,3,-2,0
846,3,0,-2
846,3,-1,-1
846,3,-1,0
847,3,0,-2
847,3,-1,-1
847,3,1,0
848,3,0,-2
848,3,-1,-1
848,3,2,0
849,3,0,-2
849,3,-1,-1
849,3,-2,1
850,3,0,-2
850,3,-1,-1
850,3,-1,1
851,3,0,-2
851,3,-1,-1
851,3,0,1
852,3,0,-2
852,3,-1,-1
852,3,1,1
853,3,0,-2
853,3,-1,-1
853,3,2,1
854,3,0,-2
854,3,-1,-1
854,3,-2,2
855,3,0,-2
855,3,-1,-1
855,3,-1,2
856,3,0,-2
856,3,-1,-1
856,3,0,2
857,3,0,-2
857,3,-1,-1
857,3,1,2
858,3,0,-2
858,3,-1,-1
858,3,2,2
859,3,0,-2
859,3,0,-1
859,3,1,-1
860,3,0,-2
860,3,0,-1
860,3,2,-1
861,3,0,-2
861,3,0,-1
861,3,-2,0
862,3,0,-2
862,3,0,-1
862,3,-1,0
863,3,0,-2
863,3,0,-1
863,3,1,0
864,3,0,-2
864,3,0,-1
864,3,2,0
865,3,0,-2
865,3,0,-1
865,3,-2,1
866,3,0,-2
866,3,0,-1
866,3,-1,1
867,3,0,-2
867,3,0,-1
867,3,0,1
868,3,0,-2
868,3,0,-1
868,3,1,1
869,3,0,-2
869,3,0,-1
869,3,2,1
870,3,0,-2
870,3,0,-1
870,3,-2,2
871,3,0,-2
871,3,0,-1
871,3,-1,2
872,3,0,-2
872,3,0,-1
872,3,0,2
873,3,0,-2
873,3,0,-1
873,3,1,2
874,3,0,-2
874,3,0,-1
874,3,2,2
875,3,0,-2
875,3,1,-1
875,3,2,-1
876,3,0,-2
876,3,1,-1
876,3,-2,0
877,3,0,-2
877,3,1,-1
877,3,-1,0
878,3,0,-2
878,3,1,-1
878,3,1,0
879,3,0,-2
879,3,1,-1
879,3,2,0
880,3,0,-2
880,3,1,-1
880,3,-2,1
881,3,0,-2
881,3,1,-1
881,3,-1,1
882,3,0,-2
882,3,1,-1
882,3,0,1
883,3,0,-2
883,3,1,-1
883,3,1,1
884,3,0,-2
884,3,1,-1
884,3,2,1
885,3,0,-2
885,3,1,-1
885,3,-2,2
886,3,0,-2
886,3,1,-1
886,3,-1,2
887,3,0,-2
887,3,1,-1
887,3,0,2
888,3,0,-2
888,3,1,-1
888,3,1,2
889,3,0,-2
889,3,1,-1
889,3,2,2
890,3,0,-2
890,3,2,-1
890,3,-2,0
891,3,0,-2
891,3,2,-1
891,3,-1,0
892,3,0,-2
892,3,2,-1
892,3,1,0
893,3,0,-2
893,3,2,-1
893,3,2,0
894,3,0,-2
894,3,2,-1
894,3,-2,1
895,3,0,-2
895,3,2,-1
895,3,-1,1
896,3,0,-2
896,3,2,-1
896,3,0,1
897,3,0,-2
897,3,2,-1
897,3,1,1
898,3,0,-2
898,3,2,-1
898,3,2,1
899,3,0,-2
899,3,2,-1
899,3,-2,2
900,3,0,-2
900,3,2,-1
900,3,-1,2
901,3,0,-2
901,3,2,-1
901,3,0,2
902,3,0,-2
902,3,2,-1
902,3,1,2
903,3,0,-2
903,3,2,-1
903,3,2,2
904,3,0,-2
904,3,-2,0
904,3,-1,0
905,3,0,-2
905,3,-2,0
905,3,1,0
906,3,0,-2
906,3,-2,0
906,3,2,0
907,3,0,-2
907,3,-2,0
907,3,-2,1
908,3,0,-2
908,3,-2,0
908,3,-1,1
909,3,0,-2
909,3,-2,0
909,3,0,1
910,3,0,-2
910,3,-2,0
910,3,1,1
911,3,0,-2
911,3,-2,0
911,3,2,1
912,3,0,-2
912,3,-2,0
912,3,-2,2
913,3,0,-2
913,3,-2,0
913,3,-1,2
914,3,0,-2
914,3,-2,0
914,3,0,2
915,3,0,-2
915,3,-2,0
915,3,1,2
916,3,0,-2
916,3,-2,0
916,3,2,2
917,3,0,-2
917,3,-1,0
917,3,1,0
918,3,0,-2
918,3,-1,0
918,3,2,0
919,3,0,-2
919,3,-1,0
919,3,-2,1
920,3,0,-2
920,3,-1,0
920,3,-1,1
921,3,0,-2
921,3,-1,0
921,3,0,1
922,3,0,-2
922,3,-1,0
922,3,1,1
923,3,0,-2
923,3,-1,0
923,3,2,1
924,3,0,-2
924,3,-1,0
924,3,-2,2
925,3,0,-2
925,3,-1,0
925,3,-1,2
926,3,0,-2
926,3,-1,0
926,3,0,2
927,3,0,-2
927,3,-1,0
927,3,1,2
928,3,0,-2
928,3,-1,0
928,3,2,2
929,3,0,-2
929,3,1,0
929,3,2,0
930,3,0,-2
930,3,1,0
930,3,-2,1
931,3,0,-2
931,3,1,0
931,3,-1,1
932,3,0,-2
932,3,1,0
932,3,0,1
933,3,0,-2
933,3,1,0
933,3,1,1
934,3,0,-2
934,3,1,0
934,3,2,1
935,3,0,-2
935,3,1,0
935,3,-2,2
936,3,0,-2
936,3,1,0
936,3,-1,2
937,3,0,-2
937,3,1,0
937,3,0,2
938,3,0,-2
938,3,1,0
938,3,1,2
939,3,0,-2
939,3,1,0
939,3,2,2
940,3,0,-2
940,3,2,0
940,3,-2,1
941,3,0,-2
941,3,2,0
941,3,-1,1
942,3,0,-2
942,3,2,0
942,3,0,1
943,3,0,-2
943,3,2,0
943,3,1,1
944,3,0,-2
944,3,2,0
944,3,2,1
945,3,0,-2
945,3,2,0
945,3,-2,2
946,3,0,-2
946,3,2,0
946,3,-1,2
947,3,0,-2
947,3,2,0
947,3,0,2
948,3,0,-2
948,3,2,0
948,3,1,2
949,3,0,-2
949,3,2,0
949,3,2,2
950,3,0,-2
950,3,-2,1
950,3,-1,1
951,3,0,-2
951,3,-2,1
951,3,0,1
952,3,0,-2
952,3,-2,1
952,3,1,1
953,3,0,-2
953,3,-2,1
953,3,2,1
954,3,0,-2
954,3,-2,1
954,3,-2,2
955,3,0,-2
955,3,-2,1
955,3,-1,2
956,3,0,-2
956,3,-2,1
956,3,0,2
957,3,0,-2
957,3,-2,1
957,3,1,2
958,3,0,-2
958,3,-2,1
958,3,2,2
959,3,0,-2
959,3,-1,1
959,3,0,1
960,3,0,-2
960,3,-1,1
960,3,1,1
961,3,0,-2
961,3,-1,1
961,3,2,1
962,3,0,-2
962,3,-1,1
962,3,-2,2
963,3,0,-2
963,3,-1,1
963,3,-1,2
964,3,0,-2
964,3,-1,1
964,3,0,2
965,3,0,-2
965,3,-1,1
965,3,1,2
966,3,0,-2
966,3,-1,1
966,3,2,2
967,3,0,-2
967,3,0,1
967,3,1,1
968,3,0,-2
968,3,0,1
968,3,2,1
969,3,0,-2
969,3,0,1
969,3,-2,2
970,3,0,-2
970,3,0,1
970,3,-1,2
971,3,0,-2
971,3,0,1
971,3,0,2
972,3,0,-2
972,3,0,1
972,3,1,2
973,3,0,-2
973,3,0,1
973,3,2,2
974,3,0,-2
974,3,1,1
974,3,2,1
975,3,0,-2
975,3,1,1
975,3,-2,2
976,3,0,-2
976,3,1,1
976,3,-1,2
977,3,0,-2
977,3,1,1
977,3,0,2
978,3,0,-2
978,3,1,1
978,3,1,2
979,3,0,-2
979,3,1,1
979,3,2,2
980,3,0,-2
980,3,2,1
980,3,-2,2
981,3,0,-2
981,3,2,1
981,3,-1,2
982,3,0,-2
982,3,2,1
982,3,0,2
983,3,0,-2
983,3,2,1
983,3,1,2
984,3,0,-2
984,3,2,1
984,3,2,2
985,3,0,-2
985,3,-2,2
985,3,-1,2
986,3,0,-2
986,3,-2,2
986,3,0,2
987,3,0,-2
987,3,-2,2
987,3,1,2
988,3,0,-2
988,3,-2,2
988,3,2,2
989,3,0,-2
989,3,-1,2
989,3,0,2
990,3,0,-2
990,3,-1,2
990,3,1,2
991,3,0,-2
991,3,-1,2
991,3,2,2
992,3,0,-2
992,3,0,2
992,3,1,2
993,3,0,-2
993,3,0,2
993,3,2,2
994,3,0,-2
994,3,1,2
994,3,2,2
995,3,1,-2
995,3,2,-2
995,3,-2,-1
996,3,1,-2
996,3,2,-2
996,3,-1,-1
997,3,1,-2
997,3,2,-2
997,3,0,-1
998,3,1,-2
998,3,2,-2
998,3,1,-1
999,3,1,-2
999,3,2,-2
999,3,2,-1
1000,3,1,-2
1000,3,2,-2
1000,3,-2,0
1001,3,1,-2
1001,3,2,-2
1001,3,-1,0
1002,3,1,-2
1002,3,2,-2
1002,3,1,0
1003,3,1,-2
1003,3,2,-2
1003,3,2,0
1004,3,1,-2
1004,3,2,-2
1004,3,-2,1
1005,3,1,-2
1005,3,2,-2
1005,3,-1,1
1006,3,1,-2
1006,3,2,-2
1006,3,0,1
1007,3,1,-2
1007,3,2,-2
1007,3,1,1
1008,3,1,-2
1008,3,2,-2
1008,3,2,1
1009,3,1,-2
1009,3,2,-2
1009,3,-2,2
1010,3,1,-2
1010,3,2,-2
1010,3,-1,2
1011,3,1,-2
1011,3,2,-2
1011,3,0,2
1012,3,1,-2
1012,3,2,-2
1012,3,1,2
1013,3,1,-2
1013,3,2,-2
1013,3,2,2
1014,3,1,-2
1014,3,-2,-1
1014,3,-1,-1
1015,3,1,-2
1015,3,-2,-1
1015,3,0,-1
1016,3,1,-2
1016,3,-2,-1
1016,3,1,-1
1017,3,1,-2
1017,3,-2,-1
1017,3,2,-1
1018,3,1,-2
1018,3,-2,-1
1018,3,-2,0
1019,3,1,-2
1019,3,-2,-1
1019,3,-1,0
1020,3,1,-2
1020,3,-2,-1
1020,3,1,0
1021,3,1,-2
1021,3,-2,-1
1021,3,2,0
1022,3,1,-2
1022,3,-2,-1
1022,3,-2,1
1023,3,1,-2
1023,3,-2,-1
1023,3,-1,1
1024,3,1,-2
1024,3,-2,-1
1024,3,0,1
1025,3,1,-2
1025,3,-2,-1
1025,3,1,1
1026,3,1,-2
1026,3,-2,-1
1026,3,2,1
1027,3,1,-2
1027,3,-2,-1
1027,3,-2,2
1028,3,1,-2
1028,3,-2,-1
1028,3,-1,2
1029,3,1,-2
1029,3,-2,-1
1029,3,0,2
1030,3,1,-2
1030,3,-2,-1
1030,3,1,2
1031,3,1,-2
1031,3,-2,-1
1031,3,2,2
1032,3,1,-2
1032,3,-1,-1
1032,3,0,-1
1033,3,1,-2
1033,3,-1,-1
1033,3,1,-1
1034,3,1,-2
1034,3,-1,-1
1034,3,2,-1
1035,3,1,-2
1035,3,-1,-1
1035,3,-2,0
1036,3,1,-2
1036,3,-1,-1
1036,3,-1,0
1037,3,1,-2
1037,3,-1,-1
1037,3,1,0
1038,3,1,-2
1038,3,-1,-1
1038,3,2,0
1039,3,1,-2
1039,3,-1,-1
1039,3,-2,1
1040,3,1,-2
1040,3,-1,-1
1040,3,-1,1
1041,3,1,-2
1041,3,-1,-1
1041,3,0,1
1042,3,1,-2
1042,3,-1,-1
1042,3,1,1
1043,3,1,-2
1043,3,-1,-1
1043,3,2,1
1044,3,1,-2
1044,3,-1,-1
1044,3,-2,2
1045,3,1,-2
1045,3,-1,-1
1045,3,-1,2
1046,3,1,-2
1046,3,-1,-1
1046,3,0,2
1047,3,1,-2
1047,3,-1,-1
1047,3,1,2
1048,3,1,-2
1048,3,-1,-1
1048,3,2,2
1049,3,1,-2
1049,3,0,-1
1049,3,1,-1
1050,3,1,-2
1050,3,0,-1
1050,3,2,-1
1051,3,1,-2
1051,3,0,-1
1051,3,-2,0
1052,3,1,-2
1052,3,0,-1
1052,3,-1,0
1053,3,1,-2
1053,3,0,-1
1053,3,1,0
1054,3,1,-2
1054,3,0,-1
1054,3,2,0
1055,3,1,-2
1055,3,0,-1
1055,3,-2,1
1056,3,1,-2
1056,3,0,-1
1056,3,-1,1
1057,3,1,-2
1057,3,0,-1
1057,3,0,1
1058,3,1,-2
1058,3,0,-1
1058,3,1,1
1059,3,1,-2
1059,3,0,-1
1059,3,2,1
1060,3,1,-2
1060,3,0,-1
1060,3,-2,2
1061,3,1,-2
1061,3,0,-1
1061,3,-1,2
1062,3,1,-2
1062,3,0,-1
1062,3,0,2
1063,3,1,-2
1063,3,0,-1
1063,3,1,2
1064,3,1,-2
1064,3,0,-1
1064,3,2,2
1065,3,1,-2
1065,3,1,-1
1065,3,2,-1
1066,3,1,-2
1066,3,1,-1
1066,3,-2,0
1067,3,1,-2
1067,3,1,-1
1067,3,-1,0
1068,3,1,-2
1068,3,1,-1
1068,3,1,0
1069,3,1,-2
1069,3,1,-1
1069,3,2,0
1070,3,1,-2
1070,3,1,-1
1070,3,-2,1
1071,3,1,-2
1071,3,1,-1
1071,3,-1,1
1072,3,1,-2
1072,3,1,-1
1072,3,0,1
1073,3,1,-2
1073,3,1,-1
1073,3,1,1
1074,3,1,-2
1074,3,1,-1
1074,3,2,1
1075,3,1,-2
1075,3,1,-1
1075,3,-2,2
1076,3,1,-2
1076,3,1,-1
1076,3,-1,2
1077,3,1,-2
1077,3,1,-1
1077,3,0,2
1078,3,1,-2
1078,3,1,-1
1078,3,1,2
1079,3,1,-2
1079,3,1,-1
1079,3,2,2
1080,3,1,-2
1080,3,2,-1
1080,3,-2,0
1081,3,1,-2
1081,3,2,-1
1081,3,-1,0
1082,3,1,-2
1082,3,2,-1
1082,3,1,0
1083,3,1,-2
1083,3,2,-1
1083,3,2,0
1084,3,1,-2
1084,3,2,-1
1084,3,-2,1
1085,3,1,-2
1085,3,2,-1
1085,3,-1,1
1086,3,1,-2
1086,3,2,-1
1086,3,0,1
1087,3,1,-2
1087,3,2,-1
1087,3,1,1
1088,3,1,-2
1088,3,2,-1
1088,3,2,1
1089,3,1,-2
1089,3,2,-1
1089,3,-2,2
1090,3,1,-2
1090,3,2,-1
1090,3,-1,2
1091,3,1,-2
1091,3,2,-1
1091,3,0,2
1092,3,1,-2
1092,3,2,-1
1092,3,1,2
1093,3,1,-2
1093,3,2,-1
1093,3,2,2
1094,3,1,-2
1094,3,-2,0
1094,3,-1,0
1095,3,1,-2
1095,3,-2,0
1095,3,1,0
1096,3,1,-2
1096,3,-2,0
1096,3,2,0
1097,3,1,-2
1097,3,-2,0
1097,3,-2,1
1098,3,1,-2
1098,3,-2,0
1098,3,-1,1
1099,3,1,-2
1099,3,-2,0
1099,3,0,1
1100,3,1,-2
1100,3,-2,0
1100,3,1,1
1101,3,1,-2
1101,3,-2,0
1101,3,2,1
1102,3,1,-2
1102,3,-2,0
1102,3,-2,2
1103,3,1,-2
1103,3,-2,0
1103,3,-1,2
1104,3,1,-2
1104,3,-2,0
1104,3,0,2
1105,3,1,-2
1105,3,-2,0
1105,3,1,2
1106,3,1,-2
1106,3,-2,0
1106,3,2,2
1107,3,1,-2
1107,3,-1,0
1107,3,1,0
1108,3,1,-2
1108,3,-1,0
1108,3,2,0
1109,3,1,-2
1109,3,-1,0
1109,3,-2,1
1110,3,1,-2
1110,3,-1,0
1110,3,-1,1
1111,3,1,-2
1111,3,-1,0
1111,3,0,1
1112,3,1,-2
1112,3,-1,0
1112,3,1,1
1113,3,1,-2
1113,3,-1,0
1113,3,2,1
1114,3,1,-2
1114,3,-1,0
1114,3,-2,2
1115,3,1,-2
1115,3,-1,0
1115,3,-1,2
1116,3,1,-2
1116,3,-1,0
1116,3,0,2
1117,3,1,-2
1117,3,-1,0
1117,3,1,2
1118,3,1,-2
1118,3,-1,0
1118,3,2,2
1119,3,1,-2
1119,3,1,0
1119,3,2,0
1120,3,1,-2
1120,3,1,0
1120,3,-2,1
1121,3,1,-2
1121,3,1,0
1121,3,-1,1
1122,3,1,-2
1122,3,1,0
1122,3,0,1
1123,3,1,-2
1123,3,1,0
1123,3,1,1
1124,3,1,-2
1124,3,1,0
1124,3,2,1
1125,3,1,-2
1125,3,1,0
1125,3,-2,2
1126,3,1,-2
1126,3,1,0
1126,3,-1,2
1127,3,1,-2
1127,3,1,0
1127,3,0,2
1128,3,1,-2
1128,3,1,0
1128,3,1,2
1129,3,1,-2
1129,3,1,0
1129,3,2,2
1130,3,1,-2
1130,3,2,0
1130,3,-2,1
1131,3,1,-2
1131,3,2,0
1131,3,-1,1
1132,3,1,-2
1132,3,2,0
1132,3,0,1
1133,3,1,-2
1133,3,2,0
1133,3,1,1
1134,3,1,-2
1134,3,2,0
1134,3,2,1
1135,3,1,-2
1135,3,2,0
1135,3,-2,2
1136,3,1,-2
1136,3,2,0
1136,3,-1,2
1137,3,1,-2
1137,3,2,0
1137,3,0,2
1138,3,1,-2
1138,3,2,0
1138,3,1,2
1139,3,1,-2
1139,3,2,0
1139,3,2,2
1140,3,1,-2
1140,3,-2,1
1140,3,-1,1
1141,3,1,-2
1141,3,-2,1
1141,3,0,1
1142,3,1,-2
1142,3,-2,1
1142,3,1,1
1143,3,1,-2
1143,3,-2,1
1143,3,2,1
1144,3,1,-2
1144,3,-2,1
1144,3,-2,2
1145,3,1,-2
1145,3,-2,1
1145,3,-1,2
1146,3,1,-2
1146,3,-2,1
1146,3,0,2
1147,3,1,-2
1147,3,-2,1
1147,3,1,2
1148,3,1,-2
1148,3,-2,1
1148,3,2,2
1149,3,1,-2
1149,3,-1,1
1149,3,0,1
1150,3,1,-2
1150,3,-1,1
1150,3,1,1
1151,3,1,-2
1151,3,-1,1
1151,3,2,1
1152,3,1,-2
1152,3,-1,1
1152,3,-2,2
1153,3,1,-2
1153,3,-1,1
1153,3,-1,2
1154,3,1,-2
1154,3,-1,1
1154,3,0,2
1155,3,1,-2
1155,3,-1,1
1155,3,1,2
1156,3,1,-2
1156,3,-1,1
1156,3,2,2
1157,3,1,-2
1157,3,0,1
1157,3,1,1
1158,3,1,-2
1158,3,0,1
1158,3,2,1
1159,3,1,-2
1159,3,0,1
1159,3,-2,2
1160,3,1,-2
1160,3,0,1
1160,3,-1,2
1161,3,1,-2
1161,3,0,1
1161,3,0,2
1162,3,1,-2
1162,3,0,1
1162,3,1,2
1163,3,1,-2
1163,3,0,1
1163,3,2,2
1164,3,1,-2
1164,3,1,1
1164,3,2,1
1165,3,1,-2
1165,3,1,1
1165,3,-2,2
1166,3,1,-2
1166,3,1,1
1166,3,-1,2
1167,3,1,-2
1167,3,1,1
1167,3,0,2
1168,3,1,-2
1168,3,1,1
1168,3,1,2
1169,3,1,-2
1169,3,1,1
1169,3,2,2
1170,3,1,-2
1170,3,2,1
1170,3,-2,2
1171,3,1,-2
1171,3,2,1
1171,3,-1,2
1172,3,1,-2
1172,3,2,1
1172,3,0,2
1173,3,1,-2
1173,3,2,1
1173,3,1,2
1174,3,1,-2
1174,3,2,1
1174,3,2,2
1175,3,1,-2
1175,3,-2,2
1175,3,-1,2
1176,3,1,-2
1176,3,-2,2
1176,3,0,2
1177,3,1,-2
1177,3,-2,2
1177,3,1,2
1178,3,1,-2
1178,3,-2,2
1178,3,2,2
1179,3,1,-2
1179,3,-1,2
1179,3,0,2
1180,3,1,-2
1180,3,-1,2
1180,3,1,2
1181,3,1,-2
1181,3,-1,2
1181,3,2,2
1182,3,1,-2
1182,3,0,2
1182,3,1,2
1183,3,1,-2
1183,3,0,2
1183,3,2,2
1184,3,1,-2
1184,3,1,2
1184,3,2,2
1185,3,2,-2
1185,3,-2,-1
1185,3,-1,-1
1186,3,2,-2
1186,3,-2,-1
1186,3,0,-1
1187,3,2,-2
1187,3,-2,-1
1187,3,1,-1
1188,3,2,-2
1188,3,-2,-1
1188,3,2,-1
1189,3,2,-2
1189,3,-2,-1
1189,3,-2,0
1190,3,2,-2
1190,3,-2,-1
1190,3,-1,0
1191,3,2,-2
1191,3,-2,-1
1191,3,1,0
1192,3,2,-2
1192,3,-2,-1
1192,3,2,0
1193,3,2,-2
1193,3,-2,-1
1193,3,-2,1
1194,3,2,-2
1194,3,-2,-1
1194,3,-1,1
1195,3,2,-2
1195,3,-2,-1
1195,3,0,1
1196,3,2,-2
1196,3,-2,-1
1196,3,1,1
1197,3,2,-2
1197,3,-2,-1
1197,3,2,1
1198,3,2,-2
1198,3,-2,-1
1198,3,-2,2
1199,3,2,-2
1199,3,-2,-1
1199,3,-1,2
1200,3,2,-2
1200,3,-2,-1
1200,3,0,2
1201,3,2,-2
1201,3,-2,-1
1201,3,1,2
1202,3,2,-2
1202,3,-2,-1
1202,3,2,2
1203,3,2,-2
1203,3,-1,-1
1203,3,0,-1
1204,3,2,-2
1204,3,-1,-1
1204,3,1,-1
1205,3,2,-2
1205,3,-1,-1
1205,3,2,-1
1206,3,2,-2
1206,3,-1,-1
1206,3,-2,0
1207,3,2,-2
1207,3,-1,-1
1207,3,-1,0
1208,3,2,-2
1208,3,-1,-1
1208,3,1,0
1209,3,2,-2
1209,3,-1,-1
1209,3,2,0
1210,3,2,-2
1210,3,-1,-1
1210,3,-2,1
1211,3,2,-2
1211,3,-1,-1
1211,3,-1,1
1212,3,2,-2
1212,3,-1,-1
1212,3,0,1
1213,3,2,-2
1213,3,-1,-1
1213,3,1,1
1214,3,2,-2
1214,3,-1,-1
1214,3,2,1
1215,3,2,-2
1215,3,-1,-1
1215,3,-2,2
1216,3,2,-2
1216,3,-1,-1
1216,3,-1,2
1217,3,2,-2
1217,3,-1,-1
1217,3,0,2
1218,3,2,-2
1218,3,-1,-1
1218,3,1,2
1219,3,2,-2
1219,3,-1,-1
1219,3,2,2
1220,3,2,-2
1220,3,0,-1
1220,3,1,-1
1221,3,2,-2
1221,3,0,-1
1221,3,2,-1
1222,3,2,-2
1222,3,0,-1
1222,3,-2,0
1223,3,2,-2
1223,3,0,-1
1223,3,-1,0
1224,3,2,-2
1224,3,0,-1
1224,3,1,0
1225,3,2,-2
1225,3,0,-1
1225,3,2,0
1226,3,2,-2
1226,3,0,-1
1226,3,-2,1
1227,3,2,-2
1227,3,0,-1
1227,3,-1,1
1228,3,2,-2
1228,3,0,-1
1228,3,0,1
1229,3,2,-2
1229,3,0,-1
1229,3,1,1
1230,3,2,-2
1230,3,0,-1
1230,3,2,1
1231,3,2,-2
1231,3,0,-1
1231,3,-2,2
1232,3,2,-2
1232,3,0,-1
1232,3,-1,2
1233,3,2,-2
1233,3,0,-1
1233,3,0,2
1234,3,2,-2
1234,3,0,-1
1234,3,1,2
1235,3,2,-2
1235,3,0,-1
1235,3,2,2
1236,3,2,-2
1236,3,1,-1
1236,3,2,-1
1237,3,2,-2
1237,3,1,-1
1237,3,-2,0
1238,3,2,-2
1238,3,1,-1
1238,3,-1,0
1239,3,2,-2
1239,3,1,-1
1239,3,1,0
1240,3,2,-2
1240,3,1,-1
1240,3,2,0
1241,3,2,-2
1241,3,1,-1
1241,3,-2,1
1242,3,2,-2
1242,3,1,-1
1242,3,-1,1
1243,3,2,-2
1243,3,1,-1
1243,3,0,1
1244,3,2,-2
1244,3,1,-1
1244,3,1,1
1245,3,2,-2
1245,3,1,-1
1245,3,2,1
1246,3,2,-2
1246,3,1,-1
1246,3,-2,2
1247,3,2,-2
1247,3,1,-1
1247,3,-1,2
1248,3,2,-2
1248,3,1,-1
1248,3,0,2
1249,3,2,-2
1249,3,1,-1
1249,3,1,2
1250,3,2,-2
1250,3,1,-1
1250,3,2,2
1251,3,2,-2
1251,3,2,-1
1251,3,-2,0
1252,3,2,-2
1252,3,2,-1
1252,3,-1,0
1253,3,2,-2
1253,3,2,-1
1253,3,1,0
1254,3,2,-2
1254,3,2,-1
1254,3,2,0
1255,3,2,-2
1255,3,2,-1
1255,3,-2,1
1256,3,2,-2
1256,3,2,-1
1256,3,-1,1
1257,3,2,-2
1257,3,2,-1
1257,3,0,1
1258,3,2,-2
1258,3,2,-1
1258,3,1,1
1259,3,2,-2
1259,3,2,-1
1259,3,2,1
1260,3,2,-2
1260,3,2,-1
1260,3,-2,2
1261,3,2,-2
1261,3,2,-1
1261,3,-1,2
1262,3,2,-2
1262,3,2,-1
1262,3,0,2
1263,3,2,-2
1263,3,2,-1
1263,3,1,2
1264,3,2,-2
1264,3,2,-1
1264,3,2,2
1265,3,2,-2
1265,3,-2,0
1265,3,-1,0
1266,3,2,-2
1266,3,-2,0
1266,3,1,0
1267,3,2,-2
1267,3,-2,0
1267,3,2,0
1268,3,2,-2
1268,3,-2,0
1268,3,-2,1
1269,3,2,-2
1269,3,-2,0
1269,3,-1,1
1270,3,2,-2
1270,3,-2,0
1270,3,0,1
1271,3,2,-2
1271,3,-2,0
1271,3,1,1
1272,3,2,-2
1272,3,-2,0
1272,3,2,1
1273,3,2,-2
1273,3,-2,0
1273,3,-2,2
1274,3,2,-2
1274,3,-2,0
1274,3,-1,2
1275,3,2,-2
1275,3,-2,0
1275,3,0,2
1276,3,2,-2
1276,3,-2,0
1276,3,1,2
1277,3,2,-2
1277,3,-2,0
1277,3,2,2
1278,3,2,-2
1278,3,-1,0
1278,3,1,0
1279,3,2,-2
1279,3,-1,0
1279,3,2,0
1280,3,2,-2
1280,3,-1,0
1280,3,-2,1
1281,3,2,-2
1281,3,-1,0
1281,3,-1,1
1282,3,2,-2
1282,3,-1,0
1282,3,0,1
1283,3,2,-2
1283,3,-1,0
1283,3,1,1
1284,3,2,-2
1284,3,-1,0
1284,3,2,1
1285,3,2,-2
1285,3,-1,0
1285,3,-2,2
1286,3,2,-2
1286,3,-1,0
1286,3,-1,2
1287,3,2,-2
1287,3,-1,0
1287,3,0,2
1288,3,2,-2
1288,3,-1,0
1288,3,1,2
1289,3,2,-2
1289,3,-1,0
1289,3,2,2
1290,3,2,-2
1290,3,1,0
1290,3,2,0
1291,3,2,-2
1291,3,1,0
1291,3,-2,1
1292,3,2,-2
1292,3,1,0
1292,3,-1,1
1293,3,2,-2
1293,3,1,0
1293,3,0,1
1294,3,2,-2
1294,3,1,0
1294,3,1,1
1295,3,2,-2
1295,3,1,0
1295,3,2,1
1296,3,2,-2
1296,3,1,0
1296,3,-2,2
1297,3,2,-2
1297,3,1,0
1297,3,-1,2
1298,3,2,-2
1298,3,1,0
1298,3,0,2
1299,3,2,-2
1299,3,1,0
1299,3,1,2
1300,3,2,-2
1300,3,1,0
1300,3,2,2
1301,3,2,-2
1301,3,2,0
1301,3,-2,1
1302,3,2,-2
1302,3,2,0
1302,3,-1,1
1303,3,2,-2
1303,3,2,0
1303,3,0,1
1304,3,2,-2
1304,3,2,0
1304,3,1,1
1305,3,2,-2
1305,3,2,0
1305,3,2,1
1306,3,2,-2
1306,3,2,0
1306,3,-2,2
1307,3,2,-2
1307,3,2,0
1307,3,-1,2
1308,3,2,-2
1308,3,2,0
1308,3,0,2
1309,3,2,-2
1309,3,2,0
1309,3,1,2
1310,3,2,-2
1310,3,2,0
1310,3,2,2
1311,3,2,-2
1311,3,-2,1
1311,3,-1,1
1312,3,2,-2
1312,3,-2,1
1312,3,0,1
1313,3,2,-2
1313,3,-2,1
1313,3,1,1
1314,3,2,-2
1314,3,-2,1
1314,3,2,1
1315,3,2,-2
1315,3,-2,1
1315,3,-2,2
1316,3,2,-2
1316,3,-2,1
1316,3,-1,2
1317,3,2,-2
1317,3,-2,1
1317,3,0,2
1318,3,2,-2
1318,3,-2,1
1318,3,1,2
1319,3,2,-2
1319,3,-2,1
1319,3,2,2
1320,3,2,-2
1320,3,-1,1
1320,3,0,1
1321,3,2,-2
1321,3,-1,1
1321,3,1,1
1322,3,2,-2
1322,3,-1,1
1322,3,2,1
1323,3,2,-2
1323,3,-1,1
1323,3,-2,2
1324,3,2,-2
1324,3,-1,1
1324,3,-1,2
1325,3,2,-2
1325,3,-1,1
1325,3,0,2
1326,3,2,-2
1326,3,-1,1
1326,3,1,2
1327,3,2,-2
1327,3,-1,1
1327,3,2,2
1328,3,2,-2
1328,3,0,1
1328,3,1,1
1329,3,2,-2
1329,3,0,1
1329,3,2,1
1330,3,2,-2
1330,3,0,1
1330,3,-2,2
1331,3,2,-2
1331,3,0,1
1331,3,-1,2
1332,3,2,-2
1332,3,0,1
1332,3,0,2
1333,3,2,-2
1333,3,0,1
1333,3,1,2
1334,3,2,-2
1334,3,0,1
1334,3,2,2
1335,3,2,-2
1335,3,1,1
1335,3,2,1
1336,3,2,-2
1336,3,1,1
1336,3,-2,2
1337,3,2,-2
1337,3,1,1
1337,3,-1,2
1338,3,2,-2
1338,3,1,1
1338,3,0,2
1339,3,2,-2
1339,3,1,1
1339,3,1,2
1340,3,2,-2
1340,3,1,1
1340,3,2,2
1341,3,2,-2
1341,3,2,1
1341,3,-2,2
1342,3,2,-2
1342,3,2,1
1342,3,-1,2
1343,3,2,-2
1343,3,2,1
1343,3,0,2
1344,3,2,-2
1344,3,2,1
1344,3,1,2
1345,3,2,-2
1345,3,2,1
1345,3,2,2
1346,3,2,-2
1346,3,-2,2
1346,3,-1,2
1347,3,2,-2
1347,3,-2,2
1347,3,0,2
1348,3,2,-2
1348,3,-2,2
1348,3,1,2
1349,3,2,-2
1349,3,-2,2
1349,3,2,2
1350,3,2,-2
1350,3,-1,2
1350,3,0,2
1351,3,2,-2
1351,3,-1,2
1351,3,1,2
1352,3,2,-2
1352,3,-1,2
1352,3,2,2
1353,3,2,-2
1353,3,0,2
1353,3,1,2
1354,3,2,-2
1354,3,0,2
1354,3,2,2
1355,3,2,-2
1355,3,1,2
1355,3,2,2
1356,3,-2,-1
1356,3,-1,-1
1356,3,0,-1
1357,3,-2,-1
1357,3,-1,-1
1357,3,1,-1
1358,3,-2,-1
1358,3,-1,-1
1358,3,2,-1
1359,3,-2,-1
1359,3,-1,-1
1359,3,-2,0
1360,3,-2,-1
1360,3,-1,-1
1360,3,-1,0
1361,3,-2,-1
1361,3,-1,-1
1361,3,1,0
1362,3,-2,-1
1362,3,-1,-1
1362,3,2,0
1363,3,-2,-1
1363,3,-1,-1
1363,3,-2,1
1364,3,-2,-1
1364,3,-1,-1
1364,3,-1,1
1365,3,-2,-1
1365,3,-1,-1
1365,3,0,1
1366,3,-2,-1
1366,3,-1,-1
1366,3,1,1
1367,3,-2,-1
1367,3,-1,-1
1367,3,2,1
1368,3,-2,-1
1368,3,-1,-1
1368,3,-2,2
1369,3,-2,-1
1369,3,-1,-1
1369,3,-1,2
1370,3,-2,-1
1370,3,-1,-1
1370,3,0,2
1371,3,-2,-1
1371,3,-1,-1
1371,3,1,2
1372,3,-2,-1
1372,3,-1,-1
1372,3,2,2
1373,3,-2,-1
1373,3,0,-1
1373,3,1,-1
1374,3,-2,-1
1374,3,0,-1
1374,3,2,-1
1375,3,-2,-1
1375,3,0,-1
1375,3,-2,0
1376,3,-2,-1
1376,3,0,-1
1376,3,-1,0
1377,3,-2,-1
1377,3,0,-1
1377,3,1,0
1378,3,-2,-1
1378,3,0,-1
1378,3,2,0
1379,3,-2,-1
1379,3,0,-1
1379,3,-2,1
1380,3,-2,-1
1380,3,0,-1
1380,3,-1,1
1381,3,-2,-1
1381,3,0,-1
1381,3,0,1
1382,3,-2,-1
1382,3,0,-1
1382,3,1,1
1383,3,-2,-1
1383,3,0,-1
1383,3,2,1
1384,3,-2,-1
1384,3,0,-1
1384,3,-2,2
1385,3,-2,-1
1385,3,0,-1
1385,3,-1,2
1386,3,-2,-1
1386,3,0,-1
1386,3,0,2
1387,3,-2,-1
1387,3,0,-1
1387,3,1,2
1388,3,-2,-1
1388,3,0,-1
1388,3,2,2
1389,3,-2,-1
1389,3,1,-1
1389,3,2,-1
1390,3,-2,-1
1390,3,1,-1
1390,3,-2,0
1391,3,-2,-1
1391,3,1,-1
1391,3,-1,0
1392,3,-2,-1
1392,3,1,-1
1392,3,1,0
1393,3,-2,-1
1393,3,1,-1
1393,3,2,0
1394,3,-2,-1
1394,3,1,-1
1394,3,-2,1
1395,3,-2,-1
1395,3,1,-1
1395,3,-1,1
1396,3,-2,-1
1396,3,1,-1
1396,3,0,1
1397,3,-2,-1
1397,3,1,-1
1397,3,1,1
1398,3,-2,-1
1398,3,1,-1
1398,3,2,1
1399,3,-2,-1
1399,3,1,-1
1399,3,-2,2
1400,3,-2,-1
1400,3,1,-1
1400,3,-1,2
1401,3,-2,-1
1401,3,1,-1
1401,3,0,2
1402,3,-2,-1
1402,3,1,-1
1402,3,1,2
1403,3,-2,-1
1403,3,1,-1
1403,3,2,2
1404,3,-2,-1
1404,3,2,-1
1404,3,-2,0
1405,3,-2,-1
1405,3,2,-1
1405,3,-1,0
1406,3,-2,-1
1406,3,2,-1
1406,3,1,0
1407,3,-2,-1
1407,3,2,-1
1407,3,2,0
1408,3,-2,-1
1408,3,2,-1
1408,3,-2,1
1409,3,-2,-1
1409,3,2,-1
1409,3,-1,1
1410,3,-2,-1
1410,3,2,-1
1410,3,0,1
1411,3,-2,-1
1411,3,2,-1
1411,3,1,1
1412,3,-2,-1
1412,3,2,-1
1412,3,2,1
1413,3,-2,-1
1413,3,2,-1
1413,3,-2,2
1414,3,-2,-1
1414,3,2,-1
1414,3,-1,2
1415,3,-2,-1
1415,3,2,-1
1415,3,0,2
1416,3,-2,-1
1416,3,2,-1
1416,3,1,2
1417,3,-2,-1
1417,3,2,-1
1417,3,2,2
1418,3,-2,-1
1418,3,-2,0
1418,3,-1,0
1419,3,-2,-1
1419,3,-2,0
1419,3,1,0
1420,3,-2,-1
1420,3,-2,0
1420,3,2,0
1421,3,-2,-1
1421,3,-2,0
1421,3,-2,1
1422,3,-2,-1
1422,3,-2,0
1422,3,-1,1
1423,3,-2,-1
1423,3,-2,0
1423,3,0,1
1424,3,-2,-1
1424,3,-2,0
1424,3,1,1
1425,3,-2,-1
1425,3,-2,0
1425,3,2,1
1426,3,-2,-1
1426,3,-2,0
1426,3,-2,2
1427,3,-2,-1
1427,3,-2,0
1427,3,-1,2
1428,3,-2,-1
1428,3,-2,0
1428,3,0,2
1429,3,-2,-1
1429,3,-2,0
1429,3,1,2
1430,3,-2,-1
1430,3,-2,0
1430,3,2,2
1431,3,-2,-1
1431,3,-1,0
1431,3,1,0
1432,3,-2,-1
1432,3,-1,0
1432,3,2,0
1433,3,-2,-1
1433,3,-1,0
1433,3,-2,1
1434,3,-2,-1
1434,3,-1,0
1434,3,-1,1
1435,3,-2,-1
1435,3,-1,0
1435,3,0,1
1436,3,-2,-1
1436,3,-1,0
1436,3,1,1
1437,3,-2,-1
1437,3,-1,0
1437,3,2,1
1438,3,-2,-1
1438,3,-1,0
1438,3,-2,2
1439,3,-2,-1
1439,3,-1,0
1439,3,-1,2
1440,3,-2,-1
1440,3,-1,0
1440,3,0,2
1441,3,-2,-1
1441,3,-1,0
1441,3,1,2
1442,3,-2,-1
1442,3,-1,0
1442,3,2,2
1443,3,-2,-1
1443,3,1,0
1443,3,2,0
1444,3,-2,-1
1444,3,1,0
1444,3,-2,1
1445,3,-2,-1
1445,3,1,0
1445,3,-1,1
1446,3,-2,-1
1446,3,1,0
1446,3,0,1
1447,3,-2,-1
1447,3,1,0
1447,3,1,1
1448,3,-2,-1
1448,3,1,0
1448,3,2,1
1449,3,-2,-1
1449,3,1,0
1449,3,-2,2
1450,3,-2,-1
1450,3,1,0
1450,3,-1,2
1451,3,-2,-1
1451,3,1,0
1451,3,0,2
1452,3,-2,-1
1452,3,1,0
1452,3,1,2
1453,3,-2,-1
1453,3,1,0
1453,3,2,2
1454,3,-2,-1
1454,3,2,0
1454,3,-2,1
1455,3,-2,-1
1455,3,2,0
1455,3,-1,1
1456,3,-2,-1
1456,3,2,0
1456,3,0,1
1457,3,-2,-1
1457,3,2,0
1457,3,1,1
1458,3,-2,-1
1458,3,2,0
1458,3,2,1
1459,3,-2,-1
1459,3,2,0
1459,3,-2,2
1460,3,-2,-1
1460,3,2,0
1460,3,-1,2
1461,3,-2,-1
1461,3,2,0
1461,3,0,2
1462,3,-2,-1
1462,3,2,0
1462,3,1,2
1463,3,-2,-1
1463,3,2,0
1463,3,2,2
1464,3,-2,-1
1464,3,-2,1
1464,3,-1,1
1465,3,-2,-1
1465,3,-2,1
1465,3,0,1
1466,3,-2,-1
1466,3,-2,1
1466,3,1,1
1467,3,-2,-1
1467,3,-2,1
1467,3,2,1
1468,3,-2,-1
1468,3,-2,1
1468,3,-2,2
1469,3,-2,-1
1469,3,-2,1
1469,3,-1,2
1470,3,-2,-1
1470,3,-2,1
1470,3,0,2
1471,3,-2,-1
1471,3,-2,1
1471,3,1,2
1472,3,-2,-1
1472,3,-2,1
1472,3,2,2
1473,3,-2,-1
1473,3,-1,1
1473,3,0,1
1474,3,-2,-1
1474,3,-1,1
1474,3,1,1
1475,3,-2,-1
1475,3,-1,1
1475,3,2,1
1476,3,-2,-1
1476,3,-1,1
1476,3,-2,2
1477,3,-2,-1
1477,3,-1,1
1477,3,-1,2
1478,3,-2,-1
1478,3,-1,1
1478,3,0,2
1479,3,-2,-1
1479,3,-1,1
1479,3,1,2
1480,3,-2,-1
1480,3,-1,1
1480,3,2,2
1481,3,-2,-1
1481,3,0,1
1481,3,1,1
1482,3,-2,-1
1482,3,0,1
1482,3,2,1
1483,3,-2,-1
1483,3,0,1
1483,3,-2,2
1484,3,-2,-1
1484,3,0,1
1484,3,-1,2
1485,3,-2,-1
1485,3,0,1
1485,3,0,2
1486,3,-2,-1
1486,3,0,1
1486,3,1,2
1487,3,-2,-1
1487,3,0,1
1487,3,2,2
1488,3,-2,-1
1488,3,1,1
1488,3,2,1
1489,3,-2,-1
1489,3,1,1
1489,3,-2,2
1490,3,-2,-1
1490,3,1,1
1490,3,-1,2
1491,3,-2,-1
1491,3,1,1
1491,3,0,2
1492,3,-2,-1
1492,3,1,1
1492,3,1,2
1493,3,-2,-1
1493,3,1,1
1493,3,2,2
1494,3,-2,-1
1494,3,2,1
1494,3,-2,2
1495,3,-2,-1
1495,3,2,1
1495,3,-1,2
1496,3,-2,-1
1496,3,2,1
1496,3,0,2
1497,3,-2,-1
1497,3,2,1
1497,3,1,2
1498,3,-2,-1
1498,3,2,1
1498,3,2,2
1499,3,-2,-1
1499,3,-2,2
1499,3,-1,2
1500,3,-2,-1
1500,3,-2,2
1500,3,0,2
1501,3,-2,-1
1501,3,-2,2
1501,3,1,2
1502,3,-2,-1
1502,3,-2,2
1502,3,2,2
1503,3,-2,-1
1503,3,-1,2
1503,3,0,2
1504,3,-2,-1
1504,3,-1,2
1504,3,1,2
1505,3,-2,-1
1505,3,-1,2
1505,3,2,2
1506,3,-2,-1
1506,3,0,2
1506,3,1,2
1507,3,-2,-1
1507,3,0,2
1507,3,2,2
1508,3,-2,-1
1508,3,1,2
1508,3,2,2
1509,3,-1,-1
1509,3,0,-1
1509,3,1,-1
1510,3,-1,-1
1510,3,0,-1
1510,3,2,-1
1511,3,-1,-1
1511,3,0,-1
1511,3,-2,0
1512,3,-1,-1
1512,3,0,-1
1512,3,-1,0
1513,3,-1,-1
1513,3,0,-1
1513,3,1,0
1514,3,-1,-1
1514,3,0,-1
1514,3,2,0
1515,3,-1,-1
1515,3,0,-1
1515,3,-2,1
1516,3,-1,-1
1516,3,0,-1
1516,3,-1,1
1517,3,-1,-1
1517,3,0,-1
1517,3,0,1
1518,3,-1,-1
1518,3,0,-1
1518,3,1,1
1519,3,-1,-1
1519,3,0,-1
1519,3,2,1
1520,3,-1,-1
1520,3,0,-1
1520,3,-2,2
1521,3,-1,-1
1521,3,0,-1
1521,3,-1,2
1522,3,-1,-1
1522,3,0,-1
1522,3,0,2
1523,3,-1,-1
1523,3,0,-1
1523,3,1,2
1524,3,-1,-1
1524,3,0,-1
1524,3,2,2
1525,3,-1,-1
1525,3,1,-1
1525,3,2,-1
1526,3,-1,-1
1526,3,1,-1
1526,3,-2,0
1527,3,-1,-1
1527,3,1,-1
1527,3,-1,0
1528,3,-1,-1
1528,3,1,-1
1528,3,1,0
1529,3,-1,-1
1529,3,1,-1
1529,3,2,0
1530,3,-1,-1
1530,3,1,-1
1530,3,-2,1
1531,3,-1,-1
1531,3,1,-1
1531,3,-1,1
1532,3,-1,-1
1532,3,1,-1
1532,3,0,1
1533,3,-1,-1
1533,3,1,-1
1533,3,1,1
1534,3,-1,-1
1534,3,1,-1
1534,3,2,1
1535,3,-1,-1
1535,3,1,-1
1535,3,-2,2
1536,3,-1,-1
1536,3,1,-1
1536,3,-1,2
1537,3,-1,-1
1537,3,1,-1
1537,3,0,2
1538,3,-1,-1
1538,3,1,-1
1538,3,1,2
1539,3,-1,-1
1539,3,1,-1
1539,3,2,2
1540,3,-1,-1
1540,3,2,-1
1540,3,-2,0
1541,3,-1,-1
1541,3,2,-1
1541,3,-1,0
1542,3,-1,-1
1542,3,2,-1
1542,3,1,0
1543,3,-1,-1
1543,3,2,-1
1543,3,2,0
1544,3,-1,-1
1544,3,2,-1
1544,3,-2,1
1545,3,-1,-1
1545,3,2,-1
1545,3,-1,1
1546,3,-1,-1
1546,3,2,-1
1546,3,0,1
1547,3,-1,-1
1547,3,2,-1
1547,3,1,1
1548,3,-1,-1
1548,3,2,-1
1548,3,2,1
1549,3,-1,-1
1549,3,2,-1
1549,3,-2,2
1550,3,-1,-1
1550,3,2,-1
1550,3,-1,2
1551,3,-1,-1
1551,3,2,-1
1551,3,0,2
1552,3,-1,-1
1552,3,2,-1
1552,3,1,2
1553,3,-1,-1
1553,3,2,-1
1553,3,2,2
1554,3,-1,-1
1554,3,-2,0
1554,3,-1,0
1555,3,-1,-1
1555,3,-2,0
1555,3,1,0
1556,3,-1,-1
1556,3,-2,0
1556,3,2,0
1557,3,-1,-1
1557,3,-2,0
1557,3,-2,1
1558,3,-1,-1
1558,3,-2,0
1558,3,-1,1
1559,3,-1,-1
1559,3,-2,0
1559,3,0,1
1560,3,-1,-1
1560,3,-2,0
1560,3,1,1
1561,3,-1,-1
1561,3,-2,0
1561,3,2,1
1562,3,-1,-1
1562,3,-2,0
1562,3,-2,2
1563,3,-1,-1
1563,3,-2,0
1563,3,-1,2
1564,3,-1,-1
1564,3,-2,0
1564,3,0,2
1565,3,-1,-1
1565,3,-2,0
1565,3,1,2
1566,3,-1,-1
1566,3,-2,0
1566,3,2,2
1567,3,-1,-1
1567,3,-1,0
1567,3,1,0
1568,3,-1,-1
1568,3,-1,0
1568,3,2,0
1569,3,-1,-1
1569,3,-1,0
1569,3,-2,1
1570,3,-1,-1
1570,3,-1,0
1570,3,-1,1
1571,3,-1,-1
1571,3,-1,0
1571,3,0,1
1572,3,-1,-1
1572,3,-1,0
1572,3,1,1
1573,3,-1,-1
1573,3,-1,0
1573,3,2,1
1574,3,-1,-1
1574,3,-1,0
1574,3,-2,2
1575,3,-1,-1
1575,3,-1,0
1575,3,-1,2
1576,3,-1,-1
1576,3,-1,0
1576,3,0,2
1577,3,-1,-1
1577,3,-1,0
1577,3,1,2
1578,3,-1,-1
1578,3,-1,0
1578,3,2,2
1579,3,-1,-1
1579,3,1,0
1579,3,2,0
1580,3,-1,-1
1580,3,1,0
1580,3,-2,1
1581,3,-1,-1
1581,3,1,0
1581,3,-1,1
1582,3,-1,-1
1582,3,1,0
1582,3,0,1
1583,3,-1,-1
1583,3,1,0
1583,3,1,1
1584,3,-1,-1
1584,3,1,0
1584,3,2,1
1585,3,-1,-1
1585,3,1,0
1585,3,-2,2
1586,3,-1,-1
1586,3,1,0
1586,3,-1,2
1587,3,-1,-1
1587,3,1,0
1587,3,0,2
1588,3,-1,-1
1588,3,1,0
1588,3,1,2
1589,3,-1,-1
1589,3,1,0
1589,3,2,2
1590,3,-1,-1
1590,3,2,0
1590,3,-2,1
1591,3,-1,-1
1591,3,2,0
1591,3,-1,1
1592,3,-1,-1
1592,3,2,0
1592,3,0,1
1593,3,-1,-1
1593,3,2,0
1593,3,1,1
1594,3,-1,-1
1594,3,2,0
1594,3,2,1
1595,3,-1,-1
1595,3,2,0
1595,3,-2,2
1596,3,-1,-1
1596,3,2,0
1596,3,-1,2
1597,3,-1,-1
1597,3,2,0
1597,3,0,2
1598,3,-1,-1
1598,3,2,0
1598,3,1,2
1599,3,-1,-1
1599,3,2,0
1599,3,2,2
1600,3,-1,-1
1600,3,-2,1
1600,3,-1,1
1601,3,-1,-1
1601,3,-2,1
1601,3,0,1
1602,3,-1,-1
1602,3,-2,1
1602,3,1,1
1603,3,-1,-1
1603,3,-2,1
1603,3,2,1
1604,3,-1,-1
1604,3,-2,1
1604,3,-2,2
1605,3,-1,-1
1605,3,-2,1
1605,3,-1,2
1606,3,-1,-1
1606,3,-2,1
1606,3,0,2
1607,3,-1,-1
1607,3,-2,1
1607,3,1,2
1608,3,-1,-1
1608,3,-2,1
1608,3,2,2
1609,3,-1,-1
1609,3,-1,1
1609,3,0,1
1610,3,-1,-1
1610,3,-1,1
1610,3,1,1
1611,3,-1,-1
1611,3,-1,1
1611,3,2,1
1612,3,-1,-1
1612,3,-1,1
1612,3,-2,2
1613,3,-1,-1
1613,3,-1,1
1613,3,-1,2
1614,3,-1,-1
1614,3,-1,1
1614,3,0,2
1615,3,-1,-1
1615,3,-1,1
1615,3,1,2
1616,3,-1,-1
1616,3,-1,1
1616,3,2,2
1617,3,-1,-1
1617,3,0,1
1617,3,1,1
1618,3,-1,-1
1618,3,0,1
1618,3,2,1
1619,3,-1,-1
1619,3,0,1
1619,3,-2,2
1620,3,-1,-1
1620,3,0,1
1620,3,-1,2
1621,3,-1,-1
1621,3,0,1
1621,3,0,2
1622,3,-1,-1
1622,3,0,1
1622,3,1,2
1623,3,-1,-1
1623,3,0,1
1623,3,2,2
1624,3,-1,-1
1624,3,1,1
1624,3,2,1
1625,3,-1,-1
1625,3,1,1
1625,3,-2,2
1626,3,-1,-1
1626,3,1,1
1626,3,-1,2
1627,3,-1,-1
1627,3,1,1
1627,3,0,2
1628,3,-1,-1
1628,3,1,1
1628,3,1,2
1629,3,-1,-1
1629,3,1,1
1629,3,2,2
1630,3,-1,-1
1630,3,2,1
1630,3,-2,2
1631,3,-1,-1
1631,3,2,1
1631,3,-1,2
1632,3,-1,-1
1632,3,2,1
1632,3,0,2
1633,3,-1,-1
1633,3,2,1
1633,3,1,2
1634,3,-1,-1
1634,3,2,1
1634,3,2,2
1635,3,-1,-1
1635,3,-2,2
1635,3,-1,2
1636,3,-1,-1
1636,3,-2,2
1636,3,0,2
1637,3,-1,-1
1637,3,-2,2
1637,3,1,2
1638,3,-1,-1
1638,3,-2,2
1638,3,2,2
1639,3,-1,-1
1639,3,-1,2
1639,3,0,2
1640,3,-1,-1
1640,3,-1,2
1640,3,1,2
1641,3,-1,-1
1641,3,-1,2
1641,3,2,2
1642,3,-1,-1
1642,3,0,2
1642,3,1,2
1643,3,-1,-1
1643,3,0,2
1643,3,2,2
1644,3,-1,-1
1644,3,1,2
1644,3,2,2
1645,3,0,-1
1645,3,1,-1
1645,3,2,-1
1646,3,0,-1
1646,3,1,-1
1646,3,-2,0
1647,3,0,-1
1647,3,1,-1
1647,3,-1,0
1648,3,0,-1
1648,3,1,-1
1648,3,1,0
1649,3,0,-1
1649,3,1,-1
1649,3,2,0
1650,3,0,-1
1650,3,1,-1
1650,3,-2,1
1651,3,0,-1
1651,3,1,-1
1651,3,-1,1
1652,3,0,-1
1652,3,1,-1
1652,3,0,1
1653,3,0,-1
1653,3,1,-1
1653,3,1,1
1654,3,0,-1
1654,3,1,-1
1654,3,2,1
1655,3,0,-1
1655,3,1,-1
1655,3,-2,2
1656,3,0,-1
1656,3,1,-1
1656,3,-1,2
1657,3,0,-1
1657,3,1,-1
1657,3,0,2
1658,3,0,-1
1658,3,1,-1
1658,3,1,2
1659,3,0,-1
1659,3,1,-1
1659,3,2,2
1660,3,0,-1
1660,3,2,-1
1660,3,-2,0
1661,3,0,-1
1661,3,2,-1
1661,3,-1,0
1662,3,0,-1
1662,3,2,-1
1662,3,1,0
1663,3,0,-1
1663,3,2,-1
1663,3,2,0
1664,3,0,-1
1664,3,2,-1
1664,3,-2,1
1665,3,0,-1
1665,3,2,-1
1665,3,-1,1
1666,3,0,-1
1666,3,2,-1
1666,3,0,1
1667,3,0,-1
1667,3,2,-1
1667,3,1,1
1668,3,0,-1
1668,3,2,-1
1668,3,2,1
1669,3,0,-1
1669,3,2,-1
1669,3,-2,2
1670,3,0,-1
1670,3,2,-1
1670,3,-1,2
1671,3,0,-1
1671,3,2,-1
1671,3,0,2
1672,3,0,-1
1672,3,2,-1
1672,3,1,2
1673,3,0,-1
1673,3,2,-1
1673,3,2,2
1674,3,0,-1
1674,3,-2,0
1674,3,-1,0
1675,3,0,-1
1675,3,-2,0
1675,3,1,0
1676,3,0,-1
1676,3,-2,0
1676,3,2,0
1677,3,0,-1
1677,3,-2,0
1677,3,-2,1
1678,3,0,-1
1678,3,-2,0
1678,3,-1,1
1679,3,0,-1
1679,3,-2,0
1679,3,0,1
1680,3,0,-1
1680,3,-2,0
1680,3,1,1
1681,3,0,-1
1681,3,-2,0
1681,3,2,1
1682,3,0,-1
1682,3,-2,0
1682,3,-2,2
1683,3,0,-1
1683,3,-2,0
1683,3,-1,2
1684,3,0,-1
1684,3,-2,0
1684,3,0,2
1685,3,0,-1
1685,3,-2,0
1685,3,1,2
1686,3,0,-1
1686,3,-2,0
1686,3,2,2
1687,3,0,-1
1687,3,-1,0
1687,3,1,0
1688,3,0,-1
1688,3,-1,0
1688,3,2,0
1689,3,0,-1
1689,3,-1,0
1689,3,-2,1
1690,3,0,-1
1690,3,-1,0
1690,3,-1,1
1691,3,0,-1
1691,3,-1,0
1691,3,0,1
1692,3,0,-1
1692,3,-1,0
1692,3,1,1
1693,3,0,-1
1693,3,-1,0
1693,3,2,1
1694,3,0,-1
1694,3,-1,0
1694,3,-2,2
1695,3,0,-1
1695,3,-1,0
1695,3,-1,2
1696,3,0,-1
1696,3,-1,0
1696,3,0,2
1697,3,0,-1
1697,3,-1,0
1697,3,1,2
1698,3,0,-1
1698,3,-1,0
1698,3,2,2
1699,3,0,-1
1699,3,1,0
1699,3,2,0
1700,3,0,-1
1700,3,1,0
1700,3,-2,1
1701,3,0,-1
1701,3,1,0
1701,3,-1,1
1702,3,0,-1
1702,3,1,0
1702,3,0,1
1703,3,0,-1
1703,3,1,0
1703,3,1,1
1704,3,0,-1
1704,3,1,0
1704,3,2,1
1705,3,0,-1
1705,3,1,0
1705,3,-2,2
1706,3,0,-1
1706,3,1,0
1706,3,-1,2
1707,3,0,-1
1707,3,1,0
1707,3,0,2
1708,3,0,-1
1708,3,1,0
1708,3,1,2
1709,3,0,-1
1709,3,1,0
1709,3,2,2
1710,3,0,-1
1710,3,2,0
1710,3,-2,1
1711,3,0,-1
1711,3,2,0
1711,3,-1,1
1712,3,0,-1
1712,3,2,0
1712,3,0,1
1713,3,0,-1
1713,3,2,0
1713,3,1,1
1714,3,0,-1
1714,3,2,0
1714,3,2,1
1715,3,0,-1
1715,3,2,0
1715,3,-2,2
1716,3,0,-1
1716,3,2,0
1716,3,-1,2
1717,3,0,-1
1717,3,2,0
1717,3,0,2
1718,3,0,-1
1718,3,2,0
1718,3,1,2
1719,3,0,-1
1719,3,2,0
1719,3,2,2
1720,3,0,-1
1720,3,-2,1
1720,3,-1,1
1721,3,0,-1
1721,3,-2,1
1721,3,0,1
1722,3,0,-1
1722,3,-2,1
1722,3,1,1
1723,3,0,-1
1723,3,-2,1
1723,3,2,1
1724,3,0,-1
1724,3,-2,1
1724,3,-2,2
1725,3,0,-1
1725,3,-2,1
1725,3,-1,2
1726,3,0,-1
1726,3,-2,1
1726,3,0,2
1727,3,0,-1
1727,3,-2,1
1727,3,1,2
1728,3,0,-1
1728,3,-2,1
1728,3,2,2
1729,3,0,-1
1729,3,-1,1
1729,3,0,1
1730,3,0,-1
1730,3,-1,1
1730,3,1,1
1731,3,0,-1
1731,3,-1,1
1731,3,2,1
1732,3,0,-1
1732,3,-1,1
1732,3,-2,2
1733,3,0,-1
1733,3,-1,1
1733,3,-1,2
1734,3,0,-1
1734,3,-1,1
1734,3,0,2
1735,3,0,-1
1735,3,-1,1
1735,3,1,2
1736,3,0,-1
1736,3,-1,1
1736,3,2,2
1737,3,0,-1
1737,3,0,1
1737,3,1,1
1738,3,0,-1
1738,3,0,1
1738,3,2,1
1739,3,0,-1
1739,3,0,1
1739,3,-2,2
1740,3,0,-1
1740,3,0,1
1740,3,-1,2
1741,3,0,-1
1741,3,0,1
1741,3,0,2
1742,3,0,-1
1742,3,0,1
1742,3,1,2
1743,3,0,-1
1743,3,0,1
1743,3,2,2
1744,3,0,-1
1744,3,1,1
1744,3,2,1
1745,3,0,-1
1745,3,1,1
1745,3,-2,2
1746,3,0,-1
1746,3,1,1
1746,3,-1,2
1747,3,0,-1
1747,3,1,1
1747,3,0,2
1748,3,0,-1
1748,3,1,1
1748,3,1,2
1749,3,0,-1
1749,3,1,1
1749,3,2,2
1750,3,0,-1
1750,3,2,1
1750,3,-2,2
1751,3,0,-1
1751,3,2,1
1751,3,-1,2
1752,3,0,-1
1752,3,2,1
1752,3,0,2
1753,3,0,-1
1753,3,2,1
1753,3,1,2
1754,3,0,-1
1754,3,2,1
1754,3,2,2
1755,3,0,-1
1755,3,-2,2
1755,3,-1,2
1756,3,0,-1
1756,3,-2,2
1756,3,0,2
1757,3,0,-1
1757,3,-2,2
1757,3,1,2
1758,3,0,-1
1758,3,-2,2
1758,3,2,2
1759,3,0,-1
1759,3,-1,2
1759,3,0,2
1760,3,0,-1
1760,3,-1,2
1760,3,1,2
1761,3,0,-1
1761,3,-1,2
1761,3,2,2
1762,3,0,-1
1762,3,0,2
1762,3,1,2
1763,3,0,-1
1763,3,0,2
1763,3,2,2
1764,3,0,-1
1764,3,1,2
1764,3,2,2
1765,3,1,-1
1765,3,2,-1
1765,3,-2,0
1766,3,1,-1
1766,3,2,-1
1766,3,-1,0
1767,3,1,-1
1767,3,2,-1
1767,3,1,0
1768,3,1,-1
1768,3,2,-1
1768,3,2,0
1769,3,1,-1
1769,3,2,-1
1769,3,-2,1
1770,3,1,-1
1770,3,2,-1
1770,3,-1,1
1771,3,1,-1
1771,3,2,-1
1771,3,0,1
1772,3,1,-1
1772,3,2,-1
1772,3,1,1
1773,3,1,-1
1773,3,2,-1
1773,3,2,1
1774,3,1,-1
1774,3,2,-1
1774,3,-2,2
1775,3,1,-1
1775,3,2,-1
1775,3,-1,2
1776,3,1,-1
1776,3,2,-1
1776,3,0,2
1777,3,1,-1
1777,3,2,-1
1777,3,1,2
1778,3,1,-1
1778,3,2,-1
1778,3,2,2
1779,3,1,-1
1779,3,-2,0
1779,3,-1,0
1780,3,1,-1
1780,3,-2,0
1780,3,1,0
1781,3,1,-1
1781,3,-2,0
1781,3,2,0
1782,3,1,-1
1782,3,-2,0
1782,3,-2,1
1783,3,1,-1
1783,3,-2,0
1783,3,-1,1
1784,3,1,-1
1784,3,-2,0
1784,3,0,1
1785,3,1,-1
1785,3,-2,0
1785,3,1,1
1786,3,1,-1
1786,3,-2,0
1786,3,2,1
1787,3,1,-1
1787,3,-2,0
1787,3,-2,2
1788,3,1,-1
1788,3,-2,0
1788,3,-1,2
1789,3,1,-1
1789,3,-2,0
1789,3,0,2
1790,3,1,-1
1790,3,-2,0
1790,3,1,2
1791,3,1,-1
1791,3,-2,0
1791,3,2,2
1792,3,1,-1
1792,3,-1,0
1792,3,1,0
1793,3,1,-1
1793,3,-1,0
1793,3,2,0
1794,3,1,-1
1794,3,-1,0
1794,3,-2,1
1795,3,1,-1
1795,3,-1,0
1795,3,-1,1
1796,3,1,-1
1796,3,-1,0
1796,3,0,1
1797,3,1,-1
1797,3,-1,0
1797,3,1,1
1798,3,1,-1
1798,3,-1,0
1798,3,2,1
1799,3,1,-1
1799,3,-1,0
1799,3,-2,2
1800,3,1,-1
1800,3,-1,0
1800,3,-1,2
1801,3,1,-1
1801,3,-1,0
1801,3,0,2
1802,3,1,-1
1802,3,-1,0
1802,3,1,2
1803,3,1,-1
1803,3,-1,0
1803,3,2,2
1804,3,1,-1
1804,3,1,0
1804,3,2,0
1805,3,1,-1
1805,3,1,0
1805,3,-2,1
1806,3,1,-1
1806,3,1,0
1806,3,-1,1
1807,3,1,-1
1807,3,1,0
1807,3,0,1
1808,3,1,-1
1808,3,1,0
1808,3,1,1
1809,3,1,-1
1809,3,1,0
1809,3,2,1
1810,3,1,-1
1810,3,1,0
1810,3,-2,2
1811,3,1,-1
1811,3,1,0
1811,3,-1,2
1812,3,1,-1
1812,3,1,0
1812,3,0,2
1813,3,1,-1
1813,3,1,0
1813,3,1,2
1814,3,1,-1
1814,3,1,0
1814,3,2,2
1815,3,1,-1
1815,3,2,0
1815,3,-2,1
1816,3,1,-1
1816,3,2,0
1816,3,-1,1
1817,3,1,-1
1817,3,2,0
1817,3,0,1
1818,3,1,-1
1818,3,2,0
1818,3,1,1
1819,3,1,-1
1819,3,2,0
1819,3,2,1
1820,3,1,-1
1820,3,2,0
1820,3,-2,2
1821,3,1,-1
1821,3,2,0
1821,3,-1,2
1822,3,1,-1
1822,3,2,0
1822,3,0,2
1823,3,1,-1
1823,3,2,0
1823,3,1,2
1824,3,1,-1
1824,3,2,0
1824,3,2,2
1825,3,1,-1
1825,3,-2,1
1825,3,-1,1
1826,3,1,-1
1826,3,-2,1
1826,3,0,1
1827,3,1,-1
1827,3,-2,1
1827,3,1,1
1828,3,1,-1
1828,3,-2,1
1828,3,2,1
1829,3,1,-1
1829,3,-2,1
1829,3,-2,2
1830,3,1,-1
1830,3,-2,1
1830,3,-1,2
1831,3,1,-1
1831,3,-2,1
1831,3,0,2
1832,3,1,-1
1832,3,-2,1
1832,3,1,2
1833,3,1,-1
1833,3,-2,1
1833,3,2,2
1834,3,1,-1
1834,3,-1,1
1834,3,0,1
1835,3,1,-1
1835,3,-1,1
1835,3,1,1
1836,3,1,-1
1836,3,-1,1
1836,3,2,1
1837,3,1,-1
1837,3,-1,1
1837,3,-2,2
1838,3,1,-1
1838,3,-1,1
1838,3,-1,2
1839,3,1,-1
1839,3,-1,1
1839,3,0,2
1840,3,1,-1
1840,3,-1,1
1840,3,1,2
1841,3,1,-1
1841,3,-1,1
1841,3,2,2
1842,3,1,-1
1842,3,0,1
1842,3,1,1
1843,3,1,-1
1843,3,0,1
1843,3,2,1
1844,3,1,-1
1844,3,0,1
1844,3,-2,2
1845,3,1,-1
1845,3,0,1
1845,3,-1,2
1846,3,1,-1
1846,3,0,1
1846,3,0,2
1847,3,1,-1
1847,3,0,1
1847,3,1,2
1848,3,1,-1
1848,3,0,1
1848,3,2,2
1849,3,1,-1
1849,3,1,1
1849,3,2,1
1850,3,1,-1
1850,3,1,1
1850,3,-2,2
1851,3,1,-1
1851,3,1,1
1851,3,-1,2
1852,3,1,-1
1852,3,1,1
1852,3,0,2
1853,3,1,-1
1853,3,1,1
1853,3,1,2
1854,3,1,-1
1854,3,1,1
1854,3,2,2
1855,3,1,-1
1855,3,2,1
1855,3,-2,2
1856,3,1,-1
1856,3,2,1
1856,3,-1,2
1857,3,1,-1
1857,3,2,1
1857,3,0,2
1858,3,1,-1
1858,3,2,1
1858,3,1,2
1859,3,1,-1
1859,3,2,1
1859,3,2,2
1860,3,1,-1
1860,3,-2,2
1860,3,-1,2
1861,3,1,-1
1861,3,-2,2
1861,3,0,2
1862,3,1,-1
1862,3,-2,2
1862,3,1,2
1863,3,1,-1
1863,3,-2,2
1863,3,2,2
1864,3,1,-1
1864,3,-1,2
1864,3,0,2
1865,3,1,-1
1865,3,-1,2
1865,3,1,2
1866,3,1,-1
1866,3,-1,2
1866,3,2,2
1867,3,1,-1
1867,3,0,2
1867,3,1,2
1868,3,1,-1
1868,3,0,2
1868,3,2,2
1869,3,1,-1
1869,3,1,2
1869,3,2,2
1870,3,2,-1
1870,3,-2,0
1870,3,-1,0
1871,3,2,-1
1871,3,-2,0
1871,3,1,0
1872,3,2,-1
1872,3,-2,0
1872,3,2,0
1873,3,2,-1
1873,3,-2,0
1873,3,-2,1
1874,3,2,-1
1874,3,-2,0
1874,3,-1,1
1875,3,2,-1
1875,3,-2,0
1875,3,0,1
1876,3,2,-1
1876,3,-2,0
1876,3,1,1
1877,3,2,-1
1877,3,-2,0
1877,3,2,1
1878,3,2,-1
1878,3,-2,0
1878,3,-2,2
1879,3,2,-1
1879,3,-2,0
1879,3,-1,2
1880,3,2,-1
1880,3,-2,0
1880,3,0,2
1881,3,2,-1
1881,3,-2,0
1881,3,1,2
1882,3,2,-1
1882,3,-2,0
1882,3,2,2
1883,3,2,-1
1883,3,-1,0
1883,3,1,0
1884,3,2,-1
1884,3,-1,0
1884,3,2,0
1885,3,2,-1
1885,3,-1,0
1885,3,-2,1
1886,3,2,-1
1886,3,-1,0
1886,3,-1,1
1887,3,2,-1
1887,3,-1,0
1887,3,0,1
1888,3,2,-1
1888,3,-1,0
1888,3,1,1
1889,3,2,-1
1889,3,-1,0
1889,3,2,1
1890,3,2,-1
1890,3,-1,0
1890,3,-2,2
1891,3,2,-1
1891,3,-1,0
1891,3,-1,2
1892,3,2,-1
1892,3,-1,0
1892,3,0,2
1893,3,2,-1
1893,3,-1,0
1893,3,1,2
1894,3,2,-1
1894,3,-1,0
1894,3,2,2
1895,3,2,-1
1895,3,1,0
1895,3,2,0
1896,3,2,-1
1896,3,1,0
1896,3,-2,1
1897,3,2,-1
1897,3,1,0
1897,3,-1,1
1898,3,2,-1
1898,3,1,0
1898,3,0,1
1899,3,2,-1
1899,3,1,0
1899,3,1,1
1900,3,2,-1
1900,3,1,0
1900,3,2,1
1901,3,2,-1
1901,3,1,0
1901,3,-2,2
1902,3,2,-1
1902,3,1,0
1902,3,-1,2
1903,3,2,-1
1903,3,1,0
1903,3,0,2
1904,3,2,-1
1904,3,1,0
1904,3,1,2
1905,3,2,-1
1905,3,1,0
1905,3,2,2
1906,3,2,-1
1906,3,2,0
1906,3,-2,1
1907,3,2,-1
1907,3,2,0
1907,3,-1,1
1908,3,2,-1
1908,3,2,0
1908,3,0,1
1909,3,2,-1
1909,3,2,0
1909,3,1,1
1910,3,2,-1
1910,3,2,0
1910,3,2,1
1911,3,2,-1
1911,3,2,0
1911,3,-2,2
1912,3,2,-1
1912,3,2,0
1912,3,-1,2
1913,3,2,-1
1913,3,2,0
1913,3,0,2
1914,3,2,-1
1914,3,2,0
1914,3,1,2
1915,3,2,-1
1915,3,2,0
1915,3,2,2
1916,3,2,-1
1916,3,-2,1
1916,3,-1,1
1917,3,2,-1
1917,3,-2,1
1917,3,0,1
1918,3,2,-1
1918,3,-2,1
1918,3,1,1
1919,3,2,-1
1919,3,-2,1
1919,3,2,1
1920,3,2,-1
1920,3,-2,1
1920,3,-2,2
1921,3,2,-1
1921,3,-2,1
1921,3,-1,2
1922,3,2,-1
1922,3,-2,1
1922,3,0,2
1923,3,2,-1
1923,3,-2,1
1923,3,1,2
1924,3,2,-1
1924,3,-2,1
1924,3,2,2
1925,3,2,-1
1925,3,-1,1
1925,3,0,1
1926,3,2,-1
1926,3,-1,1
1926,3,1,1
1927,3,2,-1
1927,3,-1,1
1927,3,2,1
1928,3,2,-1
1928,3,-1,1
1928,3,-2,2
1929,3,2,-1
1929,3,-1,1
1929,3,-1,2
1930,3,2,-1
1930,3,-1,1
1930,3,0,2
1931,3,2,-1
1931,3,-1,1
1931,3,1,2
1932,3,2,-1
1932,3,-1,1
1932,3,2,2
1933,3,2,-1
1933,3,0,1
1933,3,1,1
1934,3,2,-1
1934,3,0,1
1934,3,2,1
1935,3,2,-1
1935,3,0,1
1935,3,-2,2
1936,3,2,-1
1936,3,0,1
1936,3,-1,2
1937,3,2,-1
1937,3,0,1
1937,3,0,2
1938,3,2,-1
1938,3,0,1
1938,3,1,2
1939,3,2,-1
1939,3,0,1
1939,3,2,2
1940,3,2,-1
1940,3,1,1
1940,3,2,1
1941,3,2,-1
1941,3,1,1
1941,3,-2,2
1942,3,2,-1
1942,3,1,1
1942,3,-1,2
1943,3,2,-1
1943,3,1,1
1943,3,0,2
1944,3,2,-1
1944,3,1,1
1944,3,1,2
1945,3,2,-1
1945,3,1,1
1945,3,2,2
1946,3,2,-1
1946,3,2,1
1946,3,-2,2
1947,3,2,-1
1947,3,2,1
1947,3,-1,2
1948,3,2,-1
1948,3,2,1
1948,3,0,2
1949,3,2,-1
1949,3,2,1
1949,3,1,2
1950,3,2,-1
1950,3,2,1
1950,3,2,2
1951,3,2,-1
1951,3,-2,2
1951,3,-1,2
1952,3,2,-1
1952,3,-2,2
1952,3,0,2
1953,3,2,-1
1953,3,-2,2
1953,3,1,2
1954,3,2,-1
1954,3,-2,2
1954,3,2,2
1955,3,2,-1
1955,3,-1,2
1955,3,0,2
1956,3,2,-1
1956,3,-1,2
1956,3,1,2
1957,3,2,-1
1957,3,-1,2
1957,3,2,2
1958,3,2,-1
1958,3,0,2
1958,3,1,2
1959,3,2,-1
1959,3,0,2
1959,3,2,2
1960,3,2,-1
1960,3,1,2
1960,3,2,2
1961,3,-2,0
1961,3,-1,0
1961,3,1,0
1962,3,-2,0
1962,3,-1,0
1962,3,2,0
1963,3,-2,0
1963,3,-1,0
1963,3,-2,1
1964,3,-2,0
1964,3,-1,0
1964,3,-1,1
1965,3,-2,0
1965,3,-1,0
1965,3,0,1
1966,3,-2,0
1966,3,-1,0
1966,3,1,1
1967,3,-2,0
1967,3,-1,0
1967,3,2,1
1968,3,-2,0
1968,3,-1,0
1968,3,-2,2
1969,3,-2,0
1969,3,-1,0
1969,3,-1,2
1970,3,-2,0
1970,3,-1,0
1970,3,0,2
1971,3,-2,0
1971,3,-1,0
1971,3,1,2
1972,3,-2,0
1972,3,-1,0
1972,3,2,2
1973,3,-2,0
1973,3,1,0
1973,3,2,0
1974,3,-2,0
1974,3,1,0
1974,3,-2,1
1975,3,-2,0
1975,3,1,0
1975,3,-1,1
1976,3,-2,0
1976,3,1,0
1976,3,0,1
1977,3,-2,0
1977,3,1,0
1977,3,1,1
1978,3,-2,0
1978,3,1,0
1978,3,2,1
1979,3,-2,0
1979,3,1,0
1979,3,-2,2
1980,3,-2,0
1980,3,1,0
1980,3,-1,2
1981,3,-2,0
1981,3,1,0
1981,3,0,2
1982,3,-2,0
1982,3,1,0
1982,3,1,2
1983,3,-2,0
1983,3,1,0
1983,3,2,2
1984,3,-2,0
1984,3,2,0
1984,3,-2,1
1985,3,-2,0
1985,3,2,0
1985,3,-1,1
1986,3,-2,0
1986,3,2,0
1986,3,0,1
1987,3,-2,0
1987,3,2,0
1987,3,1,1
1988,3,-2,0
1988,3,2,0
1988,3,2,1
1989,3,-2,0
1989,3,2,0
1989,3,-2,2
1990,3,-2,0
1990,3,2,0
1990,3,-1,2
1991,3,-2,0
1991,3,2,0
1991,3,0,2
1992,3,-2,0
1992,3,2,0
1992,3,1,2
1993,3,-2,0
1993,3,2,0
1993,3,2,2
1994,3,-2,0
1994,3,-2,1
1994,3,-1,1
1995,3,-2,0
1995,3,-2,1
1995,3,0,1
1996,3,-2,0
1996,3,-2,1
1996,3,1,1
1997,3,-2,0
1997,3,-2,1
1997,3,2,1
1998,3,-2,0
1998,3,-2,1
1998,3,-2,2
1999,3,-2,0
1999,3,-2,1
1999,3,-1,2
2000,3,-2,0
2000,3,-2,1
2000,3,0,2
2001,3,-2,0
2001,3,-2,1
2001,3,1,2
2002,3,-2,0
2002,3,-2,1
2002,3,2,2
2003,3,-2,0
2003,3,-1,1
2003,3,0,1
2004,3,-2,0
2004,3,-1,1
2004,3,1,1
2005,3,-2,0
2005,3,-1,1
2005,3,2,1
2006,3,-2,0
2006,3,-1,1
2006,3,-2,2
2007,3,-2,0
2007,3,-1,1
2007,3,-1,2
2008,3,-2,0
2008,3,-1,1
2008,3,0,2
2009,3,-2,0
2009,3,-1,1
2009,3,1,2
2010,3,-2,0
2010,3,-1,1
2010,3,2,2
2011,3,-2,0
2011,3,0,1
2011,3,1,1
2012,3,-2,0
2012,3,0,1
2012,3,2,1
2013,3,-2,0
2013,3,0,1
2013,3,-2,2
2014,3,-2,0
2014,3,0,1
2014,3,-1,2
2015,3,-2,0
2015,3,0,1
2015,3,0,2
2016,3,-2,0
2016,3,0,1
2016,3,1,2
2017,3,-2,0
2017,3,0,1
2017,3,2,2
2018,3,-2,0
2018,3,1,1
2018,3,2,1
2019,3,-2,0
2019,3,1,1
2019,3,-2,2
2020,3,-2,0
2020,3,1,1
2020,3,-1,2
2021,3,-2,0
2021,3,1,1
2021,3,0,2
2022,3,-2,0
2022,3,1,1
2022,3,1,2
2023,3,-2,0
2023,3,1,1
2023,3,2,2
2024,3,-2,0
2024,3,2,1
2024,3,-2,2
2025,3,-2,0
2025,3,2,1
2025,3,-1,2
2026,3,-2,0
2026,3,2,1
2026,3,0,2
2027,3,-2,0
2027,3,2,1
2027,3,1,2
2028,3,-2,0
2028,3,2,1
2028,3,2,2
2029,3,-2,0
2029,3,-2,2
2029,3,-1,2
2030,3,-2,0
2030,3,-2,2
2030,3,0,2
2031,3,-2,0
2031,3,-2,2
2031,3,1,2
2032,3,-2,0
2032,3,-2,2
2032,3,2,2
2033,3,-2,0
2033,3,-1,2
2033,3,0,2
2034,3,-2,0
2034,3,-1,2
2034,3,1,2
2035,3,-2,0
2035,3,-1,2
2035,3,2,2
2036,3,-2,0
2036,3,0,2
2036,3,1,2
2037,3,-2,0
2037,3,0,2
2037,3,2,2
2038,3,-2,0
2038,3,1,2
2038,3,2,2
2039,3,-1,0
2039,3,1,0
2039,3,2,0
2040,3,-1,0
2040,3,1,0
2040,3,-2,1
2041,3,-1,0
2041,3,1,0
2041,3,-1,1
2042,3,-1,0
2042,3,1,0
2042,3,0,1
2043,3,-1,0
2043,3,1,0
2043,3,1,1
2044,3,-1,0
2044,3,1,0
2044,3,2,1
2045,3,-1,0
2045,3,1,0
2045,3,-2,2
2046,3,-1,0
2046,3,1,0
2046,3,-1,2
2047,3,-1,0
2047,3,1,0
2047,3,0,2
2048,3,-1,0
2048,3,1,0
2048,3,1,2
2049,3,-1,0
2049,3,1,0
2049,3,2,2
2050,3,-1,0
2050,3,2,0
2050,3,-2,1
2051,3,-1,0
2051,3,2,0
2051,3,-1,1
2052,3,-1,0
2052,3,2,0
2052,3,0,1
2053,3,-1,0
2053,3,2,0
2053,3,1,1
2054,3,-1,0
2054,3,2,0
2054,3,2,1
2055,3,-1,0
2055,3,2,0
2055,3,-2,2
2056,3,-1,0
2056,3,2,0
2056,3,-1,2
2057,3,-1,0
2057,3,2,0
2057,3,0,2
2058,3,-1,0
2058,3,2,0
2058,3,1,2
2059,3,-1,0
2059,3,2,0
2059,3,2,2
2060,3,-1,0
2060,3,-2,1
2060,3,-1,1
2061,3,-1,0
2061,3,-2,1
2061,3,0,1
2062,3,-1,0
2062,3,-2,1
2062,3,1,1
2063,3,-1,0
2063,3,-2,1
2063,3,2,1
2064,3,-1,0
2064,3,-2,1
2064,3,-2,2
2065,3,-1,0
2065,3,-2,1
2065,3,-1,2
2066,3,-1,0
2066,3,-2,1
2066,3,0,2
2067,3,-1,0
2067,3,-2,1
2067,3,1,2
2068,3,-1,0
2068,3,-2,1
2068,3,2,2
2069,3,-1,0
2069,3,-1,1
2069,3,0,1
2070,3,-1,0
2070,3,-1,1
2070,3,1,1
2071,3,-1,0
2071,3,-1,1
2071,3,2,1
2072,3,-1,0
2072,3,-1,1
2072,3,-2,2
2073,3,-1,0
2073,3,-1,1
2073,3,-1,2
2074,3,-1,0
2074,3,-1,1
2074,3,0,2
2075,3,-1,0
2075,3,-1,1
2075,3,1,2
2076,3,-1,0
2076,3,-1,1
2076,3,2,2
2077,3,-1,0
2077,3,0,1
2077,3,1,1
2078,3,-1,0
2078,3,0,1
2078,3,2,1
2079,3,-1,0
2079,3,0,1
2079,3,-2,2
2080,3,-1,0
2080,3,0,1
2080,3,-1,2
2081,3,-1,0
2081,3,0,1
2081,3,0,2
2082,3,-1,0
2082,3,0,1
2082,3,1,2
2083,3,-1,0
2083,3,0,1
2083,3,2,2
2084,3,-1,0
2084,3,1,1
2084,3,2,1
2085,3,-1,0
2085,3,1,1
2085,3,-2,2
2086,3,-1,0
2086,3,1,1
2086,3,-1,2
2087,3,-1,0
2087,3,1,1
2087,3,0,2
2088,3,-1,0
2088,3,1,1
2088,3,1,2
2089,3,-1,0
2089,3,1,1
2089,3,2,2
2090,3,-1,0
2090,3,2,1
2090,3,-2,2
2091,3,-1,0
2091,3,2,1
2091,3,-1,2
2092,3,-1,0
2092,3,2,1
2092,3,0,2
2093,3,-1,0
2093,3,2,1
2093,3,1,2
2094,3,-1,0
2094,3,2,1
2094,3,2,2
2095,3,-1,0
2095,3,-2,2
2095,3,-1,2
2096,3,-1,0
2096,3,-2,2
2096,3,0,2
2097,3,-1,0
2097,3,-2,2
2097,3,1,2
2098,3,-1,0
2098,3,-2,2
2098,3,2,2
2099,3,-1,0
2099,3,-1,2
2099,3,0,2
2100,3,-1,0
2100,3,-1,2
2100,3,1,2
2101,3,-1,0
2101,3,-1,2
2101,3,2,2
2102,3,-1,0
2102,3,0,2
2102,3,1,2
2103,3,-1,0
2103,3,0,2
2103,3,2,2
2104,3,-1,0
2104,3,1,2
2104,3,2,2
2105,3,1,0
2105,3,2,0
2105,3,-2,1
2106,3,1,0
2106,3,2,0
2106,3,-1,1
2107,3,1,0
2107,3,2,0
2107,3,0,1
2108,3,1,0
2108,3,2,0
2108,3,1,1
2109,3,1,0
2109,3,2,0
2109,3,2,1
2110,3,1,0
2110,3,2,0
2110,3,-2,2
2111,3,1,0
2111,3,2,0
2111,3,-1,2
2112,3,1,0
2112,3,2,0
2112,3,0,2
2113,3,1,0
2113,3,2,0
2113,3,1,2
2114,3,1,0
2114,3,2,0
2114,3,2,2
2115,3,1,0
2115,3,-2,1
2115,3,-1,1
2116,3,1,0
2116,3,-2,1
2116,3,0,1
2117,3,1,0
2117,3,-2,1
2117,3,1,1
2118,3,1,0
2118,3,-2,1
2118,3,2,1
2119,3,1,0
2119,3,-2,1
2119,3,-2,2
2120,3,1,0
2120,3,-2,1
2120,3,-1,2
2121,3,1,0
2121,3,-2,1
2121,3,0,2
2122,3,1,0
2122,3,-2,1
2122,3,1,2
2123,3,1,0
2123,3,-2,1
2123,3,2,2
2124,3,1,0
2124,3,-1,1
2124,3,0,1
2125,3,1,0
2125,3,-1,1
2125,3,1,1
2126,3,1,0
2126,3,-1,1
2126,3,2,1
2127,3,1,0
2127,3,-1,1
2127,3,-2,2
2128,3,1,0
2128,3,-1,1
2128,3,-1,2
2129,3,1,0
2129,3,-1,1
2129,3,0,2
2130,3,1,0
2130,3,-1,1
2130,3,1,2
2131,3,1,0
2131,3,-1,1
2131,3,2,2
2132,3,1,0
2132,3,0,1
2132,3,1,1
2133,3,1,0
2133,3,0,1
2133,3,2,1
2134,3,1,0
2134,3,0,1
2134,3,-2,2
2135,3,1,0
2135,3,0,1
2135,3,-1,2
2136,3,1,0
2136,3,0,1
2136,3,0,2
2137,3,1,0
2137,3,0,1
2137,3,1,2
2138,3,1,0
2138,3,0,1
2138,3,2,2
2139,3,1,0
2139,3,1,1
2139,3,2,1
2140,3,1,0
2140,3,1,1
2140,3,-2,2
2141,3,1,0
2141,3,1,1
2141,3,-1,2
2142,3,1,0
2142,3,1,1
2142,3,0,2
2143,3,1,0
2143,3,1,1
2143,3,1,2
2144,3,1,0
2144,3,1,1
2144,3,2,2
2145,3,1,0
2145,3,2,1
2145,3,-2,2
2146,3,1,0
2146,3,2,1
2146,3,-1,2
2147,3,1,0
2147,3,2,1
2147,3,0,2
2148,3,1,0
2148,3,2,1
2148,3,1,2
2149,3,1,0
2149,3,2,1
2149,3,2,2
2150,3,1,0
2150,3,-2,2
2150,3,-1,2
2151,3,1,0
2151,3,-2,2
2151,3,0,2
2152,3,1,0
2152,3,-2,2
2152,3,1,2
2153,3,1,0
2153,3,-2,2
2153,3,2,2
2154,3,1,0
2154,3,-1,2
2154,3,0,2
2155,3,1,0
2155,3,-1,2
2155,3,1,2
2156,3,1,0
2156,3,-1,2
2156,3,2,2
2157,3,1,0
2157,3,0,2
2157,3,1,2
2158,3,1,0
2158,3,0,2
2158,3,2,2
2159,3,1,0
2159,3,1,2
2159,3,2,2
2160,3,2,0
2160,3,-2,1
2160,3,-1,1
2161,3,2,0
2161,3,-2,1
2161,3,0,1
2162,3,2,0
2162,3,-2,1
2162,3,1,1
2163,3,2,0
2163,3,-2,1
2163,3,2,1
2164,3,2,0
2164,3,-2,1
2164,3,-2,2
2165,3,2,0
2165,3,-2,1
2165,3,-1,2
2166,3,2,0
2166,3,-2,1
2166,3,0,2
2167,3,2,0
2167,3,-2,1
2167,3,1,2
2168,3,2,0
2168,3,-2,1
2168,3,2,2
2169,3,2,0
2169,3,-1,1
2169,3,0,1
2170,3,2,0
2170,3,-1,1
2170,3,1,1
2171,3,2,0
2171,3,-1,1
2171,3,2,1
2172,3,2,0
2172,3,-1,1
2172,3,-2,2
2173,3,2,0
2173,3,-1,1
2173,3,-1,2
2174,3,2,0
2174,3,-1,1
2174,3,0,2
2175,3,2,0
2175,3,-1,1
2175,3,1,2
2176,3,2,0
2176,3,-1,1
2176,3,2,2
2177,3,2,0
2177,3,0,1
2177,3,1,1
2178,3,2,0
2178,3,0,1
2178,3,2,1
2179,3,2,0
2179,3,0,1
2179,3,-2,2
2180,3,2,0
2180,3,0,1
2180,3,-1,2
2181,3,2,0
2181,3,0,1
2181,3,0,2
2182,3,2,0
2182,3,0,1
2182,3,1,2
2183,3,2,0
2183,3,0,1
2183,3,2,2
2184,3,2,0
2184,3,1,1
2184,3,2,1
2185,3,2,0
2185,3,1,1
2185,3,-2,2
2186,3,2,0
2186,3,1,1
2186,3,-1,2
2187,3,2,0
2187,3,1,1
2187,3,0,2
2188,3,2,0
2188,3,1,1
2188,3,1,2
2189,3,2,0
2189,3,1,1
2189,3,2,2
2190,3,2,0
2190,3,2,1
2190,3,-2,2
2191,3,2,0
2191,3,2,1
2191,3,-1,2
2192,3,2,0
2192,3,2,1
2192,3,0,2
2193,3,2,0
2193,3,2,1
2193,3,1,2
2194,3,2,0
2194,3,2,1
2194,3,2,2
2195,3,2,0
2195,3,-2,2
2195,3,-1,2
2196,3,2,0
2196,3,-2,2
2196,3,0,2
2197,3,2,0
2197,3,-2,2
2197,3,1,2
2198,3,2,0
2198,3,-2,2
2198,3,2,2
2199,3,2,0
2199,3,-1,2
2199,3,0,2
2200,3,2,0
2200,3,-1,2
2200,3,1,2
2201,3,2,0
2201,3,-1,2
2201,3,2,2
2202,3,2,0
2202,3,0,2
2202,3,1,2
2203,3,2,0
2203,3,0,2
2203,3,2,2
2204,3,2,0
2204,3,1,2
2204,3,2,2
2205,3,-2,1
2205,3,-1,1
2205,3,0,1
2206,3,-2,1
2206,3,-1,1
2206,3,1,1
2207,3,-2,1
2207,3,-1,1
2207,3,2,1
2208,3,-2,1
2208,3,-1,1
2208,3,-2,2
2209,3,-2,1
2209,3,-1,1
2209,3,-1,2
2210,3,-2,1
2210,3,-1,1
2210,3,0,2
2211,3,-2,1
2211,3,-1,1
2211,3,1,2
2212,3,-2,1
2212,3,-1,1
2212,3,2,2
2213,3,-2,1
2213,3,0,1
2213,3,1,1
2214,3,-2,1
2214,3,0,1
2214,3,2,1
2215,3,-2,1
2215,3,0,1
2215,3,-2,2
2216,3,-2,1
2216,3,0,1
2216,3,-1,2
2217,3,-2,1
2217,3,0,1
2217,3,0,2
2218,3,-2,1
2218,3,0,1
2218,3,1,2
2219,3,-2,1
2219,3,0,1
2219,3,2,2
2220,3,-2,1
2220,3,1,1
2220,3,2,1
2221,3,-2,1
2221,3,1,1
2221,3,-2,2
2222,3,-2,1
2222,3,1,1
2222,3,-1,2
2223,3,-2,1
2223,3,1,1
2223,3,0,2
2224,3,-2,1
2224,3,1,1
2224,3,1,2
2225,3,-2,1
2225,3,1,1
2225,3,2,2
2226,3,-2,1
2226,3,2,1
2226,3,-2,2
2227,3,-2,1
2227,3,2,1
2227,3,-1,2
2228,3,-2,1
2228,3,2,1
2228,3,0,2
2229,3,-2,1
2229,3,2,1
2229,3,1,2
2230,3,-2,1
2230,3,2,1
2230,3,2,2
2231,3,-2,1
2231,3,-2,2
2231,3,-1,2
2232,3,-2,1
2232,3,-2,2
2232,3,0,2
2233,3,-2,1
2233,3,-2,2
2233,3,1,2
2234,3,-2,1
2234,3,-2,2
2234,3,2,2
2235,3,-2,1
2235,3,-1,2
2235,3,0,2
2236,3,-2,1
2236,3,-1,2
2236,3,1,2
2237,3,-2,1
2237,3,-1,2
2237,3,2,2
2238,3,-2,1
2238,3,0,2
2238,3,1,2
2239,3,-2,1
2239,3,0,2
2239,3,2,2
2240,3,-2,1
2240,3,1,2
2240,3,2,2
2241,3,-1,1
2241,3,0,1
2241,3,1,1
2242,3,-1,1
2242,3,0,1
2242,3,2,1
2243,3,-1,1
2243,3,0,1
2243,3,-2,2
2244,3,-1,1
2244,3,0,1
2244,3,-1,2
2245,3,-1,1
2245,3,0,1
2245,3,0,2
2246,3,-1,1
2246,3,0,1
2246,3,1,2
2247,3,-1,1
2247,3,0,1
2247,3,2,2
2248,3,-1,1
2248,3,1,1
2248,3,2,1
2249,3,-1,1
2249,3,1,1
2249,3,-2,2
2250,3,-1,1
2250,3,1,1
2250,3,-1,2
2251,3,-1,1
2251,3,1,1
2251,3,0,2
2252,3,-1,1
2252,3,1,1
2252,3,1,2
2253,3,-1,1
2253,3,1,1
2253,3,2,2
2254,3,-1,1
2254,3,2,1
2254,3,-2,2
2255,3,-1,1
2255,3,2,1
2255,3,-1,2
2256,3,-1,1
2256,3,2,1
2256,3,0,2
2257,3,-1,1
2257,3,2,1
2257,3,1,2
2258,3,-1,1
2258,3,2,1
2258,3,2,2
2259,3,-1,1
2259,3,-2,2
2259,3,-1,2
2260,3,-1,1
2260,3,-2,2
2260,3,0,2
2261,3,-1,1
2261,3,-2,2
2261,3,1,2
2262,3,-1,1
2262,3,-2,2
2262,3,2,2
2263,3,-1,1
2263,3,-1,2
2263,3,0,2
2264,3,-1,1
2264,3,-1,2
2264,3,1,2
2265,3,-1,1
2265,3,-1,2
2265,3,2,2
2266,3,-1,1
2266,3,0,2
2266,3,1,2
2267,3,-1,1
2267,3,0,2
2267,3,2,2
2268,3,-1,1
2268,3,1,2
2268,3,2,2
2269,3,0,1
2269,3,1,1
2269,3,2,1
2270,3,0,1
2270,3,1,1
2270,3,-2,2
2271,3,0,1
2271,3,1,1
2271,3,-1,2
2272,3,0,1
2272,3,1,1
2272,3,0,2
2273,3,0,1
2273,3,1,1
2273,3,1,2
2274,3,0,1
2274,3,1,1
2274,3,2,2
2275,3,0,1
2275,3,2,1
2275,3,-2,2
2276,3,0,1
2276,3,2,1
2276,3,-1,2
2277,3,0,1
2277,3,2,1
2277,3,0,2
2278,3,0,1
2278,3,2,1
2278,3,1,2
2279,3,0,1
2279,3,2,1
2279,3,2,2
2280,3,0,1
2280,3,-2,2
2280,3,-1,2
2281,3,0,1
2281,3,-2,2
2281,3,0,2
2282,3,0,1
2282,3,-2,2
2282,3,1,2
2283,3,0,1
2283,3,-2,2
2283,3,2,2
2284,3,0,1
2284,3,-1,2
2284,3,0,2
2285,3,0,1
2285,3,-1,2
2285,3,1,2
2286,3,0,1
2286,3,-1,2
2286,3,2,2
2287,3,0,1
2287,3,0,2
2287,3,1,2
2288,3,0,1
2288,3,0,2
2288,3,2,2
2289,3,0,1
2289,3,1,2
2289,3,2,2
2290,3,1,1
2290,3,2,1
2290,3,-2,2
2291,3,1,1
2291,3,2,1
2291,3,-1,2
2292,3,1,1
2292,3,2,1
2292,3,0,2
2293,3,1,1
2293,3,2,1
2293,3,1,2
2294,3,1,1
2294,3,2,1
2294,3,2,2
2295,3,1,1
2295,3,-2,2
2295,3,-1,2
2296,3,1,1
2296,3,-2,2
2296,3,0,2
2297,3,1,1
2297,3,-2,2
2297,3,1,2
2298,3,1,1
2298,3,-2,2
2298,3,2,2
2299,3,1,1
2299,3,-1,2
2299,3,0,2
2300,3,1,1
2300,3,-1,2
2300,3,1,2
2301,3,1,1
2301,3,-1,2
2301,3,2,2
2302,3,1,1
2302,3,0,2
2302,3,1,2
2303,3,1,1
2303,3,0,2
2303,3,2,2
2304,3,1,1
2304,3,1,2
2304,3,2,2
2305,3,2,1
2305,3,-2,2
2305,3,-1,2
2306,3,2,1
2306,3,-2,2
2306,3,0,2
2307,3,2,1
2307,3,-2,2
2307,3,1,2
2308,3,2,1
2308,3,-2,2
2308,3,2,2
2309,3,2,1
2309,3,-1,2
2309,3,0,2
2310,3,2,1
2310,3,-1,2
2310,3,1,2
2311,3,2,1
2311,3,-1,2
2311,3,2,2
2312,3,2,1
2312,3,0,2
2312,3,1,2
2313,3,2,1
2313,3,0,2
2313,3,2,2
2314,3,2,1
2314,3,1,2
2314,3,2,2
2315,3,-2,2
2315,3,-1,2
2315,3,0,2
2316,3,-2,2
2316,3,-1,2
2316,3,1,2
2317,3,-2,2
2317,3,-1,2
2317,3,2,2
2318,3,-2,2
2318,3,0,2
2318,3,1,2
2319,3,-2,2
2319,3,0,2
2319,3,2,2
2320,3,-2,2
2320,3,1,2
2320,3,2,2
2321,3,-1,2
2321,3,0,2
2321,3,1,2
2322,3,-1,2
2322,3,0,2
2322,3,2,2
2323,3,-1,2
2323,3,1,2
2323,3,2,2
2324,3,0,2
2324,3,1,2
2324,3,2,2
2325,4,-2,-2
2325,4,-1,-2
2325,4,0,-2
2325,4,1,-2
2326,4,-2,-2
2326,4,-1,-2
2326,4,0,-2
2326,4,2,-2
2327,4,-2,-2
2327,4,-1,-2
2327,4,0,-2
2327,4,-2,-1
2328,4,-2,-2
2328,4,-1,-2
2328,4,0,-2
2328,4,-1,-1
2329,4,-2,-2
2329,4,-1,-2
2329,4,0,-2
2329,4,0,-1
2330,4,-2,-2
2330,4,-1,-2
2330,4,0,-2
2330,4,1,-1
2331,4,-2,-2
2331,4,-1,-2
2331,4,0,-2
2331,4,2,-1
2332,4,-2,-2
2332,4,-1,-2
2332,4,0,-2
2332,4,-2,0
2333,4,-2,-2
2333,4,-1,-2
2333,4,0,-2
2333,4,-1,0
2334,4,-2,-2
2334,4,-1,-2
2334,4,0,-2
2334,4,1,0
2335,4,-2,-2
2335,4,-1,-2
2335,4,0,-2
2335,4,2,0
2336,4,-2,-2
2336,4,-1,-2
2336,4,0,-2
2336,4,-2,1
2337,4,-2,-2
2337,4,-1,-2
2337,4,0,-2
2337,4,-1,1
2338,4,-2,-2
2338,4,-1,-2
2338,4,0,-2
2338,4,0,1
2339,4,-2,-2
2339,4,-1,-2
2339,4,0,-2
2339,4,1,1
2340,4,-2,-2
2340,4,-1,-2
2340,4,0,-2
2340,4,2,1
2341,4,-2,-2
2341,4,-1,-2
2341,4,0,-2
2341,4,-2,2
2342,4,-2,-2
2342,4,-1,-2
2342,4,0,-2
2342,4,-1,2
2343,4,-2,-2
2343,4,-1,-2
2343,4,0,-2
2343,4,0,2
2344,4,-2,-2
2344,4,-1,-2
2344,4,0,-2
2344,4,1,2
2345,4,-2,-2
2345,4,-1,-2
2345,4,0,-2
2345,4,2,2
2346,4,-2,-2
2346,4,-1,-2
2346,4,1,-2
2346,4,2,-2
2347,4,-2,-2
2347,4,-1,-2
2347,4,1,-2
2347,4,-2,-1
2348,4,-2,-2
2348,4,-1,-2
2348,4,1,-2
2348,4,-1,-1
2349,4,-2,-2
2349,4,-1,-2
2349,4,1,-2
2349,4,0,-1
2350,4,-2,-2
2350,4,-1,-2
2350,4,1,-2
2350,4,1,-1
2351,4,-2,-2
2351,4,-1,-2
2351,4,1,-2
2351,4,2,-1
2352,4,-2,-2
2352,4,-1,-2
2352,4,1,-2
2352,4,-2,0
2353,4,-2,-2
2353,4,-1,-2
2353,4,1,-2
2353,4,-1,0
2354,4,-2,-2
2354,4,-1,-2
2354,4,1,-2
2354,4,1,0
2355,4,-2,-2
2355,4,-1,-2
2355,4,1,-2
2355,4,2,0
2356,4,-2,-2
2356,4,-1,-2
2356,4,1,-2
2356,4,-2,1
2357,4,-2,-2
2357,4,-1,-2
2357,4,1,-2
2357,4,-1,1
2358,4,-2,-2
2358,4,-1,-2
2358,4,1,-2
2358,4,0,1
2359,4,-2,-2
2359,4,-1,-2
2359,4,1,-2
2359,4,1,1
2360,4,-2,-2
2360,4,-1,-2
2360,4,1,-2
2360,4,2,1
2361,4,-2,-2
2361,4,-1,-2
2361,4,1,-2
2361,4,-2,2
2362,4,-2,-2
2362,4,-1,-2
2362,4,1,-2
2362,4,-1,2
2363,4,-2,-2
2363,4,-1,-2
2363,4,1,-2
2363,4,0,2
2364,4,-2,-2
2364,4,-1,-2
2364,4,1,-2
2364,4,1,2
2365,4,-2,-2
2365,4,-1,-2
2365,4,1,-2
2365,4,2,2
2366,4,-2,-2
2366,4,-1,-2
2366,4,2,-2
2366,4,-2,-1
2367,4,-2,-2
2367,4,-1,-2
2367,4,2,-2
2367,4,-1,-1
2368,4,-2,-2
2368,4,-1,-2
2368,4,2,-2
2368,4,0,-1
2369,4,-2,-2
2369,4,-1,-2
2369,4,2,-2
2369,4,1,-1
2370,4,-2,-2
2370,4,-1,-2
2370,4,2,-2
2370,4,2,-1
2371,4,-2,-2
2371,4,-1,-2
2371,4,2,-2
2371,4,-2,0
2372,4,-2,-2
2372,4,-1,-2
2372,4,2,-2
2372,4,-1,0
2373,4,-2,-2
2373,4,-1,-2
2373,4,2,-2
2373,4,1,0
2374,4,-2,-2
2374,4,-1,-2
2374,4,2,-2
2374,4,2,0
2375,4,-2,-2
2375,4,-1,-2
2375,4,2,-2
2375,4,-2,1
2376,4,-2,-2
2376,4,-1,-2
2376,4,2,-2
2376,4,-1,1
2377,4,-2,-2
2377,4,-1,-2
2377,4,2,-2
2377,4,0,1
2378,4,-2,-2
2378,4,-1,-2
2378,4,2,-2
2378,4,1,1
2379,4,-2,-2
2379,4,-1,-2
2379,4,2,-2
2379,4,2,1
2380,4,-2,-2
2380,4,-1,-2
2380,4,2,-2
2380,4,-2,2
2381,4,-2,-2
2381,4,-1,-2
2381,4,2,-2
2381,4,-1,2
2382,4,-2,-2
2382,4,-1,-2
2382,4,2,-2
2382,4,0,2
2383,4,-2,-2
2383,4,-1,-2
2383,4,2,-2
2383,4,1,2
2384,4,-2,-2
2384,4,-1,-2
2384,4,2,-2
2384,4,2,2
2385,4,-2,-2
2385,4,-1,-2
2385,4,-2,-1
2385,4,-1,-1
2386,4,-2,-2
2386,4,-1,-2
2386,4,-2,-1
2386,4,0,-1
2387,4,-2,-2
2387,4,-1,-2
2387,4,-2,-1
2387,4,1,-1
2388,4,-2,-2
2388,4,-1,-2
2388,4,-2,-1
2388,4,2,-1
2389,4,-2,-2
2389,4,-1,-2
2389,4,-2,-1
2389,4,-2,0
2390,4,-2,-2
2390,4,-1,-2
2390,4,-2,-1
2390,4,-1,0
2391,4,-2,-2
2391,4,-1,-2
2391,4,-2,-1
2391,4,1,0
2392,4,-2,-2
2392,4,-1,-2
2392,4,-2,-1
2392,4,2,0
2393,4,-2,-2
2393,4,-1,-2
2393,4,-2,-1
2393,4,-2,1
2394,4,-2,-2
2394,4,-1,-2
2394,4,-2,-1
2394,4,-1,1
2395,4,-2,-2
2395,4,-1,-2
2395,4,-2,-1
2395,4,0,1
2396,4,-2,-2
2396,4,-1,-2
2396,4,-2,-1
2396,4,1,1
2397,4,-2,-2
2397,4,-1,-2
2397,4,-2,-1
2397,4,2,1
2398,4,-2,-2
2398,4,-1,-2
2398,4,-2,-1
2398,4,-2,2
2399,4,-2,-2
2399,4,-1,-2
2399,4,-2,-1
2399,4,-1,2
2400,4,-2,-2
2400,4,-1,-2
2400,4,-2,-1
2400,4,0,2
2401,4,-2,-2
2401,4,-1,-2
2401,4,-2,-1
2401,4,1,2
2402,4,-2,-2
2402,4,-1,-2
2402,4,-2,-1
2402,4,2,2
2403,4,-2,-2
2403,4,-1,-2
2403,4,-1,-1
2403,4,0,-1
2404,4,-2,-2
2404,4,-1,-2
2404,4,-1,-1
2404,4,1,-1
2405,4,-2,-2
2405,4,-1,-2
2405,4,-1,-1
2405,4,2,-1
2406,4,-2,-2
2406,4,-1,-2
2406,4,-1,-1
2406,4,-2,0
2407,4,-2,-2
2407,4,-1,-2
2407,4,-1,-1
2407,4,-1,0
2408,4,-2,-2
2408,4,-1,-2
2408,4,-1,-1
2408,4,1,0
2409,4,-2,-2
2409,4,-1,-2
2409,4,-1,-1
2409,4,2,0
2410,4,-2,-2
2410,4,-1,-2
2410,4,-1,-1
2410,4,-2,1
2411,4,-2,-2
2411,4,-1,-2
2411,4,-1,-1
2411,4,-1,1
2412,4,-2,-2
2412,4,-1,-2
2412,4,-1,-1
2412,4,0,1
2413,4,-2,-2
2413,4,-1,-2
2413,4,-1,-1
2413,4,1,1
2414,4,-2,-2
2414,4,-1,-2
2414,4,-1,-1
2414,4,2,1
2415,4,-2,-2
2415,4,-1,-2
2415,4,-1,-1
2415,4,-2,2
2416,4,-2,-2
2416,4,-1,-2
2416,4,-1,-1
2416,4,-1,2
2417,4,-2,-2
2417,4,-1,-2
2417,4,-1,-1
2417,4,0,2
2418,4,-2,-2
2418,4,-1,-2
2418,4,-1,-1
2418,4,1,2
2419,4,-2,-2
2419,4,-1,-2
2419,4,-1,-1
2419,4,2,2
2420,4,-2,-2
2420,4,-1,-2
2420,4,0,-1
2420,4,1,-1
2421,4,-2,-2
2421,4,-1,-2
2421,4,0,-1
2421,4,2,-1
2422,4,-2,-2
2422,4,-1,-2
2422,4,0,-1
2422,4,-2,0
2423,4,-2,-2
2423,4,-1,-2
2423,4,0,-1
2423,4,-1,0
2424,4,-2,-2
2424,4,-1,-2
2424,4,0,-1
2424,4,1,0
2425,4,-2,-2
2425,4,-1,-2
2425,4,0,-1
2425,4,2,0
2426,4,-2,-2
2426,4,-1,-2
2426,4,0,-1
2426,4,-2,1
2427,4,-2,-2
2427,4,-1,-2
2427,4,0,-1
2427,4,-1,1
2428,4,-2,-2
2428,4,-1,-2
2428,4,0,-1
2428,4,0,1
2429,4,-2,-2
2429,4,-1,-2
2429,4,0,-1
2429,4,1,1
2430,4,-2,-2
2430,4,-1,-2
2430,4,0,-1
2430,4,2,1
2431,4,-2,-2
2431,4,-1,-2
2431,4,0,-1
2431,4,-2,2
2432,4,-2,-2
2432,4,-1,-2
2432,4,0,-1
2432,4,-1,2
2433,4,-2,-2
2433,4,-1,-2
2433,4,0,-1
2433,4,0,2
2434,4,-2,-2
2434,4,-1,-2
2434,4,0,-1
2434,4,1,2
2435,4,-2,-2
2435,4,-1,-2
2435,4,0,-1
2435,4,2,2
2436,4,-2,-2
2436,4,-1,-2
2436,4,1,-1
2436,4,2,-1
2437,4,-2,-2
2437,4,-1,-2
2437,4,1,-1
2437,4,-2,0
2438,4,-2,-2
2438,4,-1,-2
2438,4,1,-1
2438,4,-1,0
2439,4,-2,-2
2439,4,-1,-2
2439,4,1,-1
2439,4,1,0
2440,4,-2,-2
2440,4,-1,-2
2440,4,1,-1
2440,4,2,0
2441,4,-2,-2
2441,4,-1,-2
2441,4,1,-1
2441,4,-2,1
2442,4,-2,-2
2442,4,-1,-2
2442,4,1,-1
2442,4,-1,1
2443,4,-2,-2
2443,4,-1,-2
2443,4,1,-1
2443,4,0,1
2444,4,-2,-2
2444,4,-1,-2
2444,4,1,-1
2444,4,1,1
2445,4,-2,-2
2445,4,-1,-2
2445,4,1,-1
2445,4,2,1
2446,4,-2,-2
2446,4,-1,-2
2446,4,1,-1
2446,4,-2,2
2447,4,-2,-2
2447,4,-1,-2
2447,4,1,-1
2447,4,-1,2
2448,4,-2,-2
2448,4,-1,-2
2448,4,1,-1
2448,4,0,2
2449,4,-2,-2
2449,4,-1,-2
2449,4,1,-1
2449,4,1,2
2450,4,-2,-2
2450,4,-1,-2
2450,4,1,-1
2450,4,2,2
2451,4,-2,-2
2451,4,-1,-2
2451,4,2,-1
2451,4,-2,0
2452,4,-2,-2
2452,4,-1,-2
2452,4,2,-1
2452,4,-1,0
2453,4,-2,-2
2453,4,-1,-2
2453,4,2,-1
2453,4,1,0
2454,4,-2,-2
2454,4,-1,-2
2454,4,2,-1
2454,4,2,0
2455,4,-2,-2
2455,4,-1,-2
2455,4,2,-1
2455,4,-2,1
2456,4,-2,-2
2456,4,-1,-2
2456,4,2,-1
2456,4,-1,1
2457,4,-2,-2
2457,4,-1,-2
2457,4,2,-1
2457,4,0,1
2458,4,-2,-2
2458,4,-1,-2
2458,4,2,-1
2458,4,1,1
2459,4,-2,-2
2459,4,-1,-2
2459,4,2,-1
2459,4,2,1
2460,4,-2,-2
2460,4,-1,-2
2460,4,2,-1
2460,4,-2,2
2461,4,-2,-2
2461,4,-1,-2
2461,4,2,-1
2461,4,-1,2
2462,4,-2,-2
2462,4,-1,-2
2462,4,2,-1
2462,4,0,2
2463,4,-2,-2
2463,4,-1,-2
2463,4,2,-1
2463,4,1,2
2464,4,-2,-2
2464,4,-1,-2
2464,4,2,-1
2464,4,2,2
2465,4,-2,-2
2465,4,-1,-2
2465,4,-2,0
2465,4,-1,0
2466,4,-2,-2
2466,4,-1,-2
2466,4,-2,0
2466,4,1,0
2467,4,-2,-2
2467,4,-1,-2
2467,4,-2,0
2467,4,2,0
2468,4,-2,-2
2468,4,-1,-2
2468,4,-2,0
2468,4,-2,1
2469,4,-2,-2
2469,4,-1,-2
2469,4,-2,0
2469,4,-1,1
2470,4,-2,-2
2470,4,-1,-2
2470,4,-2,0
2470,4,0,1
2471,4,-2,-2
2471,4,-1,-2
2471,4,-2,0
2471,4,1,1
2472,4,-2,-2
2472,4,-1,-2
2472,4,-2,0
2472,4,2,1
2473,4,-2,-2
2473,4,-1,-2
2473,4,-2,0
2473,4,-2,2
2474,4,-2,-2
2474,4,-1,-2
2474,4,-2,0
2474,4,-1,2
2475,4,-2,-2
2475,4,-1,-2
2475,4,-2,0
2475,4,0,2
2476,4,-2,-2
2476,4,-1,-2
2476,4,-2,0
2476,4,1,2
2477,4,-2,-2
2477,4,-1,-2
2477,4,-2,0
2477,4,2,2
2478,4,-2,-2
2478,4,-1,-2
2478,4,-1,0
2478,4,1,0
2479,4,-2,-2
2479,4,-1,-2
2479,4,-1,0
2479,4,2,0
2480,4,-2,-2
2480,4,-1,-2
2480,4,-1,0
2480,4,-2,1
2481,4,-2,-2
2481,4,-1,-2
2481,4,-1,0
2481,4,-1,1
2482,4,-2,-2
2482,4,-1,-2
2482,4,-1,0
2482,4,0,1
2483,4,-2,-2
2483,4,-1,-2
2483,4,-1,0
2483,4,1,1
2484,4,-2,-2
2484,4,-1,-2
2484,4,-1,0
2484,4,2,1
2485,4,-2,-2
2485,4,-1,-2
2485,4,-1,0
2485,4,-2,2
2486,4,-2,-2
2486,4,-1,-2
2486,4,-1,0
2486,4,-1,2
2487,4,-2,-2
2487,4,-1,-2
2487,4,-1,0
2487,4,0,2
2488,4,-2,-2
2488,4,-1,-2
2488,4,-1,0
2488,4,1,2
2489,4,-2,-2
2489,4,-1,-2
2489,4,-1,0
2489,4,2,2
2490,4,-2,-2
2490,4,-1,-2
2490,4,1,0
2490,4,2,0
2491,4,-2,-2
2491,4,-1,-2
2491,4,1,0
2491,4,-2,1
2492,4,-2,-2
2492,4,-1,-2
2492,4,1,0
2492,4,-1,1
2493,4,-2,-2
2493,4,-1,-2
2493,4,1,0
2493,4,0,1
2494,4,-2,-2
2494,4,-1,-2
2494,4,1,0
2494,4,1,1
2495,4,-2,-2
2495,4,-1,-2
2495,4,1,0
2495,4,2,1
2496,4,-2,-2
2496,4,-1,-2
2496,4,1,0
2496,4,-2,2
2497,4,-2,-2
2497,4,-1,-2
2497,4,1,0
2497,4,-1,2
2498,4,-2,-2
2498,4,-1,-2
2498,4,1,0
2498,4,0,2
2499,4,-2,-2
2499,4,-1,-2
2499,4,1,0
2499,4,1,2
2500,4,-2,-2
2500,4,-1,-2
2500,4,1,0
2500,4,2,2
2501,4,-2,-2
2501,4,-1,-2
2501,4,2,0
2501,4,-2,1
2502,4,-2,-2
2502,4,-1,-2
2502,4,2,0
2502,4,-1,1
2503,4,-2,-2
2503,4,-1,-2
2503,4,2,0
2503,4,0,1
2504,4,-2,-2
2504,4,-1,-2
2504,4,2,0
2504,4,1,1
2505,4,-2,-2
2505,4,-1,-2
2505,4,2,0
2505,4,2,1
2506,4,-2,-2
2506,4,-1,-2
2506,4,2,0
2506,4,-2,2
2507,4,-2,-2
2507,4,-1,-2
2507,4,2,0
2507,4,-1,2
2508,4,-2,-2
2508,4,-1,-2
2508,4,2,0
2508,4,0,2
2509,4,-2,-2
2509,4,-1,-2
2509,4,2,0
2509,4,1,2
2510,4,-2,-2
2510,4,-1,-2
2510,4,2,0
2510,4,2,2
2511,4,-2,-2
2511,4,-1,-2
2511,4,-2,1
2511,4,-1,1
2512,4,-2,-2
2512,4,-1,-2
2512,4,-2,1
2512,4,0,1
2513,4,-2,-2
2513,4,-1,-2
2513,4,-2,1
2513,4,1,1
2514,4,-2,-2
2514,4,-1,-2
2514,4,-2,1
2514,4,2,1
2515,4,-2,-2
2515,4,-1,-2
2515,4,-2,1
2515,4,-2,2
2516,4,-2,-2
2516,4,-1,-2
2516,4,-2,1
2516,4,-1,2
2517,4,-2,-2
2517,4,-1,-2
2517,4,-2,1
2517,4,0,2
2518,4,-2,-2
2518,4,-1,-2
2518,4,-2,1
2518,4,1,2
2519,4,-2,-2
2519,4,-1,-2
2519,4,-2,1
2519,4,2,2
2520,4,-2,-2
2520,4,-1,-2
2520,4,-1,1
2520,4,0,1
2521,4,-2,-2
2521,4,-1,-2
2521,4,-1,1
2521,4,1,1
2522,4,-2,-2
2522,4,-1,-2
2522,4,-1,1
2522,4,2,1
2523,4,-2,-2
2523,4,-1,-2
2523,4,-1,1
2523,4,-2,2
2524,4,-2,-2
2524,4,-1,-2
2524,4,-1,1
2524,4,-1,2
2525,4,-2,-2
2525,4,-1,-2
2525,4,-1,1
2525,4,0,2
2526,4,-2,-2
2526,4,-1,-2
2526,4,-1,1
2526,4,1,2
2527,4,-2,-2
2527,4,-1,-2
2527,4,-1,1
2527,4,2,2
2528,4,-2,-2
2528,4,-1,-2
2528,4,0,1
2528,4,1,1
2529,4,-2,-2
2529,4,-1,-2
2529,4,0,1
2529,4,2,1
2530,4,-2,-2
2530,4,-1,-2
2530,4,0,1
2530,4,-2,2
2531,4,-2,-2
2531,4,-1,-2
2531,4,0,1
2531,4,-1,2
2532,4,-2,-2
2532,4,-1,-2
2532,4,0,1
2532,4,0,2
2533,4,-2,-2
2533,4,-1,-2
2533,4,0,1
2533,4,1,2
2534,4,-2,-2
2534,4,-1,-2
2534,4,0,1
2534,4,2,2
2535,4,-2,-2
2535,4,-1,-2
2535,4,1,1
2535,4,2,1
2536,4,-2,-2
2536,4,-1,-2
2536,4,1,1
2536,4,-2,2
2537,4,-2,-2
2537,4,-1,-2
2537,4,1,1
2537,4,-1,2
2538,4,-2,-2
2538,4,-1,-2
2538,4,1,1
2538,4,0,2
2539,4,-2,-2
2539,4,-1,-2
2539,4,1,1
2539,4,1,2
2540,4,-2,-2
2540,4,-1,-2
2540,4,1,1
2540,4,2,2
2541,4,-2,-2
2541,4,-1,-2
2541,4,2,1
2541,4,-2,2
2542,4,-2,-2
2542,4,-1,-2
2542,4,2,1
2542,4,-1,2
2543,4,-2,-2
2543,4,-1,-2
2543,4,2,1
2543,4,0,2
2544,4,-2,-2
2544,4,-1,-2
2544,4,2,1
2544,4,1,2
2545,4,-2,-2
2545,4,-1,-2
2545,4,2,1
2545,4,2,2
2546,4,-2,-2
2546,4,-1,-2
2546,4,-2,2
2546,4,-1,2
2547,4,-2,-2
2547,4,-1,-2
2547,4,-2,2
2547,4,0,2
2548,4,-2,-2
2548,4,-1,-2
2548,4,-2,2
2548,4,1,2
2549,4,-2,-2
2549,4,-1,-2
2549,4,-2,2
2549,4,2,2
2550,4,-2,-2
2550,4,-1,-2
2550,4,-1,2
2550,4,0,2
2551,4,-2,-2
2551,4,-1,-2
2551,4,-1,2
2551,4,1,2
2552,4,-2,-2
2552,4,-1,-2
2552,4,-1,2
2552,4,2,2
2553,4,-2,-2
2553,4,-1,-2
2553,4,0,2
2553,4,1,2
2554,4,-2,-2
2554,4,-1,-2
2554,4,0,2
2554,4,2,2
2555,4,-2,-2
2555,4,-1,-2
2555,4,1,2
2555,4,2,2
2556,4,-2,-2
2556,4,0,-2
2556,4,1,-2
2556,4,2,-2
2557,4,-2,-2
2557,4,0,-2
2557,4,1,-2
2557,4,-2,-1
2558,4,-2,-2
2558,4,0,-2
2558,4,1,-2
2558,4,-1,-1
2559,4,-2,-2
2559,4,0,-2
2559,4,1,-2
2559,4,0,-1
2560,4,-2,-2
2560,4,0,-2
2560,4,1,-2
2560,4,1,-1
2561,4,-2,-2
2561,4,0,-2
2561,4,1,-2
2561,4,2,-1
2562,4,-2,-2
2562,4,0,-2
2562,4,1,-2
2562,4,-2,0
2563,4,-2,-2
2563,4,0,-2
2563,4,1,-2
2563,4,-1,0
2564,4,-2,-2
2564,4,0,-2
2564,4,1,-2
2564,4,1,0
2565,4,-2,-2
2565,4,0,-2
2565,4,1,-2
2565,4,2,0
2566,4,-2,-2
2566,4,0,-2
2566,4,1,-2
2566,4,-2,1
2567,4,-2,-2
2567,4,0,-2
2567,4,1,-2
2567,4,-1,1
2568,4,-2,-2
2568,4,0,-2
2568,4,1,-2
2568,4,0,1
2569,4,-2,-2
2569,4,0,-2
2569,4,1,-2
2569,4,1,1
2570,4,-2,-2
2570,4,0,-2
2570,4,1,-2
2570,4,2,1
2571,4,-2,-2
2571,4,0,-2
2571,4,1,-2
2571,4,-2,2
2572,4,-2,-2
2572,4,0,-2
2572,4,1,-2
2572,4,-1,2
2573,4,-2,-2
2573,4,0,-2
2573,4,1,-2
2573,4,0,2
2574,4,-2,-2
2574,4,0,-2
2574,4,1,-2
2574,4,1,2
2575,4,-2,-2
2575,4,0,-2
2575,4,1,-2
2575,4,2,2
2576,4,-2,-2
2576,4,0,-2
2576,4,2,-2
2576,4,-2,-1
2577,4,-2,-2
2577,4,0,-2
2577,4,2,-2
2577,4,-1,-1
2578,4,-2,-2
2578,4,0,-2
2578,4,2,-2
2578,4,0,-1
2579,4,-2,-2
2579,4,0,-2
2579,4,2,-2
2579,4,1,-1
2580,4,-2,-2
2580,4,0,-2
2580,4,2,-2
2580,4,2,-1
2581,4,-2,-2
2581,4,0,-2
2581,4,2,-2
2581,4,-2,0
2582,4,-2,-2
2582,4,0,-2
2582,4,2,-2
2582,4,-1,0
2583,4,-2,-2
2583,4,0,-2
2583,4,2,-2
2583,4,1,0
2584,4,-2,-2
2584,4,0,-2
2584,4,2,-2
2584,4,2,0
2585,4,-2,-2
2585,4,0,-2
2585,4,2,-2
2585,4,-2,1
2586,4,-2,-2
2586,4,0,-2
2586,4,2,-2
2586,4,-1,1
2587,4,-2,-2
2587,4,0,-2
2587,4,2,-2
2587,4,0,1
2588,4,-2,-2
2588,4,0,-2
2588,4,2,-2
2588,4,1,1
2589,4,-2,-2
2589,4,0,-2
2589,4,2,-2
2589,4,2,1
2590,4,-2,-2
2590,4,0,-2
2590,4,2,-2
2590,4,-2,2
2591,4,-2,-2
2591,4,0,-2
2591,4,2,-2
2591,4,-1,2
2592,4,-2,-2
2592,4,0,-2
2592,4,2,-2
2592,4,0,2
2593,4,-2,-2
2593,4,0,-2
2593,4,2,-2
2593,4,1,2
2594,4,-2,-2
2594,4,0,-2
2594,4,2,-2
2594,4,2,2
2595,4,-2,-2
2595,4,0,-2
2595,4,-2,-1
2595,4,-1,-1
2596,4,-2,-2
2596,4,0,-2
2596,4,-2,-1
2596,4,0,-1
2597,4,-2,-2
2597,4,0,-2
2597,4,-2,-1
2597,4,1,-1
2598,4,-2,-2
2598,4,0,-2
2598,4,-2,-1
2598,4,2,-1
2599,4,-2,-2
2599,4,0,-2
2599,4,-2,-1
2599,4,-2,0
2600,4,-2,-2
2600,4,0,-2
2600,4,-2,-1
2600,4,-1,0
2601,4,-2,-2
2601,4,0,-2
2601,4,-2,-1
2601,4,1,0
2602,4,-2,-2
2602,4,0,-2
2602,4,-2,-1
2602,4,2,0
2603,4,-2,-2
2603,4,0,-2
2603,4,-2,-1
2603,4,-2,1
2604,4,-2,-2
2604,4,0,-2
2604,4,-2,-1
2604,4,-1,1
2605,4,-2,-2
2605,4,0,-2
2605,4,-2,-1
2605,4,0,1
2606,4,-2,-2
2606,4,0,-2
2606,4,-2,-1
2606,4,1,1
2607,4,-2,-2
2607,4,0,-2
2607,4,-2,-1
2607,4,2,1
2608,4,-2,-2
2608,4,0,-2
2608,4,-2,-1
2608,4,-2,2
2609,4,-2,-2
2609,4,0,-2
2609,4,-2,-1
2609,4,-1,2
2610,4,-2,-2
2610,4,0,-2
2610,4,-2,-1
2610,4,0,2
2611,4,-2,-2
2611,4,0,-2
2611,4,-2,-1
2611,4,1,2
2612,4,-2,-2
2612,4,0,-2
2612,4,-2,-1
2612,4,2,2
2613,4,-2,-2
2613,4,0,-2
2613,4,-1,-1
2613,4,0,-1
2614,4,-2,-2
2614,4,0,-2
2614,4,-1,-1
2614,4,1,-1
2615,4,-2,-2
2615,4,0,-2
2615,4,-1,-1
2615,4,2,-1
2616,4,-2,-2
2616,4,0,-2
2616,4,-1,-1
2616,4,-2,0
2617,4,-2,-2
2617,4,0,-2
2617,4,-1,-1
2617,4,-1,0
2618,4,-2,-2
2618,4,0,-2
2618,4,-1,-1
2618,4,1,0
2619,4,-2,-2
2619,4,0,-2
2619,4,-1,-1
2619,4,2,0
2620,4,-2,-2
2620,4,0,-2
2620,4,-1,-1
2620,4,-2,1
2621,4,-2,-2
2621,4,0,-2
2621,4,-1,-1
2621,4,-1,1
2622,4,-2,-2
2622,4,0,-2
2622,4,-1,-1
2622,4,0,1
2623,4,-2,-2
2623,4,0,-2
2623,4,-1,-1
2623,4,1,1
2624,4,-2,-2
2624,4,0,-2
2624,4,-1,-1
2624,4,2,1
2625,4,-2,-2
2625,4,0,-2
2625,4,-1,-1
2625,4,-2,2
2626,4,-2,-2
2626,4,0,-2
2626,4,-1,-1
2626,4,-1,2
2627,4,-2,-2
2627,4,0,-2
2627,4,-1,-1
2627,4,0,2
2628,4,-2,-2
2628,4,0,-2
2628,4,-1,-1
2628,4,1,2
2629,4,-2,-2
2629,4,0,-2
2629,4,-1,-1
2629,4,2,2
2630,4,-2,-2
2630,4,0,-2
2630,4,0,-1
2630,4,1,-1
2631,4,-2,-2
2631,4,0,-2
2631,4,0,-1
2631,4,2,-1
2632,4,-2,-2
2632,4,0,-2
2632,4,0,-1
2632,4,-2,0
2633,4,-2,-2
2633,4,0,-2
2633,4,0,-1
2633,4,-1,0
2634,4,-2,-2
2634,4,0,-2
2634,4,0,-1
2634,4,1,0
2635,4,-2,-2
2635,4,0,-2
2635,4,0,-1
2635,4,2,0
2636,4,-2,-2
2636,4,0,-2
2636,4,0,-1
2636,4,-2,1
2637,4,-2,-2
2637,4,0,-2
2637,4,0,-1
2637,4,-1,1
2638,4,-2,-2
2638,4,0,-2
2638,4,0,-1
2638,4,0,1
2639,4,-2,-2
2639,4,0,-2
2639,4,0,-1
2639,4,1,1
2640,4,-2,-2
2640,4,0,-2
2640,4,0,-1
2640,4,2,1
2641,4,-2,-2
2641,4,0,-2
2641,4,0,-1
2641,4,-2,2
2642,4,-2,-2
2642,4,0,-2
2642,4,0,-1
2642,4,-1,2
2643,4,-2,-2
2643,4,0,-2
2643,4,0,-1
2643,4,0,2
2644,4,-2,-2
2644,4,0,-2
2644,4,0,-1
2644,4,1,2
2645,4,-2,-2
2645,4,0,-2
2645,4,0,-1
2645,4,2,2
2646,4,-2,-2
2646,4,0,-2
2646,4,1,-1
2646,4,2,-1
2647,4,-2,-2
2647,4,0,-2
2647,4,1,-1
2647,4,-2,0
2648,4,-2,-2
2648,4,0,-2
2648,4,1,-1
2648,4,-1,0
2649,4,-2,-2
2649,4,0,-2
2649,4,1,-1
2649,4,1,0
2650,4,-2,-2
2650,4,0,-2
2650,4,1,-1
2650,4,2,0
2651,4,-2,-2
2651,4,0,-2
2651,4,1,-1
2651,4,-2,1
2652,4,-2,-2
2652,4,0,-2
2652,4,1,-1
2652,4,-1,1
2653,4,-2,-2
2653,4,0,-2
2653,4,1,-1
2653,4,0,1
2654,4,-2,-2
2654,4,0,-2
2654,4,1,-1
2654,4,1,1
2655,4,-2,-2
2655,4,0,-2
2655,4,1,-1
2655,4,2,1
2656,4,-2,-2
2656,4,0,-2
2656,4,1,-1
2656,4,-2,2
2657,4,-2,-2
2657,4,0,-2
2657,4,1,-1
2657,4,-1,2
2658,4,-2,-2
2658,4,0,-2
2658,4,1,-1
2658,4,0,2
2659,4,-2,-2
2659,4,0,-2
2659,4,1,-1
2659,4,1,2
2660,4,-2,-2
2660,4,0,-2
2660,4,1,-1
2660,4,2,2
2661,4,-2,-2
2661,4,0,-2
2661,4,2,-1
2661,4,-2,0
2662,4,-2,-2
2662,4,0,-2
2662,4,2,-1
2662,4,-1,0
2663,4,-2,-2
2663,4,0,-2
2663,4,2,-1
2663,4,1,0
2664,4,-2,-2
2664,4,0,-2
2664,4,2,-1
2664,4,2,0
2665,4,-2,-2
2665,4,0,-2
2665,4,2,-1
2665,4,-2,1
2666,4,-2,-2
2666,4,0,-2
2666,4,2,-1
2666,4,-1,1
2667,4,-2,-2
2667,4,0,-2
2667,4,2,-1
2667,4,0,1
2668,4,-2,-2
2668,4,0,-2
2668,4,2,-1
2668,4,1,1
2669,4,-2,-2
2669,4,0,-2
2669,4,2,-1
2669,4,2,1
2670,4,-2,-2
2670,4,0,-2
2670,4,2,-1
2670,4,-2,2
2671,4,-2,-2
2671,4,0,-2
2671,4,2,-1
2671,4,-1,2
2672,4,-2,-2
2672,4,0,-2
2672,4,2,-1
2672,4,0,2
2673,4,-2,-2
2673,4,0,-2
2673,4,2,-1
2673,4,1,2
2674,4,-2,-2
2674,4,0,-2
2674,4,2,-1
2674,4,2,2
2675,4,-2,-2
2675,4,0,-2
2675,4,-2,0
2675,4,-1,0
2676,4,-2,-2
2676,4,0,-2
2676,4,-2,0
2676,4,1,0
2677,4,-2,-2
2677,4,0,-2
2677,4,-2,0
2677,4,2,0
2678,4,-2,-2
2678,4,0,-2
2678,4,-2,0
2678,4,-2,1
2679,4,-2,-2
2679,4,0,-2
2679,4,-2,0
2679,4,-1,1
2680,4,-2,-2
2680,4,0,-2
2680,4,-2,0
2680,4,0,1
2681,4,-2,-2
2681,4,0,-2
2681,4,-2,0
2681,4,1,1
2682,4,-2,-2
2682,4,0,-2
2682,4,-2,0
2682,4,2,1
2683,4,-2,-2
2683,4,0,-2
2683,4,-2,0
2683,4,-2,2
2684,4,-2,-2
2684,4,0,-2
2684,4,-2,0
2684,4,-1,2
2685,4,-2,-2
2685,4,0,-2
2685,4,-2,0
2685,4,0,2
2686,4,-2,-2
2686,4,0,-2
2686,4,-2,0
2686,4,1,2
2687,4,-2,-2
2687,4,0,-2
2687,4,-2,0
2687,4,2,2
2688,4,-2,-2
2688,4,0,-2
2688,4,-1,0
2688,4,1,0
2689,4,-2,-2
2689,4,0,-2
2689,4,-1,0
2689,4,2,0
2690,4,-2,-2
2690,4,0,-2
2690,4,-1,0
2690,4,-2,1
2691,4,-2,-2
2691,4,0,-2
2691,4,-1,0
2691,4,-1,1
2692,4,-2,-2
2692,4,0,-2
2692,4,-1,0
2692,4,0,1
2693,4,-2,-2
2693,4,0,-2
2693,4,-1,0
2693,4,1,1
2694,4,-2,-2
2694,4,0,-2
2694,4,-1,0
2694,4,2,1
2695,4,-2,-2
2695,4,0,-2
2695,4,-1,0
2695,4,-2,2
2696,4,-2,-2
2696,4,0,-2
2696,4,-1,0
2696,4,-1,2
2697,4,-2,-2
2697,4,0,-2
2697,4,-1,0
2697,4,0,2
2698,4,-2,-2
2698,4,0,-2
2698,4,-1,0
2698,4,1,2
2699,4,-2,-2
2699,4,0,-2
2699,4,-1,0
2699,4,2,2
2700,4,-2,-2
2700,4,0,-2
2700,4,1,0
2700,4,2,0
2701,4,-2,-2
2701,4,0,-2
2701,4,1,0
2701,4,-2,1
2702,4,-2,-2
2702,4,0,-2
2702,4,1,0
2702,4,-1,1
2703,4,-2,-2
2703,4,0,-2
2703,4,1,0
2703,4,0,1
2704,4,-2,-2
2704,4,0,-2
2704,4,1,0
2704,4,1,1
2705,4,-2,-2
2705,4,0,-2
2705,4,1,0
2705,4,2,1
2706,4,-2,-2
2706,4,0,-2
2706,4,1,0
2706,4,-2,2
2707,4,-2,-2
2707,4,0,-2
2707,4,1,0
2707,4,-1,2
2708,4,-2,-2
2708,4,0,-2
2708,4,1,0
2708,4,0,2
2709,4,-2,-2
2709,4,0,-2
2709,4,1,0
2709,4,1,2
2710,4,-2,-2
2710,4,0,-2
2710,4,1,0
2710,4,2,2
2711,4,-2,-2
2711,4,0,-2
2711,4,2,0
2711,4,-2,1
2712,4,-2,-2
2712,4,0,-2
2712,4,2,0
2712,4,-1,1
2713,4,-2,-2
2713,4,0,-2
2713,4,2,0
2713,4,0,1
2714,4,-2,-2
2714,4,0,-2
2714,4,2,0
2714,4,1,1
2715,4,-2,-2
2715,4,0,-2
2715,4,2,0
2715,4,2,1
2716,4,-2,-2
2716,4,0,-2
2716,4,2,0
2716,4,-2,2
2717,4,-2,-2
2717,4,0,-2
2717,4,2,0
2717,4,-1,2
2718,4,-2,-2
2718,4,0,-2
2718,4,2,0
2718,4,0,2
2719,4,-2,-2
2719,4,0,-2
2719,4,2,0
2719,4,1,2
2720,4,-2,-2
2720,4,0,-2
2720,4,2,0
2720,4,2,2
2721,4,-2,-2
2721,4,0,-2
2721,4,-2,1
2721,4,-1,1
2722,4,-2,-2
2722,4,0,-2
2722,4,-2,1
2722,4,0,1
2723,4,-2,-2
2723,4,0,-2
2723,4,-2,1
2723,4,1,1
2724,4,-2,-2
2724,4,0,-2
2724,4,-2,1
2724,4,2,1
2725,4,-2,-2
2725,4,0,-2
2725,4,-2,1
2725,4,-2,2
2726,4,-2,-2
2726,4,0,-2
2726,4,-2,1
2726,4,-1,2
2727,4,-2,-2
2727,4,0,-2
2727,4,-2,1
2727,4,0,2
2728,4,-2,-2
2728,4,0,-2
2728,4,-2,1
2728,4,1,2
2729,4,-2,-2
2729,4,0,-2
2729,4,-2,1
2729,4,2,2
2730,4,-2,-2
2730,4,0,-2
2730,4,-1,1
2730,4,0,1
2731,4,-2,-2
2731,4,0,-2
2731,4,-1,1
2731,4,1,1
2732,4,-2,-2
2732,4,0,-2
2732,4,-1,1
2732,4,2,1
2733,4,-2,-2
2733,4,0,-2
2733,4,-1,1
2733,4,-2,2
2734,4,-2,-2
2734,4,0,-2
2734,4,-1,1
2734,4,-1,2
2735,4,-2,-2
2735,4,0,-2
2735,4,-1,1
2735,4,0,2
2736,4,-2,-2
2736,4,0,-2
2736,4,-1,1
2736,4,1,2
2737,4,-2,-2
2737,4,0,-2
2737,4,-1,1
2737,4,2,2
2738,4,-2,-2
2738,4,0,-2
2738,4,0,1
2738,4,1,1
2739,4,-2,-2
2739,4,0,-2
2739,4,0,1
2739,4,2,1
2740,4,-2,-2
2740,4,0,-2
2740,4,0,1
2740,4,-2,2
2741,4,-2,-2
2741,4,0,-2
2741,4,0,1
2741,4,-1,2
2742,4,-2,-2
2742,4,0,-2
2742,4,0,1
2742,4,0,2
2743,4,-2,-2
2743,4,0,-2
2743,4,0,1
2743,4,1,2
2744,4,-2,-2
2744,4,0,-2
2744,4,0,1
2744,4,2,2
2745,4,-2,-2
2745,4,0,-2
2745,4,1,1
2745,4,2,1
2746,4,-2,-2
2746,4,0,-2
2746,4,1,1
2746,4,-2,2
2747,4,-2,-2
2747,4,0,-2
2747,4,1,1
2747,4,-1,2
2748,4,-2,-2
2748,4,0,-2
2748,4,1,1
2748,4,0,2
2749,4,-2,-2
2749,4,0,-2
2749,4,1,1
2749,4,1,2
2750,4,-2,-2
2750,4,0,-2
2750,4,1,1
2750,4,2,2
2751,4,-2,-2
2751,4,0,-2
2751,4,2,1
2751,4,-2,2
2752,4,-2,-2
2752,4,0,-2
2752,4,2,1
2752,4,-1,2
2753,4,-2,-2
2753,4,0,-2
2753,4,2,1
2753,4,0,2
2754,4,-2,-2
2754,4,0,-2
2754,4,2,1
2754,4,1,2
2755,4,-2,-2
2755,4,0,-2
2755,4,2,1
2755,4,2,2
2756,4,-2,-2
2756,4,0,-2
2756,4,-2,2
2756,4,-1,2
2757,4,-2,-2
2757,4,0,-2
2757,4,-2,2
2757,4,0,2
2758,4,-2,-2
2758,4,0,-2
2758,4,-2,2
2758,4,1,2
2759,4,-2,-2
2759,4,0,-2
2759,4,-2,2
2759,4,2,2
2760,4,-2,-2
2760,4,0,-2
2760,4,-1,2
2760,4,0,2
2761,4,-2,-2
2761,4,0,-2
2761,4,-1,2
2761,4,1,2
2762,4,-2,-2
2762,4,0,-2
2762,4,-1,2
2762,4,2,2
2763,4,-2,-2
2763,4,0,-2
2763,4,0,2
2763,4,1,2
2764,4,-2,-2
2764,4,0,-2
2764,4,0,2
2764,4,2,2
2765,4,-2,-2
2765,4,0,-2
2765,4,1,2
2765,4,2,2
2766,4,-2,-2
2766,4,1,-2
2766,4,2,-2
2766,4,-2,-1
2767,4,-2,-2
2767,4,1,-2
2767,4,2,-2
2767,4,-1,-1
2768,4,-2,-2
2768,4,1,-2
2768,4,2,-2
2768,4,0,-1
2769,4,-2,-2
2769,4,1,-2
2769,4,2,-2
2769,4,1,-1
2770,4,-2,-2
2770,4,1,-2
2770,4,2,-2
2770,4,2,-1
2771,4,-2,-2
2771,4,1,-2
2771,4,2,-2
2771,4,-2,0
2772,4,-2,-2
2772,4,1,-2
2772,4,2,-2
2772,4,-1,0
2773,4,-2,-2
2773,4,1,-2
2773,4,2,-2
2773,4,1,0
2774,4,-2,-2
2774,4,1,-2
2774,4,2,-2
2774,4,2,0
2775,4,-2,-2
2775,4,1,-2
2775,4,2,-2
2775,4,-2,1
2776,4,-2,-2
2776,4,1,-2
2776,4,2,-2
2776,4,-1,1
2777,4,-2,-2
2777,4,1,-2
2777,4,2,-2
2777,4,0,1
2778,4,-2,-2
2778,4,1,-2
2778,4,2,-2
2778,4,1,1
2779,4,-2,-2
2779,4,1,-2
2779,4,2,-2
2779,4,2,1
2780,4,-2,-2
2780,4,1,-2
2780,4,2,-2
2780,4,-2,2
2781,4,-2,-2
2781,4,1,-2
2781,4,2,-2
2781,4,-1,2
2782,4,-2,-2
2782,4,1,-2
2782,4,2,-2
2782,4,0,2
2783,4,-2,-2
2783,4,1,-2
2783,4,2,-2
2783,4,1,2
2784,4,-2,-2
2784,4,1,-2
2784,4,2,-2
2784,4,2,2
2785,4,-2,-2
2785,4,1,-2
2785,4,-2,-1
2785,4,-1,-1
2786,4,-2,-2
2786,4,1,-2
2786,4,-2,-1
2786,4,0,-1
2787,4,-2,-2
2787,4,1,-2
2787,4,-2,-1
2787,4,1,-1
2788,4,-2,-2
2788,4,1,-2
2788,4,-2,-1
2788,4,2,-1
2789,4,-2,-2
2789,4,1,-2
2789,4,-2,-1
2789,4,-2,0
2790,4,-2,-2
2790,4,1,-2
2790,4,-2,-1
2790,4,-1,0
2791,4,-2,-2
2791,4,1,-2
2791,4,-2,-1
2791,4,1,0
2792,4,-2,-2
2792,4,1,-2
2792,4,-2,-1
2792,4,2,0
2793,4,-2,-2
2793,4,1,-2
2793,4,-2,-1
2793,4,-2,1
2794,4,-2,-2
2794,4,1,-2
2794,4,-2,-1
2794,4,-1,1
2795,4,-2,-2
2795,4,1,-2
2795,4,-2,-1
2795,4,0,1
2796,4,-2,-2
2796,4,1,-2
2796,4,-2,-1
2796,4,1,1
2797,4,-2,-2
2797,4,1,-2
2797,4,-2,-1
2797,4,2,1
2798,4,-2,-2
2798,4,1,-2
2798,4,-2,-1
2798,4,-2,2
2799,4,-2,-2
2799,4,1,-2
2799,4,-2,-1
2799,4,-1,2
2800,4,-2,-2
2800,4,1,-2
2800,4,-2,-1
2800,4,0,2
2801,4,-2,-2
2801,4,1,-2
2801,4,-2,-1
2801,4,1,2
2802,4,-2,-2
2802,4,1,-2
2802,4,-2,-1
2802,4,2,2
2803,4,-2,-2
2803,4,1,-2
2803,4,-1,-1
2803,4,0,-1
2804,4,-2,-2
2804,4,1,-2
2804,4,-1,-1
2804,4,1,-1
2805,4,-2,-2
2805,4,1,-2
2805,4,-1,-1
2805,4,2,-1
2806,4,-2,-2
2806,4,1,-2
2806,4,-1,-1
2806,4,-2,0
2807,4,-2,-2
2807,4,1,-2
2807,4,-1,-1
2807,4,-1,0
2808,4,-2,-2
2808,4,1,-2
2808,4,-1,-1
2808,4,1,0
2809,4,-2,-2
2809,4,1,-2
2809,4,-1,-1
2809,4,2,0
2810,4,-2,-2
2810,4,1,-2
2810,4,-1,-1
2810,4,-2,1
2811,4,-2,-2
2811,4,1,-2
2811,4,-1,-1
2811,4,-1,1
2812,4,-2,-2
2812,4,1,-2
2812,4,-1,-1
2812,4,0,1
2813,4,-2,-2
2813,4,1,-2
2813,4,-1,-1
2813,4,1,1
2814,4,-2,-2
2814,4,1,-2
2814,4,-1,-1
2814,4,2,1
2815,4,-2,-2
2815,4,1,-2
2815,4,-1,-1
2815,4,-2,2
2816,4,-2,-2
2816,4,1,-2
2816,4,-1,-1
2816,4,-1,2
2817,4,-2,-2
2817,4,1,-2
2817,4,-1,-1
2817,4,0,2
2818,4,-2,-2
2818,4,1,-2
2818,4,-1,-1
2818,4,1,2
2819,4,-2,-2
2819,4,1,-2
2819,4,-1,-1
2819,4,2,2
2820,4,-2,-2
2820,4,1,-2
2820,4,0,-1
2820,4,1,-1
2821,4,-2,-2
2821,4,1,-2
2821,4,0,-1
2821,4,2,-1
2822,4,-2,-2
2822,4,1,-2
2822,4,0,-1
2822,4,-2,0
2823,4,-2,-2
2823,4,1,-2
2823,4,0,-1
2823,4,-1,0
2824,4,-2,-2
2824,4,1,-2
2824,4,0,-1
2824,4,1,0
2825,4,-2,-2
2825,4,1,-2
2825,4,0,-1
2825,4,2,0
2826,4,-2,-2
2826,4,1,-2
2826,4,0,-1
2826,4,-2,1
2827,4,-2,-2
2827,4,1,-2
2827,4,0,-1
2827,4,-1,1
2828,4,-2,-2
2828,4,1,-2
2828,4,0,-1
2828,4,0,1
2829,4,-2,-2
2829,4,1,-2
2829,4,0,-1
2829,4,1,1
2830,4,-2,-2
2830,4,1,-2
2830,4,0,-1
2830,4,2,1
2831,4,-2,-2
2831,4,1,-2
2831,4,0,-1
2831,4,-2,2
2832,4,-2,-2
2832,4,1,-2
2832,4,0,-1
2832,4,-1,2
2833,4,-2,-2
2833,4,1,-2
2833,4,0,-1
2833,4,0,2
2834,4,-2,-2
2834,4,1,-2
2834,4,0,-1
2834,4,1,2
2835,4,-2,-2
2835,4,1,-2
2835,4,0,-1
2835,4,2,2
2836,4,-2,-2
2836,4,1,-2
2836,4,1,-1
2836,4,2,-1
2837,4,-2,-2
2837,4,1,-2
2837,4,1,-1
2837,4,-2,0
2838,4,-2,-2
2838,4,1,-2
2838,4,1,-1
2838,4,-1,0
2839,4,-2,-2
2839,4,1,-2
2839,4,1,-1
2839,4,1,0
2840,4,-2,-2
2840,4,1,-2
2840,4,1,-1
2840,4,2,0
2841,4,-2,-2
2841,4,1,-2
2841,4,1,-1
2841,4,-2,1
2842,4,-2,-2
2842,4,1,-2
2842,4,1,-1
2842,4,-1,1
2843,4,-2,-2
2843,4,1,-2
2843,4,1,-1
2843,4,0,1
2844,4,-2,-2
2844,4,1,-2
2844,4,1,-1
2844,4,1,1
2845,4,-2,-2
2845,4,1,-2
2845,4,1,-1
2845,4,2,1
2846,4,-2,-2
2846,4,1,-2
2846,4,1,-1
2846,4,-2,2
2847,4,-2,-2
2847,4,1,-2
2847,4,1,-1
2847,4,-1,2
2848,4,-2,-2
2848,4,1,-2
2848,4,1,-1
2848,4,0,2
2849,4,-2,-2
2849,4,1,-2
2849,4,1,-1
2849,4,1,2
2850,4,-2,-2
2850,4,1,-2
2850,4,1,-1
2850,4,2,2
2851,4,-2,-2
2851,4,1,-2
2851,4,2,-1
2851,4,-2,0
2852,4,-2,-2
2852,4,1,-2
2852,4,2,-1
2852,4,-1,0
2853,4,-2,-2
2853,4,1,-2
2853,4,2,-1
2853,4,1,0
2854,4,-2,-2
2854,4,1,-2
2854,4,2,-1
2854,4,2,0
2855,4,-2,-2
2855,4,1,-2
2855,4,2,-1
2855,4,-2,1
2856,4,-2,-2
2856,4,1,-2
2856,4,2,-1
2856,4,-1,1
2857,4,-2,-2
2857,4,1,-2
2857,4,2,-1
2857,4,0,1
2858,4,-2,-2
2858,4,1,-2
2858,4,2,-1
2858,4,1,1
2859,4,-2,-2
2859,4,1,-2
2859,4,2,-1
2859,4,2,1
2860,4,-2,-2
2860,4,1,-2
2860,4,2,-1
2860,4,-2,2
2861,4,-2,-2
2861,4,1,-2
2861,4,2,-1
2861,4,-1,2
2862,4,-2,-2
2862,4,1,-2
2862,4,2,-1
2862,4,0,2
2863,4,-2,-2
2863,4,1,-2
2863,4,2,-1
2863,4,1,2
2864,4,-2,-2
2864,4,1,-2
2864,4,2,-1
2864,4,2,2
2865,4,-2,-2
2865,4,1,-2
2865,4,-2,0
2865,4,-1,0
2866,4,-2,-2
2866,4,1,-2
2866,4,-2,0
2866,4,1,0
2867,4,-2,-2
2867,4,1,-2
2867,4,-2,0
2867,4,2,0
2868,4,-2,-2
2868,4,1,-2
2868,4,-2,0
2868,4,-2,1
2869,4,-2,-2
2869,4,1,-2
2869,4,-2,0
2869,4,-1,1
2870,4,-2,-2
2870,4,1,-2
2870,4,-2,0
2870,4,0,1
2871,4,-2,-2
2871,4,1,-2
2871,4,-2,0
2871,4,1,1
2872,4,-2,-2
2872,4,1,-2
2872,4,-2,0
2872,4,2,1
2873,4,-2,-2
2873,4,1,-2
2873,4,-2,0
2873,4,-2,2
2874,4,-2,-2
2874,4,1,-2
2874,4,-2,0
2874,4,-1,2
2875,4,-2,-2
2875,4,1,-2
2875,4,-2,0
2875,4,0,2
2876,4,-2,-2
2876,4,1,-2
2876,4,-2,0
2876,4,1,2
2877,4,-2,-2
2877,4,1,-2
2877,4,-2,0
2877,4,2,2
2878,4,-2,-2
2878,4,1,-2
2878,4,-1,0
2878,4,1,0
2879,4,-2,-2
2879,4,1,-2
2879,4,-1,0
2879,4,2,0
2880,4,-2,-2
2880,4,1,-2
2880,4,-1,0
2880,4,-2,1
2881,4,-2,-2
2881,4,1,-2
2881,4,-1,0
2881,4,-1,1
2882,4,-2,-2
2882,4,1,-2
2882,4,-1,0
2882,4,0,1
2883,4,-2,-2
2883,4,1,-2
2883,4,-1,0
2883,4,1,1
2884,4,-2,-2
2884,4,1,-2
2884,4,-1,0
2884,4,2,1
2885,4,-2,-2
2885,4,1,-2
2885,4,-1,0
2885,4,-2,2
2886,4,-2,-2
2886,4,1,-2
2886,4,-1,0
2886,4,-1,2
2887,4,-2,-2
2887,4,1,-2
2887,4,-1,0
2887,4,0,2
2888,4,-2,-2
2888,4,1,-2
2888,4,-1,0
2888,4,1,2
2889,4,-2,-2
2889,4,1,-2
2889,4,-1,0
2889,4,2,2
2890,4,-2,-2
2890,4,1,-2
2890,4,1,0
2890,4,2,0
2891,4,-2,-2
2891,4,1,-2
2891,4,1,0
2891,4,-2,1
2892,4,-2,-2
2892,4,1,-2
2892,4,1,0
2892,4,-1,1
2893,4,-2,-2
2893,4,1,-2
2893,4,1,0
2893,4,0,1
2894,4,-2,-2
2894,4,1,-2
2894,4,1,0
2894,4,1,1
2895,4,-2,-2
2895,4,1,-2
2895,4,1,0
2895,4,2,1
2896,4,-2,-2
2896,4,1,-2
2896,4,1,0
2896,4,-2,2
2897,4,-2,-2
2897,4,1,-2
2897,4,1,0
2897,4,-1,2
2898,4,-2,-2
2898,4,1,-2
2898,4,1,0
2898,4,0,2
2899,4,-2,-2
2899,4,1,-2
2899,4,1,0
2899,4,1,2
2900,4,-2,-2
2900,4,1,-2
2900,4,1,0
2900,4,2,2
2901,4,-2,-2
2901,4,1,-2
2901,4,2,0
2901,4,-2,1
2902,4,-2,-2
2902,4,1,-2
2902,4,2,0
2902,4,-1,1
2903,4,-2,-2
2903,4,1,-2
2903,4,2,0
2903,4,0,1
2904,4,-2,-2
2904,4,1,-2
2904,4,2,0
2904,4,1,1
2905,4,-2,-2
2905,4,1,-2
2905,4,2,0
2905,4,2,1
2906,4,-2,-2
2906,4,1,-2
2906,4,2,0
2906,4,-2,2
2907,4,-2,-2
2907,4,1,-2
2907,4,2,0
2907,4,-1,2
2908,4,-2,-2
2908,4,1,-2
2908,4,2,0
2908,4,0,2
2909,4,-2,-2
2909,4,1,-2
2909,4,2,0
2909,4,1,2
2910,4,-2,-2
2910,4,1,-2
2910,4,2,0
2910,4,2,2
2911,4,-2,-2
2911,4,1,-2
2911,4,-2,1
2911,4,-1,1
2912,4,-2,-2
2912,4,1,-2
2912,4,-2,1
2912,4,0,1
2913,4,-2,-2
2913,4,1,-2
2913,4,-2,1
2913,4,1,1
2914,4,-2,-2
2914,4,1,-2
2914,4,-2,1
2914,4,2,1
2915,4,-2,-2
2915,4,1,-2
2915,4,-2,1
2915,4,-2,2
2916,4,-2,-2
2916,4,1,-2
2916,4,-2,1
2916,4,-1,2
2917,4,-2,-2
2917,4,1,-2
2917,4,-2,1
2917,4,0,2
2918,4,-2,-2
2918,4,1,-2
2918,4,-2,1
2918,4,1,2
2919,4,-2,-2
2919,4,1,-2
2919,4,-2,1
2919,4,2,2
2920,4,-2,-2
2920,4,1,-2
2920,4,-1,1
2920,4,0,1
2921,4,-2,-2
2921,4,1,-2
2921,4,-1,1
2921,4,1,1
2922,4,-2,-2
2922,4,1,-2
2922,4,-1,1
2922,4,2,1
2923,4,-2,-2
2923,4,1,-2
2923,4,-1,1
2923,4,-2,2
2924,4,-2,-2
2924,4,1,-2
2924,4,-1,1
2924,4,-1,2
2925,4,-2,-2
2925,4,1,-2
2925,4,-1,1
2925,4,0,2
2926,4,-2,-2
2926,4,1,-2
2926,4,-1,1
2926,4,1,2
2927,4,-2,-2
2927,4,1,-2
2927,4,-1,1
2927,4,2,2
2928,4,-2,-2
2928,4,1,-2
2928,4,0,1
2928,4,1,1
2929,4,-2,-2
2929,4,1,-2
2929,4,0,1
2929,4,2,1
2930,4,-2,-2
2930,4,1,-2
2930,4,0,1
2930,4,-2,2
2931,4,-2,-2
2931,4,1,-2
2931,4,0,1
2931,4,-1,2
2932,4,-2,-2
2932,4,1,-2
2932,4,0,1
2932,4,0,2
2933,4,-2,-2
2933,4,1,-2
2933,4,0,1
2933,4,1,2
2934,4,-2,-2
2934,4,1,-2
2934,4,0,1
2934,4,2,2
2935,4,-2,-2
2935,4,1,-2
2935,4,1,1
2935,4,2,1
2936,4,-2,-2
2936,4,1,-2
2936,4,1,1
2936,4,-2,2
2937,4,-2,-2
2937,4,1,-2
2937,4,1,1
2937,4,-1,2
2938,4,-2,-2
2938,4,1,-2
2938,4,1,1
2938,4,0,2
2939,4,-2,-2
2939,4,1,-2
2939,4,1,1
2939,4,1,2
2940,4,-2,-2
2940,4,1,-2
2940,4,1,1
2940,4,2,2
2941,4,-2,-2
2941,4,1,-2
2941,4,2,1
2941,4,-2,2
2942,4,-2,-2
2942,4,1,-2
2942,4,2,1
2942,4,-1,2
2943,4,-2,-2
2943,4,1,-2
2943,4,2,1
2943,4,0,2
2944,4,-2,-2
2944,4,1,-2
2944,4,2,1
2944,4,1,2
2945,4,-2,-2
2945,4,1,-2
2945,4,2,1
2945,4,2,2
2946,4,-2,-2
2946,4,1,-2
2946,4,-2,2
2946,4,-1,2
2947,4,-2,-2
2947,4,1,-2
2947,4,-2,2
2947,4,0,2
2948,4,-2,-2
2948,4,1,-2
2948,4,-2,2
2948,4,1,2
2949,4,-2,-2
2949,4,1,-2
2949,4,-2,2
2949,4,2,2
2950,4,-2,-2
2950,4,1,-2
2950,4,-1,2
2950,4,0,2
2951,4,-2,-2
2951,4,1,-2
2951,4,-1,2
2951,4,1,2
2952,4,-2,-2
2952,4,1,-2
2952,4,-1,2
2952,4,2,2
2953,4,-2,-2
2953,4,1,-2
2953,4,0,2
2953,4,1,2
2954,4,-2,-2
2954,4,1,-2
2954,4,0,2
2954,4,2,2
2955,4,-2,-2
2955,4,1,-2
2955,4,1,2
2955,4,2,2
2956,4,-2,-2
2956,4,2,-2
2956,4,-2,-1
2956,4,-1,-1
2957,4,-2,-2
2957,4,2,-2
2957,4,-2,-1
2957,4,0,-1
2958,4,-2,-2
2958,4,2,-2
2958,4,-2,-1
2958,4,1,-1
2959,4,-2,-2
2959,4,2,-2
2959,4,-2,-1
2959,4,2,-1
2960,4,-2,-2
2960,4,2,-2
2960,4,-2,-1
2960,4,-2,0
2961,4,-2,-2
2961,4,2,-2
2961,4,-2,-1
2961,4,-1,0
2962,4,-2,-2
2962,4,2,-2
2962,4,-2,-1
2962,4,1,0
2963,4,-2,-2
2963,4,2,-2
2963,4,-2,-1
2963,4,2,0
2964,4,-2,-2
2964,4,2,-2
2964,4,-2,-1
2964,4,-2,1
2965,4,-2,-2
2965,4,2,-2
2965,4,-2,-1
2965,4,-1,1
2966,4,-2,-2
2966,4,2,-2
2966,4,-2,-1
2966,4,0,1
2967,4,-2,-2
2967,4,2,-2
2967,4,-2,-1
2967,4,1,1
2968,4,-2,-2
2968,4,2,-2
2968,4,-2,-1
2968,4,2,1
2969,4,-2,-2
2969,4,2,-2
2969,4,-2,-1
2969,4,-2,2
2970,4,-2,-2
2970,4,2,-2
2970,4,-2,-1
2970,4,-1,2
2971,4,-2,-2
2971,4,2,-2
2971,4,-2,-1
2971,4,0,2
2972,4,-2,-2
2972,4,2,-2
2972,4,-2,-1
2972,4,1,2
2973,4,-2,-2
2973,4,2,-2
2973,4,-2,-1
2973,4,2,2
2974,4,-2,-2
2974,4,2,-2
2974,4,-1,-1
2974,4,0,-1
2975,4,-2,-2
2975,4,2,-2
2975,4,-1,-1
2975,4,1,-1
2976,4,-2,-2
2976,4,2,-2
2976,4,-1,-1
2976,4,2,-1
2977,4,-2,-2
2977,4,2,-2
2977,4,-1,-1
2977,4,-2,0
2978,4,-2,-2
2978,4,2,-2
2978,4,-1,-1
2978,4,-1,0
2979,4,-2,-2
2979,4,2,-2
2979,4,-1,-1
2979,4,1,0
2980,4,-2,-2
2980,4,2,-2
2980,4,-1,-1
2980,4,2,0
2981,4,-2,-2
2981,4,2,-2
2981,4,-1,-1
2981,4,-2,1
2982,4,-2,-2
2982,4,2,-2
2982,4,-1,-1
2982,4,-1,1
2983,4,-2,-2
2983,4,2,-2
2983,4,-1,-1
2983,4,0,1
2984,4,-2,-2
2984,4,2,-2
2984,4,-1,-1
2984,4,1,1
2985,4,-2,-2
2985,4,2,-2
2985,4,-1,-1
2985,4,2,1
2986,4,-2,-2
2986,4,2,-2
2986,4,-1,-1
2986,4,-2,2
2987,4,-2,-2
2987,4,2,-2
2987,4,-1,-1
2987,4,-1,2
2988,4,-2,-2
2988,4,2,-2
2988,4,-1,-1
2988,4,0,2
2989,4,-2,-2
2989,4,2,-2
2989,4,-1,-1
2989,4,1,2
2990,4,-2,-2
2990,4,2,-2
2990,4,-1,-1
2990,4,2,2
2991,4,-2,-2
2991,4,2,-2
2991,4,0,-1
2991,4,1,-1
2992,4,-2,-2
2992,4,2,-2
2992,4,0,-1
2992,4,2,-1
2993,4,-2,-2
2993,4,2,-2
2993,4,0,-1
2993,4,-2,0
2994,4,-2,-2
2994,4,2,-2
2994,4,0,-1
2994,4,-1,0
2995,4,-2,-2
2995,4,2,-2
2995,4,0,-1
2995,4,1,0
2996,4,-2,-2
2996,4,2,-2
2996,4,0,-1
2996,4,2,0
2997,4,-2,-2
2997,4,2,-2
2997,4,0,-1
2997,4,-2,1
2998,4,-2,-2
2998,4,2,-2
2998,4,0,-1
2998,4,-1,1
2999,4,-2,-2
2999,4,2,-2
2999,4,0,-1
2999,4,0,1
3000,4,-2,-2
3000,4,2,-2
3000,4,0,-1
3000,4,1,1
3001,4,-2,-2
3001,4,2,-2
3001,4,0,-1
3001,4,2,1
3002,4,-2,-2
3002,4,2,-2
3002,4,0,-1
3002,4,-2,2
3003,4,-2,-2
3003,4,2,-2
3003,4,0,-1
3003,4,-1,2
3004,4,-2,-2
3004,4,2,-2
3004,4,0,-1
3004,4,0,2
3005,4,-2,-2
3005,4,2,-2
3005,4,0,-1
3005,4,1,2
3006,4,-2,-2
3006,4,2,-2
3006,4,0,-1
3006,4,2,2
3007,4,-2,-2
3007,4,2,-2
3007,4,1,-1
3007,4,2,-1
3008,4,-2,-2
3008,4,2,-2
3008,4,1,-1
3008,4,-2,0
3009,4,-2,-2
3009,4,2,-2
3009,4,1,-1
3009,4,-1,0
3010,4,-2,-2
3010,4,2,-2
3010,4,1,-1
3010,4,1,0
3011,4,-2,-2
3011,4,2,-2
3011,4,1,-1
3011,4,2,0
3012,4,-2,-2
3012,4,2,-2
3012,4,1,-1
3012,4,-2,1
3013,4,-2,-2
3013,4,2,-2
3013,4,1,-1
3013,4,-1,1
3014,4,-2,-2
3014,4,2,-2
3014,4,1,-1
3014,4,0,1
3015,4,-2,-2
3015,4,2,-2
3015,4,1,-1
3015,4,1,1
3016,4,-2,-2
3016,4,2,-2
3016,4,1,-1
3016,4,2,1
3017,4,-2,-2
3017,4,2,-2
3017,4,1,-1
3017,4,-2,2
3018,4,-2,-2
3018,4,2,-2
3018,4,1,-1
3018,4,-1,2
3019,4,-2,-2
3019,4,2,-2
3019,4,1,-1
3019,4,0,2
3020,4,-2,-2
3020,4,2,-2
3020,4,1,-1
3020,4,1,2
3021,4,-2,-2
3021,4,2,-2
3021,4,1,-1
3021,4,2,2
3022,4,-2,-2
3022,4,2,-2
3022,4,2,-1
3022,4,-2,0
3023,4,-2,-2
3023,4,2,-2
3023,4,2,-1
3023,4,-1,0
3024,4,-2,-2
3024,4,2,-2
3024,4,2,-1
3024,4,1,0
3025,4,-2,-2
3025,4,2,-2
3025,4,2,-1
3025,4,2,0
3026,4,-2,-2
3026,4,2,-2
3026,4,2,-1
3026,4,-2,1
3027,4,-2,-2
3027,4,2,-2
3027,4,2,-1
3027,4,-1,1
3028,4,-2,-2
3028,4,2,-2
3028,4,2,-1
3028,4,0,1
3029,4,-2,-2
3029,4,2,-2
3029,4,2,-1
3029,4,1,1
3030,4,-2,-2
3030,4,2,-2
3030,4,2,-1
3030,4,2,1
3031,4,-2,-2
3031,4,2,-2
3031,4,2,-1
3031,4,-2,2
3032,4,-2,-2
3032,4,2,-2
3032,4,2,-1
3032,4,-1,2
3033,4,-2,-2
3033,4,2,-2
3033,4,2,-1
3033,4,0,2
3034,4,-2,-2
3034,4,2,-2
3034,4,2,-1
3034,4,1,2
3035,4,-2,-2
3035,4,2,-2
3035,4,2,-1
3035,4,2,2
3036,4,-2,-2
3036,4,2,-2
3036,4,-2,0
3036,4,-1,0
3037,4,-2,-2
3037,4,2,-2
3037,4,-2,0
3037,4,1,0
3038,4,-2,-2
3038,4,2,-2
3038,4,-2,0
3038,4,2,0
3039,4,-2,-2
3039,4,2,-2
3039,4,-2,0
3039,4,-2,1
3040,4,-2,-2
3040,4,2,-2
3040,4,-2,0
3040,4,-1,1
3041,4,-2,-2
3041,4,2,-2
3041,4,-2,0
3041,4,0,1
3042,4,-2,-2
3042,4,2,-2
3042,4,-2,0
3042,4,1,1
3043,4,-2,-2
3043,4,2,-2
3043,4,-2,0
3043,4,2,1
3044,4,-2,-2
3044,4,2,-2
3044,4,-2,0
3044,4,-2,2
3045,4,-2,-2
3045,4,2,-2
3045,4,-2,0
3045,4,-1,2
3046,4,-2,-2
3046,4,2,-2
3046,4,-2,0
3046,4,0,2
3047,4,-2,-2
3047,4,2,-2
3047,4,-2,0
3047,4,1,2
3048,4,-2,-2
3048,4,2,-2
3048,4,-2,0
3048,4,2,2
3049,4,-2,-2
3049,4,2,-2
3049,4,-1,0
3049,4,1,0
3050,4,-2,-2
3050,4,2,-2
3050,4,-1,0
3050,4,2,0
3051,4,-2,-2
3051,4,2,-2
3051,4,-1,0
3051,4,-2,1
3052,4,-2,-2
3052,4,2,-2
3052,4,-1,0
3052,4,-1,1
3053,4,-2,-2
3053,4,2,-2
3053,4,-1,0
3053,4,0,1
3054,4,-2,-2
3054,4,2,-2
3054,4,-1,0
3054,4,1,1
3055,4,-2,-2
3055,4,2,-2
3055,4,-1,0
3055,4,2,1
3056,4,-2,-2
3056,4,2,-2
3056,4,-1,0
3056,4,-2,2
3057,4,-2,-2
3057,4,2,-2
3057,4,-1,0
3057,4,-1,2
3058,4,-2,-2
3058,4,2,-2
3058,4,-1,0
3058,4,0,2
3059,4,-2,-2
3059,4,2,-2
3059,4,-1,0
3059,4,1,2
3060,4,-2,-2
3060,4,2,-2
3060,4,-1,0
3060,4,2,2
3061,4,-2,-2
3061,4,2,-2
3061,4,1,0
3061,4,2,0
3062,4,-2,-2
3062,4,2,-2
3062,4,1,0
3062,4,-2,1
3063,4,-2,-2
3063,4,2,-2
3063,4,1,0
3063,4,-1,1
3064,4,-2,-2
3064,4,2,-2
3064,4,1,0
3064,4,0,1
3065,4,-2,-2
3065,4,2,-2
3065,4,1,0
3065,4,1,1
3066,4,-2,-2
3066,4,2,-2
3066,4,1,0
3066,4,2,1
3067,4,-2,-2
3067,4,2,-2
3067,4,1,0
3067,4,-2,2
3068,4,-2,-2
3068,4,2,-2
3068,4,1,0
3068,4,-1,2
3069,4,-2,-2
3069,4,2,-2
3069,4,1,0
3069,4,0,2
3070,4,-2,-2
3070,4,2,-2
3070,4,1,0
3070,4,1,2
3071,4,-2,-2
3071,4,2,-2
3071,4,1,0
3071,4,2,2
3072,4,-2,-2
3072,4,2,-2
3072,4,2,0
3072,4,-2,1
3073,4,-2,-2
3073,4,2,-2
3073,4,2,0
3073,4,-1,1
3074,4,-2,-2
3074,4,2,-2
3074,4,2,0
3074,4,0,1
3075,4,-2,-2
3075,4,2,-2
3075,4,2,0
3075,4,1,1
3076,4,-2,-2
3076,4,2,-2
3076,4,2,0
3076,4,2,1
3077,4,-2,-2
3077,4,2,-2
3077,4,2,0
3077,4,-2,2
3078,4,-2,-2
3078,4,2,-2
3078,4,2,0
3078,4,-1,2
3079,4,-2,-2
3079,4,2,-2
3079,4,2,0
3079,4,0,2
3080,4,-2,-2
3080,4,2,-2
3080,4,2,0
3080,4,1,2
3081,4,-2,-2
3081,4,2,-2
3081,4,2,0
3081,4,2,2
3082,4,-2,-2
3082,4,2,-2
3082,4,-2,1
3082,4,-1,1
3083,4,-2,-2
3083,4,2,-2
3083,4,-2,1
3083,4,0,1
3084,4,-2,-2
3084,4,2,-2
3084,4,-2,1
3084,4,1,1
3085,4,-2,-2
3085,4,2,-2
3085,4,-2,1
3085,4,2,1
3086,4,-2,-2
3086,4,2,-2
3086,4,-2,1
3086,4,-2,2
3087,4,-2,-2
3087,4,2,-2
3087,4,-2,1
3087,4,-1,2
3088,4,-2,-2
3088,4,2,-2
3088,4,-2,1
3088,4,0,2
3089,4,-2,-2
3089,4,2,-2
3089,4,-2,1
3089,4,1,2
3090,4,-2,-2
3090,4,2,-2
3090,4,-2,1
3090,4,2,2
3091,4,-2,-2
3091,4,2,-2
3091,4,-1,1
3091,4,0,1
3092,4,-2,-2
3092,4,2,-2
3092,4,-1,1
3092,4,1,1
3093,4,-2,-2
3093,4,2,-2
3093,4,-1,1
3093,4,2,1
3094,4,-2,-2
3094,4,2,-2
3094,4,-1,1
3094,4,-2,2
3095,4,-2,-2
3095,4,2,-2
3095,4,-1,1
3095,4,-1,2
3096,4,-2,-2
3096,4,2,-2
3096,4,-1,1
3096,4,0,2
3097,4,-2,-2
3097,4,2,-2
3097,4,-1,1
3097,4,1,2
3098,4,-2,-2
3098,4,2,-2
3098,4,-1,1
3098,4,2,2
3099,4,-2,-2
3099,4,2,-2
3099,4,0,1
3099,4,1,1
3100,4,-2,-2
3100,4,2,-2
3100,4,0,1
3100,4,2,1
3101,4,-2,-2
3101,4,2,-2
3101,4,0,1
3101,4,-2,2
3102,4,-2,-2
3102,4,2,-2
3102,4,0,1
3102,4,-1,2
3103,4,-2,-2
3103,4,2,-2
3103,4,0,1
3103,4,0,2
3104,4,-2,-2
3104,4,2,-2
3104,4,0,1
3104,4,1,2
3105,4,-2,-2
3105,4,2,-2
3105,4,0,1
3105,4,2,2
3106,4,-2,-2
3106,4,2,-2
3106,4,1,1
3106,4,2,1
3107,4,-2,-2
3107,4,2,-2
3107,4,1,1
3107,4,-2,2
3108,4,-2,-2
3108,4,2,-2
3108,4,1,1
3108,4,-1,2
3109,4,-2,-2
3109,4,2,-2
3109,4,1,1
3109,4,0,2
3110,4,-2,-2
3110,4,2,-2
3110,4,1,1
3110,4,1,2
3111,4,-2,-2
3111,4,2,-2
3111,4,1,1
3111,4,2,2
3112,4,-2,-2
3112,4,2,-2
3112,4,2,1
3112,4,-2,2
3113,4,-2,-2
3113,4,2,-2
3113,4,2,1
3113,4,-1,2
3114,4,-2,-2
3114,4,2,-2
3114,4,2,1
3114,4,0,2
3115,4,-2,-2
3115,4,2,-2
3115,4,2,1
3115,4,1,2
3116,4,-2,-2
3116,4,2,-2
3116,4,2,1
3116,4,2,2
3117,4,-2,-2
3117,4,2,-2
3117,4,-2,2
3117,4,-1,2
3118,4,-2,-2
3118,4,2,-2
3118,4,-2,2
3118,4,0,2
3119,4,-2,-2
3119,4,2,-2
3119,4,-2,2
3119,4,1,2
3120,4,-2,-2
3120,4,2,-2
3120,4,-2,2
3120,4,2,2
3121,4,-2,-2
3121,4,2,-2
3121,4,-1,2
3121,4,0,2
3122,4,-2,-2
3122,4,2,-2
3122,4,-1,2
3122,4,1,2
3123,4,-2,-2
3123,4,2,-2
3123,4,-1,2
3123,4,2,2
3124,4,-2,-2
3124,4,2,-2
3124,4,0,2
3124,4,1,2
3125,4,-2,-2
3125,4,2,-2
3125,4,0,2
3125,4,2,2
3126,4,-2,-2
3126,4,2,-2
3126,4,1,2
3126,4,2,2
3127,4,-2,-2
3127,4,-2,-1
3127,4,-1,-1
3127,4,0,-1
3128,4,-2,-2
3128,4,-2,-1
3128,4,-1,-1
3128,4,1,-1
3129,4,-2,-2
3129,4,-2,-1
3129,4,-1,-1
3129,4,2,-1
3130,4,-2,-2
3130,4,-2,-1
3130,4,-1,-1
3130,4,-2,0
3131,4,-2,-2
3131,4,-2,-1
3131,4,-1,-1
3131,4,-1,0
3132,4,-2,-2
3132,4,-2,-1
3132,4,-1,-1
3132,4,1,0
3133,4,-2,-2
3133,4,-2,-1
3133,4,-1,-1
3133,4,2,0
3134,4,-2,-2
3134,4,-2,-1
3134,4,-1,-1
3134,4,-2,1
3135,4,-2,-2
3135,4,-2,-1
3135,4,-1,-1
3135,4,-1,1
3136,4,-2,-2
3136,4,-2,-1
3136,4,-1,-1
3136,4,0,1
3137,4,-2,-2
3137,4,-2,-1
3137,4,-1,-1
3137,4,1,1
3138,4,-2,-2
3138,4,-2,-1
3138,4,-1,-1
3138,4,2,1
3139,4,-2,-2
3139,4,-2,-1
3139,4,-1,-1
3139,4,-2,2
3140,4,-2,-2
3140,4,-2,-1
3140,4,-1,-1
3140,4,-1,2
3141,4,-2,-2
3141,4,-2,-1
3141,4,-1,-1
3141,4,0,2
3142,4,-2,-2
3142,4,-2,-1
3142,4,-1,-1
3142,4,1,2
3143,4,-2,-2
3143,4,-2,-1
3143,4,-1,-1
3143,4,2,2
3144,4,-2,-2
3144,4,-2,-1
3144,4,0,-1
3144,4,1,-1
3145,4,-2,-2
3145,4,-2,-1
3145,4,0,-1
3145,4,2,-1
3146,4,-2,-2
3146,4,-2,-1
3146,4,0,-1
3146,4,-2,0
3147,4,-2,-2
3147,4,-2,-1
3147,4,0,-1
3147,4,-1,0
3148,4,-2,-2
3148,4,-2,-1
3148,4,0,-1
3148,4,1,0
3149,4,-2,-2
3149,4,-2,-1
3149,4,0,-1
3149,4,2,0
3150,4,-2,-2
3150,4,-2,-1
3150,4,0,-1
3150,4,-2,1
3151,4,-2,-2
3151,4,-2,-1
3151,4,0,-1
3151,4,-1,1
3152,4,-2,-2
3152,4,-2,-1
3152,4,0,-1
3152,4,0,1
3153,4,-2,-2
3153,4,-2,-1
3153,4,0,-1
3153,4,1,1
3154,4,-2,-2
3154,4,-2,-1
3154,4,0,-1
3154,4,2,1
3155,4,-2,-2
3155,4,-2,-1
3155,4,0,-1
3155,4,-2,2
3156,4,-2,-2
3156,4,-2,-1
3156,4,0,-1
3156,4,-1,2
3157,4,-2,-2
3157,4,-2,-1
3157,4,0,-1
3157,4,0,2
3158,4,-2,-2
3158,4,-2,-1
3158,4,0,-1
3158,4,1,2
3159,4,-2,-2
3159,4,-2,-1
3159,4,0,-1
3159,4,2,2
3160,4,-2,-2
3160,4,-2,-1
3160,4,1,-1
3160,4,2,-1
3161,4,-2,-2
3161,4,-2,-1
3161,4,1,-1
3161,4,-2,0
3162,4,-2,-2
3162,4,-2,-1
3162,4,1,-1
3162,4,-1,0
3163,4,-2,-2
3163,4,-2,-1
3163,4,1,-1
3163,4,1,0
3164,4,-2,-2
3164,4,-2,-1
3164,4,1,-1
3164,4,2,0
3165,4,-2,-2
3165,4,-2,-1
3165,4,1,-1
3165,4,-2,1
3166,4,-2,-2
3166,4,-2,-1
3166,4,1,-1
3166,4,-1,1
3167,4,-2,-2
3167,4,-2,-1
3167,4,1,-1
3167,4,0,1
3168,4,-2,-2
3168,4,-2,-1
3168,4,1,-1
3168,4,1,1
3169,4,-2,-2
3169,4,-2,-1
3169,4,1,-1
3169,4,2,1
3170,4,-2,-2
3170,4,-2,-1
3170,4,1,-1
3170,4,-2,2
3171,4,-2,-2
3171,4,-2,-1
3171,4,1,-1
3171,4,-1,2
3172,4,-2,-2
3172,4,-2,-1
3172,4,1,-1
3172,4,0,2
3173,4,-2,-2
3173,4,-2,-1
3173,4,1,-1
3173,4,1,2
3174,4,-2,-2
3174,4,-2,-1
3174,4,1,-1
3174,4,2,2
3175,4,-2,-2
3175,4,-2,-1
3175,4,2,-1
3175,4,-2,0
3176,4,-2,-2
3176,4,-2,-1
3176,4,2,-1
3176,4,-1,0
3177,4,-2,-2
3177,4,-2,-1
3177,4,2,-1
3177,4,1,0
3178,4,-2,-2
3178,4,-2,-1
3178,4,2,-1
3178,4,2,0
3179,4,-2,-2
3179,4,-2,-1
3179,4,2,-1
3179,4,-2,1
3180,4,-2,-2
3180,4,-2,-1
3180,4,2,-1
3180,4,-1,1
3181,4,-2,-2
3181,4,-2,-1
3181,4,2,-1
3181,4,0,1
3182,4,-2,-2
3182,4,-2,-1
3182,4,2,-1
3182,4,1,1
3183,4,-2,-2
3183,4,-2,-1
3183,4,2,-1
3183,4,2,1
3184,4,-2,-2
3184,4,-2,-1
3184,4,2,-1
3184,4,-2,2
3185,4,-2,-2
3185,4,-2,-1
3185,4,2,-1
3185,4,-1,2
3186,4,-2,-2
3186,4,-2,-1
3186,4,2,-1
3186,4,0,2
3187,4,-2,-2
3187,4,-2,-1
3187,4,2,-1
3187,4,1,2
3188,4,-2,-2
3188,4,-2,-1
3188,4,2,-1
3188,4,2,2
3189,4,-2,-2
3189,4,-2,-1
3189,4,-2,0
3189,4,-1,0
3190,4,-2,-2
3190,4,-2,-1
3190,4,-2,0
3190,4,1,0
3191,4,-2,-2
3191,4,-2,-1
3191,4,-2,0
3191,4,2,0
3192,4,-2,-2
3192,4,-2,-1
3192,4,-2,0
3192,4,-2,1
3193,4,-2,-2
3193,4,-2,-1
3193,4,-2,0
3193,4,-1,1
3194,4,-2,-2
3194,4,-2,-1
3194,4,-2,0
3194,4,0,1
3195,4,-2,-2
3195,4,-2,-1
3195,4,-2,0
3195,4,1,1
3196,4,-2,-2
3196,4,-2,-1
3196,4,-2,0
3196,4,2,1
3197,4,-2,-2
3197,4,-2,-1
3197,4,-2,0
3197,4,-2,2
3198,4,-2,-2
3198,4,-2,-1
3198,4,-2,0
3198,4,-1,2
3199,4,-2,-2
3199,4,-2,-1
3199,4,-2,0
3199,4,0,2
3200,4,-2,-2
3200,4,-2,-1
3200,4,-2,0
3200,4,1,2
3201,4,-2,-2
3201,4,-2,-1
3201,4,-2,0
3201,4,2,2
3202,4,-2,-2
3202,4,-2,-1
3202,4,-1,0
3202,4,1,0
3203,4,-2,-2
3203,4,-2,-1
3203,4,-1,0
3203,4,2,0
3204,4,-2,-2
3204,4,-2,-1
3204,4,-1,0
3204,4,-2,1
3205,4,-2,-2
3205,4,-2,-1
3205,4,-1,0
3205,4,-1,1
3206,4,-2,-2
3206,4,-2,-1
3206,4,-1,0
3206,4,0,1
3207,4,-2,-2
3207,4,-2,-1
3207,4,-1,0
3207,4,1,1
3208,4,-2,-2
3208,4,-2,-1
3208,4,-1,0
3208,4,2,1
3209,4,-2,-2
3209,4,-2,-1
3209,4,-1,0
3209,4,-2,2
3210,4,-2,-2
3210,4,-2,-1
3210,4,-1,0
3210,4,-1,2
3211,4,-2,-2
3211,4,-2,-1
3211,4,-1,0
3211,4,0,2
3212,4,-2,-2
3212,4,-2,-1
3212,4,-1,0
3212,4,1,2
3213,4,-2,-2
3213,4,-2,-1
3213,4,-1,0
3213,4,2,2
3214,4,-2,-2
3214,4,-2,-1
3214,4,1,0
3214,4,2,0
3215,4,-2,-2
3215,4,-2,-1
3215,4,1,0
3215,4,-2,1
3216,4,-2,-2
3216,4,-2,-1
3216,4,1,0
3216,4,-1,1
3217,4,-2,-2
3217,4,-2,-1
3217,4,1,0
3217,4,0,1
3218,4,-2,-2
3218,4,-2,-1
3218,4,1,0
3218,4,1,1
3219,4,-2,-2
3219,4,-2,-1
3219,4,1,0
3219,4,2,1
3220,4,-2,-2
3220,4,-2,-1
3220,4,1,0
3220,4,-2,2
3221,4,-2,-2
3221,4,-2,-1
3221,4,1,0
3221,4,-1,2
3222,4,-2,-2
3222,4,-2,-1
3222,4,1,0
3222,4,0,2
3223,4,-2,-2
3223,4,-2,-1
3223,4,1,0
3223,4,1,2
3224,4,-2,-2
3224,4,-2,-1
3224,4,1,0
3224,4,2,2
3225,4,-2,-2
3225,4,-2,-1
3225,4,2,0
3225,4,-2,1
3226,4,-2,-2
3226,4,-2,-1
3226,4,2,0
3226,4,-1,1
3227,4,-2,-2
3227,4,-2,-1
3227,4,2,0
3227,4,0,1
3228,4,-2,-2
3228,4,-2,-1
3228,4,2,0
3228,4,1,1
3229,4,-2,-2
3229,4,-2,-1
3229,4,2,0
3229,4,2,1
3230,4,-2,-2
3230,4,-2,-1
3230,4,2,0
3230,4,-2,2
3231,4,-2,-2
3231,4,-2,-1
3231,4,2,0
3231,4,-1,2
3232,4,-2,-2
3232,4,-2,-1
3232,4,2,0
3232,4,0,2
3233,4,-2,-2
3233,4,-2,-1
3233,4,2,0
3233,4,1,2
3234,4,-2,-2
3234,4,-2,-1
3234,4,2,0
3234,4,2,2
3235,4,-2,-2
3235,4,-2,-1
3235,4,-2,1
3235,4,-1,1
3236,4,-2,-2
3236,4,-2,-1
3236,4,-2,1
3236,4,0,1
3237,4,-2,-2
3237,4,-2,-1
3237,4,-2,1
3237,4,1,1
3238,4,-2,-2
3238,4,-2,-1
3238,4,-2,1
3238,4,2,1
3239,4,-2,-2
3239,4,-2,-1
3239,4,-2,1
3239,4,-2,2
3240,4,-2,-2
3240,4,-2,-1
3240,4,-2,1
3240,4,-1,2
3241,4,-2,-2
3241,4,-2,-1
3241,4,-2,1
3241,4,0,2
3242,4,-2,-2
3242,4,-2,-1
3242,4,-2,1
3242,4,1,2
3243,4,-2,-2
3243,4,-2,-1
3243,4,-2,1
3243,4,2,2
3244,4,-2,-2
3244,4,-2,-1
3244,4,-1,1
3244,4,0,1
3245,4,-2,-2
3245,4,-2,-1
3245,4,-1,1
3245,4,1,1
3246,4,-2,-2
3246,4,-2,-1
3246,4,-1,1
3246,4,2,1
3247,4,-2,-2
3247,4,-2,-1
3247,4,-1,1
3247,4,-2,2
3248,4,-2,-2
3248,4,-2,-1
3248,4,-1,1
3248,4,-1,2
3249,4,-2,-2
3249,4,-2,-1
3249,4,-1,1
3249,4,0,2
3250,4,-2,-2
3250,4,-2,-1
3250,4,-1,1
3250,4,1,2
3251,4,-2,-2
3251,4,-2,-1
3251,4,-1,1
3251,4,2,2
3252,4,-2,-2
3252,4,-2,-1
3252,4,0,1
3252,4,1,1
3253,4,-2,-2
3253,4,-2,-1
3253,4,0,1
3253,4,2,1
3254,4,-2,-2
3254,4,-2,-1
3254,4,0,1
3254,4,-2,2
3255,4,-2,-2
3255,4,-2,-1
3255,4,0,1
3255,4,-1,2
3256,4,-2,-2
3256,4,-2,-1
3256,4,0,1
3256,4,0,2
3257,4,-2,-2
3257,4,-2,-1
3257,4,0,1
3257,4,1,2
3258,4,-2,-2
3258,4,-2,-1
3258,4,0,1
3258,4,2,2
3259,4,-2,-2
3259,4,-2,-1
3259,4,1,1
3259,4,2,1
3260,4,-2,-2
3260,4,-2,-1
3260,4,1,1
3260,4,-2,2
3261,4,-2,-2
3261,4,-2,-1
3261,4,1,1
3261,4,-1,2
3262,4,-2,-2
3262,4,-2,-1
3262,4,1,1
3262,4,0,2
3263,4,-2,-2
3263,4,-2,-1
3263,4,1,1
3263,4,1,2
3264,4,-2,-2
3264,4,-2,-1
3264,4,1,1
3264,4,2,2
3265,4,-2,-2
3265,4,-2,-1
3265,4,2,1
3265,4,-2,2
3266,4,-2,-2
3266,4,-2,-1
3266,4,2,1
3266,4,-1,2
3267,4,-2,-2
3267,4,-2,-1
3267,4,2,1
3267,4,0,2
3268,4,-2,-2
3268,4,-2,-1
3268,4,2,1
3268,4,1,2
3269,4,-2,-2
3269,4,-2,-1
3269,4,2,1
3269,4,2,2
3270,4,-2,-2
3270,4,-2,-1
3270,4,-2,2
3270,4,-1,2
3271,4,-2,-2
3271,4,-2,-1
3271,4,-2,2
3271,4,0,2
3272,4,-2,-2
3272,4,-2,-1
3272,4,-2,2
3272,4,1,2
3273,4,-2,-2
3273,4,-2,-1
3273,4,-2,2
3273,4,2,2
3274,4,-2,-2
3274,4,-2,-1
3274,4,-1,2
3274,4,0,2
3275,4,-2,-2
3275,4,-2,-1
3275,4,-1,2
3275,4,1,2
3276,4,-2,-2
3276,4,-2,-1
3276,4,-1,2
3276,4,2,2
3277,4,-2,-2
3277,4,-2,-1
3277,4,0,2
3277,4,1,2
3278,4,-2,-2
3278,4,-2,-1
3278,4,0,2
3278,4,2,2
3279,4,-2,-2
3279,4,-2,-1
3279,4,1,2
3279,4,2,2
3280,4,-2,-2
3280,4,-1,-1
3280,4,0,-1
3280,4,1,-1
3281,4,-2,-2
3281,4,-1,-1
3281,4,0,-1
3281,4,2,-1
3282,4,-2,-2
3282,4,-1,-1
3282,4,0,-1
3282,4,-2,0
3283,4,-2,-2
3283,4,-1,-1
3283,4,0,-1
3283,4,-1,0
3284,4,-2,-2
3284,4,-1,-1
3284,4,0,-1
3284,4,1,0
3285,4,-2,-2
3285,4,-1,-1
3285,4,0,-1
3285,4,2,0
3286,4,-2,-2
3286,4,-1,-1
3286,4,0,-1
3286,4,-2,1
3287,4,-2,-2
3287,4,-1,-1
3287,4,0,-1
3287,4,-1,1
3288,4,-2,-2
3288,4,-1,-1
3288,4,0,-1
3288,4,0,1
3289,4,-2,-2
3289,4,-1,-1
3289,4,0,-1
3289,4,1,1
3290,4,-2,-2
3290,4,-1,-1
3290,4,0,-1
3290,4,2,1
3291,4,-2,-2
3291,4,-1,-1
3291,4,0,-1
3291,4,-2,2
3292,4,-2,-2
3292,4,-1,-1
3292,4,0,-1
3292,4,-1,2
3293,4,-2,-2
3293,4,-1,-1
3293,4,0,-1
3293,4,0,2
3294,4,-2,-2
3294,4,-1,-1
3294,4,0,-1
3294,4,1,2
3295,4,-2,-2
3295,4,-1,-1
3295,4,0,-1
3295,4,2,2
3296,4,-2,-2
3296,4,-1,-1
3296,4,1,-1
3296,4,2,-1
3297,4,-2,-2
3297,4,-1,-1
3297,4,1,-1
3297,4,-2,0
3298,4,-2,-2
3298,4,-1,-1
3298,4,1,-1
3298,4,-1,0
3299,4,-2,-2
3299,4,-1,-1
3299,4,1,-1
3299,4,1,0
3300,4,-2,-2
3300,4,-1,-1
3300,4,1,-1
3300,4,2,0
3301,4,-2,-2
3301,4,-1,-1
3301,4,1,-1
3301,4,-2,1
3302,4,-2,-2
3302,4,-1,-1
3302,4,1,-1
3302,4,-1,1
3303,4,-2,-2
3303,4,-1,-1
3303,4,1,-1
3303,4,0,1
3304,4,-2,-2
3304,4,-1,-1
3304,4,1,-1
3304,4,1,1
3305,4,-2,-2
3305,4,-1,-1
3305,4,1,-1
3305,4,2,1
3306,4,-2,-2
3306,4,-1,-1
3306,4,1,-1
3306,4,-2,2
3307,4,-2,-2
3307,4,-1,-1
3307,4,1,-1
3307,4,-1,2
3308,4,-2,-2
3308,4,-1,-1
3308,4,1,-1
3308,4,0,2
3309,4,-2,-2
3309,4,-1,-1
3309,4,1,-1
3309,4,1,2
3310,4,-2,-2
3310,4,-1,-1
3310,4,1,-1
3310,4,2,2
3311,4,-2,-2
3311,4,-1,-1
3311,4,2,-1
3311,4,-2,0
3312,4,-2,-2
3312,4,-1,-1
3312,4,2,-1
3312,4,-1,0
3313,4,-2,-2
3313,4,-1,-1
3313,4,2,-1
3313,4,1,0
3314,4,-2,-2
3314,4,-1,-1
3314,4,2,-1
3314,4,2,0
3315,4,-2,-2
3315,4,-1,-1
3315,4,2,-1
3315,4,-2,1
3316,4,-2,-2
3316,4,-1,-1
3316,4,2,-1
3316,4,-1,1
3317,4,-2,-2
3317,4,-1,-1
3317,4,2,-1
3317,4,0,1
3318,4,-2,-2
3318,4,-1,-1
3318,4,2,-1
3318,4,1,1
3319,4,-2,-2
3319,4,-1,-1
3319,4,2,-1
3319,4,2,1
3320,4,-2,-2
3320,4,-1,-1
3320,4,2,-1
3320,4,-2,2
3321,4,-2,-2
3321,4,-1,-1
3321,4,2,-1
3321,4,-1,2
3322,4,-2,-2
3322,4,-1,-1
3322,4,2,-1
3322,4,0,2
3323,4,-2,-2
3323,4,-1,-1
3323,4,2,-1
3323,4,1,2
3324,4,-2,-2
3324,4,-1,-1
3324,4,2,-1
3324,4,2,2
3325,4,-2,-2
3325,4,-1,-1
3325,4,-2,0
3325,4,-1,0
3326,4,-2,-2
3326,4,-1,-1
3326,4,-2,0
3326,4,1,0
3327,4,-2,-2
3327,4,-1,-1
3327,4,-2,0
3327,4,2,0
3328,4,-2,-2
3328,4,-1,-1
3328,4,-2,0
3328,4,-2,1
3329,4,-2,-2
3329,4,-1,-1
3329,4,-2,0
3329,4,-1,1
3330,4,-2,-2
3330,4,-1,-1
3330,4,-2,0
3330,4,0,1
3331,4,-2,-2
3331,4,-1,-1
3331,4,-2,0
3331,4,1,1
3332,4,-2,-2
3332,4,-1,-1
3332,4,-2,0
3332,4,2,1
3333,4,-2,-2
3333,4,-1,-1
3333,4,-2,0
3333,4,-2,2
3334,4,-2,-2
3334,4,-1,-1
3334,4,-2,0
3334,4,-1,2
3335,4,-2,-2
3335,4,-1,-1
3335,4,-2,0
3335,4,0,2
3336,4,-2,-2
3336,4,-1,-1
3336,4,-2,0
3336,4,1,2
3337,4,-2,-2
3337,4,-1,-1
3337,4,-2,0
3337,4,2,2
3338,4,-2,-2
3338,4,-1,-1
3338,4,-1,0
3338,4,1,0
3339,4,-2,-2
3339,4,-1,-1
3339,4,-1,0
3339,4,2,0
3340,4,-2,-2
3340,4,-1,-1
3340,4,-1,0
3340,4,-2,1
3341,4,-2,-2
3341,4,-1,-1
3341,4,-1,0
3341,4,-1,1
3342,4,-2,-2
3342,4,-1,-1
3342,4,-1,0
3342,4,0,1
3343,4,-2,-2
3343,4,-1,-1
3343,4,-1,0
3343,4,1,1
3344,4,-2,-2
3344,4,-1,-1
3344,4,-1,0
3344,4,2,1
3345,4,-2,-2
3345,4,-1,-1
3345,4,-1,0
3345,4,-2,2
3346,4,-2,-2
3346,4,-1,-1
3346,4,-1,0
3346,4,-1,2
3347,4,-2,-2
3347,4,-1,-1
3347,4,-1,0
3347,4,0,2
3348,4,-2,-2
3348,4,-1,-1
3348,4,-1,0
3348,4,1,2
3349,4,-2,-2
3349,4,-1,-1
3349,4,-1,0
3349,4,2,2
3350,4,-2,-2
3350,4,-1,-1
3350,4,1,0
3350,4,2,0
3351,4,-2,-2
3351,4,-1,-1
3351,4,1,0
3351,4,-2,1
3352,4,-2,-2
3352,4,-1,-1
3352,4,1,0
3352,4,-1,1
3353,4,-2,-2
3353,4,-1,-1
3353,4,1,0
3353,4,0,1
3354,4,-2,-2
3354,4,-1,-1
3354,4,1,0
3354,4,1,1
3355,4,-2,-2
3355,4,-1,-1
3355,4,1,0
3355,4,2,1
3356,4,-2,-2
3356,4,-1,-1
3356,4,1,0
3356,4,-2,2
3357,4,-2,-2
3357,4,-1,-1
3357,4,1,0
3357,4,-1,2
3358,4,-2,-2
3358,4,-1,-1
3358,4,1,0
3358,4,0,2
3359,4,-2,-2
3359,4,-1,-1
3359,4,1,0
3359,4,1,2
3360,4,-2,-2
3360,4,-1,-1
3360,4,1,0
3360,4,2,2
3361,4,-2,-2
3361,4,-1,-1
3361,4,2,0
3361,4,-2,1
3362,4,-2,-2
3362,4,-1,-1
3362,4,2,0
3362,4,-1,1
3363,4,-2,-2
3363,4,-1,-1
3363,4,2,0
3363,4,0,1
3364,4,-2,-2
3364,4,-1,-1
3364,4,2,0
3364,4,1,1
3365,4,-2,-2
3365,4,-1,-1
3365,4,2,0
3365,4,2,1
3366,4,-2,-2
3366,4,-1,-1
3366,4,2,0
3366,4,-2,2
3367,4,-2,-2
3367,4,-1,-1
3367,4,2,0
3367,4,-1,2
3368,4,-2,-2
3368,4,-1,-1
3368,4,2,0
3368,4,0,2
3369,4,-2,-2
3369,4,-1,-1
3369,4,2,0
3369,4,1,2
3370,4,-2,-2
3370,4,-1,-1
3370,4,2,0
3370,4,2,2
3371,4,-2,-2
3371,4,-1,-1
3371,4,-2,1
3371,4,-1,1
3372,4,-2,-2
3372,4,-1,-1
3372,4,-2,1
3372,4,0,1
3373,4,-2,-2
3373,4,-1,-1
3373,4,-2,1
3373,4,1,1
3374,4,-2,-2
3374,4,-1,-1
3374,4,-2,1
3374,4,2,1
3375,4,-2,-2
3375,4,-1,-1
3375,4,-2,1
3375,4,-2,2
3376,4,-2,-2
3376,4,-1,-1
3376,4,-2,1
3376,4,-1,2
3377,4,-2,-2
3377,4,-1,-1
3377,4,-2,1
3377,4,0,2
3378,4,-2,-2
3378,4,-1,-1
3378,4,-2,1
3378,4,1,2
3379,4,-2,-2
3379,4,-1,-1
3379,4,-2,1
3379,4,2,2
3380,4,-2,-2
3380,4,-1,-1
3380,4,-1,1
3380,4,0,1
3381,4,-2,-2
3381,4,-1,-1
3381,4,-1,1
3381,4,1,1
3382,4,-2,-2
3382,4,-1,-1
3382,4,-1,1
3382,4,2,1
3383,4,-2,-2
3383,4,-1,-1
3383,4,-1,1
3383,4,-2,2
3384,4,-2,-2
3384,4,-1,-1
3384,4,-1,1
3384,4,-1,2
3385,4,-2,-2
3385,4,-1,-1
3385,4,-1,1
3385,4,0,2
3386,4,-2,-2
3386,4,-1,-1
3386,4,-1,1
3386,4,1,2
3387,4,-2,-2
3387,4,-1,-1
3387,4,-1,1
3387,4,2,2
3388,4,-2,-2
3388,4,-1,-1
3388,4,0,1
3388,4,1,1
3389,4,-2,-2
3389,4,-1,-1
3389,4,0,1
3389,4,2,1
3390,4,-2,-2
3390,4,-1,-1
3390,4,0,1
3390,4,-2,2
3391,4,-2,-2
3391,4,-1,-1
3391,4,0,1
3391,4,-1,2
3392,4,-2,-2
3392,4,-1,-1
3392,4,0,1
3392,4,0,2
3393,4,-2,-2
3393,4,-1,-1
3393,4,0,1
3393,4,1,2
3394,4,-2,-2
3394,4,-1,-1
3394,4,0,1
3394,4,2,2
3395,4,-2,-2
3395,4,-1,-1
3395,4,1,1
3395,4,2,1
3396,4,-2,-2
3396,4,-1,-1
3396,4,1,1
3396,4,-2,2
3397,4,-2,-2
3397,4,-1,-1
3397,4,1,1
3397,4,-1,2
3398,4,-2,-2
3398,4,-1,-1
3398,4,1,1
3398,4,0,2
3399,4,-2,-2
3399,4,-1,-1
3399,4,1,1
3399,4,1,2
3400,4,-2,-2
3400,4,-1,-1
3400,4,1,1
3400,4,2,2
3401,4,-2,-2
3401,4,-1,-1
3401,4,2,1
3401,4,-2,2
3402,4,-2,-2
3402,4,-1,-1
3402,4,2,1
3402,4,-1,2
3403,4,-2,-2
3403,4,-1,-1
3403,4,2,1
3403,4,0,2
3404,4,-2,-2
3404,4,-1,-1
3404,4,2,1
3404,4,1,2
3405,4,-2,-2
3405,4,-1,-1
3405,4,2,1
3405,4,2,2
3406,4,-2,-2
3406,4,-1,-1
3406,4,-2,2
3406,4,-1,2
3407,4,-2,-2
3407,4,-1,-1
3407,4,-2,2
3407,4,0,2
3408,4,-2,-2
3408,4,-1,-1
3408,4,-2,2
3408,4,1,2
3409,4,-2,-2
3409,4,-1,-1
3409,4,-2,2
3409,4,2,2
3410,4,-2,-2
3410,4,-1,-1
3410,4,-1,2
3410,4,0,2
3411,4,-2,-2
3411,4,-1,-1
3411,4,-1,2
3411,4,1,2
3412,4,-2,-2
3412,4,-1,-1
3412,4,-1,2
3412,4,2,2
3413,4,-2,-2
3413,4,-1,-1
3413,4,0,2
3413,4,1,2
3414,4,-2,-2
3414,4,-1,-1
3414,4,0,2
3414,4,2,2
3415,4,-2,-2
3415,4,-1,-1
3415,4,1,2
3415,4,2,2
3416,4,-2,-2
3416,4,0,-1
3416,4,1,-1
3416,4,2,-1
3417,4,-2,-2
3417,4,0,-1
3417,4,1,-1
3417,4,-2,0
3418,4,-2,-2
3418,4,0,-1
3418,4,1,-1
3418,4,-1,0
3419,4,-2,-2
3419,4,0,-1
3419,4,1,-1
3419,4,1,0
3420,4,-2,-2
3420,4,0,-1
3420,4,1,-1
3420,4,2,0
3421,4,-2,-2
3421,4,0,-1
3421,4,1,-1
3421,4,-2,1
3422,4,-2,-2
3422,4,0,-1
3422,4,1,-1
3422,4,-1,1
3423,4,-2,-2
3423,4,0,-1
3423,4,1,-1
3423,4,0,1
3424,4,-2,-2
3424,4,0,-1
3424,4,1,-1
3424,4,1,1
3425,4,-2,-2
3425,4,0,-1
3425,4,1,-1
3425,4,2,1
3426,4,-2,-2
3426,4,0,-1
3426,4,1,-1
3426,4,-2,2
3427,4,-2,-2
3427,4,0,-1
3427,4,1,-1
3427,4,-1,2
3428,4,-2,-2
3428,4,0,-1
3428,4,1,-1
3428,4,0,2
3429,4,-2,-2
3429,4,0,-1
3429,4,1,-1
3429,4,1,2
3430,4,-2,-2
3430,4,0,-1
3430,4,1,-1
3430,4,2,2
3431,4,-2,-2
3431,4,0,-1
3431,4,2,-1
3431,4,-2,0
3432,4,-2,-2
3432,4,0,-1
3432,4,2,-1
3432,4,-1,0
3433,4,-2,-2
3433,4,0,-1
3433,4,2,-1
3433,4,1,0
3434,4,-2,-2
3434,4,0,-1
3434,4,2,-1
3434,4,2,0
3435,4,-2,-2
3435,4,0,-1
3435,4,2,-1
3435,4,-2,1
3436,4,-2,-2
3436,4,0,-1
3436,4,2,-1
3436,4,-1,1
3437,4,-2,-2
3437,4,0,-1
3437,4,2,-1
3437,4,0,1
3438,4,-2,-2
3438,4,0,-1
3438,4,2,-1
3438,4,1,1
3439,4,-2,-2
3439,4,0,-1
3439,4,2,-1
3439,4,2,1
3440,4,-2,-2
3440,4,0,-1
3440,4,2,-1
3440,4,-2,2
3441,4,-2,-2
3441,4,0,-1
3441,4,2,-1
3441,4,-1,2
3442,4,-2,-2
3442,4,0,-1
3442,4,2,-1
3442,4,0,2
3443,4,-2,-2
3443,4,0,-1
3443,4,2,-1
3443,4,1,2
3444,4,-2,-2
3444,4,0,-1
3444,4,2,-1
3444,4,2,2
3445,4,-2,-2
3445,4,0,-1
3445,4,-2,0
3445,4,-1,0
3446,4,-2,-2
3446,4,0,-1
3446,4,-2,0
3446,4,1,0
3447,4,-2,-2
3447,4,0,-1
3447,4,-2,0
3447,4,2,0
3448,4,-2,-2
3448,4,0,-1
3448,4,-2,0
3448,4,-2,1
3449,4,-2,-2
3449,4,0,-1
3449,4,-2,0
3449,4,-1,1
3450,4,-2,-2
3450,4,0,-1
3450,4,-2,0
3450,4,0,1
3451,4,-2,-2
3451,4,0,-1
3451,4,-2,0
3451,4,1,1
3452,4,-2,-2
3452,4,0,-1
3452,4,-2,0
3452,4,2,1
3453,4,-2,-2
3453,4,0,-1
3453,4,-2,0
3453,4,-2,2
3454,4,-2,-2
3454,4,0,-1
3454,4,-2,0
3454,4,-1,2
3455,4,-2,-2
3455,4,0,-1
3455,4,-2,0
3455,4,0,2
3456,4,-2,-2
3456,4,0,-1
3456,4,-2,0
3456,4,1,2
3457,4,-2,-2
3457,4,0,-1
3457,4,-2,0
3457,4,2,2
3458,4,-2,-2
3458,4,0,-1
3458,4,-1,0
3458,4,1,0
3459,4,-2,-2
3459,4,0,-1
3459,4,-1,0
3459,4,2,0
3460,4,-2,-2
3460,4,0,-1
3460,4,-1,0
3460,4,-2,1
3461,4,-2,-2
3461,4,0,-1
3461,4,-1,0
3461,4,-1,1
3462,4,-2,-2
3462,4,0,-1
3462,4,-1,0
3462,4,0,1
3463,4,-2,-2
3463,4,0,-1
3463,4,-1,0
3463,4,1,1
3464,4,-2,-2
3464,4,0,-1
3464,4,-1,0
3464,4,2,1
3465,4,-2,-2
3465,4,0,-1
3465,4,-1,0
3465,4,-2,2
3466,4,-2,-2
3466,4,0,-1
3466,4,-1,0
3466,4,-1,2
3467,4,-2,-2
3467,4,0,-1
3467,4,-1,0
3467,4,0,2
3468,4,-2,-2
3468,4,0,-1
3468,4,-1,0
3468,4,1,2
3469,4,-2,-2
3469,4,0,-1
3469,4,-1,0
3469,4,2,2
3470,4,-2,-2
3470,4,0,-1
3470,4,1,0
3470,4,2,0
3471,4,-2,-2
3471,4,0,-1
3471,4,1,0
3471,4,-2,1
3472,4,-2,-2
3472,4,0,-1
3472,4,1,0
3472,4,-1,1
3473,4,-2,-2
3473,4,0,-1
3473,4,1,0
3473,4,0,1
3474,4,-2,-2
3474,4,0,-1
3474,4,1,0
3474,4,1,1
3475,4,-2,-2
3475,4,0,-1
3475,4,1,0
3475,4,2,1
3476,4,-2,-2
3476,4,0,-1
3476,4,1,0
3476,4,-2,2
3477,4,-2,-2
3477,4,0,-1
3477,4,1,0
3477,4,-1,2
3478,4,-2,-2
3478,4,0,-1
3478,4,1,0
3478,4,0,2
3479,4,-2,-2
3479,4,0,-1
3479,4,1,0
3479,4,1,2
3480,4,-2,-2
3480,4,0,-1
3480,4,1,0
3480,4,2,2
3481,4,-2,-2
3481,4,0,-1
3481,4,2,0
3481,4,-2,1
3482,4,-2,-2
3482,4,0,-1
3482,4,2,0
3482,4,-1,1
3483,4,-2,-2
3483,4,0,-1
3483,4,2,0
3483,4,0,1
3484,4,-2,-2
3484,4,0,-1
3484,4,2,0
3484,4,1,1
3485,4,-2,-2
3485,4,0,-1
3485,4,2,0
3485,4,2,1
3486,4,-2,-2
3486,4,0,-1
3486,4,2,0
3486,4,-2,2
3487,4,-2,-2
3487,4,0,-1
3487,4,2,0
3487,4,-1,2
3488,4,-2,-2
3488,4,0,-1
3488,4,2,0
3488,4,0,2
3489,4,-2,-2
3489,4,0,-1
3489,4,2,0
3489,4,1,2
3490,4,-2,-2
3490,4,0,-1
3490,4,2,0
3490,4,2,2
3491,4,-2,-2
3491,4,0,-1
3491,4,-2,1
3491,4,-1,1
3492,4,-2,-2
3492,4,0,-1
3492,4,-2,1
3492,4,0,1
3493,4,-2,-2
3493,4,0,-1
3493,4,-2,1
3493,4,1,1
3494,4,-2,-2
3494,4,0,-1
3494,4,-2,1
3494,4,2,1
3495,4,-2,-2
3495,4,0,-1
3495,4,-2,1
3495,4,-2,2
3496,4,-2,-2
3496,4,0,-1
3496,4,-2,1
3496,4,-1,2
3497,4,-2,-2
3497,4,0,-1
3497,4,-2,1
3497,4,0,2
3498,4,-2,-2
3498,4,0,-1
3498,4,-2,1
3498,4,1,2
3499,4,-2,-2
3499,4,0,-1
3499,4,-2,1
3499,4,2,2
3500,4,-2,-2
3500,4,0,-1
3500,4,-1,1
3500,4,0,1
3501,4,-2,-2
3501,4,0,-1
3501,4,-1,1
3501,4,1,1
3502,4,-2,-2
3502,4,0,-1
3502,4,-1,1
3502,4,2,1
3503,4,-2,-2
3503,4,0,-1
3503,4,-1,1
3503,4,-2,2
3504,4,-2,-2
3504,4,0,-1
3504,4,-1,1
3504,4,-1,2
3505,4,-2,-2
3505,4,0,-1
3505,4,-1,1
3505,4,0,2
3506,4,-2,-2
3506,4,0,-1
3506,4,-1,1
3506,4,1,2
3507,4,-2,-2
3507,4,0,-1
3507,4,-1,1
3507,4,2,2
3508,4,-2,-2
3508,4,0,-1
3508,4,0,1
3508,4,1,1
3509,4,-2,-2
3509,4,0,-1
3509,4,0,1
3509,4,2,1
3510,4,-2,-2
3510,4,0,-1
3510,4,0,1
3510,4,-2,2
3511,4,-2,-2
3511,4,0,-1
3511,4,0,1
3511,4,-1,2
3512,4,-2,-2
3512,4,0,-1
3512,4,0,1
3512,4,0,2
3513,4,-2,-2
3513,4,0,-1
3513,4,0,1
3513,4,1,2
3514,4,-2,-2
3514,4,0,-1
3514,4,0,1
3514,4,2,2
3515,4,-2,-2
3515,4,0,-1
3515,4,1,1
3515,4,2,1
3516,4,-2,-2
3516,4,0,-1
3516,4,1,1
3516,4,-2,2
3517,4,-2,-2
3517,4,0,-1
3517,4,1,1
3517,4,-1,2
3518,4,-2,-2
3518,4,0,-1
3518,4,1,1
3518,4,0,2
3519,4,-2,-2
3519,4,0,-1
3519,4,1,1
3519,4,1,2
3520,4,-2,-2
3520,4,0,-1
3520,4,1,1
3520,4,2,2
3521,4,-2,-2
3521,4,0,-1
3521,4,2,1
3521,4,-2,2
3522,4,-2,-2
3522,4,0,-1
3522,4,2,1
3522,4,-1,2
3523,4,-2,-2
3523,4,0,-1
3523,4,2,1
3523,4,0,2
3524,4,-2,-2
3524,4,0,-1
3524,4,2,1
3524,4,1,2
3525,4,-2,-2
3525,4,0,-1
3525,4,2,1
3525,4,2,2
3526,4,-2,-2
3526,4,0,-1
3526,4,-2,2
3526,4,-1,2
3527,4,-2,-2
3527,4,0,-1
3527,4,-2,2
3527,4,0,2
3528,4,-2,-2
3528,4,0,-1
3528,4,-2,2
3528,4,1,2
3529,4,-2,-2
3529,4,0,-1
3529,4,-2,2
3529,4,2,2
3530,4,-2,-2
3530,4,0,-1
3530,4,-1,2
3530,4,0,2
3531,4,-2,-2
3531,4,0,-1
3531,4,-1,2
3531,4,1,2
3532,4,-2,-2
3532,4,0,-1
3532,4,-1,2
3532,4,2,2
3533,4,-2,-2
3533,4,0,-1
3533,4,0,2
3533,4,1,2
3534,4,-2,-2
3534,4,0,-1
3534,4,0,2
3534,4,2,2
3535,4,-2,-2
3535,4,0,-1
3535,4,1,2
3535,4,2,2
3536,4,-2,-2
3536,4,1,-1
3536,4,2,-1
3536,4,-2,0
3537,4,-2,-2
3537,4,1,-1
3537,4,2,-1
3537,4,-1,0
3538,4,-2,-2
3538,4,1,-1
3538,4,2,-1
3538,4,1,0
3539,4,-2,-2
3539,4,1,-1
3539,4,2,-1
3539,4,2,0
3540,4,-2,-2
3540,4,1,-1
3540,4,2,-1
3540,4,-2,1
3541,4,-2,-2
3541,4,1,-1
3541,4,2,-1
3541,4,-1,1
3542,4,-2,-2
3542,4,1,-1
3542,4,2,-1
3542,4,0,1
3543,4,-2,-2
3543,4,1,-1
3543,4,2,-1
3543,4,1,1
3544,4,-2,-2
3544,4,1,-1
3544,4,2,-1
3544,4,2,1
3545,4,-2,-2
3545,4,1,-1
3545,4,2,-1
3545,4,-2,2
3546,4,-2,-2
3546,4,1,-1
3546,4,2,-1
3546,4,-1,2
3547,4,-2,-2
3547,4,1,-1
3547,4,2,-1
3547,4,0,2
3548,4,-2,-2
3548,4,1,-1
3548,4,2,-1
3548,4,1,2
3549,4,-2,-2
3549,4,1,-1
3549,4,2,-1
3549,4,2,2
3550,4,-2,-2
3550,4,1,-1
3550,4,-2,0
3550,4,-1,0
3551,4,-2,-2
3551,4,1,-1
3551,4,-2,0
3551,4,1,0
3552,4,-2,-2
3552,4,1,-1
3552,4,-2,0
3552,4,2,0
3553,4,-2,-2
3553,4,1,-1
3553,4,-2,0
3553,4,-2,1
3554,4,-2,-2
3554,4,1,-1
3554,4,-2,0
3554,4,-1,1
3555,4,-2,-2
3555,4,1,-1
3555,4,-2,0
3555,4,0,1
3556,4,-2,-2
3556,4,1,-1
3556,4,-2,0
3556,4,1,1
3557,4,-2,-2
3557,4,1,-1
3557,4,-2,0
3557,4,2,1
3558,4,-2,-2
3558,4,1,-1
3558,4,-2,0
3558,4,-2,2
3559,4,-2,-2
3559,4,1,-1
3559,4,-2,0
3559,4,-1,2
3560,4,-2,-2
3560,4,1,-1
3560,4,-2,0
3560,4,0,2
3561,4,-2,-2
3561,4,1,-1
3561,4,-2,0
3561,4,1,2
3562,4,-2,-2
3562,4,1,-1
3562,4,-2,0
3562,4,2,2
3563,4,-2,-2
3563,4,1,-1
3563,4,-1,0
3563,4,1,0
3564,4,-2,-2
3564,4,1,-1
3564,4,-1,0
3564,4,2,0
3565,4,-2,-2
3565,4,1,-1
3565,4,-1,0
3565,4,-2,1
3566,4,-2,-2
3566,4,1,-1
3566,4,-1,0
3566,4,-1,1
3567,4,-2,-2
3567,4,1,-1
3567,4,-1,0
3567,4,0,1
3568,4,-2,-2
3568,4,1,-1
3568,4,-1,0
3568,4,1,1
3569,4,-2,-2
3569,4,1,-1
3569,4,-1,0
3569,4,2,1
3570,4,-2,-2
3570,4,1,-1
3570,4,-1,0
3570,4,-2,2
3571,4,-2,-2
3571,4,1,-1
3571,4,-1,0
3571,4,-1,2
3572,4,-2,-2
3572,4,1,-1
3572,4,-1,0
3572,4,0,2
3573,4,-2,-2
3573,4,1,-1
3573,4,-1,0
3573,4,1,2
3574,4,-2,-2
3574,4,1,-1
3574,4,-1,0
3574,4,2,2
3575,4,-2,-2
3575,4,1,-1
3575,4,1,0
3575,4,2,0
3576,4,-2,-2
3576,4,1,-1
3576,4,1,0
3576,4,-2,1
3577,4,-2,-2
3577,4,1,-1
3577,4,1,0
3577,4,-1,1
3578,4,-2,-2
3578,4,1,-1
3578,4,1,0
3578,4,0,1
3579,4,-2,-2
3579,4,1,-1
3579,4,1,0
3579,4,1,1
3580,4,-2,-2
3580,4,1,-1
3580,4,1,0
3580,4,2,1
3581,4,-2,-2
3581,4,1,-1
3581,4,1,0
3581,4,-2,2
3582,4,-2,-2
3582,4,1,-1
3582,4,1,0
3582,4,-1,2
3583,4,-2,-2
3583,4,1,-1
3583,4,1,0
3583,4,0,2
3584,4,-2,-2
3584,4,1,-1
3584,4,1,0
3584,4,1,2
3585,4,-2,-2
3585,4,1,-1
3585,4,1,0
3585,4,2,2
3586,4,-2,-2
3586,4,1,-1
3586,4,2,0
3586,4,-2,1
3587,4,-2,-2
3587,4,1,-1
3587,4,2,0
3587,4,-1,1
3588,4,-2,-2
3588,4,1,-1
3588,4,2,0
3588,4,0,1
3589,4,-2,-2
3589,4,1,-1
3589,4,2,0
3589,4,1,1
3590,4,-2,-2
3590,4,1,-1
3590,4,2,0
3590,4,2,1
3591,4,-2,-2
3591,4,1,-1
3591,4,2,0
3591,4,-2,2
3592,4,-2,-2
3592,4,1,-1
3592,4,2,0
3592,4,-1,2
3593,4,-2,-2
3593,4,1,-1
3593,4,2,0
3593,4,0,2
3594,4,-2,-2
3594,4,1,-1
3594,4,2,0
3594,4,1,2
3595,4,-2,-2
3595,4,1,-1
3595,4,2,0
3595,4,2,2
3596,4,-2,-2
3596,4,1,-1
3596,4,-2,1
3596,4,-1,1
3597,4,-2,-2
3597,4,1,-1
3597,4,-2,1
3597,4,0,1
3598,4,-2,-2
3598,4,1,-1
3598,4,-2,1
3598,4,1,1
3599,4,-2,-2
3599,4,1,-1
3599,4,-2,1
3599,4,2,1
3600,4,-2,-2
3600,4,1,-1
3600,4,-2,1
3600,4,-2,2
3601,4,-2,-2
3601,4,1,-1
3601,4,-2,1
3601,4,-1,2
3602,4,-2,-2
3602,4,1,-1
3602,4,-2,1
3602,4,0,2
3603,4,-2,-2
3603,4,1,-1
3603,4,-2,1
3603,4,1,2
3604,4,-2,-2
3604,4,1,-1
3604,4,-2,1
3604,4,2,2
3605,4,-2,-2
3605,4,1,-1
3605,4,-1,1
3605,4,0,1
3606,4,-2,-2
3606,4,1,-1
3606,4,-1,1
3606,4,1,1
3607,4,-2,-2
3607,4,1,-1
3607,4,-1,1
3607,4,2,1
3608,4,-2,-2
3608,4,1,-1
3608,4,-1,1
3608,4,-2,2
3609,4,-2,-2
3609,4,1,-1
3609,4,-1,1
3609,4,-1,2
3610,4,-2,-2
3610,4,1,-1
3610,4,-1,1
3610,4,0,2
3611,4,-2,-2
3611,4,1,-1
3611,4,-1,1
3611,4,1,2
3612,4,-2,-2
3612,4,1,-1
3612,4,-1,1
3612,4,2,2
3613,4,-2,-2
3613,4,1,-1
3613,4,0,1
3613,4,1,1
3614,4,-2,-2
3614,4,1,-1
3614,4,0,1
3614,4,2,1
3615,4,-2,-2
3615,4,1,-1
3615,4,0,1
3615,4,-2,2
3616,4,-2,-2
3616,4,1,-1
3616,4,0,1
3616,4,-1,2
3617,4,-2,-2
3617,4,1,-1
3617,4,0,1
3617,4,0,2
3618,4,-2,-2
3618,4,1,-1
3618,4,0,1
3618,4,1,2
3619,4,-2,-2
3619,4,1,-1
3619,4,0,1
3619,4,2,2
3620,4,-2,-2
3620,4,1,-1
3620,4,1,1
3620,4,2,1
3621,4,-2,-2
3621,4,1,-1
3621,4,1,1
3621,4,-2,2
3622,4,-2,-2
3622,4,1,-1
3622,4,1,1
3622,4,-1,2
3623,4,-2,-2
3623,4,1,-1
3623,4,1,1
3623,4,0,2
3624,4,-2,-2
3624,4,1,-1
3624,4,1,1
3624,4,1,2
3625,4,-2,-2
3625,4,1,-1
3625,4,1,1
3625,4,2,2
3626,4,-2,-2
3626,4,1,-1
3626,4,2,1
3626,4,-2,2
3627,4,-2,-2
3627,4,1,-1
3627,4,2,1
3627,4,-1,2
3628,4,-2,-2
3628,4,1,-1
3628,4,2,1
3628,4,0,2
3629,4,-2,-2
3629,4,1,-1
3629,4,2,1
3629,4,1,2
3630,4,-2,-2
3630,4,1,-1
3630,4,2,1
3630,4,2,2
3631,4,-2,-2
3631,4,1,-1
3631,4,-2,2
3631,4,-1,2
3632,4,-2,-2
3632,4,1,-1
3632,4,-2,2
3632,4,0,2
3633,4,-2,-2
3633,4,1,-1
3633,4,-2,2
3633,4,1,2
3634,4,-2,-2
3634,4,1,-1
3634,4,-2,2
3634,4,2,2
3635,4,-2,-2
3635,4,1,-1
3635,4,-1,2
3635,4,0,2
3636,4,-2,-2
3636,4,1,-1
3636,4,-1,2
3636,4,1,2
3637,4,-2,-2
3637,4,1,-1
3637,4,-1,2
3637,4,2,2
3638,4,-2,-2
3638,4,1,-1
3638,4,0,2
3638,4,1,2
3639,4,-2,-2
3639,4,1,-1
3639,4,0,2
3639,4,2,2
3640,4,-2,-2
3640,4,1,-1
3640,4,1,2
3640,4,2,2
3641,4,-2,-2
3641,4,2,-1
3641,4,-2,0
3641,4,-1,0
3642,4,-2,-2
3642,4,2,-1
3642,4,-2,0
3642,4,1,0
3643,4,-2,-2
3643,4,2,-1
3643,4,-2,0
3643,4,2,0
3644,4,-2,-2
3644,4,2,-1
3644,4,-2,0
3644,4,-2,1
3645,4,-2,-2
3645,4,2,-1
3645,4,-2,0
3645,4,-1,1
3646,4,-2,-2
3646,4,2,-1
3646,4,-2,0
3646,4,0,1
3647,4,-2,-2
3647,4,2,-1
3647,4,-2,0
3647,4,1,1
3648,4,-2,-2
3648,4,2,-1
3648,4,-2,0
3648,4,2,1
3649,4,-2,-2
3649,4,2,-1
3649,4,-2,0
3649,4,-2,2
3650,4,-2,-2
3650,4,2,-1
3650,4,-2,0
3650,4,-1,2
3651,4,-2,-2
3651,4,2,-1
3651,4,-2,0
3651,4,0,2
3652,4,-2,-2
3652,4,2,-1
3652,4,-2,0
3652,4,1,2
3653,4,-2,-2
3653,4,2,-1
3653,4,-2,0
3653,4,2,2
3654,4,-2,-2
3654,4,2,-1
3654,4,-1,0
3654,4,1,0
3655,4,-2,-2
3655,4,2,-1
3655,4,-1,0
3655,4,2,0
3656,4,-2,-2
3656,4,2,-1
3656,4,-1,0
3656,4,-2,1
3657,4,-2,-2
3657,4,2,-1
3657,4,-1,0
3657,4,-1,1
3658,4,-2,-2
3658,4,2,-1
3658,4,-1,0
3658,4,0,1
3659,4,-2,-2
3659,4,2,-1
3659,4,-1,0
3659,4,1,1
3660,4,-2,-2
3660,4,2,-1
3660,4,-1,0
3660,4,2,1
3661,4,-2,-2
3661,4,2,-1
3661,4,-1,0
3661,4,-2,2
3662,4,-2,-2
3662,4,2,-1
3662,4,-1,0
3662,4,-1,2
3663,4,-2,-2
3663,4,2,-1
3663,4,-1,0
3663,4,0,2
3664,4,-2,-2
3664,4,2,-1
3664,4,-1,0
3664,4,1,2
3665,4,-2,-2
3665,4,2,-1
3665,4,-1,0
3665,4,2,2
3666,4,-2,-2
3666,4,2,-1
3666,4,1,0
3666,4,2,0
3667,4,-2,-2
3667,4,2,-1
3667,4,1,0
3667,4,-2,1
3668,4,-2,-2
3668,4,2,-1
3668,4,1,0
3668,4,-1,1
3669,4,-2,-2
3669,4,2,-1
3669,4,1,0
3669,4,0,1
3670,4,-2,-2
3670,4,2,-1
3670,4,1,0
3670,4,1,1
3671,4,-2,-2
3671,4,2,-1
3671,4,1,0
3671,4,2,1
3672,4,-2,-2
3672,4,2,-1
3672,4,1,0
3672,4,-2,2
3673,4,-2,-2
3673,4,2,-1
3673,4,1,0
3673,4,-1,2
3674,4,-2,-2
3674,4,2,-1
3674,4,1,0
3674,4,0,2
3675,4,-2,-2
3675,4,2,-1
3675,4,1,0
3675,4,1,2
3676,4,-2,-2
3676,4,2,-1
3676,4,1,0
3676,4,2,2
3677,4,-2,-2
3677,4,2,-1
3677,4,2,0
3677,4,-2,1
3678,4,-2,-2
3678,4,2,-1
3678,4,2,0
3678,4,-1,1
3679,4,-2,-2
3679,4,2,-1
3679,4,2,0
3679,4,0,1
3680,4,-2,-2
3680,4,2,-1
3680,4,2,0
3680,4,1,1
3681,4,-2,-2
3681,4,2,-1
3681,4,2,0
3681,4,2,1
3682,4,-2,-2
3682,4,2,-1
3682,4,2,0
3682,4,-2,2
3683,4,-2,-2
3683,4,2,-1
3683,4,2,0
3683,4,-1,2
3684,4,-2,-2
3684,4,2,-1
3684,4,2,0
3684,4,0,2
3685,4,-2,-2
3685,4,2,-1
3685,4,2,0
3685,4,1,2
3686,4,-2,-2
3686,4,2,-1
3686,4,2,0
3686,4,2,2
3687,4,-2,-2
3687,4,2,-1
3687,4,-2,1
3687,4,-1,1
3688,4,-2,-2
3688,4,2,-1
3688,4,-2,1
3688,4,0,1
3689,4,-2,-2
3689,4,2,-1
3689,4,-2,1
3689,4,1,1
3690,4,-2,-2
3690,4,2,-1
3690,4,-2,1
3690,4,2,1
3691,4,-2,-2
3691,4,2,-1
3691,4,-2,1
3691,4,-2,2
3692,4,-2,-2
3692,4,2,-1
3692,4,-2,1
3692,4,-1,2
3693,4,-2,-2
3693,4,2,-1
3693,4,-2,1
3693,4,0,2
3694,4,-2,-2
3694,4,2,-1
3694,4,-2,1
3694,4,1,2
3695,4,-2,-2
3695,4,2,-1
3695,4,-2,1
3695,4,2,2
3696,4,-2,-2
3696,4,2,-1
3696,4,-1,1
3696,4,0,1
3697,4,-2,-2
3697,4,2,-1
3697,4,-1,1
3697,4,1,1
3698,4,-2,-2
3698,4,2,-1
3698,4,-1,1
3698,4,2,1
3699,4,-2,-2
3699,4,2,-1
3699,4,-1,1
3699,4,-2,2
3700,4,-2,-2
3700,4,2,-1
3700,4,-1,1
3700,4,-1,2
3701,4,-2,-2
3701,4,2,-1
3701,4,-1,1
3701,4,0,2
3702,4,-2,-2
3702,4,2,-1
3702,4,-1,1
3702,4,1,2
3703,4,-2,-2
3703,4,2,-1
3703,4,-1,1
3703,4,2,2
3704,4,-2,-2
3704,4,2,-1
3704,4,0,1
3704,4,1,1
3705,4,-2,-2
3705,4,2,-1
3705,4,0,1
3705,4,2,1
3706,4,-2,-2
3706,4,2,-1
3706,4,0,1
3706,4,-2,2
3707,4,-2,-2
3707,4,2,-1
3707,4,0,1
3707,4,-1,2
3708,4,-2,-2
3708,4,2,-1
3708,4,0,1
3708,4,0,2
3709,4,-2,-2
3709,4,2,-1
3709,4,0,1
3709,4,1,2
3710,4,-2,-2
3710,4,2,-1
3710,4,0,1
3710,4,2,2
3711,4,-2,-2
3711,4,2,-1
3711,4,1,1
3711,4,2,1
3712,4,-2,-2
3712,4,2,-1
3712,4,1,1
3712,4,-2,2
3713,4,-2,-2
3713,4,2,-1
3713,4,1,1
3713,4,-1,2
3714,4,-2,-2
3714,4,2,-1
3714,4,1,1
3714,4,0,2
3715,4,-2,-2
3715,4,2,-1
3715,4,1,1
3715,4,1,2
3716,4,-2,-2
3716,4,2,-1
3716,4,1,1
3716,4,2,2
3717,4,-2,-2
3717,4,2,-1
3717,4,2,1
3717,4,-2,2
3718,4,-2,-2
3718,4,2,-1
3718,4,2,1
3718,4,-1,2
3719,4,-2,-2
3719,4,2,-1
3719,4,2,1
3719,4,0,2
3720,4,-2,-2
3720,4,2,-1
3720,4,2,1
3720,4,1,2
3721,4,-2,-2
3721,4,2,-1
3721,4,2,1
3721,4,2,2
3722,4,-2,-2
3722,4,2,-1
3722,4,-2,2
3722,4,-1,2
3723,4,-2,-2
3723,4,2,-1
3723,4,-2,2
3723,4,0,2
3724,4,-2,-2
3724,4,2,-1
3724,4,-2,2
3724,4,1,2
3725,4,-2,-2
3725,4,2,-1
3725,4,-2,2
3725,4,2,2
3726,4,-2,-2
3726,4,2,-1
3726,4,-1,2
3726,4,0,2
3727,4,-2,-2
3727,4,2,-1
3727,4,-1,2
3727,4,1,2
3728,4,-2,-2
3728,4,2,-1
3728,4,-1,2
3728,4,2,2
3729,4,-2,-2
3729,4,2,-1
3729,4,0,2
3729,4,1,2
3730,4,-2,-2
3730,4,2,-1
3730,4,0,2
3730,4,2,2
3731,4,-2,-2
3731,4,2,-1
3731,4,1,2
3731,4,2,2
3732,4,-2,-2
3732,4,-2,0
3732,4,-1,0
3732,4,1,0
3733,4,-2,-2
3733,4,-2,0
3733,4,-1,0
3733,4,2,0
3734,4,-2,-2
3734,4,-2,0
3734,4,-1,0
3734,4,-2,1
3735,4,-2,-2
3735,4,-2,0
3735,4,-1,0
3735,4,-1,1
3736,4,-2,-2
3736,4,-2,0
3736,4,-1,0
3736,4,0,1
3737,4,-2,-2
3737,4,-2,0
3737,4,-1,0
3737,4,1,1
3738,4,-2,-2
3738,4,-2,0
3738,4,-1,0
3738,4,2,1
3739,4,-2,-2
3739,4,-2,0
3739,4,-1,0
3739,4,-2,2
3740,4,-2,-2
3740,4,-2,0
3740,4,-1,0
3740,4,-1,2
3741,4,-2,-2
3741,4,-2,0
3741,4,-1,0
3741,4,0,2
3742,4,-2,-2
3742,4,-2,0
3742,4,-1,0
3742,4,1,2
3743,4,-2,-2
3743,4,-2,0
3743,4,-1,0
3743,4,2,2
3744,4,-2,-2
3744,4,-2,0
3744,4,1,0
3744,4,2,0
3745,4,-2,-2
3745,4,-2,0
3745,4,1,0
3745,4,-2,1
3746,4,-2,-2
3746,4,-2,0
3746,4,1,0
3746,4,-1,1
3747,4,-2,-2
3747,4,-2,0
3747,4,1,0
3747,4,0,1
3748,4,-2,-2
3748,4,-2,0
3748,4,1,0
3748,4,1,1
3749,4,-2,-2
3749,4,-2,0
3749,4,1,0
3749,4,2,1
3750,4,-2,-2
3750,4,-2,0
3750,4,1,0
3750,4,-2,2
3751,4,-2,-2
3751,4,-2,0
3751,4,1,0
3751,4,-1,2
3752,4,-2,-2
3752,4,-2,0
3752,4,1,0
3752,4,0,2
3753,4,-2,-2
3753,4,-2,0
3753,4,1,0
3753,4,1,2
3754,4,-2,-2
3754,4,-2,0
3754,4,1,0
3754,4,2,2
3755,4,-2,-2
3755,4,-2,0
3755,4,2,0
3755,4,-2,1
3756,4,-2,-2
3756,4,-2,0
3756,4,2,0
3756,4,-1,1
3757,4,-2,-2
3757,4,-2,0
3757,4,2,0
3757,4,0,1
3758,4,-2,-2
3758,4,-2,0
3758,4,2,0
3758,4,1,1
3759,4,-2,-2
3759,4,-2,0
3759,4,2,0
3759,4,2,1
3760,4,-2,-2
3760,4,-2,0
3760,4,2,0
3760,4,-2,2
3761,4,-2,-2
3761,4,-2,0
3761,4,2,0
3761,4,-1,2
3762,4,-2,-2
3762,4,-2,0
3762,4,2,0
3762,4,0,2
3763,4,-2,-2
3763,4,-2,0
3763,4,2,0
3763,4,1,2
3764,4,-2,-2
3764,4,-2,0
3764,4,2,0
3764,4,2,2
3765,4,-2,-2
3765,4,-2,0
3765,4,-2,1
3765,4,-1,1
3766,4,-2,-2
3766,4,-2,0
3766,4,-2,1
3766,4,0,1
3767,4,-2,-2
3767,4,-2,0
3767,4,-2,1
3767,4,1,1
3768,4,-2,-2
3768,4,-2,0
3768,4,-2,1
3768,4,2,1
3769,4,-2,-2
3769,4,-2,0
3769,4,-2,1
3769,4,-2,2
3770,4,-2,-2
3770,4,-2,0
3770,4,-2,1
3770,4,-1,2
3771,4,-2,-2
3771,4,-2,0
3771,4,-2,1
3771,4,0,2
3772,4,-2,-2
3772,4,-2,0
3772,4,-2,1
3772,4,1,2
3773,4,-2,-2
3773,4,-2,0
3773,4,-2,1
3773,4,2,2
3774,4,-2,-2
3774,4,-2,0
3774,4,-1,1
3774,4,0,1
3775,4,-2,-2
3775,4,-2,0
3775,4,-1,1
3775,4,1,1
3776,4,-2,-2
3776,4,-2,0
3776,4,-1,1
3776,4,2,1
3777,4,-2,-2
3777,4,-2,0
3777,4,-1,1
3777,4,-2,2
3778,4,-2,-2
3778,4,-2,0
3778,4,-1,1
3778,4,-1,2
3779,4,-2,-2
3779,4,-2,0
3779,4,-1,1
3779,4,0,2
3780,4,-2,-2
3780,4,-2,0
3780,4,-1,1
3780,4,1,2
3781,4,-2,-2
3781,4,-2,0
3781,4,-1,1
3781,4,2,2
3782,4,-2,-2
3782,4,-2,0
3782,4,0,1
3782,4,1,1
3783,4,-2,-2
3783,4,-2,0
3783,4,0,1
3783,4,2,1
3784,4,-2,-2
3784,4,-2,0
3784,4,0,1
3784,4,-2,2
3785,4,-2,-2
3785,4,-2,0
3785,4,0,1
3785,4,-1,2
3786,4,-2,-2
3786,4,-2,0
3786,4,0,1
3786,4,0,2
3787,4,-2,-2
3787,4,-2,0
3787,4,0,1
3787,4,1,2
3788,4,-2,-2
3788,4,-2,0
3788,4,0,1
3788,4,2,2
3789,4,-2,-2
3789,4,-2,0
3789,4,1,1
3789,4,2,1
3790,4,-2,-2
3790,4,-2,0
3790,4,1,1
3790,4,-2,2
3791,4,-2,-2
3791,4,-2,0
3791,4,1,1
3791,4,-1,2
3792,4,-2,-2
3792,4,-2,0
3792,4,1,1
3792,4,0,2
3793,4,-2,-2
3793,4,-2,0
3793,4,1,1
3793,4,1,2
3794,4,-2,-2
3794,4,-2,0
3794,4,1,1
3794,4,2,2
3795,4,-2,-2
3795,4,-2,0
3795,4,2,1
3795,4,-2,2
3796,4,-2,-2
3796,4,-2,0
3796,4,2,1
3796,4,-1,2
3797,4,-2,-2
3797,4,-2,0
3797,4,2,1
3797,4,0,2
3798,4,-2,-2
3798,4,-2,0
3798,4,2,1
3798,4,1,2
3799,4,-2,-2
3799,4,-2,0
3799,4,2,1
3799,4,2,2
3800,4,-2,-2
3800,4,-2,0
3800,4,-2,2
3800,4,-1,2
3801,4,-2,-2
3801,4,-2,0
3801,4,-2,2
3801,4,0,2
3802,4,-2,-2
3802,4,-2,0
3802,4,-2,2
3802,4,1,2
3803,4,-2,-2
3803,4,-2,0
3803,4,-2,2
3803,4,2,2
3804,4,-2,-2
3804,4,-2,0
3804,4,-1,2
3804,4,0,2
3805,4,-2,-2
3805,4,-2,0
3805,4,-1,2
3805,4,1,2
3806,4,-2,-2
3806,4,-2,0
3806,4,-1,2
3806,4,2,2
3807,4,-2,-2
3807,4,-2,0
3807,4,0,2
3807,4,1,2
3808,4,-2,-2
3808,4,-2,0
3808,4,0,2
3808,4,2,2
3809,4,-2,-2
3809,4,-2,0
3809,4,1,2
3809,4,2,2
3810,4,-2,-2
3810,4,-1,0
3810,4,1,0
3810,4,2,0
3811,4,-2,-2
3811,4,-1,0
3811,4,1,0
3811,4,-2,1
3812,4,-2,-2
3812,4,-1,0
3812,4,1,0
3812,4,-1,1
3813,4,-2,-2
3813,4,-1,0
3813,4,1,0
3813,4,0,1
3814,4,-2,-2
3814,4,-1,0
3814,4,1,0
3814,4,1,1
3815,4,-2,-2
3815,4,-1,0
3815,4,1,0
3815,4,2,1
3816,4,-2,-2
3816,4,-1,0
3816,4,1,0
3816,4,-2,2
3817,4,-2,-2
3817,4,-1,0
3817,4,1,0
3817,4,-1,2
3818,4,-2,-2
3818,4,-1,0
3818,4,1,0
3818,4,0,2
3819,4,-2,-2
3819,4,-1,0
3819,4,1,0
3819,4,1,2
3820,4,-2,-2
3820,4,-1,0
3820,4,1,0
3820,4,2,2
3821,4,-2,-2
3821,4,-1,0
3821,4,2,0
3821,4,-2,1
3822,4,-2,-2
3822,4,-1,0
3822,4,2,0
3822,4,-1,1
3823,4,-2,-2
3823,4,-1,0
3823,4,2,0
3823,4,0,1
3824,4,-2,-2
3824,4,-1,0
3824,4,2,0
3824,4,1,1
3825,4,-2,-2
3825,4,-1,0
3825,4,2,0
3825,4,2,1
3826,4,-2,-2
3826,4,-1,0
3826,4,2,0
3826,4,-2,2
3827,4,-2,-2
3827,4,-1,0
3827,4,2,0
3827,4,-1,2
3828,4,-2,-2
3828,4,-1,0
3828,4,2,0
3828,4,0,2
3829,4,-2,-2
3829,4,-1,0
3829,4,2,0
3829,4,1,2
3830,4,-2,-2
3830,4,-1,0
3830,4,2,0
3830,4,2,2
3831,4,-2,-2
3831,4,-1,0
3831,4,-2,1
3831,4,-1,1
3832,4,-2,-2
3832,4,-1,0
3832,4,-2,1
3832,4,0,1
3833,4,-2,-2
3833,4,-1,0
3833,4,-2,1
3833,4,1,1
3834,4,-2,-2
3834,4,-1,0
3834,4,-2,1
3834,4,2,1
3835,4,-2,-2
3835,4,-1,0
3835,4,-2,1
3835,4,-2,2
3836,4,-2,-2
3836,4,-1,0
3836,4,-2,1
3836,4,-1,2
3837,4,-2,-2
3837,4,-1,0
3837,4,-2,1
3837,4,0,2
3838,4,-2,-2
3838,4,-1,0
3838,4,-2,1
3838,4,1,2
3839,4,-2,-2
3839,4,-1,0
3839,4,-2,1
3839,4,2,2
3840,4,-2,-2
3840,4,-1,0
3840,4,-1,1
3840,4,0,1
3841,4,-2,-2
3841,4,-1,0
3841,4,-1,1
3841,4,1,1
3842,4,-2,-2
3842,4,-1,0
3842,4,-1,1
3842,4,2,1
3843,4,-2,-2
3843,4,-1,0
3843,4,-1,1
3843,4,-2,2
3844,4,-2,-2
3844,4,-1,0
3844,4,-1,1
3844,4,-1,2
3845,4,-2,-2
3845,4,-1,0
3845,4,-1,1
3845,4,0,2
3846,4,-2,-2
3846,4,-1,0
3846,4,-1,1
3846,4,1,2
3847,4,-2,-2
3847,4,-1,0
3847,4,-1,1
3847,4,2,2
3848,4,-2,-2
3848,4,-1,0
3848,4,0,1
3848,4,1,1
3849,4,-2,-2
3849,4,-1,0
3849,4,0,1
3849,4,2,1
3850,4,-2,-2
3850,4,-1,0
3850,4,0,1
3850,4,-2,2
3851,4,-2,-2
3851,4,-1,0
3851,4,0,1
3851,4,-1,2
3852,4,-2,-2
3852,4,-1,0
3852,4,0,1
3852,4,0,2
3853,4,-2,-2
3853,4,-1,0
3853,4,0,1
3853,4,1,2
3854,4,-2,-2
3854,4,-1,0
3854,4,0,1
3854,4,2,2
3855,4,-2,-2
3855,4,-1,0
3855,4,1,1
3855,4,2,1
3856,4,-2,-2
3856,4,-1,0
3856,4,1,1
3856,4,-2,2
3857,4,-2,-2
3857,4,-1,0
3857,4,1,1
3857,4,-1,2
3858,4,-2,-2
3858,4,-1,0
3858,4,1,1
3858,4,0,2
3859,4,-2,-2
3859,4,-1,0
3859,4,1,1
3859,4,1,2
3860,4,-2,-2
3860,4,-1,0
3860,4,1,1
3860,4,2,2
3861,4,-2,-2
3861,4,-1,0
3861,4,2,1
3861,4,-2,2
3862,4,-2,-2
3862,4,-1,0
3862,4,2,1
3862,4,-1,2
3863,4,-2,-2
3863,4,-1,0
3863,4,2,1
3863,4,0,2
3864,4,-2,-2
3864,4,-1,0
3864,4,2,1
3864,4,1,2
3865,4,-2,-2
3865,4,-1,0
3865,4,2,1
3865,4,2,2
3866,4,-2,-2
3866,4,-1,0
3866,4,-2,2
3866,4,-1,2
3867,4,-2,-2
3867,4,-1,0
3867,4,-2,2
3867,4,0,2
3868,4,-2,-2
3868,4,-1,0
3868,4,-2,2
3868,4,1,2
3869,4,-2,-2
3869,4,-1,0
3869,4,-2,2
3869,4,2,2
3870,4,-2,-2
3870,4,-1,0
3870,4,-1,2
3870,4,0,2
3871,4,-2,-2
3871,4,-1,0
3871,4,-1,2
3871,4,1,2
3872,4,-2,-2
3872,4,-1,0
3872,4,-1,2
3872,4,2,2
3873,4,-2,-2
3873,4,-1,0
3873,4,0,2
3873,4,1,2
3874,4,-2,-2
3874,4,-1,0
3874,4,0,2
3874,4,2,2
3875,4,-2,-2
3875,4,-1,0
3875,4,1,2
3875,4,2,2
3876,4,-2,-2
3876,4,1,0
3876,4,2,0
3876,4,-2,1
3877,4,-2,-2
3877,4,1,0
3877,4,2,0
3877,4,-1,1
3878,4,-2,-2
3878,4,1,0
3878,4,2,0
3878,4,0,1
3879,4,-2,-2
3879,4,1,0
3879,4,2,0
3879,4,1,1
3880,4,-2,-2
3880,4,1,0
3880,4,2,0
3880,4,2,1
3881,4,-2,-2
3881,4,1,0
3881,4,2,0
3881,4,-2,2
3882,4,-2,-2
3882,4,1,0
3882,4,2,0
3882,4,-1,2
3883,4,-2,-2
3883,4,1,0
3883,4,2,0
3883,4,0,2
3884,4,-2,-2
3884,4,1,0
3884,4,2,0
3884,4,1,2
3885,4,-2,-2
3885,4,1,0
3885,4,2,0
3885,4,2,2
3886,4,-2,-2
3886,4,1,0
3886,4,-2,1
3886,4,-1,1
3887,4,-2,-2
3887,4,1,0
3887,4,-2,1
3887,4,0,1
3888,4,-2,-2
3888,4,1,0
3888,4,-2,1
3888,4,1,1
3889,4,-2,-2
3889,4,1,0
3889,4,-2,1
3889,4,2,1
3890,4,-2,-2
3890,4,1,0
3890,4,-2,1
3890,4,-2,2
3891,4,-2,-2
3891,4,1,0
3891,4,-2,1
3891,4,-1,2
3892,4,-2,-2
3892,4,1,0
3892,4,-2,1
3892,4,0,2
3893,4,-2,-2
3893,4,1,0
3893,4,-2,1
3893,4,1,2
3894,4,-2,-2
3894,4,1,0
3894,4,-2,1
3894,4,2,2
3895,4,-2,-2
3895,4,1,0
3895,4,-1,1
3895,4,0,1
3896,4,-2,-2
3896,4,1,0
3896,4,-1,1
3896,4,1,1
3897,4,-2,-2
3897,4,1,0
3897,4,-1,1
3897,4,2,1
3898,4,-2,-2
3898,4,1,0
3898,4,-1,1
3898,4,-2,2
3899,4,-2,-2
3899,4,1,0
3899,4,-1,1
3899,4,-1,2
3900,4,-2,-2
3900,4,1,0
3900,4,-1,1
3900,4,0,2
3901,4,-2,-2
3901,4,1,0
3901,4,-1,1
3901,4,1,2
3902,4,-2,-2
3902,4,1,0
3902,4,-1,1
3902,4,2,2
3903,4,-2,-2
3903,4,1,0
3903,4,0,1
3903,4,1,1
3904,4,-2,-2
3904,4,1,0
3904,4,0,1
3904,4,2,1
3905,4,-2,-2
3905,4,1,0
3905,4,0,1
3905,4,-2,2
3906,4,-2,-2
3906,4,1,0
3906,4,0,1
3906,4,-1,2
3907,4,-2,-2
3907,4,1,0
3907,4,0,1
3907,4,0,2
3908,4,-2,-2
3908,4,1,0
3908,4,0,1
3908,4,1,2
3909,4,-2,-2
3909,4,1,0
3909,4,0,1
3909,4,2,2
3910,4,-2,-2
3910,4,1,0
3910,4,1,1
3910,4,2,1
3911,4,-2,-2
3911,4,1,0
3911,4,1,1
3911,4,-2,2
3912,4,-2,-2
3912,4,1,0
3912,4,1,1
3912,4,-1,2
3913,4,-2,-2
3913,4,1,0
3913,4,1,1
3913,4,0,2
3914,4,-2,-2
3914,4,1,0
3914,4,1,1
3914,4,1,2
3915,4,-2,-2
3915,4,1,0
3915,4,1,1
3915,4,2,2
3916,4,-2,-2
3916,4,1,0
3916,4,2,1
3916,4,-2,2
3917,4,-2,-2
3917,4,1,0
3917,4,2,1
3917,4,-1,2
3918,4,-2,-2
3918,4,1,0
3918,4,2,1
3918,4,0,2
3919,4,-2,-2
3919,4,1,0
3919,4,2,1
3919,4,1,2
3920,4,-2,-2
3920,4,1,0
3920,4,2,1
3920,4,2,2
3921,4,-2,-2
3921,4,1,0
3921,4,-2,2
3921,4,-1,2
3922,4,-2,-2
3922,4,1,0
3922,4,-2,2
3922,4,0,2
3923,4,-2,-2
3923,4,1,0
3923,4,-2,2
3923,4,1,2
3924,4,-2,-2
3924,4,1,0
3924,4,-2,2
3924,4,2,2
3925,4,-2,-2
3925,4,1,0
3925,4,-1,2
3925,4,0,2
3926,4,-2,-2
3926,4,1,0
3926,4,-1,2
3926,4,1,2
3927,4,-2,-2
3927,4,1,0
3927,4,-1,2
3927,4,2,2
3928,4,-2,-2
3928,4,1,0
3928,4,0,2
3928,4,1,2
3929,4,-2,-2
3929,4,1,0
3929,4,0,2
3929,4,2,2
3930,4,-2,-2
3930,4,1,0
3930,4,1,2
3930,4,2,2
3931,4,-2,-2
3931,4,2,0
3931,4,-2,1
3931,4,-1,1
3932,4,-2,-2
3932,4,2,0
3932,4,-2,1
3932,4,0,1
3933,4,-2,-2
3933,4,2,0
3933,4,-2,1
3933,4,1,1
3934,4,-2,-2
3934,4,2,0
3934,4,-2,1
3934,4,2,1
3935,4,-2,-2
3935,4,2,0
3935,4,-2,1
3935,4,-2,2
3936,4,-2,-2
3936,4,2,0
3936,4,-2,1
3936,4,-1,2
3937,4,-2,-2
3937,4,2,0
3937,4,-2,1
3937,4,0,2
3938,4,-2,-2
3938,4,2,0
3938,4,-2,1
3938,4,1,2
3939,4,-2,-2
3939,4,2,0
3939,4,-2,1
3939,4,2,2
3940,4,-2,-2
3940,4,2,0
3940,4,-1,1
3940,4,0,1
3941,4,-2,-2
3941,4,2,0
3941,4,-1,1
3941,4,1,1
3942,4,-2,-2
3942,4,2,0
3942,4,-1,1
3942,4,2,1
3943,4,-2,-2
3943,4,2,0
3943,4,-1,1
3943,4,-2,2
3944,4,-2,-2
3944,4,2,0
3944,4,-1,1
3944,4,-1,2
3945,4,-2,-2
3945,4,2,0
3945,4,-1,1
3945,4,0,2
3946,4,-2,-2
3946,4,2,0
3946,4,-1,1
3946,4,1,2
3947,4,-2,-2
3947,4,2,0
3947,4,-1,1
3947,4,2,2
3948,4,-2,-2
3948,4,2,0
3948,4,0,1
3948,4,1,1
3949,4,-2,-2
3949,4,2,0
3949,4,0,1
3949,4,2,1
3950,4,-2,-2
3950,4,2,0
3950,4,0,1
3950,4,-2,2
3951,4,-2,-2
3951,4,2,0
3951,4,0,1
3951,4,-1,2
3952,4,-2,-2
3952,4,2,0
3952,4,0,1
3952,4,0,2
3953,4,-2,-2
3953,4,2,0
3953,4,0,1
3953,4,1,2
3954,4,-2,-2
3954,4,2,0
3954,4,0,1
3954,4,2,2
3955,4,-2,-2
3955,4,2,0
3955,4,1,1
3955,4,2,1
3956,4,-2,-2
3956,4,2,0
3956,4,1,1
3956,4,-2,2
3957,4,-2,-2
3957,4,2,0
3957,4,1,1
3957,4,-1,2
3958,4,-2,-2
3958,4,2,0
3958,4,1,1
3958,4,0,2
3959,4,-2,-2
3959,4,2,0
3959,4,1,1
3959,4,1,2
3960,4,-2,-2
3960,4,2,0
3960,4,1,1
3960,4,2,2
3961,4,-2,-2
3961,4,2,0
3961,4,2,1
3961,4,-2,2
3962,4,-2,-2
3962,4,2,0
3962,4,2,1
3962,4,-1,2
3963,4,-2,-2
3963,4,2,0
3963,4,2,1
3963,4,0,2
3964,4,-2,-2
3964,4,2,0
3964,4,2,1
3964,4,1,2
3965,4,-2,-2
3965,4,2,0
3965,4,2,1
3965,4,2,2
3966,4,-2,-2
3966,4,2,0
3966,4,-2,2
3966,4,-1,2
3967,4,-2,-2
3967,4,2,0
3967,4,-2,2
3967,4,0,2
3968,4,-2,-2
3968,4,2,0
3968,4,-2,2
3968,4,1,2
3969,4,-2,-2
3969,4,2,0
3969,4,-2,2
3969,4,2,2
3970,4,-2,-2
3970,4,2,0
3970,4,-1,2
3970,4,0,2
3971,4,-2,-2
3971,4,2,0
3971,4,-1,2
3971,4,1,2
3972,4,-2,-2
3972,4,2,0
3972,4,-1,2
3972,4,2,2
3973,4,-2,-2
3973,4,2,0
3973,4,0,2
3973,4,1,2
3974,4,-2,-2
3974,4,2,0
3974,4,0,2
3974,4,2,2
3975,4,-2,-2
3975,4,2,0
3975,4,1,2
3975,4,2,2
3976,4,-2,-2
3976,4,-2,1
3976,4,-1,1
3976,4,0,1
3977,4,-2,-2
3977,4,-2,1
3977,4,-1,1
3977,4,1,1
3978,4,-2,-2
3978,4,-2,1
3978,4,-1,1
3978,4,2,1
3979,4,-2,-2
3979,4,-2,1
3979,4,-1,1
3979,4,-2,2
3980,4,-2,-2
3980,4,-2,1
3980,4,-1,1
3980,4,-1,2
3981,4,-2,-2
3981,4,-2,1
3981,4,-1,1
3981,4,0,2
3982,4,-2,-2
3982,4,-2,1
3982,4,-1,1
3982,4,1,2
3983,4,-2,-2
3983,4,-2,1
3983,4,-1,1
3983,4,2,2
3984,4,-2,-2
3984,4,-2,1
3984,4,0,1
3984,4,1,1
3985,4,-2,-2
3985,4,-2,1
3985,4,0,1
3985,4,2,1
3986,4,-2,-2
3986,4,-2,1
3986,4,0,1
3986,4,-2,2
3987,4,-2,-2
3987,4,-2,1
3987,4,0,1
3987,4,-1,2
3988,4,-2,-2
3988,4,-2,1
3988,4,0,1
3988,4,0,2
3989,4,-2,-2
3989,4,-2,1
3989,4,0,1
3989,4,1,2
3990,4,-2,-2
3990,4,-2,1
3990,4,0,1
3990,4,2,2
3991,4,-2,-2
3991,4,-2,1
3991,4,1,1
3991,4,2,1
3992,4,-2,-2
3992,4,-2,1
3992,4,1,1
3992,4,-2,2
3993,4,-2,-2
3993,4,-2,1
3993,4,1,1
3993,4,-1,2
3994,4,-2,-2
3994,4,-2,1
3994,4,1,1
3994,4,0,2
3995,4,-2,-2
3995,4,-2,1
3995,4,1,1
3995,4,1,2
3996,4,-2,-2
3996,4,-2,1
3996,4,1,1
3996,4,2,2
3997,4,-2,-2
3997,4,-2,1
3997,4,2,1
3997,4,-2,2
3998,4,-2,-2
3998,4,-2,1
3998,4,2,1
3998,4,-1,2
3999,4,-2,-2
3999,4,-2,1
3999,4,2,1
3999,4,0,2
4000,4,-2,-2
4000,4,-2,1
4000,4,2,1
4000,4,1,2
4001,4,-2,-2
4001,4,-2,1
4001,4,2,1
4001,4,2,2
4002,4,-2,-2
4002,4,-2,1
4002,4,-2,2
4002,4,-1,2
4003,4,-2,-2
4003,4,-2,1
4003,4,-2,2
4003,4,0,2
4004,4,-2,-2
4004,4,-2,1
4004,4,-2,2
4004,4,1,2
4005,4,-2,-2
4005,4,-2,1
4005,4,-2,2
4005,4,2,2
4006,4,-2,-2
4006,4,-2,1
4006,4,-1,2
4006,4,0,2
4007,4,-2,-2
4007,4,-2,1
4007,4,-1,2
4007,4,1,2
4008,4,-2,-2
4008,4,-2,1
4008,4,-1,2
4008,4,2,2
4009,4,-2,-2
4009,4,-2,1
4009,4,0,2
4009,4,1,2
4010,4,-2,-2
4010,4,-2,1
4010,4,0,2
4010,4,2,2
4011,4,-2,-2
4011,4,-2,1
4011,4,1,2
4011,4,2,2
4012,4,-2,-2
4012,4,-1,1
4012,4,0,1
4012,4,1,1
4013,4,-2,-2
4013,4,-1,1
4013,4,0,1
4013,4,2,1
4014,4,-2,-2
4014,4,-1,1
4014,4,0,1
4014,4,-2,2
4015,4,-2,-2
4015,4,-1,1
4015,4,0,1
4015,4,-1,2
4016,4,-2,-2
4016,4,-1,1
4016,4,0,1
4016,4,0,2
4017,4,-2,-2
4017,4,-1,1
4017,4,0,1
4017,4,1,2
4018,4,-2,-2
4018,4,-1,1
4018,4,0,1
4018,4,2,2
4019,4,-2,-2
4019,4,-1,1
4019,4,1,1
4019,4,2,1
4020,4,-2,-2
4020,4,-1,1
4020,4,1,1
4020,4,-2,2
4021,4,-2,-2
4021,4,-1,1
4021,4,1,1
4021,4,-1,2
4022,4,-2,-2
4022,4,-1,1
4022,4,1,1
4022,4,0,2
4023,4,-2,-2
4023,4,-1,1
4023,4,1,1
4023,4,1,2
4024,4,-2,-2
4024,4,-1,1
4024,4,1,1
4024,4,2,2
4025,4,-2,-2
4025,4,-1,1
4025,4,2,1
4025,4,-2,2
4026,4,-2,-2
4026,4,-1,1
4026,4,2,1
4026,4,-1,2
4027,4,-2,-2
4027,4,-1,1
4027,4,2,1
4027,4,0,2
4028,4,-2,-2
4028,4,-1,1
4028,4,2,1
4028,4,1,2
4029,4,-2,-2
4029,4,-1,1
4029,4,2,1
4029,4,2,2
4030,4,-2,-2
4030,4,-1,1
4030,4,-2,2
4030,4,-1,2
4031,4,-2,-2
4031,4,-1,1
4031,4,-2,2
4031,4,0,2
4032,4,-2,-2
4032,4,-1,1
4032,4,-2,2
4032,4,1,2
4033,4,-2,-2
4033,4,-1,1
4033,4,-2,2
4033,4,2,2
4034,4,-2,-2
4034,4,-1,1
4034,4,-1,2
4034,4,0,2
4035,4,-2,-2
4035,4,-1,1
4035,4,-1,2
4035,4,1,2
4036,4,-2,-2
4036,4,-1,1
4036,4,-1,2
4036,4,2,2
4037,4,-2,-2
4037,4,-1,1
4037,4,0,2
4037,4,1,2
4038,4,-2,-2
4038,4,-1,1
4038,4,0,2
4038,4,2,2
4039,4,-2,-2
4039,4,-1,1
4039,4,1,2
4039,4,2,2
4040,4,-2,-2
4040,4,0,1
4040,4,1,1
4040,4,2,1
4041,4,-2,-2
4041,4,0,1
4041,4,1,1
4041,4,-2,2
4042,4,-2,-2
4042,4,0,1
4042,4,1,1
4042,4,-1,2
4043,4,-2,-2
4043,4,0,1
4043,4,1,1
4043,4,0,2
4044,4,-2,-2
4044,4,0,1
4044,4,1,1
4044,4,1,2
4045,4,-2,-2
4045,4,0,1
4045,4,1,1
4045,4,2,2
4046,4,-2,-2
4046,4,0,1
4046,4,2,1
4046,4,-2,2
4047,4,-2,-2
4047,4,0,1
4047,4,2,1
4047,4,-1,2
4048,4,-2,-2
4048,4,0,1
4048,4,2,1
4048,4,0,2
4049,4,-2,-2
4049,4,0,1
4049,4,2,1
4049,4,1,2
4050,4,-2,-2
4050,4,0,1
4050,4,2,1
4050,4,2,2
4051,4,-2,-2
4051,4,0,1
4051,4,-2,2
4051,4,-1,2
4052,4,-2,-2
4052,4,0,1
4052,4,-2,2
4052,4,0,2
4053,4,-2,-2
4053,4,0,1
4053,4,-2,2
4053,4,1,2
4054,4,-2,-2
4054,4,0,1
4054,4,-2,2
4054,4,2,2
4055,4,-2,-2
4055,4,0,1
4055,4,-1,2
4055,4,0,2
4056,4,-2,-2
4056,4,0,1
4056,4,-1,2
4056,4,1,2
4057,4,-2,-2
4057,4,0,1
4057,4,-1,2
4057,4,2,2
4058,4,-2,-2
4058,4,0,1
4058,4,0,2
4058,4,1,2
4059,4,-2,-2
4059,4,0,1
4059,4,0,2
4059,4,2,2
4060,4,-2,-2
4060,4,0,1
4060,4,1,2
4060,4,2,2
4061,4,-2,-2
4061,4,1,1
4061,4,2,1
4061,4,-2,2
4062,4,-2,-2
4062,4,1,1
4062,4,2,1
4062,4,-1,2
4063,4,-2,-2
4063,4,1,1
4063,4,2,1
4063,4,0,2
4064,4,-2,-2
4064,4,1,1
4064,4,2,1
4064,4,1,2
4065,4,-2,-2
4065,4,1,1
4065,4,2,1
4065,4,2,2
4066,4,-2,-2
4066,4,1,1
4066,4,-2,2
4066,4,-1,2
4067,4,-2,-2
4067,4,1,1
4067,4,-2,2
4067,4,0,2
4068,4,-2,-2
4068,4,1,1
4068,4,-2,2
4068,4,1,2
4069,4,-2,-2
4069,4,1,1
4069,4,-2,2
4069,4,2,2
4070,4,-2,-2
4070,4,1,1
4070,4,-1,2
4070,4,0,2
4071,4,-2,-2
4071,4,1,1
4071,4,-1,2
4071,4,1,2
4072,4,-2,-2
4072,4,1,1
4072,4,-1,2
4072,4,2,2
4073,4,-2,-2
4073,4,1,1
4073,4,0,2
4073,4,1,2
4074,4,-2,-2
4074,4,1,1
4074,4,0,2
4074,4,2,2
4075,4,-2,-2
4075,4,1,1
4075,4,1,2
4075,4,2,2
4076,4,-2,-2
4076,4,2,1
4076,4,-2,2
4076,4,-1,2
4077,4,-2,-2
4077,4,2,1
4077,4,-2,2
4077,4,0,2
4078,4,-2,-2
4078,4,2,1
4078,4,-2,2
4078,4,1,2
4079,4,-2,-2
4079,4,2,1
4079,4,-2,2
4079,4,2,2
4080,4,-2,-2
4080,4,2,1
4080,4,-1,2
4080,4,0,2
4081,4,-2,-2
4081,4,2,1
4081,4,-1,2
4081,4,1,2
4082,4,-2,-2
4082,4,2,1
4082,4,-1,2
4082,4,2,2
4083,4,-2,-2
4083,4,2,1
4083,4,0,2
4083,4,1,2
4084,4,-2,-2
4084,4,2,1
4084,4,0,2
4084,4,2,2
4085,4,-2,-2
4085,4,2,1
4085,4,1,2
4085,4,2,2
4086,4,-2,-2
4086,4,-2,2
4086,4,-1,2
4086,4,0,2
4087,4,-2,-2
4087,4,-2,2
4087,4,-1,2
4087,4,1,2
4088,4,-2,-2
4088,4,-2,2
4088,4,-1,2
4088,4,2,2
4089,4,-2,-2
4089,4,-2,2
4089,4,0,2
4089,4,1,2
4090,4,-2,-2
4090,4,-2,2
4090,4,0,2
4090,4,2,2
4091,4,-2,-2
4091,4,-2,2
4091,4,1,2
4091,4,2,2
4092,4,-2,-2
4092,4,-1,2
4092,4,0,2
4092,4,1,2
4093,4,-2,-2
4093,4,-1,2
4093,4,0,2
4093,4,2,2
4094,4,-2,-2
4094,4,-1,2
4094,4,1,2
4094,4,2,2
4095,4,-2,-2
4095,4,0,2
4095,4,1,2
4095,4,2,2
4096,4,-1,-2
4096,4,0,-2
4096,4,1,-2
4096,4,2,-2
4097,4,-1,-2
4097,4,0,-2
4097,4,1,-2
4097,4,-2,-1
4098,4,-1,-2
4098,4,0,-2
4098,4,1,-2
4098,4,-1,-1
4099,4,-1,-2
4099,4,0,-2
4099,4,1,-2
4099,4,0,-1
4100,4,-1,-2
4100,4,0,-2
4100,4,1,-2
4100,4,1,-1
4101,4,-1,-2
4101,4,0,-2
4101,4,1,-2
4101,4,2,-1
4102,4,-1,-2
4102,4,0,-2
4102,4,1,-2
4102,4,-2,0
4103,4,-1,-2
4103,4,0,-2
4103,4,1,-2
4103,4,-1,0
4104,4,-1,-2
4104,4,0,-2
4104,4,1,-2
4104,4,1,0
4105,4,-1,-2
4105,4,0,-2
4105,4,1,-2
4105,4,2,0
4106,4,-1,-2
4106,4,0,-2
4106,4,1,-2
4106,4,-2,1
4107,4,-1,-2
4107,4,0,-2
4107,4,1,-2
4107,4,-1,1
4108,4,-1,-2
4108,4,0,-2
4108,4,1,-2
4108,4,0,1
4109,4,-1,-2
4109,4,0,-2
4109,4,1,-2
4109,4,1,1
4110,4,-1,-2
4110,4,0,-2
4110,4,1,-2
4110,4,2,1
4111,4,-1,-2
4111,4,0,-2
4111,4,1,-2
4111,4,-2,2
4112,4,-1,-2
4112,4,0,-2
4112,4,1,-2
4112,4,-1,2
4113,4,-1,-2
4113,4,0,-2
4113,4,1,-2
4113,4,0,2
4114,4,-1,-2
4114,4,0,-2
4114,4,1,-2
4114,4,1,2
4115,4,-1,-2
4115,4,0,-2
4115,4,1,-2
4115,4,2,2
4116,4,-1,-2
4116,4,0,-2
4116,4,2,-2
4116,4,-2,-1
4117,4,-1,-2
4117,4,0,-2
4117,4,2,-2
4117,4,-1,-1
4118,4,-1,-2
4118,4,0,-2
4118,4,2,-2
4118,4,0,-1
4119,4,-1,-2
4119,4,0,-2
4119,4,2,-2
4119,4,1,-1
4120,4,-1,-2
4120,4,0,-2
4120,4,2,-2
4120,4,2,-1
4121,4,-1,-2
4121,4,0,-2
4121,4,2,-2
4121,4,-2,0
4122,4,-1,-2
4122,4,0,-2
4122,4,2,-2
4122,4,-1,0
4123,4,-1,-2
4123,4,0,-2
4123,4,2,-2
4123,4,1,0
4124,4,-1,-2
4124,4,0,-2
4124,4,2,-2
4124,4,2,0
4125,4,-1,-2
4125,4,0,-2
4125,4,2,-2
4125,4,-2,1
4126,4,-1,-2
4126,4,0,-2
4126,4,2,-2
4126,4,-1,1
4127,4,-1,-2
4127,4,0,-2
4127,4,2,-2
4127,4,0,1
4128,4,-1,-2
4128,4,0,-2
4128,4,2,-2
4128,4,1,1
4129,4,-1,-2
4129,4,0,-2
4129,4,2,-2
4129,4,2,1
4130,4,-1,-2
4130,4,0,-2
4130,4,2,-2
4130,4,-2,2
4131,4,-1,-2
4131,4,0,-2
4131,4,2,-2
4131,4,-1,2
4132,4,-1,-2
4132,4,0,-2
4132,4,2,-2
4132,4,0,2
4133,4,-1,-2
4133,4,0,-2
4133,4,2,-2
4133,4,1,2
4134,4,-1,-2
4134,4,0,-2
4134,4,2,-2
4134,4,2,2
4135,4,-1,-2
4135,4,0,-2
4135,4,-2,-1
4135,4,-1,-1
4136,4,-1,-2
4136,4,0,-2
4136,4,-2,-1
4136,4,0,-1
4137,4,-1,-2
4137,4,0,-2
4137,4,-2,-1
4137,4,1,-1
4138,4,-1,-2
4138,4,0,-2
4138,4,-2,-1
4138,4,2,-1
4139,4,-1,-2
4139,4,0,-2
4139,4,-2,-1
4139,4,-2,0
4140,4,-1,-2
4140,4,0,-2
4140,4,-2,-1
4140,4,-1,0
4141,4,-1,-2
4141,4,0,-2
4141,4,-2,-1
4141,4,1,0
4142,4,-1,-2
4142,4,0,-2
4142,4,-2,-1
4142,4,2,0
4143,4,-1,-2
4143,4,0,-2
4143,4,-2,-1
4143,4,-2,1
4144,4,-1,-2
4144,4,0,-2
4144,4,-2,-1
4144,4,-1,1
4145,4,-1,-2
4145,4,0,-2
4145,4,-2,-1
4145,4,0,1
4146,4,-1,-2
4146,4,0,-2
4146,4,-2,-1
4146,4,1,1
4147,4,-1,-2
4147,4,0,-2
4147,4,-2,-1
4147,4,2,1
4148,4,-1,-2
4148,4,0,-2
4148,4,-2,-1
4148,4,-2,2
4149,4,-1,-2
4149,4,0,-2
4149,4,-2,-1
4149,4,-1,2
4150,4,-1,-2
4150,4,0,-2
4150,4,-2,-1
4150,4,0,2
4151,4,-1,-2
4151,4,0,-2
4151,4,-2,-1
4151,4,1,2
4152,4,-1,-2
4152,4,0,-2
4152,4,-2,-1
4152,4,2,2
4153,4,-1,-2
4153,4,0,-2
4153,4,-1,-1
4153,4,0,-1
4154,4,-1,-2
4154,4,0,-2
4154,4,-1,-1
4154,4,1,-1
4155,4,-1,-2
4155,4,0,-2
4155,4,-1,-1
4155,4,2,-1
4156,4,-1,-2
4156,4,0,-2
4156,4,-1,-1
4156,4,-2,0
4157,4,-1,-2
4157,4,0,-2
4157,4,-1,-1
4157,4,-1,0
4158,4,-1,-2
4158,4,0,-2
4158,4,-1,-1
4158,4,1,0
4159,4,-1,-2
4159,4,0,-2
4159,4,-1,-1
4159,4,2,0
4160,4,-1,-2
4160,4,0,-2
4160,4,-1,-1
4160,4,-2,1
4161,4,-1,-2
4161,4,0,-2
4161,4,-1,-1
4161,4,-1,1
4162,4,-1,-2
4162,4,0,-2
4162,4,-1,-1
4162,4,0,1
4163,4,-1,-2
4163,4,0,-2
4163,4,-1,-1
4163,4,1,1
4164,4,-1,-2
4164,4,0,-2
4164,4,-1,-1
4164,4,2,1
4165,4,-1,-2
4165,4,0,-2
4165,4,-1,-1
4165,4,-2,2
4166,4,-1,-2
4166,4,0,-2
4166,4,-1,-1
4166,4,-1,2
4167,4,-1,-2
4167,4,0,-2
4167,4,-1,-1
4167,4,0,2
4168,4,-1,-2
4168,4,0,-2
4168,4,-1,-1
4168,4,1,2
4169,4,-1,-2
4169,4,0,-2
4169,4,-1,-1
4169,4,2,2
4170,4,-1,-2
4170,4,0,-2
4170,4,0,-1
4170,4,1,-1
4171,4,-1,-2
4171,4,0,-2
4171,4,0,-1
4171,4,2,-1
4172,4,-1,-2
4172,4,0,-2
4172,4,0,-1
4172,4,-2,0
4173,4,-1,-2
4173,4,0,-2
4173,4,0,-1
4173,4,-1,0
4174,4,-1,-2
4174,4,0,-2
4174,4,0,-1
4174,4,1,0
4175,4,-1,-2
4175,4,0,-2
4175,4,0,-1
4175,4,2,0
4176,4,-1,-2
4176,4,0,-2
4176,4,0,-1
4176,4,-2,1
4177,4,-1,-2
4177,4,0,-2
4177,4,0,-1
4177,4,-1,1
4178,4,-1,-2
4178,4,0,-2
4178,4,0,-1
4178,4,0,1
4179,4,-1,-2
4179,4,0,-2
4179,4,0,-1
4179,4,1,1
4180,4,-1,-2
4180,4,0,-2
4180,4,0,-1
4180,4,2,1
4181,4,-1,-2
4181,4,0,-2
4181,4,0,-1
4181,4,-2,2
4182,4,-1,-2
4182,4,0,-2
4182,4,0,-1
4182,4,-1,2
4183,4,-1,-2
4183,4,0,-2
4183,4,0,-1
4183,4,0,2
4184,4,-1,-2
4184,4,0,-2
4184,4,0,-1
4184,4,1,2
4185,4,-1,-2
4185,4,0,-2
4185,4,0,-1
4185,4,2,2
4186,4,-1,-2
4186,4,0,-2
4186,4,1,-1
4186,4,2,-1
4187,4,-1,-2
4187,4,0,-2
4187,4,1,-1
4187,4,-2,0
4188,4,-1,-2
4188,4,0,-2
4188,4,1,-1
4188,4,-1,0
4189,4,-1,-2
4189,4,0,-2
4189,4,1,-1
4189,4,1,0
4190,4,-1,-2
4190,4,0,-2
4190,4,1,-1
4190,4,2,0
4191,4,-1,-2
4191,4,0,-2
4191,4,1,-1
4191,4,-2,1
4192,4,-1,-2
4192,4,0,-2
4192,4,1,-1
4192,4,-1,1
4193,4,-1,-2
4193,4,0,-2
4193,4,1,-1
4193,4,0,1
4194,4,-1,-2
4194,4,0,-2
4194,4,1,-1
4194,4,1,1
4195,4,-1,-2
4195,4,0,-2
4195,4,1,-1
4195,4,2,1
4196,4,-1,-2
4196,4,0,-2
4196,4,1,-1
4196,4,-2,2
4197,4,-1,-2
4197,4,0,-2
4197,4,1,-1
4197,4,-1,2
4198,4,-1,-2
4198,4,0,-2
4198,4,1,-1
4198,4,0,2
4199,4,-1,-2
4199,4,0,-2
4199,4,1,-1
4199,4,1,2
4200,4,-1,-2
4200,4,0,-2
4200,4,1,-1
4200,4,2,2
4201,4,-1,-2
4201,4,0,-2
4201,4,2,-1
4201,4,-2,0
4202,4,-1,-2
4202,4,0,-2
4202,4,2,-1
4202,4,-1,0
4203,4,-1,-2
4203,4,0,-2
4203,4,2,-1
4203,4,1,0
4204,4,-1,-2
4204,4,0,-2
4204,4,2,-1
4204,4,2,0
4205,4,-1,-2
4205,4,0,-2
4205,4,2,-1
4205,4,-2,1
4206,4,-1,-2
4206,4,0,-2
4206,4,2,-1
4206,4,-1,1
4207,4,-1,-2
4207,4,0,-2
4207,4,2,-1
4207,4,0,1
4208,4,-1,-2
4208,4,0,-2
4208,4,2,-1
4208,4,1,1
4209,4,-1,-2
4209,4,0,-2
4209,4,2,-1
4209,4,2,1
4210,4,-1,-2
4210,4,0,-2
4210,4,2,-1
4210,4,-2,2
4211,4,-1,-2
4211,4,0,-2
4211,4,2,-1
4211,4,-1,2
4212,4,-1,-2
4212,4,0,-2
4212,4,2,-1
4212,4,0,2
4213,4,-1,-2
4213,4,0,-2
4213,4,2,-1
4213,4,1,2
4214,4,-1,-2
4214,4,0,-2
4214,4,2,-1
4214,4,2,2
4215,4,-1,-2
4215,4,0,-2
4215,4,-2,0
4215,4,-1,0
4216,4,-1,-2
4216,4,0,-2
4216,4,-2,0
4216,4,1,0
4217,4,-1,-2
4217,4,0,-2
4217,4,-2,0
4217,4,2,0
4218,4,-1,-2
4218,4,0,-2
4218,4,-2,0
4218,4,-2,1
4219,4,-1,-2
4219,4,0,-2
4219,4,-2,0
4219,4,-1,1
4220,4,-1,-2
4220,4,0,-2
4220,4,-2,0
4220,4,0,1
4221,4,-1,-2
4221,4,0,-2
4221,4,-2,0
4221,4,1,1
4222,4,-1,-2
4222,4,0,-2
4222,4,-2,0
4222,4,2,1
4223,4,-1,-2
4223,4,0,-2
4223,4,-2,0
4223,4,-2,2
4224,4,-1,-2
4224,4,0,-2
4224,4,-2,0
4224,4,-1,2
4225,4,-1,-2
4225,4,0,-2
4225,4,-2,0
4225,4,0,2
4226,4,-1,-2
4226,4,0,-2
4226,4,-2,0
4226,4,1,2
4227,4,-1,-2
4227,4,0,-2
4227,4,-2,0
4227,4,2,2
4228,4,-1,-2
4228,4,0,-2
4228,4,-1,0
4228,4,1,0
4229,4,-1,-2
4229,4,0,-2
4229,4,-1,0
4229,4,2,0
4230,4,-1,-2
4230,4,0,-2
4230,4,-1,0
4230,4,-2,1
4231,4,-1,-2
4231,4,0,-2
4231,4,-1,0
4231,4,-1,1
4232,4,-1,-2
4232,4,0,-2
4232,4,-1,0
4232,4,0,1
4233,4,-1,-2
4233,4,0,-2
4233,4,-1,0
4233,4,1,1
4234,4,-1,-2
4234,4,0,-2
4234,4,-1,0
4234,4,2,1
4235,4,-1,-2
4235,4,0,-2
4235,4,-1,0
4235,4,-2,2
4236,4,-1,-2
4236,4,0,-2
4236,4,-1,0
4236,4,-1,2
4237,4,-1,-2
4237,4,0,-2
4237,4,-1,0
4237,4,0,2
4238,4,-1,-2
4238,4,0,-2
4238,4,-1,0
4238,4,1,2
4239,4,-1,-2
4239,4,0,-2
4239,4,-1,0
4239,4,2,2
4240,4,-1,-2
4240,4,0,-2
4240,4,1,0
4240,4,2,0
4241,4,-1,-2
4241,4,0,-2
4241,4,1,0
4241,4,-2,1
4242,4,-1,-2
4242,4,0,-2
4242,4,1,0
4242,4,-1,1
4243,4,-1,-2
4243,4,0,-2
4243,4,1,0
4243,4,0,1
4244,4,-1,-2
4244,4,0,-2
4244,4,1,0
4244,4,1,1
4245,4,-1,-2
4245,4,0,-2
4245,4,1,0
4245,4,2,1
4246,4,-1,-2
4246,4,0,-2
4246,4,1,0
4246,4,-2,2
4247,4,-1,-2
4247,4,0,-2
4247,4,1,0
4247,4,-1,2
4248,4,-1,-2
4248,4,0,-2
4248,4,1,0
4248,4,0,2
4249,4,-1,-2
4249,4,0,-2
4249,4,1,0
4249,4,1,2
4250,4,-1,-2
4250,4,0,-2
4250,4,1,0
4250,4,2,2
4251,4,-1,-2
4251,4,0,-2
4251,4,2,0
4251,4,-2,1
4252,4,-1,-2
4252,4,0,-2
4252,4,2,0
4252,4,-1,1
4253,4,-1,-2
4253,4,0,-2
4253,4,2,0
4253,4,0,1
4254,4,-1,-2
4254,4,0,-2
4254,4,2,0
4254,4,1,1
4255,4,-1,-2
4255,4,0,-2
4255,4,2,0
4255,4,2,1
4256,4,-1,-2
4256,4,0,-2
4256,4,2,0
4256,4,-2,2
4257,4,-1,-2
4257,4,0,-2
4257,4,2,0
4257,4,-1,2
4258,4,-1,-2
4258,4,0,-2
4258,4,2,0
4258,4,0,2
4259,4,-1,-2
4259,4,0,-2
4259,4,2,0
4259,4,1,2
4260,4,-1,-2
4260,4,0,-2
4260,4,2,0
4260,4,2,2
4261,4,-1,-2
4261,4,0,-2
4261,4,-2,1
4261,4,-1,1
4262,4,-1,-2
4262,4,0,-2
4262,4,-2,1
4262,4,0,1
4263,4,-1,-2
4263,4,0,-2
4263,4,-2,1
4263,4,1,1
4264,4,-1,-2
4264,4,0,-2
4264,4,-2,1
4264,4,2,1
4265,4,-1,-2
4265,4,0,-2
4265,4,-2,1
4265,4,-2,2
4266,4,-1,-2
4266,4,0,-2
4266,4,-2,1
4266,4,-1,2
4267,4,-1,-2
4267,4,0,-2
4267,4,-2,1
4267,4,0,2
4268,4,-1,-2
4268,4,0,-2
4268,4,-2,1
4268,4,1,2
4269,4,-1,-2
4269,4,0,-2
4269,4,-2,1
4269,4,2,2
4270,4,-1,-2
4270,4,0,-2
4270,4,-1,1
4270,4,0,1
4271,4,-1,-2
4271,4,0,-2
4271,4,-1,1
4271,4,1,1
4272,4,-1,-2
4272,4,0,-2
4272,4,-1,1
4272,4,2,1
4273,4,-1,-2
4273,4,0,-2
4273,4,-1,1
4273,4,-2,2
4274,4,-1,-2
4274,4,0,-2
4274,4,-1,1
4274,4,-1,2
4275,4,-1,-2
4275,4,0,-2
4275,4,-1,1
4275,4,0,2
4276,4,-1,-2
4276,4,0,-2
4276,4,-1,1
4276,4,1,2
4277,4,-1,-2
4277,4,0,-2
4277,4,-1,1
4277,4,2,2
4278,4,-1,-2
4278,4,0,-2
4278,4,0,1
4278,4,1,1
4279,4,-1,-2
4279,4,0,-2
4279,4,0,1
4279,4,2,1
4280,4,-1,-2
4280,4,0,-2
4280,4,0,1
4280,4,-2,2
4281,4,-1,-2
4281,4,0,-2
4281,4,0,1
4281,4,-1,2
4282,4,-1,-2
4282,4,0,-2
4282,4,0,1
4282,4,0,2
4283,4,-1,-2
4283,4,0,-2
4283,4,0,1
4283,4,1,2
4284,4,-1,-2
4284,4,0,-2
4284,4,0,1
4284,4,2,2
4285,4,-1,-2
4285,4,0,-2
4285,4,1,1
4285,4,2,1
4286,4,-1,-2
4286,4,0,-2
4286,4,1,1
4286,4,-2,2
4287,4,-1,-2
4287,4,0,-2
4287,4,1,1
4287,4,-1,2
4288,4,-1,-2
4288,4,0,-2
4288,4,1,1
4288,4,0,2
4289,4,-1,-2
4289,4,0,-2
4289,4,1,1
4289,4,1,2
4290,4,-1,-2
4290,4,0,-2
4290,4,1,1
4290,4,2,2
4291,4,-1,-2
4291,4,0,-2
4291,4,2,1
4291,4,-2,2
4292,4,-1,-2
4292,4,0,-2
4292,4,2,1
4292,4,-1,2
4293,4,-1,-2
4293,4,0,-2
4293,4,2,1
4293,4,0,2
4294,4,-1,-2
4294,4,0,-2
4294,4,2,1
4294,4,1,2
4295,4,-1,-2
4295,4,0,-2
4295,4,2,1
4295,4,2,2
4296,4,-1,-2
4296,4,0,-2
4296,4,-2,2
4296,4,-1,2
4297,4,-1,-2
4297,4,0,-2
4297,4,-2,2
4297,4,0,2
4298,4,-1,-2
4298,4,0,-2
4298,4,-2,2
4298,4,1,2
4299,4,-1,-2
4299,4,0,-2
4299,4,-2,2
4299,4,2,2
4300,4,-1,-2
4300,4,0,-2
4300,4,-1,2
4300,4,0,2
4301,4,-1,-2
4301,4,0,-2
4301,4,-1,2
4301,4,1,2
4302,4,-1,-2
4302,4,0,-2
4302,4,-1,2
4302,4,2,2
4303,4,-1,-2
4303,4,0,-2
4303,4,0,2
4303,4,1,2
4304,4,-1,-2
4304,4,0,-2
4304,4,0,2
4304,4,2,2
4305,4,-1,-2
4305,4,0,-2
4305,4,1,2
4305,4,2,2
4306,4,-1,-2
4306,4,1,-2
4306,4,2,-2
4306,4,-2,-1
4307,4,-1,-2
4307,4,1,-2
4307,4,2,-2
4307,4,-1,-1
4308,4,-1,-2
4308,4,1,-2
4308,4,2,-2
4308,4,0,-1
4309,4,-1,-2
4309,4,1,-2
4309,4,2,-2
4309,4,1,-1
4310,4,-1,-2
4310,4,1,-2
4310,4,2,-2
4310,4,2,-1
4311,4,-1,-2
4311,4,1,-2
4311,4,2,-2
4311,4,-2,0
4312,4,-1,-2
4312,4,1,-2
4312,4,2,-2
4312,4,-1,0
4313,4,-1,-2
4313,4,1,-2
4313,4,2,-2
4313,4,1,0
4314,4,-1,-2
4314,4,1,-2
4314,4,2,-2
4314,4,2,0
4315,4,-1,-2
4315,4,1,-2
4315,4,2,-2
4315,4,-2,1
4316,4,-1,-2
4316,4,1,-2
4316,4,2,-2
4316,4,-1,1
4317,4,-1,-2
4317,4,1,-2
4317,4,2,-2
4317,4,0,1
4318,4,-1,-2
4318,4,1,-2
4318,4,2,-2
4318,4,1,1
4319,4,-1,-2
4319,4,1,-2
4319,4,2,-2
4319,4,2,1
4320,4,-1,-2
4320,4,1,-2
4320,4,2,-2
4320,4,-2,2
4321,4,-1,-2
4321,4,1,-2
4321,4,2,-2
4321,4,-1,2
4322,4,-1,-2
4322,4,1,-2
4322,4,2,-2
4322,4,0,2
4323,4,-1,-2
4323,4,1,-2
4323,4,2,-2
4323,4,1,2
4324,4,-1,-2
4324,4,1,-2
4324,4,2,-2
4324,4,2,2
4325,4,-1,-2
4325,4,1,-2
4325,4,-2,-1
4325,4,-1,-1
4326,4,-1,-2
4326,4,1,-2
4326,4,-2,-1
4326,4,0,-1
4327,4,-1,-2
4327,4,1,-2
4327,4,-2,-1
4327,4,1,-1
4328,4,-1,-2
4328,4,1,-2
4328,4,-2,-1
4328,4,2,-1
4329,4,-1,-2
4329,4,1,-2
4329,4,-2,-1
4329,4,-2,0
4330,4,-1,-2
4330,4,1,-2
4330,4,-2,-1
4330,4,-1,0
4331,4,-1,-2
4331,4,1,-2
4331,4,-2,-1
4331,4,1,0
4332,4,-1,-2
4332,4,1,-2
4332,4,-2,-1
4332,4,2,0
4333,4,-1,-2
4333,4,1,-2
4333,4,-2,-1
4333,4,-2,1
4334,4,-1,-2
4334,4,1,-2
4334,4,-2,-1
4334,4,-1,1
4335,4,-1,-2
4335,4,1,-2
4335,4,-2,-1
4335,4,0,1
4336,4,-1,-2
4336,4,1,-2
4336,4,-2,-1
4336,4,1,1
4337,4,-1,-2
4337,4,1,-2
4337,4,-2,-1
4337,4,2,1
4338,4,-1,-2
4338,4,1,-2
4338,4,-2,-1
4338,4,-2,2
4339,4,-1,-2
4339,4,1,-2
4339,4,-2,-1
4339,4,-1,2
4340,4,-1,-2
4340,4,1,-2
4340,4,-2,-1
4340,4,0,2
4341,4,-1,-2
4341,4,1,-2
4341,4,-2,-1
4341,4,1,2
4342,4,-1,-2
4342,4,1,-2
4342,4,-2,-1
4342,4,2,2
4343,4,-1,-2
4343,4,1,-2
4343,4,-1,-1
4343,4,0,-1
4344,4,-1,-2
4344,4,1,-2
4344,4,-1,-1
4344,4,1,-1
4345,4,-1,-2
4345,4,1,-2
4345,4,-1,-1
4345,4,2,-1
4346,4,-1,-2
4346,4,1,-2
4346,4,-1,-1
4346,4,-2,0
4347,4,-1,-2
4347,4,1,-2
4347,4,-1,-1
4347,4,-1,0
4348,4,-1,-2
4348,4,1,-2
4348,4,-1,-1
4348,4,1,0
4349,4,-1,-2
4349,4,1,-2
4349,4,-1,-1
4349,4,2,0
4350,4,-1,-2
4350,4,1,-2
4350,4,-1,-1
4350,4,-2,1
4351,4,-1,-2
4351,4,1,-2
4351,4,-1,-1
4351,4,-1,1
4352,4,-1,-2
4352,4,1,-2
4352,4,-1,-1
4352,4,0,1
4353,4,-1,-2
4353,4,1,-2
4353,4,-1,-1
4353,4,1,1
4354,4,-1,-2
4354,4,1,-2
4354,4,-1,-1
4354,4,2,1
4355,4,-1,-2
4355,4,1,-2
4355,4,-1,-1
4355,4,-2,2
4356,4,-1,-2
4356,4,1,-2
4356,4,-1,-1
4356,4,-1,2
4357,4,-1,-2
4357,4,1,-2
4357,4,-1,-1
4357,4,0,2
4358,4,-1,-2
4358,4,1,-2
4358,4,-1,-1
4358,4,1,2
4359,4,-1,-2
4359,4,1,-2
4359,4,-1,-1
4359,4,2,2
4360,4,-1,-2
4360,4,1,-2
4360,4,0,-1
4360,4,1,-1
4361,4,-1,-2
4361,4,1,-2
4361,4,0,-1
4361,4,2,-1
4362,4,-1,-2
4362,4,1,-2
4362,4,0,-1
4362,4,-2,0
4363,4,-1,-2
4363,4,1,-2
4363,4,0,-1
4363,4,-1,0
4364,4,-1,-2
4364,4,1,-2
4364,4,0,-1
4364,4,1,0
4365,4,-1,-2
4365,4,1,-2
4365,4,0,-1
4365,4,2,0
4366,4,-1,-2
4366,4,1,-2
4366,4,0,-1
4366,4,-2,1
4367,4,-1,-2
4367,4,1,-2
4367,4,0,-1
4367,4,-1,1
4368,4,-1,-2
4368,4,1,-2
4368,4,0,-1
4368,4,0,1
4369,4,-1,-2
4369,4,1,-2
4369,4,0,-1
4369,4,1,1
4370,4,-1,-2
4370,4,1,-2
4370,4,0,-1
4370,4,2,1
4371,4,-1,-2
4371,4,1,-2
4371,4,0,-1
4371,4,-2,2
4372,4,-1,-2
4372,4,1,-2
4372,4,0,-1
4372,4,-1,2
4373,4,-1,-2
4373,4,1,-2
4373,4,0,-1
4373,4,0,2
4374,4,-1,-2
4374,4,1,-2
4374,4,0,-1
4374,4,1,2
4375,4,-1,-2
4375,4,1,-2
4375,4,0,-1
4375,4,2,2
4376,4,-1,-2
4376,4,1,-2
4376,4,1,-1
4376,4,2,-1
4377,4,-1,-2
4377,4,1,-2
4377,4,1,-1
4377,4,-2,0
4378,4,-1,-2
4378,4,1,-2
4378,4,1,-1
4378,4,-1,0
4379,4,-1,-2
4379,4,1,-2
4379,4,1,-1
4379,4,1,0
4380,4,-1,-2
4380,4,1,-2
4380,4,1,-1
4380,4,2,0
4381,4,-1,-2
4381,4,1,-2
4381,4,1,-1
4381,4,-2,1
4382,4,-1,-2
4382,4,1,-2
4382,4,1,-1
4382,4,-1,1
4383,4,-1,-2
4383,4,1,-2
4383,4,1,-1
4383,4,0,1
4384,4,-1,-2
4384,4,1,-2
4384,4,1,-1
4384,4,1,1
4385,4,-1,-2
4385,4,1,-2
4385,4,1,-1
4385,4,2,1
4386,4,-1,-2
4386,4,1,-2
4386,4,1,-1
4386,4,-2,2
4387,4,-1,-2
4387,4,1,-2
4387,4,1,-1
4387,4,-1,2
4388,4,-1,-2
4388,4,1,-2
4388,4,1,-1
4388,4,0,2
4389,4,-1,-2
4389,4,1,-2
4389,4,1,-1
4389,4,1,2
4390,4,-1,-2
4390,4,1,-2
4390,4,1,-1
4390,4,2,2
4391,4,-1,-2
4391,4,1,-2
4391,4,2,-1
4391,4,-2,0
4392,4,-1,-2
4392,4,1,-2
4392,4,2,-1
4392,4,-1,0
4393,4,-1,-2
4393,4,1,-2
4393,4,2,-1
4393,4,1,0
4394,4,-1,-2
4394,4,1,-2
4394,4,2,-1
4394,4,2,0
4395,4,-1,-2
4395,4,1,-2
4395,4,2,-1
4395,4,-2,1
4396,4,-1,-2
4396,4,1,-2
4396,4,2,-1
4396,4,-1,1
4397,4,-1,-2
4397,4,1,-2
4397,4,2,-1
4397,4,0,1
4398,4,-1,-2
4398,4,1,-2
4398,4,2,-1
4398,4,1,1
4399,4,-1,-2
4399,4,1,-2
4399,4,2,-1
4399,4,2,1
4400,4,-1,-2
4400,4,1,-2
4400,4,2,-1
4400,4,-2,2
4401,4,-1,-2
4401,4,1,-2
4401,4,2,-1
4401,4,-1,2
4402,4,-1,-2
4402,4,1,-2
4402,4,2,-1
4402,4,0,2
4403,4,-1,-2
4403,4,1,-2
4403,4,2,-1
4403,4,1,2
4404,4,-1,-2
4404,4,1,-2
4404,4,2,-1
4404,4,2,2
4405,4,-1,-2
4405,4,1,-2
4405,4,-2,0
4405,4,-1,0
4406,4,-1,-2
4406,4,1,-2
4406,4,-2,0
4406,4,1,0
4407,4,-1,-2
4407,4,1,-2
4407,4,-2,0
4407,4,2,0
4408,4,-1,-2
4408,4,1,-2
4408,4,-2,0
4408,4,-2,1
4409,4,-1,-2
4409,4,1,-2
4409,4,-2,0
4409,4,-1,1
4410,4,-1,-2
4410,4,1,-2
4410,4,-2,0
4410,4,0,1
4411,4,-1,-2
4411,4,1,-2
4411,4,-2,0
4411,4,1,1
4412,4,-1,-2
4412,4,1,-2
4412,4,-2,0
4412,4,2,1
4413,4,-1,-2
4413,4,1,-2
4413,4,-2,0
4413,4,-2,2
4414,4,-1,-2
4414,4,1,-2
4414,4,-2,0
4414,4,-1,2
4415,4,-1,-2
4415,4,1,-2
4415,4,-2,0
4415,4,0,2
4416,4,-1,-2
4416,4,1,-2
4416,4,-2,0
4416,4,1,2
4417,4,-1,-2
4417,4,1,-2
4417,4,-2,0
4417,4,2,2
4418,4,-1,-2
4418,4,1,-2
4418,4,-1,0
4418,4,1,0
4419,4,-1,-2
4419,4,1,-2
4419,4,-1,0
4419,4,2,0
4420,4,-1,-2
4420,4,1,-2
4420,4,-1,0
4420,4,-2,1
4421,4,-1,-2
4421,4,1,-2
4421,4,-1,0
4421,4,-1,1
4422,4,-1,-2
4422,4,1,-2
4422,4,-1,0
4422,4,0,1
4423,4,-1,-2
4423,4,1,-2
4423,4,-1,0
4423,4,1,1
4424,4,-1,-2
4424,4,1,-2
4424,4,-1,0
4424,4,2,1
4425,4,-1,-2
4425,4,1,-2
4425,4,-1,0
4425,4,-2,2
4426,4,-1,-2
4426,4,1,-2
4426,4,-1,0
4426,4,-1,2
4427,4,-1,-2
4427,4,1,-2
4427,4,-1,0
4427,4,0,2
4428,4,-1,-2
4428,4,1,-2
4428,4,-1,0
4428,4,1,2
4429,4,-1,-2
4429,4,1,-2
4429,4,-1,0
4429,4,2,2
4430,4,-1,-2
4430,4,1,-2
4430,4,1,0
4430,4,2,0
4431,4,-1,-2
4431,4,1,-2
4431,4,1,0
4431,4,-2,1
4432,4,-1,-2
4432,4,1,-2
4432,4,1,0
4432,4,-1,1
4433,4,-1,-2
4433,4,1,-2
4433,4,1,0
4433,4,0,1
4434,4,-1,-2
4434,4,1,-2
4434,4,1,0
4434,4,1,1
4435,4,-1,-2
4435,4,1,-2
4435,4,1,0
4435,4,2,1
4436,4,-1,-2
4436,4,1,-2
4436,4,1,0
4436,4,-2,2
4437,4,-1,-2
4437,4,1,-2
4437,4,1,0
4437,4,-1,2
4438,4,-1,-2
4438,4,1,-2
4438,4,1,0
4438,4,0,2
4439,4,-1,-2
4439,4,1,-2
4439,4,1,0
4439,4,1,2
4440,4,-1,-2
4440,4,1,-2
4440,4,1,0
4440,4,2,2
4441,4,-1,-2
4441,4,1,-2
4441,4,2,0
4441,4,-2,1
4442,4,-1,-2
4442,4,1,-2
4442,4,2,0
4442,4,-1,1
4443,4,-1,-2
4443,4,1,-2
4443,4,2,0
4443,4,0,1
4444,4,-1,-2
4444,4,1,-2
4444,4,2,0
4444,4,1,1
4445,4,-1,-2
4445,4,1,-2
4445,4,2,0
4445,4,2,1
4446,4,-1,-2
4446,4,1,-2
4446,4,2,0
4446,4,-2,2
4447,4,-1,-2
4447,4,1,-2
4447,4,2,0
4447,4,-1,2
4448,4,-1,-2
4448,4,1,-2
4448,4,2,0
4448,4,0,2
4449,4,-1,-2
4449,4,1,-2
4449,4,2,0
4449,4,1,2
4450,4,-1,-2
4450,4,1,-2
4450,4,2,0
4450,4,2,2
4451,4,-1,-2
4451,4,1,-2
4451,4,-2,1
4451,4,-1,1
4452,4,-1,-2
4452,4,1,-2
4452,4,-2,1
4452,4,0,1
4453,4,-1,-2
4453,4,1,-2
4453,4,-2,1
4453,4,1,1
4454,4,-1,-2
4454,4,1,-2
4454,4,-2,1
4454,4,2,1
4455,4,-1,-2
4455,4,1,-2
4455,4,-2,1
4455,4,-2,2
4456,4,-1,-2
4456,4,1,-2
4456,4,-2,1
4456,4,-1,2
4457,4,-1,-2
4457,4,1,-2
4457,4,-2,1
4457,4,0,2
4458,4,-1,-2
4458,4,1,-2
4458,4,-2,1
4458,4,1,2
4459,4,-1,-2
4459,4,1,-2
4459,4,-2,1
4459,4,2,2
4460,4,-1,-2
4460,4,1,-2
4460,4,-1,1
4460,4,0,1
4461,4,-1,-2
4461,4,1,-2
4461,4,-1,1
4461,4,1,1
4462,4,-1,-2
4462,4,1,-2
4462,4,-1,1
4462,4,2,1
4463,4,-1,-2
4463,4,1,-2
4463,4,-1,1
4463,4,-2,2
4464,4,-1,-2
4464,4,1,-2
4464,4,-1,1
4464,4,-1,2
4465,4,-1,-2
4465,4,1,-2
4465,4,-1,1
4465,4,0,2
4466,4,-1,-2
4466,4,1,-2
4466,4,-1,1
4466,4,1,2
4467,4,-1,-2
4467,4,1,-2
4467,4,-1,1
4467,4,2,2
4468,4,-1,-2
4468,4,1,-2
4468,4,0,1
4468,4,1,1
4469,4,-1,-2
4469,4,1,-2
4469,4,0,1
4469,4,2,1
4470,4,-1,-2
4470,4,1,-2
4470,4,0,1
4470,4,-2,2
4471,4,-1,-2
4471,4,1,-2
4471,4,0,1
4471,4,-1,2
4472,4,-1,-2
4472,4,1,-2
4472,4,0,1
4472,4,0,2
4473,4,-1,-2
4473,4,1,-2
4473,4,0,1
4473,4,1,2
4474,4,-1,-2
4474,4,1,-2
4474,4,0,1
4474,4,2,2
4475,4,-1,-2
4475,4,1,-2
4475,4,1,1
4475,4,2,1
4476,4,-1,-2
4476,4,1,-2
4476,4,1,1
4476,4,-2,2
4477,4,-1,-2
4477,4,1,-2
4477,4,1,1
4477,4,-1,2
4478,4,-1,-2
4478,4,1,-2
4478,4,1,1
4478,4,0,2
4479,4,-1,-2
4479,4,1,-2
4479,4,1,1
4479,4,1,2
4480,4,-1,-2
4480,4,1,-2
4480,4,1,1
4480,4,2,2
4481,4,-1,-2
4481,4,1,-2
4481,4,2,1
4481,4,-2,2
4482,4,-1,-2
4482,4,1,-2
4482,4,2,1
4482,4,-1,2
4483,4,-1,-2
4483,4,1,-2
4483,4,2,1
4483,4,0,2
4484,4,-1,-2
4484,4,1,-2
4484,4,2,1
4484,4,1,2
4485,4,-1,-2
4485,4,1,-2
4485,4,2,1
4485,4,2,2
4486,4,-1,-2
4486,4,1,-2
4486,4,-2,2
4486,4,-1,2
4487,4,-1,-2
4487,4,1,-2
4487,4,-2,2
4487,4,0,2
4488,4,-1,-2
4488,4,1,-2
4488,4,-2,2
4488,4,1,2
4489,4,-1,-2
4489,4,1,-2
4489,4,-2,2
4489,4,2,2
4490,4,-1,-2
4490,4,1,-2
4490,4,-1,2
4490,4,0,2
4491,4,-1,-2
4491,4,1,-2
4491,4,-1,2
4491,4,1,2
4492,4,-1,-2
4492,4,1,-2
4492,4,-1,2
4492,4,2,2
4493,4,-1,-2
4493,4,1,-2
4493,4,0,2
4493,4,1,2
4494,4,-1,-2
4494,4,1,-2
4494,4,0,2
4494,4,2,2
4495,4,-1,-2
4495,4,1,-2
4495,4,1,2
4495,4,2,2
4496,4,-1,-2
4496,4,2,-2
4496,4,-2,-1
4496,4,-1,-1
4497,4,-1,-2
4497,4,2,-2
4497,4,-2,-1
4497,4,0,-1
4498,4,-1,-2
4498,4,2,-2
4498,4,-2,-1
4498,4,1,-1
4499,4,-1,-2
4499,4,2,-2
4499,4,-2,-1
4499,4,2,-1
4500,4,-1,-2
4500,4,2,-2
4500,4,-2,-1
4500,4,-2,0
4501,4,-1,-2
4501,4,2,-2
4501,4,-2,-1
4501,4,-1,0
4502,4,-1,-2
4502,4,2,-2
4502,4,-2,-1
4502,4,1,0
4503,4,-1,-2
4503,4,2,-2
4503,4,-2,-1
4503,4,2,0
4504,4,-1,-2
4504,4,2,-2
4504,4,-2,-1
4504,4,-2,1
4505,4,-1,-2
4505,4,2,-2
4505,4,-2,-1
4505,4,-1,1
4506,4,-1,-2
4506,4,2,-2
4506,4,-2,-1
4506,4,0,1
4507,4,-1,-2
4507,4,2,-2
4507,4,-2,-1
4507,4,1,1
4508,4,-1,-2
4508,4,2,-2
4508,4,-2,-1
4508,4,2,1
4509,4,-1,-2
4509,4,2,-2
4509,4,-2,-1
4509,4,-2,2
4510,4,-1,-2
4510,4,2,-2
4510,4,-2,-1
4510,4,-1,2
4511,4,-1,-2
4511,4,2,-2
4511,4,-2,-1
4511,4,0,2
4512,4,-1,-2
4512,4,2,-2
4512,4,-2,-1
4512,4,1,2
4513,4,-1,-2
4513,4,2,-2
4513,4,-2,-1
4513,4,2,2
4514,4,-1,-2
4514,4,2,-2
4514,4,-1,-1
4514,4,0,-1
4515,4,-1,-2
4515,4,2,-2
4515,4,-1,-1
4515,4,1,-1
4516,4,-1,-2
4516,4,2,-2
4516,4,-1,-1
4516,4,2,-1
4517,4,-1,-2
4517,4,2,-2
4517,4,-1,-1
4517,4,-2,0
4518,4,-1,-2
4518,4,2,-2
4518,4,-1,-1
4518,4,-1,0
4519,4,-1,-2
4519,4,2,-2
4519,4,-1,-1
4519,4,1,0
4520,4,-1,-2
4520,4,2,-2
4520,4,-1,-1
4520,4,2,0
4521,4,-1,-2
4521,4,2,-2
4521,4,-1,-1
4521,4,-2,1
4522,4,-1,-2
4522,4,2,-2
4522,4,-1,-1
4522,4,-1,1
4523,4,-1,-2
4523,4,2,-2
4523,4,-1,-1
4523,4,0,1
4524,4,-1,-2
4524,4,2,-2
4524,4,-1,-1
4524,4,1,1
4525,4,-1,-2
4525,4,2,-2
4525,4,-1,-1
4525,4,2,1
4526,4,-1,-2
4526,4,2,-2
4526,4,-1,-1
4526,4,-2,2
4527,4,-1,-2
4527,4,2,-2
4527,4,-1,-1
4527,4,-1,2
4528,4,-1,-2
4528,4,2,-2
4528,4,-1,-1
4528,4,0,2
4529,4,-1,-2
4529,4,2,-2
4529,4,-1,-1
4529,4,1,2
4530,4,-1,-2
4530,4,2,-2
4530,4,-1,-1
4530,4,2,2
4531,4,-1,-2
4531,4,2,-2
4531,4,0,-1
4531,4,1,-1
4532,4,-1,-2
4532,4,2,-2
4532,4,0,-1
4532,4,2,-1
4533,4,-1,-2
4533,4,2,-2
4533,4,0,-1
4533,4,-2,0
4534,4,-1,-2
4534,4,2,-2
4534,4,0,-1
4534,4,-1,0
4535,4,-1,-2
4535,4,2,-2
4535,4,0,-1
4535,4,1,0
4536,4,-1,-2
4536,4,2,-2
4536,4,0,-1
4536,4,2,0
4537,4,-1,-2
4537,4,2,-2
4537,4,0,-1
4537,4,-2,1
4538,4,-1,-2
4538,4,2,-2
4538,4,0,-1
4538,4,-1,1
4539,4,-1,-2
4539,4,2,-2
4539,4,0,-1
4539,4,0,1
4540,4,-1,-2
4540,4,2,-2
4540,4,0,-1
4540,4,1,1
4541,4,-1,-2
4541,4,2,-2
4541,4,0,-1
4541,4,2,1
4542,4,-1,-2
4542,4,2,-2
4542,4,0,-1
4542,4,-2,2
4543,4,-1,-2
4543,4,2,-2
4543,4,0,-1
4543,4,-1,2
4544,4,-1,-2
4544,4,2,-2
4544,4,0,-1
4544,4,0,2
4545,4,-1,-2
4545,4,2,-2
4545,4,0,-1
4545,4,1,2
4546,4,-1,-2
4546,4,2,-2
4546,4,0,-1
4546,4,2,2
4547,4,-1,-2
4547,4,2,-2
4547,4,1,-1
4547,4,2,-1
4548,4,-1,-2
4548,4,2,-2
4548,4,1,-1
4548,4,-2,0
4549,4,-1,-2
4549,4,2,-2
4549,4,1,-1
4549,4,-1,0
4550,4,-1,-2
4550,4,2,-2
4550,4,1,-1
4550,4,1,0
4551,4,-1,-2
4551,4,2,-2
4551,4,1,-1
4551,4,2,0
4552,4,-1,-2
4552,4,2,-2
4552,4,1,-1
4552,4,-2,1
4553,4,-1,-2
4553,4,2,-2
4553,4,1,-1
4553,4,-1,1
4554,4,-1,-2
4554,4,2,-2
4554,4,1,-1
4554,4,0,1
4555,4,-1,-2
4555,4,2,-2
4555,4,1,-1
4555,4,1,1
4556,4,-1,-2
4556,4,2,-2
4556,4,1,-1
4556,4,2,1
4557,4,-1,-2
4557,4,2,-2
4557,4,1,-1
4557,4,-2,2
4558,4,-1,-2
4558,4,2,-2
4558,4,1,-1
4558,4,-1,2
4559,4,-1,-2
4559,4,2,-2
4559,4,1,-1
4559,4,0,2
4560,4,-1,-2
4560,4,2,-2
4560,4,1,-1
4560,4,1,2
4561,4,-1,-2
4561,4,2,-2
4561,4,1,-1
4561,4,2,2
4562,4,-1,-2
4562,4,2,-2
4562,4,2,-1
4562,4,-2,0
4563,4,-1,-2
4563,4,2,-2
4563,4,2,-1
4563,4,-1,0
4564,4,-1,-2
4564,4,2,-2
4564,4,2,-1
4564,4,1,0
4565,4,-1,-2
4565,4,2,-2
4565,4,2,-1
4565,4,2,0
4566,4,-1,-2
4566,4,2,-2
4566,4,2,-1
4566,4,-2,1
4567,4,-1,-2
4567,4,2,-2
4567,4,2,-1
4567,4,-1,1
4568,4,-1,-2
4568,4,2,-2
4568,4,2,-1
4568,4,0,1
4569,4,-1,-2
4569,4,2,-2
4569,4,2,-1
4569,4,1,1
4570,4,-1,-2
4570,4,2,-2
4570,4,2,-1
4570,4,2,1
4571,4,-1,-2
4571,4,2,-2
4571,4,2,-1
4571,4,-2,2
4572,4,-1,-2
4572,4,2,-2
4572,4,2,-1
4572,4,-1,2
4573,4,-1,-2
4573,4,2,-2
4573,4,2,-1
4573,4,0,2
4574,4,-1,-2
4574,4,2,-2
4574,4,2,-1
4574,4,1,2
4575,4,-1,-2
4575,4,2,-2
4575,4,2,-1
4575,4,2,2
4576,4,-1,-2
4576,4,2,-2
4576,4,-2,0
4576,4,-1,0
4577,4,-1,-2
4577,4,2,-2
4577,4,-2,0
4577,4,1,0
4578,4,-1,-2
4578,4,2,-2
4578,4,-2,0
4578,4,2,0
4579,4,-1,-2
4579,4,2,-2
4579,4,-2,0
4579,4,-2,1
4580,4,-1,-2
4580,4,2,-2
4580,4,-2,0
4580,4,-1,1
4581,4,-1,-2
4581,4,2,-2
4581,4,-2,0
4581,4,0,1
4582,4,-1,-2
4582,4,2,-2
4582,4,-2,0
4582,4,1,1
4583,4,-1,-2
4583,4,2,-2
4583,4,-2,0
4583,4,2,1
4584,4,-1,-2
4584,4,2,-2
4584,4,-2,0
4584,4,-2,2
4585,4,-1,-2
4585,4,2,-2
4585,4,-2,0
4585,4,-1,2
4586,4,-1,-2
4586,4,2,-2
4586,4,-2,0
4586,4,0,2
4587,4,-1,-2
4587,4,2,-2
4587,4,-2,0
4587,4,1,2
4588,4,-1,-2
4588,4,2,-2
4588,4,-2,0
4588,4,2,2
4589,4,-1,-2
4589,4,2,-2
4589,4,-1,0
4589,4,1,0
4590,4,-1,-2
4590,4,2,-2
4590,4,-1,0
4590,4,2,0
4591,4,-1,-2
4591,4,2,-2
4591,4,-1,0
4591,4,-2,1
4592,4,-1,-2
4592,4,2,-2
4592,4,-1,0
4592,4,-1,1
4593,4,-1,-2
4593,4,2,-2
4593,4,-1,0
4593,4,0,1
4594,4,-1,-2
4594,4,2,-2
4594,4,-1,0
4594,4,1,1
4595,4,-1,-2
4595,4,2,-2
4595,4,-1,0
4595,4,2,1
4596,4,-1,-2
4596,4,2,-2
4596,4,-1,0
4596,4,-2,2
4597,4,-1,-2
4597,4,2,-2
4597,4,-1,0
4597,4,-1,2
4598,4,-1,-2
4598,4,2,-2
4598,4,-1,0
4598,4,0,2
4599,4,-1,-2
4599,4,2,-2
4599,4,-1,0
4599,4,1,2
4600,4,-1,-2
4600,4,2,-2
4600,4,-1,0
4600,4,2,2
4601,4,-1,-2
4601,4,2,-2
4601,4,1,0
4601,4,2,0
4602,4,-1,-2
4602,4,2,-2
4602,4,1,0
4602,4,-2,1
4603,4,-1,-2
4603,4,2,-2
4603,4,1,0
4603,4,-1,1
4604,4,-1,-2
4604,4,2,-2
4604,4,1,0
4604,4,0,1
4605,4,-1,-2
4605,4,2,-2
4605,4,1,0
4605,4,1,1
4606,4,-1,-2
4606,4,2,-2
4606,4,1,0
4606,4,2,1
4607,4,-1,-2
4607,4,2,-2
4607,4,1,0
4607,4,-2,2
4608,4,-1,-2
4608,4,2,-2
4608,4,1,0
4608,4,-1,2
4609,4,-1,-2
4609,4,2,-2
4609,4,1,0
4609,4,0,2
4610,4,-1,-2
4610,4,2,-2
4610,4,1,0
4610,4,1,2
4611,4,-1,-2
4611,4,2,-2
4611,4,1,0
4611,4,2,2
4612,4,-1,-2
4612,4,2,-2
4612,4,2,0
4612,4,-2,1
4613,4,-1,-2
4613,4,2,-2
4613,4,2,0
4613,4,-1,1
4614,4,-1,-2
4614,4,2,-2
4614,4,2,0
4614,4,0,1
4615,4,-1,-2
4615,4,2,-2
4615,4,2,0
4615,4,1,1
4616,4,-1,-2
4616,4,2,-2
4616,4,2,0
4616,4,2,1
4617,4,-1,-2
4617,4,2,-2
4617,4,2,0
4617,4,-2,2
4618,4,-1,-2
4618,4,2,-2
4618,4,2,0
4618,4,-1,2
4619,4,-1,-2
4619,4,2,-2
4619,4,2,0
4619,4,0,2
4620,4,-1,-2
4620,4,2,-2
4620,4,2,0
4620,4,1,2
4621,4,-1,-2
4621,4,2,-2
4621,4,2,0
4621,4,2,2
4622,4,-1,-2
4622,4,2,-2
4622,4,-2,1
4622,4,-1,1
4623,4,-1,-2
4623,4,2,-2
4623,4,-2,1
4623,4,0,1
4624,4,-1,-2
4624,4,2,-2
4624,4,-2,1
4624,4,1,1
4625,4,-1,-2
4625,4,2,-2
4625,4,-2,1
4625,4,2,1
4626,4,-1,-2
4626,4,2,-2
4626,4,-2,1
4626,4,-2,2
4627,4,-1,-2
4627,4,2,-2
4627,4,-2,1
4627,4,-1,2
4628,4,-1,-2
4628,4,2,-2
4628,4,-2,1
4628,4,0,2
4629,4,-1,-2
4629,4,2,-2
4629,4,-2,1
4629,4,1,2
4630,4,-1,-2
4630,4,2,-2
4630,4,-2,1
4630,4,2,2
4631,4,-1,-2
4631,4,2,-2
4631,4,-1,1
4631,4,0,1
4632,4,-1,-2
4632,4,2,-2
4632,4,-1,1
4632,4,1,1
4633,4,-1,-2
4633,4,2,-2
4633,4,-1,1
4633,4,2,1
4634,4,-1,-2
4634,4,2,-2
4634,4,-1,1
4634,4,-2,2
4635,4,-1,-2
4635,4,2,-2
4635,4,-1,1
4635,4,-1,2
4636,4,-1,-2
4636,4,2,-2
4636,4,-1,1
4636,4,0,2
4637,4,-1,-2
4637,4,2,-2
4637,4,-1,1
4637,4,1,2
4638,4,-1,-2
4638,4,2,-2
4638,4,-1,1
4638,4,2,2
4639,4,-1,-2
4639,4,2,-2
4639,4,0,1
4639,4,1,1
4640,4,-1,-2
4640,4,2,-2
4640,4,0,1
4640,4,2,1
4641,4,-1,-2
4641,4,2,-2
4641,4,0,1
4641,4,-2,2
4642,4,-1,-2
4642,4,2,-2
4642,4,0,1
4642,4,-1,2
4643,4,-1,-2
4643,4,2,-2
4643,4,0,1
4643,4,0,2
4644,4,-1,-2
4644,4,2,-2
4644,4,0,1
4644,4,1,2
4645,4,-1,-2
4645,4,2,-2
4645,4,0,1
4645,4,2,2
4646,4,-1,-2
4646,4,2,-2
4646,4,1,1
4646,4,2,1
4647,4,-1,-2
4647,4,2,-2
4647,4,1,1
4647,4,-2,2
4648,4,-1,-2
4648,4,2,-2
4648,4,1,1
4648,4,-1,2
4649,4,-1,-2
4649,4,2,-2
4649,4,1,1
4649,4,0,2
4650,4,-1,-2
4650,4,2,-2
4650,4,1,1
4650,4,1,2
4651,4,-1,-2
4651,4,2,-2
4651,4,1,1
4651,4,2,2
4652,4,-1,-2
4652,4,2,-2
4652,4,2,1
4652,4,-2,2
4653,4,-1,-2
4653,4,2,-2
4653,4,2,1
4653,4,-1,2
4654,4,-1,-2
4654,4,2,-2
4654,4,2,1
4654,4,0,2
4655,4,-1,-2
4655,4,2,-2
4655,4,2,1
4655,4,1,2
4656,4,-1,-2
4656,4,2,-2
4656,4,2,1
4656,4,2,2
4657,4,-1,-2
4657,4,2,-2
4657,4,-2,2
4657,4,-1,2
4658,4,-1,-2
4658,4,2,-2
4658,4,-2,2
4658,4,0,2
4659,4,-1,-2
4659,4,2,-2
4659,4,-2,2
4659,4,1,2
4660,4,-1,-2
4660,4,2,-2
4660,4,-2,2
4660,4,2,2
4661,4,-1,-2
4661,4,2,-2
4661,4,-1,2
4661,4,0,2
4662,4,-1,-2
4662,4,2,-2
4662,4,-1,2
4662,4,1,2
4663,4,-1,-2
4663,4,2,-2
4663,4,-1,2
4663,4,2,2
4664,4,-1,-2
4664,4,2,-2
4664,4,0,2
4664,4,1,2
4665,4,-1,-2
4665,4,2,-2
4665,4,0,2
4665,4,2,2
4666,4,-1,-2
4666,4,2,-2
4666,4,1,2
4666,4,2,2
4667,4,-1,-2
4667,4,-2,-1
4667,4,-1,-1
4667,4,0,-1
4668,4,-1,-2
4668,4,-2,-1
4668,4,-1,-1
4668,4,1,-1
4669,4,-1,-2
4669,4,-2,-1
4669,4,-1,-1
4669,4,2,-1
4670,4,-1,-2
4670,4,-2,-1
4670,4,-1,-1
4670,4,-2,0
4671,4,-1,-2
4671,4,-2,-1
4671,4,-1,-1
4671,4,-1,0
4672,4,-1,-2
4672,4,-2,-1
4672,4,-1,-1
4672,4,1,0
4673,4,-1,-2
4673,4,-2,-1
4673,4,-1,-1
4673,4,2,0
4674,4,-1,-2
4674,4,-2,-1
4674,4,-1,-1
4674,4,-2,1
4675,4,-1,-2
4675,4,-2,-1
4675,4,-1,-1
4675,4,-1,1
4676,4,-1,-2
4676,4,-2,-1
4676,4,-1,-1
4676,4,0,1
4677,4,-1,-2
4677,4,-2,-1
4677,4,-1,-1
4677,4,1,1
4678,4,-1,-2
4678,4,-2,-1
4678,4,-1,-1
4678,4,2,1
4679,4,-1,-2
4679,4,-2,-1
4679,4,-1,-1
4679,4,-2,2
4680,4,-1,-2
4680,4,-2,-1
4680,4,-1,-1
4680,4,-1,2
4681,4,-1,-2
4681,4,-2,-1
4681,4,-1,-1
4681,4,0,2
4682,4,-1,-2
4682,4,-2,-1
4682,4,-1,-1
4682,4,1,2
4683,4,-1,-2
4683,4,-2,-1
4683,4,-1,-1
4683,4,2,2
4684,4,-1,-2
4684,4,-2,-1
4684,4,0,-1
4684,4,1,-1
4685,4,-1,-2
4685,4,-2,-1
4685,4,0,-1
4685,4,2,-1
4686,4,-1,-2
4686,4,-2,-1
4686,4,0,-1
4686,4,-2,0
4687,4,-1,-2
4687,4,-2,-1
4687,4,0,-1
4687,4,-1,0
4688,4,-1,-2
4688,4,-2,-1
4688,4,0,-1
4688,4,1,0
4689,4,-1,-2
4689,4,-2,-1
4689,4,0,-1
4689,4,2,0
4690,4,-1,-2
4690,4,-2,-1
4690,4,0,-1
4690,4,-2,1
4691,4,-1,-2
4691,4,-2,-1
4691,4,0,-1
4691,4,-1,1
4692,4,-1,-2
4692,4,-2,-1
4692,4,0,-1
4692,4,0,1
4693,4,-1,-2
4693,4,-2,-1
4693,4,0,-1
4693,4,1,1
4694,4,-1,-2
4694,4,-2,-1
4694,4,0,-1
4694,4,2,1
4695,4,-1,-2
4695,4,-2,-1
4695,4,0,-1
4695,4,-2,2
4696,4,-1,-2
4696,4,-2,-1
4696,4,0,-1
4696,4,-1,2
4697,4,-1,-2
4697,4,-2,-1
4697,4,0,-1
4697,4,0,2
4698,4,-1,-2
4698,4,-2,-1
4698,4,0,-1
4698,4,1,2
4699,4,-1,-2
4699,4,-2,-1
4699,4,0,-1
4699,4,2,2
4700,4,-1,-2
4700,4,-2,-1
4700,4,1,-1
4700,4,2,-1
4701,4,-1,-2
4701,4,-2,-1
4701,4,1,-1
4701,4,-2,0
4702,4,-1,-2
4702,4,-2,-1
4702,4,1,-1
4702,4,-1,0
4703,4,-1,-2
4703,4,-2,-1
4703,4,1,-1
4703,4,1,0
4704,4,-1,-2
4704,4,-2,-1
4704,4,1,-1
4704,4,2,0
4705,4,-1,-2
4705,4,-2,-1
4705,4,1,-1
4705,4,-2,1
4706,4,-1,-2
4706,4,-2,-1
4706,4,1,-1
4706,4,-1,1
4707,4,-1,-2
4707,4,-2,-1
4707,4,1,-1
4707,4,0,1
4708,4,-1,-2
4708,4,-2,-1
4708,4,1,-1
4708,4,1,1
4709,4,-1,-2
4709,4,-2,-1
4709,4,1,-1
4709,4,2,1
4710,4,-1,-2
4710,4,-2,-1
4710,4,1,-1
4710,4,-2,2
4711,4,-1,-2
4711,4,-2,-1
4711,4,1,-1
4711,4,-1,2
4712,4,-1,-2
4712,4,-2,-1
4712,4,1,-1
4712,4,0,2
4713,4,-1,-2
4713,4,-2,-1
4713,4,1,-1
4713,4,1,2
4714,4,-1,-2
4714,4,-2,-1
4714,4,1,-1
4714,4,2,2
4715,4,-1,-2
4715,4,-2,-1
4715,4,2,-1
4715,4,-2,0
4716,4,-1,-2
4716,4,-2,-1
4716,4,2,-1
4716,4,-1,0
4717,4,-1,-2
4717,4,-2,-1
4717,4,2,-1
4717,4,1,0
4718,4,-1,-2
4718,4,-2,-1
4718,4,2,-1
4718,4,2,0
4719,4,-1,-2
4719,4,-2,-1
4719,4,2,-1
4719,4,-2,1
4720,4,-1,-2
4720,4,-2,-1
4720,4,2,-1
4720,4,-1,1
4721,4,-1,-2
4721,4,-2,-1
4721,4,2,-1
4721,4,0,1
4722,4,-1,-2
4722,4,-2,-1
4722,4,2,-1
4722,4,1,1
4723,4,-1,-2
4723,4,-2,-1
4723,4,2,-1
4723,4,2,1
4724,4,-1,-2
4724,4,-2,-1
4724,4,2,-1
4724,4,-2,2
4725,4,-1,-2
4725,4,-2,-1
4725,4,2,-1
4725,4,-1,2
4726,4,-1,-2
4726,4,-2,-1
4726,4,2,-1
4726,4,0,2
4727,4,-1,-2
4727,4,-2,-1
4727,4,2,-1
4727,4,1,2
4728,4,-1,-2
4728,4,-2,-1
4728,4,2,-1
4728,4,2,2
4729,4,-1,-2
4729,4,-2,-1
4729,4,-2,0
4729,4,-1,0
4730,4,-1,-2
4730,4,-2,-1
4730,4,-2,0
4730,4,1,0
4731,4,-1,-2
4731,4,-2,-1
4731,4,-2,0
4731,4,2,0
4732,4,-1,-2
4732,4,-2,-1
4732,4,-2,0
4732,4,-2,1
4733,4,-1,-2
4733,4,-2,-1
4733,4,-2,0
4733,4,-1,1
4734,4,-1,-2
4734,4,-2,-1
4734,4,-2,0
4734,4,0,1
4735,4,-1,-2
4735,4,-2,-1
4735,4,-2,0
4735,4,1,1
4736,4,-1,-2
4736,4,-2,-1
4736,4,-2,0
4736,4,2,1
4737,4,-1,-2
4737,4,-2,-1
4737,4,-2,0
4737,4,-2,2
4738,4,-1,-2
4738,4,-2,-1
4738,4,-2,0
4738,4,-1,2
4739,4,-1,-2
4739,4,-2,-1
4739,4,-2,0
4739,4,0,2
4740,4,-1,-2
4740,4,-2,-1
4740,4,-2,0
4740,4,1,2
4741,4,-1,-2
4741,4,-2,-1
4741,4,-2,0
4741,4,2,2
4742,4,-1,-2
4742,4,-2,-1
4742,4,-1,0
4742,4,1,0
4743,4,-1,-2
4743,4,-2,-1
4743,4,-1,0
4743,4,2,0
4744,4,-1,-2
4744,4,-2,-1
4744,4,-1,0
4744,4,-2,1
4745,4,-1,-2
4745,4,-2,-1
4745,4,-1,0
4745,4,-1,1
4746,4,-1,-2
4746,4,-2,-1
4746,4,-1,0
4746,4,0,1
4747,4,-1,-2
4747,4,-2,-1
4747,4,-1,0
4747,4,1,1
4748,4,-1,-2
4748,4,-2,-1
4748,4,-1,0
4748,4,2,1
4749,4,-1,-2
4749,4,-2,-1
4749,4,-1,0
4749,4,-2,2
4750,4,-1,-2
4750,4,-2,-1
4750,4,-1,0
4750,4,-1,2
4751,4,-1,-2
4751,4,-2,-1
4751,4,-1,0
4751,4,0,2
4752,4,-1,-2
4752,4,-2,-1
4752,4,-1,0
4752,4,1,2
4753,4,-1,-2
4753,4,-2,-1
4753,4,-1,0
4753,4,2,2
4754,4,-1,-2
4754,4,-2,-1
4754,4,1,0
4754,4,2,0
4755,4,-1,-2
4755,4,-2,-1
4755,4,1,0
4755,4,-2,1
4756,4,-1,-2
4756,4,-2,-1
4756,4,1,0
4756,4,-1,1
4757,4,-1,-2
4757,4,-2,-1
4757,4,1,0
4757,4,0,1
4758,4,-1,-2
4758,4,-2,-1
4758,4,1,0
4758,4,1,1
4759,4,-1,-2
4759,4,-2,-1
4759,4,1,0
4759,4,2,1
4760,4,-1,-2
4760,4,-2,-1
4760,4,1,0
4760,4,-2,2
4761,4,-1,-2
4761,4,-2,-1
4761,4,1,0
4761,4,-1,2
4762,4,-1,-2
4762,4,-2,-1
4762,4,1,0
4762,4,0,2
4763,4,-1,-2
4763,4,-2,-1
4763,4,1,0
4763,4,1,2
4764,4,-1,-2
4764,4,-2,-1
4764,4,1,0
4764,4,2,2
4765,4,-1,-2
4765,4,-2,-1
4765,4,2,0
4765,4,-2,1
4766,4,-1,-2
4766,4,-2,-1
4766,4,2,0
4766,4,-1,1
4767,4,-1,-2
4767,4,-2,-1
4767,4,2,0
4767,4,0,1
4768,4,-1,-2
4768,4,-2,-1
4768,4,2,0
4768,4,1,1
4769,4,-1,-2
4769,4,-2,-1
4769,4,2,0
4769,4,2,1
4770,4,-1,-2
4770,4,-2,-1
4770,4,2,0
4770,4,-2,2
4771,4,-1,-2
4771,4,-2,-1
4771,4,2,0
4771,4,-1,2
4772,4,-1,-2
4772,4,-2,-1
4772,4,2,0
4772,4,0,2
4773,4,-1,-2
4773,4,-2,-1
4773,4,2,0
4773,4,1,2
4774,4,-1,-2
4774,4,-2,-1
4774,4,2,0
4774,4,2,2
4775,4,-1,-2
4775,4,-2,-1
4775,4,-2,1
4775,4,-1,1
4776,4,-1,-2
4776,4,-2,-1
4776,4,-2,1
4776,4,0,1
4777,4,-1,-2
4777,4,-2,-1
4777,4,-2,1
4777,4,1,1
4778,4,-1,-2
4778,4,-2,-1
4778,4,-2,1
4778,4,2,1
4779,4,-1,-2
4779,4,-2,-1
4779,4,-2,1
4779,4,-2,2
4780,4,-1,-2
4780,4,-2,-1
4780,4,-2,1
4780,4,-1,2
4781,4,-1,-2
4781,4,-2,-1
4781,4,-2,1
4781,4,0,2
4782,4,-1,-2
4782,4,-2,-1
4782,4,-2,1
4782,4,1,2
4783,4,-1,-2
4783,4,-2,-1
4783,4,-2,1
4783,4,2,2
4784,4,-1,-2
4784,4,-2,-1
4784,4,-1,1
4784,4,0,1
4785,4,-1,-2
4785,4,-2,-1
4785,4,-1,1
4785,4,1,1
4786,4,-1,-2
4786,4,-2,-1
4786,4,-1,1
4786,4,2,1
4787,4,-1,-2
4787,4,-2,-1
4787,4,-1,1
4787,4,-2,2
4788,4,-1,-2
4788,4,-2,-1
4788,4,-1,1
4788,4,-1,2
4789,4,-1,-2
4789,4,-2,-1
4789,4,-1,1
4789,4,0,2
4790,4,-1,-2
4790,4,-2,-1
4790,4,-1,1
4790,4,1,2
4791,4,-1,-2
4791,4,-2,-1
4791,4,-1,1
4791,4,2,2
4792,4,-1,-2
4792,4,-2,-1
4792,4,0,1
4792,4,1,1
4793,4,-1,-2
4793,4,-2,-1
4793,4,0,1
4793,4,2,1
4794,4,-1,-2
4794,4,-2,-1
4794,4,0,1
4794,4,-2,2
4795,4,-1,-2
4795,4,-2,-1
4795,4,0,1
4795,4,-1,2
4796,4,-1,-2
4796,4,-2,-1
4796,4,0,1
4796,4,0,2
4797,4,-1,-2
4797,4,-2,-1
4797,4,0,1
4797,4,1,2
4798,4,-1,-2
4798,4,-2,-1
4798,4,0,1
4798,4,2,2
4799,4,-1,-2
4799,4,-2,-1
4799,4,1,1
4799,4,2,1
4800,4,-1,-2
4800,4,-2,-1
4800,4,1,1
4800,4,-2,2
4801,4,-1,-2
4801,4,-2,-1
4801,4,1,1
4801,4,-1,2
4802,4,-1,-2
4802,4,-2,-1
4802,4,1,1
4802,4,0,2
4803,4,-1,-2
4803,4,-2,-1
4803,4,1,1
4803,4,1,2
4804,4,-1,-2
4804,4,-2,-1
4804,4,1,1
4804,4,2,2
4805,4,-1,-2
4805,4,-2,-1
4805,4,2,1
4805,4,-2,2
4806,4,-1,-2
4806,4,-2,-1
4806,4,2,1
4806,4,-1,2
4807,4,-1,-2
4807,4,-2,-1
4807,4,2,1
4807,4,0,2
4808,4,-1,-2
4808,4,-2,-1
4808,4,2,1
4808,4,1,2
4809,4,-1,-2
4809,4,-2,-1
4809,4,2,1
4809,4,2,2
4810,4,-1,-2
4810,4,-2,-1
4810,4,-2,2
4810,4,-1,2
4811,4,-1,-2
4811,4,-2,-1
4811,4,-2,2
4811,4,0,2
4812,4,-1,-2
4812,4,-2,-1
4812,4,-2,2
4812,4,1,2
4813,4,-1,-2
4813,4,-2,-1
4813,4,-2,2
4813,4,2,2
4814,4,-1,-2
4814,4,-2,-1
4814,4,-1,2
4814,4,0,2
4815,4,-1,-2
4815,4,-2,-1
4815,4,-1,2
4815,4,1,2
4816,4,-1,-2
4816,4,-2,-1
4816,4,-1,2
4816,4,2,2
4817,4,-1,-2
4817,4,-2,-1
4817,4,0,2
4817,4,1,2
4818,4,-1,-2
4818,4,-2,-1
4818,4,0,2
4818,4,2,2
4819,4,-1,-2
4819,4,-2,-1
4819,4,1,2
4819,4,2,2
4820,4,-1,-2
4820,4,-1,-1
4820,4,0,-1
4820,4,1,-1
4821,4,-1,-2
4821,4,-1,-1
4821,4,0,-1
4821,4,2,-1
4822,4,-1,-2
4822,4,-1,-1
4822,4,0,-1
4822,4,-2,0
4823,4,-1,-2
4823,4,-1,-1
4823,4,0,-1
4823,4,-1,0
4824,4,-1,-2
4824,4,-1,-1
4824,4,0,-1
4824,4,1,0
4825,4,-1,-2
4825,4,-1,-1
4825,4,0,-1
4825,4,2,0
4826,4,-1,-2
4826,4,-1,-1
4826,4,0,-1
4826,4,-2,1
4827,4,-1,-2
4827,4,-1,-1
4827,4,0,-1
4827,4,-1,1
4828,4,-1,-2
4828,4,-1,-1
4828,4,0,-1
4828,4,0,1
4829,4,-1,-2
4829,4,-1,-1
4829,4,0,-1
4829,4,1,1
4830,4,-1,-2
4830,4,-1,-1
4830,4,0,-1
4830,4,2,1
4831,4,-1,-2
4831,4,-1,-1
4831,4,0,-1
4831,4,-2,2
4832,4,-1,-2
4832,4,-1,-1
4832,4,0,-1
4832,4,-1,2
4833,4,-1,-2
4833,4,-1,-1
4833,4,0,-1
4833,4,0,2
4834,4,-1,-2
4834,4,-1,-1
4834,4,0,-1
4834,4,1,2
4835,4,-1,-2
4835,4,-1,-1
4835,4,0,-1
4835,4,2,2
4836,4,-1,-2
4836,4,-1,-1
4836,4,1,-1
4836,4,2,-1
4837,4,-1,-2
4837,4,-1,-1
4837,4,1,-1
4837,4,-2,0
4838,4,-1,-2
4838,4,-1,-1
4838,4,1,-1
4838,4,-1,0
4839,4,-1,-2
4839,4,-1,-1
4839,4,1,-1
4839,4,1,0
4840,4,-1,-2
4840,4,-1,-1
4840,4,1,-1
4840,4,2,0
4841,4,-1,-2
4841,4,-1,-1
4841,4,1,-1
4841,4,-2,1
4842,4,-1,-2
4842,4,-1,-1
4842,4,1,-1
4842,4,-1,1
4843,4,-1,-2
4843,4,-1,-1
4843,4,1,-1
4843,4,0,1
4844,4,-1,-2
4844,4,-1,-1
4844,4,1,-1
4844,4,1,1
4845,4,-1,-2
4845,4,-1,-1
4845,4,1,-1
4845,4,2,1
4846,4,-1,-2
4846,4,-1,-1
4846,4,1,-1
4846,4,-2,2
4847,4,-1,-2
4847,4,-1,-1
4847,4,1,-1
4847,4,-1,2
4848,4,-1,-2
4848,4,-1,-1
4848,4,1,-1
4848,4,0,2
4849,4,-1,-2
4849,4,-1,-1
4849,4,1,-1
4849,4,1,2
4850,4,-1,-2
4850,4,-1,-1
4850,4,1,-1
4850,4,2,2
4851,4,-1,-2
4851,4,-1,-1
4851,4,2,-1
4851,4,-2,0
4852,4,-1,-2
4852,4,-1,-1
4852,4,2,-1
4852,4,-1,0
4853,4,-1,-2
4853,4,-1,-1
4853,4,2,-1
4853,4,1,0
4854,4,-1,-2
4854,4,-1,-1
4854,4,2,-1
4854,4,2,0
4855,4,-1,-2
4855,4,-1,-1
4855,4,2,-1
4855,4,-2,1
4856,4,-1,-2
4856,4,-1,-1
4856,4,2,-1
4856,4,-1,1
4857,4,-1,-2
4857,4,-1,-1
4857,4,2,-1
4857,4,0,1
4858,4,-1,-2
4858,4,-1,-1
4858,4,2,-1
4858,4,1,1
4859,4,-1,-2
4859,4,-1,-1
4859,4,2,-1
4859,4,2,1
4860,4,-1,-2
4860,4,-1,-1
4860,4,2,-1
4860,4,-2,2
4861,4,-1,-2
4861,4,-1,-1
4861,4,2,-1
4861,4,-1,2
4862,4,-1,-2
4862,4,-1,-1
4862,4,2,-1
4862,4,0,2
4863,4,-1,-2
4863,4,-1,-1
4863,4,2,-1
4863,4,1,2
4864,4,-1,-2
4864,4,-1,-1
4864,4,2,-1
4864,4,2,2
4865,4,-1,-2
4865,4,-1,-1
4865,4,-2,0
4865,4,-1,0
4866,4,-1,-2
4866,4,-1,-1
4866,4,-2,0
4866,4,1,0
4867,4,-1,-2
4867,4,-1,-1
4867,4,-2,0
4867,4,2,0
4868,4,-1,-2
4868,4,-1,-1
4868,4,-2,0
4868,4,-2,1
4869,4,-1,-2
4869,4,-1,-1
4869,4,-2,0
4869,4,-1,1
4870,4,-1,-2
4870,4,-1,-1
4870,4,-2,0
4870,4,0,1
4871,4,-1,-2
4871,4,-1,-1
4871,4,-2,0
4871,4,1,1
4872,4,-1,-2
4872,4,-1,-1
4872,4,-2,0
4872,4,2,1
4873,4,-1,-2
4873,4,-1,-1
4873,4,-2,0
4873,4,-2,2
4874,4,-1,-2
4874,4,-1,-1
4874,4,-2,0
4874,4,-1,2
4875,4,-1,-2
4875,4,-1,-1
4875,4,-2,0
4875,4,0,2
4876,4,-1,-2
4876,4,-1,-1
4876,4,-2,0
4876,4,1,2
4877,4,-1,-2
4877,4,-1,-1
4877,4,-2,0
4877,4,2,2
4878,4,-1,-2
4878,4,-1,-1
4878,4,-1,0
4878,4,1,0
4879,4,-1,-2
4879,4,-1,-1
4879,4,-1,0
4879,4,2,0
4880,4,-1,-2
4880,4,-1,-1
4880,4,-1,0
4880,4,-2,1
4881,4,-1,-2
4881,4,-1,-1
4881,4,-1,0
4881,4,-1,1
4882,4,-1,-2
4882,4,-1,-1
4882,4,-1,0
4882,4,0,1
4883,4,-1,-2
4883,4,-1,-1
4883,4,-1,0
4883,4,1,1
4884,4,-1,-2
4884,4,-1,-1
4884,4,-1,0
4884,4,2,1
4885,4,-1,-2
4885,4,-1,-1
4885,4,-1,0
4885,4,-2,2
4886,4,-1,-2
4886,4,-1,-1
4886,4,-1,0
4886,4,-1,2
4887,4,-1,-2
4887,4,-1,-1
4887,4,-1,0
4887,4,0,2
4888,4,-1,-2
4888,4,-1,-1
4888,4,-1,0
4888,4,1,2
4889,4,-1,-2
4889,4,-1,-1
4889,4,-1,0
4889,4,2,2
4890,4,-1,-2
4890,4,-1,-1
4890,4,1,0
4890,4,2,0
4891,4,-1,-2
4891,4,-1,-1
4891,4,1,0
4891,4,-2,1
4892,4,-1,-2
4892,4,-1,-1
4892,4,1,0
4892,4,-1,1
4893,4,-1,-2
4893,4,-1,-1
4893,4,1,0
4893,4,0,1
4894,4,-1,-2
4894,4,-1,-1
4894,4,1,0
4894,4,1,1
4895,4,-1,-2
4895,4,-1,-1
4895,4,1,0
4895,4,2,1
4896,4,-1,-2
4896,4,-1,-1
4896,4,1,0
4896,4,-2,2
4897,4,-1,-2
4897,4,-1,-1
4897,4,1,0
4897,4,-1,2
4898,4,-1,-2
4898,4,-1,-1
4898,4,1,0
4898,4,0,2
4899,4,-1,-2
4899,4,-1,-1
4899,4,1,0
4899,4,1,2
4900,4,-1,-2
4900,4,-1,-1
4900,4,1,0
4900,4,2,2
4901,4,-1,-2
4901,4,-1,-1
4901,4,2,0
4901,4,-2,1
4902,4,-1,-2
4902,4,-1,-1
4902,4,2,0
4902,4,-1,1
4903,4,-1,-2
4903,4,-1,-1
4903,4,2,0
4903,4,0,1
4904,4,-1,-2
4904,4,-1,-1
4904,4,2,0
4904,4,1,1
4905,4,-1,-2
4905,4,-1,-1
4905,4,2,0
4905,4,2,1
4906,4,-1,-2
4906,4,-1,-1
4906,4,2,0
4906,4,-2,2
4907,4,-1,-2
4907,4,-1,-1
4907,4,2,0
4907,4,-1,2
4908,4,-1,-2
4908,4,-1,-1
4908,4,2,0
4908,4,0,2
4909,4,-1,-2
4909,4,-1,-1
4909,4,2,0
4909,4,1,2
4910,4,-1,-2
4910,4,-1,-1
4910,4,2,0
4910,4,2,2
4911,4,-1,-2
4911,4,-1,-1
4911,4,-2,1
4911,4,-1,1
4912,4,-1,-2
4912,4,-1,-1
4912,4,-2,1
4912,4,0,1
4913,4,-1,-2
4913,4,-1,-1
4913,4,-2,1
4913,4,1,1
4914,4,-1,-2
4914,4,-1,-1
4914,4,-2,1
4914,4,2,1
4915,4,-1,-2
4915,4,-1,-1
4915,4,-2,1
4915,4,-2,2
4916,4,-1,-2
4916,4,-1,-1
4916,4,-2,1
4916,4,-1,2
4917,4,-1,-2
4917,4,-1,-1
4917,4,-2,1
4917,4,0,2
4918,4,-1,-2
4918,4,-1,-1
4918,4,-2,1
4918,4,1,2
4919,4,-1,-2
4919,4,-1,-1
4919,4,-2,1
4919,4,2,2
4920,4,-1,-2
4920,4,-1,-1
4920,4,-1,1
4920,4,0,1
4921,4,-1,-2
4921,4,-1,-1
4921,4,-1,1
4921,4,1,1
4922,4,-1,-2
4922,4,-1,-1
4922,4,-1,1
4922,4,2,1
4923,4,-1,-2
4923,4,-1,-1
4923,4,-1,1
4923,4,-2,2
4924,4,-1,-2
4924,4,-1,-1
4924,4,-1,1
4924,4,-1,2
4925,4,-1,-2
4925,4,-1,-1
4925,4,-1,1
4925,4,0,2
4926,4,-1,-2
4926,4,-1,-1
4926,4,-1,1
4926,4,1,2
4927,4,-1,-2
4927,4,-1,-1
4927,4,-1,1
4927,4,2,2
4928,4,-1,-2
4928,4,-1,-1
4928,4,0,1
4928,4,1,1
4929,4,-1,-2
4929,4,-1,-1
4929,4,0,1
4929,4,2,1
4930,4,-1,-2
4930,4,-1,-1
4930,4,0,1
4930,4,-2,2
4931,4,-1,-2
4931,4,-1,-1
4931,4,0,1
4931,4,-1,2
4932,4,-1,-2
4932,4,-1,-1
4932,4,0,1
4932,4,0,2
4933,4,-1,-2
4933,4,-1,-1
4933,4,0,1
4933,4,1,2
4934,4,-1,-2
4934,4,-1,-1
4934,4,0,1
4934,4,2,2
4935,4,-1,-2
4935,4,-1,-1
4935,4,1,1
4935,4,2,1
4936,4,-1,-2
4936,4,-1,-1
4936,4,1,1
4936,4,-2,2
4937,4,-1,-2
4937,4,-1,-1
4937,4,1,1
4937,4,-1,2
4938,4,-1,-2
4938,4,-1,-1
4938,4,1,1
4938,4,0,2
4939,4,-1,-2
4939,4,-1,-1
4939,4,1,1
4939,4,1,2
4940,4,-1,-2
4940,4,-1,-1
4940,4,1,1
4940,4,2,2
4941,4,-1,-2
4941,4,-1,-1
4941,4,2,1
4941,4,-2,2
4942,4,-1,-2
4942,4,-1,-1
4942,4,2,1
4942,4,-1,2
4943,4,-1,-2
4943,4,-1,-1
4943,4,2,1
4943,4,0,2
4944,4,-1,-2
4944,4,-1,-1
4944,4,2,1
4944,4,1,2
4945,4,-1,-2
4945,4,-1,-1
4945,4,2,1
4945,4,2,2
4946,4,-1,-2
4946,4,-1,-1
4946,4,-2,2
4946,4,-1,2
4947,4,-1,-2
4947,4,-1,-1
4947,4,-2,2
4947,4,0,2
4948,4,-1,-2
4948,4,-1,-1
4948,4,-2,2
4948,4,1,2
4949,4,-1,-2
4949,4,-1,-1
4949,4,-2,2
4949,4,2,2
4950,4,-1,-2
4950,4,-1,-1
4950,4,-1,2
4950,4,0,2
4951,4,-1,-2
4951,4,-1,-1
4951,4,-1,2
4951,4,1,2
4952,4,-1,-2
4952,4,-1,-1
4952,4,-1,2
4952,4,2,2
4953,4,-1,-2
4953,4,-1,-1
4953,4,0,2
4953,4,1,2
4954,4,-1,-2
4954,4,-1,-1
4954,4,0,2
4954,4,2,2
4955,4,-1,-2
4955,4,-1,-1
4955,4,1,2
4955,4,2,2
4956,4,-1,-2
4956,4,0,-1
4956,4,1,-1
4956,4,2,-1
4957,4,-1,-2
4957,4,0,-1
4957,4,1,-1
4957,4,-2,0
4958,4,-1,-2
4958,4,0,-1
4958,4,1,-1
4958,4,-1,0
4959,4,-1,-2
4959,4,0,-1
4959,4,1,-1
4959,4,1,0
4960,4,-1,-2
4960,4,0,-1
4960,4,1,-1
4960,4,2,0
4961,4,-1,-2
4961,4,0,-1
4961,4,1,-1
4961,4,-2,1
4962,4,-1,-2
4962,4,0,-1
4962,4,1,-1
4962,4,-1,1
4963,4,-1,-2
4963,4,0,-1
4963,4,1,-1
4963,4,0,1
4964,4,-1,-2
4964,4,0,-1
4964,4,1,-1
4964,4,1,1
4965,4,-1,-2
4965,4,0,-1
4965,4,1,-1
4965,4,2,1
4966,4,-1,-2
4966,4,0,-1
4966,4,1,-1
4966,4,-2,2
4967,4,-1,-2
4967,4,0,-1
4967,4,1,-1
4967,4,-1,2
4968,4,-1,-2
4968,4,0,-1
4968,4,1,-1
4968,4,0,2
4969,4,-1,-2
4969,4,0,-1
4969,4,1,-1
4969,4,1,2
4970,4,-1,-2
4970,4,0,-1
4970,4,1,-1
4970,4,2,2
4971,4,-1,-2
4971,4,0,-1
4971,4,2,-1
4971,4,-2,0
4972,4,-1,-2
4972,4,0,-1
4972,4,2,-1
4972,4,-1,0
4973,4,-1,-2
4973,4,0,-1
4973,4,2,-1
4973,4,1,0
4974,4,-1,-2
4974,4,0,-1
4974,4,2,-1
4974,4,2,0
4975,4,-1,-2
4975,4,0,-1
4975,4,2,-1
4975,4,-2,1
4976,4,-1,-2
4976,4,0,-1
4976,4,2,-1
4976,4,-1,1
4977,4,-1,-2
4977,4,0,-1
4977,4,2,-1
4977,4,0,1
4978,4,-1,-2
4978,4,0,-1
4978,4,2,-1
4978,4,1,1
4979,4,-1,-2
4979,4,0,-1
4979,4,2,-1
4979,4,2,1
4980,4,-1,-2
4980,4,0,-1
4980,4,2,-1
4980,4,-2,2
4981,4,-1,-2
4981,4,0,-1
4981,4,2,-1
4981,4,-1,2
4982,4,-1,-2
4982,4,0,-1
4982,4,2,-1
4982,4,0,2
4983,4,-1,-2
4983,4,0,-1
4983,4,2,-1
4983,4,1,2
4984,4,-1,-2
4984,4,0,-1
4984,4,2,-1
4984,4,2,2
4985,4,-1,-2
4985,4,0,-1
4985,4,-2,0
4985,4,-1,0
4986,4,-1,-2
4986,4,0,-1
4986,4,-2,0
4986,4,1,0
4987,4,-1,-2
4987,4,0,-1
4987,4,-2,0
4987,4,2,0
4988,4,-1,-2
4988,4,0,-1
4988,4,-2,0
4988,4,-2,1
4989,4,-1,-2
4989,4,0,-1
4989,4,-2,0
4989,4,-1,1
4990,4,-1,-2
4990,4,0,-1
4990,4,-2,0
4990,4,0,1
4991,4,-1,-2
4991,4,0,-1
4991,4,-2,0
4991,4,1,1
4992,4,-1,-2
4992,4,0,-1
4992,4,-2,0
4992,4,2,1
4993,4,-1,-2
4993,4,0,-1
4993,4,-2,0
4993,4,-2,2
4994,4,-1,-2
4994,4,0,-1
4994,4,-2,0
4994,4,-1,2
4995,4,-1,-2
4995,4,0,-1
4995,4,-2,0
4995,4,0,2
4996,4,-1,-2
4996,4,0,-1
4996,4,-2,0
4996,4,1,2
4997,4,-1,-2
4997,4,0,-1
4997,4,-2,0
4997,4,2,2
4998,4,-1,-2
4998,4,0,-1
4998,4,-1,0
4998,4,1,0
4999,4,-1,-2
4999,4,0,-1
4999,4,-1,0
4999,4,2,0
5000,4,-1,-2
5000,4,0,-1
5000,4,-1,0
5000,4,-2,1
5001,4,-1,-2
5001,4,0,-1
5001,4,-1,0
5001,4,-1,1
5002,4,-1,-2
5002,4,0,-1
5002,4,-1,0
5002,4,0,1
5003,4,-1,-2
5003,4,0,-1
5003,4,-1,0
5003,4,1,1
5004,4,-1,-2
5004,4,0,-1
5004,4,-1,0
5004,4,2,1
5005,4,-1,-2
5005,4,0,-1
5005,4,-1,0
5005,4,-2,2
5006,4,-1,-2
5006,4,0,-1
5006,4,-1,0
5006,4,-1,2
5007,4,-1,-2
5007,4,0,-1
5007,4,-1,0
5007,4,0,2
5008,4,-1,-2
5008,4,0,-1
5008,4,-1,0
5008,4,1,2
5009,4,-1,-2
5009,4,0,-1
5009,4,-1,0
5009,4,2,2
5010,4,-1,-2
5010,4,0,-1
5010,4,1,0
5010,4,2,0
5011,4,-1,-2
5011,4,0,-1
5011,4,1,0
5011,4,-2,1
5012,4,-1,-2
5012,4,0,-1
5012,4,1,0
5012,4,-1,1
5013,4,-1,-2
5013,4,0,-1
5013,4,1,0
5013,4,0,1
5014,4,-1,-2
5014,4,0,-1
5014,4,1,0
5014,4,1,1
5015,4,-1,-2
5015,4,0,-1
5015,4,1,0
5015,4,2,1
5016,4,-1,-2
5016,4,0,-1
5016,4,1,0
5016,4,-2,2
5017,4,-1,-2
5017,4,0,-1
5017,4,1,0
5017,4,-1,2
5018,4,-1,-2
5018,4,0,-1
5018,4,1,0
5018,4,0,2
5019,4,-1,-2
5019,4,0,-1
5019,4,1,0
5019,4,1,2
5020,4,-1,-2
5020,4,0,-1
5020,4,1,0
5020,4,2,2
5021,4,-1,-2
5021,4,0,-1
5021,4,2,0
5021,4,-2,1
5022,4,-1,-2
5022,4,0,-1
5022,4,2,0
5022,4,-1,1
5023,4,-1,-2
5023,4,0,-1
5023,4,2,0
5023,4,0,1
5024,4,-1,-2
5024,4,0,-1
5024,4,2,0
5024,4,1,1
5025,4,-1,-2
5025,4,0,-1
5025,4,2,0
5025,4,2,1
5026,4,-1,-2
5026,4,0,-1
5026,4,2,0
5026,4,-2,2
5027,4,-1,-2
5027,4,0,-1
5027,4,2,0
5027,4,-1,2
5028,4,-1,-2
5028,4,0,-1
5028,4,2,0
5028,4,0,2
5029,4,-1,-2
5029,4,0,-1
5029,4,2,0
5029,4,1,2
5030,4,-1,-2
5030,4,0,-1
5030,4,2,0
5030,4,2,2
5031,4,-1,-2
5031,4,0,-1
5031,4,-2,1
5031,4,-1,1
5032,4,-1,-2
5032,4,0,-1
5032,4,-2,1
5032,4,0,1
5033,4,-1,-2
5033,4,0,-1
5033,4,-2,1
5033,4,1,1
5034,4,-1,-2
5034,4,0,-1
5034,4,-2,1
5034,4,2,1
5035,4,-1,-2
5035,4,0,-1
5035,4,-2,1
5035,4,-2,2
5036,4,-1,-2
5036,4,0,-1
5036,4,-2,1
5036,4,-1,2
5037,4,-1,-2
5037,4,0,-1
5037,4,-2,1
5037,4,0,2
5038,4,-1,-2
5038,4,0,-1
5038,4,-2,1
5038,4,1,2
5039,4,-1,-2
5039,4,0,-1
5039,4,-2,1
5039,4,2,2
5040,4,-1,-2
5040,4,0,-1
5040,4,-1,1
5040,4,0,1
5041,4,-1,-2
5041,4,0,-1
5041,4,-1,1
5041,4,1,1
5042,4,-1,-2
5042,4,0,-1
5042,4,-1,1
5042,4,2,1
5043,4,-1,-2
5043,4,0,-1
5043,4,-1,1
5043,4,-2,2
5044,4,-1,-2
5044,4,0,-1
5044,4,-1,1
5044,4,-1,2
5045,4,-1,-2
5045,4,0,-1
5045,4,-1,1
5045,4,0,2
5046,4,-1,-2
5046,4,0,-1
5046,4,-1,1
5046,4,1,2
5047,4,-1,-2
5047,4,0,-1
5047,4,-1,1
5047,4,2,2
5048,4,-1,-2
5048,4,0,-1
5048,4,0,1
5048,4,1,1
5049,4,-1,-2
5049,4,0,-1
5049,4,0,1
5049,4,2,1
5050,4,-1,-2
5050,4,0,-1
5050,4,0,1
5050,4,-2,2
5051,4,-1,-2
5051,4,0,-1
5051,4,0,1
5051,4,-1,2
5052,4,-1,-2
5052,4,0,-1
5052,4,0,1
5052,4,0,2
5053,4,-1,-2
5053,4,0,-1
5053,4,0,1
5053,4,1,2
5054,4,-1,-2
5054,4,0,-1
5054,4,0,1
5054,4,2,2
5055,4,-1,-2
5055,4,0,-1
5055,4,1,1
5055,4,2,1
5056,4,-1,-2
5056,4,0,-1
5056,4,1,1
5056,4,-2,2
5057,4,-1,-2
5057,4,0,-1
5057,4,1,1
5057,4,-1,2
5058,4,-1,-2
5058,4,0,-1
5058,4,1,1
5058,4,0,2
5059,4,-1,-2
5059,4,0,-1
5059,4,1,1
5059,4,1,2
5060,4,-1,-2
5060,4,0,-1
5060,4,1,1
5060,4,2,2
5061,4,-1,-2
5061,4,0,-1
5061,4,2,1
5061,4,-2,2
5062,4,-1,-2
5062,4,0,-1
5062,4,2,1
5062,4,-1,2
5063,4,-1,-2
5063,4,0,-1
5063,4,2,1
5063,4,0,2
5064,4,-1,-2
5064,4,0,-1
5064,4,2,1
5064,4,1,2
5065,4,-1,-2
5065,4,0,-1
5065,4,2,1
5065,4,2,2
5066,4,-1,-2
5066,4,0,-1
5066,4,-2,2
5066,4,-1,2
5067,4,-1,-2
5067,4,0,-1
5067,4,-2,2
5067,4,0,2
5068,4,-1,-2
5068,4,0,-1
5068,4,-2,2
5068,4,1,2
5069,4,-1,-2
5069,4,0,-1
5069,4,-2,2
5069,4,2,2
5070,4,-1,-2
5070,4,0,-1
5070,4,-1,2
5070,4,0,2
5071,4,-1,-2
5071,4,0,-1
5071,4,-1,2
5071,4,1,2
5072,4,-1,-2
5072,4,0,-1
5072,4,-1,2
5072,4,2,2
5073,4,-1,-2
5073,4,0,-1
5073,4,0,2
5073,4,1,2
5074,4,-1,-2
5074,4,0,-1
5074,4,0,2
5074,4,2,2
5075,4,-1,-2
5075,4,0,-1
5075,4,1,2
5075,4,2,2
5076,4,-1,-2
5076,4,1,-1
5076,4,2,-1
5076,4,-2,0
5077,4,-1,-2
5077,4,1,-1
5077,4,2,-1
5077,4,-1,0
5078,4,-1,-2
5078,4,1,-1
5078,4,2,-1
5078,4,1,0
5079,4,-1,-2
5079,4,1,-1
5079,4,2,-1
5079,4,2,0
5080,4,-1,-2
5080,4,1,-1
5080,4,2,-1
5080,4,-2,1
5081,4,-1,-2
5081,4,1,-1
5081,4,2,-1
5081,4,-1,1
5082,4,-1,-2
5082,4,1,-1
5082,4,2,-1
5082,4,0,1
5083,4,-1,-2
5083,4,1,-1
5083,4,2,-1
5083,4,1,1
5084,4,-1,-2
5084,4,1,-1
5084,4,2,-1
5084,4,2,1
5085,4,-1,-2
5085,4,1,-1
5085,4,2,-1
5085,4,-2,2
5086,4,-1,-2
5086,4,1,-1
5086,4,2,-1
5086,4,-1,2
5087,4,-1,-2
5087,4,1,-1
5087,4,2,-1
5087,4,0,2
5088,4,-1,-2
5088,4,1,-1
5088,4,2,-1
5088,4,1,2
5089,4,-1,-2
5089,4,1,-1
5089,4,2,-1
5089,4,2,2
5090,4,-1,-2
5090,4,1,-1
5090,4,-2,0
5090,4,-1,0
5091,4,-1,-2
5091,4,1,-1
5091,4,-2,0
5091,4,1,0
5092,4,-1,-2
5092,4,1,-1
5092,4,-2,0
5092,4,2,0
5093,4,-1,-2
5093,4,1,-1
5093,4,-2,0
5093,4,-2,1
5094,4,-1,-2
5094,4,1,-1
5094,4,-2,0
5094,4,-1,1
5095,4,-1,-2
5095,4,1,-1
5095,4,-2,0
5095,4,0,1
5096,4,-1,-2
5096,4,1,-1
5096,4,-2,0
5096,4,1,1
5097,4,-1,-2
5097,4,1,-1
5097,4,-2,0
5097,4,2,1
5098,4,-1,-2
5098,4,1,-1
5098,4,-2,0
5098,4,-2,2
5099,4,-1,-2
5099,4,1,-1
5099,4,-2,0
5099,4,-1,2
5100,4,-1,-2
5100,4,1,-1
5100,4,-2,0
5100,4,0,2
5101,4,-1,-2
5101,4,1,-1
5101,4,-2,0
5101,4,1,2
5102,4,-1,-2
5102,4,1,-1
5102,4,-2,0
5102,4,2,2
5103,4,-1,-2
5103,4,1,-1
5103,4,-1,0
5103,4,1,0
5104,4,-1,-2
5104,4,1,-1
5104,4,-1,0
5104,4,2,0
5105,4,-1,-2
5105,4,1,-1
5105,4,-1,0
5105,4,-2,1
5106,4,-1,-2
5106,4,1,-1
5106,4,-1,0
5106,4,-1,1
5107,4,-1,-2
5107,4,1,-1
5107,4,-1,0
5107,4,0,1
5108,4,-1,-2
5108,4,1,-1
5108,4,-1,0
5108,4,1,1
5109,4,-1,-2
5109,4,1,-1
5109,4,-1,0
5109,4,2,1
5110,4,-1,-2
5110,4,1,-1
5110,4,-1,0
5110,4,-2,2
5111,4,-1,-2
5111,4,1,-1
5111,4,-1,0
5111,4,-1,2
5112,4,-1,-2
5112,4,1,-1
5112,4,-1,0
5112,4,0,2
5113,4,-1,-2
5113,4,1,-1
5113,4,-1,0
5113,4,1,2
5114,4,-1,-2
5114,4,1,-1
5114,4,-1,0
5114,4,2,2
5115,4,-1,-2
5115,4,1,-1
5115,4,1,0
5115,4,2,0
5116,4,-1,-2
5116,4,1,-1
5116,4,1,0
5116,4,-2,1
5117,4,-1,-2
5117,4,1,-1
5117,4,1,0
5117,4,-1,1
5118,4,-1,-2
5118,4,1,-1
5118,4,1,0
5118,4,0,1
5119,4,-1,-2
5119,4,1,-1
5119,4,1,0
5119,4,1,1
5120,4,-1,-2
5120,4,1,-1
5120,4,1,0
5120,4,2,1
5121,4,-1,-2
5121,4,1,-1
5121,4,1,0
5121,4,-2,2
5122,4,-1,-2
5122,4,1,-1
5122,4,1,0
5122,4,-1,2
5123,4,-1,-2
5123,4,1,-1
5123,4,1,0
5123,4,0,2
5124,4,-1,-2
5124,4,1,-1
5124,4,1,0
5124,4,1,2
5125,4,-1,-2
5125,4,1,-1
5125,4,1,0
5125,4,2,2
5126,4,-1,-2
5126,4,1,-1
5126,4,2,0
5126,4,-2,1
5127,4,-1,-2
5127,4,1,-1
5127,4,2,0
5127,4,-1,1
5128,4,-1,-2
5128,4,1,-1
5128,4,2,0
5128,4,0,1
5129,4,-1,-2
5129,4,1,-1
5129,4,2,0
5129,4,1,1
5130,4,-1,-2
5130,4,1,-1
5130,4,2,0
5130,4,2,1
5131,4,-1,-2
5131,4,1,-1
5131,4,2,0
5131,4,-2,2
5132,4,-1,-2
5132,4,1,-1
5132,4,2,0
5132,4,-1,2
5133,4,-1,-2
5133,4,1,-1
5133,4,2,0
5133,4,0,2
5134,4,-1,-2
5134,4,1,-1
5134,4,2,0
5134,4,1,2
5135,4,-1,-2
5135,4,1,-1
5135,4,2,0
5135,4,2,2
5136,4,-1,-2
5136,4,1,-1
5136,4,-2,1
5136,4,-1,1
5137,4,-1,-2
5137,4,1,-1
5137,4,-2,1
5137,4,0,1
5138,4,-1,-2
5138,4,1,-1
5138,4,-2,1
5138,4,1,1
5139,4,-1,-2
5139,4,1,-1
5139,4,-2,1
5139,4,2,1
5140,4,-1,-2
5140,4,1,-1
5140,4,-2,1
5140,4,-2,2
5141,4,-1,-2
5141,4,1,-1
5141,4,-2,1
5141,4,-1,2
5142,4,-1,-2
5142,4,1,-1
5142,4,-2,1
5142,4,0,2
5143,4,-1,-2
5143,4,1,-1
5143,4,-2,1
5143,4,1,2
5144,4,-1,-2
5144,4,1,-1
5144,4,-2,1
5144,4,2,2
5145,4,-1,-2
5145,4,1,-1
5145,4,-1,1
5145,4,0,1
5146,4,-1,-2
5146,4,1,-1
5146,4,-1,1
5146,4,1,1
5147,4,-1,-2
5147,4,1,-1
5147,4,-1,1
5147,4,2,1
5148,4,-1,-2
5148,4,1,-1
5148,4,-1,1
5148,4,-2,2
5149,4,-1,-2
5149,4,1,-1
5149,4,-1,1
5149,4,-1,2
5150,4,-1,-2
5150,4,1,-1
5150,4,-1,1
5150,4,0,2
5151,4,-1,-2
5151,4,1,-1
5151,4,-1,1
5151,4,1,2
5152,4,-1,-2
5152,4,1,-1
5152,4,-1,1
5152,4,2,2
5153,4,-1,-2
5153,4,1,-1
5153,4,0,1
5153,4,1,1
5154,4,-1,-2
5154,4,1,-1
5154,4,0,1
5154,4,2,1
5155,4,-1,-2
5155,4,1,-1
5155,4,0,1
5155,4,-2,2
5156,4,-1,-2
5156,4,1,-1
5156,4,0,1
5156,4,-1,2
5157,4,-1,-2
5157,4,1,-1
5157,4,0,1
5157,4,0,2
5158,4,-1,-2
5158,4,1,-1
5158,4,0,1
5158,4,1,2
5159,4,-1,-2
5159,4,1,-1
5159,4,0,1
5159,4,2,2
5160,4,-1,-2
5160,4,1,-1
5160,4,1,1
5160,4,2,1
5161,4,-1,-2
5161,4,1,-1
5161,4,1,1
5161,4,-2,2
5162,4,-1,-2
5162,4,1,-1
5162,4,1,1
5162,4,-1,2
5163,4,-1,-2
5163,4,1,-1
5163,4,1,1
5163,4,0,2
5164,4,-1,-2
5164,4,1,-1
5164,4,1,1
5164,4,1,2
5165,4,-1,-2
5165,4,1,-1
5165,4,1,1
5165,4,2,2
5166,4,-1,-2
5166,4,1,-1
5166,4,2,1
5166,4,-2,2
5167,4,-1,-2
5167,4,1,-1
5167,4,2,1
5167,4,-1,2
5168,4,-1,-2
5168,4,1,-1
5168,4,2,1
5168,4,0,2
5169,4,-1,-2
5169,4,1,-1
5169,4,2,1
5169,4,1,2
5170,4,-1,-2
5170,4,1,-1
5170,4,2,1
5170,4,2,2
5171,4,-1,-2
5171,4,1,-1
5171,4,-2,2
5171,4,-1,2
5172,4,-1,-2
5172,4,1,-1
5172,4,-2,2
5172,4,0,2
5173,4,-1,-2
5173,4,1,-1
5173,4,-2,2
5173,4,1,2
5174,4,-1,-2
5174,4,1,-1
5174,4,-2,2
5174,4,2,2
5175,4,-1,-2
5175,4,1,-1
5175,4,-1,2
5175,4,0,2
5176,4,-1,-2
5176,4,1,-1
5176,4,-1,2
5176,4,1,2
5177,4,-1,-2
5177,4,1,-1
5177,4,-1,2
5177,4,2,2
5178,4,-1,-2
5178,4,1,-1
5178,4,0,2
5178,4,1,2
5179,4,-1,-2
5179,4,1,-1
5179,4,0,2
5179,4,2,2
5180,4,-1,-2
5180,4,1,-1
5180,4,1,2
5180,4,2,2
5181,4,-1,-2
5181,4,2,-1
5181,4,-2,0
5181,4,-1,0
5182,4,-1,-2
5182,4,2,-1
5182,4,-2,0
5182,4,1,0
5183,4,-1,-2
5183,4,2,-1
5183,4,-2,0
5183,4,2,0
5184,4,-1,-2
5184,4,2,-1
5184,4,-2,0
5184,4,-2,1
5185,4,-1,-2
5185,4,2,-1
5185,4,-2,0
5185,4,-1,1
5186,4,-1,-2
5186,4,2,-1
5186,4,-2,0
5186,4,0,1
5187,4,-1,-2
5187,4,2,-1
5187,4,-2,0
5187,4,1,1
5188,4,-1,-2
5188,4,2,-1
5188,4,-2,0
5188,4,2,1
5189,4,-1,-2
5189,4,2,-1
5189,4,-2,0
5189,4,-2,2
5190,4,-1,-2
5190,4,2,-1
5190,4,-2,0
5190,4,-1,2
5191,4,-1,-2
5191,4,2,-1
5191,4,-2,0
5191,4,0,2
5192,4,-1,-2
5192,4,2,-1
5192,4,-2,0
5192,4,1,2
5193,4,-1,-2
5193,4,2,-1
5193,4,-2,0
5193,4,2,2
5194,4,-1,-2
5194,4,2,-1
5194,4,-1,0
5194,4,1,0
5195,4,-1,-2
5195,4,2,-1
5195,4,-1,0
5195,4,2,0
5196,4,-1,-2
5196,4,2,-1
5196,4,-1,0
5196,4,-2,1
5197,4,-1,-2
5197,4,2,-1
5197,4,-1,0
5197,4,-1,1
5198,4,-1,-2
5198,4,2,-1
5198,4,-1,0
5198,4,0,1
5199,4,-1,-2
5199,4,2,-1
5199,4,-1,0
5199,4,1,1
5200,4,-1,-2
5200,4,2,-1
5200,4,-1,0
5200,4,2,1
5201,4,-1,-2
5201,4,2,-1
5201,4,-1,0
5201,4,-2,2
5202,4,-1,-2
5202,4,2,-1
5202,4,-1,0
5202,4,-1,2
5203,4,-1,-2
5203,4,2,-1
5203,4,-1,0
5203,4,0,2
5204,4,-1,-2
5204,4,2,-1
5204,4,-1,0
5204,4,1,2
5205,4,-1,-2
5205,4,2,-1
5205,4,-1,0
5205,4,2,2
5206,4,-1,-2
5206,4,2,-1
5206,4,1,0
5206,4,2,0
5207,4,-1,-2
5207,4,2,-1
5207,4,1,0
5207,4,-2,1
5208,4,-1,-2
5208,4,2,-1
5208,4,1,0
5208,4,-1,1
5209,4,-1,-2
5209,4,2,-1
5209,4,1,0
5209,4,0,1
5210,4,-1,-2
5210,4,2,-1
5210,4,1,0
5210,4,1,1
5211,4,-1,-2
5211,4,2,-1
5211,4,1,0
5211,4,2,1
5212,4,-1,-2
5212,4,2,-1
5212,4,1,0
5212,4,-2,2
5213,4,-1,-2
5213,4,2,-1
5213,4,1,0
5213,4,-1,2
5214,4,-1,-2
5214,4,2,-1
5214,4,1,0
5214,4,0,2
5215,4,-1,-2
5215,4,2,-1
5215,4,1,0
5215,4,1,2
5216,4,-1,-2
5216,4,2,-1
5216,4,1,0
5216,4,2,2
5217,4,-1,-2
5217,4,2,-1
5217,4,2,0
5217,4,-2,1
5218,4,-1,-2
5218,4,2,-1
5218,4,2,0
5218,4,-1,1
5219,4,-1,-2
5219,4,2,-1
5219,4,2,0
5219,4,0,1
5220,4,-1,-2
5220,4,2,-1
5220,4,2,0
5220,4,1,1
5221,4,-1,-2
5221,4,2,-1
5221,4,2,0
5221,4,2,1
5222,4,-1,-2
5222,4,2,-1
5222,4,2,0
5222,4,-2,2
5223,4,-1,-2
5223,4,2,-1
5223,4,2,0
5223,4,-1,2
5224,4,-1,-2
5224,4,2,-1
5224,4,2,0
5224,4,0,2
5225,4,-1,-2
5225,4,2,-1
5225,4,2,0
5225,4,1,2
5226,4,-1,-2
5226,4,2,-1
5226,4,2,0
5226,4,2,2
5227,4,-1,-2
5227,4,2,-1
5227,4,-2,1
5227,4,-1,1
5228,4,-1,-2
5228,4,2,-1
5228,4,-2,1
5228,4,0,1
5229,4,-1,-2
5229,4,2,-1
5229,4,-2,1
5229,4,1,1
5230,4,-1,-2
5230,4,2,-1
5230,4,-2,1
5230,4,2,1
5231,4,-1,-2
5231,4,2,-1
5231,4,-2,1
5231,4,-2,2
5232,4,-1,-2
5232,4,2,-1
5232,4,-2,1
5232,4,-1,2
5233,4,-1,-2
5233,4,2,-1
5233,4,-2,1
5233,4,0,2
5234,4,-1,-2
5234,4,2,-1
5234,4,-2,1
5234,4,1,2
5235,4,-1,-2
5235,4,2,-1
5235,4,-2,1
5235,4,2,2
5236,4,-1,-2
5236,4,2,-1
5236,4,-1,1
5236,4,0,1
5237,4,-1,-2
5237,4,2,-1
5237,4,-1,1
5237,4,1,1
5238,4,-1,-2
5238,4,2,-1
5238,4,-1,1
5238,4,2,1
5239,4,-1,-2
5239,4,2,-1
5239,4,-1,1
5239,4,-2,2
5240,4,-1,-2
5240,4,2,-1
5240,4,-1,1
5240,4,-1,2
5241,4,-1,-2
5241,4,2,-1
5241,4,-1,1
5241,4,0,2
5242,4,-1,-2
5242,4,2,-1
5242,4,-1,1
5242,4,1,2
5243,4,-1,-2
5243,4,2,-1
5243,4,-1,1
5243,4,2,2
5244,4,-1,-2
5244,4,2,-1
5244,4,0,1
5244,4,1,1
5245,4,-1,-2
5245,4,2,-1
5245,4,0,1
5245,4,2,1
5246,4,-1,-2
5246,4,2,-1
5246,4,0,1
5246,4,-2,2
5247,4,-1,-2
5247,4,2,-1
5247,4,0,1
5247,4,-1,2
5248,4,-1,-2
5248,4,2,-1
5248,4,0,1
5248,4,0,2
5249,4,-1,-2
5249,4,2,-1
5249,4,0,1
5249,4,1,2
5250,4,-1,-2
5250,4,2,-1
5250,4,0,1
5250,4,2,2
5251,4,-1,-2
5251,4,2,-1
5251,4,1,1
5251,4,2,1
5252,4,-1,-2
5252,4,2,-1
5252,4,1,1
5252,4,-2,2
5253,4,-1,-2
5253,4,2,-1
5253,4,1,1
5253,4,-1,2
5254,4,-1,-2
5254,4,2,-1
5254,4,1,1
5254,4,0,2
5255,4,-1,-2
5255,4,2,-1
5255,4,1,1
5255,4,1,2
5256,4,-1,-2
5256,4,2,-1
5256,4,1,1
5256,4,2,2
5257,4,-1,-2
5257,4,2,-1
5257,4,2,1
5257,4,-2,2
5258,4,-1,-2
5258,4,2,-1
5258,4,2,1
5258,4,-1,2
5259,4,-1,-2
5259,4,2,-1
5259,4,2,1
5259,4,0,2
5260,4,-1,-2
5260,4,2,-1
5260,4,2,1
5260,4,1,2
5261,4,-1,-2
5261,4,2,-1
5261,4,2,1
5261,4,2,2
5262,4,-1,-2
5262,4,2,-1
5262,4,-2,2
5262,4,-1,2
5263,4,-1,-2
5263,4,2,-1
5263,4,-2,2
5263,4,0,2
5264,4,-1,-2
5264,4,2,-1
5264,4,-2,2
5264,4,1,2
5265,4,-1,-2
5265,4,2,-1
5265,4,-2,2
5265,4,2,2
5266,4,-1,-2
5266,4,2,-1
5266,4,-1,2
5266,4,0,2
5267,4,-1,-2
5267,4,2,-1
5267,4,-1,2
5267,4,1,2
5268,4,-1,-2
5268,4,2,-1
5268,4,-1,2
5268,4,2,2
5269,4,-1,-2
5269,4,2,-1
5269,4,0,2
5269,4,1,2
5270,4,-1,-2
5270,4,2,-1
5270,4,0,2
5270,4,2,2
5271,4,-1,-2
5271,4,2,-1
5271,4,1,2
5271,4,2,2
5272,4,-1,-2
5272,4,-2,0
5272,4,-1,0
5272,4,1,0
5273,4,-1,-2
5273,4,-2,0
5273,4,-1,0
5273,4,2,0
5274,4,-1,-2
5274,4,-2,0
5274,4,-1,0
5274,4,-2,1
5275,4,-1,-2
5275,4,-2,0
5275,4,-1,0
5275,4,-1,1
5276,4,-1,-2
5276,4,-2,0
5276,4,-1,0
5276,4,0,1
5277,4,-1,-2
5277,4,-2,0
5277,4,-1,0
5277,4,1,1
5278,4,-1,-2
5278,4,-2,0
5278,4,-1,0
5278,4,2,1
5279,4,-1,-2
5279,4,-2,0
5279,4,-1,0
5279,4,-2,2
5280,4,-1,-2
5280,4,-2,0
5280,4,-1,0
5280,4,-1,2
5281,4,-1,-2
5281,4,-2,0
5281,4,-1,0
5281,4,0,2
5282,4,-1,-2
5282,4,-2,0
5282,4,-1,0
5282,4,1,2
5283,4,-1,-2
5283,4,-2,0
5283,4,-1,0
5283,4,2,2
5284,4,-1,-2
5284,4,-2,0
5284,4,1,0
5284,4,2,0
5285,4,-1,-2
5285,4,-2,0
5285,4,1,0
5285,4,-2,1
5286,4,-1,-2
5286,4,-2,0
5286,4,1,0
5286,4,-1,1
5287,4,-1,-2
5287,4,-2,0
5287,4,1,0
5287,4,0,1
5288,4,-1,-2
5288,4,-2,0
5288,4,1,0
5288,4,1,1
5289,4,-1,-2
5289,4,-2,0
5289,4,1,0
5289,4,2,1
5290,4,-1,-2
5290,4,-2,0
5290,4,1,0
5290,4,-2,2
5291,4,-1,-2
5291,4,-2,0
5291,4,1,0
5291,4,-1,2
5292,4,-1,-2
5292,4,-2,0
5292,4,1,0
5292,4,0,2
5293,4,-1,-2
5293,4,-2,0
5293,4,1,0
5293,4,1,2
5294,4,-1,-2
5294,4,-2,0
5294,4,1,0
5294,4,2,2
5295,4,-1,-2
5295,4,-2,0
5295,4,2,0
5295,4,-2,1
5296,4,-1,-2
5296,4,-2,0
5296,4,2,0
5296,4,-1,1
5297,4,-1,-2
5297,4,-2,0
5297,4,2,0
5297,4,0,1
5298,4,-1,-2
5298,4,-2,0
5298,4,2,0
5298,4,1,1
5299,4,-1,-2
5299,4,-2,0
5299,4,2,0
5299,4,2,1
5300,4,-1,-2
5300,4,-2,0
5300,4,2,0
5300,4,-2,2
5301,4,-1,-2
5301,4,-2,0
5301,4,2,0
5301,4,-1,2
5302,4,-1,-2
5302,4,-2,0
5302,4,2,0
5302,4,0,2
5303,4,-1,-2
5303,4,-2,0
5303,4,2,0
5303,4,1,2
5304,4,-1,-2
5304,4,-2,0
5304,4,2,0
5304,4,2,2
5305,4,-1,-2
5305,4,-2,0
5305,4,-2,1
5305,4,-1,1
5306,4,-1,-2
5306,4,-2,0
5306,4,-2,1
5306,4,0,1
5307,4,-1,-2
5307,4,-2,0
5307,4,-2,1
5307,4,1,1
5308,4,-1,-2
5308,4,-2,0
5308,4,-2,1
5308,4,2,1
5309,4,-1,-2
5309,4,-2,0
5309,4,-2,1
5309,4,-2,2
5310,4,-1,-2
5310,4,-2,0
5310,4,-2,1
5310,4,-1,2
5311,4,-1,-2
5311,4,-2,0
5311,4,-2,1
5311,4,0,2
5312,4,-1,-2
5312,4,-2,0
5312,4,-2,1
5312,4,1,2
5313,4,-1,-2
5313,4,-2,0
5313,4,-2,1
5313,4,2,2
5314,4,-1,-2
5314,4,-2,0
5314,4,-1,1
5314,4,0,1
5315,4,-1,-2
5315,4,-2,0
5315,4,-1,1
5315,4,1,1
5316,4,-1,-2
5316,4,-2,0
5316,4,-1,1
5316,4,2,1
5317,4,-1,-2
5317,4,-2,0
5317,4,-1,1
5317,4,-2,2
5318,4,-1,-2
5318,4,-2,0
5318,4,-1,1
5318,4,-1,2
5319,4,-1,-2
5319,4,-2,0
5319,4,-1,1
5319,4,0,2
5320,4,-1,-2
5320,4,-2,0
5320,4,-1,1
5320,4,1,2
5321,4,-1,-2
5321,4,-2,0
5321,4,-1,1
5321,4,2,2
5322,4,-1,-2
5322,4,-2,0
5322,4,0,1
5322,4,1,1
5323,4,-1,-2
5323,4,-2,0
5323,4,0,1
5323,4,2,1
5324,4,-1,-2
5324,4,-2,0
5324,4,0,1
5324,4,-2,2
5325,4,-1,-2
5325,4,-2,0
5325,4,0,1
5325,4,-1,2
5326,4,-1,-2
5326,4,-2,0
5326,4,0,1
5326,4,0,2
5327,4,-1,-2
5327,4,-2,0
5327,4,0,1
5327,4,1,2
5328,4,-1,-2
5328,4,-2,0
5328,4,0,1
5328,4,2,2
5329,4,-1,-2
5329,4,-2,0
5329,4,1,1
5329,4,2,1
5330,4,-1,-2
5330,4,-2,0
5330,4,1,1
5330,4,-2,2
5331,4,-1,-2
5331,4,-2,0
5331,4,1,1
5331,4,-1,2
5332,4,-1,-2
5332,4,-2,0
5332,4,1,1
5332,4,0,2
5333,4,-1,-2
5333,4,-2,0
5333,4,1,1
5333,4,1,2
5334,4,-1,-2
5334,4,-2,0
5334,4,1,1
5334,4,2,2
5335,4,-1,-2
5335,4,-2,0
5335,4,2,1
5335,4,-2,2
5336,4,-1,-2
5336,4,-2,0
5336,4,2,1
5336,4,-1,2
5337,4,-1,-2
5337,4,-2,0
5337,4,2,1
5337,4,0,2
5338,4,-1,-2
5338,4,-2,0
5338,4,2,1
5338,4,1,2
5339,4,-1,-2
5339,4,-2,0
5339,4,2,1
5339,4,2,2
5340,4,-1,-2
5340,4,-2,0
5340,4,-2,2
5340,4,-1,2
5341,4,-1,-2
5341,4,-2,0
5341,4,-2,2
5341,4,0,2
5342,4,-1,-2
5342,4,-2,0
5342,4,-2,2
5342,4,1,2
5343,4,-1,-2
5343,4,-2,0
5343,4,-2,2
5343,4,2,2
5344,4,-1,-2
5344,4,-2,0
5344,4,-1,2
5344,4,0,2
5345,4,-1,-2
5345,4,-2,0
5345,4,-1,2
5345,4,1,2
5346,4,-1,-2
5346,4,-2,0
5346,4,-1,2
5346,4,2,2
5347,4,-1,-2
5347,4,-2,0
5347,4,0,2
5347,4,1,2
5348,4,-1,-2
5348,4,-2,0
5348,4,0,2
5348,4,2,2
5349,4,-1,-2
5349,4,-2,0
5349,4,1,2
5349,4,2,2
5350,4,-1,-2
5350,4,-1,0
5350,4,1,0
5350,4,2,0
5351,4,-1,-2
5351,4,-1,0
5351,4,1,0
5351,4,-2,1
5352,4,-1,-2
5352,4,-1,0
5352,4,1,0
5352,4,-1,1
5353,4,-1,-2
5353,4,-1,0
5353,4,1,0
5353,4,0,1
5354,4,-1,-2
5354,4,-1,0
5354,4,1,0
5354,4,1,1
5355,4,-1,-2
5355,4,-1,0
5355,4,1,0
5355,4,2,1
5356,4,-1,-2
5356,4,-1,0
5356,4,1,0
5356,4,-2,2
5357,4,-1,-2
5357,4,-1,0
5357,4,1,0
5357,4,-1,2
5358,4,-1,-2
5358,4,-1,0
5358,4,1,0
5358,4,0,2
5359,4,-1,-2
5359,4,-1,0
5359,4,1,0
5359,4,1,2
5360,4,-1,-2
5360,4,-1,0
5360,4,1,0
5360,4,2,2
5361,4,-1,-2
5361,4,-1,0
5361,4,2,0
5361,4,-2,1
5362,4,-1,-2
5362,4,-1,0
5362,4,2,0
5362,4,-1,1
5363,4,-1,-2
5363,4,-1,0
5363,4,2,0
5363,4,0,1
5364,4,-1,-2
5364,4,-1,0
5364,4,2,0
5364,4,1,1
5365,4,-1,-2
5365,4,-1,0
5365,4,2,0
5365,4,2,1
5366,4,-1,-2
5366,4,-1,0
5366,4,2,0
5366,4,-2,2
5367,4,-1,-2
5367,4,-1,0
5367,4,2,0
5367,4,-1,2
5368,4,-1,-2
5368,4,-1,0
5368,4,2,0
5368,4,0,2
5369,4,-1,-2
5369,4,-1,0
5369,4,2,0
5369,4,1,2
5370,4,-1,-2
5370,4,-1,0
5370,4,2,0
5370,4,2,2
5371,4,-1,-2
5371,4,-1,0
5371,4,-2,1
5371,4,-1,1
5372,4,-1,-2
5372,4,-1,0
5372,4,-2,1
5372,4,0,1
5373,4,-1,-2
5373,4,-1,0
5373,4,-2,1
5373,4,1,1
5374,4,-1,-2
5374,4,-1,0
5374,4,-2,1
5374,4,2,1
5375,4,-1,-2
5375,4,-1,0
5375,4,-2,1
5375,4,-2,2
5376,4,-1,-2
5376,4,-1,0
5376,4,-2,1
5376,4,-1,2
5377,4,-1,-2
5377,4,-1,0
5377,4,-2,1
5377,4,0,2
5378,4,-1,-2
5378,4,-1,0
5378,4,-2,1
5378,4,1,2
5379,4,-1,-2
5379,4,-1,0
5379,4,-2,1
5379,4,2,2
5380,4,-1,-2
5380,4,-1,0
5380,4,-1,1
5380,4,0,1
5381,4,-1,-2
5381,4,-1,0
5381,4,-1,1
5381,4,1,1
5382,4,-1,-2
5382,4,-1,0
5382,4,-1,1
5382,4,2,1
5383,4,-1,-2
5383,4,-1,0
5383,4,-1,1
5383,4,-2,2
5384,4,-1,-2
5384,4,-1,0
5384,4,-1,1
5384,4,-1,2
5385,4,-1,-2
5385,4,-1,0
5385,4,-1,1
5385,4,0,2
5386,4,-1,-2
5386,4,-1,0
5386,4,-1,1
5386,4,1,2
5387,4,-1,-2
5387,4,-1,0
5387,4,-1,1
5387,4,2,2
5388,4,-1,-2
5388,4,-1,0
5388,4,0,1
5388,4,1,1
5389,4,-1,-2
5389,4,-1,0
5389,4,0,1
5389,4,2,1
5390,4,-1,-2
5390,4,-1,0
5390,4,0,1
5390,4,-2,2
5391,4,-1,-2
5391,4,-1,0
5391,4,0,1
5391,4,-1,2
5392,4,-1,-2
5392,4,-1,0
5392,4,0,1
5392,4,0,2
5393,4,-1,-2
5393,4,-1,0
5393,4,0,1
5393,4,1,2
5394,4,-1,-2
5394,4,-1,0
5394,4,0,1
5394,4,2,2
5395,4,-1,-2
5395,4,-1,0
5395,4,1,1
5395,4,2,1
5396,4,-1,-2
5396,4,-1,0
5396,4,1,1
5396,4,-2,2
5397,4,-1,-2
5397,4,-1,0
5397,4,1,1
5397,4,-1,2
5398,4,-1,-2
5398,4,-1,0
5398,4,1,1
5398,4,0,2
5399,4,-1,-2
5399,4,-1,0
5399,4,1,1
5399,4,1,2
5400,4,-1,-2
5400,4,-1,0
5400,4,1,1
5400,4,2,2
5401,4,-1,-2
5401,4,-1,0
5401,4,2,1
5401,4,-2,2
5402,4,-1,-2
5402,4,-1,0
5402,4,2,1
5402,4,-1,2
5403,4,-1,-2
5403,4,-1,0
5403,4,2,1
5403,4,0,2
5404,4,-1,-2
5404,4,-1,0
5404,4,2,1
5404,4,1,2
5405,4,-1,-2
5405,4,-1,0
5405,4,2,1
5405,4,2,2
5406,4,-1,-2
5406,4,-1,0
5406,4,-2,2
5406,4,-1,2
5407,4,-1,-2
5407,4,-1,0
5407,4,-2,2
5407,4,0,2
5408,4,-1,-2
5408,4,-1,0
5408,4,-2,2
5408,4,1,2
5409,4,-1,-2
5409,4,-1,0
5409,4,-2,2
5409,4,2,2
5410,4,-1,-2
5410,4,-1,0
5410,4,-1,2
5410,4,0,2
5411,4,-1,-2
5411,4,-1,0
5411,4,-1,2
5411,4,1,2
5412,4,-1,-2
5412,4,-1,0
5412,4,-1,2
5412,4,2,2
5413,4,-1,-2
5413,4,-1,0
5413,4,0,2
5413,4,1,2
5414,4,-1,-2
5414,4,-1,0
5414,4,0,2
5414,4,2,2
5415,4,-1,-2
5415,4,-1,0
5415,4,1,2
5415,4,2,2
5416,4,-1,-2
5416,4,1,0
5416,4,2,0
5416,4,-2,1
5417,4,-1,-2
5417,4,1,0
5417,4,2,0
5417,4,-1,1
5418,4,-1,-2
5418,4,1,0
5418,4,2,0
5418,4,0,1
5419,4,-1,-2
5419,4,1,0
5419,4,2,0
5419,4,1,1
5420,4,-1,-2
5420,4,1,0
5420,4,2,0
5420,4,2,1
5421,4,-1,-2
5421,4,1,0
5421,4,2,0
5421,4,-2,2
5422,4,-1,-2
5422,4,1,0
5422,4,2,0
5422,4,-1,2
5423,4,-1,-2
5423,4,1,0
5423,4,2,0
5423,4,0,2
5424,4,-1,-2
5424,4,1,0
5424,4,2,0
5424,4,1,2
5425,4,-1,-2
5425,4,1,0
5425,4,2,0
5425,4,2,2
5426,4,-1,-2
5426,4,1,0
5426,4,-2,1
5426,4,-1,1
5427,4,-1,-2
5427,4,1,0
5427,4,-2,1
5427,4,0,1
5428,4,-1,-2
5428,4,1,0
5428,4,-2,1
5428,4,1,1
5429,4,-1,-2
5429,4,1,0
5429,4,-2,1
5429,4,2,1
5430,4,-1,-2
5430,4,1,0
5430,4,-2,1
5430,4,-2,2
5431,4,-1,-2
5431,4,1,0
5431,4,-2,1
5431,4,-1,2
5432,4,-1,-2
5432,4,1,0
5432,4,-2,1
5432,4,0,2
5433,4,-1,-2
5433,4,1,0
5433,4,-2,1
5433,4,1,2
5434,4,-1,-2
5434,4,1,0
5434,4,-2,1
5434,4,2,2
5435,4,-1,-2
5435,4,1,0
5435,4,-1,1
5435,4,0,1
5436,4,-1,-2
5436,4,1,0
5436,4,-1,1
5436,4,1,1
5437,4,-1,-2
5437,4,1,0
5437,4,-1,1
5437,4,2,1
5438,4,-1,-2
5438,4,1,0
5438,4,-1,1
5438,4,-2,2
5439,4,-1,-2
5439,4,1,0
5439,4,-1,1
5439,4,-1,2
5440,4,-1,-2
5440,4,1,0
5440,4,-1,1
5440,4,0,2
5441,4,-1,-2
5441,4,1,0
5441,4,-1,1
5441,4,1,2
5442,4,-1,-2
5442,4,1,0
5442,4,-1,1
5442,4,2,2
5443,4,-1,-2
5443,4,1,0
5443,4,0,1
5443,4,1,1
5444,4,-1,-2
5444,4,1,0
5444,4,0,1
5444,4,2,1
5445,4,-1,-2
5445,4,1,0
5445,4,0,1
5445,4,-2,2
5446,4,-1,-2
5446,4,1,0
5446,4,0,1
5446,4,-1,2
5447,4,-1,-2
5447,4,1,0
5447,4,0,1
5447,4,0,2
5448,4,-1,-2
5448,4,1,0
5448,4,0,1
5448,4,1,2
5449,4,-1,-2
5449,4,1,0
5449,4,0,1
5449,4,2,2
5450,4,-1,-2
5450,4,1,0
5450,4,1,1
5450,4,2,1
5451,4,-1,-2
5451,4,1,0
5451,4,1,1
5451,4,-2,2
5452,4,-1,-2
5452,4,1,0
5452,4,1,1
5452,4,-1,2
5453,4,-1,-2
5453,4,1,0
5453,4,1,1
5453,4,0,2
5454,4,-1,-2
5454,4,1,0
5454,4,1,1
5454,4,1,2
5455,4,-1,-2
5455,4,1,0
5455,4,1,1
5455,4,2,2
5456,4,-1,-2
5456,4,1,0
5456,4,2,1
5456,4,-2,2
5457,4,-1,-2
5457,4,1,0
5457,4,2,1
5457,4,-1,2
5458,4,-1,-2
5458,4,1,0
5458,4,2,1
5458,4,0,2
5459,4,-1,-2
5459,4,1,0
5459,4,2,1
5459,4,1,2
5460,4,-1,-2
5460,4,1,0
5460,4,2,1
5460,4,2,2
5461,4,-1,-2
5461,4,1,0
5461,4,-2,2
5461,4,-1,2
5462,4,-1,-2
5462,4,1,0
5462,4,-2,2
5462,4,0,2
5463,4,-1,-2
5463,4,1,0
5463,4,-2,2
5463,4,1,2
5464,4,-1,-2
5464,4,1,0
5464,4,-2,2
5464,4,2,2
5465,4,-1,-2
5465,4,1,0
5465,4,-1,2
5465,4,0,2
5466,4,-1,-2
5466,4,1,0
5466,4,-1,2
5466,4,1,2
5467,4,-1,-2
5467,4,1,0
5467,4,-1,2
5467,4,2,2
5468,4,-1,-2
5468,4,1,0
5468,4,0,2
5468,4,1,2
5469,4,-1,-2
5469,4,1,0
5469,4,0,2
5469,4,2,2
5470,4,-1,-2
5470,4,1,0
5470,4,1,2
5470,4,2,2
5471,4,-1,-2
5471,4,2,0
5471,4,-2,1
5471,4,-1,1
5472,4,-1,-2
5472,4,2,0
5472,4,-2,1
5472,4,0,1
5473,4,-1,-2
5473,4,2,0
5473,4,-2,1
5473,4,1,1
5474,4,-1,-2
5474,4,2,0
5474,4,-2,1
5474,4,2,1
5475,4,-1,-2
5475,4,2,0
5475,4,-2,1
5475,4,-2,2
5476,4,-1,-2
5476,4,2,0
5476,4,-2,1
5476,4,-1,2
5477,4,-1,-2
5477,4,2,0
5477,4,-2,1
5477,4,0,2
5478,4,-1,-2
5478,4,2,0
5478,4,-2,1
5478,4,1,2
5479,4,-1,-2
5479,4,2,0
5479,4,-2,1
5479,4,2,2
5480,4,-1,-2
5480,4,2,0
5480,4,-1,1
5480,4,0,1
5481,4,-1,-2
5481,4,2,0
5481,4,-1,1
5481,4,1,1
5482,4,-1,-2
5482,4,2,0
5482,4,-1,1
5482,4,2,1
5483,4,-1,-2
5483,4,2,0
5483,4,-1,1
5483,4,-2,2
5484,4,-1,-2
5484,4,2,0
5484,4,-1,1
5484,4,-1,2
5485,4,-1,-2
5485,4,2,0
5485,4,-1,1
5485,4,0,2
5486,4,-1,-2
5486,4,2,0
5486,4,-1,1
5486,4,1,2
5487,4,-1,-2
5487,4,2,0
5487,4,-1,1
5487,4,2,2
5488,4,-1,-2
5488,4,2,0
5488,4,0,1
5488,4,1,1
5489,4,-1,-2
5489,4,2,0
5489,4,0,1
5489,4,2,1
5490,4,-1,-2
5490,4,2,0
5490,4,0,1
5490,4,-2,2
5491,4,-1,-2
5491,4,2,0
5491,4,0,1
5491,4,-1,2
5492,4,-1,-2
5492,4,2,0
5492,4,0,1
5492,4,0,2
5493,4,-1,-2
5493,4,2,0
5493,4,0,1
5493,4,1,2
5494,4,-1,-2
5494,4,2,0
5494,4,0,1
5494,4,2,2
5495,4,-1,-2
5495,4,2,0
5495,4,1,1
5495,4,2,1
5496,4,-1,-2
5496,4,2,0
5496,4,1,1
5496,4,-2,2
5497,4,-1,-2
5497,4,2,0
5497,4,1,1
5497,4,-1,2
5498,4,-1,-2
5498,4,2,0
5498,4,1,1
5498,4,0,2
5499,4,-1,-2
5499,4,2,0
5499,4,1,1
5499,4,1,2
5500,4,-1,-2
5500,4,2,0
5500,4,1,1
5500,4,2,2
5501,4,-1,-2
5501,4,2,0
5501,4,2,1
5501,4,-2,2
5502,4,-1,-2
5502,4,2,0
5502,4,2,1
5502,4,-1,2
5503,4,-1,-2
5503,4,2,0
5503,4,2,1
5503,4,0,2
5504,4,-1,-2
5504,4,2,0
5504,4,2,1
5504,4,1,2
5505,4,-1,-2
5505,4,2,0
5505,4,2,1
5505,4,2,2
5506,4,-1,-2
5506,4,2,0
5506,4,-2,2
5506,4,-1,2
5507,4,-1,-2
5507,4,2,0
5507,4,-2,2
5507,4,0,2
5508,4,-1,-2
5508,4,2,0
5508,4,-2,2
5508,4,1,2
5509,4,-1,-2
5509,4,2,0
5509,4,-2,2
5509,4,2,2
5510,4,-1,-2
5510,4,2,0
5510,4,-1,2
5510,4,0,2
5511,4,-1,-2
5511,4,2,0
5511,4,-1,2
5511,4,1,2
5512,4,-1,-2
5512,4,2,0
5512,4,-1,2
5512,4,2,2
5513,4,-1,-2
5513,4,2,0
5513,4,0,2
5513,4,1,2
5514,4,-1,-2
5514,4,2,0
5514,4,0,2
5514,4,2,2
5515,4,-1,-2
5515,4,2,0
5515,4,1,2
5515,4,2,2
5516,4,-1,-2
5516,4,-2,1
5516,4,-1,1
5516,4,0,1
5517,4,-1,-2
5517,4,-2,1
5517,4,-1,1
5517,4,1,1
5518,4,-1,-2
5518,4,-2,1
5518,4,-1,1
5518,4,2,1
5519,4,-1,-2
5519,4,-2,1
5519,4,-1,1
5519,4,-2,2
5520,4,-1,-2
5520,4,-2,1
5520,4,-1,1
5520,4,-1,2
5521,4,-1,-2
5521,4,-2,1
5521,4,-1,1
5521,4,0,2
5522,4,-1,-2
5522,4,-2,1
5522,4,-1,1
5522,4,1,2
5523,4,-1,-2
5523,4,-2,1
5523,4,-1,1
5523,4,2,2
5524,4,-1,-2
5524,4,-2,1
5524,4,0,1
5524,4,1,1
5525,4,-1,-2
5525,4,-2,1
5525,4,0,1
5525,4,2,1
5526,4,-1,-2
5526,4,-2,1
5526,4,0,1
5526,4,-2,2
5527,4,-1,-2
5527,4,-2,1
5527,4,0,1
5527,4,-1,2
5528,4,-1,-2
5528,4,-2,1
5528,4,0,1
5528,4,0,2
5529,4,-1,-2
5529,4,-2,1
5529,4,0,1
5529,4,1,2
5530,4,-1,-2
5530,4,-2,1
5530,4,0,1
5530,4,2,2
5531,4,-1,-2
5531,4,-2,1
5531,4,1,1
5531,4,2,1
5532,4,-1,-2
5532,4,-2,1
5532,4,1,1
5532,4,-2,2
5533,4,-1,-2
5533,4,-2,1
5533,4,1,1
5533,4,-1,2
5534,4,-1,-2
5534,4,-2,1
5534,4,1,1
5534,4,0,2
5535,4,-1,-2
5535,4,-2,1
5535,4,1,1
5535,4,1,2
5536,4,-1,-2
5536,4,-2,1
5536,4,1,1
5536,4,2,2
5537,4,-1,-2
5537,4,-2,1
5537,4,2,1
5537,4,-2,2
5538,4,-1,-2
5538,4,-2,1
5538,4,2,1
5538,4,-1,2
5539,4,-1,-2
5539,4,-2,1
5539,4,2,1
5539,4,0,2
5540,4,-1,-2
5540,4,-2,1
5540,4,2,1
5540,4,1,2
5541,4,-1,-2
5541,4,-2,1
5541,4,2,1
5541,4,2,2
5542,4,-1,-2
5542,4,-2,1
5542,4,-2,2
5542,4,-1,2
5543,4,-1,-2
5543,4,-2,1
5543,4,-2,2
5543,4,0,2
5544,4,-1,-2
5544,4,-2,1
5544,4,-2,2
5544,4,1,2
5545,4,-1,-2
5545,4,-2,1
5545,4,-2,2
5545,4,2,2
5546,4,-1,-2
5546,4,-2,1
5546,4,-1,2
5546,4,0,2
5547,4,-1,-2
5547,4,-2,1
5547,4,-1,2
5547,4,1,2
5548,4,-1,-2
5548,4,-2,1
5548,4,-1,2
5548,4,2,2
5549,4,-1,-2
5549,4,-2,1
5549,4,0,2
5549,4,1,2
5550,4,-1,-2
5550,4,-2,1
5550,4,0,2
5550,4,2,2
5551,4,-1,-2
5551,4,-2,1
5551,4,1,2
5551,4,2,2
5552,4,-1,-2
5552,4,-1,1
5552,4,0,1
5552,4,1,1
5553,4,-1,-2
5553,4,-1,1
5553,4,0,1
5553,4,2,1
5554,4,-1,-2
5554,4,-1,1
5554,4,0,1
5554,4,-2,2
5555,4,-1,-2
5555,4,-1,1
5555,4,0,1
5555,4,-1,2
5556,4,-1,-2
5556,4,-1,1
5556,4,0,1
5556,4,0,2
5557,4,-1,-2
5557,4,-1,1
5557,4,0,1
5557,4,1,2
5558,4,-1,-2
5558,4,-1,1
5558,4,0,1
5558,4,2,2
5559,4,-1,-2
5559,4,-1,1
5559,4,1,1
5559,4,2,1
5560,4,-1,-2
5560,4,-1,1
5560,4,1,1
5560,4,-2,2
5561,4,-1,-2
5561,4,-1,1
5561,4,1,1
5561,4,-1,2
5562,4,-1,-2
5562,4,-1,1
5562,4,1,1
5562,4,0,2
5563,4,-1,-2
5563,4,-1,1
5563,4,1,1
5563,4,1,2
5564,4,-1,-2
5564,4,-1,1
5564,4,1,1
5564,4,2,2
5565,4,-1,-2
5565,4,-1,1
5565,4,2,1
5565,4,-2,2
5566,4,-1,-2
5566,4,-1,1
5566,4,2,1
5566,4,-1,2
5567,4,-1,-2
5567,4,-1,1
5567,4,2,1
5567,4,0,2
5568,4,-1,-2
5568,4,-1,1
5568,4,2,1
5568,4,1,2
5569,4,-1,-2
5569,4,-1,1
5569,4,2,1
5569,4,2,2
5570,4,-1,-2
5570,4,-1,1
5570,4,-2,2
5570,4,-1,2
5571,4,-1,-2
5571,4,-1,1
5571,4,-2,2
5571,4,0,2
5572,4,-1,-2
5572,4,-1,1
5572,4,-2,2
5572,4,1,2
5573,4,-1,-2
5573,4,-1,1
5573,4,-2,2
5573,4,2,2
5574,4,-1,-2
5574,4,-1,1
5574,4,-1,2
5574,4,0,2
5575,4,-1,-2
5575,4,-1,1
5575,4,-1,2
5575,4,1,2
5576,4,-1,-2
5576,4,-1,1
5576,4,-1,2
5576,4,2,2
5577,4,-1,-2
5577,4,-1,1
5577,4,0,2
5577,4,1,2
5578,4,-1,-2
5578,4,-1,1
5578,4,0,2
5578,4,2,2
5579,4,-1,-2
5579,4,-1,1
5579,4,1,2
5579,4,2,2
5580,4,-1,-2
5580,4,0,1
5580,4,1,1
5580,4,2,1
5581,4,-1,-2
5581,4,0,1
5581,4,1,1
5581,4,-2,2
5582,4,-1,-2
5582,4,0,1
5582,4,1,1
5582,4,-1,2
5583,4,-1,-2
5583,4,0,1
5583,4,1,1
5583,4,0,2
5584,4,-1,-2
5584,4,0,1
5584,4,1,1
5584,4,1,2
5585,4,-1,-2
5585,4,0,1
5585,4,1,1
5585,4,2,2
5586,4,-1,-2
5586,4,0,1
5586,4,2,1
5586,4,-2,2
5587,4,-1,-2
5587,4,0,1
5587,4,2,1
5587,4,-1,2
5588,4,-1,-2
5588,4,0,1
5588,4,2,1
5588,4,0,2
5589,4,-1,-2
5589,4,0,1
5589,4,2,1
5589,4,1,2
5590,4,-1,-2
5590,4,0,1
5590,4,2,1
5590,4,2,2
5591,4,-1,-2
5591,4,0,1
5591,4,-2,2
5591,4,-1,2
5592,4,-1,-2
5592,4,0,1
5592,4,-2,2
5592,4,0,2
5593,4,-1,-2
5593,4,0,1
5593,4,-2,2
5593,4,1,2
5594,4,-1,-2
5594,4,0,1
5594,4,-2,2
5594,4,2,2
5595,4,-1,-2
5595,4,0,1
5595,4,-1,2
5595,4,0,2
5596,4,-1,-2
5596,4,0,1
5596,4,-1,2
5596,4,1,2
5597,4,-1,-2
5597,4,0,1
5597,4,-1,2
5597,4,2,2
5598,4,-1,-2
5598,4,0,1
5598,4,0,2
5598,4,1,2
5599,4,-1,-2
5599,4,0,1
5599,4,0,2
5599,4,2,2
5600,4,-1,-2
5600,4,0,1
5600,4,1,2
5600,4,2,2
5601,4,-1,-2
5601,4,1,1
5601,4,2,1
5601,4,-2,2
5602,4,-1,-2
5602,4,1,1
5602,4,2,1
5602,4,-1,2
5603,4,-1,-2
5603,4,1,1
5603,4,2,1
5603,4,0,2
5604,4,-1,-2
5604,4,1,1
5604,4,2,1
5604,4,1,2
5605,4,-1,-2
5605,4,1,1
5605,4,2,1
5605,4,2,2
5606,4,-1,-2
5606,4,1,1
5606,4,-2,2
5606,4,-1,2
5607,4,-1,-2
5607,4,1,1
5607,4,-2,2
5607,4,0,2
5608,4,-1,-2
5608,4,1,1
5608,4,-2,2
5608,4,1,2
5609,4,-1,-2
5609,4,1,1
5609,4,-2,2
5609,4,2,2
5610,4,-1,-2
5610,4,1,1
5610,4,-1,2
5610,4,0,2
5611,4,-1,-2
5611,4,1,1
5611,4,-1,2
5611,4,1,2
5612,4,-1,-2
5612,4,1,1
5612,4,-1,2
5612,4,2,2
5613,4,-1,-2
5613,4,1,1
5613,4,0,2
5613,4,1,2
5614,4,-1,-2
5614,4,1,1
5614,4,0,2
5614,4,2,2
5615,4,-1,-2
5615,4,1,1
5615,4,1,2
5615,4,2,2
5616,4,-1,-2
5616,4,2,1
5616,4,-2,2
5616,4,-1,2
5617,4,-1,-2
5617,4,2,1
5617,4,-2,2
5617,4,0,2
5618,4,-1,-2
5618,4,2,1
5618,4,-2,2
5618,4,1,2
5619,4,-1,-2
5619,4,2,1
5619,4,-2,2
5619,4,2,2
5620,4,-1,-2
5620,4,2,1
5620,4,-1,2
5620,4,0,2
5621,4,-1,-2
5621,4,2,1
5621,4,-1,2
5621,4,1,2
5622,4,-1,-2
5622,4,2,1
5622,4,-1,2
5622,4,2,2
5623,4,-1,-2
5623,4,2,1
5623,4,0,2
5623,4,1,2
5624,4,-1,-2
5624,4,2,1
5624,4,0,2
5624,4,2,2
5625,4,-1,-2
5625,4,2,1
5625,4,1,2
5625,4,2,2
5626,4,-1,-2
5626,4,-2,2
5626,4,-1,2
5626,4,0,2
5627,4,-1,-2
5627,4,-2,2
5627,4,-1,2
5627,4,1,2
5628,4,-1,-2
5628,4,-2,2
5628,4,-1,2
5628,4,2,2
5629,4,-1,-2
5629,4,-2,2
5629,4,0,2
5629,4,1,2
5630,4,-1,-2
5630,4,-2,2
5630,4,0,2
5630,4,2,2
5631,4,-1,-2
5631,4,-2,2
5631,4,1,2
5631,4,2,2
5632,4,-1,-2
5632,4,-1,2
5632,4,0,2
5632,4,1,2
5633,4,-1,-2
5633,4,-1,2
5633,4,0,2
5633,4,2,2
5634,4,-1,-2
5634,4,-1,2
5634,4,1,2
5634,4,2,2
5635,4,-1,-2
5635,4,0,2
5635,4,1,2
5635,4,2,2
5636,4,0,-2
5636,4,1,-2
5636,4,2,-2
5636,4,-2,-1
5637,4,0,-2
5637,4,1,-2
5637,4,2,-2
5637,4,-1,-1
5638,4,0,-2
5638,4,1,-2
5638,4,2,-2
5638,4,0,-1
5639,4,0,-2
5639,4,1,-2
5639,4,2,-2
5639,4,1,-1
5640,4,0,-2
5640,4,1,-2
5640,4,2,-2
5640,4,2,-1
5641,4,0,-2
5641,4,1,-2
5641,4,2,-2
5641,4,-2,0
5642,4,0,-2
5642,4,1,-2
5642,4,2,-2
5642,4,-1,0
5643,4,0,-2
5643,4,1,-2
5643,4,2,-2
5643,4,1,0
5644,4,0,-2
5644,4,1,-2
5644,4,2,-2
5644,4,2,0
5645,4,0,-2
5645,4,1,-2
5645,4,2,-2
5645,4,-2,1
5646,4,0,-2
5646,4,1,-2
5646,4,2,-2
5646,4,-1,1
5647,4,0,-2
5647,4,1,-2
5647,4,2,-2
5647,4,0,1
5648,4,0,-2
5648,4,1,-2
5648,4,2,-2
5648,4,1,1
5649,4,0,-2
5649,4,1,-2
5649,4,2,-2
5649,4,2,1
5650,4,0,-2
5650,4,1,-2
5650,4,2,-2
5650,4,-2,2
5651,4,0,-2
5651,4,1,-2
5651,4,2,-2
5651,4,-1,2
5652,4,0,-2
5652,4,1,-2
5652,4,2,-2
5652,4,0,2
5653,4,0,-2
5653,4,1,-2
5653,4,2,-2
5653,4,1,2
5654,4,0,-2
5654,4,1,-2
5654,4,2,-2
5654,4,2,2
5655,4,0,-2
5655,4,1,-2
5655,4,-2,-1
5655,4,-1,-1
5656,4,0,-2
5656,4,1,-2
5656,4,-2,-1
5656,4,0,-1
5657,4,0,-2
5657,4,1,-2
5657,4,-2,-1
5657,4,1,-1
5658,4,0,-2
5658,4,1,-2
5658,4,-2,-1
5658,4,2,-1
5659,4,0,-2
5659,4,1,-2
5659,4,-2,-1
5659,4,-2,0
5660,4,0,-2
5660,4,1,-2
5660,4,-2,-1
5660,4,-1,0
5661,4,0,-2
5661,4,1,-2
5661,4,-2,-1
5661,4,1,0
5662,4,0,-2
5662,4,1,-2
5662,4,-2,-1
5662,4,2,0
5663,4,0,-2
5663,4,1,-2
5663,4,-2,-1
5663,4,-2,1
5664,4,0,-2
5664,4,1,-2
5664,4,-2,-1
5664,4,-1,1
5665,4,0,-2
5665,4,1,-2
5665,4,-2,-1
5665,4,0,1
5666,4,0,-2
5666,4,1,-2
5666,4,-2,-1
5666,4,1,1
5667,4,0,-2
5667,4,1,-2
5667,4,-2,-1
5667,4,2,1
5668,4,0,-2
5668,4,1,-2
5668,4,-2,-1
5668,4,-2,2
5669,4,0,-2
5669,4,1,-2
5669,4,-2,-1
5669,4,-1,2
5670,4,0,-2
5670,4,1,-2
5670,4,-2,-1
5670,4,0,2
5671,4,0,-2
5671,4,1,-2
5671,4,-2,-1
5671,4,1,2
5672,4,0,-2
5672,4,1,-2
5672,4,-2,-1
5672,4,2,2
5673,4,0,-2
5673,4,1,-2
5673,4,-1,-1
5673,4,0,-1
5674,4,0,-2
5674,4,1,-2
5674,4,-1,-1
5674,4,1,-1
5675,4,0,-2
5675,4,1,-2
5675,4,-1,-1
5675,4,2,-1
5676,4,0,-2
5676,4,1,-2
5676,4,-1,-1
5676,4,-2,0
5677,4,0,-2
5677,4,1,-2
5677,4,-1,-1
5677,4,-1,0
5678,4,0,-2
5678,4,1,-2
5678,4,-1,-1
5678,4,1,0
5679,4,0,-2
5679,4,1,-2
5679,4,-1,-1
5679,4,2,0
5680,4,0,-2
5680,4,1,-2
5680,4,-1,-1
5680,4,-2,1
5681,4,0,-2
5681,4,1,-2
5681,4,-1,-1
5681,4,-1,1
5682,4,0,-2
5682,4,1,-2
5682,4,-1,-1
5682,4,0,1
5683,4,0,-2
5683,4,1,-2
5683,4,-1,-1
5683,4,1,1
5684,4,0,-2
5684,4,1,-2
5684,4,-1,-1
5684,4,2,1
5685,4,0,-2
5685,4,1,-2
5685,4,-1,-1
5685,4,-2,2
5686,4,0,-2
5686,4,1,-2
5686,4,-1,-1
5686,4,-1,2
5687,4,0,-2
5687,4,1,-2
5687,4,-1,-1
5687,4,0,2
5688,4,0,-2
5688,4,1,-2
5688,4,-1,-1
5688,4,1,2
5689,4,0,-2
5689,4,1,-2
5689,4,-1,-1
5689,4,2,2
5690,4,0,-2
5690,4,1,-2
5690,4,0,-1
5690,4,1,-1
5691,4,0,-2
5691,4,1,-2
5691,4,0,-1
5691,4,2,-1
5692,4,0,-2
5692,4,1,-2
5692,4,0,-1
5692,4,-2,0
5693,4,0,-2
5693,4,1,-2
5693,4,0,-1
5693,4,-1,0
5694,4,0,-2
5694,4,1,-2
5694,4,0,-1
5694,4,1,0
5695,4,0,-2
5695,4,1,-2
5695,4,0,-1
5695,4,2,0
5696,4,0,-2
5696,4,1,-2
5696,4,0,-1
5696,4,-2,1
5697,4,0,-2
5697,4,1,-2
5697,4,0,-1
5697,4,-1,1
5698,4,0,-2
5698,4,1,-2
5698,4,0,-1
5698,4,0,1
5699,4,0,-2
5699,4,1,-2
5699,4,0,-1
5699,4,1,1
5700,4,0,-2
5700,4,1,-2
5700,4,0,-1
5700,4,2,1
5701,4,0,-2
5701,4,1,-2
5701,4,0,-1
5701,4,-2,2
5702,4,0,-2
5702,4,1,-2
5702,4,0,-1
5702,4,-1,2
5703,4,0,-2
5703,4,1,-2
5703,4,0,-1
5703,4,0,2
5704,4,0,-2
5704,4,1,-2
5704,4,0,-1
5704,4,1,2
5705,4,0,-2
5705,4,1,-2
5705,4,0,-1
5705,4,2,2
5706,4,0,-2
5706,4,1,-2
5706,4,1,-1
5706,4,2,-1
5707,4,0,-2
5707,4,1,-2
5707,4,1,-1
5707,4,-2,0
5708,4,0,-2
5708,4,1,-2
5708,4,1,-1
5708,4,-1,0
5709,4,0,-2
5709,4,1,-2
5709,4,1,-1
5709,4,1,0
5710,4,0,-2
5710,4,1,-2
5710,4,1,-1
5710,4,2,0
5711,4,0,-2
5711,4,1,-2
5711,4,1,-1
5711,4,-2,1
5712,4,0,-2
5712,4,1,-2
5712,4,1,-1
5712,4,-1,1
5713,4,0,-2
5713,4,1,-2
5713,4,1,-1
5713,4,0,1
5714,4,0,-2
5714,4,1,-2
5714,4,1,-1
5714,4,1,1
5715,4,0,-2
5715,4,1,-2
5715,4,1,-1
5715,4,2,1
5716,4,0,-2
5716,4,1,-2
5716,4,1,-1
5716,4,-2,2
5717,4,0,-2
5717,4,1,-2
5717,4,1,-1
5717,4,-1,2
5718,4,0,-2
5718,4,1,-2
5718,4,1,-1
5718,4,0,2
5719,4,0,-2
5719,4,1,-2
5719,4,1,-1
5719,4,1,2
5720,4,0,-2
5720,4,1,-2
5720,4,1,-1
5720,4,2,2
5721,4,0,-2
5721,4,1,-2
5721,4,2,-1
5721,4,-2,0
5722,4,0,-2
5722,4,1,-2
5722,4,2,-1
5722,4,-1,0
5723,4,0,-2
5723,4,1,-2
5723,4,2,-1
5723,4,1,0
5724,4,0,-2
5724,4,1,-2
5724,4,2,-1
5724,4,2,0
5725,4,0,-2
5725,4,1,-2
5725,4,2,-1
5725,4,-2,1
5726,4,0,-2
5726,4,1,-2
5726,4,2,-1
5726,4,-1,1
5727,4,0,-2
5727,4,1,-2
5727,4,2,-1
5727,4,0,1
5728,4,0,-2
5728,4,1,-2
5728,4,2,-1
5728,4,1,1
5729,4,0,-2
5729,4,1,-2
5729,4,2,-1
5729,4,2,1
5730,4,0,-2
5730,4,1,-2
5730,4,2,-1
5730,4,-2,2
5731,4,0,-2
5731,4,1,-2
5731,4,2,-1
5731,4,-1,2
5732,4,0,-2
5732,4,1,-2
5732,4,2,-1
5732,4,0,2
5733,4,0,-2
5733,4,1,-2
5733,4,2,-1
5733,4,1,2
5734,4,0,-2
5734,4,1,-2
5734,4,2,-1
5734,4,2,2
5735,4,0,-2
5735,4,1,-2
5735,4,-2,0
5735,4,-1,0
5736,4,0,-2
5736,4,1,-2
5736,4,-2,0
5736,4,1,0
5737,4,0,-2
5737,4,1,-2
5737,4,-2,0
5737,4,2,0
5738,4,0,-2
5738,4,1,-2
5738,4,-2,0
5738,4,-2,1
5739,4,0,-2
5739,4,1,-2
5739,4,-2,0
5739,4,-1,1
5740,4,0,-2
5740,4,1,-2
5740,4,-2,0
5740,4,0,1
5741,4,0,-2
5741,4,1,-2
5741,4,-2,0
5741,4,1,1
5742,4,0,-2
5742,4,1,-2
5742,4,-2,0
5742,4,2,1
5743,4,0,-2
5743,4,1,-2
5743,4,-2,0
5743,4,-2,2
5744,4,0,-2
5744,4,1,-2
5744,4,-2,0
5744,4,-1,2
5745,4,0,-2
5745,4,1,-2
5745,4,-2,0
5745,4,0,2
5746,4,0,-2
5746,4,1,-2
5746,4,-2,0
5746,4,1,2
5747,4,0,-2
5747,4,1,-2
5747,4,-2,0
5747,4,2,2
5748,4,0,-2
5748,4,1,-2
5748,4,-1,0
5748,4,1,0
5749,4,0,-2
5749,4,1,-2
5749,4,-1,0
5749,4,2,0
5750,4,0,-2
5750,4,1,-2
5750,4,-1,0
5750,4,-2,1
5751,4,0,-2
5751,4,1,-2
5751,4,-1,0
5751,4,-1,1
5752,4,0,-2
5752,4,1,-2
5752,4,-1,0
5752,4,0,1
5753,4,0,-2
5753,4,1,-2
5753,4,-1,0
5753,4,1,1
5754,4,0,-2
5754,4,1,-2
5754,4,-1,0
5754,4,2,1
5755,4,0,-2
5755,4,1,-2
5755,4,-1,0
5755,4,-2,2
5756,4,0,-2
5756,4,1,-2
5756,4,-1,0
5756,4,-1,2
5757,4,0,-2
5757,4,1,-2
5757,4,-1,0
5757,4,0,2
5758,4,0,-2
5758,4,1,-2
5758,4,-1,0
5758,4,1,2
5759,4,0,-2
5759,4,1,-2
5759,4,-1,0
5759,4,2,2
5760,4,0,-2
5760,4,1,-2
5760,4,1,0
5760,4,2,0
5761,4,0,-2
5761,4,1,-2
5761,4,1,0
5761,4,-2,1
5762,4,0,-2
5762,4,1,-2
5762,4,1,0
5762,4,-1,1
5763,4,0,-2
5763,4,1,-2
5763,4,1,0
5763,4,0,1
5764,4,0,-2
5764,4,1,-2
5764,4,1,0
5764,4,1,1
5765,4,0,-2
5765,4,1,-2
5765,4,1,0
5765,4,2,1
5766,4,0,-2
5766,4,1,-2
5766,4,1,0
5766,4,-2,2
5767,4,0,-2
5767,4,1,-2
5767,4,1,0
5767,4,-1,2
5768,4,0,-2
5768,4,1,-2
5768,4,1,0
5768,4,0,2
5769,4,0,-2
5769,4,1,-2
5769,4,1,0
5769,4,1,2
5770,4,0,-2
5770,4,1,-2
5770,4,1,0
5770,4,2,2
5771,4,0,-2
5771,4,1,-2
5771,4,2,0
5771,4,-2,1
5772,4,0,-2
5772,4,1,-2
5772,4,2,0
5772,4,-1,1
5773,4,0,-2
5773,4,1,-2
5773,4,2,0
5773,4,0,1
5774,4,0,-2
5774,4,1,-2
5774,4,2,0
5774,4,1,1
5775,4,0,-2
5775,4,1,-2
5775,4,2,0
5775,4,2,1
5776,4,0,-2
5776,4,1,-2
5776,4,2,0
5776,4,-2,2
5777,4,0,-2
5777,4,1,-2
5777,4,2,0
5777,4,-1,2
5778,4,0,-2
5778,4,1,-2
5778,4,2,0
5778,4,0,2
5779,4,0,-2
5779,4,1,-2
5779,4,2,0
5779,4,1,2
5780,4,0,-2
5780,4,1,-2
5780,4,2,0
5780,4,2,2
5781,4,0,-2
5781,4,1,-2
5781,4,-2,1
5781,4,-1,1
5782,4,0,-2
5782,4,1,-2
5782,4,-2,1
5782,4,0,1
5783,4,0,-2
5783,4,1,-2
5783,4,-2,1
5783,4,1,1
5784,4,0,-2
5784,4,1,-2
5784,4,-2,1
5784,4,2,1
5785,4,0,-2
5785,4,1,-2
5785,4,-2,1
5785,4,-2,2
5786,4,0,-2
5786,4,1,-2
5786,4,-2,1
5786,4,-1,2
5787,4,0,-2
5787,4,1,-2
5787,4,-2,1
5787,4,0,2
5788,4,0,-2
5788,4,1,-2
5788,4,-2,1
5788,4,1,2
5789,4,0,-2
5789,4,1,-2
5789,4,-2,1
5789,4,2,2
5790,4,0,-2
5790,4,1,-2
5790,4,-1,1
5790,4,0,1
5791,4,0,-2
5791,4,1,-2
5791,4,-1,1
5791,4,1,1
5792,4,0,-2
5792,4,1,-2
5792,4,-1,1
5792,4,2,1
5793,4,0,-2
5793,4,1,-2
5793,4,-1,1
5793,4,-2,2
5794,4,0,-2
5794,4,1,-2
5794,4,-1,1
5794,4,-1,2
5795,4,0,-2
5795,4,1,-2
5795,4,-1,1
5795,4,0,2
5796,4,0,-2
5796,4,1,-2
5796,4,-1,1
5796,4,1,2
5797,4,0,-2
5797,4,1,-2
5797,4,-1,1
5797,4,2,2
5798,4,0,-2
5798,4,1,-2
5798,4,0,1
5798,4,1,1
5799,4,0,-2
5799,4,1,-2
5799,4,0,1
5799,4,2,1
5800,4,0,-2
5800,4,1,-2
5800,4,0,1
5800,4,-2,2
5801,4,0,-2
5801,4,1,-2
5801,4,0,1
5801,4,-1,2
5802,4,0,-2
5802,4,1,-2
5802,4,0,1
5802,4,0,2
5803,4,0,-2
5803,4,1,-2
5803,4,0,1
5803,4,1,2
5804,4,0,-2
5804,4,1,-2
5804,4,0,1
5804,4,2,2
5805,4,0,-2
5805,4,1,-2
5805,4,1,1
5805,4,2,1
5806,4,0,-2
5806,4,1,-2
5806,4,1,1
5806,4,-2,2
5807,4,0,-2
5807,4,1,-2
5807,4,1,1
5807,4,-1,2
5808,4,0,-2
5808,4,1,-2
5808,4,1,1
5808,4,0,2
5809,4,0,-2
5809,4,1,-2
5809,4,1,1
5809,4,1,2
5810,4,0,-2
5810,4,1,-2
5810,4,1,1
5810,4,2,2
5811,4,0,-2
5811,4,1,-2
5811,4,2,1
5811,4,-2,2
5812,4,0,-2
5812,4,1,-2
5812,4,2,1
5812,4,-1,2
5813,4,0,-2
5813,4,1,-2
5813,4,2,1
5813,4,0,2
5814,4,0,-2
5814,4,1,-2
5814,4,2,1
5814,4,1,2
5815,4,0,-2
5815,4,1,-2
5815,4,2,1
5815,4,2,2
5816,4,0,-2
5816,4,1,-2
5816,4,-2,2
5816,4,-1,2
5817,4,0,-2
5817,4,1,-2
5817,4,-2,2
5817,4,0,2
5818,4,0,-2
5818,4,1,-2
5818,4,-2,2
5818,4,1,2
5819,4,0,-2
5819,4,1,-2
5819,4,-2,2
5819,4,2,2
5820,4,0,-2
5820,4,1,-2
5820,4,-1,2
5820,4,0,2
5821,4,0,-2
5821,4,1,-2
5821,4,-1,2
5821,4,1,2
5822,4,0,-2
5822,4,1,-2
5822,4,-1,2
5822,4,2,2
5823,4,0,-2
5823,4,1,-2
5823,4,0,2
5823,4,1,2
5824,4,0,-2
5824,4,1,-2
5824,4,0,2
5824,4,2,2
5825,4,0,-2
5825,4,1,-2
5825,4,1,2
5825,4,2,2
5826,4,0,-2
5826,4,2,-2
5826,4,-2,-1
5826,4,-1,-1
5827,4,0,-2
5827,4,2,-2
5827,4,-2,-1
5827,4,0,-1
5828,4,0,-2
5828,4,2,-2
5828,4,-2,-1
5828,4,1,-1
5829,4,0,-2
5829,4,2,-2
5829,4,-2,-1
5829,4,2,-1
5830,4,0,-2
5830,4,2,-2
5830,4,-2,-1
5830,4,-2,0
5831,4,0,-2
5831,4,2,-2
5831,4,-2,-1
5831,4,-1,0
5832,4,0,-2
5832,4,2,-2
5832,4,-2,-1
5832,4,1,0
5833,4,0,-2
5833,4,2,-2
5833,4,-2,-1
5833,4,2,0
5834,4,0,-2
5834,4,2,-2
5834,4,-2,-1
5834,4,-2,1
5835,4,0,-2
5835,4,2,-2
5835,4,-2,-1
5835,4,-1,1
5836,4,0,-2
5836,4,2,-2
5836,4,-2,-1
5836,4,0,1
5837,4,0,-2
5837,4,2,-2
5837,4,-2,-1
5837,4,1,1
5838,4,0,-2
5838,4,2,-2
5838,4,-2,-1
5838,4,2,1
5839,4,0,-2
5839,4,2,-2
5839,4,-2,-1
5839,4,-2,2
5840,4,0,-2
5840,4,2,-2
5840,4,-2,-1
5840,4,-1,2
5841,4,0,-2
5841,4,2,-2
5841,4,-2,-1
5841,4,0,2
5842,4,0,-2
5842,4,2,-2
5842,4,-2,-1
5842,4,1,2
5843,4,0,-2
5843,4,2,-2
5843,4,-2,-1
5843,4,2,2
5844,4,0,-2
5844,4,2,-2
5844,4,-1,-1
5844,4,0,-1
5845,4,0,-2
5845,4,2,-2
5845,4,-1,-1
5845,4,1,-1
5846,4,0,-2
5846,4,2,-2
5846,4,-1,-1
5846,4,2,-1
5847,4,0,-2
5847,4,2,-2
5847,4,-1,-1
5847,4,-2,0
5848,4,0,-2
5848,4,2,-2
5848,4,-1,-1
5848,4,-1,0
5849,4,0,-2
5849,4,2,-2
5849,4,-1,-1
5849,4,1,0
5850,4,0,-2
5850,4,2,-2
5850,4,-1,-1
5850,4,2,0
5851,4,0,-2
5851,4,2,-2
5851,4,-1,-1
5851,4,-2,1
5852,4,0,-2
5852,4,2,-2
5852,4,-1,-1
5852,4,-1,1
5853,4,0,-2
5853,4,2,-2
5853,4,-1,-1
5853,4,0,1
5854,4,0,-2
5854,4,2,-2
5854,4,-1,-1
5854,4,1,1
5855,4,0,-2
5855,4,2,-2
5855,4,-1,-1
5855,4,2,1
5856,4,0,-2
5856,4,2,-2
5856,4,-1,-1
5856,4,-2,2
5857,4,0,-2
5857,4,2,-2
5857,4,-1,-1
5857,4,-1,2
5858,4,0,-2
5858,4,2,-2
5858,4,-1,-1
5858,4,0,2
5859,4,0,-2
5859,4,2,-2
5859,4,-1,-1
5859,4,1,2
5860,4,0,-2
5860,4,2,-2
5860,4,-1,-1
5860,4,2,2
5861,4,0,-2
5861,4,2,-2
5861,4,0,-1
5861,4,1,-1
5862,4,0,-2
5862,4,2,-2
5862,4,0,-1
5862,4,2,-1
5863,4,0,-2
5863,4,2,-2
5863,4,0,-1
5863,4,-2,0
5864,4,0,-2
5864,4,2,-2
5864,4,0,-1
5864,4,-1,0
5865,4,0,-2
5865,4,2,-2
5865,4,0,-1
5865,4,1,0
5866,4,0,-2
5866,4,2,-2
5866,4,0,-1
5866,4,2,0
5867,4,0,-2
5867,4,2,-2
5867,4,0,-1
5867,4,-2,1
5868,4,0,-2
5868,4,2,-2
5868,4,0,-1
5868,4,-1,1
5869,4,0,-2
5869,4,2,-2
5869,4,0,-1
5869,4,0,1
5870,4,0,-2
5870,4,2,-2
5870,4,0,-1
5870,4,1,1
5871,4,0,-2
5871,4,2,-2
5871,4,0,-1
5871,4,2,1
5872,4,0,-2
5872,4,2,-2
5872,4,0,-1
5872,4,-2,2
5873,4,0,-2
5873,4,2,-2
5873,4,0,-1
5873,4,-1,2
5874,4,0,-2
5874,4,2,-2
5874,4,0,-1
5874,4,0,2
5875,4,0,-2
5875,4,2,-2
5875,4,0,-1
5875,4,1,2
5876,4,0,-2
5876,4,2,-2
5876,4,0,-1
5876,4,2,2
5877,4,0,-2
5877,4,2,-2
5877,4,1,-1
5877,4,2,-1
5878,4,0,-2
5878,4,2,-2
5878,4,1,-1
5878,4,-2,0
5879,4,0,-2
5879,4,2,-2
5879,4,1,-1
5879,4,-1,0
5880,4,0,-2
5880,4,2,-2
5880,4,1,-1
5880,4,1,0
5881,4,0,-2
5881,4,2,-2
5881,4,1,-1
5881,4,2,0
5882,4,0,-2
5882,4,2,-2
5882,4,1,-1
5882,4,-2,1
5883,4,0,-2
5883,4,2,-2
5883,4,1,-1
5883,4,-1,1
5884,4,0,-2
5884,4,2,-2
5884,4,1,-1
5884,4,0,1
5885,4,0,-2
5885,4,2,-2
5885,4,1,-1
5885,4,1,1
5886,4,0,-2
5886,4,2,-2
5886,4,1,-1
5886,4,2,1
5887,4,0,-2
5887,4,2,-2
5887,4,1,-1
5887,4,-2,2
5888,4,0,-2
5888,4,2,-2
5888,4,1,-1
5888,4,-1,2
5889,4,0,-2
5889,4,2,-2
5889,4,1,-1
5889,4,0,2
5890,4,0,-2
5890,4,2,-2
5890,4,1,-1
5890,4,1,2
5891,4,0,-2
5891,4,2,-2
5891,4,1,-1
5891,4,2,2
5892,4,0,-2
5892,4,2,-2
5892,4,2,-1
5892,4,-2,0
5893,4,0,-2
5893,4,2,-2
5893,4,2,-1
5893,4,-1,0
5894,4,0,-2
5894,4,2,-2
5894,4,2,-1
5894,4,1,0
5895,4,0,-2
5895,4,2,-2
5895,4,2,-1
5895,4,2,0
5896,4,0,-2
5896,4,2,-2
5896,4,2,-1
5896,4,-2,1
5897,4,0,-2
5897,4,2,-2
5897,4,2,-1
5897,4,-1,1
5898,4,0,-2
5898,4,2,-2
5898,4,2,-1
5898,4,0,1
5899,4,0,-2
5899,4,2,-2
5899,4,2,-1
5899,4,1,1
5900,4,0,-2
5900,4,2,-2
5900,4,2,-1
5900,4,2,1
5901,4,0,-2
5901,4,2,-2
5901,4,2,-1
5901,4,-2,2
5902,4,0,-2
5902,4,2,-2
5902,4,2,-1
5902,4,-1,2
5903,4,0,-2
5903,4,2,-2
5903,4,2,-1
5903,4,0,2
5904,4,0,-2
5904,4,2,-2
5904,4,2,-1
5904,4,1,2
5905,4,0,-2
5905,4,2,-2
5905,4,2,-1
5905,4,2,2
5906,4,0,-2
5906,4,2,-2
5906,4,-2,0
5906,4,-1,0
5907,4,0,-2
5907,4,2,-2
5907,4,-2,0
5907,4,1,0
5908,4,0,-2
5908,4,2,-2
5908,4,-2,0
5908,4,2,0
5909,4,0,-2
5909,4,2,-2
5909,4,-2,0
5909,4,-2,1
5910,4,0,-2
5910,4,2,-2
5910,4,-2,0
5910,4,-1,1
5911,4,0,-2
5911,4,2,-2
5911,4,-2,0
5911,4,0,1
5912,4,0,-2
5912,4,2,-2
5912,4,-2,0
5912,4,1,1
5913,4,0,-2
5913,4,2,-2
5913,4,-2,0
5913,4,2,1
5914,4,0,-2
5914,4,2,-2
5914,4,-2,0
5914,4,-2,2
5915,4,0,-2
5915,4,2,-2
5915,4,-2,0
5915,4,-1,2
5916,4,0,-2
5916,4,2,-2
5916,4,-2,0
5916,4,0,2
5917,4,0,-2
5917,4,2,-2
5917,4,-2,0
5917,4,1,2
5918,4,0,-2
5918,4,2,-2
5918,4,-2,0
5918,4,2,2
5919,4,0,-2
5919,4,2,-2
5919,4,-1,0
5919,4,1,0
5920,4,0,-2
5920,4,2,-2
5920,4,-1,0
5920,4,2,0
5921,4,0,-2
5921,4,2,-2
5921,4,-1,0
5921,4,-2,1
5922,4,0,-2
5922,4,2,-2
5922,4,-1,0
5922,4,-1,1
5923,4,0,-2
5923,4,2,-2
5923,4,-1,0
5923,4,0,1
5924,4,0,-2
5924,4,2,-2
5924,4,-1,0
5924,4,1,1
5925,4,0,-2
5925,4,2,-2
5925,4,-1,0
5925,4,2,1
5926,4,0,-2
5926,4,2,-2
5926,4,-1,0
5926,4,-2,2
5927,4,0,-2
5927,4,2,-2
5927,4,-1,0
5927,4,-1,2
5928,4,0,-2
5928,4,2,-2
5928,4,-1,0
5928,4,0,2
5929,4,0,-2
5929,4,2,-2
5929,4,-1,0
5929,4,1,2
5930,4,0,-2
5930,4,2,-2
5930,4,-1,0
5930,4,2,2
5931,4,0,-2
5931,4,2,-2
5931,4,1,0
5931,4,2,0
5932,4,0,-2
5932,4,2,-2
5932,4,1,0
5932,4,-2,1
5933,4,0,-2
5933,4,2,-2
5933,4,1,0
5933,4,-1,1
5934,4,0,-2
5934,4,2,-2
5934,4,1,0
5934,4,0,1
5935,4,0,-2
5935,4,2,-2
5935,4,1,0
5935,4,1,1
5936,4,0,-2
5936,4,2,-2
5936,4,1,0
5936,4,2,1
5937,4,0,-2
5937,4,2,-2
5937,4,1,0
5937,4,-2,2
5938,4,0,-2
5938,4,2,-2
5938,4,1,0
5938,4,-1,2
5939,4,0,-2
5939,4,2,-2
5939,4,1,0
5939,4,0,2
5940,4,0,-2
5940,4,2,-2
5940,4,1,0
5940,4,1,2
5941,4,0,-2
5941,4,2,-2
5941,4,1,0
5941,4,2,2
5942,4,0,-2
5942,4,2,-2
5942,4,2,0
5942,4,-2,1
5943,4,0,-2
5943,4,2,-2
5943,4,2,0
5943,4,-1,1
5944,4,0,-2
5944,4,2,-2
5944,4,2,0
5944,4,0,1
5945,4,0,-2
5945,4,2,-2
5945,4,2,0
5945,4,1,1
5946,4,0,-2
5946,4,2,-2
5946,4,2,0
5946,4,2,1
5947,4,0,-2
5947,4,2,-2
5947,4,2,0
5947,4,-2,2
5948,4,0,-2
5948,4,2,-2
5948,4,2,0
5948,4,-1,2
5949,4,0,-2
5949,4,2,-2
5949,4,2,0
5949,4,0,2
5950,4,0,-2
5950,4,2,-2
5950,4,2,0
5950,4,1,2
5951,4,0,-2
5951,4,2,-2
5951,4,2,0
5951,4,2,2
5952,4,0,-2
5952,4,2,-2
5952,4,-2,1
5952,4,-1,1
5953,4,0,-2
5953,4,2,-2
5953,4,-2,1
5953,4,0,1
5954,4,0,-2
5954,4,2,-2
5954,4,-2,1
5954,4,1,1
5955,4,0,-2
5955,4,2,-2
5955,4,-2,1
5955,4,2,1
5956,4,0,-2
5956,4,2,-2
5956,4,-2,1
5956,4,-2,2
5957,4,0,-2
5957,4,2,-2
5957,4,-2,1
5957,4,-1,2
5958,4,0,-2
5958,4,2,-2
5958,4,-2,1
5958,4,0,2
5959,4,0,-2
5959,4,2,-2
5959,4,-2,1
5959,4,1,2
5960,4,0,-2
5960,4,2,-2
5960,4,-2,1
5960,4,2,2
5961,4,0,-2
5961,4,2,-2
5961,4,-1,1
5961,4,0,1
5962,4,0,-2
5962,4,2,-2
5962,4,-1,1
5962,4,1,1
5963,4,0,-2
5963,4,2,-2
5963,4,-1,1
5963,4,2,1
5964,4,0,-2
5964,4,2,-2
5964,4,-1,1
5964,4,-2,2
5965,4,0,-2
5965,4,2,-2
5965,4,-1,1
5965,4,-1,2
5966,4,0,-2
5966,4,2,-2
5966,4,-1,1
5966,4,0,2
5967,4,0,-2
5967,4,2,-2
5967,4,-1,1
5967,4,1,2
5968,4,0,-2
5968,4,2,-2
5968,4,-1,1
5968,4,2,2
5969,4,0,-2
5969,4,2,-2
5969,4,0,1
5969,4,1,1
5970,4,0,-2
5970,4,2,-2
5970,4,0,1
5970,4,2,1
5971,4,0,-2
5971,4,2,-2
5971,4,0,1
5971,4,-2,2
5972,4,0,-2
5972,4,2,-2
5972,4,0,1
5972,4,-1,2
5973,4,0,-2
5973,4,2,-2
5973,4,0,1
5973,4,0,2
5974,4,0,-2
5974,4,2,-2
5974,4,0,1
5974,4,1,2
5975,4,0,-2
5975,4,2,-2
5975,4,0,1
5975,4,2,2
5976,4,0,-2
5976,4,2,-2
5976,4,1,1
5976,4,2,1
5977,4,0,-2
5977,4,2,-2
5977,4,1,1
5977,4,-2,2
5978,4,0,-2
5978,4,2,-2
5978,4,1,1
5978,4,-1,2
5979,4,0,-2
5979,4,2,-2
5979,4,1,1
5979,4,0,2
5980,4,0,-2
5980,4,2,-2
5980,4,1,1
5980,4,1,2
5981,4,0,-2
5981,4,2,-2
5981,4,1,1
5981,4,2,2
5982,4,0,-2
5982,4,2,-2
5982,4,2,1
5982,4,-2,2
5983,4,0,-2
5983,4,2,-2
5983,4,2,1
5983,4,-1,2
5984,4,0,-2
5984,4,2,-2
5984,4,2,1
5984,4,0,2
5985,4,0,-2
5985,4,2,-2
5985,4,2,1
5985,4,1,2
5986,4,0,-2
5986,4,2,-2
5986,4,2,1
5986,4,2,2
5987,4,0,-2
5987,4,2,-2
5987,4,-2,2
5987,4,-1,2
5988,4,0,-2
5988,4,2,-2
5988,4,-2,2
5988,4,0,2
5989,4,0,-2
5989,4,2,-2
5989,4,-2,2
5989,4,1,2
5990,4,0,-2
5990,4,2,-2
5990,4,-2,2
5990,4,2,2
5991,4,0,-2
5991,4,2,-2
5991,4,-1,2
5991,4,0,2
5992,4,0,-2
5992,4,2,-2
5992,4,-1,2
5992,4,1,2
5993,4,0,-2
5993,4,2,-2
5993,4,-1,2
5993,4,2,2
5994,4,0,-2
5994,4,2,-2
5994,4,0,2
5994,4,1,2
5995,4,0,-2
5995,4,2,-2
5995,4,0,2
5995,4,2,2
5996,4,0,-2
5996,4,2,-2
5996,4,1,2
5996,4,2,2
5997,4,0,-2
5997,4,-2,-1
5997,4,-1,-1
5997,4,0,-1
5998,4,0,-2
5998,4,-2,-1
5998,4,-1,-1
5998,4,1,-1
5999,4,0,-2
5999,4,-2,-1
5999,4,-1,-1
5999,4,2,-1
6000,4,0,-2
6000,4,-2,-1
6000,4,-1,-1
6000,4,-2,0
6001,4,0,-2
6001,4,-2,-1
6001,4,-1,-1
6001,4,-1,0
6002,4,0,-2
6002,4,-2,-1
6002,4,-1,-1
6002,4,1,0
6003,4,0,-2
6003,4,-2,-1
6003,4,-1,-1
6003,4,2,0
6004,4,0,-2
6004,4,-2,-1
6004,4,-1,-1
6004,4,-2,1
6005,4,0,-2
6005,4,-2,-1
6005,4,-1,-1
6005,4,-1,1
6006,4,0,-2
6006,4,-2,-1
6006,4,-1,-1
6006,4,0,1
6007,4,0,-2
6007,4,-2,-1
6007,4,-1,-1
6007,4,1,1
6008,4,0,-2
6008,4,-2,-1
6008,4,-1,-1
6008,4,2,1
6009,4,0,-2
6009,4,-2,-1
6009,4,-1,-1
6009,4,-2,2
6010,4,0,-2
6010,4,-2,-1
6010,4,-1,-1
6010,4,-1,2
6011,4,0,-2
6011,4,-2,-1
6011,4,-1,-1
6011,4,0,2
6012,4,0,-2
6012,4,-2,-1
6012,4,-1,-1
6012,4,1,2
6013,4,0,-2
6013,4,-2,-1
6013,4,-1,-1
6013,4,2,2
6014,4,0,-2
6014,4,-2,-1
6014,4,0,-1
6014,4,1,-1
6015,4,0,-2
6015,4,-2,-1
6015,4,0,-1
6015,4,2,-1
6016,4,0,-2
6016,4,-2,-1
6016,4,0,-1
6016,4,-2,0
6017,4,0,-2
6017,4,-2,-1
6017,4,0,-1
6017,4,-1,0
6018,4,0,-2
6018,4,-2,-1
6018,4,0,-1
6018,4,1,0
6019,4,0,-2
6019,4,-2,-1
6019,4,0,-1
6019,4,2,0
6020,4,0,-2
6020,4,-2,-1
6020,4,0,-1
6020,4,-2,1
6021,4,0,-2
6021,4,-2,-1
6021,4,0,-1
6021,4,-1,1
6022,4,0,-2
6022,4,-2,-1
6022,4,0,-1
6022,4,0,1
6023,4,0,-2
6023,4,-2,-1
6023,4,0,-1
6023,4,1,1
6024,4,0,-2
6024,4,-2,-1
6024,4,0,-1
6024,4,2,1
6025,4,0,-2
6025,4,-2,-1
6025,4,0,-1
6025,4,-2,2
6026,4,0,-2
6026,4,-2,-1
6026,4,0,-1
6026,4,-1,2
6027,4,0,-2
6027,4,-2,-1
6027,4,0,-1
6027,4,0,2
6028,4,0,-2
6028,4,-2,-1
6028,4,0,-1
6028,4,1,2
6029,4,0,-2
6029,4,-2,-1
6029,4,0,-1
6029,4,2,2
6030,4,0,-2
6030,4,-2,-1
6030,4,1,-1
6030,4,2,-1
6031,4,0,-2
6031,4,-2,-1
6031,4,1,-1
6031,4,-2,0
6032,4,0,-2
6032,4,-2,-1
6032,4,1,-1
6032,4,-1,0
6033,4,0,-2
6033,4,-2,-1
6033,4,1,-1
6033,4,1,0
6034,4,0,-2
6034,4,-2,-1
6034,4,1,-1
6034,4,2,0
6035,4,0,-2
6035,4,-2,-1
6035,4,1,-1
6035,4,-2,1
6036,4,0,-2
6036,4,-2,-1
6036,4,1,-1
6036,4,-1,1
6037,4,0,-2
6037,4,-2,-1
6037,4,1,-1
6037,4,0,1
6038,4,0,-2
6038,4,-2,-1
6038,4,1,-1
6038,4,1,1
6039,4,0,-2
6039,4,-2,-1
6039,4,1,-1
6039,4,2,1
6040,4,0,-2
6040,4,-2,-1
6040,4,1,-1
6040,4,-2,2
6041,4,0,-2
6041,4,-2,-1
6041,4,1,-1
6041,4,-1,2
6042,4,0,-2
6042,4,-2,-1
6042,4,1,-1
6042,4,0,2
6043,4,0,-2
6043,4,-2,-1
6043,4,1,-1
6043,4,1,2
6044,4,0,-2
6044,4,-2,-1
6044,4,1,-1
6044,4,2,2
6045,4,0,-2
6045,4,-2,-1
6045,4,2,-1
6045,4,-2,0
6046,4,0,-2
6046,4,-2,-1
6046,4,2,-1
6046,4,-1,0
6047,4,0,-2
6047,4,-2,-1
6047,4,2,-1
6047,4,1,0
6048,4,0,-2
6048,4,-2,-1
6048,4,2,-1
6048,4,2,0
6049,4,0,-2
6049,4,-2,-1
6049,4,2,-1
6049,4,-2,1
6050,4,0,-2
6050,4,-2,-1
6050,4,2,-1
6050,4,-1,1
6051,4,0,-2
6051,4,-2,-1
6051,4,2,-1
6051,4,0,1
6052,4,0,-2
6052,4,-2,-1
6052,4,2,-1
6052,4,1,1
6053,4,0,-2
6053,4,-2,-1
6053,4,2,-1
6053,4,2,1
6054,4,0,-2
6054,4,-2,-1
6054,4,2,-1
6054,4,-2,2
6055,4,0,-2
6055,4,-2,-1
6055,4,2,-1
6055,4,-1,2
6056,4,0,-2
6056,4,-2,-1
6056,4,2,-1
6056,4,0,2
6057,4,0,-2
6057,4,-2,-1
6057,4,2,-1
6057,4,1,2
6058,4,0,-2
6058,4,-2,-1
6058,4,2,-1
6058,4,2,2
6059,4,0,-2
6059,4,-2,-1
6059,4,-2,0
6059,4,-1,0
6060,4,0,-2
6060,4,-2,-1
6060,4,-2,0
6060,4,1,0
6061,4,0,-2
6061,4,-2,-1
6061,4,-2,0
6061,4,2,0
6062,4,0,-2
6062,4,-2,-1
6062,4,-2,0
6062,4,-2,1
6063,4,0,-2
6063,4,-2,-1
6063,4,-2,0
6063,4,-1,1
6064,4,0,-2
6064,4,-2,-1
6064,4,-2,0
6064,4,0,1
6065,4,0,-2
6065,4,-2,-1
6065,4,-2,0
6065,4,1,1
6066,4,0,-2
6066,4,-2,-1
6066,4,-2,0
6066,4,2,1
6067,4,0,-2
6067,4,-2,-1
6067,4,-2,0
6067,4,-2,2
6068,4,0,-2
6068,4,-2,-1
6068,4,-2,0
6068,4,-1,2
6069,4,0,-2
6069,4,-2,-1
6069,4,-2,0
6069,4,0,2
6070,4,0,-2
6070,4,-2,-1
6070,4,-2,0
6070,4,1,2
6071,4,0,-2
6071,4,-2,-1
6071,4,-2,0
6071,4,2,2
6072,4,0,-2
6072,4,-2,-1
6072,4,-1,0
6072,4,1,0
6073,4,0,-2
6073,4,-2,-1
6073,4,-1,0
6073,4,2,0
6074,4,0,-2
6074,4,-2,-1
6074,4,-1,0
6074,4,-2,1
6075,4,0,-2
6075,4,-2,-1
6075,4,-1,0
6075,4,-1,1
6076,4,0,-2
6076,4,-2,-1
6076,4,-1,0
6076,4,0,1
6077,4,0,-2
6077,4,-2,-1
6077,4,-1,0
6077,4,1,1
6078,4,0,-2
6078,4,-2,-1
6078,4,-1,0
6078,4,2,1
6079,4,0,-2
6079,4,-2,-1
6079,4,-1,0
6079,4,-2,2
6080,4,0,-2
6080,4,-2,-1
6080,4,-1,0
6080,4,-1,2
6081,4,0,-2
6081,4,-2,-1
6081,4,-1,0
6081,4,0,2
6082,4,0,-2
6082,4,-2,-1
6082,4,-1,0
6082,4,1,2
6083,4,0,-2
6083,4,-2,-1
6083,4,-1,0
6083,4,2,2
6084,4,0,-2
6084,4,-2,-1
6084,4,1,0
6084,4,2,0
6085,4,0,-2
6085,4,-2,-1
6085,4,1,0
6085,4,-2,1
6086,4,0,-2
6086,4,-2,-1
6086,4,1,0
6086,4,-1,1
6087,4,0,-2
6087,4,-2,-1
6087,4,1,0
6087,4,0,1
6088,4,0,-2
6088,4,-2,-1
6088,4,1,0
6088,4,1,1
6089,4,0,-2
6089,4,-2,-1
6089,4,1,0
6089,4,2,1
6090,4,0,-2
6090,4,-2,-1
6090,4,1,0
6090,4,-2,2
6091,4,0,-2
6091,4,-2,-1
6091,4,1,0
6091,4,-1,2
6092,4,0,-2
6092,4,-2,-1
6092,4,1,0
6092,4,0,2
6093,4,0,-2
6093,4,-2,-1
6093,4,1,0
6093,4,1,2
6094,4,0,-2
6094,4,-2,-1
6094,4,1,0
6094,4,2,2
6095,4,0,-2
6095,4,-2,-1
6095,4,2,0
6095,4,-2,1
6096,4,0,-2
6096,4,-2,-1
6096,4,2,0
6096,4,-1,1
6097,4,0,-2
6097,4,-2,-1
6097,4,2,0
6097,4,0,1
6098,4,0,-2
6098,4,-2,-1
6098,4,2,0
6098,4,1,1
6099,4,0,-2
6099,4,-2,-1
6099,4,2,0
6099,4,2,1
6100,4,0,-2
6100,4,-2,-1
6100,4,2,0
6100,4,-2,2
6101,4,0,-2
6101,4,-2,-1
6101,4,2,0
6101,4,-1,2
6102,4,0,-2
6102,4,-2,-1
6102,4,2,0
6102,4,0,2
6103,4,0,-2
6103,4,-2,-1
6103,4,2,0
6103,4,1,2
6104,4,0,-2
6104,4,-2,-1
6104,4,2,0
6104,4,2,2
6105,4,0,-2
6105,4,-2,-1
6105,4,-2,1
6105,4,-1,1
6106,4,0,-2
6106,4,-2,-1
6106,4,-2,1
6106,4,0,1
6107,4,0,-2
6107,4,-2,-1
6107,4,-2,1
6107,4,1,1
6108,4,0,-2
6108,4,-2,-1
6108,4,-2,1
6108,4,2,1
6109,4,0,-2
6109,4,-2,-1
6109,4,-2,1
6109,4,-2,2
6110,4,0,-2
6110,4,-2,-1
6110,4,-2,1
6110,4,-1,2
6111,4,0,-2
6111,4,-2,-1
6111,4,-2,1
6111,4,0,2
6112,4,0,-2
6112,4,-2,-1
6112,4,-2,1
6112,4,1,2
6113,4,0,-2
6113,4,-2,-1
6113,4,-2,1
6113,4,2,2
6114,4,0,-2
6114,4,-2,-1
6114,4,-1,1
6114,4,0,1
6115,4,0,-2
6115,4,-2,-1
6115,4,-1,1
6115,4,1,1
6116,4,0,-2
6116,4,-2,-1
6116,4,-1,1
6116,4,2,1
6117,4,0,-2
6117,4,-2,-1
6117,4,-1,1
6117,4,-2,2
6118,4,0,-2
6118,4,-2,-1
6118,4,-1,1
6118,4,-1,2
6119,4,0,-2
6119,4,-2,-1
6119,4,-1,1
6119,4,0,2
6120,4,0,-2
6120,4,-2,-1
6120,4,-1,1
6120,4,1,2
6121,4,0,-2
6121,4,-2,-1
6121,4,-1,1
6121,4,2,2
6122,4,0,-2
6122,4,-2,-1
6122,4,0,1
6122,4,1,1
6123,4,0,-2
6123,4,-2,-1
6123,4,0,1
6123,4,2,1
6124,4,0,-2
6124,4,-2,-1
6124,4,0,1
6124,4,-2,2
6125,4,0,-2
6125,4,-2,-1
6125,4,0,1
6125,4,-1,2
6126,4,0,-2
6126,4,-2,-1
6126,4,0,1
6126,4,0,2
6127,4,0,-2
6127,4,-2,-1
6127,4,0,1
6127,4,1,2
6128,4,0,-2
6128,4,-2,-1
6128,4,0,1
6128,4,2,2
6129,4,0,-2
6129,4,-2,-1
6129,4,1,1
6129,4,2,1
6130,4,0,-2
6130,4,-2,-1
6130,4,1,1
6130,4,-2,2
6131,4,0,-2
6131,4,-2,-1
6131,4,1,1
6131,4,-1,2
6132,4,0,-2
6132,4,-2,-1
6132,4,1,1
6132,4,0,2
6133,4,0,-2
6133,4,-2,-1
6133,4,1,1
6133,4,1,2
6134,4,0,-2
6134,4,-2,-1
6134,4,1,1
6134,4,2,2
6135,4,0,-2
6135,4,-2,-1
6135,4,2,1
6135,4,-2,2
6136,4,0,-2
6136,4,-2,-1
6136,4,2,1
6136,4,-1,2
6137,4,0,-2
6137,4,-2,-1
6137,4,2,1
6137,4,0,2
6138,4,0,-2
6138,4,-2,-1
6138,4,2,1
6138,4,1,2
6139,4,0,-2
6139,4,-2,-1
6139,4,2,1
6139,4,2,2
6140,4,0,-2
6140,4,-2,-1
6140,4,-2,2
6140,4,-1,2
6141,4,0,-2
6141,4,-2,-1
6141,4,-2,2
6141,4,0,2
6142,4,0,-2
6142,4,-2,-1
6142,4,-2,2
6142,4,1,2
6143,4,0,-2
6143,4,-2,-1
6143,4,-2,2
6143,4,2,2
6144,4,0,-2
6144,4,-2,-1
6144,4,-1,2
6144,4,0,2
6145,4,0,-2
6145,4,-2,-1
6145,4,-1,2
6145,4,1,2
6146,4,0,-2
6146,4,-2,-1
6146,4,-1,2
6146,4,2,2
6147,4,0,-2
6147,4,-2,-1
6147,4,0,2
6147,4,1,2
6148,4,0,-2
6148,4,-2,-1
6148,4,0,2
6148,4,2,2
6149,4,0,-2
6149,4,-2,-1
6149,4,1,2
6149,4,2,2
6150,4,0,-2
6150,4,-1,-1
6150,4,0,-1
6150,4,1,-1
6151,4,0,-2
6151,4,-1,-1
6151,4,0,-1
6151,4,2,-1
6152,4,0,-2
6152,4,-1,-1
6152,4,0,-1
6152,4,-2,0
6153,4,0,-2
6153,4,-1,-1
6153,4,0,-1
6153,4,-1,0
6154,4,0,-2
6154,4,-1,-1
6154,4,0,-1
6154,4,1,0
6155,4,0,-2
6155,4,-1,-1
6155,4,0,-1
6155,4,2,0
6156,4,0,-2
6156,4,-1,-1
6156,4,0,-1
6156,4,-2,1
6157,4,0,-2
6157,4,-1,-1
6157,4,0,-1
6157,4,-1,1
6158,4,0,-2
6158,4,-1,-1
6158,4,0,-1
6158,4,0,1
6159,4,0,-2
6159,4,-1,-1
6159,4,0,-1
6159,4,1,1
6160,4,0,-2
6160,4,-1,-1
6160,4,0,-1
6160,4,2,1
6161,4,0,-2
6161,4,-1,-1
6161,4,0,-1
6161,4,-2,2
6162,4,0,-2
6162,4,-1,-1
6162,4,0,-1
6162,4,-1,2
6163,4,0,-2
6163,4,-1,-1
6163,4,0,-1
6163,4,0,2
6164,4,0,-2
6164,4,-1,-1
6164,4,0,-1
6164,4,1,2
6165,4,0,-2
6165,4,-1,-1
6165,4,0,-1
6165,4,2,2
6166,4,0,-2
6166,4,-1,-1
6166,4,1,-1
6166,4,2,-1
6167,4,0,-2
6167,4,-1,-1
6167,4,1,-1
6167,4,-2,0
6168,4,0,-2
6168,4,-1,-1
6168,4,1,-1
6168,4,-1,0
6169,4,0,-2
6169,4,-1,-1
6169,4,1,-1
6169,4,1,0
6170,4,0,-2
6170,4,-1,-1
6170,4,1,-1
6170,4,2,0
6171,4,0,-2
6171,4,-1,-1
6171,4,1,-1
6171,4,-2,1
6172,4,0,-2
6172,4,-1,-1
6172,4,1,-1
6172,4,-1,1
6173,4,0,-2
6173,4,-1,-1
6173,4,1,-1
6173,4,0,1
6174,4,0,-2
6174,4,-1,-1
6174,4,1,-1
6174,4,1,1
6175,4,0,-2
6175,4,-1,-1
6175,4,1,-1
6175,4,2,1
6176,4,0,-2
6176,4,-1,-1
6176,4,1,-1
6176,4,-2,2
6177,4,0,-2
6177,4,-1,-1
6177,4,1,-1
6177,4,-1,2
6178,4,0,-2
6178,4,-1,-1
6178,4,1,-1
6178,4,0,2
6179,4,0,-2
6179,4,-1,-1
6179,4,1,-1
6179,4,1,2
6180,4,0,-2
6180,4,-1,-1
6180,4,1,-1
6180,4,2,2
6181,4,0,-2
6181,4,-1,-1
6181,4,2,-1
6181,4,-2,0
6182,4,0,-2
6182,4,-1,-1
6182,4,2,-1
6182,4,-1,0
6183,4,0,-2
6183,4,-1,-1
6183,4,2,-1
6183,4,1,0
6184,4,0,-2
6184,4,-1,-1
6184,4,2,-1
6184,4,2,0
6185,4,0,-2
6185,4,-1,-1
6185,4,2,-1
6185,4,-2,1
6186,4,0,-2
6186,4,-1,-1
6186,4,2,-1
6186,4,-1,1
6187,4,0,-2
6187,4,-1,-1
6187,4,2,-1
6187,4,0,1
6188,4,0,-2
6188,4,-1,-1
6188,4,2,-1
6188,4,1,1
6189,4,0,-2
6189,4,-1,-1
6189,4,2,-1
6189,4,2,1
6190,4,0,-2
6190,4,-1,-1
6190,4,2,-1
6190,4,-2,2
6191,4,0,-2
6191,4,-1,-1
6191,4,2,-1
6191,4,-1,2
6192,4,0,-2
6192,4,-1,-1
6192,4,2,-1
6192,4,0,2
6193,4,0,-2
6193,4,-1,-1
6193,4,2,-1
6193,4,1,2
6194,4,0,-2
6194,4,-1,-1
6194,4,2,-1
6194,4,2,2
6195,4,0,-2
6195,4,-1,-1
6195,4,-2,0
6195,4,-1,0
6196,4,0,-2
6196,4,-1,-1
6196,4,-2,0
6196,4,1,0
6197,4,0,-2
6197,4,-1,-1
6197,4,-2,0
6197,4,2,0
6198,4,0,-2
6198,4,-1,-1
6198,4,-2,0
6198,4,-2,1
6199,4,0,-2
6199,4,-1,-1
6199,4,-2,0
6199,4,-1,1
6200,4,0,-2
6200,4,-1,-1
6200,4,-2,0
6200,4,0,1
6201,4,0,-2
6201,4,-1,-1
6201,4,-2,0
6201,4,1,1
6202,4,0,-2
6202,4,-1,-1
6202,4,-2,0
6202,4,2,1
6203,4,0,-2
6203,4,-1,-1
6203,4,-2,0
6203,4,-2,2
6204,4,0,-2
6204,4,-1,-1
6204,4,-2,0
6204,4,-1,2
6205,4,0,-2
6205,4,-1,-1
6205,4,-2,0
6205,4,0,2
6206,4,0,-2
6206,4,-1,-1
6206,4,-2,0
6206,4,1,2
6207,4,0,-2
6207,4,-1,-1
6207,4,-2,0
6207,4,2,2
6208,4,0,-2
6208,4,-1,-1
6208,4,-1,0
6208,4,1,0
6209,4,0,-2
6209,4,-1,-1
6209,4,-1,0
6209,4,2,0
6210,4,0,-2
6210,4,-1,-1
6210,4,-1,0
6210,4,-2,1
6211,4,0,-2
6211,4,-1,-1
6211,4,-1,0
6211,4,-1,1
6212,4,0,-2
6212,4,-1,-1
6212,4,-1,0
6212,4,0,1
6213,4,0,-2
6213,4,-1,-1
6213,4,-1,0
6213,4,1,1
6214,4,0,-2
6214,4,-1,-1
6214,4,-1,0
6214,4,2,1
6215,4,0,-2
6215,4,-1,-1
6215,4,-1,0
6215,4,-2,2
6216,4,0,-2
6216,4,-1,-1
6216,4,-1,0
6216,4,-1,2
6217,4,0,-2
6217,4,-1,-1
6217,4,-1,0
6217,4,0,2
6218,4,0,-2
6218,4,-1,-1
6218,4,-1,0
6218,4,1,2
6219,4,0,-2
6219,4,-1,-1
6219,4,-1,0
6219,4,2,2
6220,4,0,-2
6220,4,-1,-1
6220,4,1,0
6220,4,2,0
6221,4,0,-2
6221,4,-1,-1
6221,4,1,0
6221,4,-2,1
6222,4,0,-2
6222,4,-1,-1
6222,4,1,0
6222,4,-1,1
6223,4,0,-2
6223,4,-1,-1
6223,4,1,0
6223,4,0,1
6224,4,0,-2
6224,4,-1,-1
6224,4,1,0
6224,4,1,1
6225,4,0,-2
6225,4,-1,-1
6225,4,1,0
6225,4,2,1
6226,4,0,-2
6226,4,-1,-1
6226,4,1,0
6226,4,-2,2
6227,4,0,-2
6227,4,-1,-1
6227,4,1,0
6227,4,-1,2
6228,4,0,-2
6228,4,-1,-1
6228,4,1,0
6228,4,0,2
6229,4,0,-2
6229,4,-1,-1
6229,4,1,0
6229,4,1,2
6230,4,0,-2
6230,4,-1,-1
6230,4,1,0
6230,4,2,2
6231,4,0,-2
6231,4,-1,-1
6231,4,2,0
6231,4,-2,1
6232,4,0,-2
6232,4,-1,-1
6232,4,2,0
6232,4,-1,1
6233,4,0,-2
6233,4,-1,-1
6233,4,2,0
6233,4,0,1
6234,4,0,-2
6234,4,-1,-1
6234,4,2,0
6234,4,1,1
6235,4,0,-2
6235,4,-1,-1
6235,4,2,0
6235,4,2,1
6236,4,0,-2
6236,4,-1,-1
6236,4,2,0
6236,4,-2,2
6237,4,0,-2
6237,4,-1,-1
6237,4,2,0
6237,4,-1,2
6238,4,0,-2
6238,4,-1,-1
6238,4,2,0
6238,4,0,2
6239,4,0,-2
6239,4,-1,-1
6239,4,2,0
6239,4,1,2
6240,4,0,-2
6240,4,-1,-1
6240,4,2,0
6240,4,2,2
6241,4,0,-2
6241,4,-1,-1
6241,4,-2,1
6241,4,-1,1
6242,4,0,-2
6242,4,-1,-1
6242,4,-2,1
6242,4,0,1
6243,4,0,-2
6243,4,-1,-1
6243,4,-2,1
6243,4,1,1
6244,4,0,-2
6244,4,-1,-1
6244,4,-2,1
6244,4,2,1
6245,4,0,-2
6245,4,-1,-1
6245,4,-2,1
6245,4,-2,2
6246,4,0,-2
6246,4,-1,-1
6246,4,-2,1
6246,4,-1,2
6247,4,0,-2
6247,4,-1,-1
6247,4,-2,1
6247,4,0,2
6248,4,0,-2
6248,4,-1,-1
6248,4,-2,1
6248,4,1,2
6249,4,0,-2
6249,4,-1,-1
6249,4,-2,1
6249,4,2,2
6250,4,0,-2
6250,4,-1,-1
6250,4,-1,1
6250,4,0,1
6251,4,0,-2
6251,4,-1,-1
6251,4,-1,1
6251,4,1,1
6252,4,0,-2
6252,4,-1,-1
6252,4,-1,1
6252,4,2,1
6253,4,0,-2
6253,4,-1,-1
6253,4,-1,1
6253,4,-2,2
6254,4,0,-2
6254,4,-1,-1
6254,4,-1,1
6254,4,-1,2
6255,4,0,-2
6255,4,-1,-1
6255,4,-1,1
6255,4,0,2
6256,4,0,-2
6256,4,-1,-1
6256,4,-1,1
6256,4,1,2
6257,4,0,-2
6257,4,-1,-1
6257,4,-1,1
6257,4,2,2
6258,4,0,-2
6258,4,-1,-1
6258,4,0,1
6258,4,1,1
6259,4,0,-2
6259,4,-1,-1
6259,4,0,1
6259,4,2,1
6260,4,0,-2
6260,4,-1,-1
6260,4,0,1
6260,4,-2,2
6261,4,0,-2
6261,4,-1,-1
6261,4,0,1
6261,4,-1,2
6262,4,0,-2
6262,4,-1,-1
6262,4,0,1
6262,4,0,2
6263,4,0,-2
6263,4,-1,-1
6263,4,0,1
6263,4,1,2
6264,4,0,-2
6264,4,-1,-1
6264,4,0,1
6264,4,2,2
6265,4,0,-2
6265,4,-1,-1
6265,4,1,1
6265,4,2,1
6266,4,0,-2
6266,4,-1,-1
6266,4,1,1
6266,4,-2,2
6267,4,0,-2
6267,4,-1,-1
6267,4,1,1
6267,4,-1,2
6268,4,0,-2
6268,4,-1,-1
6268,4,1,1
6268,4,0,2
6269,4,0,-2
6269,4,-1,-1
6269,4,1,1
6269,4,1,2
6270,4,0,-2
6270,4,-1,-1
6270,4,1,1
6270,4,2,2
6271,4,0,-2
6271,4,-1,-1
6271,4,2,1
6271,4,-2,2
6272,4,0,-2
6272,4,-1,-1
6272,4,2,1
6272,4,-1,2
6273,4,0,-2
6273,4,-1,-1
6273,4,2,1
6273,4,0,2
6274,4,0,-2
6274,4,-1,-1
6274,4,2,1
6274,4,1,2
6275,4,0,-2
6275,4,-1,-1
6275,4,2,1
6275,4,2,2
6276,4,0,-2
6276,4,-1,-1
6276,4,-2,2
6276,4,-1,2
6277,4,0,-2
6277,4,-1,-1
6277,4,-2,2
6277,4,0,2
6278,4,0,-2
6278,4,-1,-1
6278,4,-2,2
6278,4,1,2
6279,4,0,-2
6279,4,-1,-1
6279,4,-2,2
6279,4,2,2
6280,4,0,-2
6280,4,-1,-1
6280,4,-1,2
6280,4,0,2
6281,4,0,-2
6281,4,-1,-1
6281,4,-1,2
6281,4,1,2
6282,4,0,-2
6282,4,-1,-1
6282,4,-1,2
6282,4,2,2
6283,4,0,-2
6283,4,-1,-1
6283,4,0,2
6283,4,1,2
6284,4,0,-2
6284,4,-1,-1
6284,4,0,2
6284,4,2,2
6285,4,0,-2
6285,4,-1,-1
6285,4,1,2
6285,4,2,2
6286,4,0,-2
6286,4,0,-1
6286,4,1,-1
6286,4,2,-1
6287,4,0,-2
6287,4,0,-1
6287,4,1,-1
6287,4,-2,0
6288,4,0,-2
6288,4,0,-1
6288,4,1,-1
6288,4,-1,0
6289,4,0,-2
6289,4,0,-1
6289,4,1,-1
6289,4,1,0
6290,4,0,-2
6290,4,0,-1
6290,4,1,-1
6290,4,2,0
6291,4,0,-2
6291,4,0,-1
6291,4,1,-1
6291,4,-2,1
6292,4,0,-2
6292,4,0,-1
6292,4,1,-1
6292,4,-1,1
6293,4,0,-2
6293,4,0,-1
6293,4,1,-1
6293,4,0,1
6294,4,0,-2
6294,4,0,-1
6294,4,1,-1
6294,4,1,1
6295,4,0,-2
6295,4,0,-1
6295,4,1,-1
6295,4,2,1
6296,4,0,-2
6296,4,0,-1
6296,4,1,-1
6296,4,-2,2
6297,4,0,-2
6297,4,0,-1
6297,4,1,-1
6297,4,-1,2
6298,4,0,-2
6298,4,0,-1
6298,4,1,-1
6298,4,0,2
6299,4,0,-2
6299,4,0,-1
6299,4,1,-1
6299,4,1,2
6300,4,0,-2
6300,4,0,-1
6300,4,1,-1
6300,4,2,2
6301,4,0,-2
6301,4,0,-1
6301,4,2,-1
6301,4,-2,0
6302,4,0,-2
6302,4,0,-1
6302,4,2,-1
6302,4,-1,0
6303,4,0,-2
6303,4,0,-1
6303,4,2,-1
6303,4,1,0
6304,4,0,-2
6304,4,0,-1
6304,4,2,-1
6304,4,2,0
6305,4,0,-2
6305,4,0,-1
6305,4,2,-1
6305,4,-2,1
6306,4,0,-2
6306,4,0,-1
6306,4,2,-1
6306,4,-1,1
6307,4,0,-2
6307,4,0,-1
6307,4,2,-1
6307,4,0,1
6308,4,0,-2
6308,4,0,-1
6308,4,2,-1
6308,4,1,1
6309,4,0,-2
6309,4,0,-1
6309,4,2,-1
6309,4,2,1
6310,4,0,-2
6310,4,0,-1
6310,4,2,-1
6310,4,-2,2
6311,4,0,-2
6311,4,0,-1
6311,4,2,-1
6311,4,-1,2
6312,4,0,-2
6312,4,0,-1
6312,4,2,-1
6312,4,0,2
6313,4,0,-2
6313,4,0,-1
6313,4,2,-1
6313,4,1,2
6314,4,0,-2
6314,4,0,-1
6314,4,2,-1
6314,4,2,2
6315,4,0,-2
6315,4,0,-1
6315,4,-2,0
6315,4,-1,0
6316,4,0,-2
6316,4,0,-1
6316,4,-2,0
6316,4,1,0
6317,4,0,-2
6317,4,0,-1
6317,4,-2,0
6317,4,2,0
6318,4,0,-2
6318,4,0,-1
6318,4,-2,0
6318,4,-2,1
6319,4,0,-2
6319,4,0,-1
6319,4,-2,0
6319,4,-1,1
6320,4,0,-2
6320,4,0,-1
6320,4,-2,0
6320,4,0,1
6321,4,0,-2
6321,4,0,-1
6321,4,-2,0
6321,4,1,1
6322,4,0,-2
6322,4,0,-1
6322,4,-2,0
6322,4,2,1
6323,4,0,-2
6323,4,0,-1
6323,4,-2,0
6323,4,-2,2
6324,4,0,-2
6324,4,0,-1
6324,4,-2,0
6324,4,-1,2
6325,4,0,-2
6325,4,0,-1
6325,4,-2,0
6325,4,0,2
6326,4,0,-2
6326,4,0,-1
6326,4,-2,0
6326,4,1,2
6327,4,0,-2
6327,4,0,-1
6327,4,-2,0
6327,4,2,2
6328,4,0,-2
6328,4,0,-1
6328,4,-1,0
6328,4,1,0
6329,4,0,-2
6329,4,0,-1
6329,4,-1,0
6329,4,2,0
6330,4,0,-2
6330,4,0,-1
6330,4,-1,0
6330,4,-2,1
6331,4,0,-2
6331,4,0,-1
6331,4,-1,0
6331,4,-1,1
6332,4,0,-2
6332,4,0,-1
6332,4,-1,0
6332,4,0,1
6333,4,0,-2
6333,4,0,-1
6333,4,-1,0
6333,4,1,1
6334,4,0,-2
6334,4,0,-1
6334,4,-1,0
6334,4,2,1
6335,4,0,-2
6335,4,0,-1
6335,4,-1,0
6335,4,-2,2
6336,4,0,-2
6336,4,0,-1
6336,4,-1,0
6336,4,-1,2
6337,4,0,-2
6337,4,0,-1
6337,4,-1,0
6337,4,0,2
6338,4,0,-2
6338,4,0,-1
6338,4,-1,0
6338,4,1,2
6339,4,0,-2
6339,4,0,-1
6339,4,-1,0
6339,4,2,2
6340,4,0,-2
6340,4,0,-1
6340,4,1,0
6340,4,2,0
6341,4,0,-2
6341,4,0,-1
6341,4,1,0
6341,4,-2,1
6342,4,0,-2
6342,4,0,-1
6342,4,1,0
6342,4,-1,1
6343,4,0,-2
6343,4,0,-1
6343,4,1,0
6343,4,0,1
6344,4,0,-2
6344,4,0,-1
6344,4,1,0
6344,4,1,1
6345,4,0,-2
6345,4,0,-1
6345,4,1,0
6345,4,2,1
6346,4,0,-2
6346,4,0,-1
6346,4,1,0
6346,4,-2,2
6347,4,0,-2
6347,4,0,-1
6347,4,1,0
6347,4,-1,2
6348,4,0,-2
6348,4,0,-1
6348,4,1,0
6348,4,0,2
6349,4,0,-2
6349,4,0,-1
6349,4,1,0
6349,4,1,2
6350,4,0,-2
6350,4,0,-1
6350,4,1,0
6350,4,2,2
6351,4,0,-2
6351,4,0,-1
6351,4,2,0
6351,4,-2,1
6352,4,0,-2
6352,4,0,-1
6352,4,2,0
6352,4,-1,1
6353,4,0,-2
6353,4,0,-1
6353,4,2,0
6353,4,0,1
6354,4,0,-2
6354,4,0,-1
6354,4,2,0
6354,4,1,1
6355,4,0,-2
6355,4,0,-1
6355,4,2,0
6355,4,2,1
6356,4,0,-2
6356,4,0,-1
6356,4,2,0
6356,4,-2,2
6357,4,0,-2
6357,4,0,-1
6357,4,2,0
6357,4,-1,2
6358,4,0,-2
6358,4,0,-1
6358,4,2,0
6358,4,0,2
6359,4,0,-2
6359,4,0,-1
6359,4,2,0
6359,4,1,2
6360,4,0,-2
6360,4,0,-1
6360,4,2,0
6360,4,2,2
6361,4,0,-2
6361,4,0,-1
6361,4,-2,1
6361,4,-1,1
6362,4,0,-2
6362,4,0,-1
6362,4,-2,1
6362,4,0,1
6363,4,0,-2
6363,4,0,-1
6363,4,-2,1
6363,4,1,1
6364,4,0,-2
6364,4,0,-1
6364,4,-2,1
6364,4,2,1
6365,4,0,-2
6365,4,0,-1
6365,4,-2,1
6365,4,-2,2
6366,4,0,-2
6366,4,0,-1
6366,4,-2,1
6366,4,-1,2
6367,4,0,-2
6367,4,0,-1
6367,4,-2,1
6367,4,0,2
6368,4,0,-2
6368,4,0,-1
6368,4,-2,1
6368,4,1,2
6369,4,0,-2
6369,4,0,-1
6369,4,-2,1
6369,4,2,2
6370,4,0,-2
6370,4,0,-1
6370,4,-1,1
6370,4,0,1
6371,4,0,-2
6371,4,0,-1
6371,4,-1,1
6371,4,1,1
6372,4,0,-2
6372,4,0,-1
6372,4,-1,1
6372,4,2,1
6373,4,0,-2
6373,4,0,-1
6373,4,-1,1
6373,4,-2,2
6374,4,0,-2
6374,4,0,-1
6374,4,-1,1
6374,4,-1,2
6375,4,0,-2
6375,4,0,-1
6375,4,-1,1
6375,4,0,2
6376,4,0,-2
6376,4,0,-1
6376,4,-1,1
6376,4,1,2
6377,4,0,-2
6377,4,0,-1
6377,4,-1,1
6377,4,2,2
6378,4,0,-2
6378,4,0,-1
6378,4,0,1
6378,4,1,1
6379,4,0,-2
6379,4,0,-1
6379,4,0,1
6379,4,2,1
6380,4,0,-2
6380,4,0,-1
6380,4,0,1
6380,4,-2,2
6381,4,0,-2
6381,4,0,-1
6381,4,0,1
6381,4,-1,2
6382,4,0,-2
6382,4,0,-1
6382,4,0,1
6382,4,0,2
6383,4,0,-2
6383,4,0,-1
6383,4,0,1
6383,4,1,2
6384,4,0,-2
6384,4,0,-1
6384,4,0,1
6384,4,2,2
6385,4,0,-2
6385,4,0,-1
6385,4,1,1
6385,4,2,1
6386,4,0,-2
6386,4,0,-1
6386,4,1,1
6386,4,-2,2
6387,4,0,-2
6387,4,0,-1
6387,4,1,1
6387,4,-1,2
6388,4,0,-2
6388,4,0,-1
6388,4,1,1
6388,4,0,2
6389,4,0,-2
6389,4,0,-1
6389,4,1,1
6389,4,1,2
6390,4,0,-2
6390,4,0,-1
6390,4,1,1
6390,4,2,2
6391,4,0,-2
6391,4,0,-1
6391,4,2,1
6391,4,-2,2
6392,4,0,-2
6392,4,0,-1
6392,4,2,1
6392,4,-1,2
6393,4,0,-2
6393,4,0,-1
6393,4,2,1
6393,4,0,2
6394,4,0,-2
6394,4,0,-1
6394,4,2,1
6394,4,1,2
6395,4,0,-2
6395,4,0,-1
6395,4,2,1
6395,4,2,2
6396,4,0,-2
6396,4,0,-1
6396,4,-2,2
6396,4,-1,2
6397,4,0,-2
6397,4,0,-1
6397,4,-2,2
6397,4,0,2
6398,4,0,-2
6398,4,0,-1
6398,4,-2,2
6398,4,1,2
6399,4,0,-2
6399,4,0,-1
6399,4,-2,2
6399,4,2,2
6400,4,0,-2
6400,4,0,-1
6400,4,-1,2
6400,4,0,2
6401,4,0,-2
6401,4,0,-1
6401,4,-1,2
6401,4,1,2
6402,4,0,-2
6402,4,0,-1
6402,4,-1,2
6402,4,2,2
6403,4,0,-2
6403,4,0,-1
6403,4,0,2
6403,4,1,2
6404,4,0,-2
6404,4,0,-1
6404,4,0,2
6404,4,2,2
6405,4,0,-2
6405,4,0,-1
6405,4,1,2
6405,4,2,2
6406,4,0,-2
6406,4,1,-1
6406,4,2,-1
6406,4,-2,0
6407,4,0,-2
6407,4,1,-1
6407,4,2,-1
6407,4,-1,0
6408,4,0,-2
6408,4,1,-1
6408,4,2,-1
6408,4,1,0
6409,4,0,-2
6409,4,1,-1
6409,4,2,-1
6409,4,2,0
6410,4,0,-2
6410,4,1,-1
6410,4,2,-1
6410,4,-2,1
6411,4,0,-2
6411,4,1,-1
6411,4,2,-1
6411,4,-1,1
6412,4,0,-2
6412,4,1,-1
6412,4,2,-1
6412,4,0,1
6413,4,0,-2
6413,4,1,-1
6413,4,2,-1
6413,4,1,1
6414,4,0,-2
6414,4,1,-1
6414,4,2,-1
6414,4,2,1
6415,4,0,-2
6415,4,1,-1
6415,4,2,-1
6415,4,-2,2
6416,4,0,-2
6416,4,1,-1
6416,4,2,-1
6416,4,-1,2
6417,4,0,-2
6417,4,1,-1
6417,4,2,-1
6417,4,0,2
6418,4,0,-2
6418,4,1,-1
6418,4,2,-1
6418,4,1,2
6419,4,0,-2
6419,4,1,-1
6419,4,2,-1
6419,4,2,2
6420,4,0,-2
6420,4,1,-1
6420,4,-2,0
6420,4,-1,0
6421,4,0,-2
6421,4,1,-1
6421,4,-2,0
6421,4,1,0
6422,4,0,-2
6422,4,1,-1
6422,4,-2,0
6422,4,2,0
6423,4,0,-2
6423,4,1,-1
6423,4,-2,0
6423,4,-2,1
6424,4,0,-2
6424,4,1,-1
6424,4,-2,0
6424,4,-1,1
6425,4,0,-2
6425,4,1,-1
6425,4,-2,0
6425,4,0,1
6426,4,0,-2
6426,4,1,-1
6426,4,-2,0
6426,4,1,1
6427,4,0,-2
6427,4,1,-1
6427,4,-2,0
6427,4,2,1
6428,4,0,-2
6428,4,1,-1
6428,4,-2,0
6428,4,-2,2
6429,4,0,-2
6429,4,1,-1
6429,4,-2,0
6429,4,-1,2
6430,4,0,-2
6430,4,1,-1
6430,4,-2,0
6430,4,0,2
6431,4,0,-2
6431,4,1,-1
6431,4,-2,0
6431,4,1,2
6432,4,0,-2
6432,4,1,-1
6432,4,-2,0
6432,4,2,2
6433,4,0,-2
6433,4,1,-1
6433,4,-1,0
6433,4,1,0
6434,4,0,-2
6434,4,1,-1
6434,4,-1,0
6434,4,2,0
6435,4,0,-2
6435,4,1,-1
6435,4,-1,0
6435,4,-2,1
6436,4,0,-2
6436,4,1,-1
6436,4,-1,0
6436,4,-1,1
6437,4,0,-2
6437,4,1,-1
6437,4,-1,0
6437,4,0,1
6438,4,0,-2
6438,4,1,-1
6438,4,-1,0
6438,4,1,1
6439,4,0,-2
6439,4,1,-1
6439,4,-1,0
6439,4,2,1
6440,4,0,-2
6440,4,1,-1
6440,4,-1,0
6440,4,-2,2
6441,4,0,-2
6441,4,1,-1
6441,4,-1,0
6441,4,-1,2
6442,4,0,-2
6442,4,1,-1
6442,4,-1,0
6442,4,0,2
6443,4,0,-2
6443,4,1,-1
6443,4,-1,0
6443,4,1,2
6444,4,0,-2
6444,4,1,-1
6444,4,-1,0
6444,4,2,2
6445,4,0,-2
6445,4,1,-1
6445,4,1,0
6445,4,2,0
6446,4,0,-2
6446,4,1,-1
6446,4,1,0
6446,4,-2,1
6447,4,0,-2
6447,4,1,-1
6447,4,1,0
6447,4,-1,1
6448,4,0,-2
6448,4,1,-1
6448,4,1,0
6448,4,0,1
6449,4,0,-2
6449,4,1,-1
6449,4,1,0
6449,4,1,1
6450,4,0,-2
6450,4,1,-1
6450,4,1,0
6450,4,2,1
6451,4,0,-2
6451,4,1,-1
6451,4,1,0
6451,4,-2,2
6452,4,0,-2
6452,4,1,-1
6452,4,1,0
6452,4,-1,2
6453,4,0,-2
6453,4,1,-1
6453,4,1,0
6453,4,0,2
6454,4,0,-2
6454,4,1,-1
6454,4,1,0
6454,4,1,2
6455,4,0,-2
6455,4,1,-1
6455,4,1,0
6455,4,2,2
6456,4,0,-2
6456,4,1,-1
6456,4,2,0
6456,4,-2,1
6457,4,0,-2
6457,4,1,-1
6457,4,2,0
6457,4,-1,1
6458,4,0,-2
6458,4,1,-1
6458,4,2,0
6458,4,0,1
6459,4,0,-2
6459,4,1,-1
6459,4,2,0
6459,4,1,1
6460,4,0,-2
6460,4,1,-1
6460,4,2,0
6460,4,2,1
6461,4,0,-2
6461,4,1,-1
6461,4,2,0
6461,4,-2,2
6462,4,0,-2
6462,4,1,-1
6462,4,2,0
6462,4,-1,2
6463,4,0,-2
6463,4,1,-1
6463,4,2,0
6463,4,0,2
6464,4,0,-2
6464,4,1,-1
6464,4,2,0
6464,4,1,2
6465,4,0,-2
6465,4,1,-1
6465,4,2,0
6465,4,2,2
6466,4,0,-2
6466,4,1,-1
6466,4,-2,1
6466,4,-1,1
6467,4,0,-2
6467,4,1,-1
6467,4,-2,1
6467,4,0,1
6468,4,0,-2
6468,4,1,-1
6468,4,-2,1
6468,4,1,1
6469,4,0,-2
6469,4,1,-1
6469,4,-2,1
6469,4,2,1
6470,4,0,-2
6470,4,1,-1
6470,4,-2,1
6470,4,-2,2
6471,4,0,-2
6471,4,1,-1
6471,4,-2,1
6471,4,-1,2
6472,4,0,-2
6472,4,1,-1
6472,4,-2,1
6472,4,0,2
6473,4,0,-2
6473,4,1,-1
6473,4,-2,1
6473,4,1,2
6474,4,0,-2
6474,4,1,-1
6474,4,-2,1
6474,4,2,2
6475,4,0,-2
6475,4,1,-1
6475,4,-1,1
6475,4,0,1
6476,4,0,-2
6476,4,1,-1
6476,4,-1,1
6476,4,1,1
6477,4,0,-2
6477,4,1,-1
6477,4,-1,1
6477,4,2,1
6478,4,0,-2
6478,4,1,-1
6478,4,-1,1
6478,4,-2,2
6479,4,0,-2
6479,4,1,-1
6479,4,-1,1
6479,4,-1,2
6480,4,0,-2
6480,4,1,-1
6480,4,-1,1
6480,4,0,2
6481,4,0,-2
6481,4,1,-1
6481,4,-1,1
6481,4,1,2
6482,4,0,-2
6482,4,1,-1
6482,4,-1,1
6482,4,2,2
6483,4,0,-2
6483,4,1,-1
6483,4,0,1
6483,4,1,1
6484,4,0,-2
6484,4,1,-1
6484,4,0,1
6484,4,2,1
6485,4,0,-2
6485,4,1,-1
6485,4,0,1
6485,4,-2,2
6486,4,0,-2
6486,4,1,-1
6486,4,0,1
6486,4,-1,2
6487,4,0,-2
6487,4,1,-1
6487,4,0,1
6487,4,0,2
6488,4,0,-2
6488,4,1,-1
6488,4,0,1
6488,4,1,2
6489,4,0,-2
6489,4,1,-1
6489,4,0,1
6489,4,2,2
6490,4,0,-2
6490,4,1,-1
6490,4,1,1
6490,4,2,1
6491,4,0,-2
6491,4,1,-1
6491,4,1,1
6491,4,-2,2
6492,4,0,-2
6492,4,1,-1
6492,4,1,1
6492,4,-1,2
6493,4,0,-2
6493,4,1,-1
6493,4,1,1
6493,4,0,2
6494,4,0,-2
6494,4,1,-1
6494,4,1,1
6494,4,1,2
6495,4,0,-2
6495,4,1,-1
6495,4,1,1
6495,4,2,2
6496,4,0,-2
6496,4,1,-1
6496,4,2,1
6496,4,-2,2
6497,4,0,-2
6497,4,1,-1
6497,4,2,1
6497,4,-1,2
6498,4,0,-2
6498,4,1,-1
6498,4,2,1
6498,4,0,2
6499,4,0,-2
6499,4,1,-1
6499,4,2,1
6499,4,1,2
6500,4,0,-2
6500,4,1,-1
6500,4,2,1
6500,4,2,2
6501,4,0,-2
6501,4,1,-1
6501,4,-2,2
6501,4,-1,2
6502,4,0,-2
6502,4,1,-1
6502,4,-2,2
6502,4,0,2
6503,4,0,-2
6503,4,1,-1
6503,4,-2,2
6503,4,1,2
6504,4,0,-2
6504,4,1,-1
6504,4,-2,2
6504,4,2,2
6505,4,0,-2
6505,4,1,-1
6505,4,-1,2
6505,4,0,2
6506,4,0,-2
6506,4,1,-1
6506,4,-1,2
6506,4,1,2
6507,4,0,-2
6507,4,1,-1
6507,4,-1,2
6507,4,2,2
6508,4,0,-2
6508,4,1,-1
6508,4,0,2
6508,4,1,2
6509,4,0,-2
6509,4,1,-1
6509,4,0,2
6509,4,2,2
6510,4,0,-2
6510,4,1,-1
6510,4,1,2
6510,4,2,2
6511,4,0,-2
6511,4,2,-1
6511,4,-2,0
6511,4,-1,0
6512,4,0,-2
6512,4,2,-1
6512,4,-2,0
6512,4,1,0
6513,4,0,-2
6513,4,2,-1
6513,4,-2,0
6513,4,2,0
6514,4,0,-2
6514,4,2,-1
6514,4,-2,0
6514,4,-2,1
6515,4,0,-2
6515,4,2,-1
6515,4,-2,0
6515,4,-1,1
6516,4,0,-2
6516,4,2,-1
6516,4,-2,0
6516,4,0,1
6517,4,0,-2
6517,4,2,-1
6517,4,-2,0
6517,4,1,1
6518,4,0,-2
6518,4,2,-1
6518,4,-2,0
6518,4,2,1
6519,4,0,-2
6519,4,2,-1
6519,4,-2,0
6519,4,-2,2
6520,4,0,-2
6520,4,2,-1
6520,4,-2,0
6520,4,-1,2
6521,4,0,-2
6521,4,2,-1
6521,4,-2,0
6521,4,0,2
6522,4,0,-2
6522,4,2,-1
6522,4,-2,0
6522,4,1,2
6523,4,0,-2
6523,4,2,-1
6523,4,-2,0
6523,4,2,2
6524,4,0,-2
6524,4,2,-1
6524,4,-1,0
6524,4,1,0
6525,4,0,-2
6525,4,2,-1
6525,4,-1,0
6525,4,2,0
6526,4,0,-2
6526,4,2,-1
6526,4,-1,0
6526,4,-2,1
6527,4,0,-2
6527,4,2,-1
6527,4,-1,0
6527,4,-1,1
6528,4,0,-2
6528,4,2,-1
6528,4,-1,0
6528,4,0,1
6529,4,0,-2
6529,4,2,-1
6529,4,-1,0
6529,4,1,1
6530,4,0,-2
6530,4,2,-1
6530,4,-1,0
6530,4,2,1
6531,4,0,-2
6531,4,2,-1
6531,4,-1,0
6531,4,-2,2
6532,4,0,-2
6532,4,2,-1
6532,4,-1,0
6532,4,-1,2
6533,4,0,-2
6533,4,2,-1
6533,4,-1,0
6533,4,0,2
6534,4,0,-2
6534,4,2,-1
6534,4,-1,0
6534,4,1,2
6535,4,0,-2
6535,4,2,-1
6535,4,-1,0
6535,4,2,2
6536,4,0,-2
6536,4,2,-1
6536,4,1,0
6536,4,2,0
6537,4,0,-2
6537,4,2,-1
6537,4,1,0
6537,4,-2,1
6538,4,0,-2
6538,4,2,-1
6538,4,1,0
6538,4,-1,1
6539,4,0,-2
6539,4,2,-1
6539,4,1,0
6539,4,0,1
6540,4,0,-2
6540,4,2,-1
6540,4,1,0
6540,4,1,1
6541,4,0,-2
6541,4,2,-1
6541,4,1,0
6541,4,2,1
6542,4,0,-2
6542,4,2,-1
6542,4,1,0
6542,4,-2,2
6543,4,0,-2
6543,4,2,-1
6543,4,1,0
6543,4,-1,2
6544,4,0,-2
6544,4,2,-1
6544,4,1,0
6544,4,0,2
6545,4,0,-2
6545,4,2,-1
6545,4,1,0
6545,4,1,2
6546,4,0,-2
6546,4,2,-1
6546,4,1,0
6546,4,2,2
6547,4,0,-2
6547,4,2,-1
6547,4,2,0
6547,4,-2,1
6548,4,0,-2
6548,4,2,-1
6548,4,2,0
6548,4,-1,1
6549,4,0,-2
6549,4,2,-1
6549,4,2,0
6549,4,0,1
6550,4,0,-2
6550,4,2,-1
6550,4,2,0
6550,4,1,1
6551,4,0,-2
6551,4,2,-1
6551,4,2,0
6551,4,2,1
6552,4,0,-2
6552,4,2,-1
6552,4,2,0
6552,4,-2,2
6553,4,0,-2
6553,4,2,-1
6553,4,2,0
6553,4,-1,2
6554,4,0,-2
6554,4,2,-1
6554,4,2,0
6554,4,0,2
6555,4,0,-2
6555,4,2,-1
6555,4,2,0
6555,4,1,2
6556,4,0,-2
6556,4,2,-1
6556,4,2,0
6556,4,2,2
6557,4,0,-2
6557,4,2,-1
6557,4,-2,1
6557,4,-1,1
6558,4,0,-2
6558,4,2,-1
6558,4,-2,1
6558,4,0,1
6559,4,0,-2
6559,4,2,-1
6559,4,-2,1
6559,4,1,1
6560,4,0,-2
6560,4,2,-1
6560,4,-2,1
6560,4,2,1
6561,4,0,-2
6561,4,2,-1
6561,4,-2,1
6561,4,-2,2
6562,4,0,-2
6562,4,2,-1
6562,4,-2,1
6562,4,-1,2
6563,4,0,-2
6563,4,2,-1
6563,4,-2,1
6563,4,0,2
6564,4,0,-2
6564,4,2,-1
6564,4,-2,1
6564,4,1,2
6565,4,0,-2
6565,4,2,-1
6565,4,-2,1
6565,4,2,2
6566,4,0,-2
6566,4,2,-1
6566,4,-1,1
6566,4,0,1
6567,4,0,-2
6567,4,2,-1
6567,4,-1,1
6567,4,1,1
6568,4,0,-2
6568,4,2,-1
6568,4,-1,1
6568,4,2,1
6569,4,0,-2
6569,4,2,-1
6569,4,-1,1
6569,4,-2,2
6570,4,0,-2
6570,4,2,-1
6570,4,-1,1
6570,4,-1,2
6571,4,0,-2
6571,4,2,-1
6571,4,-1,1
6571,4,0,2
6572,4,0,-2
6572,4,2,-1
6572,4,-1,1
6572,4,1,2
6573,4,0,-2
6573,4,2,-1
6573,4,-1,1
6573,4,2,2
6574,4,0,-2
6574,4,2,-1
6574,4,0,1
6574,4,1,1
6575,4,0,-2
6575,4,2,-1
6575,4,0,1
6575,4,2,1
6576,4,0,-2
6576,4,2,-1
6576,4,0,1
6576,4,-2,2
6577,4,0,-2
6577,4,2,-1
6577,4,0,1
6577,4,-1,2
6578,4,0,-2
6578,4,2,-1
6578,4,0,1
6578,4,0,2
6579,4,0,-2
6579,4,2,-1
6579,4,0,1
6579,4,1,2
6580,4,0,-2
6580,4,2,-1
6580,4,0,1
6580,4,2,2
6581,4,0,-2
6581,4,2,-1
6581,4,1,1
6581,4,2,1
6582,4,0,-2
6582,4,2,-1
6582,4,1,1
6582,4,-2,2
6583,4,0,-2
6583,4,2,-1
6583,4,1,1
6583,4,-1,2
6584,4,0,-2
6584,4,2,-1
6584,4,1,1
6584,4,0,2
6585,4,0,-2
6585,4,2,-1
6585,4,1,1
6585,4,1,2
6586,4,0,-2
6586,4,2,-1
6586,4,1,1
6586,4,2,2
6587,4,0,-2
6587,4,2,-1
6587,4,2,1
6587,4,-2,2
6588,4,0,-2
6588,4,2,-1
6588,4,2,1
6588,4,-1,2
6589,4,0,-2
6589,4,2,-1
6589,4,2,1
6589,4,0,2
6590,4,0,-2
6590,4,2,-1
6590,4,2,1
6590,4,1,2
6591,4,0,-2
6591,4,2,-1
6591,4,2,1
6591,4,2,2
6592,4,0,-2
6592,4,2,-1
6592,4,-2,2
6592,4,-1,2
6593,4,0,-2
6593,4,2,-1
6593,4,-2,2
6593,4,0,2
6594,4,0,-2
6594,4,2,-1
6594,4,-2,2
6594,4,1,2
6595,4,0,-2
6595,4,2,-1
6595,4,-2,2
6595,4,2,2
6596,4,0,-2
6596,4,2,-1
6596,4,-1,2
6596,4,0,2
6597,4,0,-2
6597,4,2,-1
6597,4,-1,2
6597,4,1,2
6598,4,0,-2
6598,4,2,-1
6598,4,-1,2
6598,4,2,2
6599,4,0,-2
6599,4,2,-1
6599,4,0,2
6599,4,1,2
6600,4,0,-2
6600,4,2,-1
6600,4,0,2
6600,4,2,2
6601,4,0,-2
6601,4,2,-1
6601,4,1,2
6601,4,2,2
6602,4,0,-2
6602,4,-2,0
6602,4,-1,0
6602,4,1,0
6603,4,0,-2
6603,4,-2,0
6603,4,-1,0
6603,4,2,0
6604,4,0,-2
6604,4,-2,0
6604,4,-1,0
6604,4,-2,1
6605,4,0,-2
6605,4,-2,0
6605,4,-1,0
6605,4,-1,1
6606,4,0,-2
6606,4,-2,0
6606,4,-1,0
6606,4,0,1
6607,4,0,-2
6607,4,-2,0
6607,4,-1,0
6607,4,1,1
6608,4,0,-2
6608,4,-2,0
6608,4,-1,0
6608,4,2,1
6609,4,0,-2
6609,4,-2,0
6609,4,-1,0
6609,4,-2,2
6610,4,0,-2
6610,4,-2,0
6610,4,-1,0
6610,4,-1,2
6611,4,0,-2
6611,4,-2,0
6611,4,-1,0
6611,4,0,2
6612,4,0,-2
6612,4,-2,0
6612,4,-1,0
6612,4,1,2
6613,4,0,-2
6613,4,-2,0
6613,4,-1,0
6613,4,2,2
6614,4,0,-2
6614,4,-2,0
6614,4,1,0
6614,4,2,0
6615,4,0,-2
6615,4,-2,0
6615,4,1,0
6615,4,-2,1
6616,4,0,-2
6616,4,-2,0
6616,4,1,0
6616,4,-1,1
6617,4,0,-2
6617,4,-2,0
6617,4,1,0
6617,4,0,1
6618,4,0,-2
6618,4,-2,0
6618,4,1,0
6618,4,1,1
6619,4,0,-2
6619,4,-2,0
6619,4,1,0
6619,4,2,1
6620,4,0,-2
6620,4,-2,0
6620,4,1,0
6620,4,-2,2
6621,4,0,-2
6621,4,-2,0
6621,4,1,0
6621,4,-1,2
6622,4,0,-2
6622,4,-2,0
6622,4,1,0
6622,4,0,2
6623,4,0,-2
6623,4,-2,0
6623,4,1,0
6623,4,1,2
6624,4,0,-2
6624,4,-2,0
6624,4,1,0
6624,4,2,2
6625,4,0,-2
6625,4,-2,0
6625,4,2,0
6625,4,-2,1
6626,4,0,-2
6626,4,-2,0
6626,4,2,0
6626,4,-1,1
6627,4,0,-2
6627,4,-2,0
6627,4,2,0
6627,4,0,1
6628,4,0,-2
6628,4,-2,0
6628,4,2,0
6628,4,1,1
6629,4,0,-2
6629,4,-2,0
6629,4,2,0
6629,4,2,1
6630,4,0,-2
6630,4,-2,0
6630,4,2,0
6630,4,-2,2
6631,4,0,-2
6631,4,-2,0
6631,4,2,0
6631,4,-1,2
6632,4,0,-2
6632,4,-2,0
6632,4,2,0
6632,4,0,2
6633,4,0,-2
6633,4,-2,0
6633,4,2,0
6633,4,1,2
6634,4,0,-2
6634,4,-2,0
6634,4,2,0
6634,4,2,2
6635,4,0,-2
6635,4,-2,0
6635,4,-2,1
6635,4,-1,1
6636,4,0,-2
6636,4,-2,0
6636,4,-2,1
6636,4,0,1
6637,4,0,-2
6637,4,-2,0
6637,4,-2,1
6637,4,1,1
6638,4,0,-2
6638,4,-2,0
6638,4,-2,1
6638,4,2,1
6639,4,0,-2
6639,4,-2,0
6639,4,-2,1
6639,4,-2,2
6640,4,0,-2
6640,4,-2,0
6640,4,-2,1
6640,4,-1,2
6641,4,0,-2
6641,4,-2,0
6641,4,-2,1
6641,4,0,2
6642,4,0,-2
6642,4,-2,0
6642,4,-2,1
6642,4,1,2
6643,4,0,-2
6643,4,-2,0
6643,4,-2,1
6643,4,2,2
6644,4,0,-2
6644,4,-2,0
6644,4,-1,1
6644,4,0,1
6645,4,0,-2
6645,4,-2,0
6645,4,-1,1
6645,4,1,1
6646,4,0,-2
6646,4,-2,0
6646,4,-1,1
6646,4,2,1
6647,4,0,-2
6647,4,-2,0
6647,4,-1,1
6647,4,-2,2
6648,4,0,-2
6648,4,-2,0
6648,4,-1,1
6648,4,-1,2
6649,4,0,-2
6649,4,-2,0
6649,4,-1,1
6649,4,0,2
6650,4,0,-2
6650,4,-2,0
6650,4,-1,1
6650,4,1,2
6651,4,0,-2
6651,4,-2,0
6651,4,-1,1
6651,4,2,2
6652,4,0,-2
6652,4,-2,0
6652,4,0,1
6652,4,1,1
6653,4,0,-2
6653,4,-2,0
6653,4,0,1
6653,4,2,1
6654,4,0,-2
6654,4,-2,0
6654,4,0,1
6654,4,-2,2
6655,4,0,-2
6655,4,-2,0
6655,4,0,1
6655,4,-1,2
6656,4,0,-2
6656,4,-2,0
6656,4,0,1
6656,4,0,2
6657,4,0,-2
6657,4,-2,0
6657,4,0,1
6657,4,1,2
6658,4,0,-2
6658,4,-2,0
6658,4,0,1
6658,4,2,2
6659,4,0,-2
6659,4,-2,0
6659,4,1,1
6659,4,2,1
6660,4,0,-2
6660,4,-2,0
6660,4,1,1
6660,4,-2,2
6661,4,0,-2
6661,4,-2,0
6661,4,1,1
6661,4,-1,2
6662,4,0,-2
6662,4,-2,0
6662,4,1,1
6662,4,0,2
6663,4,0,-2
6663,4,-2,0
6663,4,1,1
6663,4,1,2
6664,4,0,-2
6664,4,-2,0
6664,4,1,1
6664,4,2,2
6665,4,0,-2
6665,4,-2,0
6665,4,2,1
6665,4,-2,2
6666,4,0,-2
6666,4,-2,0
6666,4,2,1
6666,4,-1,2
6667,4,0,-2
6667,4,-2,0
6667,4,2,1
6667,4,0,2
6668,4,0,-2
6668,4,-2,0
6668,4,2,1
6668,4,1,2
6669,4,0,-2
6669,4,-2,0
6669,4,2,1
6669,4,2,2
6670,4,0,-2
6670,4,-2,0
6670,4,-2,2
6670,4,-1,2
6671,4,0,-2
6671,4,-2,0
6671,4,-2,2
6671,4,0,2
6672,4,0,-2
6672,4,-2,0
6672,4,-2,2
6672,4,1,2
6673,4,0,-2
6673,4,-2,0
6673,4,-2,2
6673,4,2,2
6674,4,0,-2
6674,4,-2,0
6674,4,-1,2
6674,4,0,2
6675,4,0,-2
6675,4,-2,0
6675,4,-1,2
6675,4,1,2
6676,4,0,-2
6676,4,-2,0
6676,4,-1,2
6676,4,2,2
6677,4,0,-2
6677,4,-2,0
6677,4,0,2
6677,4,1,2
6678,4,0,-2
6678,4,-2,0
6678,4,0,2
6678,4,2,2
6679,4,0,-2
6679,4,-2,0
6679,4,1,2
6679,4,2,2
6680,4,0,-2
6680,4,-1,0
6680,4,1,0
6680,4,2,0
6681,4,0,-2
6681,4,-1,0
6681,4,1,0
6681,4,-2,1
6682,4,0,-2
6682,4,-1,0
6682,4,1,0
6682,4,-1,1
6683,4,0,-2
6683,4,-1,0
6683,4,1,0
6683,4,0,1
6684,4,0,-2
6684,4,-1,0
6684,4,1,0
6684,4,1,1
6685,4,0,-2
6685,4,-1,0
6685,4,1,0
6685,4,2,1
6686,4,0,-2
6686,4,-1,0
6686,4,1,0
6686,4,-2,2
6687,4,0,-2
6687,4,-1,0
6687,4,1,0
6687,4,-1,2
6688,4,0,-2
6688,4,-1,0
6688,4,1,0
6688,4,0,2
6689,4,0,-2
6689,4,-1,0
6689,4,1,0
6689,4,1,2
6690,4,0,-2
6690,4,-1,0
6690,4,1,0
6690,4,2,2
6691,4,0,-2
6691,4,-1,0
6691,4,2,0
6691,4,-2,1
6692,4,0,-2
6692,4,-1,0
6692,4,2,0
6692,4,-1,1
6693,4,0,-2
6693,4,-1,0
6693,4,2,0
6693,4,0,1
6694,4,0,-2
6694,4,-1,0
6694,4,2,0
6694,4,1,1
6695,4,0,-2
6695,4,-1,0
6695,4,2,0
6695,4,2,1
6696,4,0,-2
6696,4,-1,0
6696,4,2,0
6696,4,-2,2
6697,4,0,-2
6697,4,-1,0
6697,4,2,0
6697,4,-1,2
6698,4,0,-2
6698,4,-1,0
6698,4,2,0
6698,4,0,2
6699,4,0,-2
6699,4,-1,0
6699,4,2,0
6699,4,1,2
6700,4,0,-2
6700,4,-1,0
6700,4,2,0
6700,4,2,2
6701,4,0,-2
6701,4,-1,0
6701,4,-2,1
6701,4,-1,1
6702,4,0,-2
6702,4,-1,0
6702,4,-2,1
6702,4,0,1
6703,4,0,-2
6703,4,-1,0
6703,4,-2,1
6703,4,1,1
6704,4,0,-2
6704,4,-1,0
6704,4,-2,1
6704,4,2,1
6705,4,0,-2
6705,4,-1,0
6705,4,-2,1
6705,4,-2,2
6706,4,0,-2
6706,4,-1,0
6706,4,-2,1
6706,4,-1,2
6707,4,0,-2
6707,4,-1,0
6707,4,-2,1
6707,4,0,2
6708,4,0,-2
6708,4,-1,0
6708,4,-2,1
6708,4,1,2
6709,4,0,-2
6709,4,-1,0
6709,4,-2,1
6709,4,2,2
6710,4,0,-2
6710,4,-1,0
6710,4,-1,1
6710,4,0,1
6711,4,0,-2
6711,4,-1,0
6711,4,-1,1
6711,4,1,1
6712,4,0,-2
6712,4,-1,0
6712,4,-1,1
6712,4,2,1
6713,4,0,-2
6713,4,-1,0
6713,4,-1,1
6713,4,-2,2
6714,4,0,-2
6714,4,-1,0
6714,4,-1,1
6714,4,-1,2
6715,4,0,-2
6715,4,-1,0
6715,4,-1,1
6715,4,0,2
6716,4,0,-2
6716,4,-1,0
6716,4,-1,1
6716,4,1,2
6717,4,0,-2
6717,4,-1,0
6717,4,-1,1
6717,4,2,2
6718,4,0,-2
6718,4,-1,0
6718,4,0,1
6718,4,1,1
6719,4,0,-2
6719,4,-1,0
6719,4,0,1
6719,4,2,1
6720,4,0,-2
6720,4,-1,0
6720,4,0,1
6720,4,-2,2
6721,4,0,-2
6721,4,-1,0
6721,4,0,1
6721,4,-1,2
6722,4,0,-2
6722,4,-1,0
6722,4,0,1
6722,4,0,2
6723,4,0,-2
6723,4,-1,0
6723,4,0,1
6723,4,1,2
6724,4,0,-2
6724,4,-1,0
6724,4,0,1
6724,4,2,2
6725,4,0,-2
6725,4,-1,0
6725,4,1,1
6725,4,2,1
6726,4,0,-2
6726,4,-1,0
6726,4,1,1
6726,4,-2,2
6727,4,0,-2
6727,4,-1,0
6727,4,1,1
6727,4,-1,2
6728,4,0,-2
6728,4,-1,0
6728,4,1,1
6728,4,0,2
6729,4,0,-2
6729,4,-1,0
6729,4,1,1
6729,4,1,2
6730,4,0,-2
6730,4,-1,0
6730,4,1,1
6730,4,2,2
6731,4,0,-2
6731,4,-1,0
6731,4,2,1
6731,4,-2,2
6732,4,0,-2
6732,4,-1,0
6732,4,2,1
6732,4,-1,2
6733,4,0,-2
6733,4,-1,0
6733,4,2,1
6733,4,0,2
6734,4,0,-2
6734,4,-1,0
6734,4,2,1
6734,4,1,2
6735,4,0,-2
6735,4,-1,0
6735,4,2,1
6735,4,2,2
6736,4,0,-2
6736,4,-1,0
6736,4,-2,2
6736,4,-1,2
6737,4,0,-2
6737,4,-1,0
6737,4,-2,2
6737,4,0,2
6738,4,0,-2
6738,4,-1,0
6738,4,-2,2
6738,4,1,2
6739,4,0,-2
6739,4,-1,0
6739,4,-2,2
6739,4,2,2
6740,4,0,-2
6740,4,-1,0
6740,4,-1,2
6740,4,0,2
6741,4,0,-2
6741,4,-1,0
6741,4,-1,2
6741,4,1,2
6742,4,0,-2
6742,4,-1,0
6742,4,-1,2
6742,4,2,2
6743,4,0,-2
6743,4,-1,0
6743,4,0,2
6743,4,1,2
6744,4,0,-2
6744,4,-1,0
6744,4,0,2
6744,4,2,2
6745,4,0,-2
6745,4,-1,0
6745,4,1,2
6745,4,2,2
6746,4,0,-2
6746,4,1,0
6746,4,2,0
6746,4,-2,1
6747,4,0,-2
6747,4,1,0
6747,4,2,0
6747,4,-1,1
6748,4,0,-2
6748,4,1,0
6748,4,2,0
6748,4,0,1
6749,4,0,-2
6749,4,1,0
6749,4,2,0
6749,4,1,1
6750,4,0,-2
6750,4,1,0
6750,4,2,0
6750,4,2,1
6751,4,0,-2
6751,4,1,0
6751,4,2,0
6751,4,-2,2
6752,4,0,-2
6752,4,1,0
6752,4,2,0
6752,4,-1,2
6753,4,0,-2
6753,4,1,0
6753,4,2,0
6753,4,0,2
6754,4,0,-2
6754,4,1,0
6754,4,2,0
6754,4,1,2
6755,4,0,-2
6755,4,1,0
6755,4,2,0
6755,4,2,2
6756,4,0,-2
6756,4,1,0
6756,4,-2,1
6756,4,-1,1
6757,4,0,-2
6757,4,1,0
6757,4,-2,1
6757,4,0,1
6758,4,0,-2
6758,4,1,0
6758,4,-2,1
6758,4,1,1
6759,4,0,-2
6759,4,1,0
6759,4,-2,1
6759,4,2,1
6760,4,0,-2
6760,4,1,0
6760,4,-2,1
6760,4,-2,2
6761,4,0,-2
6761,4,1,0
6761,4,-2,1
6761,4,-1,2
6762,4,0,-2
6762,4,1,0
6762,4,-2,1
6762,4,0,2
6763,4,0,-2
6763,4,1,0
6763,4,-2,1
6763,4,1,2
6764,4,0,-2
6764,4,1,0
6764,4,-2,1
6764,4,2,2
6765,4,0,-2
6765,4,1,0
6765,4,-1,1
6765,4,0,1
6766,4,0,-2
6766,4,1,0
6766,4,-1,1
6766,4,1,1
6767,4,0,-2
6767,4,1,0
6767,4,-1,1
6767,4,2,1
6768,4,0,-2
6768,4,1,0
6768,4,-1,1
6768,4,-2,2
6769,4,0,-2
6769,4,1,0
6769,4,-1,1
6769,4,-1,2
6770,4,0,-2
6770,4,1,0
6770,4,-1,1
6770,4,0,2
6771,4,0,-2
6771,4,1,0
6771,4,-1,1
6771,4,1,2
6772,4,0,-2
6772,4,1,0
6772,4,-1,1
6772,4,2,2
6773,4,0,-2
6773,4,1,0
6773,4,0,1
6773,4,1,1
6774,4,0,-2
6774,4,1,0
6774,4,0,1
6774,4,2,1
6775,4,0,-2
6775,4,1,0
6775,4,0,1
6775,4,-2,2
6776,4,0,-2
6776,4,1,0
6776,4,0,1
6776,4,-1,2
6777,4,0,-2
6777,4,1,0
6777,4,0,1
6777,4,0,2
6778,4,0,-2
6778,4,1,0
6778,4,0,1
6778,4,1,2
6779,4,0,-2
6779,4,1,0
6779,4,0,1
6779,4,2,2
6780,4,0,-2
6780,4,1,0
6780,4,1,1
6780,4,2,1
6781,4,0,-2
6781,4,1,0
6781,4,1,1
6781,4,-2,2
6782,4,0,-2
6782,4,1,0
6782,4,1,1
6782,4,-1,2
6783,4,0,-2
6783,4,1,0
6783,4,1,1
6783,4,0,2
6784,4,0,-2
6784,4,1,0
6784,4,1,1
6784,4,1,2
6785,4,0,-2
6785,4,1,0
6785,4,1,1
6785,4,2,2
6786,4,0,-2
6786,4,1,0
6786,4,2,1
6786,4,-2,2
6787,4,0,-2
6787,4,1,0
6787,4,2,1
6787,4,-1,2
6788,4,0,-2
6788,4,1,0
6788,4,2,1
6788,4,0,2
6789,4,0,-2
6789,4,1,0
6789,4,2,1
6789,4,1,2
6790,4,0,-2
6790,4,1,0
6790,4,2,1
6790,4,2,2
6791,4,0,-2
6791,4,1,0
6791,4,-2,2
6791,4,-1,2
6792,4,0,-2
6792,4,1,0
6792,4,-2,2
6792,4,0,2
6793,4,0,-2
6793,4,1,0
6793,4,-2,2
6793,4,1,2
6794,4,0,-2
6794,4,1,0
6794,4,-2,2
6794,4,2,2
6795,4,0,-2
6795,4,1,0
6795,4,-1,2
6795,4,0,2
6796,4,0,-2
6796,4,1,0
6796,4,-1,2
6796,4,1,2
6797,4,0,-2
6797,4,1,0
6797,4,-1,2
6797,4,2,2
6798,4,0,-2
6798,4,1,0
6798,4,0,2
6798,4,1,2
6799,4,0,-2
6799,4,1,0
6799,4,0,2
6799,4,2,2
6800,4,0,-2
6800,4,1,0
6800,4,1,2
6800,4,2,2
6801,4,0,-2
6801,4,2,0
6801,4,-2,1
6801,4,-1,1
6802,4,0,-2
6802,4,2,0
6802,4,-2,1
6802,4,0,1
6803,4,0,-2
6803,4,2,0
6803,4,-2,1
6803,4,1,1
6804,4,0,-2
6804,4,2,0
6804,4,-2,1
6804,4,2,1
6805,4,0,-2
6805,4,2,0
6805,4,-2,1
6805,4,-2,2
6806,4,0,-2
6806,4,2,0
6806,4,-2,1
6806,4,-1,2
6807,4,0,-2
6807,4,2,0
6807,4,-2,1
6807,4,0,2
6808,4,0,-2
6808,4,2,0
6808,4,-2,1
6808,4,1,2
6809,4,0,-2
6809,4,2,0
6809,4,-2,1
6809,4,2,2
6810,4,0,-2
6810,4,2,0
6810,4,-1,1
6810,4,0,1
6811,4,0,-2
6811,4,2,0
6811,4,-1,1
6811,4,1,1
6812,4,0,-2
6812,4,2,0
6812,4,-1,1
6812,4,2,1
6813,4,0,-2
6813,4,2,0
6813,4,-1,1
6813,4,-2,2
6814,4,0,-2
6814,4,2,0
6814,4,-1,1
6814,4,-1,2
6815,4,0,-2
6815,4,2,0
6815,4,-1,1
6815,4,0,2
6816,4,0,-2
6816,4,2,0
6816,4,-1,1
6816,4,1,2
6817,4,0,-2
6817,4,2,0
6817,4,-1,1
6817,4,2,2
6818,4,0,-2
6818,4,2,0
6818,4,0,1
6818,4,1,1
6819,4,0,-2
6819,4,2,0
6819,4,0,1
6819,4,2,1
6820,4,0,-2
6820,4,2,0
6820,4,0,1
6820,4,-2,2
6821,4,0,-2
6821,4,2,0
6821,4,0,1
6821,4,-1,2
6822,4,0,-2
6822,4,2,0
6822,4,0,1
6822,4,0,2
6823,4,0,-2
6823,4,2,0
6823,4,0,1
6823,4,1,2
6824,4,0,-2
6824,4,2,0
6824,4,0,1
6824,4,2,2
6825,4,0,-2
6825,4,2,0
6825,4,1,1
6825,4,2,1
6826,4,0,-2
6826,4,2,0
6826,4,1,1
6826,4,-2,2
6827,4,0,-2
6827,4,2,0
6827,4,1,1
6827,4,-1,2
6828,4,0,-2
6828,4,2,0
6828,4,1,1
6828,4,0,2
6829,4,0,-2
6829,4,2,0
6829,4,1,1
6829,4,1,2
6830,4,0,-2
6830,4,2,0
6830,4,1,1
6830,4,2,2
6831,4,0,-2
6831,4,2,0
6831,4,2,1
6831,4,-2,2
6832,4,0,-2
6832,4,2,0
6832,4,2,1
6832,4,-1,2
6833,4,0,-2
6833,4,2,0
6833,4,2,1
6833,4,0,2
6834,4,0,-2
6834,4,2,0
6834,4,2,1
6834,4,1,2
6835,4,0,-2
6835,4,2,0
6835,4,2,1
6835,4,2,2
6836,4,0,-2
6836,4,2,0
6836,4,-2,2
6836,4,-1,2
6837,4,0,-2
6837,4,2,0
6837,4,-2,2
6837,4,0,2
6838,4,0,-2
6838,4,2,0
6838,4,-2,2
6838,4,1,2
6839,4,0,-2
6839,4,2,0
6839,4,-2,2
6839,4,2,2
6840,4,0,-2
6840,4,2,0
6840,4,-1,2
6840,4,0,2
6841,4,0,-2
6841,4,2,0
6841,4,-1,2
6841,4,1,2
6842,4,0,-2
6842,4,2,0
6842,4,-1,2
6842,4,2,2
6843,4,0,-2
6843,4,2,0
6843,4,0,2
6843,4,1,2
6844,4,0,-2
6844,4,2,0
6844,4,0,2
6844,4,2,2
6845,4,0,-2
6845,4,2,0
6845,4,1,2
6845,4,2,2
6846,4,0,-2
6846,4,-2,1
6846,4,-1,1
6846,4,0,1
6847,4,0,-2
6847,4,-2,1
6847,4,-1,1
6847,4,1,1
6848,4,0,-2
6848,4,-2,1
6848,4,-1,1
6848,4,2,1
6849,4,0,-2
6849,4,-2,1
6849,4,-1,1
6849,4,-2,2
6850,4,0,-2
6850,4,-2,1
6850,4,-1,1
6850,4,-1,2
6851,4,0,-2
6851,4,-2,1
6851,4,-1,1
6851,4,0,2
6852,4,0,-2
6852,4,-2,1
6852,4,-1,1
6852,4,1,2
6853,4,0,-2
6853,4,-2,1
6853,4,-1,1
6853,4,2,2
6854,4,0,-2
6854,4,-2,1
6854,4,0,1
6854,4,1,1
6855,4,0,-2
6855,4,-2,1
6855,4,0,1
6855,4,2,1
6856,4,0,-2
6856,4,-2,1
6856,4,0,1
6856,4,-2,2
6857,4,0,-2
6857,4,-2,1
6857,4,0,1
6857,4,-1,2
6858,4,0,-2
6858,4,-2,1
6858,4,0,1
6858,4,0,2
6859,4,0,-2
6859,4,-2,1
6859,4,0,1
6859,4,1,2
6860,4,0,-2
6860,4,-2,1
6860,4,0,1
6860,4,2,2
6861,4,0,-2
6861,4,-2,1
6861,4,1,1
6861,4,2,1
6862,4,0,-2
6862,4,-2,1
6862,4,1,1
6862,4,-2,2
6863,4,0,-2
6863,4,-2,1
6863,4,1,1
6863,4,-1,2
6864,4,0,-2
6864,4,-2,1
6864,4,1,1
6864,4,0,2
6865,4,0,-2
6865,4,-2,1
6865,4,1,1
6865,4,1,2
6866,4,0,-2
6866,4,-2,1
6866,4,1,1
6866,4,2,2
6867,4,0,-2
6867,4,-2,1
6867,4,2,1
6867,4,-2,2
6868,4,0,-2
6868,4,-2,1
6868,4,2,1
6868,4,-1,2
6869,4,0,-2
6869,4,-2,1
6869,4,2,1
6869,4,0,2
6870,4,0,-2
6870,4,-2,1
6870,4,2,1
6870,4,1,2
6871,4,0,-2
6871,4,-2,1
6871,4,2,1
6871,4,2,2
6872,4,0,-2
6872,4,-2,1
6872,4,-2,2
6872,4,-1,2
6873,4,0,-2
6873,4,-2,1
6873,4,-2,2
6873,4,0,2
6874,4,0,-2
6874,4,-2,1
6874,4,-2,2
6874,4,1,2
6875,4,0,-2
6875,4,-2,1
6875,4,-2,2
6875,4,2,2
6876,4,0,-2
6876,4,-2,1
6876,4,-1,2
6876,4,0,2
6877,4,0,-2
6877,4,-2,1
6877,4,-1,2
6877,4,1,2
6878,4,0,-2
6878,4,-2,1
6878,4,-1,2
6878,4,2,2
6879,4,0,-2
6879,4,-2,1
6879,4,0,2
6879,4,1,2
6880,4,0,-2
6880,4,-2,1
6880,4,0,2
6880,4,2,2
6881,4,0,-2
6881,4,-2,1
6881,4,1,2
6881,4,2,2
6882,4,0,-2
6882,4,-1,1
6882,4,0,1
6882,4,1,1
6883,4,0,-2
6883,4,-1,1
6883,4,0,1
6883,4,2,1
6884,4,0,-2
6884,4,-1,1
6884,4,0,1
6884,4,-2,2
6885,4,0,-2
6885,4,-1,1
6885,4,0,1
6885,4,-1,2
6886,4,0,-2
6886,4,-1,1
6886,4,0,1
6886,4,0,2
6887,4,0,-2
6887,4,-1,1
6887,4,0,1
6887,4,1,2
6888,4,0,-2
6888,4,-1,1
6888,4,0,1
6888,4,2,2
6889,4,0,-2
6889,4,-1,1
6889,4,1,1
6889,4,2,1
6890,4,0,-2
6890,4,-1,1
6890,4,1,1
6890,4,-2,2
6891,4,0,-2
6891,4,-1,1
6891,4,1,1
6891,4,-1,2
6892,4,0,-2
6892,4,-1,1
6892,4,1,1
6892,4,0,2
6893,4,0,-2
6893,4,-1,1
6893,4,1,1
6893,4,1,2
6894,4,0,-2
6894,4,-1,1
6894,4,1,1
6894,4,2,2
6895,4,0,-2
6895,4,-1,1
6895,4,2,1
6895,4,-2,2
6896,4,0,-2
6896,4,-1,1
6896,4,2,1
6896,4,-1,2
6897,4,0,-2
6897,4,-1,1
6897,4,2,1
6897,4,0,2
6898,4,0,-2
6898,4,-1,1
6898,4,2,1
6898,4,1,2
6899,4,0,-2
6899,4,-1,1
6899,4,2,1
6899,4,2,2
6900,4,0,-2
6900,4,-1,1
6900,4,-2,2
6900,4,-1,2
6901,4,0,-2
6901,4,-1,1
6901,4,-2,2
6901,4,0,2
6902,4,0,-2
6902,4,-1,1
6902,4,-2,2
6902,4,1,2
6903,4,0,-2
6903,4,-1,1
6903,4,-2,2
6903,4,2,2
6904,4,0,-2
6904,4,-1,1
6904,4,-1,2
6904,4,0,2
6905,4,0,-2
6905,4,-1,1
6905,4,-1,2
6905,4,1,2
6906,4,0,-2
6906,4,-1,1
6906,4,-1,2
6906,4,2,2
6907,4,0,-2
6907,4,-1,1
6907,4,0,2
6907,4,1,2
6908,4,0,-2
6908,4,-1,1
6908,4,0,2
6908,4,2,2
6909,4,0,-2
6909,4,-1,1
6909,4,1,2
6909,4,2,2
6910,4,0,-2
6910,4,0,1
6910,4,1,1
6910,4,2,1
6911,4,0,-2
6911,4,0,1
6911,4,1,1
6911,4,-2,2
6912,4,0,-2
6912,4,0,1
6912,4,1,1
6912,4,-1,2
6913,4,0,-2
6913,4,0,1
6913,4,1,1
6913,4,0,2
6914,4,0,-2
6914,4,0,1
6914,4,1,1
6914,4,1,2
6915,4,0,-2
6915,4,0,1
6915,4,1,1
6915,4,2,2
6916,4,0,-2
6916,4,0,1
6916,4,2,1
6916,4,-2,2
6917,4,0,-2
6917,4,0,1
6917,4,2,1
6917,4,-1,2
6918,4,0,-2
6918,4,0,1
6918,4,2,1
6918,4,0,2
6919,4,0,-2
6919,4,0,1
6919,4,2,1
6919,4,1,2
6920,4,0,-2
6920,4,0,1
6920,4,2,1
6920,4,2,2
6921,4,0,-2
6921,4,0,1
6921,4,-2,2
6921,4,-1,2
6922,4,0,-2
6922,4,0,1
6922,4,-2,2
6922,4,0,2
6923,4,0,-2
6923,4,0,1
6923,4,-2,2
6923,4,1,2
6924,4,0,-2
6924,4,0,1
6924,4,-2,2
6924,4,2,2
6925,4,0,-2
6925,4,0,1
6925,4,-1,2
6925,4,0,2
6926,4,0,-2
6926,4,0,1
6926,4,-1,2
6926,4,1,2
6927,4,0,-2
6927,4,0,1
6927,4,-1,2
6927,4,2,2
6928,4,0,-2
6928,4,0,1
6928,4,0,2
6928,4,1,2
6929,4,0,-2
6929,4,0,1
6929,4,0,2
6929,4,2,2
6930,4,0,-2
6930,4,0,1
6930,4,1,2
6930,4,2,2
6931,4,0,-2
6931,4,1,1
6931,4,2,1
6931,4,-2,2
6932,4,0,-2
6932,4,1,1
6932,4,2,1
6932,4,-1,2
6933,4,0,-2
6933,4,1,1
6933,4,2,1
6933,4,0,2
6934,4,0,-2
6934,4,1,1
6934,4,2,1
6934,4,1,2
6935,4,0,-2
6935,4,1,1
6935,4,2,1
6935,4,2,2
6936,4,0,-2
6936,4,1,1
6936,4,-2,2
6936,4,-1,2
6937,4,0,-2
6937,4,1,1
6937,4,-2,2
6937,4,0,2
6938,4,0,-2
6938,4,1,1
6938,4,-2,2
6938,4,1,2
6939,4,0,-2
6939,4,1,1
6939,4,-2,2
6939,4,2,2
6940,4,0,-2
6940,4,1,1
6940,4,-1,2
6940,4,0,2
6941,4,0,-2
6941,4,1,1
6941,4,-1,2
6941,4,1,2
6942,4,0,-2
6942,4,1,1
6942,4,-1,2
6942,4,2,2
6943,4,0,-2
6943,4,1,1
6943,4,0,2
6943,4,1,2
6944,4,0,-2
6944,4,1,1
6944,4,0,2
6944,4,2,2
6945,4,0,-2
6945,4,1,1
6945,4,1,2
6945,4,2,2
6946,4,0,-2
6946,4,2,1
6946,4,-2,2
6946,4,-1,2
6947,4,0,-2
6947,4,2,1
6947,4,-2,2
6947,4,0,2
6948,4,0,-2
6948,4,2,1
6948,4,-2,2
6948,4,1,2
6949,4,0,-2
6949,4,2,1
6949,4,-2,2
6949,4,2,2
6950,4,0,-2
6950,4,2,1
6950,4,-1,2
6950,4,0,2
6951,4,0,-2
6951,4,2,1
6951,4,-1,2
6951,4,1,2
6952,4,0,-2
6952,4,2,1
6952,4,-1,2
6952,4,2,2
6953,4,0,-2
6953,4,2,1
6953,4,0,2
6953,4,1,2
6954,4,0,-2
6954,4,2,1
6954,4,0,2
6954,4,2,2
6955,4,0,-2
6955,4,2,1
6955,4,1,2
6955,4,2,2
6956,4,0,-2
6956,4,-2,2
6956,4,-1,2
6956,4,0,2
6957,4,0,-2
6957,4,-2,2
6957,4,-1,2
6957,4,1,2
6958,4,0,-2
6958,4,-2,2
6958,4,-1,2
6958,4,2,2
6959,4,0,-2
6959,4,-2,2
6959,4,0,2
6959,4,1,2
6960,4,0,-2
6960,4,-2,2
6960,4,0,2
6960,4,2,2
6961,4,0,-2
6961,4,-2,2
6961,4,1,2
6961,4,2,2
6962,4,0,-2
6962,4,-1,2
6962,4,0,2
6962,4,1,2
6963,4,0,-2
6963,4,-1,2
6963,4,0,2
6963,4,2,2
6964,4,0,-2
6964,4,-1,2
6964,4,1,2
6964,4,2,2
6965,4,0,-2
6965,4,0,2
6965,4,1,2
6965,4,2,2
6966,4,1,-2
6966,4,2,-2
6966,4,-2,-1
6966,4,-1,-1
6967,4,1,-2
6967,4,2,-2
6967,4,-2,-1
6967,4,0,-1
6968,4,1,-2
6968,4,2,-2
6968,4,-2,-1
6968,4,1,-1
6969,4,1,-2
6969,4,2,-2
6969,4,-2,-1
6969,4,2,-1
6970,4,1,-2
6970,4,2,-2
6970,4,-2,-1
6970,4,-2,0
6971,4,1,-2
6971,4,2,-2
6971,4,-2,-1
6971,4,-1,0
6972,4,1,-2
6972,4,2,-2
6972,4,-2,-1
6972,4,1,0
6973,4,1,-2
6973,4,2,-2
6973,4,-2,-1
6973,4,2,0
6974,4,1,-2
6974,4,2,-2
6974,4,-2,-1
6974,4,-2,1
6975,4,1,-2
6975,4,2,-2
6975,4,-2,-1
6975,4,-1,1
6976,4,1,-2
6976,4,2,-2
6976,4,-2,-1
6976,4,0,1
6977,4,1,-2
6977,4,2,-2
6977,4,-2,-1
6977,4,1,1
6978,4,1,-2
6978,4,2,-2
6978,4,-2,-1
6978,4,2,1
6979,4,1,-2
6979,4,2,-2
6979,4,-2,-1
6979,4,-2,2
6980,4,1,-2
6980,4,2,-2
6980,4,-2,-1
6980,4,-1,2
6981,4,1,-2
6981,4,2,-2
6981,4,-2,-1
6981,4,0,2
6982,4,1,-2
6982,4,2,-2
6982,4,-2,-1
6982,4,1,2
6983,4,1,-2
6983,4,2,-2
6983,4,-2,-1
6983,4,2,2
6984,4,1,-2
6984,4,2,-2
6984,4,-1,-1
6984,4,0,-1
6985,4,1,-2
6985,4,2,-2
6985,4,-1,-1
6985,4,1,-1
6986,4,1,-2
6986,4,2,-2
6986,4,-1,-1
6986,4,2,-1
6987,4,1,-2
6987,4,2,-2
6987,4,-1,-1
6987,4,-2,0
6988,4,1,-2
6988,4,2,-2
6988,4,-1,-1
6988,4,-1,0
6989,4,1,-2
6989,4,2,-2
6989,4,-1,-1
6989,4,1,0
6990,4,1,-2
6990,4,2,-2
6990,4,-1,-1
6990,4,2,0
6991,4,1,-2
6991,4,2,-2
6991,4,-1,-1
6991,4,-2,1
6992,4,1,-2
6992,4,2,-2
6992,4,-1,-1
6992,4,-1,1
6993,4,1,-2
6993,4,2,-2
6993,4,-1,-1
6993,4,0,1
6994,4,1,-2
6994,4,2,-2
6994,4,-1,-1
6994,4,1,1
6995,4,1,-2
6995,4,2,-2
6995,4,-1,-1
6995,4,2,1
6996,4,1,-2
6996,4,2,-2
6996,4,-1,-1
6996,4,-2,2
6997,4,1,-2
6997,4,2,-2
6997,4,-1,-1
6997,4,-1,2
6998,4,1,-2
6998,4,2,-2
6998,4,-1,-1
6998,4,0,2
6999,4,1,-2
6999,4,2,-2
6999,4,-1,-1
6999,4,1,2
7000,4,1,-2
7000,4,2,-2
7000,4,-1,-1
7000,4,2,2
7001,4,1,-2
7001,4,2,-2
7001,4,0,-1
7001,4,1,-1
7002,4,1,-2
7002,4,2,-2
7002,4,0,-1
7002,4,2,-1
7003,4,1,-2
7003,4,2,-2
7003,4,0,-1
7003,4,-2,0
7004,4,1,-2
7004,4,2,-2
7004,4,0,-1
7004,4,-1,0
7005,4,1,-2
7005,4,2,-2
7005,4,0,-1
7005,4,1,0
7006,4,1,-2
7006,4,2,-2
7006,4,0,-1
7006,4,2,0
7007,4,1,-2
7007,4,2,-2
7007,4,0,-1
7007,4,-2,1
7008,4,1,-2
7008,4,2,-2
7008,4,0,-1
7008,4,-1,1
7009,4,1,-2
7009,4,2,-2
7009,4,0,-1
7009,4,0,1
7010,4,1,-2
7010,4,2,-2
7010,4,0,-1
7010,4,1,1
7011,4,1,-2
7011,4,2,-2
7011,4,0,-1
7011,4,2,1
7012,4,1,-2
7012,4,2,-2
7012,4,0,-1
7012,4,-2,2
7013,4,1,-2
7013,4,2,-2
7013,4,0,-1
7013,4,-1,2
7014,4,1,-2
7014,4,2,-2
7014,4,0,-1
7014,4,0,2
7015,4,1,-2
7015,4,2,-2
7015,4,0,-1
7015,4,1,2
7016,4,1,-2
7016,4,2,-2
7016,4,0,-1
7016,4,2,2
7017,4,1,-2
7017,4,2,-2
7017,4,1,-1
7017,4,2,-1
7018,4,1,-2
7018,4,2,-2
7018,4,1,-1
7018,4,-2,0
7019,4,1,-2
7019,4,2,-2
7019,4,1,-1
7019,4,-1,0
7020,4,1,-2
7020,4,2,-2
7020,4,1,-1
7020,4,1,0
7021,4,1,-2
7021,4,2,-2
7021,4,1,-1
7021,4,2,0
7022,4,1,-2
7022,4,2,-2
7022,4,1,-1
7022,4,-2,1
7023,4,1,-2
7023,4,2,-2
7023,4,1,-1
7023,4,-1,1
7024,4,1,-2
7024,4,2,-2
7024,4,1,-1
7024,4,0,1
7025,4,1,-2
7025,4,2,-2
7025,4,1,-1
7025,4,1,1
7026,4,1,-2
7026,4,2,-2
7026,4,1,-1
7026,4,2,1
7027,4,1,-2
7027,4,2,-2
7027,4,1,-1
7027,4,-2,2
7028,4,1,-2
7028,4,2,-2
7028,4,1,-1
7028,4,-1,2
7029,4,1,-2
7029,4,2,-2
7029,4,1,-1
7029,4,0,2
7030,4,1,-2
7030,4,2,-2
7030,4,1,-1
7030,4,1,2
7031,4,1,-2
7031,4,2,-2
7031,4,1,-1
7031,4,2,2
7032,4,1,-2
7032,4,2,-2
7032,4,2,-1
7032,4,-2,0
7033,4,1,-2
7033,4,2,-2
7033,4,2,-1
7033,4,-1,0
7034,4,1,-2
7034,4,2,-2
7034,4,2,-1
7034,4,1,0
7035,4,1,-2
7035,4,2,-2
7035,4,2,-1
7035,4,2,0
7036,4,1,-2
7036,4,2,-2
7036,4,2,-1
7036,4,-2,1
7037,4,1,-2
7037,4,2,-2
7037,4,2,-1
7037,4,-1,1
7038,4,1,-2
7038,4,2,-2
7038,4,2,-1
7038,4,0,1
7039,4,1,-2
7039,4,2,-2
7039,4,2,-1
7039,4,1,1
7040,4,1,-2
7040,4,2,-2
7040,4,2,-1
7040,4,2,1
7041,4,1,-2
7041,4,2,-2
7041,4,2,-1
7041,4,-2,2
7042,4,1,-2
7042,4,2,-2
7042,4,2,-1
7042,4,-1,2
7043,4,1,-2
7043,4,2,-2
7043,4,2,-1
7043,4,0,2
7044,4,1,-2
7044,4,2,-2
7044,4,2,-1
7044,4,1,2
7045,4,1,-2
7045,4,2,-2
7045,4,2,-1
7045,4,2,2
7046,4,1,-2
7046,4,2,-2
7046,4,-2,0
7046,4,-1,0
7047,4,1,-2
7047,4,2,-2
7047,4,-2,0
7047,4,1,0
7048,4,1,-2
7048,4,2,-2
7048,4,-2,0
7048,4,2,0
7049,4,1,-2
7049,4,2,-2
7049,4,-2,0
7049,4,-2,1
7050,4,1,-2
7050,4,2,-2
7050,4,-2,0
7050,4,-1,1
7051,4,1,-2
7051,4,2,-2
7051,4,-2,0
7051,4,0,1
7052,4,1,-2
7052,4,2,-2
7052,4,-2,0
7052,4,1,1
7053,4,1,-2
7053,4,2,-2
7053,4,-2,0
7053,4,2,1
7054,4,1,-2
7054,4,2,-2
7054,4,-2,0
7054,4,-2,2
7055,4,1,-2
7055,4,2,-2
7055,4,-2,0
7055,4,-1,2
7056,4,1,-2
7056,4,2,-2
7056,4,-2,0
7056,4,0,2
7057,4,1,-2
7057,4,2,-2
7057,4,-2,0
7057,4,1,2
7058,4,1,-2
7058,4,2,-2
7058,4,-2,0
7058,4,2,2
7059,4,1,-2
7059,4,2,-2
7059,4,-1,0
7059,4,1,0
7060,4,1,-2
7060,4,2,-2
7060,4,-1,0
7060,4,2,0
7061,4,1,-2
7061,4,2,-2
7061,4,-1,0
7061,4,-2,1
7062,4,1,-2
7062,4,2,-2
7062,4,-1,0
7062,4,-1,1
7063,4,1,-2
7063,4,2,-2
7063,4,-1,0
7063,4,0,1
7064,4,1,-2
7064,4,2,-2
7064,4,-1,0
7064,4,1,1
7065,4,1,-2
7065,4,2,-2
7065,4,-1,0
7065,4,2,1
7066,4,1,-2
7066,4,2,-2
7066,4,-1,0
7066,4,-2,2
7067,4,1,-2
7067,4,2,-2
7067,4,-1,0
7067,4,-1,2
7068,4,1,-2
7068,4,2,-2
7068,4,-1,0
7068,4,0,2
7069,4,1,-2
7069,4,2,-2
7069,4,-1,0
7069,4,1,2
7070,4,1,-2
7070,4,2,-2
7070,4,-1,0
7070,4,2,2
7071,4,1,-2
7071,4,2,-2
7071,4,1,0
7071,4,2,0
7072,4,1,-2
7072,4,2,-2
7072,4,1,0
7072,4,-2,1
7073,4,1,-2
7073,4,2,-2
7073,4,1,0
7073,4,-1,1
7074,4,1,-2
7074,4,2,-2
7074,4,1,0
7074,4,0,1
7075,4,1,-2
7075,4,2,-2
7075,4,1,0
7075,4,1,1
7076,4,1,-2
7076,4,2,-2
7076,4,1,0
7076,4,2,1
7077,4,1,-2
7077,4,2,-2
7077,4,1,0
7077,4,-2,2
7078,4,1,-2
7078,4,2,-2
7078,4,1,0
7078,4,-1,2
7079,4,1,-2
7079,4,2,-2
7079,4,1,0
7079,4,0,2
7080,4,1,-2
7080,4,2,-2
7080,4,1,0
7080,4,1,2
7081,4,1,-2
7081,4,2,-2
7081,4,1,0
7081,4,2,2
7082,4,1,-2
7082,4,2,-2
7082,4,2,0
7082,4,-2,1
7083,4,1,-2
7083,4,2,-2
7083,4,2,0
7083,4,-1,1
7084,4,1,-2
7084,4,2,-2
7084,4,2,0
7084,4,0,1
7085,4,1,-2
7085,4,2,-2
7085,4,2,0
7085,4,1,1
7086,4,1,-2
7086,4,2,-2
7086,4,2,0
7086,4,2,1
7087,4,1,-2
7087,4,2,-2
7087,4,2,0
7087,4,-2,2
7088,4,1,-2
7088,4,2,-2
7088,4,2,0
7088,4,-1,2
7089,4,1,-2
7089,4,2,-2
7089,4,2,0
7089,4,0,2
7090,4,1,-2
7090,4,2,-2
7090,4,2,0
7090,4,1,2
7091,4,1,-2
7091,4,2,-2
7091,4,2,0
7091,4,2,2
7092,4,1,-2
7092,4,2,-2
7092,4,-2,1
7092,4,-1,1
7093,4,1,-2
7093,4,2,-2
7093,4,-2,1
7093,4,0,1
7094,4,1,-2
7094,4,2,-2
7094,4,-2,1
7094,4,1,1
7095,4,1,-2
7095,4,2,-2
7095,4,-2,1
7095,4,2,1
7096,4,1,-2
7096,4,2,-2
7096,4,-2,1
7096,4,-2,2
7097,4,1,-2
7097,4,2,-2
7097,4,-2,1
7097,4,-1,2
7098,4,1,-2
7098,4,2,-2
7098,4,-2,1
7098,4,0,2
7099,4,1,-2
7099,4,2,-2
7099,4,-2,1
7099,4,1,2
7100,4,1,-2
7100,4,2,-2
7100,4,-2,1
7100,4,2,2
7101,4,1,-2
7101,4,2,-2
7101,4,-1,1
7101,4,0,1
7102,4,1,-2
7102,4,2,-2
7102,4,-1,1
7102,4,1,1
7103,4,1,-2
7103,4,2,-2
7103,4,-1,1
7103,4,2,1
7104,4,1,-2
7104,4,2,-2
7104,4,-1,1
7104,4,-2,2
7105,4,1,-2
7105,4,2,-2
7105,4,-1,1
7105,4,-1,2
7106,4,1,-2
7106,4,2,-2
7106,4,-1,1
7106,4,0,2
7107,4,1,-2
7107,4,2,-2
7107,4,-1,1
7107,4,1,2
7108,4,1,-2
7108,4,2,-2
7108,4,-1,1
7108,4,2,2
7109,4,1,-2
7109,4,2,-2
7109,4,0,1
7109,4,1,1
7110,4,1,-2
7110,4,2,-2
7110,4,0,1
7110,4,2,1
7111,4,1,-2
7111,4,2,-2
7111,4,0,1
7111,4,-2,2
7112,4,1,-2
7112,4,2,-2
7112,4,0,1
7112,4,-1,2
7113,4,1,-2
7113,4,2,-2
7113,4,0,1
7113,4,0,2
7114,4,1,-2
7114,4,2,-2
7114,4,0,1
7114,4,1,2
7115,4,1,-2
7115,4,2,-2
7115,4,0,1
7115,4,2,2
7116,4,1,-2
7116,4,2,-2
7116,4,1,1
7116,4,2,1
7117,4,1,-2
7117,4,2,-2
7117,4,1,1
7117,4,-2,2
7118,4,1,-2
7118,4,2,-2
7118,4,1,1
7118,4,-1,2
7119,4,1,-2
7119,4,2,-2
7119,4,1,1
7119,4,0,2
7120,4,1,-2
7120,4,2,-2
7120,4,1,1
7120,4,1,2
7121,4,1,-2
7121,4,2,-2
7121,4,1,1
7121,4,2,2
7122,4,1,-2
7122,4,2,-2
7122,4,2,1
7122,4,-2,2
7123,4,1,-2
7123,4,2,-2
7123,4,2,1
7123,4,-1,2
7124,4,1,-2
7124,4,2,-2
7124,4,2,1
7124,4,0,2
7125,4,1,-2
7125,4,2,-2
7125,4,2,1
7125,4,1,2
7126,4,1,-2
7126,4,2,-2
7126,4,2,1
7126,4,2,2
7127,4,1,-2
7127,4,2,-2
7127,4,-2,2
7127,4,-1,2
7128,4,1,-2
7128,4,2,-2
7128,4,-2,2
7128,4,0,2
7129,4,1,-2
7129,4,2,-2
7129,4,-2,2
7129,4,1,2
7130,4,1,-2
7130,4,2,-2
7130,4,-2,2
7130,4,2,2
7131,4,1,-2
7131,4,2,-2
7131,4,-1,2
7131,4,0,2
7132,4,1,-2
7132,4,2,-2
7132,4,-1,2
7132,4,1,2
7133,4,1,-2
7133,4,2,-2
7133,4,-1,2
7133,4,2,2
7134,4,1,-2
7134,4,2,-2
7134,4,0,2
7134,4,1,2
7135,4,1,-2
7135,4,2,-2
7135,4,0,2
7135,4,2,2
7136,4,1,-2
7136,4,2,-2
7136,4,1,2
7136,4,2,2
7137,4,1,-2
7137,4,-2,-1
7137,4,-1,-1
7137,4,0,-1
7138,4,1,-2
7138,4,-2,-1
7138,4,-1,-1
7138,4,1,-1
7139,4,1,-2
7139,4,-2,-1
7139,4,-1,-1
7139,4,2,-1
7140,4,1,-2
7140,4,-2,-1
7140,4,-1,-1
7140,4,-2,0
7141,4,1,-2
7141,4,-2,-1
7141,4,-1,-1
7141,4,-1,0
7142,4,1,-2
7142,4,-2,-1
7142,4,-1,-1
7142,4,1,0
7143,4,1,-2
7143,4,-2,-1
7143,4,-1,-1
7143,4,2,0
7144,4,1,-2
7144,4,-2,-1
7144,4,-1,-1
7144,4,-2,1
7145,4,1,-2
7145,4,-2,-1
7145,4,-1,-1
7145,4,-1,1
7146,4,1,-2
7146,4,-2,-1
7146,4,-1,-1
7146,4,0,1
7147,4,1,-2
7147,4,-2,-1
7147,4,-1,-1
7147,4,1,1
7148,4,1,-2
7148,4,-2,-1
7148,4,-1,-1
7148,4,2,1
7149,4,1,-2
7149,4,-2,-1
7149,4,-1,-1
7149,4,-2,2
7150,4,1,-2
7150,4,-2,-1
7150,4,-1,-1
7150,4,-1,2
7151,4,1,-2
7151,4,-2,-1
7151,4,-1,-1
7151,4,0,2
7152,4,1,-2
7152,4,-2,-1
7152,4,-1,-1
7152,4,1,2
7153,4,1,-2
7153,4,-2,-1
7153,4,-1,-1
7153,4,2,2
7154,4,1,-2
7154,4,-2,-1
7154,4,0,-1
7154,4,1,-1
7155,4,1,-2
7155,4,-2,-1
7155,4,0,-1
7155,4,2,-1
7156,4,1,-2
7156,4,-2,-1
7156,4,0,-1
7156,4,-2,0
7157,4,1,-2
7157,4,-2,-1
7157,4,0,-1
7157,4,-1,0
7158,4,1,-2
7158,4,-2,-1
7158,4,0,-1
7158,4,1,0
7159,4,1,-2
7159,4,-2,-1
7159,4,0,-1
7159,4,2,0
7160,4,1,-2
7160,4,-2,-1
7160,4,0,-1
7160,4,-2,1
7161,4,1,-2
7161,4,-2,-1
7161,4,0,-1
7161,4,-1,1
7162,4,1,-2
7162,4,-2,-1
7162,4,0,-1
7162,4,0,1
7163,4,1,-2
7163,4,-2,-1
7163,4,0,-1
7163,4,1,1
7164,4,1,-2
7164,4,-2,-1
7164,4,0,-1
7164,4,2,1
7165,4,1,-2
7165,4,-2,-1
7165,4,0,-1
7165,4,-2,2
7166,4,1,-2
7166,4,-2,-1
7166,4,0,-1
7166,4,-1,2
7167,4,1,-2
7167,4,-2,-1
7167,4,0,-1
7167,4,0,2
7168,4,1,-2
7168,4,-2,-1
7168,4,0,-1
7168,4,1,2
7169,4,1,-2
7169,4,-2,-1
7169,4,0,-1
7169,4,2,2
7170,4,1,-2
7170,4,-2,-1
7170,4,1,-1
7170,4,2,-1
7171,4,1,-2
7171,4,-2,-1
7171,4,1,-1
7171,4,-2,0
7172,4,1,-2
7172,4,-2,-1
7172,4,1,-1
7172,4,-1,0
7173,4,1,-2
7173,4,-2,-1
7173,4,1,-1
7173,4,1,0
7174,4,1,-2
7174,4,-2,-1
7174,4,1,-1
7174,4,2,0
7175,4,1,-2
7175,4,-2,-1
7175,4,1,-1
7175,4,-2,1
7176,4,1,-2
7176,4,-2,-1
7176,4,1,-1
7176,4,-1,1
7177,4,1,-2
7177,4,-2,-1
7177,4,1,-1
7177,4,0,1
7178,4,1,-2
7178,4,-2,-1
7178,4,1,-1
7178,4,1,1
7179,4,1,-2
7179,4,-2,-1
7179,4,1,-1
7179,4,2,1
7180,4,1,-2
7180,4,-2,-1
7180,4,1,-1
7180,4,-2,2
7181,4,1,-2
7181,4,-2,-1
7181,4,1,-1
7181,4,-1,2
7182,4,1,-2
7182,4,-2,-1
7182,4,1,-1
7182,4,0,2
7183,4,1,-2
7183,4,-2,-1
7183,4,1,-1
7183,4,1,2
7184,4,1,-2
7184,4,-2,-1
7184,4,1,-1
7184,4,2,2
7185,4,1,-2
7185,4,-2,-1
7185,4,2,-1
7185,4,-2,0
7186,4,1,-2
7186,4,-2,-1
7186,4,2,-1
7186,4,-1,0
7187,4,1,-2
7187,4,-2,-1
7187,4,2,-1
7187,4,1,0
7188,4,1,-2
7188,4,-2,-1
7188,4,2,-1
7188,4,2,0
7189,4,1,-2
7189,4,-2,-1
7189,4,2,-1
7189,4,-2,1
7190,4,1,-2
7190,4,-2,-1
7190,4,2,-1
7190,4,-1,1
7191,4,1,-2
7191,4,-2,-1
7191,4,2,-1
7191,4,0,1
7192,4,1,-2
7192,4,-2,-1
7192,4,2,-1
7192,4,1,1
7193,4,1,-2
7193,4,-2,-1
7193,4,2,-1
7193,4,2,1
7194,4,1,-2
7194,4,-2,-1
7194,4,2,-1
7194,4,-2,2
7195,4,1,-2
7195,4,-2,-1
7195,4,2,-1
7195,4,-1,2
7196,4,1,-2
7196,4,-2,-1
7196,4,2,-1
7196,4,0,2
7197,4,1,-2
7197,4,-2,-1
7197,4,2,-1
7197,4,1,2
7198,4,1,-2
7198,4,-2,-1
7198,4,2,-1
7198,4,2,2
7199,4,1,-2
7199,4,-2,-1
7199,4,-2,0
7199,4,-1,0
7200,4,1,-2
7200,4,-2,-1
7200,4,-2,0
7200,4,1,0
7201,4,1,-2
7201,4,-2,-1
7201,4,-2,0
7201,4,2,0
7202,4,1,-2
7202,4,-2,-1
7202,4,-2,0
7202,4,-2,1
7203,4,1,-2
7203,4,-2,-1
7203,4,-2,0
7203,4,-1,1
7204,4,1,-2
7204,4,-2,-1
7204,4,-2,0
7204,4,0,1
7205,4,1,-2
7205,4,-2,-1
7205,4,-2,0
7205,4,1,1
7206,4,1,-2
7206,4,-2,-1
7206,4,-2,0
7206,4,2,1
7207,4,1,-2
7207,4,-2,-1
7207,4,-2,0
7207,4,-2,2
7208,4,1,-2
7208,4,-2,-1
7208,4,-2,0
7208,4,-1,2
7209,4,1,-2
7209,4,-2,-1
7209,4,-2,0
7209,4,0,2
7210,4,1,-2
7210,4,-2,-1
7210,4,-2,0
7210,4,1,2
7211,4,1,-2
7211,4,-2,-1
7211,4,-2,0
7211,4,2,2
7212,4,1,-2
7212,4,-2,-1
7212,4,-1,0
7212,4,1,0
7213,4,1,-2
7213,4,-2,-1
7213,4,-1,0
7213,4,2,0
7214,4,1,-2
7214,4,-2,-1
7214,4,-1,0
7214,4,-2,1
7215,4,1,-2
7215,4,-2,-1
7215,4,-1,0
7215,4,-1,1
7216,4,1,-2
7216,4,-2,-1
7216,4,-1,0
7216,4,0,1
7217,4,1,-2
7217,4,-2,-1
7217,4,-1,0
7217,4,1,1
7218,4,1,-2
7218,4,-2,-1
7218,4,-1,0
7218,4,2,1
7219,4,1,-2
7219,4,-2,-1
7219,4,-1,0
7219,4,-2,2
7220,4,1,-2
7220,4,-2,-1
7220,4,-1,0
7220,4,-1,2
7221,4,1,-2
7221,4,-2,-1
7221,4,-1,0
7221,4,0,2
7222,4,1,-2
7222,4,-2,-1
7222,4,-1,0
7222,4,1,2
7223,4,1,-2
7223,4,-2,-1
7223,4,-1,0
7223,4,2,2
7224,4,1,-2
7224,4,-2,-1
7224,4,1,0
7224,4,2,0
7225,4,1,-2
7225,4,-2,-1
7225,4,1,0
7225,4,-2,1
7226,4,1,-2
7226,4,-2,-1
7226,4,1,0
7226,4,-1,1
7227,4,1,-2
7227,4,-2,-1
7227,4,1,0
7227,4,0,1
7228,4,1,-2
7228,4,-2,-1
7228,4,1,0
7228,4,1,1
7229,4,1,-2
7229,4,-2,-1
7229,4,1,0
7229,4,2,1
7230,4,1,-2
7230,4,-2,-1
7230,4,1,0
7230,4,-2,2
7231,4,1,-2
7231,4,-2,-1
7231,4,1,0
7231,4,-1,2
7232,4,1,-2
7232,4,-2,-1
7232,4,1,0
7232,4,0,2
7233,4,1,-2
7233,4,-2,-1
7233,4,1,0
7233,4,1,2
7234,4,1,-2
7234,4,-2,-1
7234,4,1,0
7234,4,2,2
7235,4,1,-2
7235,4,-2,-1
7235,4,2,0
7235,4,-2,1
7236,4,1,-2
7236,4,-2,-1
7236,4,2,0
7236,4,-1,1
7237,4,1,-2
7237,4,-2,-1
7237,4,2,0
7237,4,0,1
7238,4,1,-2
7238,4,-2,-1
7238,4,2,0
7238,4,1,1
7239,4,1,-2
7239,4,-2,-1
7239,4,2,0
7239,4,2,1
7240,4,1,-2
7240,4,-2,-1
7240,4,2,0
7240,4,-2,2
7241,4,1,-2
7241,4,-2,-1
7241,4,2,0
7241,4,-1,2
7242,4,1,-2
7242,4,-2,-1
7242,4,2,0
7242,4,0,2
7243,4,1,-2
7243,4,-2,-1
7243,4,2,0
7243,4,1,2
7244,4,1,-2
7244,4,-2,-1
7244,4,2,0
7244,4,2,2
7245,4,1,-2
7245,4,-2,-1
7245,4,-2,1
7245,4,-1,1
7246,4,1,-2
7246,4,-2,-1
7246,4,-2,1
7246,4,0,1
7247,4,1,-2
7247,4,-2,-1
7247,4,-2,1
7247,4,1,1
7248,4,1,-2
7248,4,-2,-1
7248,4,-2,1
7248,4,2,1
7249,4,1,-2
7249,4,-2,-1
7249,4,-2,1
7249,4,-2,2
7250,4,1,-2
7250,4,-2,-1
7250,4,-2,1
7250,4,-1,2
7251,4,1,-2
7251,4,-2,-1
7251,4,-2,1
7251,4,0,2
7252,4,1,-2
7252,4,-2,-1
7252,4,-2,1
7252,4,1,2
7253,4,1,-2
7253,4,-2,-1
7253,4,-2,1
7253,4,2,2
7254,4,1,-2
7254,4,-2,-1
7254,4,-1,1
7254,4,0,1
7255,4,1,-2
7255,4,-2,-1
7255,4,-1,1
7255,4,1,1
7256,4,1,-2
7256,4,-2,-1
7256,4,-1,1
7256,4,2,1
7257,4,1,-2
7257,4,-2,-1
7257,4,-1,1
7257,4,-2,2
7258,4,1,-2
7258,4,-2,-1
7258,4,-1,1
7258,4,-1,2
7259,4,1,-2
7259,4,-2,-1
7259,4,-1,1
7259,4,0,2
7260,4,1,-2
7260,4,-2,-1
7260,4,-1,1
7260,4,1,2
7261,4,1,-2
7261,4,-2,-1
7261,4,-1,1
7261,4,2,2
7262,4,1,-2
7262,4,-2,-1
7262,4,0,1
7262,4,1,1
7263,4,1,-2
7263,4,-2,-1
7263,4,0,1
7263,4,2,1
7264,4,1,-2
7264,4,-2,-1
7264,4,0,1
7264,4,-2,2
7265,4,1,-2
7265,4,-2,-1
7265,4,0,1
7265,4,-1,2
7266,4,1,-2
7266,4,-2,-1
7266,4,0,1
7266,4,0,2
7267,4,1,-2
7267,4,-2,-1
7267,4,0,1
7267,4,1,2
7268,4,1,-2
7268,4,-2,-1
7268,4,0,1
7268,4,2,2
7269,4,1,-2
7269,4,-2,-1
7269,4,1,1
7269,4,2,1
7270,4,1,-2
7270,4,-2,-1
7270,4,1,1
7270,4,-2,2
7271,4,1,-2
7271,4,-2,-1
7271,4,1,1
7271,4,-1,2
7272,4,1,-2
7272,4,-2,-1
7272,4,1,1
7272,4,0,2
7273,4,1,-2
7273,4,-2,-1
7273,4,1,1
7273,4,1,2
7274,4,1,-2
7274,4,-2,-1
7274,4,1,1
7274,4,2,2
7275,4,1,-2
7275,4,-2,-1
7275,4,2,1
7275,4,-2,2
7276,4,1,-2
7276,4,-2,-1
7276,4,2,1
7276,4,-1,2
7277,4,1,-2
7277,4,-2,-1
7277,4,2,1
7277,4,0,2
7278,4,1,-2
7278,4,-2,-1
7278,4,2,1
7278,4,1,2
7279,4,1,-2
7279,4,-2,-1
7279,4,2,1
7279,4,2,2
7280,4,1,-2
7280,4,-2,-1
7280,4,-2,2
7280,4,-1,2
7281,4,1,-2
7281,4,-2,-1
7281,4,-2,2
7281,4,0,2
7282,4,1,-2
7282,4,-2,-1
7282,4,-2,2
7282,4,1,2
7283,4,1,-2
7283,4,-2,-1
7283,4,-2,2
7283,4,2,2
7284,4,1,-2
7284,4,-2,-1
7284,4,-1,2
7284,4,0,2
7285,4,1,-2
7285,4,-2,-1
7285,4,-1,2
7285,4,1,2
7286,4,1,-2
7286,4,-2,-1
7286,4,-1,2
7286,4,2,2
7287,4,1,-2
7287,4,-2,-1
7287,4,0,2
7287,4,1,2
7288,4,1,-2
7288,4,-2,-1
7288,4,0,2
7288,4,2,2
7289,4,1,-2
7289,4,-2,-1
7289,4,1,2
7289,4,2,2
7290,4,1,-2
7290,4,-1,-1
7290,4,0,-1
7290,4,1,-1
7291,4,1,-2
7291,4,-1,-1
7291,4,0,-1
7291,4,2,-1
7292,4,1,-2
7292,4,-1,-1
7292,4,0,-1
7292,4,-2,0
7293,4,1,-2
7293,4,-1,-1
7293,4,0,-1
7293,4,-1,0
7294,4,1,-2
7294,4,-1,-1
7294,4,0,-1
7294,4,1,0
7295,4,1,-2
7295,4,-1,-1
7295,4,0,-1
7295,4,2,0
7296,4,1,-2
7296,4,-1,-1
7296,4,0,-1
7296,4,-2,1
7297,4,1,-2
7297,4,-1,-1
7297,4,0,-1
7297,4,-1,1
7298,4,1,-2
7298,4,-1,-1
7298,4,0,-1
7298,4,0,1
7299,4,1,-2
7299,4,-1,-1
7299,4,0,-1
7299,4,1,1
7300,4,1,-2
7300,4,-1,-1
7300,4,0,-1
7300,4,2,1
7301,4,1,-2
7301,4,-1,-1
7301,4,0,-1
7301,4,-2,2
7302,4,1,-2
7302,4,-1,-1
7302,4,0,-1
7302,4,-1,2
7303,4,1,-2
7303,4,-1,-1
7303,4,0,-1
7303,4,0,2
7304,4,1,-2
7304,4,-1,-1
7304,4,0,-1
7304,4,1,2
7305,4,1,-2
7305,4,-1,-1
7305,4,0,-1
7305,4,2,2
7306,4,1,-2
7306,4,-1,-1
7306,4,1,-1
7306,4,2,-1
7307,4,1,-2
7307,4,-1,-1
7307,4,1,-1
7307,4,-2,0
7308,4,1,-2
7308,4,-1,-1
7308,4,1,-1
7308,4,-1,0
7309,4,1,-2
7309,4,-1,-1
7309,4,1,-1
7309,4,1,0
7310,4,1,-2
7310,4,-1,-1
7310,4,1,-1
7310,4,2,0
7311,4,1,-2
7311,4,-1,-1
7311,4,1,-1
7311,4,-2,1
7312,4,1,-2
7312,4,-1,-1
7312,4,1,-1
7312,4,-1,1
7313,4,1,-2
7313,4,-1,-1
7313,4,1,-1
7313,4,0,1
7314,4,1,-2
7314,4,-1,-1
7314,4,1,-1
7314,4,1,1
7315,4,1,-2
7315,4,-1,-1
7315,4,1,-1
7315,4,2,1
7316,4,1,-2
7316,4,-1,-1
7316,4,1,-1
7316,4,-2,2
7317,4,1,-2
7317,4,-1,-1
7317,4,1,-1
7317,4,-1,2
7318,4,1,-2
7318,4,-1,-1
7318,4,1,-1
7318,4,0,2
7319,4,1,-2
7319,4,-1,-1
7319,4,1,-1
7319,4,1,2
7320,4,1,-2
7320,4,-1,-1
7320,4,1,-1
7320,4,2,2
7321,4,1,-2
7321,4,-1,-1
7321,4,2,-1
7321,4,-2,0
7322,4,1,-2
7322,4,-1,-1
7322,4,2,-1
7322,4,-1,0
7323,4,1,-2
7323,4,-1,-1
7323,4,2,-1
7323,4,1,0
7324,4,1,-2
7324,4,-1,-1
7324,4,2,-1
7324,4,2,0
7325,4,1,-2
7325,4,-1,-1
7325,4,2,-1
7325,4,-2,1
7326,4,1,-2
7326,4,-1,-1
7326,4,2,-1
7326,4,-1,1
7327,4,1,-2
7327,4,-1,-1
7327,4,2,-1
7327,4,0,1
7328,4,1,-2
7328,4,-1,-1
7328,4,2,-1
7328,4,1,1
7329,4,1,-2
7329,4,-1,-1
7329,4,2,-1
7329,4,2,1
7330,4,1,-2
7330,4,-1,-1
7330,4,2,-1
7330,4,-2,2
7331,4,1,-2
7331,4,-1,-1
7331,4,2,-1
7331,4,-1,2
7332,4,1,-2
7332,4,-1,-1
7332,4,2,-1
7332,4,0,2
7333,4,1,-2
7333,4,-1,-1
7333,4,2,-1
7333,4,1,2
7334,4,1,-2
7334,4,-1,-1
7334,4,2,-1
7334,4,2,2
7335,4,1,-2
7335,4,-1,-1
7335,4,-2,0
7335,4,-1,0
7336,4,1,-2
7336,4,-1,-1
7336,4,-2,0
7336,4,1,0
7337,4,1,-2
7337,4,-1,-1
7337,4,-2,0
7337,4,2,0
7338,4,1,-2
7338,4,-1,-1
7338,4,-2,0
7338,4,-2,1
7339,4,1,-2
7339,4,-1,-1
7339,4,-2,0
7339,4,-1,1
7340,4,1,-2
7340,4,-1,-1
7340,4,-2,0
7340,4,0,1
7341,4,1,-2
7341,4,-1,-1
7341,4,-2,0
7341,4,1,1
7342,4,1,-2
7342,4,-1,-1
7342,4,-2,0
7342,4,2,1
7343,4,1,-2
7343,4,-1,-1
7343,4,-2,0
7343,4,-2,2
7344,4,1,-2
7344,4,-1,-1
7344,4,-2,0
7344,4,-1,2
7345,4,1,-2
7345,4,-1,-1
7345,4,-2,0
7345,4,0,2
7346,4,1,-2
7346,4,-1,-1
7346,4,-2,0
7346,4,1,2
7347,4,1,-2
7347,4,-1,-1
7347,4,-2,0
7347,4,2,2
7348,4,1,-2
7348,4,-1,-1
7348,4,-1,0
7348,4,1,0
7349,4,1,-2
7349,4,-1,-1
7349,4,-1,0
7349,4,2,0
7350,4,1,-2
7350,4,-1,-1
7350,4,-1,0
7350,4,-2,1
7351,4,1,-2
7351,4,-1,-1
7351,4,-1,0
7351,4,-1,1
7352,4,1,-2
7352,4,-1,-1
7352,4,-1,0
7352,4,0,1
7353,4,1,-2
7353,4,-1,-1
7353,4,-1,0
7353,4,1,1
7354,4,1,-2
7354,4,-1,-1
7354,4,-1,0
7354,4,2,1
7355,4,1,-2
7355,4,-1,-1
7355,4,-1,0
7355,4,-2,2
7356,4,1,-2
7356,4,-1,-1
7356,4,-1,0
7356,4,-1,2
7357,4,1,-2
7357,4,-1,-1
7357,4,-1,0
7357,4,0,2
7358,4,1,-2
7358,4,-1,-1
7358,4,-1,0
7358,4,1,2
7359,4,1,-2
7359,4,-1,-1
7359,4,-1,0
7359,4,2,2
7360,4,1,-2
7360,4,-1,-1
7360,4,1,0
7360,4,2,0
7361,4,1,-2
7361,4,-1,-1
7361,4,1,0
7361,4,-2,1
7362,4,1,-2
7362,4,-1,-1
7362,4,1,0
7362,4,-1,1
7363,4,1,-2
7363,4,-1,-1
7363,4,1,0
7363,4,0,1
7364,4,1,-2
7364,4,-1,-1
7364,4,1,0
7364,4,1,1
7365,4,1,-2
7365,4,-1,-1
7365,4,1,0
7365,4,2,1
7366,4,1,-2
7366,4,-1,-1
7366,4,1,0
7366,4,-2,2
7367,4,1,-2
7367,4,-1,-1
7367,4,1,0
7367,4,-1,2
7368,4,1,-2
7368,4,-1,-1
7368,4,1,0
7368,4,0,2
7369,4,1,-2
7369,4,-1,-1
7369,4,1,0
7369,4,1,2
7370,4,1,-2
7370,4,-1,-1
7370,4,1,0
7370,4,2,2
7371,4,1,-2
7371,4,-1,-1
7371,4,2,0
7371,4,-2,1
7372,4,1,-2
7372,4,-1,-1
7372,4,2,0
7372,4,-1,1
7373,4,1,-2
7373,4,-1,-1
7373,4,2,0
7373,4,0,1
7374,4,1,-2
7374,4,-1,-1
7374,4,2,0
7374,4,1,1
7375,4,1,-2
7375,4,-1,-1
7375,4,2,0
7375,4,2,1
7376,4,1,-2
7376,4,-1,-1
7376,4,2,0
7376,4,-2,2
7377,4,1,-2
7377,4,-1,-1
7377,4,2,0
7377,4,-1,2
7378,4,1,-2
7378,4,-1,-1
7378,4,2,0
7378,4,0,2
7379,4,1,-2
7379,4,-1,-1
7379,4,2,0
7379,4,1,2
7380,4,1,-2
7380,4,-1,-1
7380,4,2,0
7380,4,2,2
7381,4,1,-2
7381,4,-1,-1
7381,4,-2,1
7381,4,-1,1
7382,4,1,-2
7382,4,-1,-1
7382,4,-2,1
7382,4,0,1
7383,4,1,-2
7383,4,-1,-1
7383,4,-2,1
7383,4,1,1
7384,4,1,-2
7384,4,-1,-1
7384,4,-2,1
7384,4,2,1
7385,4,1,-2
7385,4,-1,-1
7385,4,-2,1
7385,4,-2,2
7386,4,1,-2
7386,4,-1,-1
7386,4,-2,1
7386,4,-1,2
7387,4,1,-2
7387,4,-1,-1
7387,4,-2,1
7387,4,0,2
7388,4,1,-2
7388,4,-1,-1
7388,4,-2,1
7388,4,1,2
7389,4,1,-2
7389,4,-1,-1
7389,4,-2,1
7389,4,2,2
7390,4,1,-2
7390,4,-1,-1
7390,4,-1,1
7390,4,0,1
7391,4,1,-2
7391,4,-1,-1
7391,4,-1,1
7391,4,1,1
7392,4,1,-2
7392,4,-1,-1
7392,4,-1,1
7392,4,2,1
7393,4,1,-2
7393,4,-1,-1
7393,4,-1,1
7393,4,-2,2
7394,4,1,-2
7394,4,-1,-1
7394,4,-1,1
7394,4,-1,2
7395,4,1,-2
7395,4,-1,-1
7395,4,-1,1
7395,4,0,2
7396,4,1,-2
7396,4,-1,-1
7396,4,-1,1
7396,4,1,2
7397,4,1,-2
7397,4,-1,-1
7397,4,-1,1
7397,4,2,2
7398,4,1,-2
7398,4,-1,-1
7398,4,0,1
7398,4,1,1
7399,4,1,-2
7399,4,-1,-1
7399,4,0,1
7399,4,2,1
7400,4,1,-2
7400,4,-1,-1
7400,4,0,1
7400,4,-2,2
7401,4,1,-2
7401,4,-1,-1
7401,4,0,1
7401,4,-1,2
7402,4,1,-2
7402,4,-1,-1
7402,4,0,1
7402,4,0,2
7403,4,1,-2
7403,4,-1,-1
7403,4,0,1
7403,4,1,2
7404,4,1,-2
7404,4,-1,-1
7404,4,0,1
7404,4,2,2
7405,4,1,-2
7405,4,-1,-1
7405,4,1,1
7405,4,2,1
7406,4,1,-2
7406,4,-1,-1
7406,4,1,1
7406,4,-2,2
7407,4,1,-2
7407,4,-1,-1
7407,4,1,1
7407,4,-1,2
7408,4,1,-2
7408,4,-1,-1
7408,4,1,1
7408,4,0,2
7409,4,1,-2
7409,4,-1,-1
7409,4,1,1
7409,4,1,2
7410,4,1,-2
7410,4,-1,-1
7410,4,1,1
7410,4,2,2
7411,4,1,-2
7411,4,-1,-1
7411,4,2,1
7411,4,-2,2
7412,4,1,-2
7412,4,-1,-1
7412,4,2,1
7412,4,-1,2
7413,4,1,-2
7413,4,-1,-1
7413,4,2,1
7413,4,0,2
7414,4,1,-2
7414,4,-1,-1
7414,4,2,1
7414,4,1,2
7415,4,1,-2
7415,4,-1,-1
7415,4,2,1
7415,4,2,2
7416,4,1,-2
7416,4,-1,-1
7416,4,-2,2
7416,4,-1,2
7417,4,1,-2
7417,4,-1,-1
7417,4,-2,2
7417,4,0,2
7418,4,1,-2
7418,4,-1,-1
7418,4,-2,2
7418,4,1,2
7419,4,1,-2
7419,4,-1,-1
7419,4,-2,2
7419,4,2,2
7420,4,1,-2
7420,4,-1,-1
7420,4,-1,2
7420,4,0,2
7421,4,1,-2
7421,4,-1,-1
7421,4,-1,2
7421,4,1,2
7422,4,1,-2
7422,4,-1,-1
7422,4,-1,2
7422,4,2,2
7423,4,1,-2
7423,4,-1,-1
7423,4,0,2
7423,4,1,2
7424,4,1,-2
7424,4,-1,-1
7424,4,0,2
7424,4,2,2
7425,4,1,-2
7425,4,-1,-1
7425,4,1,2
7425,4,2,2
7426,4,1,-2
7426,4,0,-1
7426,4,1,-1
7426,4,2,-1
7427,4,1,-2
7427,4,0,-1
7427,4,1,-1
7427,4,-2,0
7428,4,1,-2
7428,4,0,-1
7428,4,1,-1
7428,4,-1,0
7429,4,1,-2
7429,4,0,-1
7429,4,1,-1
7429,4,1,0
7430,4,1,-2
7430,4,0,-1
7430,4,1,-1
7430,4,2,0
7431,4,1,-2
7431,4,0,-1
7431,4,1,-1
7431,4,-2,1
7432,4,1,-2
7432,4,0,-1
7432,4,1,-1
7432,4,-1,1
7433,4,1,-2
7433,4,0,-1
7433,4,1,-1
7433,4,0,1
7434,4,1,-2
7434,4,0,-1
7434,4,1,-1
7434,4,1,1
7435,4,1,-2
7435,4,0,-1
7435,4,1,-1
7435,4,2,1
7436,4,1,-2
7436,4,0,-1
7436,4,1,-1
7436,4,-2,2
7437,4,1,-2
7437,4,0,-1
7437,4,1,-1
7437,4,-1,2
7438,4,1,-2
7438,4,0,-1
7438,4,1,-1
7438,4,0,2
7439,4,1,-2
7439,4,0,-1
7439,4,1,-1
7439,4,1,2
7440,4,1,-2
7440,4,0,-1
7440,4,1,-1
7440,4,2,2
7441,4,1,-2
7441,4,0,-1
7441,4,2,-1
7441,4,-2,0
7442,4,1,-2
7442,4,0,-1
7442,4,2,-1
7442,4,-1,0
7443,4,1,-2
7443,4,0,-1
7443,4,2,-1
7443,4,1,0
7444,4,1,-2
7444,4,0,-1
7444,4,2,-1
7444,4,2,0
7445,4,1,-2
7445,4,0,-1
7445,4,2,-1
7445,4,-2,1
7446,4,1,-2
7446,4,0,-1
7446,4,2,-1
7446,4,-1,1
7447,4,1,-2
7447,4,0,-1
7447,4,2,-1
7447,4,0,1
7448,4,1,-2
7448,4,0,-1
7448,4,2,-1
7448,4,1,1
7449,4,1,-2
7449,4,0,-1
7449,4,2,-1
7449,4,2,1
7450,4,1,-2
7450,4,0,-1
7450,4,2,-1
7450,4,-2,2
7451,4,1,-2
7451,4,0,-1
7451,4,2,-1
7451,4,-1,2
7452,4,1,-2
7452,4,0,-1
7452,4,2,-1
7452,4,0,2
7453,4,1,-2
7453,4,0,-1
7453,4,2,-1
7453,4,1,2
7454,4,1,-2
7454,4,0,-1
7454,4,2,-1
7454,4,2,2
7455,4,1,-2
7455,4,0,-1
7455,4,-2,0
7455,4,-1,0
7456,4,1,-2
7456,4,0,-1
7456,4,-2,0
7456,4,1,0
7457,4,1,-2
7457,4,0,-1
7457,4,-2,0
7457,4,2,0
7458,4,1,-2
7458,4,0,-1
7458,4,-2,0
7458,4,-2,1
7459,4,1,-2
7459,4,0,-1
7459,4,-2,0
7459,4,-1,1
7460,4,1,-2
7460,4,0,-1
7460,4,-2,0
7460,4,0,1
7461,4,1,-2
7461,4,0,-1
7461,4,-2,0
7461,4,1,1
7462,4,1,-2
7462,4,0,-1
7462,4,-2,0
7462,4,2,1
7463,4,1,-2
7463,4,0,-1
7463,4,-2,0
7463,4,-2,2
7464,4,1,-2
7464,4,0,-1
7464,4,-2,0
7464,4,-1,2
7465,4,1,-2
7465,4,0,-1
7465,4,-2,0
7465,4,0,2
7466,4,1,-2
7466,4,0,-1
7466,4,-2,0
7466,4,1,2
7467,4,1,-2
7467,4,0,-1
7467,4,-2,0
7467,4,2,2
7468,4,1,-2
7468,4,0,-1
7468,4,-1,0
7468,4,1,0
7469,4,1,-2
7469,4,0,-1
7469,4,-1,0
7469,4,2,0
7470,4,1,-2
7470,4,0,-1
7470,4,-1,0
7470,4,-2,1
7471,4,1,-2
7471,4,0,-1
7471,4,-1,0
7471,4,-1,1
7472,4,1,-2
7472,4,0,-1
7472,4,-1,0
7472,4,0,1
7473,4,1,-2
7473,4,0,-1
7473,4,-1,0
7473,4,1,1
7474,4,1,-2
7474,4,0,-1
7474,4,-1,0
7474,4,2,1
7475,4,1,-2
7475,4,0,-1
7475,4,-1,0
7475,4,-2,2
7476,4,1,-2
7476,4,0,-1
7476,4,-1,0
7476,4,-1,2
7477,4,1,-2
7477,4,0,-1
7477,4,-1,0
7477,4,0,2
7478,4,1,-2
7478,4,0,-1
7478,4,-1,0
7478,4,1,2
7479,4,1,-2
7479,4,0,-1
7479,4,-1,0
7479,4,2,2
7480,4,1,-2
7480,4,0,-1
7480,4,1,0
7480,4,2,0
7481,4,1,-2
7481,4,0,-1
7481,4,1,0
7481,4,-2,1
7482,4,1,-2
7482,4,0,-1
7482,4,1,0
7482,4,-1,1
7483,4,1,-2
7483,4,0,-1
7483,4,1,0
7483,4,0,1
7484,4,1,-2
7484,4,0,-1
7484,4,1,0
7484,4,1,1
7485,4,1,-2
7485,4,0,-1
7485,4,1,0
7485,4,2,1
7486,4,1,-2
7486,4,0,-1
7486,4,1,0
7486,4,-2,2
7487,4,1,-2
7487,4,0,-1
7487,4,1,0
7487,4,-1,2
7488,4,1,-2
7488,4,0,-1
7488,4,1,0
7488,4,0,2
7489,4,1,-2
7489,4,0,-1
7489,4,1,0
7489,4,1,2
7490,4,1,-2
7490,4,0,-1
7490,4,1,0
7490,4,2,2
7491,4,1,-2
7491,4,0,-1
7491,4,2,0
7491,4,-2,1
7492,4,1,-2
7492,4,0,-1
7492,4,2,0
7492,4,-1,1
7493,4,1,-2
7493,4,0,-1
7493,4,2,0
7493,4,0,1
7494,4,1,-2
7494,4,0,-1
7494,4,2,0
7494,4,1,1
7495,4,1,-2
7495,4,0,-1
7495,4,2,0
7495,4,2,1
7496,4,1,-2
7496,4,0,-1
7496,4,2,0
7496,4,-2,2
7497,4,1,-2
7497,4,0,-1
7497,4,2,0
7497,4,-1,2
7498,4,1,-2
7498,4,0,-1
7498,4,2,0
7498,4,0,2
7499,4,1,-2
7499,4,0,-1
7499,4,2,0
7499,4,1,2
7500,4,1,-2
7500,4,0,-1
7500,4,2,0
7500,4,2,2
7501,4,1,-2
7501,4,0,-1
7501,4,-2,1
7501,4,-1,1
7502,4,1,-2
7502,4,0,-1
7502,4,-2,1
7502,4,0,1
7503,4,1,-2
7503,4,0,-1
7503,4,-2,1
7503,4,1,1
7504,4,1,-2
7504,4,0,-1
7504,4,-2,1
7504,4,2,1
7505,4,1,-2
7505,4,0,-1
7505,4,-2,1
7505,4,-2,2
7506,4,1,-2
7506,4,0,-1
7506,4,-2,1
7506,4,-1,2
7507,4,1,-2
7507,4,0,-1
7507,4,-2,1
7507,4,0,2
7508,4,1,-2
7508,4,0,-1
7508,4,-2,1
7508,4,1,2
7509,4,1,-2
7509,4,0,-1
7509,4,-2,1
7509,4,2,2
7510,4,1,-2
7510,4,0,-1
7510,4,-1,1
7510,4,0,1
7511,4,1,-2
7511,4,0,-1
7511,4,-1,1
7511,4,1,1
7512,4,1,-2
7512,4,0,-1
7512,4,-1,1
7512,4,2,1
7513,4,1,-2
7513,4,0,-1
7513,4,-1,1
7513,4,-2,2
7514,4,1,-2
7514,4,0,-1
7514,4,-1,1
7514,4,-1,2
7515,4,1,-2
7515,4,0,-1
7515,4,-1,1
7515,4,0,2
7516,4,1,-2
7516,4,0,-1
7516,4,-1,1
7516,4,1,2
7517,4,1,-2
7517,4,0,-1
7517,4,-1,1
7517,4,2,2
7518,4,1,-2
7518,4,0,-1
7518,4,0,1
7518,4,1,1
7519,4,1,-2
7519,4,0,-1
7519,4,0,1
7519,4,2,1
7520,4,1,-2
7520,4,0,-1
7520,4,0,1
7520,4,-2,2
7521,4,1,-2
7521,4,0,-1
7521,4,0,1
7521,4,-1,2
7522,4,1,-2
7522,4,0,-1
7522,4,0,1
7522,4,0,2
7523,4,1,-2
7523,4,0,-1
7523,4,0,1
7523,4,1,2
7524,4,1,-2
7524,4,0,-1
7524,4,0,1
7524,4,2,2
7525,4,1,-2
7525,4,0,-1
7525,4,1,1
7525,4,2,1
7526,4,1,-2
7526,4,0,-1
7526,4,1,1
7526,4,-2,2
7527,4,1,-2
7527,4,0,-1
7527,4,1,1
7527,4,-1,2
7528,4,1,-2
7528,4,0,-1
7528,4,1,1
7528,4,0,2
7529,4,1,-2
7529,4,0,-1
7529,4,1,1
7529,4,1,2
7530,4,1,-2
7530,4,0,-1
7530,4,1,1
7530,4,2,2
7531,4,1,-2
7531,4,0,-1
7531,4,2,1
7531,4,-2,2
7532,4,1,-2
7532,4,0,-1
7532,4,2,1
7532,4,-1,2
7533,4,1,-2
7533,4,0,-1
7533,4,2,1
7533,4,0,2
7534,4,1,-2
7534,4,0,-1
7534,4,2,1
7534,4,1,2
7535,4,1,-2
7535,4,0,-1
7535,4,2,1
7535,4,2,2
7536,4,1,-2
7536,4,0,-1
7536,4,-2,2
7536,4,-1,2
7537,4,1,-2
7537,4,0,-1
7537,4,-2,2
7537,4,0,2
7538,4,1,-2
7538,4,0,-1
7538,4,-2,2
7538,4,1,2
7539,4,1,-2
7539,4,0,-1
7539,4,-2,2
7539,4,2,2
7540,4,1,-2
7540,4,0,-1
7540,4,-1,2
7540,4,0,2
7541,4,1,-2
7541,4,0,-1
7541,4,-1,2
7541,4,1,2
7542,4,1,-2
7542,4,0,-1
7542,4,-1,2
7542,4,2,2
7543,4,1,-2
7543,4,0,-1
7543,4,0,2
7543,4,1,2
7544,4,1,-2
7544,4,0,-1
7544,4,0,2
7544,4,2,2
7545,4,1,-2
7545,4,0,-1
7545,4,1,2
7545,4,2,2
7546,4,1,-2
7546,4,1,-1
7546,4,2,-1
7546,4,-2,0
7547,4,1,-2
7547,4,1,-1
7547,4,2,-1
7547,4,-1,0
7548,4,1,-2
7548,4,1,-1
7548,4,2,-1
7548,4,1,0
7549,4,1,-2
7549,4,1,-1
7549,4,2,-1
7549,4,2,0
7550,4,1,-2
7550,4,1,-1
7550,4,2,-1
7550,4,-2,1
7551,4,1,-2
7551,4,1,-1
7551,4,2,-1
7551,4,-1,1
7552,4,1,-2
7552,4,1,-1
7552,4,2,-1
7552,4,0,1
7553,4,1,-2
7553,4,1,-1
7553,4,2,-1
7553,4,1,1
7554,4,1,-2
7554,4,1,-1
7554,4,2,-1
7554,4,2,1
7555,4,1,-2
7555,4,1,-1
7555,4,2,-1
7555,4,-2,2
7556,4,1,-2
7556,4,1,-1
7556,4,2,-1
7556,4,-1,2
7557,4,1,-2
7557,4,1,-1
7557,4,2,-1
7557,4,0,2
7558,4,1,-2
7558,4,1,-1
7558,4,2,-1
7558,4,1,2
7559,4,1,-2
7559,4,1,-1
7559,4,2,-1
7559,4,2,2
7560,4,1,-2
7560,4,1,-1
7560,4,-2,0
7560,4,-1,0
7561,4,1,-2
7561,4,1,-1
7561,4,-2,0
7561,4,1,0
7562,4,1,-2
7562,4,1,-1
7562,4,-2,0
7562,4,2,0
7563,4,1,-2
7563,4,1,-1
7563,4,-2,0
7563,4,-2,1
7564,4,1,-2
7564,4,1,-1
7564,4,-2,0
7564,4,-1,1
7565,4,1,-2
7565,4,1,-1
7565,4,-2,0
7565,4,0,1
7566,4,1,-2
7566,4,1,-1
7566,4,-2,0
7566,4,1,1
7567,4,1,-2
7567,4,1,-1
7567,4,-2,0
7567,4,2,1
7568,4,1,-2
7568,4,1,-1
7568,4,-2,0
7568,4,-2,2
7569,4,1,-2
7569,4,1,-1
7569,4,-2,0
7569,4,-1,2
7570,4,1,-2
7570,4,1,-1
7570,4,-2,0
7570,4,0,2
7571,4,1,-2
7571,4,1,-1
7571,4,-2,0
7571,4,1,2
7572,4,1,-2
7572,4,1,-1
7572,4,-2,0
7572,4,2,2
7573,4,1,-2
7573,4,1,-1
7573,4,-1,0
7573,4,1,0
7574,4,1,-2
7574,4,1,-1
7574,4,-1,0
7574,4,2,0
7575,4,1,-2
7575,4,1,-1
7575,4,-1,0
7575,4,-2,1
7576,4,1,-2
7576,4,1,-1
7576,4,-1,0
7576,4,-1,1
7577,4,1,-2
7577,4,1,-1
7577,4,-1,0
7577,4,0,1
7578,4,1,-2
7578,4,1,-1
7578,4,-1,0
7578,4,1,1
7579,4,1,-2
7579,4,1,-1
7579,4,-1,0
7579,4,2,1
7580,4,1,-2
7580,4,1,-1
7580,4,-1,0
7580,4,-2,2
7581,4,1,-2
7581,4,1,-1
7581,4,-1,0
7581,4,-1,2
7582,4,1,-2
7582,4,1,-1
7582,4,-1,0
7582,4,0,2
7583,4,1,-2
7583,4,1,-1
7583,4,-1,0
7583,4,1,2
7584,4,1,-2
7584,4,1,-1
7584,4,-1,0
7584,4,2,2
7585,4,1,-2
7585,4,1,-1
7585,4,1,0
7585,4,2,0
7586,4,1,-2
7586,4,1,-1
7586,4,1,0
7586,4,-2,1
7587,4,1,-2
7587,4,1,-1
7587,4,1,0
7587,4,-1,1
7588,4,1,-2
7588,4,1,-1
7588,4,1,0
7588,4,0,1
7589,4,1,-2
7589,4,1,-1
7589,4,1,0
7589,4,1,1
7590,4,1,-2
7590,4,1,-1
7590,4,1,0
7590,4,2,1
7591,4,1,-2
7591,4,1,-1
7591,4,1,0
7591,4,-2,2
7592,4,1,-2
7592,4,1,-1
7592,4,1,0
7592,4,-1,2
7593,4,1,-2
7593,4,1,-1
7593,4,1,0
7593,4,0,2
7594,4,1,-2
7594,4,1,-1
7594,4,1,0
7594,4,1,2
7595,4,1,-2
7595,4,1,-1
7595,4,1,0
7595,4,2,2
7596,4,1,-2
7596,4,1,-1
7596,4,2,0
7596,4,-2,1
7597,4,1,-2
7597,4,1,-1
7597,4,2,0
7597,4,-1,1
7598,4,1,-2
7598,4,1,-1
7598,4,2,0
7598,4,0,1
7599,4,1,-2
7599,4,1,-1
7599,4,2,0
7599,4,1,1
7600,4,1,-2
7600,4,1,-1
7600,4,2,0
7600,4,2,1
7601,4,1,-2
7601,4,1,-1
7601,4,2,0
7601,4,-2,2
7602,4,1,-2
7602,4,1,-1
7602,4,2,0
7602,4,-1,2
7603,4,1,-2
7603,4,1,-1
7603,4,2,0
7603,4,0,2
7604,4,1,-2
7604,4,1,-1
7604,4,2,0
7604,4,1,2
7605,4,1,-2
7605,4,1,-1
7605,4,2,0
7605,4,2,2
7606,4,1,-2
7606,4,1,-1
7606,4,-2,1
7606,4,-1,1
7607,4,1,-2
7607,4,1,-1
7607,4,-2,1
7607,4,0,1
7608,4,1,-2
7608,4,1,-1
7608,4,-2,1
7608,4,1,1
7609,4,1,-2
7609,4,1,-1
7609,4,-2,1
7609,4,2,1
7610,4,1,-2
7610,4,1,-1
7610,4,-2,1
7610,4,-2,2
7611,4,1,-2
7611,4,1,-1
7611,4,-2,1
7611,4,-1,2
7612,4,1,-2
7612,4,1,-1
7612,4,-2,1
7612,4,0,2
7613,4,1,-2
7613,4,1,-1
7613,4,-2,1
7613,4,1,2
7614,4,1,-2
7614,4,1,-1
7614,4,-2,1
7614,4,2,2
7615,4,1,-2
7615,4,1,-1
7615,4,-1,1
7615,4,0,1
7616,4,1,-2
7616,4,1,-1
7616,4,-1,1
7616,4,1,1
7617,4,1,-2
7617,4,1,-1
7617,4,-1,1
7617,4,2,1
7618,4,1,-2
7618,4,1,-1
7618,4,-1,1
7618,4,-2,2
7619,4,1,-2
7619,4,1,-1
7619,4,-1,1
7619,4,-1,2
7620,4,1,-2
7620,4,1,-1
7620,4,-1,1
7620,4,0,2
7621,4,1,-2
7621,4,1,-1
7621,4,-1,1
7621,4,1,2
7622,4,1,-2
7622,4,1,-1
7622,4,-1,1
7622,4,2,2
7623,4,1,-2
7623,4,1,-1
7623,4,0,1
7623,4,1,1
7624,4,1,-2
7624,4,1,-1
7624,4,0,1
7624,4,2,1
7625,4,1,-2
7625,4,1,-1
7625,4,0,1
7625,4,-2,2
7626,4,1,-2
7626,4,1,-1
7626,4,0,1
7626,4,-1,2
7627,4,1,-2
7627,4,1,-1
7627,4,0,1
7627,4,0,2
7628,4,1,-2
7628,4,1,-1
7628,4,0,1
7628,4,1,2
7629,4,1,-2
7629,4,1,-1
7629,4,0,1
7629,4,2,2
7630,4,1,-2
7630,4,1,-1
7630,4,1,1
7630,4,2,1
7631,4,1,-2
7631,4,1,-1
7631,4,1,1
7631,4,-2,2
7632,4,1,-2
7632,4,1,-1
7632,4,1,1
7632,4,-1,2
7633,4,1,-2
7633,4,1,-1
7633,4,1,1
7633,4,0,2
7634,4,1,-2
7634,4,1,-1
7634,4,1,1
7634,4,1,2
7635,4,1,-2
7635,4,1,-1
7635,4,1,1
7635,4,2,2
7636,4,1,-2
7636,4,1,-1
7636,4,2,1
7636,4,-2,2
7637,4,1,-2
7637,4,1,-1
7637,4,2,1
7637,4,-1,2
7638,4,1,-2
7638,4,1,-1
7638,4,2,1
7638,4,0,2
7639,4,1,-2
7639,4,1,-1
7639,4,2,1
7639,4,1,2
7640,4,1,-2
7640,4,1,-1
7640,4,2,1
7640,4,2,2
7641,4,1,-2
7641,4,1,-1
7641,4,-2,2
7641,4,-1,2
7642,4,1,-2
7642,4,1,-1
7642,4,-2,2
7642,4,0,2
7643,4,1,-2
7643,4,1,-1
7643,4,-2,2
7643,4,1,2
7644,4,1,-2
7644,4,1,-1
7644,4,-2,2
7644,4,2,2
7645,4,1,-2
7645,4,1,-1
7645,4,-1,2
7645,4,0,2
7646,4,1,-2
7646,4,1,-1
7646,4,-1,2
7646,4,1,2
7647,4,1,-2
7647,4,1,-1
7647,4,-1,2
7647,4,2,2
7648,4,1,-2
7648,4,1,-1
7648,4,0,2
7648,4,1,2
7649,4,1,-2
7649,4,1,-1
7649,4,0,2
7649,4,2,2
7650,4,1,-2
7650,4,1,-1
7650,4,1,2
7650,4,2,2
7651,4,1,-2
7651,4,2,-1
7651,4,-2,0
7651,4,-1,0
7652,4,1,-2
7652,4,2,-1
7652,4,-2,0
7652,4,1,0
7653,4,1,-2
7653,4,2,-1
7653,4,-2,0
7653,4,2,0
7654,4,1,-2
7654,4,2,-1
7654,4,-2,0
7654,4,-2,1
7655,4,1,-2
7655,4,2,-1
7655,4,-2,0
7655,4,-1,1
7656,4,1,-2
7656,4,2,-1
7656,4,-2,0
7656,4,0,1
7657,4,1,-2
7657,4,2,-1
7657,4,-2,0
7657,4,1,1
7658,4,1,-2
7658,4,2,-1
7658,4,-2,0
7658,4,2,1
7659,4,1,-2
7659,4,2,-1
7659,4,-2,0
7659,4,-2,2
7660,4,1,-2
7660,4,2,-1
7660,4,-2,0
7660,4,-1,2
7661,4,1,-2
7661,4,2,-1
7661,4,-2,0
7661,4,0,2
7662,4,1,-2
7662,4,2,-1
7662,4,-2,0
7662,4,1,2
7663,4,1,-2
7663,4,2,-1
7663,4,-2,0
7663,4,2,2
7664,4,1,-2
7664,4,2,-1
7664,4,-1,0
7664,4,1,0
7665,4,1,-2
7665,4,2,-1
7665,4,-1,0
7665,4,2,0
7666,4,1,-2
7666,4,2,-1
7666,4,-1,0
7666,4,-2,1
7667,4,1,-2
7667,4,2,-1
7667,4,-1,0
7667,4,-1,1
7668,4,1,-2
7668,4,2,-1
7668,4,-1,0
7668,4,0,1
7669,4,1,-2
7669,4,2,-1
7669,4,-1,0
7669,4,1,1
7670,4,1,-2
7670,4,2,-1
7670,4,-1,0
7670,4,2,1
7671,4,1,-2
7671,4,2,-1
7671,4,-1,0
7671,4,-2,2
7672,4,1,-2
7672,4,2,-1
7672,4,-1,0
7672,4,-1,2
7673,4,1,-2
7673,4,2,-1
7673,4,-1,0
7673,4,0,2
7674,4,1,-2
7674,4,2,-1
7674,4,-1,0
7674,4,1,2
7675,4,1,-2
7675,4,2,-1
7675,4,-1,0
7675,4,2,2
7676,4,1,-2
7676,4,2,-1
7676,4,1,0
7676,4,2,0
7677,4,1,-2
7677,4,2,-1
7677,4,1,0
7677,4,-2,1
7678,4,1,-2
7678,4,2,-1
7678,4,1,0
7678,4,-1,1
7679,4,1,-2
7679,4,2,-1
7679,4,1,0
7679,4,0,1
7680,4,1,-2
7680,4,2,-1
7680,4,1,0
7680,4,1,1
7681,4,1,-2
7681,4,2,-1
7681,4,1,0
7681,4,2,1
7682,4,1,-2
7682,4,2,-1
7682,4,1,0
7682,4,-2,2
7683,4,1,-2
7683,4,2,-1
7683,4,1,0
7683,4,-1,2
7684,4,1,-2
7684,4,2,-1
7684,4,1,0
7684,4,0,2
7685,4,1,-2
7685,4,2,-1
7685,4,1,0
7685,4,1,2
7686,4,1,-2
7686,4,2,-1
7686,4,1,0
7686,4,2,2
7687,4,1,-2
7687,4,2,-1
7687,4,2,0
7687,4,-2,1
7688,4,1,-2
7688,4,2,-1
7688,4,2,0
7688,4,-1,1
7689,4,1,-2
7689,4,2,-1
7689,4,2,0
7689,4,0,1
7690,4,1,-2
7690,4,2,-1
7690,4,2,0
7690,4,1,1
7691,4,1,-2
7691,4,2,-1
7691,4,2,0
7691,4,2,1
7692,4,1,-2
7692,4,2,-1
7692,4,2,0
7692,4,-2,2
7693,4,1,-2
7693,4,2,-1
7693,4,2,0
7693,4,-1,2
7694,4,1,-2
7694,4,2,-1
7694,4,2,0
7694,4,0,2
7695,4,1,-2
7695,4,2,-1
7695,4,2,0
7695,4,1,2
7696,4,1,-2
7696,4,2,-1
7696,4,2,0
7696,4,2,2
7697,4,1,-2
7697,4,2,-1
7697,4,-2,1
7697,4,-1,1
7698,4,1,-2
7698,4,2,-1
7698,4,-2,1
7698,4,0,1
7699,4,1,-2
7699,4,2,-1
7699,4,-2,1
7699,4,1,1
7700,4,1,-2
7700,4,2,-1
7700,4,-2,1
7700,4,2,1
7701,4,1,-2
7701,4,2,-1
7701,4,-2,1
7701,4,-2,2
7702,4,1,-2
7702,4,2,-1
7702,4,-2,1
7702,4,-1,2
7703,4,1,-2
7703,4,2,-1
7703,4,-2,1
7703,4,0,2
7704,4,1,-2
7704,4,2,-1
7704,4,-2,1
7704,4,1,2
7705,4,1,-2
7705,4,2,-1
7705,4,-2,1
7705,4,2,2
7706,4,1,-2
7706,4,2,-1
7706,4,-1,1
7706,4,0,1
7707,4,1,-2
7707,4,2,-1
7707,4,-1,1
7707,4,1,1
7708,4,1,-2
7708,4,2,-1
7708,4,-1,1
7708,4,2,1
7709,4,1,-2
7709,4,2,-1
7709,4,-1,1
7709,4,-2,2
7710,4,1,-2
7710,4,2,-1
7710,4,-1,1
7710,4,-1,2
7711,4,1,-2
7711,4,2,-1
7711,4,-1,1
7711,4,0,2
7712,4,1,-2
7712,4,2,-1
7712,4,-1,1
7712,4,1,2
7713,4,1,-2
7713,4,2,-1
7713,4,-1,1
7713,4,2,2
7714,4,1,-2
7714,4,2,-1
7714,4,0,1
7714,4,1,1
7715,4,1,-2
7715,4,2,-1
7715,4,0,1
7715,4,2,1
7716,4,1,-2
7716,4,2,-1
7716,4,0,1
7716,4,-2,2
7717,4,1,-2
7717,4,2,-1
7717,4,0,1
7717,4,-1,2
7718,4,1,-2
7718,4,2,-1
7718,4,0,1
7718,4,0,2
7719,4,1,-2
7719,4,2,-1
7719,4,0,1
7719,4,1,2
7720,4,1,-2
7720,4,2,-1
7720,4,0,1
7720,4,2,2
7721,4,1,-2
7721,4,2,-1
7721,4,1,1
7721,4,2,1
7722,4,1,-2
7722,4,2,-1
7722,4,1,1
7722,4,-2,2
7723,4,1,-2
7723,4,2,-1
7723,4,1,1
7723,4,-1,2
7724,4,1,-2
7724,4,2,-1
7724,4,1,1
7724,4,0,2
7725,4,1,-2
7725,4,2,-1
7725,4,1,1
7725,4,1,2
7726,4,1,-2
7726,4,2,-1
7726,4,1,1
7726,4,2,2
7727,4,1,-2
7727,4,2,-1
7727,4,2,1
7727,4,-2,2
7728,4,1,-2
7728,4,2,-1
7728,4,2,1
7728,4,-1,2
7729,4,1,-2
7729,4,2,-1
7729,4,2,1
7729,4,0,2
7730,4,1,-2
7730,4,2,-1
7730,4,2,1
7730,4,1,2
7731,4,1,-2
7731,4,2,-1
7731,4,2,1
7731,4,2,2
7732,4,1,-2
7732,4,2,-1
7732,4,-2,2
7732,4,-1,2
7733,4,1,-2
7733,4,2,-1
7733,4,-2,2
7733,4,0,2
7734,4,1,-2
7734,4,2,-1
7734,4,-2,2
7734,4,1,2
7735,4,1,-2
7735,4,2,-1
7735,4,-2,2
7735,4,2,2
7736,4,1,-2
7736,4,2,-1
7736,4,-1,2
7736,4,0,2
7737,4,1,-2
7737,4,2,-1
7737,4,-1,2
7737,4,1,2
7738,4,1,-2
7738,4,2,-1
7738,4,-1,2
7738,4,2,2
7739,4,1,-2
7739,4,2,-1
7739,4,0,2
7739,4,1,2
7740,4,1,-2
7740,4,2,-1
7740,4,0,2
7740,4,2,2
7741,4,1,-2
7741,4,2,-1
7741,4,1,2
7741,4,2,2
7742,4,1,-2
7742,4,-2,0
7742,4,-1,0
7742,4,1,0
7743,4,1,-2
7743,4,-2,0
7743,4,-1,0
7743,4,2,0
7744,4,1,-2
7744,4,-2,0
7744,4,-1,0
7744,4,-2,1
7745,4,1,-2
7745,4,-2,0
7745,4,-1,0
7745,4,-1,1
7746,4,1,-2
7746,4,-2,0
7746,4,-1,0
7746,4,0,1
7747,4,1,-2
7747,4,-2,0
7747,4,-1,0
7747,4,1,1
7748,4,1,-2
7748,4,-2,0
7748,4,-1,0
7748,4,2,1
7749,4,1,-2
7749,4,-2,0
7749,4,-1,0
7749,4,-2,2
7750,4,1,-2
7750,4,-2,0
7750,4,-1,0
7750,4,-1,2
7751,4,1,-2
7751,4,-2,0
7751,4,-1,0
7751,4,0,2
7752,4,1,-2
7752,4,-2,0
7752,4,-1,0
7752,4,1,2
7753,4,1,-2
7753,4,-2,0
7753,4,-1,0
7753,4,2,2
7754,4,1,-2
7754,4,-2,0
7754,4,1,0
7754,4,2,0
7755,4,1,-2
7755,4,-2,0
7755,4,1,0
7755,4,-2,1
7756,4,1,-2
7756,4,-2,0
7756,4,1,0
7756,4,-1,1
7757,4,1,-2
7757,4,-2,0
7757,4,1,0
7757,4,0,1
7758,4,1,-2
7758,4,-2,0
7758,4,1,0
7758,4,1,1
7759,4,1,-2
7759,4,-2,0
7759,4,1,0
7759,4,2,1
7760,4,1,-2
7760,4,-2,0
7760,4,1,0
7760,4,-2,2
7761,4,1,-2
7761,4,-2,0
7761,4,1,0
7761,4,-1,2
7762,4,1,-2
7762,4,-2,0
7762,4,1,0
7762,4,0,2
7763,4,1,-2
7763,4,-2,0
7763,4,1,0
7763,4,1,2
7764,4,1,-2
7764,4,-2,0
7764,4,1,0
7764,4,2,2
7765,4,1,-2
7765,4,-2,0
7765,4,2,0
7765,4,-2,1
7766,4,1,-2
7766,4,-2,0
7766,4,2,0
7766,4,-1,1
7767,4,1,-2
7767,4,-2,0
7767,4,2,0
7767,4,0,1
7768,4,1,-2
7768,4,-2,0
7768,4,2,0
7768,4,1,1
7769,4,1,-2
7769,4,-2,0
7769,4,2,0
7769,4,2,1
7770,4,1,-2
7770,4,-2,0
7770,4,2,0
7770,4,-2,2
7771,4,1,-2
7771,4,-2,0
7771,4,2,0
7771,4,-1,2
7772,4,1,-2
7772,4,-2,0
7772,4,2,0
7772,4,0,2
7773,4,1,-2
7773,4,-2,0
7773,4,2,0
7773,4,1,2
7774,4,1,-2
7774,4,-2,0
7774,4,2,0
7774,4,2,2
7775,4,1,-2
7775,4,-2,0
7775,4,-2,1
7775,4,-1,1
7776,4,1,-2
7776,4,-2,0
7776,4,-2,1
7776,4,0,1
7777,4,1,-2
7777,4,-2,0
7777,4,-2,1
7777,4,1,1
7778,4,1,-2
7778,4,-2,0
7778,4,-2,1
7778,4,2,1
7779,4,1,-2
7779,4,-2,0
7779,4,-2,1
7779,4,-2,2
7780,4,1,-2
7780,4,-2,0
7780,4,-2,1
7780,4,-1,2
7781,4,1,-2
7781,4,-2,0
7781,4,-2,1
7781,4,0,2
7782,4,1,-2
7782,4,-2,0
7782,4,-2,1
7782,4,1,2
7783,4,1,-2
7783,4,-2,0
7783,4,-2,1
7783,4,2,2
7784,4,1,-2
7784,4,-2,0
7784,4,-1,1
7784,4,0,1
7785,4,1,-2
7785,4,-2,0
7785,4,-1,1
7785,4,1,1
7786,4,1,-2
7786,4,-2,0
7786,4,-1,1
7786,4,2,1
7787,4,1,-2
7787,4,-2,0
7787,4,-1,1
7787,4,-2,2
7788,4,1,-2
7788,4,-2,0
7788,4,-1,1
7788,4,-1,2
7789,4,1,-2
7789,4,-2,0
7789,4,-1,1
7789,4,0,2
7790,4,1,-2
7790,4,-2,0
7790,4,-1,1
7790,4,1,2
7791,4,1,-2
7791,4,-2,0
7791,4,-1,1
7791,4,2,2
7792,4,1,-2
7792,4,-2,0
7792,4,0,1
7792,4,1,1
7793,4,1,-2
7793,4,-2,0
7793,4,0,1
7793,4,2,1
7794,4,1,-2
7794,4,-2,0
7794,4,0,1
7794,4,-2,2
7795,4,1,-2
7795,4,-2,0
7795,4,0,1
7795,4,-1,2
7796,4,1,-2
7796,4,-2,0
7796,4,0,1
7796,4,0,2
7797,4,1,-2
7797,4,-2,0
7797,4,0,1
7797,4,1,2
7798,4,1,-2
7798,4,-2,0
7798,4,0,1
7798,4,2,2
7799,4,1,-2
7799,4,-2,0
7799,4,1,1
7799,4,2,1
7800,4,1,-2
7800,4,-2,0
7800,4,1,1
7800,4,-2,2
7801,4,1,-2
7801,4,-2,0
7801,4,1,1
7801,4,-1,2
7802,4,1,-2
7802,4,-2,0
7802,4,1,1
7802,4,0,2
7803,4,1,-2
7803,4,-2,0
7803,4,1,1
7803,4,1,2
7804,4,1,-2
7804,4,-2,0
7804,4,1,1
7804,4,2,2
7805,4,1,-2
7805,4,-2,0
7805,4,2,1
7805,4,-2,2
7806,4,1,-2
7806,4,-2,0
7806,4,2,1
7806,4,-1,2
7807,4,1,-2
7807,4,-2,0
7807,4,2,1
7807,4,0,2
7808,4,1,-2
7808,4,-2,0
7808,4,2,1
7808,4,1,2
7809,4,1,-2
7809,4,-2,0
7809,4,2,1
7809,4,2,2
7810,4,1,-2
7810,4,-2,0
7810,4,-2,2
7810,4,-1,2
7811,4,1,-2
7811,4,-2,0
7811,4,-2,2
7811,4,0,2
7812,4,1,-2
7812,4,-2,0
7812,4,-2,2
7812,4,1,2
7813,4,1,-2
7813,4,-2,0
7813,4,-2,2
7813,4,2,2
7814,4,1,-2
7814,4,-2,0
7814,4,-1,2
7814,4,0,2
7815,4,1,-2
7815,4,-2,0
7815,4,-1,2
7815,4,1,2
7816,4,1,-2
7816,4,-2,0
7816,4,-1,2
7816,4,2,2
7817,4,1,-2
7817,4,-2,0
7817,4,0,2
7817,4,1,2
7818,4,1,-2
7818,4,-2,0
7818,4,0,2
7818,4,2,2
7819,4,1,-2
7819,4,-2,0
7819,4,1,2
7819,4,2,2
7820,4,1,-2
7820,4,-1,0
7820,4,1,0
7820,4,2,0
7821,4,1,-2
7821,4,-1,0
7821,4,1,0
7821,4,-2,1
7822,4,1,-2
7822,4,-1,0
7822,4,1,0
7822,4,-1,1
7823,4,1,-2
7823,4,-1,0
7823,4,1,0
7823,4,0,1
7824,4,1,-2
7824,4,-1,0
7824,4,1,0
7824,4,1,1
7825,4,1,-2
7825,4,-1,0
7825,4,1,0
7825,4,2,1
7826,4,1,-2
7826,4,-1,0
7826,4,1,0
7826,4,-2,2
7827,4,1,-2
7827,4,-1,0
7827,4,1,0
7827,4,-1,2
7828,4,1,-2
7828,4,-1,0
7828,4,1,0
7828,4,0,2
7829,4,1,-2
7829,4,-1,0
7829,4,1,0
7829,4,1,2
7830,4,1,-2
7830,4,-1,0
7830,4,1,0
7830,4,2,2
7831,4,1,-2
7831,4,-1,0
7831,4,2,0
7831,4,-2,1
7832,4,1,-2
7832,4,-1,0
7832,4,2,0
7832,4,-1,1
7833,4,1,-2
7833,4,-1,0
7833,4,2,0
7833,4,0,1
7834,4,1,-2
7834,4,-1,0
7834,4,2,0
7834,4,1,1
7835,4,1,-2
7835,4,-1,0
7835,4,2,0
7835,4,2,1
7836,4,1,-2
7836,4,-1,0
7836,4,2,0
7836,4,-2,2
7837,4,1,-2
7837,4,-1,0
7837,4,2,0
7837,4,-1,2
7838,4,1,-2
7838,4,-1,0
7838,4,2,0
7838,4,0,2
7839,4,1,-2
7839,4,-1,0
7839,4,2,0
7839,4,1,2
7840,4,1,-2
7840,4,-1,0
7840,4,2,0
7840,4,2,2
7841,4,1,-2
7841,4,-1,0
7841,4,-2,1
7841,4,-1,1
7842,4,1,-2
7842,4,-1,0
7842,4,-2,1
7842,4,0,1
7843,4,1,-2
7843,4,-1,0
7843,4,-2,1
7843,4,1,1
7844,4,1,-2
7844,4,-1,0
7844,4,-2,1
7844,4,2,1
7845,4,1,-2
7845,4,-1,0
7845,4,-2,1
7845,4,-2,2
7846,4,1,-2
7846,4,-1,0
7846,4,-2,1
7846,4,-1,2
7847,4,1,-2
7847,4,-1,0
7847,4,-2,1
7847,4,0,2
7848,4,1,-2
7848,4,-1,0
7848,4,-2,1
7848,4,1,2
7849,4,1,-2
7849,4,-1,0
7849,4,-2,1
7849,4,2,2
7850,4,1,-2
7850,4,-1,0
7850,4,-1,1
7850,4,0,1
7851,4,1,-2
7851,4,-1,0
7851,4,-1,1
7851,4,1,1
7852,4,1,-2
7852,4,-1,0
7852,4,-1,1
7852,4,2,1
7853,4,1,-2
7853,4,-1,0
7853,4,-1,1
7853,4,-2,2
7854,4,1,-2
7854,4,-1,0
7854,4,-1,1
7854,4,-1,2
7855,4,1,-2
7855,4,-1,0
7855,4,-1,1
7855,4,0,2
7856,4,1,-2
7856,4,-1,0
7856,4,-1,1
7856,4,1,2
7857,4,1,-2
7857,4,-1,0
7857,4,-1,1
7857,4,2,2
7858,4,1,-2
7858,4,-1,0
7858,4,0,1
7858,4,1,1
7859,4,1,-2
7859,4,-1,0
7859,4,0,1
7859,4,2,1
7860,4,1,-2
7860,4,-1,0
7860,4,0,1
7860,4,-2,2
7861,4,1,-2
7861,4,-1,0
7861,4,0,1
7861,4,-1,2
7862,4,1,-2
7862,4,-1,0
7862,4,0,1
7862,4,0,2
7863,4,1,-2
7863,4,-1,0
7863,4,0,1
7863,4,1,2
7864,4,1,-2
7864,4,-1,0
7864,4,0,1
7864,4,2,2
7865,4,1,-2
7865,4,-1,0
7865,4,1,1
7865,4,2,1
7866,4,1,-2
7866,4,-1,0
7866,4,1,1
7866,4,-2,2
7867,4,1,-2
7867,4,-1,0
7867,4,1,1
7867,4,-1,2
7868,4,1,-2
7868,4,-1,0
7868,4,1,1
7868,4,0,2
7869,4,1,-2
7869,4,-1,0
7869,4,1,1
7869,4,1,2
7870,4,1,-2
7870,4,-1,0
7870,4,1,1
7870,4,2,2
7871,4,1,-2
7871,4,-1,0
7871,4,2,1
7871,4,-2,2
7872,4,1,-2
7872,4,-1,0
7872,4,2,1
7872,4,-1,2
7873,4,1,-2
7873,4,-1,0
7873,4,2,1
7873,4,0,2
7874,4,1,-2
7874,4,-1,0
7874,4,2,1
7874,4,1,2
7875,4,1,-2
7875,4,-1,0
7875,4,2,1
7875,4,2,2
7876,4,1,-2
7876,4,-1,0
7876,4,-2,2
7876,4,-1,2
7877,4,1,-2
7877,4,-1,0
7877,4,-2,2
7877,4,0,2
7878,4,1,-2
7878,4,-1,0
7878,4,-2,2
7878,4,1,2
7879,4,1,-2
7879,4,-1,0
7879,4,-2,2
7879,4,2,2
7880,4,1,-2
7880,4,-1,0
7880,4,-1,2
7880,4,0,2
7881,4,1,-2
7881,4,-1,0
7881,4,-1,2
7881,4,1,2
7882,4,1,-2
7882,4,-1,0
7882,4,-1,2
7882,4,2,2
7883,4,1,-2
7883,4,-1,0
7883,4,0,2
7883,4,1,2
7884,4,1,-2
7884,4,-1,0
7884,4,0,2
7884,4,2,2
7885,4,1,-2
7885,4,-1,0
7885,4,1,2
7885,4,2,2
7886,4,1,-2
7886,4,1,0
7886,4,2,0
7886,4,-2,1
7887,4,1,-2
7887,4,1,0
7887,4,2,0
7887,4,-1,1
7888,4,1,-2
7888,4,1,0
7888,4,2,0
7888,4,0,1
7889,4,1,-2
7889,4,1,0
7889,4,2,0
7889,4,1,1
7890,4,1,-2
7890,4,1,0
7890,4,2,0
7890,4,2,1
7891,4,1,-2
7891,4,1,0
7891,4,2,0
7891,4,-2,2
7892,4,1,-2
7892,4,1,0
7892,4,2,0
7892,4,-1,2
7893,4,1,-2
7893,4,1,0
7893,4,2,0
7893,4,0,2
7894,4,1,-2
7894,4,1,0
7894,4,2,0
7894,4,1,2
7895,4,1,-2
7895,4,1,0
7895,4,2,0
7895,4,2,2
7896,4,1,-2
7896,4,1,0
7896,4,-2,1
7896,4,-1,1
7897,4,1,-2
7897,4,1,0
7897,4,-2,1
7897,4,0,1
7898,4,1,-2
7898,4,1,0
7898,4,-2,1
7898,4,1,1
7899,4,1,-2
7899,4,1,0
7899,4,-2,1
7899,4,2,1
7900,4,1,-2
7900,4,1,0
7900,4,-2,1
7900,4,-2,2
7901,4,1,-2
7901,4,1,0
7901,4,-2,1
7901,4,-1,2
7902,4,1,-2
7902,4,1,0
7902,4,-2,1
7902,4,0,2
7903,4,1,-2
7903,4,1,0
7903,4,-2,1
7903,4,1,2
7904,4,1,-2
7904,4,1,0
7904,4,-2,1
7904,4,2,2
7905,4,1,-2
7905,4,1,0
7905,4,-1,1
7905,4,0,1
7906,4,1,-2
7906,4,1,0
7906,4,-1,1
7906,4,1,1
7907,4,1,-2
7907,4,1,0
7907,4,-1,1
7907,4,2,1
7908,4,1,-2
7908,4,1,0
7908,4,-1,1
7908,4,-2,2
7909,4,1,-2
7909,4,1,0
7909,4,-1,1
7909,4,-1,2
7910,4,1,-2
7910,4,1,0
7910,4,-1,1
7910,4,0,2
7911,4,1,-2
7911,4,1,0
7911,4,-1,1
7911,4,1,2
7912,4,1,-2
7912,4,1,0
7912,4,-1,1
7912,4,2,2
7913,4,1,-2
7913,4,1,0
7913,4,0,1
7913,4,1,1
7914,4,1,-2
7914,4,1,0
7914,4,0,1
7914,4,2,1
7915,4,1,-2
7915,4,1,0
7915,4,0,1
7915,4,-2,2
7916,4,1,-2
7916,4,1,0
7916,4,0,1
7916,4,-1,2
7917,4,1,-2
7917,4,1,0
7917,4,0,1
7917,4,0,2
7918,4,1,-2
7918,4,1,0
7918,4,0,1
7918,4,1,2
7919,4,1,-2
7919,4,1,0
7919,4,0,1
7919,4,2,2
7920,4,1,-2
7920,4,1,0
7920,4,1,1
7920,4,2,1
7921,4,1,-2
7921,4,1,0
7921,4,1,1
7921,4,-2,2
7922,4,1,-2
7922,4,1,0
7922,4,1,1
7922,4,-1,2
7923,4,1,-2
7923,4,1,0
7923,4,1,1
7923,4,0,2
7924,4,1,-2
7924,4,1,0
7924,4,1,1
7924,4,1,2
7925,4,1,-2
7925,4,1,0
7925,4,1,1
7925,4,2,2
7926,4,1,-2
7926,4,1,0
7926,4,2,1
7926,4,-2,2
7927,4,1,-2
7927,4,1,0
7927,4,2,1
7927,4,-1,2
7928,4,1,-2
7928,4,1,0
7928,4,2,1
7928,4,0,2
7929,4,1,-2
7929,4,1,0
7929,4,2,1
7929,4,1,2
7930,4,1,-2
7930,4,1,0
7930,4,2,1
7930,4,2,2
7931,4,1,-2
7931,4,1,0
7931,4,-2,2
7931,4,-1,2
7932,4,1,-2
7932,4,1,0
7932,4,-2,2
7932,4,0,2
7933,4,1,-2
7933,4,1,0
7933,4,-2,2
7933,4,1,2
7934,4,1,-2
7934,4,1,0
7934,4,-2,2
7934,4,2,2
7935,4,1,-2
7935,4,1,0
7935,4,-1,2
7935,4,0,2
7936,4,1,-2
7936,4,1,0
7936,4,-1,2
7936,4,1,2
7937,4,1,-2
7937,4,1,0
7937,4,-1,2
7937,4,2,2
7938,4,1,-2
7938,4,1,0
7938,4,0,2
7938,4,1,2
7939,4,1,-2
7939,4,1,0
7939,4,0,2
7939,4,2,2
7940,4,1,-2
7940,4,1,0
7940,4,1,2
7940,4,2,2
7941,4,1,-2
7941,4,2,0
7941,4,-2,1
7941,4,-1,1
7942,4,1,-2
7942,4,2,0
7942,4,-2,1
7942,4,0,1
7943,4,1,-2
7943,4,2,0
7943,4,-2,1
7943,4,1,1
7944,4,1,-2
7944,4,2,0
7944,4,-2,1
7944,4,2,1
7945,4,1,-2
7945,4,2,0
7945,4,-2,1
7945,4,-2,2
7946,4,1,-2
7946,4,2,0
7946,4,-2,1
7946,4,-1,2
7947,4,1,-2
7947,4,2,0
7947,4,-2,1
7947,4,0,2
7948,4,1,-2
7948,4,2,0
7948,4,-2,1
7948,4,1,2
7949,4,1,-2
7949,4,2,0
7949,4,-2,1
7949,4,2,2
7950,4,1,-2
7950,4,2,0
7950,4,-1,1
7950,4,0,1
7951,4,1,-2
7951,4,2,0
7951,4,-1,1
7951,4,1,1
7952,4,1,-2
7952,4,2,0
7952,4,-1,1
7952,4,2,1
7953,4,1,-2
7953,4,2,0
7953,4,-1,1
7953,4,-2,2
7954,4,1,-2
7954,4,2,0
7954,4,-1,1
7954,4,-1,2
7955,4,1,-2
7955,4,2,0
7955,4,-1,1
7955,4,0,2
7956,4,1,-2
7956,4,2,0
7956,4,-1,1
7956,4,1,2
7957,4,1,-2
7957,4,2,0
7957,4,-1,1
7957,4,2,2
7958,4,1,-2
7958,4,2,0
7958,4,0,1
7958,4,1,1
7959,4,1,-2
7959,4,2,0
7959,4,0,1
7959,4,2,1
7960,4,1,-2
7960,4,2,0
7960,4,0,1
7960,4,-2,2
7961,4,1,-2
7961,4,2,0
7961,4,0,1
7961,4,-1,2
7962,4,1,-2
7962,4,2,0
7962,4,0,1
7962,4,0,2
7963,4,1,-2
7963,4,2,0
7963,4,0,1
7963,4,1,2
7964,4,1,-2
7964,4,2,0
7964,4,0,1
7964,4,2,2
7965,4,1,-2
7965,4,2,0
7965,4,1,1
7965,4,2,1
7966,4,1,-2
7966,4,2,0
7966,4,1,1
7966,4,-2,2
7967,4,1,-2
7967,4,2,0
7967,4,1,1
7967,4,-1,2
7968,4,1,-2
7968,4,2,0
7968,4,1,1
7968,4,0,2
7969,4,1,-2
7969,4,2,0
7969,4,1,1
7969,4,1,2
7970,4,1,-2
7970,4,2,0
7970,4,1,1
7970,4,2,2
7971,4,1,-2
7971,4,2,0
7971,4,2,1
7971,4,-2,2
7972,4,1,-2
7972,4,2,0
7972,4,2,1
7972,4,-1,2
7973,4,1,-2
7973,4,2,0
7973,4,2,1
7973,4,0,2
7974,4,1,-2
7974,4,2,0
7974,4,2,1
7974,4,1,2
7975,4,1,-2
7975,4,2,0
7975,4,2,1
7975,4,2,2
7976,4,1,-2
7976,4,2,0
7976,4,-2,2
7976,4,-1,2
7977,4,1,-2
7977,4,2,0
7977,4,-2,2
7977,4,0,2
7978,4,1,-2
7978,4,2,0
7978,4,-2,2
7978,4,1,2
7979,4,1,-2
7979,4,2,0
7979,4,-2,2
7979,4,2,2
7980,4,1,-2
7980,4,2,0
7980,4,-1,2
7980,4,0,2
7981,4,1,-2
7981,4,2,0
7981,4,-1,2
7981,4,1,2
7982,4,1,-2
7982,4,2,0
7982,4,-1,2
7982,4,2,2
7983,4,1,-2
7983,4,2,0
7983,4,0,2
7983,4,1,2
7984,4,1,-2
7984,4,2,0
7984,4,0,2
7984,4,2,2
7985,4,1,-2
7985,4,2,0
7985,4,1,2
7985,4,2,2
7986,4,1,-2
7986,4,-2,1
7986,4,-1,1
7986,4,0,1
7987,4,1,-2
7987,4,-2,1
7987,4,-1,1
7987,4,1,1
7988,4,1,-2
7988,4,-2,1
7988,4,-1,1
7988,4,2,1
7989,4,1,-2
7989,4,-2,1
7989,4,-1,1
7989,4,-2,2
7990,4,1,-2
7990,4,-2,1
7990,4,-1,1
7990,4,-1,2
7991,4,1,-2
7991,4,-2,1
7991,4,-1,1
7991,4,0,2
7992,4,1,-2
7992,4,-2,1
7992,4,-1,1
7992,4,1,2
7993,4,1,-2
7993,4,-2,1
7993,4,-1,1
7993,4,2,2
7994,4,1,-2
7994,4,-2,1
7994,4,0,1
7994,4,1,1
7995,4,1,-2
7995,4,-2,1
7995,4,0,1
7995,4,2,1
7996,4,1,-2
7996,4,-2,1
7996,4,0,1
7996,4,-2,2
7997,4,1,-2
7997,4,-2,1
7997,4,0,1
7997,4,-1,2
7998,4,1,-2
7998,4,-2,1
7998,4,0,1
7998,4,0,2
7999,4,1,-2
7999,4,-2,1
7999,4,0,1
7999,4,1,2
8000,4,1,-2
8000,4,-2,1
8000,4,0,1
8000,4,2,2
8001,4,1,-2
8001,4,-2,1
8001,4,1,1
8001,4,2,1
8002,4,1,-2
8002,4,-2,1
8002,4,1,1
8002,4,-2,2
8003,4,1,-2
8003,4,-2,1
8003,4,1,1
8003,4,-1,2
8004,4,1,-2
8004,4,-2,1
8004,4,1,1
8004,4,0,2
8005,4,1,-2
8005,4,-2,1
8005,4,1,1
8005,4,1,2
8006,4,1,-2
8006,4,-2,1
8006,4,1,1
8006,4,2,2
8007,4,1,-2
8007,4,-2,1
8007,4,2,1
8007,4,-2,2
8008,4,1,-2
8008,4,-2,1
8008,4,2,1
8008,4,-1,2
8009,4,1,-2
8009,4,-2,1
8009,4,2,1
8009,4,0,2
8010,4,1,-2
8010,4,-2,1
8010,4,2,1
8010,4,1,2
8011,4,1,-2
8011,4,-2,1
8011,4,2,1
8011,4,2,2
8012,4,1,-2
8012,4,-2,1
8012,4,-2,2
8012,4,-1,2
8013,4,1,-2
8013,4,-2,1
8013,4,-2,2
8013,4,0,2
8014,4,1,-2
8014,4,-2,1
8014,4,-2,2
8014,4,1,2
8015,4,1,-2
8015,4,-2,1
8015,4,-2,2
8015,4,2,2
8016,4,1,-2
8016,4,-2,1
8016,4,-1,2
8016,4,0,2
8017,4,1,-2
8017,4,-2,1
8017,4,-1,2
8017,4,1,2
8018,4,1,-2
8018,4,-2,1
8018,4,-1,2
8018,4,2,2
8019,4,1,-2
8019,4,-2,1
8019,4,0,2
8019,4,1,2
8020,4,1,-2
8020,4,-2,1
8020,4,0,2
8020,4,2,2
8021,4,1,-2
8021,4,-2,1
8021,4,1,2
8021,4,2,2
8022,4,1,-2
8022,4,-1,1
8022,4,0,1
8022,4,1,1
8023,4,1,-2
8023,4,-1,1
8023,4,0,1
8023,4,2,1
8024,4,1,-2
8024,4,-1,1
8024,4,0,1
8024,4,-2,2
8025,4,1,-2
8025,4,-1,1
8025,4,0,1
8025,4,-1,2
8026,4,1,-2
8026,4,-1,1
8026,4,0,1
8026,4,0,2
8027,4,1,-2
8027,4,-1,1
8027,4,0,1
8027,4,1,2
8028,4,1,-2
8028,4,-1,1
8028,4,0,1
8028,4,2,2
8029,4,1,-2
8029,4,-1,1
8029,4,1,1
8029,4,2,1
8030,4,1,-2
8030,4,-1,1
8030,4,1,1
8030,4,-2,2
8031,4,1,-2
8031,4,-1,1
8031,4,1,1
8031,4,-1,2
8032,4,1,-2
8032,4,-1,1
8032,4,1,1
8032,4,0,2
8033,4,1,-2
8033,4,-1,1
8033,4,1,1
8033,4,1,2
8034,4,1,-2
8034,4,-1,1
8034,4,1,1
8034,4,2,2
8035,4,1,-2
8035,4,-1,1
8035,4,2,1
8035,4,-2,2
8036,4,1,-2
8036,4,-1,1
8036,4,2,1
8036,4,-1,2
8037,4,1,-2
8037,4,-1,1
8037,4,2,1
8037,4,0,2
8038,4,1,-2
8038,4,-1,1
8038,4,2,1
8038,4,1,2
8039,4,1,-2
8039,4,-1,1
8039,4,2,1
8039,4,2,2
8040,4,1,-2
8040,4,-1,1
8040,4,-2,2
8040,4,-1,2
8041,4,1,-2
8041,4,-1,1
8041,4,-2,2
8041,4,0,2
8042,4,1,-2
8042,4,-1,1
8042,4,-2,2
8042,4,1,2
8043,4,1,-2
8043,4,-1,1
8043,4,-2,2
8043,4,2,2
8044,4,1,-2
8044,4,-1,1
8044,4,-1,2
8044,4,0,2
8045,4,1,-2
8045,4,-1,1
8045,4,-1,2
8045,4,1,2
8046,4,1,-2
8046,4,-1,1
8046,4,-1,2
8046,4,2,2
8047,4,1,-2
8047,4,-1,1
8047,4,0,2
8047,4,1,2
8048,4,1,-2
8048,4,-1,1
8048,4,0,2
8048,4,2,2
8049,4,1,-2
8049,4,-1,1
8049,4,1,2
8049,4,2,2
8050,4,1,-2
8050,4,0,1
8050,4,1,1
8050,4,2,1
8051,4,1,-2
8051,4,0,1
8051,4,1,1
8051,4,-2,2
8052,4,1,-2
8052,4,0,1
8052,4,1,1
8052,4,-1,2
8053,4,1,-2
8053,4,0,1
8053,4,1,1
8053,4,0,2
8054,4,1,-2
8054,4,0,1
8054,4,1,1
8054,4,1,2
8055,4,1,-2
8055,4,0,1
8055,4,1,1
8055,4,2,2
8056,4,1,-2
8056,4,0,1
8056,4,2,1
8056,4,-2,2
8057,4,1,-2
8057,4,0,1
8057,4,2,1
8057,4,-1,2
8058,4,1,-2
8058,4,0,1
8058,4,2,1
8058,4,0,2
8059,4,1,-2
8059,4,0,1
8059,4,2,1
8059,4,1,2
8060,4,1,-2
8060,4,0,1
8060,4,2,1
8060,4,2,2
8061,4,1,-2
8061,4,0,1
8061,4,-2,2
8061,4,-1,2
8062,4,1,-2
8062,4,0,1
8062,4,-2,2
8062,4,0,2
8063,4,1,-2
8063,4,0,1
8063,4,-2,2
8063,4,1,2
8064,4,1,-2
8064,4,0,1
8064,4,-2,2
8064,4,2,2
8065,4,1,-2
8065,4,0,1
8065,4,-1,2
8065,4,0,2
8066,4,1,-2
8066,4,0,1
8066,4,-1,2
8066,4,1,2
8067,4,1,-2
8067,4,0,1
8067,4,-1,2
8067,4,2,2
8068,4,1,-2
8068,4,0,1
8068,4,0,2
8068,4,1,2
8069,4,1,-2
8069,4,0,1
8069,4,0,2
8069,4,2,2
8070,4,1,-2
8070,4,0,1
8070,4,1,2
8070,4,2,2
8071,4,1,-2
8071,4,1,1
8071,4,2,1
8071,4,-2,2
8072,4,1,-2
8072,4,1,1
8072,4,2,1
8072,4,-1,2
8073,4,1,-2
8073,4,1,1
8073,4,2,1
8073,4,0,2
8074,4,1,-2
8074,4,1,1
8074,4,2,1
8074,4,1,2
8075,4,1,-2
8075,4,1,1
8075,4,2,1
8075,4,2,2
8076,4,1,-2
8076,4,1,1
8076,4,-2,2
8076,4,-1,2
8077,4,1,-2
8077,4,1,1
8077,4,-2,2
8077,4,0,2
8078,4,1,-2
8078,4,1,1
8078,4,-2,2
8078,4,1,2
8079,4,1,-2
8079,4,1,1
8079,4,-2,2
8079,4,2,2
8080,4,1,-2
8080,4,1,1
8080,4,-1,2
8080,4,0,2
8081,4,1,-2
8081,4,1,1
8081,4,-1,2
8081,4,1,2
8082,4,1,-2
8082,4,1,1
8082,4,-1,2
8082,4,2,2
8083,4,1,-2
8083,4,1,1
8083,4,0,2
8083,4,1,2
8084,4,1,-2
8084,4,1,1
8084,4,0,2
8084,4,2,2
8085,4,1,-2
8085,4,1,1
8085,4,1,2
8085,4,2,2
8086,4,1,-2
8086,4,2,1
8086,4,-2,2
8086,4,-1,2
8087,4,1,-2
8087,4,2,1
8087,4,-2,2
8087,4,0,2
8088,4,1,-2
8088,4,2,1
8088,4,-2,2
8088,4,1,2
8089,4,1,-2
8089,4,2,1
8089,4,-2,2
8089,4,2,2
8090,4,1,-2
8090,4,2,1
8090,4,-1,2
8090,4,0,2
8091,4,1,-2
8091,4,2,1
8091,4,-1,2
8091,4,1,2
8092,4,1,-2
8092,4,2,1
8092,4,-1,2
8092,4,2,2
8093,4,1,-2
8093,4,2,1
8093,4,0,2
8093,4,1,2
8094,4,1,-2
8094,4,2,1
8094,4,0,2
8094,4,2,2
8095,4,1,-2
8095,4,2,1
8095,4,1,2
8095,4,2,2
8096,4,1,-2
8096,4,-2,2
8096,4,-1,2
8096,4,0,2
8097,4,1,-2
8097,4,-2,2
8097,4,-1,2
8097,4,1,2
8098,4,1,-2
8098,4,-2,2
8098,4,-1,2
8098,4,2,2
8099,4,1,-2
8099,4,-2,2
8099,4,0,2
8099,4,1,2
8100,4,1,-2
8100,4,-2,2
8100,4,0,2
8100,4,2,2
8101,4,1,-2
8101,4,-2,2
8101,4,1,2
8101,4,2,2
8102,4,1,-2
8102,4,-1,2
8102,4,0,2
8102,4,1,2
8103,4,1,-2
8103,4,-1,2
8103,4,0,2
8103,4,2,2
8104,4,1,-2
8104,4,-1,2
8104,4,1,2
8104,4,2,2
8105,4,1,-2
8105,4,0,2
8105,4,1,2
8105,4,2,2
8106,4,2,-2
8106,4,-2,-1
8106,4,-1,-1
8106,4,0,-1
8107,4,2,-2
8107,4,-2,-1
8107,4,-1,-1
8107,4,1,-1
8108,4,2,-2
8108,4,-2,-1
8108,4,-1,-1
8108,4,2,-1
8109,4,2,-2
8109,4,-2,-1
8109,4,-1,-1
8109,4,-2,0
8110,4,2,-2
8110,4,-2,-1
8110,4,-1,-1
8110,4,-1,0
8111,4,2,-2
8111,4,-2,-1
8111,4,-1,-1
8111,4,1,0
8112,4,2,-2
8112,4,-2,-1
8112,4,-1,-1
8112,4,2,0
8113,4,2,-2
8113,4,-2,-1
8113,4,-1,-1
8113,4,-2,1
8114,4,2,-2
8114,4,-2,-1
8114,4,-1,-1
8114,4,-1,1
8115,4,2,-2
8115,4,-2,-1
8115,4,-1,-1
8115,4,0,1
8116,4,2,-2
8116,4,-2,-1
8116,4,-1,-1
8116,4,1,1
8117,4,2,-2
8117,4,-2,-1
8117,4,-1,-1
8117,4,2,1
8118,4,2,-2
8118,4,-2,-1
8118,4,-1,-1
8118,4,-2,2
8119,4,2,-2
8119,4,-2,-1
8119,4,-1,-1
8119,4,-1,2
8120,4,2,-2
8120,4,-2,-1
8120,4,-1,-1
8120,4,0,2
8121,4,2,-2
8121,4,-2,-1
8121,4,-1,-1
8121,4,1,2
8122,4,2,-2
8122,4,-2,-1
8122,4,-1,-1
8122,4,2,2
8123,4,2,-2
8123,4,-2,-1
8123,4,0,-1
8123,4,1,-1
8124,4,2,-2
8124,4,-2,-1
8124,4,0,-1
8124,4,2,-1
8125,4,2,-2
8125,4,-2,-1
8125,4,0,-1
8125,4,-2,0
8126,4,2,-2
8126,4,-2,-1
8126,4,0,-1
8126,4,-1,0
8127,4,2,-2
8127,4,-2,-1
8127,4,0,-1
8127,4,1,0
8128,4,2,-2
8128,4,-2,-1
8128,4,0,-1
8128,4,2,0
8129,4,2,-2
8129,4,-2,-1
8129,4,0,-1
8129,4,-2,1
8130,4,2,-2
8130,4,-2,-1
8130,4,0,-1
8130,4,-1,1
8131,4,2,-2
8131,4,-2,-1
8131,4,0,-1
8131,4,0,1
8132,4,2,-2
8132,4,-2,-1
8132,4,0,-1
8132,4,1,1
8133,4,2,-2
8133,4,-2,-1
8133,4,0,-1
8133,4,2,1
8134,4,2,-2
8134,4,-2,-1
8134,4,0,-1
8134,4,-2,2
8135,4,2,-2
8135,4,-2,-1
8135,4,0,-1
8135,4,-1,2
8136,4,2,-2
8136,4,-2,-1
8136,4,0,-1
8136,4,0,2
8137,4,2,-2
8137,4,-2,-1
8137,4,0,-1
8137,4,1,2
8138,4,2,-2
8138,4,-2,-1
8138,4,0,-1
8138,4,2,2
8139,4,2,-2
8139,4,-2,-1
8139,4,1,-1
8139,4,2,-1
8140,4,2,-2
8140,4,-2,-1
8140,4,1,-1
8140,4,-2,0
8141,4,2,-2
8141,4,-2,-1
8141,4,1,-1
8141,4,-1,0
8142,4,2,-2
8142,4,-2,-1
8142,4,1,-1
8142,4,1,0
8143,4,2,-2
8143,4,-2,-1
8143,4,1,-1
8143,4,2,0
8144,4,2,-2
8144,4,-2,-1
8144,4,1,-1
8144,4,-2,1
8145,4,2,-2
8145,4,-2,-1
8145,4,1,-1
8145,4,-1,1
8146,4,2,-2
8146,4,-2,-1
8146,4,1,-1
8146,4,0,1
8147,4,2,-2
8147,4,-2,-1
8147,4,1,-1
8147,4,1,1
8148,4,2,-2
8148,4,-2,-1
8148,4,1,-1
8148,4,2,1
8149,4,2,-2
8149,4,-2,-1
8149,4,1,-1
8149,4,-2,2
8150,4,2,-2
8150,4,-2,-1
8150,4,1,-1
8150,4,-1,2
8151,4,2,-2
8151,4,-2,-1
8151,4,1,-1
8151,4,0,2
8152,4,2,-2
8152,4,-2,-1
8152,4,1,-1
8152,4,1,2
8153,4,2,-2
8153,4,-2,-1
8153,4,1,-1
8153,4,2,2
8154,4,2,-2
8154,4,-2,-1
8154,4,2,-1
8154,4,-2,0
8155,4,2,-2
8155,4,-2,-1
8155,4,2,-1
8155,4,-1,0
8156,4,2,-2
8156,4,-2,-1
8156,4,2,-1
8156,4,1,0
8157,4,2,-2
8157,4,-2,-1
8157,4,2,-1
8157,4,2,0
8158,4,2,-2
8158,4,-2,-1
8158,4,2,-1
8158,4,-2,1
8159,4,2,-2
8159,4,-2,-1
8159,4,2,-1
8159,4,-1,1
8160,4,2,-2
8160,4,-2,-1
8160,4,2,-1
8160,4,0,1
8161,4,2,-2
8161,4,-2,-1
8161,4,2,-1
8161,4,1,1
8162,4,2,-2
8162,4,-2,-1
8162,4,2,-1
8162,4,2,1
8163,4,2,-2
8163,4,-2,-1
8163,4,2,-1
8163,4,-2,2
8164,4,2,-2
8164,4,-2,-1
8164,4,2,-1
8164,4,-1,2
8165,4,2,-2
8165,4,-2,-1
8165,4,2,-1
8165,4,0,2
8166,4,2,-2
8166,4,-2,-1
8166,4,2,-1
8166,4,1,2
8167,4,2,-2
8167,4,-2,-1
8167,4,2,-1
8167,4,2,2
8168,4,2,-2
8168,4,-2,-1
8168,4,-2,0
8168,4,-1,0
8169,4,2,-2
8169,4,-2,-1
8169,4,-2,0
8169,4,1,0
8170,4,2,-2
8170,4,-2,-1
8170,4,-2,0
8170,4,2,0
8171,4,2,-2
8171,4,-2,-1
8171,4,-2,0
8171,4,-2,1
8172,4,2,-2
8172,4,-2,-1
8172,4,-2,0
8172,4,-1,1
8173,4,2,-2
8173,4,-2,-1
8173,4,-2,0
8173,4,0,1
8174,4,2,-2
8174,4,-2,-1
8174,4,-2,0
8174,4,1,1
8175,4,2,-2
8175,4,-2,-1
8175,4,-2,0
8175,4,2,1
8176,4,2,-2
8176,4,-2,-1
8176,4,-2,0
8176,4,-2,2
8177,4,2,-2
8177,4,-2,-1
8177,4,-2,0
8177,4,-1,2
8178,4,2,-2
8178,4,-2,-1
8178,4,-2,0
8178,4,0,2
8179,4,2,-2
8179,4,-2,-1
8179,4,-2,0
8179,4,1,2
8180,4,2,-2
8180,4,-2,-1
8180,4,-2,0
8180,4,2,2
8181,4,2,-2
8181,4,-2,-1
8181,4,-1,0
8181,4,1,0
8182,4,2,-2
8182,4,-2,-1
8182,4,-1,0
8182,4,2,0
8183,4,2,-2
8183,4,-2,-1
8183,4,-1,0
8183,4,-2,1
8184,4,2,-2
8184,4,-2,-1
8184,4,-1,0
8184,4,-1,1
8185,4,2,-2
8185,4,-2,-1
8185,4,-1,0
8185,4,0,1
8186,4,2,-2
8186,4,-2,-1
8186,4,-1,0
8186,4,1,1
8187,4,2,-2
8187,4,-2,-1
8187,4,-1,0
8187,4,2,1
8188,4,2,-2
8188,4,-2,-1
8188,4,-1,0
8188,4,-2,2
8189,4,2,-2
8189,4,-2,-1
8189,4,-1,0
8189,4,-1,2
8190,4,2,-2
8190,4,-2,-1
8190,4,-1,0
8190,4,0,2
8191,4,2,-2
8191,4,-2,-1
8191,4,-1,0
8191,4,1,2
8192,4,2,-2
8192,4,-2,-1
8192,4,-1,0
8192,4,2,2
8193,4,2,-2
8193,4,-2,-1
8193,4,1,0
8193,4,2,0
8194,4,2,-2
8194,4,-2,-1
8194,4,1,0
8194,4,-2,1
8195,4,2,-2
8195,4,-2,-1
8195,4,1,0
8195,4,-1,1
8196,4,2,-2
8196,4,-2,-1
8196,4,1,0
8196,4,0,1
8197,4,2,-2
8197,4,-2,-1
8197,4,1,0
8197,4,1,1
8198,4,2,-2
8198,4,-2,-1
8198,4,1,0
8198,4,2,1
8199,4,2,-2
8199,4,-2,-1
8199,4,1,0
8199,4,-2,2
8200,4,2,-2
8200,4,-2,-1
8200,4,1,0
8200,4,-1,2
8201,4,2,-2
8201,4,-2,-1
8201,4,1,0
8201,4,0,2
8202,4,2,-2
8202,4,-2,-1
8202,4,1,0
8202,4,1,2
8203,4,2,-2
8203,4,-2,-1
8203,4,1,0
8203,4,2,2
8204,4,2,-2
8204,4,-2,-1
8204,4,2,0
8204,4,-2,1
8205,4,2,-2
8205,4,-2,-1
8205,4,2,0
8205,4,-1,1
8206,4,2,-2
8206,4,-2,-1
8206,4,2,0
8206,4,0,1
8207,4,2,-2
8207,4,-2,-1
8207,4,2,0
8207,4,1,1
8208,4,2,-2
8208,4,-2,-1
8208,4,2,0
8208,4,2,1
8209,4,2,-2
8209,4,-2,-1
8209,4,2,0
8209,4,-2,2
8210,4,2,-2
8210,4,-2,-1
8210,4,2,0
8210,4,-1,2
8211,4,2,-2
8211,4,-2,-1
8211,4,2,0
8211,4,0,2
8212,4,2,-2
8212,4,-2,-1
8212,4,2,0
8212,4,1,2
8213,4,2,-2
8213,4,-2,-1
8213,4,2,0
8213,4,2,2
8214,4,2,-2
8214,4,-2,-1
8214,4,-2,1
8214,4,-1,1
8215,4,2,-2
8215,4,-2,-1
8215,4,-2,1
8215,4,0,1
8216,4,2,-2
8216,4,-2,-1
8216,4,-2,1
8216,4,1,1
8217,4,2,-2
8217,4,-2,-1
8217,4,-2,1
8217,4,2,1
8218,4,2,-2
8218,4,-2,-1
8218,4,-2,1
8218,4,-2,2
8219,4,2,-2
8219,4,-2,-1
8219,4,-2,1
8219,4,-1,2
8220,4,2,-2
8220,4,-2,-1
8220,4,-2,1
8220,4,0,2
8221,4,2,-2
8221,4,-2,-1
8221,4,-2,1
8221,4,1,2
8222,4,2,-2
8222,4,-2,-1
8222,4,-2,1
8222,4,2,2
8223,4,2,-2
8223,4,-2,-1
8223,4,-1,1
8223,4,0,1
8224,4,2,-2
8224,4,-2,-1
8224,4,-1,1
8224,4,1,1
8225,4,2,-2
8225,4,-2,-1
8225,4,-1,1
8225,4,2,1
8226,4,2,-2
8226,4,-2,-1
8226,4,-1,1
8226,4,-2,2
8227,4,2,-2
8227,4,-2,-1
8227,4,-1,1
8227,4,-1,2
8228,4,2,-2
8228,4,-2,-1
8228,4,-1,1
8228,4,0,2
8229,4,2,-2
8229,4,-2,-1
8229,4,-1,1
8229,4,1,2
8230,4,2,-2
8230,4,-2,-1
8230,4,-1,1
8230,4,2,2
8231,4,2,-2
8231,4,-2,-1
8231,4,0,1
8231,4,1,1
8232,4,2,-2
8232,4,-2,-1
8232,4,0,1
8232,4,2,1
8233,4,2,-2
8233,4,-2,-1
8233,4,0,1
8233,4,-2,2
8234,4,2,-2
8234,4,-2,-1
8234,4,0,1
8234,4,-1,2
8235,4,2,-2
8235,4,-2,-1
8235,4,0,1
8235,4,0,2
8236,4,2,-2
8236,4,-2,-1
8236,4,0,1
8236,4,1,2
8237,4,2,-2
8237,4,-2,-1
8237,4,0,1
8237,4,2,2
8238,4,2,-2
8238,4,-2,-1
8238,4,1,1
8238,4,2,1
8239,4,2,-2
8239,4,-2,-1
8239,4,1,1
8239,4,-2,2
8240,4,2,-2
8240,4,-2,-1
8240,4,1,1
8240,4,-1,2
8241,4,2,-2
8241,4,-2,-1
8241,4,1,1
8241,4,0,2
8242,4,2,-2
8242,4,-2,-1
8242,4,1,1
8242,4,1,2
8243,4,2,-2
8243,4,-2,-1
8243,4,1,1
8243,4,2,2
8244,4,2,-2
8244,4,-2,-1
8244,4,2,1
8244,4,-2,2
8245,4,2,-2
8245,4,-2,-1
8245,4,2,1
8245,4,-1,2
8246,4,2,-2
8246,4,-2,-1
8246,4,2,1
8246,4,0,2
8247,4,2,-2
8247,4,-2,-1
8247,4,2,1
8247,4,1,2
8248,4,2,-2
8248,4,-2,-1
8248,4,2,1
8248,4,2,2
8249,4,2,-2
8249,4,-2,-1
8249,4,-2,2
8249,4,-1,2
8250,4,2,-2
8250,4,-2,-1
8250,4,-2,2
8250,4,0,2
8251,4,2,-2
8251,4,-2,-1
8251,4,-2,2
8251,4,1,2
8252,4,2,-2
8252,4,-2,-1
8252,4,-2,2
8252,4,2,2
8253,4,2,-2
8253,4,-2,-1
8253,4,-1,2
8253,4,0,2
8254,4,2,-2
8254,4,-2,-1
8254,4,-1,2
8254,4,1,2
8255,4,2,-2
8255,4,-2,-1
8255,4,-1,2
8255,4,2,2
8256,4,2,-2
8256,4,-2,-1
8256,4,0,2
8256,4,1,2
8257,4,2,-2
8257,4,-2,-1
8257,4,0,2
8257,4,2,2
8258,4,2,-2
8258,4,-2,-1
8258,4,1,2
8258,4,2,2
8259,4,2,-2
8259,4,-1,-1
8259,4,0,-1
8259,4,1,-1
8260,4,2,-2
8260,4,-1,-1
8260,4,0,-1
8260,4,2,-1
8261,4,2,-2
8261,4,-1,-1
8261,4,0,-1
8261,4,-2,0
8262,4,2,-2
8262,4,-1,-1
8262,4,0,-1
8262,4,-1,0
8263,4,2,-2
8263,4,-1,-1
8263,4,0,-1
8263,4,1,0
8264,4,2,-2
8264,4,-1,-1
8264,4,0,-1
8264,4,2,0
8265,4,2,-2
8265,4,-1,-1
8265,4,0,-1
8265,4,-2,1
8266,4,2,-2
8266,4,-1,-1
8266,4,0,-1
8266,4,-1,1
8267,4,2,-2
8267,4,-1,-1
8267,4,0,-1
8267,4,0,1
8268,4,2,-2
8268,4,-1,-1
8268,4,0,-1
8268,4,1,1
8269,4,2,-2
8269,4,-1,-1
8269,4,0,-1
8269,4,2,1
8270,4,2,-2
8270,4,-1,-1
8270,4,0,-1
8270,4,-2,2
8271,4,2,-2
8271,4,-1,-1
8271,4,0,-1
8271,4,-1,2
8272,4,2,-2
8272,4,-1,-1
8272,4,0,-1
8272,4,0,2
8273,4,2,-2
8273,4,-1,-1
8273,4,0,-1
8273,4,1,2
8274,4,2,-2
8274,4,-1,-1
8274,4,0,-1
8274,4,2,2
8275,4,2,-2
8275,4,-1,-1
8275,4,1,-1
8275,4,2,-1
8276,4,2,-2
8276,4,-1,-1
8276,4,1,-1
8276,4,-2,0
8277,4,2,-2
8277,4,-1,-1
8277,4,1,-1
8277,4,-1,0
8278,4,2,-2
8278,4,-1,-1
8278,4,1,-1
8278,4,1,0
8279,4,2,-2
8279,4,-1,-1
8279,4,1,-1
8279,4,2,0
8280,4,2,-2
8280,4,-1,-1
8280,4,1,-1
8280,4,-2,1
8281,4,2,-2
8281,4,-1,-1
8281,4,1,-1
8281,4,-1,1
8282,4,2,-2
8282,4,-1,-1
8282,4,1,-1
8282,4,0,1
8283,4,2,-2
8283,4,-1,-1
8283,4,1,-1
8283,4,1,1
8284,4,2,-2
8284,4,-1,-1
8284,4,1,-1
8284,4,2,1
8285,4,2,-2
8285,4,-1,-1
8285,4,1,-1
8285,4,-2,2
8286,4,2,-2
8286,4,-1,-1
8286,4,1,-1
8286,4,-1,2
8287,4,2,-2
8287,4,-1,-1
8287,4,1,-1
8287,4,0,2
8288,4,2,-2
8288,4,-1,-1
8288,4,1,-1
8288,4,1,2
8289,4,2,-2
8289,4,-1,-1
8289,4,1,-1
8289,4,2,2
8290,4,2,-2
8290,4,-1,-1
8290,4,2,-1
8290,4,-2,0
8291,4,2,-2
8291,4,-1,-1
8291,4,2,-1
8291,4,-1,0
8292,4,2,-2
8292,4,-1,-1
8292,4,2,-1
8292,4,1,0
8293,4,2,-2
8293,4,-1,-1
8293,4,2,-1
8293,4,2,0
8294,4,2,-2
8294,4,-1,-1
8294,4,2,-1
8294,4,-2,1
8295,4,2,-2
8295,4,-1,-1
8295,4,2,-1
8295,4,-1,1
8296,4,2,-2
8296,4,-1,-1
8296,4,2,-1
8296,4,0,1
8297,4,2,-2
8297,4,-1,-1
8297,4,2,-1
8297,4,1,1
8298,4,2,-2
8298,4,-1,-1
8298,4,2,-1
8298,4,2,1
8299,4,2,-2
8299,4,-1,-1
8299,4,2,-1
8299,4,-2,2
8300,4,2,-2
8300,4,-1,-1
8300,4,2,-1
8300,4,-1,2
8301,4,2,-2
8301,4,-1,-1
8301,4,2,-1
8301,4,0,2
8302,4,2,-2
8302,4,-1,-1
8302,4,2,-1
8302,4,1,2
8303,4,2,-2
8303,4,-1,-1
8303,4,2,-1
8303,4,2,2
8304,4,2,-2
8304,4,-1,-1
8304,4,-2,0
8304,4,-1,0
8305,4,2,-2
8305,4,-1,-1
8305,4,-2,0
8305,4,1,0
8306,4,2,-2
8306,4,-1,-1
8306,4,-2,0
8306,4,2,0
8307,4,2,-2
8307,4,-1,-1
8307,4,-2,0
8307,4,-2,1
8308,4,2,-2
8308,4,-1,-1
8308,4,-2,0
8308,4,-1,1
8309,4,2,-2
8309,4,-1,-1
8309,4,-2,0
8309,4,0,1
8310,4,2,-2
8310,4,-1,-1
8310,4,-2,0
8310,4,1,1
8311,4,2,-2
8311,4,-1,-1
8311,4,-2,0
8311,4,2,1
8312,4,2,-2
8312,4,-1,-1
8312,4,-2,0
8312,4,-2,2
8313,4,2,-2
8313,4,-1,-1
8313,4,-2,0
8313,4,-1,2
8314,4,2,-2
8314,4,-1,-1
8314,4,-2,0
8314,4,0,2
8315,4,2,-2
8315,4,-1,-1
8315,4,-2,0
8315,4,1,2
8316,4,2,-2
8316,4,-1,-1
8316,4,-2,0
8316,4,2,2
8317,4,2,-2
8317,4,-1,-1
8317,4,-1,0
8317,4,1,0
8318,4,2,-2
8318,4,-1,-1
8318,4,-1,0
8318,4,2,0
8319,4,2,-2
8319,4,-1,-1
8319,4,-1,0
8319,4,-2,1
8320,4,2,-2
8320,4,-1,-1
8320,4,-1,0
8320,4,-1,1
8321,4,2,-2
8321,4,-1,-1
8321,4,-1,0
8321,4,0,1
8322,4,2,-2
8322,4,-1,-1
8322,4,-1,0
8322,4,1,1
8323,4,2,-2
8323,4,-1,-1
8323,4,-1,0
8323,4,2,1
8324,4,2,-2
8324,4,-1,-1
8324,4,-1,0
8324,4,-2,2
8325,4,2,-2
8325,4,-1,-1
8325,4,-1,0
8325,4,-1,2
8326,4,2,-2
8326,4,-1,-1
8326,4,-1,0
8326,4,0,2
8327,4,2,-2
8327,4,-1,-1
8327,4,-1,0
8327,4,1,2
8328,4,2,-2
8328,4,-1,-1
8328,4,-1,0
8328,4,2,2
8329,4,2,-2
8329,4,-1,-1
8329,4,1,0
8329,4,2,0
8330,4,2,-2
8330,4,-1,-1
8330,4,1,0
8330,4,-2,1
8331,4,2,-2
8331,4,-1,-1
8331,4,1,0
8331,4,-1,1
8332,4,2,-2
8332,4,-1,-1
8332,4,1,0
8332,4,0,1
8333,4,2,-2
8333,4,-1,-1
8333,4,1,0
8333,4,1,1
8334,4,2,-2
8334,4,-1,-1
8334,4,1,0
8334,4,2,1
8335,4,2,-2
8335,4,-1,-1
8335,4,1,0
8335,4,-2,2
8336,4,2,-2
8336,4,-1,-1
8336,4,1,0
8336,4,-1,2
8337,4,2,-2
8337,4,-1,-1
8337,4,1,0
8337,4,0,2
8338,4,2,-2
8338,4,-1,-1
8338,4,1,0
8338,4,1,2
8339,4,2,-2
8339,4,-1,-1
8339,4,1,0
8339,4,2,2
8340,4,2,-2
8340,4,-1,-1
8340,4,2,0
8340,4,-2,1
8341,4,2,-2
8341,4,-1,-1
8341,4,2,0
8341,4,-1,1
8342,4,2,-2
8342,4,-1,-1
8342,4,2,0
8342,4,0,1
8343,4,2,-2
8343,4,-1,-1
8343,4,2,0
8343,4,1,1
8344,4,2,-2
8344,4,-1,-1
8344,4,2,0
8344,4,2,1
8345,4,2,-2
8345,4,-1,-1
8345,4,2,0
8345,4,-2,2
8346,4,2,-2
8346,4,-1,-1
8346,4,2,0
8346,4,-1,2
8347,4,2,-2
8347,4,-1,-1
8347,4,2,0
8347,4,0,2
8348,4,2,-2
8348,4,-1,-1
8348,4,2,0
8348,4,1,2
8349,4,2,-2
8349,4,-1,-1
8349,4,2,0
8349,4,2,2
8350,4,2,-2
8350,4,-1,-1
8350,4,-2,1
8350,4,-1,1
8351,4,2,-2
8351,4,-1,-1
8351,4,-2,1
8351,4,0,1
8352,4,2,-2
8352,4,-1,-1
8352,4,-2,1
8352,4,1,1
8353,4,2,-2
8353,4,-1,-1
8353,4,-2,1
8353,4,2,1
8354,4,2,-2
8354,4,-1,-1
8354,4,-2,1
8354,4,-2,2
8355,4,2,-2
8355,4,-1,-1
8355,4,-2,1
8355,4,-1,2
8356,4,2,-2
8356,4,-1,-1
8356,4,-2,1
8356,4,0,2
8357,4,2,-2
8357,4,-1,-1
8357,4,-2,1
8357,4,1,2
8358,4,2,-2
8358,4,-1,-1
8358,4,-2,1
8358,4,2,2
8359,4,2,-2
8359,4,-1,-1
8359,4,-1,1
8359,4,0,1
8360,4,2,-2
8360,4,-1,-1
8360,4,-1,1
8360,4,1,1
8361,4,2,-2
8361,4,-1,-1
8361,4,-1,1
8361,4,2,1
8362,4,2,-2
8362,4,-1,-1
8362,4,-1,1
8362,4,-2,2
8363,4,2,-2
8363,4,-1,-1
8363,4,-1,1
8363,4,-1,2
8364,4,2,-2
8364,4,-1,-1
8364,4,-1,1
8364,4,0,2
8365,4,2,-2
8365,4,-1,-1
8365,4,-1,1
8365,4,1,2
8366,4,2,-2
8366,4,-1,-1
8366,4,-1,1
8366,4,2,2
8367,4,2,-2
8367,4,-1,-1
8367,4,0,1
8367,4,1,1
8368,4,2,-2
8368,4,-1,-1
8368,4,0,1
8368,4,2,1
8369,4,2,-2
8369,4,-1,-1
8369,4,0,1
8369,4,-2,2
8370,4,2,-2
8370,4,-1,-1
8370,4,0,1
8370,4,-1,2
8371,4,2,-2
8371,4,-1,-1
8371,4,0,1
8371,4,0,2
8372,4,2,-2
8372,4,-1,-1
8372,4,0,1
8372,4,1,2
8373,4,2,-2
8373,4,-1,-1
8373,4,0,1
8373,4,2,2
8374,4,2,-2
8374,4,-1,-1
8374,4,1,1
8374,4,2,1
8375,4,2,-2
8375,4,-1,-1
8375,4,1,1
8375,4,-2,2
8376,4,2,-2
8376,4,-1,-1
8376,4,1,1
8376,4,-1,2
8377,4,2,-2
8377,4,-1,-1
8377,4,1,1
8377,4,0,2
8378,4,2,-2
8378,4,-1,-1
8378,4,1,1
8378,4,1,2
8379,4,2,-2
8379,4,-1,-1
8379,4,1,1
8379,4,2,2
8380,4,2,-2
8380,4,-1,-1
8380,4,2,1
8380,4,-2,2
8381,4,2,-2
8381,4,-1,-1
8381,4,2,1
8381,4,-1,2
8382,4,2,-2
8382,4,-1,-1
8382,4,2,1
8382,4,0,2
8383,4,2,-2
8383,4,-1,-1
8383,4,2,1
8383,4,1,2
8384,4,2,-2
8384,4,-1,-1
8384,4,2,1
8384,4,2,2
8385,4,2,-2
8385,4,-1,-1
8385,4,-2,2
8385,4,-1,2
8386,4,2,-2
8386,4,-1,-1
8386,4,-2,2
8386,4,0,2
8387,4,2,-2
8387,4,-1,-1
8387,4,-2,2
8387,4,1,2
8388,4,2,-2
8388,4,-1,-1
8388,4,-2,2
8388,4,2,2
8389,4,2,-2
8389,4,-1,-1
8389,4,-1,2
8389,4,0,2
8390,4,2,-2
8390,4,-1,-1
8390,4,-1,2
8390,4,1,2
8391,4,2,-2
8391,4,-1,-1
8391,4,-1,2
8391,4,2,2
8392,4,2,-2
8392,4,-1,-1
8392,4,0,2
8392,4,1,2
8393,4,2,-2
8393,4,-1,-1
8393,4,0,2
8393,4,2,2
8394,4,2,-2
8394,4,-1,-1
8394,4,1,2
8394,4,2,2
8395,4,2,-2
8395,4,0,-1
8395,4,1,-1
8395,4,2,-1
8396,4,2,-2
8396,4,0,-1
8396,4,1,-1
8396,4,-2,0
8397,4,2,-2
8397,4,0,-1
8397,4,1,-1
8397,4,-1,0
8398,4,2,-2
8398,4,0,-1
8398,4,1,-1
8398,4,1,0
8399,4,2,-2
8399,4,0,-1
8399,4,1,-1
8399,4,2,0
8400,4,2,-2
8400,4,0,-1
8400,4,1,-1
8400,4,-2,1
8401,4,2,-2
8401,4,0,-1
8401,4,1,-1
8401,4,-1,1
8402,4,2,-2
8402,4,0,-1
8402,4,1,-1
8402,4,0,1
8403,4,2,-2
8403,4,0,-1
8403,4,1,-1
8403,4,1,1
8404,4,2,-2
8404,4,0,-1
8404,4,1,-1
8404,4,2,1
8405,4,2,-2
8405,4,0,-1
8405,4,1,-1
8405,4,-2,2
8406,4,2,-2
8406,4,0,-1
8406,4,1,-1
8406,4,-1,2
8407,4,2,-2
8407,4,0,-1
8407,4,1,-1
8407,4,0,2
8408,4,2,-2
8408,4,0,-1
8408,4,1,-1
8408,4,1,2
8409,4,2,-2
8409,4,0,-1
8409,4,1,-1
8409,4,2,2
8410,4,2,-2
8410,4,0,-1
8410,4,2,-1
8410,4,-2,0
8411,4,2,-2
8411,4,0,-1
8411,4,2,-1
8411,4,-1,0
8412,4,2,-2
8412,4,0,-1
8412,4,2,-1
8412,4,1,0
8413,4,2,-2
8413,4,0,-1
8413,4,2,-1
8413,4,2,0
8414,4,2,-2
8414,4,0,-1
8414,4,2,-1
8414,4,-2,1
8415,4,2,-2
8415,4,0,-1
8415,4,2,-1
8415,4,-1,1
8416,4,2,-2
8416,4,0,-1
8416,4,2,-1
8416,4,0,1
8417,4,2,-2
8417,4,0,-1
8417,4,2,-1
8417,4,1,1
8418,4,2,-2
8418,4,0,-1
8418,4,2,-1
8418,4,2,1
8419,4,2,-2
8419,4,0,-1
8419,4,2,-1
8419,4,-2,2
8420,4,2,-2
8420,4,0,-1
8420,4,2,-1
8420,4,-1,2
8421,4,2,-2
8421,4,0,-1
8421,4,2,-1
8421,4,0,2
8422,4,2,-2
8422,4,0,-1
8422,4,2,-1
8422,4,1,2
8423,4,2,-2
8423,4,0,-1
8423,4,2,-1
8423,4,2,2
8424,4,2,-2
8424,4,0,-1
8424,4,-2,0
8424,4,-1,0
8425,4,2,-2
8425,4,0,-1
8425,4,-2,0
8425,4,1,0
8426,4,2,-2
8426,4,0,-1
8426,4,-2,0
8426,4,2,0
8427,4,2,-2
8427,4,0,-1
8427,4,-2,0
8427,4,-2,1
8428,4,2,-2
8428,4,0,-1
8428,4,-2,0
8428,4,-1,1
8429,4,2,-2
8429,4,0,-1
8429,4,-2,0
8429,4,0,1
8430,4,2,-2
8430,4,0,-1
8430,4,-2,0
8430,4,1,1
8431,4,2,-2
8431,4,0,-1
8431,4,-2,0
8431,4,2,1
8432,4,2,-2
8432,4,0,-1
8432,4,-2,0
8432,4,-2,2
8433,4,2,-2
8433,4,0,-1
8433,4,-2,0
8433,4,-1,2
8434,4,2,-2
8434,4,0,-1
8434,4,-2,0
8434,4,0,2
8435,4,2,-2
8435,4,0,-1
8435,4,-2,0
8435,4,1,2
8436,4,2,-2
8436,4,0,-1
8436,4,-2,0
8436,4,2,2
8437,4,2,-2
8437,4,0,-1
8437,4,-1,0
8437,4,1,0
8438,4,2,-2
8438,4,0,-1
8438,4,-1,0
8438,4,2,0
8439,4,2,-2
8439,4,0,-1
8439,4,-1,0
8439,4,-2,1
8440,4,2,-2
8440,4,0,-1
8440,4,-1,0
8440,4,-1,1
8441,4,2,-2
8441,4,0,-1
8441,4,-1,0
8441,4,0,1
8442,4,2,-2
8442,4,0,-1
8442,4,-1,0
8442,4,1,1
8443,4,2,-2
8443,4,0,-1
8443,4,-1,0
8443,4,2,1
8444,4,2,-2
8444,4,0,-1
8444,4,-1,0
8444,4,-2,2
8445,4,2,-2
8445,4,0,-1
8445,4,-1,0
8445,4,-1,2
8446,4,2,-2
8446,4,0,-1
8446,4,-1,0
8446,4,0,2
8447,4,2,-2
8447,4,0,-1
8447,4,-1,0
8447,4,1,2
8448,4,2,-2
8448,4,0,-1
8448,4,-1,0
8448,4,2,2
8449,4,2,-2
8449,4,0,-1
8449,4,1,0
8449,4,2,0
8450,4,2,-2
8450,4,0,-1
8450,4,1,0
8450,4,-2,1
8451,4,2,-2
8451,4,0,-1
8451,4,1,0
8451,4,-1,1
8452,4,2,-2
8452,4,0,-1
8452,4,1,0
8452,4,0,1
8453,4,2,-2
8453,4,0,-1
8453,4,1,0
8453,4,1,1
8454,4,2,-2
8454,4,0,-1
8454,4,1,0
8454,4,2,1
8455,4,2,-2
8455,4,0,-1
8455,4,1,0
8455,4,-2,2
8456,4,2,-2
8456,4,0,-1
8456,4,1,0
8456,4,-1,2
8457,4,2,-2
8457,4,0,-1
8457,4,1,0
8457,4,0,2
8458,4,2,-2
8458,4,0,-1
8458,4,1,0
8458,4,1,2
8459,4,2,-2
8459,4,0,-1
8459,4,1,0
8459,4,2,2
8460,4,2,-2
8460,4,0,-1
8460,4,2,0
8460,4,-2,1
8461,4,2,-2
8461,4,0,-1
8461,4,2,0
8461,4,-1,1
8462,4,2,-2
8462,4,0,-1
8462,4,2,0
8462,4,0,1
8463,4,2,-2
8463,4,0,-1
8463,4,2,0
8463,4,1,1
8464,4,2,-2
8464,4,0,-1
8464,4,2,0
8464,4,2,1
8465,4,2,-2
8465,4,0,-1
8465,4,2,0
8465,4,-2,2
8466,4,2,-2
8466,4,0,-1
8466,4,2,0
8466,4,-1,2
8467,4,2,-2
8467,4,0,-1
8467,4,2,0
8467,4,0,2
8468,4,2,-2
8468,4,0,-1
8468,4,2,0
8468,4,1,2
8469,4,2,-2
8469,4,0,-1
8469,4,2,0
8469,4,2,2
8470,4,2,-2
8470,4,0,-1
8470,4,-2,1
8470,4,-1,1
8471,4,2,-2
8471,4,0,-1
8471,4,-2,1
8471,4,0,1
8472,4,2,-2
8472,4,0,-1
8472,4,-2,1
8472,4,1,1
8473,4,2,-2
8473,4,0,-1
8473,4,-2,1
8473,4,2,1
8474,4,2,-2
8474,4,0,-1
8474,4,-2,1
8474,4,-2,2
8475,4,2,-2
8475,4,0,-1
8475,4,-2,1
8475,4,-1,2
8476,4,2,-2
8476,4,0,-1
8476,4,-2,1
8476,4,0,2
8477,4,2,-2
8477,4,0,-1
8477,4,-2,1
8477,4,1,2
8478,4,2,-2
8478,4,0,-1
8478,4,-2,1
8478,4,2,2
8479,4,2,-2
8479,4,0,-1
8479,4,-1,1
8479,4,0,1
8480,4,2,-2
8480,4,0,-1
8480,4,-1,1
8480,4,1,1
8481,4,2,-2
8481,4,0,-1
8481,4,-1,1
8481,4,2,1
8482,4,2,-2
8482,4,0,-1
8482,4,-1,1
8482,4,-2,2
8483,4,2,-2
8483,4,0,-1
8483,4,-1,1
8483,4,-1,2
8484,4,2,-2
8484,4,0,-1
8484,4,-1,1
8484,4,0,2
8485,4,2,-2
8485,4,0,-1
8485,4,-1,1
8485,4,1,2
8486,4,2,-2
8486,4,0,-1
8486,4,-1,1
8486,4,2,2
8487,4,2,-2
8487,4,0,-1
8487,4,0,1
8487,4,1,1
8488,4,2,-2
8488,4,0,-1
8488,4,0,1
8488,4,2,1
8489,4,2,-2
8489,4,0,-1
8489,4,0,1
8489,4,-2,2
8490,4,2,-2
8490,4,0,-1
8490,4,0,1
8490,4,-1,2
8491,4,2,-2
8491,4,0,-1
8491,4,0,1
8491,4,0,2
8492,4,2,-2
8492,4,0,-1
8492,4,0,1
8492,4,1,2
8493,4,2,-2
8493,4,0,-1
8493,4,0,1
8493,4,2,2
8494,4,2,-2
8494,4,0,-1
8494,4,1,1
8494,4,2,1
8495,4,2,-2
8495,4,0,-1
8495,4,1,1
8495,4,-2,2
8496,4,2,-2
8496,4,0,-1
8496,4,1,1
8496,4,-1,2
8497,4,2,-2
8497,4,0,-1
8497,4,1,1
8497,4,0,2
8498,4,2,-2
8498,4,0,-1
8498,4,1,1
8498,4,1,2
8499,4,2,-2
8499,4,0,-1
8499,4,1,1
8499,4,2,2
8500,4,2,-2
8500,4,0,-1
8500,4,2,1
8500,4,-2,2
8501,4,2,-2
8501,4,0,-1
8501,4,2,1
8501,4,-1,2
8502,4,2,-2
8502,4,0,-1
8502,4,2,1
8502,4,0,2
8503,4,2,-2
8503,4,0,-1
8503,4,2,1
8503,4,1,2
8504,4,2,-2
8504,4,0,-1
8504,4,2,1
8504,4,2,2
8505,4,2,-2
8505,4,0,-1
8505,4,-2,2
8505,4,-1,2
8506,4,2,-2
8506,4,0,-1
8506,4,-2,2
8506,4,0,2
8507,4,2,-2
8507,4,0,-1
8507,4,-2,2
8507,4,1,2
8508,4,2,-2
8508,4,0,-1
8508,4,-2,2
8508,4,2,2
8509,4,2,-2
8509,4,0,-1
8509,4,-1,2
8509,4,0,2
8510,4,2,-2
8510,4,0,-1
8510,4,-1,2
8510,4,1,2
8511,4,2,-2
8511,4,0,-1
8511,4,-1,2
8511,4,2,2
8512,4,2,-2
8512,4,0,-1
8512,4,0,2
8512,4,1,2
8513,4,2,-2
8513,4,0,-1
8513,4,0,2
8513,4,2,2
8514,4,2,-2
8514,4,0,-1
8514,4,1,2
8514,4,2,2
8515,4,2,-2
8515,4,1,-1
8515,4,2,-1
8515,4,-2,0
8516,4,2,-2
8516,4,1,-1
8516,4,2,-1
8516,4,-1,0
8517,4,2,-2
8517,4,1,-1
8517,4,2,-1
8517,4,1,0
8518,4,2,-2
8518,4,1,-1
8518,4,2,-1
8518,4,2,0
8519,4,2,-2
8519,4,1,-1
8519,4,2,-1
8519,4,-2,1
8520,4,2,-2
8520,4,1,-1
8520,4,2,-1
8520,4,-1,1
8521,4,2,-2
8521,4,1,-1
8521,4,2,-1
8521,4,0,1
8522,4,2,-2
8522,4,1,-1
8522,4,2,-1
8522,4,1,1
8523,4,2,-2
8523,4,1,-1
8523,4,2,-1
8523,4,2,1
8524,4,2,-2
8524,4,1,-1
8524,4,2,-1
8524,4,-2,2
8525,4,2,-2
8525,4,1,-1
8525,4,2,-1
8525,4,-1,2
8526,4,2,-2
8526,4,1,-1
8526,4,2,-1
8526,4,0,2
8527,4,2,-2
8527,4,1,-1
8527,4,2,-1
8527,4,1,2
8528,4,2,-2
8528,4,1,-1
8528,4,2,-1
8528,4,2,2
8529,4,2,-2
8529,4,1,-1
8529,4,-2,0
8529,4,-1,0
8530,4,2,-2
8530,4,1,-1
8530,4,-2,0
8530,4,1,0
8531,4,2,-2
8531,4,1,-1
8531,4,-2,0
8531,4,2,0
8532,4,2,-2
8532,4,1,-1
8532,4,-2,0
8532,4,-2,1
8533,4,2,-2
8533,4,1,-1
8533,4,-2,0
8533,4,-1,1
8534,4,2,-2
8534,4,1,-1
8534,4,-2,0
8534,4,0,1
8535,4,2,-2
8535,4,1,-1
8535,4,-2,0
8535,4,1,1
8536,4,2,-2
8536,4,1,-1
8536,4,-2,0
8536,4,2,1
8537,4,2,-2
8537,4,1,-1
8537,4,-2,0
8537,4,-2,2
8538,4,2,-2
8538,4,1,-1
8538,4,-2,0
8538,4,-1,2
8539,4,2,-2
8539,4,1,-1
8539,4,-2,0
8539,4,0,2
8540,4,2,-2
8540,4,1,-1
8540,4,-2,0
8540,4,1,2
8541,4,2,-2
8541,4,1,-1
8541,4,-2,0
8541,4,2,2
8542,4,2,-2
8542,4,1,-1
8542,4,-1,0
8542,4,1,0
8543,4,2,-2
8543,4,1,-1
8543,4,-1,0
8543,4,2,0
8544,4,2,-2
8544,4,1,-1
8544,4,-1,0
8544,4,-2,1
8545,4,2,-2
8545,4,1,-1
8545,4,-1,0
8545,4,-1,1
8546,4,2,-2
8546,4,1,-1
8546,4,-1,0
8546,4,0,1
8547,4,2,-2
8547,4,1,-1
8547,4,-1,0
8547,4,1,1
8548,4,2,-2
8548,4,1,-1
8548,4,-1,0
8548,4,2,1
8549,4,2,-2
8549,4,1,-1
8549,4,-1,0
8549,4,-2,2
8550,4,2,-2
8550,4,1,-1
8550,4,-1,0
8550,4,-1,2
8551,4,2,-2
8551,4,1,-1
8551,4,-1,0
8551,4,0,2
8552,4,2,-2
8552,4,1,-1
8552,4,-1,0
8552,4,1,2
8553,4,2,-2
8553,4,1,-1
8553,4,-1,0
8553,4,2,2
8554,4,2,-2
8554,4,1,-1
8554,4,1,0
8554,4,2,0
8555,4,2,-2
8555,4,1,-1
8555,4,1,0
8555,4,-2,1
8556,4,2,-2
8556,4,1,-1
8556,4,1,0
8556,4,-1,1
8557,4,2,-2
8557,4,1,-1
8557,4,1,0
8557,4,0,1
8558,4,2,-2
8558,4,1,-1
8558,4,1,0
8558,4,1,1
8559,4,2,-2
8559,4,1,-1
8559,4,1,0
8559,4,2,1
8560,4,2,-2
8560,4,1,-1
8560,4,1,0
8560,4,-2,2
8561,4,2,-2
8561,4,1,-1
8561,4,1,0
8561,4,-1,2
8562,4,2,-2
8562,4,1,-1
8562,4,1,0
8562,4,0,2
8563,4,2,-2
8563,4,1,-1
8563,4,1,0
8563,4,1,2
8564,4,2,-2
8564,4,1,-1
8564,4,1,0
8564,4,2,2
8565,4,2,-2
8565,4,1,-1
8565,4,2,0
8565,4,-2,1
8566,4,2,-2
8566,4,1,-1
8566,4,2,0
8566,4,-1,1
8567,4,2,-2
8567,4,1,-1
8567,4,2,0
8567,4,0,1
8568,4,2,-2
8568,4,1,-1
8568,4,2,0
8568,4,1,1
8569,4,2,-2
8569,4,1,-1
8569,4,2,0
8569,4,2,1
8570,4,2,-2
8570,4,1,-1
8570,4,2,0
8570,4,-2,2
8571,4,2,-2
8571,4,1,-1
8571,4,2,0
8571,4,-1,2
8572,4,2,-2
8572,4,1,-1
8572,4,2,0
8572,4,0,2
8573,4,2,-2
8573,4,1,-1
8573,4,2,0
8573,4,1,2
8574,4,2,-2
8574,4,1,-1
8574,4,2,0
8574,4,2,2
8575,4,2,-2
8575,4,1,-1
8575,4,-2,1
8575,4,-1,1
8576,4,2,-2
8576,4,1,-1
8576,4,-2,1
8576,4,0,1
8577,4,2,-2
8577,4,1,-1
8577,4,-2,1
8577,4,1,1
8578,4,2,-2
8578,4,1,-1
8578,4,-2,1
8578,4,2,1
8579,4,2,-2
8579,4,1,-1
8579,4,-2,1
8579,4,-2,2
8580,4,2,-2
8580,4,1,-1
8580,4,-2,1
8580,4,-1,2
8581,4,2,-2
8581,4,1,-1
8581,4,-2,1
8581,4,0,2
8582,4,2,-2
8582,4,1,-1
8582,4,-2,1
8582,4,1,2
8583,4,2,-2
8583,4,1,-1
8583,4,-2,1
8583,4,2,2
8584,4,2,-2
8584,4,1,-1
8584,4,-1,1
8584,4,0,1
8585,4,2,-2
8585,4,1,-1
8585,4,-1,1
8585,4,1,1
8586,4,2,-2
8586,4,1,-1
8586,4,-1,1
8586,4,2,1
8587,4,2,-2
8587,4,1,-1
8587,4,-1,1
8587,4,-2,2
8588,4,2,-2
8588,4,1,-1
8588,4,-1,1
8588,4,-1,2
8589,4,2,-2
8589,4,1,-1
8589,4,-1,1
8589,4,0,2
8590,4,2,-2
8590,4,1,-1
8590,4,-1,1
8590,4,1,2
8591,4,2,-2
8591,4,1,-1
8591,4,-1,1
8591,4,2,2
8592,4,2,-2
8592,4,1,-1
8592,4,0,1
8592,4,1,1
8593,4,2,-2
8593,4,1,-1
8593,4,0,1
8593,4,2,1
8594,4,2,-2
8594,4,1,-1
8594,4,0,1
8594,4,-2,2
8595,4,2,-2
8595,4,1,-1
8595,4,0,1
8595,4,-1,2
8596,4,2,-2
8596,4,1,-1
8596,4,0,1
8596,4,0,2
8597,4,2,-2
8597,4,1,-1
8597,4,0,1
8597,4,1,2
8598,4,2,-2
8598,4,1,-1
8598,4,0,1
8598,4,2,2
8599,4,2,-2
8599,4,1,-1
8599,4,1,1
8599,4,2,1
8600,4,2,-2
8600,4,1,-1
8600,4,1,1
8600,4,-2,2
8601,4,2,-2
8601,4,1,-1
8601,4,1,1
8601,4,-1,2
8602,4,2,-2
8602,4,1,-1
8602,4,1,1
8602,4,0,2
8603,4,2,-2
8603,4,1,-1
8603,4,1,1
8603,4,1,2
8604,4,2,-2
8604,4,1,-1
8604,4,1,1
8604,4,2,2
8605,4,2,-2
8605,4,1,-1
8605,4,2,1
8605,4,-2,2
8606,4,2,-2
8606,4,1,-1
8606,4,2,1
8606,4,-1,2
8607,4,2,-2
8607,4,1,-1
8607,4,2,1
8607,4,0,2
8608,4,2,-2
8608,4,1,-1
8608,4,2,1
8608,4,1,2
8609,4,2,-2
8609,4,1,-1
8609,4,2,1
8609,4,2,2
8610,4,2,-2
8610,4,1,-1
8610,4,-2,2
8610,4,-1,2
8611,4,2,-2
8611,4,1,-1
8611,4,-2,2
8611,4,0,2
8612,4,2,-2
8612,4,1,-1
8612,4,-2,2
8612,4,1,2
8613,4,2,-2
8613,4,1,-1
8613,4,-2,2
8613,4,2,2
8614,4,2,-2
8614,4,1,-1
8614,4,-1,2
8614,4,0,2
8615,4,2,-2
8615,4,1,-1
8615,4,-1,2
8615,4,1,2
8616,4,2,-2
8616,4,1,-1
8616,4,-1,2
8616,4,2,2
8617,4,2,-2
8617,4,1,-1
8617,4,0,2
8617,4,1,2
8618,4,2,-2
8618,4,1,-1
8618,4,0,2
8618,4,2,2
8619,4,2,-2
8619,4,1,-1
8619,4,1,2
8619,4,2,2
8620,4,2,-2
8620,4,2,-1
8620,4,-2,0
8620,4,-1,0
8621,4,2,-2
8621,4,2,-1
8621,4,-2,0
8621,4,1,0
8622,4,2,-2
8622,4,2,-1
8622,4,-2,0
8622,4,2,0
8623,4,2,-2
8623,4,2,-1
8623,4,-2,0
8623,4,-2,1
8624,4,2,-2
8624,4,2,-1
8624,4,-2,0
8624,4,-1,1
8625,4,2,-2
8625,4,2,-1
8625,4,-2,0
8625,4,0,1
8626,4,2,-2
8626,4,2,-1
8626,4,-2,0
8626,4,1,1
8627,4,2,-2
8627,4,2,-1
8627,4,-2,0
8627,4,2,1
8628,4,2,-2
8628,4,2,-1
8628,4,-2,0
8628,4,-2,2
8629,4,2,-2
8629,4,2,-1
8629,4,-2,0
8629,4,-1,2
8630,4,2,-2
8630,4,2,-1
8630,4,-2,0
8630,4,0,2
8631,4,2,-2
8631,4,2,-1
8631,4,-2,0
8631,4,1,2
8632,4,2,-2
8632,4,2,-1
8632,4,-2,0
8632,4,2,2
8633,4,2,-2
8633,4,2,-1
8633,4,-1,0
8633,4,1,0
8634,4,2,-2
8634,4,2,-1
8634,4,-1,0
8634,4,2,0
8635,4,2,-2
8635,4,2,-1
8635,4,-1,0
8635,4,-2,1
8636,4,2,-2
8636,4,2,-1
8636,4,-1,0
8636,4,-1,1
8637,4,2,-2
8637,4,2,-1
8637,4,-1,0
8637,4,0,1
8638,4,2,-2
8638,4,2,-1
8638,4,-1,0
8638,4,1,1
8639,4,2,-2
8639,4,2,-1
8639,4,-1,0
8639,4,2,1
8640,4,2,-2
8640,4,2,-1
8640,4,-1,0
8640,4,-2,2
8641,4,2,-2
8641,4,2,-1
8641,4,-1,0
8641,4,-1,2
8642,4,2,-2
8642,4,2,-1
8642,4,-1,0
8642,4,0,2
8643,4,2,-2
8643,4,2,-1
8643,4,-1,0
8643,4,1,2
8644,4,2,-2
8644,4,2,-1
8644,4,-1,0
8644,4,2,2
8645,4,2,-2
8645,4,2,-1
8645,4,1,0
8645,4,2,0
8646,4,2,-2
8646,4,2,-1
8646,4,1,0
8646,4,-2,1
8647,4,2,-2
8647,4,2,-1
8647,4,1,0
8647,4,-1,1
8648,4,2,-2
8648,4,2,-1
8648,4,1,0
8648,4,0,1
8649,4,2,-2
8649,4,2,-1
8649,4,1,0
8649,4,1,1
8650,4,2,-2
8650,4,2,-1
8650,4,1,0
8650,4,2,1
8651,4,2,-2
8651,4,2,-1
8651,4,1,0
8651,4,-2,2
8652,4,2,-2
8652,4,2,-1
8652,4,1,0
8652,4,-1,2
8653,4,2,-2
8653,4,2,-1
8653,4,1,0
8653,4,0,2
8654,4,2,-2
8654,4,2,-1
8654,4,1,0
8654,4,1,2
8655,4,2,-2
8655,4,2,-1
8655,4,1,0
8655,4,2,2
8656,4,2,-2
8656,4,2,-1
8656,4,2,0
8656,4,-2,1
8657,4,2,-2
8657,4,2,-1
8657,4,2,0
8657,4,-1,1
8658,4,2,-2
8658,4,2,-1
8658,4,2,0
8658,4,0,1
8659,4,2,-2
8659,4,2,-1
8659,4,2,0
8659,4,1,1
8660,4,2,-2
8660,4,2,-1
8660,4,2,0
8660,4,2,1
8661,4,2,-2
8661,4,2,-1
8661,4,2,0
8661,4,-2,2
8662,4,2,-2
8662,4,2,-1
8662,4,2,0
8662,4,-1,2
8663,4,2,-2
8663,4,2,-1
8663,4,2,0
8663,4,0,2
8664,4,2,-2
8664,4,2,-1
8664,4,2,0
8664,4,1,2
8665,4,2,-2
8665,4,2,-1
8665,4,2,0
8665,4,2,2
8666,4,2,-2
8666,4,2,-1
8666,4,-2,1
8666,4,-1,1
8667,4,2,-2
8667,4,2,-1
8667,4,-2,1
8667,4,0,1
8668,4,2,-2
8668,4,2,-1
8668,4,-2,1
8668,4,1,1
8669,4,2,-2
8669,4,2,-1
8669,4,-2,1
8669,4,2,1
8670,4,2,-2
8670,4,2,-1
8670,4,-2,1
8670,4,-2,2
8671,4,2,-2
8671,4,2,-1
8671,4,-2,1
8671,4,-1,2
8672,4,2,-2
8672,4,2,-1
8672,4,-2,1
8672,4,0,2
8673,4,2,-2
8673,4,2,-1
8673,4,-2,1
8673,4,1,2
8674,4,2,-2
8674,4,2,-1
8674,4,-2,1
8674,4,2,2
8675,4,2,-2
8675,4,2,-1
8675,4,-1,1
8675,4,0,1
8676,4,2,-2
8676,4,2,-1
8676,4,-1,1
8676,4,1,1
8677,4,2,-2
8677,4,2,-1
8677,4,-1,1
8677,4,2,1
8678,4,2,-2
8678,4,2,-1
8678,4,-1,1
8678,4,-2,2
8679,4,2,-2
8679,4,2,-1
8679,4,-1,1
8679,4,-1,2
8680,4,2,-2
8680,4,2,-1
8680,4,-1,1
8680,4,0,2
8681,4,2,-2
8681,4,2,-1
8681,4,-1,1
8681,4,1,2
8682,4,2,-2
8682,4,2,-1
8682,4,-1,1
8682,4,2,2
8683,4,2,-2
8683,4,2,-1
8683,4,0,1
8683,4,1,1
8684,4,2,-2
8684,4,2,-1
8684,4,0,1
8684,4,2,1
8685,4,2,-2
8685,4,2,-1
8685,4,0,1
8685,4,-2,2
8686,4,2,-2
8686,4,2,-1
8686,4,0,1
8686,4,-1,2
8687,4,2,-2
8687,4,2,-1
8687,4,0,1
8687,4,0,2
8688,4,2,-2
8688,4,2,-1
8688,4,0,1
8688,4,1,2
8689,4,2,-2
8689,4,2,-1
8689,4,0,1
8689,4,2,2
8690,4,2,-2
8690,4,2,-1
8690,4,1,1
8690,4,2,1
8691,4,2,-2
8691,4,2,-1
8691,4,1,1
8691,4,-2,2
8692,4,2,-2
8692,4,2,-1
8692,4,1,1
8692,4,-1,2
8693,4,2,-2
8693,4,2,-1
8693,4,1,1
8693,4,0,2
8694,4,2,-2
8694,4,2,-1
8694,4,1,1
8694,4,1,2
8695,4,2,-2
8695,4,2,-1
8695,4,1,1
8695,4,2,2
8696,4,2,-2
8696,4,2,-1
8696,4,2,1
8696,4,-2,2
8697,4,2,-2
8697,4,2,-1
8697,4,2,1
8697,4,-1,2
8698,4,2,-2
8698,4,2,-1
8698,4,2,1
8698,4,0,2
8699,4,2,-2
8699,4,2,-1
8699,4,2,1
8699,4,1,2
8700,4,2,-2
8700,4,2,-1
8700,4,2,1
8700,4,2,2
8701,4,2,-2
8701,4,2,-1
8701,4,-2,2
8701,4,-1,2
8702,4,2,-2
8702,4,2,-1
8702,4,-2,2
8702,4,0,2
8703,4,2,-2
8703,4,2,-1
8703,4,-2,2
8703,4,1,2
8704,4,2,-2
8704,4,2,-1
8704,4,-2,2
8704,4,2,2
8705,4,2,-2
8705,4,2,-1
8705,4,-1,2
8705,4,0,2
8706,4,2,-2
8706,4,2,-1
8706,4,-1,2
8706,4,1,2
8707,4,2,-2
8707,4,2,-1
8707,4,-1,2
8707,4,2,2
8708,4,2,-2
8708,4,2,-1
8708,4,0,2
8708,4,1,2
8709,4,2,-2
8709,4,2,-1
8709,4,0,2
8709,4,2,2
8710,4,2,-2
8710,4,2,-1
8710,4,1,2
8710,4,2,2
8711,4,2,-2
8711,4,-2,0
8711,4,-1,0
8711,4,1,0
8712,4,2,-2
8712,4,-2,0
8712,4,-1,0
8712,4,2,0
8713,4,2,-2
8713,4,-2,0
8713,4,-1,0
8713,4,-2,1
8714,4,2,-2
8714,4,-2,0
8714,4,-1,0
8714,4,-1,1
8715,4,2,-2
8715,4,-2,0
8715,4,-1,0
8715,4,0,1
8716,4,2,-2
8716,4,-2,0
8716,4,-1,0
8716,4,1,1
8717,4,2,-2
8717,4,-2,0
8717,4,-1,0
8717,4,2,1
8718,4,2,-2
8718,4,-2,0
8718,4,-1,0
8718,4,-2,2
8719,4,2,-2
8719,4,-2,0
8719,4,-1,0
8719,4,-1,2
8720,4,2,-2
8720,4,-2,0
8720,4,-1,0
8720,4,0,2
8721,4,2,-2
8721,4,-2,0
8721,4,-1,0
8721,4,1,2
8722,4,2,-2
8722,4,-2,0
8722,4,-1,0
8722,4,2,2
8723,4,2,-2
8723,4,-2,0
8723,4,1,0
8723,4,2,0
8724,4,2,-2
8724,4,-2,0
8724,4,1,0
8724,4,-2,1
8725,4,2,-2
8725,4,-2,0
8725,4,1,0
8725,4,-1,1
8726,4,2,-2
8726,4,-2,0
8726,4,1,0
8726,4,0,1
8727,4,2,-2
8727,4,-2,0
8727,4,1,0
8727,4,1,1
8728,4,2,-2
8728,4,-2,0
8728,4,1,0
8728,4,2,1
8729,4,2,-2
8729,4,-2,0
8729,4,1,0
8729,4,-2,2
8730,4,2,-2
8730,4,-2,0
8730,4,1,0
8730,4,-1,2
8731,4,2,-2
8731,4,-2,0
8731,4,1,0
8731,4,0,2
8732,4,2,-2
8732,4,-2,0
8732,4,1,0
8732,4,1,2
8733,4,2,-2
8733,4,-2,0
8733,4,1,0
8733,4,2,2
8734,4,2,-2
8734,4,-2,0
8734,4,2,0
8734,4,-2,1
8735,4,2,-2
8735,4,-2,0
8735,4,2,0
8735,4,-1,1
8736,4,2,-2
8736,4,-2,0
8736,4,2,0
8736,4,0,1
8737,4,2,-2
8737,4,-2,0
8737,4,2,0
8737,4,1,1
8738,4,2,-2
8738,4,-2,0
8738,4,2,0
8738,4,2,1
8739,4,2,-2
8739,4,-2,0
8739,4,2,0
8739,4,-2,2
8740,4,2,-2
8740,4,-2,0
8740,4,2,0
8740,4,-1,2
8741,4,2,-2
8741,4,-2,0
8741,4,2,0
8741,4,0,2
8742,4,2,-2
8742,4,-2,0
8742,4,2,0
8742,4,1,2
8743,4,2,-2
8743,4,-2,0
8743,4,2,0
8743,4,2,2
8744,4,2,-2
8744,4,-2,0
8744,4,-2,1
8744,4,-1,1
8745,4,2,-2
8745,4,-2,0
8745,4,-2,1
8745,4,0,1
8746,4,2,-2
8746,4,-2,0
8746,4,-2,1
8746,4,1,1
8747,4,2,-2
8747,4,-2,0
8747,4,-2,1
8747,4,2,1
8748,4,2,-2
8748,4,-2,0
8748,4,-2,1
8748,4,-2,2
8749,4,2,-2
8749,4,-2,0
8749,4,-2,1
8749,4,-1,2
8750,4,2,-2
8750,4,-2,0
8750,4,-2,1
8750,4,0,2
8751,4,2,-2
8751,4,-2,0
8751,4,-2,1
8751,4,1,2
8752,4,2,-2
8752,4,-2,0
8752,4,-2,1
8752,4,2,2
8753,4,2,-2
8753,4,-2,0
8753,4,-1,1
8753,4,0,1
8754,4,2,-2
8754,4,-2,0
8754,4,-1,1
8754,4,1,1
8755,4,2,-2
8755,4,-2,0
8755,4,-1,1
8755,4,2,1
8756,4,2,-2
8756,4,-2,0
8756,4,-1,1
8756,4,-2,2
8757,4,2,-2
8757,4,-2,0
8757,4,-1,1
8757,4,-1,2
8758,4,2,-2
8758,4,-2,0
8758,4,-1,1
8758,4,0,2
8759,4,2,-2
8759,4,-2,0
8759,4,-1,1
8759,4,1,2
8760,4,2,-2
8760,4,-2,0
8760,4,-1,1
8760,4,2,2
8761,4,2,-2
8761,4,-2,0
8761,4,0,1
8761,4,1,1
8762,4,2,-2
8762,4,-2,0
8762,4,0,1
8762,4,2,1
8763,4,2,-2
8763,4,-2,0
8763,4,0,1
8763,4,-2,2
8764,4,2,-2
8764,4,-2,0
8764,4,0,1
8764,4,-1,2
8765,4,2,-2
8765,4,-2,0
8765,4,0,1
8765,4,0,2
8766,4,2,-2
8766,4,-2,0
8766,4,0,1
8766,4,1,2
8767,4,2,-2
8767,4,-2,0
8767,4,0,1
8767,4,2,2
8768,4,2,-2
8768,4,-2,0
8768,4,1,1
8768,4,2,1
8769,4,2,-2
8769,4,-2,0
8769,4,1,1
8769,4,-2,2
8770,4,2,-2
8770,4,-2,0
8770,4,1,1
8770,4,-1,2
8771,4,2,-2
8771,4,-2,0
8771,4,1,1
8771,4,0,2
8772,4,2,-2
8772,4,-2,0
8772,4,1,1
8772,4,1,2
8773,4,2,-2
8773,4,-2,0
8773,4,1,1
8773,4,2,2
8774,4,2,-2
8774,4,-2,0
8774,4,2,1
8774,4,-2,2
8775,4,2,-2
8775,4,-2,0
8775,4,2,1
8775,4,-1,2
8776,4,2,-2
8776,4,-2,0
8776,4,2,1
8776,4,0,2
8777,4,2,-2
8777,4,-2,0
8777,4,2,1
8777,4,1,2
8778,4,2,-2
8778,4,-2,0
8778,4,2,1
8778,4,2,2
8779,4,2,-2
8779,4,-2,0
8779,4,-2,2
8779,4,-1,2
8780,4,2,-2
8780,4,-2,0
8780,4,-2,2
8780,4,0,2
8781,4,2,-2
8781,4,-2,0
8781,4,-2,2
8781,4,1,2
8782,4,2,-2
8782,4,-2,0
8782,4,-2,2
8782,4,2,2
8783,4,2,-2
8783,4,-2,0
8783,4,-1,2
8783,4,0,2
8784,4,2,-2
8784,4,-2,0
8784,4,-1,2
8784,4,1,2
8785,4,2,-2
8785,4,-2,0
8785,4,-1,2
8785,4,2,2
8786,4,2,-2
8786,4,-2,0
8786,4,0,2
8786,4,1,2
8787,4,2,-2
8787,4,-2,0
8787,4,0,2
8787,4,2,2
8788,4,2,-2
8788,4,-2,0
8788,4,1,2
8788,4,2,2
8789,4,2,-2
8789,4,-1,0
8789,4,1,0
8789,4,2,0
8790,4,2,-2
8790,4,-1,0
8790,4,1,0
8790,4,-2,1
8791,4,2,-2
8791,4,-1,0
8791,4,1,0
8791,4,-1,1
8792,4,2,-2
8792,4,-1,0
8792,4,1,0
8792,4,0,1
8793,4,2,-2
8793,4,-1,0
8793,4,1,0
8793,4,1,1
8794,4,2,-2
8794,4,-1,0
8794,4,1,0
8794,4,2,1
8795,4,2,-2
8795,4,-1,0
8795,4,1,0
8795,4,-2,2
8796,4,2,-2
8796,4,-1,0
8796,4,1,0
8796,4,-1,2
8797,4,2,-2
8797,4,-1,0
8797,4,1,0
8797,4,0,2
8798,4,2,-2
8798,4,-1,0
8798,4,1,0
8798,4,1,2
8799,4,2,-2
8799,4,-1,0
8799,4,1,0
8799,4,2,2
8800,4,2,-2
8800,4,-1,0
8800,4,2,0
8800,4,-2,1
8801,4,2,-2
8801,4,-1,0
8801,4,2,0
8801,4,-1,1
8802,4,2,-2
8802,4,-1,0
8802,4,2,0
8802,4,0,1
8803,4,2,-2
8803,4,-1,0
8803,4,2,0
8803,4,1,1
8804,4,2,-2
8804,4,-1,0
8804,4,2,0
8804,4,2,1
8805,4,2,-2
8805,4,-1,0
8805,4,2,0
8805,4,-2,2
8806,4,2,-2
8806,4,-1,0
8806,4,2,0
8806,4,-1,2
8807,4,2,-2
8807,4,-1,0
8807,4,2,0
8807,4,0,2
8808,4,2,-2
8808,4,-1,0
8808,4,2,0
8808,4,1,2
8809,4,2,-2
8809,4,-1,0
8809,4,2,0
8809,4,2,2
8810,4,2,-2
8810,4,-1,0
8810,4,-2,1
8810,4,-1,1
8811,4,2,-2
8811,4,-1,0
8811,4,-2,1
8811,4,0,1
8812,4,2,-2
8812,4,-1,0
8812,4,-2,1
8812,4,1,1
8813,4,2,-2
8813,4,-1,0
8813,4,-2,1
8813,4,2,1
8814,4,2,-2
8814,4,-1,0
8814,4,-2,1
8814,4,-2,2
8815,4,2,-2
8815,4,-1,0
8815,4,-2,1
8815,4,-1,2
8816,4,2,-2
8816,4,-1,0
8816,4,-2,1
8816,4,0,2
8817,4,2,-2
8817,4,-1,0
8817,4,-2,1
8817,4,1,2
8818,4,2,-2
8818,4,-1,0
8818,4,-2,1
8818,4,2,2
8819,4,2,-2
8819,4,-1,0
8819,4,-1,1
8819,4,0,1
8820,4,2,-2
8820,4,-1,0
8820,4,-1,1
8820,4,1,1
8821,4,2,-2
8821,4,-1,0
8821,4,-1,1
8821,4,2,1
8822,4,2,-2
8822,4,-1,0
8822,4,-1,1
8822,4,-2,2
8823,4,2,-2
8823,4,-1,0
8823,4,-1,1
8823,4,-1,2
8824,4,2,-2
8824,4,-1,0
8824,4,-1,1
8824,4,0,2
8825,4,2,-2
8825,4,-1,0
8825,4,-1,1
8825,4,1,2
8826,4,2,-2
8826,4,-1,0
8826,4,-1,1
8826,4,2,2
8827,4,2,-2
8827,4,-1,0
8827,4,0,1
8827,4,1,1
8828,4,2,-2
8828,4,-1,0
8828,4,0,1
8828,4,2,1
8829,4,2,-2
8829,4,-1,0
8829,4,0,1
8829,4,-2,2
8830,4,2,-2
8830,4,-1,0
8830,4,0,1
8830,4,-1,2
8831,4,2,-2
8831,4,-1,0
8831,4,0,1
8831,4,0,2
8832,4,2,-2
8832,4,-1,0
8832,4,0,1
8832,4,1,2
8833,4,2,-2
8833,4,-1,0
8833,4,0,1
8833,4,2,2
8834,4,2,-2
8834,4,-1,0
8834,4,1,1
8834,4,2,1
8835,4,2,-2
8835,4,-1,0
8835,4,1,1
8835,4,-2,2
8836,4,2,-2
8836,4,-1,0
8836,4,1,1
8836,4,-1,2
8837,4,2,-2
8837,4,-1,0
8837,4,1,1
8837,4,0,2
8838,4,2,-2
8838,4,-1,0
8838,4,1,1
8838,4,1,2
8839,4,2,-2
8839,4,-1,0
8839,4,1,1
8839,4,2,2
8840,4,2,-2
8840,4,-1,0
8840,4,2,1
8840,4,-2,2
8841,4,2,-2
8841,4,-1,0
8841,4,2,1
8841,4,-1,2
8842,4,2,-2
8842,4,-1,0
8842,4,2,1
8842,4,0,2
8843,4,2,-2
8843,4,-1,0
8843,4,2,1
8843,4,1,2
8844,4,2,-2
8844,4,-1,0
8844,4,2,1
8844,4,2,2
8845,4,2,-2
8845,4,-1,0
8845,4,-2,2
8845,4,-1,2
8846,4,2,-2
8846,4,-1,0
8846,4,-2,2
8846,4,0,2
8847,4,2,-2
8847,4,-1,0
8847,4,-2,2
8847,4,1,2
8848,4,2,-2
8848,4,-1,0
8848,4,-2,2
8848,4,2,2
8849,4,2,-2
8849,4,-1,0
8849,4,-1,2
8849,4,0,2
8850,4,2,-2
8850,4,-1,0
8850,4,-1,2
8850,4,1,2
8851,4,2,-2
8851,4,-1,0
8851,4,-1,2
8851,4,2,2
8852,4,2,-2
8852,4,-1,0
8852,4,0,2
8852,4,1,2
8853,4,2,-2
8853,4,-1,0
8853,4,0,2
8853,4,2,2
8854,4,2,-2
8854,4,-1,0
8854,4,1,2
8854,4,2,2
8855,4,2,-2
8855,4,1,0
8855,4,2,0
8855,4,-2,1
8856,4,2,-2
8856,4,1,0
8856,4,2,0
8856,4,-1,1
8857,4,2,-2
8857,4,1,0
8857,4,2,0
8857,4,0,1
8858,4,2,-2
8858,4,1,0
8858,4,2,0
8858,4,1,1
8859,4,2,-2
8859,4,1,0
8859,4,2,0
8859,4,2,1
8860,4,2,-2
8860,4,1,0
8860,4,2,0
8860,4,-2,2
8861,4,2,-2
8861,4,1,0
8861,4,2,0
8861,4,-1,2
8862,4,2,-2
8862,4,1,0
8862,4,2,0
8862,4,0,2
8863,4,2,-2
8863,4,1,0
8863,4,2,0
8863,4,1,2
8864,4,2,-2
8864,4,1,0
8864,4,2,0
8864,4,2,2
8865,4,2,-2
8865,4,1,0
8865,4,-2,1
8865,4,-1,1
8866,4,2,-2
8866,4,1,0
8866,4,-2,1
8866,4,0,1
8867,4,2,-2
8867,4,1,0
8867,4,-2,1
8867,4,1,1
8868,4,2,-2
8868,4,1,0
8868,4,-2,1
8868,4,2,1
8869,4,2,-2
8869,4,1,0
8869,4,-2,1
8869,4,-2,2
8870,4,2,-2
8870,4,1,0
8870,4,-2,1
8870,4,-1,2
8871,4,2,-2
8871,4,1,0
8871,4,-2,1
8871,4,0,2
8872,4,2,-2
8872,4,1,0
8872,4,-2,1
8872,4,1,2
8873,4,2,-2
8873,4,1,0
8873,4,-2,1
8873,4,2,2
8874,4,2,-2
8874,4,1,0
8874,4,-1,1
8874,4,0,1
8875,4,2,-2
8875,4,1,0
8875,4,-1,1
8875,4,1,1
8876,4,2,-2
8876,4,1,0
8876,4,-1,1
8876,4,2,1
8877,4,2,-2
8877,4,1,0
8877,4,-1,1
8877,4,-2,2
8878,4,2,-2
8878,4,1,0
8878,4,-1,1
8878,4,-1,2
8879,4,2,-2
8879,4,1,0
8879,4,-1,1
8879,4,0,2
8880,4,2,-2
8880,4,1,0
8880,4,-1,1
8880,4,1,2
8881,4,2,-2
8881,4,1,0
8881,4,-1,1
8881,4,2,2
8882,4,2,-2
8882,4,1,0
8882,4,0,1
8882,4,1,1
8883,4,2,-2
8883,4,1,0
8883,4,0,1
8883,4,2,1
8884,4,2,-2
8884,4,1,0
8884,4,0,1
8884,4,-2,2
8885,4,2,-2
8885,4,1,0
8885,4,0,1
8885,4,-1,2
8886,4,2,-2
8886,4,1,0
8886,4,0,1
8886,4,0,2
8887,4,2,-2
8887,4,1,0
8887,4,0,1
8887,4,1,2
8888,4,2,-2
8888,4,1,0
8888,4,0,1
8888,4,2,2
8889,4,2,-2
8889,4,1,0
8889,4,1,1
8889,4,2,1
8890,4,2,-2
8890,4,1,0
8890,4,1,1
8890,4,-2,2
8891,4,2,-2
8891,4,1,0
8891,4,1,1
8891,4,-1,2
8892,4,2,-2
8892,4,1,0
8892,4,1,1
8892,4,0,2
8893,4,2,-2
8893,4,1,0
8893,4,1,1
8893,4,1,2
8894,4,2,-2
8894,4,1,0
8894,4,1,1
8894,4,2,2
8895,4,2,-2
8895,4,1,0
8895,4,2,1
8895,4,-2,2
8896,4,2,-2
8896,4,1,0
8896,4,2,1
8896,4,-1,2
8897,4,2,-2
8897,4,1,0
8897,4,2,1
8897,4,0,2
8898,4,2,-2
8898,4,1,0
8898,4,2,1
8898,4,1,2
8899,4,2,-2
8899,4,1,0
8899,4,2,1
8899,4,2,2
8900,4,2,-2
8900,4,1,0
8900,4,-2,2
8900,4,-1,2
8901,4,2,-2
8901,4,1,0
8901,4,-2,2
8901,4,0,2
8902,4,2,-2
8902,4,1,0
8902,4,-2,2
8902,4,1,2
8903,4,2,-2
8903,4,1,0
8903,4,-2,2
8903,4,2,2
8904,4,2,-2
8904,4,1,0
8904,4,-1,2
8904,4,0,2
8905,4,2,-2
8905,4,1,0
8905,4,-1,2
8905,4,1,2
8906,4,2,-2
8906,4,1,0
8906,4,-1,2
8906,4,2,2
8907,4,2,-2
8907,4,1,0
8907,4,0,2
8907,4,1,2
8908,4,2,-2
8908,4,1,0
8908,4,0,2
8908,4,2,2
8909,4,2,-2
8909,4,1,0
8909,4,1,2
8909,4,2,2
8910,4,2,-2
8910,4,2,0
8910,4,-2,1
8910,4,-1,1
8911,4,2,-2
8911,4,2,0
8911,4,-2,1
8911,4,0,1
8912,4,2,-2
8912,4,2,0
8912,4,-2,1
8912,4,1,1
8913,4,2,-2
8913,4,2,0
8913,4,-2,1
8913,4,2,1
8914,4,2,-2
8914,4,2,0
8914,4,-2,1
8914,4,-2,2
8915,4,2,-2
8915,4,2,0
8915,4,-2,1
8915,4,-1,2
8916,4,2,-2
8916,4,2,0
8916,4,-2,1
8916,4,0,2
8917,4,2,-2
8917,4,2,0
8917,4,-2,1
8917,4,1,2
8918,4,2,-2
8918,4,2,0
8918,4,-2,1
8918,4,2,2
8919,4,2,-2
8919,4,2,0
8919,4,-1,1
8919,4,0,1
8920,4,2,-2
8920,4,2,0
8920,4,-1,1
8920,4,1,1
8921,4,2,-2
8921,4,2,0
8921,4,-1,1
8921,4,2,1
8922,4,2,-2
8922,4,2,0
8922,4,-1,1
8922,4,-2,2
8923,4,2,-2
8923,4,2,0
8923,4,-1,1
8923,4,-1,2
8924,4,2,-2
8924,4,2,0
8924,4,-1,1
8924,4,0,2
8925,4,2,-2
8925,4,2,0
8925,4,-1,1
8925,4,1,2
8926,4,2,-2
8926,4,2,0
8926,4,-1,1
8926,4,2,2
8927,4,2,-2
8927,4,2,0
8927,4,0,1
8927,4,1,1
8928,4,2,-2
8928,4,2,0
8928,4,0,1
8928,4,2,1
8929,4,2,-2
8929,4,2,0
8929,4,0,1
8929,4,-2,2
8930,4,2,-2
8930,4,2,0
8930,4,0,1
8930,4,-1,2
8931,4,2,-2
8931,4,2,0
8931,4,0,1
8931,4,0,2
8932,4,2,-2
8932,4,2,0
8932,4,0,1
8932,4,1,2
8933,4,2,-2
8933,4,2,0
8933,4,0,1
8933,4,2,2
8934,4,2,-2
8934,4,2,0
8934,4,1,1
8934,4,2,1
8935,4,2,-2
8935,4,2,0
8935,4,1,1
8935,4,-2,2
8936,4,2,-2
8936,4,2,0
8936,4,1,1
8936,4,-1,2
8937,4,2,-2
8937,4,2,0
8937,4,1,1
8937,4,0,2
8938,4,2,-2
8938,4,2,0
8938,4,1,1
8938,4,1,2
8939,4,2,-2
8939,4,2,0
8939,4,1,1
8939,4,2,2
8940,4,2,-2
8940,4,2,0
8940,4,2,1
8940,4,-2,2
8941,4,2,-2
8941,4,2,0
8941,4,2,1
8941,4,-1,2
8942,4,2,-2
8942,4,2,0
8942,4,2,1
8942,4,0,2
8943,4,2,-2
8943,4,2,0
8943,4,2,1
8943,4,1,2
8944,4,2,-2
8944,4,2,0
8944,4,2,1
8944,4,2,2
8945,4,2,-2
8945,4,2,0
8945,4,-2,2
8945,4,-1,2
8946,4,2,-2
8946,4,2,0
8946,4,-2,2
8946,4,0,2
8947,4,2,-2
8947,4,2,0
8947,4,-2,2
8947,4,1,2
8948,4,2,-2
8948,4,2,0
8948,4,-2,2
8948,4,2,2
8949,4,2,-2
8949,4,2,0
8949,4,-1,2
8949,4,0,2
8950,4,2,-2
8950,4,2,0
8950,4,-1,2
8950,4,1,2
8951,4,2,-2
8951,4,2,0
8951,4,-1,2
8951,4,2,2
8952,4,2,-2
8952,4,2,0
8952,4,0,2
8952,4,1,2
8953,4,2,-2
8953,4,2,0
8953,4,0,2
8953,4,2,2
8954,4,2,-2
8954,4,2,0
8954,4,1,2
8954,4,2,2
8955,4,2,-2
8955,4,-2,1
8955,4,-1,1
8955,4,0,1
8956,4,2,-2
8956,4,-2,1
8956,4,-1,1
8956,4,1,1
8957,4,2,-2
8957,4,-2,1
8957,4,-1,1
8957,4,2,1
8958,4,2,-2
8958,4,-2,1
8958,4,-1,1
8958,4,-2,2
8959,4,2,-2
8959,4,-2,1
8959,4,-1,1
8959,4,-1,2
8960,4,2,-2
8960,4,-2,1
8960,4,-1,1
8960,4,0,2
8961,4,2,-2
8961,4,-2,1
8961,4,-1,1
8961,4,1,2
8962,4,2,-2
8962,4,-2,1
8962,4,-1,1
8962,4,2,2
8963,4,2,-2
8963,4,-2,1
8963,4,0,1
8963,4,1,1
8964,4,2,-2
8964,4,-2,1
8964,4,0,1
8964,4,2,1
8965,4,2,-2
8965,4,-2,1
8965,4,0,1
8965,4,-2,2
8966,4,2,-2
8966,4,-2,1
8966,4,0,1
8966,4,-1,2
8967,4,2,-2
8967,4,-2,1
8967,4,0,1
8967,4,0,2
8968,4,2,-2
8968,4,-2,1
8968,4,0,1
8968,4,1,2
8969,4,2,-2
8969,4,-2,1
8969,4,0,1
8969,4,2,2
8970,4,2,-2
8970,4,-2,1
8970,4,1,1
8970,4,2,1
8971,4,2,-2
8971,4,-2,1
8971,4,1,1
8971,4,-2,2
8972,4,2,-2
8972,4,-2,1
8972,4,1,1
8972,4,-1,2
8973,4,2,-2
8973,4,-2,1
8973,4,1,1
8973,4,0,2
8974,4,2,-2
8974,4,-2,1
8974,4,1,1
8974,4,1,2
8975,4,2,-2
8975,4,-2,1
8975,4,1,1
8975,4,2,2
8976,4,2,-2
8976,4,-2,1
8976,4,2,1
8976,4,-2,2
8977,4,2,-2
8977,4,-2,1
8977,4,2,1
8977,4,-1,2
8978,4,2,-2
8978,4,-2,1
8978,4,2,1
8978,4,0,2
8979,4,2,-2
8979,4,-2,1
8979,4,2,1
8979,4,1,2
8980,4,2,-2
8980,4,-2,1
8980,4,2,1
8980,4,2,2
8981,4,2,-2
8981,4,-2,1
8981,4,-2,2
8981,4,-1,2
8982,4,2,-2
8982,4,-2,1
8982,4,-2,2
8982,4,0,2
8983,4,2,-2
8983,4,-2,1
8983,4,-2,2
8983,4,1,2
8984,4,2,-2
8984,4,-2,1
8984,4,-2,2
8984,4,2,2
8985,4,2,-2
8985,4,-2,1
8985,4,-1,2
8985,4,0,2
8986,4,2,-2
8986,4,-2,1
8986,4,-1,2
8986,4,1,2
8987,4,2,-2
8987,4,-2,1
8987,4,-1,2
8987,4,2,2
8988,4,2,-2
8988,4,-2,1
8988,4,0,2
8988,4,1,2
8989,4,2,-2
8989,4,-2,1
8989,4,0,2
8989,4,2,2
8990,4,2,-2
8990,4,-2,1
8990,4,1,2
8990,4,2,2
8991,4,2,-2
8991,4,-1,1
8991,4,0,1
8991,4,1,1
8992,4,2,-2
8992,4,-1,1
8992,4,0,1
8992,4,2,1
8993,4,2,-2
8993,4,-1,1
8993,4,0,1
8993,4,-2,2
8994,4,2,-2
8994,4,-1,1
8994,4,0,1
8994,4,-1,2
8995,4,2,-2
8995,4,-1,1
8995,4,0,1
8995,4,0,2
8996,4,2,-2
8996,4,-1,1
8996,4,0,1
8996,4,1,2
8997,4,2,-2
8997,4,-1,1
8997,4,0,1
8997,4,2,2
8998,4,2,-2
8998,4,-1,1
8998,4,1,1
8998,4,2,1
8999,4,2,-2
8999,4,-1,1
8999,4,1,1
8999,4,-2,2
9000,4,2,-2
9000,4,-1,1
9000,4,1,1
9000,4,-1,2
9001,4,2,-2
9001,4,-1,1
9001,4,1,1
9001,4,0,2
9002,4,2,-2
9002,4,-1,1
9002,4,1,1
9002,4,1,2
9003,4,2,-2
9003,4,-1,1
9003,4,1,1
9003,4,2,2
9004,4,2,-2
9004,4,-1,1
9004,4,2,1
9004,4,-2,2
9005,4,2,-2
9005,4,-1,1
9005,4,2,1
9005,4,-1,2
9006,4,2,-2
9006,4,-1,1
9006,4,2,1
9006,4,0,2
9007,4,2,-2
9007,4,-1,1
9007,4,2,1
9007,4,1,2
9008,4,2,-2
9008,4,-1,1
9008,4,2,1
9008,4,2,2
9009,4,2,-2
9009,4,-1,1
9009,4,-2,2
9009,4,-1,2
9010,4,2,-2
9010,4,-1,1
9010,4,-2,2
9010,4,0,2
9011,4,2,-2
9011,4,-1,1
9011,4,-2,2
9011,4,1,2
9012,4,2,-2
9012,4,-1,1
9012,4,-2,2
9012,4,2,2
9013,4,2,-2
9013,4,-1,1
9013,4,-1,2
9013,4,0,2
9014,4,2,-2
9014,4,-1,1
9014,4,-1,2
9014,4,1,2
9015,4,2,-2
9015,4,-1,1
9015,4,-1,2
9015,4,2,2
9016,4,2,-2
9016,4,-1,1
9016,4,0,2
9016,4,1,2
9017,4,2,-2
9017,4,-1,1
9017,4,0,2
9017,4,2,2
9018,4,2,-2
9018,4,-1,1
9018,4,1,2
9018,4,2,2
9019,4,2,-2
9019,4,0,1
9019,4,1,1
9019,4,2,1
9020,4,2,-2
9020,4,0,1
9020,4,1,1
9020,4,-2,2
9021,4,2,-2
9021,4,0,1
9021,4,1,1
9021,4,-1,2
9022,4,2,-2
9022,4,0,1
9022,4,1,1
9022,4,0,2
9023,4,2,-2
9023,4,0,1
9023,4,1,1
9023,4,1,2
9024,4,2,-2
9024,4,0,1
9024,4,1,1
9024,4,2,2
9025,4,2,-2
9025,4,0,1
9025,4,2,1
9025,4,-2,2
9026,4,2,-2
9026,4,0,1
9026,4,2,1
9026,4,-1,2
9027,4,2,-2
9027,4,0,1
9027,4,2,1
9027,4,0,2
9028,4,2,-2
9028,4,0,1
9028,4,2,1
9028,4,1,2
9029,4,2,-2
9029,4,0,1
9029,4,2,1
9029,4,2,2
9030,4,2,-2
9030,4,0,1
9030,4,-2,2
9030,4,-1,2
9031,4,2,-2
9031,4,0,1
9031,4,-2,2
9031,4,0,2
9032,4,2,-2
9032,4,0,1
9032,4,-2,2
9032,4,1,2
9033,4,2,-2
9033,4,0,1
9033,4,-2,2
9033,4,2,2
9034,4,2,-2
9034,4,0,1
9034,4,-1,2
9034,4,0,2
9035,4,2,-2
9035,4,0,1
9035,4,-1,2
9035,4,1,2
9036,4,2,-2
9036,4,0,1
9036,4,-1,2
9036,4,2,2
9037,4,2,-2
9037,4,0,1
9037,4,0,2
9037,4,1,2
9038,4,2,-2
9038,4,0,1
9038,4,0,2
9038,4,2,2
9039,4,2,-2
9039,4,0,1
9039,4,1,2
9039,4,2,2
9040,4,2,-2
9040,4,1,1
9040,4,2,1
9040,4,-2,2
9041,4,2,-2
9041,4,1,1
9041,4,2,1
9041,4,-1,2
9042,4,2,-2
9042,4,1,1
9042,4,2,1
9042,4,0,2
9043,4,2,-2
9043,4,1,1
9043,4,2,1
9043,4,1,2
9044,4,2,-2
9044,4,1,1
9044,4,2,1
9044,4,2,2
9045,4,2,-2
9045,4,1,1
9045,4,-2,2
9045,4,-1,2
9046,4,2,-2
9046,4,1,1
9046,4,-2,2
9046,4,0,2
9047,4,2,-2
9047,4,1,1
9047,4,-2,2
9047,4,1,2
9048,4,2,-2
9048,4,1,1
9048,4,-2,2
9048,4,2,2
9049,4,2,-2
9049,4,1,1
9049,4,-1,2
9049,4,0,2
9050,4,2,-2
9050,4,1,1
9050,4,-1,2
9050,4,1,2
9051,4,2,-2
9051,4,1,1
9051,4,-1,2
9051,4,2,2
9052,4,2,-2
9052,4,1,1
9052,4,0,2
9052,4,1,2
9053,4,2,-2
9053,4,1,1
9053,4,0,2
9053,4,2,2
9054,4,2,-2
9054,4,1,1
9054,4,1,2
9054,4,2,2
9055,4,2,-2
9055,4,2,1
9055,4,-2,2
9055,4,-1,2
9056,4,2,-2
9056,4,2,1
9056,4,-2,2
9056,4,0,2
9057,4,2,-2
9057,4,2,1
9057,4,-2,2
9057,4,1,2
9058,4,2,-2
9058,4,2,1
9058,4,-2,2
9058,4,2,2
9059,4,2,-2
9059,4,2,1
9059,4,-1,2
9059,4,0,2
9060,4,2,-2
9060,4,2,1
9060,4,-1,2
9060,4,1,2
9061,4,2,-2
9061,4,2,1
9061,4,-1,2
9061,4,2,2
9062,4,2,-2
9062,4,2,1
9062,4,0,2
9062,4,1,2
9063,4,2,-2
9063,4,2,1
9063,4,0,2
9063,4,2,2
9064,4,2,-2
9064,4,2,1
9064,4,1,2
9064,4,2,2
9065,4,2,-2
9065,4,-2,2
9065,4,-1,2
9065,4,0,2
9066,4,2,-2
9066,4,-2,2
9066,4,-1,2
9066,4,1,2
9067,4,2,-2
9067,4,-2,2
9067,4,-1,2
9067,4,2,2
9068,4,2,-2
9068,4,-2,2
9068,4,0,2
9068,4,1,2
9069,4,2,-2
9069,4,-2,2
9069,4,0,2
9069,4,2,2
9070,4,2,-2
9070,4,-2,2
9070,4,1,2
9070,4,2,2
9071,4,2,-2
9071,4,-1,2
9071,4,0,2
9071,4,1,2
9072,4,2,-2
9072,4,-1,2
9072,4,0,2
9072,4,2,2
9073,4,2,-2
9073,4,-1,2
9073,4,1,2
9073,4,2,2
9074,4,2,-2
9074,4,0,2
9074,4,1,2
9074,4,2,2
9075,4,-2,-1
9075,4,-1,-1
9075,4,0,-1
9075,4,1,-1
9076,4,-2,-1
9076,4,-1,-1
9076,4,0,-1
9076,4,2,-1
9077,4,-2,-1
9077,4,-1,-1
9077,4,0,-1
9077,4,-2,0
9078,4,-2,-1
9078,4,-1,-1
9078,4,0,-1
9078,4,-1,0
9079,4,-2,-1
9079,4,-1,-1
9079,4,0,-1
9079,4,1,0
9080,4,-2,-1
9080,4,-1,-1
9080,4,0,-1
9080,4,2,0
9081,4,-2,-1
9081,4,-1,-1
9081,4,0,-1
9081,4,-2,1
9082,4,-2,-1
9082,4,-1,-1
9082,4,0,-1
9082,4,-1,1
9083,4,-2,-1
9083,4,-1,-1
9083,4,0,-1
9083,4,0,1
9084,4,-2,-1
9084,4,-1,-1
9084,4,0,-1
9084,4,1,1
9085,4,-2,-1
9085,4,-1,-1
9085,4,0,-1
9085,4,2,1
9086,4,-2,-1
9086,4,-1,-1
9086,4,0,-1
9086,4,-2,2
9087,4,-2,-1
9087,4,-1,-1
9087,4,0,-1
9087,4,-1,2
9088,4,-2,-1
9088,4,-1,-1
9088,4,0,-1
9088,4,0,2
9089,4,-2,-1
9089,4,-1,-1
9089,4,0,-1
9089,4,1,2
9090,4,-2,-1
9090,4,-1,-1
9090,4,0,-1
9090,4,2,2
9091,4,-2,-1
9091,4,-1,-1
9091,4,1,-1
9091,4,2,-1
9092,4,-2,-1
9092,4,-1,-1
9092,4,1,-1
9092,4,-2,0
9093,4,-2,-1
9093,4,-1,-1
9093,4,1,-1
9093,4,-1,0
9094,4,-2,-1
9094,4,-1,-1
9094,4,1,-1
9094,4,1,0
9095,4,-2,-1
9095,4,-1,-1
9095,4,1,-1
9095,4,2,0
9096,4,-2,-1
9096,4,-1,-1
9096,4,1,-1
9096,4,-2,1
9097,4,-2,-1
9097,4,-1,-1
9097,4,1,-1
9097,4,-1,1
9098,4,-2,-1
9098,4,-1,-1
9098,4,1,-1
9098,4,0,1
9099,4,-2,-1
9099,4,-1,-1
9099,4,1,-1
9099,4,1,1
9100,4,-2,-1
9100,4,-1,-1
9100,4,1,-1
9100,4,2,1
9101,4,-2,-1
9101,4,-1,-1
9101,4,1,-1
9101,4,-2,2
9102,4,-2,-1
9102,4,-1,-1
9102,4,1,-1
9102,4,-1,2
9103,4,-2,-1
9103,4,-1,-1
9103,4,1,-1
9103,4,0,2
9104,4,-2,-1
9104,4,-1,-1
9104,4,1,-1
9104,4,1,2
9105,4,-2,-1
9105,4,-1,-1
9105,4,1,-1
9105,4,2,2
9106,4,-2,-1
9106,4,-1,-1
9106,4,2,-1
9106,4,-2,0
9107,4,-2,-1
9107,4,-1,-1
9107,4,2,-1
9107,4,-1,0
9108,4,-2,-1
9108,4,-1,-1
9108,4,2,-1
9108,4,1,0
9109,4,-2,-1
9109,4,-1,-1
9109,4,2,-1
9109,4,2,0
9110,4,-2,-1
9110,4,-1,-1
9110,4,2,-1
9110,4,-2,1
9111,4,-2,-1
9111,4,-1,-1
9111,4,2,-1
9111,4,-1,1
9112,4,-2,-1
9112,4,-1,-1
9112,4,2,-1
9112,4,0,1
9113,4,-2,-1
9113,4,-1,-1
9113,4,2,-1
9113,4,1,1
9114,4,-2,-1
9114,4,-1,-1
9114,4,2,-1
9114,4,2,1
9115,4,-2,-1
9115,4,-1,-1
9115,4,2,-1
9115,4,-2,2
9116,4,-2,-1
9116,4,-1,-1
9116,4,2,-1
9116,4,-1,2
9117,4,-2,-1
9117,4,-1,-1
9117,4,2,-1
9117,4,0,2
9118,4,-2,-1
9118,4,-1,-1
9118,4,2,-1
9118,4,1,2
9119,4,-2,-1
9119,4,-1,-1
9119,4,2,-1
9119,4,2,2
9120,4,-2,-1
9120,4,-1,-1
9120,4,-2,0
9120,4,-1,0
9121,4,-2,-1
9121,4,-1,-1
9121,4,-2,0
9121,4,1,0
9122,4,-2,-1
9122,4,-1,-1
9122,4,-2,0
9122,4,2,0
9123,4,-2,-1
9123,4,-1,-1
9123,4,-2,0
9123,4,-2,1
9124,4,-2,-1
9124,4,-1,-1
9124,4,-2,0
9124,4,-1,1
9125,4,-2,-1
9125,4,-1,-1
9125,4,-2,0
9125,4,0,1
9126,4,-2,-1
9126,4,-1,-1
9126,4,-2,0
9126,4,1,1
9127,4,-2,-1
9127,4,-1,-1
9127,4,-2,0
9127,4,2,1
9128,4,-2,-1
9128,4,-1,-1
9128,4,-2,0
9128,4,-2,2
9129,4,-2,-1
9129,4,-1,-1
9129,4,-2,0
9129,4,-1,2
9130,4,-2,-1
9130,4,-1,-1
9130,4,-2,0
9130,4,0,2
9131,4,-2,-1
9131,4,-1,-1
9131,4,-2,0
9131,4,1,2
9132,4,-2,-1
9132,4,-1,-1
9132,4,-2,0
9132,4,2,2
9133,4,-2,-1
9133,4,-1,-1
9133,4,-1,0
9133,4,1,0
9134,4,-2,-1
9134,4,-1,-1
9134,4,-1,0
9134,4,2,0
9135,4,-2,-1
9135,4,-1,-1
9135,4,-1,0
9135,4,-2,1
9136,4,-2,-1
9136,4,-1,-1
9136,4,-1,0
9136,4,-1,1
9137,4,-2,-1
9137,4,-1,-1
9137,4,-1,0
9137,4,0,1
9138,4,-2,-1
9138,4,-1,-1
9138,4,-1,0
9138,4,1,1
9139,4,-2,-1
9139,4,-1,-1
9139,4,-1,0
9139,4,2,1
9140,4,-2,-1
9140,4,-1,-1
9140,4,-1,0
9140,4,-2,2
9141,4,-2,-1
9141,4,-1,-1
9141,4,-1,0
9141,4,-1,2
9142,4,-2,-1
9142,4,-1,-1
9142,4,-1,0
9142,4,0,2
9143,4,-2,-1
9143,4,-1,-1
9143,4,-1,0
9143,4,1,2
9144,4,-2,-1
9144,4,-1,-1
9144,4,-1,0
9144,4,2,2
9145,4,-2,-1
9145,4,-1,-1
9145,4,1,0
9145,4,2,0
9146,4,-2,-1
9146,4,-1,-1
9146,4,1,0
9146,4,-2,1
9147,4,-2,-1
9147,4,-1,-1
9147,4,1,0
9147,4,-1,1
9148,4,-2,-1
9148,4,-1,-1
9148,4,1,0
9148,4,0,1
9149,4,-2,-1
9149,4,-1,-1
9149,4,1,0
9149,4,1,1
9150,4,-2,-1
9150,4,-1,-1
9150,4,1,0
9150,4,2,1
9151,4,-2,-1
9151,4,-1,-1
9151,4,1,0
9151,4,-2,2
9152,4,-2,-1
9152,4,-1,-1
9152,4,1,0
9152,4,-1,2
9153,4,-2,-1
9153,4,-1,-1
9153,4,1,0
9153,4,0,2
9154,4,-2,-1
9154,4,-1,-1
9154,4,1,0
9154,4,1,2
9155,4,-2,-1
9155,4,-1,-1
9155,4,1,0
9155,4,2,2
9156,4,-2,-1
9156,4,-1,-1
9156,4,2,0
9156,4,-2,1
9157,4,-2,-1
9157,4,-1,-1
9157,4,2,0
9157,4,-1,1
9158,4,-2,-1
9158,4,-1,-1
9158,4,2,0
9158,4,0,1
9159,4,-2,-1
9159,4,-1,-1
9159,4,2,0
9159,4,1,1
9160,4,-2,-1
9160,4,-1,-1
9160,4,2,0
9160,4,2,1
9161,4,-2,-1
9161,4,-1,-1
9161,4,2,0
9161,4,-2,2
9162,4,-2,-1
9162,4,-1,-1
9162,4,2,0
9162,4,-1,2
9163,4,-2,-1
9163,4,-1,-1
9163,4,2,0
9163,4,0,2
9164,4,-2,-1
9164,4,-1,-1
9164,4,2,0
9164,4,1,2
9165,4,-2,-1
9165,4,-1,-1
9165,4,2,0
9165,4,2,2
9166,4,-2,-1
9166,4,-1,-1
9166,4,-2,1
9166,4,-1,1
9167,4,-2,-1
9167,4,-1,-1
9167,4,-2,1
9167,4,0,1
9168,4,-2,-1
9168,4,-1,-1
9168,4,-2,1
9168,4,1,1
9169,4,-2,-1
9169,4,-1,-1
9169,4,-2,1
9169,4,2,1
9170,4,-2,-1
9170,4,-1,-1
9170,4,-2,1
9170,4,-2,2
9171,4,-2,-1
9171,4,-1,-1
9171,4,-2,1
9171,4,-1,2
9172,4,-2,-1
9172,4,-1,-1
9172,4,-2,1
9172,4,0,2
9173,4,-2,-1
9173,4,-1,-1
9173,4,-2,1
9173,4,1,2
9174,4,-2,-1
9174,4,-1,-1
9174,4,-2,1
9174,4,2,2
9175,4,-2,-1
9175,4,-1,-1
9175,4,-1,1
9175,4,0,1
9176,4,-2,-1
9176,4,-1,-1
9176,4,-1,1
9176,4,1,1
9177,4,-2,-1
9177,4,-1,-1
9177,4,-1,1
9177,4,2,1
9178,4,-2,-1
9178,4,-1,-1
9178,4,-1,1
9178,4,-2,2
9179,4,-2,-1
9179,4,-1,-1
9179,4,-1,1
9179,4,-1,2
9180,4,-2,-1
9180,4,-1,-1
9180,4,-1,1
9180,4,0,2
9181,4,-2,-1
9181,4,-1,-1
9181,4,-1,1
9181,4,1,2
9182,4,-2,-1
9182,4,-1,-1
9182,4,-1,1
9182,4,2,2
9183,4,-2,-1
9183,4,-1,-1
9183,4,0,1
9183,4,1,1
9184,4,-2,-1
9184,4,-1,-1
9184,4,0,1
9184,4,2,1
9185,4,-2,-1
9185,4,-1,-1
9185,4,0,1
9185,4,-2,2
9186,4,-2,-1
9186,4,-1,-1
9186,4,0,1
9186,4,-1,2
9187,4,-2,-1
9187,4,-1,-1
9187,4,0,1
9187,4,0,2
9188,4,-2,-1
9188,4,-1,-1
9188,4,0,1
9188,4,1,2
9189,4,-2,-1
9189,4,-1,-1
9189,4,0,1
9189,4,2,2
9190,4,-2,-1
9190,4,-1,-1
9190,4,1,1
9190,4,2,1
9191,4,-2,-1
9191,4,-1,-1
9191,4,1,1
9191,4,-2,2
9192,4,-2,-1
9192,4,-1,-1
9192,4,1,1
9192,4,-1,2
9193,4,-2,-1
9193,4,-1,-1
9193,4,1,1
9193,4,0,2
9194,4,-2,-1
9194,4,-1,-1
9194,4,1,1
9194,4,1,2
9195,4,-2,-1
9195,4,-1,-1
9195,4,1,1
9195,4,2,2
9196,4,-2,-1
9196,4,-1,-1
9196,4,2,1
9196,4,-2,2
9197,4,-2,-1
9197,4,-1,-1
9197,4,2,1
9197,4,-1,2
9198,4,-2,-1
9198,4,-1,-1
9198,4,2,1
9198,4,0,2
9199,4,-2,-1
9199,4,-1,-1
9199,4,2,1
9199,4,1,2
9200,4,-2,-1
9200,4,-1,-1
9200,4,2,1
9200,4,2,2
9201,4,-2,-1
9201,4,-1,-1
9201,4,-2,2
9201,4,-1,2
9202,4,-2,-1
9202,4,-1,-1
9202,4,-2,2
9202,4,0,2
9203,4,-2,-1
9203,4,-1,-1
9203,4,-2,2
9203,4,1,2
9204,4,-2,-1
9204,4,-1,-1
9204,4,-2,2
9204,4,2,2
9205,4,-2,-1
9205,4,-1,-1
9205,4,-1,2
9205,4,0,2
9206,4,-2,-1
9206,4,-1,-1
9206,4,-1,2
9206,4,1,2
9207,4,-2,-1
9207,4,-1,-1
9207,4,-1,2
9207,4,2,2
9208,4,-2,-1
9208,4,-1,-1
9208,4,0,2
9208,4,1,2
9209,4,-2,-1
9209,4,-1,-1
9209,4,0,2
9209,4,2,2
9210,4,-2,-1
9210,4,-1,-1
9210,4,1,2
9210,4,2,2
9211,4,-2,-1
9211,4,0,-1
9211,4,1,-1
9211,4,2,-1
9212,4,-2,-1
9212,4,0,-1
9212,4,1,-1
9212,4,-2,0
9213,4,-2,-1
9213,4,0,-1
9213,4,1,-1
9213,4,-1,0
9214,4,-2,-1
9214,4,0,-1
9214,4,1,-1
9214,4,1,0
9215,4,-2,-1
9215,4,0,-1
9215,4,1,-1
9215,4,2,0
9216,4,-2,-1
9216,4,0,-1
9216,4,1,-1
9216,4,-2,1
9217,4,-2,-1
9217,4,0,-1
9217,4,1,-1
9217,4,-1,1
9218,4,-2,-1
9218,4,0,-1
9218,4,1,-1
9218,4,0,1
9219,4,-2,-1
9219,4,0,-1
9219,4,1,-1
9219,4,1,1
9220,4,-2,-1
9220,4,0,-1
9220,4,1,-1
9220,4,2,1
9221,4,-2,-1
9221,4,0,-1
9221,4,1,-1
9221,4,-2,2
9222,4,-2,-1
9222,4,0,-1
9222,4,1,-1
9222,4,-1,2
9223,4,-2,-1
9223,4,0,-1
9223,4,1,-1
9223,4,0,2
9224,4,-2,-1
9224,4,0,-1
9224,4,1,-1
9224,4,1,2
9225,4,-2,-1
9225,4,0,-1
9225,4,1,-1
9225,4,2,2
9226,4,-2,-1
9226,4,0,-1
9226,4,2,-1
9226,4,-2,0
9227,4,-2,-1
9227,4,0,-1
9227,4,2,-1
9227,4,-1,0
9228,4,-2,-1
9228,4,0,-1
9228,4,2,-1
9228,4,1,0
9229,4,-2,-1
9229,4,0,-1
9229,4,2,-1
9229,4,2,0
9230,4,-2,-1
9230,4,0,-1
9230,4,2,-1
9230,4,-2,1
9231,4,-2,-1
9231,4,0,-1
9231,4,2,-1
9231,4,-1,1
9232,4,-2,-1
9232,4,0,-1
9232,4,2,-1
9232,4,0,1
9233,4,-2,-1
9233,4,0,-1
9233,4,2,-1
9233,4,1,1
9234,4,-2,-1
9234,4,0,-1
9234,4,2,-1
9234,4,2,1
9235,4,-2,-1
9235,4,0,-1
9235,4,2,-1
9235,4,-2,2
9236,4,-2,-1
9236,4,0,-1
9236,4,2,-1
9236,4,-1,2
9237,4,-2,-1
9237,4,0,-1
9237,4,2,-1
9237,4,0,2
9238,4,-2,-1
9238,4,0,-1
9238,4,2,-1
9238,4,1,2
9239,4,-2,-1
9239,4,0,-1
9239,4,2,-1
9239,4,2,2
9240,4,-2,-1
9240,4,0,-1
9240,4,-2,0
9240,4,-1,0
9241,4,-2,-1
9241,4,0,-1
9241,4,-2,0
9241,4,1,0
9242,4,-2,-1
9242,4,0,-1
9242,4,-2,0
9242,4,2,0
9243,4,-2,-1
9243,4,0,-1
9243,4,-2,0
9243,4,-2,1
9244,4,-2,-1
9244,4,0,-1
9244,4,-2,0
9244,4,-1,1
9245,4,-2,-1
9245,4,0,-1
9245,4,-2,0
9245,4,0,1
9246,4,-2,-1
9246,4,0,-1
9246,4,-2,0
9246,4,1,1
9247,4,-2,-1
9247,4,0,-1
9247,4,-2,0
9247,4,2,1
9248,4,-2,-1
9248,4,0,-1
9248,4,-2,0
9248,4,-2,2
9249,4,-2,-1
9249,4,0,-1
9249,4,-2,0
9249,4,-1,2
9250,4,-2,-1
9250,4,0,-1
9250,4,-2,0
9250,4,0,2
9251,4,-2,-1
9251,4,0,-1
9251,4,-2,0
9251,4,1,2
9252,4,-2,-1
9252,4,0,-1
9252,4,-2,0
9252,4,2,2
9253,4,-2,-1
9253,4,0,-1
9253,4,-1,0
9253,4,1,0
9254,4,-2,-1
9254,4,0,-1
9254,4,-1,0
9254,4,2,0
9255,4,-2,-1
9255,4,0,-1
9255,4,-1,0
9255,4,-2,1
9256,4,-2,-1
9256,4,0,-1
9256,4,-1,0
9256,4,-1,1
9257,4,-2,-1
9257,4,0,-1
9257,4,-1,0
9257,4,0,1
9258,4,-2,-1
9258,4,0,-1
9258,4,-1,0
9258,4,1,1
9259,4,-2,-1
9259,4,0,-1
9259,4,-1,0
9259,4,2,1
9260,4,-2,-1
9260,4,0,-1
9260,4,-1,0
9260,4,-2,2
9261,4,-2,-1
9261,4,0,-1
9261,4,-1,0
9261,4,-1,2
9262,4,-2,-1
9262,4,0,-1
9262,4,-1,0
9262,4,0,2
9263,4,-2,-1
9263,4,0,-1
9263,4,-1,0
9263,4,1,2
9264,4,-2,-1
9264,4,0,-1
9264,4,-1,0
9264,4,2,2
9265,4,-2,-1
9265,4,0,-1
9265,4,1,0
9265,4,2,0
9266,4,-2,-1
9266,4,0,-1
9266,4,1,0
9266,4,-2,1
9267,4,-2,-1
9267,4,0,-1
9267,4,1,0
9267,4,-1,1
9268,4,-2,-1
9268,4,0,-1
9268,4,1,0
9268,4,0,1
9269,4,-2,-1
9269,4,0,-1
9269,4,1,0
9269,4,1,1
9270,4,-2,-1
9270,4,0,-1
9270,4,1,0
9270,4,2,1
9271,4,-2,-1
9271,4,0,-1
9271,4,1,0
9271,4,-2,2
9272,4,-2,-1
9272,4,0,-1
9272,4,1,0
9272,4,-1,2
9273,4,-2,-1
9273,4,0,-1
9273,4,1,0
9273,4,0,2
9274,4,-2,-1
9274,4,0,-1
9274,4,1,0
9274,4,1,2
9275,4,-2,-1
9275,4,0,-1
9275,4,1,0
9275,4,2,2
9276,4,-2,-1
9276,4,0,-1
9276,4,2,0
9276,4,-2,1
9277,4,-2,-1
9277,4,0,-1
9277,4,2,0
9277,4,-1,1
9278,4,-2,-1
9278,4,0,-1
9278,4,2,0
9278,4,0,1
9279,4,-2,-1
9279,4,0,-1
9279,4,2,0
9279,4,1,1
9280,4,-2,-1
9280,4,0,-1
9280,4,2,0
9280,4,2,1
9281,4,-2,-1
9281,4,0,-1
9281,4,2,0
9281,4,-2,2
9282,4,-2,-1
9282,4,0,-1
9282,4,2,0
9282,4,-1,2
9283,4,-2,-1
9283,4,0,-1
9283,4,2,0
9283,4,0,2
9284,4,-2,-1
9284,4,0,-1
9284,4,2,0
9284,4,1,2
9285,4,-2,-1
9285,4,0,-1
9285,4,2,0
9285,4,2,2
9286,4,-2,-1
9286,4,0,-1
9286,4,-2,1
9286,4,-1,1
9287,4,-2,-1
9287,4,0,-1
9287,4,-2,1
9287,4,0,1
9288,4,-2,-1
9288,4,0,-1
9288,4,-2,1
9288,4,1,1
9289,4,-2,-1
9289,4,0,-1
9289,4,-2,1
9289,4,2,1
9290,4,-2,-1
9290,4,0,-1
9290,4,-2,1
9290,4,-2,2
9291,4,-2,-1
9291,4,0,-1
9291,4,-2,1
9291,4,-1,2
9292,4,-2,-1
9292,4,0,-1
9292,4,-2,1
9292,4,0,2
9293,4,-2,-1
9293,4,0,-1
9293,4,-2,1
9293,4,1,2
9294,4,-2,-1
9294,4,0,-1
9294,4,-2,1
9294,4,2,2
9295,4,-2,-1
9295,4,0,-1
9295,4,-1,1
9295,4,0,1
9296,4,-2,-1
9296,4,0,-1
9296,4,-1,1
9296,4,1,1
9297,4,-2,-1
9297,4,0,-1
9297,4,-1,1
9297,4,2,1
9298,4,-2,-1
9298,4,0,-1
9298,4,-1,1
9298,4,-2,2
9299,4,-2,-1
9299,4,0,-1
9299,4,-1,1
9299,4,-1,2
9300,4,-2,-1
9300,4,0,-1
9300,4,-1,1
9300,4,0,2
9301,4,-2,-1
9301,4,0,-1
9301,4,-1,1
9301,4,1,2
9302,4,-2,-1
9302,4,0,-1
9302,4,-1,1
9302,4,2,2
9303,4,-2,-1
9303,4,0,-1
9303,4,0,1
9303,4,1,1
9304,4,-2,-1
9304,4,0,-1
9304,4,0,1
9304,4,2,1
9305,4,-2,-1
9305,4,0,-1
9305,4,0,1
9305,4,-2,2
9306,4,-2,-1
9306,4,0,-1
9306,4,0,1
9306,4,-1,2
9307,4,-2,-1
9307,4,0,-1
9307,4,0,1
9307,4,0,2
9308,4,-2,-1
9308,4,0,-1
9308,4,0,1
9308,4,1,2
9309,4,-2,-1
9309,4,0,-1
9309,4,0,1
9309,4,2,2
9310,4,-2,-1
9310,4,0,-1
9310,4,1,1
9310,4,2,1
9311,4,-2,-1
9311,4,0,-1
9311,4,1,1
9311,4,-2,2
9312,4,-2,-1
9312,4,0,-1
9312,4,1,1
9312,4,-1,2
9313,4,-2,-1
9313,4,0,-1
9313,4,1,1
9313,4,0,2
9314,4,-2,-1
9314,4,0,-1
9314,4,1,1
9314,4,1,2
9315,4,-2,-1
9315,4,0,-1
9315,4,1,1
9315,4,2,2
9316,4,-2,-1
9316,4,0,-1
9316,4,2,1
9316,4,-2,2
9317,4,-2,-1
9317,4,0,-1
9317,4,2,1
9317,4,-1,2
9318,4,-2,-1
9318,4,0,-1
9318,4,2,1
9318,4,0,2
9319,4,-2,-1
9319,4,0,-1
9319,4,2,1
9319,4,1,2
9320,4,-2,-1
9320,4,0,-1
9320,4,2,1
9320,4,2,2
9321,4,-2,-1
9321,4,0,-1
9321,4,-2,2
9321,4,-1,2
9322,4,-2,-1
9322,4,0,-1
9322,4,-2,2
9322,4,0,2
9323,4,-2,-1
9323,4,0,-1
9323,4,-2,2
9323,4,1,2
9324,4,-2,-1
9324,4,0,-1
9324,4,-2,2
9324,4,2,2
9325,4,-2,-1
9325,4,0,-1
9325,4,-1,2
9325,4,0,2
9326,4,-2,-1
9326,4,0,-1
9326,4,-1,2
9326,4,1,2
9327,4,-2,-1
9327,4,0,-1
9327,4,-1,2
9327,4,2,2
9328,4,-2,-1
9328,4,0,-1
9328,4,0,2
9328,4,1,2
9329,4,-2,-1
9329,4,0,-1
9329,4,0,2
9329,4,2,2
9330,4,-2,-1
9330,4,0,-1
9330,4,1,2
9330,4,2,2
9331,4,-2,-1
9331,4,1,-1
9331,4,2,-1
9331,4,-2,0
9332,4,-2,-1
9332,4,1,-1
9332,4,2,-1
9332,4,-1,0
9333,4,-2,-1
9333,4,1,-1
9333,4,2,-1
9333,4,1,0
9334,4,-2,-1
9334,4,1,-1
9334,4,2,-1
9334,4,2,0
9335,4,-2,-1
9335,4,1,-1
9335,4,2,-1
9335,4,-2,1
9336,4,-2,-1
9336,4,1,-1
9336,4,2,-1
9336,4,-1,1
9337,4,-2,-1
9337,4,1,-1
9337,4,2,-1
9337,4,0,1
9338,4,-2,-1
9338,4,1,-1
9338,4,2,-1
9338,4,1,1
9339,4,-2,-1
9339,4,1,-1
9339,4,2,-1
9339,4,2,1
9340,4,-2,-1
9340,4,1,-1
9340,4,2,-1
9340,4,-2,2
9341,4,-2,-1
9341,4,1,-1
9341,4,2,-1
9341,4,-1,2
9342,4,-2,-1
9342,4,1,-1
9342,4,2,-1
9342,4,0,2
9343,4,-2,-1
9343,4,1,-1
9343,4,2,-1
9343,4,1,2
9344,4,-2,-1
9344,4,1,-1
9344,4,2,-1
9344,4,2,2
9345,4,-2,-1
9345,4,1,-1
9345,4,-2,0
9345,4,-1,0
9346,4,-2,-1
9346,4,1,-1
9346,4,-2,0
9346,4,1,0
9347,4,-2,-1
9347,4,1,-1
9347,4,-2,0
9347,4,2,0
9348,4,-2,-1
9348,4,1,-1
9348,4,-2,0
9348,4,-2,1
9349,4,-2,-1
9349,4,1,-1
9349,4,-2,0
9349,4,-1,1
9350,4,-2,-1
9350,4,1,-1
9350,4,-2,0
9350,4,0,1
9351,4,-2,-1
9351,4,1,-1
9351,4,-2,0
9351,4,1,1
9352,4,-2,-1
9352,4,1,-1
9352,4,-2,0
9352,4,2,1
9353,4,-2,-1
9353,4,1,-1
9353,4,-2,0
9353,4,-2,2
9354,4,-2,-1
9354,4,1,-1
9354,4,-2,0
9354,4,-1,2
9355,4,-2,-1
9355,4,1,-1
9355,4,-2,0
9355,4,0,2
9356,4,-2,-1
9356,4,1,-1
9356,4,-2,0
9356,4,1,2
9357,4,-2,-1
9357,4,1,-1
9357,4,-2,0
9357,4,2,2
9358,4,-2,-1
9358,4,1,-1
9358,4,-1,0
9358,4,1,0
9359,4,-2,-1
9359,4,1,-1
9359,4,-1,0
9359,4,2,0
9360,4,-2,-1
9360,4,1,-1
9360,4,-1,0
9360,4,-2,1
9361,4,-2,-1
9361,4,1,-1
9361,4,-1,0
9361,4,-1,1
9362,4,-2,-1
9362,4,1,-1
9362,4,-1,0
9362,4,0,1
9363,4,-2,-1
9363,4,1,-1
9363,4,-1,0
9363,4,1,1
9364,4,-2,-1
9364,4,1,-1
9364,4,-1,0
9364,4,2,1
9365,4,-2,-1
9365,4,1,-1
9365,4,-1,0
9365,4,-2,2
9366,4,-2,-1
9366,4,1,-1
9366,4,-1,0
9366,4,-1,2
9367,4,-2,-1
9367,4,1,-1
9367,4,-1,0
9367,4,0,2
9368,4,-2,-1
9368,4,1,-1
9368,4,-1,0
9368,4,1,2
9369,4,-2,-1
9369,4,1,-1
9369,4,-1,0
9369,4,2,2
9370,4,-2,-1
9370,4,1,-1
9370,4,1,0
9370,4,2,0
9371,4,-2,-1
9371,4,1,-1
9371,4,1,0
9371,4,-2,1
9372,4,-2,-1
9372,4,1,-1
9372,4,1,0
9372,4,-1,1
9373,4,-2,-1
9373,4,1,-1
9373,4,1,0
9373,4,0,1
9374,4,-2,-1
9374,4,1,-1
9374,4,1,0
9374,4,1,1
9375,4,-2,-1
9375,4,1,-1
9375,4,1,0
9375,4,2,1
9376,4,-2,-1
9376,4,1,-1
9376,4,1,0
9376,4,-2,2
9377,4,-2,-1
9377,4,1,-1
9377,4,1,0
9377,4,-1,2
9378,4,-2,-1
9378,4,1,-1
9378,4,1,0
9378,4,0,2
9379,4,-2,-1
9379,4,1,-1
9379,4,1,0
9379,4,1,2
9380,4,-2,-1
9380,4,1,-1
9380,4,1,0
9380,4,2,2
9381,4,-2,-1
9381,4,1,-1
9381,4,2,0
9381,4,-2,1
9382,4,-2,-1
9382,4,1,-1
9382,4,2,0
9382,4,-1,1
9383,4,-2,-1
9383,4,1,-1
9383,4,2,0
9383,4,0,1
9384,4,-2,-1
9384,4,1,-1
9384,4,2,0
9384,4,1,1
9385,4,-2,-1
9385,4,1,-1
9385,4,2,0
9385,4,2,1
9386,4,-2,-1
9386,4,1,-1
9386,4,2,0
9386,4,-2,2
9387,4,-2,-1
9387,4,1,-1
9387,4,2,0
9387,4,-1,2
9388,4,-2,-1
9388,4,1,-1
9388,4,2,0
9388,4,0,2
9389,4,-2,-1
9389,4,1,-1
9389,4,2,0
9389,4,1,2
9390,4,-2,-1
9390,4,1,-1
9390,4,2,0
9390,4,2,2
9391,4,-2,-1
9391,4,1,-1
9391,4,-2,1
9391,4,-1,1
9392,4,-2,-1
9392,4,1,-1
9392,4,-2,1
9392,4,0,1
9393,4,-2,-1
9393,4,1,-1
9393,4,-2,1
9393,4,1,1
9394,4,-2,-1
9394,4,1,-1
9394,4,-2,1
9394,4,2,1
9395,4,-2,-1
9395,4,1,-1
9395,4,-2,1
9395,4,-2,2
9396,4,-2,-1
9396,4,1,-1
9396,4,-2,1
9396,4,-1,2
9397,4,-2,-1
9397,4,1,-1
9397,4,-2,1
9397,4,0,2
9398,4,-2,-1
9398,4,1,-1
9398,4,-2,1
9398,4,1,2
9399,4,-2,-1
9399,4,1,-1
9399,4,-2,1
9399,4,2,2
9400,4,-2,-1
9400,4,1,-1
9400,4,-1,1
9400,4,0,1
9401,4,-2,-1
9401,4,1,-1
9401,4,-1,1
9401,4,1,1
9402,4,-2,-1
9402,4,1,-1
9402,4,-1,1
9402,4,2,1
9403,4,-2,-1
9403,4,1,-1
9403,4,-1,1
9403,4,-2,2
9404,4,-2,-1
9404,4,1,-1
9404,4,-1,1
9404,4,-1,2
9405,4,-2,-1
9405,4,1,-1
9405,4,-1,1
9405,4,0,2
9406,4,-2,-1
9406,4,1,-1
9406,4,-1,1
9406,4,1,2
9407,4,-2,-1
9407,4,1,-1
9407,4,-1,1
9407,4,2,2
9408,4,-2,-1
9408,4,1,-1
9408,4,0,1
9408,4,1,1
9409,4,-2,-1
9409,4,1,-1
9409,4,0,1
9409,4,2,1
9410,4,-2,-1
9410,4,1,-1
9410,4,0,1
9410,4,-2,2
9411,4,-2,-1
9411,4,1,-1
9411,4,0,1
9411,4,-1,2
9412,4,-2,-1
9412,4,1,-1
9412,4,0,1
9412,4,0,2
9413,4,-2,-1
9413,4,1,-1
9413,4,0,1
9413,4,1,2
9414,4,-2,-1
9414,4,1,-1
9414,4,0,1
9414,4,2,2
9415,4,-2,-1
9415,4,1,-1
9415,4,1,1
9415,4,2,1
9416,4,-2,-1
9416,4,1,-1
9416,4,1,1
9416,4,-2,2
9417,4,-2,-1
9417,4,1,-1
9417,4,1,1
9417,4,-1,2
9418,4,-2,-1
9418,4,1,-1
9418,4,1,1
9418,4,0,2
9419,4,-2,-1
9419,4,1,-1
9419,4,1,1
9419,4,1,2
9420,4,-2,-1
9420,4,1,-1
9420,4,1,1
9420,4,2,2
9421,4,-2,-1
9421,4,1,-1
9421,4,2,1
9421,4,-2,2
9422,4,-2,-1
9422,4,1,-1
9422,4,2,1
9422,4,-1,2
9423,4,-2,-1
9423,4,1,-1
9423,4,2,1
9423,4,0,2
9424,4,-2,-1
9424,4,1,-1
9424,4,2,1
9424,4,1,2
9425,4,-2,-1
9425,4,1,-1
9425,4,2,1
9425,4,2,2
9426,4,-2,-1
9426,4,1,-1
9426,4,-2,2
9426,4,-1,2
9427,4,-2,-1
9427,4,1,-1
9427,4,-2,2
9427,4,0,2
9428,4,-2,-1
9428,4,1,-1
9428,4,-2,2
9428,4,1,2
9429,4,-2,-1
9429,4,1,-1
9429,4,-2,2
9429,4,2,2
9430,4,-2,-1
9430,4,1,-1
9430,4,-1,2
9430,4,0,2
9431,4,-2,-1
9431,4,1,-1
9431,4,-1,2
9431,4,1,2
9432,4,-2,-1
9432,4,1,-1
9432,4,-1,2
9432,4,2,2
9433,4,-2,-1
9433,4,1,-1
9433,4,0,2
9433,4,1,2
9434,4,-2,-1
9434,4,1,-1
9434,4,0,2
9434,4,2,2
9435,4,-2,-1
9435,4,1,-1
9435,4,1,2
9435,4,2,2
9436,4,-2,-1
9436,4,2,-1
9436,4,-2,0
9436,4,-1,0
9437,4,-2,-1
9437,4,2,-1
9437,4,-2,0
9437,4,1,0
9438,4,-2,-1
9438,4,2,-1
9438,4,-2,0
9438,4,2,0
9439,4,-2,-1
9439,4,2,-1
9439,4,-2,0
9439,4,-2,1
9440,4,-2,-1
9440,4,2,-1
9440,4,-2,0
9440,4,-1,1
9441,4,-2,-1
9441,4,2,-1
9441,4,-2,0
9441,4,0,1
9442,4,-2,-1
9442,4,2,-1
9442,4,-2,0
9442,4,1,1
9443,4,-2,-1
9443,4,2,-1
9443,4,-2,0
9443,4,2,1
9444,4,-2,-1
9444,4,2,-1
9444,4,-2,0
9444,4,-2,2
9445,4,-2,-1
9445,4,2,-1
9445,4,-2,0
9445,4,-1,2
9446,4,-2,-1
9446,4,2,-1
9446,4,-2,0
9446,4,0,2
9447,4,-2,-1
9447,4,2,-1
9447,4,-2,0
9447,4,1,2
9448,4,-2,-1
9448,4,2,-1
9448,4,-2,0
9448,4,2,2
9449,4,-2,-1
9449,4,2,-1
9449,4,-1,0
9449,4,1,0
9450,4,-2,-1
9450,4,2,-1
9450,4,-1,0
9450,4,2,0
9451,4,-2,-1
9451,4,2,-1
9451,4,-1,0
9451,4,-2,1
9452,4,-2,-1
9452,4,2,-1
9452,4,-1,0
9452,4,-1,1
9453,4,-2,-1
9453,4,2,-1
9453,4,-1,0
9453,4,0,1
9454,4,-2,-1
9454,4,2,-1
9454,4,-1,0
9454,4,1,1
9455,4,-2,-1
9455,4,2,-1
9455,4,-1,0
9455,4,2,1
9456,4,-2,-1
9456,4,2,-1
9456,4,-1,0
9456,4,-2,2
9457,4,-2,-1
9457,4,2,-1
9457,4,-1,0
9457,4,-1,2
9458,4,-2,-1
9458,4,2,-1
9458,4,-1,0
9458,4,0,2
9459,4,-2,-1
9459,4,2,-1
9459,4,-1,0
9459,4,1,2
9460,4,-2,-1
9460,4,2,-1
9460,4,-1,0
9460,4,2,2
9461,4,-2,-1
9461,4,2,-1
9461,4,1,0
9461,4,2,0
9462,4,-2,-1
9462,4,2,-1
9462,4,1,0
9462,4,-2,1
9463,4,-2,-1
9463,4,2,-1
9463,4,1,0
9463,4,-1,1
9464,4,-2,-1
9464,4,2,-1
9464,4,1,0
9464,4,0,1
9465,4,-2,-1
9465,4,2,-1
9465,4,1,0
9465,4,1,1
9466,4,-2,-1
9466,4,2,-1
9466,4,1,0
9466,4,2,1
9467,4,-2,-1
9467,4,2,-1
9467,4,1,0
9467,4,-2,2
9468,4,-2,-1
9468,4,2,-1
9468,4,1,0
9468,4,-1,2
9469,4,-2,-1
9469,4,2,-1
9469,4,1,0
9469,4,0,2
9470,4,-2,-1
9470,4,2,-1
9470,4,1,0
9470,4,1,2
9471,4,-2,-1
9471,4,2,-1
9471,4,1,0
9471,4,2,2
9472,4,-2,-1
9472,4,2,-1
9472,4,2,0
9472,4,-2,1
9473,4,-2,-1
9473,4,2,-1
9473,4,2,0
9473,4,-1,1
9474,4,-2,-1
9474,4,2,-1
9474,4,2,0
9474,4,0,1
9475,4,-2,-1
9475,4,2,-1
9475,4,2,0
9475,4,1,1
9476,4,-2,-1
9476,4,2,-1
9476,4,2,0
9476,4,2,1
9477,4,-2,-1
9477,4,2,-1
9477,4,2,0
9477,4,-2,2
9478,4,-2,-1
9478,4,2,-1
9478,4,2,0
9478,4,-1,2
9479,4,-2,-1
9479,4,2,-1
9479,4,2,0
9479,4,0,2
9480,4,-2,-1
9480,4,2,-1
9480,4,2,0
9480,4,1,2
9481,4,-2,-1
9481,4,2,-1
9481,4,2,0
9481,4,2,2
9482,4,-2,-1
9482,4,2,-1
9482,4,-2,1
9482,4,-1,1
9483,4,-2,-1
9483,4,2,-1
9483,4,-2,1
9483,4,0,1
9484,4,-2,-1
9484,4,2,-1
9484,4,-2,1
9484,4,1,1
9485,4,-2,-1
9485,4,2,-1
9485,4,-2,1
9485,4,2,1
9486,4,-2,-1
9486,4,2,-1
9486,4,-2,1
9486,4,-2,2
9487,4,-2,-1
9487,4,2,-1
9487,4,-2,1
9487,4,-1,2
9488,4,-2,-1
9488,4,2,-1
9488,4,-2,1
9488,4,0,2
9489,4,-2,-1
9489,4,2,-1
9489,4,-2,1
9489,4,1,2
9490,4,-2,-1
9490,4,2,-1
9490,4,-2,1
9490,4,2,2
9491,4,-2,-1
9491,4,2,-1
9491,4,-1,1
9491,4,0,1
9492,4,-2,-1
9492,4,2,-1
9492,4,-1,1
9492,4,1,1
9493,4,-2,-1
9493,4,2,-1
9493,4,-1,1
9493,4,2,1
9494,4,-2,-1
9494,4,2,-1
9494,4,-1,1
9494,4,-2,2
9495,4,-2,-1
9495,4,2,-1
9495,4,-1,1
9495,4,-1,2
9496,4,-2,-1
9496,4,2,-1
9496,4,-1,1
9496,4,0,2
9497,4,-2,-1
9497,4,2,-1
9497,4,-1,1
9497,4,1,2
9498,4,-2,-1
9498,4,2,-1
9498,4,-1,1
9498,4,2,2
9499,4,-2,-1
9499,4,2,-1
9499,4,0,1
9499,4,1,1
9500,4,-2,-1
9500,4,2,-1
9500,4,0,1
9500,4,2,1
9501,4,-2,-1
9501,4,2,-1
9501,4,0,1
9501,4,-2,2
9502,4,-2,-1
9502,4,2,-1
9502,4,0,1
9502,4,-1,2
9503,4,-2,-1
9503,4,2,-1
9503,4,0,1
9503,4,0,2
9504,4,-2,-1
9504,4,2,-1
9504,4,0,1
9504,4,1,2
9505,4,-2,-1
9505,4,2,-1
9505,4,0,1
9505,4,2,2
9506,4,-2,-1
9506,4,2,-1
9506,4,1,1
9506,4,2,1
9507,4,-2,-1
9507,4,2,-1
9507,4,1,1
9507,4,-2,2
9508,4,-2,-1
9508,4,2,-1
9508,4,1,1
9508,4,-1,2
9509,4,-2,-1
9509,4,2,-1
9509,4,1,1
9509,4,0,2
9510,4,-2,-1
9510,4,2,-1
9510,4,1,1
9510,4,1,2
9511,4,-2,-1
9511,4,2,-1
9511,4,1,1
9511,4,2,2
9512,4,-2,-1
9512,4,2,-1
9512,4,2,1
9512,4,-2,2
9513,4,-2,-1
9513,4,2,-1
9513,4,2,1
9513,4,-1,2
9514,4,-2,-1
9514,4,2,-1
9514,4,2,1
9514,4,0,2
9515,4,-2,-1
9515,4,2,-1
9515,4,2,1
9515,4,1,2
9516,4,-2,-1
9516,4,2,-1
9516,4,2,1
9516,4,2,2
9517,4,-2,-1
9517,4,2,-1
9517,4,-2,2
9517,4,-1,2
9518,4,-2,-1
9518,4,2,-1
9518,4,-2,2
9518,4,0,2
9519,4,-2,-1
9519,4,2,-1
9519,4,-2,2
9519,4,1,2
9520,4,-2,-1
9520,4,2,-1
9520,4,-2,2
9520,4,2,2
9521,4,-2,-1
9521,4,2,-1
9521,4,-1,2
9521,4,0,2
9522,4,-2,-1
9522,4,2,-1
9522,4,-1,2
9522,4,1,2
9523,4,-2,-1
9523,4,2,-1
9523,4,-1,2
9523,4,2,2
9524,4,-2,-1
9524,4,2,-1
9524,4,0,2
9524,4,1,2
9525,4,-2,-1
9525,4,2,-1
9525,4,0,2
9525,4,2,2
9526,4,-2,-1
9526,4,2,-1
9526,4,1,2
9526,4,2,2
9527,4,-2,-1
9527,4,-2,0
9527,4,-1,0
9527,4,1,0
9528,4,-2,-1
9528,4,-2,0
9528,4,-1,0
9528,4,2,0
9529,4,-2,-1
9529,4,-2,0
9529,4,-1,0
9529,4,-2,1
9530,4,-2,-1
9530,4,-2,0
9530,4,-1,0
9530,4,-1,1
9531,4,-2,-1
9531,4,-2,0
9531,4,-1,0
9531,4,0,1
9532,4,-2,-1
9532,4,-2,0
9532,4,-1,0
9532,4,1,1
9533,4,-2,-1
9533,4,-2,0
9533,4,-1,0
9533,4,2,1
9534,4,-2,-1
9534,4,-2,0
9534,4,-1,0
9534,4,-2,2
9535,4,-2,-1
9535,4,-2,0
9535,4,-1,0
9535,4,-1,2
9536,4,-2,-1
9536,4,-2,0
9536,4,-1,0
9536,4,0,2
9537,4,-2,-1
9537,4,-2,0
9537,4,-1,0
9537,4,1,2
9538,4,-2,-1
9538,4,-2,0
9538,4,-1,0
9538,4,2,2
9539,4,-2,-1
9539,4,-2,0
9539,4,1,0
9539,4,2,0
9540,4,-2,-1
9540,4,-2,0
9540,4,1,0
9540,4,-2,1
9541,4,-2,-1
9541,4,-2,0
9541,4,1,0
9541,4,-1,1
9542,4,-2,-1
9542,4,-2,0
9542,4,1,0
9542,4,0,1
9543,4,-2,-1
9543,4,-2,0
9543,4,1,0
9543,4,1,1
9544,4,-2,-1
9544,4,-2,0
9544,4,1,0
9544,4,2,1
9545,4,-2,-1
9545,4,-2,0
9545,4,1,0
9545,4,-2,2
9546,4,-2,-1
9546,4,-2,0
9546,4,1,0
9546,4,-1,2
9547,4,-2,-1
9547,4,-2,0
9547,4,1,0
9547,4,0,2
9548,4,-2,-1
9548,4,-2,0
9548,4,1,0
9548,4,1,2
9549,4,-2,-1
9549,4,-2,0
9549,4,1,0
9549,4,2,2
9550,4,-2,-1
9550,4,-2,0
9550,4,2,0
9550,4,-2,1
9551,4,-2,-1
9551,4,-2,0
9551,4,2,0
9551,4,-1,1
9552,4,-2,-1
9552,4,-2,0
9552,4,2,0
9552,4,0,1
9553,4,-2,-1
9553,4,-2,0
9553,4,2,0
9553,4,1,1
9554,4,-2,-1
9554,4,-2,0
9554,4,2,0
9554,4,2,1
9555,4,-2,-1
9555,4,-2,0
9555,4,2,0
9555,4,-2,2
9556,4,-2,-1
9556,4,-2,0
9556,4,2,0
9556,4,-1,2
9557,4,-2,-1
9557,4,-2,0
9557,4,2,0
9557,4,0,2
9558,4,-2,-1
9558,4,-2,0
9558,4,2,0
9558,4,1,2
9559,4,-2,-1
9559,4,-2,0
9559,4,2,0
9559,4,2,2
9560,4,-2,-1
9560,4,-2,0
9560,4,-2,1
9560,4,-1,1
9561,4,-2,-1
9561,4,-2,0
9561,4,-2,1
9561,4,0,1
9562,4,-2,-1
9562,4,-2,0
9562,4,-2,1
9562,4,1,1
9563,4,-2,-1
9563,4,-2,0
9563,4,-2,1
9563,4,2,1
9564,4,-2,-1
9564,4,-2,0
9564,4,-2,1
9564,4,-2,2
9565,4,-2,-1
9565,4,-2,0
9565,4,-2,1
9565,4,-1,2
9566,4,-2,-1
9566,4,-2,0
9566,4,-2,1
9566,4,0,2
9567,4,-2,-1
9567,4,-2,0
9567,4,-2,1
9567,4,1,2
9568,4,-2,-1
9568,4,-2,0
9568,4,-2,1
9568,4,2,2
9569,4,-2,-1
9569,4,-2,0
9569,4,-1,1
9569,4,0,1
9570,4,-2,-1
9570,4,-2,0
9570,4,-1,1
9570,4,1,1
9571,4,-2,-1
9571,4,-2,0
9571,4,-1,1
9571,4,2,1
9572,4,-2,-1
9572,4,-2,0
9572,4,-1,1
9572,4,-2,2
9573,4,-2,-1
9573,4,-2,0
9573,4,-1,1
9573,4,-1,2
9574,4,-2,-1
9574,4,-2,0
9574,4,-1,1
9574,4,0,2
9575,4,-2,-1
9575,4,-2,0
9575,4,-1,1
9575,4,1,2
9576,4,-2,-1
9576,4,-2,0
9576,4,-1,1
9576,4,2,2
9577,4,-2,-1
9577,4,-2,0
9577,4,0,1
9577,4,1,1
9578,4,-2,-1
9578,4,-2,0
9578,4,0,1
9578,4,2,1
9579,4,-2,-1
9579,4,-2,0
9579,4,0,1
9579,4,-2,2
9580,4,-2,-1
9580,4,-2,0
9580,4,0,1
9580,4,-1,2
9581,4,-2,-1
9581,4,-2,0
9581,4,0,1
9581,4,0,2
9582,4,-2,-1
9582,4,-2,0
9582,4,0,1
9582,4,1,2
9583,4,-2,-1
9583,4,-2,0
9583,4,0,1
9583,4,2,2
9584,4,-2,-1
9584,4,-2,0
9584,4,1,1
9584,4,2,1
9585,4,-2,-1
9585,4,-2,0
9585,4,1,1
9585,4,-2,2
9586,4,-2,-1
9586,4,-2,0
9586,4,1,1
9586,4,-1,2
9587,4,-2,-1
9587,4,-2,0
9587,4,1,1
9587,4,0,2
9588,4,-2,-1
9588,4,-2,0
9588,4,1,1
9588,4,1,2
9589,4,-2,-1
9589,4,-2,0
9589,4,1,1
9589,4,2,2
9590,4,-2,-1
9590,4,-2,0
9590,4,2,1
9590,4,-2,2
9591,4,-2,-1
9591,4,-2,0
9591,4,2,1
9591,4,-1,2
9592,4,-2,-1
9592,4,-2,0
9592,4,2,1
9592,4,0,2
9593,4,-2,-1
9593,4,-2,0
9593,4,2,1
9593,4,1,2
9594,4,-2,-1
9594,4,-2,0
9594,4,2,1
9594,4,2,2
9595,4,-2,-1
9595,4,-2,0
9595,4,-2,2
9595,4,-1,2
9596,4,-2,-1
9596,4,-2,0
9596,4,-2,2
9596,4,0,2
9597,4,-2,-1
9597,4,-2,0
9597,4,-2,2
9597,4,1,2
9598,4,-2,-1
9598,4,-2,0
9598,4,-2,2
9598,4,2,2
9599,4,-2,-1
9599,4,-2,0
9599,4,-1,2
9599,4,0,2
9600,4,-2,-1
9600,4,-2,0
9600,4,-1,2
9600,4,1,2
9601,4,-2,-1
9601,4,-2,0
9601,4,-1,2
9601,4,2,2
9602,4,-2,-1
9602,4,-2,0
9602,4,0,2
9602,4,1,2
9603,4,-2,-1
9603,4,-2,0
9603,4,0,2
9603,4,2,2
9604,4,-2,-1
9604,4,-2,0
9604,4,1,2
9604,4,2,2
9605,4,-2,-1
9605,4,-1,0
9605,4,1,0
9605,4,2,0
9606,4,-2,-1
9606,4,-1,0
9606,4,1,0
9606,4,-2,1
9607,4,-2,-1
9607,4,-1,0
9607,4,1,0
9607,4,-1,1
9608,4,-2,-1
9608,4,-1,0
9608,4,1,0
9608,4,0,1
9609,4,-2,-1
9609,4,-1,0
9609,4,1,0
9609,4,1,1
9610,4,-2,-1
9610,4,-1,0
9610,4,1,0
9610,4,2,1
9611,4,-2,-1
9611,4,-1,0
9611,4,1,0
9611,4,-2,2
9612,4,-2,-1
9612,4,-1,0
9612,4,1,0
9612,4,-1,2
9613,4,-2,-1
9613,4,-1,0
9613,4,1,0
9613,4,0,2
9614,4,-2,-1
9614,4,-1,0
9614,4,1,0
9614,4,1,2
9615,4,-2,-1
9615,4,-1,0
9615,4,1,0
9615,4,2,2
9616,4,-2,-1
9616,4,-1,0
9616,4,2,0
9616,4,-2,1
9617,4,-2,-1
9617,4,-1,0
9617,4,2,0
9617,4,-1,1
9618,4,-2,-1
9618,4,-1,0
9618,4,2,0
9618,4,0,1
9619,4,-2,-1
9619,4,-1,0
9619,4,2,0
9619,4,1,1
9620,4,-2,-1
9620,4,-1,0
9620,4,2,0
9620,4,2,1
9621,4,-2,-1
9621,4,-1,0
9621,4,2,0
9621,4,-2,2
9622,4,-2,-1
9622,4,-1,0
9622,4,2,0
9622,4,-1,2
9623,4,-2,-1
9623,4,-1,0
9623,4,2,0
9623,4,0,2
9624,4,-2,-1
9624,4,-1,0
9624,4,2,0
9624,4,1,2
9625,4,-2,-1
9625,4,-1,0
9625,4,2,0
9625,4,2,2
9626,4,-2,-1
9626,4,-1,0
9626,4,-2,1
9626,4,-1,1
9627,4,-2,-1
9627,4,-1,0
9627,4,-2,1
9627,4,0,1
9628,4,-2,-1
9628,4,-1,0
9628,4,-2,1
9628,4,1,1
9629,4,-2,-1
9629,4,-1,0
9629,4,-2,1
9629,4,2,1
9630,4,-2,-1
9630,4,-1,0
9630,4,-2,1
9630,4,-2,2
9631,4,-2,-1
9631,4,-1,0
9631,4,-2,1
9631,4,-1,2
9632,4,-2,-1
9632,4,-1,0
9632,4,-2,1
9632,4,0,2
9633,4,-2,-1
9633,4,-1,0
9633,4,-2,1
9633,4,1,2
9634,4,-2,-1
9634,4,-1,0
9634,4,-2,1
9634,4,2,2
9635,4,-2,-1
9635,4,-1,0
9635,4,-1,1
9635,4,0,1
9636,4,-2,-1
9636,4,-1,0
9636,4,-1,1
9636,4,1,1
9637,4,-2,-1
9637,4,-1,0
9637,4,-1,1
9637,4,2,1
9638,4,-2,-1
9638,4,-1,0
9638,4,-1,1
9638,4,-2,2
9639,4,-2,-1
9639,4,-1,0
9639,4,-1,1
9639,4,-1,2
9640,4,-2,-1
9640,4,-1,0
9640,4,-1,1
9640,4,0,2
9641,4,-2,-1
9641,4,-1,0
9641,4,-1,1
9641,4,1,2
9642,4,-2,-1
9642,4,-1,0
9642,4,-1,1
9642,4,2,2
9643,4,-2,-1
9643,4,-1,0
9643,4,0,1
9643,4,1,1
9644,4,-2,-1
9644,4,-1,0
9644,4,0,1
9644,4,2,1
9645,4,-2,-1
9645,4,-1,0
9645,4,0,1
9645,4,-2,2
9646,4,-2,-1
9646,4,-1,0
9646,4,0,1
9646,4,-1,2
9647,4,-2,-1
9647,4,-1,0
9647,4,0,1
9647,4,0,2
9648,4,-2,-1
9648,4,-1,0
9648,4,0,1
9648,4,1,2
9649,4,-2,-1
9649,4,-1,0
9649,4,0,1
9649,4,2,2
9650,4,-2,-1
9650,4,-1,0
9650,4,1,1
9650,4,2,1
9651,4,-2,-1
9651,4,-1,0
9651,4,1,1
9651,4,-2,2
9652,4,-2,-1
9652,4,-1,0
9652,4,1,1
9652,4,-1,2
9653,4,-2,-1
9653,4,-1,0
9653,4,1,1
9653,4,0,2
9654,4,-2,-1
9654,4,-1,0
9654,4,1,1
9654,4,1,2
9655,4,-2,-1
9655,4,-1,0
9655,4,1,1
9655,4,2,2
9656,4,-2,-1
9656,4,-1,0
9656,4,2,1
9656,4,-2,2
9657,4,-2,-1
9657,4,-1,0
9657,4,2,1
9657,4,-1,2
9658,4,-2,-1
9658,4,-1,0
9658,4,2,1
9658,4,0,2
9659,4,-2,-1
9659,4,-1,0
9659,4,2,1
9659,4,1,2
9660,4,-2,-1
9660,4,-1,0
9660,4,2,1
9660,4,2,2
9661,4,-2,-1
9661,4,-1,0
9661,4,-2,2
9661,4,-1,2
9662,4,-2,-1
9662,4,-1,0
9662,4,-2,2
9662,4,0,2
9663,4,-2,-1
9663,4,-1,0
9663,4,-2,2
9663,4,1,2
9664,4,-2,-1
9664,4,-1,0
9664,4,-2,2
9664,4,2,2
9665,4,-2,-1
9665,4,-1,0
9665,4,-1,2
9665,4,0,2
9666,4,-2,-1
9666,4,-1,0
9666,4,-1,2
9666,4,1,2
9667,4,-2,-1
9667,4,-1,0
9667,4,-1,2
9667,4,2,2
9668,4,-2,-1
9668,4,-1,0
9668,4,0,2
9668,4,1,2
9669,4,-2,-1
9669,4,-1,0
9669,4,0,2
9669,4,2,2
9670,4,-2,-1
9670,4,-1,0
9670,4,1,2
9670,4,2,2
9671,4,-2,-1
9671,4,1,0
9671,4,2,0
9671,4,-2,1
9672,4,-2,-1
9672,4,1,0
9672,4,2,0
9672,4,-1,1
9673,4,-2,-1
9673,4,1,0
9673,4,2,0
9673,4,0,1
9674,4,-2,-1
9674,4,1,0
9674,4,2,0
9674,4,1,1
9675,4,-2,-1
9675,4,1,0
9675,4,2,0
9675,4,2,1
9676,4,-2,-1
9676,4,1,0
9676,4,2,0
9676,4,-2,2
9677,4,-2,-1
9677,4,1,0
9677,4,2,0
9677,4,-1,2
9678,4,-2,-1
9678,4,1,0
9678,4,2,0
9678,4,0,2
9679,4,-2,-1
9679,4,1,0
9679,4,2,0
9679,4,1,2
9680,4,-2,-1
9680,4,1,0
9680,4,2,0
9680,4,2,2
9681,4,-2,-1
9681,4,1,0
9681,4,-2,1
9681,4,-1,1
9682,4,-2,-1
9682,4,1,0
9682,4,-2,1
9682,4,0,1
9683,4,-2,-1
9683,4,1,0
9683,4,-2,1
9683,4,1,1
9684,4,-2,-1
9684,4,1,0
9684,4,-2,1
9684,4,2,1
9685,4,-2,-1
9685,4,1,0
9685,4,-2,1
9685,4,-2,2
9686,4,-2,-1
9686,4,1,0
9686,4,-2,1
9686,4,-1,2
9687,4,-2,-1
9687,4,1,0
9687,4,-2,1
9687,4,0,2
9688,4,-2,-1
9688,4,1,0
9688,4,-2,1
9688,4,1,2
9689,4,-2,-1
9689,4,1,0
9689,4,-2,1
9689,4,2,2
9690,4,-2,-1
9690,4,1,0
9690,4,-1,1
9690,4,0,1
9691,4,-2,-1
9691,4,1,0
9691,4,-1,1
9691,4,1,1
9692,4,-2,-1
9692,4,1,0
9692,4,-1,1
9692,4,2,1
9693,4,-2,-1
9693,4,1,0
9693,4,-1,1
9693,4,-2,2
9694,4,-2,-1
9694,4,1,0
9694,4,-1,1
9694,4,-1,2
9695,4,-2,-1
9695,4,1,0
9695,4,-1,1
9695,4,0,2
9696,4,-2,-1
9696,4,1,0
9696,4,-1,1
9696,4,1,2
9697,4,-2,-1
9697,4,1,0
9697,4,-1,1
9697,4,2,2
9698,4,-2,-1
9698,4,1,0
9698,4,0,1
9698,4,1,1
9699,4,-2,-1
9699,4,1,0
9699,4,0,1
9699,4,2,1
9700,4,-2,-1
9700,4,1,0
9700,4,0,1
9700,4,-2,2
9701,4,-2,-1
9701,4,1,0
9701,4,0,1
9701,4,-1,2
9702,4,-2,-1
9702,4,1,0
9702,4,0,1
9702,4,0,2
9703,4,-2,-1
9703,4,1,0
9703,4,0,1
9703,4,1,2
9704,4,-2,-1
9704,4,1,0
9704,4,0,1
9704,4,2,2
9705,4,-2,-1
9705,4,1,0
9705,4,1,1
9705,4,2,1
9706,4,-2,-1
9706,4,1,0
9706,4,1,1
9706,4,-2,2
9707,4,-2,-1
9707,4,1,0
9707,4,1,1
9707,4,-1,2
9708,4,-2,-1
9708,4,1,0
9708,4,1,1
9708,4,0,2
9709,4,-2,-1
9709,4,1,0
9709,4,1,1
9709,4,1,2
9710,4,-2,-1
9710,4,1,0
9710,4,1,1
9710,4,2,2
9711,4,-2,-1
9711,4,1,0
9711,4,2,1
9711,4,-2,2
9712,4,-2,-1
9712,4,1,0
9712,4,2,1
9712,4,-1,2
9713,4,-2,-1
9713,4,1,0
9713,4,2,1
9713,4,0,2
9714,4,-2,-1
9714,4,1,0
9714,4,2,1
9714,4,1,2
9715,4,-2,-1
9715,4,1,0
9715,4,2,1
9715,4,2,2
9716,4,-2,-1
9716,4,1,0
9716,4,-2,2
9716,4,-1,2
9717,4,-2,-1
9717,4,1,0
9717,4,-2,2
9717,4,0,2
9718,4,-2,-1
9718,4,1,0
9718,4,-2,2
9718,4,1,2
9719,4,-2,-1
9719,4,1,0
9719,4,-2,2
9719,4,2,2
9720,4,-2,-1
9720,4,1,0
9720,4,-1,2
9720,4,0,2
9721,4,-2,-1
9721,4,1,0
9721,4,-1,2
9721,4,1,2
9722,4,-2,-1
9722,4,1,0
9722,4,-1,2
9722,4,2,2
9723,4,-2,-1
9723,4,1,0
9723,4,0,2
9723,4,1,2
9724,4,-2,-1
9724,4,1,0
9724,4,0,2
9724,4,2,2
9725,4,-2,-1
9725,4,1,0
9725,4,1,2
9725,4,2,2
9726,4,-2,-1
9726,4,2,0
9726,4,-2,1
9726,4,-1,1
9727,4,-2,-1
9727,4,2,0
9727,4,-2,1
9727,4,0,1
9728,4,-2,-1
9728,4,2,0
9728,4,-2,1
9728,4,1,1
9729,4,-2,-1
9729,4,2,0
9729,4,-2,1
9729,4,2,1
9730,4,-2,-1
9730,4,2,0
9730,4,-2,1
9730,4,-2,2
9731,4,-2,-1
9731,4,2,0
9731,4,-2,1
9731,4,-1,2
9732,4,-2,-1
9732,4,2,0
9732,4,-2,1
9732,4,0,2
9733,4,-2,-1
9733,4,2,0
9733,4,-2,1
9733,4,1,2
9734,4,-2,-1
9734,4,2,0
9734,4,-2,1
9734,4,2,2
9735,4,-2,-1
9735,4,2,0
9735,4,-1,1
9735,4,0,1
9736,4,-2,-1
9736,4,2,0
9736,4,-1,1
9736,4,1,1
9737,4,-2,-1
9737,4,2,0
9737,4,-1,1
9737,4,2,1
9738,4,-2,-1
9738,4,2,0
9738,4,-1,1
9738,4,-2,2
9739,4,-2,-1
9739,4,2,0
9739,4,-1,1
9739,4,-1,2
9740,4,-2,-1
9740,4,2,0
9740,4,-1,1
9740,4,0,2
9741,4,-2,-1
9741,4,2,0
9741,4,-1,1
9741,4,1,2
9742,4,-2,-1
9742,4,2,0
9742,4,-1,1
9742,4,2,2
9743,4,-2,-1
9743,4,2,0
9743,4,0,1
9743,4,1,1
9744,4,-2,-1
9744,4,2,0
9744,4,0,1
9744,4,2,1
9745,4,-2,-1
9745,4,2,0
9745,4,0,1
9745,4,-2,2
9746,4,-2,-1
9746,4,2,0
9746,4,0,1
9746,4,-1,2
9747,4,-2,-1
9747,4,2,0
9747,4,0,1
9747,4,0,2
9748,4,-2,-1
9748,4,2,0
9748,4,0,1
9748,4,1,2
9749,4,-2,-1
9749,4,2,0
9749,4,0,1
9749,4,2,2
9750,4,-2,-1
9750,4,2,0
9750,4,1,1
9750,4,2,1
9751,4,-2,-1
9751,4,2,0
9751,4,1,1
9751,4,-2,2
9752,4,-2,-1
9752,4,2,0
9752,4,1,1
9752,4,-1,2
9753,4,-2,-1
9753,4,2,0
9753,4,1,1
9753,4,0,2
9754,4,-2,-1
9754,4,2,0
9754,4,1,1
9754,4,1,2
9755,4,-2,-1
9755,4,2,0
9755,4,1,1
9755,4,2,2
9756,4,-2,-1
9756,4,2,0
9756,4,2,1
9756,4,-2,2
9757,4,-2,-1
9757,4,2,0
9757,4,2,1
9757,4,-1,2
9758,4,-2,-1
9758,4,2,0
9758,4,2,1
9758,4,0,2
9759,4,-2,-1
9759,4,2,0
9759,4,2,1
9759,4,1,2
9760,4,-2,-1
9760,4,2,0
9760,4,2,1
9760,4,2,2
9761,4,-2,-1
9761,4,2,0
9761,4,-2,2
9761,4,-1,2
9762,4,-2,-1
9762,4,2,0
9762,4,-2,2
9762,4,0,2
9763,4,-2,-1
9763,4,2,0
9763,4,-2,2
9763,4,1,2
9764,4,-2,-1
9764,4,2,0
9764,4,-2,2
9764,4,2,2
9765,4,-2,-1
9765,4,2,0
9765,4,-1,2
9765,4,0,2
9766,4,-2,-1
9766,4,2,0
9766,4,-1,2
9766,4,1,2
9767,4,-2,-1
9767,4,2,0
9767,4,-1,2
9767,4,2,2
9768,4,-2,-1
9768,4,2,0
9768,4,0,2
9768,4,1,2
9769,4,-2,-1
9769,4,2,0
9769,4,0,2
9769,4,2,2
9770,4,-2,-1
9770,4,2,0
9770,4,1,2
9770,4,2,2
9771,4,-2,-1
9771,4,-2,1
9771,4,-1,1
9771,4,0,1
9772,4,-2,-1
9772,4,-2,1
9772,4,-1,1
9772,4,1,1
9773,4,-2,-1
9773,4,-2,1
9773,4,-1,1
9773,4,2,1
9774,4,-2,-1
9774,4,-2,1
9774,4,-1,1
9774,4,-2,2
9775,4,-2,-1
9775,4,-2,1
9775,4,-1,1
9775,4,-1,2
9776,4,-2,-1
9776,4,-2,1
9776,4,-1,1
9776,4,0,2
9777,4,-2,-1
9777,4,-2,1
9777,4,-1,1
9777,4,1,2
9778,4,-2,-1
9778,4,-2,1
9778,4,-1,1
9778,4,2,2
9779,4,-2,-1
9779,4,-2,1
9779,4,0,1
9779,4,1,1
9780,4,-2,-1
9780,4,-2,1
9780,4,0,1
9780,4,2,1
9781,4,-2,-1
9781,4,-2,1
9781,4,0,1
9781,4,-2,2
9782,4,-2,-1
9782,4,-2,1
9782,4,0,1
9782,4,-1,2
9783,4,-2,-1
9783,4,-2,1
9783,4,0,1
9783,4,0,2
9784,4,-2,-1
9784,4,-2,1
9784,4,0,1
9784,4,1,2
9785,4,-2,-1
9785,4,-2,1
9785,4,0,1
9785,4,2,2
9786,4,-2,-1
9786,4,-2,1
9786,4,1,1
9786,4,2,1
9787,4,-2,-1
9787,4,-2,1
9787,4,1,1
9787,4,-2,2
9788,4,-2,-1
9788,4,-2,1
9788,4,1,1
9788,4,-1,2
9789,4,-2,-1
9789,4,-2,1
9789,4,1,1
9789,4,0,2
9790,4,-2,-1
9790,4,-2,1
9790,4,1,1
9790,4,1,2
9791,4,-2,-1
9791,4,-2,1
9791,4,1,1
9791,4,2,2
9792,4,-2,-1
9792,4,-2,1
9792,4,2,1
9792,4,-2,2
9793,4,-2,-1
9793,4,-2,1
9793,4,2,1
9793,4,-1,2
9794,4,-2,-1
9794,4,-2,1
9794,4,2,1
9794,4,0,2
9795,4,-2,-1
9795,4,-2,1
9795,4,2,1
9795,4,1,2
9796,4,-2,-1
9796,4,-2,1
9796,4,2,1
9796,4,2,2
9797,4,-2,-1
9797,4,-2,1
9797,4,-2,2
9797,4,-1,2
9798,4,-2,-1
9798,4,-2,1
9798,4,-2,2
9798,4,0,2
9799,4,-2,-1
9799,4,-2,1
9799,4,-2,2
9799,4,1,2
9800,4,-2,-1
9800,4,-2,1
9800,4,-2,2
9800,4,2,2
9801,4,-2,-1
9801,4,-2,1
9801,4,-1,2
9801,4,0,2
9802,4,-2,-1
9802,4,-2,1
9802,4,-1,2
9802,4,1,2
9803,4,-2,-1
9803,4,-2,1
9803,4,-1,2
9803,4,2,2
9804,4,-2,-1
9804,4,-2,1
9804,4,0,2
9804,4,1,2
9805,4,-2,-1
9805,4,-2,1
9805,4,0,2
9805,4,2,2
9806,4,-2,-1
9806,4,-2,1
9806,4,1,2
9806,4,2,2
9807,4,-2,-1
9807,4,-1,1
9807,4,0,1
9807,4,1,1
9808,4,-2,-1
9808,4,-1,1
9808,4,0,1
9808,4,2,1
9809,4,-2,-1
9809,4,-1,1
9809,4,0,1
9809,4,-2,2
9810,4,-2,-1
9810,4,-1,1
9810,4,0,1
9810,4,-1,2
9811,4,-2,-1
9811,4,-1,1
9811,4,0,1
9811,4,0,2
9812,4,-2,-1
9812,4,-1,1
9812,4,0,1
9812,4,1,2
9813,4,-2,-1
9813,4,-1,1
9813,4,0,1
9813,4,2,2
9814,4,-2,-1
9814,4,-1,1
9814,4,1,1
9814,4,2,1
9815,4,-2,-1
9815,4,-1,1
9815,4,1,1
9815,4,-2,2
9816,4,-2,-1
9816,4,-1,1
9816,4,1,1
9816,4,-1,2
9817,4,-2,-1
9817,4,-1,1
9817,4,1,1
9817,4,0,2
9818,4,-2,-1
9818,4,-1,1
9818,4,1,1
9818,4,1,2
9819,4,-2,-1
9819,4,-1,1
9819,4,1,1
9819,4,2,2
9820,4,-2,-1
9820,4,-1,1
9820,4,2,1
9820,4,-2,2
9821,4,-2,-1
9821,4,-1,1
9821,4,2,1
9821,4,-1,2
9822,4,-2,-1
9822,4,-1,1
9822,4,2,1
9822,4,0,2
9823,4,-2,-1
9823,4,-1,1
9823,4,2,1
9823,4,1,2
9824,4,-2,-1
9824,4,-1,1
9824,4,2,1
9824,4,2,2
9825,4,-2,-1
9825,4,-1,1
9825,4,-2,2
9825,4,-1,2
9826,4,-2,-1
9826,4,-1,1
9826,4,-2,2
9826,4,0,2
9827,4,-2,-1
9827,4,-1,1
9827,4,-2,2
9827,4,1,2
9828,4,-2,-1
9828,4,-1,1
9828,4,-2,2
9828,4,2,2
9829,4,-2,-1
9829,4,-1,1
9829,4,-1,2
9829,4,0,2
9830,4,-2,-1
9830,4,-1,1
9830,4,-1,2
9830,4,1,2
9831,4,-2,-1
9831,4,-1,1
9831,4,-1,2
9831,4,2,2
9832,4,-2,-1
9832,4,-1,1
9832,4,0,2
9832,4,1,2
9833,4,-2,-1
9833,4,-1,1
9833,4,0,2
9833,4,2,2
9834,4,-2,-1
9834,4,-1,1
9834,4,1,2
9834,4,2,2
9835,4,-2,-1
9835,4,0,1
9835,4,1,1
9835,4,2,1
9836,4,-2,-1
9836,4,0,1
9836,4,1,1
9836,4,-2,2
9837,4,-2,-1
9837,4,0,1
9837,4,1,1
9837,4,-1,2
9838,4,-2,-1
9838,4,0,1
9838,4,1,1
9838,4,0,2
9839,4,-2,-1
9839,4,0,1
9839,4,1,1
9839,4,1,2
9840,4,-2,-1
9840,4,0,1
9840,4,1,1
9840,4,2,2
9841,4,-2,-1
9841,4,0,1
9841,4,2,1
9841,4,-2,2
9842,4,-2,-1
9842,4,0,1
9842,4,2,1
9842,4,-1,2
9843,4,-2,-1
9843,4,0,1
9843,4,2,1
9843,4,0,2
9844,4,-2,-1
9844,4,0,1
9844,4,2,1
9844,4,1,2
9845,4,-2,-1
9845,4,0,1
9845,4,2,1
9845,4,2,2
9846,4,-2,-1
9846,4,0,1
9846,4,-2,2
9846,4,-1,2
9847,4,-2,-1
9847,4,0,1
9847,4,-2,2
9847,4,0,2
9848,4,-2,-1
9848,4,0,1
9848,4,-2,2
9848,4,1,2
9849,4,-2,-1
9849,4,0,1
9849,4,-2,2
9849,4,2,2
9850,4,-2,-1
9850,4,0,1
9850,4,-1,2
9850,4,0,2
9851,4,-2,-1
9851,4,0,1
9851,4,-1,2
9851,4,1,2
9852,4,-2,-1
9852,4,0,1
9852,4,-1,2
9852,4,2,2
9853,4,-2,-1
9853,4,0,1
9853,4,0,2
9853,4,1,2
9854,4,-2,-1
9854,4,0,1
9854,4,0,2
9854,4,2,2
9855,4,-2,-1
9855,4,0,1
9855,4,1,2
9855,4,2,2
9856,4,-2,-1
9856,4,1,1
9856,4,2,1
9856,4,-2,2
9857,4,-2,-1
9857,4,1,1
9857,4,2,1
9857,4,-1,2
9858,4,-2,-1
9858,4,1,1
9858,4,2,1
9858,4,0,2
9859,4,-2,-1
9859,4,1,1
9859,4,2,1
9859,4,1,2
9860,4,-2,-1
9860,4,1,1
9860,4,2,1
9860,4,2,2
9861,4,-2,-1
9861,4,1,1
9861,4,-2,2
9861,4,-1,2
9862,4,-2,-1
9862,4,1,1
9862,4,-2,2
9862,4,0,2
9863,4,-2,-1
9863,4,1,1
9863,4,-2,2
9863,4,1,2
9864,4,-2,-1
9864,4,1,1
9864,4,-2,2
9864,4,2,2
9865,4,-2,-1
9865,4,1,1
9865,4,-1,2
9865,4,0,2
9866,4,-2,-1
9866,4,1,1
9866,4,-1,2
9866,4,1,2
9867,4,-2,-1
9867,4,1,1
9867,4,-1,2
9867,4,2,2
9868,4,-2,-1
9868,4,1,1
9868,4,0,2
9868,4,1,2
9869,4,-2,-1
9869,4,1,1
9869,4,0,2
9869,4,2,2
9870,4,-2,-1
9870,4,1,1
9870,4,1,2
9870,4,2,2
9871,4,-2,-1
9871,4,2,1
9871,4,-2,2
9871,4,-1,2
9872,4,-2,-1
9872,4,2,1
9872,4,-2,2
9872,4,0,2
9873,4,-2,-1
9873,4,2,1
9873,4,-2,2
9873,4,1,2
9874,4,-2,-1
9874,4,2,1
9874,4,-2,2
9874,4,2,2
9875,4,-2,-1
9875,4,2,1
9875,4,-1,2
9875,4,0,2
9876,4,-2,-1
9876,4,2,1
9876,4,-1,2
9876,4,1,2
9877,4,-2,-1
9877,4,2,1
9877,4,-1,2
9877,4,2,2
9878,4,-2,-1
9878,4,2,1
9878,4,0,2
9878,4,1,2
9879,4,-2,-1
9879,4,2,1
9879,4,0,2
9879,4,2,2
9880,4,-2,-1
9880,4,2,1
9880,4,1,2
9880,4,2,2
9881,4,-2,-1
9881,4,-2,2
9881,4,-1,2
9881,4,0,2
9882,4,-2,-1
9882,4,-2,2
9882,4,-1,2
9882,4,1,2
9883,4,-2,-1
9883,4,-2,2
9883,4,-1,2
9883,4,2,2
9884,4,-2,-1
9884,4,-2,2
9884,4,0,2
9884,4,1,2
9885,4,-2,-1
9885,4,-2,2
9885,4,0,2
9885,4,2,2
9886,4,-2,-1
9886,4,-2,2
9886,4,1,2
9886,4,2,2
9887,4,-2,-1
9887,4,-1,2
9887,4,0,2
9887,4,1,2
9888,4,-2,-1
9888,4,-1,2
9888,4,0,2
9888,4,2,2
9889,4,-2,-1
9889,4,-1,2
9889,4,1,2
9889,4,2,2
9890,4,-2,-1
9890,4,0,2
9890,4,1,2
9890,4,2,2
9891,4,-1,-1
9891,4,0,-1
9891,4,1,-1
9891,4,2,-1
9892,4,-1,-1
9892,4,0,-1
9892,4,1,-1
9892,4,-2,0
9893,4,-1,-1
9893,4,0,-1
9893,4,1,-1
9893,4,-1,0
9894,4,-1,-1
9894,4,0,-1
9894,4,1,-1
9894,4,1,0
9895,4,-1,-1
9895,4,0,-1
9895,4,1,-1
9895,4,2,0
9896,4,-1,-1
9896,4,0,-1
9896,4,1,-1
9896,4,-2,1
9897,4,-1,-1
9897,4,0,-1
9897,4,1,-1
9897,4,-1,1
9898,4,-1,-1
9898,4,0,-1
9898,4,1,-1
9898,4,0,1
9899,4,-1,-1
9899,4,0,-1
9899,4,1,-1
9899,4,1,1
9900,4,-1,-1
9900,4,0,-1
9900,4,1,-1
9900,4,2,1
9901,4,-1,-1
9901,4,0,-1
9901,4,1,-1
9901,4,-2,2
9902,4,-1,-1
9902,4,0,-1
9902,4,1,-1
9902,4,-1,2
9903,4,-1,-1
9903,4,0,-1
9903,4,1,-1
9903,4,0,2
9904,4,-1,-1
9904,4,0,-1
9904,4,1,-1
9904,4,1,2
9905,4,-1,-1
9905,4,0,-1
9905,4,1,-1
9905,4,2,2
9906,4,-1,-1
9906,4,0,-1
9906,4,2,-1
9906,4,-2,0
9907,4,-1,-1
9907,4,0,-1
9907,4,2,-1
9907,4,-1,0
9908,4,-1,-1
9908,4,0,-1
9908,4,2,-1
9908,4,1,0
9909,4,-1,-1
9909,4,0,-1
9909,4,2,-1
9909,4,2,0
9910,4,-1,-1
9910,4,0,-1
9910,4,2,-1
9910,4,-2,1
9911,4,-1,-1
9911,4,0,-1
9911,4,2,-1
9911,4,-1,1
9912,4,-1,-1
9912,4,0,-1
9912,4,2,-1
9912,4,0,1
9913,4,-1,-1
9913,4,0,-1
9913,4,2,-1
9913,4,1,1
9914,4,-1,-1
9914,4,0,-1
9914,4,2,-1
9914,4,2,1
9915,4,-1,-1
9915,4,0,-1
9915,4,2,-1
9915,4,-2,2
9916,4,-1,-1
9916,4,0,-1
9916,4,2,-1
9916,4,-1,2
9917,4,-1,-1
9917,4,0,-1
9917,4,2,-1
9917,4,0,2
9918,4,-1,-1
9918,4,0,-1
9918,4,2,-1
9918,4,1,2
9919,4,-1,-1
9919,4,0,-1
9919,4,2,-1
9919,4,2,2
9920,4,-1,-1
9920,4,0,-1
9920,4,-2,0
9920,4,-1,0
9921,4,-1,-1
9921,4,0,-1
9921,4,-2,0
9921,4,1,0
9922,4,-1,-1
9922,4,0,-1
9922,4,-2,0
9922,4,2,0
9923,4,-1,-1
9923,4,0,-1
9923,4,-2,0
9923,4,-2,1
9924,4,-1,-1
9924,4,0,-1
9924,4,-2,0
9924,4,-1,1
9925,4,-1,-1
9925,4,0,-1
9925,4,-2,0
9925,4,0,1
9926,4,-1,-1
9926,4,0,-1
9926,4,-2,0
9926,4,1,1
9927,4,-1,-1
9927,4,0,-1
9927,4,-2,0
9927,4,2,1
9928,4,-1,-1
9928,4,0,-1
9928,4,-2,0
9928,4,-2,2
9929,4,-1,-1
9929,4,0,-1
9929,4,-2,0
9929,4,-1,2
9930,4,-1,-1
9930,4,0,-1
9930,4,-2,0
9930,4,0,2
9931,4,-1,-1
9931,4,0,-1
9931,4,-2,0
9931,4,1,2
9932,4,-1,-1
9932,4,0,-1
9932,4,-2,0
9932,4,2,2
9933,4,-1,-1
9933,4,0,-1
9933,4,-1,0
9933,4,1,0
9934,4,-1,-1
9934,4,0,-1
9934,4,-1,0
9934,4,2,0
9935,4,-1,-1
9935,4,0,-1
9935,4,-1,0
9935,4,-2,1
9936,4,-1,-1
9936,4,0,-1
9936,4,-1,0
9936,4,-1,1
9937,4,-1,-1
9937,4,0,-1
9937,4,-1,0
9937,4,0,1
9938,4,-1,-1
9938,4,0,-1
9938,4,-1,0
9938,4,1,1
9939,4,-1,-1
9939,4,0,-1
9939,4,-1,0
9939,4,2,1
9940,4,-1,-1
9940,4,0,-1
9940,4,-1,0
9940,4,-2,2
9941,4,-1,-1
9941,4,0,-1
9941,4,-1,0
9941,4,-1,2
9942,4,-1,-1
9942,4,0,-1
9942,4,-1,0
9942,4,0,2
9943,4,-1,-1
9943,4,0,-1
9943,4,-1,0
9943,4,1,2
9944,4,-1,-1
9944,4,0,-1
9944,4,-1,0
9944,4,2,2
9945,4,-1,-1
9945,4,0,-1
9945,4,1,0
9945,4,2,0
9946,4,-1,-1
9946,4,0,-1
9946,4,1,0
9946,4,-2,1
9947,4,-1,-1
9947,4,0,-1
9947,4,1,0
9947,4,-1,1
9948,4,-1,-1
9948,4,0,-1
9948,4,1,0
9948,4,0,1
9949,4,-1,-1
9949,4,0,-1
9949,4,1,0
9949,4,1,1
9950,4,-1,-1
9950,4,0,-1
9950,4,1,0
9950,4,2,1
9951,4,-1,-1
9951,4,0,-1
9951,4,1,0
9951,4,-2,2
9952,4,-1,-1
9952,4,0,-1
9952,4,1,0
9952,4,-1,2
9953,4,-1,-1
9953,4,0,-1
9953,4,1,0
9953,4,0,2
9954,4,-1,-1
9954,4,0,-1
9954,4,1,0
9954,4,1,2
9955,4,-1,-1
9955,4,0,-1
9955,4,1,0
9955,4,2,2
9956,4,-1,-1
9956,4,0,-1
9956,4,2,0
9956,4,-2,1
9957,4,-1,-1
9957,4,0,-1
9957,4,2,0
9957,4,-1,1
9958,4,-1,-1
9958,4,0,-1
9958,4,2,0
9958,4,0,1
9959,4,-1,-1
9959,4,0,-1
9959,4,2,0
9959,4,1,1
9960,4,-1,-1
9960,4,0,-1
9960,4,2,0
9960,4,2,1
9961,4,-1,-1
9961,4,0,-1
9961,4,2,0
9961,4,-2,2
9962,4,-1,-1
9962,4,0,-1
9962,4,2,0
9962,4,-1,2
9963,4,-1,-1
9963,4,0,-1
9963,4,2,0
9963,4,0,2
9964,4,-1,-1
9964,4,0,-1
9964,4,2,0
9964,4,1,2
9965,4,-1,-1
9965,4,0,-1
9965,4,2,0
9965,4,2,2
9966,4,-1,-1
9966,4,0,-1
9966,4,-2,1
9966,4,-1,1
9967,4,-1,-1
9967,4,0,-1
9967,4,-2,1
9967,4,0,1
9968,4,-1,-1
9968,4,0,-1
9968,4,-2,1
9968,4,1,1
9969,4,-1,-1
9969,4,0,-1
9969,4,-2,1
9969,4,2,1
9970,4,-1,-1
9970,4,0,-1
9970,4,-2,1
9970,4,-2,2
9971,4,-1,-1
9971,4,0,-1
9971,4,-2,1
9971,4,-1,2
9972,4,-1,-1
9972,4,0,-1
9972,4,-2,1
9972,4,0,2
9973,4,-1,-1
9973,4,0,-1
9973,4,-2,1
9973,4,1,2
9974,4,-1,-1
9974,4,0,-1
9974,4,-2,1
9974,4,2,2
9975,4,-1,-1
9975,4,0,-1
9975,4,-1,1
9975,4,0,1
9976,4,-1,-1
9976,4,0,-1
9976,4,-1,1
9976,4,1,1
9977,4,-1,-1
9977,4,0,-1
9977,4,-1,1
9977,4,2,1
9978,4,-1,-1
9978,4,0,-1
9978,4,-1,1
9978,4,-2,2
9979,4,-1,-1
9979,4,0,-1
9979,4,-1,1
9979,4,-1,2
9980,4,-1,-1
9980,4,0,-1
9980,4,-1,1
9980,4,0,2
9981,4,-1,-1
9981,4,0,-1
9981,4,-1,1
9981,4,1,2
9982,4,-1,-1
9982,4,0,-1
9982,4,-1,1
9982,4,2,2
9983,4,-1,-1
9983,4,0,-1
9983,4,0,1
9983,4,1,1
9984,4,-1,-1
9984,4,0,-1
9984,4,0,1
9984,4,2,1
9985,4,-1,-1
9985,4,0,-1
9985,4,0,1
9985,4,-2,2
9986,4,-1,-1
9986,4,0,-1
9986,4,0,1
9986,4,-1,2
9987,4,-1,-1
9987,4,0,-1
9987,4,0,1
9987,4,0,2
9988,4,-1,-1
9988,4,0,-1
9988,4,0,1
9988,4,1,2
9989,4,-1,-1
9989,4,0,-1
9989,4,0,1
9989,4,2,2
9990,4,-1,-1
9990,4,0,-1
9990,4,1,1
9990,4,2,1
9991,4,-1,-1
9991,4,0,-1
9991,4,1,1
9991,4,-2,2
9992,4,-1,-1
9992,4,0,-1
9992,4,1,1
9992,4,-1,2
9993,4,-1,-1
9993,4,0,-1
9993,4,1,1
9993,4,0,2
9994,4,-1,-1
9994,4,0,-1
9994,4,1,1
9994,4,1,2
9995,4,-1,-1
9995,4,0,-1
9995,4,1,1
9995,4,2,2
9996,4,-1,-1
9996,4,0,-1
9996,4,2,1
9996,4,-2,2
9997,4,-1,-1
9997,4,0,-1
9997,4,2,1
9997,4,-1,2
9998,4,-1,-1
9998,4,0,-1
9998,4,2,1
9998,4,0,2
9999,4,-1,-1
9999,4,0,-1
9999,4,2,1
9999,4,1,2
10000,4,-1,-1
10000,4,0,-1
10000,4,2,1
10000,4,2,2
10001,4,-1,-1
10001,4,0,-1
10001,4,-2,2
10001,4,-1,2
10002,4,-1,-1
10002,4,0,-1
10002,4,-2,2
10002,4,0,2
10003,4,-1,-1
10003,4,0,-1
10003,4,-2,2
10003,4,1,2
10004,4,-1,-1
10004,4,0,-1
10004,4,-2,2
10004,4,2,2
10005,4,-1,-1
10005,4,0,-1
10005,4,-1,2
10005,4,0,2
10006,4,-1,-1
10006,4,0,-1
10006,4,-1,2
10006,4,1,2
10007,4,-1,-1
10007,4,0,-1
10007,4,-1,2
10007,4,2,2
10008,4,-1,-1
10008,4,0,-1
10008,4,0,2
10008,4,1,2
10009,4,-1,-1
10009,4,0,-1
10009,4,0,2
10009,4,2,2
10010,4,-1,-1
10010,4,0,-1
10010,4,1,2
10010,4,2,2
10011,4,-1,-1
10011,4,1,-1
10011,4,2,-1
10011,4,-2,0
10012,4,-1,-1
10012,4,1,-1
10012,4,2,-1
10012,4,-1,0
10013,4,-1,-1
10013,4,1,-1
10013,4,2,-1
10013,4,1,0
10014,4,-1,-1
10014,4,1,-1
10014,4,2,-1
10014,4,2,0
10015,4,-1,-1
10015,4,1,-1
10015,4,2,-1
10015,4,-2,1
10016,4,-1,-1
10016,4,1,-1
10016,4,2,-1
10016,4,-1,1
10017,4,-1,-1
10017,4,1,-1
10017,4,2,-1
10017,4,0,1
10018,4,-1,-1
10018,4,1,-1
10018,4,2,-1
10018,4,1,1
10019,4,-1,-1
10019,4,1,-1
10019,4,2,-1
10019,4,2,1
10020,4,-1,-1
10020,4,1,-1
10020,4,2,-1
10020,4,-2,2
10021,4,-1,-1
10021,4,1,-1
10021,4,2,-1
10021,4,-1,2
10022,4,-1,-1
10022,4,1,-1
10022,4,2,-1
10022,4,0,2
10023,4,-1,-1
10023,4,1,-1
10023,4,2,-1
10023,4,1,2
10024,4,-1,-1
10024,4,1,-1
10024,4,2,-1
10024,4,2,2
10025,4,-1,-1
10025,4,1,-1
10025,4,-2,0
10025,4,-1,0
10026,4,-1,-1
10026,4,1,-1
10026,4,-2,0
10026,4,1,0
10027,4,-1,-1
10027,4,1,-1
10027,4,-2,0
10027,4,2,0
10028,4,-1,-1
10028,4,1,-1
10028,4,-2,0
10028,4,-2,1
10029,4,-1,-1
10029,4,1,-1
10029,4,-2,0
10029,4,-1,1
10030,4,-1,-1
10030,4,1,-1
10030,4,-2,0
10030,4,0,1
10031,4,-1,-1
10031,4,1,-1
10031,4,-2,0
10031,4,1,1
10032,4,-1,-1
10032,4,1,-1
10032,4,-2,0
10032,4,2,1
10033,4,-1,-1
10033,4,1,-1
10033,4,-2,0
10033,4,-2,2
10034,4,-1,-1
10034,4,1,-1
10034,4,-2,0
10034,4,-1,2
10035,4,-1,-1
10035,4,1,-1
10035,4,-2,0
10035,4,0,2
10036,4,-1,-1
10036,4,1,-1
10036,4,-2,0
10036,4,1,2
10037,4,-1,-1
10037,4,1,-1
10037,4,-2,0
10037,4,2,2
10038,4,-1,-1
10038,4,1,-1
10038,4,-1,0
10038,4,1,0
10039,4,-1,-1
10039,4,1,-1
10039,4,-1,0
10039,4,2,0
10040,4,-1,-1
10040,4,1,-1
10040,4,-1,0
10040,4,-2,1
10041,4,-1,-1
10041,4,1,-1
10041,4,-1,0
10041,4,-1,1
10042,4,-1,-1
10042,4,1,-1
10042,4,-1,0
10042,4,0,1
10043,4,-1,-1
10043,4,1,-1
10043,4,-1,0
10043,4,1,1
10044,4,-1,-1
10044,4,1,-1
10044,4,-1,0
10044,4,2,1
10045,4,-1,-1
10045,4,1,-1
10045,4,-1,0
10045,4,-2,2
10046,4,-1,-1
10046,4,1,-1
10046,4,-1,0
10046,4,-1,2
10047,4,-1,-1
10047,4,1,-1
10047,4,-1,0
10047,4,0,2
10048,4,-1,-1
10048,4,1,-1
10048,4,-1,0
10048,4,1,2
10049,4,-1,-1
10049,4,1,-1
10049,4,-1,0
10049,4,2,2
10050,4,-1,-1
10050,4,1,-1
10050,4,1,0
10050,4,2,0
10051,4,-1,-1
10051,4,1,-1
10051,4,1,0
10051,4,-2,1
10052,4,-1,-1
10052,4,1,-1
10052,4,1,0
10052,4,-1,1
10053,4,-1,-1
10053,4,1,-1
10053,4,1,0
10053,4,0,1
10054,4,-1,-1
10054,4,1,-1
10054,4,1,0
10054,4,1,1
10055,4,-1,-1
10055,4,1,-1
10055,4,1,0
10055,4,2,1
10056,4,-1,-1
10056,4,1,-1
10056,4,1,0
10056,4,-2,2
10057,4,-1,-1
10057,4,1,-1
10057,4,1,0
10057,4,-1,2
10058,4,-1,-1
10058,4,1,-1
10058,4,1,0
10058,4,0,2
10059,4,-1,-1
10059,4,1,-1
10059,4,1,0
10059,4,1,2
10060,4,-1,-1
10060,4,1,-1
10060,4,1,0
10060,4,2,2
10061,4,-1,-1
10061,4,1,-1
10061,4,2,0
10061,4,-2,1
10062,4,-1,-1
10062,4,1,-1
10062,4,2,0
10062,4,-1,1
10063,4,-1,-1
10063,4,1,-1
10063,4,2,0
10063,4,0,1
10064,4,-1,-1
10064,4,1,-1
10064,4,2,0
10064,4,1,1
10065,4,-1,-1
10065,4,1,-1
10065,4,2,0
10065,4,2,1
10066,4,-1,-1
10066,4,1,-1
10066,4,2,0
10066,4,-2,2
10067,4,-1,-1
10067,4,1,-1
10067,4,2,0
10067,4,-1,2
10068,4,-1,-1
10068,4,1,-1
10068,4,2,0
10068,4,0,2
10069,4,-1,-1
10069,4,1,-1
10069,4,2,0
10069,4,1,2
10070,4,-1,-1
10070,4,1,-1
10070,4,2,0
10070,4,2,2
10071,4,-1,-1
10071,4,1,-1
10071,4,-2,1
10071,4,-1,1
10072,4,-1,-1
10072,4,1,-1
10072,4,-2,1
10072,4,0,1
10073,4,-1,-1
10073,4,1,-1
10073,4,-2,1
10073,4,1,1
10074,4,-1,-1
10074,4,1,-1
10074,4,-2,1
10074,4,2,1
10075,4,-1,-1
10075,4,1,-1
10075,4,-2,1
10075,4,-2,2
10076,4,-1,-1
10076,4,1,-1
10076,4,-2,1
10076,4,-1,2
10077,4,-1,-1
10077,4,1,-1
10077,4,-2,1
10077,4,0,2
10078,4,-1,-1
10078,4,1,-1
10078,4,-2,1
10078,4,1,2
10079,4,-1,-1
10079,4,1,-1
10079,4,-2,1
10079,4,2,2
10080,4,-1,-1
10080,4,1,-1
10080,4,-1,1
10080,4,0,1
10081,4,-1,-1
10081,4,1,-1
10081,4,-1,1
10081,4,1,1
10082,4,-1,-1
10082,4,1,-1
10082,4,-1,1
10082,4,2,1
10083,4,-1,-1
10083,4,1,-1
10083,4,-1,1
10083,4,-2,2
10084,4,-1,-1
10084,4,1,-1
10084,4,-1,1
10084,4,-1,2
10085,4,-1,-1
10085,4,1,-1
10085,4,-1,1
10085,4,0,2
10086,4,-1,-1
10086,4,1,-1
10086,4,-1,1
10086,4,1,2
10087,4,-1,-1
10087,4,1,-1
10087,4,-1,1
10087,4,2,2
10088,4,-1,-1
10088,4,1,-1
10088,4,0,1
10088,4,1,1
10089,4,-1,-1
10089,4,1,-1
10089,4,0,1
10089,4,2,1
10090,4,-1,-1
10090,4,1,-1
10090,4,0,1
10090,4,-2,2
10091,4,-1,-1
10091,4,1,-1
10091,4,0,1
10091,4,-1,2
10092,4,-1,-1
10092,4,1,-1
10092,4,0,1
10092,4,0,2
10093,4,-1,-1
10093,4,1,-1
10093,4,0,1
10093,4,1,2
10094,4,-1,-1
10094,4,1,-1
10094,4,0,1
10094,4,2,2
10095,4,-1,-1
10095,4,1,-1
10095,4,1,1
10095,4,2,1
10096,4,-1,-1
10096,4,1,-1
10096,4,1,1
10096,4,-2,2
10097,4,-1,-1
10097,4,1,-1
10097,4,1,1
10097,4,-1,2
10098,4,-1,-1
10098,4,1,-1
10098,4,1,1
10098,4,0,2
10099,4,-1,-1
10099,4,1,-1
10099,4,1,1
10099,4,1,2
10100,4,-1,-1
10100,4,1,-1
10100,4,1,1
10100,4,2,2
10101,4,-1,-1
10101,4,1,-1
10101,4,2,1
10101,4,-2,2
10102,4,-1,-1
10102,4,1,-1
10102,4,2,1
10102,4,-1,2
10103,4,-1,-1
10103,4,1,-1
10103,4,2,1
10103,4,0,2
10104,4,-1,-1
10104,4,1,-1
10104,4,2,1
10104,4,1,2
10105,4,-1,-1
10105,4,1,-1
10105,4,2,1
10105,4,2,2
10106,4,-1,-1
10106,4,1,-1
10106,4,-2,2
10106,4,-1,2
10107,4,-1,-1
10107,4,1,-1
10107,4,-2,2
10107,4,0,2
10108,4,-1,-1
10108,4,1,-1
10108,4,-2,2
10108,4,1,2
10109,4,-1,-1
10109,4,1,-1
10109,4,-2,2
10109,4,2,2
10110,4,-1,-1
10110,4,1,-1
10110,4,-1,2
10110,4,0,2
10111,4,-1,-1
10111,4,1,-1
10111,4,-1,2
10111,4,1,2
10112,4,-1,-1
10112,4,1,-1
10112,4,-1,2
10112,4,2,2
10113,4,-1,-1
10113,4,1,-1
10113,4,0,2
10113,4,1,2
10114,4,-1,-1
10114,4,1,-1
10114,4,0,2
10114,4,2,2
10115,4,-1,-1
10115,4,1,-1
10115,4,1,2
10115,4,2,2
10116,4,-1,-1
10116,4,2,-1
10116,4,-2,0
10116,4,-1,0
10117,4,-1,-1
10117,4,2,-1
10117,4,-2,0
10117,4,1,0
10118,4,-1,-1
10118,4,2,-1
10118,4,-2,0
10118,4,2,0
10119,4,-1,-1
10119,4,2,-1
10119,4,-2,0
10119,4,-2,1
10120,4,-1,-1
10120,4,2,-1
10120,4,-2,0
10120,4,-1,1
10121,4,-1,-1
10121,4,2,-1
10121,4,-2,0
10121,4,0,1
10122,4,-1,-1
10122,4,2,-1
10122,4,-2,0
10122,4,1,1
10123,4,-1,-1
10123,4,2,-1
10123,4,-2,0
10123,4,2,1
10124,4,-1,-1
10124,4,2,-1
10124,4,-2,0
10124,4,-2,2
10125,4,-1,-1
10125,4,2,-1
10125,4,-2,0
10125,4,-1,2
10126,4,-1,-1
10126,4,2,-1
10126,4,-2,0
10126,4,0,2
10127,4,-1,-1
10127,4,2,-1
10127,4,-2,0
10127,4,1,2
10128,4,-1,-1
10128,4,2,-1
10128,4,-2,0
10128,4,2,2
10129,4,-1,-1
10129,4,2,-1
10129,4,-1,0
10129,4,1,0
10130,4,-1,-1
10130,4,2,-1
10130,4,-1,0
10130,4,2,0
10131,4,-1,-1
10131,4,2,-1
10131,4,-1,0
10131,4,-2,1
10132,4,-1,-1
10132,4,2,-1
10132,4,-1,0
10132,4,-1,1
10133,4,-1,-1
10133,4,2,-1
10133,4,-1,0
10133,4,0,1
10134,4,-1,-1
10134,4,2,-1
10134,4,-1,0
10134,4,1,1
10135,4,-1,-1
10135,4,2,-1
10135,4,-1,0
10135,4,2,1
10136,4,-1,-1
10136,4,2,-1
10136,4,-1,0
10136,4,-2,2
10137,4,-1,-1
10137,4,2,-1
10137,4,-1,0
10137,4,-1,2
10138,4,-1,-1
10138,4,2,-1
10138,4,-1,0
10138,4,0,2
10139,4,-1,-1
10139,4,2,-1
10139,4,-1,0
10139,4,1,2
10140,4,-1,-1
10140,4,2,-1
10140,4,-1,0
10140,4,2,2
10141,4,-1,-1
10141,4,2,-1
10141,4,1,0
10141,4,2,0
10142,4,-1,-1
10142,4,2,-1
10142,4,1,0
10142,4,-2,1
10143,4,-1,-1
10143,4,2,-1
10143,4,1,0
10143,4,-1,1
10144,4,-1,-1
10144,4,2,-1
10144,4,1,0
10144,4,0,1
10145,4,-1,-1
10145,4,2,-1
10145,4,1,0
10145,4,1,1
10146,4,-1,-1
10146,4,2,-1
10146,4,1,0
10146,4,2,1
10147,4,-1,-1
10147,4,2,-1
10147,4,1,0
10147,4,-2,2
10148,4,-1,-1
10148,4,2,-1
10148,4,1,0
10148,4,-1,2
10149,4,-1,-1
10149,4,2,-1
10149,4,1,0
10149,4,0,2
10150,4,-1,-1
10150,4,2,-1
10150,4,1,0
10150,4,1,2
10151,4,-1,-1
10151,4,2,-1
10151,4,1,0
10151,4,2,2
10152,4,-1,-1
10152,4,2,-1
10152,4,2,0
10152,4,-2,1
10153,4,-1,-1
10153,4,2,-1
10153,4,2,0
10153,4,-1,1
10154,4,-1,-1
10154,4,2,-1
10154,4,2,0
10154,4,0,1
10155,4,-1,-1
10155,4,2,-1
10155,4,2,0
10155,4,1,1
10156,4,-1,-1
10156,4,2,-1
10156,4,2,0
10156,4,2,1
10157,4,-1,-1
10157,4,2,-1
10157,4,2,0
10157,4,-2,2
10158,4,-1,-1
10158,4,2,-1
10158,4,2,0
10158,4,-1,2
10159,4,-1,-1
10159,4,2,-1
10159,4,2,0
10159,4,0,2
10160,4,-1,-1
10160,4,2,-1
10160,4,2,0
10160,4,1,2
10161,4,-1,-1
10161,4,2,-1
10161,4,2,0
10161,4,2,2
10162,4,-1,-1
10162,4,2,-1
10162,4,-2,1
10162,4,-1,1
10163,4,-1,-1
10163,4,2,-1
10163,4,-2,1
10163,4,0,1
10164,4,-1,-1
10164,4,2,-1
10164,4,-2,1
10164,4,1,1
10165,4,-1,-1
10165,4,2,-1
10165,4,-2,1
10165,4,2,1
10166,4,-1,-1
10166,4,2,-1
10166,4,-2,1
10166,4,-2,2
10167,4,-1,-1
10167,4,2,-1
10167,4,-2,1
10167,4,-1,2
10168,4,-1,-1
10168,4,2,-1
10168,4,-2,1
10168,4,0,2
10169,4,-1,-1
10169,4,2,-1
10169,4,-2,1
10169,4,1,2
10170,4,-1,-1
10170,4,2,-1
10170,4,-2,1
10170,4,2,2
10171,4,-1,-1
10171,4,2,-1
10171,4,-1,1
10171,4,0,1
10172,4,-1,-1
10172,4,2,-1
10172,4,-1,1
10172,4,1,1
10173,4,-1,-1
10173,4,2,-1
10173,4,-1,1
10173,4,2,1
10174,4,-1,-1
10174,4,2,-1
10174,4,-1,1
10174,4,-2,2
10175,4,-1,-1
10175,4,2,-1
10175,4,-1,1
10175,4,-1,2
10176,4,-1,-1
10176,4,2,-1
10176,4,-1,1
10176,4,0,2
10177,4,-1,-1
10177,4,2,-1
10177,4,-1,1
10177,4,1,2
10178,4,-1,-1
10178,4,2,-1
10178,4,-1,1
10178,4,2,2
10179,4,-1,-1
10179,4,2,-1
10179,4,0,1
10179,4,1,1
10180,4,-1,-1
10180,4,2,-1
10180,4,0,1
10180,4,2,1
10181,4,-1,-1
10181,4,2,-1
10181,4,0,1
10181,4,-2,2
10182,4,-1,-1
10182,4,2,-1
10182,4,0,1
10182,4,-1,2
10183,4,-1,-1
10183,4,2,-1
10183,4,0,1
10183,4,0,2
10184,4,-1,-1
10184,4,2,-1
10184,4,0,1
10184,4,1,2
10185,4,-1,-1
10185,4,2,-1
10185,4,0,1
10185,4,2,2
10186,4,-1,-1
10186,4,2,-1
10186,4,1,1
10186,4,2,1
10187,4,-1,-1
10187,4,2,-1
10187,4,1,1
10187,4,-2,2
10188,4,-1,-1
10188,4,2,-1
10188,4,1,1
10188,4,-1,2
10189,4,-1,-1
10189,4,2,-1
10189,4,1,1
10189,4,0,2
10190,4,-1,-1
10190,4,2,-1
10190,4,1,1
10190,4,1,2
10191,4,-1,-1
10191,4,2,-1
10191,4,1,1
10191,4,2,2
10192,4,-1,-1
10192,4,2,-1
10192,4,2,1
10192,4,-2,2
10193,4,-1,-1
10193,4,2,-1
10193,4,2,1
10193,4,-1,2
10194,4,-1,-1
10194,4,2,-1
10194,4,2,1
10194,4,0,2
10195,4,-1,-1
10195,4,2,-1
10195,4,2,1
10195,4,1,2
10196,4,-1,-1
10196,4,2,-1
10196,4,2,1
10196,4,2,2
10197,4,-1,-1
10197,4,2,-1
10197,4,-2,2
10197,4,-1,2
10198,4,-1,-1
10198,4,2,-1
10198,4,-2,2
10198,4,0,2
10199,4,-1,-1
10199,4,2,-1
10199,4,-2,2
10199,4,1,2
10200,4,-1,-1
10200,4,2,-1
10200,4,-2,2
10200,4,2,2
10201,4,-1,-1
10201,4,2,-1
10201,4,-1,2
10201,4,0,2
10202,4,-1,-1
10202,4,2,-1
10202,4,-1,2
10202,4,1,2
10203,4,-1,-1
10203,4,2,-1
10203,4,-1,2
10203,4,2,2
10204,4,-1,-1
10204,4,2,-1
10204,4,0,2
10204,4,1,2
10205,4,-1,-1
10205,4,2,-1
10205,4,0,2
10205,4,2,2
10206,4,-1,-1
10206,4,2,-1
10206,4,1,2
10206,4,2,2
10207,4,-1,-1
10207,4,-2,0
10207,4,-1,0
10207,4,1,0
10208,4,-1,-1
10208,4,-2,0
10208,4,-1,0
10208,4,2,0
10209,4,-1,-1
10209,4,-2,0
10209,4,-1,0
10209,4,-2,1
10210,4,-1,-1
10210,4,-2,0
10210,4,-1,0
10210,4,-1,1
10211,4,-1,-1
10211,4,-2,0
10211,4,-1,0
10211,4,0,1
10212,4,-1,-1
10212,4,-2,0
10212,4,-1,0
10212,4,1,1
10213,4,-1,-1
10213,4,-2,0
10213,4,-1,0
10213,4,2,1
10214,4,-1,-1
10214,4,-2,0
10214,4,-1,0
10214,4,-2,2
10215,4,-1,-1
10215,4,-2,0
10215,4,-1,0
10215,4,-1,2
10216,4,-1,-1
10216,4,-2,0
10216,4,-1,0
10216,4,0,2
10217,4,-1,-1
10217,4,-2,0
10217,4,-1,0
10217,4,1,2
10218,4,-1,-1
10218,4,-2,0
10218,4,-1,0
10218,4,2,2
10219,4,-1,-1
10219,4,-2,0
10219,4,1,0
10219,4,2,0
10220,4,-1,-1
10220,4,-2,0
10220,4,1,0
10220,4,-2,1
10221,4,-1,-1
10221,4,-2,0
10221,4,1,0
10221,4,-1,1
10222,4,-1,-1
10222,4,-2,0
10222,4,1,0
10222,4,0,1
10223,4,-1,-1
10223,4,-2,0
10223,4,1,0
10223,4,1,1
10224,4,-1,-1
10224,4,-2,0
10224,4,1,0
10224,4,2,1
10225,4,-1,-1
10225,4,-2,0
10225,4,1,0
10225,4,-2,2
10226,4,-1,-1
10226,4,-2,0
10226,4,1,0
10226,4,-1,2
10227,4,-1,-1
10227,4,-2,0
10227,4,1,0
10227,4,0,2
10228,4,-1,-1
10228,4,-2,0
10228,4,1,0
10228,4,1,2
10229,4,-1,-1
10229,4,-2,0
10229,4,1,0
10229,4,2,2
10230,4,-1,-1
10230,4,-2,0
10230,4,2,0
10230,4,-2,1
10231,4,-1,-1
10231,4,-2,0
10231,4,2,0
10231,4,-1,1
10232,4,-1,-1
10232,4,-2,0
10232,4,2,0
10232,4,0,1
10233,4,-1,-1
10233,4,-2,0
10233,4,2,0
10233,4,1,1
10234,4,-1,-1
10234,4,-2,0
10234,4,2,0
10234,4,2,1
10235,4,-1,-1
10235,4,-2,0
10235,4,2,0
10235,4,-2,2
10236,4,-1,-1
10236,4,-2,0
10236,4,2,0
10236,4,-1,2
10237,4,-1,-1
10237,4,-2,0
10237,4,2,0
10237,4,0,2
10238,4,-1,-1
10238,4,-2,0
10238,4,2,0
10238,4,1,2
10239,4,-1,-1
10239,4,-2,0
10239,4,2,0
10239,4,2,2
10240,4,-1,-1
10240,4,-2,0
10240,4,-2,1
10240,4,-1,1
10241,4,-1,-1
10241,4,-2,0
10241,4,-2,1
10241,4,0,1
10242,4,-1,-1
10242,4,-2,0
10242,4,-2,1
10242,4,1,1
10243,4,-1,-1
10243,4,-2,0
10243,4,-2,1
10243,4,2,1
10244,4,-1,-1
10244,4,-2,0
10244,4,-2,1
10244,4,-2,2
10245,4,-1,-1
10245,4,-2,0
10245,4,-2,1
10245,4,-1,2
10246,4,-1,-1
10246,4,-2,0
10246,4,-2,1
10246,4,0,2
10247,4,-1,-1
10247,4,-2,0
10247,4,-2,1
10247,4,1,2
10248,4,-1,-1
10248,4,-2,0
10248,4,-2,1
10248,4,2,2
10249,4,-1,-1
10249,4,-2,0
10249,4,-1,1
10249,4,0,1
10250,4,-1,-1
10250,4,-2,0
10250,4,-1,1
10250,4,1,1
10251,4,-1,-1
10251,4,-2,0
10251,4,-1,1
10251,4,2,1
10252,4,-1,-1
10252,4,-2,0
10252,4,-1,1
10252,4,-2,2
10253,4,-1,-1
10253,4,-2,0
10253,4,-1,1
10253,4,-1,2
10254,4,-1,-1
10254,4,-2,0
10254,4,-1,1
10254,4,0,2
10255,4,-1,-1
10255,4,-2,0
10255,4,-1,1
10255,4,1,2
10256,4,-1,-1
10256,4,-2,0
10256,4,-1,1
10256,4,2,2
10257,4,-1,-1
10257,4,-2,0
10257,4,0,1
10257,4,1,1
10258,4,-1,-1
10258,4,-2,0
10258,4,0,1
10258,4,2,1
10259,4,-1,-1
10259,4,-2,0
10259,4,0,1
10259,4,-2,2
10260,4,-1,-1
10260,4,-2,0
10260,4,0,1
10260,4,-1,2
10261,4,-1,-1
10261,4,-2,0
10261,4,0,1
10261,4,0,2
10262,4,-1,-1
10262,4,-2,0
10262,4,0,1
10262,4,1,2
10263,4,-1,-1
10263,4,-2,0
10263,4,0,1
10263,4,2,2
10264,4,-1,-1
10264,4,-2,0
10264,4,1,1
10264,4,2,1
10265,4,-1,-1
10265,4,-2,0
10265,4,1,1
10265,4,-2,2
10266,4,-1,-1
10266,4,-2,0
10266,4,1,1
10266,4,-1,2
10267,4,-1,-1
10267,4,-2,0
10267,4,1,1
10267,4,0,2
10268,4,-1,-1
10268,4,-2,0
10268,4,1,1
10268,4,1,2
10269,4,-1,-1
10269,4,-2,0
10269,4,1,1
10269,4,2,2
10270,4,-1,-1
10270,4,-2,0
10270,4,2,1
10270,4,-2,2
10271,4,-1,-1
10271,4,-2,0
10271,4,2,1
10271,4,-1,2
10272,4,-1,-1
10272,4,-2,0
10272,4,2,1
10272,4,0,2
10273,4,-1,-1
10273,4,-2,0
10273,4,2,1
10273,4,1,2
10274,4,-1,-1
10274,4,-2,0
10274,4,2,1
10274,4,2,2
10275,4,-1,-1
10275,4,-2,0
10275,4,-2,2
10275,4,-1,2
10276,4,-1,-1
10276,4,-2,0
10276,4,-2,2
10276,4,0,2
10277,4,-1,-1
10277,4,-2,0
10277,4,-2,2
10277,4,1,2
10278,4,-1,-1
10278,4,-2,0
10278,4,-2,2
10278,4,2,2
10279,4,-1,-1
10279,4,-2,0
10279,4,-1,2
10279,4,0,2
10280,4,-1,-1
10280,4,-2,0
10280,4,-1,2
10280,4,1,2
10281,4,-1,-1
10281,4,-2,0
10281,4,-1,2
10281,4,2,2
10282,4,-1,-1
10282,4,-2,0
10282,4,0,2
10282,4,1,2
10283,4,-1,-1
10283,4,-2,0
10283,4,0,2
10283,4,2,2
10284,4,-1,-1
10284,4,-2,0
10284,4,1,2
10284,4,2,2
10285,4,-1,-1
10285,4,-1,0
10285,4,1,0
10285,4,2,0
10286,4,-1,-1
10286,4,-1,0
10286,4,1,0
10286,4,-2,1
10287,4,-1,-1
10287,4,-1,0
10287,4,1,0
10287,4,-1,1
10288,4,-1,-1
10288,4,-1,0
10288,4,1,0
10288,4,0,1
10289,4,-1,-1
10289,4,-1,0
10289,4,1,0
10289,4,1,1
10290,4,-1,-1
10290,4,-1,0
10290,4,1,0
10290,4,2,1
10291,4,-1,-1
10291,4,-1,0
10291,4,1,0
10291,4,-2,2
10292,4,-1,-1
10292,4,-1,0
10292,4,1,0
10292,4,-1,2
10293,4,-1,-1
10293,4,-1,0
10293,4,1,0
10293,4,0,2
10294,4,-1,-1
10294,4,-1,0
10294,4,1,0
10294,4,1,2
10295,4,-1,-1
10295,4,-1,0
10295,4,1,0
10295,4,2,2
10296,4,-1,-1
10296,4,-1,0
10296,4,2,0
10296,4,-2,1
10297,4,-1,-1
10297,4,-1,0
10297,4,2,0
10297,4,-1,1
10298,4,-1,-1
10298,4,-1,0
10298,4,2,0
10298,4,0,1
10299,4,-1,-1
10299,4,-1,0
10299,4,2,0
10299,4,1,1
10300,4,-1,-1
10300,4,-1,0
10300,4,2,0
10300,4,2,1
10301,4,-1,-1
10301,4,-1,0
10301,4,2,0
10301,4,-2,2
10302,4,-1,-1
10302,4,-1,0
10302,4,2,0
10302,4,-1,2
10303,4,-1,-1
10303,4,-1,0
10303,4,2,0
10303,4,0,2
10304,4,-1,-1
10304,4,-1,0
10304,4,2,0
10304,4,1,2
10305,4,-1,-1
10305,4,-1,0
10305,4,2,0
10305,4,2,2
10306,4,-1,-1
10306,4,-1,0
10306,4,-2,1
10306,4,-1,1
10307,4,-1,-1
10307,4,-1,0
10307,4,-2,1
10307,4,0,1
10308,4,-1,-1
10308,4,-1,0
10308,4,-2,1
10308,4,1,1
10309,4,-1,-1
10309,4,-1,0
10309,4,-2,1
10309,4,2,1
10310,4,-1,-1
10310,4,-1,0
10310,4,-2,1
10310,4,-2,2
10311,4,-1,-1
10311,4,-1,0
10311,4,-2,1
10311,4,-1,2
10312,4,-1,-1
10312,4,-1,0
10312,4,-2,1
10312,4,0,2
10313,4,-1,-1
10313,4,-1,0
10313,4,-2,1
10313,4,1,2
10314,4,-1,-1
10314,4,-1,0
10314,4,-2,1
10314,4,2,2
10315,4,-1,-1
10315,4,-1,0
10315,4,-1,1
10315,4,0,1
10316,4,-1,-1
10316,4,-1,0
10316,4,-1,1
10316,4,1,1
10317,4,-1,-1
10317,4,-1,0
10317,4,-1,1
10317,4,2,1
10318,4,-1,-1
10318,4,-1,0
10318,4,-1,1
10318,4,-2,2
10319,4,-1,-1
10319,4,-1,0
10319,4,-1,1
10319,4,-1,2
10320,4,-1,-1
10320,4,-1,0
10320,4,-1,1
10320,4,0,2
10321,4,-1,-1
10321,4,-1,0
10321,4,-1,1
10321,4,1,2
10322,4,-1,-1
10322,4,-1,0
10322,4,-1,1
10322,4,2,2
10323,4,-1,-1
10323,4,-1,0
10323,4,0,1
10323,4,1,1
10324,4,-1,-1
10324,4,-1,0
10324,4,0,1
10324,4,2,1
10325,4,-1,-1
10325,4,-1,0
10325,4,0,1
10325,4,-2,2
10326,4,-1,-1
10326,4,-1,0
10326,4,0,1
10326,4,-1,2
10327,4,-1,-1
10327,4,-1,0
10327,4,0,1
10327,4,0,2
10328,4,-1,-1
10328,4,-1,0
10328,4,0,1
10328,4,1,2
10329,4,-1,-1
10329,4,-1,0
10329,4,0,1
10329,4,2,2
10330,4,-1,-1
10330,4,-1,0
10330,4,1,1
10330,4,2,1
10331,4,-1,-1
10331,4,-1,0
10331,4,1,1
10331,4,-2,2
10332,4,-1,-1
10332,4,-1,0
10332,4,1,1
10332,4,-1,2
10333,4,-1,-1
10333,4,-1,0
10333,4,1,1
10333,4,0,2
10334,4,-1,-1
10334,4,-1,0
10334,4,1,1
10334,4,1,2
10335,4,-1,-1
10335,4,-1,0
10335,4,1,1
10335,4,2,2
10336,4,-1,-1
10336,4,-1,0
10336,4,2,1
10336,4,-2,2
10337,4,-1,-1
10337,4,-1,0
10337,4,2,1
10337,4,-1,2
10338,4,-1,-1
10338,4,-1,0
10338,4,2,1
10338,4,0,2
10339,4,-1,-1
10339,4,-1,0
10339,4,2,1
10339,4,1,2
10340,4,-1,-1
10340,4,-1,0
10340,4,2,1
10340,4,2,2
10341,4,-1,-1
10341,4,-1,0
10341,4,-2,2
10341,4,-1,2
10342,4,-1,-1
10342,4,-1,0
10342,4,-2,2
10342,4,0,2
10343,4,-1,-1
10343,4,-1,0
10343,4,-2,2
10343,4,1,2
10344,4,-1,-1
10344,4,-1,0
10344,4,-2,2
10344,4,2,2
10345,4,-1,-1
10345,4,-1,0
10345,4,-1,2
10345,4,0,2
10346,4,-1,-1
10346,4,-1,0
10346,4,-1,2
10346,4,1,2
10347,4,-1,-1
10347,4,-1,0
10347,4,-1,2
10347,4,2,2
10348,4,-1,-1
10348,4,-1,0
10348,4,0,2
10348,4,1,2
10349,4,-1,-1
10349,4,-1,0
10349,4,0,2
10349,4,2,2
10350,4,-1,-1
10350,4,-1,0
10350,4,1,2
10350,4,2,2
10351,4,-1,-1
10351,4,1,0
10351,4,2,0
10351,4,-2,1
10352,4,-1,-1
10352,4,1,0
10352,4,2,0
10352,4,-1,1
10353,4,-1,-1
10353,4,1,0
10353,4,2,0
10353,4,0,1
10354,4,-1,-1
10354,4,1,0
10354,4,2,0
10354,4,1,1
10355,4,-1,-1
10355,4,1,0
10355,4,2,0
10355,4,2,1
10356,4,-1,-1
10356,4,1,0
10356,4,2,0
10356,4,-2,2
10357,4,-1,-1
10357,4,1,0
10357,4,2,0
10357,4,-1,2
10358,4,-1,-1
10358,4,1,0
10358,4,2,0
10358,4,0,2
10359,4,-1,-1
10359,4,1,0
10359,4,2,0
10359,4,1,2
10360,4,-1,-1
10360,4,1,0
10360,4,2,0
10360,4,2,2
10361,4,-1,-1
10361,4,1,0
10361,4,-2,1
10361,4,-1,1
10362,4,-1,-1
10362,4,1,0
10362,4,-2,1
10362,4,0,1
10363,4,-1,-1
10363,4,1,0
10363,4,-2,1
10363,4,1,1
10364,4,-1,-1
10364,4,1,0
10364,4,-2,1
10364,4,2,1
10365,4,-1,-1
10365,4,1,0
10365,4,-2,1
10365,4,-2,2
10366,4,-1,-1
10366,4,1,0
10366,4,-2,1
10366,4,-1,2
10367,4,-1,-1
10367,4,1,0
10367,4,-2,1
10367,4,0,2
10368,4,-1,-1
10368,4,1,0
10368,4,-2,1
10368,4,1,2
10369,4,-1,-1
10369,4,1,0
10369,4,-2,1
10369,4,2,2
10370,4,-1,-1
10370,4,1,0
10370,4,-1,1
10370,4,0,1
10371,4,-1,-1
10371,4,1,0
10371,4,-1,1
10371,4,1,1
10372,4,-1,-1
10372,4,1,0
10372,4,-1,1
10372,4,2,1
10373,4,-1,-1
10373,4,1,0
10373,4,-1,1
10373,4,-2,2
10374,4,-1,-1
10374,4,1,0
10374,4,-1,1
10374,4,-1,2
10375,4,-1,-1
10375,4,1,0
10375,4,-1,1
10375,4,0,2
10376,4,-1,-1
10376,4,1,0
10376,4,-1,1
10376,4,1,2
10377,4,-1,-1
10377,4,1,0
10377,4,-1,1
10377,4,2,2
10378,4,-1,-1
10378,4,1,0
10378,4,0,1
10378,4,1,1
10379,4,-1,-1
10379,4,1,0
10379,4,0,1
10379,4,2,1
10380,4,-1,-1
10380,4,1,0
10380,4,0,1
10380,4,-2,2
10381,4,-1,-1
10381,4,1,0
10381,4,0,1
10381,4,-1,2
10382,4,-1,-1
10382,4,1,0
10382,4,0,1
10382,4,0,2
10383,4,-1,-1
10383,4,1,0
10383,4,0,1
10383,4,1,2
10384,4,-1,-1
10384,4,1,0
10384,4,0,1
10384,4,2,2
10385,4,-1,-1
10385,4,1,0
10385,4,1,1
10385,4,2,1
10386,4,-1,-1
10386,4,1,0
10386,4,1,1
10386,4,-2,2
10387,4,-1,-1
10387,4,1,0
10387,4,1,1
10387,4,-1,2
10388,4,-1,-1
10388,4,1,0
10388,4,1,1
10388,4,0,2
10389,4,-1,-1
10389,4,1,0
10389,4,1,1
10389,4,1,2
10390,4,-1,-1
10390,4,1,0
10390,4,1,1
10390,4,2,2
10391,4,-1,-1
10391,4,1,0
10391,4,2,1
10391,4,-2,2
10392,4,-1,-1
10392,4,1,0
10392,4,2,1
10392,4,-1,2
10393,4,-1,-1
10393,4,1,0
10393,4,2,1
10393,4,0,2
10394,4,-1,-1
10394,4,1,0
10394,4,2,1
10394,4,1,2
10395,4,-1,-1
10395,4,1,0
10395,4,2,1
10395,4,2,2
10396,4,-1,-1
10396,4,1,0
10396,4,-2,2
10396,4,-1,2
10397,4,-1,-1
10397,4,1,0
10397,4,-2,2
10397,4,0,2
10398,4,-1,-1
10398,4,1,0
10398,4,-2,2
10398,4,1,2
10399,4,-1,-1
10399,4,1,0
10399,4,-2,2
10399,4,2,2
10400,4,-1,-1
10400,4,1,0
10400,4,-1,2
10400,4,0,2
10401,4,-1,-1
10401,4,1,0
10401,4,-1,2
10401,4,1,2
10402,4,-1,-1
10402,4,1,0
10402,4,-1,2
10402,4,2,2
10403,4,-1,-1
10403,4,1,0
10403,4,0,2
10403,4,1,2
10404,4,-1,-1
10404,4,1,0
10404,4,0,2
10404,4,2,2
10405,4,-1,-1
10405,4,1,0
10405,4,1,2
10405,4,2,2
10406,4,-1,-1
10406,4,2,0
10406,4,-2,1
10406,4,-1,1
10407,4,-1,-1
10407,4,2,0
10407,4,-2,1
10407,4,0,1
10408,4,-1,-1
10408,4,2,0
10408,4,-2,1
10408,4,1,1
10409,4,-1,-1
10409,4,2,0
10409,4,-2,1
10409,4,2,1
10410,4,-1,-1
10410,4,2,0
10410,4,-2,1
10410,4,-2,2
10411,4,-1,-1
10411,4,2,0
10411,4,-2,1
10411,4,-1,2
10412,4,-1,-1
10412,4,2,0
10412,4,-2,1
10412,4,0,2
10413,4,-1,-1
10413,4,2,0
10413,4,-2,1
10413,4,1,2
10414,4,-1,-1
10414,4,2,0
10414,4,-2,1
10414,4,2,2
10415,4,-1,-1
10415,4,2,0
10415,4,-1,1
10415,4,0,1
10416,4,-1,-1
10416,4,2,0
10416,4,-1,1
10416,4,1,1
10417,4,-1,-1
10417,4,2,0
10417,4,-1,1
10417,4,2,1
10418,4,-1,-1
10418,4,2,0
10418,4,-1,1
10418,4,-2,2
10419,4,-1,-1
10419,4,2,0
10419,4,-1,1
10419,4,-1,2
10420,4,-1,-1
10420,4,2,0
10420,4,-1,1
10420,4,0,2
10421,4,-1,-1
10421,4,2,0
10421,4,-1,1
10421,4,1,2
10422,4,-1,-1
10422,4,2,0
10422,4,-1,1
10422,4,2,2
10423,4,-1,-1
10423,4,2,0
10423,4,0,1
10423,4,1,1
10424,4,-1,-1
10424,4,2,0
10424,4,0,1
10424,4,2,1
10425,4,-1,-1
10425,4,2,0
10425,4,0,1
10425,4,-2,2
10426,4,-1,-1
10426,4,2,0
10426,4,0,1
10426,4,-1,2
10427,4,-1,-1
10427,4,2,0
10427,4,0,1
10427,4,0,2
10428,4,-1,-1
10428,4,2,0
10428,4,0,1
10428,4,1,2
10429,4,-1,-1
10429,4,2,0
10429,4,0,1
10429,4,2,2
10430,4,-1,-1
10430,4,2,0
10430,4,1,1
10430,4,2,1
10431,4,-1,-1
10431,4,2,0
10431,4,1,1
10431,4,-2,2
10432,4,-1,-1
10432,4,2,0
10432,4,1,1
10432,4,-1,2
10433,4,-1,-1
10433,4,2,0
10433,4,1,1
10433,4,0,2
10434,4,-1,-1
10434,4,2,0
10434,4,1,1
10434,4,1,2
10435,4,-1,-1
10435,4,2,0
10435,4,1,1
10435,4,2,2
10436,4,-1,-1
10436,4,2,0
10436,4,2,1
10436,4,-2,2
10437,4,-1,-1
10437,4,2,0
10437,4,2,1
10437,4,-1,2
10438,4,-1,-1
10438,4,2,0
10438,4,2,1
10438,4,0,2
10439,4,-1,-1
10439,4,2,0
10439,4,2,1
10439,4,1,2
10440,4,-1,-1
10440,4,2,0
10440,4,2,1
10440,4,2,2
10441,4,-1,-1
10441,4,2,0
10441,4,-2,2
10441,4,-1,2
10442,4,-1,-1
10442,4,2,0
10442,4,-2,2
10442,4,0,2
10443,4,-1,-1
10443,4,2,0
10443,4,-2,2
10443,4,1,2
10444,4,-1,-1
10444,4,2,0
10444,4,-2,2
10444,4,2,2
10445,4,-1,-1
10445,4,2,0
10445,4,-1,2
10445,4,0,2
10446,4,-1,-1
10446,4,2,0
10446,4,-1,2
10446,4,1,2
10447,4,-1,-1
10447,4,2,0
10447,4,-1,2
10447,4,2,2
10448,4,-1,-1
10448,4,2,0
10448,4,0,2
10448,4,1,2
10449,4,-1,-1
10449,4,2,0
10449,4,0,2
10449,4,2,2
10450,4,-1,-1
10450,4,2,0
10450,4,1,2
10450,4,2,2
10451,4,-1,-1
10451,4,-2,1
10451,4,-1,1
10451,4,0,1
10452,4,-1,-1
10452,4,-2,1
10452,4,-1,1
10452,4,1,1
10453,4,-1,-1
10453,4,-2,1
10453,4,-1,1
10453,4,2,1
10454,4,-1,-1
10454,4,-2,1
10454,4,-1,1
10454,4,-2,2
10455,4,-1,-1
10455,4,-2,1
10455,4,-1,1
10455,4,-1,2
10456,4,-1,-1
10456,4,-2,1
10456,4,-1,1
10456,4,0,2
10457,4,-1,-1
10457,4,-2,1
10457,4,-1,1
10457,4,1,2
10458,4,-1,-1
10458,4,-2,1
10458,4,-1,1
10458,4,2,2
10459,4,-1,-1
10459,4,-2,1
10459,4,0,1
10459,4,1,1
10460,4,-1,-1
10460,4,-2,1
10460,4,0,1
10460,4,2,1
10461,4,-1,-1
10461,4,-2,1
10461,4,0,1
10461,4,-2,2
10462,4,-1,-1
10462,4,-2,1
10462,4,0,1
10462,4,-1,2
10463,4,-1,-1
10463,4,-2,1
10463,4,0,1
10463,4,0,2
10464,4,-1,-1
10464,4,-2,1
10464,4,0,1
10464,4,1,2
10465,4,-1,-1
10465,4,-2,1
10465,4,0,1
10465,4,2,2
10466,4,-1,-1
10466,4,-2,1
10466,4,1,1
10466,4,2,1
10467,4,-1,-1
10467,4,-2,1
10467,4,1,1
10467,4,-2,2
10468,4,-1,-1
10468,4,-2,1
10468,4,1,1
10468,4,-1,2
10469,4,-1,-1
10469,4,-2,1
10469,4,1,1
10469,4,0,2
10470,4,-1,-1
10470,4,-2,1
10470,4,1,1
10470,4,1,2
10471,4,-1,-1
10471,4,-2,1
10471,4,1,1
10471,4,2,2
10472,4,-1,-1
10472,4,-2,1
10472,4,2,1
10472,4,-2,2
10473,4,-1,-1
10473,4,-2,1
10473,4,2,1
10473,4,-1,2
10474,4,-1,-1
10474,4,-2,1
10474,4,2,1
10474,4,0,2
10475,4,-1,-1
10475,4,-2,1
10475,4,2,1
10475,4,1,2
10476,4,-1,-1
10476,4,-2,1
10476,4,2,1
10476,4,2,2
10477,4,-1,-1
10477,4,-2,1
10477,4,-2,2
10477,4,-1,2
10478,4,-1,-1
10478,4,-2,1
10478,4,-2,2
10478,4,0,2
10479,4,-1,-1
10479,4,-2,1
10479,4,-2,2
10479,4,1,2
10480,4,-1,-1
10480,4,-2,1
10480,4,-2,2
10480,4,2,2
10481,4,-1,-1
10481,4,-2,1
10481,4,-1,2
10481,4,0,2
10482,4,-1,-1
10482,4,-2,1
10482,4,-1,2
10482,4,1,2
10483,4,-1,-1
10483,4,-2,1
10483,4,-1,2
10483,4,2,2
10484,4,-1,-1
10484,4,-2,1
10484,4,0,2
10484,4,1,2
10485,4,-1,-1
10485,4,-2,1
10485,4,0,2
10485,4,2,2
10486,4,-1,-1
10486,4,-2,1
10486,4,1,2
10486,4,2,2
10487,4,-1,-1
10487,4,-1,1
10487,4,0,1
10487,4,1,1
10488,4,-1,-1
10488,4,-1,1
10488,4,0,1
10488,4,2,1
10489,4,-1,-1
10489,4,-1,1
10489,4,0,1
10489,4,-2,2
10490,4,-1,-1
10490,4,-1,1
10490,4,0,1
10490,4,-1,2
10491,4,-1,-1
10491,4,-1,1
10491,4,0,1
10491,4,0,2
10492,4,-1,-1
10492,4,-1,1
10492,4,0,1
10492,4,1,2
10493,4,-1,-1
10493,4,-1,1
10493,4,0,1
10493,4,2,2
10494,4,-1,-1
10494,4,-1,1
10494,4,1,1
10494,4,2,1
10495,4,-1,-1
10495,4,-1,1
10495,4,1,1
10495,4,-2,2
10496,4,-1,-1
10496,4,-1,1
10496,4,1,1
10496,4,-1,2
10497,4,-1,-1
10497,4,-1,1
10497,4,1,1
10497,4,0,2
10498,4,-1,-1
10498,4,-1,1
10498,4,1,1
10498,4,1,2
10499,4,-1,-1
10499,4,-1,1
10499,4,1,1
10499,4,2,2
10500,4,-1,-1
10500,4,-1,1
10500,4,2,1
10500,4,-2,2
10501,4,-1,-1
10501,4,-1,1
10501,4,2,1
10501,4,-1,2
10502,4,-1,-1
10502,4,-1,1
10502,4,2,1
10502,4,0,2
10503,4,-1,-1
10503,4,-1,1
10503,4,2,1
10503,4,1,2
10504,4,-1,-1
10504,4,-1,1
10504,4,2,1
10504,4,2,2
10505,4,-1,-1
10505,4,-1,1
10505,4,-2,2
10505,4,-1,2
10506,4,-1,-1
10506,4,-1,1
10506,4,-2,2
10506,4,0,2
10507,4,-1,-1
10507,4,-1,1
10507,4,-2,2
10507,4,1,2
10508,4,-1,-1
10508,4,-1,1
10508,4,-2,2
10508,4,2,2
10509,4,-1,-1
10509,4,-1,1
10509,4,-1,2
10509,4,0,2
10510,4,-1,-1
10510,4,-1,1
10510,4,-1,2
10510,4,1,2
10511,4,-1,-1
10511,4,-1,1
10511,4,-1,2
10511,4,2,2
10512,4,-1,-1
10512,4,-1,1
10512,4,0,2
10512,4,1,2
10513,4,-1,-1
10513,4,-1,1
10513,4,0,2
10513,4,2,2
10514,4,-1,-1
10514,4,-1,1
10514,4,1,2
10514,4,2,2
10515,4,-1,-1
10515,4,0,1
10515,4,1,1
10515,4,2,1
10516,4,-1,-1
10516,4,0,1
10516,4,1,1
10516,4,-2,2
10517,4,-1,-1
10517,4,0,1
10517,4,1,1
10517,4,-1,2
10518,4,-1,-1
10518,4,0,1
10518,4,1,1
10518,4,0,2
10519,4,-1,-1
10519,4,0,1
10519,4,1,1
10519,4,1,2
10520,4,-1,-1
10520,4,0,1
10520,4,1,1
10520,4,2,2
10521,4,-1,-1
10521,4,0,1
10521,4,2,1
10521,4,-2,2
10522,4,-1,-1
10522,4,0,1
10522,4,2,1
10522,4,-1,2
10523,4,-1,-1
10523,4,0,1
10523,4,2,1
10523,4,0,2
10524,4,-1,-1
10524,4,0,1
10524,4,2,1
10524,4,1,2
10525,4,-1,-1
10525,4,0,1
10525,4,2,1
10525,4,2,2
10526,4,-1,-1
10526,4,0,1
10526,4,-2,2
10526,4,-1,2
10527,4,-1,-1
10527,4,0,1
10527,4,-2,2
10527,4,0,2
10528,4,-1,-1
10528,4,0,1
10528,4,-2,2
10528,4,1,2
10529,4,-1,-1
10529,4,0,1
10529,4,-2,2
10529,4,2,2
10530,4,-1,-1
10530,4,0,1
10530,4,-1,2
10530,4,0,2
10531,4,-1,-1
10531,4,0,1
10531,4,-1,2
10531,4,1,2
10532,4,-1,-1
10532,4,0,1
10532,4,-1,2
10532,4,2,2
10533,4,-1,-1
10533,4,0,1
10533,4,0,2
10533,4,1,2
10534,4,-1,-1
10534,4,0,1
10534,4,0,2
10534,4,2,2
10535,4,-1,-1
10535,4,0,1
10535,4,1,2
10535,4,2,2
10536,4,-1,-1
10536,4,1,1
10536,4,2,1
10536,4,-2,2
10537,4,-1,-1
10537,4,1,1
10537,4,2,1
10537,4,-1,2
10538,4,-1,-1
10538,4,1,1
10538,4,2,1
10538,4,0,2
10539,4,-1,-1
10539,4,1,1
10539,4,2,1
10539,4,1,2
10540,4,-1,-1
10540,4,1,1
10540,4,2,1
10540,4,2,2
10541,4,-1,-1
10541,4,1,1
10541,4,-2,2
10541,4,-1,2
10542,4,-1,-1
10542,4,1,1
10542,4,-2,2
10542,4,0,2
10543,4,-1,-1
10543,4,1,1
10543,4,-2,2
10543,4,1,2
10544,4,-1,-1
10544,4,1,1
10544,4,-2,2
10544,4,2,2
10545,4,-1,-1
10545,4,1,1
10545,4,-1,2
10545,4,0,2
10546,4,-1,-1
10546,4,1,1
10546,4,-1,2
10546,4,1,2
10547,4,-1,-1
10547,4,1,1
10547,4,-1,2
10547,4,2,2
10548,4,-1,-1
10548,4,1,1
10548,4,0,2
10548,4,1,2
10549,4,-1,-1
10549,4,1,1
10549,4,0,2
10549,4,2,2
10550,4,-1,-1
10550,4,1,1
10550,4,1,2
10550,4,2,2
10551,4,-1,-1
10551,4,2,1
10551,4,-2,2
10551,4,-1,2
10552,4,-1,-1
10552,4,2,1
10552,4,-2,2
10552,4,0,2
10553,4,-1,-1
10553,4,2,1
10553,4,-2,2
10553,4,1,2
10554,4,-1,-1
10554,4,2,1
10554,4,-2,2
10554,4,2,2
10555,4,-1,-1
10555,4,2,1
10555,4,-1,2
10555,4,0,2
10556,4,-1,-1
10556,4,2,1
10556,4,-1,2
10556,4,1,2
10557,4,-1,-1
10557,4,2,1
10557,4,-1,2
10557,4,2,2
10558,4,-1,-1
10558,4,2,1
10558,4,0,2
10558,4,1,2
10559,4,-1,-1
10559,4,2,1
10559,4,0,2
10559,4,2,2
10560,4,-1,-1
10560,4,2,1
10560,4,1,2
10560,4,2,2
10561,4,-1,-1
10561,4,-2,2
10561,4,-1,2
10561,4,0,2
10562,4,-1,-1
10562,4,-2,2
10562,4,-1,2
10562,4,1,2
10563,4,-1,-1
10563,4,-2,2
10563,4,-1,2
10563,4,2,2
10564,4,-1,-1
10564,4,-2,2
10564,4,0,2
10564,4,1,2
10565,4,-1,-1
10565,4,-2,2
10565,4,0,2
10565,4,2,2
10566,4,-1,-1
10566,4,-2,2
10566,4,1,2
10566,4,2,2
10567,4,-1,-1
10567,4,-1,2
10567,4,0,2
10567,4,1,2
10568,4,-1,-1
10568,4,-1,2
10568,4,0,2
10568,4,2,2
10569,4,-1,-1
10569,4,-1,2
10569,4,1,2
10569,4,2,2
10570,4,-1,-1
10570,4,0,2
10570,4,1,2
10570,4,2,2
10571,4,0,-1
10571,4,1,-1
10571,4,2,-1
10571,4,-2,0
10572,4,0,-1
10572,4,1,-1
10572,4,2,-1
10572,4,-1,0
10573,4,0,-1
10573,4,1,-1
10573,4,2,-1
10573,4,1,0
10574,4,0,-1
10574,4,1,-1
10574,4,2,-1
10574,4,2,0
10575,4,0,-1
10575,4,1,-1
10575,4,2,-1
10575,4,-2,1
10576,4,0,-1
10576,4,1,-1
10576,4,2,-1
10576,4,-1,1
10577,4,0,-1
10577,4,1,-1
10577,4,2,-1
10577,4,0,1
10578,4,0,-1
10578,4,1,-1
10578,4,2,-1
10578,4,1,1
10579,4,0,-1
10579,4,1,-1
10579,4,2,-1
10579,4,2,1
10580,4,0,-1
10580,4,1,-1
10580,4,2,-1
10580,4,-2,2
10581,4,0,-1
10581,4,1,-1
10581,4,2,-1
10581,4,-1,2
10582,4,0,-1
10582,4,1,-1
10582,4,2,-1
10582,4,0,2
10583,4,0,-1
10583,4,1,-1
10583,4,2,-1
10583,4,1,2
10584,4,0,-1
10584,4,1,-1
10584,4,2,-1
10584,4,2,2
10585,4,0,-1
10585,4,1,-1
10585,4,-2,0
10585,4,-1,0
10586,4,0,-1
10586,4,1,-1
10586,4,-2,0
10586,4,1,0
10587,4,0,-1
10587,4,1,-1
10587,4,-2,0
10587,4,2,0
10588,4,0,-1
10588,4,1,-1
10588,4,-2,0
10588,4,-2,1
10589,4,0,-1
10589,4,1,-1
10589,4,-2,0
10589,4,-1,1
10590,4,0,-1
10590,4,1,-1
10590,4,-2,0
10590,4,0,1
10591,4,0,-1
10591,4,1,-1
10591,4,-2,0
10591,4,1,1
10592,4,0,-1
10592,4,1,-1
10592,4,-2,0
10592,4,2,1
10593,4,0,-1
10593,4,1,-1
10593,4,-2,0
10593,4,-2,2
10594,4,0,-1
10594,4,1,-1
10594,4,-2,0
10594,4,-1,2
10595,4,0,-1
10595,4,1,-1
10595,4,-2,0
10595,4,0,2
10596,4,0,-1
10596,4,1,-1
10596,4,-2,0
10596,4,1,2
10597,4,0,-1
10597,4,1,-1
10597,4,-2,0
10597,4,2,2
10598,4,0,-1
10598,4,1,-1
10598,4,-1,0
10598,4,1,0
10599,4,0,-1
10599,4,1,-1
10599,4,-1,0
10599,4,2,0
10600,4,0,-1
10600,4,1,-1
10600,4,-1,0
10600,4,-2,1
10601,4,0,-1
10601,4,1,-1
10601,4,-1,0
10601,4,-1,1
10602,4,0,-1
10602,4,1,-1
10602,4,-1,0
10602,4,0,1
10603,4,0,-1
10603,4,1,-1
10603,4,-1,0
10603,4,1,1
10604,4,0,-1
10604,4,1,-1
10604,4,-1,0
10604,4,2,1
10605,4,0,-1
10605,4,1,-1
10605,4,-1,0
10605,4,-2,2
10606,4,0,-1
10606,4,1,-1
10606,4,-1,0
10606,4,-1,2
10607,4,0,-1
10607,4,1,-1
10607,4,-1,0
10607,4,0,2
10608,4,0,-1
10608,4,1,-1
10608,4,-1,0
10608,4,1,2
10609,4,0,-1
10609,4,1,-1
10609,4,-1,0
10609,4,2,2
10610,4,0,-1
10610,4,1,-1
10610,4,1,0
10610,4,2,0
10611,4,0,-1
10611,4,1,-1
10611,4,1,0
10611,4,-2,1
10612,4,0,-1
10612,4,1,-1
10612,4,1,0
10612,4,-1,1
10613,4,0,-1
10613,4,1,-1
10613,4,1,0
10613,4,0,1
10614,4,0,-1
10614,4,1,-1
10614,4,1,0
10614,4,1,1
10615,4,0,-1
10615,4,1,-1
10615,4,1,0
10615,4,2,1
10616,4,0,-1
10616,4,1,-1
10616,4,1,0
10616,4,-2,2
10617,4,0,-1
10617,4,1,-1
10617,4,1,0
10617,4,-1,2
10618,4,0,-1
10618,4,1,-1
10618,4,1,0
10618,4,0,2
10619,4,0,-1
10619,4,1,-1
10619,4,1,0
10619,4,1,2
10620,4,0,-1
10620,4,1,-1
10620,4,1,0
10620,4,2,2
10621,4,0,-1
10621,4,1,-1
10621,4,2,0
10621,4,-2,1
10622,4,0,-1
10622,4,1,-1
10622,4,2,0
10622,4,-1,1
10623,4,0,-1
10623,4,1,-1
10623,4,2,0
10623,4,0,1
10624,4,0,-1
10624,4,1,-1
10624,4,2,0
10624,4,1,1
10625,4,0,-1
10625,4,1,-1
10625,4,2,0
10625,4,2,1
10626,4,0,-1
10626,4,1,-1
10626,4,2,0
10626,4,-2,2
10627,4,0,-1
10627,4,1,-1
10627,4,2,0
10627,4,-1,2
10628,4,0,-1
10628,4,1,-1
10628,4,2,0
10628,4,0,2
10629,4,0,-1
10629,4,1,-1
10629,4,2,0
10629,4,1,2
10630,4,0,-1
10630,4,1,-1
10630,4,2,0
10630,4,2,2
10631,4,0,-1
10631,4,1,-1
10631,4,-2,1
10631,4,-1,1
10632,4,0,-1
10632,4,1,-1
10632,4,-2,1
10632,4,0,1
10633,4,0,-1
10633,4,1,-1
10633,4,-2,1
10633,4,1,1
10634,4,0,-1
10634,4,1,-1
10634,4,-2,1
10634,4,2,1
10635,4,0,-1
10635,4,1,-1
10635,4,-2,1
10635,4,-2,2
10636,4,0,-1
10636,4,1,-1
10636,4,-2,1
10636,4,-1,2
10637,4,0,-1
10637,4,1,-1
10637,4,-2,1
10637,4,0,2
10638,4,0,-1
10638,4,1,-1
10638,4,-2,1
10638,4,1,2
10639,4,0,-1
10639,4,1,-1
10639,4,-2,1
10639,4,2,2
10640,4,0,-1
10640,4,1,-1
10640,4,-1,1
10640,4,0,1
10641,4,0,-1
10641,4,1,-1
10641,4,-1,1
10641,4,1,1
10642,4,0,-1
10642,4,1,-1
10642,4,-1,1
10642,4,2,1
10643,4,0,-1
10643,4,1,-1
10643,4,-1,1
10643,4,-2,2
10644,4,0,-1
10644,4,1,-1
10644,4,-1,1
10644,4,-1,2
10645,4,0,-1
10645,4,1,-1
10645,4,-1,1
10645,4,0,2
10646,4,0,-1
10646,4,1,-1
10646,4,-1,1
10646,4,1,2
10647,4,0,-1
10647,4,1,-1
10647,4,-1,1
10647,4,2,2
10648,4,0,-1
10648,4,1,-1
10648,4,0,1
10648,4,1,1
10649,4,0,-1
10649,4,1,-1
10649,4,0,1
10649,4,2,1
10650,4,0,-1
10650,4,1,-1
10650,4,0,1
10650,4,-2,2
10651,4,0,-1
10651,4,1,-1
10651,4,0,1
10651,4,-1,2
10652,4,0,-1
10652,4,1,-1
10652,4,0,1
10652,4,0,2
10653,4,0,-1
10653,4,1,-1
10653,4,0,1
10653,4,1,2
10654,4,0,-1
10654,4,1,-1
10654,4,0,1
10654,4,2,2
10655,4,0,-1
10655,4,1,-1
10655,4,1,1
10655,4,2,1
10656,4,0,-1
10656,4,1,-1
10656,4,1,1
10656,4,-2,2
10657,4,0,-1
10657,4,1,-1
10657,4,1,1
10657,4,-1,2
10658,4,0,-1
10658,4,1,-1
10658,4,1,1
10658,4,0,2
10659,4,0,-1
10659,4,1,-1
10659,4,1,1
10659,4,1,2
10660,4,0,-1
10660,4,1,-1
10660,4,1,1
10660,4,2,2
10661,4,0,-1
10661,4,1,-1
10661,4,2,1
10661,4,-2,2
10662,4,0,-1
10662,4,1,-1
10662,4,2,1
10662,4,-1,2
10663,4,0,-1
10663,4,1,-1
10663,4,2,1
10663,4,0,2
10664,4,0,-1
10664,4,1,-1
10664,4,2,1
10664,4,1,2
10665,4,0,-1
10665,4,1,-1
10665,4,2,1
10665,4,2,2
10666,4,0,-1
10666,4,1,-1
10666,4,-2,2
10666,4,-1,2
10667,4,0,-1
10667,4,1,-1
10667,4,-2,2
10667,4,0,2
10668,4,0,-1
10668,4,1,-1
10668,4,-2,2
10668,4,1,2
10669,4,0,-1
10669,4,1,-1
10669,4,-2,2
10669,4,2,2
10670,4,0,-1
10670,4,1,-1
10670,4,-1,2
10670,4,0,2
10671,4,0,-1
10671,4,1,-1
10671,4,-1,2
10671,4,1,2
10672,4,0,-1
10672,4,1,-1
10672,4,-1,2
10672,4,2,2
10673,4,0,-1
10673,4,1,-1
10673,4,0,2
10673,4,1,2
10674,4,0,-1
10674,4,1,-1
10674,4,0,2
10674,4,2,2
10675,4,0,-1
10675,4,1,-1
10675,4,1,2
10675,4,2,2
10676,4,0,-1
10676,4,2,-1
10676,4,-2,0
10676,4,-1,0
10677,4,0,-1
10677,4,2,-1
10677,4,-2,0
10677,4,1,0
10678,4,0,-1
10678,4,2,-1
10678,4,-2,0
10678,4,2,0
10679,4,0,-1
10679,4,2,-1
10679,4,-2,0
10679,4,-2,1
10680,4,0,-1
10680,4,2,-1
10680,4,-2,0
10680,4,-1,1
10681,4,0,-1
10681,4,2,-1
10681,4,-2,0
10681,4,0,1
10682,4,0,-1
10682,4,2,-1
10682,4,-2,0
10682,4,1,1
10683,4,0,-1
10683,4,2,-1
10683,4,-2,0
10683,4,2,1
10684,4,0,-1
10684,4,2,-1
10684,4,-2,0
10684,4,-2,2
10685,4,0,-1
10685,4,2,-1
10685,4,-2,0
10685,4,-1,2
10686,4,0,-1
10686,4,2,-1
10686,4,-2,0
10686,4,0,2
10687,4,0,-1
10687,4,2,-1
10687,4,-2,0
10687,4,1,2
10688,4,0,-1
10688,4,2,-1
10688,4,-2,0
10688,4,2,2
10689,4,0,-1
10689,4,2,-1
10689,4,-1,0
10689,4,1,0
10690,4,0,-1
10690,4,2,-1
10690,4,-1,0
10690,4,2,0
10691,4,0,-1
10691,4,2,-1
10691,4,-1,0
10691,4,-2,1
10692,4,0,-1
10692,4,2,-1
10692,4,-1,0
10692,4,-1,1
10693,4,0,-1
10693,4,2,-1
10693,4,-1,0
10693,4,0,1
10694,4,0,-1
10694,4,2,-1
10694,4,-1,0
10694,4,1,1
10695,4,0,-1
10695,4,2,-1
10695,4,-1,0
10695,4,2,1
10696,4,0,-1
10696,4,2,-1
10696,4,-1,0
10696,4,-2,2
10697,4,0,-1
10697,4,2,-1
10697,4,-1,0
10697,4,-1,2
10698,4,0,-1
10698,4,2,-1
10698,4,-1,0
10698,4,0,2
10699,4,0,-1
10699,4,2,-1
10699,4,-1,0
10699,4,1,2
10700,4,0,-1
10700,4,2,-1
10700,4,-1,0
10700,4,2,2
10701,4,0,-1
10701,4,2,-1
10701,4,1,0
10701,4,2,0
10702,4,0,-1
10702,4,2,-1
10702,4,1,0
10702,4,-2,1
10703,4,0,-1
10703,4,2,-1
10703,4,1,0
10703,4,-1,1
10704,4,0,-1
10704,4,2,-1
10704,4,1,0
10704,4,0,1
10705,4,0,-1
10705,4,2,-1
10705,4,1,0
10705,4,1,1
10706,4,0,-1
10706,4,2,-1
10706,4,1,0
10706,4,2,1
10707,4,0,-1
10707,4,2,-1
10707,4,1,0
10707,4,-2,2
10708,4,0,-1
10708,4,2,-1
10708,4,1,0
10708,4,-1,2
10709,4,0,-1
10709,4,2,-1
10709,4,1,0
10709,4,0,2
10710,4,0,-1
10710,4,2,-1
10710,4,1,0
10710,4,1,2
10711,4,0,-1
10711,4,2,-1
10711,4,1,0
10711,4,2,2
10712,4,0,-1
10712,4,2,-1
10712,4,2,0
10712,4,-2,1
10713,4,0,-1
10713,4,2,-1
10713,4,2,0
10713,4,-1,1
10714,4,0,-1
10714,4,2,-1
10714,4,2,0
10714,4,0,1
10715,4,0,-1
10715,4,2,-1
10715,4,2,0
10715,4,1,1
10716,4,0,-1
10716,4,2,-1
10716,4,2,0
10716,4,2,1
10717,4,0,-1
10717,4,2,-1
10717,4,2,0
10717,4,-2,2
10718,4,0,-1
10718,4,2,-1
10718,4,2,0
10718,4,-1,2
10719,4,0,-1
10719,4,2,-1
10719,4,2,0
10719,4,0,2
10720,4,0,-1
10720,4,2,-1
10720,4,2,0
10720,4,1,2
10721,4,0,-1
10721,4,2,-1
10721,4,2,0
10721,4,2,2
10722,4,0,-1
10722,4,2,-1
10722,4,-2,1
10722,4,-1,1
10723,4,0,-1
10723,4,2,-1
10723,4,-2,1
10723,4,0,1
10724,4,0,-1
10724,4,2,-1
10724,4,-2,1
10724,4,1,1
10725,4,0,-1
10725,4,2,-1
10725,4,-2,1
10725,4,2,1
10726,4,0,-1
10726,4,2,-1
10726,4,-2,1
10726,4,-2,2
10727,4,0,-1
10727,4,2,-1
10727,4,-2,1
10727,4,-1,2
10728,4,0,-1
10728,4,2,-1
10728,4,-2,1
10728,4,0,2
10729,4,0,-1
10729,4,2,-1
10729,4,-2,1
10729,4,1,2
10730,4,0,-1
10730,4,2,-1
10730,4,-2,1
10730,4,2,2
10731,4,0,-1
10731,4,2,-1
10731,4,-1,1
10731,4,0,1
10732,4,0,-1
10732,4,2,-1
10732,4,-1,1
10732,4,1,1
10733,4,0,-1
10733,4,2,-1
10733,4,-1,1
10733,4,2,1
10734,4,0,-1
10734,4,2,-1
10734,4,-1,1
10734,4,-2,2
10735,4,0,-1
10735,4,2,-1
10735,4,-1,1
10735,4,-1,2
10736,4,0,-1
10736,4,2,-1
10736,4,-1,1
10736,4,0,2
10737,4,0,-1
10737,4,2,-1
10737,4,-1,1
10737,4,1,2
10738,4,0,-1
10738,4,2,-1
10738,4,-1,1
10738,4,2,2
10739,4,0,-1
10739,4,2,-1
10739,4,0,1
10739,4,1,1
10740,4,0,-1
10740,4,2,-1
10740,4,0,1
10740,4,2,1
10741,4,0,-1
10741,4,2,-1
10741,4,0,1
10741,4,-2,2
10742,4,0,-1
10742,4,2,-1
10742,4,0,1
10742,4,-1,2
10743,4,0,-1
10743,4,2,-1
10743,4,0,1
10743,4,0,2
10744,4,0,-1
10744,4,2,-1
10744,4,0,1
10744,4,1,2
10745,4,0,-1
10745,4,2,-1
10745,4,0,1
10745,4,2,2
10746,4,0,-1
10746,4,2,-1
10746,4,1,1
10746,4,2,1
10747,4,0,-1
10747,4,2,-1
10747,4,1,1
10747,4,-2,2
10748,4,0,-1
10748,4,2,-1
10748,4,1,1
10748,4,-1,2
10749,4,0,-1
10749,4,2,-1
10749,4,1,1
10749,4,0,2
10750,4,0,-1
10750,4,2,-1
10750,4,1,1
10750,4,1,2
10751,4,0,-1
10751,4,2,-1
10751,4,1,1
10751,4,2,2
10752,4,0,-1
10752,4,2,-1
10752,4,2,1
10752,4,-2,2
10753,4,0,-1
10753,4,2,-1
10753,4,2,1
10753,4,-1,2
10754,4,0,-1
10754,4,2,-1
10754,4,2,1
10754,4,0,2
10755,4,0,-1
10755,4,2,-1
10755,4,2,1
10755,4,1,2
10756,4,0,-1
10756,4,2,-1
10756,4,2,1
10756,4,2,2
10757,4,0,-1
10757,4,2,-1
10757,4,-2,2
10757,4,-1,2
10758,4,0,-1
10758,4,2,-1
10758,4,-2,2
10758,4,0,2
10759,4,0,-1
10759,4,2,-1
10759,4,-2,2
10759,4,1,2
10760,4,0,-1
10760,4,2,-1
10760,4,-2,2
10760,4,2,2
10761,4,0,-1
10761,4,2,-1
10761,4,-1,2
10761,4,0,2
10762,4,0,-1
10762,4,2,-1
10762,4,-1,2
10762,4,1,2
10763,4,0,-1
10763,4,2,-1
10763,4,-1,2
10763,4,2,2
10764,4,0,-1
10764,4,2,-1
10764,4,0,2
10764,4,1,2
10765,4,0,-1
10765,4,2,-1
10765,4,0,2
10765,4,2,2
10766,4,0,-1
10766,4,2,-1
10766,4,1,2
10766,4,2,2
10767,4,0,-1
10767,4,-2,0
10767,4,-1,0
10767,4,1,0
10768,4,0,-1
10768,4,-2,0
10768,4,-1,0
10768,4,2,0
10769,4,0,-1
10769,4,-2,0
10769,4,-1,0
10769,4,-2,1
10770,4,0,-1
10770,4,-2,0
10770,4,-1,0
10770,4,-1,1
10771,4,0,-1
10771,4,-2,0
10771,4,-1,0
10771,4,0,1
10772,4,0,-1
10772,4,-2,0
10772,4,-1,0
10772,4,1,1
10773,4,0,-1
10773,4,-2,0
10773,4,-1,0
10773,4,2,1
10774,4,0,-1
10774,4,-2,0
10774,4,-1,0
10774,4,-2,2
10775,4,0,-1
10775,4,-2,0
10775,4,-1,0
10775,4,-1,2
10776,4,0,-1
10776,4,-2,0
10776,4,-1,0
10776,4,0,2
10777,4,0,-1
10777,4,-2,0
10777,4,-1,0
10777,4,1,2
10778,4,0,-1
10778,4,-2,0
10778,4,-1,0
10778,4,2,2
10779,4,0,-1
10779,4,-2,0
10779,4,1,0
10779,4,2,0
10780,4,0,-1
10780,4,-2,0
10780,4,1,0
10780,4,-2,1
10781,4,0,-1
10781,4,-2,0
10781,4,1,0
10781,4,-1,1
10782,4,0,-1
10782,4,-2,0
10782,4,1,0
10782,4,0,1
10783,4,0,-1
10783,4,-2,0
10783,4,1,0
10783,4,1,1
10784,4,0,-1
10784,4,-2,0
10784,4,1,0
10784,4,2,1
10785,4,0,-1
10785,4,-2,0
10785,4,1,0
10785,4,-2,2
10786,4,0,-1
10786,4,-2,0
10786,4,1,0
10786,4,-1,2
10787,4,0,-1
10787,4,-2,0
10787,4,1,0
10787,4,0,2
10788,4,0,-1
10788,4,-2,0
10788,4,1,0
10788,4,1,2
10789,4,0,-1
10789,4,-2,0
10789,4,1,0
10789,4,2,2
10790,4,0,-1
10790,4,-2,0
10790,4,2,0
10790,4,-2,1
10791,4,0,-1
10791,4,-2,0
10791,4,2,0
10791,4,-1,1
10792,4,0,-1
10792,4,-2,0
10792,4,2,0
10792,4,0,1
10793,4,0,-1
10793,4,-2,0
10793,4,2,0
10793,4,1,1
10794,4,0,-1
10794,4,-2,0
10794,4,2,0
10794,4,2,1
10795,4,0,-1
10795,4,-2,0
10795,4,2,0
10795,4,-2,2
10796,4,0,-1
10796,4,-2,0
10796,4,2,0
10796,4,-1,2
10797,4,0,-1
10797,4,-2,0
10797,4,2,0
10797,4,0,2
10798,4,0,-1
10798,4,-2,0
10798,4,2,0
10798,4,1,2
10799,4,0,-1
10799,4,-2,0
10799,4,2,0
10799,4,2,2
10800,4,0,-1
10800,4,-2,0
10800,4,-2,1
10800,4,-1,1
10801,4,0,-1
10801,4,-2,0
10801,4,-2,1
10801,4,0,1
10802,4,0,-1
10802,4,-2,0
10802,4,-2,1
10802,4,1,1
10803,4,0,-1
10803,4,-2,0
10803,4,-2,1
10803,4,2,1
10804,4,0,-1
10804,4,-2,0
10804,4,-2,1
10804,4,-2,2
10805,4,0,-1
10805,4,-2,0
10805,4,-2,1
10805,4,-1,2
10806,4,0,-1
10806,4,-2,0
10806,4,-2,1
10806,4,0,2
10807,4,0,-1
10807,4,-2,0
10807,4,-2,1
10807,4,1,2
10808,4,0,-1
10808,4,-2,0
10808,4,-2,1
10808,4,2,2
10809,4,0,-1
10809,4,-2,0
10809,4,-1,1
10809,4,0,1
10810,4,0,-1
10810,4,-2,0
10810,4,-1,1
10810,4,1,1
10811,4,0,-1
10811,4,-2,0
10811,4,-1,1
10811,4,2,1
10812,4,0,-1
10812,4,-2,0
10812,4,-1,1
10812,4,-2,2
10813,4,0,-1
10813,4,-2,0
10813,4,-1,1
10813,4,-1,2
10814,4,0,-1
10814,4,-2,0
10814,4,-1,1
10814,4,0,2
10815,4,0,-1
10815,4,-2,0
10815,4,-1,1
10815,4,1,2
10816,4,0,-1
10816,4,-2,0
10816,4,-1,1
10816,4,2,2
10817,4,0,-1
10817,4,-2,0
10817,4,0,1
10817,4,1,1
10818,4,0,-1
10818,4,-2,0
10818,4,0,1
10818,4,2,1
10819,4,0,-1
10819,4,-2,0
10819,4,0,1
10819,4,-2,2
10820,4,0,-1
10820,4,-2,0
10820,4,0,1
10820,4,-1,2
10821,4,0,-1
10821,4,-2,0
10821,4,0,1
10821,4,0,2
10822,4,0,-1
10822,4,-2,0
10822,4,0,1
10822,4,1,2
10823,4,0,-1
10823,4,-2,0
10823,4,0,1
10823,4,2,2
10824,4,0,-1
10824,4,-2,0
10824,4,1,1
10824,4,2,1
10825,4,0,-1
10825,4,-2,0
10825,4,1,1
10825,4,-2,2
10826,4,0,-1
10826,4,-2,0
10826,4,1,1
10826,4,-1,2
10827,4,0,-1
10827,4,-2,0
10827,4,1,1
10827,4,0,2
10828,4,0,-1
10828,4,-2,0
10828,4,1,1
10828,4,1,2
10829,4,0,-1
10829,4,-2,0
10829,4,1,1
10829,4,2,2
10830,4,0,-1
10830,4,-2,0
10830,4,2,1
10830,4,-2,2
10831,4,0,-1
10831,4,-2,0
10831,4,2,1
10831,4,-1,2
10832,4,0,-1
10832,4,-2,0
10832,4,2,1
10832,4,0,2
10833,4,0,-1
10833,4,-2,0
10833,4,2,1
10833,4,1,2
10834,4,0,-1
10834,4,-2,0
10834,4,2,1
10834,4,2,2
10835,4,0,-1
10835,4,-2,0
10835,4,-2,2
10835,4,-1,2
10836,4,0,-1
10836,4,-2,0
10836,4,-2,2
10836,4,0,2
10837,4,0,-1
10837,4,-2,0
10837,4,-2,2
10837,4,1,2
10838,4,0,-1
10838,4,-2,0
10838,4,-2,2
10838,4,2,2
10839,4,0,-1
10839,4,-2,0
10839,4,-1,2
10839,4,0,2
10840,4,0,-1
10840,4,-2,0
10840,4,-1,2
10840,4,1,2
10841,4,0,-1
10841,4,-2,0
10841,4,-1,2
10841,4,2,2
10842,4,0,-1
10842,4,-2,0
10842,4,0,2
10842,4,1,2
10843,4,0,-1
10843,4,-2,0
10843,4,0,2
10843,4,2,2
10844,4,0,-1
10844,4,-2,0
10844,4,1,2
10844,4,2,2
10845,4,0,-1
10845,4,-1,0
10845,4,1,0
10845,4,2,0
10846,4,0,-1
10846,4,-1,0
10846,4,1,0
10846,4,-2,1
10847,4,0,-1
10847,4,-1,0
10847,4,1,0
10847,4,-1,1
10848,4,0,-1
10848,4,-1,0
10848,4,1,0
10848,4,0,1
10849,4,0,-1
10849,4,-1,0
10849,4,1,0
10849,4,1,1
10850,4,0,-1
10850,4,-1,0
10850,4,1,0
10850,4,2,1
10851,4,0,-1
10851,4,-1,0
10851,4,1,0
10851,4,-2,2
10852,4,0,-1
10852,4,-1,0
10852,4,1,0
10852,4,-1,2
10853,4,0,-1
10853,4,-1,0
10853,4,1,0
10853,4,0,2
10854,4,0,-1
10854,4,-1,0
10854,4,1,0
10854,4,1,2
10855,4,0,-1
10855,4,-1,0
10855,4,1,0
10855,4,2,2
10856,4,0,-1
10856,4,-1,0
10856,4,2,0
10856,4,-2,1
10857,4,0,-1
10857,4,-1,0
10857,4,2,0
10857,4,-1,1
10858,4,0,-1
10858,4,-1,0
10858,4,2,0
10858,4,0,1
10859,4,0,-1
10859,4,-1,0
10859,4,2,0
10859,4,1,1
10860,4,0,-1
10860,4,-1,0
10860,4,2,0
10860,4,2,1
10861,4,0,-1
10861,4,-1,0
10861,4,2,0
10861,4,-2,2
10862,4,0,-1
10862,4,-1,0
10862,4,2,0
10862,4,-1,2
10863,4,0,-1
10863,4,-1,0
10863,4,2,0
10863,4,0,2
10864,4,0,-1
10864,4,-1,0
10864,4,2,0
10864,4,1,2
10865,4,0,-1
10865,4,-1,0
10865,4,2,0
10865,4,2,2
10866,4,0,-1
10866,4,-1,0
10866,4,-2,1
10866,4,-1,1
10867,4,0,-1
10867,4,-1,0
10867,4,-2,1
10867,4,0,1
10868,4,0,-1
10868,4,-1,0
10868,4,-2,1
10868,4,1,1
10869,4,0,-1
10869,4,-1,0
10869,4,-2,1
10869,4,2,1
10870,4,0,-1
10870,4,-1,0
10870,4,-2,1
10870,4,-2,2
10871,4,0,-1
10871,4,-1,0
10871,4,-2,1
10871,4,-1,2
10872,4,0,-1
10872,4,-1,0
10872,4,-2,1
10872,4,0,2
10873,4,0,-1
10873,4,-1,0
10873,4,-2,1
10873,4,1,2
10874,4,0,-1
10874,4,-1,0
10874,4,-2,1
10874,4,2,2
10875,4,0,-1
10875,4,-1,0
10875,4,-1,1
10875,4,0,1
10876,4,0,-1
10876,4,-1,0
10876,4,-1,1
10876,4,1,1
10877,4,0,-1
10877,4,-1,0
10877,4,-1,1
10877,4,2,1
10878,4,0,-1
10878,4,-1,0
10878,4,-1,1
10878,4,-2,2
10879,4,0,-1
10879,4,-1,0
10879,4,-1,1
10879,4,-1,2
10880,4,0,-1
10880,4,-1,0
10880,4,-1,1
10880,4,0,2
10881,4,0,-1
10881,4,-1,0
10881,4,-1,1
10881,4,1,2
10882,4,0,-1
10882,4,-1,0
10882,4,-1,1
10882,4,2,2
10883,4,0,-1
10883,4,-1,0
10883,4,0,1
10883,4,1,1
10884,4,0,-1
10884,4,-1,0
10884,4,0,1
10884,4,2,1
10885,4,0,-1
10885,4,-1,0
10885,4,0,1
10885,4,-2,2
10886,4,0,-1
10886,4,-1,0
10886,4,0,1
10886,4,-1,2
10887,4,0,-1
10887,4,-1,0
10887,4,0,1
10887,4,0,2
10888,4,0,-1
10888,4,-1,0
10888,4,0,1
10888,4,1,2
10889,4,0,-1
10889,4,-1,0
10889,4,0,1
10889,4,2,2
10890,4,0,-1
10890,4,-1,0
10890,4,1,1
10890,4,2,1
10891,4,0,-1
10891,4,-1,0
10891,4,1,1
10891,4,-2,2
10892,4,0,-1
10892,4,-1,0
10892,4,1,1
10892,4,-1,2
10893,4,0,-1
10893,4,-1,0
10893,4,1,1
10893,4,0,2
10894,4,0,-1
10894,4,-1,0
10894,4,1,1
10894,4,1,2
10895,4,0,-1
10895,4,-1,0
10895,4,1,1
10895,4,2,2
10896,4,0,-1
10896,4,-1,0
10896,4,2,1
10896,4,-2,2
10897,4,0,-1
10897,4,-1,0
10897,4,2,1
10897,4,-1,2
10898,4,0,-1
10898,4,-1,0
10898,4,2,1
10898,4,0,2
10899,4,0,-1
10899,4,-1,0
10899,4,2,1
10899,4,1,2
10900,4,0,-1
10900,4,-1,0
10900,4,2,1
10900,4,2,2
10901,4,0,-1
10901,4,-1,0
10901,4,-2,2
10901,4,-1,2
10902,4,0,-1
10902,4,-1,0
10902,4,-2,2
10902,4,0,2
10903,4,0,-1
10903,4,-1,0
10903,4,-2,2
10903,4,1,2
10904,4,0,-1
10904,4,-1,0
10904,4,-2,2
10904,4,2,2
10905,4,0,-1
10905,4,-1,0
10905,4,-1,2
10905,4,0,2
10906,4,0,-1
10906,4,-1,0
10906,4,-1,2
10906,4,1,2
10907,4,0,-1
10907,4,-1,0
10907,4,-1,2
10907,4,2,2
10908,4,0,-1
10908,4,-1,0
10908,4,0,2
10908,4,1,2
10909,4,0,-1
10909,4,-1,0
10909,4,0,2
10909,4,2,2
10910,4,0,-1
10910,4,-1,0
10910,4,1,2
10910,4,2,2
10911,4,0,-1
10911,4,1,0
10911,4,2,0
10911,4,-2,1
10912,4,0,-1
10912,4,1,0
10912,4,2,0
10912,4,-1,1
10913,4,0,-1
10913,4,1,0
10913,4,2,0
10913,4,0,1
10914,4,0,-1
10914,4,1,0
10914,4,2,0
10914,4,1,1
10915,4,0,-1
10915,4,1,0
10915,4,2,0
10915,4,2,1
10916,4,0,-1
10916,4,1,0
10916,4,2,0
10916,4,-2,2
10917,4,0,-1
10917,4,1,0
10917,4,2,0
10917,4,-1,2
10918,4,0,-1
10918,4,1,0
10918,4,2,0
10918,4,0,2
10919,4,0,-1
10919,4,1,0
10919,4,2,0
10919,4,1,2
10920,4,0,-1
10920,4,1,0
10920,4,2,0
10920,4,2,2
10921,4,0,-1
10921,4,1,0
10921,4,-2,1
10921,4,-1,1
10922,4,0,-1
10922,4,1,0
10922,4,-2,1
10922,4,0,1
10923,4,0,-1
10923,4,1,0
10923,4,-2,1
10923,4,1,1
10924,4,0,-1
10924,4,1,0
10924,4,-2,1
10924,4,2,1
10925,4,0,-1
10925,4,1,0
10925,4,-2,1
10925,4,-2,2
10926,4,0,-1
10926,4,1,0
10926,4,-2,1
10926,4,-1,2
10927,4,0,-1
10927,4,1,0
10927,4,-2,1
10927,4,0,2
10928,4,0,-1
10928,4,1,0
10928,4,-2,1
10928,4,1,2
10929,4,0,-1
10929,4,1,0
10929,4,-2,1
10929,4,2,2
10930,4,0,-1
10930,4,1,0
10930,4,-1,1
10930,4,0,1
10931,4,0,-1
10931,4,1,0
10931,4,-1,1
10931,4,1,1
10932,4,0,-1
10932,4,1,0
10932,4,-1,1
10932,4,2,1
10933,4,0,-1
10933,4,1,0
10933,4,-1,1
10933,4,-2,2
10934,4,0,-1
10934,4,1,0
10934,4,-1,1
10934,4,-1,2
10935,4,0,-1
10935,4,1,0
10935,4,-1,1
10935,4,0,2
10936,4,0,-1
10936,4,1,0
10936,4,-1,1
10936,4,1,2
10937,4,0,-1
10937,4,1,0
10937,4,-1,1
10937,4,2,2
10938,4,0,-1
10938,4,1,0
10938,4,0,1
10938,4,1,1
10939,4,0,-1
10939,4,1,0
10939,4,0,1
10939,4,2,1
10940,4,0,-1
10940,4,1,0
10940,4,0,1
10940,4,-2,2
10941,4,0,-1
10941,4,1,0
10941,4,0,1
10941,4,-1,2
10942,4,0,-1
10942,4,1,0
10942,4,0,1
10942,4,0,2
10943,4,0,-1
10943,4,1,0
10943,4,0,1
10943,4,1,2
10944,4,0,-1
10944,4,1,0
10944,4,0,1
10944,4,2,2
10945,4,0,-1
10945,4,1,0
10945,4,1,1
10945,4,2,1
10946,4,0,-1
10946,4,1,0
10946,4,1,1
10946,4,-2,2
10947,4,0,-1
10947,4,1,0
10947,4,1,1
10947,4,-1,2
10948,4,0,-1
10948,4,1,0
10948,4,1,1
10948,4,0,2
10949,4,0,-1
10949,4,1,0
10949,4,1,1
10949,4,1,2
10950,4,0,-1
10950,4,1,0
10950,4,1,1
10950,4,2,2
10951,4,0,-1
10951,4,1,0
10951,4,2,1
10951,4,-2,2
10952,4,0,-1
10952,4,1,0
10952,4,2,1
10952,4,-1,2
10953,4,0,-1
10953,4,1,0
10953,4,2,1
10953,4,0,2
10954,4,0,-1
10954,4,1,0
10954,4,2,1
10954,4,1,2
10955,4,0,-1
10955,4,1,0
10955,4,2,1
10955,4,2,2
10956,4,0,-1
10956,4,1,0
10956,4,-2,2
10956,4,-1,2
10957,4,0,-1
10957,4,1,0
10957,4,-2,2
10957,4,0,2
10958,4,0,-1
10958,4,1,0
10958,4,-2,2
10958,4,1,2
10959,4,0,-1
10959,4,1,0
10959,4,-2,2
10959,4,2,2
10960,4,0,-1
10960,4,1,0
10960,4,-1,2
10960,4,0,2
10961,4,0,-1
10961,4,1,0
10961,4,-1,2
10961,4,1,2
10962,4,0,-1
10962,4,1,0
10962,4,-1,2
10962,4,2,2
10963,4,0,-1
10963,4,1,0
10963,4,0,2
10963,4,1,2
10964,4,0,-1
10964,4,1,0
10964,4,0,2
10964,4,2,2
10965,4,0,-1
10965,4,1,0
10965,4,1,2
10965,4,2,2
10966,4,0,-1
10966,4,2,0
10966,4,-2,1
10966,4,-1,1
10967,4,0,-1
10967,4,2,0
10967,4,-2,1
10967,4,0,1
10968,4,0,-1
10968,4,2,0
10968,4,-2,1
10968,4,1,1
10969,4,0,-1
10969,4,2,0
10969,4,-2,1
10969,4,2,1
10970,4,0,-1
10970,4,2,0
10970,4,-2,1
10970,4,-2,2
10971,4,0,-1
10971,4,2,0
10971,4,-2,1
10971,4,-1,2
10972,4,0,-1
10972,4,2,0
10972,4,-2,1
10972,4,0,2
10973,4,0,-1
10973,4,2,0
10973,4,-2,1
10973,4,1,2
10974,4,0,-1
10974,4,2,0
10974,4,-2,1
10974,4,2,2
10975,4,0,-1
10975,4,2,0
10975,4,-1,1
10975,4,0,1
10976,4,0,-1
10976,4,2,0
10976,4,-1,1
10976,4,1,1
10977,4,0,-1
10977,4,2,0
10977,4,-1,1
10977,4,2,1
10978,4,0,-1
10978,4,2,0
10978,4,-1,1
10978,4,-2,2
10979,4,0,-1
10979,4,2,0
10979,4,-1,1
10979,4,-1,2
10980,4,0,-1
10980,4,2,0
10980,4,-1,1
10980,4,0,2
10981,4,0,-1
10981,4,2,0
10981,4,-1,1
10981,4,1,2
10982,4,0,-1
10982,4,2,0
10982,4,-1,1
10982,4,2,2
10983,4,0,-1
10983,4,2,0
10983,4,0,1
10983,4,1,1
10984,4,0,-1
10984,4,2,0
10984,4,0,1
10984,4,2,1
10985,4,0,-1
10985,4,2,0
10985,4,0,1
10985,4,-2,2
10986,4,0,-1
10986,4,2,0
10986,4,0,1
10986,4,-1,2
10987,4,0,-1
10987,4,2,0
10987,4,0,1
10987,4,0,2
10988,4,0,-1
10988,4,2,0
10988,4,0,1
10988,4,1,2
10989,4,0,-1
10989,4,2,0
10989,4,0,1
10989,4,2,2
10990,4,0,-1
10990,4,2,0
10990,4,1,1
10990,4,2,1
10991,4,0,-1
10991,4,2,0
10991,4,1,1
10991,4,-2,2
10992,4,0,-1
10992,4,2,0
10992,4,1,1
10992,4,-1,2
10993,4,0,-1
10993,4,2,0
10993,4,1,1
10993,4,0,2
10994,4,0,-1
10994,4,2,0
10994,4,1,1
10994,4,1,2
10995,4,0,-1
10995,4,2,0
10995,4,1,1
10995,4,2,2
10996,4,0,-1
10996,4,2,0
10996,4,2,1
10996,4,-2,2
10997,4,0,-1
10997,4,2,0
10997,4,2,1
10997,4,-1,2
10998,4,0,-1
10998,4,2,0
10998,4,2,1
10998,4,0,2
10999,4,0,-1
10999,4,2,0
10999,4,2,1
10999,4,1,2
11000,4,0,-1
11000,4,2,0
11000,4,2,1
11000,4,2,2
11001,4,0,-1
11001,4,2,0
11001,4,-2,2
11001,4,-1,2
11002,4,0,-1
11002,4,2,0
11002,4,-2,2
11002,4,0,2
11003,4,0,-1
11003,4,2,0
11003,4,-2,2
11003,4,1,2
11004,4,0,-1
11004,4,2,0
11004,4,-2,2
11004,4,2,2
11005,4,0,-1
11005,4,2,0
11005,4,-1,2
11005,4,0,2
11006,4,0,-1
11006,4,2,0
11006,4,-1,2
11006,4,1,2
11007,4,0,-1
11007,4,2,0
11007,4,-1,2
11007,4,2,2
11008,4,0,-1
11008,4,2,0
11008,4,0,2
11008,4,1,2
11009,4,0,-1
11009,4,2,0
11009,4,0,2
11009,4,2,2
11010,4,0,-1
11010,4,2,0
11010,4,1,2
11010,4,2,2
11011,4,0,-1
11011,4,-2,1
11011,4,-1,1
11011,4,0,1
11012,4,0,-1
11012,4,-2,1
11012,4,-1,1
11012,4,1,1
11013,4,0,-1
11013,4,-2,1
11013,4,-1,1
11013,4,2,1
11014,4,0,-1
11014,4,-2,1
11014,4,-1,1
11014,4,-2,2
11015,4,0,-1
11015,4,-2,1
11015,4,-1,1
11015,4,-1,2
11016,4,0,-1
11016,4,-2,1
11016,4,-1,1
11016,4,0,2
11017,4,0,-1
11017,4,-2,1
11017,4,-1,1
11017,4,1,2
11018,4,0,-1
11018,4,-2,1
11018,4,-1,1
11018,4,2,2
11019,4,0,-1
11019,4,-2,1
11019,4,0,1
11019,4,1,1
11020,4,0,-1
11020,4,-2,1
11020,4,0,1
11020,4,2,1
11021,4,0,-1
11021,4,-2,1
11021,4,0,1
11021,4,-2,2
11022,4,0,-1
11022,4,-2,1
11022,4,0,1
11022,4,-1,2
11023,4,0,-1
11023,4,-2,1
11023,4,0,1
11023,4,0,2
11024,4,0,-1
11024,4,-2,1
11024,4,0,1
11024,4,1,2
11025,4,0,-1
11025,4,-2,1
11025,4,0,1
11025,4,2,2
11026,4,0,-1
11026,4,-2,1
11026,4,1,1
11026,4,2,1
11027,4,0,-1
11027,4,-2,1
11027,4,1,1
11027,4,-2,2
11028,4,0,-1
11028,4,-2,1
11028,4,1,1
11028,4,-1,2
11029,4,0,-1
11029,4,-2,1
11029,4,1,1
11029,4,0,2
11030,4,0,-1
11030,4,-2,1
11030,4,1,1
11030,4,1,2
11031,4,0,-1
11031,4,-2,1
11031,4,1,1
11031,4,2,2
11032,4,0,-1
11032,4,-2,1
11032,4,2,1
11032,4,-2,2
11033,4,0,-1
11033,4,-2,1
11033,4,2,1
11033,4,-1,2
11034,4,0,-1
11034,4,-2,1
11034,4,2,1
11034,4,0,2
11035,4,0,-1
11035,4,-2,1
11035,4,2,1
11035,4,1,2
11036,4,0,-1
11036,4,-2,1
11036,4,2,1
11036,4,2,2
11037,4,0,-1
11037,4,-2,1
11037,4,-2,2
11037,4,-1,2
11038,4,0,-1
11038,4,-2,1
11038,4,-2,2
11038,4,0,2
11039,4,0,-1
11039,4,-2,1
11039,4,-2,2
11039,4,1,2
11040,4,0,-1
11040,4,-2,1
11040,4,-2,2
11040,4,2,2
11041,4,0,-1
11041,4,-2,1
11041,4,-1,2
11041,4,0,2
11042,4,0,-1
11042,4,-2,1
11042,4,-1,2
11042,4,1,2
11043,4,0,-1
11043,4,-2,1
11043,4,-1,2
11043,4,2,2
11044,4,0,-1
11044,4,-2,1
11044,4,0,2
11044,4,1,2
11045,4,0,-1
11045,4,-2,1
11045,4,0,2
11045,4,2,2
11046,4,0,-1
11046,4,-2,1
11046,4,1,2
11046,4,2,2
11047,4,0,-1
11047,4,-1,1
11047,4,0,1
11047,4,1,1
11048,4,0,-1
11048,4,-1,1
11048,4,0,1
11048,4,2,1
11049,4,0,-1
11049,4,-1,1
11049,4,0,1
11049,4,-2,2
11050,4,0,-1
11050,4,-1,1
11050,4,0,1
11050,4,-1,2
11051,4,0,-1
11051,4,-1,1
11051,4,0,1
11051,4,0,2
11052,4,0,-1
11052,4,-1,1
11052,4,0,1
11052,4,1,2
11053,4,0,-1
11053,4,-1,1
11053,4,0,1
11053,4,2,2
11054,4,0,-1
11054,4,-1,1
11054,4,1,1
11054,4,2,1
11055,4,0,-1
11055,4,-1,1
11055,4,1,1
11055,4,-2,2
11056,4,0,-1
11056,4,-1,1
11056,4,1,1
11056,4,-1,2
11057,4,0,-1
11057,4,-1,1
11057,4,1,1
11057,4,0,2
11058,4,0,-1
11058,4,-1,1
11058,4,1,1
11058,4,1,2
11059,4,0,-1
11059,4,-1,1
11059,4,1,1
11059,4,2,2
11060,4,0,-1
11060,4,-1,1
11060,4,2,1
11060,4,-2,2
11061,4,0,-1
11061,4,-1,1
11061,4,2,1
11061,4,-1,2
11062,4,0,-1
11062,4,-1,1
11062,4,2,1
11062,4,0,2
11063,4,0,-1
11063,4,-1,1
11063,4,2,1
11063,4,1,2
11064,4,0,-1
11064,4,-1,1
11064,4,2,1
11064,4,2,2
11065,4,0,-1
11065,4,-1,1
11065,4,-2,2
11065,4,-1,2
11066,4,0,-1
11066,4,-1,1
11066,4,-2,2
11066,4,0,2
11067,4,0,-1
11067,4,-1,1
11067,4,-2,2
11067,4,1,2
11068,4,0,-1
11068,4,-1,1
11068,4,-2,2
11068,4,2,2
11069,4,0,-1
11069,4,-1,1
11069,4,-1,2
11069,4,0,2
11070,4,0,-1
11070,4,-1,1
11070,4,-1,2
11070,4,1,2
11071,4,0,-1
11071,4,-1,1
11071,4,-1,2
11071,4,2,2
11072,4,0,-1
11072,4,-1,1
11072,4,0,2
11072,4,1,2
11073,4,0,-1
11073,4,-1,1
11073,4,0,2
11073,4,2,2
11074,4,0,-1
11074,4,-1,1
11074,4,1,2
11074,4,2,2
11075,4,0,-1
11075,4,0,1
11075,4,1,1
11075,4,2,1
11076,4,0,-1
11076,4,0,1
11076,4,1,1
11076,4,-2,2
11077,4,0,-1
11077,4,0,1
11077,4,1,1
11077,4,-1,2
11078,4,0,-1
11078,4,0,1
11078,4,1,1
11078,4,0,2
11079,4,0,-1
11079,4,0,1
11079,4,1,1
11079,4,1,2
11080,4,0,-1
11080,4,0,1
11080,4,1,1
11080,4,2,2
11081,4,0,-1
11081,4,0,1
11081,4,2,1
11081,4,-2,2
11082,4,0,-1
11082,4,0,1
11082,4,2,1
11082,4,-1,2
11083,4,0,-1
11083,4,0,1
11083,4,2,1
11083,4,0,2
11084,4,0,-1
11084,4,0,1
11084,4,2,1
11084,4,1,2
11085,4,0,-1
11085,4,0,1
11085,4,2,1
11085,4,2,2
11086,4,0,-1
11086,4,0,1
11086,4,-2,2
11086,4,-1,2
11087,4,0,-1
11087,4,0,1
11087,4,-2,2
11087,4,0,2
11088,4,0,-1
11088,4,0,1
11088,4,-2,2
11088,4,1,2
11089,4,0,-1
11089,4,0,1
11089,4,-2,2
11089,4,2,2
11090,4,0,-1
11090,4,0,1
11090,4,-1,2
11090,4,0,2
11091,4,0,-1
11091,4,0,1
11091,4,-1,2
11091,4,1,2
11092,4,0,-1
11092,4,0,1
11092,4,-1,2
11092,4,2,2
11093,4,0,-1
11093,4,0,1
11093,4,0,2
11093,4,1,2
11094,4,0,-1
11094,4,0,1
11094,4,0,2
11094,4,2,2
11095,4,0,-1
11095,4,0,1
11095,4,1,2
11095,4,2,2
11096,4,0,-1
11096,4,1,1
11096,4,2,1
11096,4,-2,2
11097,4,0,-1
11097,4,1,1
11097,4,2,1
11097,4,-1,2
11098,4,0,-1
11098,4,1,1
11098,4,2,1
11098,4,0,2
11099,4,0,-1
11099,4,1,1
11099,4,2,1
11099,4,1,2
11100,4,0,-1
11100,4,1,1
11100,4,2,1
11100,4,2,2
11101,4,0,-1
11101,4,1,1
11101,4,-2,2
11101,4,-1,2
11102,4,0,-1
11102,4,1,1
11102,4,-2,2
11102,4,0,2
11103,4,0,-1
11103,4,1,1
11103,4,-2,2
11103,4,1,2
11104,4,0,-1
11104,4,1,1
11104,4,-2,2
11104,4,2,2
11105,4,0,-1
11105,4,1,1
11105,4,-1,2
11105,4,0,2
11106,4,0,-1
11106,4,1,1
11106,4,-1,2
11106,4,1,2
11107,4,0,-1
11107,4,1,1
11107,4,-1,2
11107,4,2,2
11108,4,0,-1
11108,4,1,1
11108,4,0,2
11108,4,1,2
11109,4,0,-1
11109,4,1,1
11109,4,0,2
11109,4,2,2
11110,4,0,-1
11110,4,1,1
11110,4,1,2
11110,4,2,2
11111,4,0,-1
11111,4,2,1
11111,4,-2,2
11111,4,-1,2
11112,4,0,-1
11112,4,2,1
11112,4,-2,2
11112,4,0,2
11113,4,0,-1
11113,4,2,1
11113,4,-2,2
11113,4,1,2
11114,4,0,-1
11114,4,2,1
11114,4,-2,2
11114,4,2,2
11115,4,0,-1
11115,4,2,1
11115,4,-1,2
11115,4,0,2
11116,4,0,-1
11116,4,2,1
11116,4,-1,2
11116,4,1,2
11117,4,0,-1
11117,4,2,1
11117,4,-1,2
11117,4,2,2
11118,4,0,-1
11118,4,2,1
11118,4,0,2
11118,4,1,2
11119,4,0,-1
11119,4,2,1
11119,4,0,2
11119,4,2,2
11120,4,0,-1
11120,4,2,1
11120,4,1,2
11120,4,2,2
11121,4,0,-1
11121,4,-2,2
11121,4,-1,2
11121,4,0,2
11122,4,0,-1
11122,4,-2,2
11122,4,-1,2
11122,4,1,2
11123,4,0,-1
11123,4,-2,2
11123,4,-1,2
11123,4,2,2
11124,4,0,-1
11124,4,-2,2
11124,4,0,2
11124,4,1,2
11125,4,0,-1
11125,4,-2,2
11125,4,0,2
11125,4,2,2
11126,4,0,-1
11126,4,-2,2
11126,4,1,2
11126,4,2,2
11127,4,0,-1
11127,4,-1,2
11127,4,0,2
11127,4,1,2
11128,4,0,-1
11128,4,-1,2
11128,4,0,2
11128,4,2,2
11129,4,0,-1
11129,4,-1,2
11129,4,1,2
11129,4,2,2
11130,4,0,-1
11130,4,0,2
11130,4,1,2
11130,4,2,2
11131,4,1,-1
11131,4,2,-1
11131,4,-2,0
11131,4,-1,0
11132,4,1,-1
11132,4,2,-1
11132,4,-2,0
11132,4,1,0
11133,4,1,-1
11133,4,2,-1
11133,4,-2,0
11133,4,2,0
11134,4,1,-1
11134,4,2,-1
11134,4,-2,0
11134,4,-2,1
11135,4,1,-1
11135,4,2,-1
11135,4,-2,0
11135,4,-1,1
11136,4,1,-1
11136,4,2,-1
11136,4,-2,0
11136,4,0,1
11137,4,1,-1
11137,4,2,-1
11137,4,-2,0
11137,4,1,1
11138,4,1,-1
11138,4,2,-1
11138,4,-2,0
11138,4,2,1
11139,4,1,-1
11139,4,2,-1
11139,4,-2,0
11139,4,-2,2
11140,4,1,-1
11140,4,2,-1
11140,4,-2,0
11140,4,-1,2
11141,4,1,-1
11141,4,2,-1
11141,4,-2,0
11141,4,0,2
11142,4,1,-1
11142,4,2,-1
11142,4,-2,0
11142,4,1,2
11143,4,1,-1
11143,4,2,-1
11143,4,-2,0
11143,4,2,2
11144,4,1,-1
11144,4,2,-1
11144,4,-1,0
11144,4,1,0
11145,4,1,-1
11145,4,2,-1
11145,4,-1,0
11145,4,2,0
11146,4,1,-1
11146,4,2,-1
11146,4,-1,0
11146,4,-2,1
11147,4,1,-1
11147,4,2,-1
11147,4,-1,0
11147,4,-1,1
11148,4,1,-1
11148,4,2,-1
11148,4,-1,0
11148,4,0,1
11149,4,1,-1
11149,4,2,-1
11149,4,-1,0
11149,4,1,1
11150,4,1,-1
11150,4,2,-1
11150,4,-1,0
11150,4,2,1
11151,4,1,-1
11151,4,2,-1
11151,4,-1,0
11151,4,-2,2
11152,4,1,-1
11152,4,2,-1
11152,4,-1,0
11152,4,-1,2
11153,4,1,-1
11153,4,2,-1
11153,4,-1,0
11153,4,0,2
11154,4,1,-1
11154,4,2,-1
11154,4,-1,0
11154,4,1,2
11155,4,1,-1
11155,4,2,-1
11155,4,-1,0
11155,4,2,2
11156,4,1,-1
11156,4,2,-1
11156,4,1,0
11156,4,2,0
11157,4,1,-1
11157,4,2,-1
11157,4,1,0
11157,4,-2,1
11158,4,1,-1
11158,4,2,-1
11158,4,1,0
11158,4,-1,1
11159,4,1,-1
11159,4,2,-1
11159,4,1,0
11159,4,0,1
11160,4,1,-1
11160,4,2,-1
11160,4,1,0
11160,4,1,1
11161,4,1,-1
11161,4,2,-1
11161,4,1,0
11161,4,2,1
11162,4,1,-1
11162,4,2,-1
11162,4,1,0
11162,4,-2,2
11163,4,1,-1
11163,4,2,-1
11163,4,1,0
11163,4,-1,2
11164,4,1,-1
11164,4,2,-1
11164,4,1,0
11164,4,0,2
11165,4,1,-1
11165,4,2,-1
11165,4,1,0
11165,4,1,2
11166,4,1,-1
11166,4,2,-1
11166,4,1,0
11166,4,2,2
11167,4,1,-1
11167,4,2,-1
11167,4,2,0
11167,4,-2,1
11168,4,1,-1
11168,4,2,-1
11168,4,2,0
11168,4,-1,1
11169,4,1,-1
11169,4,2,-1
11169,4,2,0
11169,4,0,1
11170,4,1,-1
11170,4,2,-1
11170,4,2,0
11170,4,1,1
11171,4,1,-1
11171,4,2,-1
11171,4,2,0
11171,4,2,1
11172,4,1,-1
11172,4,2,-1
11172,4,2,0
11172,4,-2,2
11173,4,1,-1
11173,4,2,-1
11173,4,2,0
11173,4,-1,2
11174,4,1,-1
11174,4,2,-1
11174,4,2,0
11174,4,0,2
11175,4,1,-1
11175,4,2,-1
11175,4,2,0
11175,4,1,2
11176,4,1,-1
11176,4,2,-1
11176,4,2,0
11176,4,2,2
11177,4,1,-1
11177,4,2,-1
11177,4,-2,1
11177,4,-1,1
11178,4,1,-1
11178,4,2,-1
11178,4,-2,1
11178,4,0,1
11179,4,1,-1
11179,4,2,-1
11179,4,-2,1
11179,4,1,1
11180,4,1,-1
11180,4,2,-1
11180,4,-2,1
11180,4,2,1
11181,4,1,-1
11181,4,2,-1
11181,4,-2,1
11181,4,-2,2
11182,4,1,-1
11182,4,2,-1
11182,4,-2,1
11182,4,-1,2
11183,4,1,-1
11183,4,2,-1
11183,4,-2,1
11183,4,0,2
11184,4,1,-1
11184,4,2,-1
11184,4,-2,1
11184,4,1,2
11185,4,1,-1
11185,4,2,-1
11185,4,-2,1
11185,4,2,2
11186,4,1,-1
11186,4,2,-1
11186,4,-1,1
11186,4,0,1
11187,4,1,-1
11187,4,2,-1
11187,4,-1,1
11187,4,1,1
11188,4,1,-1
11188,4,2,-1
11188,4,-1,1
11188,4,2,1
11189,4,1,-1
11189,4,2,-1
11189,4,-1,1
11189,4,-2,2
11190,4,1,-1
11190,4,2,-1
11190,4,-1,1
11190,4,-1,2
11191,4,1,-1
11191,4,2,-1
11191,4,-1,1
11191,4,0,2
11192,4,1,-1
11192,4,2,-1
11192,4,-1,1
11192,4,1,2
11193,4,1,-1
11193,4,2,-1
11193,4,-1,1
11193,4,2,2
11194,4,1,-1
11194,4,2,-1
11194,4,0,1
11194,4,1,1
11195,4,1,-1
11195,4,2,-1
11195,4,0,1
11195,4,2,1
11196,4,1,-1
11196,4,2,-1
11196,4,0,1
11196,4,-2,2
11197,4,1,-1
11197,4,2,-1
11197,4,0,1
11197,4,-1,2
11198,4,1,-1
11198,4,2,-1
11198,4,0,1
11198,4,0,2
11199,4,1,-1
11199,4,2,-1
11199,4,0,1
11199,4,1,2
11200,4,1,-1
11200,4,2,-1
11200,4,0,1
11200,4,2,2
11201,4,1,-1
11201,4,2,-1
11201,4,1,1
11201,4,2,1
11202,4,1,-1
11202,4,2,-1
11202,4,1,1
11202,4,-2,2
11203,4,1,-1
11203,4,2,-1
11203,4,1,1
11203,4,-1,2
11204,4,1,-1
11204,4,2,-1
11204,4,1,1
11204,4,0,2
11205,4,1,-1
11205,4,2,-1
11205,4,1,1
11205,4,1,2
11206,4,1,-1
11206,4,2,-1
11206,4,1,1
11206,4,2,2
11207,4,1,-1
11207,4,2,-1
11207,4,2,1
11207,4,-2,2
11208,4,1,-1
11208,4,2,-1
11208,4,2,1
11208,4,-1,2
11209,4,1,-1
11209,4,2,-1
11209,4,2,1
11209,4,0,2
11210,4,1,-1
11210,4,2,-1
11210,4,2,1
11210,4,1,2
11211,4,1,-1
11211,4,2,-1
11211,4,2,1
11211,4,2,2
11212,4,1,-1
11212,4,2,-1
11212,4,-2,2
11212,4,-1,2
11213,4,1,-1
11213,4,2,-1
11213,4,-2,2
11213,4,0,2
11214,4,1,-1
11214,4,2,-1
11214,4,-2,2
11214,4,1,2
11215,4,1,-1
11215,4,2,-1
11215,4,-2,2
11215,4,2,2
11216,4,1,-1
11216,4,2,-1
11216,4,-1,2
11216,4,0,2
11217,4,1,-1
11217,4,2,-1
11217,4,-1,2
11217,4,1,2
11218,4,1,-1
11218,4,2,-1
11218,4,-1,2
11218,4,2,2
11219,4,1,-1
11219,4,2,-1
11219,4,0,2
11219,4,1,2
11220,4,1,-1
11220,4,2,-1
11220,4,0,2
11220,4,2,2
11221,4,1,-1
11221,4,2,-1
11221,4,1,2
11221,4,2,2
11222,4,1,-1
11222,4,-2,0
11222,4,-1,0
11222,4,1,0
11223,4,1,-1
11223,4,-2,0
11223,4,-1,0
11223,4,2,0
11224,4,1,-1
11224,4,-2,0
11224,4,-1,0
11224,4,-2,1
11225,4,1,-1
11225,4,-2,0
11225,4,-1,0
11225,4,-1,1
11226,4,1,-1
11226,4,-2,0
11226,4,-1,0
11226,4,0,1
11227,4,1,-1
11227,4,-2,0
11227,4,-1,0
11227,4,1,1
11228,4,1,-1
11228,4,-2,0
11228,4,-1,0
11228,4,2,1
11229,4,1,-1
11229,4,-2,0
11229,4,-1,0
11229,4,-2,2
11230,4,1,-1
11230,4,-2,0
11230,4,-1,0
11230,4,-1,2
11231,4,1,-1
11231,4,-2,0
11231,4,-1,0
11231,4,0,2
11232,4,1,-1
11232,4,-2,0
11232,4,-1,0
11232,4,1,2
11233,4,1,-1
11233,4,-2,0
11233,4,-1,0
11233,4,2,2
11234,4,1,-1
11234,4,-2,0
11234,4,1,0
11234,4,2,0
11235,4,1,-1
11235,4,-2,0
11235,4,1,0
11235,4,-2,1
11236,4,1,-1
11236,4,-2,0
11236,4,1,0
11236,4,-1,1
11237,4,1,-1
11237,4,-2,0
11237,4,1,0
11237,4,0,1
11238,4,1,-1
11238,4,-2,0
11238,4,1,0
11238,4,1,1
11239,4,1,-1
11239,4,-2,0
11239,4,1,0
11239,4,2,1
11240,4,1,-1
11240,4,-2,0
11240,4,1,0
11240,4,-2,2
11241,4,1,-1
11241,4,-2,0
11241,4,1,0
11241,4,-1,2
11242,4,1,-1
11242,4,-2,0
11242,4,1,0
11242,4,0,2
11243,4,1,-1
11243,4,-2,0
11243,4,1,0
11243,4,1,2
11244,4,1,-1
11244,4,-2,0
11244,4,1,0
11244,4,2,2
11245,4,1,-1
11245,4,-2,0
11245,4,2,0
11245,4,-2,1
11246,4,1,-1
11246,4,-2,0
11246,4,2,0
11246,4,-1,1
11247,4,1,-1
11247,4,-2,0
11247,4,2,0
11247,4,0,1
11248,4,1,-1
11248,4,-2,0
11248,4,2,0
11248,4,1,1
11249,4,1,-1
11249,4,-2,0
11249,4,2,0
11249,4,2,1
11250,4,1,-1
11250,4,-2,0
11250,4,2,0
11250,4,-2,2
11251,4,1,-1
11251,4,-2,0
11251,4,2,0
11251,4,-1,2
11252,4,1,-1
11252,4,-2,0
11252,4,2,0
11252,4,0,2
11253,4,1,-1
11253,4,-2,0
11253,4,2,0
11253,4,1,2
11254,4,1,-1
11254,4,-2,0
11254,4,2,0
11254,4,2,2
11255,4,1,-1
11255,4,-2,0
11255,4,-2,1
11255,4,-1,1
11256,4,1,-1
11256,4,-2,0
11256,4,-2,1
11256,4,0,1
11257,4,1,-1
11257,4,-2,0
11257,4,-2,1
11257,4,1,1
11258,4,1,-1
11258,4,-2,0
11258,4,-2,1
11258,4,2,1
11259,4,1,-1
11259,4,-2,0
11259,4,-2,1
11259,4,-2,2
11260,4,1,-1
11260,4,-2,0
11260,4,-2,1
11260,4,-1,2
11261,4,1,-1
11261,4,-2,0
11261,4,-2,1
11261,4,0,2
11262,4,1,-1
11262,4,-2,0
11262,4,-2,1
11262,4,1,2
11263,4,1,-1
11263,4,-2,0
11263,4,-2,1
11263,4,2,2
11264,4,1,-1
11264,4,-2,0
11264,4,-1,1
11264,4,0,1
11265,4,1,-1
11265,4,-2,0
11265,4,-1,1
11265,4,1,1
11266,4,1,-1
11266,4,-2,0
11266,4,-1,1
11266,4,2,1
11267,4,1,-1
11267,4,-2,0
11267,4,-1,1
11267,4,-2,2
11268,4,1,-1
11268,4,-2,0
11268,4,-1,1
11268,4,-1,2
11269,4,1,-1
11269,4,-2,0
11269,4,-1,1
11269,4,0,2
11270,4,1,-1
11270,4,-2,0
11270,4,-1,1
11270,4,1,2
11271,4,1,-1
11271,4,-2,0
11271,4,-1,1
11271,4,2,2
11272,4,1,-1
11272,4,-2,0
11272,4,0,1
11272,4,1,1
11273,4,1,-1
11273,4,-2,0
11273,4,0,1
11273,4,2,1
11274,4,1,-1
11274,4,-2,0
11274,4,0,1
11274,4,-2,2
11275,4,1,-1
11275,4,-2,0
11275,4,0,1
11275,4,-1,2
11276,4,1,-1
11276,4,-2,0
11276,4,0,1
11276,4,0,2
11277,4,1,-1
11277,4,-2,0
11277,4,0,1
11277,4,1,2
11278,4,1,-1
11278,4,-2,0
11278,4,0,1
11278,4,2,2
11279,4,1,-1
11279,4,-2,0
11279,4,1,1
11279,4,2,1
11280,4,1,-1
11280,4,-2,0
11280,4,1,1
11280,4,-2,2
11281,4,1,-1
11281,4,-2,0
11281,4,1,1
11281,4,-1,2
11282,4,1,-1
11282,4,-2,0
11282,4,1,1
11282,4,0,2
11283,4,1,-1
11283,4,-2,0
11283,4,1,1
11283,4,1,2
11284,4,1,-1
11284,4,-2,0
11284,4,1,1
11284,4,2,2
11285,4,1,-1
11285,4,-2,0
11285,4,2,1
11285,4,-2,2
11286,4,1,-1
11286,4,-2,0
11286,4,2,1
11286,4,-1,2
11287,4,1,-1
11287,4,-2,0
11287,4,2,1
11287,4,0,2
11288,4,1,-1
11288,4,-2,0
11288,4,2,1
11288,4,1,2
11289,4,1,-1
11289,4,-2,0
11289,4,2,1
11289,4,2,2
11290,4,1,-1
11290,4,-2,0
11290,4,-2,2
11290,4,-1,2
11291,4,1,-1
11291,4,-2,0
11291,4,-2,2
11291,4,0,2
11292,4,1,-1
11292,4,-2,0
11292,4,-2,2
11292,4,1,2
11293,4,1,-1
11293,4,-2,0
11293,4,-2,2
11293,4,2,2
11294,4,1,-1
11294,4,-2,0
11294,4,-1,2
11294,4,0,2
11295,4,1,-1
11295,4,-2,0
11295,4,-1,2
11295,4,1,2
11296,4,1,-1
11296,4,-2,0
11296,4,-1,2
11296,4,2,2
11297,4,1,-1
11297,4,-2,0
11297,4,0,2
11297,4,1,2
11298,4,1,-1
11298,4,-2,0
11298,4,0,2
11298,4,2,2
11299,4,1,-1
11299,4,-2,0
11299,4,1,2
11299,4,2,2
11300,4,1,-1
11300,4,-1,0
11300,4,1,0
11300,4,2,0
11301,4,1,-1
11301,4,-1,0
11301,4,1,0
11301,4,-2,1
11302,4,1,-1
11302,4,-1,0
11302,4,1,0
11302,4,-1,1
11303,4,1,-1
11303,4,-1,0
11303,4,1,0
11303,4,0,1
11304,4,1,-1
11304,4,-1,0
11304,4,1,0
11304,4,1,1
11305,4,1,-1
11305,4,-1,0
11305,4,1,0
11305,4,2,1
11306,4,1,-1
11306,4,-1,0
11306,4,1,0
11306,4,-2,2
11307,4,1,-1
11307,4,-1,0
11307,4,1,0
11307,4,-1,2
11308,4,1,-1
11308,4,-1,0
11308,4,1,0
11308,4,0,2
11309,4,1,-1
11309,4,-1,0
11309,4,1,0
11309,4,1,2
11310,4,1,-1
11310,4,-1,0
11310,4,1,0
11310,4,2,2
11311,4,1,-1
11311,4,-1,0
11311,4,2,0
11311,4,-2,1
11312,4,1,-1
11312,4,-1,0
11312,4,2,0
11312,4,-1,1
11313,4,1,-1
11313,4,-1,0
11313,4,2,0
11313,4,0,1
11314,4,1,-1
11314,4,-1,0
11314,4,2,0
11314,4,1,1
11315,4,1,-1
11315,4,-1,0
11315,4,2,0
11315,4,2,1
11316,4,1,-1
11316,4,-1,0
11316,4,2,0
11316,4,-2,2
11317,4,1,-1
11317,4,-1,0
11317,4,2,0
11317,4,-1,2
11318,4,1,-1
11318,4,-1,0
11318,4,2,0
11318,4,0,2
11319,4,1,-1
11319,4,-1,0
11319,4,2,0
11319,4,1,2
11320,4,1,-1
11320,4,-1,0
11320,4,2,0
11320,4,2,2
11321,4,1,-1
11321,4,-1,0
11321,4,-2,1
11321,4,-1,1
11322,4,1,-1
11322,4,-1,0
11322,4,-2,1
11322,4,0,1
11323,4,1,-1
11323,4,-1,0
11323,4,-2,1
11323,4,1,1
11324,4,1,-1
11324,4,-1,0
11324,4,-2,1
11324,4,2,1
11325,4,1,-1
11325,4,-1,0
11325,4,-2,1
11325,4,-2,2
11326,4,1,-1
11326,4,-1,0
11326,4,-2,1
11326,4,-1,2
11327,4,1,-1
11327,4,-1,0
11327,4,-2,1
11327,4,0,2
11328,4,1,-1
11328,4,-1,0
11328,4,-2,1
11328,4,1,2
11329,4,1,-1
11329,4,-1,0
11329,4,-2,1
11329,4,2,2
11330,4,1,-1
11330,4,-1,0
11330,4,-1,1
11330,4,0,1
11331,4,1,-1
11331,4,-1,0
11331,4,-1,1
11331,4,1,1
11332,4,1,-1
11332,4,-1,0
11332,4,-1,1
11332,4,2,1
11333,4,1,-1
11333,4,-1,0
11333,4,-1,1
11333,4,-2,2
11334,4,1,-1
11334,4,-1,0
11334,4,-1,1
11334,4,-1,2
11335,4,1,-1
11335,4,-1,0
11335,4,-1,1
11335,4,0,2
11336,4,1,-1
11336,4,-1,0
11336,4,-1,1
11336,4,1,2
11337,4,1,-1
11337,4,-1,0
11337,4,-1,1
11337,4,2,2
11338,4,1,-1
11338,4,-1,0
11338,4,0,1
11338,4,1,1
11339,4,1,-1
11339,4,-1,0
11339,4,0,1
11339,4,2,1
11340,4,1,-1
11340,4,-1,0
11340,4,0,1
11340,4,-2,2
11341,4,1,-1
11341,4,-1,0
11341,4,0,1
11341,4,-1,2
11342,4,1,-1
11342,4,-1,0
11342,4,0,1
11342,4,0,2
11343,4,1,-1
11343,4,-1,0
11343,4,0,1
11343,4,1,2
11344,4,1,-1
11344,4,-1,0
11344,4,0,1
11344,4,2,2
11345,4,1,-1
11345,4,-1,0
11345,4,1,1
11345,4,2,1
11346,4,1,-1
11346,4,-1,0
11346,4,1,1
11346,4,-2,2
11347,4,1,-1
11347,4,-1,0
11347,4,1,1
11347,4,-1,2
11348,4,1,-1
11348,4,-1,0
11348,4,1,1
11348,4,0,2
11349,4,1,-1
11349,4,-1,0
11349,4,1,1
11349,4,1,2
11350,4,1,-1
11350,4,-1,0
11350,4,1,1
11350,4,2,2
11351,4,1,-1
11351,4,-1,0
11351,4,2,1
11351,4,-2,2
11352,4,1,-1
11352,4,-1,0
11352,4,2,1
11352,4,-1,2
11353,4,1,-1
11353,4,-1,0
11353,4,2,1
11353,4,0,2
11354,4,1,-1
11354,4,-1,0
11354,4,2,1
11354,4,1,2
11355,4,1,-1
11355,4,-1,0
11355,4,2,1
11355,4,2,2
11356,4,1,-1
11356,4,-1,0
11356,4,-2,2
11356,4,-1,2
11357,4,1,-1
11357,4,-1,0
11357,4,-2,2
11357,4,0,2
11358,4,1,-1
11358,4,-1,0
11358,4,-2,2
11358,4,1,2
11359,4,1,-1
11359,4,-1,0
11359,4,-2,2
11359,4,2,2
11360,4,1,-1
11360,4,-1,0
11360,4,-1,2
11360,4,0,2
11361,4,1,-1
11361,4,-1,0
11361,4,-1,2
11361,4,1,2
11362,4,1,-1
11362,4,-1,0
11362,4,-1,2
11362,4,2,2
11363,4,1,-1
11363,4,-1,0
11363,4,0,2
11363,4,1,2
11364,4,1,-1
11364,4,-1,0
11364,4,0,2
11364,4,2,2
11365,4,1,-1
11365,4,-1,0
11365,4,1,2
11365,4,2,2
11366,4,1,-1
11366,4,1,0
11366,4,2,0
11366,4,-2,1
11367,4,1,-1
11367,4,1,0
11367,4,2,0
11367,4,-1,1
11368,4,1,-1
11368,4,1,0
11368,4,2,0
11368,4,0,1
11369,4,1,-1
11369,4,1,0
11369,4,2,0
11369,4,1,1
11370,4,1,-1
11370,4,1,0
11370,4,2,0
11370,4,2,1
11371,4,1,-1
11371,4,1,0
11371,4,2,0
11371,4,-2,2
11372,4,1,-1
11372,4,1,0
11372,4,2,0
11372,4,-1,2
11373,4,1,-1
11373,4,1,0
11373,4,2,0
11373,4,0,2
11374,4,1,-1
11374,4,1,0
11374,4,2,0
11374,4,1,2
11375,4,1,-1
11375,4,1,0
11375,4,2,0
11375,4,2,2
11376,4,1,-1
11376,4,1,0
11376,4,-2,1
11376,4,-1,1
11377,4,1,-1
11377,4,1,0
11377,4,-2,1
11377,4,0,1
11378,4,1,-1
11378,4,1,0
11378,4,-2,1
11378,4,1,1
11379,4,1,-1
11379,4,1,0
11379,4,-2,1
11379,4,2,1
11380,4,1,-1
11380,4,1,0
11380,4,-2,1
11380,4,-2,2
11381,4,1,-1
11381,4,1,0
11381,4,-2,1
11381,4,-1,2
11382,4,1,-1
11382,4,1,0
11382,4,-2,1
11382,4,0,2
11383,4,1,-1
11383,4,1,0
11383,4,-2,1
11383,4,1,2
11384,4,1,-1
11384,4,1,0
11384,4,-2,1
11384,4,2,2
11385,4,1,-1
11385,4,1,0
11385,4,-1,1
11385,4,0,1
11386,4,1,-1
11386,4,1,0
11386,4,-1,1
11386,4,1,1
11387,4,1,-1
11387,4,1,0
11387,4,-1,1
11387,4,2,1
11388,4,1,-1
11388,4,1,0
11388,4,-1,1
11388,4,-2,2
11389,4,1,-1
11389,4,1,0
11389,4,-1,1
11389,4,-1,2
11390,4,1,-1
11390,4,1,0
11390,4,-1,1
11390,4,0,2
11391,4,1,-1
11391,4,1,0
11391,4,-1,1
11391,4,1,2
11392,4,1,-1
11392,4,1,0
11392,4,-1,1
11392,4,2,2
11393,4,1,-1
11393,4,1,0
11393,4,0,1
11393,4,1,1
11394,4,1,-1
11394,4,1,0
11394,4,0,1
11394,4,2,1
11395,4,1,-1
11395,4,1,0
11395,4,0,1
11395,4,-2,2
11396,4,1,-1
11396,4,1,0
11396,4,0,1
11396,4,-1,2
11397,4,1,-1
11397,4,1,0
11397,4,0,1
11397,4,0,2
11398,4,1,-1
11398,4,1,0
11398,4,0,1
11398,4,1,2
11399,4,1,-1
11399,4,1,0
11399,4,0,1
11399,4,2,2
11400,4,1,-1
11400,4,1,0
11400,4,1,1
11400,4,2,1
11401,4,1,-1
11401,4,1,0
11401,4,1,1
11401,4,-2,2
11402,4,1,-1
11402,4,1,0
11402,4,1,1
11402,4,-1,2
11403,4,1,-1
11403,4,1,0
11403,4,1,1
11403,4,0,2
11404,4,1,-1
11404,4,1,0
11404,4,1,1
11404,4,1,2
11405,4,1,-1
11405,4,1,0
11405,4,1,1
11405,4,2,2
11406,4,1,-1
11406,4,1,0
11406,4,2,1
11406,4,-2,2
11407,4,1,-1
11407,4,1,0
11407,4,2,1
11407,4,-1,2
11408,4,1,-1
11408,4,1,0
11408,4,2,1
11408,4,0,2
11409,4,1,-1
11409,4,1,0
11409,4,2,1
11409,4,1,2
11410,4,1,-1
11410,4,1,0
11410,4,2,1
11410,4,2,2
11411,4,1,-1
11411,4,1,0
11411,4,-2,2
11411,4,-1,2
11412,4,1,-1
11412,4,1,0
11412,4,-2,2
11412,4,0,2
11413,4,1,-1
11413,4,1,0
11413,4,-2,2
11413,4,1,2
11414,4,1,-1
11414,4,1,0
11414,4,-2,2
11414,4,2,2
11415,4,1,-1
11415,4,1,0
11415,4,-1,2
11415,4,0,2
11416,4,1,-1
11416,4,1,0
11416,4,-1,2
11416,4,1,2
11417,4,1,-1
11417,4,1,0
11417,4,-1,2
11417,4,2,2
11418,4,1,-1
11418,4,1,0
11418,4,0,2
11418,4,1,2
11419,4,1,-1
11419,4,1,0
11419,4,0,2
11419,4,2,2
11420,4,1,-1
11420,4,1,0
11420,4,1,2
11420,4,2,2
11421,4,1,-1
11421,4,2,0
11421,4,-2,1
11421,4,-1,1
11422,4,1,-1
11422,4,2,0
11422,4,-2,1
11422,4,0,1
11423,4,1,-1
11423,4,2,0
11423,4,-2,1
11423,4,1,1
11424,4,1,-1
11424,4,2,0
11424,4,-2,1
11424,4,2,1
11425,4,1,-1
11425,4,2,0
11425,4,-2,1
11425,4,-2,2
11426,4,1,-1
11426,4,2,0
11426,4,-2,1
11426,4,-1,2
11427,4,1,-1
11427,4,2,0
11427,4,-2,1
11427,4,0,2
11428,4,1,-1
11428,4,2,0
11428,4,-2,1
11428,4,1,2
11429,4,1,-1
11429,4,2,0
11429,4,-2,1
11429,4,2,2
11430,4,1,-1
11430,4,2,0
11430,4,-1,1
11430,4,0,1
11431,4,1,-1
11431,4,2,0
11431,4,-1,1
11431,4,1,1
11432,4,1,-1
11432,4,2,0
11432,4,-1,1
11432,4,2,1
11433,4,1,-1
11433,4,2,0
11433,4,-1,1
11433,4,-2,2
11434,4,1,-1
11434,4,2,0
11434,4,-1,1
11434,4,-1,2
11435,4,1,-1
11435,4,2,0
11435,4,-1,1
11435,4,0,2
11436,4,1,-1
11436,4,2,0
11436,4,-1,1
11436,4,1,2
11437,4,1,-1
11437,4,2,0
11437,4,-1,1
11437,4,2,2
11438,4,1,-1
11438,4,2,0
11438,4,0,1
11438,4,1,1
11439,4,1,-1
11439,4,2,0
11439,4,0,1
11439,4,2,1
11440,4,1,-1
11440,4,2,0
11440,4,0,1
11440,4,-2,2
11441,4,1,-1
11441,4,2,0
11441,4,0,1
11441,4,-1,2
11442,4,1,-1
11442,4,2,0
11442,4,0,1
11442,4,0,2
11443,4,1,-1
11443,4,2,0
11443,4,0,1
11443,4,1,2
11444,4,1,-1
11444,4,2,0
11444,4,0,1
11444,4,2,2
11445,4,1,-1
11445,4,2,0
11445,4,1,1
11445,4,2,1
11446,4,1,-1
11446,4,2,0
11446,4,1,1
11446,4,-2,2
11447,4,1,-1
11447,4,2,0
11447,4,1,1
11447,4,-1,2
11448,4,1,-1
11448,4,2,0
11448,4,1,1
11448,4,0,2
11449,4,1,-1
11449,4,2,0
11449,4,1,1
11449,4,1,2
11450,4,1,-1
11450,4,2,0
11450,4,1,1
11450,4,2,2
11451,4,1,-1
11451,4,2,0
11451,4,2,1
11451,4,-2,2
11452,4,1,-1
11452,4,2,0
11452,4,2,1
11452,4,-1,2
11453,4,1,-1
11453,4,2,0
11453,4,2,1
11453,4,0,2
11454,4,1,-1
11454,4,2,0
11454,4,2,1
11454,4,1,2
11455,4,1,-1
11455,4,2,0
11455,4,2,1
11455,4,2,2
11456,4,1,-1
11456,4,2,0
11456,4,-2,2
11456,4,-1,2
11457,4,1,-1
11457,4,2,0
11457,4,-2,2
11457,4,0,2
11458,4,1,-1
11458,4,2,0
11458,4,-2,2
11458,4,1,2
11459,4,1,-1
11459,4,2,0
11459,4,-2,2
11459,4,2,2
11460,4,1,-1
11460,4,2,0
11460,4,-1,2
11460,4,0,2
11461,4,1,-1
11461,4,2,0
11461,4,-1,2
11461,4,1,2
11462,4,1,-1
11462,4,2,0
11462,4,-1,2
11462,4,2,2
11463,4,1,-1
11463,4,2,0
11463,4,0,2
11463,4,1,2
11464,4,1,-1
11464,4,2,0
11464,4,0,2
11464,4,2,2
11465,4,1,-1
11465,4,2,0
11465,4,1,2
11465,4,2,2
11466,4,1,-1
11466,4,-2,1
11466,4,-1,1
11466,4,0,1
11467,4,1,-1
11467,4,-2,1
11467,4,-1,1
11467,4,1,1
11468,4,1,-1
11468,4,-2,1
11468,4,-1,1
11468,4,2,1
11469,4,1,-1
11469,4,-2,1
11469,4,-1,1
11469,4,-2,2
11470,4,1,-1
11470,4,-2,1
11470,4,-1,1
11470,4,-1,2
11471,4,1,-1
11471,4,-2,1
11471,4,-1,1
11471,4,0,2
11472,4,1,-1
11472,4,-2,1
11472,4,-1,1
11472,4,1,2
11473,4,1,-1
11473,4,-2,1
11473,4,-1,1
11473,4,2,2
11474,4,1,-1
11474,4,-2,1
11474,4,0,1
11474,4,1,1
11475,4,1,-1
11475,4,-2,1
11475,4,0,1
11475,4,2,1
11476,4,1,-1
11476,4,-2,1
11476,4,0,1
11476,4,-2,2
11477,4,1,-1
11477,4,-2,1
11477,4,0,1
11477,4,-1,2
11478,4,1,-1
11478,4,-2,1
11478,4,0,1
11478,4,0,2
11479,4,1,-1
11479,4,-2,1
11479,4,0,1
11479,4,1,2
11480,4,1,-1
11480,4,-2,1
11480,4,0,1
11480,4,2,2
11481,4,1,-1
11481,4,-2,1
11481,4,1,1
11481,4,2,1
11482,4,1,-1
11482,4,-2,1
11482,4,1,1
11482,4,-2,2
11483,4,1,-1
11483,4,-2,1
11483,4,1,1
11483,4,-1,2
11484,4,1,-1
11484,4,-2,1
11484,4,1,1
11484,4,0,2
11485,4,1,-1
11485,4,-2,1
11485,4,1,1
11485,4,1,2
11486,4,1,-1
11486,4,-2,1
11486,4,1,1
11486,4,2,2
11487,4,1,-1
11487,4,-2,1
11487,4,2,1
11487,4,-2,2
11488,4,1,-1
11488,4,-2,1
11488,4,2,1
11488,4,-1,2
11489,4,1,-1
11489,4,-2,1
11489,4,2,1
11489,4,0,2
11490,4,1,-1
11490,4,-2,1
11490,4,2,1
11490,4,1,2
11491,4,1,-1
11491,4,-2,1
11491,4,2,1
11491,4,2,2
11492,4,1,-1
11492,4,-2,1
11492,4,-2,2
11492,4,-1,2
11493,4,1,-1
11493,4,-2,1
11493,4,-2,2
11493,4,0,2
11494,4,1,-1
11494,4,-2,1
11494,4,-2,2
11494,4,1,2
11495,4,1,-1
11495,4,-2,1
11495,4,-2,2
11495,4,2,2
11496,4,1,-1
11496,4,-2,1
11496,4,-1,2
11496,4,0,2
11497,4,1,-1
11497,4,-2,1
11497,4,-1,2
11497,4,1,2
11498,4,1,-1
11498,4,-2,1
11498,4,-1,2
11498,4,2,2
11499,4,1,-1
11499,4,-2,1
11499,4,0,2
11499,4,1,2
11500,4,1,-1
11500,4,-2,1
11500,4,0,2
11500,4,2,2
11501,4,1,-1
11501,4,-2,1
11501,4,1,2
11501,4,2,2
11502,4,1,-1
11502,4,-1,1
11502,4,0,1
11502,4,1,1
11503,4,1,-1
11503,4,-1,1
11503,4,0,1
11503,4,2,1
11504,4,1,-1
11504,4,-1,1
11504,4,0,1
11504,4,-2,2
11505,4,1,-1
11505,4,-1,1
11505,4,0,1
11505,4,-1,2
11506,4,1,-1
11506,4,-1,1
11506,4,0,1
11506,4,0,2
11507,4,1,-1
11507,4,-1,1
11507,4,0,1
11507,4,1,2
11508,4,1,-1
11508,4,-1,1
11508,4,0,1
11508,4,2,2
11509,4,1,-1
11509,4,-1,1
11509,4,1,1
11509,4,2,1
11510,4,1,-1
11510,4,-1,1
11510,4,1,1
11510,4,-2,2
11511,4,1,-1
11511,4,-1,1
11511,4,1,1
11511,4,-1,2
11512,4,1,-1
11512,4,-1,1
11512,4,1,1
11512,4,0,2
11513,4,1,-1
11513,4,-1,1
11513,4,1,1
11513,4,1,2
11514,4,1,-1
11514,4,-1,1
11514,4,1,1
11514,4,2,2
11515,4,1,-1
11515,4,-1,1
11515,4,2,1
11515,4,-2,2
11516,4,1,-1
11516,4,-1,1
11516,4,2,1
11516,4,-1,2
11517,4,1,-1
11517,4,-1,1
11517,4,2,1
11517,4,0,2
11518,4,1,-1
11518,4,-1,1
11518,4,2,1
11518,4,1,2
11519,4,1,-1
11519,4,-1,1
11519,4,2,1
11519,4,2,2
11520,4,1,-1
11520,4,-1,1
11520,4,-2,2
11520,4,-1,2
11521,4,1,-1
11521,4,-1,1
11521,4,-2,2
11521,4,0,2
11522,4,1,-1
11522,4,-1,1
11522,4,-2,2
11522,4,1,2
11523,4,1,-1
11523,4,-1,1
11523,4,-2,2
11523,4,2,2
11524,4,1,-1
11524,4,-1,1
11524,4,-1,2
11524,4,0,2
11525,4,1,-1
11525,4,-1,1
11525,4,-1,2
11525,4,1,2
11526,4,1,-1
11526,4,-1,1
11526,4,-1,2
11526,4,2,2
11527,4,1,-1
11527,4,-1,1
11527,4,0,2
11527,4,1,2
11528,4,1,-1
11528,4,-1,1
11528,4,0,2
11528,4,2,2
11529,4,1,-1
11529,4,-1,1
11529,4,1,2
11529,4,2,2
11530,4,1,-1
11530,4,0,1
11530,4,1,1
11530,4,2,1
11531,4,1,-1
11531,4,0,1
11531,4,1,1
11531,4,-2,2
11532,4,1,-1
11532,4,0,1
11532,4,1,1
11532,4,-1,2
11533,4,1,-1
11533,4,0,1
11533,4,1,1
11533,4,0,2
11534,4,1,-1
11534,4,0,1
11534,4,1,1
11534,4,1,2
11535,4,1,-1
11535,4,0,1
11535,4,1,1
11535,4,2,2
11536,4,1,-1
11536,4,0,1
11536,4,2,1
11536,4,-2,2
11537,4,1,-1
11537,4,0,1
11537,4,2,1
11537,4,-1,2
11538,4,1,-1
11538,4,0,1
11538,4,2,1
11538,4,0,2
11539,4,1,-1
11539,4,0,1
11539,4,2,1
11539,4,1,2
11540,4,1,-1
11540,4,0,1
11540,4,2,1
11540,4,2,2
11541,4,1,-1
11541,4,0,1
11541,4,-2,2
11541,4,-1,2
11542,4,1,-1
11542,4,0,1
11542,4,-2,2
11542,4,0,2
11543,4,1,-1
11543,4,0,1
11543,4,-2,2
11543,4,1,2
11544,4,1,-1
11544,4,0,1
11544,4,-2,2
11544,4,2,2
11545,4,1,-1
11545,4,0,1
11545,4,-1,2
11545,4,0,2
11546,4,1,-1
11546,4,0,1
11546,4,-1,2
11546,4,1,2
11547,4,1,-1
11547,4,0,1
11547,4,-1,2
11547,4,2,2
11548,4,1,-1
11548,4,0,1
11548,4,0,2
11548,4,1,2
11549,4,1,-1
11549,4,0,1
11549,4,0,2
11549,4,2,2
11550,4,1,-1
11550,4,0,1
11550,4,1,2
11550,4,2,2
11551,4,1,-1
11551,4,1,1
11551,4,2,1
11551,4,-2,2
11552,4,1,-1
11552,4,1,1
11552,4,2,1
11552,4,-1,2
11553,4,1,-1
11553,4,1,1
11553,4,2,1
11553,4,0,2
11554,4,1,-1
11554,4,1,1
11554,4,2,1
11554,4,1,2
11555,4,1,-1
11555,4,1,1
11555,4,2,1
11555,4,2,2
11556,4,1,-1
11556,4,1,1
11556,4,-2,2
11556,4,-1,2
11557,4,1,-1
11557,4,1,1
11557,4,-2,2
11557,4,0,2
11558,4,1,-1
11558,4,1,1
11558,4,-2,2
11558,4,1,2
11559,4,1,-1
11559,4,1,1
11559,4,-2,2
11559,4,2,2
11560,4,1,-1
11560,4,1,1
11560,4,-1,2
11560,4,0,2
11561,4,1,-1
11561,4,1,1
11561,4,-1,2
11561,4,1,2
11562,4,1,-1
11562,4,1,1
11562,4,-1,2
11562,4,2,2
11563,4,1,-1
11563,4,1,1
11563,4,0,2
11563,4,1,2
11564,4,1,-1
11564,4,1,1
11564,4,0,2
11564,4,2,2
11565,4,1,-1
11565,4,1,1
11565,4,1,2
11565,4,2,2
11566,4,1,-1
11566,4,2,1
11566,4,-2,2
11566,4,-1,2
11567,4,1,-1
11567,4,2,1
11567,4,-2,2
11567,4,0,2
11568,4,1,-1
11568,4,2,1
11568,4,-2,2
11568,4,1,2
11569,4,1,-1
11569,4,2,1
11569,4,-2,2
11569,4,2,2
11570,4,1,-1
11570,4,2,1
11570,4,-1,2
11570,4,0,2
11571,4,1,-1
11571,4,2,1
11571,4,-1,2
11571,4,1,2
11572,4,1,-1
11572,4,2,1
11572,4,-1,2
11572,4,2,2
11573,4,1,-1
11573,4,2,1
11573,4,0,2
11573,4,1,2
11574,4,1,-1
11574,4,2,1
11574,4,0,2
11574,4,2,2
11575,4,1,-1
11575,4,2,1
11575,4,1,2
11575,4,2,2
11576,4,1,-1
11576,4,-2,2
11576,4,-1,2
11576,4,0,2
11577,4,1,-1
11577,4,-2,2
11577,4,-1,2
11577,4,1,2
11578,4,1,-1
11578,4,-2,2
11578,4,-1,2
11578,4,2,2
11579,4,1,-1
11579,4,-2,2
11579,4,0,2
11579,4,1,2
11580,4,1,-1
11580,4,-2,2
11580,4,0,2
11580,4,2,2
11581,4,1,-1
11581,4,-2,2
11581,4,1,2
11581,4,2,2
11582,4,1,-1
11582,4,-1,2
11582,4,0,2
11582,4,1,2
11583,4,1,-1
11583,4,-1,2
11583,4,0,2
11583,4,2,2
11584,4,1,-1
11584,4,-1,2
11584,4,1,2
11584,4,2,2
11585,4,1,-1
11585,4,0,2
11585,4,1,2
11585,4,2,2
11586,4,2,-1
11586,4,-2,0
11586,4,-1,0
11586,4,1,0
11587,4,2,-1
11587,4,-2,0
11587,4,-1,0
11587,4,2,0
11588,4,2,-1
11588,4,-2,0
11588,4,-1,0
11588,4,-2,1
11589,4,2,-1
11589,4,-2,0
11589,4,-1,0
11589,4,-1,1
11590,4,2,-1
11590,4,-2,0
11590,4,-1,0
11590,4,0,1
11591,4,2,-1
11591,4,-2,0
11591,4,-1,0
11591,4,1,1
11592,4,2,-1
11592,4,-2,0
11592,4,-1,0
11592,4,2,1
11593,4,2,-1
11593,4,-2,0
11593,4,-1,0
11593,4,-2,2
11594,4,2,-1
11594,4,-2,0
11594,4,-1,0
11594,4,-1,2
11595,4,2,-1
11595,4,-2,0
11595,4,-1,0
11595,4,0,2
11596,4,2,-1
11596,4,-2,0
11596,4,-1,0
11596,4,1,2
11597,4,2,-1
11597,4,-2,0
11597,4,-1,0
11597,4,2,2
11598,4,2,-1
11598,4,-2,0
11598,4,1,0
11598,4,2,0
11599,4,2,-1
11599,4,-2,0
11599,4,1,0
11599,4,-2,1
11600,4,2,-1
11600,4,-2,0
11600,4,1,0
11600,4,-1,1
11601,4,2,-1
11601,4,-2,0
11601,4,1,0
11601,4,0,1
11602,4,2,-1
11602,4,-2,0
11602,4,1,0
11602,4,1,1
11603,4,2,-1
11603,4,-2,0
11603,4,1,0
11603,4,2,1
11604,4,2,-1
11604,4,-2,0
11604,4,1,0
11604,4,-2,2
11605,4,2,-1
11605,4,-2,0
11605,4,1,0
11605,4,-1,2
11606,4,2,-1
11606,4,-2,0
11606,4,1,0
11606,4,0,2
11607,4,2,-1
11607,4,-2,0
11607,4,1,0
11607,4,1,2
11608,4,2,-1
11608,4,-2,0
11608,4,1,0
11608,4,2,2
11609,4,2,-1
11609,4,-2,0
11609,4,2,0
11609,4,-2,1
11610,4,2,-1
11610,4,-2,0
11610,4,2,0
11610,4,-1,1
11611,4,2,-1
11611,4,-2,0
11611,4,2,0
11611,4,0,1
11612,4,2,-1
11612,4,-2,0
11612,4,2,0
11612,4,1,1
11613,4,2,-1
11613,4,-2,0
11613,4,2,0
11613,4,2,1
11614,4,2,-1
11614,4,-2,0
11614,4,2,0
11614,4,-2,2
11615,4,2,-1
11615,4,-2,0
11615,4,2,0
11615,4,-1,2
11616,4,2,-1
11616,4,-2,0
11616,4,2,0
11616,4,0,2
11617,4,2,-1
11617,4,-2,0
11617,4,2,0
11617,4,1,2
11618,4,2,-1
11618,4,-2,0
11618,4,2,0
11618,4,2,2
11619,4,2,-1
11619,4,-2,0
11619,4,-2,1
11619,4,-1,1
11620,4,2,-1
11620,4,-2,0
11620,4,-2,1
11620,4,0,1
11621,4,2,-1
11621,4,-2,0
11621,4,-2,1
11621,4,1,1
11622,4,2,-1
11622,4,-2,0
11622,4,-2,1
11622,4,2,1
11623,4,2,-1
11623,4,-2,0
11623,4,-2,1
11623,4,-2,2
11624,4,2,-1
11624,4,-2,0
11624,4,-2,1
11624,4,-1,2
11625,4,2,-1
11625,4,-2,0
11625,4,-2,1
11625,4,0,2
11626,4,2,-1
11626,4,-2,0
11626,4,-2,1
11626,4,1,2
11627,4,2,-1
11627,4,-2,0
11627,4,-2,1
11627,4,2,2
11628,4,2,-1
11628,4,-2,0
11628,4,-1,1
11628,4,0,1
11629,4,2,-1
11629,4,-2,0
11629,4,-1,1
11629,4,1,1
11630,4,2,-1
11630,4,-2,0
11630,4,-1,1
11630,4,2,1
11631,4,2,-1
11631,4,-2,0
11631,4,-1,1
11631,4,-2,2
11632,4,2,-1
11632,4,-2,0
11632,4,-1,1
11632,4,-1,2
11633,4,2,-1
11633,4,-2,0
11633,4,-1,1
11633,4,0,2
11634,4,2,-1
11634,4,-2,0
11634,4,-1,1
11634,4,1,2
11635,4,2,-1
11635,4,-2,0
11635,4,-1,1
11635,4,2,2
11636,4,2,-1
11636,4,-2,0
11636,4,0,1
11636,4,1,1
11637,4,2,-1
11637,4,-2,0
11637,4,0,1
11637,4,2,1
11638,4,2,-1
11638,4,-2,0
11638,4,0,1
11638,4,-2,2
11639,4,2,-1
11639,4,-2,0
11639,4,0,1
11639,4,-1,2
11640,4,2,-1
11640,4,-2,0
11640,4,0,1
11640,4,0,2
11641,4,2,-1
11641,4,-2,0
11641,4,0,1
11641,4,1,2
11642,4,2,-1
11642,4,-2,0
11642,4,0,1
11642,4,2,2
11643,4,2,-1
11643,4,-2,0
11643,4,1,1
11643,4,2,1
11644,4,2,-1
11644,4,-2,0
11644,4,1,1
11644,4,-2,2
11645,4,2,-1
11645,4,-2,0
11645,4,1,1
11645,4,-1,2
11646,4,2,-1
11646,4,-2,0
11646,4,1,1
11646,4,0,2
11647,4,2,-1
11647,4,-2,0
11647,4,1,1
11647,4,1,2
11648,4,2,-1
11648,4,-2,0
11648,4,1,1
11648,4,2,2
11649,4,2,-1
11649,4,-2,0
11649,4,2,1
11649,4,-2,2
11650,4,2,-1
11650,4,-2,0
11650,4,2,1
11650,4,-1,2
11651,4,2,-1
11651,4,-2,0
11651,4,2,1
11651,4,0,2
11652,4,2,-1
11652,4,-2,0
11652,4,2,1
11652,4,1,2
11653,4,2,-1
11653,4,-2,0
11653,4,2,1
11653,4,2,2
11654,4,2,-1
11654,4,-2,0
11654,4,-2,2
11654,4,-1,2
11655,4,2,-1
11655,4,-2,0
11655,4,-2,2
11655,4,0,2
11656,4,2,-1
11656,4,-2,0
11656,4,-2,2
11656,4,1,2
11657,4,2,-1
11657,4,-2,0
11657,4,-2,2
11657,4,2,2
11658,4,2,-1
11658,4,-2,0
11658,4,-1,2
11658,4,0,2
11659,4,2,-1
11659,4,-2,0
11659,4,-1,2
11659,4,1,2
11660,4,2,-1
11660,4,-2,0
11660,4,-1,2
11660,4,2,2
11661,4,2,-1
11661,4,-2,0
11661,4,0,2
11661,4,1,2
11662,4,2,-1
11662,4,-2,0
11662,4,0,2
11662,4,2,2
11663,4,2,-1
11663,4,-2,0
11663,4,1,2
11663,4,2,2
11664,4,2,-1
11664,4,-1,0
11664,4,1,0
11664,4,2,0
11665,4,2,-1
11665,4,-1,0
11665,4,1,0
11665,4,-2,1
11666,4,2,-1
11666,4,-1,0
11666,4,1,0
11666,4,-1,1
11667,4,2,-1
11667,4,-1,0
11667,4,1,0
11667,4,0,1
11668,4,2,-1
11668,4,-1,0
11668,4,1,0
11668,4,1,1
11669,4,2,-1
11669,4,-1,0
11669,4,1,0
11669,4,2,1
11670,4,2,-1
11670,4,-1,0
11670,4,1,0
11670,4,-2,2
11671,4,2,-1
11671,4,-1,0
11671,4,1,0
11671,4,-1,2
11672,4,2,-1
11672,4,-1,0
11672,4,1,0
11672,4,0,2
11673,4,2,-1
11673,4,-1,0
11673,4,1,0
11673,4,1,2
11674,4,2,-1
11674,4,-1,0
11674,4,1,0
11674,4,2,2
11675,4,2,-1
11675,4,-1,0
11675,4,2,0
11675,4,-2,1
11676,4,2,-1
11676,4,-1,0
11676,4,2,0
11676,4,-1,1
11677,4,2,-1
11677,4,-1,0
11677,4,2,0
11677,4,0,1
11678,4,2,-1
11678,4,-1,0
11678,4,2,0
11678,4,1,1
11679,4,2,-1
11679,4,-1,0
11679,4,2,0
11679,4,2,1
11680,4,2,-1
11680,4,-1,0
11680,4,2,0
11680,4,-2,2
11681,4,2,-1
11681,4,-1,0
11681,4,2,0
11681,4,-1,2
11682,4,2,-1
11682,4,-1,0
11682,4,2,0
11682,4,0,2
11683,4,2,-1
11683,4,-1,0
11683,4,2,0
11683,4,1,2
11684,4,2,-1
11684,4,-1,0
11684,4,2,0
11684,4,2,2
11685,4,2,-1
11685,4,-1,0
11685,4,-2,1
11685,4,-1,1
11686,4,2,-1
11686,4,-1,0
11686,4,-2,1
11686,4,0,1
11687,4,2,-1
11687,4,-1,0
11687,4,-2,1
11687,4,1,1
11688,4,2,-1
11688,4,-1,0
11688,4,-2,1
11688,4,2,1
11689,4,2,-1
11689,4,-1,0
11689,4,-2,1
11689,4,-2,2
11690,4,2,-1
11690,4,-1,0
11690,4,-2,1
11690,4,-1,2
11691,4,2,-1
11691,4,-1,0
11691,4,-2,1
11691,4,0,2
11692,4,2,-1
11692,4,-1,0
11692,4,-2,1
11692,4,1,2
11693,4,2,-1
11693,4,-1,0
11693,4,-2,1
11693,4,2,2
11694,4,2,-1
11694,4,-1,0
11694,4,-1,1
11694,4,0,1
11695,4,2,-1
11695,4,-1,0
11695,4,-1,1
11695,4,1,1
11696,4,2,-1
11696,4,-1,0
11696,4,-1,1
11696,4,2,1
11697,4,2,-1
11697,4,-1,0
11697,4,-1,1
11697,4,-2,2
11698,4,2,-1
11698,4,-1,0
11698,4,-1,1
11698,4,-1,2
11699,4,2,-1
11699,4,-1,0
11699,4,-1,1
11699,4,0,2
11700,4,2,-1
11700,4,-1,0
11700,4,-1,1
11700,4,1,2
11701,4,2,-1
11701,4,-1,0
11701,4,-1,1
11701,4,2,2
11702,4,2,-1
11702,4,-1,0
11702,4,0,1
11702,4,1,1
11703,4,2,-1
11703,4,-1,0
11703,4,0,1
11703,4,2,1
11704,4,2,-1
11704,4,-1,0
11704,4,0,1
11704,4,-2,2
11705,4,2,-1
11705,4,-1,0
11705,4,0,1
11705,4,-1,2
11706,4,2,-1
11706,4,-1,0
11706,4,0,1
11706,4,0,2
11707,4,2,-1
11707,4,-1,0
11707,4,0,1
11707,4,1,2
11708,4,2,-1
11708,4,-1,0
11708,4,0,1
11708,4,2,2
11709,4,2,-1
11709,4,-1,0
11709,4,1,1
11709,4,2,1
11710,4,2,-1
11710,4,-1,0
11710,4,1,1
11710,4,-2,2
11711,4,2,-1
11711,4,-1,0
11711,4,1,1
11711,4,-1,2
11712,4,2,-1
11712,4,-1,0
11712,4,1,1
11712,4,0,2
11713,4,2,-1
11713,4,-1,0
11713,4,1,1
11713,4,1,2
11714,4,2,-1
11714,4,-1,0
11714,4,1,1
11714,4,2,2
11715,4,2,-1
11715,4,-1,0
11715,4,2,1
11715,4,-2,2
11716,4,2,-1
11716,4,-1,0
11716,4,2,1
11716,4,-1,2
11717,4,2,-1
11717,4,-1,0
11717,4,2,1
11717,4,0,2
11718,4,2,-1
11718,4,-1,0
11718,4,2,1
11718,4,1,2
11719,4,2,-1
11719,4,-1,0
11719,4,2,1
11719,4,2,2
11720,4,2,-1
11720,4,-1,0
11720,4,-2,2
11720,4,-1,2
11721,4,2,-1
11721,4,-1,0
11721,4,-2,2
11721,4,0,2
11722,4,2,-1
11722,4,-1,0
11722,4,-2,2
11722,4,1,2
11723,4,2,-1
11723,4,-1,0
11723,4,-2,2
11723,4,2,2
11724,4,2,-1
11724,4,-1,0
11724,4,-1,2
11724,4,0,2
11725,4,2,-1
11725,4,-1,0
11725,4,-1,2
11725,4,1,2
11726,4,2,-1
11726,4,-1,0
11726,4,-1,2
11726,4,2,2
11727,4,2,-1
11727,4,-1,0
11727,4,0,2
11727,4,1,2
11728,4,2,-1
11728,4,-1,0
11728,4,0,2
11728,4,2,2
11729,4,2,-1
11729,4,-1,0
11729,4,1,2
11729,4,2,2
11730,4,2,-1
11730,4,1,0
11730,4,2,0
11730,4,-2,1
11731,4,2,-1
11731,4,1,0
11731,4,2,0
11731,4,-1,1
11732,4,2,-1
11732,4,1,0
11732,4,2,0
11732,4,0,1
11733,4,2,-1
11733,4,1,0
11733,4,2,0
11733,4,1,1
11734,4,2,-1
11734,4,1,0
11734,4,2,0
11734,4,2,1
11735,4,2,-1
11735,4,1,0
11735,4,2,0
11735,4,-2,2
11736,4,2,-1
11736,4,1,0
11736,4,2,0
11736,4,-1,2
11737,4,2,-1
11737,4,1,0
11737,4,2,0
11737,4,0,2
11738,4,2,-1
11738,4,1,0
11738,4,2,0
11738,4,1,2
11739,4,2,-1
11739,4,1,0
11739,4,2,0
11739,4,2,2
11740,4,2,-1
11740,4,1,0
11740,4,-2,1
11740,4,-1,1
11741,4,2,-1
11741,4,1,0
11741,4,-2,1
11741,4,0,1
11742,4,2,-1
11742,4,1,0
11742,4,-2,1
11742,4,1,1
11743,4,2,-1
11743,4,1,0
11743,4,-2,1
11743,4,2,1
11744,4,2,-1
11744,4,1,0
11744,4,-2,1
11744,4,-2,2
11745,4,2,-1
11745,4,1,0
11745,4,-2,1
11745,4,-1,2
11746,4,2,-1
11746,4,1,0
11746,4,-2,1
11746,4,0,2
11747,4,2,-1
11747,4,1,0
11747,4,-2,1
11747,4,1,2
11748,4,2,-1
11748,4,1,0
11748,4,-2,1
11748,4,2,2
11749,4,2,-1
11749,4,1,0
11749,4,-1,1
11749,4,0,1
11750,4,2,-1
11750,4,1,0
11750,4,-1,1
11750,4,1,1
11751,4,2,-1
11751,4,1,0
11751,4,-1,1
11751,4,2,1
11752,4,2,-1
11752,4,1,0
11752,4,-1,1
11752,4,-2,2
11753,4,2,-1
11753,4,1,0
11753,4,-1,1
11753,4,-1,2
11754,4,2,-1
11754,4,1,0
11754,4,-1,1
11754,4,0,2
11755,4,2,-1
11755,4,1,0
11755,4,-1,1
11755,4,1,2
11756,4,2,-1
11756,4,1,0
11756,4,-1,1
11756,4,2,2
11757,4,2,-1
11757,4,1,0
11757,4,0,1
11757,4,1,1
11758,4,2,-1
11758,4,1,0
11758,4,0,1
11758,4,2,1
11759,4,2,-1
11759,4,1,0
11759,4,0,1
11759,4,-2,2
11760,4,2,-1
11760,4,1,0
11760,4,0,1
11760,4,-1,2
11761,4,2,-1
11761,4,1,0
11761,4,0,1
11761,4,0,2
11762,4,2,-1
11762,4,1,0
11762,4,0,1
11762,4,1,2
11763,4,2,-1
11763,4,1,0
11763,4,0,1
11763,4,2,2
11764,4,2,-1
11764,4,1,0
11764,4,1,1
11764,4,2,1
11765,4,2,-1
11765,4,1,0
11765,4,1,1
11765,4,-2,2
11766,4,2,-1
11766,4,1,0
11766,4,1,1
11766,4,-1,2
11767,4,2,-1
11767,4,1,0
11767,4,1,1
11767,4,0,2
11768,4,2,-1
11768,4,1,0
11768,4,1,1
11768,4,1,2
11769,4,2,-1
11769,4,1,0
11769,4,1,1
11769,4,2,2
11770,4,2,-1
11770,4,1,0
11770,4,2,1
11770,4,-2,2
11771,4,2,-1
11771,4,1,0
11771,4,2,1
11771,4,-1,2
11772,4,2,-1
11772,4,1,0
11772,4,2,1
11772,4,0,2
11773,4,2,-1
11773,4,1,0
11773,4,2,1
11773,4,1,2
11774,4,2,-1
11774,4,1,0
11774,4,2,1
11774,4,2,2
11775,4,2,-1
11775,4,1,0
11775,4,-2,2
11775,4,-1,2
11776,4,2,-1
11776,4,1,0
11776,4,-2,2
11776,4,0,2
11777,4,2,-1
11777,4,1,0
11777,4,-2,2
11777,4,1,2
11778,4,2,-1
11778,4,1,0
11778,4,-2,2
11778,4,2,2
11779,4,2,-1
11779,4,1,0
11779,4,-1,2
11779,4,0,2
11780,4,2,-1
11780,4,1,0
11780,4,-1,2
11780,4,1,2
11781,4,2,-1
11781,4,1,0
11781,4,-1,2
11781,4,2,2
11782,4,2,-1
11782,4,1,0
11782,4,0,2
11782,4,1,2
11783,4,2,-1
11783,4,1,0
11783,4,0,2
11783,4,2,2
11784,4,2,-1
11784,4,1,0
11784,4,1,2
11784,4,2,2
11785,4,2,-1
11785,4,2,0
11785,4,-2,1
11785,4,-1,1
11786,4,2,-1
11786,4,2,0
11786,4,-2,1
11786,4,0,1
11787,4,2,-1
11787,4,2,0
11787,4,-2,1
11787,4,1,1
11788,4,2,-1
11788,4,2,0
11788,4,-2,1
11788,4,2,1
11789,4,2,-1
11789,4,2,0
11789,4,-2,1
11789,4,-2,2
11790,4,2,-1
11790,4,2,0
11790,4,-2,1
11790,4,-1,2
11791,4,2,-1
11791,4,2,0
11791,4,-2,1
11791,4,0,2
11792,4,2,-1
11792,4,2,0
11792,4,-2,1
11792,4,1,2
11793,4,2,-1
11793,4,2,0
11793,4,-2,1
11793,4,2,2
11794,4,2,-1
11794,4,2,0
11794,4,-1,1
11794,4,0,1
11795,4,2,-1
11795,4,2,0
11795,4,-1,1
11795,4,1,1
11796,4,2,-1
11796,4,2,0
11796,4,-1,1
11796,4,2,1
11797,4,2,-1
11797,4,2,0
11797,4,-1,1
11797,4,-2,2
11798,4,2,-1
11798,4,2,0
11798,4,-1,1
11798,4,-1,2
11799,4,2,-1
11799,4,2,0
11799,4,-1,1
11799,4,0,2
11800,4,2,-1
11800,4,2,0
11800,4,-1,1
11800,4,1,2
11801,4,2,-1
11801,4,2,0
11801,4,-1,1
11801,4,2,2
11802,4,2,-1
11802,4,2,0
11802,4,0,1
11802,4,1,1
11803,4,2,-1
11803,4,2,0
11803,4,0,1
11803,4,2,1
11804,4,2,-1
11804,4,2,0
11804,4,0,1
11804,4,-2,2
11805,4,2,-1
11805,4,2,0
11805,4,0,1
11805,4,-1,2
11806,4,2,-1
11806,4,2,0
11806,4,0,1
11806,4,0,2
11807,4,2,-1
11807,4,2,0
11807,4,0,1
11807,4,1,2
11808,4,2,-1
11808,4,2,0
11808,4,0,1
11808,4,2,2
11809,4,2,-1
11809,4,2,0
11809,4,1,1
11809,4,2,1
11810,4,2,-1
11810,4,2,0
11810,4,1,1
11810,4,-2,2
11811,4,2,-1
11811,4,2,0
11811,4,1,1
11811,4,-1,2
11812,4,2,-1
11812,4,2,0
11812,4,1,1
11812,4,0,2
11813,4,2,-1
11813,4,2,0
11813,4,1,1
11813,4,1,2
11814,4,2,-1
11814,4,2,0
11814,4,1,1
11814,4,2,2
11815,4,2,-1
11815,4,2,0
11815,4,2,1
11815,4,-2,2
11816,4,2,-1
11816,4,2,0
11816,4,2,1
11816,4,-1,2
11817,4,2,-1
11817,4,2,0
11817,4,2,1
11817,4,0,2
11818,4,2,-1
11818,4,2,0
11818,4,2,1
11818,4,1,2
11819,4,2,-1
11819,4,2,0
11819,4,2,1
11819,4,2,2
11820,4,2,-1
11820,4,2,0
11820,4,-2,2
11820,4,-1,2
11821,4,2,-1
11821,4,2,0
11821,4,-2,2
11821,4,0,2
11822,4,2,-1
11822,4,2,0
11822,4,-2,2
11822,4,1,2
11823,4,2,-1
11823,4,2,0
11823,4,-2,2
11823,4,2,2
11824,4,2,-1
11824,4,2,0
11824,4,-1,2
11824,4,0,2
11825,4,2,-1
11825,4,2,0
11825,4,-1,2
11825,4,1,2
11826,4,2,-1
11826,4,2,0
11826,4,-1,2
11826,4,2,2
11827,4,2,-1
11827,4,2,0
11827,4,0,2
11827,4,1,2
11828,4,2,-1
11828,4,2,0
11828,4,0,2
11828,4,2,2
11829,4,2,-1
11829,4,2,0
11829,4,1,2
11829,4,2,2
11830,4,2,-1
11830,4,-2,1
11830,4,-1,1
11830,4,0,1
11831,4,2,-1
11831,4,-2,1
11831,4,-1,1
11831,4,1,1
11832,4,2,-1
11832,4,-2,1
11832,4,-1,1
11832,4,2,1
11833,4,2,-1
11833,4,-2,1
11833,4,-1,1
11833,4,-2,2
11834,4,2,-1
11834,4,-2,1
11834,4,-1,1
11834,4,-1,2
11835,4,2,-1
11835,4,-2,1
11835,4,-1,1
11835,4,0,2
11836,4,2,-1
11836,4,-2,1
11836,4,-1,1
11836,4,1,2
11837,4,2,-1
11837,4,-2,1
11837,4,-1,1
11837,4,2,2
11838,4,2,-1
11838,4,-2,1
11838,4,0,1
11838,4,1,1
11839,4,2,-1
11839,4,-2,1
11839,4,0,1
11839,4,2,1
11840,4,2,-1
11840,4,-2,1
11840,4,0,1
11840,4,-2,2
11841,4,2,-1
11841,4,-2,1
11841,4,0,1
11841,4,-1,2
11842,4,2,-1
11842,4,-2,1
11842,4,0,1
11842,4,0,2
11843,4,2,-1
11843,4,-2,1
11843,4,0,1
11843,4,1,2
11844,4,2,-1
11844,4,-2,1
11844,4,0,1
11844,4,2,2
11845,4,2,-1
11845,4,-2,1
11845,4,1,1
11845,4,2,1
11846,4,2,-1
11846,4,-2,1
11846,4,1,1
11846,4,-2,2
11847,4,2,-1
11847,4,-2,1
11847,4,1,1
11847,4,-1,2
11848,4,2,-1
11848,4,-2,1
11848,4,1,1
11848,4,0,2
11849,4,2,-1
11849,4,-2,1
11849,4,1,1
11849,4,1,2
11850,4,2,-1
11850,4,-2,1
11850,4,1,1
11850,4,2,2
11851,4,2,-1
11851,4,-2,1
11851,4,2,1
11851,4,-2,2
11852,4,2,-1
11852,4,-2,1
11852,4,2,1
11852,4,-1,2
11853,4,2,-1
11853,4,-2,1
11853,4,2,1
11853,4,0,2
11854,4,2,-1
11854,4,-2,1
11854,4,2,1
11854,4,1,2
11855,4,2,-1
11855,4,-2,1
11855,4,2,1
11855,4,2,2
11856,4,2,-1
11856,4,-2,1
11856,4,-2,2
11856,4,-1,2
11857,4,2,-1
11857,4,-2,1
11857,4,-2,2
11857,4,0,2
11858,4,2,-1
11858,4,-2,1
11858,4,-2,2
11858,4,1,2
11859,4,2,-1
11859,4,-2,1
11859,4,-2,2
11859,4,2,2
11860,4,2,-1
11860,4,-2,1
11860,4,-1,2
11860,4,0,2
11861,4,2,-1
11861,4,-2,1
11861,4,-1,2
11861,4,1,2
11862,4,2,-1
11862,4,-2,1
11862,4,-1,2
11862,4,2,2
11863,4,2,-1
11863,4,-2,1
11863,4,0,2
11863,4,1,2
11864,4,2,-1
11864,4,-2,1
11864,4,0,2
11864,4,2,2
11865,4,2,-1
11865,4,-2,1
11865,4,1,2
11865,4,2,2
11866,4,2,-1
11866,4,-1,1
11866,4,0,1
11866,4,1,1
11867,4,2,-1
11867,4,-1,1
11867,4,0,1
11867,4,2,1
11868,4,2,-1
11868,4,-1,1
11868,4,0,1
11868,4,-2,2
11869,4,2,-1
11869,4,-1,1
11869,4,0,1
11869,4,-1,2
11870,4,2,-1
11870,4,-1,1
11870,4,0,1
11870,4,0,2
11871,4,2,-1
11871,4,-1,1
11871,4,0,1
11871,4,1,2
11872,4,2,-1
11872,4,-1,1
11872,4,0,1
11872,4,2,2
11873,4,2,-1
11873,4,-1,1
11873,4,1,1
11873,4,2,1
11874,4,2,-1
11874,4,-1,1
11874,4,1,1
11874,4,-2,2
11875,4,2,-1
11875,4,-1,1
11875,4,1,1
11875,4,-1,2
11876,4,2,-1
11876,4,-1,1
11876,4,1,1
11876,4,0,2
11877,4,2,-1
11877,4,-1,1
11877,4,1,1
11877,4,1,2
11878,4,2,-1
11878,4,-1,1
11878,4,1,1
11878,4,2,2
11879,4,2,-1
11879,4,-1,1
11879,4,2,1
11879,4,-2,2
11880,4,2,-1
11880,4,-1,1
11880,4,2,1
11880,4,-1,2
11881,4,2,-1
11881,4,-1,1
11881,4,2,1
11881,4,0,2
11882,4,2,-1
11882,4,-1,1
11882,4,2,1
11882,4,1,2
11883,4,2,-1
11883,4,-1,1
11883,4,2,1
11883,4,2,2
11884,4,2,-1
11884,4,-1,1
11884,4,-2,2
11884,4,-1,2
11885,4,2,-1
11885,4,-1,1
11885,4,-2,2
11885,4,0,2
11886,4,2,-1
11886,4,-1,1
11886,4,-2,2
11886,4,1,2
11887,4,2,-1
11887,4,-1,1
11887,4,-2,2
11887,4,2,2
11888,4,2,-1
11888,4,-1,1
11888,4,-1,2
11888,4,0,2
11889,4,2,-1
11889,4,-1,1
11889,4,-1,2
11889,4,1,2
11890,4,2,-1
11890,4,-1,1
11890,4,-1,2
11890,4,2,2
11891,4,2,-1
11891,4,-1,1
11891,4,0,2
11891,4,1,2
11892,4,2,-1
11892,4,-1,1
11892,4,0,2
11892,4,2,2
11893,4,2,-1
11893,4,-1,1
11893,4,1,2
11893,4,2,2
11894,4,2,-1
11894,4,0,1
11894,4,1,1
11894,4,2,1
11895,4,2,-1
11895,4,0,1
11895,4,1,1
11895,4,-2,2
11896,4,2,-1
11896,4,0,1
11896,4,1,1
11896,4,-1,2
11897,4,2,-1
11897,4,0,1
11897,4,1,1
11897,4,0,2
11898,4,2,-1
11898,4,0,1
11898,4,1,1
11898,4,1,2
11899,4,2,-1
11899,4,0,1
11899,4,1,1
11899,4,2,2
11900,4,2,-1
11900,4,0,1
11900,4,2,1
11900,4,-2,2
11901,4,2,-1
11901,4,0,1
11901,4,2,1
11901,4,-1,2
11902,4,2,-1
11902,4,0,1
11902,4,2,1
11902,4,0,2
11903,4,2,-1
11903,4,0,1
11903,4,2,1
11903,4,1,2
11904,4,2,-1
11904,4,0,1
11904,4,2,1
11904,4,2,2
11905,4,2,-1
11905,4,0,1
11905,4,-2,2
11905,4,-1,2
11906,4,2,-1
11906,4,0,1
11906,4,-2,2
11906,4,0,2
11907,4,2,-1
11907,4,0,1
11907,4,-2,2
11907,4,1,2
11908,4,2,-1
11908,4,0,1
11908,4,-2,2
11908,4,2,2
11909,4,2,-1
11909,4,0,1
11909,4,-1,2
11909,4,0,2
11910,4,2,-1
11910,4,0,1
11910,4,-1,2
11910,4,1,2
11911,4,2,-1
11911,4,0,1
11911,4,-1,2
11911,4,2,2
11912,4,2,-1
11912,4,0,1
11912,4,0,2
11912,4,1,2
11913,4,2,-1
11913,4,0,1
11913,4,0,2
11913,4,2,2
11914,4,2,-1
11914,4,0,1
11914,4,1,2
11914,4,2,2
11915,4,2,-1
11915,4,1,1
11915,4,2,1
11915,4,-2,2
11916,4,2,-1
11916,4,1,1
11916,4,2,1
11916,4,-1,2
11917,4,2,-1
11917,4,1,1
11917,4,2,1
11917,4,0,2
11918,4,2,-1
11918,4,1,1
11918,4,2,1
11918,4,1,2
11919,4,2,-1
11919,4,1,1
11919,4,2,1
11919,4,2,2
11920,4,2,-1
11920,4,1,1
11920,4,-2,2
11920,4,-1,2
11921,4,2,-1
11921,4,1,1
11921,4,-2,2
11921,4,0,2
11922,4,2,-1
11922,4,1,1
11922,4,-2,2
11922,4,1,2
11923,4,2,-1
11923,4,1,1
11923,4,-2,2
11923,4,2,2
11924,4,2,-1
11924,4,1,1
11924,4,-1,2
11924,4,0,2
11925,4,2,-1
11925,4,1,1
11925,4,-1,2
11925,4,1,2
11926,4,2,-1
11926,4,1,1
11926,4,-1,2
11926,4,2,2
11927,4,2,-1
11927,4,1,1
11927,4,0,2
11927,4,1,2
11928,4,2,-1
11928,4,1,1
11928,4,0,2
11928,4,2,2
11929,4,2,-1
11929,4,1,1
11929,4,1,2
11929,4,2,2
11930,4,2,-1
11930,4,2,1
11930,4,-2,2
11930,4,-1,2
11931,4,2,-1
11931,4,2,1
11931,4,-2,2
11931,4,0,2
11932,4,2,-1
11932,4,2,1
11932,4,-2,2
11932,4,1,2
11933,4,2,-1
11933,4,2,1
11933,4,-2,2
11933,4,2,2
11934,4,2,-1
11934,4,2,1
11934,4,-1,2
11934,4,0,2
11935,4,2,-1
11935,4,2,1
11935,4,-1,2
11935,4,1,2
11936,4,2,-1
11936,4,2,1
11936,4,-1,2
11936,4,2,2
11937,4,2,-1
11937,4,2,1
11937,4,0,2
11937,4,1,2
11938,4,2,-1
11938,4,2,1
11938,4,0,2
11938,4,2,2
11939,4,2,-1
11939,4,2,1
11939,4,1,2
11939,4,2,2
11940,4,2,-1
11940,4,-2,2
11940,4,-1,2
11940,4,0,2
11941,4,2,-1
11941,4,-2,2
11941,4,-1,2
11941,4,1,2
11942,4,2,-1
11942,4,-2,2
11942,4,-1,2
11942,4,2,2
11943,4,2,-1
11943,4,-2,2
11943,4,0,2
11943,4,1,2
11944,4,2,-1
11944,4,-2,2
11944,4,0,2
11944,4,2,2
11945,4,2,-1
11945,4,-2,2
11945,4,1,2
11945,4,2,2
11946,4,2,-1
11946,4,-1,2
11946,4,0,2
11946,4,1,2
11947,4,2,-1
11947,4,-1,2
11947,4,0,2
11947,4,2,2
11948,4,2,-1
11948,4,-1,2
11948,4,1,2
11948,4,2,2
11949,4,2,-1
11949,4,0,2
11949,4,1,2
11949,4,2,2
11950,4,-2,0
11950,4,-1,0
11950,4,1,0
11950,4,2,0
11951,4,-2,0
11951,4,-1,0
11951,4,1,0
11951,4,-2,1
11952,4,-2,0
11952,4,-1,0
11952,4,1,0
11952,4,-1,1
11953,4,-2,0
11953,4,-1,0
11953,4,1,0
11953,4,0,1
11954,4,-2,0
11954,4,-1,0
11954,4,1,0
11954,4,1,1
11955,4,-2,0
11955,4,-1,0
11955,4,1,0
11955,4,2,1
11956,4,-2,0
11956,4,-1,0
11956,4,1,0
11956,4,-2,2
11957,4,-2,0
11957,4,-1,0
11957,4,1,0
11957,4,-1,2
11958,4,-2,0
11958,4,-1,0
11958,4,1,0
11958,4,0,2
11959,4,-2,0
11959,4,-1,0
11959,4,1,0
11959,4,1,2
11960,4,-2,0
11960,4,-1,0
11960,4,1,0
11960,4,2,2
11961,4,-2,0
11961,4,-1,0
11961,4,2,0
11961,4,-2,1
11962,4,-2,0
11962,4,-1,0
11962,4,2,0
11962,4,-1,1
11963,4,-2,0
11963,4,-1,0
11963,4,2,0
11963,4,0,1
11964,4,-2,0
11964,4,-1,0
11964,4,2,0
11964,4,1,1
11965,4,-2,0
11965,4,-1,0
11965,4,2,0
11965,4,2,1
11966,4,-2,0
11966,4,-1,0
11966,4,2,0
11966,4,-2,2
11967,4,-2,0
11967,4,-1,0
11967,4,2,0
11967,4,-1,2
11968,4,-2,0
11968,4,-1,0
11968,4,2,0
11968,4,0,2
11969,4,-2,0
11969,4,-1,0
11969,4,2,0
11969,4,1,2
11970,4,-2,0
11970,4,-1,0
11970,4,2,0
11970,4,2,2
11971,4,-2,0
11971,4,-1,0
11971,4,-2,1
11971,4,-1,1
11972,4,-2,0
11972,4,-1,0
11972,4,-2,1
11972,4,0,1
11973,4,-2,0
11973,4,-1,0
11973,4,-2,1
11973,4,1,1
11974,4,-2,0
11974,4,-1,0
11974,4,-2,1
11974,4,2,1
11975,4,-2,0
11975,4,-1,0
11975,4,-2,1
11975,4,-2,2
11976,4,-2,0
11976,4,-1,0
11976,4,-2,1
11976,4,-1,2
11977,4,-2,0
11977,4,-1,0
11977,4,-2,1
11977,4,0,2
11978,4,-2,0
11978,4,-1,0
11978,4,-2,1
11978,4,1,2
11979,4,-2,0
11979,4,-1,0
11979,4,-2,1
11979,4,2,2
11980,4,-2,0
11980,4,-1,0
11980,4,-1,1
11980,4,0,1
11981,4,-2,0
11981,4,-1,0
11981,4,-1,1
11981,4,1,1
11982,4,-2,0
11982,4,-1,0
11982,4,-1,1
11982,4,2,1
11983,4,-2,0
11983,4,-1,0
11983,4,-1,1
11983,4,-2,2
11984,4,-2,0
11984,4,-1,0
11984,4,-1,1
11984,4,-1,2
11985,4,-2,0
11985,4,-1,0
11985,4,-1,1
11985,4,0,2
11986,4,-2,0
11986,4,-1,0
11986,4,-1,1
11986,4,1,2
11987,4,-2,0
11987,4,-1,0
11987,4,-1,1
11987,4,2,2
11988,4,-2,0
11988,4,-1,0
11988,4,0,1
11988,4,1,1
11989,4,-2,0
11989,4,-1,0
11989,4,0,1
11989,4,2,1
11990,4,-2,0
11990,4,-1,0
11990,4,0,1
11990,4,-2,2
11991,4,-2,0
11991,4,-1,0
11991,4,0,1
11991,4,-1,2
11992,4,-2,0
11992,4,-1,0
11992,4,0,1
11992,4,0,2
11993,4,-2,0
11993,4,-1,0
11993,4,0,1
11993,4,1,2
11994,4,-2,0
11994,4,-1,0
11994,4,0,1
11994,4,2,2
11995,4,-2,0
11995,4,-1,0
11995,4,1,1
11995,4,2,1
11996,4,-2,0
11996,4,-1,0
11996,4,1,1
11996,4,-2,2
11997,4,-2,0
11997,4,-1,0
11997,4,1,1
11997,4,-1,2
11998,4,-2,0
11998,4,-1,0
11998,4,1,1
11998,4,0,2
11999,4,-2,0
11999,4,-1,0
11999,4,1,1
11999,4,1,2
12000,4,-2,0
12000,4,-1,0
12000,4,1,1
12000,4,2,2
12001,4,-2,0
12001,4,-1,0
12001,4,2,1
12001,4,-2,2
12002,4,-2,0
12002,4,-1,0
12002,4,2,1
12002,4,-1,2
12003,4,-2,0
12003,4,-1,0
12003,4,2,1
12003,4,0,2
12004,4,-2,0
12004,4,-1,0
12004,4,2,1
12004,4,1,2
12005,4,-2,0
12005,4,-1,0
12005,4,2,1
12005,4,2,2
12006,4,-2,0
12006,4,-1,0
12006,4,-2,2
12006,4,-1,2
12007,4,-2,0
12007,4,-1,0
12007,4,-2,2
12007,4,0,2
12008,4,-2,0
12008,4,-1,0
12008,4,-2,2
12008,4,1,2
12009,4,-2,0
12009,4,-1,0
12009,4,-2,2
12009,4,2,2
12010,4,-2,0
12010,4,-1,0
12010,4,-1,2
12010,4,0,2
12011,4,-2,0
12011,4,-1,0
12011,4,-1,2
12011,4,1,2
12012,4,-2,0
12012,4,-1,0
12012,4,-1,2
12012,4,2,2
12013,4,-2,0
12013,4,-1,0
12013,4,0,2
12013,4,1,2
12014,4,-2,0
12014,4,-1,0
12014,4,0,2
12014,4,2,2
12015,4,-2,0
12015,4,-1,0
12015,4,1,2
12015,4,2,2
12016,4,-2,0
12016,4,1,0
12016,4,2,0
12016,4,-2,1
12017,4,-2,0
12017,4,1,0
12017,4,2,0
12017,4,-1,1
12018,4,-2,0
12018,4,1,0
12018,4,2,0
12018,4,0,1
12019,4,-2,0
12019,4,1,0
12019,4,2,0
12019,4,1,1
12020,4,-2,0
12020,4,1,0
12020,4,2,0
12020,4,2,1
12021,4,-2,0
12021,4,1,0
12021,4,2,0
12021,4,-2,2
12022,4,-2,0
12022,4,1,0
12022,4,2,0
12022,4,-1,2
12023,4,-2,0
12023,4,1,0
12023,4,2,0
12023,4,0,2
12024,4,-2,0
12024,4,1,0
12024,4,2,0
12024,4,1,2
12025,4,-2,0
12025,4,1,0
12025,4,2,0
12025,4,2,2
12026,4,-2,0
12026,4,1,0
12026,4,-2,1
12026,4,-1,1
12027,4,-2,0
12027,4,1,0
12027,4,-2,1
12027,4,0,1
12028,4,-2,0
12028,4,1,0
12028,4,-2,1
12028,4,1,1
12029,4,-2,0
12029,4,1,0
12029,4,-2,1
12029,4,2,1
12030,4,-2,0
12030,4,1,0
12030,4,-2,1
12030,4,-2,2
12031,4,-2,0
12031,4,1,0
12031,4,-2,1
12031,4,-1,2
12032,4,-2,0
12032,4,1,0
12032,4,-2,1
12032,4,0,2
12033,4,-2,0
12033,4,1,0
12033,4,-2,1
12033,4,1,2
12034,4,-2,0
12034,4,1,0
12034,4,-2,1
12034,4,2,2
12035,4,-2,0
12035,4,1,0
12035,4,-1,1
12035,4,0,1
12036,4,-2,0
12036,4,1,0
12036,4,-1,1
12036,4,1,1
12037,4,-2,0
12037,4,1,0
12037,4,-1,1
12037,4,2,1
12038,4,-2,0
12038,4,1,0
12038,4,-1,1
12038,4,-2,2
12039,4,-2,0
12039,4,1,0
12039,4,-1,1
12039,4,-1,2
12040,4,-2,0
12040,4,1,0
12040,4,-1,1
12040,4,0,2
12041,4,-2,0
12041,4,1,0
12041,4,-1,1
12041,4,1,2
12042,4,-2,0
12042,4,1,0
12042,4,-1,1
12042,4,2,2
12043,4,-2,0
12043,4,1,0
12043,4,0,1
12043,4,1,1
12044,4,-2,0
12044,4,1,0
12044,4,0,1
12044,4,2,1
12045,4,-2,0
12045,4,1,0
12045,4,0,1
12045,4,-2,2
12046,4,-2,0
12046,4,1,0
12046,4,0,1
12046,4,-1,2
12047,4,-2,0
12047,4,1,0
12047,4,0,1
12047,4,0,2
12048,4,-2,0
12048,4,1,0
12048,4,0,1
12048,4,1,2
12049,4,-2,0
12049,4,1,0
12049,4,0,1
12049,4,2,2
12050,4,-2,0
12050,4,1,0
12050,4,1,1
12050,4,2,1
12051,4,-2,0
12051,4,1,0
12051,4,1,1
12051,4,-2,2
12052,4,-2,0
12052,4,1,0
12052,4,1,1
12052,4,-1,2
12053,4,-2,0
12053,4,1,0
12053,4,1,1
12053,4,0,2
12054,4,-2,0
12054,4,1,0
12054,4,1,1
12054,4,1,2
12055,4,-2,0
12055,4,1,0
12055,4,1,1
12055,4,2,2
12056,4,-2,0
12056,4,1,0
12056,4,2,1
12056,4,-2,2
12057,4,-2,0
12057,4,1,0
12057,4,2,1
12057,4,-1,2
12058,4,-2,0
12058,4,1,0
12058,4,2,1
12058,4,0,2
12059,4,-2,0
12059,4,1,0
12059,4,2,1
12059,4,1,2
12060,4,-2,0
12060,4,1,0
12060,4,2,1
12060,4,2,2
12061,4,-2,0
12061,4,1,0
12061,4,-2,2
12061,4,-1,2
12062,4,-2,0
12062,4,1,0
12062,4,-2,2
12062,4,0,2
12063,4,-2,0
12063,4,1,0
12063,4,-2,2
12063,4,1,2
12064,4,-2,0
12064,4,1,0
12064,4,-2,2
12064,4,2,2
12065,4,-2,0
12065,4,1,0
12065,4,-1,2
12065,4,0,2
12066,4,-2,0
12066,4,1,0
12066,4,-1,2
12066,4,1,2
12067,4,-2,0
12067,4,1,0
12067,4,-1,2
12067,4,2,2
12068,4,-2,0
12068,4,1,0
12068,4,0,2
12068,4,1,2
12069,4,-2,0
12069,4,1,0
12069,4,0,2
12069,4,2,2
12070,4,-2,0
12070,4,1,0
12070,4,1,2
12070,4,2,2
12071,4,-2,0
12071,4,2,0
12071,4,-2,1
12071,4,-1,1
12072,4,-2,0
12072,4,2,0
12072,4,-2,1
12072,4,0,1
12073,4,-2,0
12073,4,2,0
12073,4,-2,1
12073,4,1,1
12074,4,-2,0
12074,4,2,0
12074,4,-2,1
12074,4,2,1
12075,4,-2,0
12075,4,2,0
12075,4,-2,1
12075,4,-2,2
12076,4,-2,0
12076,4,2,0
12076,4,-2,1
12076,4,-1,2
12077,4,-2,0
12077,4,2,0
12077,4,-2,1
12077,4,0,2
12078,4,-2,0
12078,4,2,0
12078,4,-2,1
12078,4,1,2
12079,4,-2,0
12079,4,2,0
12079,4,-2,1
12079,4,2,2
12080,4,-2,0
12080,4,2,0
12080,4,-1,1
12080,4,0,1
12081,4,-2,0
12081,4,2,0
12081,4,-1,1
12081,4,1,1
12082,4,-2,0
12082,4,2,0
12082,4,-1,1
12082,4,2,1
12083,4,-2,0
12083,4,2,0
12083,4,-1,1
12083,4,-2,2
12084,4,-2,0
12084,4,2,0
12084,4,-1,1
12084,4,-1,2
12085,4,-2,0
12085,4,2,0
12085,4,-1,1
12085,4,0,2
12086,4,-2,0
12086,4,2,0
12086,4,-1,1
12086,4,1,2
12087,4,-2,0
12087,4,2,0
12087,4,-1,1
12087,4,2,2
12088,4,-2,0
12088,4,2,0
12088,4,0,1
12088,4,1,1
12089,4,-2,0
12089,4,2,0
12089,4,0,1
12089,4,2,1
12090,4,-2,0
12090,4,2,0
12090,4,0,1
12090,4,-2,2
12091,4,-2,0
12091,4,2,0
12091,4,0,1
12091,4,-1,2
12092,4,-2,0
12092,4,2,0
12092,4,0,1
12092,4,0,2
12093,4,-2,0
12093,4,2,0
12093,4,0,1
12093,4,1,2
12094,4,-2,0
12094,4,2,0
12094,4,0,1
12094,4,2,2
12095,4,-2,0
12095,4,2,0
12095,4,1,1
12095,4,2,1
12096,4,-2,0
12096,4,2,0
12096,4,1,1
12096,4,-2,2
12097,4,-2,0
12097,4,2,0
12097,4,1,1
12097,4,-1,2
12098,4,-2,0
12098,4,2,0
12098,4,1,1
12098,4,0,2
12099,4,-2,0
12099,4,2,0
12099,4,1,1
12099,4,1,2
12100,4,-2,0
12100,4,2,0
12100,4,1,1
12100,4,2,2
12101,4,-2,0
12101,4,2,0
12101,4,2,1
12101,4,-2,2
12102,4,-2,0
12102,4,2,0
12102,4,2,1
12102,4,-1,2
12103,4,-2,0
12103,4,2,0
12103,4,2,1
12103,4,0,2
12104,4,-2,0
12104,4,2,0
12104,4,2,1
12104,4,1,2
12105,4,-2,0
12105,4,2,0
12105,4,2,1
12105,4,2,2
12106,4,-2,0
12106,4,2,0
12106,4,-2,2
12106,4,-1,2
12107,4,-2,0
12107,4,2,0
12107,4,-2,2
12107,4,0,2
12108,4,-2,0
12108,4,2,0
12108,4,-2,2
12108,4,1,2
12109,4,-2,0
12109,4,2,0
12109,4,-2,2
12109,4,2,2
12110,4,-2,0
12110,4,2,0
12110,4,-1,2
12110,4,0,2
12111,4,-2,0
12111,4,2,0
12111,4,-1,2
12111,4,1,2
12112,4,-2,0
12112,4,2,0
12112,4,-1,2
12112,4,2,2
12113,4,-2,0
12113,4,2,0
12113,4,0,2
12113,4,1,2
12114,4,-2,0
12114,4,2,0
12114,4,0,2
12114,4,2,2
12115,4,-2,0
12115,4,2,0
12115,4,1,2
12115,4,2,2
12116,4,-2,0
12116,4,-2,1
12116,4,-1,1
12116,4,0,1
12117,4,-2,0
12117,4,-2,1
12117,4,-1,1
12117,4,1,1
12118,4,-2,0
12118,4,-2,1
12118,4,-1,1
12118,4,2,1
12119,4,-2,0
12119,4,-2,1
12119,4,-1,1
12119,4,-2,2
12120,4,-2,0
12120,4,-2,1
12120,4,-1,1
12120,4,-1,2
12121,4,-2,0
12121,4,-2,1
12121,4,-1,1
12121,4,0,2
12122,4,-2,0
12122,4,-2,1
12122,4,-1,1
12122,4,1,2
12123,4,-2,0
12123,4,-2,1
12123,4,-1,1
12123,4,2,2
12124,4,-2,0
12124,4,-2,1
12124,4,0,1
12124,4,1,1
12125,4,-2,0
12125,4,-2,1
12125,4,0,1
12125,4,2,1
12126,4,-2,0
12126,4,-2,1
12126,4,0,1
12126,4,-2,2
12127,4,-2,0
12127,4,-2,1
12127,4,0,1
12127,4,-1,2
12128,4,-2,0
12128,4,-2,1
12128,4,0,1
12128,4,0,2
12129,4,-2,0
12129,4,-2,1
12129,4,0,1
12129,4,1,2
12130,4,-2,0
12130,4,-2,1
12130,4,0,1
12130,4,2,2
12131,4,-2,0
12131,4,-2,1
12131,4,1,1
12131,4,2,1
12132,4,-2,0
12132,4,-2,1
12132,4,1,1
12132,4,-2,2
12133,4,-2,0
12133,4,-2,1
12133,4,1,1
12133,4,-1,2
12134,4,-2,0
12134,4,-2,1
12134,4,1,1
12134,4,0,2
12135,4,-2,0
12135,4,-2,1
12135,4,1,1
12135,4,1,2
12136,4,-2,0
12136,4,-2,1
12136,4,1,1
12136,4,2,2
12137,4,-2,0
12137,4,-2,1
12137,4,2,1
12137,4,-2,2
12138,4,-2,0
12138,4,-2,1
12138,4,2,1
12138,4,-1,2
12139,4,-2,0
12139,4,-2,1
12139,4,2,1
12139,4,0,2
12140,4,-2,0
12140,4,-2,1
12140,4,2,1
12140,4,1,2
12141,4,-2,0
12141,4,-2,1
12141,4,2,1
12141,4,2,2
12142,4,-2,0
12142,4,-2,1
12142,4,-2,2
12142,4,-1,2
12143,4,-2,0
12143,4,-2,1
12143,4,-2,2
12143,4,0,2
12144,4,-2,0
12144,4,-2,1
12144,4,-2,2
12144,4,1,2
12145,4,-2,0
12145,4,-2,1
12145,4,-2,2
12145,4,2,2
12146,4,-2,0
12146,4,-2,1
12146,4,-1,2
12146,4,0,2
12147,4,-2,0
12147,4,-2,1
12147,4,-1,2
12147,4,1,2
12148,4,-2,0
12148,4,-2,1
12148,4,-1,2
12148,4,2,2
12149,4,-2,0
12149,4,-2,1
12149,4,0,2
12149,4,1,2
12150,4,-2,0
12150,4,-2,1
12150,4,0,2
12150,4,2,2
12151,4,-2,0
12151,4,-2,1
12151,4,1,2
12151,4,2,2
12152,4,-2,0
12152,4,-1,1
12152,4,0,1
12152,4,1,1
12153,4,-2,0
12153,4,-1,1
12153,4,0,1
12153,4,2,1
12154,4,-2,0
12154,4,-1,1
12154,4,0,1
12154,4,-2,2
12155,4,-2,0
12155,4,-1,1
12155,4,0,1
12155,4,-1,2
12156,4,-2,0
12156,4,-1,1
12156,4,0,1
12156,4,0,2
12157,4,-2,0
12157,4,-1,1
12157,4,0,1
12157,4,1,2
12158,4,-2,0
12158,4,-1,1
12158,4,0,1
12158,4,2,2
12159,4,-2,0
12159,4,-1,1
12159,4,1,1
12159,4,2,1
12160,4,-2,0
12160,4,-1,1
12160,4,1,1
12160,4,-2,2
12161,4,-2,0
12161,4,-1,1
12161,4,1,1
12161,4,-1,2
12162,4,-2,0
12162,4,-1,1
12162,4,1,1
12162,4,0,2
12163,4,-2,0
12163,4,-1,1
12163,4,1,1
12163,4,1,2
12164,4,-2,0
12164,4,-1,1
12164,4,1,1
12164,4,2,2
12165,4,-2,0
12165,4,-1,1
12165,4,2,1
12165,4,-2,2
12166,4,-2,0
12166,4,-1,1
12166,4,2,1
12166,4,-1,2
12167,4,-2,0
12167,4,-1,1
12167,4,2,1
12167,4,0,2
12168,4,-2,0
12168,4,-1,1
12168,4,2,1
12168,4,1,2
12169,4,-2,0
12169,4,-1,1
12169,4,2,1
12169,4,2,2
12170,4,-2,0
12170,4,-1,1
12170,4,-2,2
12170,4,-1,2
12171,4,-2,0
12171,4,-1,1
12171,4,-2,2
12171,4,0,2
12172,4,-2,0
12172,4,-1,1
12172,4,-2,2
12172,4,1,2
12173,4,-2,0
12173,4,-1,1
12173,4,-2,2
12173,4,2,2
12174,4,-2,0
12174,4,-1,1
12174,4,-1,2
12174,4,0,2
12175,4,-2,0
12175,4,-1,1
12175,4,-1,2
12175,4,1,2
12176,4,-2,0
12176,4,-1,1
12176,4,-1,2
12176,4,2,2
12177,4,-2,0
12177,4,-1,1
12177,4,0,2
12177,4,1,2
12178,4,-2,0
12178,4,-1,1
12178,4,0,2
12178,4,2,2
12179,4,-2,0
12179,4,-1,1
12179,4,1,2
12179,4,2,2
12180,4,-2,0
12180,4,0,1
12180,4,1,1
12180,4,2,1
12181,4,-2,0
12181,4,0,1
12181,4,1,1
12181,4,-2,2
12182,4,-2,0
12182,4,0,1
12182,4,1,1
12182,4,-1,2
12183,4,-2,0
12183,4,0,1
12183,4,1,1
12183,4,0,2
12184,4,-2,0
12184,4,0,1
12184,4,1,1
12184,4,1,2
12185,4,-2,0
12185,4,0,1
12185,4,1,1
12185,4,2,2
12186,4,-2,0
12186,4,0,1
12186,4,2,1
12186,4,-2,2
12187,4,-2,0
12187,4,0,1
12187,4,2,1
12187,4,-1,2
12188,4,-2,0
12188,4,0,1
12188,4,2,1
12188,4,0,2
12189,4,-2,0
12189,4,0,1
12189,4,2,1
12189,4,1,2
12190,4,-2,0
12190,4,0,1
12190,4,2,1
12190,4,2,2
12191,4,-2,0
12191,4,0,1
12191,4,-2,2
12191,4,-1,2
12192,4,-2,0
12192,4,0,1
12192,4,-2,2
12192,4,0,2
12193,4,-2,0
12193,4,0,1
12193,4,-2,2
12193,4,1,2
12194,4,-2,0
12194,4,0,1
12194,4,-2,2
12194,4,2,2
12195,4,-2,0
12195,4,0,1
12195,4,-1,2
12195,4,0,2
12196,4,-2,0
12196,4,0,1
12196,4,-1,2
12196,4,1,2
12197,4,-2,0
12197,4,0,1
12197,4,-1,2
12197,4,2,2
12198,4,-2,0
12198,4,0,1
12198,4,0,2
12198,4,1,2
12199,4,-2,0
12199,4,0,1
12199,4,0,2
12199,4,2,2
12200,4,-2,0
12200,4,0,1
12200,4,1,2
12200,4,2,2
12201,4,-2,0
12201,4,1,1
12201,4,2,1
12201,4,-2,2
12202,4,-2,0
12202,4,1,1
12202,4,2,1
12202,4,-1,2
12203,4,-2,0
12203,4,1,1
12203,4,2,1
12203,4,0,2
12204,4,-2,0
12204,4,1,1
12204,4,2,1
12204,4,1,2
12205,4,-2,0
12205,4,1,1
12205,4,2,1
12205,4,2,2
12206,4,-2,0
12206,4,1,1
12206,4,-2,2
12206,4,-1,2
12207,4,-2,0
12207,4,1,1
12207,4,-2,2
12207,4,0,2
12208,4,-2,0
12208,4,1,1
12208,4,-2,2
12208,4,1,2
12209,4,-2,0
12209,4,1,1
12209,4,-2,2
12209,4,2,2
12210,4,-2,0
12210,4,1,1
12210,4,-1,2
12210,4,0,2
12211,4,-2,0
12211,4,1,1
12211,4,-1,2
12211,4,1,2
12212,4,-2,0
12212,4,1,1
12212,4,-1,2
12212,4,2,2
12213,4,-2,0
12213,4,1,1
12213,4,0,2
12213,4,1,2
12214,4,-2,0
12214,4,1,1
12214,4,0,2
12214,4,2,2
12215,4,-2,0
12215,4,1,1
12215,4,1,2
12215,4,2,2
12216,4,-2,0
12216,4,2,1
12216,4,-2,2
12216,4,-1,2
12217,4,-2,0
12217,4,2,1
12217,4,-2,2
12217,4,0,2
12218,4,-2,0
12218,4,2,1
12218,4,-2,2
12218,4,1,2
12219,4,-2,0
12219,4,2,1
12219,4,-2,2
12219,4,2,2
12220,4,-2,0
12220,4,2,1
12220,4,-1,2
12220,4,0,2
12221,4,-2,0
12221,4,2,1
12221,4,-1,2
12221,4,1,2
12222,4,-2,0
12222,4,2,1
12222,4,-1,2
12222,4,2,2
12223,4,-2,0
12223,4,2,1
12223,4,0,2
12223,4,1,2
12224,4,-2,0
12224,4,2,1
12224,4,0,2
12224,4,2,2
12225,4,-2,0
12225,4,2,1
12225,4,1,2
12225,4,2,2
12226,4,-2,0
12226,4,-2,2
12226,4,-1,2
12226,4,0,2
12227,4,-2,0
12227,4,-2,2
12227,4,-1,2
12227,4,1,2
12228,4,-2,0
12228,4,-2,2
12228,4,-1,2
12228,4,2,2
12229,4,-2,0
12229,4,-2,2
12229,4,0,2
12229,4,1,2
12230,4,-2,0
12230,4,-2,2
12230,4,0,2
12230,4,2,2
12231,4,-2,0
12231,4,-2,2
12231,4,1,2
12231,4,2,2
12232,4,-2,0
12232,4,-1,2
12232,4,0,2
12232,4,1,2
12233,4,-2,0
12233,4,-1,2
12233,4,0,2
12233,4,2,2
12234,4,-2,0
12234,4,-1,2
12234,4,1,2
12234,4,2,2
12235,4,-2,0
12235,4,0,2
12235,4,1,2
12235,4,2,2
12236,4,-1,0
12236,4,1,0
12236,4,2,0
12236,4,-2,1
12237,4,-1,0
12237,4,1,0
12237,4,2,0
12237,4,-1,1
12238,4,-1,0
12238,4,1,0
12238,4,2,0
12238,4,0,1
12239,4,-1,0
12239,4,1,0
12239,4,2,0
12239,4,1,1
12240,4,-1,0
12240,4,1,0
12240,4,2,0
12240,4,2,1
12241,4,-1,0
12241,4,1,0
12241,4,2,0
12241,4,-2,2
12242,4,-1,0
12242,4,1,0
12242,4,2,0
12242,4,-1,2
12243,4,-1,0
12243,4,1,0
12243,4,2,0
12243,4,0,2
12244,4,-1,0
12244,4,1,0
12244,4,2,0
12244,4,1,2
12245,4,-1,0
12245,4,1,0
12245,4,2,0
12245,4,2,2
12246,4,-1,0
12246,4,1,0
12246,4,-2,1
12246,4,-1,1
12247,4,-1,0
12247,4,1,0
12247,4,-2,1
12247,4,0,1
12248,4,-1,0
12248,4,1,0
12248,4,-2,1
12248,4,1,1
12249,4,-1,0
12249,4,1,0
12249,4,-2,1
12249,4,2,1
12250,4,-1,0
12250,4,1,0
12250,4,-2,1
12250,4,-2,2
12251,4,-1,0
12251,4,1,0
12251,4,-2,1
12251,4,-1,2
12252,4,-1,0
12252,4,1,0
12252,4,-2,1
12252,4,0,2
12253,4,-1,0
12253,4,1,0
12253,4,-2,1
12253,4,1,2
12254,4,-1,0
12254,4,1,0
12254,4,-2,1
12254,4,2,2
12255,4,-1,0
12255,4,1,0
12255,4,-1,1
12255,4,0,1
12256,4,-1,0
12256,4,1,0
12256,4,-1,1
12256,4,1,1
12257,4,-1,0
12257,4,1,0
12257,4,-1,1
12257,4,2,1
12258,4,-1,0
12258,4,1,0
12258,4,-1,1
12258,4,-2,2
12259,4,-1,0
12259,4,1,0
12259,4,-1,1
12259,4,-1,2
12260,4,-1,0
12260,4,1,0
12260,4,-1,1
12260,4,0,2
12261,4,-1,0
12261,4,1,0
12261,4,-1,1
12261,4,1,2
12262,4,-1,0
12262,4,1,0
12262,4,-1,1
12262,4,2,2
12263,4,-1,0
12263,4,1,0
12263,4,0,1
12263,4,1,1
12264,4,-1,0
12264,4,1,0
12264,4,0,1
12264,4,2,1
12265,4,-1,0
12265,4,1,0
12265,4,0,1
12265,4,-2,2
12266,4,-1,0
12266,4,1,0
12266,4,0,1
12266,4,-1,2
12267,4,-1,0
12267,4,1,0
12267,4,0,1
12267,4,0,2
12268,4,-1,0
12268,4,1,0
12268,4,0,1
12268,4,1,2
12269,4,-1,0
12269,4,1,0
12269,4,0,1
12269,4,2,2
12270,4,-1,0
12270,4,1,0
12270,4,1,1
12270,4,2,1
12271,4,-1,0
12271,4,1,0
12271,4,1,1
12271,4,-2,2
12272,4,-1,0
12272,4,1,0
12272,4,1,1
12272,4,-1,2
12273,4,-1,0
12273,4,1,0
12273,4,1,1
12273,4,0,2
12274,4,-1,0
12274,4,1,0
12274,4,1,1
12274,4,1,2
12275,4,-1,0
12275,4,1,0
12275,4,1,1
12275,4,2,2
12276,4,-1,0
12276,4,1,0
12276,4,2,1
12276,4,-2,2
12277,4,-1,0
12277,4,1,0
12277,4,2,1
12277,4,-1,2
12278,4,-1,0
12278,4,1,0
12278,4,2,1
12278,4,0,2
12279,4,-1,0
12279,4,1,0
12279,4,2,1
12279,4,1,2
12280,4,-1,0
12280,4,1,0
12280,4,2,1
12280,4,2,2
12281,4,-1,0
12281,4,1,0
12281,4,-2,2
12281,4,-1,2
12282,4,-1,0
12282,4,1,0
12282,4,-2,2
12282,4,0,2
12283,4,-1,0
12283,4,1,0
12283,4,-2,2
12283,4,1,2
12284,4,-1,0
12284,4,1,0
12284,4,-2,2
12284,4,2,2
12285,4,-1,0
12285,4,1,0
12285,4,-1,2
12285,4,0,2
12286,4,-1,0
12286,4,1,0
12286,4,-1,2
12286,4,1,2
12287,4,-1,0
12287,4,1,0
12287,4,-1,2
12287,4,2,2
12288,4,-1,0
12288,4,1,0
12288,4,0,2
12288,4,1,2
12289,4,-1,0
12289,4,1,0
12289,4,0,2
12289,4,2,2
12290,4,-1,0
12290,4,1,0
12290,4,1,2
12290,4,2,2
12291,4,-1,0
12291,4,2,0
12291,4,-2,1
12291,4,-1,1
12292,4,-1,0
12292,4,2,0
12292,4,-2,1
12292,4,0,1
12293,4,-1,0
12293,4,2,0
12293,4,-2,1
12293,4,1,1
12294,4,-1,0
12294,4,2,0
12294,4,-2,1
12294,4,2,1
12295,4,-1,0
12295,4,2,0
12295,4,-2,1
12295,4,-2,2
12296,4,-1,0
12296,4,2,0
12296,4,-2,1
12296,4,-1,2
12297,4,-1,0
12297,4,2,0
12297,4,-2,1
12297,4,0,2
12298,4,-1,0
12298,4,2,0
12298,4,-2,1
12298,4,1,2
12299,4,-1,0
12299,4,2,0
12299,4,-2,1
12299,4,2,2
12300,4,-1,0
12300,4,2,0
12300,4,-1,1
12300,4,0,1
12301,4,-1,0
12301,4,2,0
12301,4,-1,1
12301,4,1,1
12302,4,-1,0
12302,4,2,0
12302,4,-1,1
12302,4,2,1
12303,4,-1,0
12303,4,2,0
12303,4,-1,1
12303,4,-2,2
12304,4,-1,0
12304,4,2,0
12304,4,-1,1
12304,4,-1,2
12305,4,-1,0
12305,4,2,0
12305,4,-1,1
12305,4,0,2
12306,4,-1,0
12306,4,2,0
12306,4,-1,1
12306,4,1,2
12307,4,-1,0
12307,4,2,0
12307,4,-1,1
12307,4,2,2
12308,4,-1,0
12308,4,2,0
12308,4,0,1
12308,4,1,1
12309,4,-1,0
12309,4,2,0
12309,4,0,1
12309,4,2,1
12310,4,-1,0
12310,4,2,0
12310,4,0,1
12310,4,-2,2
12311,4,-1,0
12311,4,2,0
12311,4,0,1
12311,4,-1,2
12312,4,-1,0
12312,4,2,0
12312,4,0,1
12312,4,0,2
12313,4,-1,0
12313,4,2,0
12313,4,0,1
12313,4,1,2
12314,4,-1,0
12314,4,2,0
12314,4,0,1
12314,4,2,2
12315,4,-1,0
12315,4,2,0
12315,4,1,1
12315,4,2,1
12316,4,-1,0
12316,4,2,0
12316,4,1,1
12316,4,-2,2
12317,4,-1,0
12317,4,2,0
12317,4,1,1
12317,4,-1,2
12318,4,-1,0
12318,4,2,0
12318,4,1,1
12318,4,0,2
12319,4,-1,0
12319,4,2,0
12319,4,1,1
12319,4,1,2
12320,4,-1,0
12320,4,2,0
12320,4,1,1
12320,4,2,2
12321,4,-1,0
12321,4,2,0
12321,4,2,1
12321,4,-2,2
12322,4,-1,0
12322,4,2,0
12322,4,2,1
12322,4,-1,2
12323,4,-1,0
12323,4,2,0
12323,4,2,1
12323,4,0,2
12324,4,-1,0
12324,4,2,0
12324,4,2,1
12324,4,1,2
12325,4,-1,0
12325,4,2,0
12325,4,2,1
12325,4,2,2
12326,4,-1,0
12326,4,2,0
12326,4,-2,2
12326,4,-1,2
12327,4,-1,0
12327,4,2,0
12327,4,-2,2
12327,4,0,2
12328,4,-1,0
12328,4,2,0
12328,4,-2,2
12328,4,1,2
12329,4,-1,0
12329,4,2,0
12329,4,-2,2
12329,4,2,2
12330,4,-1,0
12330,4,2,0
12330,4,-1,2
12330,4,0,2
12331,4,-1,0
12331,4,2,0
12331,4,-1,2
12331,4,1,2
12332,4,-1,0
12332,4,2,0
12332,4,-1,2
12332,4,2,2
12333,4,-1,0
12333,4,2,0
12333,4,0,2
12333,4,1,2
12334,4,-1,0
12334,4,2,0
12334,4,0,2
12334,4,2,2
12335,4,-1,0
12335,4,2,0
12335,4,1,2
12335,4,2,2
12336,4,-1,0
12336,4,-2,1
12336,4,-1,1
12336,4,0,1
12337,4,-1,0
12337,4,-2,1
12337,4,-1,1
12337,4,1,1
12338,4,-1,0
12338,4,-2,1
12338,4,-1,1
12338,4,2,1
12339,4,-1,0
12339,4,-2,1
12339,4,-1,1
12339,4,-2,2
12340,4,-1,0
12340,4,-2,1
12340,4,-1,1
12340,4,-1,2
12341,4,-1,0
12341,4,-2,1
12341,4,-1,1
12341,4,0,2
12342,4,-1,0
12342,4,-2,1
12342,4,-1,1
12342,4,1,2
12343,4,-1,0
12343,4,-2,1
12343,4,-1,1
12343,4,2,2
12344,4,-1,0
12344,4,-2,1
12344,4,0,1
12344,4,1,1
12345,4,-1,0
12345,4,-2,1
12345,4,0,1
12345,4,2,1
12346,4,-1,0
12346,4,-2,1
12346,4,0,1
12346,4,-2,2
12347,4,-1,0
12347,4,-2,1
12347,4,0,1
12347,4,-1,2
12348,4,-1,0
12348,4,-2,1
12348,4,0,1
12348,4,0,2
12349,4,-1,0
12349,4,-2,1
12349,4,0,1
12349,4,1,2
12350,4,-1,0
12350,4,-2,1
12350,4,0,1
12350,4,2,2
12351,4,-1,0
12351,4,-2,1
12351,4,1,1
12351,4,2,1
12352,4,-1,0
12352,4,-2,1
12352,4,1,1
12352,4,-2,2
12353,4,-1,0
12353,4,-2,1
12353,4,1,1
12353,4,-1,2
12354,4,-1,0
12354,4,-2,1
12354,4,1,1
12354,4,0,2
12355,4,-1,0
12355,4,-2,1
12355,4,1,1
12355,4,1,2
12356,4,-1,0
12356,4,-2,1
12356,4,1,1
12356,4,2,2
12357,4,-1,0
12357,4,-2,1
12357,4,2,1
12357,4,-2,2
12358,4,-1,0
12358,4,-2,1
12358,4,2,1
12358,4,-1,2
12359,4,-1,0
12359,4,-2,1
12359,4,2,1
12359,4,0,2
12360,4,-1,0
12360,4,-2,1
12360,4,2,1
12360,4,1,2
12361,4,-1,0
12361,4,-2,1
12361,4,2,1
12361,4,2,2
12362,4,-1,0
12362,4,-2,1
12362,4,-2,2
12362,4,-1,2
12363,4,-1,0
12363,4,-2,1
12363,4,-2,2
12363,4,0,2
12364,4,-1,0
12364,4,-2,1
12364,4,-2,2
12364,4,1,2
12365,4,-1,0
12365,4,-2,1
12365,4,-2,2
12365,4,2,2
12366,4,-1,0
12366,4,-2,1
12366,4,-1,2
12366,4,0,2
12367,4,-1,0
12367,4,-2,1
12367,4,-1,2
12367,4,1,2
12368,4,-1,0
12368,4,-2,1
12368,4,-1,2
12368,4,2,2
12369,4,-1,0
12369,4,-2,1
12369,4,0,2
12369,4,1,2
12370,4,-1,0
12370,4,-2,1
12370,4,0,2
12370,4,2,2
12371,4,-1,0
12371,4,-2,1
12371,4,1,2
12371,4,2,2
12372,4,-1,0
12372,4,-1,1
12372,4,0,1
12372,4,1,1
12373,4,-1,0
12373,4,-1,1
12373,4,0,1
12373,4,2,1
12374,4,-1,0
12374,4,-1,1
12374,4,0,1
12374,4,-2,2
12375,4,-1,0
12375,4,-1,1
12375,4,0,1
12375,4,-1,2
12376,4,-1,0
12376,4,-1,1
12376,4,0,1
12376,4,0,2
12377,4,-1,0
12377,4,-1,1
12377,4,0,1
12377,4,1,2
12378,4,-1,0
12378,4,-1,1
12378,4,0,1
12378,4,2,2
12379,4,-1,0
12379,4,-1,1
12379,4,1,1
12379,4,2,1
12380,4,-1,0
12380,4,-1,1
12380,4,1,1
12380,4,-2,2
12381,4,-1,0
12381,4,-1,1
12381,4,1,1
12381,4,-1,2
12382,4,-1,0
12382,4,-1,1
12382,4,1,1
12382,4,0,2
12383,4,-1,0
12383,4,-1,1
12383,4,1,1
12383,4,1,2
12384,4,-1,0
12384,4,-1,1
12384,4,1,1
12384,4,2,2
12385,4,-1,0
12385,4,-1,1
12385,4,2,1
12385,4,-2,2
12386,4,-1,0
12386,4,-1,1
12386,4,2,1
12386,4,-1,2
12387,4,-1,0
12387,4,-1,1
12387,4,2,1
12387,4,0,2
12388,4,-1,0
12388,4,-1,1
12388,4,2,1
12388,4,1,2
12389,4,-1,0
12389,4,-1,1
12389,4,2,1
12389,4,2,2
12390,4,-1,0
12390,4,-1,1
12390,4,-2,2
12390,4,-1,2
12391,4,-1,0
12391,4,-1,1
12391,4,-2,2
12391,4,0,2
12392,4,-1,0
12392,4,-1,1
12392,4,-2,2
12392,4,1,2
12393,4,-1,0
12393,4,-1,1
12393,4,-2,2
12393,4,2,2
12394,4,-1,0
12394,4,-1,1
12394,4,-1,2
12394,4,0,2
12395,4,-1,0
12395,4,-1,1
12395,4,-1,2
12395,4,1,2
12396,4,-1,0
12396,4,-1,1
12396,4,-1,2
12396,4,2,2
12397,4,-1,0
12397,4,-1,1
12397,4,0,2
12397,4,1,2
12398,4,-1,0
12398,4,-1,1
12398,4,0,2
12398,4,2,2
12399,4,-1,0
12399,4,-1,1
12399,4,1,2
12399,4,2,2
12400,4,-1,0
12400,4,0,1
12400,4,1,1
12400,4,2,1
12401,4,-1,0
12401,4,0,1
12401,4,1,1
12401,4,-2,2
12402,4,-1,0
12402,4,0,1
12402,4,1,1
12402,4,-1,2
12403,4,-1,0
12403,4,0,1
12403,4,1,1
12403,4,0,2
12404,4,-1,0
12404,4,0,1
12404,4,1,1
12404,4,1,2
12405,4,-1,0
12405,4,0,1
12405,4,1,1
12405,4,2,2
12406,4,-1,0
12406,4,0,1
12406,4,2,1
12406,4,-2,2
12407,4,-1,0
12407,4,0,1
12407,4,2,1
12407,4,-1,2
12408,4,-1,0
12408,4,0,1
12408,4,2,1
12408,4,0,2
12409,4,-1,0
12409,4,0,1
12409,4,2,1
12409,4,1,2
12410,4,-1,0
12410,4,0,1
12410,4,2,1
12410,4,2,2
12411,4,-1,0
12411,4,0,1
12411,4,-2,2
12411,4,-1,2
12412,4,-1,0
12412,4,0,1
12412,4,-2,2
12412,4,0,2
12413,4,-1,0
12413,4,0,1
12413,4,-2,2
12413,4,1,2
12414,4,-1,0
12414,4,0,1
12414,4,-2,2
12414,4,2,2
12415,4,-1,0
12415,4,0,1
12415,4,-1,2
12415,4,0,2
12416,4,-1,0
12416,4,0,1
12416,4,-1,2
12416,4,1,2
12417,4,-1,0
12417,4,0,1
12417,4,-1,2
12417,4,2,2
12418,4,-1,0
12418,4,0,1
12418,4,0,2
12418,4,1,2
12419,4,-1,0
12419,4,0,1
12419,4,0,2
12419,4,2,2
12420,4,-1,0
12420,4,0,1
12420,4,1,2
12420,4,2,2
12421,4,-1,0
12421,4,1,1
12421,4,2,1
12421,4,-2,2
12422,4,-1,0
12422,4,1,1
12422,4,2,1
12422,4,-1,2
12423,4,-1,0
12423,4,1,1
12423,4,2,1
12423,4,0,2
12424,4,-1,0
12424,4,1,1
12424,4,2,1
12424,4,1,2
12425,4,-1,0
12425,4,1,1
12425,4,2,1
12425,4,2,2
12426,4,-1,0
12426,4,1,1
12426,4,-2,2
12426,4,-1,2
12427,4,-1,0
12427,4,1,1
12427,4,-2,2
12427,4,0,2
12428,4,-1,0
12428,4,1,1
12428,4,-2,2
12428,4,1,2
12429,4,-1,0
12429,4,1,1
12429,4,-2,2
12429,4,2,2
12430,4,-1,0
12430,4,1,1
12430,4,-1,2
12430,4,0,2
12431,4,-1,0
12431,4,1,1
12431,4,-1,2
12431,4,1,2
12432,4,-1,0
12432,4,1,1
12432,4,-1,2
12432,4,2,2
12433,4,-1,0
12433,4,1,1
12433,4,0,2
12433,4,1,2
12434,4,-1,0
12434,4,1,1
12434,4,0,2
12434,4,2,2
12435,4,-1,0
12435,4,1,1
12435,4,1,2
12435,4,2,2
12436,4,-1,0
12436,4,2,1
12436,4,-2,2
12436,4,-1,2
12437,4,-1,0
12437,4,2,1
12437,4,-2,2
12437,4,0,2
12438,4,-1,0
12438,4,2,1
12438,4,-2,2
12438,4,1,2
12439,4,-1,0
12439,4,2,1
12439,4,-2,2
12439,4,2,2
12440,4,-1,0
12440,4,2,1
12440,4,-1,2
12440,4,0,2
12441,4,-1,0
12441,4,2,1
12441,4,-1,2
12441,4,1,2
12442,4,-1,0
12442,4,2,1
12442,4,-1,2
12442,4,2,2
12443,4,-1,0
12443,4,2,1
12443,4,0,2
12443,4,1,2
12444,4,-1,0
12444,4,2,1
12444,4,0,2
12444,4,2,2
12445,4,-1,0
12445,4,2,1
12445,4,1,2
12445,4,2,2
12446,4,-1,0
12446,4,-2,2
12446,4,-1,2
12446,4,0,2
12447,4,-1,0
12447,4,-2,2
12447,4,-1,2
12447,4,1,2
12448,4,-1,0
12448,4,-2,2
12448,4,-1,2
12448,4,2,2
12449,4,-1,0
12449,4,-2,2
12449,4,0,2
12449,4,1,2
12450,4,-1,0
12450,4,-2,2
12450,4,0,2
12450,4,2,2
12451,4,-1,0
12451,4,-2,2
12451,4,1,2
12451,4,2,2
12452,4,-1,0
12452,4,-1,2
12452,4,0,2
12452,4,1,2
12453,4,-1,0
12453,4,-1,2
12453,4,0,2
12453,4,2,2
12454,4,-1,0
12454,4,-1,2
12454,4,1,2
12454,4,2,2
12455,4,-1,0
12455,4,0,2
12455,4,1,2
12455,4,2,2
12456,4,1,0
12456,4,2,0
12456,4,-2,1
12456,4,-1,1
12457,4,1,0
12457,4,2,0
12457,4,-2,1
12457,4,0,1
12458,4,1,0
12458,4,2,0
12458,4,-2,1
12458,4,1,1
12459,4,1,0
12459,4,2,0
12459,4,-2,1
12459,4,2,1
12460,4,1,0
12460,4,2,0
12460,4,-2,1
12460,4,-2,2
12461,4,1,0
12461,4,2,0
12461,4,-2,1
12461,4,-1,2
12462,4,1,0
12462,4,2,0
12462,4,-2,1
12462,4,0,2
12463,4,1,0
12463,4,2,0
12463,4,-2,1
12463,4,1,2
12464,4,1,0
12464,4,2,0
12464,4,-2,1
12464,4,2,2
12465,4,1,0
12465,4,2,0
12465,4,-1,1
12465,4,0,1
12466,4,1,0
12466,4,2,0
12466,4,-1,1
12466,4,1,1
12467,4,1,0
12467,4,2,0
12467,4,-1,1
12467,4,2,1
12468,4,1,0
12468,4,2,0
12468,4,-1,1
12468,4,-2,2
12469,4,1,0
12469,4,2,0
12469,4,-1,1
12469,4,-1,2
12470,4,1,0
12470,4,2,0
12470,4,-1,1
12470,4,0,2
12471,4,1,0
12471,4,2,0
12471,4,-1,1
12471,4,1,2
12472,4,1,0
12472,4,2,0
12472,4,-1,1
12472,4,2,2
12473,4,1,0
12473,4,2,0
12473,4,0,1
12473,4,1,1
12474,4,1,0
12474,4,2,0
12474,4,0,1
12474,4,2,1
12475,4,1,0
12475,4,2,0
12475,4,0,1
12475,4,-2,2
12476,4,1,0
12476,4,2,0
12476,4,0,1
12476,4,-1,2
12477,4,1,0
12477,4,2,0
12477,4,0,1
12477,4,0,2
12478,4,1,0
12478,4,2,0
12478,4,0,1
12478,4,1,2
12479,4,1,0
12479,4,2,0
12479,4,0,1
12479,4,2,2
12480,4,1,0
12480,4,2,0
12480,4,1,1
12480,4,2,1
12481,4,1,0
12481,4,2,0
12481,4,1,1
12481,4,-2,2
12482,4,1,0
12482,4,2,0
12482,4,1,1
12482,4,-1,2
12483,4,1,0
12483,4,2,0
12483,4,1,1
12483,4,0,2
12484,4,1,0
12484,4,2,0
12484,4,1,1
12484,4,1,2
12485,4,1,0
12485,4,2,0
12485,4,1,1
12485,4,2,2
12486,4,1,0
12486,4,2,0
12486,4,2,1
12486,4,-2,2
12487,4,1,0
12487,4,2,0
12487,4,2,1
12487,4,-1,2
12488,4,1,0
12488,4,2,0
12488,4,2,1
12488,4,0,2
12489,4,1,0
12489,4,2,0
12489,4,2,1
12489,4,1,2
12490,4,1,0
12490,4,2,0
12490,4,2,1
12490,4,2,2
12491,4,1,0
12491,4,2,0
12491,4,-2,2
12491,4,-1,2
12492,4,1,0
12492,4,2,0
12492,4,-2,2
12492,4,0,2
12493,4,1,0
12493,4,2,0
12493,4,-2,2
12493,4,1,2
12494,4,1,0
12494,4,2,0
12494,4,-2,2
12494,4,2,2
12495,4,1,0
12495,4,2,0
12495,4,-1,2
12495,4,0,2
12496,4,1,0
12496,4,2,0
12496,4,-1,2
12496,4,1,2
12497,4,1,0
12497,4,2,0
12497,4,-1,2
12497,4,2,2
12498,4,1,0
12498,4,2,0
12498,4,0,2
12498,4,1,2
12499,4,1,0
12499,4,2,0
12499,4,0,2
12499,4,2,2
12500,4,1,0
12500,4,2,0
12500,4,1,2
12500,4,2,2
12501,4,1,0
12501,4,-2,1
12501,4,-1,1
12501,4,0,1
12502,4,1,0
12502,4,-2,1
12502,4,-1,1
12502,4,1,1
12503,4,1,0
12503,4,-2,1
12503,4,-1,1
12503,4,2,1
12504,4,1,0
12504,4,-2,1
12504,4,-1,1
12504,4,-2,2
12505,4,1,0
12505,4,-2,1
12505,4,-1,1
12505,4,-1,2
12506,4,1,0
12506,4,-2,1
12506,4,-1,1
12506,4,0,2
12507,4,1,0
12507,4,-2,1
12507,4,-1,1
12507,4,1,2
12508,4,1,0
12508,4,-2,1
12508,4,-1,1
12508,4,2,2
12509,4,1,0
12509,4,-2,1
12509,4,0,1
12509,4,1,1
12510,4,1,0
12510,4,-2,1
12510,4,0,1
12510,4,2,1
12511,4,1,0
12511,4,-2,1
12511,4,0,1
12511,4,-2,2
12512,4,1,0
12512,4,-2,1
12512,4,0,1
12512,4,-1,2
12513,4,1,0
12513,4,-2,1
12513,4,0,1
12513,4,0,2
12514,4,1,0
12514,4,-2,1
12514,4,0,1
12514,4,1,2
12515,4,1,0
12515,4,-2,1
12515,4,0,1
12515,4,2,2
12516,4,1,0
12516,4,-2,1
12516,4,1,1
12516,4,2,1
12517,4,1,0
12517,4,-2,1
12517,4,1,1
12517,4,-2,2
12518,4,1,0
12518,4,-2,1
12518,4,1,1
12518,4,-1,2
12519,4,1,0
12519,4,-2,1
12519,4,1,1
12519,4,0,2
12520,4,1,0
12520,4,-2,1
12520,4,1,1
12520,4,1,2
12521,4,1,0
12521,4,-2,1
12521,4,1,1
12521,4,2,2
12522,4,1,0
12522,4,-2,1
12522,4,2,1
12522,4,-2,2
12523,4,1,0
12523,4,-2,1
12523,4,2,1
12523,4,-1,2
12524,4,1,0
12524,4,-2,1
12524,4,2,1
12524,4,0,2
12525,4,1,0
12525,4,-2,1
12525,4,2,1
12525,4,1,2
12526,4,1,0
12526,4,-2,1
12526,4,2,1
12526,4,2,2
12527,4,1,0
12527,4,-2,1
12527,4,-2,2
12527,4,-1,2
12528,4,1,0
12528,4,-2,1
12528,4,-2,2
12528,4,0,2
12529,4,1,0
12529,4,-2,1
12529,4,-2,2
12529,4,1,2
12530,4,1,0
12530,4,-2,1
12530,4,-2,2
12530,4,2,2
12531,4,1,0
12531,4,-2,1
12531,4,-1,2
12531,4,0,2
12532,4,1,0
12532,4,-2,1
12532,4,-1,2
12532,4,1,2
12533,4,1,0
12533,4,-2,1
12533,4,-1,2
12533,4,2,2
12534,4,1,0
12534,4,-2,1
12534,4,0,2
12534,4,1,2
12535,4,1,0
12535,4,-2,1
12535,4,0,2
12535,4,2,2
12536,4,1,0
12536,4,-2,1
12536,4,1,2
12536,4,2,2
12537,4,1,0
12537,4,-1,1
12537,4,0,1
12537,4,1,1
12538,4,1,0
12538,4,-1,1
12538,4,0,1
12538,4,2,1
12539,4,1,0
12539,4,-1,1
12539,4,0,1
12539,4,-2,2
12540,4,1,0
12540,4,-1,1
12540,4,0,1
12540,4,-1,2
12541,4,1,0
12541,4,-1,1
12541,4,0,1
12541,4,0,2
12542,4,1,0
12542,4,-1,1
12542,4,0,1
12542,4,1,2
12543,4,1,0
12543,4,-1,1
12543,4,0,1
12543,4,2,2
12544,4,1,0
12544,4,-1,1
12544,4,1,1
12544,4,2,1
12545,4,1,0
12545,4,-1,1
12545,4,1,1
12545,4,-2,2
12546,4,1,0
12546,4,-1,1
12546,4,1,1
12546,4,-1,2
12547,4,1,0
12547,4,-1,1
12547,4,1,1
12547,4,0,2
12548,4,1,0
12548,4,-1,1
12548,4,1,1
12548,4,1,2
12549,4,1,0
12549,4,-1,1
12549,4,1,1
12549,4,2,2
12550,4,1,0
12550,4,-1,1
12550,4,2,1
12550,4,-2,2
12551,4,1,0
12551,4,-1,1
12551,4,2,1
12551,4,-1,2
12552,4,1,0
12552,4,-1,1
12552,4,2,1
12552,4,0,2
12553,4,1,0
12553,4,-1,1
12553,4,2,1
12553,4,1,2
12554,4,1,0
12554,4,-1,1
12554,4,2,1
12554,4,2,2
12555,4,1,0
12555,4,-1,1
12555,4,-2,2
12555,4,-1,2
12556,4,1,0
12556,4,-1,1
12556,4,-2,2
12556,4,0,2
12557,4,1,0
12557,4,-1,1
12557,4,-2,2
12557,4,1,2
12558,4,1,0
12558,4,-1,1
12558,4,-2,2
12558,4,2,2
12559,4,1,0
12559,4,-1,1
12559,4,-1,2
12559,4,0,2
12560,4,1,0
12560,4,-1,1
12560,4,-1,2
12560,4,1,2
12561,4,1,0
12561,4,-1,1
12561,4,-1,2
12561,4,2,2
12562,4,1,0
12562,4,-1,1
12562,4,0,2
12562,4,1,2
12563,4,1,0
12563,4,-1,1
12563,4,0,2
12563,4,2,2
12564,4,1,0
12564,4,-1,1
12564,4,1,2
12564,4,2,2
12565,4,1,0
12565,4,0,1
12565,4,1,1
12565,4,2,1
12566,4,1,0
12566,4,0,1
12566,4,1,1
12566,4,-2,2
12567,4,1,0
12567,4,0,1
12567,4,1,1
12567,4,-1,2
12568,4,1,0
12568,4,0,1
12568,4,1,1
12568,4,0,2
12569,4,1,0
12569,4,0,1
12569,4,1,1
12569,4,1,2
12570,4,1,0
12570,4,0,1
12570,4,1,1
12570,4,2,2
12571,4,1,0
12571,4,0,1
12571,4,2,1
12571,4,-2,2
12572,4,1,0
12572,4,0,1
12572,4,2,1
12572,4,-1,2
12573,4,1,0
12573,4,0,1
12573,4,2,1
12573,4,0,2
12574,4,1,0
12574,4,0,1
12574,4,2,1
12574,4,1,2
12575,4,1,0
12575,4,0,1
12575,4,2,1
12575,4,2,2
12576,4,1,0
12576,4,0,1
12576,4,-2,2
12576,4,-1,2
12577,4,1,0
12577,4,0,1
12577,4,-2,2
12577,4,0,2
12578,4,1,0
12578,4,0,1
12578,4,-2,2
12578,4,1,2
12579,4,1,0
12579,4,0,1
12579,4,-2,2
12579,4,2,2
12580,4,1,0
12580,4,0,1
12580,4,-1,2
12580,4,0,2
12581,4,1,0
12581,4,0,1
12581,4,-1,2
12581,4,1,2
12582,4,1,0
12582,4,0,1
12582,4,-1,2
12582,4,2,2
12583,4,1,0
12583,4,0,1
12583,4,0,2
12583,4,1,2
12584,4,1,0
12584,4,0,1
12584,4,0,2
12584,4,2,2
12585,4,1,0
12585,4,0,1
12585,4,1,2
12585,4,2,2
12586,4,1,0
12586,4,1,1
12586,4,2,1
12586,4,-2,2
12587,4,1,0
12587,4,1,1
12587,4,2,1
12587,4,-1,2
12588,4,1,0
12588,4,1,1
12588,4,2,1
12588,4,0,2
12589,4,1,0
12589,4,1,1
12589,4,2,1
12589,4,1,2
12590,4,1,0
12590,4,1,1
12590,4,2,1
12590,4,2,2
12591,4,1,0
12591,4,1,1
12591,4,-2,2
12591,4,-1,2
12592,4,1,0
12592,4,1,1
12592,4,-2,2
12592,4,0,2
12593,4,1,0
12593,4,1,1
12593,4,-2,2
12593,4,1,2
12594,4,1,0
12594,4,1,1
12594,4,-2,2
12594,4,2,2
12595,4,1,0
12595,4,1,1
12595,4,-1,2
12595,4,0,2
12596,4,1,0
12596,4,1,1
12596,4,-1,2
12596,4,1,2
12597,4,1,0
12597,4,1,1
12597,4,-1,2
12597,4,2,2
12598,4,1,0
12598,4,1,1
12598,4,0,2
12598,4,1,2
12599,4,1,0
12599,4,1,1
12599,4,0,2
12599,4,2,2
12600,4,1,0
12600,4,1,1
12600,4,1,2
12600,4,2,2
12601,4,1,0
12601,4,2,1
12601,4,-2,2
12601,4,-1,2
12602,4,1,0
12602,4,2,1
12602,4,-2,2
12602,4,0,2
12603,4,1,0
12603,4,2,1
12603,4,-2,2
12603,4,1,2
12604,4,1,0
12604,4,2,1
12604,4,-2,2
12604,4,2,2
12605,4,1,0
12605,4,2,1
12605,4,-1,2
12605,4,0,2
12606,4,1,0
12606,4,2,1
12606,4,-1,2
12606,4,1,2
12607,4,1,0
12607,4,2,1
12607,4,-1,2
12607,4,2,2
12608,4,1,0
12608,4,2,1
12608,4,0,2
12608,4,1,2
12609,4,1,0
12609,4,2,1
12609,4,0,2
12609,4,2,2
12610,4,1,0
12610,4,2,1
12610,4,1,2
12610,4,2,2
12611,4,1,0
12611,4,-2,2
12611,4,-1,2
12611,4,0,2
12612,4,1,0
12612,4,-2,2
12612,4,-1,2
12612,4,1,2
12613,4,1,0
12613,4,-2,2
12613,4,-1,2
12613,4,2,2
12614,4,1,0
12614,4,-2,2
12614,4,0,2
12614,4,1,2
12615,4,1,0
12615,4,-2,2
12615,4,0,2
12615,4,2,2
12616,4,1,0
12616,4,-2,2
12616,4,1,2
12616,4,2,2
12617,4,1,0
12617,4,-1,2
12617,4,0,2
12617,4,1,2
12618,4,1,0
12618,4,-1,2
12618,4,0,2
12618,4,2,2
12619,4,1,0
12619,4,-1,2
12619,4,1,2
12619,4,2,2
12620,4,1,0
12620,4,0,2
12620,4,1,2
12620,4,2,2
12621,4,2,0
12621,4,-2,1
12621,4,-1,1
12621,4,0,1
12622,4,2,0
12622,4,-2,1
12622,4,-1,1
12622,4,1,1
12623,4,2,0
12623,4,-2,1
12623,4,-1,1
12623,4,2,1
12624,4,2,0
12624,4,-2,1
12624,4,-1,1
12624,4,-2,2
12625,4,2,0
12625,4,-2,1
12625,4,-1,1
12625,4,-1,2
12626,4,2,0
12626,4,-2,1
12626,4,-1,1
12626,4,0,2
12627,4,2,0
12627,4,-2,1
12627,4,-1,1
12627,4,1,2
12628,4,2,0
12628,4,-2,1
12628,4,-1,1
12628,4,2,2
12629,4,2,0
12629,4,-2,1
12629,4,0,1
12629,4,1,1
12630,4,2,0
12630,4,-2,1
12630,4,0,1
12630,4,2,1
12631,4,2,0
12631,4,-2,1
12631,4,0,1
12631,4,-2,2
12632,4,2,0
12632,4,-2,1
12632,4,0,1
12632,4,-1,2
12633,4,2,0
12633,4,-2,1
12633,4,0,1
12633,4,0,2
12634,4,2,0
12634,4,-2,1
12634,4,0,1
12634,4,1,2
12635,4,2,0
12635,4,-2,1
12635,4,0,1
12635,4,2,2
12636,4,2,0
12636,4,-2,1
12636,4,1,1
12636,4,2,1
12637,4,2,0
12637,4,-2,1
12637,4,1,1
12637,4,-2,2
12638,4,2,0
12638,4,-2,1
12638,4,1,1
12638,4,-1,2
12639,4,2,0
12639,4,-2,1
12639,4,1,1
12639,4,0,2
12640,4,2,0
12640,4,-2,1
12640,4,1,1
12640,4,1,2
12641,4,2,0
12641,4,-2,1
12641,4,1,1
12641,4,2,2
12642,4,2,0
12642,4,-2,1
12642,4,2,1
12642,4,-2,2
12643,4,2,0
12643,4,-2,1
12643,4,2,1
12643,4,-1,2
12644,4,2,0
12644,4,-2,1
12644,4,2,1
12644,4,0,2
12645,4,2,0
12645,4,-2,1
12645,4,2,1
12645,4,1,2
12646,4,2,0
12646,4,-2,1
12646,4,2,1
12646,4,2,2
12647,4,2,0
12647,4,-2,1
12647,4,-2,2
12647,4,-1,2
12648,4,2,0
12648,4,-2,1
12648,4,-2,2
12648,4,0,2
12649,4,2,0
12649,4,-2,1
12649,4,-2,2
12649,4,1,2
12650,4,2,0
12650,4,-2,1
12650,4,-2,2
12650,4,2,2
12651,4,2,0
12651,4,-2,1
12651,4,-1,2
12651,4,0,2
12652,4,2,0
12652,4,-2,1
12652,4,-1,2
12652,4,1,2
12653,4,2,0
12653,4,-2,1
12653,4,-1,2
12653,4,2,2
12654,4,2,0
12654,4,-2,1
12654,4,0,2
12654,4,1,2
12655,4,2,0
12655,4,-2,1
12655,4,0,2
12655,4,2,2
12656,4,2,0
12656,4,-2,1
12656,4,1,2
12656,4,2,2
12657,4,2,0
12657,4,-1,1
12657,4,0,1
12657,4,1,1
12658,4,2,0
12658,4,-1,1
12658,4,0,1
12658,4,2,1
12659,4,2,0
12659,4,-1,1
12659,4,0,1
12659,4,-2,2
12660,4,2,0
12660,4,-1,1
12660,4,0,1
12660,4,-1,2
12661,4,2,0
12661,4,-1,1
12661,4,0,1
12661,4,0,2
12662,4,2,0
12662,4,-1,1
12662,4,0,1
12662,4,1,2
12663,4,2,0
12663,4,-1,1
12663,4,0,1
12663,4,2,2
12664,4,2,0
12664,4,-1,1
12664,4,1,1
12664,4,2,1
12665,4,2,0
12665,4,-1,1
12665,4,1,1
12665,4,-2,2
12666,4,2,0
12666,4,-1,1
12666,4,1,1
12666,4,-1,2
12667,4,2,0
12667,4,-1,1
12667,4,1,1
12667,4,0,2
12668,4,2,0
12668,4,-1,1
12668,4,1,1
12668,4,1,2
12669,4,2,0
12669,4,-1,1
12669,4,1,1
12669,4,2,2
12670,4,2,0
12670,4,-1,1
12670,4,2,1
12670,4,-2,2
12671,4,2,0
12671,4,-1,1
12671,4,2,1
12671,4,-1,2
12672,4,2,0
12672,4,-1,1
12672,4,2,1
12672,4,0,2
12673,4,2,0
12673,4,-1,1
12673,4,2,1
12673,4,1,2
12674,4,2,0
12674,4,-1,1
12674,4,2,1
12674,4,2,2
12675,4,2,0
12675,4,-1,1
12675,4,-2,2
12675,4,-1,2
12676,4,2,0
12676,4,-1,1
12676,4,-2,2
12676,4,0,2
12677,4,2,0
12677,4,-1,1
12677,4,-2,2
12677,4,1,2
12678,4,2,0
12678,4,-1,1
12678,4,-2,2
12678,4,2,2
12679,4,2,0
12679,4,-1,1
12679,4,-1,2
12679,4,0,2
12680,4,2,0
12680,4,-1,1
12680,4,-1,2
12680,4,1,2
12681,4,2,0
12681,4,-1,1
12681,4,-1,2
12681,4,2,2
12682,4,2,0
12682,4,-1,1
12682,4,0,2
12682,4,1,2
12683,4,2,0
12683,4,-1,1
12683,4,0,2
12683,4,2,2
12684,4,2,0
12684,4,-1,1
12684,4,1,2
12684,4,2,2
12685,4,2,0
12685,4,0,1
12685,4,1,1
12685,4,2,1
12686,4,2,0
12686,4,0,1
12686,4,1,1
12686,4,-2,2
12687,4,2,0
12687,4,0,1
12687,4,1,1
12687,4,-1,2
12688,4,2,0
12688,4,0,1
12688,4,1,1
12688,4,0,2
12689,4,2,0
12689,4,0,1
12689,4,1,1
12689,4,1,2
12690,4,2,0
12690,4,0,1
12690,4,1,1
12690,4,2,2
12691,4,2,0
12691,4,0,1
12691,4,2,1
12691,4,-2,2
12692,4,2,0
12692,4,0,1
12692,4,2,1
12692,4,-1,2
12693,4,2,0
12693,4,0,1
12693,4,2,1
12693,4,0,2
12694,4,2,0
12694,4,0,1
12694,4,2,1
12694,4,1,2
12695,4,2,0
12695,4,0,1
12695,4,2,1
12695,4,2,2
12696,4,2,0
12696,4,0,1
12696,4,-2,2
12696,4,-1,2
12697,4,2,0
12697,4,0,1
12697,4,-2,2
12697,4,0,2
12698,4,2,0
12698,4,0,1
12698,4,-2,2
12698,4,1,2
12699,4,2,0
12699,4,0,1
12699,4,-2,2
12699,4,2,2
12700,4,2,0
12700,4,0,1
12700,4,-1,2
12700,4,0,2
12701,4,2,0
12701,4,0,1
12701,4,-1,2
12701,4,1,2
12702,4,2,0
12702,4,0,1
12702,4,-1,2
12702,4,2,2
12703,4,2,0
12703,4,0,1
12703,4,0,2
12703,4,1,2
12704,4,2,0
12704,4,0,1
12704,4,0,2
12704,4,2,2
12705,4,2,0
12705,4,0,1
12705,4,1,2
12705,4,2,2
12706,4,2,0
12706,4,1,1
12706,4,2,1
12706,4,-2,2
12707,4,2,0
12707,4,1,1
12707,4,2,1
12707,4,-1,2
12708,4,2,0
12708,4,1,1
12708,4,2,1
12708,4,0,2
12709,4,2,0
12709,4,1,1
12709,4,2,1
12709,4,1,2
12710,4,2,0
12710,4,1,1
12710,4,2,1
12710,4,2,2
12711,4,2,0
12711,4,1,1
12711,4,-2,2
12711,4,-1,2
12712,4,2,0
12712,4,1,1
12712,4,-2,2
12712,4,0,2
12713,4,2,0
12713,4,1,1
12713,4,-2,2
12713,4,1,2
12714,4,2,0
12714,4,1,1
12714,4,-2,2
12714,4,2,2
12715,4,2,0
12715,4,1,1
12715,4,-1,2
12715,4,0,2
12716,4,2,0
12716,4,1,1
12716,4,-1,2
12716,4,1,2
12717,4,2,0
12717,4,1,1
12717,4,-1,2
12717,4,2,2
12718,4,2,0
12718,4,1,1
12718,4,0,2
12718,4,1,2
12719,4,2,0
12719,4,1,1
12719,4,0,2
12719,4,2,2
12720,4,2,0
12720,4,1,1
12720,4,1,2
12720,4,2,2
12721,4,2,0
12721,4,2,1
12721,4,-2,2
12721,4,-1,2
12722,4,2,0
12722,4,2,1
12722,4,-2,2
12722,4,0,2
12723,4,2,0
12723,4,2,1
12723,4,-2,2
12723,4,1,2
12724,4,2,0
12724,4,2,1
12724,4,-2,2
12724,4,2,2
12725,4,2,0
12725,4,2,1
12725,4,-1,2
12725,4,0,2
12726,4,2,0
12726,4,2,1
12726,4,-1,2
12726,4,1,2
12727,4,2,0
12727,4,2,1
12727,4,-1,2
12727,4,2,2
12728,4,2,0
12728,4,2,1
12728,4,0,2
12728,4,1,2
12729,4,2,0
12729,4,2,1
12729,4,0,2
12729,4,2,2
12730,4,2,0
12730,4,2,1
12730,4,1,2
12730,4,2,2
12731,4,2,0
12731,4,-2,2
12731,4,-1,2
12731,4,0,2
12732,4,2,0
12732,4,-2,2
12732,4,-1,2
12732,4,1,2
12733,4,2,0
12733,4,-2,2
12733,4,-1,2
12733,4,2,2
12734,4,2,0
12734,4,-2,2
12734,4,0,2
12734,4,1,2
12735,4,2,0
12735,4,-2,2
12735,4,0,2
12735,4,2,2
12736,4,2,0
12736,4,-2,2
12736,4,1,2
12736,4,2,2
12737,4,2,0
12737,4,-1,2
12737,4,0,2
12737,4,1,2
12738,4,2,0
12738,4,-1,2
12738,4,0,2
12738,4,2,2
12739,4,2,0
12739,4,-1,2
12739,4,1,2
12739,4,2,2
12740,4,2,0
12740,4,0,2
12740,4,1,2
12740,4,2,2
12741,4,-2,1
12741,4,-1,1
12741,4,0,1
12741,4,1,1
12742,4,-2,1
12742,4,-1,1
12742,4,0,1
12742,4,2,1
12743,4,-2,1
12743,4,-1,1
12743,4,0,1
12743,4,-2,2
12744,4,-2,1
12744,4,-1,1
12744,4,0,1
12744,4,-1,2
12745,4,-2,1
12745,4,-1,1
12745,4,0,1
12745,4,0,2
12746,4,-2,1
12746,4,-1,1
12746,4,0,1
12746,4,1,2
12747,4,-2,1
12747,4,-1,1
12747,4,0,1
12747,4,2,2
12748,4,-2,1
12748,4,-1,1
12748,4,1,1
12748,4,2,1
12749,4,-2,1
12749,4,-1,1
12749,4,1,1
12749,4,-2,2
12750,4,-2,1
12750,4,-1,1
12750,4,1,1
12750,4,-1,2
12751,4,-2,1
12751,4,-1,1
12751,4,1,1
12751,4,0,2
12752,4,-2,1
12752,4,-1,1
12752,4,1,1
12752,4,1,2
12753,4,-2,1
12753,4,-1,1
12753,4,1,1
12753,4,2,2
12754,4,-2,1
12754,4,-1,1
12754,4,2,1
12754,4,-2,2
12755,4,-2,1
12755,4,-1,1
12755,4,2,1
12755,4,-1,2
12756,4,-2,1
12756,4,-1,1
12756,4,2,1
12756,4,0,2
12757,4,-2,1
12757,4,-1,1
12757,4,2,1
12757,4,1,2
12758,4,-2,1
12758,4,-1,1
12758,4,2,1
12758,4,2,2
12759,4,-2,1
12759,4,-1,1
12759,4,-2,2
12759,4,-1,2
12760,4,-2,1
12760,4,-1,1
12760,4,-2,2
12760,4,0,2
12761,4,-2,1
12761,4,-1,1
12761,4,-2,2
12761,4,1,2
12762,4,-2,1
12762,4,-1,1
12762,4,-2,2
12762,4,2,2
12763,4,-2,1
12763,4,-1,1
12763,4,-1,2
12763,4,0,2
12764,4,-2,1
12764,4,-1,1
12764,4,-1,2
12764,4,1,2
12765,4,-2,1
12765,4,-1,1
12765,4,-1,2
12765,4,2,2
12766,4,-2,1
12766,4,-1,1
12766,4,0,2
12766,4,1,2
12767,4,-2,1
12767,4,-1,1
12767,4,0,2
12767,4,2,2
12768,4,-2,1
12768,4,-1,1
12768,4,1,2
12768,4,2,2
12769,4,-2,1
12769,4,0,1
12769,4,1,1
12769,4,2,1
12770,4,-2,1
12770,4,0,1
12770,4,1,1
12770,4,-2,2
12771,4,-2,1
12771,4,0,1
12771,4,1,1
12771,4,-1,2
12772,4,-2,1
12772,4,0,1
12772,4,1,1
12772,4,0,2
12773,4,-2,1
12773,4,0,1
12773,4,1,1
12773,4,1,2
12774,4,-2,1
12774,4,0,1
12774,4,1,1
12774,4,2,2
12775,4,-2,1
12775,4,0,1
12775,4,2,1
12775,4,-2,2
12776,4,-2,1
12776,4,0,1
12776,4,2,1
12776,4,-1,2
12777,4,-2,1
12777,4,0,1
12777,4,2,1
12777,4,0,2
12778,4,-2,1
12778,4,0,1
12778,4,2,1
12778,4,1,2
12779,4,-2,1
12779,4,0,1
12779,4,2,1
12779,4,2,2
12780,4,-2,1
12780,4,0,1
12780,4,-2,2
12780,4,-1,2
12781,4,-2,1
12781,4,0,1
12781,4,-2,2
12781,4,0,2
12782,4,-2,1
12782,4,0,1
12782,4,-2,2
12782,4,1,2
12783,4,-2,1
12783,4,0,1
12783,4,-2,2
12783,4,2,2
12784,4,-2,1
12784,4,0,1
12784,4,-1,2
12784,4,0,2
12785,4,-2,1
12785,4,0,1
12785,4,-1,2
12785,4,1,2
12786,4,-2,1
12786,4,0,1
12786,4,-1,2
12786,4,2,2
12787,4,-2,1
12787,4,0,1
12787,4,0,2
12787,4,1,2
12788,4,-2,1
12788,4,0,1
12788,4,0,2
12788,4,2,2
12789,4,-2,1
12789,4,0,1
12789,4,1,2
12789,4,2,2
12790,4,-2,1
12790,4,1,1
12790,4,2,1
12790,4,-2,2
12791,4,-2,1
12791,4,1,1
12791,4,2,1
12791,4,-1,2
12792,4,-2,1
12792,4,1,1
12792,4,2,1
12792,4,0,2
12793,4,-2,1
12793,4,1,1
12793,4,2,1
12793,4,1,2
12794,4,-2,1
12794,4,1,1
12794,4,2,1
12794,4,2,2
12795,4,-2,1
12795,4,1,1
12795,4,-2,2
12795,4,-1,2
12796,4,-2,1
12796,4,1,1
12796,4,-2,2
12796,4,0,2
12797,4,-2,1
12797,4,1,1
12797,4,-2,2
12797,4,1,2
12798,4,-2,1
12798,4,1,1
12798,4,-2,2
12798,4,2,2
12799,4,-2,1
12799,4,1,1
12799,4,-1,2
12799,4,0,2
12800,4,-2,1
12800,4,1,1
12800,4,-1,2
12800,4,1,2
12801,4,-2,1
12801,4,1,1
12801,4,-1,2
12801,4,2,2
12802,4,-2,1
12802,4,1,1
12802,4,0,2
12802,4,1,2
12803,4,-2,1
12803,4,1,1
12803,4,0,2
12803,4,2,2
12804,4,-2,1
12804,4,1,1
12804,4,1,2
12804,4,2,2
12805,4,-2,1
12805,4,2,1
12805,4,-2,2
12805,4,-1,2
12806,4,-2,1
12806,4,2,1
12806,4,-2,2
12806,4,0,2
12807,4,-2,1
12807,4,2,1
12807,4,-2,2
12807,4,1,2
12808,4,-2,1
12808,4,2,1
12808,4,-2,2
12808,4,2,2
12809,4,-2,1
12809,4,2,1
12809,4,-1,2
12809,4,0,2
12810,4,-2,1
12810,4,2,1
12810,4,-1,2
12810,4,1,2
12811,4,-2,1
12811,4,2,1
12811,4,-1,2
12811,4,2,2
12812,4,-2,1
12812,4,2,1
12812,4,0,2
12812,4,1,2
12813,4,-2,1
12813,4,2,1
12813,4,0,2
12813,4,2,2
12814,4,-2,1
12814,4,2,1
12814,4,1,2
12814,4,2,2
12815,4,-2,1
12815,4,-2,2
12815,4,-1,2
12815,4,0,2
12816,4,-2,1
12816,4,-2,2
12816,4,-1,2
12816,4,1,2
12817,4,-2,1
12817,4,-2,2
12817,4,-1,2
12817,4,2,2
12818,4,-2,1
12818,4,-2,2
12818,4,0,2
12818,4,1,2
12819,4,-2,1
12819,4,-2,2
12819,4,0,2
12819,4,2,2
12820,4,-2,1
12820,4,-2,2
12820,4,1,2
12820,4,2,2
12821,4,-2,1
12821,4,-1,2
12821,4,0,2
12821,4,1,2
12822,4,-2,1
12822,4,-1,2
12822,4,0,2
12822,4,2,2
12823,4,-2,1
12823,4,-1,2
12823,4,1,2
12823,4,2,2
12824,4,-2,1
12824,4,0,2
12824,4,1,2
12824,4,2,2
12825,4,-1,1
12825,4,0,1
12825,4,1,1
12825,4,2,1
12826,4,-1,1
12826,4,0,1
12826,4,1,1
12826,4,-2,2
12827,4,-1,1
12827,4,0,1
12827,4,1,1
12827,4,-1,2
12828,4,-1,1
12828,4,0,1
12828,4,1,1
12828,4,0,2
12829,4,-1,1
12829,4,0,1
12829,4,1,1
12829,4,1,2
12830,4,-1,1
12830,4,0,1
12830,4,1,1
12830,4,2,2
12831,4,-1,1
12831,4,0,1
12831,4,2,1
12831,4,-2,2
12832,4,-1,1
12832,4,0,1
12832,4,2,1
12832,4,-1,2
12833,4,-1,1
12833,4,0,1
12833,4,2,1
12833,4,0,2
12834,4,-1,1
12834,4,0,1
12834,4,2,1
12834,4,1,2
12835,4,-1,1
12835,4,0,1
12835,4,2,1
12835,4,2,2
12836,4,-1,1
12836,4,0,1
12836,4,-2,2
12836,4,-1,2
12837,4,-1,1
12837,4,0,1
12837,4,-2,2
12837,4,0,2
12838,4,-1,1
12838,4,0,1
12838,4,-2,2
12838,4,1,2
12839,4,-1,1
12839,4,0,1
12839,4,-2,2
12839,4,2,2
12840,4,-1,1
12840,4,0,1
12840,4,-1,2
12840,4,0,2
12841,4,-1,1
12841,4,0,1
12841,4,-1,2
12841,4,1,2
12842,4,-1,1
12842,4,0,1
12842,4,-1,2
12842,4,2,2
12843,4,-1,1
12843,4,0,1
12843,4,0,2
12843,4,1,2
12844,4,-1,1
12844,4,0,1
12844,4,0,2
12844,4,2,2
12845,4,-1,1
12845,4,0,1
12845,4,1,2
12845,4,2,2
12846,4,-1,1
12846,4,1,1
12846,4,2,1
12846,4,-2,2
12847,4,-1,1
12847,4,1,1
12847,4,2,1
12847,4,-1,2
12848,4,-1,1
12848,4,1,1
12848,4,2,1
12848,4,0,2
12849,4,-1,1
12849,4,1,1
12849,4,2,1
12849,4,1,2
12850,4,-1,1
12850,4,1,1
12850,4,2,1
12850,4,2,2
12851,4,-1,1
12851,4,1,1
12851,4,-2,2
12851,4,-1,2
12852,4,-1,1
12852,4,1,1
12852,4,-2,2
12852,4,0,2
12853,4,-1,1
12853,4,1,1
12853,4,-2,2
12853,4,1,2
12854,4,-1,1
12854,4,1,1
12854,4,-2,2
12854,4,2,2
12855,4,-1,1
12855,4,1,1
12855,4,-1,2
12855,4,0,2
12856,4,-1,1
12856,4,1,1
12856,4,-1,2
12856,4,1,2
12857,4,-1,1
12857,4,1,1
12857,4,-1,2
12857,4,2,2
12858,4,-1,1
12858,4,1,1
12858,4,0,2
12858,4,1,2
12859,4,-1,1
12859,4,1,1
12859,4,0,2
12859,4,2,2
12860,4,-1,1
12860,4,1,1
12860,4,1,2
12860,4,2,2
12861,4,-1,1
12861,4,2,1
12861,4,-2,2
12861,4,-1,2
12862,4,-1,1
12862,4,2,1
12862,4,-2,2
12862,4,0,2
12863,4,-1,1
12863,4,2,1
12863,4,-2,2
12863,4,1,2
12864,4,-1,1
12864,4,2,1
12864,4,-2,2
12864,4,2,2
12865,4,-1,1
12865,4,2,1
12865,4,-1,2
12865,4,0,2
12866,4,-1,1
12866,4,2,1
12866,4,-1,2
12866,4,1,2
12867,4,-1,1
12867,4,2,1
12867,4,-1,2
12867,4,2,2
12868,4,-1,1
12868,4,2,1
12868,4,0,2
12868,4,1,2
12869,4,-1,1
12869,4,2,1
12869,4,0,2
12869,4,2,2
12870,4,-1,1
12870,4,2,1
12870,4,1,2
12870,4,2,2
12871,4,-1,1
12871,4,-2,2
12871,4,-1,2
12871,4,0,2
12872,4,-1,1
12872,4,-2,2
12872,4,-1,2
12872,4,1,2
12873,4,-1,1
12873,4,-2,2
12873,4,-1,2
12873,4,2,2
12874,4,-1,1
12874,4,-2,2
12874,4,0,2
12874,4,1,2
12875,4,-1,1
12875,4,-2,2
12875,4,0,2
12875,4,2,2
12876,4,-1,1
12876,4,-2,2
12876,4,1,2
12876,4,2,2
12877,4,-1,1
12877,4,-1,2
12877,4,0,2
12877,4,1,2
12878,4,-1,1
12878,4,-1,2
12878,4,0,2
12878,4,2,2
12879,4,-1,1
12879,4,-1,2
12879,4,1,2
12879,4,2,2
12880,4,-1,1
12880,4,0,2
12880,4,1,2
12880,4,2,2
12881,4,0,1
12881,4,1,1
12881,4,2,1
12881,4,-2,2
12882,4,0,1
12882,4,1,1
12882,4,2,1
12882,4,-1,2
12883,4,0,1
12883,4,1,1
12883,4,2,1
12883,4,0,2
12884,4,0,1
12884,4,1,1
12884,4,2,1
12884,4,1,2
12885,4,0,1
12885,4,1,1
12885,4,2,1
12885,4,2,2
12886,4,0,1
12886,4,1,1
12886,4,-2,2
12886,4,-1,2
12887,4,0,1
12887,4,1,1
12887,4,-2,2
12887,4,0,2
12888,4,0,1
12888,4,1,1
12888,4,-2,2
12888,4,1,2
12889,4,0,1
12889,4,1,1
12889,4,-2,2
12889,4,2,2
12890,4,0,1
12890,4,1,1
12890,4,-1,2
12890,4,0,2
12891,4,0,1
12891,4,1,1
12891,4,-1,2
12891,4,1,2
12892,4,0,1
12892,4,1,1
12892,4,-1,2
12892,4,2,2
12893,4,0,1
12893,4,1,1
12893,4,0,2
12893,4,1,2
12894,4,0,1
12894,4,1,1
12894,4,0,2
12894,4,2,2
12895,4,0,1
12895,4,1,1
12895,4,1,2
12895,4,2,2
12896,4,0,1
12896,4,2,1
12896,4,-2,2
12896,4,-1,2
12897,4,0,1
12897,4,2,1
12897,4,-2,2
12897,4,0,2
12898,4,0,1
12898,4,2,1
12898,4,-2,2
12898,4,1,2
12899,4,0,1
12899,4,2,1
12899,4,-2,2
12899,4,2,2
12900,4,0,1
12900,4,2,1
12900,4,-1,2
12900,4,0,2
12901,4,0,1
12901,4,2,1
12901,4,-1,2
12901,4,1,2
12902,4,0,1
12902,4,2,1
12902,4,-1,2
12902,4,2,2
12903,4,0,1
12903,4,2,1
12903,4,0,2
12903,4,1,2
12904,4,0,1
12904,4,2,1
12904,4,0,2
12904,4,2,2
12905,4,0,1
12905,4,2,1
12905,4,1,2
12905,4,2,2
12906,4,0,1
12906,4,-2,2
12906,4,-1,2
12906,4,0,2
12907,4,0,1
12907,4,-2,2
12907,4,-1,2
12907,4,1,2
12908,4,0,1
12908,4,-2,2
12908,4,-1,2
12908,4,2,2
12909,4,0,1
12909,4,-2,2
12909,4,0,2
12909,4,1,2
12910,4,0,1
12910,4,-2,2
12910,4,0,2
12910,4,2,2
12911,4,0,1
12911,4,-2,2
12911,4,1,2
12911,4,2,2
12912,4,0,1
12912,4,-1,2
12912,4,0,2
12912,4,1,2
12913,4,0,1
12913,4,-1,2
12913,4,0,2
12913,4,2,2
12914,4,0,1
12914,4,-1,2
12914,4,1,2
12914,4,2,2
12915,4,0,1
12915,4,0,2
12915,4,1,2
12915,4,2,2
12916,4,1,1
12916,4,2,1
12916,4,-2,2
12916,4,-1,2
12917,4,1,1
12917,4,2,1
12917,4,-2,2
12917,4,0,2
12918,4,1,1
12918,4,2,1
12918,4,-2,2
12918,4,1,2
12919,4,1,1
12919,4,2,1
12919,4,-2,2
12919,4,2,2
12920,4,1,1
12920,4,2,1
12920,4,-1,2
12920,4,0,2
12921,4,1,1
12921,4,2,1
12921,4,-1,2
12921,4,1,2
12922,4,1,1
12922,4,2,1
12922,4,-1,2
12922,4,2,2
12923,4,1,1
12923,4,2,1
12923,4,0,2
12923,4,1,2
12924,4,1,1
12924,4,2,1
12924,4,0,2
12924,4,2,2
12925,4,1,1
12925,4,2,1
12925,4,1,2
12925,4,2,2
12926,4,1,1
12926,4,-2,2
12926,4,-1,2
12926,4,0,2
12927,4,1,1
12927,4,-2,2
12927,4,-1,2
12927,4,1,2
12928,4,1,1
12928,4,-2,2
12928,4,-1,2
12928,4,2,2
12929,4,1,1
12929,4,-2,2
12929,4,0,2
12929,4,1,2
12930,4,1,1
12930,4,-2,2
12930,4,0,2
12930,4,2,2
12931,4,1,1
12931,4,-2,2
12931,4,1,2
12931,4,2,2
12932,4,1,1
12932,4,-1,2
12932,4,0,2
12932,4,1,2
12933,4,1,1
12933,4,-1,2
12933,4,0,2
12933,4,2,2
12934,4,1,1
12934,4,-1,2
12934,4,1,2
12934,4,2,2
12935,4,1,1
12935,4,0,2
12935,4,1,2
12935,4,2,2
12936,4,2,1
12936,4,-2,2
12936,4,-1,2
12936,4,0,2
12937,4,2,1
12937,4,-2,2
12937,4,-1,2
12937,4,1,2
12938,4,2,1
12938,4,-2,2
12938,4,-1,2
12938,4,2,2
12939,4,2,1
12939,4,-2,2
12939,4,0,2
12939,4,1,2
12940,4,2,1
12940,4,-2,2
12940,4,0,2
12940,4,2,2
12941,4,2,1
12941,4,-2,2
12941,4,1,2
12941,4,2,2
12942,4,2,1
12942,4,-1,2
12942,4,0,2
12942,4,1,2
12943,4,2,1
12943,4,-1,2
12943,4,0,2
12943,4,2,2
12944,4,2,1
12944,4,-1,2
12944,4,1,2
12944,4,2,2
12945,4,2,1
12945,4,0,2
12945,4,1,2
12945,4,2,2
12946,4,-2,2
12946,4,-1,2
12946,4,0,2
12946,4,1,2
12947,4,-2,2
12947,4,-1,2
12947,4,0,2
12947,4,2,2
12948,4,-2,2
12948,4,-1,2
12948,4,1,2
12948,4,2,2
12949,4,-2,2
12949,4,0,2
12949,4,1,2
12949,4,2,2
12950,4,-1,2
12950,4,0,2
12950,4,1,2
12950,4,2,2
