"canonical_key","pattern_id","n_flippers","family_id"
"-2:-2",1,1,1
"-1:-2",2,1,2
"-2:0",3,1,3
"-1:-2",4,1,2
"-2:-2",5,1,1
"-1:-2",6,1,2
"-1:-1",7,1,4
"-1:0",8,1,5
"-1:-1",9,1,4
"-1:-2",10,1,2
"-2:0",11,1,3
"-1:0",12,1,5
"-1:0",13,1,5
"-2:0",14,1,3
"-1:-2",15,1,2
"-1:-1",16,1,4
"-1:0",17,1,5
"-1:-1",18,1,4
"-1:-2",19,1,2
"-2:-2",20,1,1
"-1:-2",21,1,2
"-2:0",22,1,3
"-1:-2",23,1,2
"-2:-2",24,1,1
"-2:-2|-1:-2",25,2,6
"-2:-2|-2:0",26,2,7
"-1:-2|2:-2",27,2,8
"-2:-2|-2:2",28,2,9
"-2:-2|-1:-2",29,2,6
"-2:-2|-1:-1",30,2,10
"-2:-2|-1:0",31,2,11
"-1:-1|2:-2",32,2,12
"-2:-1|2:-2",33,2,13
"-2:-2|-2:0",34,2,7
"-2:-2|-1:0",35,2,11
"-1:0|2:-2",36,2,14
"-2:-2|0:2",37,2,15
"-1:-2|2:-2",38,2,8
"-1:-1|2:-2",39,2,12
"-1:0|2:-2",40,2,14
"-1:-1|2:2",41,2,16
"-1:-2|2:2",42,2,17
"-2:-2|-2:2",43,2,9
"-2:-1|2:-2",44,2,13
"-2:-2|0:2",45,2,15
"-1:-2|2:2",46,2,17
"-2:-2|2:2",47,2,18
"-1:-2|0:-2",48,2,19
"-1:-2|1:-2",49,2,20
"-1:-2|2:-2",50,2,8
"-2:-1|-1:-2",51,2,21
"-1:-2|-1:-1",52,2,22
"-1:-2|0:-1",53,2,23
"-1:-1|1:-2",54,2,24
"-1:-2|2:-1",55,2,25
"-2:-1|0:-2",56,2,26
"-1:-2|-1:0",57,2,27
"-1:-2|1:0",58,2,28
"-1:-2|2:0",59,2,29
"-1:-2|2:-1",60,2,25
"-1:-1|-1:2",61,2,30
"-1:-2|0:1",62,2,31
"-1:-1|1:2",63,2,32
"-1:-2|2:1",64,2,33
"-2:-1|2:-2",65,2,13
"-1:-2|-1:2",66,2,34
"-1:-2|0:2",67,2,35
"-1:-2|1:2",68,2,36
"-1:-2|2:2",69,2,17
"-1:-2|0:-2",70,2,19
"-2:-2|-2:0",71,2,7
"-2:-1|0:-2",72,2,26
"-1:-1|0:-2",73,2,37
"-2:0|-1:0",74,2,38
"-1:-1|0:-2",75,2,37
"-2:-1|0:-2",76,2,26
"-2:0|0:-2",77,2,39
"-1:0|0:-2",78,2,40
"-1:0|0:-2",79,2,40
"-2:0|0:-2",80,2,39
"-1:-2|2:0",81,2,29
"-1:-1|0:2",82,2,41
"-1:0|2:0",83,2,42
"-1:-1|0:2",84,2,41
"-1:-2|2:0",85,2,29
"-2:-2|0:2",86,2,15
"-1:-2|0:2",87,2,35
"-2:0|2:0",88,2,43
"-1:-2|0:2",89,2,35
"-2:-2|0:2",90,2,15
"-2:-2|-1:-2",91,2,6
"-1:-2|2:-1",92,2,25
"-1:-1|1:-2",93,2,24
"-1:-2|0:-1",94,2,23
"-1:-2|-1:-1",95,2,22
"-2:-1|-1:-2",96,2,21
"-1:-2|2:0",97,2,29
"-1:-2|1:0",98,2,28
"-1:-2|-1:0",99,2,27
"-2:-1|0:-2",100,2,26
"-1:-2|2:1",101,2,33
"-1:-1|1:2",102,2,32
"-1:-2|0:1",103,2,31
"-1:-1|-1:2",104,2,30
"-1:-2|2:-1",105,2,25
"-1:-2|2:2",106,2,17
"-1:-2|1:2",107,2,36
"-1:-2|0:2",108,2,35
"-1:-2|-1:2",109,2,34
"-2:-1|2:-2",110,2,13
"-2:-1|2:-2",111,2,13
"-1:-1|2:-2",112,2,12
"-2:-2|-1:0",113,2,11
"-2:-2|-1:-1",114,2,10
"-2:-2|-1:-2",115,2,6
"-2:-2|0:2",116,2,15
"-1:0|2:-2",117,2,14
"-2:-2|-1:0",118,2,11
"-2:-2|-2:0",119,2,7
"-1:-2|2:2",120,2,17
"-1:-1|2:2",121,2,16
"-1:0|2:-2",122,2,14
"-1:-1|2:-2",123,2,12
"-1:-2|2:-2",124,2,8
"-2:-2|2:2",125,2,18
"-1:-2|2:2",126,2,17
"-2:-2|0:2",127,2,15
"-2:-1|2:-2",128,2,13
"-2:-2|-2:2",129,2,9
"-1:-2|-1:-1",130,2,22
"-1:-2|-1:0",131,2,27
"-1:-1|-1:2",132,2,30
"-1:-2|-1:2",133,2,34
"-1:-2|0:-2",134,2,19
"-1:-2|0:-1",135,2,23
"-1:-2|0:1",136,2,31
"-1:-2|0:2",137,2,35
"-1:-2|1:-2",138,2,20
"-1:-1|1:-2",139,2,24
"-1:-2|1:0",140,2,28
"-1:-1|1:2",141,2,32
"-1:-2|1:2",142,2,36
"-1:-2|2:-2",143,2,8
"-1:-2|2:-1",144,2,25
"-1:-2|2:0",145,2,29
"-1:-2|2:1",146,2,33
"-1:-2|2:2",147,2,17
"-1:-1|-1:0",148,2,44
"-1:-1|-1:1",149,2,45
"-1:-1|-1:2",150,2,30
"-1:-1|0:-2",151,2,37
"-1:-1|-1:0",152,2,44
"-1:-1|0:1",153,2,46
"-1:-1|0:2",154,2,41
"-1:-1|1:-2",155,2,24
"-1:-1|-1:1",156,2,45
"-1:-1|0:1",157,2,46
"-1:-1|1:1",158,2,47
"-1:-1|1:2",159,2,32
"-1:-1|2:-2",160,2,12
"-1:-1|-1:2",161,2,30
"-1:-1|0:2",162,2,41
"-1:-1|1:2",163,2,32
"-1:-1|2:2",164,2,16
"-1:-1|-1:0",165,2,44
"-1:-2|-1:0",166,2,27
"-1:0|0:-2",167,2,40
"-1:0|0:-1",168,2,48
"-1:0|0:-1",169,2,48
"-1:0|0:-2",170,2,40
"-1:-2|1:0",171,2,28
"-1:-1|0:1",172,2,46
"-1:0|1:0",173,2,49
"-1:-1|0:1",174,2,46
"-1:-2|1:0",175,2,28
"-1:0|2:-2",176,2,14
"-1:-2|0:1",177,2,31
"-1:0|2:0",178,2,42
"-1:-2|0:1",179,2,31
"-1:0|2:-2",180,2,14
"-1:-2|-1:-1",181,2,22
"-1:-1|0:2",182,2,41
"-1:-1|0:1",183,2,46
"-1:-1|-1:0",184,2,44
"-1:-1|0:-2",185,2,37
"-1:-1|1:2",186,2,32
"-1:-1|1:1",187,2,47
"-1:-1|0:1",188,2,46
"-1:-1|-1:1",189,2,45
"-1:-1|1:-2",190,2,24
"-1:-1|2:2",191,2,16
"-1:-1|1:2",192,2,32
"-1:-1|0:2",193,2,41
"-1:-1|-1:2",194,2,30
"-1:-1|2:-2",195,2,12
"-1:-2|0:2",196,2,35
"-1:-2|0:1",197,2,31
"-1:-2|0:-1",198,2,23
"-1:-2|0:-2",199,2,19
"-1:-2|1:2",200,2,36
"-1:-1|1:2",201,2,32
"-1:-2|1:0",202,2,28
"-1:-1|1:-2",203,2,24
"-1:-2|1:-2",204,2,20
"-1:-2|2:2",205,2,17
"-1:-2|2:1",206,2,33
"-1:-2|2:0",207,2,29
"-1:-2|2:-1",208,2,25
"-1:-2|2:-2",209,2,8
"-2:0|-1:0",210,2,38
"-1:0|2:0",211,2,42
"-2:0|2:0",212,2,43
"-1:-2|0:-2",213,2,19
"-1:-1|0:-2",214,2,37
"-1:0|0:-2",215,2,40
"-1:-1|0:2",216,2,41
"-1:-2|0:2",217,2,35
"-2:-2|-2:0",218,2,7
"-2:-1|0:-2",219,2,26
"-2:0|0:-2",220,2,39
"-1:-2|2:0",221,2,29
"-2:-2|0:2",222,2,15
"-1:0|1:0",223,2,49
"-1:0|2:0",224,2,42
"-1:-2|0:-1",225,2,23
"-1:-1|-1:0",226,2,44
"-1:0|0:-1",227,2,48
"-1:-1|0:1",228,2,46
"-1:-2|0:1",229,2,31
"-2:-2|-1:0",230,2,11
"-1:-2|-1:0",231,2,27
"-1:0|0:-2",232,2,40
"-1:-2|1:0",233,2,28
"-1:0|2:-2",234,2,14
"-2:0|-1:0",235,2,38
"-1:-2|0:1",236,2,31
"-1:-1|0:1",237,2,46
"-1:0|0:-1",238,2,48
"-1:-1|-1:0",239,2,44
"-1:-2|0:-1",240,2,23
"-1:0|2:-2",241,2,14
"-1:-2|1:0",242,2,28
"-1:0|0:-2",243,2,40
"-1:-2|-1:0",244,2,27
"-2:-2|-1:0",245,2,11
"-1:-2|0:2",246,2,35
"-1:-1|0:2",247,2,41
"-1:0|0:-2",248,2,40
"-1:-1|0:-2",249,2,37
"-1:-2|0:-2",250,2,19
"-2:-2|0:2",251,2,15
"-1:-2|2:0",252,2,29
"-2:0|0:-2",253,2,39
"-2:-1|0:-2",254,2,26
"-2:-2|-2:0",255,2,7
"-1:-2|-1:-1",256,2,22
"-1:-2|-1:0",257,2,27
"-1:-1|-1:2",258,2,30
"-1:-2|-1:2",259,2,34
"-2:-2|-1:-2",260,2,6
"-2:-1|-1:-2",261,2,21
"-2:-1|0:-2",262,2,26
"-1:-2|2:-1",263,2,25
"-2:-1|2:-2",264,2,13
"-1:-1|-1:0",265,2,44
"-1:-1|-1:1",266,2,45
"-1:-1|-1:2",267,2,30
"-2:-2|-1:-1",268,2,10
"-1:-2|-1:-1",269,2,22
"-1:-1|0:-2",270,2,37
"-1:-1|1:-2",271,2,24
"-1:-1|2:-2",272,2,12
"-1:-1|-1:0",273,2,44
"-1:-2|-1:0",274,2,27
"-2:-2|-1:0",275,2,11
"-1:-2|0:-1",276,2,23
"-2:0|-1:0",277,2,38
"-1:-2|0:-1",278,2,23
"-2:-2|-1:0",279,2,11
"-1:-2|-1:-1",280,2,22
"-1:-1|2:-2",281,2,12
"-1:-1|1:-2",282,2,24
"-1:-1|0:-2",283,2,37
"-1:-2|-1:-1",284,2,22
"-2:-2|-1:-1",285,2,10
"-2:-1|2:-2",286,2,13
"-1:-2|2:-1",287,2,25
"-2:-1|0:-2",288,2,26
"-2:-1|-1:-2",289,2,21
"-2:-2|-1:-2",290,2,6
"-2:-2|-1:-2",291,2,6
"-2:-2|-2:0",292,2,7
"-1:-2|2:-2",293,2,8
"-2:-2|-2:2",294,2,9
"-1:-2|0:-2",295,2,19
"-1:-2|1:-2",296,2,20
"-1:-2|2:-2",297,2,8
"-1:-2|0:-2",298,2,19
"-2:-2|-2:0",299,2,7
"-2:-2|-1:-2",300,2,6
"-2:-2|-1:-2|0:-2",301,3,50
"-1:-2|1:-2|2:-2",302,3,51
"-2:-2|-1:-2|2:-2",303,3,52
"-2:-2|-2:-1|-1:-2",304,3,53
"-2:-2|-1:-2|-1:-1",305,3,54
"-2:-2|-1:-2|0:-1",306,3,55
"-1:-1|1:-2|2:-2",307,3,56
"-2:-1|1:-2|2:-2",308,3,57
"-2:-2|-2:-1|0:-2",309,3,58
"-2:-2|-1:-2|-1:0",310,3,59
"-1:0|1:-2|2:-2",311,3,60
"-2:-2|-1:-2|2:0",312,3,61
"-1:-2|2:-2|2:-1",313,3,62
"-1:-1|2:-2|2:-1",314,3,63
"-1:0|2:-2|2:-1",315,3,64
"-1:-1|1:2|2:2",316,3,65
"-1:-2|2:1|2:2",317,3,66
"-2:-2|-2:-1|2:-2",318,3,67
"-2:-1|2:-2|2:-1",319,3,68
"-2:-2|-1:-2|0:2",320,3,69
"-1:-2|1:2|2:2",321,3,70
"-2:-2|-1:-2|2:2",322,3,71
"-1:-2|0:-2|2:-2",323,3,72
"-2:-2|-2:0|-2:2",324,3,73
"-2:-2|-2:-1|0:-2",325,3,58
"-2:-2|-1:-1|0:-2",326,3,74
"-2:-2|-2:0|-1:0",327,3,75
"-1:-1|0:-2|2:-2",328,3,76
"-2:-1|0:-2|2:-2",329,3,77
"-2:-2|-2:0|0:-2",330,3,78
"-2:-2|-1:0|0:-2",331,3,79
"-1:0|0:-2|2:-2",332,3,80
"-2:-2|-2:0|0:2",333,3,81
"-1:-2|2:-2|2:0",334,3,82
"-1:-1|2:-2|2:0",335,3,83
"-1:0|2:-2|2:0",336,3,84
"-1:-1|0:2|2:2",337,3,85
"-1:-2|2:0|2:2",338,3,86
"-2:-2|-2:0|2:-2",339,3,87
"-2:-1|2:-2|2:0",340,3,88
"-2:-2|-2:0|2:0",341,3,89
"-1:-2|0:2|2:2",342,3,90
"-2:-2|-2:0|2:2",343,3,91
"-2:-2|-1:-2|2:-2",344,3,52
"-1:-2|2:-2|2:-1",345,3,62
"-1:-2|1:-1|2:-2",346,3,92
"-1:-2|0:-1|2:-2",347,3,93
"-1:-2|-1:-1|2:-2",348,3,94
"-2:-1|-1:-2|2:-2",349,3,95
"-1:-2|2:-2|2:0",350,3,82
"-1:-2|1:0|2:-2",351,3,96
"-1:-2|-1:0|2:-2",352,3,97
"-2:-1|-2:2|0:-2",353,3,98
"-1:-2|2:-2|2:1",354,3,99
"-1:-1|2:-2|2:1",355,3,100
"-1:-2|0:1|2:-2",356,3,101
"-1:-1|-1:2|2:2",357,3,102
"-1:-2|2:-1|2:2",358,3,103
"-1:-2|2:-2|2:2",359,3,104
"-1:-2|1:2|2:-2",360,3,105
"-1:-2|0:2|2:-2",361,3,106
"-1:-2|-1:2|2:-2",362,3,107
"-2:-1|-2:2|2:-2",363,3,108
"-2:-2|-2:-1|2:-2",364,3,67
"-2:-2|-1:-1|2:-2",365,3,109
"-2:-2|-2:2|-1:0",366,3,110
"-2:-2|-1:-1|2:-2",367,3,109
"-2:-2|-2:-1|2:-2",368,3,67
"-2:-2|-2:0|2:-2",369,3,87
"-2:-2|-1:0|2:-2",370,3,111
"-2:-2|-1:0|2:-2",371,3,111
"-2:-2|-2:0|2:-2",372,3,87
"-1:-2|2:-2|2:2",373,3,104
"-1:-1|2:-2|2:2",374,3,112
"-1:0|2:-2|2:2",375,3,113
"-1:-1|2:-2|2:2",376,3,112
"-1:-2|2:-2|2:2",377,3,104
"-2:-2|-2:2|2:-2",378,3,114
"-2:-1|2:-2|2:2",379,3,115
"-2:-2|-2:2|2:0",380,3,116
"-2:-1|2:-2|2:2",381,3,115
"-2:-2|-2:2|2:-2",382,3,114
"-2:-2|-1:-2|-1:-1",383,3,54
"-2:-2|-1:-2|-1:0",384,3,59
"-1:-1|2:-2|2:-1",385,3,63
"-2:-1|2:-2|2:-1",386,3,68
"-2:-2|-1:-2|0:-2",387,3,50
"-2:-2|-1:-2|0:-1",388,3,55
"-1:0|2:-2|2:-1",389,3,64
"-2:-2|-1:-2|0:2",390,3,69
"-1:-2|1:-2|2:-2",391,3,51
"-1:-1|1:-2|2:-2",392,3,56
"-1:0|1:-2|2:-2",393,3,60
"-1:-1|1:2|2:2",394,3,65
"-1:-2|1:2|2:2",395,3,70
"-2:-2|-1:-2|2:-2",396,3,52
"-2:-1|1:-2|2:-2",397,3,57
"-2:-2|-1:-2|2:0",398,3,61
"-1:-2|2:1|2:2",399,3,66
"-2:-2|-1:-2|2:2",400,3,71
"-2:-2|-1:-1|-1:0",401,3,117
"-1:-1|1:-1|2:-2",402,3,118
"-2:-1|1:-1|2:-2",403,3,119
"-2:-2|-1:-1|0:-2",404,3,74
"-2:-2|-1:-1|-1:0",405,3,117
"-1:0|1:-1|2:-2",406,3,120
"-2:-2|-1:-1|0:2",407,3,121
"-1:-2|1:-1|2:-2",408,3,92
"-1:-1|1:-1|2:-2",409,3,118
"-1:0|1:-1|2:-2",410,3,120
"-1:-1|1:1|2:2",411,3,122
"-1:-2|1:1|2:2",412,3,123
"-2:-2|-1:-1|2:-2",413,3,109
"-2:-1|1:-1|2:-2",414,3,119
"-2:-2|-1:-1|0:2",415,3,121
"-1:-2|1:1|2:2",416,3,123
"-2:-2|-1:-1|2:2",417,3,124
"-1:-1|0:-1|2:-2",418,3,125
"-2:-1|0:-1|2:-2",419,3,126
"-2:-2|-1:0|0:-2",420,3,79
"-2:-2|-1:0|0:-1",421,3,127
"-1:0|0:-1|2:-2",422,3,128
"-2:-2|-1:0|0:2",423,3,129
"-1:-2|1:0|2:-2",424,3,96
"-1:-1|1:0|2:-2",425,3,130
"-1:0|1:0|2:-2",426,3,131
"-1:-1|0:1|2:2",427,3,132
"-1:-2|1:0|2:2",428,3,133
"-2:-2|-1:0|2:-2",429,3,111
"-2:-1|1:0|2:-2",430,3,134
"-2:-2|-1:0|2:0",431,3,135
"-1:-2|0:1|2:2",432,3,136
"-2:-2|-1:0|2:2",433,3,137
"-2:-1|-1:-1|2:-2",434,3,138
"-1:-1|2:-2|2:0",435,3,83
"-1:-1|1:0|2:-2",436,3,130
"-1:-1|-1:0|2:-2",437,3,139
"-2:-2|-1:1|0:2",438,3,140
"-1:-1|2:-2|2:1",439,3,100
"-1:-1|1:1|2:-2",440,3,141
"-1:-1|0:1|2:-2",441,3,142
"-1:-1|-1:1|2:-2",442,3,143
"-1:-2|1:-1|2:2",443,3,144
"-1:-1|2:-2|2:2",444,3,112
"-1:-1|1:2|2:-2",445,3,145
"-1:-1|0:2|2:-2",446,3,146
"-1:-1|-1:2|2:-2",447,3,147
"-2:-2|-1:1|2:2",448,3,148
"-2:-1|2:-2|2:0",449,3,88
"-2:-1|1:0|2:-2",450,3,134
"-2:-1|-1:0|2:-2",451,3,149
"-2:-1|-2:0|2:-2",452,3,150
"-1:-2|1:2|2:-2",453,3,105
"-1:-1|1:2|2:-2",454,3,145
"-1:0|1:-2|2:2",455,3,151
"-1:-1|1:-2|2:2",456,3,152
"-1:-2|1:-2|2:2",457,3,153
"-2:-1|2:-2|2:2",458,3,115
"-2:-1|1:2|2:-2",459,3,154
"-2:-1|0:2|2:-2",460,3,155
"-2:-1|-1:2|2:-2",461,3,156
"-2:-1|-2:2|2:-2",462,3,108
"-2:-2|-2:0|-1:0",463,3,75
"-1:0|2:-2|2:0",464,3,84
"-2:-2|-2:0|2:0",465,3,89
"-1:-2|0:-2|2:-2",466,3,72
"-1:-1|0:-2|2:-2",467,3,76
"-1:0|0:-2|2:-2",468,3,80
"-1:-1|0:2|2:2",469,3,85
"-1:-2|0:2|2:2",470,3,90
"-2:-2|-2:0|-2:2",471,3,73
"-2:-1|0:-2|2:-2",472,3,77
"-2:-2|-2:0|0:2",473,3,81
"-1:-2|2:0|2:2",474,3,86
"-2:-2|-2:0|2:2",475,3,91
"-1:0|1:0|2:-2",476,3,131
"-2:-2|-1:0|2:0",477,3,135
"-1:-2|0:-1|2:-2",478,3,93
"-1:-1|0:-1|2:-2",479,3,125
"-1:0|0:-1|2:-2",480,3,128
"-1:-1|0:1|2:2",481,3,132
"-1:-2|0:1|2:2",482,3,136
"-2:-2|-2:2|-1:0",483,3,110
"-2:-1|0:-1|2:-2",484,3,126
"-2:-2|-1:0|0:2",485,3,129
"-1:-2|1:0|2:2",486,3,133
"-2:-2|-1:0|2:2",487,3,137
"-2:-2|0:1|0:2",488,3,157
"-1:-2|0:1|2:-2",489,3,101
"-1:-1|0:1|2:-2",490,3,142
"-1:0|0:-1|2:2",491,3,158
"-1:-1|-1:0|2:2",492,3,159
"-1:-2|0:-1|2:2",493,3,160
"-1:0|2:-2|2:2",494,3,113
"-1:0|1:-2|2:2",495,3,151
"-1:0|0:-2|2:2",496,3,161
"-1:-2|-1:0|2:2",497,3,162
"-2:-2|-1:0|2:2",498,3,137
"-1:-2|0:2|2:-2",499,3,106
"-1:-1|0:2|2:-2",500,3,146
"-1:0|0:-2|2:2",501,3,161
"-1:-1|0:-2|2:2",502,3,163
"-1:-2|0:-2|2:2",503,3,164
"-2:-2|-2:2|2:0",504,3,116
"-2:-1|0:2|2:-2",505,3,155
"-2:-2|0:2|2:0",506,3,165
"-2:-1|0:-2|2:2",507,3,166
"-2:-2|-2:0|2:2",508,3,91
"-1:-2|-1:-1|2:-2",509,3,94
"-1:-2|-1:0|2:-2",510,3,97
"-1:-1|-1:2|2:2",511,3,102
"-1:-2|-1:2|2:-2",512,3,107
"-2:-2|-1:-2|2:-2",513,3,52
"-2:-1|-1:-2|2:-2",514,3,95
"-2:-1|-2:2|0:-2",515,3,98
"-1:-2|2:-1|2:2",516,3,103
"-2:-1|-2:2|2:-2",517,3,108
"-1:-1|-1:0|2:-2",518,3,139
"-1:-1|-1:1|2:-2",519,3,143
"-1:-1|-1:2|2:-2",520,3,147
"-2:-2|-1:-1|2:-2",521,3,109
"-2:-1|-1:-1|2:-2",522,3,138
"-2:-2|-1:1|0:2",523,3,140
"-1:-2|1:-1|2:2",524,3,144
"-2:-2|-1:1|2:2",525,3,148
"-1:-1|-1:0|2:2",526,3,159
"-1:-2|-1:0|2:2",527,3,162
"-2:-2|-1:0|2:-2",528,3,111
"-2:-1|-1:0|2:-2",529,3,149
"-2:-2|0:1|0:2",530,3,157
"-1:-2|0:-1|2:2",531,3,160
"-2:-2|-1:0|2:2",532,3,137
"-1:-2|-1:-1|2:2",533,3,167
"-1:-1|2:-2|2:2",534,3,112
"-1:-1|1:-2|2:2",535,3,152
"-1:-1|0:-2|2:2",536,3,163
"-1:-2|-1:-1|2:2",537,3,167
"-2:-2|-1:-1|2:2",538,3,124
"-2:-1|2:-2|2:2",539,3,115
"-2:-1|-1:2|2:-2",540,3,156
"-2:-1|0:-2|2:2",541,3,166
"-2:-1|-1:-2|2:2",542,3,168
"-2:-2|-1:-2|2:2",543,3,71
"-2:-2|-2:-1|2:-2",544,3,67
"-2:-2|-2:0|2:-2",545,3,87
"-1:-2|2:-2|2:2",546,3,104
"-2:-2|-2:2|2:-2",547,3,114
"-2:-1|-2:0|2:-2",548,3,150
"-1:-2|1:-2|2:2",549,3,153
"-2:-1|-2:2|2:-2",550,3,108
"-1:-2|0:-2|2:2",551,3,164
"-2:-2|-2:0|2:2",552,3,91
"-2:-2|-1:-2|2:2",553,3,71
"-1:-2|0:-2|1:-2",554,3,169
"-1:-2|0:-2|2:-2",555,3,72
"-2:-1|-1:-2|0:-2",556,3,170
"-1:-2|-1:-1|0:-2",557,3,171
"-1:-2|0:-2|0:-1",558,3,172
"-1:-1|0:-2|1:-2",559,3,173
"-1:-2|0:-2|2:-1",560,3,174
"-2:-1|-2:0|0:-2",561,3,175
"-1:-2|-1:0|0:-2",562,3,176
"-1:-2|0:-2|1:0",563,3,177
"-1:-2|0:-2|2:0",564,3,178
"-1:-2|2:-1|2:0",565,3,179
"-1:-1|-1:2|0:2",566,3,180
"-1:-2|0:-2|0:1",567,3,181
"-1:-1|0:2|1:2",568,3,182
"-1:-2|0:-2|2:1",569,3,183
"-2:-1|-2:0|2:-2",570,3,150
"-1:-2|-1:2|0:-2",571,3,184
"-1:-2|0:-2|0:2",572,3,185
"-1:-2|0:-2|1:2",573,3,186
"-1:-2|0:-2|2:2",574,3,164
"-1:-2|1:-2|2:-2",575,3,51
"-1:-2|1:-2|2:-1",576,3,187
"-1:-2|-1:-1|1:-2",577,3,188
"-1:-2|0:-1|1:-2",578,3,189
"-1:-2|-1:-1|1:-2",579,3,188
"-1:-2|1:-2|2:-1",580,3,187
"-1:-2|1:-2|2:0",581,3,190
"-1:-2|-1:0|1:-2",582,3,191
"-1:-2|-1:0|1:-2",583,3,191
"-1:-2|1:-2|2:0",584,3,190
"-1:-2|1:-2|2:1",585,3,192
"-1:-1|-1:2|1:2",586,3,193
"-1:-2|0:1|1:-2",587,3,194
"-1:-1|-1:2|1:2",588,3,193
"-1:-2|1:-2|2:1",589,3,192
"-1:-2|1:-2|2:2",590,3,153
"-1:-2|-1:2|1:-2",591,3,195
"-1:-2|0:2|1:-2",592,3,196
"-1:-2|-1:2|1:-2",593,3,195
"-1:-2|1:-2|2:2",594,3,153
"-2:-1|-1:-2|2:-2",595,3,95
"-1:-2|-1:-1|2:-2",596,3,94
"-1:-2|0:-1|2:-2",597,3,93
"-1:-2|1:-1|2:-2",598,3,92
"-1:-2|2:-2|2:-1",599,3,62
"-2:-1|-2:2|0:-2",600,3,98
"-1:-2|-1:0|2:-2",601,3,97
"-1:-2|1:0|2:-2",602,3,96
"-1:-2|2:-2|2:0",603,3,82
"-1:-2|2:-1|2:2",604,3,103
"-1:-1|-1:2|2:2",605,3,102
"-1:-2|0:1|2:-2",606,3,101
"-1:-1|2:-2|2:1",607,3,100
"-1:-2|2:-2|2:1",608,3,99
"-2:-1|-2:2|2:-2",609,3,108
"-1:-2|-1:2|2:-2",610,3,107
"-1:-2|0:2|2:-2",611,3,106
"-1:-2|1:2|2:-2",612,3,105
"-1:-2|2:-2|2:2",613,3,104
"-2:-1|-1:-2|-1:-1",614,3,197
"-2:-1|-1:-2|-1:0",615,3,198
"-1:-1|1:-2|2:-1",616,3,199
"-2:-1|-1:-2|-1:2",617,3,200
"-2:-1|-1:-2|0:-2",618,3,170
"-2:-1|-1:-2|-1:0",619,3,198
"-1:0|1:-2|2:-1",620,3,201
"-2:-1|-1:-2|0:2",621,3,202
"-1:-2|1:-2|2:-1",622,3,187
"-1:-1|1:-2|2:-1",623,3,199
"-1:0|1:-2|2:-1",624,3,201
"-1:-1|1:2|2:1",625,3,203
"-1:-2|1:2|2:1",626,3,204
"-2:-1|-1:-2|2:-2",627,3,95
"-2:-1|-1:-2|-1:2",628,3,200
"-2:-1|-1:-2|0:2",629,3,202
"-1:-2|1:2|2:1",630,3,204
"-2:-1|-1:-2|2:2",631,3,168
"-1:-2|-1:-1|0:-1",632,3,205
"-1:-1|1:-2|1:-1",633,3,206
"-1:-2|-1:-1|2:-1",634,3,207
"-2:-1|-1:-1|0:-2",635,3,208
"-1:-2|-1:-1|-1:0",636,3,209
"-1:-2|-1:-1|1:0",637,3,210
"-1:-2|-1:-1|2:0",638,3,211
"-1:-2|1:-1|2:-1",639,3,212
"-1:-1|-1:1|-1:2",640,3,213
"-1:-2|-1:-1|0:1",641,3,214
"-1:-1|1:1|1:2",642,3,215
"-1:-2|-1:-1|2:1",643,3,216
"-2:-1|-1:-1|2:-2",644,3,138
"-1:-2|-1:-1|-1:2",645,3,217
"-1:-2|-1:-1|0:2",646,3,218
"-1:-2|-1:-1|1:2",647,3,219
"-1:-2|-1:-1|2:2",648,3,167
"-1:-1|0:-1|1:-2",649,3,220
"-1:-2|0:-1|2:-1",650,3,221
"-2:-1|-1:0|0:-2",651,3,222
"-1:-2|-1:0|0:-1",652,3,223
"-1:-2|0:-1|1:0",653,3,224
"-1:-2|0:-1|2:0",654,3,225
"-1:-2|1:0|2:-1",655,3,226
"-1:-1|-1:2|0:1",656,3,227
"-1:-2|0:-1|0:1",657,3,228
"-1:-1|0:1|1:2",658,3,229
"-1:-2|0:-1|2:1",659,3,230
"-2:-1|-1:0|2:-2",660,3,149
"-1:-2|-1:2|0:-1",661,3,231
"-1:-2|0:-1|0:2",662,3,232
"-1:-2|0:-1|1:2",663,3,233
"-1:-2|0:-1|2:2",664,3,160
"-1:-2|1:-1|2:-1",665,3,212
"-1:-1|1:-2|2:0",666,3,234
"-1:-1|1:-2|1:0",667,3,235
"-1:-1|-1:0|1:-2",668,3,236
"-1:-2|1:-1|2:0",669,3,237
"-1:-1|1:-2|2:1",670,3,238
"-1:-1|-1:2|1:1",671,3,239
"-1:-1|0:1|1:-2",672,3,240
"-1:-1|-1:1|1:-2",673,3,241
"-1:-2|1:-1|2:1",674,3,242
"-1:-1|1:-2|2:2",675,3,152
"-1:-1|1:-2|1:2",676,3,243
"-1:-1|0:2|1:-2",677,3,244
"-1:-1|-1:2|1:-2",678,3,245
"-1:-2|1:-1|2:2",679,3,144
"-2:-1|-1:2|0:-2",680,3,246
"-1:-2|-1:0|2:-1",681,3,247
"-1:-2|1:0|2:-1",682,3,226
"-1:-2|2:-1|2:0",683,3,179
"-1:-2|1:2|2:-1",684,3,248
"-1:-1|-1:2|2:1",685,3,249
"-1:-2|0:1|2:-1",686,3,250
"-1:-1|1:-2|2:1",687,3,238
"-1:-2|1:-2|2:1",688,3,192
"-2:-1|-1:2|2:-2",689,3,156
"-1:-2|-1:2|2:-1",690,3,251
"-1:-2|0:2|2:-1",691,3,252
"-1:-2|1:2|2:-1",692,3,248
"-1:-2|2:-1|2:2",693,3,103
"-2:-1|0:-2|0:-1",694,3,253
"-1:0|1:-2|2:0",695,3,254
"-2:-1|0:-2|0:2",696,3,255
"-1:-2|0:-2|2:-1",697,3,174
"-1:-1|0:-2|2:-1",698,3,256
"-1:0|0:-2|2:-1",699,3,257
"-1:-1|0:2|2:1",700,3,258
"-1:-2|0:2|2:1",701,3,259
"-2:-1|0:-2|2:-2",702,3,77
"-2:-1|0:-2|2:-1",703,3,260
"-2:-1|0:-2|2:0",704,3,261
"-1:-2|1:2|2:0",705,3,262
"-2:-1|0:-2|2:2",706,3,166
"-1:-2|-1:0|1:0",707,3,263
"-1:-2|-1:0|2:0",708,3,264
"-1:-2|0:-1|2:-1",709,3,221
"-1:-1|-1:0|-1:2",710,3,265
"-1:-2|-1:0|0:1",711,3,266
"-1:-1|0:1|2:1",712,3,267
"-1:-2|-1:0|2:1",713,3,268
"-2:-1|0:-1|2:-2",714,3,126
"-1:-2|-1:0|-1:2",715,3,269
"-1:-2|-1:0|0:2",716,3,270
"-1:-2|-1:0|1:2",717,3,271
"-1:-2|-1:0|2:2",718,3,162
"-1:-2|1:0|2:0",719,3,272
"-1:-2|0:1|2:-1",720,3,250
"-1:-1|-1:2|1:0",721,3,273
"-1:-2|0:1|1:0",722,3,274
"-1:-1|-1:0|1:2",723,3,275
"-1:-2|0:-1|2:1",724,3,230
"-1:0|1:-2|2:2",725,3,151
"-1:-2|-1:2|1:0",726,3,276
"-1:-2|0:2|1:0",727,3,277
"-1:-2|-1:0|1:2",728,3,271
"-1:-2|1:0|2:2",729,3,133
"-1:-2|0:2|2:-1",730,3,252
"-1:-1|-1:2|2:0",731,3,278
"-1:-2|0:1|2:0",732,3,279
"-1:-1|0:-2|2:1",733,3,280
"-1:-2|0:-2|2:1",734,3,183
"-2:-1|0:2|2:-2",735,3,155
"-1:-2|-1:2|2:0",736,3,281
"-1:-2|0:2|2:0",737,3,282
"-1:-2|1:2|2:0",738,3,262
"-1:-2|2:0|2:2",739,3,86
"-1:-2|-1:-1|2:-1",740,3,207
"-1:-2|-1:0|2:-1",741,3,247
"-1:-1|-1:2|2:1",742,3,249
"-1:-2|-1:2|2:-1",743,3,251
"-2:-1|1:-2|2:-2",744,3,57
"-2:-1|-1:-2|-1:2",745,3,200
"-2:-1|-1:2|0:-2",746,3,246
"-1:-2|1:2|2:-1",747,3,248
"-2:-1|-1:2|2:-2",748,3,156
"-1:-1|-1:0|2:-1",749,3,283
"-1:-1|-1:1|2:-1",750,3,284
"-1:-1|-1:2|2:-1",751,3,285
"-2:-1|1:-1|2:-2",752,3,119
"-1:-2|-1:-1|-1:2",753,3,217
"-1:-1|-1:2|0:-2",754,3,286
"-1:-1|-1:2|1:-2",755,3,245
"-1:-1|-1:2|2:-2",756,3,147
"-1:-1|-1:0|2:1",757,3,287
"-1:-2|-1:0|2:1",758,3,268
"-2:-1|1:0|2:-2",759,3,134
"-1:-2|-1:2|0:-1",760,3,231
"-1:-2|0:1|0:2",761,3,288
"-1:-2|0:-1|1:2",762,3,233
"-1:-2|0:1|2:2",763,3,136
"-1:-2|-1:-1|2:1",764,3,216
"-1:-1|1:2|2:-2",765,3,145
"-1:-1|1:-2|1:2",766,3,243
"-1:-1|0:-2|1:2",767,3,289
"-1:-2|-1:-1|1:2",768,3,219
"-1:-2|1:1|2:2",769,3,123
"-2:-1|1:2|2:-2",770,3,154
"-1:-2|-1:2|2:-1",771,3,251
"-1:-2|0:2|2:1",772,3,259
"-1:-2|1:2|2:1",773,3,204
"-1:-2|2:1|2:2",774,3,66
"-2:-1|2:-2|2:-1",775,3,68
"-2:-1|2:-2|2:0",776,3,88
"-1:-2|1:2|2:-2",777,3,105
"-2:-1|2:-2|2:2",778,3,115
"-1:-2|-1:2|0:-2",779,3,184
"-1:-2|-1:2|1:-2",780,3,195
"-1:-2|-1:2|2:-2",781,3,107
"-1:-2|0:-2|1:2",782,3,186
"-1:-2|0:2|2:2",783,3,90
"-1:-2|1:2|2:2",784,3,70
"-2:-2|-1:-2|0:-2",785,3,50
"-1:-2|0:-2|2:-1",786,3,174
"-1:-1|0:-2|1:-2",787,3,173
"-1:-2|0:-2|0:-1",788,3,172
"-1:-2|-1:-1|0:-2",789,3,171
"-2:-1|-1:-2|0:-2",790,3,170
"-1:-2|0:-2|2:0",791,3,178
"-1:-2|0:-2|1:0",792,3,177
"-1:-2|-1:0|0:-2",793,3,176
"-2:-1|-2:0|0:-2",794,3,175
"-1:-2|0:-2|2:1",795,3,183
"-1:-1|0:2|1:2",796,3,182
"-1:-2|0:-2|0:1",797,3,181
"-1:-1|-1:2|0:2",798,3,180
"-1:-2|2:-1|2:0",799,3,179
"-1:-2|0:-2|2:2",800,3,164
"-1:-2|0:-2|1:2",801,3,186
"-1:-2|0:-2|0:2",802,3,185
"-1:-2|-1:2|0:-2",803,3,184
"-2:-1|-2:0|2:-2",804,3,150
"-2:-1|0:-2|2:-2",805,3,77
"-1:-1|0:-2|2:-2",806,3,76
"-2:-2|-2:0|-1:0",807,3,75
"-2:-2|-1:-1|0:-2",808,3,74
"-2:-2|-2:-1|0:-2",809,3,58
"-2:-2|-2:0|0:2",810,3,81
"-1:0|0:-2|2:-2",811,3,80
"-2:-2|-1:0|0:-2",812,3,79
"-2:-2|-2:0|0:-2",813,3,78
"-1:-2|2:0|2:2",814,3,86
"-1:-1|0:2|2:2",815,3,85
"-1:0|2:-2|2:0",816,3,84
"-1:-1|2:-2|2:0",817,3,83
"-1:-2|2:-2|2:0",818,3,82
"-2:-2|-2:0|2:2",819,3,91
"-1:-2|0:2|2:2",820,3,90
"-2:-2|-2:0|2:0",821,3,89
"-2:-1|2:-2|2:0",822,3,88
"-2:-2|-2:0|2:-2",823,3,87
"-2:-1|-1:-1|0:-2",824,3,208
"-2:-1|0:-2|0:-1",825,3,253
"-1:-1|0:-2|2:-1",826,3,256
"-2:-1|0:-2|2:-1",827,3,260
"-2:-1|-2:0|0:-2",828,3,175
"-2:-1|-1:0|0:-2",829,3,222
"-1:0|0:-2|2:-1",830,3,257
"-2:-1|0:-2|2:0",831,3,261
"-1:-2|1:-2|2:0",832,3,190
"-1:-1|1:-2|2:0",833,3,234
"-1:0|1:-2|2:0",834,3,254
"-1:-1|0:2|2:1",835,3,258
"-1:-2|1:2|2:0",836,3,262
"-2:-1|-2:2|0:-2",837,3,98
"-2:-1|-1:2|0:-2",838,3,246
"-2:-1|0:-2|0:2",839,3,255
"-1:-2|0:2|2:1",840,3,259
"-2:-1|0:-2|2:2",841,3,166
"-1:-1|0:-2|0:-1",842,3,290
"-1:-1|0:-2|1:-1",843,3,291
"-1:-1|0:-2|2:-1",844,3,256
"-2:0|-1:-1|0:-2",845,3,292
"-1:-1|-1:0|0:-2",846,3,293
"-1:-1|0:-2|1:0",847,3,294
"-1:-1|0:-2|2:0",848,3,295
"-1:-2|1:-1|2:0",849,3,237
"-1:-1|-1:1|0:-2",850,3,296
"-1:-1|0:-2|0:1",851,3,297
"-1:-1|0:-2|1:1",852,3,298
"-1:-1|0:-2|2:1",853,3,280
"-2:-2|-1:1|0:2",854,3,140
"-1:-1|-1:2|0:-2",855,3,286
"-1:-1|0:-2|0:2",856,3,299
"-1:-1|0:-2|1:2",857,3,289
"-1:-1|0:-2|2:2",858,3,163
"-1:-1|0:-2|0:-1",859,3,290
"-2:-1|0:-2|0:-1",860,3,253
"-2:0|-1:0|0:-2",861,3,300
"-1:0|0:-2|0:-1",862,3,301
"-1:0|0:-2|0:-1",863,3,301
"-2:0|-1:0|0:-2",864,3,300
"-1:-2|1:0|2:0",865,3,272
"-1:-1|0:1|0:2",866,3,302
"-1:0|1:0|2:0",867,3,303
"-1:-1|0:1|0:2",868,3,302
"-1:-2|1:0|2:0",869,3,272
"-2:-2|0:1|0:2",870,3,157
"-1:-2|0:1|0:2",871,3,288
"-2:0|-1:0|2:0",872,3,304
"-1:-2|0:1|0:2",873,3,288
"-2:-2|0:1|0:2",874,3,157
"-2:-1|-1:-1|0:-2",875,3,208
"-1:-1|0:-2|2:0",876,3,295
"-1:-1|0:-2|1:0",877,3,294
"-1:-1|-1:0|0:-2",878,3,293
"-2:0|-1:-1|0:-2",879,3,292
"-1:-1|0:-2|2:1",880,3,280
"-1:-1|0:-2|1:1",881,3,298
"-1:-1|0:-2|0:1",882,3,297
"-1:-1|-1:1|0:-2",883,3,296
"-1:-2|1:-1|2:0",884,3,237
"-1:-1|0:-2|2:2",885,3,163
"-1:-1|0:-2|1:2",886,3,289
"-1:-1|0:-2|0:2",887,3,299
"-1:-1|-1:2|0:-2",888,3,286
"-2:-2|-1:1|0:2",889,3,140
"-2:-1|0:-2|2:0",890,3,261
"-1:0|0:-2|2:-1",891,3,257
"-2:-1|-1:0|0:-2",892,3,222
"-2:-1|-2:0|0:-2",893,3,175
"-1:-2|1:2|2:0",894,3,262
"-1:-1|0:2|2:1",895,3,258
"-1:0|1:-2|2:0",896,3,254
"-1:-1|1:-2|2:0",897,3,234
"-1:-2|1:-2|2:0",898,3,190
"-2:-1|0:-2|2:2",899,3,166
"-1:-2|0:2|2:1",900,3,259
"-2:-1|0:-2|0:2",901,3,255
"-2:-1|-1:2|0:-2",902,3,246
"-2:-1|-2:2|0:-2",903,3,98
"-2:0|-1:0|0:-2",904,3,300
"-1:0|0:-2|2:0",905,3,305
"-2:0|0:-2|0:2",906,3,306
"-1:-2|0:-2|2:0",907,3,178
"-1:-1|0:-2|2:0",908,3,295
"-1:0|0:-2|2:0",909,3,305
"-1:-1|0:2|2:0",910,3,307
"-1:-2|0:2|2:0",911,3,282
"-2:-2|-2:0|0:2",912,3,81
"-2:-1|0:-2|2:0",913,3,261
"-2:0|0:-2|0:2",914,3,306
"-1:-2|0:2|2:0",915,3,282
"-2:-2|0:2|2:0",916,3,165
"-1:0|0:-2|1:0",917,3,308
"-1:0|0:-2|2:0",918,3,305
"-1:-2|0:-1|2:0",919,3,225
"-1:-1|-1:0|0:2",920,3,309
"-1:0|0:-1|0:2",921,3,310
"-1:-1|0:1|2:0",922,3,311
"-1:-2|0:1|2:0",923,3,279
"-2:-2|-1:0|0:2",924,3,129
"-1:-2|-1:0|0:2",925,3,270
"-1:0|0:-2|0:2",926,3,312
"-1:-2|0:2|1:0",927,3,277
"-1:0|0:-2|2:2",928,3,161
"-2:0|-1:0|0:-2",929,3,300
"-1:-2|0:1|2:0",930,3,279
"-1:-1|0:1|2:0",931,3,311
"-1:0|0:-1|0:2",932,3,310
"-1:-1|-1:0|0:2",933,3,309
"-1:-2|0:-1|2:0",934,3,225
"-1:0|0:-2|2:2",935,3,161
"-1:-2|0:2|1:0",936,3,277
"-1:0|0:-2|0:2",937,3,312
"-1:-2|-1:0|0:2",938,3,270
"-2:-2|-1:0|0:2",939,3,129
"-1:-2|0:2|2:0",940,3,282
"-1:-1|0:2|2:0",941,3,307
"-1:0|0:-2|2:0",942,3,305
"-1:-1|0:-2|2:0",943,3,295
"-1:-2|0:-2|2:0",944,3,178
"-2:-2|0:2|2:0",945,3,165
"-1:-2|0:2|2:0",946,3,282
"-2:0|0:-2|0:2",947,3,306
"-2:-1|0:-2|2:0",948,3,261
"-2:-2|-2:0|0:2",949,3,81
"-1:-2|-1:-1|2:0",950,3,211
"-1:-2|-1:0|2:0",951,3,264
"-1:-1|-1:2|2:0",952,3,278
"-1:-2|-1:2|2:0",953,3,281
"-2:-2|-1:-2|2:0",954,3,61
"-2:-1|-1:-2|0:2",955,3,202
"-2:-1|0:-2|0:2",956,3,255
"-1:-2|0:2|2:-1",957,3,252
"-2:-1|0:2|2:-2",958,3,155
"-1:-1|-1:0|2:0",959,3,313
"-1:-1|-1:1|2:0",960,3,314
"-1:-1|-1:2|2:0",961,3,278
"-2:-2|-1:-1|0:2",962,3,121
"-1:-2|-1:-1|0:2",963,3,218
"-1:-1|0:-2|0:2",964,3,299
"-1:-1|0:2|1:-2",965,3,244
"-1:-1|0:2|2:-2",966,3,146
"-1:-1|-1:0|2:0",967,3,313
"-1:-2|-1:0|2:0",968,3,264
"-2:-2|-1:0|2:0",969,3,135
"-1:-2|0:-1|0:2",970,3,232
"-2:0|-1:0|2:0",971,3,304
"-1:-2|0:-1|0:2",972,3,232
"-2:-2|-1:0|2:0",973,3,135
"-1:-2|-1:-1|2:0",974,3,211
"-1:-1|0:2|2:-2",975,3,146
"-1:-1|0:2|1:-2",976,3,244
"-1:-1|0:-2|0:2",977,3,299
"-1:-2|-1:-1|0:2",978,3,218
"-2:-2|-1:-1|0:2",979,3,121
"-2:-1|0:2|2:-2",980,3,155
"-1:-2|0:2|2:-1",981,3,252
"-2:-1|0:-2|0:2",982,3,255
"-2:-1|-1:-2|0:2",983,3,202
"-2:-2|-1:-2|2:0",984,3,61
"-2:-2|-1:-2|0:2",985,3,69
"-2:-2|-2:0|2:0",986,3,89
"-1:-2|0:2|2:-2",987,3,106
"-2:-2|-2:2|2:0",988,3,116
"-1:-2|0:-2|0:2",989,3,185
"-1:-2|0:2|1:-2",990,3,196
"-1:-2|0:2|2:-2",991,3,106
"-1:-2|0:-2|0:2",992,3,185
"-2:-2|-2:0|2:0",993,3,89
"-2:-2|-1:-2|0:2",994,3,69
"-2:-1|1:-2|2:-2",995,3,57
"-1:-1|1:-2|2:-2",996,3,56
"-2:-2|-1:-2|0:-1",997,3,55
"-2:-2|-1:-2|-1:-1",998,3,54
"-2:-2|-2:-1|-1:-2",999,3,53
"-2:-2|-1:-2|2:0",1000,3,61
"-1:0|1:-2|2:-2",1001,3,60
"-2:-2|-1:-2|-1:0",1002,3,59
"-2:-2|-2:-1|0:-2",1003,3,58
"-1:-2|2:1|2:2",1004,3,66
"-1:-1|1:2|2:2",1005,3,65
"-1:0|2:-2|2:-1",1006,3,64
"-1:-1|2:-2|2:-1",1007,3,63
"-1:-2|2:-2|2:-1",1008,3,62
"-2:-2|-1:-2|2:2",1009,3,71
"-1:-2|1:2|2:2",1010,3,70
"-2:-2|-1:-2|0:2",1011,3,69
"-2:-1|2:-2|2:-1",1012,3,68
"-2:-2|-2:-1|2:-2",1013,3,67
"-1:-2|1:-1|2:-1",1014,3,212
"-1:-2|0:-1|2:-1",1015,3,221
"-1:-2|-1:-1|2:-1",1016,3,207
"-2:-1|-1:-2|-1:2",1017,3,200
"-1:-2|2:-1|2:0",1018,3,179
"-1:-2|1:0|2:-1",1019,3,226
"-1:-2|-1:0|2:-1",1020,3,247
"-2:-1|-1:2|0:-2",1021,3,246
"-1:-2|1:-2|2:1",1022,3,192
"-1:-1|1:-2|2:1",1023,3,238
"-1:-2|0:1|2:-1",1024,3,250
"-1:-1|-1:2|2:1",1025,3,249
"-1:-2|1:2|2:-1",1026,3,248
"-1:-2|2:-1|2:2",1027,3,103
"-1:-2|1:2|2:-1",1028,3,248
"-1:-2|0:2|2:-1",1029,3,252
"-1:-2|-1:2|2:-1",1030,3,251
"-2:-1|-1:2|2:-2",1031,3,156
"-1:-1|0:-1|1:-2",1032,3,220
"-1:-1|1:-2|1:-1",1033,3,206
"-1:-1|1:-2|2:-1",1034,3,199
"-1:-2|1:-1|2:0",1035,3,237
"-1:-1|-1:0|1:-2",1036,3,236
"-1:-1|1:-2|1:0",1037,3,235
"-1:-1|1:-2|2:0",1038,3,234
"-1:-2|1:-1|2:1",1039,3,242
"-1:-1|-1:1|1:-2",1040,3,241
"-1:-1|0:1|1:-2",1041,3,240
"-1:-1|-1:2|1:1",1042,3,239
"-1:-1|1:-2|2:1",1043,3,238
"-1:-2|1:-1|2:2",1044,3,144
"-1:-1|-1:2|1:-2",1045,3,245
"-1:-1|0:2|1:-2",1046,3,244
"-1:-1|1:-2|1:2",1047,3,243
"-1:-1|1:-2|2:2",1048,3,152
"-1:-2|-1:-1|0:-1",1049,3,205
"-2:-1|-1:-2|-1:0",1050,3,198
"-1:-2|0:-1|2:0",1051,3,225
"-1:-2|0:-1|1:0",1052,3,224
"-1:-2|-1:0|0:-1",1053,3,223
"-2:-1|-1:0|0:-2",1054,3,222
"-1:-2|0:-1|2:1",1055,3,230
"-1:-1|0:1|1:2",1056,3,229
"-1:-2|0:-1|0:1",1057,3,228
"-1:-1|-1:2|0:1",1058,3,227
"-1:-2|1:0|2:-1",1059,3,226
"-1:-2|0:-1|2:2",1060,3,160
"-1:-2|0:-1|1:2",1061,3,233
"-1:-2|0:-1|0:2",1062,3,232
"-1:-2|-1:2|0:-1",1063,3,231
"-2:-1|-1:0|2:-2",1064,3,149
"-2:-1|-1:-2|-1:-1",1065,3,197
"-1:-2|-1:-1|2:0",1066,3,211
"-1:-2|-1:-1|1:0",1067,3,210
"-1:-2|-1:-1|-1:0",1068,3,209
"-2:-1|-1:-1|0:-2",1069,3,208
"-1:-2|-1:-1|2:1",1070,3,216
"-1:-1|1:1|1:2",1071,3,215
"-1:-2|-1:-1|0:1",1072,3,214
"-1:-1|-1:1|-1:2",1073,3,213
"-1:-2|1:-1|2:-1",1074,3,212
"-1:-2|-1:-1|2:2",1075,3,167
"-1:-2|-1:-1|1:2",1076,3,219
"-1:-2|-1:-1|0:2",1077,3,218
"-1:-2|-1:-1|-1:2",1078,3,217
"-2:-1|-1:-1|2:-2",1079,3,138
"-2:-1|-1:-2|0:2",1080,3,202
"-1:0|1:-2|2:-1",1081,3,201
"-2:-1|-1:-2|-1:0",1082,3,198
"-2:-1|-1:-2|0:-2",1083,3,170
"-1:-2|1:2|2:1",1084,3,204
"-1:-1|1:2|2:1",1085,3,203
"-1:0|1:-2|2:-1",1086,3,201
"-1:-1|1:-2|2:-1",1087,3,199
"-1:-2|1:-2|2:-1",1088,3,187
"-2:-1|-1:-2|2:2",1089,3,168
"-1:-2|1:2|2:1",1090,3,204
"-2:-1|-1:-2|0:2",1091,3,202
"-2:-1|-1:-2|-1:2",1092,3,200
"-2:-1|-1:-2|2:-2",1093,3,95
"-1:-2|1:0|2:0",1094,3,272
"-1:-2|-1:0|2:0",1095,3,264
"-2:-1|0:-2|0:2",1096,3,255
"-1:-2|0:-2|2:1",1097,3,183
"-1:-1|0:-2|2:1",1098,3,280
"-1:-2|0:1|2:0",1099,3,279
"-1:-1|-1:2|2:0",1100,3,278
"-1:-2|0:2|2:-1",1101,3,252
"-1:-2|2:0|2:2",1102,3,86
"-1:-2|1:2|2:0",1103,3,262
"-1:-2|0:2|2:0",1104,3,282
"-1:-2|-1:2|2:0",1105,3,281
"-2:-1|0:2|2:-2",1106,3,155
"-1:-2|-1:0|1:0",1107,3,263
"-1:0|1:-2|2:0",1108,3,254
"-1:-2|0:-1|2:1",1109,3,230
"-1:-1|-1:0|1:2",1110,3,275
"-1:-2|0:1|1:0",1111,3,274
"-1:-1|-1:2|1:0",1112,3,273
"-1:-2|0:1|2:-1",1113,3,250
"-1:-2|1:0|2:2",1114,3,133
"-1:-2|-1:0|1:2",1115,3,271
"-1:-2|0:2|1:0",1116,3,277
"-1:-2|-1:2|1:0",1117,3,276
"-1:0|1:-2|2:2",1118,3,151
"-2:-1|0:-2|0:-1",1119,3,253
"-1:-2|-1:0|2:1",1120,3,268
"-1:-1|0:1|2:1",1121,3,267
"-1:-2|-1:0|0:1",1122,3,266
"-1:-1|-1:0|-1:2",1123,3,265
"-1:-2|0:-1|2:-1",1124,3,221
"-1:-2|-1:0|2:2",1125,3,162
"-1:-2|-1:0|1:2",1126,3,271
"-1:-2|-1:0|0:2",1127,3,270
"-1:-2|-1:0|-1:2",1128,3,269
"-2:-1|0:-1|2:-2",1129,3,126
"-1:-2|0:2|2:1",1130,3,259
"-1:-1|0:2|2:1",1131,3,258
"-1:0|0:-2|2:-1",1132,3,257
"-1:-1|0:-2|2:-1",1133,3,256
"-1:-2|0:-2|2:-1",1134,3,174
"-2:-1|0:-2|2:2",1135,3,166
"-1:-2|1:2|2:0",1136,3,262
"-2:-1|0:-2|2:0",1137,3,261
"-2:-1|0:-2|2:-1",1138,3,260
"-2:-1|0:-2|2:-2",1139,3,77
"-1:-2|-1:-1|2:1",1140,3,216
"-1:-2|-1:0|2:1",1141,3,268
"-1:-1|-1:2|2:-1",1142,3,285
"-1:-2|-1:2|2:-1",1143,3,251
"-1:-2|2:1|2:2",1144,3,66
"-1:-2|1:2|2:1",1145,3,204
"-1:-2|0:2|2:1",1146,3,259
"-1:-2|-1:2|2:-1",1147,3,251
"-2:-1|1:2|2:-2",1148,3,154
"-1:-1|-1:0|2:1",1149,3,287
"-1:-1|-1:1|2:-1",1150,3,284
"-1:-1|-1:2|2:1",1151,3,249
"-1:-2|1:1|2:2",1152,3,123
"-1:-2|-1:-1|1:2",1153,3,219
"-1:-1|0:-2|1:2",1154,3,289
"-1:-1|1:-2|1:2",1155,3,243
"-1:-1|1:2|2:-2",1156,3,145
"-1:-1|-1:0|2:-1",1157,3,283
"-1:-2|-1:0|2:-1",1158,3,247
"-1:-2|0:1|2:2",1159,3,136
"-1:-2|0:-1|1:2",1160,3,233
"-1:-2|0:1|0:2",1161,3,288
"-1:-2|-1:2|0:-1",1162,3,231
"-2:-1|1:0|2:-2",1163,3,134
"-1:-2|-1:-1|2:-1",1164,3,207
"-1:-1|-1:2|2:-2",1165,3,147
"-1:-1|-1:2|1:-2",1166,3,245
"-1:-1|-1:2|0:-2",1167,3,286
"-1:-2|-1:-1|-1:2",1168,3,217
"-2:-1|1:-1|2:-2",1169,3,119
"-2:-1|-1:2|2:-2",1170,3,156
"-1:-2|1:2|2:-1",1171,3,248
"-2:-1|-1:2|0:-2",1172,3,246
"-2:-1|-1:-2|-1:2",1173,3,200
"-2:-1|1:-2|2:-2",1174,3,57
"-1:-2|1:2|2:2",1175,3,70
"-1:-2|0:2|2:2",1176,3,90
"-1:-2|-1:2|2:-2",1177,3,107
"-2:-1|2:-2|2:2",1178,3,115
"-1:-2|0:-2|1:2",1179,3,186
"-1:-2|-1:2|1:-2",1180,3,195
"-1:-2|1:2|2:-2",1181,3,105
"-1:-2|-1:2|0:-2",1182,3,184
"-2:-1|2:-2|2:0",1183,3,88
"-2:-1|2:-2|2:-1",1184,3,68
"-2:-1|-1:-1|2:-2",1185,3,138
"-2:-1|0:-1|2:-2",1186,3,126
"-2:-1|1:-1|2:-2",1187,3,119
"-2:-1|2:-2|2:-1",1188,3,68
"-2:-1|-2:0|2:-2",1189,3,150
"-2:-1|-1:0|2:-2",1190,3,149
"-2:-1|1:0|2:-2",1191,3,134
"-2:-1|2:-2|2:0",1192,3,88
"-1:-2|1:-2|2:2",1193,3,153
"-1:-1|1:-2|2:2",1194,3,152
"-1:0|1:-2|2:2",1195,3,151
"-1:-1|1:2|2:-2",1196,3,145
"-1:-2|1:2|2:-2",1197,3,105
"-2:-1|-2:2|2:-2",1198,3,108
"-2:-1|-1:2|2:-2",1199,3,156
"-2:-1|0:2|2:-2",1200,3,155
"-2:-1|1:2|2:-2",1201,3,154
"-2:-1|2:-2|2:2",1202,3,115
"-1:-1|0:-1|2:-2",1203,3,125
"-1:-1|1:-1|2:-2",1204,3,118
"-1:-1|2:-2|2:-1",1205,3,63
"-2:-2|-1:1|0:2",1206,3,140
"-1:-1|-1:0|2:-2",1207,3,139
"-1:-1|1:0|2:-2",1208,3,130
"-1:-1|2:-2|2:0",1209,3,83
"-1:-2|1:-1|2:2",1210,3,144
"-1:-1|-1:1|2:-2",1211,3,143
"-1:-1|0:1|2:-2",1212,3,142
"-1:-1|1:1|2:-2",1213,3,141
"-1:-1|2:-2|2:1",1214,3,100
"-2:-2|-1:1|2:2",1215,3,148
"-1:-1|-1:2|2:-2",1216,3,147
"-1:-1|0:2|2:-2",1217,3,146
"-1:-1|1:2|2:-2",1218,3,145
"-1:-1|2:-2|2:2",1219,3,112
"-2:-2|-1:-1|-1:0",1220,3,117
"-2:-2|-1:-2|-1:0",1221,3,59
"-2:-2|-1:0|0:2",1222,3,129
"-1:0|0:-1|2:-2",1223,3,128
"-2:-2|-1:0|0:-1",1224,3,127
"-2:-2|-1:0|0:-2",1225,3,79
"-1:-2|1:0|2:2",1226,3,133
"-1:-1|0:1|2:2",1227,3,132
"-1:0|1:0|2:-2",1228,3,131
"-1:-1|1:0|2:-2",1229,3,130
"-1:-2|1:0|2:-2",1230,3,96
"-2:-2|-1:0|2:2",1231,3,137
"-1:-2|0:1|2:2",1232,3,136
"-2:-2|-1:0|2:0",1233,3,135
"-2:-1|1:0|2:-2",1234,3,134
"-2:-2|-1:0|2:-2",1235,3,111
"-2:-2|-1:-2|-1:-1",1236,3,54
"-2:-2|-1:-1|0:2",1237,3,121
"-1:0|1:-1|2:-2",1238,3,120
"-2:-2|-1:-1|-1:0",1239,3,117
"-2:-2|-1:-1|0:-2",1240,3,74
"-1:-2|1:1|2:2",1241,3,123
"-1:-1|1:1|2:2",1242,3,122
"-1:0|1:-1|2:-2",1243,3,120
"-1:-1|1:-1|2:-2",1244,3,118
"-1:-2|1:-1|2:-2",1245,3,92
"-2:-2|-1:-1|2:2",1246,3,124
"-1:-2|1:1|2:2",1247,3,123
"-2:-2|-1:-1|0:2",1248,3,121
"-2:-1|1:-1|2:-2",1249,3,119
"-2:-2|-1:-1|2:-2",1250,3,109
"-2:-2|-1:-2|0:2",1251,3,69
"-1:0|2:-2|2:-1",1252,3,64
"-2:-2|-1:-2|0:-1",1253,3,55
"-2:-2|-1:-2|0:-2",1254,3,50
"-1:-2|1:2|2:2",1255,3,70
"-1:-1|1:2|2:2",1256,3,65
"-1:0|1:-2|2:-2",1257,3,60
"-1:-1|1:-2|2:-2",1258,3,56
"-1:-2|1:-2|2:-2",1259,3,51
"-2:-2|-1:-2|2:2",1260,3,71
"-1:-2|2:1|2:2",1261,3,66
"-2:-2|-1:-2|2:0",1262,3,61
"-2:-1|1:-2|2:-2",1263,3,57
"-2:-2|-1:-2|2:-2",1264,3,52
"-2:-2|0:1|0:2",1265,3,157
"-2:-2|-1:0|2:0",1266,3,135
"-2:-2|-2:0|2:0",1267,3,89
"-1:-2|0:-2|2:2",1268,3,164
"-1:-1|0:-2|2:2",1269,3,163
"-1:0|0:-2|2:2",1270,3,161
"-1:-1|0:2|2:-2",1271,3,146
"-1:-2|0:2|2:-2",1272,3,106
"-2:-2|-2:0|2:2",1273,3,91
"-2:-1|0:-2|2:2",1274,3,166
"-2:-2|0:2|2:0",1275,3,165
"-2:-1|0:2|2:-2",1276,3,155
"-2:-2|-2:2|2:0",1277,3,116
"-1:0|1:0|2:-2",1278,3,131
"-1:0|2:-2|2:0",1279,3,84
"-1:-2|0:-1|2:2",1280,3,160
"-1:-1|-1:0|2:2",1281,3,159
"-1:0|0:-1|2:2",1282,3,158
"-1:-1|0:1|2:-2",1283,3,142
"-1:-2|0:1|2:-2",1284,3,101
"-2:-2|-1:0|2:2",1285,3,137
"-1:-2|-1:0|2:2",1286,3,162
"-1:0|0:-2|2:2",1287,3,161
"-1:0|1:-2|2:2",1288,3,151
"-1:0|2:-2|2:2",1289,3,113
"-2:-2|-2:0|-1:0",1290,3,75
"-1:-2|0:1|2:2",1291,3,136
"-1:-1|0:1|2:2",1292,3,132
"-1:0|0:-1|2:-2",1293,3,128
"-1:-1|0:-1|2:-2",1294,3,125
"-1:-2|0:-1|2:-2",1295,3,93
"-2:-2|-1:0|2:2",1296,3,137
"-1:-2|1:0|2:2",1297,3,133
"-2:-2|-1:0|0:2",1298,3,129
"-2:-1|0:-1|2:-2",1299,3,126
"-2:-2|-2:2|-1:0",1300,3,110
"-1:-2|0:2|2:2",1301,3,90
"-1:-1|0:2|2:2",1302,3,85
"-1:0|0:-2|2:-2",1303,3,80
"-1:-1|0:-2|2:-2",1304,3,76
"-1:-2|0:-2|2:-2",1305,3,72
"-2:-2|-2:0|2:2",1306,3,91
"-1:-2|2:0|2:2",1307,3,86
"-2:-2|-2:0|0:2",1308,3,81
"-2:-1|0:-2|2:-2",1309,3,77
"-2:-2|-2:0|-2:2",1310,3,73
"-1:-2|-1:-1|2:2",1311,3,167
"-1:-2|-1:0|2:2",1312,3,162
"-1:-1|-1:2|2:-2",1313,3,147
"-1:-2|-1:2|2:-2",1314,3,107
"-2:-2|-1:-2|2:2",1315,3,71
"-2:-1|-1:-2|2:2",1316,3,168
"-2:-1|0:-2|2:2",1317,3,166
"-2:-1|-1:2|2:-2",1318,3,156
"-2:-1|2:-2|2:2",1319,3,115
"-1:-1|-1:0|2:2",1320,3,159
"-1:-1|-1:1|2:-2",1321,3,143
"-1:-1|-1:2|2:2",1322,3,102
"-2:-2|-1:-1|2:2",1323,3,124
"-1:-2|-1:-1|2:2",1324,3,167
"-1:-1|0:-2|2:2",1325,3,163
"-1:-1|1:-2|2:2",1326,3,152
"-1:-1|2:-2|2:2",1327,3,112
"-1:-1|-1:0|2:-2",1328,3,139
"-1:-2|-1:0|2:-2",1329,3,97
"-2:-2|-1:0|2:2",1330,3,137
"-1:-2|0:-1|2:2",1331,3,160
"-2:-2|0:1|0:2",1332,3,157
"-2:-1|-1:0|2:-2",1333,3,149
"-2:-2|-1:0|2:-2",1334,3,111
"-1:-2|-1:-1|2:-2",1335,3,94
"-2:-2|-1:1|2:2",1336,3,148
"-1:-2|1:-1|2:2",1337,3,144
"-2:-2|-1:1|0:2",1338,3,140
"-2:-1|-1:-1|2:-2",1339,3,138
"-2:-2|-1:-1|2:-2",1340,3,109
"-2:-1|-2:2|2:-2",1341,3,108
"-1:-2|2:-1|2:2",1342,3,103
"-2:-1|-2:2|0:-2",1343,3,98
"-2:-1|-1:-2|2:-2",1344,3,95
"-2:-2|-1:-2|2:-2",1345,3,52
"-2:-2|-1:-2|2:2",1346,3,71
"-2:-2|-2:0|2:2",1347,3,91
"-2:-1|-2:2|2:-2",1348,3,108
"-2:-2|-2:2|2:-2",1349,3,114
"-1:-2|0:-2|2:2",1350,3,164
"-1:-2|1:-2|2:2",1351,3,153
"-1:-2|2:-2|2:2",1352,3,104
"-2:-1|-2:0|2:-2",1353,3,150
"-2:-2|-2:0|2:-2",1354,3,87
"-2:-2|-2:-1|2:-2",1355,3,67
"-1:-2|-1:-1|-1:0",1356,3,209
"-1:-1|-1:1|-1:2",1357,3,213
"-1:-2|-1:-1|-1:2",1358,3,217
"-1:-2|-1:-1|0:-2",1359,3,171
"-1:-2|-1:-1|0:-1",1360,3,205
"-1:-2|-1:-1|0:1",1361,3,214
"-1:-2|-1:-1|0:2",1362,3,218
"-1:-2|-1:-1|1:-2",1363,3,188
"-1:-1|1:-2|1:-1",1364,3,206
"-1:-2|-1:-1|1:0",1365,3,210
"-1:-1|1:1|1:2",1366,3,215
"-1:-2|-1:-1|1:2",1367,3,219
"-1:-2|-1:-1|2:-2",1368,3,94
"-1:-2|-1:-1|2:-1",1369,3,207
"-1:-2|-1:-1|2:0",1370,3,211
"-1:-2|-1:-1|2:1",1371,3,216
"-1:-2|-1:-1|2:2",1372,3,167
"-1:-1|-1:0|-1:2",1373,3,265
"-1:-2|-1:0|-1:2",1374,3,269
"-1:-2|-1:0|0:-2",1375,3,176
"-1:-2|-1:0|0:-1",1376,3,223
"-1:-2|-1:0|0:1",1377,3,266
"-1:-2|-1:0|0:2",1378,3,270
"-1:-2|-1:0|1:-2",1379,3,191
"-1:-1|1:-2|1:0",1380,3,235
"-1:-2|-1:0|1:0",1381,3,263
"-1:-1|0:1|2:1",1382,3,267
"-1:-2|-1:0|1:2",1383,3,271
"-1:-2|-1:0|2:-2",1384,3,97
"-1:-2|-1:0|2:-1",1385,3,247
"-1:-2|-1:0|2:0",1386,3,264
"-1:-2|-1:0|2:1",1387,3,268
"-1:-2|-1:0|2:2",1388,3,162
"-1:-2|-1:-1|-1:2",1389,3,217
"-1:-1|-1:2|0:2",1390,3,180
"-1:-1|-1:2|0:1",1391,3,227
"-1:-1|-1:0|2:-1",1392,3,283
"-1:-1|-1:2|0:-2",1393,3,286
"-1:-1|-1:2|1:2",1394,3,193
"-1:-1|-1:2|1:1",1395,3,239
"-1:-1|-1:2|1:0",1396,3,273
"-1:-1|-1:1|2:-1",1397,3,284
"-1:-1|-1:2|1:-2",1398,3,245
"-1:-1|-1:2|2:2",1399,3,102
"-1:-1|-1:2|2:1",1400,3,249
"-1:-1|-1:2|2:0",1401,3,278
"-1:-1|-1:2|2:-1",1402,3,285
"-1:-1|-1:2|2:-2",1403,3,147
"-1:-2|-1:2|0:-2",1404,3,184
"-1:-2|-1:2|0:-1",1405,3,231
"-1:-2|-1:2|0:-1",1406,3,231
"-1:-2|-1:2|0:-2",1407,3,184
"-1:-2|-1:2|1:-2",1408,3,195
"-1:-1|1:-2|1:2",1409,3,243
"-1:-2|-1:2|1:0",1410,3,276
"-1:-1|1:-2|1:2",1411,3,243
"-1:-2|-1:2|1:-2",1412,3,195
"-1:-2|-1:2|2:-2",1413,3,107
"-1:-2|-1:2|2:-1",1414,3,251
"-1:-2|-1:2|2:0",1415,3,281
"-1:-2|-1:2|2:-1",1416,3,251
"-1:-2|-1:2|2:-2",1417,3,107
"-1:-2|0:-2|0:-1",1418,3,172
"-1:-2|0:-2|0:1",1419,3,181
"-1:-2|0:-2|0:2",1420,3,185
"-1:-2|0:-2|1:-2",1421,3,169
"-1:-1|0:-2|1:-2",1422,3,173
"-1:-2|0:-2|1:0",1423,3,177
"-1:-1|0:2|1:2",1424,3,182
"-1:-2|0:-2|1:2",1425,3,186
"-1:-2|0:-2|2:-2",1426,3,72
"-1:-2|0:-2|2:-1",1427,3,174
"-1:-2|0:-2|2:0",1428,3,178
"-1:-2|0:-2|2:1",1429,3,183
"-1:-2|0:-2|2:2",1430,3,164
"-1:-2|0:-1|0:1",1431,3,228
"-1:-2|0:-1|0:2",1432,3,232
"-1:-2|0:-1|1:-2",1433,3,189
"-1:-1|0:-1|1:-2",1434,3,220
"-1:-2|0:-1|1:0",1435,3,224
"-1:-1|0:1|1:2",1436,3,229
"-1:-2|0:-1|1:2",1437,3,233
"-1:-2|0:-1|2:-2",1438,3,93
"-1:-2|0:-1|2:-1",1439,3,221
"-1:-2|0:-1|2:0",1440,3,225
"-1:-2|0:-1|2:1",1441,3,230
"-1:-2|0:-1|2:2",1442,3,160
"-1:-2|0:1|0:2",1443,3,288
"-1:-2|0:1|1:-2",1444,3,194
"-1:-1|0:1|1:-2",1445,3,240
"-1:-2|0:1|1:0",1446,3,274
"-1:-1|-1:0|2:1",1447,3,287
"-1:-2|0:-1|1:2",1448,3,233
"-1:-2|0:1|2:-2",1449,3,101
"-1:-2|0:1|2:-1",1450,3,250
"-1:-2|0:1|2:0",1451,3,279
"-1:-2|-1:0|2:1",1452,3,268
"-1:-2|0:1|2:2",1453,3,136
"-1:-2|0:2|1:-2",1454,3,196
"-1:-1|0:2|1:-2",1455,3,244
"-1:-2|0:2|1:0",1456,3,277
"-1:-1|0:-2|1:2",1457,3,289
"-1:-2|0:-2|1:2",1458,3,186
"-1:-2|0:2|2:-2",1459,3,106
"-1:-2|0:2|2:-1",1460,3,252
"-1:-2|0:2|2:0",1461,3,282
"-1:-2|0:2|2:1",1462,3,259
"-1:-2|0:2|2:2",1463,3,90
"-1:-2|-1:-1|1:-2",1464,3,188
"-1:-2|-1:0|1:-2",1465,3,191
"-1:-1|-1:2|1:2",1466,3,193
"-1:-2|-1:2|1:-2",1467,3,195
"-1:-2|1:-2|2:-2",1468,3,51
"-1:-2|1:-2|2:-1",1469,3,187
"-1:-2|1:-2|2:0",1470,3,190
"-1:-2|1:-2|2:1",1471,3,192
"-1:-2|1:-2|2:2",1472,3,153
"-1:-1|-1:0|1:-2",1473,3,236
"-1:-1|-1:1|1:-2",1474,3,241
"-1:-1|-1:2|1:-2",1475,3,245
"-1:-2|1:-1|2:-2",1476,3,92
"-1:-2|1:-1|2:-1",1477,3,212
"-1:-2|1:-1|2:0",1478,3,237
"-1:-2|1:-1|2:1",1479,3,242
"-1:-2|1:-1|2:2",1480,3,144
"-1:-1|-1:0|1:2",1481,3,275
"-1:-2|-1:0|1:2",1482,3,271
"-1:-2|1:0|2:-2",1483,3,96
"-1:-2|1:0|2:-1",1484,3,226
"-1:-2|1:0|2:0",1485,3,272
"-1:-2|0:-1|2:1",1486,3,230
"-1:-2|1:0|2:2",1487,3,133
"-1:-2|-1:-1|1:2",1488,3,219
"-1:-1|2:-2|2:1",1489,3,100
"-1:-1|1:-2|2:1",1490,3,238
"-1:-1|0:-2|2:1",1491,3,280
"-1:-2|-1:-1|2:1",1492,3,216
"-1:-2|1:1|2:2",1493,3,123
"-1:-2|1:2|2:-2",1494,3,105
"-1:-2|1:2|2:-1",1495,3,248
"-1:-2|1:2|2:0",1496,3,262
"-1:-2|1:2|2:1",1497,3,204
"-1:-2|1:2|2:2",1498,3,70
"-1:-2|2:-2|2:-1",1499,3,62
"-1:-2|2:-2|2:0",1500,3,82
"-1:-2|2:-2|2:1",1501,3,99
"-1:-2|2:-2|2:2",1502,3,104
"-1:-2|2:-1|2:0",1503,3,179
"-1:-2|1:-2|2:1",1504,3,192
"-1:-2|2:-1|2:2",1505,3,103
"-1:-2|0:-2|2:1",1506,3,183
"-1:-2|2:0|2:2",1507,3,86
"-1:-2|2:1|2:2",1508,3,66
"-1:-1|-1:0|-1:1",1509,3,315
"-1:-1|-1:0|-1:2",1510,3,265
"-1:-1|-1:0|0:-2",1511,3,293
"-1:-1|-1:0|0:-1",1512,3,316
"-1:-1|-1:0|0:1",1513,3,317
"-1:-1|-1:0|0:2",1514,3,309
"-1:-1|-1:0|1:-2",1515,3,236
"-1:-1|-1:0|1:-1",1516,3,318
"-1:-1|-1:0|1:0",1517,3,319
"-1:-1|-1:0|1:1",1518,3,320
"-1:-1|-1:0|1:2",1519,3,275
"-1:-1|-1:0|2:-2",1520,3,139
"-1:-1|-1:0|2:-1",1521,3,283
"-1:-1|-1:0|2:0",1522,3,313
"-1:-1|-1:0|2:1",1523,3,287
"-1:-1|-1:0|2:2",1524,3,159
"-1:-1|-1:1|-1:2",1525,3,213
"-1:-1|-1:1|0:-2",1526,3,296
"-1:-1|-1:0|1:-1",1527,3,318
"-1:-1|-1:0|1:-1",1528,3,318
"-1:-1|-1:1|0:-2",1529,3,296
"-1:-1|-1:1|1:-2",1530,3,241
"-1:-1|-1:1|1:-1",1531,3,321
"-1:-1|-1:1|1:0",1532,3,322
"-1:-1|-1:1|1:-1",1533,3,321
"-1:-1|-1:1|1:-2",1534,3,241
"-1:-1|-1:1|2:-2",1535,3,143
"-1:-1|-1:1|2:-1",1536,3,284
"-1:-1|-1:1|2:0",1537,3,314
"-1:-1|-1:1|2:-1",1538,3,284
"-1:-1|-1:1|2:-2",1539,3,143
"-1:-1|-1:2|0:-2",1540,3,286
"-1:-1|-1:0|2:-1",1541,3,283
"-1:-1|-1:2|0:1",1542,3,227
"-1:-1|-1:2|0:2",1543,3,180
"-1:-1|-1:2|1:-2",1544,3,245
"-1:-1|-1:1|2:-1",1545,3,284
"-1:-1|-1:2|1:0",1546,3,273
"-1:-1|-1:2|1:1",1547,3,239
"-1:-1|-1:2|1:2",1548,3,193
"-1:-1|-1:2|2:-2",1549,3,147
"-1:-1|-1:2|2:-1",1550,3,285
"-1:-1|-1:2|2:0",1551,3,278
"-1:-1|-1:2|2:1",1552,3,249
"-1:-1|-1:2|2:2",1553,3,102
"-1:-1|0:-2|0:-1",1554,3,290
"-1:-1|0:-2|0:1",1555,3,297
"-1:-1|0:-2|0:2",1556,3,299
"-1:-1|0:-2|1:-2",1557,3,173
"-1:-1|0:-2|1:-1",1558,3,291
"-1:-1|0:-2|1:0",1559,3,294
"-1:-1|0:-2|1:1",1560,3,298
"-1:-1|0:-2|1:2",1561,3,289
"-1:-1|0:-2|2:-2",1562,3,76
"-1:-1|0:-2|2:-1",1563,3,256
"-1:-1|0:-2|2:0",1564,3,295
"-1:-1|0:-2|2:1",1565,3,280
"-1:-1|0:-2|2:2",1566,3,163
"-1:-1|-1:0|1:0",1567,3,319
"-1:-1|-1:0|2:0",1568,3,313
"-1:-1|0:-1|1:-2",1569,3,220
"-1:-1|-1:0|-1:1",1570,3,315
"-1:-1|-1:0|0:1",1571,3,317
"-1:-1|-1:0|1:1",1572,3,320
"-1:-1|-1:0|2:1",1573,3,287
"-1:-1|0:-1|2:-2",1574,3,125
"-1:-1|-1:0|-1:2",1575,3,265
"-1:-1|-1:0|0:2",1576,3,309
"-1:-1|-1:0|1:2",1577,3,275
"-1:-1|-1:0|2:2",1578,3,159
"-1:-1|0:1|0:2",1579,3,302
"-1:-1|0:1|1:-2",1580,3,240
"-1:-1|-1:1|1:0",1581,3,322
"-1:-1|0:1|1:0",1582,3,323
"-1:-1|-1:0|1:1",1583,3,320
"-1:-1|0:1|1:2",1584,3,229
"-1:-1|0:1|2:-2",1585,3,142
"-1:-1|-1:2|1:0",1586,3,273
"-1:-1|0:1|2:0",1587,3,311
"-1:-1|0:1|2:1",1588,3,267
"-1:-1|0:1|2:2",1589,3,132
"-1:-1|0:2|1:-2",1590,3,244
"-1:-1|-1:1|2:0",1591,3,314
"-1:-1|0:1|2:0",1592,3,311
"-1:-1|0:-2|1:1",1593,3,298
"-1:-1|0:2|1:2",1594,3,182
"-1:-1|0:2|2:-2",1595,3,146
"-1:-1|-1:2|2:0",1596,3,278
"-1:-1|0:2|2:0",1597,3,307
"-1:-1|0:2|2:1",1598,3,258
"-1:-1|0:2|2:2",1599,3,85
"-1:-1|1:-2|1:-1",1600,3,206
"-1:-1|1:-2|1:0",1601,3,235
"-1:-1|-1:2|1:1",1602,3,239
"-1:-1|1:-2|1:2",1603,3,243
"-1:-1|1:-2|2:-2",1604,3,56
"-1:-1|1:-2|2:-1",1605,3,199
"-1:-1|1:-2|2:0",1606,3,234
"-1:-1|1:-2|2:1",1607,3,238
"-1:-1|1:-2|2:2",1608,3,152
"-1:-1|-1:0|1:-1",1609,3,318
"-1:-1|-1:1|1:-1",1610,3,321
"-1:-1|-1:1|2:-1",1611,3,284
"-1:-1|1:-1|2:-2",1612,3,118
"-1:-1|-1:1|-1:2",1613,3,213
"-1:-1|-1:1|0:-2",1614,3,296
"-1:-1|-1:1|1:-2",1615,3,241
"-1:-1|-1:1|2:-2",1616,3,143
"-1:-1|-1:0|1:1",1617,3,320
"-1:-1|0:1|2:1",1618,3,267
"-1:-1|1:0|2:-2",1619,3,130
"-1:-1|-1:2|0:1",1620,3,227
"-1:-1|0:1|0:2",1621,3,302
"-1:-1|0:1|1:2",1622,3,229
"-1:-1|0:1|2:2",1623,3,132
"-1:-1|1:1|1:2",1624,3,215
"-1:-1|1:1|2:-2",1625,3,141
"-1:-1|-1:2|1:1",1626,3,239
"-1:-1|0:-2|1:1",1627,3,298
"-1:-1|1:1|1:2",1628,3,215
"-1:-1|1:1|2:2",1629,3,122
"-1:-1|1:2|2:-2",1630,3,145
"-1:-1|-1:2|2:1",1631,3,249
"-1:-1|0:2|2:1",1632,3,258
"-1:-1|1:2|2:1",1633,3,203
"-1:-1|1:2|2:2",1634,3,65
"-1:-1|2:-2|2:-1",1635,3,63
"-1:-1|2:-2|2:0",1636,3,83
"-1:-1|2:-2|2:1",1637,3,100
"-1:-1|2:-2|2:2",1638,3,112
"-1:-1|-1:2|0:2",1639,3,180
"-1:-1|-1:2|1:2",1640,3,193
"-1:-1|-1:2|2:2",1641,3,102
"-1:-1|0:2|1:2",1642,3,182
"-1:-1|0:2|2:2",1643,3,85
"-1:-1|1:2|2:2",1644,3,65
"-1:-2|-1:-1|-1:0",1645,3,209
"-1:-1|-1:0|0:2",1646,3,309
"-1:-1|-1:0|0:1",1647,3,317
"-1:-1|-1:0|0:-1",1648,3,316
"-1:-1|-1:0|0:-2",1649,3,293
"-1:-1|-1:0|1:2",1650,3,275
"-1:-1|-1:0|1:1",1651,3,320
"-1:-1|-1:0|1:0",1652,3,319
"-1:-1|-1:0|1:-1",1653,3,318
"-1:-1|-1:0|1:-2",1654,3,236
"-1:-1|-1:0|2:2",1655,3,159
"-1:-1|-1:0|2:1",1656,3,287
"-1:-1|-1:0|2:0",1657,3,313
"-1:-1|-1:0|2:-1",1658,3,283
"-1:-1|-1:0|2:-2",1659,3,139
"-1:-2|-1:0|0:2",1660,3,270
"-1:-2|-1:0|0:1",1661,3,266
"-1:-2|-1:0|0:-1",1662,3,223
"-1:-2|-1:0|0:-2",1663,3,176
"-1:-2|-1:0|1:2",1664,3,271
"-1:-1|0:1|2:1",1665,3,267
"-1:-2|-1:0|1:0",1666,3,263
"-1:-1|1:-2|1:0",1667,3,235
"-1:-2|-1:0|1:-2",1668,3,191
"-1:-2|-1:0|2:2",1669,3,162
"-1:-2|-1:0|2:1",1670,3,268
"-1:-2|-1:0|2:0",1671,3,264
"-1:-2|-1:0|2:-1",1672,3,247
"-1:-2|-1:0|2:-2",1673,3,97
"-1:0|0:-2|0:-1",1674,3,301
"-1:0|0:-1|0:2",1675,3,310
"-1:0|0:-2|0:2",1676,3,312
"-1:-2|0:-2|1:0",1677,3,177
"-1:-1|0:-2|1:0",1678,3,294
"-1:0|0:-2|1:0",1679,3,308
"-1:-1|0:1|2:0",1680,3,311
"-1:-2|0:2|1:0",1681,3,277
"-1:0|0:-2|2:-2",1682,3,80
"-1:0|0:-2|2:-1",1683,3,257
"-1:0|0:-2|2:0",1684,3,305
"-1:-2|0:1|2:0",1685,3,279
"-1:0|0:-2|2:2",1686,3,161
"-1:0|0:-1|0:1",1687,3,324
"-1:0|0:-1|0:2",1688,3,310
"-1:-2|0:-1|1:0",1689,3,224
"-1:-1|-1:0|0:1",1690,3,317
"-1:0|0:-1|0:1",1691,3,324
"-1:-1|0:1|1:0",1692,3,323
"-1:-2|0:1|1:0",1693,3,274
"-1:0|0:-1|2:-2",1694,3,128
"-1:-2|-1:0|0:1",1695,3,266
"-1:0|0:-1|0:2",1696,3,310
"-1:-2|0:1|1:0",1697,3,274
"-1:0|0:-1|2:2",1698,3,158
"-1:0|0:-2|0:-1",1699,3,301
"-1:-2|0:1|1:0",1700,3,274
"-1:-1|0:1|1:0",1701,3,323
"-1:0|0:-1|0:1",1702,3,324
"-1:-1|-1:0|0:1",1703,3,317
"-1:-2|0:-1|1:0",1704,3,224
"-1:0|0:-1|2:2",1705,3,158
"-1:-2|0:1|1:0",1706,3,274
"-1:0|0:-1|0:2",1707,3,310
"-1:-2|-1:0|0:1",1708,3,266
"-1:0|0:-1|2:-2",1709,3,128
"-1:-2|0:2|1:0",1710,3,277
"-1:-1|0:1|2:0",1711,3,311
"-1:0|0:-2|1:0",1712,3,308
"-1:-1|0:-2|1:0",1713,3,294
"-1:-2|0:-2|1:0",1714,3,177
"-1:0|0:-2|2:2",1715,3,161
"-1:-2|0:1|2:0",1716,3,279
"-1:0|0:-2|2:0",1717,3,305
"-1:0|0:-2|2:-1",1718,3,257
"-1:0|0:-2|2:-2",1719,3,80
"-1:-2|-1:-1|1:0",1720,3,210
"-1:-2|-1:0|1:0",1721,3,263
"-1:-1|-1:2|1:0",1722,3,273
"-1:-2|-1:2|1:0",1723,3,276
"-1:0|1:-2|2:-2",1724,3,60
"-1:0|1:-2|2:-1",1725,3,201
"-1:0|1:-2|2:0",1726,3,254
"-1:-2|0:1|2:-1",1727,3,250
"-1:0|1:-2|2:2",1728,3,151
"-1:-1|-1:0|1:0",1729,3,319
"-1:-1|-1:1|1:0",1730,3,322
"-1:-1|-1:2|1:0",1731,3,273
"-1:0|1:-1|2:-2",1732,3,120
"-1:-2|-1:-1|0:1",1733,3,214
"-1:-1|0:-2|0:1",1734,3,297
"-1:-1|0:1|1:-2",1735,3,240
"-1:-1|0:1|2:-2",1736,3,142
"-1:-1|-1:0|1:0",1737,3,319
"-1:-2|-1:0|1:0",1738,3,263
"-1:0|1:0|2:-2",1739,3,131
"-1:-2|0:-1|0:1",1740,3,228
"-1:0|1:0|2:0",1741,3,303
"-1:-2|0:-1|0:1",1742,3,228
"-1:0|1:0|2:-2",1743,3,131
"-1:-2|-1:-1|1:0",1744,3,210
"-1:-1|0:1|2:-2",1745,3,142
"-1:-1|0:1|1:-2",1746,3,240
"-1:-1|0:-2|0:1",1747,3,297
"-1:-2|-1:-1|0:1",1748,3,214
"-1:0|1:-1|2:-2",1749,3,120
"-1:0|1:-2|2:2",1750,3,151
"-1:-2|0:1|2:-1",1751,3,250
"-1:0|1:-2|2:0",1752,3,254
"-1:0|1:-2|2:-1",1753,3,201
"-1:0|1:-2|2:-2",1754,3,60
"-1:0|2:-2|2:-1",1755,3,64
"-1:0|2:-2|2:0",1756,3,84
"-1:-2|0:1|2:-2",1757,3,101
"-1:0|2:-2|2:2",1758,3,113
"-1:-2|0:-2|0:1",1759,3,181
"-1:-2|0:1|1:-2",1760,3,194
"-1:-2|0:1|2:-2",1761,3,101
"-1:-2|0:-2|0:1",1762,3,181
"-1:0|2:-2|2:0",1763,3,84
"-1:0|2:-2|2:-1",1764,3,64
"-1:-2|-1:-1|0:2",1765,3,218
"-1:-2|-1:-1|0:1",1766,3,214
"-1:-2|-1:-1|0:-1",1767,3,205
"-1:-2|-1:-1|0:-2",1768,3,171
"-1:-2|-1:-1|1:2",1769,3,219
"-1:-1|1:1|1:2",1770,3,215
"-1:-2|-1:-1|1:0",1771,3,210
"-1:-1|1:-2|1:-1",1772,3,206
"-1:-2|-1:-1|1:-2",1773,3,188
"-1:-2|-1:-1|2:2",1774,3,167
"-1:-2|-1:-1|2:1",1775,3,216
"-1:-2|-1:-1|2:0",1776,3,211
"-1:-2|-1:-1|2:-1",1777,3,207
"-1:-2|-1:-1|2:-2",1778,3,94
"-1:-1|0:1|0:2",1779,3,302
"-1:-1|-1:0|2:0",1780,3,313
"-1:-1|0:-2|0:2",1781,3,299
"-1:-1|0:2|1:2",1782,3,182
"-1:-1|0:-2|1:1",1783,3,298
"-1:-1|0:1|2:0",1784,3,311
"-1:-1|-1:1|2:0",1785,3,314
"-1:-1|0:2|1:-2",1786,3,244
"-1:-1|0:2|2:2",1787,3,85
"-1:-1|0:2|2:1",1788,3,258
"-1:-1|0:2|2:0",1789,3,307
"-1:-1|-1:2|2:0",1790,3,278
"-1:-1|0:2|2:-2",1791,3,146
"-1:-1|-1:0|1:0",1792,3,319
"-1:-1|0:-2|0:1",1793,3,297
"-1:-1|0:1|1:2",1794,3,229
"-1:-1|-1:0|1:1",1795,3,320
"-1:-1|0:1|1:0",1796,3,323
"-1:-1|-1:1|1:0",1797,3,322
"-1:-1|0:1|1:-2",1798,3,240
"-1:-1|0:1|2:2",1799,3,132
"-1:-1|0:1|2:1",1800,3,267
"-1:-1|0:1|2:0",1801,3,311
"-1:-1|-1:2|1:0",1802,3,273
"-1:-1|0:1|2:-2",1803,3,142
"-1:-1|0:-2|0:-1",1804,3,290
"-1:-1|-1:0|2:1",1805,3,287
"-1:-1|-1:0|1:1",1806,3,320
"-1:-1|-1:0|0:1",1807,3,317
"-1:-1|-1:0|-1:1",1808,3,315
"-1:-1|0:-1|1:-2",1809,3,220
"-1:-1|-1:0|2:2",1810,3,159
"-1:-1|-1:0|1:2",1811,3,275
"-1:-1|-1:0|0:2",1812,3,309
"-1:-1|-1:0|-1:2",1813,3,265
"-1:-1|0:-1|2:-2",1814,3,125
"-1:-1|0:-2|1:2",1815,3,289
"-1:-1|0:-2|1:1",1816,3,298
"-1:-1|0:-2|1:0",1817,3,294
"-1:-1|0:-2|1:-1",1818,3,291
"-1:-1|0:-2|1:-2",1819,3,173
"-1:-1|0:-2|2:2",1820,3,163
"-1:-1|0:-2|2:1",1821,3,280
"-1:-1|0:-2|2:0",1822,3,295
"-1:-1|0:-2|2:-1",1823,3,256
"-1:-1|0:-2|2:-2",1824,3,76
"-1:-1|1:1|1:2",1825,3,215
"-1:-1|0:1|2:1",1826,3,267
"-1:-1|-1:1|2:-1",1827,3,284
"-1:-1|1:-2|1:2",1828,3,243
"-1:-1|1:2|2:2",1829,3,65
"-1:-1|1:2|2:1",1830,3,203
"-1:-1|0:2|2:1",1831,3,258
"-1:-1|-1:2|2:1",1832,3,249
"-1:-1|1:2|2:-2",1833,3,145
"-1:-1|-1:0|1:1",1834,3,320
"-1:-1|-1:1|1:-1",1835,3,321
"-1:-1|-1:2|1:1",1836,3,239
"-1:-1|1:1|2:2",1837,3,122
"-1:-1|1:1|1:2",1838,3,215
"-1:-1|0:-2|1:1",1839,3,298
"-1:-1|-1:2|1:1",1840,3,239
"-1:-1|1:1|2:-2",1841,3,141
"-1:-1|-1:0|1:-1",1842,3,318
"-1:-1|1:-2|1:0",1843,3,235
"-1:-1|0:1|2:2",1844,3,132
"-1:-1|0:1|1:2",1845,3,229
"-1:-1|0:1|0:2",1846,3,302
"-1:-1|-1:2|0:1",1847,3,227
"-1:-1|1:0|2:-2",1848,3,130
"-1:-1|1:-2|1:-1",1849,3,206
"-1:-1|-1:1|2:-2",1850,3,143
"-1:-1|-1:1|1:-2",1851,3,241
"-1:-1|-1:1|0:-2",1852,3,296
"-1:-1|-1:1|-1:2",1853,3,213
"-1:-1|1:-1|2:-2",1854,3,118
"-1:-1|1:-2|2:2",1855,3,152
"-1:-1|1:-2|2:1",1856,3,238
"-1:-1|1:-2|2:0",1857,3,234
"-1:-1|1:-2|2:-1",1858,3,199
"-1:-1|1:-2|2:-2",1859,3,56
"-1:-1|1:2|2:2",1860,3,65
"-1:-1|0:2|2:2",1861,3,85
"-1:-1|-1:2|2:2",1862,3,102
"-1:-1|2:-2|2:2",1863,3,112
"-1:-1|0:2|1:2",1864,3,182
"-1:-1|-1:2|1:2",1865,3,193
"-1:-1|2:-2|2:1",1866,3,100
"-1:-1|-1:2|0:2",1867,3,180
"-1:-1|2:-2|2:0",1868,3,83
"-1:-1|2:-2|2:-1",1869,3,63
"-1:-2|0:1|0:2",1870,3,288
"-1:-2|0:-1|0:2",1871,3,232
"-1:-2|0:-2|0:2",1872,3,185
"-1:-2|0:-2|1:2",1873,3,186
"-1:-1|0:-2|1:2",1874,3,289
"-1:-2|0:2|1:0",1875,3,277
"-1:-1|0:2|1:-2",1876,3,244
"-1:-2|0:2|1:-2",1877,3,196
"-1:-2|0:2|2:2",1878,3,90
"-1:-2|0:2|2:1",1879,3,259
"-1:-2|0:2|2:0",1880,3,282
"-1:-2|0:2|2:-1",1881,3,252
"-1:-2|0:2|2:-2",1882,3,106
"-1:-2|0:-1|0:1",1883,3,228
"-1:-2|0:-2|0:1",1884,3,181
"-1:-2|0:-1|1:2",1885,3,233
"-1:-1|-1:0|2:1",1886,3,287
"-1:-2|0:1|1:0",1887,3,274
"-1:-1|0:1|1:-2",1888,3,240
"-1:-2|0:1|1:-2",1889,3,194
"-1:-2|0:1|2:2",1890,3,136
"-1:-2|-1:0|2:1",1891,3,268
"-1:-2|0:1|2:0",1892,3,279
"-1:-2|0:1|2:-1",1893,3,250
"-1:-2|0:1|2:-2",1894,3,101
"-1:-2|0:-2|0:-1",1895,3,172
"-1:-2|0:-1|1:2",1896,3,233
"-1:-1|0:1|1:2",1897,3,229
"-1:-2|0:-1|1:0",1898,3,224
"-1:-1|0:-1|1:-2",1899,3,220
"-1:-2|0:-1|1:-2",1900,3,189
"-1:-2|0:-1|2:2",1901,3,160
"-1:-2|0:-1|2:1",1902,3,230
"-1:-2|0:-1|2:0",1903,3,225
"-1:-2|0:-1|2:-1",1904,3,221
"-1:-2|0:-1|2:-2",1905,3,93
"-1:-2|0:-2|1:2",1906,3,186
"-1:-1|0:2|1:2",1907,3,182
"-1:-2|0:-2|1:0",1908,3,177
"-1:-1|0:-2|1:-2",1909,3,173
"-1:-2|0:-2|1:-2",1910,3,169
"-1:-2|0:-2|2:2",1911,3,164
"-1:-2|0:-2|2:1",1912,3,183
"-1:-2|0:-2|2:0",1913,3,178
"-1:-2|0:-2|2:-1",1914,3,174
"-1:-2|0:-2|2:-2",1915,3,72
"-1:-2|-1:-1|1:2",1916,3,219
"-1:-2|-1:0|1:2",1917,3,271
"-1:-1|-1:2|1:-2",1918,3,245
"-1:-2|-1:2|1:-2",1919,3,195
"-1:-2|1:2|2:2",1920,3,70
"-1:-2|1:2|2:1",1921,3,204
"-1:-2|1:2|2:0",1922,3,262
"-1:-2|1:2|2:-1",1923,3,248
"-1:-2|1:2|2:-2",1924,3,105
"-1:-1|-1:0|1:2",1925,3,275
"-1:-1|-1:1|1:-2",1926,3,241
"-1:-1|-1:2|1:2",1927,3,193
"-1:-2|1:1|2:2",1928,3,123
"-1:-2|-1:-1|2:1",1929,3,216
"-1:-1|0:-2|2:1",1930,3,280
"-1:-1|1:-2|2:1",1931,3,238
"-1:-1|2:-2|2:1",1932,3,100
"-1:-1|-1:0|1:-2",1933,3,236
"-1:-2|-1:0|1:-2",1934,3,191
"-1:-2|1:0|2:2",1935,3,133
"-1:-2|0:-1|2:1",1936,3,230
"-1:-2|1:0|2:0",1937,3,272
"-1:-2|1:0|2:-1",1938,3,226
"-1:-2|1:0|2:-2",1939,3,96
"-1:-2|-1:-1|1:-2",1940,3,188
"-1:-2|1:-1|2:2",1941,3,144
"-1:-2|1:-1|2:1",1942,3,242
"-1:-2|1:-1|2:0",1943,3,237
"-1:-2|1:-1|2:-1",1944,3,212
"-1:-2|1:-1|2:-2",1945,3,92
"-1:-2|1:-2|2:2",1946,3,153
"-1:-2|1:-2|2:1",1947,3,192
"-1:-2|1:-2|2:0",1948,3,190
"-1:-2|1:-2|2:-1",1949,3,187
"-1:-2|1:-2|2:-2",1950,3,51
"-1:-2|2:1|2:2",1951,3,66
"-1:-2|2:0|2:2",1952,3,86
"-1:-2|2:-1|2:2",1953,3,103
"-1:-2|2:-2|2:2",1954,3,104
"-1:-2|0:-2|2:1",1955,3,183
"-1:-2|1:-2|2:1",1956,3,192
"-1:-2|2:-2|2:1",1957,3,99
"-1:-2|2:-1|2:0",1958,3,179
"-1:-2|2:-2|2:0",1959,3,82
"-1:-2|2:-2|2:-1",1960,3,62
"-1:0|1:0|2:0",1961,3,303
"-2:0|-1:0|2:0",1962,3,304
"-1:-2|0:-2|0:-1",1963,3,172
"-1:-1|0:-2|0:-1",1964,3,290
"-1:0|0:-2|0:-1",1965,3,301
"-1:-1|0:1|0:2",1966,3,302
"-1:-2|0:1|0:2",1967,3,288
"-2:-2|-2:0|-1:0",1968,3,75
"-2:-1|0:-2|0:-1",1969,3,253
"-2:0|-1:0|0:-2",1970,3,300
"-1:-2|1:0|2:0",1971,3,272
"-2:-2|0:1|0:2",1972,3,157
"-2:0|-1:0|2:0",1973,3,304
"-1:-2|0:-2|0:1",1974,3,181
"-1:-1|0:-2|0:1",1975,3,297
"-1:0|0:-1|0:2",1976,3,310
"-1:-1|-1:0|2:0",1977,3,313
"-1:-2|0:-1|0:2",1978,3,232
"-1:0|2:-2|2:0",1979,3,84
"-1:0|1:-2|2:0",1980,3,254
"-1:0|0:-2|2:0",1981,3,305
"-1:-2|-1:0|2:0",1982,3,264
"-2:-2|-1:0|2:0",1983,3,135
"-1:-2|0:-2|0:2",1984,3,185
"-1:-1|0:-2|0:2",1985,3,299
"-1:0|0:-2|0:2",1986,3,312
"-1:-1|0:-2|0:2",1987,3,299
"-1:-2|0:-2|0:2",1988,3,185
"-2:-2|-2:0|2:0",1989,3,89
"-2:-1|0:-2|0:2",1990,3,255
"-2:0|0:-2|0:2",1991,3,306
"-2:-1|0:-2|0:2",1992,3,255
"-2:-2|-2:0|2:0",1993,3,89
"-1:-2|-1:-1|0:-2",1994,3,171
"-1:-2|-1:0|0:-2",1995,3,176
"-1:-1|-1:2|0:2",1996,3,180
"-1:-2|-1:2|0:-2",1997,3,184
"-2:-2|-1:-2|0:-2",1998,3,50
"-2:-1|-1:-2|0:-2",1999,3,170
"-2:-1|-2:0|0:-2",2000,3,175
"-1:-2|2:-1|2:0",2001,3,179
"-2:-1|-2:0|2:-2",2002,3,150
"-1:-1|-1:0|0:-2",2003,3,293
"-1:-1|-1:1|0:-2",2004,3,296
"-1:-1|-1:2|0:-2",2005,3,286
"-2:-2|-1:-1|0:-2",2006,3,74
"-2:-1|-1:-1|0:-2",2007,3,208
"-2:0|-1:-1|0:-2",2008,3,292
"-1:-2|1:-1|2:0",2009,3,237
"-2:-2|-1:1|0:2",2010,3,140
"-1:-1|-1:0|0:2",2011,3,309
"-1:-2|-1:0|0:2",2012,3,270
"-2:-2|-1:0|0:-2",2013,3,79
"-2:-1|-1:0|0:-2",2014,3,222
"-2:0|-1:0|0:-2",2015,3,300
"-1:-2|0:-1|2:0",2016,3,225
"-2:-2|-1:0|0:2",2017,3,129
"-1:-2|-1:-1|0:2",2018,3,218
"-1:-1|2:-2|2:0",2019,3,83
"-1:-1|1:-2|2:0",2020,3,234
"-1:-1|0:-2|2:0",2021,3,295
"-1:-2|-1:-1|2:0",2022,3,211
"-2:-2|-1:-1|0:2",2023,3,121
"-2:-1|2:-2|2:0",2024,3,88
"-2:-1|-1:2|0:-2",2025,3,246
"-2:-1|0:-2|2:0",2026,3,261
"-2:-1|-1:-2|0:2",2027,3,202
"-2:-2|-1:-2|0:2",2028,3,69
"-2:-2|-2:-1|0:-2",2029,3,58
"-2:-2|-2:0|0:-2",2030,3,78
"-1:-2|2:-2|2:0",2031,3,82
"-2:-2|-2:0|2:-2",2032,3,87
"-2:-1|-2:0|0:-2",2033,3,175
"-1:-2|1:-2|2:0",2034,3,190
"-2:-1|-2:2|0:-2",2035,3,98
"-1:-2|0:-2|2:0",2036,3,178
"-2:-2|-2:0|0:2",2037,3,81
"-2:-2|-1:-2|2:0",2038,3,61
"-1:0|1:0|2:0",2039,3,303
"-1:-2|0:-1|0:1",2040,3,228
"-1:-1|-1:0|1:0",2041,3,319
"-1:0|0:-1|0:1",2042,3,324
"-1:-1|-1:0|1:0",2043,3,319
"-1:-2|0:-1|0:1",2044,3,228
"-1:0|1:0|2:-2",2045,3,131
"-1:-2|-1:0|1:0",2046,3,263
"-1:0|0:-2|1:0",2047,3,308
"-1:-2|-1:0|1:0",2048,3,263
"-1:0|1:0|2:-2",2049,3,131
"-1:-2|0:-1|0:2",2050,3,232
"-1:-1|-1:0|2:0",2051,3,313
"-1:0|0:-1|0:2",2052,3,310
"-1:-1|0:-2|0:1",2053,3,297
"-1:-2|0:-2|0:1",2054,3,181
"-2:-2|-1:0|2:0",2055,3,135
"-1:-2|-1:0|2:0",2056,3,264
"-1:0|0:-2|2:0",2057,3,305
"-1:0|1:-2|2:0",2058,3,254
"-1:0|2:-2|2:0",2059,3,84
"-1:-2|-1:-1|0:-1",2060,3,205
"-1:-2|-1:0|0:-1",2061,3,223
"-1:-1|-1:2|0:1",2062,3,227
"-1:-2|-1:2|0:-1",2063,3,231
"-2:-2|-1:-2|0:-1",2064,3,55
"-2:-1|-1:-2|-1:0",2065,3,198
"-2:-1|-1:0|0:-2",2066,3,222
"-1:-2|1:0|2:-1",2067,3,226
"-2:-1|-1:0|2:-2",2068,3,149
"-1:-1|-1:0|0:-1",2069,3,316
"-1:-1|-1:0|1:-1",2070,3,318
"-1:-1|-1:0|2:-1",2071,3,283
"-2:-2|-1:-1|-1:0",2072,3,117
"-1:-2|-1:-1|-1:0",2073,3,209
"-1:-1|-1:0|0:-2",2074,3,293
"-1:-1|-1:0|1:-2",2075,3,236
"-1:-1|-1:0|2:-2",2076,3,139
"-1:-1|-1:0|0:1",2077,3,317
"-1:-2|-1:0|0:1",2078,3,266
"-2:-2|-1:0|0:-1",2079,3,127
"-1:-2|-1:0|0:-1",2080,3,223
"-1:0|0:-2|0:-1",2081,3,301
"-1:-2|0:-1|1:0",2082,3,224
"-1:0|0:-1|2:-2",2083,3,128
"-1:-2|-1:-1|0:1",2084,3,214
"-1:-1|1:0|2:-2",2085,3,130
"-1:-1|1:-2|1:0",2086,3,235
"-1:-1|0:-2|1:0",2087,3,294
"-1:-2|-1:-1|1:0",2088,3,210
"-1:0|1:-1|2:-2",2089,3,120
"-2:-1|1:0|2:-2",2090,3,134
"-1:-2|-1:0|2:-1",2091,3,247
"-1:0|0:-2|2:-1",2092,3,257
"-1:0|1:-2|2:-1",2093,3,201
"-1:0|2:-2|2:-1",2094,3,64
"-2:-2|-1:-2|-1:0",2095,3,59
"-2:-2|-1:0|0:-2",2096,3,79
"-1:-2|1:0|2:-2",2097,3,96
"-2:-2|-1:0|2:-2",2098,3,111
"-1:-2|-1:0|0:-2",2099,3,176
"-1:-2|-1:0|1:-2",2100,3,191
"-1:-2|-1:0|2:-2",2101,3,97
"-1:-2|0:-2|1:0",2102,3,177
"-1:0|0:-2|2:-2",2103,3,80
"-1:0|1:-2|2:-2",2104,3,60
"-1:-2|0:1|0:2",2105,3,288
"-1:-1|0:1|0:2",2106,3,302
"-1:0|0:-2|0:-1",2107,3,301
"-1:-1|0:-2|0:-1",2108,3,290
"-1:-2|0:-2|0:-1",2109,3,172
"-2:-2|0:1|0:2",2110,3,157
"-1:-2|1:0|2:0",2111,3,272
"-2:0|-1:0|0:-2",2112,3,300
"-2:-1|0:-2|0:-1",2113,3,253
"-2:-2|-2:0|-1:0",2114,3,75
"-1:-2|-1:-1|0:1",2115,3,214
"-1:-2|-1:0|0:1",2116,3,266
"-1:-1|-1:0|2:-1",2117,3,283
"-1:-2|-1:2|0:-1",2118,3,231
"-1:0|2:-2|2:-1",2119,3,64
"-1:0|1:-2|2:-1",2120,3,201
"-1:0|0:-2|2:-1",2121,3,257
"-1:-2|-1:0|2:-1",2122,3,247
"-2:-1|1:0|2:-2",2123,3,134
"-1:-1|-1:0|0:1",2124,3,317
"-1:-1|-1:0|1:-1",2125,3,318
"-1:-1|-1:2|0:1",2126,3,227
"-1:0|1:-1|2:-2",2127,3,120
"-1:-2|-1:-1|1:0",2128,3,210
"-1:-1|0:-2|1:0",2129,3,294
"-1:-1|1:-2|1:0",2130,3,235
"-1:-1|1:0|2:-2",2131,3,130
"-1:-1|-1:0|0:-1",2132,3,316
"-1:-2|-1:0|0:-1",2133,3,223
"-1:0|0:-1|2:-2",2134,3,128
"-1:-2|0:-1|1:0",2135,3,224
"-1:0|0:-2|0:-1",2136,3,301
"-1:-2|-1:0|0:-1",2137,3,223
"-2:-2|-1:0|0:-1",2138,3,127
"-1:-2|-1:-1|0:-1",2139,3,205
"-1:-1|-1:0|2:-2",2140,3,139
"-1:-1|-1:0|1:-2",2141,3,236
"-1:-1|-1:0|0:-2",2142,3,293
"-1:-2|-1:-1|-1:0",2143,3,209
"-2:-2|-1:-1|-1:0",2144,3,117
"-2:-1|-1:0|2:-2",2145,3,149
"-1:-2|1:0|2:-1",2146,3,226
"-2:-1|-1:0|0:-2",2147,3,222
"-2:-1|-1:-2|-1:0",2148,3,198
"-2:-2|-1:-2|0:-1",2149,3,55
"-1:0|1:-2|2:-2",2150,3,60
"-1:0|0:-2|2:-2",2151,3,80
"-1:-2|-1:0|2:-2",2152,3,97
"-2:-2|-1:0|2:-2",2153,3,111
"-1:-2|0:-2|1:0",2154,3,177
"-1:-2|-1:0|1:-2",2155,3,191
"-1:-2|1:0|2:-2",2156,3,96
"-1:-2|-1:0|0:-2",2157,3,176
"-2:-2|-1:0|0:-2",2158,3,79
"-2:-2|-1:-2|-1:0",2159,3,59
"-1:-2|-1:-1|0:2",2160,3,218
"-1:-2|-1:0|0:2",2161,3,270
"-1:-1|-1:2|0:-2",2162,3,286
"-1:-2|-1:2|0:-2",2163,3,184
"-2:-2|-1:-2|0:2",2164,3,69
"-2:-1|-1:-2|0:2",2165,3,202
"-2:-1|0:-2|2:0",2166,3,261
"-2:-1|-1:2|0:-2",2167,3,246
"-2:-1|2:-2|2:0",2168,3,88
"-1:-1|-1:0|0:2",2169,3,309
"-1:-1|-1:1|0:-2",2170,3,296
"-1:-1|-1:2|0:2",2171,3,180
"-2:-2|-1:-1|0:2",2172,3,121
"-1:-2|-1:-1|2:0",2173,3,211
"-1:-1|0:-2|2:0",2174,3,295
"-1:-1|1:-2|2:0",2175,3,234
"-1:-1|2:-2|2:0",2176,3,83
"-1:-1|-1:0|0:-2",2177,3,293
"-1:-2|-1:0|0:-2",2178,3,176
"-2:-2|-1:0|0:2",2179,3,129
"-1:-2|0:-1|2:0",2180,3,225
"-2:0|-1:0|0:-2",2181,3,300
"-2:-1|-1:0|0:-2",2182,3,222
"-2:-2|-1:0|0:-2",2183,3,79
"-1:-2|-1:-1|0:-2",2184,3,171
"-2:-2|-1:1|0:2",2185,3,140
"-1:-2|1:-1|2:0",2186,3,237
"-2:0|-1:-1|0:-2",2187,3,292
"-2:-1|-1:-1|0:-2",2188,3,208
"-2:-2|-1:-1|0:-2",2189,3,74
"-2:-1|-2:0|2:-2",2190,3,150
"-1:-2|2:-1|2:0",2191,3,179
"-2:-1|-2:0|0:-2",2192,3,175
"-2:-1|-1:-2|0:-2",2193,3,170
"-2:-2|-1:-2|0:-2",2194,3,50
"-2:-2|-1:-2|2:0",2195,3,61
"-2:-2|-2:0|0:2",2196,3,81
"-2:-1|-2:2|0:-2",2197,3,98
"-2:-2|-2:0|2:-2",2198,3,87
"-1:-2|0:-2|2:0",2199,3,178
"-1:-2|1:-2|2:0",2200,3,190
"-1:-2|2:-2|2:0",2201,3,82
"-2:-1|-2:0|0:-2",2202,3,175
"-2:-2|-2:0|0:-2",2203,3,78
"-2:-2|-2:-1|0:-2",2204,3,58
"-1:-2|-1:-1|-1:0",2205,3,209
"-1:-1|-1:1|-1:2",2206,3,213
"-1:-2|-1:-1|-1:2",2207,3,217
"-2:-2|-1:-2|-1:-1",2208,3,54
"-2:-1|-1:-2|-1:-1",2209,3,197
"-2:-1|-1:-1|0:-2",2210,3,208
"-1:-2|1:-1|2:-1",2211,3,212
"-2:-1|-1:-1|2:-2",2212,3,138
"-1:-1|-1:0|-1:2",2213,3,265
"-1:-2|-1:0|-1:2",2214,3,269
"-2:-2|-1:-2|-1:0",2215,3,59
"-2:-1|-1:-2|-1:0",2216,3,198
"-2:-1|0:-2|0:-1",2217,3,253
"-1:-2|0:-1|2:-1",2218,3,221
"-2:-1|0:-1|2:-2",2219,3,126
"-1:-2|-1:-1|-1:2",2220,3,217
"-1:-1|2:-2|2:-1",2221,3,63
"-1:-1|1:-2|2:-1",2222,3,199
"-1:-1|0:-2|2:-1",2223,3,256
"-1:-2|-1:-1|2:-1",2224,3,207
"-2:-1|1:-1|2:-2",2225,3,119
"-2:-1|2:-2|2:-1",2226,3,68
"-2:-1|-1:-2|-1:2",2227,3,200
"-2:-1|0:-2|2:-1",2228,3,260
"-2:-1|-1:-2|-1:2",2229,3,200
"-2:-1|2:-2|2:-1",2230,3,68
"-2:-2|-2:-1|-1:-2",2231,3,53
"-2:-2|-2:-1|0:-2",2232,3,58
"-1:-2|2:-2|2:-1",2233,3,62
"-2:-2|-2:-1|2:-2",2234,3,67
"-2:-1|-1:-2|0:-2",2235,3,170
"-1:-2|1:-2|2:-1",2236,3,187
"-2:-1|-1:-2|2:-2",2237,3,95
"-1:-2|0:-2|2:-1",2238,3,174
"-2:-1|0:-2|2:-2",2239,3,77
"-2:-1|1:-2|2:-2",2240,3,57
"-1:-1|-1:0|-1:1",2241,3,315
"-1:-1|-1:0|-1:2",2242,3,265
"-2:-2|-1:-1|-1:0",2243,3,117
"-1:-2|-1:-1|0:-1",2244,3,205
"-1:-1|0:-2|0:-1",2245,3,290
"-1:-1|0:-1|1:-2",2246,3,220
"-1:-1|0:-1|2:-2",2247,3,125
"-1:-1|-1:1|-1:2",2248,3,213
"-1:-1|1:-1|2:-2",2249,3,118
"-1:-1|1:-2|1:-1",2250,3,206
"-1:-1|0:-2|1:-1",2251,3,291
"-1:-1|1:-2|1:-1",2252,3,206
"-1:-1|1:-1|2:-2",2253,3,118
"-2:-1|1:-1|2:-2",2254,3,119
"-1:-2|-1:-1|2:-1",2255,3,207
"-1:-1|0:-2|2:-1",2256,3,256
"-1:-1|1:-2|2:-1",2257,3,199
"-1:-1|2:-2|2:-1",2258,3,63
"-2:-2|-1:-2|-1:-1",2259,3,54
"-2:-2|-1:-1|0:-2",2260,3,74
"-1:-2|1:-1|2:-2",2261,3,92
"-2:-2|-1:-1|2:-2",2262,3,109
"-1:-2|-1:-1|0:-2",2263,3,171
"-1:-2|-1:-1|1:-2",2264,3,188
"-1:-2|-1:-1|2:-2",2265,3,94
"-1:-1|0:-2|1:-2",2266,3,173
"-1:-1|0:-2|2:-2",2267,3,76
"-1:-1|1:-2|2:-2",2268,3,56
"-1:-2|-1:-1|-1:0",2269,3,209
"-1:-1|0:-1|2:-2",2270,3,125
"-1:-1|0:-1|1:-2",2271,3,220
"-1:-1|0:-2|0:-1",2272,3,290
"-1:-2|-1:-1|0:-1",2273,3,205
"-2:-2|-1:-1|-1:0",2274,3,117
"-2:-1|0:-1|2:-2",2275,3,126
"-1:-2|0:-1|2:-1",2276,3,221
"-2:-1|0:-2|0:-1",2277,3,253
"-2:-1|-1:-2|-1:0",2278,3,198
"-2:-2|-1:-2|-1:0",2279,3,59
"-2:-2|-1:-2|0:-1",2280,3,55
"-2:-2|-2:0|-1:0",2281,3,75
"-1:-2|0:-1|2:-2",2282,3,93
"-2:-2|-2:2|-1:0",2283,3,110
"-1:-2|0:-2|0:-1",2284,3,172
"-1:-2|0:-1|1:-2",2285,3,189
"-1:-2|0:-1|2:-2",2286,3,93
"-1:-2|0:-2|0:-1",2287,3,172
"-2:-2|-2:0|-1:0",2288,3,75
"-2:-2|-1:-2|0:-1",2289,3,55
"-2:-1|-1:-1|2:-2",2290,3,138
"-1:-2|1:-1|2:-1",2291,3,212
"-2:-1|-1:-1|0:-2",2292,3,208
"-2:-1|-1:-2|-1:-1",2293,3,197
"-2:-2|-1:-2|-1:-1",2294,3,54
"-1:-1|1:-2|2:-2",2295,3,56
"-1:-1|0:-2|2:-2",2296,3,76
"-1:-2|-1:-1|2:-2",2297,3,94
"-2:-2|-1:-1|2:-2",2298,3,109
"-1:-1|0:-2|1:-2",2299,3,173
"-1:-2|-1:-1|1:-2",2300,3,188
"-1:-2|1:-1|2:-2",2301,3,92
"-1:-2|-1:-1|0:-2",2302,3,171
"-2:-2|-1:-1|0:-2",2303,3,74
"-2:-2|-1:-2|-1:-1",2304,3,54
"-2:-1|1:-2|2:-2",2305,3,57
"-2:-1|0:-2|2:-2",2306,3,77
"-2:-1|-1:-2|2:-2",2307,3,95
"-2:-2|-2:-1|2:-2",2308,3,67
"-1:-2|0:-2|2:-1",2309,3,174
"-1:-2|1:-2|2:-1",2310,3,187
"-1:-2|2:-2|2:-1",2311,3,62
"-2:-1|-1:-2|0:-2",2312,3,170
"-2:-2|-2:-1|0:-2",2313,3,58
"-2:-2|-2:-1|-1:-2",2314,3,53
"-2:-2|-1:-2|0:-2",2315,3,50
"-1:-2|1:-2|2:-2",2316,3,51
"-2:-2|-1:-2|2:-2",2317,3,52
"-1:-2|0:-2|2:-2",2318,3,72
"-2:-2|-2:0|-2:2",2319,3,73
"-2:-2|-1:-2|2:-2",2320,3,52
"-1:-2|0:-2|1:-2",2321,3,169
"-1:-2|0:-2|2:-2",2322,3,72
"-1:-2|1:-2|2:-2",2323,3,51
"-2:-2|-1:-2|0:-2",2324,3,50
"-1:-2|0:-2|1:-2|2:-2",2325,4,325
"-2:-2|-1:-2|0:-2|2:-2",2326,4,326
"-2:-2|-2:-1|-1:-2|0:-2",2327,4,327
"-2:-2|-1:-2|-1:-1|0:-2",2328,4,328
"-2:-2|-1:-2|0:-2|0:-1",2329,4,329
"-1:-1|0:-2|1:-2|2:-2",2330,4,330
"-2:-1|0:-2|1:-2|2:-2",2331,4,331
"-2:-2|-2:-1|-2:0|0:-2",2332,4,332
"-2:-2|-1:-2|-1:0|0:-2",2333,4,333
"-1:0|0:-2|1:-2|2:-2",2334,4,334
"-2:-2|-1:-2|0:-2|2:0",2335,4,335
"-1:-2|2:-2|2:-1|2:0",2336,4,336
"-1:-1|2:-2|2:-1|2:0",2337,4,337
"-1:0|2:-2|2:-1|2:0",2338,4,338
"-1:-1|0:2|1:2|2:2",2339,4,339
"-1:-2|2:0|2:1|2:2",2340,4,340
"-2:-2|-2:-1|-2:0|2:-2",2341,4,341
"-2:-1|2:-2|2:-1|2:0",2342,4,342
"-2:-2|-1:-2|0:-2|0:2",2343,4,343
"-1:-2|0:2|1:2|2:2",2344,4,344
"-2:-2|-1:-2|0:-2|2:2",2345,4,345
"-2:-2|-1:-2|1:-2|2:-2",2346,4,346
"-1:-2|1:-2|2:-2|2:-1",2347,4,347
"-1:-2|1:-2|1:-1|2:-2",2348,4,348
"-1:-2|0:-1|1:-2|2:-2",2349,4,349
"-1:-2|-1:-1|1:-2|2:-2",2350,4,350
"-2:-1|-1:-2|1:-2|2:-2",2351,4,351
"-1:-2|1:-2|2:-2|2:0",2352,4,352
"-1:-2|1:-2|1:0|2:-2",2353,4,353
"-1:-2|-1:0|1:-2|2:-2",2354,4,354
"-2:-1|-2:1|-2:2|0:-2",2355,4,355
"-1:-2|1:-2|2:-2|2:1",2356,4,356
"-1:-1|2:-2|2:-1|2:1",2357,4,357
"-1:-2|0:1|1:-2|2:-2",2358,4,358
"-1:-1|-1:2|1:2|2:2",2359,4,359
"-1:-2|2:-1|2:1|2:2",2360,4,360
"-1:-2|1:-2|2:-2|2:2",2361,4,361
"-1:-2|1:-2|1:2|2:-2",2362,4,362
"-1:-2|0:2|1:-2|2:-2",2363,4,363
"-1:-2|-1:2|1:-2|2:-2",2364,4,364
"-2:-1|-2:1|-2:2|2:-2",2365,4,365
"-2:-2|-2:-1|-1:-2|2:-2",2366,4,366
"-2:-2|-1:-2|-1:-1|2:-2",2367,4,367
"-2:-2|-1:-2|0:-1|2:-2",2368,4,368
"-2:-2|-1:-1|1:-2|2:-2",2369,4,369
"-2:-2|-1:-2|2:-2|2:-1",2370,4,370
"-2:-2|-2:-1|-2:2|0:-2",2371,4,371
"-2:-2|-1:-2|-1:0|2:-2",2372,4,372
"-2:-2|-1:-2|1:0|2:-2",2373,4,373
"-2:-2|-1:-2|2:-2|2:0",2374,4,374
"-1:-2|2:-2|2:-1|2:2",2375,4,375
"-1:-1|2:-2|2:-1|2:2",2376,4,376
"-1:0|2:-2|2:-1|2:2",2377,4,377
"-1:-1|2:-2|2:1|2:2",2378,4,378
"-1:-2|2:-2|2:1|2:2",2379,4,379
"-2:-2|-2:-1|-2:2|2:-2",2380,4,380
"-2:-1|2:-2|2:-1|2:2",2381,4,381
"-2:-2|-1:-2|0:2|2:-2",2382,4,382
"-2:-1|2:-2|2:1|2:2",2383,4,383
"-2:-2|-1:-2|2:-2|2:2",2384,4,384
"-2:-2|-2:-1|-1:-2|-1:-1",2385,4,385
"-2:-2|-2:-1|-1:-2|-1:0",2386,4,386
"-1:-1|1:-2|2:-2|2:-1",2387,4,387
"-2:-1|1:-2|2:-2|2:-1",2388,4,388
"-2:-2|-2:-1|-1:-2|0:-2",2389,4,327
"-2:-2|-2:-1|-1:-2|-1:0",2390,4,386
"-1:0|1:-2|2:-2|2:-1",2391,4,389
"-2:-2|-2:-1|-1:-2|0:2",2392,4,390
"-1:-2|1:-2|2:-2|2:-1",2393,4,347
"-1:-1|1:-2|2:-2|2:-1",2394,4,387
"-1:0|1:-2|2:-2|2:-1",2395,4,389
"-1:-1|1:2|2:1|2:2",2396,4,391
"-1:-2|1:2|2:1|2:2",2397,4,392
"-2:-2|-2:-1|-1:-2|2:-2",2398,4,366
"-2:-1|1:-2|2:-2|2:-1",2399,4,388
"-2:-2|-2:-1|-1:-2|0:2",2400,4,390
"-1:-2|1:2|2:1|2:2",2401,4,392
"-2:-2|-2:-1|-1:-2|2:2",2402,4,393
"-2:-2|-1:-2|-1:-1|0:-1",2403,4,394
"-1:-1|1:-2|1:-1|2:-2",2404,4,395
"-2:-1|1:-2|1:-1|2:-2",2405,4,396
"-2:-2|-2:-1|-1:-1|0:-2",2406,4,397
"-2:-2|-1:-2|-1:-1|-1:0",2407,4,398
"-1:0|1:-2|1:-1|2:-2",2408,4,399
"-2:-2|-1:-2|-1:-1|2:0",2409,4,400
"-1:-2|1:-1|2:-2|2:-1",2410,4,401
"-1:-1|1:-1|2:-2|2:-1",2411,4,402
"-1:0|1:-1|2:-2|2:-1",2412,4,403
"-1:-1|1:1|1:2|2:2",2413,4,404
"-1:-2|1:1|2:1|2:2",2414,4,405
"-2:-2|-2:-1|-1:-1|2:-2",2415,4,406
"-2:-1|1:-1|2:-2|2:-1",2416,4,407
"-2:-2|-1:-2|-1:-1|0:2",2417,4,408
"-1:-2|1:1|1:2|2:2",2418,4,409
"-2:-2|-1:-2|-1:-1|2:2",2419,4,410
"-1:-1|0:-1|1:-2|2:-2",2420,4,411
"-2:-1|0:-1|1:-2|2:-2",2421,4,412
"-2:-2|-2:-1|-1:0|0:-2",2422,4,413
"-2:-2|-1:-2|-1:0|0:-1",2423,4,414
"-1:0|0:-1|1:-2|2:-2",2424,4,415
"-2:-2|-1:-2|0:-1|2:0",2425,4,416
"-1:-2|1:0|2:-2|2:-1",2426,4,417
"-1:-1|1:0|2:-2|2:-1",2427,4,418
"-1:0|1:0|2:-2|2:-1",2428,4,419
"-1:-1|0:1|1:2|2:2",2429,4,420
"-1:-2|1:0|2:1|2:2",2430,4,421
"-2:-2|-2:-1|-1:0|2:-2",2431,4,422
"-2:-1|1:0|2:-2|2:-1",2432,4,423
"-2:-2|-1:-2|0:-1|0:2",2433,4,424
"-1:-2|0:1|1:2|2:2",2434,4,425
"-2:-2|-1:-2|0:-1|2:2",2435,4,426
"-2:-1|-1:-1|1:-2|2:-2",2436,4,427
"-1:-1|1:-2|2:-2|2:0",2437,4,428
"-1:-1|1:-2|1:0|2:-2",2438,4,429
"-1:-1|-1:0|1:-2|2:-2",2439,4,430
"-2:-2|-1:-2|1:-1|2:0",2440,4,431
"-1:-1|1:-2|2:-2|2:1",2441,4,432
"-1:-1|1:-2|1:1|2:-2",2442,4,433
"-1:-1|0:1|1:-2|2:-2",2443,4,434
"-1:-1|-1:1|1:-2|2:-2",2444,4,435
"-1:-2|1:-1|2:1|2:2",2445,4,436
"-1:-1|1:-2|2:-2|2:2",2446,4,437
"-1:-1|1:-2|1:2|2:-2",2447,4,438
"-1:-1|0:2|1:-2|2:-2",2448,4,439
"-1:-1|-1:2|1:-2|2:-2",2449,4,440
"-2:-2|-1:-2|1:-1|2:2",2450,4,441
"-2:-1|1:-2|2:-2|2:0",2451,4,442
"-2:-1|1:-2|1:0|2:-2",2452,4,443
"-2:-1|-1:0|1:-2|2:-2",2453,4,444
"-2:-1|-2:0|1:-2|2:-2",2454,4,445
"-1:-2|1:2|2:-2|2:-1",2455,4,446
"-1:-1|1:2|2:-2|2:-1",2456,4,447
"-1:0|1:-2|2:1|2:2",2457,4,448
"-1:-1|1:-2|2:1|2:2",2458,4,449
"-1:-2|1:-2|2:1|2:2",2459,4,450
"-2:-1|1:-2|2:-2|2:2",2460,4,451
"-2:-1|1:-2|1:2|2:-2",2461,4,452
"-2:-1|0:2|1:-2|2:-2",2462,4,453
"-2:-1|-1:2|1:-2|2:-2",2463,4,454
"-2:-1|-2:2|1:-2|2:-2",2464,4,455
"-2:-2|-2:-1|0:-2|0:-1",2465,4,456
"-1:0|1:-2|2:-2|2:0",2466,4,457
"-2:-2|-2:-1|0:-2|0:2",2467,4,458
"-1:-2|0:-2|2:-2|2:-1",2468,4,459
"-1:-1|0:-2|2:-2|2:-1",2469,4,460
"-1:0|0:-2|2:-2|2:-1",2470,4,461
"-1:-1|0:2|2:1|2:2",2471,4,462
"-1:-2|0:2|2:1|2:2",2472,4,463
"-2:-2|-2:-1|0:-2|2:-2",2473,4,464
"-2:-1|0:-2|2:-2|2:-1",2474,4,465
"-2:-2|-2:-1|0:-2|2:0",2475,4,466
"-1:-2|1:2|2:0|2:2",2476,4,467
"-2:-2|-2:-1|0:-2|2:2",2477,4,468
"-1:0|1:-2|1:0|2:-2",2478,4,469
"-2:-2|-1:-2|-1:0|2:0",2479,4,470
"-1:-2|0:-1|2:-2|2:-1",2480,4,471
"-1:-1|0:-1|2:-2|2:-1",2481,4,472
"-1:0|0:-1|2:-2|2:-1",2482,4,473
"-1:-1|0:1|2:1|2:2",2483,4,474
"-1:-2|0:1|2:1|2:2",2484,4,475
"-2:-2|-2:-1|0:-1|2:-2",2485,4,476
"-2:-1|0:-1|2:-2|2:-1",2486,4,477
"-2:-2|-1:-2|-1:0|0:2",2487,4,478
"-1:-2|1:0|1:2|2:2",2488,4,479
"-2:-2|-1:-2|-1:0|2:2",2489,4,480
"-2:-2|-1:-2|1:0|2:0",2490,4,481
"-1:-2|0:1|2:-2|2:-1",2491,4,482
"-1:-1|0:1|2:-2|2:-1",2492,4,483
"-1:0|0:-1|1:2|2:2",2493,4,484
"-1:-1|-1:0|1:2|2:2",2494,4,485
"-1:-2|0:-1|2:1|2:2",2495,4,486
"-1:0|1:-2|2:-2|2:2",2496,4,487
"-1:0|1:-2|1:2|2:-2",2497,4,488
"-1:0|0:-2|1:2|2:2",2498,4,489
"-1:-2|-1:0|1:2|2:2",2499,4,490
"-2:-2|-1:-2|1:0|2:2",2500,4,491
"-1:-2|0:2|2:-2|2:-1",2501,4,492
"-1:-1|0:2|2:-2|2:-1",2502,4,493
"-1:0|0:-2|2:1|2:2",2503,4,494
"-1:-1|0:-2|2:1|2:2",2504,4,495
"-1:-2|0:-2|2:1|2:2",2505,4,496
"-2:-2|-2:-1|0:2|2:-2",2506,4,497
"-2:-1|0:2|2:-2|2:-1",2507,4,498
"-2:-2|-1:-2|0:2|2:0",2508,4,499
"-2:-1|0:-2|2:1|2:2",2509,4,500
"-2:-2|-1:-2|2:0|2:2",2510,4,501
"-1:-2|-1:-1|2:-2|2:-1",2511,4,502
"-1:-2|-1:0|2:-2|2:-1",2512,4,503
"-1:-1|-1:2|2:1|2:2",2513,4,504
"-1:-2|-1:2|2:-2|2:-1",2514,4,505
"-2:-2|-1:-2|2:-2|2:-1",2515,4,370
"-2:-1|-1:-2|2:-2|2:-1",2516,4,506
"-2:-1|-2:2|-1:2|0:-2",2517,4,507
"-1:-2|1:2|2:-1|2:2",2518,4,508
"-2:-1|-2:2|-1:2|2:-2",2519,4,509
"-1:-1|-1:0|2:-2|2:-1",2520,4,510
"-1:-1|-1:1|2:-2|2:-1",2521,4,511
"-1:-1|-1:2|2:-2|2:-1",2522,4,512
"-2:-2|-1:-1|2:-2|2:-1",2523,4,513
"-2:-1|-1:-1|2:-2|2:-1",2524,4,514
"-2:-2|-1:-2|-1:1|0:2",2525,4,515
"-1:-2|1:-1|1:2|2:2",2526,4,516
"-2:-2|-1:-2|-1:1|2:2",2527,4,517
"-1:-1|-1:0|2:1|2:2",2528,4,518
"-1:-2|-1:0|2:1|2:2",2529,4,519
"-2:-2|-1:0|2:-2|2:-1",2530,4,520
"-2:-1|-1:0|2:-2|2:-1",2531,4,521
"-2:-2|-1:-2|0:1|0:2",2532,4,522
"-1:-2|0:-1|1:2|2:2",2533,4,523
"-2:-2|-1:-2|0:1|2:2",2534,4,524
"-1:-2|-1:-1|2:1|2:2",2535,4,525
"-1:-1|1:2|2:-2|2:2",2536,4,526
"-1:-1|1:-2|1:2|2:2",2537,4,527
"-1:-1|0:-2|1:2|2:2",2538,4,528
"-1:-2|-1:-1|1:2|2:2",2539,4,529
"-2:-2|-1:-1|1:2|2:2",2540,4,530
"-2:-1|1:2|2:-2|2:2",2541,4,531
"-2:-1|-1:2|2:-2|2:-1",2542,4,532
"-2:-1|0:-2|1:2|2:2",2543,4,533
"-2:-1|-1:-2|1:2|2:2",2544,4,534
"-2:-2|-1:-2|2:1|2:2",2545,4,535
"-2:-2|-2:-1|2:-2|2:-1",2546,4,536
"-2:-2|-2:-1|2:-2|2:0",2547,4,537
"-1:-2|1:2|2:-2|2:2",2548,4,538
"-2:-2|-2:-1|2:-2|2:2",2549,4,539
"-2:-1|-2:0|2:-2|2:-1",2550,4,540
"-1:-2|1:-2|1:2|2:2",2551,4,541
"-2:-1|-2:2|2:-2|2:-1",2552,4,542
"-1:-2|0:-2|1:2|2:2",2553,4,543
"-2:-2|-1:-2|0:2|2:2",2554,4,544
"-2:-2|-1:-2|1:2|2:2",2555,4,545
"-2:-2|-1:-2|0:-2|2:-2",2556,4,326
"-1:-2|0:-2|2:-2|2:-1",2557,4,459
"-1:-2|0:-2|1:-1|2:-2",2558,4,546
"-1:-2|0:-2|0:-1|2:-2",2559,4,547
"-1:-2|-1:-1|0:-2|2:-2",2560,4,548
"-2:-1|-1:-2|0:-2|2:-2",2561,4,549
"-1:-2|0:-2|2:-2|2:0",2562,4,550
"-1:-2|0:-2|1:0|2:-2",2563,4,551
"-1:-2|-1:0|0:-2|2:-2",2564,4,552
"-2:-1|-2:0|-2:2|0:-2",2565,4,553
"-1:-2|0:-2|2:-2|2:1",2566,4,554
"-1:-1|2:-2|2:0|2:1",2567,4,555
"-1:-2|0:-2|0:1|2:-2",2568,4,556
"-1:-1|-1:2|0:2|2:2",2569,4,557
"-1:-2|2:-1|2:0|2:2",2570,4,558
"-1:-2|0:-2|2:-2|2:2",2571,4,559
"-1:-2|0:-2|1:2|2:-2",2572,4,560
"-1:-2|0:-2|0:2|2:-2",2573,4,561
"-1:-2|-1:2|0:-2|2:-2",2574,4,562
"-2:-1|-2:0|-2:2|2:-2",2575,4,563
"-2:-2|-2:-1|0:-2|2:-2",2576,4,464
"-2:-2|-1:-1|0:-2|2:-2",2577,4,564
"-2:-2|-2:0|-2:2|-1:0",2578,4,565
"-2:-2|-1:-1|0:-2|2:-2",2579,4,564
"-2:-2|-2:-1|0:-2|2:-2",2580,4,464
"-2:-2|-2:0|-2:2|0:-2",2581,4,566
"-2:-2|-1:0|0:-2|2:-2",2582,4,567
"-2:-2|-1:0|0:-2|2:-2",2583,4,567
"-2:-2|-2:0|-2:2|0:-2",2584,4,566
"-1:-2|2:-2|2:0|2:2",2585,4,568
"-1:-1|2:-2|2:0|2:2",2586,4,569
"-1:0|2:-2|2:0|2:2",2587,4,570
"-1:-1|2:-2|2:0|2:2",2588,4,569
"-1:-2|2:-2|2:0|2:2",2589,4,568
"-2:-2|-2:0|-2:2|2:-2",2590,4,571
"-2:-1|2:-2|2:0|2:2",2591,4,572
"-2:-2|-2:0|-2:2|2:0",2592,4,573
"-2:-1|2:-2|2:0|2:2",2593,4,572
"-2:-2|-2:0|-2:2|2:-2",2594,4,571
"-2:-2|-2:-1|-1:-1|0:-2",2595,4,397
"-2:-2|-2:-1|0:-2|0:-1",2596,4,456
"-1:-1|0:-2|2:-2|2:-1",2597,4,460
"-2:-1|0:-2|2:-2|2:-1",2598,4,465
"-2:-2|-2:-1|-2:0|0:-2",2599,4,332
"-2:-2|-2:-1|-1:0|0:-2",2600,4,413
"-1:0|0:-2|2:-2|2:-1",2601,4,461
"-2:-2|-2:-1|0:-2|2:0",2602,4,466
"-1:-2|1:-2|2:-2|2:0",2603,4,352
"-1:-1|1:-2|2:-2|2:0",2604,4,428
"-1:0|1:-2|2:-2|2:0",2605,4,457
"-1:-1|0:2|2:1|2:2",2606,4,462
"-1:-2|1:2|2:0|2:2",2607,4,467
"-2:-2|-2:-1|-2:2|0:-2",2608,4,371
"-2:-1|1:-2|2:-2|2:0",2609,4,442
"-2:-2|-2:-1|0:-2|0:2",2610,4,458
"-1:-2|0:2|2:1|2:2",2611,4,463
"-2:-2|-2:-1|0:-2|2:2",2612,4,468
"-2:-2|-1:-1|0:-2|0:-1",2613,4,574
"-1:-1|0:-2|1:-1|2:-2",2614,4,575
"-2:-1|0:-2|1:-1|2:-2",2615,4,576
"-2:-2|-2:0|-1:-1|0:-2",2616,4,577
"-2:-2|-1:-1|-1:0|0:-2",2617,4,578
"-1:0|0:-2|1:-1|2:-2",2618,4,579
"-2:-2|-1:-1|0:-2|2:0",2619,4,580
"-1:-2|1:-1|2:-2|2:0",2620,4,581
"-1:-1|1:-1|2:-2|2:0",2621,4,582
"-1:0|1:-1|2:-2|2:0",2622,4,583
"-1:-1|0:2|1:1|2:2",2623,4,584
"-1:-2|1:1|2:0|2:2",2624,4,585
"-2:-2|-2:0|-1:-1|2:-2",2625,4,586
"-2:-1|1:-1|2:-2|2:0",2626,4,587
"-2:-2|-1:-1|0:-2|0:2",2627,4,588
"-1:-2|0:2|1:1|2:2",2628,4,589
"-2:-2|-1:-1|0:-2|2:2",2629,4,590
"-1:-1|0:-2|0:-1|2:-2",2630,4,591
"-2:-1|0:-2|0:-1|2:-2",2631,4,592
"-2:-2|-2:0|-1:0|0:-2",2632,4,593
"-2:-2|-1:0|0:-2|0:-1",2633,4,594
"-1:0|0:-2|0:-1|2:-2",2634,4,595
"-2:-2|-2:0|-1:0|0:2",2635,4,596
"-1:-2|1:0|2:-2|2:0",2636,4,597
"-1:-1|1:0|2:-2|2:0",2637,4,598
"-1:0|1:0|2:-2|2:0",2638,4,599
"-1:-1|0:1|0:2|2:2",2639,4,600
"-1:-2|1:0|2:0|2:2",2640,4,601
"-2:-2|-2:0|-1:0|2:-2",2641,4,602
"-2:-1|1:0|2:-2|2:0",2642,4,603
"-2:-2|-2:0|-1:0|2:0",2643,4,604
"-1:-2|0:1|0:2|2:2",2644,4,605
"-2:-2|-2:0|-1:0|2:2",2645,4,606
"-2:-1|-1:-1|0:-2|2:-2",2646,4,607
"-1:-1|0:-2|2:-2|2:0",2647,4,608
"-1:-1|0:-2|1:0|2:-2",2648,4,609
"-1:-1|-1:0|0:-2|2:-2",2649,4,610
"-2:-2|-2:0|-1:1|0:2",2650,4,611
"-1:-1|0:-2|2:-2|2:1",2651,4,612
"-1:-1|0:-2|1:1|2:-2",2652,4,613
"-1:-1|0:-2|0:1|2:-2",2653,4,614
"-1:-1|-1:1|0:-2|2:-2",2654,4,615
"-1:-2|1:-1|2:0|2:2",2655,4,616
"-1:-1|0:-2|2:-2|2:2",2656,4,617
"-1:-1|0:-2|1:2|2:-2",2657,4,618
"-1:-1|0:-2|0:2|2:-2",2658,4,619
"-1:-1|-1:2|0:-2|2:-2",2659,4,620
"-2:-2|-1:1|0:2|2:2",2660,4,621
"-2:-1|0:-2|2:-2|2:0",2661,4,622
"-2:-1|0:-2|1:0|2:-2",2662,4,623
"-2:-1|-1:0|0:-2|2:-2",2663,4,624
"-2:-1|-2:0|0:-2|2:-2",2664,4,625
"-1:-2|1:2|2:-2|2:0",2665,4,626
"-1:-1|1:2|2:-2|2:0",2666,4,627
"-1:0|1:-2|2:0|2:2",2667,4,628
"-1:-1|1:-2|2:0|2:2",2668,4,629
"-1:-2|1:-2|2:0|2:2",2669,4,630
"-2:-1|0:-2|2:-2|2:2",2670,4,631
"-2:-1|0:-2|1:2|2:-2",2671,4,632
"-2:-1|0:-2|0:2|2:-2",2672,4,633
"-2:-1|-1:2|0:-2|2:-2",2673,4,634
"-2:-1|-2:2|0:-2|2:-2",2674,4,635
"-2:-2|-2:0|-1:0|0:-2",2675,4,593
"-1:0|0:-2|2:-2|2:0",2676,4,636
"-2:-2|-2:0|0:-2|0:2",2677,4,637
"-1:-2|0:-2|2:-2|2:0",2678,4,550
"-1:-1|0:-2|2:-2|2:0",2679,4,608
"-1:0|0:-2|2:-2|2:0",2680,4,636
"-1:-1|0:2|2:0|2:2",2681,4,638
"-1:-2|0:2|2:0|2:2",2682,4,639
"-2:-2|-2:0|-2:2|0:-2",2683,4,566
"-2:-1|0:-2|2:-2|2:0",2684,4,622
"-2:-2|-2:0|0:-2|0:2",2685,4,637
"-1:-2|0:2|2:0|2:2",2686,4,639
"-2:-2|-2:0|0:-2|2:2",2687,4,640
"-1:0|0:-2|1:0|2:-2",2688,4,641
"-2:-2|-1:0|0:-2|2:0",2689,4,642
"-1:-2|0:-1|2:-2|2:0",2690,4,643
"-1:-1|0:-1|2:-2|2:0",2691,4,644
"-1:0|0:-1|2:-2|2:0",2692,4,645
"-1:-1|0:1|2:0|2:2",2693,4,646
"-1:-2|0:1|2:0|2:2",2694,4,647
"-2:-2|-2:0|0:-1|2:-2",2695,4,648
"-2:-1|0:-1|2:-2|2:0",2696,4,649
"-2:-2|-1:0|0:-2|0:2",2697,4,650
"-1:-2|0:2|1:0|2:2",2698,4,651
"-2:-2|-1:0|0:-2|2:2",2699,4,652
"-2:-2|-2:0|0:1|0:2",2700,4,653
"-1:-2|0:1|2:-2|2:0",2701,4,654
"-1:-1|0:1|2:-2|2:0",2702,4,655
"-1:0|0:-1|0:2|2:2",2703,4,656
"-1:-1|-1:0|0:2|2:2",2704,4,657
"-1:-2|0:-1|2:0|2:2",2705,4,658
"-1:0|0:-2|2:-2|2:2",2706,4,659
"-1:0|0:-2|1:2|2:-2",2707,4,660
"-1:0|0:-2|0:2|2:-2",2708,4,661
"-1:-2|-1:0|0:2|2:2",2709,4,662
"-2:-2|-1:0|0:2|2:2",2710,4,663
"-1:-2|0:2|2:-2|2:0",2711,4,664
"-1:-1|0:2|2:-2|2:0",2712,4,665
"-1:0|0:-2|2:0|2:2",2713,4,666
"-1:-1|0:-2|2:0|2:2",2714,4,667
"-1:-2|0:-2|2:0|2:2",2715,4,668
"-2:-2|-2:0|0:2|2:-2",2716,4,669
"-2:-1|0:2|2:-2|2:0",2717,4,670
"-2:-2|-2:0|0:2|2:0",2718,4,671
"-2:-1|0:-2|2:0|2:2",2719,4,672
"-2:-2|-2:0|0:2|2:2",2720,4,673
"-1:-2|-1:-1|2:-2|2:0",2721,4,674
"-1:-2|-1:0|2:-2|2:0",2722,4,675
"-1:-1|-1:2|2:0|2:2",2723,4,676
"-1:-2|-1:2|2:-2|2:0",2724,4,677
"-2:-2|-1:-2|2:-2|2:0",2725,4,374
"-2:-1|-1:-2|2:-2|2:0",2726,4,678
"-2:-1|-2:2|0:-2|0:2",2727,4,679
"-1:-2|0:2|2:-1|2:2",2728,4,680
"-2:-1|-2:2|0:2|2:-2",2729,4,681
"-1:-1|-1:0|2:-2|2:0",2730,4,682
"-1:-1|-1:1|2:-2|2:0",2731,4,683
"-1:-1|-1:2|2:-2|2:0",2732,4,684
"-2:-2|-1:-1|2:-2|2:0",2733,4,685
"-2:-1|-1:-1|2:-2|2:0",2734,4,686
"-2:-2|-1:1|0:-2|0:2",2735,4,687
"-1:-2|0:2|1:-1|2:2",2736,4,688
"-2:-2|-1:1|0:-2|2:2",2737,4,689
"-1:-1|-1:0|2:0|2:2",2738,4,690
"-1:-2|-1:0|2:0|2:2",2739,4,691
"-2:-2|-1:0|2:-2|2:0",2740,4,692
"-2:-1|-1:0|2:-2|2:0",2741,4,693
"-2:-2|-2:0|1:0|2:0",2742,4,694
"-1:-2|0:-1|0:2|2:2",2743,4,695
"-2:-2|-1:0|2:0|2:2",2744,4,696
"-1:-2|-1:-1|2:0|2:2",2745,4,697
"-1:-1|0:2|2:-2|2:2",2746,4,698
"-1:-1|0:2|1:-2|2:2",2747,4,699
"-1:-1|0:-2|0:2|2:2",2748,4,700
"-1:-2|-1:-1|0:2|2:2",2749,4,701
"-2:-2|-1:-1|0:2|2:2",2750,4,702
"-2:-1|0:2|2:-2|2:2",2751,4,703
"-2:-1|-1:2|2:-2|2:0",2752,4,704
"-2:-1|0:-2|0:2|2:2",2753,4,705
"-2:-1|-1:-2|0:2|2:2",2754,4,706
"-2:-2|-1:-2|2:0|2:2",2755,4,501
"-2:-2|-2:-1|2:-2|2:0",2756,4,537
"-2:-2|-2:0|2:-2|2:0",2757,4,707
"-1:-2|0:2|2:-2|2:2",2758,4,708
"-2:-2|-2:0|2:-2|2:2",2759,4,709
"-2:-1|-2:0|2:-2|2:0",2760,4,710
"-1:-2|0:2|1:-2|2:2",2761,4,711
"-2:-1|-2:2|2:-2|2:0",2762,4,712
"-1:-2|0:-2|0:2|2:2",2763,4,713
"-2:-2|-2:0|2:0|2:2",2764,4,714
"-2:-2|-1:-2|0:2|2:2",2765,4,544
"-2:-2|-1:-2|2:-2|2:-1",2766,4,370
"-2:-2|-1:-1|1:-2|2:-2",2767,4,369
"-2:-2|-1:-2|0:-1|2:-2",2768,4,368
"-2:-2|-1:-2|-1:-1|2:-2",2769,4,367
"-2:-2|-2:-1|-1:-2|2:-2",2770,4,366
"-2:-2|-1:-2|2:-2|2:0",2771,4,374
"-2:-2|-1:-2|1:0|2:-2",2772,4,373
"-2:-2|-1:-2|-1:0|2:-2",2773,4,372
"-2:-2|-2:-1|-2:2|0:-2",2774,4,371
"-1:-2|2:-2|2:1|2:2",2775,4,379
"-1:-1|2:-2|2:1|2:2",2776,4,378
"-1:0|2:-2|2:-1|2:2",2777,4,377
"-1:-1|2:-2|2:-1|2:2",2778,4,376
"-1:-2|2:-2|2:-1|2:2",2779,4,375
"-2:-2|-1:-2|2:-2|2:2",2780,4,384
"-2:-1|2:-2|2:1|2:2",2781,4,383
"-2:-2|-1:-2|0:2|2:-2",2782,4,382
"-2:-1|2:-2|2:-1|2:2",2783,4,381
"-2:-2|-2:-1|-2:2|2:-2",2784,4,380
"-1:-2|1:-1|2:-2|2:-1",2785,4,401
"-1:-2|0:-1|2:-2|2:-1",2786,4,471
"-1:-2|-1:-1|2:-2|2:-1",2787,4,502
"-2:-1|-1:-2|2:-2|2:-1",2788,4,506
"-1:-2|2:-2|2:-1|2:0",2789,4,336
"-1:-2|1:0|2:-2|2:-1",2790,4,417
"-1:-2|-1:0|2:-2|2:-1",2791,4,503
"-2:-1|-2:2|-1:2|0:-2",2792,4,507
"-1:-2|1:-2|2:-2|2:1",2793,4,356
"-1:-1|1:-2|2:-2|2:1",2794,4,432
"-1:-2|0:1|2:-2|2:-1",2795,4,482
"-1:-1|-1:2|2:1|2:2",2796,4,504
"-1:-2|1:2|2:-1|2:2",2797,4,508
"-1:-2|2:-2|2:-1|2:2",2798,4,375
"-1:-2|1:2|2:-2|2:-1",2799,4,446
"-1:-2|0:2|2:-2|2:-1",2800,4,492
"-1:-2|-1:2|2:-2|2:-1",2801,4,505
"-2:-1|-2:2|-1:2|2:-2",2802,4,509
"-1:-2|0:-1|1:-1|2:-2",2803,4,715
"-1:-2|-1:-1|1:-1|2:-2",2804,4,716
"-2:-1|-1:-2|1:-1|2:-2",2805,4,717
"-1:-2|1:-1|2:-2|2:0",2806,4,581
"-1:-2|1:-1|1:0|2:-2",2807,4,718
"-1:-2|-1:0|1:-1|2:-2",2808,4,719
"-2:-1|-2:2|-1:1|0:-2",2809,4,720
"-1:-2|1:-1|2:-2|2:1",2810,4,721
"-1:-1|1:-1|2:-2|2:1",2811,4,722
"-1:-2|0:1|1:-1|2:-2",2812,4,723
"-1:-1|-1:2|1:1|2:2",2813,4,724
"-1:-2|1:1|2:-1|2:2",2814,4,725
"-1:-2|1:-1|2:-2|2:2",2815,4,726
"-1:-2|1:-1|1:2|2:-2",2816,4,727
"-1:-2|0:2|1:-1|2:-2",2817,4,728
"-1:-2|-1:2|1:-1|2:-2",2818,4,729
"-2:-1|-2:2|-1:1|2:-2",2819,4,730
"-1:-2|-1:-1|0:-1|2:-2",2820,4,731
"-2:-1|-1:-2|0:-1|2:-2",2821,4,732
"-1:-2|0:-1|2:-2|2:0",2822,4,643
"-1:-2|0:-1|1:0|2:-2",2823,4,733
"-1:-2|-1:0|0:-1|2:-2",2824,4,734
"-2:-1|-2:2|-1:0|0:-2",2825,4,735
"-1:-2|0:-1|2:-2|2:1",2826,4,736
"-1:-1|1:0|2:-2|2:1",2827,4,737
"-1:-2|0:-1|0:1|2:-2",2828,4,738
"-1:-1|-1:2|0:1|2:2",2829,4,739
"-1:-2|1:0|2:-1|2:2",2830,4,740
"-1:-2|0:-1|2:-2|2:2",2831,4,741
"-1:-2|0:-1|1:2|2:-2",2832,4,742
"-1:-2|0:-1|0:2|2:-2",2833,4,743
"-1:-2|-1:2|0:-1|2:-2",2834,4,744
"-2:-1|-2:2|-1:0|2:-2",2835,4,745
"-2:-1|-1:-2|-1:-1|2:-2",2836,4,746
"-1:-2|-1:-1|2:-2|2:0",2837,4,674
"-1:-2|-1:-1|1:0|2:-2",2838,4,747
"-1:-2|-1:-1|-1:0|2:-2",2839,4,748
"-2:-1|-2:2|-1:-1|0:-2",2840,4,749
"-1:-2|-1:-1|2:-2|2:1",2841,4,750
"-1:-1|1:1|2:-2|2:1",2842,4,751
"-1:-2|-1:-1|0:1|2:-2",2843,4,752
"-1:-1|-1:1|-1:2|2:2",2844,4,753
"-1:-2|1:-1|2:-1|2:2",2845,4,754
"-1:-2|-1:-1|2:-2|2:2",2846,4,755
"-1:-2|-1:-1|1:2|2:-2",2847,4,756
"-1:-2|-1:-1|0:2|2:-2",2848,4,757
"-1:-2|-1:-1|-1:2|2:-2",2849,4,758
"-2:-1|-2:2|-1:-1|2:-2",2850,4,759
"-2:-1|-1:-2|2:-2|2:0",2851,4,678
"-2:-1|-1:-2|1:0|2:-2",2852,4,760
"-2:-1|-1:-2|-1:0|2:-2",2853,4,761
"-2:-1|-2:0|-1:-2|2:-2",2854,4,762
"-1:-2|1:2|2:-2|2:1",2855,4,763
"-1:-1|1:2|2:-2|2:1",2856,4,764
"-1:0|1:-2|2:-1|2:2",2857,4,765
"-1:-1|1:-2|2:-1|2:2",2858,4,766
"-1:-2|1:-2|2:-1|2:2",2859,4,767
"-2:-1|-1:-2|2:-2|2:2",2860,4,768
"-2:-1|-1:-2|1:2|2:-2",2861,4,769
"-2:-1|-1:-2|0:2|2:-2",2862,4,770
"-2:-1|-1:-2|-1:2|2:-2",2863,4,771
"-2:-1|-2:2|-1:-2|2:-2",2864,4,772
"-1:-2|1:0|2:-2|2:0",2865,4,597
"-1:-2|-1:0|2:-2|2:0",2866,4,675
"-2:-1|-2:2|0:-2|0:2",2867,4,679
"-1:-2|0:-2|2:-2|2:1",2868,4,554
"-1:-1|0:-2|2:-2|2:1",2869,4,612
"-1:-2|0:1|2:-2|2:0",2870,4,654
"-1:-1|-1:2|2:0|2:2",2871,4,676
"-1:-2|0:2|2:-1|2:2",2872,4,680
"-1:-2|2:-2|2:0|2:2",2873,4,568
"-1:-2|1:2|2:-2|2:0",2874,4,626
"-1:-2|0:2|2:-2|2:0",2875,4,664
"-1:-2|-1:2|2:-2|2:0",2876,4,677
"-2:-1|-2:2|0:2|2:-2",2877,4,681
"-1:-2|-1:0|1:0|2:-2",2878,4,773
"-2:-1|-2:2|0:-2|0:1",2879,4,774
"-1:-2|0:-1|2:-2|2:1",2880,4,736
"-1:-1|0:-1|2:-2|2:1",2881,4,775
"-1:-2|0:1|1:0|2:-2",2882,4,776
"-1:-1|-1:2|1:0|2:2",2883,4,777
"-1:-2|0:1|2:-1|2:2",2884,4,778
"-1:-2|1:0|2:-2|2:2",2885,4,779
"-1:-2|1:0|1:2|2:-2",2886,4,780
"-1:-2|0:2|1:0|2:-2",2887,4,781
"-1:-2|-1:2|1:0|2:-2",2888,4,782
"-2:-1|-2:2|0:1|2:-2",2889,4,783
"-2:-1|-2:2|0:-2|0:-1",2890,4,784
"-1:-2|-1:0|2:-2|2:1",2891,4,785
"-1:-1|0:1|2:-2|2:1",2892,4,786
"-1:-2|-1:0|0:1|2:-2",2893,4,787
"-1:-1|-1:0|-1:2|2:2",2894,4,788
"-1:-2|0:-1|2:-1|2:2",2895,4,789
"-1:-2|-1:0|2:-2|2:2",2896,4,790
"-1:-2|-1:0|1:2|2:-2",2897,4,791
"-1:-2|-1:0|0:2|2:-2",2898,4,792
"-1:-2|-1:0|-1:2|2:-2",2899,4,793
"-2:-1|-2:2|0:-1|2:-2",2900,4,794
"-1:-2|0:2|2:-2|2:1",2901,4,795
"-1:-1|0:2|2:-2|2:1",2902,4,796
"-1:0|0:-2|2:-1|2:2",2903,4,797
"-1:-1|0:-2|2:-1|2:2",2904,4,798
"-1:-2|0:-2|2:-1|2:2",2905,4,799
"-2:-1|-2:2|0:-2|2:2",2906,4,800
"-2:-1|-2:2|0:-2|2:1",2907,4,801
"-2:-1|-2:2|0:-2|2:0",2908,4,802
"-2:-1|-2:2|0:-2|2:-1",2909,4,803
"-2:-1|-2:2|0:-2|2:-2",2910,4,635
"-1:-2|-1:-1|2:-2|2:1",2911,4,750
"-1:-2|-1:0|2:-2|2:1",2912,4,785
"-1:-1|-1:2|2:-1|2:2",2913,4,804
"-1:-2|-1:2|2:-1|2:2",2914,4,805
"-1:-2|2:-2|2:1|2:2",2915,4,379
"-1:-2|1:2|2:-2|2:1",2916,4,763
"-1:-2|0:2|2:-2|2:1",2917,4,795
"-1:-2|-1:2|2:-1|2:2",2918,4,805
"-2:-1|-2:2|1:2|2:-2",2919,4,806
"-1:-1|-1:0|2:-2|2:1",2920,4,807
"-1:-1|-1:1|2:-1|2:2",2921,4,808
"-1:-1|-1:2|2:-2|2:1",2922,4,809
"-1:-2|1:1|2:-2|2:2",2923,4,810
"-1:-2|1:1|1:2|2:-2",2924,4,811
"-1:-2|0:2|1:1|2:-2",2925,4,812
"-1:-2|-1:2|1:-1|2:2",2926,4,813
"-2:-1|-2:2|1:1|2:-2",2927,4,814
"-1:-1|-1:0|2:-1|2:2",2928,4,815
"-1:-2|-1:0|2:-1|2:2",2929,4,816
"-1:-2|0:1|2:-2|2:2",2930,4,817
"-1:-2|0:1|1:2|2:-2",2931,4,818
"-1:-2|0:1|0:2|2:-2",2932,4,819
"-1:-2|-1:2|0:-1|2:2",2933,4,820
"-2:-1|-2:2|1:0|2:-2",2934,4,821
"-1:-2|-1:-1|2:-1|2:2",2935,4,822
"-1:-1|-1:2|2:-2|2:2",2936,4,823
"-1:-1|-1:2|1:-2|2:2",2937,4,824
"-1:-1|-1:2|0:-2|2:2",2938,4,825
"-1:-2|-1:-1|-1:2|2:2",2939,4,826
"-2:-1|-2:2|1:-1|2:-2",2940,4,827
"-2:-1|-1:2|2:-2|2:2",2941,4,828
"-2:-1|-1:2|1:-2|2:2",2942,4,829
"-2:-1|-1:2|0:-2|2:2",2943,4,830
"-2:-1|-1:-2|-1:2|2:2",2944,4,831
"-2:-1|-2:2|1:-2|2:-2",2945,4,455
"-1:-2|1:2|2:-2|2:2",2946,4,538
"-1:-2|0:2|2:-2|2:2",2947,4,708
"-1:-2|-1:2|2:-2|2:2",2948,4,832
"-2:-1|-2:2|2:-2|2:2",2949,4,833
"-1:-2|0:2|1:2|2:-2",2950,4,834
"-1:-2|-1:2|1:-2|2:2",2951,4,835
"-2:-1|-2:2|2:-2|2:1",2952,4,836
"-1:-2|-1:2|0:-2|2:2",2953,4,837
"-2:-1|-2:2|2:-2|2:0",2954,4,712
"-2:-1|-2:2|2:-2|2:-1",2955,4,542
"-2:-2|-2:-1|-1:-1|2:-2",2956,4,406
"-2:-2|-2:-1|0:-1|2:-2",2957,4,476
"-2:-2|-1:-1|2:-2|2:-1",2958,4,513
"-2:-2|-2:-1|2:-2|2:-1",2959,4,536
"-2:-2|-2:-1|-2:0|2:-2",2960,4,341
"-2:-2|-2:-1|-1:0|2:-2",2961,4,422
"-2:-2|-1:0|2:-2|2:-1",2962,4,520
"-2:-2|-2:-1|2:-2|2:0",2963,4,537
"-1:-2|1:-2|2:-2|2:2",2964,4,361
"-1:-1|1:-2|2:-2|2:2",2965,4,437
"-1:0|1:-2|2:-2|2:2",2966,4,487
"-1:-1|1:2|2:-2|2:2",2967,4,526
"-1:-2|1:2|2:-2|2:2",2968,4,538
"-2:-2|-2:-1|-2:2|2:-2",2969,4,380
"-2:-1|1:-2|2:-2|2:2",2970,4,451
"-2:-2|-2:-1|0:2|2:-2",2971,4,497
"-2:-1|1:2|2:-2|2:2",2972,4,531
"-2:-2|-2:-1|2:-2|2:2",2973,4,539
"-2:-2|-1:-1|0:-1|2:-2",2974,4,838
"-2:-2|-1:-1|1:-1|2:-2",2975,4,839
"-2:-2|-1:-1|2:-2|2:-1",2976,4,513
"-2:-2|-2:0|-1:-1|2:-2",2977,4,586
"-2:-2|-1:-1|-1:0|2:-2",2978,4,840
"-2:-2|-1:-1|1:0|2:-2",2979,4,841
"-2:-2|-1:-1|2:-2|2:0",2980,4,685
"-1:-2|1:-1|2:-2|2:2",2981,4,726
"-1:-1|1:-1|2:-2|2:2",2982,4,842
"-1:0|1:-1|2:-2|2:2",2983,4,843
"-1:-1|1:1|2:-2|2:2",2984,4,844
"-1:-2|1:1|2:-2|2:2",2985,4,810
"-2:-2|-2:2|-1:-1|2:-2",2986,4,845
"-2:-1|1:-1|2:-2|2:2",2987,4,846
"-2:-2|-1:-1|0:2|2:-2",2988,4,847
"-2:-1|1:1|2:-2|2:2",2989,4,848
"-2:-2|-1:-1|2:-2|2:2",2990,4,849
"-2:-2|-1:-1|0:-1|2:-2",2991,4,838
"-2:-2|-2:-1|0:-1|2:-2",2992,4,476
"-2:-2|-2:0|0:-1|2:-2",2993,4,648
"-2:-2|-1:0|0:-1|2:-2",2994,4,850
"-2:-2|-1:0|0:-1|2:-2",2995,4,850
"-2:-2|-2:0|0:-1|2:-2",2996,4,648
"-1:-2|1:0|2:-2|2:2",2997,4,779
"-1:-1|1:0|2:-2|2:2",2998,4,851
"-1:0|1:0|2:-2|2:2",2999,4,852
"-1:-1|1:0|2:-2|2:2",3000,4,851
"-1:-2|1:0|2:-2|2:2",3001,4,779
"-2:-2|-2:2|-1:0|2:-2",3002,4,853
"-2:-1|1:0|2:-2|2:2",3003,4,854
"-2:-2|-2:2|-1:0|2:0",3004,4,855
"-2:-1|1:0|2:-2|2:2",3005,4,854
"-2:-2|-2:2|-1:0|2:-2",3006,4,853
"-2:-2|-2:-1|-1:-1|2:-2",3007,4,406
"-2:-2|-1:-1|2:-2|2:0",3008,4,685
"-2:-2|-1:-1|1:0|2:-2",3009,4,841
"-2:-2|-1:-1|-1:0|2:-2",3010,4,840
"-2:-2|-2:0|-1:-1|2:-2",3011,4,586
"-1:-2|1:1|2:-2|2:2",3012,4,810
"-1:-1|1:1|2:-2|2:2",3013,4,844
"-1:0|1:-1|2:-2|2:2",3014,4,843
"-1:-1|1:-1|2:-2|2:2",3015,4,842
"-1:-2|1:-1|2:-2|2:2",3016,4,726
"-2:-2|-1:-1|2:-2|2:2",3017,4,849
"-2:-1|1:1|2:-2|2:2",3018,4,848
"-2:-2|-1:-1|0:2|2:-2",3019,4,847
"-2:-1|1:-1|2:-2|2:2",3020,4,846
"-2:-2|-2:2|-1:-1|2:-2",3021,4,845
"-2:-2|-2:-1|2:-2|2:0",3022,4,537
"-2:-2|-1:0|2:-2|2:-1",3023,4,520
"-2:-2|-2:-1|-1:0|2:-2",3024,4,422
"-2:-2|-2:-1|-2:0|2:-2",3025,4,341
"-1:-2|1:2|2:-2|2:2",3026,4,538
"-1:-1|1:2|2:-2|2:2",3027,4,526
"-1:0|1:-2|2:-2|2:2",3028,4,487
"-1:-1|1:-2|2:-2|2:2",3029,4,437
"-1:-2|1:-2|2:-2|2:2",3030,4,361
"-2:-2|-2:-1|2:-2|2:2",3031,4,539
"-2:-1|1:2|2:-2|2:2",3032,4,531
"-2:-2|-2:-1|0:2|2:-2",3033,4,497
"-2:-1|1:-2|2:-2|2:2",3034,4,451
"-2:-2|-2:-1|-2:2|2:-2",3035,4,380
"-2:-2|-2:0|-1:0|2:-2",3036,4,602
"-2:-2|-1:0|2:-2|2:0",3037,4,692
"-2:-2|-2:0|2:-2|2:0",3038,4,707
"-1:-2|0:-2|2:-2|2:2",3039,4,559
"-1:-1|0:-2|2:-2|2:2",3040,4,617
"-1:0|0:-2|2:-2|2:2",3041,4,659
"-1:-1|0:2|2:-2|2:2",3042,4,698
"-1:-2|0:2|2:-2|2:2",3043,4,708
"-2:-2|-2:0|-2:2|2:-2",3044,4,571
"-2:-1|0:-2|2:-2|2:2",3045,4,631
"-2:-2|-2:0|0:2|2:-2",3046,4,669
"-2:-1|0:2|2:-2|2:2",3047,4,703
"-2:-2|-2:0|2:-2|2:2",3048,4,709
"-2:-2|-1:0|1:0|2:-2",3049,4,856
"-2:-2|-1:0|2:-2|2:0",3050,4,692
"-1:-2|0:-1|2:-2|2:2",3051,4,741
"-1:-1|0:-1|2:-2|2:2",3052,4,857
"-1:0|0:-1|2:-2|2:2",3053,4,858
"-1:-1|0:1|2:-2|2:2",3054,4,859
"-1:-2|0:1|2:-2|2:2",3055,4,817
"-2:-2|-2:2|-1:0|2:-2",3056,4,853
"-2:-1|0:-1|2:-2|2:2",3057,4,860
"-2:-2|-1:0|0:2|2:-2",3058,4,861
"-2:-1|0:1|2:-2|2:2",3059,4,862
"-2:-2|-1:0|2:-2|2:2",3060,4,863
"-2:-2|-2:0|-1:0|2:-2",3061,4,602
"-1:-2|0:1|2:-2|2:2",3062,4,817
"-1:-1|0:1|2:-2|2:2",3063,4,859
"-1:0|0:-1|2:-2|2:2",3064,4,858
"-1:-1|0:-1|2:-2|2:2",3065,4,857
"-1:-2|0:-1|2:-2|2:2",3066,4,741
"-2:-2|-1:0|2:-2|2:2",3067,4,863
"-2:-1|0:1|2:-2|2:2",3068,4,862
"-2:-2|-1:0|0:2|2:-2",3069,4,861
"-2:-1|0:-1|2:-2|2:2",3070,4,860
"-2:-2|-2:2|-1:0|2:-2",3071,4,853
"-1:-2|0:2|2:-2|2:2",3072,4,708
"-1:-1|0:2|2:-2|2:2",3073,4,698
"-1:0|0:-2|2:-2|2:2",3074,4,659
"-1:-1|0:-2|2:-2|2:2",3075,4,617
"-1:-2|0:-2|2:-2|2:2",3076,4,559
"-2:-2|-2:0|2:-2|2:2",3077,4,709
"-2:-1|0:2|2:-2|2:2",3078,4,703
"-2:-2|-2:0|0:2|2:-2",3079,4,669
"-2:-1|0:-2|2:-2|2:2",3080,4,631
"-2:-2|-2:0|-2:2|2:-2",3081,4,571
"-1:-2|-1:-1|2:-2|2:2",3082,4,755
"-1:-2|-1:0|2:-2|2:2",3083,4,790
"-1:-1|-1:2|2:-2|2:2",3084,4,823
"-1:-2|-1:2|2:-2|2:2",3085,4,832
"-2:-2|-1:-2|2:-2|2:2",3086,4,384
"-2:-1|-1:-2|2:-2|2:2",3087,4,768
"-2:-1|-2:2|0:-2|2:2",3088,4,800
"-2:-1|-1:2|2:-2|2:2",3089,4,828
"-2:-1|-2:2|2:-2|2:2",3090,4,833
"-1:-1|-1:0|2:-2|2:2",3091,4,864
"-1:-1|-1:1|2:-2|2:2",3092,4,865
"-1:-1|-1:2|2:-2|2:2",3093,4,823
"-2:-2|-1:-1|2:-2|2:2",3094,4,849
"-2:-1|-1:-1|2:-2|2:2",3095,4,866
"-2:-2|-1:1|0:2|2:-2",3096,4,867
"-2:-1|-1:1|2:-2|2:2",3097,4,868
"-2:-2|-1:1|2:-2|2:2",3098,4,869
"-1:-1|-1:0|2:-2|2:2",3099,4,864
"-1:-2|-1:0|2:-2|2:2",3100,4,790
"-2:-2|-1:0|2:-2|2:2",3101,4,863
"-2:-1|-1:0|2:-2|2:2",3102,4,870
"-2:-2|-2:2|1:0|2:0",3103,4,871
"-2:-1|-1:0|2:-2|2:2",3104,4,870
"-2:-2|-1:0|2:-2|2:2",3105,4,863
"-1:-2|-1:-1|2:-2|2:2",3106,4,755
"-2:-2|-1:1|2:-2|2:2",3107,4,869
"-2:-1|-1:1|2:-2|2:2",3108,4,868
"-2:-2|-1:1|0:2|2:-2",3109,4,867
"-2:-1|-1:-1|2:-2|2:2",3110,4,866
"-2:-2|-1:-1|2:-2|2:2",3111,4,849
"-2:-1|-2:2|2:-2|2:2",3112,4,833
"-2:-1|-1:2|2:-2|2:2",3113,4,828
"-2:-1|-2:2|0:-2|2:2",3114,4,800
"-2:-1|-1:-2|2:-2|2:2",3115,4,768
"-2:-2|-1:-2|2:-2|2:2",3116,4,384
"-2:-2|-2:-1|2:-2|2:2",3117,4,539
"-2:-2|-2:0|2:-2|2:2",3118,4,709
"-2:-1|-2:2|2:-2|2:2",3119,4,833
"-2:-2|-2:2|2:-2|2:2",3120,4,872
"-2:-1|-2:0|2:-2|2:2",3121,4,873
"-2:-1|-2:1|2:-2|2:2",3122,4,874
"-2:-1|-2:2|2:-2|2:2",3123,4,833
"-2:-1|-2:0|2:-2|2:2",3124,4,873
"-2:-2|-2:0|2:-2|2:2",3125,4,709
"-2:-2|-2:-1|2:-2|2:2",3126,4,539
"-2:-2|-1:-2|-1:-1|-1:0",3127,4,398
"-1:-1|1:-1|2:-2|2:-1",3128,4,402
"-2:-1|1:-1|2:-2|2:-1",3129,4,407
"-2:-2|-1:-2|-1:-1|0:-2",3130,4,328
"-2:-2|-1:-2|-1:-1|0:-1",3131,4,394
"-1:0|1:-1|2:-2|2:-1",3132,4,403
"-2:-2|-1:-2|-1:-1|0:2",3133,4,408
"-1:-2|1:-2|1:-1|2:-2",3134,4,348
"-1:-1|1:-2|1:-1|2:-2",3135,4,395
"-1:0|1:-2|1:-1|2:-2",3136,4,399
"-1:-1|1:1|1:2|2:2",3137,4,404
"-1:-2|1:1|1:2|2:2",3138,4,409
"-2:-2|-1:-2|-1:-1|2:-2",3139,4,367
"-2:-1|1:-2|1:-1|2:-2",3140,4,396
"-2:-2|-1:-2|-1:-1|2:0",3141,4,400
"-1:-2|1:1|2:1|2:2",3142,4,405
"-2:-2|-1:-2|-1:-1|2:2",3143,4,410
"-1:-1|0:-1|2:-2|2:-1",3144,4,472
"-2:-1|0:-1|2:-2|2:-1",3145,4,477
"-2:-2|-1:-2|-1:0|0:-2",3146,4,333
"-2:-2|-1:-2|-1:0|0:-1",3147,4,414
"-1:0|0:-1|2:-2|2:-1",3148,4,473
"-2:-2|-1:-2|-1:0|0:2",3149,4,478
"-1:-2|1:-2|1:0|2:-2",3150,4,353
"-1:-1|1:-2|1:0|2:-2",3151,4,429
"-1:0|1:-2|1:0|2:-2",3152,4,469
"-1:-1|0:1|2:1|2:2",3153,4,474
"-1:-2|1:0|1:2|2:2",3154,4,479
"-2:-2|-1:-2|-1:0|2:-2",3155,4,372
"-2:-1|1:-2|1:0|2:-2",3156,4,443
"-2:-2|-1:-2|-1:0|2:0",3157,4,470
"-1:-2|0:1|2:1|2:2",3158,4,475
"-2:-2|-1:-2|-1:0|2:2",3159,4,480
"-2:-1|-1:-1|2:-2|2:-1",3160,4,514
"-1:-1|2:-2|2:-1|2:0",3161,4,337
"-1:-1|1:0|2:-2|2:-1",3162,4,418
"-1:-1|-1:0|2:-2|2:-1",3163,4,510
"-2:-2|-1:-2|-1:1|0:2",3164,4,515
"-1:-1|2:-2|2:-1|2:1",3165,4,357
"-1:-1|1:-2|1:1|2:-2",3166,4,433
"-1:-1|0:1|2:-2|2:-1",3167,4,483
"-1:-1|-1:1|2:-2|2:-1",3168,4,511
"-1:-2|1:-1|1:2|2:2",3169,4,516
"-1:-1|2:-2|2:-1|2:2",3170,4,376
"-1:-1|1:2|2:-2|2:-1",3171,4,447
"-1:-1|0:2|2:-2|2:-1",3172,4,493
"-1:-1|-1:2|2:-2|2:-1",3173,4,512
"-2:-2|-1:-2|-1:1|2:2",3174,4,517
"-2:-1|2:-2|2:-1|2:0",3175,4,342
"-2:-1|1:0|2:-2|2:-1",3176,4,423
"-2:-1|-1:0|2:-2|2:-1",3177,4,521
"-2:-1|-2:0|2:-2|2:-1",3178,4,540
"-1:-2|1:-2|1:2|2:-2",3179,4,362
"-1:-1|1:-2|1:2|2:-2",3180,4,438
"-1:0|1:-2|1:2|2:-2",3181,4,488
"-1:-1|1:-2|1:2|2:2",3182,4,527
"-1:-2|1:-2|1:2|2:2",3183,4,541
"-2:-1|2:-2|2:-1|2:2",3184,4,381
"-2:-1|1:-2|1:2|2:-2",3185,4,452
"-2:-1|0:2|2:-2|2:-1",3186,4,498
"-2:-1|-1:2|2:-2|2:-1",3187,4,532
"-2:-1|-2:2|2:-2|2:-1",3188,4,542
"-2:-2|-1:-2|0:-2|0:-1",3189,4,329
"-1:0|2:-2|2:-1|2:0",3190,4,338
"-2:-2|-1:-2|0:-2|0:2",3191,4,343
"-1:-2|0:-2|1:-2|2:-2",3192,4,325
"-1:-1|0:-2|1:-2|2:-2",3193,4,330
"-1:0|0:-2|1:-2|2:-2",3194,4,334
"-1:-1|0:2|1:2|2:2",3195,4,339
"-1:-2|0:2|1:2|2:2",3196,4,344
"-2:-2|-1:-2|0:-2|2:-2",3197,4,326
"-2:-1|0:-2|1:-2|2:-2",3198,4,331
"-2:-2|-1:-2|0:-2|2:0",3199,4,335
"-1:-2|2:0|2:1|2:2",3200,4,340
"-2:-2|-1:-2|0:-2|2:2",3201,4,345
"-1:0|1:0|2:-2|2:-1",3202,4,419
"-2:-2|-1:-2|0:-1|0:2",3203,4,424
"-1:-2|0:-1|1:-2|2:-2",3204,4,349
"-1:-1|0:-1|1:-2|2:-2",3205,4,411
"-1:0|0:-1|1:-2|2:-2",3206,4,415
"-1:-1|0:1|1:2|2:2",3207,4,420
"-1:-2|0:1|1:2|2:2",3208,4,425
"-2:-2|-1:-2|0:-1|2:-2",3209,4,368
"-2:-1|0:-1|1:-2|2:-2",3210,4,412
"-2:-2|-1:-2|0:-1|2:0",3211,4,416
"-1:-2|1:0|2:1|2:2",3212,4,421
"-2:-2|-1:-2|0:-1|2:2",3213,4,426
"-2:-2|-1:-2|0:1|0:2",3214,4,522
"-1:-2|0:1|1:-2|2:-2",3215,4,358
"-1:-1|0:1|1:-2|2:-2",3216,4,434
"-1:0|0:-1|1:2|2:2",3217,4,484
"-1:-1|-1:0|2:1|2:2",3218,4,518
"-1:-2|0:-1|1:2|2:2",3219,4,523
"-1:0|2:-2|2:-1|2:2",3220,4,377
"-1:0|1:-2|2:1|2:2",3221,4,448
"-1:0|0:-2|2:1|2:2",3222,4,494
"-1:-2|-1:0|2:1|2:2",3223,4,519
"-2:-2|-1:-2|0:1|2:2",3224,4,524
"-1:-2|0:2|1:-2|2:-2",3225,4,363
"-1:-1|0:2|1:-2|2:-2",3226,4,439
"-1:0|0:-2|1:2|2:2",3227,4,489
"-1:-1|0:-2|1:2|2:2",3228,4,528
"-1:-2|0:-2|1:2|2:2",3229,4,543
"-2:-2|-1:-2|0:2|2:-2",3230,4,382
"-2:-1|0:2|1:-2|2:-2",3231,4,453
"-2:-2|-1:-2|0:2|2:0",3232,4,499
"-2:-1|0:-2|1:2|2:2",3233,4,533
"-2:-2|-1:-2|0:2|2:2",3234,4,544
"-1:-2|-1:-1|1:-2|2:-2",3235,4,350
"-1:-2|-1:0|1:-2|2:-2",3236,4,354
"-1:-1|-1:2|1:2|2:2",3237,4,359
"-1:-2|-1:2|1:-2|2:-2",3238,4,364
"-2:-2|-1:-2|1:-2|2:-2",3239,4,346
"-2:-1|-1:-2|1:-2|2:-2",3240,4,351
"-2:-1|-2:1|-2:2|0:-2",3241,4,355
"-1:-2|2:-1|2:1|2:2",3242,4,360
"-2:-1|-2:1|-2:2|2:-2",3243,4,365
"-1:-1|-1:0|1:-2|2:-2",3244,4,430
"-1:-1|-1:1|1:-2|2:-2",3245,4,435
"-1:-1|-1:2|1:-2|2:-2",3246,4,440
"-2:-2|-1:-1|1:-2|2:-2",3247,4,369
"-2:-1|-1:-1|1:-2|2:-2",3248,4,427
"-2:-2|-1:-2|1:-1|2:0",3249,4,431
"-1:-2|1:-1|2:1|2:2",3250,4,436
"-2:-2|-1:-2|1:-1|2:2",3251,4,441
"-1:-1|-1:0|1:2|2:2",3252,4,485
"-1:-2|-1:0|1:2|2:2",3253,4,490
"-2:-2|-1:-2|1:0|2:-2",3254,4,373
"-2:-1|-1:0|1:-2|2:-2",3255,4,444
"-2:-2|-1:-2|1:0|2:0",3256,4,481
"-1:-2|0:-1|2:1|2:2",3257,4,486
"-2:-2|-1:-2|1:0|2:2",3258,4,491
"-1:-2|-1:-1|1:2|2:2",3259,4,529
"-1:-1|2:-2|2:1|2:2",3260,4,378
"-1:-1|1:-2|2:1|2:2",3261,4,449
"-1:-1|0:-2|2:1|2:2",3262,4,495
"-1:-2|-1:-1|2:1|2:2",3263,4,525
"-2:-2|-1:-1|1:2|2:2",3264,4,530
"-2:-1|2:-2|2:1|2:2",3265,4,383
"-2:-1|-1:2|1:-2|2:-2",3266,4,454
"-2:-1|0:-2|2:1|2:2",3267,4,500
"-2:-1|-1:-2|1:2|2:2",3268,4,534
"-2:-2|-1:-2|1:2|2:2",3269,4,545
"-2:-2|-1:-2|2:-2|2:-1",3270,4,370
"-2:-2|-1:-2|2:-2|2:0",3271,4,374
"-1:-2|2:-2|2:1|2:2",3272,4,379
"-2:-2|-1:-2|2:-2|2:2",3273,4,384
"-2:-1|-2:0|1:-2|2:-2",3274,4,445
"-1:-2|1:-2|2:1|2:2",3275,4,450
"-2:-1|-2:2|1:-2|2:-2",3276,4,455
"-1:-2|0:-2|2:1|2:2",3277,4,496
"-2:-2|-1:-2|2:0|2:2",3278,4,501
"-2:-2|-1:-2|2:1|2:2",3279,4,535
"-1:-1|0:-1|1:-1|2:-2",3280,4,875
"-2:-1|0:-1|1:-1|2:-2",3281,4,876
"-2:-2|-1:-1|-1:0|0:-2",3282,4,578
"-2:-2|-1:-1|-1:0|0:-1",3283,4,877
"-1:0|0:-1|1:-1|2:-2",3284,4,878
"-2:-2|-1:-1|-1:0|0:2",3285,4,879
"-1:-2|1:-1|1:0|2:-2",3286,4,718
"-1:-1|1:-1|1:0|2:-2",3287,4,880
"-1:0|1:-1|1:0|2:-2",3288,4,881
"-1:-1|0:1|1:1|2:2",3289,4,882
"-1:-2|1:0|1:1|2:2",3290,4,883
"-2:-2|-1:-1|-1:0|2:-2",3291,4,840
"-2:-1|1:-1|1:0|2:-2",3292,4,884
"-2:-2|-1:-1|-1:0|2:0",3293,4,885
"-1:-2|0:1|1:1|2:2",3294,4,886
"-2:-2|-1:-1|-1:0|2:2",3295,4,887
"-2:-1|-1:-1|1:-1|2:-2",3296,4,888
"-1:-1|1:-1|2:-2|2:0",3297,4,582
"-1:-1|1:-1|1:0|2:-2",3298,4,880
"-1:-1|-1:0|1:-1|2:-2",3299,4,889
"-2:-2|-1:-1|-1:1|0:2",3300,4,890
"-1:-1|1:-1|2:-2|2:1",3301,4,722
"-1:-1|1:-1|1:1|2:-2",3302,4,891
"-1:-1|0:1|1:-1|2:-2",3303,4,892
"-1:-1|-1:1|1:-1|2:-2",3304,4,893
"-1:-2|1:-1|1:1|2:2",3305,4,894
"-1:-1|1:-1|2:-2|2:2",3306,4,842
"-1:-1|1:-1|1:2|2:-2",3307,4,895
"-1:-1|0:2|1:-1|2:-2",3308,4,896
"-1:-1|-1:2|1:-1|2:-2",3309,4,897
"-2:-2|-1:-1|-1:1|2:2",3310,4,898
"-2:-1|1:-1|2:-2|2:0",3311,4,587
"-2:-1|1:-1|1:0|2:-2",3312,4,884
"-2:-1|-1:0|1:-1|2:-2",3313,4,899
"-2:-1|-2:0|1:-1|2:-2",3314,4,900
"-1:-2|1:-1|1:2|2:-2",3315,4,727
"-1:-1|1:-1|1:2|2:-2",3316,4,895
"-1:0|1:-1|1:2|2:-2",3317,4,901
"-1:-1|1:-2|1:1|2:2",3318,4,902
"-1:-2|1:-2|1:1|2:2",3319,4,903
"-2:-1|1:-1|2:-2|2:2",3320,4,846
"-2:-1|1:-1|1:2|2:-2",3321,4,904
"-2:-1|0:2|1:-1|2:-2",3322,4,905
"-2:-1|-1:2|1:-1|2:-2",3323,4,906
"-2:-1|-2:2|1:-1|2:-2",3324,4,827
"-2:-2|-1:-1|0:-2|0:-1",3325,4,574
"-1:0|1:-1|2:-2|2:0",3326,4,583
"-2:-2|-1:-1|0:-2|0:2",3327,4,588
"-1:-2|0:-2|1:-1|2:-2",3328,4,546
"-1:-1|0:-2|1:-1|2:-2",3329,4,575
"-1:0|0:-2|1:-1|2:-2",3330,4,579
"-1:-1|0:2|1:1|2:2",3331,4,584
"-1:-2|0:2|1:1|2:2",3332,4,589
"-2:-2|-1:-1|0:-2|2:-2",3333,4,564
"-2:-1|0:-2|1:-1|2:-2",3334,4,576
"-2:-2|-1:-1|0:-2|2:0",3335,4,580
"-1:-2|1:1|2:0|2:2",3336,4,585
"-2:-2|-1:-1|0:-2|2:2",3337,4,590
"-1:0|1:-1|1:0|2:-2",3338,4,881
"-2:-2|-1:-1|-1:0|2:0",3339,4,885
"-1:-2|0:-1|1:-1|2:-2",3340,4,715
"-1:-1|0:-1|1:-1|2:-2",3341,4,875
"-1:0|0:-1|1:-1|2:-2",3342,4,878
"-1:-1|0:1|1:1|2:2",3343,4,882
"-1:-2|0:1|1:1|2:2",3344,4,886
"-2:-2|-1:-1|0:-1|2:-2",3345,4,838
"-2:-1|0:-1|1:-1|2:-2",3346,4,876
"-2:-2|-1:-1|-1:0|0:2",3347,4,879
"-1:-2|1:0|1:1|2:2",3348,4,883
"-2:-2|-1:-1|-1:0|2:2",3349,4,887
"-2:-2|-1:-1|0:1|0:2",3350,4,907
"-1:-2|0:1|1:-1|2:-2",3351,4,723
"-1:-1|0:1|1:-1|2:-2",3352,4,892
"-1:0|0:-1|1:1|2:2",3353,4,908
"-1:-1|-1:0|1:1|2:2",3354,4,909
"-1:-2|0:-1|1:1|2:2",3355,4,910
"-1:0|1:-1|2:-2|2:2",3356,4,843
"-1:0|1:-1|1:2|2:-2",3357,4,901
"-1:0|0:-2|1:1|2:2",3358,4,911
"-1:-2|-1:0|1:1|2:2",3359,4,912
"-2:-2|-1:-1|0:1|2:2",3360,4,913
"-1:-2|0:2|1:-1|2:-2",3361,4,728
"-1:-1|0:2|1:-1|2:-2",3362,4,896
"-1:0|0:-2|1:1|2:2",3363,4,911
"-1:-1|0:-2|1:1|2:2",3364,4,914
"-1:-2|0:-2|1:1|2:2",3365,4,915
"-2:-2|-1:-1|0:2|2:-2",3366,4,847
"-2:-1|0:2|1:-1|2:-2",3367,4,905
"-2:-2|-1:-1|0:2|2:0",3368,4,916
"-2:-1|0:-2|1:1|2:2",3369,4,917
"-2:-2|-1:-1|0:2|2:2",3370,4,702
"-1:-2|-1:-1|1:-1|2:-2",3371,4,716
"-1:-2|-1:0|1:-1|2:-2",3372,4,719
"-1:-1|-1:2|1:1|2:2",3373,4,724
"-1:-2|-1:2|1:-1|2:-2",3374,4,729
"-2:-2|-1:-1|1:-2|2:-2",3375,4,369
"-2:-1|-1:-2|1:-1|2:-2",3376,4,717
"-2:-1|-2:2|-1:1|0:-2",3377,4,720
"-1:-2|1:1|2:-1|2:2",3378,4,725
"-2:-1|-2:2|-1:1|2:-2",3379,4,730
"-1:-1|-1:0|1:-1|2:-2",3380,4,889
"-1:-1|-1:1|1:-1|2:-2",3381,4,893
"-1:-1|-1:2|1:-1|2:-2",3382,4,897
"-2:-2|-1:-1|1:-1|2:-2",3383,4,839
"-2:-1|-1:-1|1:-1|2:-2",3384,4,888
"-2:-2|-1:-1|-1:1|0:2",3385,4,890
"-1:-2|1:-1|1:1|2:2",3386,4,894
"-2:-2|-1:-1|-1:1|2:2",3387,4,898
"-1:-1|-1:0|1:1|2:2",3388,4,909
"-1:-2|-1:0|1:1|2:2",3389,4,912
"-2:-2|-1:-1|1:0|2:-2",3390,4,841
"-2:-1|-1:0|1:-1|2:-2",3391,4,899
"-2:-2|-1:-1|0:1|0:2",3392,4,907
"-1:-2|0:-1|1:1|2:2",3393,4,910
"-2:-2|-1:-1|0:1|2:2",3394,4,913
"-1:-2|-1:-1|1:1|2:2",3395,4,918
"-1:-1|1:1|2:-2|2:2",3396,4,844
"-1:-1|1:-2|1:1|2:2",3397,4,902
"-1:-1|0:-2|1:1|2:2",3398,4,914
"-1:-2|-1:-1|1:1|2:2",3399,4,918
"-2:-2|-1:-1|1:1|2:2",3400,4,919
"-2:-1|1:1|2:-2|2:2",3401,4,848
"-2:-1|-1:2|1:-1|2:-2",3402,4,906
"-2:-1|0:-2|1:1|2:2",3403,4,917
"-2:-1|-1:-2|1:1|2:2",3404,4,920
"-2:-2|-1:-1|1:2|2:2",3405,4,530
"-2:-2|-1:-1|2:-2|2:-1",3406,4,513
"-2:-2|-1:-1|2:-2|2:0",3407,4,685
"-1:-2|1:1|2:-2|2:2",3408,4,810
"-2:-2|-1:-1|2:-2|2:2",3409,4,849
"-2:-1|-2:0|1:-1|2:-2",3410,4,900
"-1:-2|1:-2|1:1|2:2",3411,4,903
"-2:-1|-2:2|1:-1|2:-2",3412,4,827
"-1:-2|0:-2|1:1|2:2",3413,4,915
"-2:-2|-1:-1|0:2|2:2",3414,4,702
"-2:-2|-1:-1|1:2|2:2",3415,4,530
"-2:-1|-1:-1|0:-1|2:-2",3416,4,921
"-1:-1|0:-1|2:-2|2:0",3417,4,644
"-1:-1|0:-1|1:0|2:-2",3418,4,922
"-1:-1|-1:0|0:-1|2:-2",3419,4,923
"-2:-2|-1:0|-1:1|0:2",3420,4,924
"-1:-1|0:-1|2:-2|2:1",3421,4,775
"-1:-1|0:-1|1:1|2:-2",3422,4,925
"-1:-1|0:-1|0:1|2:-2",3423,4,926
"-1:-1|-1:1|0:-1|2:-2",3424,4,927
"-1:-2|1:-1|1:0|2:2",3425,4,928
"-1:-1|0:-1|2:-2|2:2",3426,4,857
"-1:-1|0:-1|1:2|2:-2",3427,4,929
"-1:-1|0:-1|0:2|2:-2",3428,4,930
"-1:-1|-1:2|0:-1|2:-2",3429,4,931
"-2:-2|-1:0|-1:1|2:2",3430,4,932
"-2:-1|0:-1|2:-2|2:0",3431,4,649
"-2:-1|0:-1|1:0|2:-2",3432,4,933
"-2:-1|-1:0|0:-1|2:-2",3433,4,934
"-2:-1|-2:0|0:-1|2:-2",3434,4,935
"-1:-2|1:0|1:2|2:-2",3435,4,780
"-1:-1|1:0|1:2|2:-2",3436,4,936
"-1:0|1:-2|1:0|2:2",3437,4,937
"-1:-1|1:-2|1:0|2:2",3438,4,938
"-1:-2|1:-2|1:0|2:2",3439,4,939
"-2:-1|0:-1|2:-2|2:2",3440,4,860
"-2:-1|0:-1|1:2|2:-2",3441,4,940
"-2:-1|0:-1|0:2|2:-2",3442,4,941
"-2:-1|-1:2|0:-1|2:-2",3443,4,942
"-2:-1|-2:2|0:-1|2:-2",3444,4,794
"-2:-2|-1:0|0:-2|0:-1",3445,4,594
"-1:0|0:-1|2:-2|2:0",3446,4,645
"-2:-2|-1:0|0:-2|0:2",3447,4,650
"-1:-2|0:-2|1:0|2:-2",3448,4,551
"-1:-1|0:-2|1:0|2:-2",3449,4,609
"-1:0|0:-2|1:0|2:-2",3450,4,641
"-1:-1|0:1|2:0|2:2",3451,4,646
"-1:-2|0:2|1:0|2:2",3452,4,651
"-2:-2|-1:0|0:-2|2:-2",3453,4,567
"-2:-1|0:-2|1:0|2:-2",3454,4,623
"-2:-2|-1:0|0:-2|2:0",3455,4,642
"-1:-2|0:1|2:0|2:2",3456,4,647
"-2:-2|-1:0|0:-2|2:2",3457,4,652
"-1:0|0:-1|1:0|2:-2",3458,4,943
"-2:-2|-1:0|0:-1|0:2",3459,4,944
"-1:-2|0:-1|1:0|2:-2",3460,4,733
"-1:-1|0:-1|1:0|2:-2",3461,4,922
"-1:0|0:-1|1:0|2:-2",3462,4,943
"-1:-1|0:1|1:0|2:2",3463,4,945
"-1:-2|0:1|1:0|2:2",3464,4,946
"-2:-2|-1:0|0:-1|2:-2",3465,4,850
"-2:-1|0:-1|1:0|2:-2",3466,4,933
"-2:-2|-1:0|0:-1|0:2",3467,4,944
"-1:-2|0:1|1:0|2:2",3468,4,946
"-2:-2|-1:0|0:-1|2:2",3469,4,947
"-2:-2|-1:0|0:1|0:2",3470,4,948
"-1:-2|0:1|1:0|2:-2",3471,4,776
"-1:-1|0:1|1:0|2:-2",3472,4,949
"-1:0|0:-1|0:1|2:-2",3473,4,950
"-1:-1|-1:0|0:1|2:2",3474,4,951
"-1:-2|0:-1|1:0|2:2",3475,4,952
"-1:0|0:-1|2:-2|2:2",3476,4,858
"-1:0|0:-1|1:2|2:-2",3477,4,953
"-1:0|0:-1|0:2|2:-2",3478,4,954
"-1:-2|-1:0|0:1|2:2",3479,4,955
"-2:-2|-1:0|0:1|2:2",3480,4,956
"-1:-2|0:2|1:0|2:-2",3481,4,781
"-1:-1|0:2|1:0|2:-2",3482,4,957
"-1:0|0:-2|1:0|2:2",3483,4,958
"-1:-1|0:-2|1:0|2:2",3484,4,959
"-1:-2|0:-2|1:0|2:2",3485,4,960
"-2:-2|-1:0|0:2|2:-2",3486,4,861
"-2:-1|0:2|1:0|2:-2",3487,4,961
"-2:-2|-1:0|0:2|2:0",3488,4,962
"-2:-1|0:-2|1:0|2:2",3489,4,963
"-2:-2|-1:0|0:2|2:2",3490,4,663
"-1:-2|-1:-1|1:0|2:-2",3491,4,747
"-1:-2|-1:0|1:0|2:-2",3492,4,773
"-1:-1|-1:2|1:0|2:2",3493,4,777
"-1:-2|-1:2|1:0|2:-2",3494,4,782
"-2:-2|-1:-2|1:0|2:-2",3495,4,373
"-2:-1|-1:-2|1:0|2:-2",3496,4,760
"-2:-1|-2:2|0:-2|0:1",3497,4,774
"-1:-2|0:1|2:-1|2:2",3498,4,778
"-2:-1|-2:2|0:1|2:-2",3499,4,783
"-1:-1|-1:0|1:0|2:-2",3500,4,964
"-1:-1|-1:1|1:0|2:-2",3501,4,965
"-1:-1|-1:2|1:0|2:-2",3502,4,966
"-2:-2|-1:-1|1:0|2:-2",3503,4,841
"-2:-1|-1:-1|1:0|2:-2",3504,4,967
"-2:-2|-1:0|1:-1|2:0",3505,4,968
"-1:-2|0:1|1:-1|2:2",3506,4,969
"-2:-2|-1:0|1:-1|2:2",3507,4,970
"-1:-1|-1:0|1:0|2:2",3508,4,971
"-1:-2|-1:0|1:0|2:2",3509,4,972
"-2:-2|-1:0|1:0|2:-2",3510,4,856
"-2:-1|-1:0|1:0|2:-2",3511,4,973
"-2:-2|-1:0|1:0|2:0",3512,4,974
"-1:-2|0:-1|0:1|2:2",3513,4,975
"-2:-2|-1:0|1:0|2:2",3514,4,976
"-1:-2|-1:-1|1:0|2:2",3515,4,977
"-1:-1|0:1|2:-2|2:2",3516,4,859
"-1:-1|0:1|1:-2|2:2",3517,4,978
"-1:-1|0:-2|0:1|2:2",3518,4,979
"-1:-2|-1:-1|0:1|2:2",3519,4,980
"-2:-2|-1:-1|0:1|2:2",3520,4,913
"-2:-1|0:1|2:-2|2:2",3521,4,862
"-2:-1|-1:2|1:0|2:-2",3522,4,981
"-2:-1|0:-2|0:1|2:2",3523,4,982
"-2:-1|-1:-2|0:1|2:2",3524,4,983
"-2:-2|-1:-2|1:0|2:2",3525,4,491
"-2:-2|-1:0|2:-2|2:-1",3526,4,520
"-2:-2|-1:0|2:-2|2:0",3527,4,692
"-1:-2|0:1|2:-2|2:2",3528,4,817
"-2:-2|-1:0|2:-2|2:2",3529,4,863
"-2:-1|-2:0|1:0|2:-2",3530,4,984
"-1:-2|0:1|1:-2|2:2",3531,4,985
"-2:-1|-2:2|1:0|2:-2",3532,4,821
"-1:-2|0:-2|0:1|2:2",3533,4,986
"-2:-2|-1:0|2:0|2:2",3534,4,696
"-2:-2|-1:-2|0:1|2:2",3535,4,524
"-2:-1|-1:-1|2:-2|2:0",3536,4,686
"-2:-1|-1:-1|1:0|2:-2",3537,4,967
"-2:-1|-1:-1|-1:0|2:-2",3538,4,987
"-2:-1|-2:0|-1:-1|2:-2",3539,4,988
"-1:-2|1:1|1:2|2:-2",3540,4,811
"-1:-1|1:1|1:2|2:-2",3541,4,989
"-1:0|1:-2|1:-1|2:2",3542,4,990
"-1:-1|1:-2|1:-1|2:2",3543,4,991
"-1:-2|1:-2|1:-1|2:2",3544,4,992
"-2:-1|-1:-1|2:-2|2:2",3545,4,866
"-2:-1|-1:-1|1:2|2:-2",3546,4,993
"-2:-1|-1:-1|0:2|2:-2",3547,4,994
"-2:-1|-1:-1|-1:2|2:-2",3548,4,995
"-2:-1|-2:2|-1:-1|2:-2",3549,4,759
"-1:-1|1:0|2:-2|2:0",3550,4,598
"-1:-1|-1:0|2:-2|2:0",3551,4,682
"-2:-2|-1:1|0:-2|0:2",3552,4,687
"-1:-1|2:-2|2:0|2:1",3553,4,555
"-1:-1|0:-2|1:1|2:-2",3554,4,613
"-1:-1|0:1|2:-2|2:0",3555,4,655
"-1:-1|-1:1|2:-2|2:0",3556,4,683
"-1:-2|0:2|1:-1|2:2",3557,4,688
"-1:-1|2:-2|2:0|2:2",3558,4,569
"-1:-1|1:2|2:-2|2:0",3559,4,627
"-1:-1|0:2|2:-2|2:0",3560,4,665
"-1:-1|-1:2|2:-2|2:0",3561,4,684
"-2:-2|-1:1|0:-2|2:2",3562,4,689
"-1:-1|-1:0|1:0|2:-2",3563,4,964
"-2:-2|-1:0|1:-1|2:0",3564,4,968
"-1:-1|1:0|2:-2|2:1",3565,4,737
"-1:-1|0:-1|1:1|2:-2",3566,4,925
"-1:-1|0:1|1:0|2:-2",3567,4,949
"-1:-1|-1:1|1:0|2:-2",3568,4,965
"-1:-2|0:1|1:-1|2:2",3569,4,969
"-1:-1|1:0|2:-2|2:2",3570,4,851
"-1:-1|1:0|1:2|2:-2",3571,4,936
"-1:-1|0:2|1:0|2:-2",3572,4,957
"-1:-1|-1:2|1:0|2:-2",3573,4,966
"-2:-2|-1:0|1:-1|2:2",3574,4,970
"-2:-2|-1:1|0:1|0:2",3575,4,996
"-1:-1|-1:0|2:-2|2:1",3576,4,807
"-1:-1|-1:0|1:1|2:-2",3577,4,997
"-1:-1|-1:0|0:1|2:-2",3578,4,998
"-1:-1|-1:0|-1:1|2:-2",3579,4,999
"-1:-2|0:-1|1:-1|2:2",3580,4,1000
"-1:-1|-1:0|2:-2|2:2",3581,4,864
"-1:-1|-1:0|1:2|2:-2",3582,4,1001
"-1:-1|-1:0|0:2|2:-2",3583,4,1002
"-1:-1|-1:0|-1:2|2:-2",3584,4,1003
"-2:-2|-1:0|-1:1|2:2",3585,4,932
"-1:-2|0:2|1:1|2:-2",3586,4,812
"-1:-1|0:2|1:1|2:-2",3587,4,1004
"-1:0|0:-2|1:-1|2:2",3588,4,1005
"-1:-1|0:-2|1:-1|2:2",3589,4,1006
"-1:-2|0:-2|1:-1|2:2",3590,4,1007
"-2:-2|-1:1|0:2|2:-2",3591,4,867
"-2:-1|0:2|1:1|2:-2",3592,4,1008
"-2:-2|-1:1|0:2|2:0",3593,4,1009
"-2:-1|0:-2|1:-1|2:2",3594,4,1010
"-2:-2|-1:1|0:2|2:2",3595,4,621
"-1:-1|1:1|2:-2|2:1",3596,4,751
"-1:-1|0:1|2:-2|2:1",3597,4,786
"-1:-1|-1:1|2:-1|2:2",3598,4,808
"-1:-2|-1:2|1:-1|2:2",3599,4,813
"-1:-1|2:-2|2:1|2:2",3600,4,378
"-1:-1|1:2|2:-2|2:1",3601,4,764
"-1:-1|0:2|2:-2|2:1",3602,4,796
"-1:-1|-1:2|2:-2|2:1",3603,4,809
"-2:-1|-2:2|1:1|2:-2",3604,4,814
"-1:-1|-1:0|1:1|2:-2",3605,4,997
"-1:-1|-1:1|1:-1|2:2",3606,4,1011
"-1:-1|-1:2|1:1|2:-2",3607,4,1012
"-1:-1|1:1|2:-2|2:2",3608,4,844
"-1:-1|1:1|1:2|2:-2",3609,4,989
"-1:-1|0:2|1:1|2:-2",3610,4,1004
"-1:-1|-1:2|1:1|2:-2",3611,4,1012
"-2:-2|-1:1|1:-1|2:2",3612,4,1013
"-1:-1|-1:0|1:-1|2:2",3613,4,1014
"-1:-2|-1:0|1:-1|2:2",3614,4,1015
"-1:-1|0:1|2:-2|2:2",3615,4,859
"-1:-1|0:1|1:2|2:-2",3616,4,1016
"-1:-1|0:1|0:2|2:-2",3617,4,1017
"-1:-1|-1:2|0:1|2:-2",3618,4,1018
"-2:-2|-1:0|1:-1|2:2",3619,4,970
"-1:-2|-1:-1|1:-1|2:2",3620,4,1019
"-1:-1|-1:1|2:-2|2:2",3621,4,865
"-1:-1|-1:1|1:-2|2:2",3622,4,1020
"-1:-1|-1:1|0:-2|2:2",3623,4,1021
"-1:-1|-1:1|-1:2|2:-2",3624,4,1022
"-2:-2|-1:-1|-1:1|2:2",3625,4,898
"-2:-1|-1:1|2:-2|2:2",3626,4,868
"-2:-1|-1:1|1:-2|2:2",3627,4,1023
"-2:-1|-1:1|0:-2|2:2",3628,4,1024
"-2:-1|-1:-2|-1:1|2:2",3629,4,1025
"-2:-2|-1:-2|1:-1|2:2",3630,4,441
"-1:-1|1:2|2:-2|2:2",3631,4,526
"-1:-1|0:2|2:-2|2:2",3632,4,698
"-1:-1|-1:2|2:-2|2:2",3633,4,823
"-2:-2|-1:1|2:-2|2:2",3634,4,869
"-1:-1|0:2|1:2|2:-2",3635,4,1026
"-1:-1|-1:2|1:2|2:-2",3636,4,1027
"-2:-1|-2:2|1:1|2:-2",3637,4,814
"-1:-1|-1:2|0:2|2:-2",3638,4,1028
"-2:-2|-1:1|0:-2|2:2",3639,4,689
"-2:-2|-1:-2|-1:1|2:2",3640,4,517
"-2:-1|1:0|2:-2|2:0",3641,4,603
"-2:-1|-1:0|2:-2|2:0",3642,4,693
"-2:-1|-2:0|2:-2|2:0",3643,4,710
"-1:-2|0:-2|1:2|2:-2",3644,4,560
"-1:-1|0:-2|1:2|2:-2",3645,4,618
"-1:0|0:-2|1:2|2:-2",3646,4,660
"-1:-1|0:2|1:-2|2:2",3647,4,699
"-1:-2|0:2|1:-2|2:2",3648,4,711
"-2:-1|2:-2|2:0|2:2",3649,4,572
"-2:-1|0:-2|1:2|2:-2",3650,4,632
"-2:-1|0:2|2:-2|2:0",3651,4,670
"-2:-1|-1:2|2:-2|2:0",3652,4,704
"-2:-1|-2:2|2:-2|2:0",3653,4,712
"-2:-1|-1:0|1:0|2:-2",3654,4,973
"-2:-1|-2:0|1:0|2:-2",3655,4,984
"-1:-2|0:-1|1:2|2:-2",3656,4,742
"-1:-1|0:-1|1:2|2:-2",3657,4,929
"-1:0|0:-1|1:2|2:-2",3658,4,953
"-1:-1|0:1|1:-2|2:2",3659,4,978
"-1:-2|0:1|1:-2|2:2",3660,4,985
"-2:-1|1:0|2:-2|2:2",3661,4,854
"-2:-1|0:-1|1:2|2:-2",3662,4,940
"-2:-1|0:2|1:0|2:-2",3663,4,961
"-2:-1|-1:2|1:0|2:-2",3664,4,981
"-2:-1|-2:2|1:0|2:-2",3665,4,821
"-2:-1|-2:0|-1:0|2:-2",3666,4,1029
"-1:-2|0:1|1:2|2:-2",3667,4,818
"-1:-1|0:1|1:2|2:-2",3668,4,1016
"-1:0|0:-1|1:-2|2:2",3669,4,1030
"-1:-1|0:-1|1:-2|2:2",3670,4,1031
"-1:-2|0:-1|1:-2|2:2",3671,4,1032
"-2:-1|-1:0|2:-2|2:2",3672,4,870
"-2:-1|-1:0|1:2|2:-2",3673,4,1033
"-2:-1|-1:0|0:2|2:-2",3674,4,1034
"-2:-1|-1:0|-1:2|2:-2",3675,4,1035
"-2:-1|-2:2|-1:0|2:-2",3676,4,745
"-1:-2|0:2|1:2|2:-2",3677,4,834
"-1:-1|0:2|1:2|2:-2",3678,4,1026
"-1:0|0:-2|1:-2|2:2",3679,4,1036
"-1:-1|0:-2|1:-2|2:2",3680,4,1037
"-1:-2|0:-2|1:-2|2:2",3681,4,1038
"-2:-1|-2:0|2:-2|2:2",3682,4,873
"-2:-1|-2:0|1:2|2:-2",3683,4,1039
"-2:-1|-2:0|0:2|2:-2",3684,4,1040
"-2:-1|-2:0|-1:2|2:-2",3685,4,1041
"-2:-1|-2:0|-2:2|2:-2",3686,4,563
"-1:-2|-1:-1|1:2|2:-2",3687,4,756
"-1:-2|-1:0|1:2|2:-2",3688,4,791
"-1:-1|-1:2|1:-2|2:2",3689,4,824
"-1:-2|-1:2|1:-2|2:2",3690,4,835
"-2:-1|2:-2|2:1|2:2",3691,4,383
"-2:-1|-1:-2|1:2|2:-2",3692,4,769
"-2:-1|-2:2|0:-2|2:1",3693,4,801
"-2:-1|-1:2|1:-2|2:2",3694,4,829
"-2:-1|-2:2|2:-2|2:1",3695,4,836
"-1:-1|-1:0|1:2|2:-2",3696,4,1001
"-1:-1|-1:1|1:-2|2:2",3697,4,1020
"-1:-1|-1:2|1:2|2:-2",3698,4,1027
"-2:-1|1:1|2:-2|2:2",3699,4,848
"-2:-1|-1:-1|1:2|2:-2",3700,4,993
"-2:-1|0:2|1:1|2:-2",3701,4,1008
"-2:-1|-1:1|1:-2|2:2",3702,4,1023
"-2:-1|-2:2|1:1|2:-2",3703,4,814
"-1:-1|-1:0|1:-2|2:2",3704,4,1042
"-1:-2|-1:0|1:-2|2:2",3705,4,1043
"-2:-1|0:1|2:-2|2:2",3706,4,862
"-2:-1|-1:0|1:2|2:-2",3707,4,1033
"-2:-1|0:1|0:2|2:-2",3708,4,1044
"-2:-1|-1:0|1:-2|2:2",3709,4,1045
"-2:-1|-2:2|0:1|2:-2",3710,4,783
"-1:-2|-1:-1|1:-2|2:2",3711,4,1046
"-2:-1|-1:1|2:-2|2:2",3712,4,868
"-2:-1|-1:1|1:2|2:-2",3713,4,1047
"-2:-1|-1:1|0:2|2:-2",3714,4,1048
"-2:-1|-1:-1|1:-2|2:2",3715,4,1049
"-2:-1|-2:2|-1:1|2:-2",3716,4,730
"-2:-1|-2:1|2:-2|2:2",3717,4,874
"-2:-1|-1:2|1:2|2:-2",3718,4,1050
"-2:-1|-2:1|0:-2|2:2",3719,4,1051
"-2:-1|-1:-2|1:-2|2:2",3720,4,1052
"-2:-1|-2:1|-2:2|2:-2",3721,4,365
"-2:-1|1:2|2:-2|2:2",3722,4,531
"-2:-1|0:2|2:-2|2:2",3723,4,703
"-2:-1|-1:2|2:-2|2:2",3724,4,828
"-2:-1|-2:2|2:-2|2:2",3725,4,833
"-2:-1|-2:0|1:2|2:-2",3726,4,1039
"-2:-1|-1:2|1:2|2:-2",3727,4,1050
"-2:-1|-2:2|1:2|2:-2",3728,4,806
"-2:-1|-1:2|0:2|2:-2",3729,4,1053
"-2:-1|-2:2|0:2|2:-2",3730,4,681
"-2:-1|-2:2|-1:2|2:-2",3731,4,509
"-1:0|1:0|2:-2|2:0",3732,4,599
"-2:-2|-2:0|-1:0|2:0",3733,4,604
"-1:-2|0:-2|0:-1|2:-2",3734,4,547
"-1:-1|0:-2|0:-1|2:-2",3735,4,591
"-1:0|0:-2|0:-1|2:-2",3736,4,595
"-1:-1|0:1|0:2|2:2",3737,4,600
"-1:-2|0:1|0:2|2:2",3738,4,605
"-2:-2|-2:0|-2:2|-1:0",3739,4,565
"-2:-1|0:-2|0:-1|2:-2",3740,4,592
"-2:-2|-2:0|-1:0|0:2",3741,4,596
"-1:-2|1:0|2:0|2:2",3742,4,601
"-2:-2|-2:0|-1:0|2:2",3743,4,606
"-2:-2|-2:0|1:0|2:0",3744,4,694
"-1:-2|0:-2|0:1|2:-2",3745,4,556
"-1:-1|0:-2|0:1|2:-2",3746,4,614
"-1:0|0:-1|0:2|2:2",3747,4,656
"-1:-1|-1:0|2:0|2:2",3748,4,690
"-1:-2|0:-1|0:2|2:2",3749,4,695
"-1:0|2:-2|2:0|2:2",3750,4,570
"-1:0|1:-2|2:0|2:2",3751,4,628
"-1:0|0:-2|2:0|2:2",3752,4,666
"-1:-2|-1:0|2:0|2:2",3753,4,691
"-2:-2|-1:0|2:0|2:2",3754,4,696
"-1:-2|0:-2|0:2|2:-2",3755,4,561
"-1:-1|0:-2|0:2|2:-2",3756,4,619
"-1:0|0:-2|0:2|2:-2",3757,4,661
"-1:-1|0:-2|0:2|2:2",3758,4,700
"-1:-2|0:-2|0:2|2:2",3759,4,713
"-2:-2|-2:0|-2:2|2:0",3760,4,573
"-2:-1|0:-2|0:2|2:-2",3761,4,633
"-2:-2|-2:0|0:2|2:0",3762,4,671
"-2:-1|0:-2|0:2|2:2",3763,4,705
"-2:-2|-2:0|2:0|2:2",3764,4,714
"-1:-2|-1:-1|0:-2|2:-2",3765,4,548
"-1:-2|-1:0|0:-2|2:-2",3766,4,552
"-1:-1|-1:2|0:2|2:2",3767,4,557
"-1:-2|-1:2|0:-2|2:-2",3768,4,562
"-2:-2|-1:-2|0:-2|2:-2",3769,4,326
"-2:-1|-1:-2|0:-2|2:-2",3770,4,549
"-2:-1|-2:0|-2:2|0:-2",3771,4,553
"-1:-2|2:-1|2:0|2:2",3772,4,558
"-2:-1|-2:0|-2:2|2:-2",3773,4,563
"-1:-1|-1:0|0:-2|2:-2",3774,4,610
"-1:-1|-1:1|0:-2|2:-2",3775,4,615
"-1:-1|-1:2|0:-2|2:-2",3776,4,620
"-2:-2|-1:-1|0:-2|2:-2",3777,4,564
"-2:-1|-1:-1|0:-2|2:-2",3778,4,607
"-2:-2|-2:0|-1:1|0:2",3779,4,611
"-1:-2|1:-1|2:0|2:2",3780,4,616
"-2:-2|-1:1|0:2|2:2",3781,4,621
"-1:-1|-1:0|0:2|2:2",3782,4,657
"-1:-2|-1:0|0:2|2:2",3783,4,662
"-2:-2|-1:0|0:-2|2:-2",3784,4,567
"-2:-1|-1:0|0:-2|2:-2",3785,4,624
"-2:-2|-2:0|0:1|0:2",3786,4,653
"-1:-2|0:-1|2:0|2:2",3787,4,658
"-2:-2|-1:0|0:2|2:2",3788,4,663
"-1:-2|-1:-1|0:2|2:2",3789,4,701
"-1:-1|2:-2|2:0|2:2",3790,4,569
"-1:-1|1:-2|2:0|2:2",3791,4,629
"-1:-1|0:-2|2:0|2:2",3792,4,667
"-1:-2|-1:-1|2:0|2:2",3793,4,697
"-2:-2|-1:-1|0:2|2:2",3794,4,702
"-2:-1|2:-2|2:0|2:2",3795,4,572
"-2:-1|-1:2|0:-2|2:-2",3796,4,634
"-2:-1|0:-2|2:0|2:2",3797,4,672
"-2:-1|-1:-2|0:2|2:2",3798,4,706
"-2:-2|-1:-2|0:2|2:2",3799,4,544
"-2:-2|-2:-1|0:-2|2:-2",3800,4,464
"-2:-2|-2:0|-2:2|0:-2",3801,4,566
"-1:-2|2:-2|2:0|2:2",3802,4,568
"-2:-2|-2:0|-2:2|2:-2",3803,4,571
"-2:-1|-2:0|0:-2|2:-2",3804,4,625
"-1:-2|1:-2|2:0|2:2",3805,4,630
"-2:-1|-2:2|0:-2|2:-2",3806,4,635
"-1:-2|0:-2|2:0|2:2",3807,4,668
"-2:-2|-2:0|0:2|2:2",3808,4,673
"-2:-2|-1:-2|2:0|2:2",3809,4,501
"-2:-2|-1:0|1:0|2:0",3810,4,974
"-1:-2|0:-1|0:1|2:-2",3811,4,738
"-1:-1|0:-1|0:1|2:-2",3812,4,926
"-1:0|0:-1|0:1|2:-2",3813,4,950
"-1:-1|-1:0|1:0|2:2",3814,4,971
"-1:-2|0:-1|0:1|2:2",3815,4,975
"-1:0|1:0|2:-2|2:2",3816,4,852
"-1:0|1:-2|1:0|2:2",3817,4,937
"-1:0|0:-2|1:0|2:2",3818,4,958
"-1:-2|-1:0|1:0|2:2",3819,4,972
"-2:-2|-1:0|1:0|2:2",3820,4,976
"-1:-2|0:-1|0:2|2:-2",3821,4,743
"-1:-1|0:-1|0:2|2:-2",3822,4,930
"-1:0|0:-1|0:2|2:-2",3823,4,954
"-1:-1|0:-2|0:1|2:2",3824,4,979
"-1:-2|0:-2|0:1|2:2",3825,4,986
"-2:-2|-2:2|-1:0|2:0",3826,4,855
"-2:-1|0:-1|0:2|2:-2",3827,4,941
"-2:-2|-1:0|0:2|2:0",3828,4,962
"-2:-1|0:-2|0:1|2:2",3829,4,982
"-2:-2|-1:0|2:0|2:2",3830,4,696
"-1:-2|-1:-1|0:-1|2:-2",3831,4,731
"-1:-2|-1:0|0:-1|2:-2",3832,4,734
"-1:-1|-1:2|0:1|2:2",3833,4,739
"-1:-2|-1:2|0:-1|2:-2",3834,4,744
"-2:-2|-1:-2|0:-1|2:-2",3835,4,368
"-2:-1|-1:-2|0:-1|2:-2",3836,4,732
"-2:-1|-2:2|-1:0|0:-2",3837,4,735
"-1:-2|1:0|2:-1|2:2",3838,4,740
"-2:-1|-2:2|-1:0|2:-2",3839,4,745
"-1:-1|-1:0|0:-1|2:-2",3840,4,923
"-1:-1|-1:1|0:-1|2:-2",3841,4,927
"-1:-1|-1:2|0:-1|2:-2",3842,4,931
"-2:-2|-1:-1|0:-1|2:-2",3843,4,838
"-2:-1|-1:-1|0:-1|2:-2",3844,4,921
"-2:-2|-1:0|-1:1|0:2",3845,4,924
"-1:-2|1:-1|1:0|2:2",3846,4,928
"-2:-2|-1:0|-1:1|2:2",3847,4,932
"-1:-1|-1:0|0:1|2:2",3848,4,951
"-1:-2|-1:0|0:1|2:2",3849,4,955
"-2:-2|-1:0|0:-1|2:-2",3850,4,850
"-2:-1|-1:0|0:-1|2:-2",3851,4,934
"-2:-2|-1:0|0:1|0:2",3852,4,948
"-1:-2|0:-1|1:0|2:2",3853,4,952
"-2:-2|-1:0|0:1|2:2",3854,4,956
"-1:-2|-1:-1|0:1|2:2",3855,4,980
"-1:-1|1:0|2:-2|2:2",3856,4,851
"-1:-1|1:-2|1:0|2:2",3857,4,938
"-1:-1|0:-2|1:0|2:2",3858,4,959
"-1:-2|-1:-1|1:0|2:2",3859,4,977
"-2:-2|-1:-1|0:1|2:2",3860,4,913
"-2:-1|1:0|2:-2|2:2",3861,4,854
"-2:-1|-1:2|0:-1|2:-2",3862,4,942
"-2:-1|0:-2|1:0|2:2",3863,4,963
"-2:-1|-1:-2|0:1|2:2",3864,4,983
"-2:-2|-1:-2|0:1|2:2",3865,4,524
"-2:-2|-2:-1|0:-1|2:-2",3866,4,476
"-2:-2|-2:0|0:-1|2:-2",3867,4,648
"-1:-2|1:0|2:-2|2:2",3868,4,779
"-2:-2|-2:2|-1:0|2:-2",3869,4,853
"-2:-1|-2:0|0:-1|2:-2",3870,4,935
"-1:-2|1:-2|1:0|2:2",3871,4,939
"-2:-1|-2:2|0:-1|2:-2",3872,4,794
"-1:-2|0:-2|1:0|2:2",3873,4,960
"-2:-2|-1:0|0:2|2:2",3874,4,663
"-2:-2|-1:-2|1:0|2:2",3875,4,491
"-1:-2|0:1|0:2|2:-2",3876,4,819
"-1:-1|0:1|0:2|2:-2",3877,4,1017
"-1:0|0:-2|0:-1|2:2",3878,4,1054
"-1:-1|0:-2|0:-1|2:2",3879,4,1055
"-1:-2|0:-2|0:-1|2:2",3880,4,1056
"-2:-2|-2:2|1:0|2:0",3881,4,871
"-2:-1|0:1|0:2|2:-2",3882,4,1044
"-2:-2|0:1|0:2|2:0",3883,4,1057
"-2:-1|0:-2|0:-1|2:2",3884,4,1058
"-2:-2|-2:0|-1:0|2:2",3885,4,606
"-1:-2|-1:-1|0:1|2:-2",3886,4,752
"-1:-2|-1:0|0:1|2:-2",3887,4,787
"-1:-1|-1:0|2:-1|2:2",3888,4,815
"-1:-2|-1:2|0:-1|2:2",3889,4,820
"-1:0|2:-2|2:-1|2:2",3890,4,377
"-1:0|1:-2|2:-1|2:2",3891,4,765
"-1:0|0:-2|2:-1|2:2",3892,4,797
"-1:-2|-1:0|2:-1|2:2",3893,4,816
"-2:-1|-2:2|1:0|2:-2",3894,4,821
"-1:-1|-1:0|0:1|2:-2",3895,4,998
"-1:-1|-1:0|1:-1|2:2",3896,4,1014
"-1:-1|-1:2|0:1|2:-2",3897,4,1018
"-1:0|1:-1|2:-2|2:2",3898,4,843
"-1:0|1:-2|1:-1|2:2",3899,4,990
"-1:0|0:-2|1:-1|2:2",3900,4,1005
"-1:-2|-1:0|1:-1|2:2",3901,4,1015
"-2:-2|-1:0|1:-1|2:2",3902,4,970
"-1:-1|-1:0|0:-1|2:2",3903,4,1059
"-1:-2|-1:0|0:-1|2:2",3904,4,1060
"-1:0|0:-1|2:-2|2:2",3905,4,858
"-1:0|0:-1|1:-2|2:2",3906,4,1030
"-1:0|0:-2|0:-1|2:2",3907,4,1054
"-1:-2|-1:0|0:-1|2:2",3908,4,1060
"-2:-2|-1:0|0:-1|2:2",3909,4,947
"-1:-2|-1:-1|0:-1|2:2",3910,4,1061
"-1:-1|-1:0|2:-2|2:2",3911,4,864
"-1:-1|-1:0|1:-2|2:2",3912,4,1042
"-1:-1|-1:0|0:-2|2:2",3913,4,1062
"-1:-2|-1:-1|-1:0|2:2",3914,4,1063
"-2:-2|-1:-1|-1:0|2:2",3915,4,887
"-2:-1|-1:0|2:-2|2:2",3916,4,870
"-2:-1|-1:0|1:-2|2:2",3917,4,1045
"-2:-1|-1:0|0:-2|2:2",3918,4,1064
"-2:-1|-1:-2|-1:0|2:2",3919,4,1065
"-2:-2|-1:-2|0:-1|2:2",3920,4,426
"-1:0|1:-2|2:-2|2:2",3921,4,487
"-1:0|0:-2|2:-2|2:2",3922,4,659
"-1:-2|-1:0|2:-2|2:2",3923,4,790
"-2:-2|-1:0|2:-2|2:2",3924,4,863
"-1:0|0:-2|1:-2|2:2",3925,4,1036
"-1:-2|-1:0|1:-2|2:2",3926,4,1043
"-2:-1|-2:2|0:1|2:-2",3927,4,783
"-1:-2|-1:0|0:-2|2:2",3928,4,1066
"-2:-2|-1:0|0:-2|2:2",3929,4,652
"-2:-2|-1:-2|-1:0|2:2",3930,4,480
"-1:-2|-1:-1|0:2|2:-2",3931,4,757
"-1:-2|-1:0|0:2|2:-2",3932,4,792
"-1:-1|-1:2|0:-2|2:2",3933,4,825
"-1:-2|-1:2|0:-2|2:2",3934,4,837
"-2:-2|-1:-2|0:2|2:-2",3935,4,382
"-2:-1|-1:-2|0:2|2:-2",3936,4,770
"-2:-1|-2:2|0:-2|2:0",3937,4,802
"-2:-1|-1:2|0:-2|2:2",3938,4,830
"-2:-1|-2:2|2:-2|2:0",3939,4,712
"-1:-1|-1:0|0:2|2:-2",3940,4,1002
"-1:-1|-1:1|0:-2|2:2",3941,4,1021
"-1:-1|-1:2|0:2|2:-2",3942,4,1028
"-2:-2|-1:-1|0:2|2:-2",3943,4,847
"-2:-1|-1:-1|0:2|2:-2",3944,4,994
"-2:-2|-1:1|0:2|2:0",3945,4,1009
"-2:-1|-1:1|0:-2|2:2",3946,4,1024
"-2:-2|-1:1|0:-2|2:2",3947,4,689
"-1:-1|-1:0|0:-2|2:2",3948,4,1062
"-1:-2|-1:0|0:-2|2:2",3949,4,1066
"-2:-2|-1:0|0:2|2:-2",3950,4,861
"-2:-1|-1:0|0:2|2:-2",3951,4,1034
"-2:-2|0:1|0:2|2:0",3952,4,1057
"-2:-1|-1:0|0:-2|2:2",3953,4,1064
"-2:-2|-1:0|0:-2|2:2",3954,4,652
"-1:-2|-1:-1|0:-2|2:2",3955,4,1067
"-2:-2|-1:1|0:2|2:-2",3956,4,867
"-2:-1|-1:1|0:2|2:-2",3957,4,1048
"-2:-2|0:2|1:1|2:0",3958,4,1068
"-2:-1|-1:-1|0:-2|2:2",3959,4,1069
"-2:-2|-1:-1|0:-2|2:2",3960,4,590
"-2:-1|-2:0|2:-2|2:2",3961,4,873
"-2:-1|-1:2|0:2|2:-2",3962,4,1053
"-2:-1|-2:0|0:-2|2:2",3963,4,1070
"-2:-1|-1:-2|0:-2|2:2",3964,4,1071
"-2:-2|-1:-2|0:-2|2:2",3965,4,345
"-2:-2|-2:-1|0:2|2:-2",3966,4,497
"-2:-2|-2:0|0:2|2:-2",3967,4,669
"-2:-1|-2:2|0:-2|2:2",3968,4,800
"-2:-2|-2:0|2:-2|2:2",3969,4,709
"-2:-1|-2:0|0:2|2:-2",3970,4,1040
"-2:-1|-2:1|0:-2|2:2",3971,4,1051
"-2:-1|-2:2|0:2|2:-2",3972,4,681
"-2:-1|-2:0|0:-2|2:2",3973,4,1070
"-2:-2|-2:0|0:-2|2:2",3974,4,640
"-2:-2|-2:-1|0:-2|2:2",3975,4,468
"-1:-2|-1:-1|-1:0|2:-2",3976,4,748
"-1:-1|-1:1|-1:2|2:2",3977,4,753
"-1:-2|-1:-1|-1:2|2:-2",3978,4,758
"-2:-2|-1:-2|-1:-1|2:-2",3979,4,367
"-2:-1|-1:-2|-1:-1|2:-2",3980,4,746
"-2:-1|-2:2|-1:-1|0:-2",3981,4,749
"-1:-2|1:-1|2:-1|2:2",3982,4,754
"-2:-1|-2:2|-1:-1|2:-2",3983,4,759
"-1:-1|-1:0|-1:2|2:2",3984,4,788
"-1:-2|-1:0|-1:2|2:-2",3985,4,793
"-2:-2|-1:-2|-1:0|2:-2",3986,4,372
"-2:-1|-1:-2|-1:0|2:-2",3987,4,761
"-2:-1|-2:2|0:-2|0:-1",3988,4,784
"-1:-2|0:-1|2:-1|2:2",3989,4,789
"-2:-1|-2:2|0:-1|2:-2",3990,4,794
"-1:-2|-1:-1|-1:2|2:2",3991,4,826
"-1:-1|2:-2|2:-1|2:2",3992,4,376
"-1:-1|1:-2|2:-1|2:2",3993,4,766
"-1:-1|0:-2|2:-1|2:2",3994,4,798
"-1:-2|-1:-1|2:-1|2:2",3995,4,822
"-2:-1|-2:2|1:-1|2:-2",3996,4,827
"-2:-1|2:-2|2:-1|2:2",3997,4,381
"-2:-1|-1:-2|-1:2|2:-2",3998,4,771
"-2:-1|-2:2|0:-2|2:-1",3999,4,803
"-2:-1|-1:-2|-1:2|2:2",4000,4,831
"-2:-1|-2:2|2:-2|2:-1",4001,4,542
"-2:-2|-2:-1|-1:-2|2:-2",4002,4,366
"-2:-2|-2:-1|-2:2|0:-2",4003,4,371
"-1:-2|2:-2|2:-1|2:2",4004,4,375
"-2:-2|-2:-1|-2:2|2:-2",4005,4,380
"-2:-1|-2:0|-1:-2|2:-2",4006,4,762
"-1:-2|1:-2|2:-1|2:2",4007,4,767
"-2:-1|-2:2|-1:-2|2:-2",4008,4,772
"-1:-2|0:-2|2:-1|2:2",4009,4,799
"-2:-1|-2:2|0:-2|2:-2",4010,4,635
"-2:-1|-2:2|1:-2|2:-2",4011,4,455
"-1:-1|-1:0|-1:1|2:-2",4012,4,999
"-1:-1|-1:0|-1:2|2:-2",4013,4,1003
"-2:-2|-1:-1|-1:0|2:-2",4014,4,840
"-2:-1|-1:-1|-1:0|2:-2",4015,4,987
"-2:-2|-1:1|0:1|0:2",4016,4,996
"-1:-2|0:-1|1:-1|2:2",4017,4,1000
"-2:-2|-1:0|-1:1|2:2",4018,4,932
"-1:-1|-1:1|-1:2|2:-2",4019,4,1022
"-1:-1|1:-1|2:-2|2:2",4020,4,842
"-1:-1|1:-2|1:-1|2:2",4021,4,991
"-1:-1|0:-2|1:-1|2:2",4022,4,1006
"-1:-2|-1:-1|1:-1|2:2",4023,4,1019
"-2:-2|-1:-1|-1:1|2:2",4024,4,898
"-2:-1|1:-1|2:-2|2:2",4025,4,846
"-2:-1|-1:-1|-1:2|2:-2",4026,4,995
"-2:-1|0:-2|1:-1|2:2",4027,4,1010
"-2:-1|-1:-2|-1:1|2:2",4028,4,1025
"-2:-2|-1:-2|-1:1|2:2",4029,4,517
"-2:-2|-2:-1|-1:-1|2:-2",4030,4,406
"-2:-2|-2:0|-1:-1|2:-2",4031,4,586
"-1:-2|1:-1|2:-2|2:2",4032,4,726
"-2:-2|-2:2|-1:-1|2:-2",4033,4,845
"-2:-1|-2:0|-1:-1|2:-2",4034,4,988
"-1:-2|1:-2|1:-1|2:2",4035,4,992
"-2:-1|-2:2|-1:-1|2:-2",4036,4,759
"-1:-2|0:-2|1:-1|2:2",4037,4,1007
"-2:-2|-1:1|0:2|2:2",4038,4,621
"-2:-2|-1:-2|1:-1|2:2",4039,4,441
"-1:-2|-1:-1|-1:0|2:2",4040,4,1063
"-1:-1|0:-1|2:-2|2:2",4041,4,857
"-1:-1|0:-1|1:-2|2:2",4042,4,1031
"-1:-1|0:-2|0:-1|2:2",4043,4,1055
"-1:-2|-1:-1|0:-1|2:2",4044,4,1061
"-2:-2|-1:-1|-1:0|2:2",4045,4,887
"-2:-1|0:-1|2:-2|2:2",4046,4,860
"-2:-1|-1:0|-1:2|2:-2",4047,4,1035
"-2:-1|0:-2|0:-1|2:2",4048,4,1058
"-2:-1|-1:-2|-1:0|2:2",4049,4,1065
"-2:-2|-1:-2|-1:0|2:2",4050,4,480
"-2:-2|-2:-1|-1:0|2:-2",4051,4,422
"-2:-2|-2:0|-1:0|2:-2",4052,4,602
"-1:-2|0:-1|2:-2|2:2",4053,4,741
"-2:-2|-2:2|-1:0|2:-2",4054,4,853
"-2:-1|-2:0|-1:0|2:-2",4055,4,1029
"-1:-2|0:-1|1:-2|2:2",4056,4,1032
"-2:-1|-2:2|-1:0|2:-2",4057,4,745
"-1:-2|0:-2|0:-1|2:2",4058,4,1056
"-2:-2|-2:0|-1:0|2:2",4059,4,606
"-2:-2|-1:-2|0:-1|2:2",4060,4,426
"-2:-1|-1:-1|2:-2|2:2",4061,4,866
"-2:-1|-1:-1|1:-2|2:2",4062,4,1049
"-2:-1|-1:-1|0:-2|2:2",4063,4,1069
"-2:-1|-1:-2|-1:-1|2:2",4064,4,1072
"-2:-2|-1:-2|-1:-1|2:2",4065,4,410
"-1:-1|1:-2|2:-2|2:2",4066,4,437
"-1:-1|0:-2|2:-2|2:2",4067,4,617
"-1:-2|-1:-1|2:-2|2:2",4068,4,755
"-2:-2|-1:-1|2:-2|2:2",4069,4,849
"-1:-1|0:-2|1:-2|2:2",4070,4,1037
"-1:-2|-1:-1|1:-2|2:2",4071,4,1046
"-2:-1|-2:2|-1:1|2:-2",4072,4,730
"-1:-2|-1:-1|0:-2|2:2",4073,4,1067
"-2:-2|-1:-1|0:-2|2:2",4074,4,590
"-2:-2|-1:-2|-1:-1|2:2",4075,4,410
"-2:-1|1:-2|2:-2|2:2",4076,4,451
"-2:-1|0:-2|2:-2|2:2",4077,4,631
"-2:-1|-1:-2|2:-2|2:2",4078,4,768
"-2:-2|-2:-1|2:-2|2:2",4079,4,539
"-2:-1|-2:0|-1:2|2:-2",4080,4,1041
"-2:-1|-1:-2|1:-2|2:2",4081,4,1052
"-2:-1|-2:2|-1:2|2:-2",4082,4,509
"-2:-1|-1:-2|0:-2|2:2",4083,4,1071
"-2:-2|-2:-1|0:-2|2:2",4084,4,468
"-2:-2|-2:-1|-1:-2|2:2",4085,4,393
"-2:-2|-2:-1|-2:0|2:-2",4086,4,341
"-1:-2|1:-2|2:-2|2:2",4087,4,361
"-2:-2|-2:-1|-2:2|2:-2",4088,4,380
"-1:-2|0:-2|2:-2|2:2",4089,4,559
"-2:-2|-2:0|-2:2|2:-2",4090,4,571
"-2:-2|-1:-2|2:-2|2:2",4091,4,384
"-1:-2|0:-2|1:-2|2:2",4092,4,1038
"-2:-1|-2:0|-2:2|2:-2",4093,4,563
"-2:-1|-2:1|-2:2|2:-2",4094,4,365
"-2:-2|-1:-2|0:-2|2:2",4095,4,345
"-1:-2|0:-2|1:-2|2:-2",4096,4,325
"-1:-2|0:-2|1:-2|2:-1",4097,4,1073
"-1:-2|-1:-1|0:-2|1:-2",4098,4,1074
"-1:-2|0:-2|0:-1|1:-2",4099,4,1075
"-1:-2|-1:-1|0:-2|1:-2",4100,4,1074
"-1:-2|0:-2|1:-2|2:-1",4101,4,1073
"-1:-2|0:-2|1:-2|2:0",4102,4,1076
"-1:-2|-1:0|0:-2|1:-2",4103,4,1077
"-1:-2|-1:0|0:-2|1:-2",4104,4,1077
"-1:-2|0:-2|1:-2|2:0",4105,4,1076
"-1:-2|0:-2|1:-2|2:1",4106,4,1078
"-1:-1|-1:2|0:2|1:2",4107,4,1079
"-1:-2|0:-2|0:1|1:-2",4108,4,1080
"-1:-1|-1:2|0:2|1:2",4109,4,1079
"-1:-2|0:-2|1:-2|2:1",4110,4,1078
"-1:-2|0:-2|1:-2|2:2",4111,4,1038
"-1:-2|-1:2|0:-2|1:-2",4112,4,1081
"-1:-2|0:-2|0:2|1:-2",4113,4,1082
"-1:-2|-1:2|0:-2|1:-2",4114,4,1081
"-1:-2|0:-2|1:-2|2:2",4115,4,1038
"-2:-1|-1:-2|0:-2|2:-2",4116,4,549
"-1:-2|-1:-1|0:-2|2:-2",4117,4,548
"-1:-2|0:-2|0:-1|2:-2",4118,4,547
"-1:-2|0:-2|1:-1|2:-2",4119,4,546
"-1:-2|0:-2|2:-2|2:-1",4120,4,459
"-2:-1|-2:0|-2:2|0:-2",4121,4,553
"-1:-2|-1:0|0:-2|2:-2",4122,4,552
"-1:-2|0:-2|1:0|2:-2",4123,4,551
"-1:-2|0:-2|2:-2|2:0",4124,4,550
"-1:-2|2:-1|2:0|2:2",4125,4,558
"-1:-1|-1:2|0:2|2:2",4126,4,557
"-1:-2|0:-2|0:1|2:-2",4127,4,556
"-1:-1|2:-2|2:0|2:1",4128,4,555
"-1:-2|0:-2|2:-2|2:1",4129,4,554
"-2:-1|-2:0|-2:2|2:-2",4130,4,563
"-1:-2|-1:2|0:-2|2:-2",4131,4,562
"-1:-2|0:-2|0:2|2:-2",4132,4,561
"-1:-2|0:-2|1:2|2:-2",4133,4,560
"-1:-2|0:-2|2:-2|2:2",4134,4,559
"-2:-1|-1:-2|-1:-1|0:-2",4135,4,1083
"-2:-1|-1:-2|0:-2|0:-1",4136,4,1084
"-1:-1|0:-2|1:-2|2:-1",4137,4,1085
"-2:-1|-1:-2|0:-2|2:-1",4138,4,1086
"-2:-1|-2:0|-1:-2|0:-2",4139,4,1087
"-2:-1|-1:-2|-1:0|0:-2",4140,4,1088
"-1:0|0:-2|1:-2|2:-1",4141,4,1089
"-2:-1|-1:-2|0:-2|2:0",4142,4,1090
"-1:-2|1:-2|2:-1|2:0",4143,4,1091
"-1:-1|1:-2|2:-1|2:0",4144,4,1092
"-1:0|1:-2|2:-1|2:0",4145,4,1093
"-1:-1|0:2|1:2|2:1",4146,4,1094
"-1:-2|1:2|2:0|2:1",4147,4,1095
"-2:-1|-2:0|-1:-2|2:-2",4148,4,762
"-2:-1|-1:-2|-1:2|0:-2",4149,4,1096
"-2:-1|-1:-2|0:-2|0:2",4150,4,1097
"-1:-2|0:2|1:2|2:1",4151,4,1098
"-2:-1|-1:-2|0:-2|2:2",4152,4,1071
"-1:-2|-1:-1|0:-2|0:-1",4153,4,1099
"-1:-1|0:-2|1:-2|1:-1",4154,4,1100
"-1:-2|-1:-1|0:-2|2:-1",4155,4,1101
"-2:-1|-2:0|-1:-1|0:-2",4156,4,1102
"-1:-2|-1:-1|-1:0|0:-2",4157,4,1103
"-1:-2|-1:-1|0:-2|1:0",4158,4,1104
"-1:-2|-1:-1|0:-2|2:0",4159,4,1105
"-1:-2|1:-1|2:-1|2:0",4160,4,1106
"-1:-1|-1:1|-1:2|0:2",4161,4,1107
"-1:-2|-1:-1|0:-2|0:1",4162,4,1108
"-1:-1|0:2|1:1|1:2",4163,4,1109
"-1:-2|-1:-1|0:-2|2:1",4164,4,1110
"-2:-1|-2:0|-1:-1|2:-2",4165,4,988
"-1:-2|-1:-1|-1:2|0:-2",4166,4,1111
"-1:-2|-1:-1|0:-2|0:2",4167,4,1112
"-1:-2|-1:-1|0:-2|1:2",4168,4,1113
"-1:-2|-1:-1|0:-2|2:2",4169,4,1067
"-1:-1|0:-2|0:-1|1:-2",4170,4,1114
"-1:-2|0:-2|0:-1|2:-1",4171,4,1115
"-2:-1|-2:0|-1:0|0:-2",4172,4,1116
"-1:-2|-1:0|0:-2|0:-1",4173,4,1117
"-1:-2|0:-2|0:-1|1:0",4174,4,1118
"-1:-2|0:-2|0:-1|2:0",4175,4,1119
"-1:-2|1:0|2:-1|2:0",4176,4,1120
"-1:-1|-1:2|0:1|0:2",4177,4,1121
"-1:-2|0:-2|0:-1|0:1",4178,4,1122
"-1:-1|0:1|0:2|1:2",4179,4,1123
"-1:-2|0:-2|0:-1|2:1",4180,4,1124
"-2:-1|-2:0|-1:0|2:-2",4181,4,1029
"-1:-2|-1:2|0:-2|0:-1",4182,4,1125
"-1:-2|0:-2|0:-1|0:2",4183,4,1126
"-1:-2|0:-2|0:-1|1:2",4184,4,1127
"-1:-2|0:-2|0:-1|2:2",4185,4,1056
"-1:-2|0:-2|1:-1|2:-1",4186,4,1128
"-1:-1|0:-2|1:-2|2:0",4187,4,1129
"-1:-1|0:-2|1:-2|1:0",4188,4,1130
"-1:-1|-1:0|0:-2|1:-2",4189,4,1131
"-1:-2|0:-2|1:-1|2:0",4190,4,1132
"-1:-1|0:-2|1:-2|2:1",4191,4,1133
"-1:-1|-1:2|0:2|1:1",4192,4,1134
"-1:-1|0:-2|0:1|1:-2",4193,4,1135
"-1:-1|-1:1|0:-2|1:-2",4194,4,1136
"-1:-2|0:-2|1:-1|2:1",4195,4,1137
"-1:-1|0:-2|1:-2|2:2",4196,4,1037
"-1:-1|0:-2|1:-2|1:2",4197,4,1138
"-1:-1|0:-2|0:2|1:-2",4198,4,1139
"-1:-1|-1:2|0:-2|1:-2",4199,4,1140
"-1:-2|0:-2|1:-1|2:2",4200,4,1007
"-2:-1|-2:0|-1:2|0:-2",4201,4,1141
"-1:-2|-1:0|0:-2|2:-1",4202,4,1142
"-1:-2|0:-2|1:0|2:-1",4203,4,1143
"-1:-2|0:-2|2:-1|2:0",4204,4,1144
"-1:-2|1:2|2:-1|2:0",4205,4,1145
"-1:-1|-1:2|0:2|2:1",4206,4,1146
"-1:-2|0:-2|0:1|2:-1",4207,4,1147
"-1:-1|1:-2|2:0|2:1",4208,4,1148
"-1:-2|0:-2|2:-1|2:1",4209,4,1149
"-2:-1|-2:0|-1:2|2:-2",4210,4,1041
"-1:-2|-1:2|0:-2|2:-1",4211,4,1150
"-1:-2|0:-2|0:2|2:-1",4212,4,1151
"-1:-2|0:-2|1:2|2:-1",4213,4,1152
"-1:-2|0:-2|2:-1|2:2",4214,4,799
"-2:-1|-2:0|0:-2|0:-1",4215,4,1153
"-1:0|0:-2|1:-2|2:0",4216,4,1154
"-2:-1|-2:0|0:-2|0:2",4217,4,1155
"-1:-2|0:-2|2:-1|2:0",4218,4,1144
"-1:-1|0:-2|2:-1|2:0",4219,4,1156
"-1:0|0:-2|2:-1|2:0",4220,4,1157
"-1:-1|0:2|1:2|2:0",4221,4,1158
"-1:-2|0:2|2:0|2:1",4222,4,1159
"-2:-1|-2:0|0:-2|2:-2",4223,4,625
"-2:-1|-2:0|0:-2|2:-1",4224,4,1160
"-2:-1|-2:0|0:-2|2:0",4225,4,1161
"-1:-2|0:2|1:2|2:0",4226,4,1162
"-2:-1|-2:0|0:-2|2:2",4227,4,1070
"-1:-2|-1:0|0:-2|1:0",4228,4,1163
"-1:-2|-1:0|0:-2|2:0",4229,4,1164
"-1:-2|0:-1|2:-1|2:0",4230,4,1165
"-1:-1|-1:0|-1:2|0:2",4231,4,1166
"-1:-2|-1:0|0:-2|0:1",4232,4,1167
"-1:-1|0:1|2:0|2:1",4233,4,1168
"-1:-2|-1:0|0:-2|2:1",4234,4,1169
"-2:-1|-2:0|0:-1|2:-2",4235,4,935
"-1:-2|-1:0|-1:2|0:-2",4236,4,1170
"-1:-2|-1:0|0:-2|0:2",4237,4,1171
"-1:-2|-1:0|0:-2|1:2",4238,4,1172
"-1:-2|-1:0|0:-2|2:2",4239,4,1066
"-1:-2|0:-2|1:0|2:0",4240,4,1173
"-1:-2|0:1|2:-1|2:0",4241,4,1174
"-1:-1|-1:2|0:2|1:0",4242,4,1175
"-1:-2|0:-2|0:1|1:0",4243,4,1176
"-1:-1|-1:0|0:2|1:2",4244,4,1177
"-1:-2|0:-1|2:0|2:1",4245,4,1178
"-1:0|0:-2|1:-2|2:2",4246,4,1036
"-1:-2|-1:2|0:-2|1:0",4247,4,1179
"-1:-2|0:-2|0:2|1:0",4248,4,1180
"-1:-2|-1:0|0:2|1:2",4249,4,1181
"-1:-2|0:-2|1:0|2:2",4250,4,960
"-1:-2|0:2|2:-1|2:0",4251,4,1182
"-1:-1|-1:2|0:2|2:0",4252,4,1183
"-1:-2|0:-2|0:1|2:0",4253,4,1184
"-1:-1|0:-2|2:0|2:1",4254,4,1185
"-1:-2|0:-2|2:0|2:1",4255,4,1186
"-2:-1|-2:0|0:2|2:-2",4256,4,1040
"-1:-2|-1:2|0:-2|2:0",4257,4,1187
"-1:-2|0:-2|0:2|2:0",4258,4,1188
"-1:-2|0:-2|1:2|2:0",4259,4,1189
"-1:-2|0:-2|2:0|2:2",4260,4,668
"-1:-2|-1:-1|2:-1|2:0",4261,4,1190
"-1:-2|-1:0|2:-1|2:0",4262,4,1191
"-1:-1|-1:2|2:0|2:1",4263,4,1192
"-1:-2|-1:2|2:-1|2:0",4264,4,1193
"-2:-1|-2:0|1:-2|2:-2",4265,4,445
"-2:-1|-1:-2|-1:2|0:2",4266,4,1194
"-2:-1|-1:2|0:-2|0:2",4267,4,1195
"-1:-2|0:2|1:2|2:-1",4268,4,1196
"-2:-1|-1:2|0:2|2:-2",4269,4,1053
"-1:-1|-1:0|2:-1|2:0",4270,4,1197
"-1:-1|-1:1|2:-1|2:0",4271,4,1198
"-1:-1|-1:2|0:2|2:-1",4272,4,1199
"-2:-1|-2:0|1:-1|2:-2",4273,4,900
"-1:-2|-1:-1|-1:2|0:2",4274,4,1200
"-1:-1|-1:2|0:-2|0:2",4275,4,1201
"-1:-1|-1:2|0:2|1:-2",4276,4,1202
"-1:-1|-1:2|0:2|2:-2",4277,4,1028
"-1:-1|-1:0|2:0|2:1",4278,4,1203
"-1:-2|-1:0|2:0|2:1",4279,4,1204
"-2:-1|-2:0|1:0|2:-2",4280,4,984
"-1:-2|-1:2|0:-1|0:2",4281,4,1205
"-1:-2|0:-2|0:1|0:2",4282,4,1206
"-1:-2|0:-1|0:2|1:2",4283,4,1207
"-1:-2|0:-2|0:1|2:2",4284,4,986
"-1:-2|-1:-1|2:0|2:1",4285,4,1208
"-1:-1|0:2|1:2|2:-2",4286,4,1026
"-1:-1|0:2|1:-2|1:2",4287,4,1209
"-1:-1|0:-2|0:2|1:2",4288,4,1210
"-1:-2|-1:-1|0:2|1:2",4289,4,1211
"-1:-2|0:-2|1:1|2:2",4290,4,915
"-2:-1|-2:0|1:2|2:-2",4291,4,1039
"-1:-2|-1:2|0:-2|2:1",4292,4,1212
"-1:-2|0:-2|0:2|2:1",4293,4,1213
"-1:-2|0:-2|1:2|2:1",4294,4,1214
"-1:-2|0:-2|2:1|2:2",4295,4,496
"-2:-1|-2:0|2:-2|2:-1",4296,4,540
"-2:-1|-2:0|2:-2|2:0",4297,4,710
"-1:-2|0:2|1:2|2:-2",4298,4,834
"-2:-1|-2:0|2:-2|2:2",4299,4,873
"-1:-2|-1:2|0:-2|0:2",4300,4,1215
"-1:-2|-1:2|0:-2|1:2",4301,4,1216
"-1:-2|-1:2|0:-2|2:2",4302,4,837
"-1:-2|0:-2|0:2|1:2",4303,4,1217
"-1:-2|0:-2|0:2|2:2",4304,4,713
"-1:-2|0:-2|1:2|2:2",4305,4,543
"-2:-1|-1:-2|1:-2|2:-2",4306,4,351
"-1:-2|-1:-1|1:-2|2:-2",4307,4,350
"-1:-2|0:-1|1:-2|2:-2",4308,4,349
"-1:-2|1:-2|1:-1|2:-2",4309,4,348
"-1:-2|1:-2|2:-2|2:-1",4310,4,347
"-2:-1|-2:1|-2:2|0:-2",4311,4,355
"-1:-2|-1:0|1:-2|2:-2",4312,4,354
"-1:-2|1:-2|1:0|2:-2",4313,4,353
"-1:-2|1:-2|2:-2|2:0",4314,4,352
"-1:-2|2:-1|2:1|2:2",4315,4,360
"-1:-1|-1:2|1:2|2:2",4316,4,359
"-1:-2|0:1|1:-2|2:-2",4317,4,358
"-1:-1|2:-2|2:-1|2:1",4318,4,357
"-1:-2|1:-2|2:-2|2:1",4319,4,356
"-2:-1|-2:1|-2:2|2:-2",4320,4,365
"-1:-2|-1:2|1:-2|2:-2",4321,4,364
"-1:-2|0:2|1:-2|2:-2",4322,4,363
"-1:-2|1:-2|1:2|2:-2",4323,4,362
"-1:-2|1:-2|2:-2|2:2",4324,4,361
"-1:-2|1:-2|1:-1|2:-1",4325,4,1218
"-1:-2|0:-1|1:-2|2:-1",4326,4,1219
"-1:-2|-1:-1|1:-2|2:-1",4327,4,1220
"-2:-1|-1:-2|1:-2|2:-1",4328,4,1221
"-1:-2|1:-2|2:-1|2:0",4329,4,1091
"-1:-2|1:-2|1:0|2:-1",4330,4,1222
"-1:-2|-1:0|1:-2|2:-1",4331,4,1223
"-2:-1|-1:-2|1:-2|2:0",4332,4,1224
"-1:-2|1:-2|2:-1|2:1",4333,4,1225
"-1:-1|1:-2|2:-1|2:1",4334,4,1226
"-1:-2|0:1|1:-2|2:-1",4335,4,1227
"-1:-1|-1:2|1:2|2:1",4336,4,1228
"-1:-2|1:2|2:-1|2:1",4337,4,1229
"-1:-2|1:-2|2:-1|2:2",4338,4,767
"-1:-2|1:-2|1:2|2:-1",4339,4,1230
"-1:-2|0:2|1:-2|2:-1",4340,4,1231
"-1:-2|-1:2|1:-2|2:-1",4341,4,1232
"-2:-1|-1:-2|1:-2|2:2",4342,4,1052
"-1:-2|-1:-1|0:-1|1:-2",4343,4,1233
"-1:-2|-1:-1|1:-2|1:-1",4344,4,1234
"-1:-2|-1:-1|1:-2|2:-1",4345,4,1220
"-1:-2|1:-2|1:-1|2:0",4346,4,1235
"-1:-2|-1:-1|-1:0|1:-2",4347,4,1236
"-1:-2|-1:-1|1:-2|1:0",4348,4,1237
"-1:-2|-1:-1|1:-2|2:0",4349,4,1238
"-1:-2|1:-1|2:-1|2:1",4350,4,1239
"-1:-1|-1:1|-1:2|1:2",4351,4,1240
"-1:-2|-1:-1|0:1|1:-2",4352,4,1241
"-1:-1|-1:2|1:1|1:2",4353,4,1242
"-1:-2|-1:-1|1:-2|2:1",4354,4,1243
"-1:-2|1:-2|1:-1|2:2",4355,4,992
"-1:-2|-1:-1|-1:2|1:-2",4356,4,1244
"-1:-2|-1:-1|0:2|1:-2",4357,4,1245
"-1:-2|-1:-1|1:-2|1:2",4358,4,1246
"-1:-2|-1:-1|1:-2|2:2",4359,4,1046
"-1:-2|-1:-1|0:-1|1:-2",4360,4,1233
"-1:-2|0:-1|1:-2|2:-1",4361,4,1219
"-1:-2|0:-1|1:-2|2:0",4362,4,1247
"-1:-2|-1:0|0:-1|1:-2",4363,4,1248
"-1:-2|-1:0|0:-1|1:-2",4364,4,1248
"-1:-2|0:-1|1:-2|2:0",4365,4,1247
"-1:-2|0:-1|1:-2|2:1",4366,4,1249
"-1:-1|-1:2|0:1|1:2",4367,4,1250
"-1:-2|0:-1|0:1|1:-2",4368,4,1251
"-1:-1|-1:2|0:1|1:2",4369,4,1250
"-1:-2|0:-1|1:-2|2:1",4370,4,1249
"-1:-2|0:-1|1:-2|2:2",4371,4,1032
"-1:-2|-1:2|0:-1|1:-2",4372,4,1252
"-1:-2|0:-1|0:2|1:-2",4373,4,1253
"-1:-2|-1:2|0:-1|1:-2",4374,4,1252
"-1:-2|0:-1|1:-2|2:2",4375,4,1032
"-1:-2|1:-2|1:-1|2:-1",4376,4,1218
"-1:-2|-1:-1|1:-2|2:0",4377,4,1238
"-1:-2|-1:-1|1:-2|1:0",4378,4,1237
"-1:-2|-1:-1|-1:0|1:-2",4379,4,1236
"-1:-2|1:-2|1:-1|2:0",4380,4,1235
"-1:-2|-1:-1|1:-2|2:1",4381,4,1243
"-1:-1|-1:2|1:1|1:2",4382,4,1242
"-1:-2|-1:-1|0:1|1:-2",4383,4,1241
"-1:-1|-1:1|-1:2|1:2",4384,4,1240
"-1:-2|1:-1|2:-1|2:1",4385,4,1239
"-1:-2|-1:-1|1:-2|2:2",4386,4,1046
"-1:-2|-1:-1|1:-2|1:2",4387,4,1246
"-1:-2|-1:-1|0:2|1:-2",4388,4,1245
"-1:-2|-1:-1|-1:2|1:-2",4389,4,1244
"-1:-2|1:-2|1:-1|2:2",4390,4,992
"-2:-1|-1:-2|1:-2|2:0",4391,4,1224
"-1:-2|-1:0|1:-2|2:-1",4392,4,1223
"-1:-2|1:-2|1:0|2:-1",4393,4,1222
"-1:-2|1:-2|2:-1|2:0",4394,4,1091
"-1:-2|1:2|2:-1|2:1",4395,4,1229
"-1:-1|-1:2|1:2|2:1",4396,4,1228
"-1:-2|0:1|1:-2|2:-1",4397,4,1227
"-1:-1|1:-2|2:-1|2:1",4398,4,1226
"-1:-2|1:-2|2:-1|2:1",4399,4,1225
"-2:-1|-1:-2|1:-2|2:2",4400,4,1052
"-1:-2|-1:2|1:-2|2:-1",4401,4,1232
"-1:-2|0:2|1:-2|2:-1",4402,4,1231
"-1:-2|1:-2|1:2|2:-1",4403,4,1230
"-1:-2|1:-2|2:-1|2:2",4404,4,767
"-1:-2|1:-2|1:0|2:0",4405,4,1254
"-1:-2|-1:0|1:-2|2:0",4406,4,1255
"-2:-1|-2:1|0:-2|0:2",4407,4,1256
"-1:-2|0:-2|2:-1|2:1",4408,4,1149
"-1:-1|0:-2|2:-1|2:1",4409,4,1257
"-1:-2|0:1|1:-2|2:0",4410,4,1258
"-1:-1|-1:2|1:2|2:0",4411,4,1259
"-1:-2|0:2|2:-1|2:1",4412,4,1260
"-1:-2|1:-2|2:0|2:2",4413,4,630
"-1:-2|1:-2|1:2|2:0",4414,4,1261
"-1:-2|0:2|1:-2|2:0",4415,4,1262
"-1:-2|-1:2|1:-2|2:0",4416,4,1263
"-2:-1|-2:1|0:-2|2:2",4417,4,1051
"-1:-2|-1:0|1:-2|1:0",4418,4,1264
"-1:-2|-1:0|1:-2|2:0",4419,4,1255
"-1:-2|0:-1|2:-1|2:1",4420,4,1265
"-1:-1|-1:0|-1:2|1:2",4421,4,1266
"-1:-2|-1:0|0:1|1:-2",4422,4,1267
"-1:-1|-1:2|1:0|1:2",4423,4,1268
"-1:-2|-1:0|1:-2|2:1",4424,4,1269
"-1:-2|1:-2|1:0|2:2",4425,4,939
"-1:-2|-1:0|-1:2|1:-2",4426,4,1270
"-1:-2|-1:0|0:2|1:-2",4427,4,1271
"-1:-2|-1:0|1:-2|1:2",4428,4,1272
"-1:-2|-1:0|1:-2|2:2",4429,4,1043
"-1:-2|1:-2|1:0|2:0",4430,4,1254
"-1:-2|-1:0|1:-2|2:1",4431,4,1269
"-1:-1|-1:2|1:0|1:2",4432,4,1268
"-1:-2|-1:0|0:1|1:-2",4433,4,1267
"-1:-1|-1:0|-1:2|1:2",4434,4,1266
"-1:-2|0:-1|2:-1|2:1",4435,4,1265
"-1:-2|-1:0|1:-2|2:2",4436,4,1043
"-1:-2|-1:0|1:-2|1:2",4437,4,1272
"-1:-2|-1:0|0:2|1:-2",4438,4,1271
"-1:-2|-1:0|-1:2|1:-2",4439,4,1270
"-1:-2|1:-2|1:0|2:2",4440,4,939
"-1:-2|0:2|2:-1|2:1",4441,4,1260
"-1:-1|-1:2|1:2|2:0",4442,4,1259
"-1:-2|0:1|1:-2|2:0",4443,4,1258
"-1:-1|0:-2|2:-1|2:1",4444,4,1257
"-1:-2|0:-2|2:-1|2:1",4445,4,1149
"-2:-1|-2:1|0:-2|2:2",4446,4,1051
"-1:-2|-1:2|1:-2|2:0",4447,4,1263
"-1:-2|0:2|1:-2|2:0",4448,4,1262
"-1:-2|1:-2|1:2|2:0",4449,4,1261
"-1:-2|1:-2|2:0|2:2",4450,4,630
"-1:-2|-1:-1|2:-1|2:1",4451,4,1273
"-1:-2|-1:0|2:-1|2:1",4452,4,1274
"-1:-1|-1:2|1:2|2:-1",4453,4,1275
"-1:-2|-1:2|2:-1|2:1",4454,4,1276
"-1:-2|1:-2|2:1|2:2",4455,4,450
"-1:-2|1:-2|1:2|2:1",4456,4,1277
"-1:-2|0:2|1:-2|2:1",4457,4,1278
"-1:-2|-1:2|1:-2|2:1",4458,4,1279
"-2:-1|-1:2|1:2|2:-2",4459,4,1050
"-1:-1|-1:0|2:-1|2:1",4460,4,1280
"-1:-1|-1:1|2:-1|2:1",4461,4,1281
"-1:-1|-1:2|1:2|2:-1",4462,4,1275
"-1:-2|1:-2|1:1|2:2",4463,4,903
"-1:-2|-1:-1|-1:2|1:2",4464,4,1282
"-1:-1|-1:2|0:-2|1:2",4465,4,1283
"-1:-1|-1:2|1:-2|1:2",4466,4,1284
"-1:-1|-1:2|1:2|2:-2",4467,4,1027
"-1:-1|-1:0|2:-1|2:1",4468,4,1280
"-1:-2|-1:0|2:-1|2:1",4469,4,1274
"-1:-2|0:1|1:-2|2:2",4470,4,985
"-1:-2|-1:2|0:-1|1:2",4471,4,1285
"-1:-2|0:1|0:2|1:-2",4472,4,1286
"-1:-2|-1:2|0:-1|1:2",4473,4,1285
"-1:-2|0:1|1:-2|2:2",4474,4,985
"-1:-2|-1:-1|2:-1|2:1",4475,4,1273
"-1:-1|-1:2|1:2|2:-2",4476,4,1027
"-1:-1|-1:2|1:-2|1:2",4477,4,1284
"-1:-1|-1:2|0:-2|1:2",4478,4,1283
"-1:-2|-1:-1|-1:2|1:2",4479,4,1282
"-1:-2|1:-2|1:1|2:2",4480,4,903
"-2:-1|-1:2|1:2|2:-2",4481,4,1050
"-1:-2|-1:2|1:-2|2:1",4482,4,1279
"-1:-2|0:2|1:-2|2:1",4483,4,1278
"-1:-2|1:-2|1:2|2:1",4484,4,1277
"-1:-2|1:-2|2:1|2:2",4485,4,450
"-1:-2|1:-2|1:2|2:2",4486,4,541
"-1:-2|0:2|1:-2|2:2",4487,4,711
"-1:-2|-1:2|1:-2|2:2",4488,4,835
"-2:-1|-2:1|2:-2|2:2",4489,4,874
"-1:-2|-1:2|0:-2|1:2",4490,4,1216
"-1:-2|-1:2|1:-2|1:2",4491,4,1287
"-1:-2|-1:2|1:-2|2:2",4492,4,835
"-1:-2|-1:2|0:-2|1:2",4493,4,1216
"-1:-2|0:2|1:-2|2:2",4494,4,711
"-1:-2|1:-2|1:2|2:2",4495,4,541
"-2:-1|-1:-2|-1:-1|2:-2",4496,4,746
"-2:-1|-1:-2|0:-1|2:-2",4497,4,732
"-2:-1|-1:-2|1:-1|2:-2",4498,4,717
"-2:-1|-1:-2|2:-2|2:-1",4499,4,506
"-2:-1|-2:0|-1:-2|2:-2",4500,4,762
"-2:-1|-1:-2|-1:0|2:-2",4501,4,761
"-2:-1|-1:-2|1:0|2:-2",4502,4,760
"-2:-1|-1:-2|2:-2|2:0",4503,4,678
"-1:-2|1:-2|2:-1|2:2",4504,4,767
"-1:-1|1:-2|2:-1|2:2",4505,4,766
"-1:0|1:-2|2:-1|2:2",4506,4,765
"-1:-1|1:2|2:-2|2:1",4507,4,764
"-1:-2|1:2|2:-2|2:1",4508,4,763
"-2:-1|-2:2|-1:-2|2:-2",4509,4,772
"-2:-1|-1:-2|-1:2|2:-2",4510,4,771
"-2:-1|-1:-2|0:2|2:-2",4511,4,770
"-2:-1|-1:-2|1:2|2:-2",4512,4,769
"-2:-1|-1:-2|2:-2|2:2",4513,4,768
"-1:-2|-1:-1|0:-1|2:-2",4514,4,731
"-1:-2|-1:-1|1:-1|2:-2",4515,4,716
"-1:-2|-1:-1|2:-2|2:-1",4516,4,502
"-2:-1|-2:2|-1:-1|0:-2",4517,4,749
"-1:-2|-1:-1|-1:0|2:-2",4518,4,748
"-1:-2|-1:-1|1:0|2:-2",4519,4,747
"-1:-2|-1:-1|2:-2|2:0",4520,4,674
"-1:-2|1:-1|2:-1|2:2",4521,4,754
"-1:-1|-1:1|-1:2|2:2",4522,4,753
"-1:-2|-1:-1|0:1|2:-2",4523,4,752
"-1:-1|1:1|2:-2|2:1",4524,4,751
"-1:-2|-1:-1|2:-2|2:1",4525,4,750
"-2:-1|-2:2|-1:-1|2:-2",4526,4,759
"-1:-2|-1:-1|-1:2|2:-2",4527,4,758
"-1:-2|-1:-1|0:2|2:-2",4528,4,757
"-1:-2|-1:-1|1:2|2:-2",4529,4,756
"-1:-2|-1:-1|2:-2|2:2",4530,4,755
"-1:-2|0:-1|1:-1|2:-2",4531,4,715
"-1:-2|0:-1|2:-2|2:-1",4532,4,471
"-2:-1|-2:2|-1:0|0:-2",4533,4,735
"-1:-2|-1:0|0:-1|2:-2",4534,4,734
"-1:-2|0:-1|1:0|2:-2",4535,4,733
"-1:-2|0:-1|2:-2|2:0",4536,4,643
"-1:-2|1:0|2:-1|2:2",4537,4,740
"-1:-1|-1:2|0:1|2:2",4538,4,739
"-1:-2|0:-1|0:1|2:-2",4539,4,738
"-1:-1|1:0|2:-2|2:1",4540,4,737
"-1:-2|0:-1|2:-2|2:1",4541,4,736
"-2:-1|-2:2|-1:0|2:-2",4542,4,745
"-1:-2|-1:2|0:-1|2:-2",4543,4,744
"-1:-2|0:-1|0:2|2:-2",4544,4,743
"-1:-2|0:-1|1:2|2:-2",4545,4,742
"-1:-2|0:-1|2:-2|2:2",4546,4,741
"-1:-2|1:-1|2:-2|2:-1",4547,4,401
"-2:-1|-2:2|-1:1|0:-2",4548,4,720
"-1:-2|-1:0|1:-1|2:-2",4549,4,719
"-1:-2|1:-1|1:0|2:-2",4550,4,718
"-1:-2|1:-1|2:-2|2:0",4551,4,581
"-1:-2|1:1|2:-1|2:2",4552,4,725
"-1:-1|-1:2|1:1|2:2",4553,4,724
"-1:-2|0:1|1:-1|2:-2",4554,4,723
"-1:-1|1:-1|2:-2|2:1",4555,4,722
"-1:-2|1:-1|2:-2|2:1",4556,4,721
"-2:-1|-2:2|-1:1|2:-2",4557,4,730
"-1:-2|-1:2|1:-1|2:-2",4558,4,729
"-1:-2|0:2|1:-1|2:-2",4559,4,728
"-1:-2|1:-1|1:2|2:-2",4560,4,727
"-1:-2|1:-1|2:-2|2:2",4561,4,726
"-2:-1|-2:2|-1:2|0:-2",4562,4,507
"-1:-2|-1:0|2:-2|2:-1",4563,4,503
"-1:-2|1:0|2:-2|2:-1",4564,4,417
"-1:-2|2:-2|2:-1|2:0",4565,4,336
"-1:-2|1:2|2:-1|2:2",4566,4,508
"-1:-1|-1:2|2:1|2:2",4567,4,504
"-1:-2|0:1|2:-2|2:-1",4568,4,482
"-1:-1|1:-2|2:-2|2:1",4569,4,432
"-1:-2|1:-2|2:-2|2:1",4570,4,356
"-2:-1|-2:2|-1:2|2:-2",4571,4,509
"-1:-2|-1:2|2:-2|2:-1",4572,4,505
"-1:-2|0:2|2:-2|2:-1",4573,4,492
"-1:-2|1:2|2:-2|2:-1",4574,4,446
"-1:-2|2:-2|2:-1|2:2",4575,4,375
"-2:-1|-2:2|0:-2|0:-1",4576,4,784
"-2:-1|-2:2|0:-2|0:1",4577,4,774
"-2:-1|-2:2|0:-2|0:2",4578,4,679
"-1:-2|0:-2|2:-1|2:2",4579,4,799
"-1:-1|0:-2|2:-1|2:2",4580,4,798
"-1:0|0:-2|2:-1|2:2",4581,4,797
"-1:-1|0:2|2:-2|2:1",4582,4,796
"-1:-2|0:2|2:-2|2:1",4583,4,795
"-2:-1|-2:2|0:-2|2:-2",4584,4,635
"-2:-1|-2:2|0:-2|2:-1",4585,4,803
"-2:-1|-2:2|0:-2|2:0",4586,4,802
"-2:-1|-2:2|0:-2|2:1",4587,4,801
"-2:-1|-2:2|0:-2|2:2",4588,4,800
"-1:-2|-1:0|1:0|2:-2",4589,4,773
"-1:-2|-1:0|2:-2|2:0",4590,4,675
"-1:-2|0:-1|2:-1|2:2",4591,4,789
"-1:-1|-1:0|-1:2|2:2",4592,4,788
"-1:-2|-1:0|0:1|2:-2",4593,4,787
"-1:-1|0:1|2:-2|2:1",4594,4,786
"-1:-2|-1:0|2:-2|2:1",4595,4,785
"-2:-1|-2:2|0:-1|2:-2",4596,4,794
"-1:-2|-1:0|-1:2|2:-2",4597,4,793
"-1:-2|-1:0|0:2|2:-2",4598,4,792
"-1:-2|-1:0|1:2|2:-2",4599,4,791
"-1:-2|-1:0|2:-2|2:2",4600,4,790
"-1:-2|1:0|2:-2|2:0",4601,4,597
"-1:-2|0:1|2:-1|2:2",4602,4,778
"-1:-1|-1:2|1:0|2:2",4603,4,777
"-1:-2|0:1|1:0|2:-2",4604,4,776
"-1:-1|0:-1|2:-2|2:1",4605,4,775
"-1:-2|0:-1|2:-2|2:1",4606,4,736
"-2:-1|-2:2|0:1|2:-2",4607,4,783
"-1:-2|-1:2|1:0|2:-2",4608,4,782
"-1:-2|0:2|1:0|2:-2",4609,4,781
"-1:-2|1:0|1:2|2:-2",4610,4,780
"-1:-2|1:0|2:-2|2:2",4611,4,779
"-1:-2|0:2|2:-1|2:2",4612,4,680
"-1:-1|-1:2|2:0|2:2",4613,4,676
"-1:-2|0:1|2:-2|2:0",4614,4,654
"-1:-1|0:-2|2:-2|2:1",4615,4,612
"-1:-2|0:-2|2:-2|2:1",4616,4,554
"-2:-1|-2:2|0:2|2:-2",4617,4,681
"-1:-2|-1:2|2:-2|2:0",4618,4,677
"-1:-2|0:2|2:-2|2:0",4619,4,664
"-1:-2|1:2|2:-2|2:0",4620,4,626
"-1:-2|2:-2|2:0|2:2",4621,4,568
"-1:-2|-1:-1|2:-1|2:2",4622,4,822
"-1:-2|-1:0|2:-1|2:2",4623,4,816
"-1:-1|-1:2|2:-2|2:1",4624,4,809
"-1:-2|-1:2|2:-1|2:2",4625,4,805
"-2:-1|-2:2|1:-2|2:-2",4626,4,455
"-2:-1|-1:-2|-1:2|2:2",4627,4,831
"-2:-1|-1:2|0:-2|2:2",4628,4,830
"-2:-1|-1:2|1:-2|2:2",4629,4,829
"-2:-1|-1:2|2:-2|2:2",4630,4,828
"-1:-1|-1:0|2:-1|2:2",4631,4,815
"-1:-1|-1:1|2:-1|2:2",4632,4,808
"-1:-1|-1:2|2:-1|2:2",4633,4,804
"-2:-1|-2:2|1:-1|2:-2",4634,4,827
"-1:-2|-1:-1|-1:2|2:2",4635,4,826
"-1:-1|-1:2|0:-2|2:2",4636,4,825
"-1:-1|-1:2|1:-2|2:2",4637,4,824
"-1:-1|-1:2|2:-2|2:2",4638,4,823
"-1:-1|-1:0|2:-2|2:1",4639,4,807
"-1:-2|-1:0|2:-2|2:1",4640,4,785
"-2:-1|-2:2|1:0|2:-2",4641,4,821
"-1:-2|-1:2|0:-1|2:2",4642,4,820
"-1:-2|0:1|0:2|2:-2",4643,4,819
"-1:-2|0:1|1:2|2:-2",4644,4,818
"-1:-2|0:1|2:-2|2:2",4645,4,817
"-1:-2|-1:-1|2:-2|2:1",4646,4,750
"-2:-1|-2:2|1:1|2:-2",4647,4,814
"-1:-2|-1:2|1:-1|2:2",4648,4,813
"-1:-2|0:2|1:1|2:-2",4649,4,812
"-1:-2|1:1|1:2|2:-2",4650,4,811
"-1:-2|1:1|2:-2|2:2",4651,4,810
"-2:-1|-2:2|1:2|2:-2",4652,4,806
"-1:-2|-1:2|2:-1|2:2",4653,4,805
"-1:-2|0:2|2:-2|2:1",4654,4,795
"-1:-2|1:2|2:-2|2:1",4655,4,763
"-1:-2|2:-2|2:1|2:2",4656,4,379
"-2:-1|-2:2|2:-2|2:-1",4657,4,542
"-2:-1|-2:2|2:-2|2:0",4658,4,712
"-2:-1|-2:2|2:-2|2:1",4659,4,836
"-2:-1|-2:2|2:-2|2:2",4660,4,833
"-1:-2|-1:2|0:-2|2:2",4661,4,837
"-1:-2|-1:2|1:-2|2:2",4662,4,835
"-1:-2|-1:2|2:-2|2:2",4663,4,832
"-1:-2|0:2|1:2|2:-2",4664,4,834
"-1:-2|0:2|2:-2|2:2",4665,4,708
"-1:-2|1:2|2:-2|2:2",4666,4,538
"-2:-1|-1:-2|-1:-1|-1:0",4667,4,1288
"-1:-1|1:-2|1:-1|2:-1",4668,4,1289
"-2:-1|-1:-2|-1:-1|-1:2",4669,4,1290
"-2:-1|-1:-2|-1:-1|0:-2",4670,4,1083
"-2:-1|-1:-2|-1:-1|-1:0",4671,4,1288
"-1:0|1:-2|1:-1|2:-1",4672,4,1291
"-2:-1|-1:-2|-1:-1|0:2",4673,4,1292
"-1:-2|1:-2|1:-1|2:-1",4674,4,1218
"-1:-1|1:-2|1:-1|2:-1",4675,4,1289
"-1:0|1:-2|1:-1|2:-1",4676,4,1291
"-1:-1|1:1|1:2|2:1",4677,4,1293
"-1:-2|1:1|1:2|2:1",4678,4,1294
"-2:-1|-1:-2|-1:-1|2:-2",4679,4,746
"-2:-1|-1:-2|-1:-1|-1:2",4680,4,1290
"-2:-1|-1:-2|-1:-1|0:2",4681,4,1292
"-1:-2|1:1|1:2|2:1",4682,4,1294
"-2:-1|-1:-2|-1:-1|2:2",4683,4,1072
"-1:-1|0:-1|1:-2|2:-1",4684,4,1295
"-2:-1|-1:-2|-1:0|-1:2",4685,4,1296
"-2:-1|-1:-2|-1:0|0:-2",4686,4,1088
"-2:-1|-1:-2|-1:0|0:-1",4687,4,1297
"-1:0|0:-1|1:-2|2:-1",4688,4,1298
"-2:-1|-1:-2|-1:0|0:2",4689,4,1299
"-1:-2|1:-2|1:0|2:-1",4690,4,1222
"-1:-1|1:-2|1:0|2:-1",4691,4,1300
"-1:0|1:-2|1:0|2:-1",4692,4,1301
"-1:-1|0:1|1:2|2:1",4693,4,1302
"-1:-2|1:0|1:2|2:1",4694,4,1303
"-2:-1|-1:-2|-1:0|2:-2",4695,4,761
"-2:-1|-1:-2|-1:0|2:-1",4696,4,1304
"-2:-1|-1:-2|-1:0|2:0",4697,4,1305
"-1:-2|0:1|1:2|2:1",4698,4,1306
"-2:-1|-1:-2|-1:0|2:2",4699,4,1065
"-2:-1|-1:-1|1:-2|2:-1",4700,4,1307
"-1:-1|1:-2|2:-1|2:0",4701,4,1092
"-1:-1|1:-2|1:0|2:-1",4702,4,1300
"-1:-1|-1:0|1:-2|2:-1",4703,4,1308
"-2:-1|-1:-2|-1:1|0:2",4704,4,1309
"-1:-1|1:-2|2:-1|2:1",4705,4,1226
"-1:-1|1:-2|1:1|2:-1",4706,4,1310
"-1:-1|0:1|1:-2|2:-1",4707,4,1311
"-1:-1|-1:1|1:-2|2:-1",4708,4,1312
"-1:-2|1:-1|1:2|2:1",4709,4,1313
"-1:-1|1:-2|2:-1|2:2",4710,4,766
"-1:-1|1:-2|1:2|2:-1",4711,4,1314
"-1:-1|0:2|1:-2|2:-1",4712,4,1315
"-1:-1|-1:2|1:-2|2:-1",4713,4,1316
"-2:-1|-1:-2|-1:1|2:2",4714,4,1025
"-2:-1|-1:-2|-1:2|0:-2",4715,4,1096
"-2:-1|-1:-2|-1:0|2:-1",4716,4,1304
"-2:-1|-1:-2|-1:2|0:1",4717,4,1317
"-2:-1|-1:-2|-1:2|0:2",4718,4,1194
"-1:-2|1:-2|1:2|2:-1",4719,4,1230
"-1:-1|1:-2|1:2|2:-1",4720,4,1314
"-1:0|1:-2|1:2|2:-1",4721,4,1318
"-1:-1|1:-2|1:2|2:1",4722,4,1319
"-1:-2|1:-2|1:2|2:1",4723,4,1277
"-2:-1|-1:-2|-1:2|2:-2",4724,4,771
"-2:-1|-1:-2|-1:2|2:-1",4725,4,1320
"-2:-1|-1:-2|-1:2|2:0",4726,4,1321
"-2:-1|-1:-2|-1:2|2:1",4727,4,1322
"-2:-1|-1:-2|-1:2|2:2",4728,4,831
"-2:-1|-1:-2|0:-2|0:-1",4729,4,1084
"-1:0|1:-2|2:-1|2:0",4730,4,1093
"-2:-1|-1:-2|0:-2|0:2",4731,4,1097
"-1:-2|0:-2|1:-2|2:-1",4732,4,1073
"-1:-1|0:-2|1:-2|2:-1",4733,4,1085
"-1:0|0:-2|1:-2|2:-1",4734,4,1089
"-1:-1|0:2|1:2|2:1",4735,4,1094
"-1:-2|0:2|1:2|2:1",4736,4,1098
"-2:-1|-1:-2|0:-2|2:-2",4737,4,549
"-2:-1|-1:-2|0:-2|2:-1",4738,4,1086
"-2:-1|-1:-2|0:-2|2:0",4739,4,1090
"-1:-2|1:2|2:0|2:1",4740,4,1095
"-2:-1|-1:-2|0:-2|2:2",4741,4,1071
"-1:0|1:-2|1:0|2:-1",4742,4,1301
"-2:-1|-1:-2|-1:0|2:0",4743,4,1305
"-1:-2|0:-1|1:-2|2:-1",4744,4,1219
"-1:-1|0:-1|1:-2|2:-1",4745,4,1295
"-1:0|0:-1|1:-2|2:-1",4746,4,1298
"-1:-1|0:1|1:2|2:1",4747,4,1302
"-1:-2|0:1|1:2|2:1",4748,4,1306
"-2:-1|-1:-2|0:-1|2:-2",4749,4,732
"-2:-1|-1:-2|-1:0|-1:2",4750,4,1296
"-2:-1|-1:-2|-1:0|0:2",4751,4,1299
"-1:-2|1:0|1:2|2:1",4752,4,1303
"-2:-1|-1:-2|-1:0|2:2",4753,4,1065
"-2:-1|-1:-2|0:1|0:2",4754,4,1323
"-1:-2|0:1|1:-2|2:-1",4755,4,1227
"-1:-1|0:1|1:-2|2:-1",4756,4,1311
"-1:0|0:-1|1:2|2:1",4757,4,1324
"-1:-1|-1:0|1:2|2:1",4758,4,1325
"-1:-2|0:-1|1:2|2:1",4759,4,1326
"-1:0|1:-2|2:-1|2:2",4760,4,765
"-1:0|1:-2|1:2|2:-1",4761,4,1318
"-1:0|0:-2|1:2|2:1",4762,4,1327
"-1:-2|-1:0|1:2|2:1",4763,4,1328
"-2:-1|-1:-2|0:1|2:2",4764,4,983
"-1:-2|0:2|1:-2|2:-1",4765,4,1231
"-1:-1|0:2|1:-2|2:-1",4766,4,1315
"-1:0|0:-2|1:2|2:1",4767,4,1327
"-1:-1|0:-2|1:2|2:1",4768,4,1329
"-1:-2|0:-2|1:2|2:1",4769,4,1214
"-2:-1|-1:-2|0:2|2:-2",4770,4,770
"-2:-1|-1:-2|-1:2|2:0",4771,4,1321
"-2:-1|-1:-2|0:2|2:0",4772,4,1330
"-2:-1|-1:-2|0:2|2:1",4773,4,1331
"-2:-1|-1:-2|0:2|2:2",4774,4,706
"-1:-2|-1:-1|1:-2|2:-1",4775,4,1220
"-1:-2|-1:0|1:-2|2:-1",4776,4,1223
"-1:-1|-1:2|1:2|2:1",4777,4,1228
"-1:-2|-1:2|1:-2|2:-1",4778,4,1232
"-2:-1|-1:-2|1:-2|2:-2",4779,4,351
"-2:-1|-1:-2|1:-2|2:-1",4780,4,1221
"-2:-1|-1:-2|1:-2|2:0",4781,4,1224
"-1:-2|1:2|2:-1|2:1",4782,4,1229
"-2:-1|-1:-2|1:-2|2:2",4783,4,1052
"-1:-1|-1:0|1:-2|2:-1",4784,4,1308
"-1:-1|-1:1|1:-2|2:-1",4785,4,1312
"-1:-1|-1:2|1:-2|2:-1",4786,4,1316
"-2:-1|-1:-2|1:-1|2:-2",4787,4,717
"-2:-1|-1:-1|1:-2|2:-1",4788,4,1307
"-2:-1|-1:-2|-1:1|0:2",4789,4,1309
"-1:-2|1:-1|1:2|2:1",4790,4,1313
"-2:-1|-1:-2|-1:1|2:2",4791,4,1025
"-1:-1|-1:0|1:2|2:1",4792,4,1325
"-1:-2|-1:0|1:2|2:1",4793,4,1328
"-2:-1|-1:-2|1:0|2:-2",4794,4,760
"-2:-1|-1:-2|-1:2|0:1",4795,4,1317
"-2:-1|-1:-2|0:1|0:2",4796,4,1323
"-1:-2|0:-1|1:2|2:1",4797,4,1326
"-2:-1|-1:-2|0:1|2:2",4798,4,983
"-1:-2|-1:-1|1:2|2:1",4799,4,1332
"-1:-1|1:2|2:-2|2:1",4800,4,764
"-1:-1|1:-2|1:2|2:1",4801,4,1319
"-1:-1|0:-2|1:2|2:1",4802,4,1329
"-1:-2|-1:-1|1:2|2:1",4803,4,1332
"-2:-1|-1:-2|1:1|2:2",4804,4,920
"-2:-1|-1:-2|1:2|2:-2",4805,4,769
"-2:-1|-1:-2|-1:2|2:1",4806,4,1322
"-2:-1|-1:-2|0:2|2:1",4807,4,1331
"-2:-1|-1:-2|1:2|2:1",4808,4,1333
"-2:-1|-1:-2|1:2|2:2",4809,4,534
"-2:-1|-1:-2|2:-2|2:-1",4810,4,506
"-2:-1|-1:-2|2:-2|2:0",4811,4,678
"-1:-2|1:2|2:-2|2:1",4812,4,763
"-2:-1|-1:-2|2:-2|2:2",4813,4,768
"-2:-1|-1:-2|-1:2|0:2",4814,4,1194
"-1:-2|1:-2|1:2|2:1",4815,4,1277
"-2:-1|-1:-2|-1:2|2:2",4816,4,831
"-1:-2|0:-2|1:2|2:1",4817,4,1214
"-2:-1|-1:-2|0:2|2:2",4818,4,706
"-2:-1|-1:-2|1:2|2:2",4819,4,534
"-1:-1|0:-1|1:-2|1:-1",4820,4,1334
"-1:-2|-1:-1|0:-1|2:-1",4821,4,1335
"-2:-1|-1:-1|-1:0|0:-2",4822,4,1336
"-1:-2|-1:-1|-1:0|0:-1",4823,4,1337
"-1:-2|-1:-1|0:-1|1:0",4824,4,1338
"-1:-2|-1:-1|0:-1|2:0",4825,4,1339
"-1:-2|1:-1|1:0|2:-1",4826,4,1340
"-1:-1|-1:1|-1:2|0:1",4827,4,1341
"-1:-2|-1:-1|0:-1|0:1",4828,4,1342
"-1:-1|0:1|1:1|1:2",4829,4,1343
"-1:-2|-1:-1|0:-1|2:1",4830,4,1344
"-2:-1|-1:-1|-1:0|2:-2",4831,4,987
"-1:-2|-1:-1|-1:2|0:-1",4832,4,1345
"-1:-2|-1:-1|0:-1|0:2",4833,4,1346
"-1:-2|-1:-1|0:-1|1:2",4834,4,1347
"-1:-2|-1:-1|0:-1|2:2",4835,4,1061
"-1:-2|-1:-1|1:-1|2:-1",4836,4,1348
"-1:-1|1:-2|1:-1|2:0",4837,4,1349
"-1:-1|1:-2|1:-1|1:0",4838,4,1350
"-1:-1|-1:0|1:-2|1:-1",4839,4,1351
"-1:-2|-1:-1|1:-1|2:0",4840,4,1352
"-1:-1|1:-2|1:-1|2:1",4841,4,1353
"-1:-1|-1:1|-1:2|1:1",4842,4,1354
"-1:-1|0:1|1:-2|1:-1",4843,4,1355
"-1:-1|-1:1|1:-2|1:-1",4844,4,1356
"-1:-2|-1:-1|1:-1|2:1",4845,4,1357
"-1:-1|1:-2|1:-1|2:2",4846,4,991
"-1:-1|1:-2|1:-1|1:2",4847,4,1358
"-1:-1|0:2|1:-2|1:-1",4848,4,1359
"-1:-1|-1:2|1:-2|1:-1",4849,4,1360
"-1:-2|-1:-1|1:-1|2:2",4850,4,1019
"-2:-1|-1:-1|-1:2|0:-2",4851,4,1361
"-1:-2|-1:-1|-1:0|2:-1",4852,4,1362
"-1:-2|-1:-1|1:0|2:-1",4853,4,1363
"-1:-2|-1:-1|2:-1|2:0",4854,4,1190
"-1:-2|1:-1|1:2|2:-1",4855,4,1364
"-1:-1|-1:1|-1:2|2:1",4856,4,1365
"-1:-2|-1:-1|0:1|2:-1",4857,4,1366
"-1:-1|1:-2|1:1|2:1",4858,4,1367
"-1:-2|-1:-1|2:-1|2:1",4859,4,1273
"-2:-1|-1:-1|-1:2|2:-2",4860,4,995
"-1:-2|-1:-1|-1:2|2:-1",4861,4,1368
"-1:-2|-1:-1|0:2|2:-1",4862,4,1369
"-1:-2|-1:-1|1:2|2:-1",4863,4,1370
"-1:-2|-1:-1|2:-1|2:2",4864,4,822
"-2:-1|-1:-1|0:-2|0:-1",4865,4,1371
"-1:0|1:-2|1:-1|2:0",4866,4,1372
"-2:-1|-1:-1|0:-2|0:2",4867,4,1373
"-1:-2|0:-2|1:-1|2:-1",4868,4,1128
"-1:-1|0:-2|1:-1|2:-1",4869,4,1374
"-1:0|0:-2|1:-1|2:-1",4870,4,1375
"-1:-1|0:2|1:1|2:1",4871,4,1376
"-1:-2|0:2|1:1|2:1",4872,4,1377
"-2:-1|-1:-1|0:-2|2:-2",4873,4,607
"-2:-1|-1:-1|0:-2|2:-1",4874,4,1378
"-2:-1|-1:-1|0:-2|2:0",4875,4,1379
"-1:-2|1:1|1:2|2:0",4876,4,1380
"-2:-1|-1:-1|0:-2|2:2",4877,4,1069
"-1:-2|-1:-1|-1:0|1:0",4878,4,1381
"-1:-2|-1:-1|-1:0|2:0",4879,4,1382
"-1:-2|0:-1|1:-1|2:-1",4880,4,1383
"-1:-1|-1:0|-1:1|-1:2",4881,4,1384
"-1:-2|-1:-1|-1:0|0:1",4882,4,1385
"-1:-1|0:1|1:1|2:1",4883,4,1386
"-1:-2|-1:-1|-1:0|2:1",4884,4,1387
"-2:-1|-1:-1|0:-1|2:-2",4885,4,921
"-1:-2|-1:-1|-1:0|-1:2",4886,4,1388
"-1:-2|-1:-1|-1:0|0:2",4887,4,1389
"-1:-2|-1:-1|-1:0|1:2",4888,4,1390
"-1:-2|-1:-1|-1:0|2:2",4889,4,1063
"-1:-2|-1:-1|1:0|2:0",4890,4,1391
"-1:-2|0:1|1:-1|2:-1",4891,4,1392
"-1:-1|-1:1|-1:2|1:0",4892,4,1393
"-1:-2|-1:-1|0:1|1:0",4893,4,1394
"-1:-1|-1:0|1:1|1:2",4894,4,1395
"-1:-2|-1:-1|1:0|2:1",4895,4,1396
"-1:0|1:-2|1:-1|2:2",4896,4,990
"-1:-2|-1:-1|-1:2|1:0",4897,4,1397
"-1:-2|-1:-1|0:2|1:0",4898,4,1398
"-1:-2|-1:-1|1:0|1:2",4899,4,1399
"-1:-2|-1:-1|1:0|2:2",4900,4,977
"-1:-2|0:2|1:-1|2:-1",4901,4,1400
"-1:-1|-1:1|-1:2|2:0",4902,4,1401
"-1:-2|-1:-1|0:1|2:0",4903,4,1402
"-1:-1|0:-2|1:1|2:1",4904,4,1403
"-1:-2|-1:-1|2:0|2:1",4905,4,1208
"-2:-1|-1:-1|0:2|2:-2",4906,4,994
"-1:-2|-1:-1|-1:2|2:0",4907,4,1404
"-1:-2|-1:-1|0:2|2:0",4908,4,1405
"-1:-2|-1:-1|1:2|2:0",4909,4,1406
"-1:-2|-1:-1|2:0|2:2",4910,4,697
"-1:-2|-1:-1|1:-1|2:-1",4911,4,1348
"-1:-2|-1:0|1:-1|2:-1",4912,4,1407
"-1:-1|-1:2|1:1|2:1",4913,4,1408
"-1:-2|-1:2|1:-1|2:-1",4914,4,1409
"-2:-1|-1:-1|1:-2|2:-2",4915,4,427
"-2:-1|-1:-1|1:-2|2:-1",4916,4,1307
"-2:-1|-1:-1|1:-2|2:0",4917,4,1410
"-1:-2|1:1|1:2|2:-1",4918,4,1411
"-2:-1|-1:-1|1:-2|2:2",4919,4,1049
"-1:-1|-1:0|1:-1|2:-1",4920,4,1412
"-1:-1|-1:1|-1:2|1:-1",4921,4,1413
"-1:-1|-1:1|-1:2|2:-1",4922,4,1414
"-2:-1|-1:-1|1:-1|2:-2",4923,4,888
"-1:-2|-1:-1|-1:1|-1:2",4924,4,1415
"-1:-1|-1:1|-1:2|0:-2",4925,4,1416
"-1:-1|-1:1|-1:2|1:-2",4926,4,1417
"-1:-1|-1:1|-1:2|2:-2",4927,4,1022
"-1:-1|-1:0|1:1|2:1",4928,4,1418
"-1:-2|-1:-1|0:1|2:1",4929,4,1419
"-2:-1|-1:-1|1:0|2:-2",4930,4,967
"-1:-2|-1:-1|-1:2|0:1",4931,4,1420
"-1:-2|-1:-1|0:1|0:2",4932,4,1421
"-1:-2|-1:-1|0:1|1:2",4933,4,1422
"-1:-2|-1:-1|0:1|2:2",4934,4,980
"-1:-2|-1:-1|1:1|2:1",4935,4,1423
"-1:-1|1:1|1:2|2:-2",4936,4,989
"-1:-1|1:-2|1:1|1:2",4937,4,1424
"-1:-1|0:-2|1:1|1:2",4938,4,1425
"-1:-2|-1:-1|1:1|1:2",4939,4,1426
"-1:-2|-1:-1|1:1|2:2",4940,4,918
"-2:-1|-1:-1|1:2|2:-2",4941,4,993
"-1:-2|-1:-1|-1:2|2:1",4942,4,1427
"-1:-2|-1:-1|0:2|2:1",4943,4,1428
"-1:-2|-1:-1|1:2|2:1",4944,4,1332
"-1:-2|-1:-1|2:1|2:2",4945,4,525
"-2:-1|-1:-1|2:-2|2:-1",4946,4,514
"-2:-1|-1:-1|2:-2|2:0",4947,4,686
"-1:-2|1:1|1:2|2:-2",4948,4,811
"-2:-1|-1:-1|2:-2|2:2",4949,4,866
"-1:-2|-1:-1|-1:2|0:2",4950,4,1200
"-1:-2|-1:-1|-1:2|1:2",4951,4,1282
"-1:-2|-1:-1|-1:2|2:2",4952,4,826
"-1:-2|-1:-1|0:2|1:2",4953,4,1211
"-1:-2|-1:-1|0:2|2:2",4954,4,701
"-1:-2|-1:-1|1:2|2:2",4955,4,529
"-1:-2|0:-1|1:-1|2:-1",4956,4,1383
"-1:-1|0:-1|1:-2|2:0",4957,4,1429
"-1:-1|0:-1|1:-2|1:0",4958,4,1430
"-1:-1|-1:0|0:-1|1:-2",4959,4,1431
"-1:-2|0:-1|1:-1|2:0",4960,4,1432
"-1:-1|0:-1|1:-2|2:1",4961,4,1433
"-1:-1|-1:2|0:1|1:1",4962,4,1434
"-1:-1|0:-1|0:1|1:-2",4963,4,1435
"-1:-1|-1:1|0:-1|1:-2",4964,4,1436
"-1:-2|0:-1|1:-1|2:1",4965,4,1437
"-1:-1|0:-1|1:-2|2:2",4966,4,1031
"-1:-1|0:-1|1:-2|1:2",4967,4,1438
"-1:-1|0:-1|0:2|1:-2",4968,4,1439
"-1:-1|-1:2|0:-1|1:-2",4969,4,1440
"-1:-2|0:-1|1:-1|2:2",4970,4,1000
"-2:-1|-1:0|-1:2|0:-2",4971,4,1441
"-1:-2|-1:0|0:-1|2:-1",4972,4,1442
"-1:-2|0:-1|1:0|2:-1",4973,4,1443
"-1:-2|0:-1|2:-1|2:0",4974,4,1165
"-1:-2|1:0|1:2|2:-1",4975,4,1444
"-1:-1|-1:2|0:1|2:1",4976,4,1445
"-1:-2|0:-1|0:1|2:-1",4977,4,1446
"-1:-1|1:-2|1:0|2:1",4978,4,1447
"-1:-2|0:-1|2:-1|2:1",4979,4,1265
"-2:-1|-1:0|-1:2|2:-2",4980,4,1035
"-1:-2|-1:2|0:-1|2:-1",4981,4,1448
"-1:-2|0:-1|0:2|2:-1",4982,4,1449
"-1:-2|0:-1|1:2|2:-1",4983,4,1450
"-1:-2|0:-1|2:-1|2:2",4984,4,789
"-2:-1|-1:0|0:-2|0:-1",4985,4,1451
"-1:0|0:-1|1:-2|2:0",4986,4,1452
"-2:-1|-1:0|0:-2|0:2",4987,4,1453
"-1:-2|0:-2|1:0|2:-1",4988,4,1143
"-1:-1|0:-2|1:0|2:-1",4989,4,1454
"-1:0|0:-2|1:0|2:-1",4990,4,1455
"-1:-1|0:1|1:2|2:0",4991,4,1456
"-1:-2|0:2|1:0|2:1",4992,4,1457
"-2:-1|-1:0|0:-2|2:-2",4993,4,624
"-2:-1|-1:0|0:-2|2:-1",4994,4,1458
"-2:-1|-1:0|0:-2|2:0",4995,4,1459
"-1:-2|0:1|1:2|2:0",4996,4,1460
"-2:-1|-1:0|0:-2|2:2",4997,4,1064
"-1:-2|-1:0|0:-1|1:0",4998,4,1461
"-1:-2|-1:0|0:-1|2:0",4999,4,1462
"-1:-2|0:-1|1:0|2:-1",5000,4,1443
"-1:-1|-1:0|-1:2|0:1",5001,4,1463
"-1:-2|-1:0|0:-1|0:1",5002,4,1464
"-1:-1|0:1|1:0|1:2",5003,4,1465
"-1:-2|-1:0|0:-1|2:1",5004,4,1466
"-2:-1|-1:0|0:-1|2:-2",5005,4,934
"-1:-2|-1:0|-1:2|0:-1",5006,4,1467
"-1:-2|-1:0|0:-1|0:2",5007,4,1468
"-1:-2|-1:0|0:-1|1:2",5008,4,1469
"-1:-2|-1:0|0:-1|2:2",5009,4,1060
"-1:-2|0:-1|1:0|2:0",5010,4,1470
"-1:-2|0:1|1:0|2:-1",5011,4,1471
"-1:-1|-1:2|0:1|1:0",5012,4,1472
"-1:-2|0:-1|0:1|1:0",5013,4,1473
"-1:-1|-1:0|0:1|1:2",5014,4,1474
"-1:-2|0:-1|1:0|2:1",5015,4,1475
"-1:0|0:-1|1:-2|2:2",5016,4,1030
"-1:-2|-1:2|0:-1|1:0",5017,4,1476
"-1:-2|0:-1|0:2|1:0",5018,4,1477
"-1:-2|-1:0|0:1|1:2",5019,4,1478
"-1:-2|0:-1|1:0|2:2",5020,4,952
"-1:-2|0:2|1:0|2:-1",5021,4,1479
"-1:-1|-1:2|0:1|2:0",5022,4,1480
"-1:-2|0:-1|0:1|2:0",5023,4,1481
"-1:-1|0:-2|1:0|2:1",5024,4,1482
"-1:-2|0:-1|2:0|2:1",5025,4,1178
"-2:-1|-1:0|0:2|2:-2",5026,4,1034
"-1:-2|-1:2|0:-1|2:0",5027,4,1483
"-1:-2|0:-1|0:2|2:0",5028,4,1484
"-1:-2|0:-1|1:2|2:0",5029,4,1485
"-1:-2|0:-1|2:0|2:2",5030,4,658
"-1:-2|-1:-1|1:0|2:-1",5031,4,1363
"-1:-2|-1:0|1:0|2:-1",5032,4,1486
"-1:-1|-1:2|1:0|2:1",5033,4,1487
"-1:-2|-1:2|1:0|2:-1",5034,4,1488
"-2:-1|-1:0|1:-2|2:-2",5035,4,444
"-2:-1|-1:-2|-1:2|0:1",5036,4,1317
"-2:-1|-1:0|1:-2|2:0",5037,4,1489
"-1:-2|0:1|1:2|2:-1",5038,4,1490
"-2:-1|-1:0|1:-2|2:2",5039,4,1045
"-1:-1|-1:0|1:0|2:-1",5040,4,1491
"-1:-1|-1:1|1:0|2:-1",5041,4,1492
"-1:-1|-1:2|0:1|2:-1",5042,4,1493
"-2:-1|-1:0|1:-1|2:-2",5043,4,899
"-1:-2|-1:-1|-1:2|0:1",5044,4,1420
"-1:-1|-1:2|0:-2|0:1",5045,4,1494
"-1:-1|-1:2|0:1|1:-2",5046,4,1495
"-1:-1|-1:2|0:1|2:-2",5047,4,1018
"-1:-1|-1:0|1:0|2:1",5048,4,1496
"-1:-2|-1:0|1:0|2:1",5049,4,1497
"-2:-1|-1:0|1:0|2:-2",5050,4,973
"-1:-2|-1:2|0:-1|0:1",5051,4,1498
"-1:-2|0:-1|0:1|0:2",5052,4,1499
"-1:-2|0:-1|0:1|1:2",5053,4,1500
"-1:-2|0:-1|0:1|2:2",5054,4,975
"-1:-2|-1:-1|1:0|2:1",5055,4,1396
"-1:-1|0:1|1:2|2:-2",5056,4,1016
"-1:-1|0:1|1:-2|1:2",5057,4,1501
"-1:-1|0:-2|0:1|1:2",5058,4,1502
"-1:-2|-1:-1|0:1|1:2",5059,4,1422
"-1:-2|0:-1|1:1|2:2",5060,4,910
"-2:-1|-1:0|1:2|2:-2",5061,4,1033
"-1:-2|-1:2|0:-1|2:1",5062,4,1503
"-1:-2|0:-1|0:2|2:1",5063,4,1504
"-1:-2|0:-1|1:2|2:1",5064,4,1326
"-1:-2|0:-1|2:1|2:2",5065,4,486
"-2:-1|-1:0|2:-2|2:-1",5066,4,521
"-2:-1|-1:0|2:-2|2:0",5067,4,693
"-1:-2|0:1|1:2|2:-2",5068,4,818
"-2:-1|-1:0|2:-2|2:2",5069,4,870
"-1:-2|-1:2|0:-1|0:2",5070,4,1205
"-1:-2|-1:2|0:-1|1:2",5071,4,1285
"-1:-2|-1:2|0:-1|2:2",5072,4,820
"-1:-2|0:-1|0:2|1:2",5073,4,1207
"-1:-2|0:-1|0:2|2:2",5074,4,695
"-1:-2|0:-1|1:2|2:2",5075,4,523
"-2:-1|-1:-1|1:-2|2:0",5076,4,1410
"-1:-2|-1:0|1:-1|2:-1",5077,4,1407
"-1:-2|1:-1|1:0|2:-1",5078,4,1340
"-1:-2|1:-1|2:-1|2:0",5079,4,1106
"-1:-2|1:1|1:2|2:-1",5080,4,1411
"-1:-1|-1:2|1:1|2:1",5081,4,1408
"-1:-2|0:1|1:-1|2:-1",5082,4,1392
"-1:-1|1:-2|1:-1|2:1",5083,4,1353
"-1:-2|1:-1|2:-1|2:1",5084,4,1239
"-2:-1|-1:-1|1:-2|2:2",5085,4,1049
"-1:-2|-1:2|1:-1|2:-1",5086,4,1409
"-1:-2|0:2|1:-1|2:-1",5087,4,1400
"-1:-2|1:-1|1:2|2:-1",5088,4,1364
"-1:-2|1:-1|2:-1|2:2",5089,4,754
"-1:-1|1:-2|1:0|2:0",5090,4,1505
"-1:-1|-1:0|1:-2|2:0",5091,4,1506
"-2:-1|-1:1|0:-2|0:2",5092,4,1507
"-1:-1|1:-2|2:0|2:1",5093,4,1148
"-1:-1|0:-2|1:1|2:-1",5094,4,1508
"-1:-1|0:1|1:-2|2:0",5095,4,1509
"-1:-1|-1:1|1:-2|2:0",5096,4,1510
"-1:-2|0:2|1:-1|2:1",5097,4,1511
"-1:-1|1:-2|2:0|2:2",5098,4,629
"-1:-1|1:-2|1:2|2:0",5099,4,1512
"-1:-1|0:2|1:-2|2:0",5100,4,1513
"-1:-1|-1:2|1:-2|2:0",5101,4,1514
"-2:-1|-1:1|0:-2|2:2",5102,4,1024
"-1:-1|-1:0|1:-2|1:0",5103,4,1515
"-1:-2|-1:0|1:-1|2:0",5104,4,1516
"-1:-1|1:-2|1:0|2:1",5105,4,1447
"-1:-1|-1:0|-1:2|1:1",5106,4,1517
"-1:-1|0:1|1:-2|1:0",5107,4,1518
"-1:-1|-1:1|1:-2|1:0",5108,4,1519
"-1:-2|-1:0|1:-1|2:1",5109,4,1520
"-1:-1|1:-2|1:0|2:2",5110,4,938
"-1:-1|1:-2|1:0|1:2",5111,4,1521
"-1:-1|0:2|1:-2|1:0",5112,4,1522
"-1:-1|-1:2|1:-2|1:0",5113,4,1523
"-1:-2|-1:0|1:-1|2:2",5114,4,1015
"-1:-2|1:-1|1:0|2:0",5115,4,1524
"-1:-1|-1:0|1:-2|2:1",5116,4,1525
"-1:-1|-1:0|1:-2|1:1",5117,4,1526
"-1:-1|-1:0|0:1|1:-2",5118,4,1527
"-1:-1|-1:0|-1:1|1:-2",5119,4,1528
"-1:-2|0:-1|1:-1|2:1",5120,4,1437
"-1:-1|-1:0|1:-2|2:2",5121,4,1042
"-1:-1|-1:0|1:-2|1:2",5122,4,1529
"-1:-1|-1:0|0:2|1:-2",5123,4,1530
"-1:-1|-1:0|-1:2|1:-2",5124,4,1531
"-1:-2|1:-1|1:0|2:2",5125,4,928
"-1:-2|0:2|1:1|2:-1",5126,4,1532
"-1:-1|-1:2|1:1|2:0",5127,4,1533
"-1:-2|0:1|1:-1|2:0",5128,4,1534
"-1:-1|0:-2|1:-1|2:1",5129,4,1535
"-1:-2|0:-2|1:-1|2:1",5130,4,1137
"-2:-1|-1:1|0:2|2:-2",5131,4,1048
"-1:-2|-1:2|1:-1|2:0",5132,4,1536
"-1:-2|0:2|1:-1|2:0",5133,4,1537
"-1:-2|1:-1|1:2|2:0",5134,4,1538
"-1:-2|1:-1|2:0|2:2",5135,4,616
"-1:-1|1:-2|1:1|2:1",5136,4,1367
"-1:-1|0:1|1:-2|2:1",5137,4,1539
"-1:-1|-1:1|1:-2|2:1",5138,4,1540
"-1:-2|-1:2|1:-1|2:1",5139,4,1541
"-1:-1|1:-2|2:1|2:2",5140,4,449
"-1:-1|1:-2|1:2|2:1",5141,4,1319
"-1:-1|0:2|1:-2|2:1",5142,4,1542
"-1:-1|-1:2|1:-2|2:1",5143,4,1543
"-2:-1|-1:1|1:-2|2:2",5144,4,1023
"-1:-1|-1:0|1:1|2:-1",5145,4,1544
"-1:-1|-1:1|1:-1|1:2",5146,4,1545
"-1:-1|-1:2|1:1|2:-1",5147,4,1546
"-1:-1|1:-2|1:1|2:2",5148,4,902
"-1:-1|1:-2|1:1|1:2",5149,4,1424
"-1:-1|-1:2|0:-2|1:1",5150,4,1547
"-1:-1|-1:2|1:-2|1:1",5151,4,1548
"-1:-1|-1:2|1:1|2:-2",5152,4,1012
"-1:-1|-1:0|1:-1|2:1",5153,4,1549
"-1:-2|-1:0|1:-1|2:1",5154,4,1520
"-1:-1|0:1|1:-2|2:2",5155,4,978
"-1:-1|0:1|1:-2|1:2",5156,4,1501
"-1:-1|0:1|0:2|1:-2",5157,4,1550
"-1:-1|-1:2|0:1|1:-2",5158,4,1495
"-1:-2|0:1|1:-1|2:2",5159,4,969
"-1:-2|-1:-1|1:-1|2:1",5160,4,1357
"-1:-1|-1:1|1:-2|2:2",5161,4,1020
"-1:-1|-1:1|1:-2|1:2",5162,4,1551
"-1:-1|-1:1|0:-2|1:2",5163,4,1552
"-1:-1|-1:1|-1:2|1:-2",5164,4,1417
"-1:-2|1:-1|1:1|2:2",5165,4,894
"-2:-1|-1:1|1:2|2:-2",5166,4,1047
"-1:-2|-1:2|1:-1|2:1",5167,4,1541
"-1:-2|0:2|1:-1|2:1",5168,4,1511
"-1:-2|1:-1|1:2|2:1",5169,4,1313
"-1:-2|1:-1|2:1|2:2",5170,4,436
"-1:-1|1:-2|1:2|2:2",5171,4,527
"-1:-1|0:2|1:-2|2:2",5172,4,699
"-1:-1|-1:2|1:-2|2:2",5173,4,824
"-2:-1|-1:1|2:-2|2:2",5174,4,868
"-1:-1|0:2|1:-2|1:2",5175,4,1209
"-1:-1|-1:2|1:-2|1:2",5176,4,1284
"-1:-2|-1:2|1:-1|2:2",5177,4,813
"-1:-1|-1:2|0:2|1:-2",5178,4,1202
"-1:-2|0:2|1:-1|2:2",5179,4,688
"-1:-2|1:-1|1:2|2:2",5180,4,516
"-2:-1|-1:2|0:-2|0:-1",5181,4,1553
"-2:-1|-1:0|1:-2|2:0",5182,4,1489
"-2:-1|-1:2|0:-2|0:2",5183,4,1195
"-1:-2|0:-2|1:2|2:-1",5184,4,1152
"-1:-1|0:-2|1:2|2:-1",5185,4,1554
"-1:0|0:-2|1:2|2:-1",5186,4,1555
"-1:-1|0:2|1:-2|2:1",5187,4,1542
"-1:-2|0:2|1:-2|2:1",5188,4,1278
"-2:-1|-1:2|0:-2|2:-2",5189,4,634
"-2:-1|-1:2|0:-2|2:-1",5190,4,1556
"-2:-1|-1:2|0:-2|2:0",5191,4,1557
"-2:-1|-1:2|0:-2|2:1",5192,4,1558
"-2:-1|-1:2|0:-2|2:2",5193,4,830
"-1:-2|-1:0|1:0|2:-1",5194,4,1486
"-1:-2|-1:0|2:-1|2:0",5195,4,1191
"-1:-2|0:-1|1:2|2:-1",5196,4,1450
"-1:-1|-1:0|-1:2|2:1",5197,4,1559
"-1:-2|-1:0|0:1|2:-1",5198,4,1560
"-1:-1|0:1|1:-2|2:1",5199,4,1539
"-1:-2|-1:0|2:-1|2:1",5200,4,1274
"-2:-1|-1:2|0:-1|2:-2",5201,4,942
"-1:-2|-1:0|-1:2|2:-1",5202,4,1561
"-1:-2|-1:0|0:2|2:-1",5203,4,1562
"-1:-2|-1:0|1:2|2:-1",5204,4,1563
"-1:-2|-1:0|2:-1|2:2",5205,4,816
"-1:-2|1:0|2:-1|2:0",5206,4,1120
"-1:-2|0:1|1:2|2:-1",5207,4,1490
"-1:-1|-1:2|1:0|2:1",5208,4,1487
"-1:-2|0:1|1:0|2:-1",5209,4,1471
"-1:-1|0:-1|1:-2|2:1",5210,4,1433
"-1:-2|0:-1|1:-2|2:1",5211,4,1249
"-2:-1|-1:0|1:-2|2:2",5212,4,1045
"-1:-2|-1:2|1:0|2:-1",5213,4,1488
"-1:-2|0:2|1:0|2:-1",5214,4,1479
"-1:-2|1:0|1:2|2:-1",5215,4,1444
"-1:-2|1:0|2:-1|2:2",5216,4,740
"-1:-2|0:2|1:2|2:-1",5217,4,1196
"-1:-1|-1:2|2:0|2:1",5218,4,1192
"-1:-2|0:1|2:-1|2:0",5219,4,1174
"-1:-1|0:-2|1:-2|2:1",5220,4,1133
"-1:-2|0:-2|1:-2|2:1",5221,4,1078
"-2:-1|-1:2|0:2|2:-2",5222,4,1053
"-1:-2|-1:2|2:-1|2:0",5223,4,1193
"-1:-2|0:2|2:-1|2:0",5224,4,1182
"-1:-2|1:2|2:-1|2:0",5225,4,1145
"-1:-2|2:-1|2:0|2:2",5226,4,558
"-1:-2|-1:-1|1:2|2:-1",5227,4,1370
"-1:-2|-1:0|1:2|2:-1",5228,4,1563
"-1:-1|-1:2|1:-2|2:1",5229,4,1543
"-1:-2|-1:2|1:-2|2:1",5230,4,1279
"-2:-1|-1:2|1:-2|2:-2",5231,4,454
"-2:-1|-1:-2|-1:2|2:1",5232,4,1322
"-2:-1|-1:2|0:-2|2:1",5233,4,1558
"-2:-1|-1:2|1:-2|2:1",5234,4,1564
"-2:-1|-1:2|1:-2|2:2",5235,4,829
"-1:-1|-1:0|1:2|2:-1",5236,4,1565
"-1:-1|-1:1|1:-2|2:1",5237,4,1540
"-1:-1|-1:2|1:2|2:-1",5238,4,1275
"-2:-1|-1:2|1:-1|2:-2",5239,4,906
"-1:-2|-1:-1|-1:2|2:1",5240,4,1427
"-1:-1|-1:2|0:-2|2:1",5241,4,1566
"-1:-1|-1:2|1:-2|2:1",5242,4,1543
"-1:-1|-1:2|2:-2|2:1",5243,4,809
"-1:-1|-1:0|1:-2|2:1",5244,4,1525
"-1:-2|-1:0|1:-2|2:1",5245,4,1269
"-2:-1|-1:2|1:0|2:-2",5246,4,981
"-1:-2|-1:2|0:-1|2:1",5247,4,1503
"-1:-2|0:1|0:2|2:-1",5248,4,1567
"-1:-2|0:1|1:2|2:-1",5249,4,1490
"-1:-2|0:1|2:-1|2:2",5250,4,778
"-1:-2|-1:-1|1:-2|2:1",5251,4,1243
"-2:-1|-1:1|1:-2|2:2",5252,4,1023
"-1:-2|-1:2|1:-1|2:1",5253,4,1541
"-1:-2|0:2|1:1|2:-1",5254,4,1532
"-1:-2|1:1|1:2|2:-1",5255,4,1411
"-1:-2|1:1|2:-1|2:2",5256,4,725
"-2:-1|-1:2|1:2|2:-2",5257,4,1050
"-1:-2|-1:2|2:-1|2:1",5258,4,1276
"-1:-2|0:2|2:-1|2:1",5259,4,1260
"-1:-2|1:2|2:-1|2:1",5260,4,1229
"-1:-2|2:-1|2:1|2:2",5261,4,360
"-2:-1|-1:2|2:-2|2:-1",5262,4,532
"-2:-1|-1:2|2:-2|2:0",5263,4,704
"-2:-1|-1:2|1:-2|2:2",5264,4,829
"-2:-1|-1:2|2:-2|2:2",5265,4,828
"-1:-2|-1:2|0:-2|2:1",5266,4,1212
"-1:-2|-1:2|1:-2|2:1",5267,4,1279
"-1:-2|-1:2|2:-1|2:2",5268,4,805
"-1:-2|0:2|1:2|2:-1",5269,4,1196
"-1:-2|0:2|2:-1|2:2",5270,4,680
"-1:-2|1:2|2:-1|2:2",5271,4,508
"-1:0|1:-2|1:0|2:0",5272,4,1568
"-2:-1|0:-2|0:-1|0:2",5273,4,1569
"-1:-2|0:-2|0:-1|2:-1",5274,4,1115
"-1:-1|0:-2|0:-1|2:-1",5275,4,1570
"-1:0|0:-2|0:-1|2:-1",5276,4,1571
"-1:-1|0:1|0:2|2:1",5277,4,1572
"-1:-2|0:1|0:2|2:1",5278,4,1573
"-2:-1|0:-2|0:-1|2:-2",5279,4,592
"-2:-1|0:-2|0:-1|2:-1",5280,4,1574
"-2:-1|0:-2|0:-1|2:0",5281,4,1575
"-1:-2|1:0|1:2|2:0",5282,4,1576
"-2:-1|0:-2|0:-1|2:2",5283,4,1058
"-2:-1|0:-2|0:1|0:2",5284,4,1577
"-1:-2|0:-2|0:1|2:-1",5285,4,1147
"-1:-1|0:-2|0:1|2:-1",5286,4,1578
"-1:0|0:-1|0:2|2:1",5287,4,1579
"-1:-1|-1:0|1:2|2:0",5288,4,1580
"-1:-2|0:-1|0:2|2:1",5289,4,1504
"-1:0|1:-2|2:0|2:2",5290,4,628
"-1:0|1:-2|1:2|2:0",5291,4,1581
"-1:0|0:-2|1:2|2:0",5292,4,1582
"-1:-2|-1:0|1:2|2:0",5293,4,1583
"-2:-1|0:-2|0:1|2:2",5294,4,982
"-1:-2|0:-2|0:2|2:-1",5295,4,1151
"-1:-1|0:-2|0:2|2:-1",5296,4,1584
"-1:0|0:-2|0:2|2:-1",5297,4,1585
"-1:-1|0:-2|0:2|2:1",5298,4,1586
"-1:-2|0:-2|0:2|2:1",5299,4,1213
"-2:-1|0:-2|0:2|2:-2",5300,4,633
"-2:-1|0:-2|0:2|2:-1",5301,4,1587
"-2:-1|0:-2|0:2|2:0",5302,4,1588
"-2:-1|0:-2|0:2|2:1",5303,4,1589
"-2:-1|0:-2|0:2|2:2",5304,4,705
"-1:-2|-1:-1|0:-2|2:-1",5305,4,1101
"-1:-2|-1:0|0:-2|2:-1",5306,4,1142
"-1:-1|-1:2|0:2|2:1",5307,4,1146
"-1:-2|-1:2|0:-2|2:-1",5308,4,1150
"-2:-1|0:-2|1:-2|2:-2",5309,4,331
"-2:-1|-1:-2|0:-2|2:-1",5310,4,1086
"-2:-1|-2:0|-1:2|0:-2",5311,4,1141
"-1:-2|1:2|2:-1|2:0",5312,4,1145
"-2:-1|-2:0|-1:2|2:-2",5313,4,1041
"-1:-1|-1:0|0:-2|2:-1",5314,4,1590
"-1:-1|-1:1|0:-2|2:-1",5315,4,1591
"-1:-1|-1:2|0:-2|2:-1",5316,4,1592
"-2:-1|0:-2|1:-1|2:-2",5317,4,576
"-2:-1|-1:-1|0:-2|2:-1",5318,4,1378
"-2:-1|0:-2|1:-1|2:0",5319,4,1593
"-1:-2|1:-1|1:2|2:0",5320,4,1538
"-2:-1|0:-2|1:-1|2:2",5321,4,1010
"-1:-1|-1:0|0:2|2:1",5322,4,1594
"-1:-2|-1:0|0:2|2:1",5323,4,1595
"-2:-1|0:-2|1:0|2:-2",5324,4,623
"-2:-1|-1:0|0:-2|2:-1",5325,4,1458
"-2:-1|0:-2|1:0|2:0",5326,4,1596
"-1:-2|0:-1|1:2|2:0",5327,4,1485
"-2:-1|0:-2|1:0|2:2",5328,4,963
"-1:-2|-1:-1|0:2|2:1",5329,4,1428
"-1:-1|1:2|2:-2|2:0",5330,4,627
"-1:-1|1:-2|1:2|2:0",5331,4,1512
"-1:-1|0:-2|1:2|2:0",5332,4,1597
"-1:-2|-1:-1|1:2|2:0",5333,4,1406
"-2:-1|0:-2|1:1|2:2",5334,4,917
"-2:-1|0:-2|1:2|2:-2",5335,4,632
"-2:-1|-1:2|0:-2|2:-1",5336,4,1556
"-2:-1|0:-2|1:2|2:0",5337,4,1598
"-2:-1|-1:-2|0:2|2:1",5338,4,1331
"-2:-1|0:-2|1:2|2:2",5339,4,533
"-2:-1|0:-2|2:-2|2:-1",5340,4,465
"-2:-1|0:-2|2:-2|2:0",5341,4,622
"-1:-2|1:2|2:-2|2:0",5342,4,626
"-2:-1|0:-2|2:-2|2:2",5343,4,631
"-2:-1|-2:0|0:-2|2:-1",5344,4,1160
"-1:-2|1:-2|1:2|2:0",5345,4,1261
"-2:-1|-2:2|0:-2|2:-1",5346,4,803
"-1:-2|0:-2|1:2|2:0",5347,4,1189
"-2:-1|0:-2|2:0|2:2",5348,4,672
"-2:-1|0:-2|2:1|2:2",5349,4,500
"-1:-2|-1:0|1:0|2:0",5350,4,1599
"-1:-2|0:-1|0:1|2:-1",5351,4,1446
"-1:-1|-1:0|-1:2|1:0",5352,4,1600
"-1:-2|-1:0|0:1|1:0",5353,4,1601
"-1:-1|-1:0|1:0|1:2",5354,4,1602
"-1:-2|-1:0|1:0|2:1",5355,4,1497
"-1:0|1:-2|1:0|2:2",5356,4,937
"-1:-2|-1:0|-1:2|1:0",5357,4,1603
"-1:-2|-1:0|0:2|1:0",5358,4,1604
"-1:-2|-1:0|1:0|1:2",5359,4,1605
"-1:-2|-1:0|1:0|2:2",5360,4,972
"-1:-2|0:-1|0:2|2:-1",5361,4,1449
"-1:-1|-1:0|-1:2|2:0",5362,4,1606
"-1:-2|-1:0|0:1|2:0",5363,4,1607
"-1:-1|0:-2|0:1|2:1",5364,4,1608
"-1:-2|-1:0|2:0|2:1",5365,4,1204
"-2:-1|0:-1|0:2|2:-2",5366,4,941
"-1:-2|-1:0|-1:2|2:0",5367,4,1609
"-1:-2|-1:0|0:2|2:0",5368,4,1610
"-1:-2|-1:0|1:2|2:0",5369,4,1583
"-1:-2|-1:0|2:0|2:2",5370,4,691
"-1:-2|-1:-1|0:-1|2:-1",5371,4,1335
"-1:-2|-1:0|0:-1|2:-1",5372,4,1442
"-1:-1|-1:2|0:1|2:1",5373,4,1445
"-1:-2|-1:2|0:-1|2:-1",5374,4,1448
"-2:-1|0:-1|1:-2|2:-2",5375,4,412
"-2:-1|-1:-2|-1:0|-1:2",5376,4,1296
"-2:-1|-1:0|-1:2|0:-2",5377,4,1441
"-1:-2|1:0|1:2|2:-1",5378,4,1444
"-2:-1|-1:0|-1:2|2:-2",5379,4,1035
"-1:-1|-1:0|-1:2|0:-1",5380,4,1611
"-1:-1|-1:0|-1:2|1:-1",5381,4,1612
"-1:-1|-1:0|-1:2|2:-1",5382,4,1613
"-2:-1|0:-1|1:-1|2:-2",5383,4,876
"-1:-2|-1:-1|-1:0|-1:2",5384,4,1388
"-1:-1|-1:0|-1:2|0:-2",5385,4,1614
"-1:-1|-1:0|-1:2|1:-2",5386,4,1531
"-1:-1|-1:0|-1:2|2:-2",5387,4,1003
"-1:-1|-1:0|0:1|2:1",5388,4,1615
"-1:-2|-1:0|0:1|2:1",5389,4,1616
"-2:-1|0:-1|1:0|2:-2",5390,4,933
"-1:-2|-1:0|-1:2|0:-1",5391,4,1467
"-1:-2|-1:0|0:1|0:2",5392,4,1617
"-1:-2|-1:0|0:1|1:2",5393,4,1478
"-1:-2|-1:0|0:1|2:2",5394,4,955
"-1:-2|-1:-1|0:1|2:1",5395,4,1419
"-1:-1|1:0|1:2|2:-2",5396,4,936
"-1:-1|1:-2|1:0|1:2",5397,4,1521
"-1:-1|0:-2|1:0|1:2",5398,4,1618
"-1:-2|-1:-1|1:0|1:2",5399,4,1399
"-1:-2|-1:0|1:1|2:2",5400,4,912
"-2:-1|0:-1|1:2|2:-2",5401,4,940
"-1:-2|-1:0|-1:2|2:-1",5402,4,1561
"-1:-2|-1:0|0:2|2:1",5403,4,1595
"-1:-2|-1:0|1:2|2:1",5404,4,1328
"-1:-2|-1:0|2:1|2:2",5405,4,519
"-2:-1|0:-1|2:-2|2:-1",5406,4,477
"-2:-1|0:-1|2:-2|2:0",5407,4,649
"-1:-2|1:0|1:2|2:-2",5408,4,780
"-2:-1|0:-1|2:-2|2:2",5409,4,860
"-1:-2|-1:0|-1:2|0:-2",5410,4,1170
"-1:-2|-1:0|-1:2|1:-2",5411,4,1270
"-1:-2|-1:0|-1:2|2:-2",5412,4,793
"-1:-2|-1:0|0:2|1:2",5413,4,1181
"-1:-2|-1:0|0:2|2:2",5414,4,662
"-1:-2|-1:0|1:2|2:2",5415,4,490
"-1:-2|0:1|0:2|2:-1",5416,4,1567
"-1:-1|-1:2|1:0|2:0",5417,4,1619
"-1:-2|0:1|1:0|2:0",5418,4,1620
"-1:-1|0:-2|0:-1|2:1",5419,4,1621
"-1:-2|0:-2|0:-1|2:1",5420,4,1124
"-2:-1|0:1|0:2|2:-2",5421,4,1044
"-1:-2|-1:2|1:0|2:0",5422,4,1622
"-1:-2|0:2|1:0|2:0",5423,4,1623
"-1:-2|1:0|1:2|2:0",5424,4,1576
"-1:-2|1:0|2:0|2:2",5425,4,601
"-1:-2|-1:-1|0:1|2:-1",5426,4,1366
"-1:-2|-1:0|0:1|2:-1",5427,4,1560
"-1:-1|-1:0|1:2|2:-1",5428,4,1565
"-1:-2|-1:2|0:-1|2:1",5429,4,1503
"-1:0|1:-2|2:1|2:2",5430,4,448
"-1:0|1:-2|1:2|2:-1",5431,4,1318
"-1:0|0:-2|1:2|2:-1",5432,4,1555
"-1:-2|-1:0|1:2|2:-1",5433,4,1563
"-2:-1|-1:2|1:0|2:-2",5434,4,981
"-1:-1|-1:0|0:1|2:-1",5435,4,1624
"-1:-1|-1:0|1:-1|1:2",5436,4,1625
"-1:-1|-1:2|0:1|2:-1",5437,4,1493
"-1:0|1:-1|1:2|2:-2",5438,4,901
"-1:-2|-1:-1|-1:2|1:0",5439,4,1397
"-1:-1|-1:2|0:-2|1:0",5440,4,1626
"-1:-1|-1:2|1:-2|1:0",5441,4,1523
"-1:-1|-1:2|1:0|2:-2",5442,4,966
"-1:-1|-1:0|0:-1|1:2",5443,4,1627
"-1:-2|-1:0|0:-1|2:1",5444,4,1466
"-1:0|0:-1|1:2|2:-2",5445,4,953
"-1:-2|-1:2|0:-1|1:0",5446,4,1476
"-1:-2|0:1|0:2|1:0",5447,4,1628
"-1:-2|-1:0|0:-1|1:2",5448,4,1469
"-1:-2|0:1|1:0|2:2",5449,4,946
"-1:-2|-1:-1|0:-1|2:1",5450,4,1344
"-1:-1|-1:0|1:2|2:-2",5451,4,1001
"-1:-1|-1:0|1:-2|1:2",5452,4,1529
"-1:-1|-1:0|0:-2|1:2",5453,4,1629
"-1:-2|-1:-1|-1:0|1:2",5454,4,1390
"-1:-2|1:0|1:1|2:2",5455,4,883
"-2:-1|-1:0|1:2|2:-2",5456,4,1033
"-1:-2|-1:2|1:0|2:-1",5457,4,1488
"-1:-2|0:2|1:0|2:1",5458,4,1457
"-1:-2|1:0|1:2|2:1",5459,4,1303
"-1:-2|1:0|2:1|2:2",5460,4,421
"-1:0|1:-2|1:2|2:-2",5461,4,488
"-1:0|0:-2|1:2|2:-2",5462,4,660
"-1:-2|-1:0|1:2|2:-2",5463,4,791
"-2:-1|0:1|2:-2|2:2",5464,4,862
"-1:-2|-1:2|0:-2|1:0",5465,4,1179
"-1:-2|-1:0|1:-2|1:2",5466,4,1272
"-1:-2|-1:2|1:0|2:-2",5467,4,782
"-1:-2|-1:0|0:-2|1:2",5468,4,1172
"-1:-2|0:2|1:0|2:2",5469,4,651
"-1:-2|1:0|1:2|2:2",5470,4,479
"-1:-2|-1:-1|0:2|2:-1",5471,4,1369
"-1:-2|-1:0|0:2|2:-1",5472,4,1562
"-1:-1|-1:2|0:-2|2:1",5473,4,1566
"-1:-2|-1:2|0:-2|2:1",5474,4,1212
"-2:-1|0:2|1:-2|2:-2",5475,4,453
"-2:-1|-1:-2|-1:2|2:0",5476,4,1321
"-2:-1|-1:2|0:-2|2:0",5477,4,1557
"-2:-1|-1:2|0:-2|2:1",5478,4,1558
"-2:-1|-1:2|2:-2|2:0",5479,4,704
"-1:-1|-1:0|0:2|2:-1",5480,4,1630
"-1:-1|-1:1|0:-2|2:1",5481,4,1631
"-1:-1|-1:2|0:2|2:-1",5482,4,1199
"-2:-1|0:2|1:-1|2:-2",5483,4,905
"-1:-2|-1:-1|-1:2|2:0",5484,4,1404
"-1:-1|-1:2|0:-2|2:0",5485,4,1632
"-1:-1|-1:2|1:-2|2:0",5486,4,1514
"-1:-1|-1:2|2:-2|2:0",5487,4,684
"-1:-1|-1:0|0:-2|2:1",5488,4,1633
"-1:-2|-1:0|0:-2|2:1",5489,4,1169
"-2:-1|0:2|1:0|2:-2",5490,4,961
"-1:-2|-1:2|0:-1|2:0",5491,4,1483
"-1:-2|0:1|0:2|2:0",5492,4,1634
"-1:-2|0:1|1:2|2:0",5493,4,1460
"-1:-2|0:1|2:0|2:2",5494,4,647
"-1:-2|-1:-1|0:-2|2:1",5495,4,1110
"-2:-1|0:2|1:1|2:-2",5496,4,1008
"-1:-2|-1:2|1:-1|2:0",5497,4,1536
"-1:-2|0:2|1:1|2:0",5498,4,1635
"-1:-2|1:1|1:2|2:0",5499,4,1380
"-1:-2|1:1|2:0|2:2",5500,4,585
"-2:-1|-2:0|1:2|2:-2",5501,4,1039
"-1:-2|-1:2|2:-1|2:0",5502,4,1193
"-1:-2|0:2|2:0|2:1",5503,4,1159
"-1:-2|1:2|2:0|2:1",5504,4,1095
"-1:-2|2:0|2:1|2:2",5505,4,340
"-2:-1|0:2|2:-2|2:-1",5506,4,498
"-2:-1|0:2|2:-2|2:0",5507,4,670
"-2:-1|-2:2|0:-2|2:1",5508,4,801
"-2:-1|0:2|2:-2|2:2",5509,4,703
"-1:-2|-1:2|0:-2|2:0",5510,4,1187
"-1:-2|-1:2|1:-2|2:0",5511,4,1263
"-1:-2|-1:2|2:-2|2:0",5512,4,677
"-1:-2|0:2|1:2|2:0",5513,4,1162
"-1:-2|0:2|2:0|2:2",5514,4,639
"-1:-2|1:2|2:0|2:2",5515,4,467
"-1:-2|-1:-1|-1:0|2:-1",5516,4,1362
"-1:-1|-1:1|-1:2|2:1",5517,4,1365
"-1:-2|-1:-1|-1:2|2:-1",5518,4,1368
"-2:-1|1:-2|1:-1|2:-2",5519,4,396
"-2:-1|-1:-2|-1:-1|-1:2",5520,4,1290
"-2:-1|-1:-1|-1:2|0:-2",5521,4,1361
"-1:-2|1:-1|1:2|2:-1",5522,4,1364
"-2:-1|-1:-1|-1:2|2:-2",5523,4,995
"-1:-1|-1:0|-1:2|2:1",5524,4,1559
"-1:-2|-1:0|-1:2|2:-1",5525,4,1561
"-2:-1|1:-2|1:0|2:-2",5526,4,443
"-2:-1|-1:-2|-1:0|2:-1",5527,4,1304
"-2:-1|-1:2|0:-2|0:-1",5528,4,1553
"-1:-2|0:-1|1:2|2:-1",5529,4,1450
"-2:-1|-1:2|0:-1|2:-2",5530,4,942
"-1:-2|-1:-1|-1:2|2:1",5531,4,1427
"-1:-1|1:2|2:-2|2:-1",5532,4,447
"-1:-1|1:-2|1:2|2:-1",5533,4,1314
"-1:-1|0:-2|1:2|2:-1",5534,4,1554
"-1:-2|-1:-1|1:2|2:-1",5535,4,1370
"-2:-1|-1:2|1:-1|2:-2",5536,4,906
"-2:-1|1:-2|1:2|2:-2",5537,4,452
"-2:-1|-1:-2|-1:2|2:-1",5538,4,1320
"-2:-1|-1:2|0:-2|2:-1",5539,4,1556
"-2:-1|-1:-2|-1:2|2:1",5540,4,1322
"-2:-1|-1:2|2:-2|2:-1",5541,4,532
"-2:-1|1:-2|2:-2|2:-1",5542,4,388
"-2:-1|1:-2|2:-2|2:0",5543,4,442
"-1:-2|1:2|2:-2|2:-1",5544,4,446
"-2:-1|1:-2|2:-2|2:2",5545,4,451
"-2:-1|-1:-2|-1:2|0:-2",5546,4,1096
"-1:-2|1:-2|1:2|2:-1",5547,4,1230
"-2:-1|-1:-2|-1:2|2:-2",5548,4,771
"-1:-2|0:-2|1:2|2:-1",5549,4,1152
"-2:-1|-1:2|0:-2|2:-2",5550,4,634
"-2:-1|-1:2|1:-2|2:-2",5551,4,454
"-1:-1|-1:0|-1:1|2:-1",5552,4,1636
"-1:-1|-1:0|-1:2|2:-1",5553,4,1613
"-2:-1|1:-1|1:0|2:-2",5554,4,884
"-1:-2|-1:-1|-1:2|0:-1",5555,4,1345
"-1:-1|-1:2|0:-2|0:-1",5556,4,1637
"-1:-1|-1:2|0:-1|1:-2",5557,4,1440
"-1:-1|-1:2|0:-1|2:-2",5558,4,931
"-1:-1|-1:1|-1:2|2:-1",5559,4,1414
"-1:-1|1:-1|1:2|2:-2",5560,4,895
"-1:-1|1:-2|1:-1|1:2",5561,4,1358
"-1:-1|-1:2|0:-2|1:-1",5562,4,1638
"-1:-1|-1:2|1:-2|1:-1",5563,4,1360
"-1:-1|-1:2|1:-1|2:-2",5564,4,897
"-2:-1|1:-1|1:2|2:-2",5565,4,904
"-1:-2|-1:-1|-1:2|2:-1",5566,4,1368
"-1:-1|-1:2|0:-2|2:-1",5567,4,1592
"-1:-1|-1:2|1:-2|2:-1",5568,4,1316
"-1:-1|-1:2|2:-2|2:-1",5569,4,512
"-2:-1|1:-1|2:-2|2:-1",5570,4,407
"-2:-1|1:-1|2:-2|2:0",5571,4,587
"-1:-2|1:-1|1:2|2:-2",5572,4,727
"-2:-1|1:-1|2:-2|2:2",5573,4,846
"-1:-2|-1:-1|-1:2|0:-2",5574,4,1111
"-1:-2|-1:-1|-1:2|1:-2",5575,4,1244
"-1:-2|-1:-1|-1:2|2:-2",5576,4,758
"-1:-1|-1:2|0:-2|1:-2",5577,4,1140
"-1:-1|-1:2|0:-2|2:-2",5578,4,620
"-1:-1|-1:2|1:-2|2:-2",5579,4,440
"-1:-2|-1:-1|-1:0|2:1",5580,4,1387
"-1:-1|0:-1|1:2|2:-2",5581,4,929
"-1:-1|0:-1|1:-2|1:2",5582,4,1438
"-1:-1|0:-2|0:-1|1:2",5583,4,1639
"-1:-2|-1:-1|0:-1|1:2",5584,4,1347
"-1:-2|0:1|1:1|2:2",5585,4,886
"-2:-1|0:-1|1:2|2:-2",5586,4,940
"-1:-2|-1:2|0:-1|2:-1",5587,4,1448
"-1:-2|0:1|0:2|2:1",5588,4,1573
"-1:-2|0:1|1:2|2:1",5589,4,1306
"-1:-2|0:1|2:1|2:2",5590,4,475
"-2:-1|1:0|2:-2|2:-1",5591,4,423
"-2:-1|1:0|2:-2|2:0",5592,4,603
"-1:-2|0:-1|1:2|2:-2",5593,4,742
"-2:-1|1:0|2:-2|2:2",5594,4,854
"-1:-2|-1:2|0:-2|0:-1",5595,4,1125
"-1:-2|-1:2|0:-1|1:-2",5596,4,1252
"-1:-2|-1:2|0:-1|2:-2",5597,4,744
"-1:-2|0:-2|0:-1|1:2",5598,4,1127
"-1:-2|0:1|0:2|2:2",5599,4,605
"-1:-2|0:1|1:2|2:2",5600,4,425
"-2:-1|-1:-1|1:2|2:-2",5601,4,993
"-1:-2|-1:2|1:-1|2:-1",5602,4,1409
"-1:-2|0:2|1:1|2:1",5603,4,1377
"-1:-2|1:1|1:2|2:1",5604,4,1294
"-1:-2|1:1|2:1|2:2",5605,4,405
"-1:-1|1:-2|1:2|2:-2",5606,4,438
"-1:-1|0:-2|1:2|2:-2",5607,4,618
"-1:-2|-1:-1|1:2|2:-2",5608,4,756
"-2:-1|1:1|2:-2|2:2",5609,4,848
"-1:-1|0:-2|1:-2|1:2",5610,4,1138
"-1:-2|-1:-1|1:-2|1:2",5611,4,1246
"-1:-2|-1:2|1:-1|2:-2",5612,4,729
"-1:-2|-1:-1|0:-2|1:2",5613,4,1113
"-1:-2|0:2|1:1|2:2",5614,4,589
"-1:-2|1:1|1:2|2:2",5615,4,409
"-2:-1|1:-2|1:2|2:-2",5616,4,452
"-2:-1|0:-2|1:2|2:-2",5617,4,632
"-2:-1|-1:-2|1:2|2:-2",5618,4,769
"-2:-1|1:2|2:-2|2:2",5619,4,531
"-1:-2|-1:2|0:-2|2:-1",5620,4,1150
"-1:-2|-1:2|1:-2|2:-1",5621,4,1232
"-1:-2|-1:2|2:-2|2:-1",5622,4,505
"-1:-2|0:2|1:2|2:1",5623,4,1098
"-1:-2|0:2|2:1|2:2",5624,4,463
"-1:-2|1:2|2:1|2:2",5625,4,392
"-2:-1|2:-2|2:-1|2:0",5626,4,342
"-1:-2|1:-2|1:2|2:-2",5627,4,362
"-2:-1|2:-2|2:-1|2:2",5628,4,381
"-1:-2|0:-2|1:2|2:-2",5629,4,560
"-2:-1|2:-2|2:0|2:2",5630,4,572
"-2:-1|2:-2|2:1|2:2",5631,4,383
"-1:-2|-1:2|0:-2|1:-2",5632,4,1081
"-1:-2|-1:2|0:-2|2:-2",5633,4,562
"-1:-2|-1:2|1:-2|2:-2",5634,4,364
"-1:-2|0:2|1:2|2:2",5635,4,344
"-2:-1|0:-2|1:-2|2:-2",5636,4,331
"-1:-1|0:-2|1:-2|2:-2",5637,4,330
"-2:-2|-1:-2|0:-2|0:-1",5638,4,329
"-2:-2|-1:-2|-1:-1|0:-2",5639,4,328
"-2:-2|-2:-1|-1:-2|0:-2",5640,4,327
"-2:-2|-1:-2|0:-2|2:0",5641,4,335
"-1:0|0:-2|1:-2|2:-2",5642,4,334
"-2:-2|-1:-2|-1:0|0:-2",5643,4,333
"-2:-2|-2:-1|-2:0|0:-2",5644,4,332
"-1:-2|2:0|2:1|2:2",5645,4,340
"-1:-1|0:2|1:2|2:2",5646,4,339
"-1:0|2:-2|2:-1|2:0",5647,4,338
"-1:-1|2:-2|2:-1|2:0",5648,4,337
"-1:-2|2:-2|2:-1|2:0",5649,4,336
"-2:-2|-1:-2|0:-2|2:2",5650,4,345
"-1:-2|0:2|1:2|2:2",5651,4,344
"-2:-2|-1:-2|0:-2|0:2",5652,4,343
"-2:-1|2:-2|2:-1|2:0",5653,4,342
"-2:-2|-2:-1|-2:0|2:-2",5654,4,341
"-1:-2|0:-2|1:-1|2:-1",5655,4,1128
"-1:-2|0:-2|0:-1|2:-1",5656,4,1115
"-1:-2|-1:-1|0:-2|2:-1",5657,4,1101
"-2:-1|-1:-2|0:-2|2:-1",5658,4,1086
"-1:-2|0:-2|2:-1|2:0",5659,4,1144
"-1:-2|0:-2|1:0|2:-1",5660,4,1143
"-1:-2|-1:0|0:-2|2:-1",5661,4,1142
"-2:-1|-2:0|-1:2|0:-2",5662,4,1141
"-1:-2|0:-2|2:-1|2:1",5663,4,1149
"-1:-1|1:-2|2:0|2:1",5664,4,1148
"-1:-2|0:-2|0:1|2:-1",5665,4,1147
"-1:-1|-1:2|0:2|2:1",5666,4,1146
"-1:-2|1:2|2:-1|2:0",5667,4,1145
"-1:-2|0:-2|2:-1|2:2",5668,4,799
"-1:-2|0:-2|1:2|2:-1",5669,4,1152
"-1:-2|0:-2|0:2|2:-1",5670,4,1151
"-1:-2|-1:2|0:-2|2:-1",5671,4,1150
"-2:-1|-2:0|-1:2|2:-2",5672,4,1041
"-1:-1|0:-2|0:-1|1:-2",5673,4,1114
"-1:-1|0:-2|1:-2|1:-1",5674,4,1100
"-1:-1|0:-2|1:-2|2:-1",5675,4,1085
"-1:-2|0:-2|1:-1|2:0",5676,4,1132
"-1:-1|-1:0|0:-2|1:-2",5677,4,1131
"-1:-1|0:-2|1:-2|1:0",5678,4,1130
"-1:-1|0:-2|1:-2|2:0",5679,4,1129
"-1:-2|0:-2|1:-1|2:1",5680,4,1137
"-1:-1|-1:1|0:-2|1:-2",5681,4,1136
"-1:-1|0:-2|0:1|1:-2",5682,4,1135
"-1:-1|-1:2|0:2|1:1",5683,4,1134
"-1:-1|0:-2|1:-2|2:1",5684,4,1133
"-1:-2|0:-2|1:-1|2:2",5685,4,1007
"-1:-1|-1:2|0:-2|1:-2",5686,4,1140
"-1:-1|0:-2|0:2|1:-2",5687,4,1139
"-1:-1|0:-2|1:-2|1:2",5688,4,1138
"-1:-1|0:-2|1:-2|2:2",5689,4,1037
"-1:-2|-1:-1|0:-2|0:-1",5690,4,1099
"-2:-1|-1:-2|0:-2|0:-1",5691,4,1084
"-1:-2|0:-2|0:-1|2:0",5692,4,1119
"-1:-2|0:-2|0:-1|1:0",5693,4,1118
"-1:-2|-1:0|0:-2|0:-1",5694,4,1117
"-2:-1|-2:0|-1:0|0:-2",5695,4,1116
"-1:-2|0:-2|0:-1|2:1",5696,4,1124
"-1:-1|0:1|0:2|1:2",5697,4,1123
"-1:-2|0:-2|0:-1|0:1",5698,4,1122
"-1:-1|-1:2|0:1|0:2",5699,4,1121
"-1:-2|1:0|2:-1|2:0",5700,4,1120
"-1:-2|0:-2|0:-1|2:2",5701,4,1056
"-1:-2|0:-2|0:-1|1:2",5702,4,1127
"-1:-2|0:-2|0:-1|0:2",5703,4,1126
"-1:-2|-1:2|0:-2|0:-1",5704,4,1125
"-2:-1|-2:0|-1:0|2:-2",5705,4,1029
"-2:-1|-1:-2|-1:-1|0:-2",5706,4,1083
"-1:-2|-1:-1|0:-2|2:0",5707,4,1105
"-1:-2|-1:-1|0:-2|1:0",5708,4,1104
"-1:-2|-1:-1|-1:0|0:-2",5709,4,1103
"-2:-1|-2:0|-1:-1|0:-2",5710,4,1102
"-1:-2|-1:-1|0:-2|2:1",5711,4,1110
"-1:-1|0:2|1:1|1:2",5712,4,1109
"-1:-2|-1:-1|0:-2|0:1",5713,4,1108
"-1:-1|-1:1|-1:2|0:2",5714,4,1107
"-1:-2|1:-1|2:-1|2:0",5715,4,1106
"-1:-2|-1:-1|0:-2|2:2",5716,4,1067
"-1:-2|-1:-1|0:-2|1:2",5717,4,1113
"-1:-2|-1:-1|0:-2|0:2",5718,4,1112
"-1:-2|-1:-1|-1:2|0:-2",5719,4,1111
"-2:-1|-2:0|-1:-1|2:-2",5720,4,988
"-2:-1|-1:-2|0:-2|2:0",5721,4,1090
"-1:0|0:-2|1:-2|2:-1",5722,4,1089
"-2:-1|-1:-2|-1:0|0:-2",5723,4,1088
"-2:-1|-2:0|-1:-2|0:-2",5724,4,1087
"-1:-2|1:2|2:0|2:1",5725,4,1095
"-1:-1|0:2|1:2|2:1",5726,4,1094
"-1:0|1:-2|2:-1|2:0",5727,4,1093
"-1:-1|1:-2|2:-1|2:0",5728,4,1092
"-1:-2|1:-2|2:-1|2:0",5729,4,1091
"-2:-1|-1:-2|0:-2|2:2",5730,4,1071
"-1:-2|0:2|1:2|2:1",5731,4,1098
"-2:-1|-1:-2|0:-2|0:2",5732,4,1097
"-2:-1|-1:-2|-1:2|0:-2",5733,4,1096
"-2:-1|-2:0|-1:-2|2:-2",5734,4,762
"-1:-2|0:-2|1:0|2:0",5735,4,1173
"-1:-2|-1:0|0:-2|2:0",5736,4,1164
"-2:-1|-2:0|0:-2|0:2",5737,4,1155
"-1:-2|0:-2|2:0|2:1",5738,4,1186
"-1:-1|0:-2|2:0|2:1",5739,4,1185
"-1:-2|0:-2|0:1|2:0",5740,4,1184
"-1:-1|-1:2|0:2|2:0",5741,4,1183
"-1:-2|0:2|2:-1|2:0",5742,4,1182
"-1:-2|0:-2|2:0|2:2",5743,4,668
"-1:-2|0:-2|1:2|2:0",5744,4,1189
"-1:-2|0:-2|0:2|2:0",5745,4,1188
"-1:-2|-1:2|0:-2|2:0",5746,4,1187
"-2:-1|-2:0|0:2|2:-2",5747,4,1040
"-1:-2|-1:0|0:-2|1:0",5748,4,1163
"-1:0|0:-2|1:-2|2:0",5749,4,1154
"-1:-2|0:-1|2:0|2:1",5750,4,1178
"-1:-1|-1:0|0:2|1:2",5751,4,1177
"-1:-2|0:-2|0:1|1:0",5752,4,1176
"-1:-1|-1:2|0:2|1:0",5753,4,1175
"-1:-2|0:1|2:-1|2:0",5754,4,1174
"-1:-2|0:-2|1:0|2:2",5755,4,960
"-1:-2|-1:0|0:2|1:2",5756,4,1181
"-1:-2|0:-2|0:2|1:0",5757,4,1180
"-1:-2|-1:2|0:-2|1:0",5758,4,1179
"-1:0|0:-2|1:-2|2:2",5759,4,1036
"-2:-1|-2:0|0:-2|0:-1",5760,4,1153
"-1:-2|-1:0|0:-2|2:1",5761,4,1169
"-1:-1|0:1|2:0|2:1",5762,4,1168
"-1:-2|-1:0|0:-2|0:1",5763,4,1167
"-1:-1|-1:0|-1:2|0:2",5764,4,1166
"-1:-2|0:-1|2:-1|2:0",5765,4,1165
"-1:-2|-1:0|0:-2|2:2",5766,4,1066
"-1:-2|-1:0|0:-2|1:2",5767,4,1172
"-1:-2|-1:0|0:-2|0:2",5768,4,1171
"-1:-2|-1:0|-1:2|0:-2",5769,4,1170
"-2:-1|-2:0|0:-1|2:-2",5770,4,935
"-1:-2|0:2|2:0|2:1",5771,4,1159
"-1:-1|0:2|1:2|2:0",5772,4,1158
"-1:0|0:-2|2:-1|2:0",5773,4,1157
"-1:-1|0:-2|2:-1|2:0",5774,4,1156
"-1:-2|0:-2|2:-1|2:0",5775,4,1144
"-2:-1|-2:0|0:-2|2:2",5776,4,1070
"-1:-2|0:2|1:2|2:0",5777,4,1162
"-2:-1|-2:0|0:-2|2:0",5778,4,1161
"-2:-1|-2:0|0:-2|2:-1",5779,4,1160
"-2:-1|-2:0|0:-2|2:-2",5780,4,625
"-1:-2|-1:-1|2:0|2:1",5781,4,1208
"-1:-2|-1:0|2:0|2:1",5782,4,1204
"-1:-1|-1:2|0:2|2:-1",5783,4,1199
"-1:-2|-1:2|2:-1|2:0",5784,4,1193
"-1:-2|0:-2|2:1|2:2",5785,4,496
"-1:-2|0:-2|1:2|2:1",5786,4,1214
"-1:-2|0:-2|0:2|2:1",5787,4,1213
"-1:-2|-1:2|0:-2|2:1",5788,4,1212
"-2:-1|-2:0|1:2|2:-2",5789,4,1039
"-1:-1|-1:0|2:0|2:1",5790,4,1203
"-1:-1|-1:1|2:-1|2:0",5791,4,1198
"-1:-1|-1:2|2:0|2:1",5792,4,1192
"-1:-2|0:-2|1:1|2:2",5793,4,915
"-1:-2|-1:-1|0:2|1:2",5794,4,1211
"-1:-1|0:-2|0:2|1:2",5795,4,1210
"-1:-1|0:2|1:-2|1:2",5796,4,1209
"-1:-1|0:2|1:2|2:-2",5797,4,1026
"-1:-1|-1:0|2:-1|2:0",5798,4,1197
"-1:-2|-1:0|2:-1|2:0",5799,4,1191
"-1:-2|0:-2|0:1|2:2",5800,4,986
"-1:-2|0:-1|0:2|1:2",5801,4,1207
"-1:-2|0:-2|0:1|0:2",5802,4,1206
"-1:-2|-1:2|0:-1|0:2",5803,4,1205
"-2:-1|-2:0|1:0|2:-2",5804,4,984
"-1:-2|-1:-1|2:-1|2:0",5805,4,1190
"-1:-1|-1:2|0:2|2:-2",5806,4,1028
"-1:-1|-1:2|0:2|1:-2",5807,4,1202
"-1:-1|-1:2|0:-2|0:2",5808,4,1201
"-1:-2|-1:-1|-1:2|0:2",5809,4,1200
"-2:-1|-2:0|1:-1|2:-2",5810,4,900
"-2:-1|-1:2|0:2|2:-2",5811,4,1053
"-1:-2|0:2|1:2|2:-1",5812,4,1196
"-2:-1|-1:2|0:-2|0:2",5813,4,1195
"-2:-1|-1:-2|-1:2|0:2",5814,4,1194
"-2:-1|-2:0|1:-2|2:-2",5815,4,445
"-1:-2|0:-2|1:2|2:2",5816,4,543
"-1:-2|0:-2|0:2|2:2",5817,4,713
"-1:-2|-1:2|0:-2|2:2",5818,4,837
"-2:-1|-2:0|2:-2|2:2",5819,4,873
"-1:-2|0:-2|0:2|1:2",5820,4,1217
"-1:-2|-1:2|0:-2|1:2",5821,4,1216
"-1:-2|0:2|1:2|2:-2",5822,4,834
"-1:-2|-1:2|0:-2|0:2",5823,4,1215
"-2:-1|-2:0|2:-2|2:0",5824,4,710
"-2:-1|-2:0|2:-2|2:-1",5825,4,540
"-2:-1|-1:-1|0:-2|2:-2",5826,4,607
"-2:-1|0:-2|0:-1|2:-2",5827,4,592
"-2:-1|0:-2|1:-1|2:-2",5828,4,576
"-2:-1|0:-2|2:-2|2:-1",5829,4,465
"-2:-1|-2:0|0:-2|2:-2",5830,4,625
"-2:-1|-1:0|0:-2|2:-2",5831,4,624
"-2:-1|0:-2|1:0|2:-2",5832,4,623
"-2:-1|0:-2|2:-2|2:0",5833,4,622
"-1:-2|1:-2|2:0|2:2",5834,4,630
"-1:-1|1:-2|2:0|2:2",5835,4,629
"-1:0|1:-2|2:0|2:2",5836,4,628
"-1:-1|1:2|2:-2|2:0",5837,4,627
"-1:-2|1:2|2:-2|2:0",5838,4,626
"-2:-1|-2:2|0:-2|2:-2",5839,4,635
"-2:-1|-1:2|0:-2|2:-2",5840,4,634
"-2:-1|0:-2|0:2|2:-2",5841,4,633
"-2:-1|0:-2|1:2|2:-2",5842,4,632
"-2:-1|0:-2|2:-2|2:2",5843,4,631
"-1:-1|0:-2|0:-1|2:-2",5844,4,591
"-1:-1|0:-2|1:-1|2:-2",5845,4,575
"-1:-1|0:-2|2:-2|2:-1",5846,4,460
"-2:-2|-2:0|-1:1|0:2",5847,4,611
"-1:-1|-1:0|0:-2|2:-2",5848,4,610
"-1:-1|0:-2|1:0|2:-2",5849,4,609
"-1:-1|0:-2|2:-2|2:0",5850,4,608
"-1:-2|1:-1|2:0|2:2",5851,4,616
"-1:-1|-1:1|0:-2|2:-2",5852,4,615
"-1:-1|0:-2|0:1|2:-2",5853,4,614
"-1:-1|0:-2|1:1|2:-2",5854,4,613
"-1:-1|0:-2|2:-2|2:1",5855,4,612
"-2:-2|-1:1|0:2|2:2",5856,4,621
"-1:-1|-1:2|0:-2|2:-2",5857,4,620
"-1:-1|0:-2|0:2|2:-2",5858,4,619
"-1:-1|0:-2|1:2|2:-2",5859,4,618
"-1:-1|0:-2|2:-2|2:2",5860,4,617
"-2:-2|-1:-1|0:-2|0:-1",5861,4,574
"-2:-2|-2:-1|0:-2|0:-1",5862,4,456
"-2:-2|-2:0|-1:0|0:2",5863,4,596
"-1:0|0:-2|0:-1|2:-2",5864,4,595
"-2:-2|-1:0|0:-2|0:-1",5865,4,594
"-2:-2|-2:0|-1:0|0:-2",5866,4,593
"-1:-2|1:0|2:0|2:2",5867,4,601
"-1:-1|0:1|0:2|2:2",5868,4,600
"-1:0|1:0|2:-2|2:0",5869,4,599
"-1:-1|1:0|2:-2|2:0",5870,4,598
"-1:-2|1:0|2:-2|2:0",5871,4,597
"-2:-2|-2:0|-1:0|2:2",5872,4,606
"-1:-2|0:1|0:2|2:2",5873,4,605
"-2:-2|-2:0|-1:0|2:0",5874,4,604
"-2:-1|1:0|2:-2|2:0",5875,4,603
"-2:-2|-2:0|-1:0|2:-2",5876,4,602
"-2:-2|-2:-1|-1:-1|0:-2",5877,4,397
"-2:-2|-1:-1|0:-2|2:0",5878,4,580
"-1:0|0:-2|1:-1|2:-2",5879,4,579
"-2:-2|-1:-1|-1:0|0:-2",5880,4,578
"-2:-2|-2:0|-1:-1|0:-2",5881,4,577
"-1:-2|1:1|2:0|2:2",5882,4,585
"-1:-1|0:2|1:1|2:2",5883,4,584
"-1:0|1:-1|2:-2|2:0",5884,4,583
"-1:-1|1:-1|2:-2|2:0",5885,4,582
"-1:-2|1:-1|2:-2|2:0",5886,4,581
"-2:-2|-1:-1|0:-2|2:2",5887,4,590
"-1:-2|0:2|1:1|2:2",5888,4,589
"-2:-2|-1:-1|0:-2|0:2",5889,4,588
"-2:-1|1:-1|2:-2|2:0",5890,4,587
"-2:-2|-2:0|-1:-1|2:-2",5891,4,586
"-2:-2|-2:-1|0:-2|2:0",5892,4,466
"-1:0|0:-2|2:-2|2:-1",5893,4,461
"-2:-2|-2:-1|-1:0|0:-2",5894,4,413
"-2:-2|-2:-1|-2:0|0:-2",5895,4,332
"-1:-2|1:2|2:0|2:2",5896,4,467
"-1:-1|0:2|2:1|2:2",5897,4,462
"-1:0|1:-2|2:-2|2:0",5898,4,457
"-1:-1|1:-2|2:-2|2:0",5899,4,428
"-1:-2|1:-2|2:-2|2:0",5900,4,352
"-2:-2|-2:-1|0:-2|2:2",5901,4,468
"-1:-2|0:2|2:1|2:2",5902,4,463
"-2:-2|-2:-1|0:-2|0:2",5903,4,458
"-2:-1|1:-2|2:-2|2:0",5904,4,442
"-2:-2|-2:-1|-2:2|0:-2",5905,4,371
"-2:-2|-2:0|0:1|0:2",5906,4,653
"-2:-2|-1:0|0:-2|2:0",5907,4,642
"-2:-2|-2:0|0:-2|0:2",5908,4,637
"-1:-2|0:-2|2:0|2:2",5909,4,668
"-1:-1|0:-2|2:0|2:2",5910,4,667
"-1:0|0:-2|2:0|2:2",5911,4,666
"-1:-1|0:2|2:-2|2:0",5912,4,665
"-1:-2|0:2|2:-2|2:0",5913,4,664
"-2:-2|-2:0|0:2|2:2",5914,4,673
"-2:-1|0:-2|2:0|2:2",5915,4,672
"-2:-2|-2:0|0:2|2:0",5916,4,671
"-2:-1|0:2|2:-2|2:0",5917,4,670
"-2:-2|-2:0|0:2|2:-2",5918,4,669
"-1:0|0:-2|1:0|2:-2",5919,4,641
"-1:0|0:-2|2:-2|2:0",5920,4,636
"-1:-2|0:-1|2:0|2:2",5921,4,658
"-1:-1|-1:0|0:2|2:2",5922,4,657
"-1:0|0:-1|0:2|2:2",5923,4,656
"-1:-1|0:1|2:-2|2:0",5924,4,655
"-1:-2|0:1|2:-2|2:0",5925,4,654
"-2:-2|-1:0|0:2|2:2",5926,4,663
"-1:-2|-1:0|0:2|2:2",5927,4,662
"-1:0|0:-2|0:2|2:-2",5928,4,661
"-1:0|0:-2|1:2|2:-2",5929,4,660
"-1:0|0:-2|2:-2|2:2",5930,4,659
"-2:-2|-2:0|-1:0|0:-2",5931,4,593
"-1:-2|0:1|2:0|2:2",5932,4,647
"-1:-1|0:1|2:0|2:2",5933,4,646
"-1:0|0:-1|2:-2|2:0",5934,4,645
"-1:-1|0:-1|2:-2|2:0",5935,4,644
"-1:-2|0:-1|2:-2|2:0",5936,4,643
"-2:-2|-1:0|0:-2|2:2",5937,4,652
"-1:-2|0:2|1:0|2:2",5938,4,651
"-2:-2|-1:0|0:-2|0:2",5939,4,650
"-2:-1|0:-1|2:-2|2:0",5940,4,649
"-2:-2|-2:0|0:-1|2:-2",5941,4,648
"-1:-2|0:2|2:0|2:2",5942,4,639
"-1:-1|0:2|2:0|2:2",5943,4,638
"-1:0|0:-2|2:-2|2:0",5944,4,636
"-1:-1|0:-2|2:-2|2:0",5945,4,608
"-1:-2|0:-2|2:-2|2:0",5946,4,550
"-2:-2|-2:0|0:-2|2:2",5947,4,640
"-1:-2|0:2|2:0|2:2",5948,4,639
"-2:-2|-2:0|0:-2|0:2",5949,4,637
"-2:-1|0:-2|2:-2|2:0",5950,4,622
"-2:-2|-2:0|-2:2|0:-2",5951,4,566
"-1:-2|-1:-1|2:0|2:2",5952,4,697
"-1:-2|-1:0|2:0|2:2",5953,4,691
"-1:-1|-1:2|2:-2|2:0",5954,4,684
"-1:-2|-1:2|2:-2|2:0",5955,4,677
"-2:-2|-1:-2|2:0|2:2",5956,4,501
"-2:-1|-1:-2|0:2|2:2",5957,4,706
"-2:-1|0:-2|0:2|2:2",5958,4,705
"-2:-1|-1:2|2:-2|2:0",5959,4,704
"-2:-1|0:2|2:-2|2:2",5960,4,703
"-1:-1|-1:0|2:0|2:2",5961,4,690
"-1:-1|-1:1|2:-2|2:0",5962,4,683
"-1:-1|-1:2|2:0|2:2",5963,4,676
"-2:-2|-1:-1|0:2|2:2",5964,4,702
"-1:-2|-1:-1|0:2|2:2",5965,4,701
"-1:-1|0:-2|0:2|2:2",5966,4,700
"-1:-1|0:2|1:-2|2:2",5967,4,699
"-1:-1|0:2|2:-2|2:2",5968,4,698
"-1:-1|-1:0|2:-2|2:0",5969,4,682
"-1:-2|-1:0|2:-2|2:0",5970,4,675
"-2:-2|-1:0|2:0|2:2",5971,4,696
"-1:-2|0:-1|0:2|2:2",5972,4,695
"-2:-2|-2:0|1:0|2:0",5973,4,694
"-2:-1|-1:0|2:-2|2:0",5974,4,693
"-2:-2|-1:0|2:-2|2:0",5975,4,692
"-1:-2|-1:-1|2:-2|2:0",5976,4,674
"-2:-2|-1:1|0:-2|2:2",5977,4,689
"-1:-2|0:2|1:-1|2:2",5978,4,688
"-2:-2|-1:1|0:-2|0:2",5979,4,687
"-2:-1|-1:-1|2:-2|2:0",5980,4,686
"-2:-2|-1:-1|2:-2|2:0",5981,4,685
"-2:-1|-2:2|0:2|2:-2",5982,4,681
"-1:-2|0:2|2:-1|2:2",5983,4,680
"-2:-1|-2:2|0:-2|0:2",5984,4,679
"-2:-1|-1:-2|2:-2|2:0",5985,4,678
"-2:-2|-1:-2|2:-2|2:0",5986,4,374
"-2:-2|-1:-2|0:2|2:2",5987,4,544
"-2:-2|-2:0|2:0|2:2",5988,4,714
"-2:-1|-2:2|2:-2|2:0",5989,4,712
"-2:-2|-2:0|2:-2|2:2",5990,4,709
"-1:-2|0:-2|0:2|2:2",5991,4,713
"-1:-2|0:2|1:-2|2:2",5992,4,711
"-1:-2|0:2|2:-2|2:2",5993,4,708
"-2:-1|-2:0|2:-2|2:0",5994,4,710
"-2:-2|-2:0|2:-2|2:0",5995,4,707
"-2:-2|-2:-1|2:-2|2:0",5996,4,537
"-2:-1|-1:-1|0:-2|0:-1",5997,4,1371
"-1:-1|0:-2|1:-1|2:-1",5998,4,1374
"-2:-1|-1:-1|0:-2|2:-1",5999,4,1378
"-2:-1|-2:0|-1:-1|0:-2",6000,4,1102
"-2:-1|-1:-1|-1:0|0:-2",6001,4,1336
"-1:0|0:-2|1:-1|2:-1",6002,4,1375
"-2:-1|-1:-1|0:-2|2:0",6003,4,1379
"-1:-2|1:-2|1:-1|2:0",6004,4,1235
"-1:-1|1:-2|1:-1|2:0",6005,4,1349
"-1:0|1:-2|1:-1|2:0",6006,4,1372
"-1:-1|0:2|1:1|2:1",6007,4,1376
"-1:-2|1:1|1:2|2:0",6008,4,1380
"-2:-1|-2:2|-1:-1|0:-2",6009,4,749
"-2:-1|-1:-1|-1:2|0:-2",6010,4,1361
"-2:-1|-1:-1|0:-2|0:2",6011,4,1373
"-1:-2|0:2|1:1|2:1",6012,4,1377
"-2:-1|-1:-1|0:-2|2:2",6013,4,1069
"-1:-1|0:-2|0:-1|2:-1",6014,4,1570
"-2:-1|0:-2|0:-1|2:-1",6015,4,1574
"-2:-1|-2:0|0:-2|0:-1",6016,4,1153
"-2:-1|-1:0|0:-2|0:-1",6017,4,1451
"-1:0|0:-2|0:-1|2:-1",6018,4,1571
"-2:-1|0:-2|0:-1|2:0",6019,4,1575
"-1:-2|1:-2|1:0|2:0",6020,4,1254
"-1:-1|1:-2|1:0|2:0",6021,4,1505
"-1:0|1:-2|1:0|2:0",6022,4,1568
"-1:-1|0:1|0:2|2:1",6023,4,1572
"-1:-2|1:0|1:2|2:0",6024,4,1576
"-2:-1|-2:2|0:-2|0:-1",6025,4,784
"-2:-1|-1:2|0:-2|0:-1",6026,4,1553
"-2:-1|0:-2|0:-1|0:2",6027,4,1569
"-1:-2|0:1|0:2|2:1",6028,4,1573
"-2:-1|0:-2|0:-1|2:2",6029,4,1058
"-2:-1|-1:-1|0:-2|2:-1",6030,4,1378
"-1:-1|0:-2|2:-1|2:0",6031,4,1156
"-1:-1|0:-2|1:0|2:-1",6032,4,1454
"-1:-1|-1:0|0:-2|2:-1",6033,4,1590
"-2:-1|0:-2|1:-1|2:0",6034,4,1593
"-1:-1|0:-2|2:-1|2:1",6035,4,1257
"-1:-1|0:-2|1:1|2:-1",6036,4,1508
"-1:-1|0:-2|0:1|2:-1",6037,4,1578
"-1:-1|-1:1|0:-2|2:-1",6038,4,1591
"-1:-2|1:-1|1:2|2:0",6039,4,1538
"-1:-1|0:-2|2:-1|2:2",6040,4,798
"-1:-1|0:-2|1:2|2:-1",6041,4,1554
"-1:-1|0:-2|0:2|2:-1",6042,4,1584
"-1:-1|-1:2|0:-2|2:-1",6043,4,1592
"-2:-1|0:-2|1:-1|2:2",6044,4,1010
"-2:-1|-2:0|0:-2|2:-1",6045,4,1160
"-2:-1|-1:0|0:-2|2:-1",6046,4,1458
"-2:-1|-1:0|0:-2|2:-1",6047,4,1458
"-2:-1|-2:0|0:-2|2:-1",6048,4,1160
"-1:-2|1:-2|1:2|2:0",6049,4,1261
"-1:-1|1:-2|1:2|2:0",6050,4,1512
"-1:0|1:-2|1:2|2:0",6051,4,1581
"-1:-1|1:-2|1:2|2:0",6052,4,1512
"-1:-2|1:-2|1:2|2:0",6053,4,1261
"-2:-1|-2:2|0:-2|2:-1",6054,4,803
"-2:-1|-1:2|0:-2|2:-1",6055,4,1556
"-2:-1|0:-2|0:2|2:-1",6056,4,1587
"-2:-1|-1:2|0:-2|2:-1",6057,4,1556
"-2:-1|-2:2|0:-2|2:-1",6058,4,803
"-2:-1|-2:0|-1:0|0:-2",6059,4,1116
"-1:0|0:-2|2:-1|2:0",6060,4,1157
"-2:-1|-2:0|0:-2|2:0",6061,4,1161
"-1:-2|0:-2|1:-2|2:0",6062,4,1076
"-1:-1|0:-2|1:-2|2:0",6063,4,1129
"-1:0|0:-2|1:-2|2:0",6064,4,1154
"-1:-1|0:2|1:2|2:0",6065,4,1158
"-1:-2|0:2|1:2|2:0",6066,4,1162
"-2:-1|-2:0|-2:2|0:-2",6067,4,553
"-2:-1|-2:0|-1:2|0:-2",6068,4,1141
"-2:-1|-2:0|0:-2|0:2",6069,4,1155
"-1:-2|0:2|2:0|2:1",6070,4,1159
"-2:-1|-2:0|0:-2|2:2",6071,4,1070
"-1:0|0:-2|1:0|2:-1",6072,4,1455
"-2:-1|-1:0|0:-2|2:0",6073,4,1459
"-1:-2|0:-1|1:-2|2:0",6074,4,1247
"-1:-1|0:-1|1:-2|2:0",6075,4,1429
"-1:0|0:-1|1:-2|2:0",6076,4,1452
"-1:-1|0:1|1:2|2:0",6077,4,1456
"-1:-2|0:1|1:2|2:0",6078,4,1460
"-2:-1|-2:2|-1:0|0:-2",6079,4,735
"-2:-1|-1:0|-1:2|0:-2",6080,4,1441
"-2:-1|-1:0|0:-2|0:2",6081,4,1453
"-1:-2|0:2|1:0|2:1",6082,4,1457
"-2:-1|-1:0|0:-2|2:2",6083,4,1064
"-2:-1|0:-2|1:0|2:0",6084,4,1596
"-1:-2|0:1|1:-2|2:0",6085,4,1258
"-1:-1|0:1|1:-2|2:0",6086,4,1509
"-1:0|0:-1|0:2|2:1",6087,4,1579
"-1:-1|-1:0|0:2|2:1",6088,4,1594
"-1:-2|0:-1|1:2|2:0",6089,4,1485
"-1:0|0:-2|2:-1|2:2",6090,4,797
"-1:0|0:-2|1:2|2:-1",6091,4,1555
"-1:0|0:-2|0:2|2:-1",6092,4,1585
"-1:-2|-1:0|0:2|2:1",6093,4,1595
"-2:-1|0:-2|1:0|2:2",6094,4,963
"-1:-2|0:2|1:-2|2:0",6095,4,1262
"-1:-1|0:2|1:-2|2:0",6096,4,1513
"-1:0|0:-2|1:2|2:0",6097,4,1582
"-1:-1|0:-2|1:2|2:0",6098,4,1597
"-1:-2|0:-2|1:2|2:0",6099,4,1189
"-2:-1|-2:2|0:-2|2:0",6100,4,802
"-2:-1|-1:2|0:-2|2:0",6101,4,1557
"-2:-1|0:-2|0:2|2:0",6102,4,1588
"-2:-1|0:-2|1:2|2:0",6103,4,1598
"-2:-1|0:-2|2:0|2:2",6104,4,672
"-1:-2|-1:-1|1:-2|2:0",6105,4,1238
"-1:-2|-1:0|1:-2|2:0",6106,4,1255
"-1:-1|-1:2|1:2|2:0",6107,4,1259
"-1:-2|-1:2|1:-2|2:0",6108,4,1263
"-2:-1|-2:1|-2:2|0:-2",6109,4,355
"-2:-1|-1:-2|1:-2|2:0",6110,4,1224
"-2:-1|-2:1|0:-2|0:2",6111,4,1256
"-1:-2|0:2|2:-1|2:1",6112,4,1260
"-2:-1|-2:1|0:-2|2:2",6113,4,1051
"-1:-1|-1:0|1:-2|2:0",6114,4,1506
"-1:-1|-1:1|1:-2|2:0",6115,4,1510
"-1:-1|-1:2|1:-2|2:0",6116,4,1514
"-2:-1|-2:2|-1:1|0:-2",6117,4,720
"-2:-1|-1:-1|1:-2|2:0",6118,4,1410
"-2:-1|-1:1|0:-2|0:2",6119,4,1507
"-1:-2|0:2|1:-1|2:1",6120,4,1511
"-2:-1|-1:1|0:-2|2:2",6121,4,1024
"-1:-1|-1:0|1:2|2:0",6122,4,1580
"-1:-2|-1:0|1:2|2:0",6123,4,1583
"-2:-1|-2:2|0:-2|0:1",6124,4,774
"-2:-1|-1:0|1:-2|2:0",6125,4,1489
"-2:-1|0:-2|0:1|0:2",6126,4,1577
"-1:-2|0:-1|0:2|2:1",6127,4,1504
"-2:-1|0:-2|0:1|2:2",6128,4,982
"-1:-2|-1:-1|1:2|2:0",6129,4,1406
"-1:-1|0:2|2:-2|2:1",6130,4,796
"-1:-1|0:2|1:-2|2:1",6131,4,1542
"-1:-1|0:-2|0:2|2:1",6132,4,1586
"-1:-2|-1:-1|0:2|2:1",6133,4,1428
"-2:-1|0:-2|1:1|2:2",6134,4,917
"-2:-1|-2:2|0:-2|2:1",6135,4,801
"-2:-1|-1:2|0:-2|2:1",6136,4,1558
"-2:-1|0:-2|0:2|2:1",6137,4,1589
"-2:-1|-1:-2|0:2|2:1",6138,4,1331
"-2:-1|0:-2|2:1|2:2",6139,4,500
"-2:-1|-2:2|-1:2|0:-2",6140,4,507
"-2:-1|-2:2|0:-2|0:2",6141,4,679
"-1:-2|0:2|2:-2|2:1",6142,4,795
"-2:-1|-2:2|0:-2|2:2",6143,4,800
"-2:-1|-1:2|0:-2|0:2",6144,4,1195
"-1:-2|0:2|1:-2|2:1",6145,4,1278
"-2:-1|-1:2|0:-2|2:2",6146,4,830
"-1:-2|0:-2|0:2|2:1",6147,4,1213
"-2:-1|0:-2|0:2|2:2",6148,4,705
"-2:-1|0:-2|1:2|2:2",6149,4,533
"-1:-1|0:-2|0:-1|1:-1",6150,4,1640
"-1:-1|0:-2|0:-1|2:-1",6151,4,1570
"-2:0|-1:-1|-1:0|0:-2",6152,4,1641
"-1:-1|-1:0|0:-2|0:-1",6153,4,1642
"-1:-1|0:-2|0:-1|1:0",6154,4,1643
"-1:-1|0:-2|0:-1|2:0",6155,4,1644
"-1:-2|1:-1|1:0|2:0",6156,4,1524
"-1:-1|-1:1|0:-2|0:-1",6157,4,1645
"-1:-1|0:-2|0:-1|0:1",6158,4,1646
"-1:-1|0:-2|0:-1|1:1",6159,4,1647
"-1:-1|0:-2|0:-1|2:1",6160,4,1621
"-2:-2|-1:1|0:1|0:2",6161,4,996
"-1:-1|-1:2|0:-2|0:-1",6162,4,1637
"-1:-1|0:-2|0:-1|0:2",6163,4,1648
"-1:-1|0:-2|0:-1|1:2",6164,4,1639
"-1:-1|0:-2|0:-1|2:2",6165,4,1055
"-1:-1|0:-2|1:-1|2:-1",6166,4,1374
"-1:-1|0:-2|1:-1|2:0",6167,4,1649
"-1:-1|-1:0|0:-2|1:-1",6168,4,1650
"-1:-1|-1:0|0:-2|1:-1",6169,4,1650
"-1:-1|0:-2|1:-1|2:0",6170,4,1649
"-1:-1|0:-2|1:-1|2:1",6171,4,1535
"-1:-1|-1:1|0:-2|1:-1",6172,4,1651
"-1:-1|0:-2|0:1|1:-1",6173,4,1652
"-1:-1|-1:1|0:-2|1:-1",6174,4,1651
"-1:-1|0:-2|1:-1|2:1",6175,4,1535
"-1:-1|0:-2|1:-1|2:2",6176,4,1006
"-1:-1|-1:2|0:-2|1:-1",6177,4,1638
"-1:-1|0:-2|0:2|1:-1",6178,4,1653
"-1:-1|-1:2|0:-2|1:-1",6179,4,1638
"-1:-1|0:-2|1:-1|2:2",6180,4,1006
"-2:-1|0:-2|1:-1|2:0",6181,4,1593
"-1:-1|-1:0|0:-2|2:-1",6182,4,1590
"-1:-1|0:-2|1:0|2:-1",6183,4,1454
"-1:-1|0:-2|2:-1|2:0",6184,4,1156
"-1:-2|1:-1|1:2|2:0",6185,4,1538
"-1:-1|-1:1|0:-2|2:-1",6186,4,1591
"-1:-1|0:-2|0:1|2:-1",6187,4,1578
"-1:-1|0:-2|1:1|2:-1",6188,4,1508
"-1:-1|0:-2|2:-1|2:1",6189,4,1257
"-2:-1|0:-2|1:-1|2:2",6190,4,1010
"-1:-1|-1:2|0:-2|2:-1",6191,4,1592
"-1:-1|0:-2|0:2|2:-1",6192,4,1584
"-1:-1|0:-2|1:2|2:-1",6193,4,1554
"-1:-1|0:-2|2:-1|2:2",6194,4,798
"-2:0|-1:-1|-1:0|0:-2",6195,4,1641
"-1:0|0:-2|1:-1|2:0",6196,4,1654
"-2:0|-1:-1|0:-2|0:2",6197,4,1655
"-1:-2|0:-2|1:-1|2:0",6198,4,1132
"-1:-1|0:-2|1:-1|2:0",6199,4,1649
"-1:0|0:-2|1:-1|2:0",6200,4,1654
"-1:-1|0:2|1:1|2:0",6201,4,1656
"-1:-2|0:2|1:1|2:0",6202,4,1635
"-2:-2|-2:0|-1:1|0:2",6203,4,611
"-2:-1|0:-2|1:-1|2:0",6204,4,1593
"-2:0|-1:-1|0:-2|0:2",6205,4,1655
"-1:-2|0:2|1:1|2:0",6206,4,1635
"-2:-2|0:2|1:1|2:0",6207,4,1068
"-1:-1|-1:0|0:-2|1:0",6208,4,1657
"-1:-1|-1:0|0:-2|2:0",6209,4,1658
"-1:-2|0:-1|1:-1|2:0",6210,4,1432
"-1:-1|-1:0|-1:1|0:-2",6211,4,1659
"-1:-1|-1:0|0:-2|0:1",6212,4,1660
"-1:-1|-1:0|0:-2|1:1",6213,4,1661
"-1:-1|-1:0|0:-2|2:1",6214,4,1633
"-2:-2|-1:0|-1:1|0:2",6215,4,924
"-1:-1|-1:0|-1:2|0:-2",6216,4,1614
"-1:-1|-1:0|0:-2|0:2",6217,4,1662
"-1:-1|-1:0|0:-2|1:2",6218,4,1629
"-1:-1|-1:0|0:-2|2:2",6219,4,1062
"-1:-1|0:-2|1:0|2:0",6220,4,1663
"-1:-2|0:1|1:-1|2:0",6221,4,1534
"-1:-1|-1:1|0:-2|1:0",6222,4,1664
"-1:-1|0:-2|0:1|1:0",6223,4,1665
"-1:-1|-1:0|0:2|1:1",6224,4,1666
"-1:-1|0:-2|1:0|2:1",6225,4,1482
"-1:0|0:-2|1:-1|2:2",6226,4,1005
"-1:-1|-1:2|0:-2|1:0",6227,4,1626
"-1:-1|0:-2|0:2|1:0",6228,4,1667
"-1:-1|0:-2|1:0|1:2",6229,4,1618
"-1:-1|0:-2|1:0|2:2",6230,4,959
"-1:-2|0:2|1:-1|2:0",6231,4,1537
"-1:-1|-1:1|0:-2|2:0",6232,4,1668
"-1:-1|0:-2|0:1|2:0",6233,4,1669
"-1:-1|0:-2|1:1|2:0",6234,4,1670
"-1:-1|0:-2|2:0|2:1",6235,4,1185
"-2:-2|-1:1|0:2|2:0",6236,4,1009
"-1:-1|-1:2|0:-2|2:0",6237,4,1632
"-1:-1|0:-2|0:2|2:0",6238,4,1671
"-1:-1|0:-2|1:2|2:0",6239,4,1597
"-1:-1|0:-2|2:0|2:2",6240,4,667
"-1:-2|-1:-1|1:-1|2:0",6241,4,1352
"-1:-2|-1:0|1:-1|2:0",6242,4,1516
"-1:-1|-1:2|1:1|2:0",6243,4,1533
"-1:-2|-1:2|1:-1|2:0",6244,4,1536
"-2:-2|-1:-2|1:-1|2:0",6245,4,431
"-2:-1|-1:-2|-1:1|0:2",6246,4,1309
"-2:-1|-1:1|0:-2|0:2",6247,4,1507
"-1:-2|0:2|1:1|2:-1",6248,4,1532
"-2:-1|-1:1|0:2|2:-2",6249,4,1048
"-1:-1|-1:0|1:-1|2:0",6250,4,1672
"-1:-1|-1:1|0:-2|1:1",6251,4,1673
"-1:-1|-1:1|0:-2|2:1",6252,4,1631
"-2:-2|-1:-1|-1:1|0:2",6253,4,890
"-1:-1|-1:1|-1:2|0:-2",6254,4,1416
"-1:-1|-1:1|0:-2|0:2",6255,4,1674
"-1:-1|-1:1|0:-2|1:2",6256,4,1552
"-1:-1|-1:1|0:-2|2:2",6257,4,1021
"-1:-1|-1:0|1:1|2:0",6258,4,1675
"-1:-1|0:-2|0:1|2:1",6259,4,1608
"-2:-2|-1:0|1:-1|2:0",6260,4,968
"-1:-1|-1:2|0:-2|0:1",6261,4,1494
"-1:-1|0:-2|0:1|0:2",6262,4,1676
"-1:-1|0:-2|0:1|1:2",6263,4,1502
"-1:-1|0:-2|0:1|2:2",6264,4,979
"-1:-1|0:-2|1:1|2:1",6265,4,1403
"-1:-1|0:2|1:1|2:-2",6266,4,1004
"-1:-1|-1:2|0:-2|1:1",6267,4,1547
"-1:-1|0:-2|0:2|1:1",6268,4,1677
"-1:-1|0:-2|1:1|1:2",6269,4,1425
"-1:-1|0:-2|1:1|2:2",6270,4,914
"-2:-1|0:2|1:1|2:-2",6271,4,1008
"-1:-1|-1:2|0:-2|2:1",6272,4,1566
"-1:-1|0:-2|0:2|2:1",6273,4,1586
"-1:-1|0:-2|1:2|2:1",6274,4,1329
"-1:-1|0:-2|2:1|2:2",6275,4,495
"-2:-2|-1:-2|-1:1|0:2",6276,4,515
"-2:-2|-1:1|0:-2|0:2",6277,4,687
"-1:-2|0:2|1:1|2:-2",6278,4,812
"-2:-2|-1:1|0:2|2:-2",6279,4,867
"-1:-1|-1:2|0:-2|0:2",6280,4,1201
"-1:-1|-1:2|0:-2|1:2",6281,4,1283
"-1:-1|-1:2|0:-2|2:2",6282,4,825
"-1:-1|0:-2|0:2|1:2",6283,4,1210
"-1:-1|0:-2|0:2|2:2",6284,4,700
"-1:-1|0:-2|1:2|2:2",6285,4,528
"-2:-1|-1:-1|0:-2|0:-1",6286,4,1371
"-1:-1|0:-2|0:-1|2:0",6287,4,1644
"-1:-1|0:-2|0:-1|1:0",6288,4,1643
"-1:-1|-1:0|0:-2|0:-1",6289,4,1642
"-2:0|-1:-1|-1:0|0:-2",6290,4,1641
"-1:-1|0:-2|0:-1|2:1",6291,4,1621
"-1:-1|0:-2|0:-1|1:1",6292,4,1647
"-1:-1|0:-2|0:-1|0:1",6293,4,1646
"-1:-1|-1:1|0:-2|0:-1",6294,4,1645
"-1:-2|1:-1|1:0|2:0",6295,4,1524
"-1:-1|0:-2|0:-1|2:2",6296,4,1055
"-1:-1|0:-2|0:-1|1:2",6297,4,1639
"-1:-1|0:-2|0:-1|0:2",6298,4,1648
"-1:-1|-1:2|0:-2|0:-1",6299,4,1637
"-2:-2|-1:1|0:1|0:2",6300,4,996
"-2:-1|0:-2|0:-1|2:0",6301,4,1575
"-1:0|0:-2|0:-1|2:-1",6302,4,1571
"-2:-1|-1:0|0:-2|0:-1",6303,4,1451
"-2:-1|-2:0|0:-2|0:-1",6304,4,1153
"-1:-2|1:0|1:2|2:0",6305,4,1576
"-1:-1|0:1|0:2|2:1",6306,4,1572
"-1:0|1:-2|1:0|2:0",6307,4,1568
"-1:-1|1:-2|1:0|2:0",6308,4,1505
"-1:-2|1:-2|1:0|2:0",6309,4,1254
"-2:-1|0:-2|0:-1|2:2",6310,4,1058
"-1:-2|0:1|0:2|2:1",6311,4,1573
"-2:-1|0:-2|0:-1|0:2",6312,4,1569
"-2:-1|-1:2|0:-2|0:-1",6313,4,1553
"-2:-1|-2:2|0:-2|0:-1",6314,4,784
"-2:0|-1:0|0:-2|0:-1",6315,4,1678
"-1:0|0:-2|0:-1|2:0",6316,4,1679
"-2:0|-1:0|0:-2|0:2",6317,4,1680
"-1:-2|0:-2|1:0|2:0",6318,4,1173
"-1:-1|0:-2|1:0|2:0",6319,4,1663
"-1:0|0:-2|1:0|2:0",6320,4,1681
"-1:-1|0:1|0:2|2:0",6321,4,1682
"-1:-2|0:2|1:0|2:0",6322,4,1623
"-2:-2|-2:0|0:1|0:2",6323,4,653
"-2:-1|0:-2|1:0|2:0",6324,4,1596
"-2:0|-1:0|0:-2|2:0",6325,4,1683
"-1:-2|0:1|0:2|2:0",6326,4,1634
"-2:-2|0:1|0:2|2:0",6327,4,1057
"-1:0|0:-2|0:-1|1:0",6328,4,1684
"-1:0|0:-2|0:-1|2:0",6329,4,1679
"-1:-2|0:-1|1:0|2:0",6330,4,1470
"-1:-1|-1:0|0:1|0:2",6331,4,1685
"-1:0|0:-1|0:1|0:2",6332,4,1686
"-1:-1|0:1|0:2|1:0",6333,4,1687
"-1:-2|0:1|1:0|2:0",6334,4,1620
"-2:-2|-1:0|0:1|0:2",6335,4,948
"-1:-2|-1:0|0:1|0:2",6336,4,1617
"-1:0|0:-2|0:-1|0:2",6337,4,1688
"-1:-2|0:1|0:2|1:0",6338,4,1628
"-1:0|0:-2|0:-1|2:2",6339,4,1054
"-2:0|-1:0|0:-2|0:-1",6340,4,1678
"-1:-2|0:1|1:0|2:0",6341,4,1620
"-1:-1|0:1|0:2|1:0",6342,4,1687
"-1:0|0:-1|0:1|0:2",6343,4,1686
"-1:-1|-1:0|0:1|0:2",6344,4,1685
"-1:-2|0:-1|1:0|2:0",6345,4,1470
"-1:0|0:-2|0:-1|2:2",6346,4,1054
"-1:-2|0:1|0:2|1:0",6347,4,1628
"-1:0|0:-2|0:-1|0:2",6348,4,1688
"-1:-2|-1:0|0:1|0:2",6349,4,1617
"-2:-2|-1:0|0:1|0:2",6350,4,948
"-1:-2|0:2|1:0|2:0",6351,4,1623
"-1:-1|0:1|0:2|2:0",6352,4,1682
"-1:0|0:-2|1:0|2:0",6353,4,1681
"-1:-1|0:-2|1:0|2:0",6354,4,1663
"-1:-2|0:-2|1:0|2:0",6355,4,1173
"-2:-2|0:1|0:2|2:0",6356,4,1057
"-1:-2|0:1|0:2|2:0",6357,4,1634
"-2:0|-1:0|0:-2|2:0",6358,4,1683
"-2:-1|0:-2|1:0|2:0",6359,4,1596
"-2:-2|-2:0|0:1|0:2",6360,4,653
"-1:-2|-1:-1|1:0|2:0",6361,4,1391
"-1:-2|-1:0|1:0|2:0",6362,4,1599
"-1:-1|-1:2|1:0|2:0",6363,4,1619
"-1:-2|-1:2|1:0|2:0",6364,4,1622
"-2:-2|-1:-2|1:0|2:0",6365,4,481
"-2:-1|-1:-2|0:1|0:2",6366,4,1323
"-2:-1|0:-2|0:1|0:2",6367,4,1577
"-1:-2|0:1|0:2|2:-1",6368,4,1567
"-2:-1|0:1|0:2|2:-2",6369,4,1044
"-1:-1|-1:0|1:0|2:0",6370,4,1689
"-1:-1|-1:1|1:0|2:0",6371,4,1690
"-1:-1|-1:2|1:0|2:0",6372,4,1619
"-2:-2|-1:-1|0:1|0:2",6373,4,907
"-1:-2|-1:-1|0:1|0:2",6374,4,1421
"-1:-1|0:-2|0:1|0:2",6375,4,1676
"-1:-1|0:1|0:2|1:-2",6376,4,1550
"-1:-1|0:1|0:2|2:-2",6377,4,1017
"-1:-1|-1:0|1:0|2:0",6378,4,1689
"-1:-2|-1:0|1:0|2:0",6379,4,1599
"-2:-2|-1:0|1:0|2:0",6380,4,974
"-1:-2|0:-1|0:1|0:2",6381,4,1499
"-2:0|-1:0|1:0|2:0",6382,4,1691
"-1:-2|0:-1|0:1|0:2",6383,4,1499
"-2:-2|-1:0|1:0|2:0",6384,4,974
"-1:-2|-1:-1|1:0|2:0",6385,4,1391
"-1:-1|0:1|0:2|2:-2",6386,4,1017
"-1:-1|0:1|0:2|1:-2",6387,4,1550
"-1:-1|0:-2|0:1|0:2",6388,4,1676
"-1:-2|-1:-1|0:1|0:2",6389,4,1421
"-2:-2|-1:-1|0:1|0:2",6390,4,907
"-2:-1|0:1|0:2|2:-2",6391,4,1044
"-1:-2|0:1|0:2|2:-1",6392,4,1567
"-2:-1|0:-2|0:1|0:2",6393,4,1577
"-2:-1|-1:-2|0:1|0:2",6394,4,1323
"-2:-2|-1:-2|1:0|2:0",6395,4,481
"-2:-2|-1:-2|0:1|0:2",6396,4,522
"-2:-2|-2:0|1:0|2:0",6397,4,694
"-1:-2|0:1|0:2|2:-2",6398,4,819
"-2:-2|-2:2|1:0|2:0",6399,4,871
"-1:-2|0:-2|0:1|0:2",6400,4,1206
"-1:-2|0:1|0:2|1:-2",6401,4,1286
"-1:-2|0:1|0:2|2:-2",6402,4,819
"-1:-2|0:-2|0:1|0:2",6403,4,1206
"-2:-2|-2:0|1:0|2:0",6404,4,694
"-2:-2|-1:-2|0:1|0:2",6405,4,522
"-2:-1|-1:-1|0:-2|2:0",6406,4,1379
"-1:0|0:-2|1:-1|2:-1",6407,4,1375
"-2:-1|-1:-1|-1:0|0:-2",6408,4,1336
"-2:-1|-2:0|-1:-1|0:-2",6409,4,1102
"-1:-2|1:1|1:2|2:0",6410,4,1380
"-1:-1|0:2|1:1|2:1",6411,4,1376
"-1:0|1:-2|1:-1|2:0",6412,4,1372
"-1:-1|1:-2|1:-1|2:0",6413,4,1349
"-1:-2|1:-2|1:-1|2:0",6414,4,1235
"-2:-1|-1:-1|0:-2|2:2",6415,4,1069
"-1:-2|0:2|1:1|2:1",6416,4,1377
"-2:-1|-1:-1|0:-2|0:2",6417,4,1373
"-2:-1|-1:-1|-1:2|0:-2",6418,4,1361
"-2:-1|-2:2|-1:-1|0:-2",6419,4,749
"-1:-1|0:-2|1:0|2:0",6420,4,1663
"-1:-1|-1:0|0:-2|2:0",6421,4,1658
"-2:0|-1:-1|0:-2|0:2",6422,4,1655
"-1:-1|0:-2|2:0|2:1",6423,4,1185
"-1:-1|0:-2|1:1|2:0",6424,4,1670
"-1:-1|0:-2|0:1|2:0",6425,4,1669
"-1:-1|-1:1|0:-2|2:0",6426,4,1668
"-1:-2|0:2|1:-1|2:0",6427,4,1537
"-1:-1|0:-2|2:0|2:2",6428,4,667
"-1:-1|0:-2|1:2|2:0",6429,4,1597
"-1:-1|0:-2|0:2|2:0",6430,4,1671
"-1:-1|-1:2|0:-2|2:0",6431,4,1632
"-2:-2|-1:1|0:2|2:0",6432,4,1009
"-1:-1|-1:0|0:-2|1:0",6433,4,1657
"-1:0|0:-2|1:-1|2:0",6434,4,1654
"-1:-1|0:-2|1:0|2:1",6435,4,1482
"-1:-1|-1:0|0:2|1:1",6436,4,1666
"-1:-1|0:-2|0:1|1:0",6437,4,1665
"-1:-1|-1:1|0:-2|1:0",6438,4,1664
"-1:-2|0:1|1:-1|2:0",6439,4,1534
"-1:-1|0:-2|1:0|2:2",6440,4,959
"-1:-1|0:-2|1:0|1:2",6441,4,1618
"-1:-1|0:-2|0:2|1:0",6442,4,1667
"-1:-1|-1:2|0:-2|1:0",6443,4,1626
"-1:0|0:-2|1:-1|2:2",6444,4,1005
"-2:0|-1:-1|-1:0|0:-2",6445,4,1641
"-1:-1|-1:0|0:-2|2:1",6446,4,1633
"-1:-1|-1:0|0:-2|1:1",6447,4,1661
"-1:-1|-1:0|0:-2|0:1",6448,4,1660
"-1:-1|-1:0|-1:1|0:-2",6449,4,1659
"-1:-2|0:-1|1:-1|2:0",6450,4,1432
"-1:-1|-1:0|0:-2|2:2",6451,4,1062
"-1:-1|-1:0|0:-2|1:2",6452,4,1629
"-1:-1|-1:0|0:-2|0:2",6453,4,1662
"-1:-1|-1:0|-1:2|0:-2",6454,4,1614
"-2:-2|-1:0|-1:1|0:2",6455,4,924
"-1:-2|0:2|1:1|2:0",6456,4,1635
"-1:-1|0:2|1:1|2:0",6457,4,1656
"-1:0|0:-2|1:-1|2:0",6458,4,1654
"-1:-1|0:-2|1:-1|2:0",6459,4,1649
"-1:-2|0:-2|1:-1|2:0",6460,4,1132
"-2:-2|0:2|1:1|2:0",6461,4,1068
"-1:-2|0:2|1:1|2:0",6462,4,1635
"-2:0|-1:-1|0:-2|0:2",6463,4,1655
"-2:-1|0:-2|1:-1|2:0",6464,4,1593
"-2:-2|-2:0|-1:1|0:2",6465,4,611
"-1:-1|0:-2|1:1|2:1",6466,4,1403
"-1:-1|0:-2|0:1|2:1",6467,4,1608
"-1:-1|-1:1|0:-2|2:1",6468,4,1631
"-1:-2|-1:2|1:-1|2:0",6469,4,1536
"-1:-1|0:-2|2:1|2:2",6470,4,495
"-1:-1|0:-2|1:2|2:1",6471,4,1329
"-1:-1|0:-2|0:2|2:1",6472,4,1586
"-1:-1|-1:2|0:-2|2:1",6473,4,1566
"-2:-1|0:2|1:1|2:-2",6474,4,1008
"-1:-1|-1:0|1:1|2:0",6475,4,1675
"-1:-1|-1:1|0:-2|1:1",6476,4,1673
"-1:-1|-1:2|1:1|2:0",6477,4,1533
"-1:-1|0:-2|1:1|2:2",6478,4,914
"-1:-1|0:-2|1:1|1:2",6479,4,1425
"-1:-1|0:-2|0:2|1:1",6480,4,1677
"-1:-1|-1:2|0:-2|1:1",6481,4,1547
"-1:-1|0:2|1:1|2:-2",6482,4,1004
"-1:-1|-1:0|1:-1|2:0",6483,4,1672
"-1:-2|-1:0|1:-1|2:0",6484,4,1516
"-1:-1|0:-2|0:1|2:2",6485,4,979
"-1:-1|0:-2|0:1|1:2",6486,4,1502
"-1:-1|0:-2|0:1|0:2",6487,4,1676
"-1:-1|-1:2|0:-2|0:1",6488,4,1494
"-2:-2|-1:0|1:-1|2:0",6489,4,968
"-1:-2|-1:-1|1:-1|2:0",6490,4,1352
"-1:-1|-1:1|0:-2|2:2",6491,4,1021
"-1:-1|-1:1|0:-2|1:2",6492,4,1552
"-1:-1|-1:1|0:-2|0:2",6493,4,1674
"-1:-1|-1:1|-1:2|0:-2",6494,4,1416
"-2:-2|-1:-1|-1:1|0:2",6495,4,890
"-2:-1|-1:1|0:2|2:-2",6496,4,1048
"-1:-2|0:2|1:1|2:-1",6497,4,1532
"-2:-1|-1:1|0:-2|0:2",6498,4,1507
"-2:-1|-1:-2|-1:1|0:2",6499,4,1309
"-2:-2|-1:-2|1:-1|2:0",6500,4,431
"-1:-1|0:-2|1:2|2:2",6501,4,528
"-1:-1|0:-2|0:2|2:2",6502,4,700
"-1:-1|-1:2|0:-2|2:2",6503,4,825
"-2:-2|-1:1|0:2|2:-2",6504,4,867
"-1:-1|0:-2|0:2|1:2",6505,4,1210
"-1:-1|-1:2|0:-2|1:2",6506,4,1283
"-1:-2|0:2|1:1|2:-2",6507,4,812
"-1:-1|-1:2|0:-2|0:2",6508,4,1201
"-2:-2|-1:1|0:-2|0:2",6509,4,687
"-2:-2|-1:-2|-1:1|0:2",6510,4,515
"-2:-1|0:-2|1:0|2:0",6511,4,1596
"-2:-1|-1:0|0:-2|2:0",6512,4,1459
"-2:-1|-2:0|0:-2|2:0",6513,4,1161
"-1:-2|0:-2|1:2|2:0",6514,4,1189
"-1:-1|0:-2|1:2|2:0",6515,4,1597
"-1:0|0:-2|1:2|2:0",6516,4,1582
"-1:-1|0:2|1:-2|2:0",6517,4,1513
"-1:-2|0:2|1:-2|2:0",6518,4,1262
"-2:-1|0:-2|2:0|2:2",6519,4,672
"-2:-1|0:-2|1:2|2:0",6520,4,1598
"-2:-1|0:-2|0:2|2:0",6521,4,1588
"-2:-1|-1:2|0:-2|2:0",6522,4,1557
"-2:-1|-2:2|0:-2|2:0",6523,4,802
"-1:0|0:-2|1:0|2:-1",6524,4,1455
"-1:0|0:-2|2:-1|2:0",6525,4,1157
"-1:-2|0:-1|1:2|2:0",6526,4,1485
"-1:-1|-1:0|0:2|2:1",6527,4,1594
"-1:0|0:-1|0:2|2:1",6528,4,1579
"-1:-1|0:1|1:-2|2:0",6529,4,1509
"-1:-2|0:1|1:-2|2:0",6530,4,1258
"-2:-1|0:-2|1:0|2:2",6531,4,963
"-1:-2|-1:0|0:2|2:1",6532,4,1595
"-1:0|0:-2|0:2|2:-1",6533,4,1585
"-1:0|0:-2|1:2|2:-1",6534,4,1555
"-1:0|0:-2|2:-1|2:2",6535,4,797
"-2:-1|-2:0|-1:0|0:-2",6536,4,1116
"-1:-2|0:1|1:2|2:0",6537,4,1460
"-1:-1|0:1|1:2|2:0",6538,4,1456
"-1:0|0:-1|1:-2|2:0",6539,4,1452
"-1:-1|0:-1|1:-2|2:0",6540,4,1429
"-1:-2|0:-1|1:-2|2:0",6541,4,1247
"-2:-1|-1:0|0:-2|2:2",6542,4,1064
"-1:-2|0:2|1:0|2:1",6543,4,1457
"-2:-1|-1:0|0:-2|0:2",6544,4,1453
"-2:-1|-1:0|-1:2|0:-2",6545,4,1441
"-2:-1|-2:2|-1:0|0:-2",6546,4,735
"-1:-2|0:2|1:2|2:0",6547,4,1162
"-1:-1|0:2|1:2|2:0",6548,4,1158
"-1:0|0:-2|1:-2|2:0",6549,4,1154
"-1:-1|0:-2|1:-2|2:0",6550,4,1129
"-1:-2|0:-2|1:-2|2:0",6551,4,1076
"-2:-1|-2:0|0:-2|2:2",6552,4,1070
"-1:-2|0:2|2:0|2:1",6553,4,1159
"-2:-1|-2:0|0:-2|0:2",6554,4,1155
"-2:-1|-2:0|-1:2|0:-2",6555,4,1141
"-2:-1|-2:0|-2:2|0:-2",6556,4,553
"-1:-2|-1:-1|1:2|2:0",6557,4,1406
"-1:-2|-1:0|1:2|2:0",6558,4,1583
"-1:-1|-1:2|1:-2|2:0",6559,4,1514
"-1:-2|-1:2|1:-2|2:0",6560,4,1263
"-2:-1|0:-2|2:1|2:2",6561,4,500
"-2:-1|-1:-2|0:2|2:1",6562,4,1331
"-2:-1|0:-2|0:2|2:1",6563,4,1589
"-2:-1|-1:2|0:-2|2:1",6564,4,1558
"-2:-1|-2:2|0:-2|2:1",6565,4,801
"-1:-1|-1:0|1:2|2:0",6566,4,1580
"-1:-1|-1:1|1:-2|2:0",6567,4,1510
"-1:-1|-1:2|1:2|2:0",6568,4,1259
"-2:-1|0:-2|1:1|2:2",6569,4,917
"-1:-2|-1:-1|0:2|2:1",6570,4,1428
"-1:-1|0:-2|0:2|2:1",6571,4,1586
"-1:-1|0:2|1:-2|2:1",6572,4,1542
"-1:-1|0:2|2:-2|2:1",6573,4,796
"-1:-1|-1:0|1:-2|2:0",6574,4,1506
"-1:-2|-1:0|1:-2|2:0",6575,4,1255
"-2:-1|0:-2|0:1|2:2",6576,4,982
"-1:-2|0:-1|0:2|2:1",6577,4,1504
"-2:-1|0:-2|0:1|0:2",6578,4,1577
"-2:-1|-1:0|1:-2|2:0",6579,4,1489
"-2:-1|-2:2|0:-2|0:1",6580,4,774
"-1:-2|-1:-1|1:-2|2:0",6581,4,1238
"-2:-1|-1:1|0:-2|2:2",6582,4,1024
"-1:-2|0:2|1:-1|2:1",6583,4,1511
"-2:-1|-1:1|0:-2|0:2",6584,4,1507
"-2:-1|-1:-1|1:-2|2:0",6585,4,1410
"-2:-1|-2:2|-1:1|0:-2",6586,4,720
"-2:-1|-2:1|0:-2|2:2",6587,4,1051
"-1:-2|0:2|2:-1|2:1",6588,4,1260
"-2:-1|-2:1|0:-2|0:2",6589,4,1256
"-2:-1|-1:-2|1:-2|2:0",6590,4,1224
"-2:-1|-2:1|-2:2|0:-2",6591,4,355
"-2:-1|0:-2|1:2|2:2",6592,4,533
"-2:-1|0:-2|0:2|2:2",6593,4,705
"-2:-1|-1:2|0:-2|2:2",6594,4,830
"-2:-1|-2:2|0:-2|2:2",6595,4,800
"-1:-2|0:-2|0:2|2:1",6596,4,1213
"-1:-2|0:2|1:-2|2:1",6597,4,1278
"-1:-2|0:2|2:-2|2:1",6598,4,795
"-2:-1|-1:2|0:-2|0:2",6599,4,1195
"-2:-1|-2:2|0:-2|0:2",6600,4,679
"-2:-1|-2:2|-1:2|0:-2",6601,4,507
"-1:0|0:-2|1:0|2:0",6602,4,1681
"-2:0|-1:0|0:-2|2:0",6603,4,1683
"-1:-2|0:-2|0:-1|2:0",6604,4,1119
"-1:-1|0:-2|0:-1|2:0",6605,4,1644
"-1:0|0:-2|0:-1|2:0",6606,4,1679
"-1:-1|0:1|0:2|2:0",6607,4,1682
"-1:-2|0:1|0:2|2:0",6608,4,1634
"-2:-2|-2:0|-1:0|0:2",6609,4,596
"-2:-1|0:-2|0:-1|2:0",6610,4,1575
"-2:0|-1:0|0:-2|0:2",6611,4,1680
"-1:-2|0:2|1:0|2:0",6612,4,1623
"-2:-2|0:1|0:2|2:0",6613,4,1057
"-2:0|-1:0|0:-2|2:0",6614,4,1683
"-1:-2|0:-2|0:1|2:0",6615,4,1184
"-1:-1|0:-2|0:1|2:0",6616,4,1669
"-1:0|0:-1|0:2|2:0",6617,4,1692
"-1:-1|-1:0|0:2|2:0",6618,4,1693
"-1:-2|0:-1|0:2|2:0",6619,4,1484
"-1:0|0:-2|2:0|2:2",6620,4,666
"-1:0|0:-2|1:2|2:0",6621,4,1582
"-1:0|0:-2|0:2|2:0",6622,4,1694
"-1:-2|-1:0|0:2|2:0",6623,4,1610
"-2:-2|-1:0|0:2|2:0",6624,4,962
"-1:-2|0:-2|0:2|2:0",6625,4,1188
"-1:-1|0:-2|0:2|2:0",6626,4,1671
"-1:0|0:-2|0:2|2:0",6627,4,1694
"-1:-1|0:-2|0:2|2:0",6628,4,1671
"-1:-2|0:-2|0:2|2:0",6629,4,1188
"-2:-2|-2:0|0:2|2:0",6630,4,671
"-2:-1|0:-2|0:2|2:0",6631,4,1588
"-2:0|0:-2|0:2|2:0",6632,4,1695
"-2:-1|0:-2|0:2|2:0",6633,4,1588
"-2:-2|-2:0|0:2|2:0",6634,4,671
"-1:-2|-1:-1|0:-2|2:0",6635,4,1105
"-1:-2|-1:0|0:-2|2:0",6636,4,1164
"-1:-1|-1:2|0:2|2:0",6637,4,1183
"-1:-2|-1:2|0:-2|2:0",6638,4,1187
"-2:-2|-1:-2|0:-2|2:0",6639,4,335
"-2:-1|-1:-2|0:-2|2:0",6640,4,1090
"-2:-1|-2:0|0:-2|0:2",6641,4,1155
"-1:-2|0:2|2:-1|2:0",6642,4,1182
"-2:-1|-2:0|0:2|2:-2",6643,4,1040
"-1:-1|-1:0|0:-2|2:0",6644,4,1658
"-1:-1|-1:1|0:-2|2:0",6645,4,1668
"-1:-1|-1:2|0:-2|2:0",6646,4,1632
"-2:-2|-1:-1|0:-2|2:0",6647,4,580
"-2:-1|-1:-1|0:-2|2:0",6648,4,1379
"-2:0|-1:-1|0:-2|0:2",6649,4,1655
"-1:-2|0:2|1:-1|2:0",6650,4,1537
"-2:-2|-1:1|0:2|2:0",6651,4,1009
"-1:-1|-1:0|0:2|2:0",6652,4,1693
"-1:-2|-1:0|0:2|2:0",6653,4,1610
"-2:-2|-1:0|0:-2|2:0",6654,4,642
"-2:-1|-1:0|0:-2|2:0",6655,4,1459
"-2:0|-1:0|0:-2|2:0",6656,4,1683
"-1:-2|0:-1|0:2|2:0",6657,4,1484
"-2:-2|-1:0|0:2|2:0",6658,4,962
"-1:-2|-1:-1|0:2|2:0",6659,4,1405
"-1:-1|0:2|2:-2|2:0",6660,4,665
"-1:-1|0:2|1:-2|2:0",6661,4,1513
"-1:-1|0:-2|0:2|2:0",6662,4,1671
"-1:-2|-1:-1|0:2|2:0",6663,4,1405
"-2:-2|-1:-1|0:2|2:0",6664,4,916
"-2:-1|0:2|2:-2|2:0",6665,4,670
"-2:-1|-1:2|0:-2|2:0",6666,4,1557
"-2:-1|0:-2|0:2|2:0",6667,4,1588
"-2:-1|-1:-2|0:2|2:0",6668,4,1330
"-2:-2|-1:-2|0:2|2:0",6669,4,499
"-2:-2|-2:-1|0:-2|2:0",6670,4,466
"-2:-2|-2:0|0:-2|0:2",6671,4,637
"-1:-2|0:2|2:-2|2:0",6672,4,664
"-2:-2|-2:0|0:2|2:-2",6673,4,669
"-2:-1|-2:0|0:-2|2:0",6674,4,1161
"-1:-2|0:2|1:-2|2:0",6675,4,1262
"-2:-1|-2:2|0:-2|2:0",6676,4,802
"-1:-2|0:-2|0:2|2:0",6677,4,1188
"-2:-2|-2:0|0:2|2:0",6678,4,671
"-2:-2|-1:-2|0:2|2:0",6679,4,499
"-1:0|0:-2|1:0|2:0",6680,4,1681
"-1:-2|0:-1|0:1|2:0",6681,4,1481
"-1:-1|-1:0|0:2|1:0",6682,4,1696
"-1:0|0:-1|0:1|2:0",6683,4,1697
"-1:-1|-1:0|0:2|1:0",6684,4,1696
"-1:-2|0:-1|0:1|2:0",6685,4,1481
"-1:0|0:-2|1:0|2:2",6686,4,958
"-1:-2|-1:0|0:2|1:0",6687,4,1604
"-1:0|0:-2|0:2|1:0",6688,4,1698
"-1:-2|-1:0|0:2|1:0",6689,4,1604
"-1:0|0:-2|1:0|2:2",6690,4,958
"-1:-2|0:-1|0:2|2:0",6691,4,1484
"-1:-1|-1:0|0:2|2:0",6692,4,1693
"-1:0|0:-1|0:2|2:0",6693,4,1692
"-1:-1|0:-2|0:1|2:0",6694,4,1669
"-1:-2|0:-2|0:1|2:0",6695,4,1184
"-2:-2|-1:0|0:2|2:0",6696,4,962
"-1:-2|-1:0|0:2|2:0",6697,4,1610
"-1:0|0:-2|0:2|2:0",6698,4,1694
"-1:0|0:-2|1:2|2:0",6699,4,1582
"-1:0|0:-2|2:0|2:2",6700,4,666
"-1:-2|-1:-1|0:-1|2:0",6701,4,1339
"-1:-2|-1:0|0:-1|2:0",6702,4,1462
"-1:-1|-1:2|0:1|2:0",6703,4,1480
"-1:-2|-1:2|0:-1|2:0",6704,4,1483
"-2:-2|-1:-2|0:-1|2:0",6705,4,416
"-2:-1|-1:-2|-1:0|0:2",6706,4,1299
"-2:-1|-1:0|0:-2|0:2",6707,4,1453
"-1:-2|0:2|1:0|2:-1",6708,4,1479
"-2:-1|-1:0|0:2|2:-2",6709,4,1034
"-1:-1|-1:0|0:-1|0:2",6710,4,1699
"-1:-1|-1:0|0:2|1:-1",6711,4,1700
"-1:-1|-1:0|0:2|2:-1",6712,4,1630
"-2:-2|-1:-1|-1:0|0:2",6713,4,879
"-1:-2|-1:-1|-1:0|0:2",6714,4,1389
"-1:-1|-1:0|0:-2|0:2",6715,4,1662
"-1:-1|-1:0|0:2|1:-2",6716,4,1530
"-1:-1|-1:0|0:2|2:-2",6717,4,1002
"-1:-1|-1:0|0:1|2:0",6718,4,1701
"-1:-2|-1:0|0:1|2:0",6719,4,1607
"-2:-2|-1:0|0:-1|0:2",6720,4,944
"-1:-2|-1:0|0:-1|0:2",6721,4,1468
"-1:0|0:-2|0:-1|0:2",6722,4,1688
"-1:-2|0:-1|0:2|1:0",6723,4,1477
"-1:0|0:-1|0:2|2:-2",6724,4,954
"-1:-2|-1:-1|0:1|2:0",6725,4,1402
"-1:-1|0:2|1:0|2:-2",6726,4,957
"-1:-1|0:2|1:-2|1:0",6727,4,1522
"-1:-1|0:-2|0:2|1:0",6728,4,1667
"-1:-2|-1:-1|0:2|1:0",6729,4,1398
"-1:0|0:-2|1:1|2:2",6730,4,911
"-2:-1|0:2|1:0|2:-2",6731,4,961
"-1:-2|-1:0|0:2|2:-1",6732,4,1562
"-1:0|0:-2|0:2|2:-1",6733,4,1585
"-1:0|0:-2|1:2|2:1",6734,4,1327
"-1:0|0:-2|2:1|2:2",6735,4,494
"-2:-2|-1:-2|-1:0|0:2",6736,4,478
"-2:-2|-1:0|0:-2|0:2",6737,4,650
"-1:-2|0:2|1:0|2:-2",6738,4,781
"-2:-2|-1:0|0:2|2:-2",6739,4,861
"-1:-2|-1:0|0:-2|0:2",6740,4,1171
"-1:-2|-1:0|0:2|1:-2",6741,4,1271
"-1:-2|-1:0|0:2|2:-2",6742,4,792
"-1:-2|0:-2|0:2|1:0",6743,4,1180
"-1:0|0:-2|0:2|2:-2",6744,4,661
"-1:0|0:-2|1:2|2:2",6745,4,489
"-1:-2|0:1|0:2|2:0",6746,4,1634
"-1:-1|0:1|0:2|2:0",6747,4,1682
"-1:0|0:-2|0:-1|2:0",6748,4,1679
"-1:-1|0:-2|0:-1|2:0",6749,4,1644
"-1:-2|0:-2|0:-1|2:0",6750,4,1119
"-2:-2|0:1|0:2|2:0",6751,4,1057
"-1:-2|0:2|1:0|2:0",6752,4,1623
"-2:0|-1:0|0:-2|0:2",6753,4,1680
"-2:-1|0:-2|0:-1|2:0",6754,4,1575
"-2:-2|-2:0|-1:0|0:2",6755,4,596
"-1:-2|-1:-1|0:1|2:0",6756,4,1402
"-1:-2|-1:0|0:1|2:0",6757,4,1607
"-1:-1|-1:0|0:2|2:-1",6758,4,1630
"-1:-2|-1:2|0:-1|2:0",6759,4,1483
"-1:0|0:-2|2:1|2:2",6760,4,494
"-1:0|0:-2|1:2|2:1",6761,4,1327
"-1:0|0:-2|0:2|2:-1",6762,4,1585
"-1:-2|-1:0|0:2|2:-1",6763,4,1562
"-2:-1|0:2|1:0|2:-2",6764,4,961
"-1:-1|-1:0|0:1|2:0",6765,4,1701
"-1:-1|-1:0|0:2|1:-1",6766,4,1700
"-1:-1|-1:2|0:1|2:0",6767,4,1480
"-1:0|0:-2|1:1|2:2",6768,4,911
"-1:-2|-1:-1|0:2|1:0",6769,4,1398
"-1:-1|0:-2|0:2|1:0",6770,4,1667
"-1:-1|0:2|1:-2|1:0",6771,4,1522
"-1:-1|0:2|1:0|2:-2",6772,4,957
"-1:-1|-1:0|0:-1|0:2",6773,4,1699
"-1:-2|-1:0|0:-1|2:0",6774,4,1462
"-1:0|0:-1|0:2|2:-2",6775,4,954
"-1:-2|0:-1|0:2|1:0",6776,4,1477
"-1:0|0:-2|0:-1|0:2",6777,4,1688
"-1:-2|-1:0|0:-1|0:2",6778,4,1468
"-2:-2|-1:0|0:-1|0:2",6779,4,944
"-1:-2|-1:-1|0:-1|2:0",6780,4,1339
"-1:-1|-1:0|0:2|2:-2",6781,4,1002
"-1:-1|-1:0|0:2|1:-2",6782,4,1530
"-1:-1|-1:0|0:-2|0:2",6783,4,1662
"-1:-2|-1:-1|-1:0|0:2",6784,4,1389
"-2:-2|-1:-1|-1:0|0:2",6785,4,879
"-2:-1|-1:0|0:2|2:-2",6786,4,1034
"-1:-2|0:2|1:0|2:-1",6787,4,1479
"-2:-1|-1:0|0:-2|0:2",6788,4,1453
"-2:-1|-1:-2|-1:0|0:2",6789,4,1299
"-2:-2|-1:-2|0:-1|2:0",6790,4,416
"-1:0|0:-2|1:2|2:2",6791,4,489
"-1:0|0:-2|0:2|2:-2",6792,4,661
"-1:-2|-1:0|0:2|2:-2",6793,4,792
"-2:-2|-1:0|0:2|2:-2",6794,4,861
"-1:-2|0:-2|0:2|1:0",6795,4,1180
"-1:-2|-1:0|0:2|1:-2",6796,4,1271
"-1:-2|0:2|1:0|2:-2",6797,4,781
"-1:-2|-1:0|0:-2|0:2",6798,4,1171
"-2:-2|-1:0|0:-2|0:2",6799,4,650
"-2:-2|-1:-2|-1:0|0:2",6800,4,478
"-1:-2|-1:-1|0:2|2:0",6801,4,1405
"-1:-2|-1:0|0:2|2:0",6802,4,1610
"-1:-1|-1:2|0:-2|2:0",6803,4,1632
"-1:-2|-1:2|0:-2|2:0",6804,4,1187
"-2:-2|-1:-2|0:2|2:0",6805,4,499
"-2:-1|-1:-2|0:2|2:0",6806,4,1330
"-2:-1|0:-2|0:2|2:0",6807,4,1588
"-2:-1|-1:2|0:-2|2:0",6808,4,1557
"-2:-1|0:2|2:-2|2:0",6809,4,670
"-1:-1|-1:0|0:2|2:0",6810,4,1693
"-1:-1|-1:1|0:-2|2:0",6811,4,1668
"-1:-1|-1:2|0:2|2:0",6812,4,1183
"-2:-2|-1:-1|0:2|2:0",6813,4,916
"-1:-2|-1:-1|0:2|2:0",6814,4,1405
"-1:-1|0:-2|0:2|2:0",6815,4,1671
"-1:-1|0:2|1:-2|2:0",6816,4,1513
"-1:-1|0:2|2:-2|2:0",6817,4,665
"-1:-1|-1:0|0:-2|2:0",6818,4,1658
"-1:-2|-1:0|0:-2|2:0",6819,4,1164
"-2:-2|-1:0|0:2|2:0",6820,4,962
"-1:-2|0:-1|0:2|2:0",6821,4,1484
"-2:0|-1:0|0:-2|2:0",6822,4,1683
"-2:-1|-1:0|0:-2|2:0",6823,4,1459
"-2:-2|-1:0|0:-2|2:0",6824,4,642
"-1:-2|-1:-1|0:-2|2:0",6825,4,1105
"-2:-2|-1:1|0:2|2:0",6826,4,1009
"-1:-2|0:2|1:-1|2:0",6827,4,1537
"-2:0|-1:-1|0:-2|0:2",6828,4,1655
"-2:-1|-1:-1|0:-2|2:0",6829,4,1379
"-2:-2|-1:-1|0:-2|2:0",6830,4,580
"-2:-1|-2:0|0:2|2:-2",6831,4,1040
"-1:-2|0:2|2:-1|2:0",6832,4,1182
"-2:-1|-2:0|0:-2|0:2",6833,4,1155
"-2:-1|-1:-2|0:-2|2:0",6834,4,1090
"-2:-2|-1:-2|0:-2|2:0",6835,4,335
"-2:-2|-1:-2|0:2|2:0",6836,4,499
"-2:-2|-2:0|0:2|2:0",6837,4,671
"-2:-1|-2:2|0:-2|2:0",6838,4,802
"-2:-2|-2:0|0:2|2:-2",6839,4,669
"-1:-2|0:-2|0:2|2:0",6840,4,1188
"-1:-2|0:2|1:-2|2:0",6841,4,1262
"-1:-2|0:2|2:-2|2:0",6842,4,664
"-2:-1|-2:0|0:-2|2:0",6843,4,1161
"-2:-2|-2:0|0:-2|0:2",6844,4,637
"-2:-2|-2:-1|0:-2|2:0",6845,4,466
"-1:-2|-1:-1|-1:0|2:0",6846,4,1382
"-1:-1|-1:1|-1:2|2:0",6847,4,1401
"-1:-2|-1:-1|-1:2|2:0",6848,4,1404
"-2:-2|-1:-2|-1:-1|2:0",6849,4,400
"-2:-1|-1:-2|-1:-1|0:2",6850,4,1292
"-2:-1|-1:-1|0:-2|0:2",6851,4,1373
"-1:-2|0:2|1:-1|2:-1",6852,4,1400
"-2:-1|-1:-1|0:2|2:-2",6853,4,994
"-1:-1|-1:0|-1:2|2:0",6854,4,1606
"-1:-2|-1:0|-1:2|2:0",6855,4,1609
"-2:-2|-1:-2|-1:0|2:0",6856,4,470
"-2:-1|-1:-2|-1:0|2:0",6857,4,1305
"-2:-1|0:-2|0:-1|0:2",6858,4,1569
"-1:-2|0:-1|0:2|2:-1",6859,4,1449
"-2:-1|0:-1|0:2|2:-2",6860,4,941
"-1:-2|-1:-1|-1:2|2:0",6861,4,1404
"-1:-1|0:2|2:-2|2:-1",6862,4,493
"-1:-1|0:2|1:-2|2:-1",6863,4,1315
"-1:-1|0:-2|0:2|2:-1",6864,4,1584
"-1:-2|-1:-1|0:2|2:-1",6865,4,1369
"-2:-1|0:2|1:-1|2:-2",6866,4,905
"-2:-1|0:2|2:-2|2:-1",6867,4,498
"-2:-1|-1:-2|-1:2|2:0",6868,4,1321
"-2:-1|0:-2|0:2|2:-1",6869,4,1587
"-2:-1|-1:-2|-1:2|2:0",6870,4,1321
"-2:-1|0:2|2:-2|2:-1",6871,4,498
"-2:-2|-2:-1|-1:-2|0:2",6872,4,390
"-2:-2|-2:-1|0:-2|0:2",6873,4,458
"-1:-2|0:2|2:-2|2:-1",6874,4,492
"-2:-2|-2:-1|0:2|2:-2",6875,4,497
"-2:-1|-1:-2|0:-2|0:2",6876,4,1097
"-1:-2|0:2|1:-2|2:-1",6877,4,1231
"-2:-1|-1:-2|0:2|2:-2",6878,4,770
"-1:-2|0:-2|0:2|2:-1",6879,4,1151
"-2:-1|0:-2|0:2|2:-2",6880,4,633
"-2:-1|0:2|1:-2|2:-2",6881,4,453
"-1:-1|-1:0|-1:1|2:0",6882,4,1702
"-1:-1|-1:0|-1:2|2:0",6883,4,1606
"-2:-2|-1:-1|-1:0|2:0",6884,4,885
"-1:-2|-1:-1|0:-1|0:2",6885,4,1346
"-1:-1|0:-2|0:-1|0:2",6886,4,1648
"-1:-1|0:-1|0:2|1:-2",6887,4,1439
"-1:-1|0:-1|0:2|2:-2",6888,4,930
"-1:-1|-1:1|-1:2|2:0",6889,4,1401
"-1:-1|0:2|1:-1|2:-2",6890,4,896
"-1:-1|0:2|1:-2|1:-1",6891,4,1359
"-1:-1|0:-2|0:2|1:-1",6892,4,1653
"-1:-1|0:2|1:-2|1:-1",6893,4,1359
"-1:-1|0:2|1:-1|2:-2",6894,4,896
"-2:-1|0:2|1:-1|2:-2",6895,4,905
"-1:-2|-1:-1|0:2|2:-1",6896,4,1369
"-1:-1|0:-2|0:2|2:-1",6897,4,1584
"-1:-1|0:2|1:-2|2:-1",6898,4,1315
"-1:-1|0:2|2:-2|2:-1",6899,4,493
"-2:-2|-1:-2|-1:-1|0:2",6900,4,408
"-2:-2|-1:-1|0:-2|0:2",6901,4,588
"-1:-2|0:2|1:-1|2:-2",6902,4,728
"-2:-2|-1:-1|0:2|2:-2",6903,4,847
"-1:-2|-1:-1|0:-2|0:2",6904,4,1112
"-1:-2|-1:-1|0:2|1:-2",6905,4,1245
"-1:-2|-1:-1|0:2|2:-2",6906,4,757
"-1:-1|0:-2|0:2|1:-2",6907,4,1139
"-1:-1|0:-2|0:2|2:-2",6908,4,619
"-1:-1|0:2|1:-2|2:-2",6909,4,439
"-1:-2|-1:-1|-1:0|2:0",6910,4,1382
"-1:-1|0:-1|0:2|2:-2",6911,4,930
"-1:-1|0:-1|0:2|1:-2",6912,4,1439
"-1:-1|0:-2|0:-1|0:2",6913,4,1648
"-1:-2|-1:-1|0:-1|0:2",6914,4,1346
"-2:-2|-1:-1|-1:0|2:0",6915,4,885
"-2:-1|0:-1|0:2|2:-2",6916,4,941
"-1:-2|0:-1|0:2|2:-1",6917,4,1449
"-2:-1|0:-2|0:-1|0:2",6918,4,1569
"-2:-1|-1:-2|-1:0|2:0",6919,4,1305
"-2:-2|-1:-2|-1:0|2:0",6920,4,470
"-2:-2|-1:-2|0:-1|0:2",6921,4,424
"-2:-2|-2:0|-1:0|2:0",6922,4,604
"-1:-2|0:-1|0:2|2:-2",6923,4,743
"-2:-2|-2:2|-1:0|2:0",6924,4,855
"-1:-2|0:-2|0:-1|0:2",6925,4,1126
"-1:-2|0:-1|0:2|1:-2",6926,4,1253
"-1:-2|0:-1|0:2|2:-2",6927,4,743
"-1:-2|0:-2|0:-1|0:2",6928,4,1126
"-2:-2|-2:0|-1:0|2:0",6929,4,604
"-2:-2|-1:-2|0:-1|0:2",6930,4,424
"-2:-1|-1:-1|0:2|2:-2",6931,4,994
"-1:-2|0:2|1:-1|2:-1",6932,4,1400
"-2:-1|-1:-1|0:-2|0:2",6933,4,1373
"-2:-1|-1:-2|-1:-1|0:2",6934,4,1292
"-2:-2|-1:-2|-1:-1|2:0",6935,4,400
"-1:-1|0:2|1:-2|2:-2",6936,4,439
"-1:-1|0:-2|0:2|2:-2",6937,4,619
"-1:-2|-1:-1|0:2|2:-2",6938,4,757
"-2:-2|-1:-1|0:2|2:-2",6939,4,847
"-1:-1|0:-2|0:2|1:-2",6940,4,1139
"-1:-2|-1:-1|0:2|1:-2",6941,4,1245
"-1:-2|0:2|1:-1|2:-2",6942,4,728
"-1:-2|-1:-1|0:-2|0:2",6943,4,1112
"-2:-2|-1:-1|0:-2|0:2",6944,4,588
"-2:-2|-1:-2|-1:-1|0:2",6945,4,408
"-2:-1|0:2|1:-2|2:-2",6946,4,453
"-2:-1|0:-2|0:2|2:-2",6947,4,633
"-2:-1|-1:-2|0:2|2:-2",6948,4,770
"-2:-2|-2:-1|0:2|2:-2",6949,4,497
"-1:-2|0:-2|0:2|2:-1",6950,4,1151
"-1:-2|0:2|1:-2|2:-1",6951,4,1231
"-1:-2|0:2|2:-2|2:-1",6952,4,492
"-2:-1|-1:-2|0:-2|0:2",6953,4,1097
"-2:-2|-2:-1|0:-2|0:2",6954,4,458
"-2:-2|-2:-1|-1:-2|0:2",6955,4,390
"-2:-2|-1:-2|0:-2|0:2",6956,4,343
"-1:-2|0:2|1:-2|2:-2",6957,4,363
"-2:-2|-1:-2|0:2|2:-2",6958,4,382
"-1:-2|0:-2|0:2|2:-2",6959,4,561
"-2:-2|-2:0|-2:2|2:0",6960,4,573
"-2:-2|-1:-2|0:2|2:-2",6961,4,382
"-1:-2|0:-2|0:2|1:-2",6962,4,1082
"-1:-2|0:-2|0:2|2:-2",6963,4,561
"-1:-2|0:2|1:-2|2:-2",6964,4,363
"-2:-2|-1:-2|0:-2|0:2",6965,4,343
"-2:-1|-1:-1|1:-2|2:-2",6966,4,427
"-2:-1|0:-1|1:-2|2:-2",6967,4,412
"-2:-1|1:-2|1:-1|2:-2",6968,4,396
"-2:-1|1:-2|2:-2|2:-1",6969,4,388
"-2:-1|-2:0|1:-2|2:-2",6970,4,445
"-2:-1|-1:0|1:-2|2:-2",6971,4,444
"-2:-1|1:-2|1:0|2:-2",6972,4,443
"-2:-1|1:-2|2:-2|2:0",6973,4,442
"-1:-2|1:-2|2:1|2:2",6974,4,450
"-1:-1|1:-2|2:1|2:2",6975,4,449
"-1:0|1:-2|2:1|2:2",6976,4,448
"-1:-1|1:2|2:-2|2:-1",6977,4,447
"-1:-2|1:2|2:-2|2:-1",6978,4,446
"-2:-1|-2:2|1:-2|2:-2",6979,4,455
"-2:-1|-1:2|1:-2|2:-2",6980,4,454
"-2:-1|0:2|1:-2|2:-2",6981,4,453
"-2:-1|1:-2|1:2|2:-2",6982,4,452
"-2:-1|1:-2|2:-2|2:2",6983,4,451
"-1:-1|0:-1|1:-2|2:-2",6984,4,411
"-1:-1|1:-2|1:-1|2:-2",6985,4,395
"-1:-1|1:-2|2:-2|2:-1",6986,4,387
"-2:-2|-1:-2|1:-1|2:0",6987,4,431
"-1:-1|-1:0|1:-2|2:-2",6988,4,430
"-1:-1|1:-2|1:0|2:-2",6989,4,429
"-1:-1|1:-2|2:-2|2:0",6990,4,428
"-1:-2|1:-1|2:1|2:2",6991,4,436
"-1:-1|-1:1|1:-2|2:-2",6992,4,435
"-1:-1|0:1|1:-2|2:-2",6993,4,434
"-1:-1|1:-2|1:1|2:-2",6994,4,433
"-1:-1|1:-2|2:-2|2:1",6995,4,432
"-2:-2|-1:-2|1:-1|2:2",6996,4,441
"-1:-1|-1:2|1:-2|2:-2",6997,4,440
"-1:-1|0:2|1:-2|2:-2",6998,4,439
"-1:-1|1:-2|1:2|2:-2",6999,4,438
"-1:-1|1:-2|2:-2|2:2",7000,4,437
"-2:-2|-1:-2|-1:-1|0:-1",7001,4,394
"-2:-2|-2:-1|-1:-2|-1:0",7002,4,386
"-2:-2|-1:-2|0:-1|2:0",7003,4,416
"-1:0|0:-1|1:-2|2:-2",7004,4,415
"-2:-2|-1:-2|-1:0|0:-1",7005,4,414
"-2:-2|-2:-1|-1:0|0:-2",7006,4,413
"-1:-2|1:0|2:1|2:2",7007,4,421
"-1:-1|0:1|1:2|2:2",7008,4,420
"-1:0|1:0|2:-2|2:-1",7009,4,419
"-1:-1|1:0|2:-2|2:-1",7010,4,418
"-1:-2|1:0|2:-2|2:-1",7011,4,417
"-2:-2|-1:-2|0:-1|2:2",7012,4,426
"-1:-2|0:1|1:2|2:2",7013,4,425
"-2:-2|-1:-2|0:-1|0:2",7014,4,424
"-2:-1|1:0|2:-2|2:-1",7015,4,423
"-2:-2|-2:-1|-1:0|2:-2",7016,4,422
"-2:-2|-2:-1|-1:-2|-1:-1",7017,4,385
"-2:-2|-1:-2|-1:-1|2:0",7018,4,400
"-1:0|1:-2|1:-1|2:-2",7019,4,399
"-2:-2|-1:-2|-1:-1|-1:0",7020,4,398
"-2:-2|-2:-1|-1:-1|0:-2",7021,4,397
"-1:-2|1:1|2:1|2:2",7022,4,405
"-1:-1|1:1|1:2|2:2",7023,4,404
"-1:0|1:-1|2:-2|2:-1",7024,4,403
"-1:-1|1:-1|2:-2|2:-1",7025,4,402
"-1:-2|1:-1|2:-2|2:-1",7026,4,401
"-2:-2|-1:-2|-1:-1|2:2",7027,4,410
"-1:-2|1:1|1:2|2:2",7028,4,409
"-2:-2|-1:-2|-1:-1|0:2",7029,4,408
"-2:-1|1:-1|2:-2|2:-1",7030,4,407
"-2:-2|-2:-1|-1:-1|2:-2",7031,4,406
"-2:-2|-2:-1|-1:-2|0:2",7032,4,390
"-1:0|1:-2|2:-2|2:-1",7033,4,389
"-2:-2|-2:-1|-1:-2|-1:0",7034,4,386
"-2:-2|-2:-1|-1:-2|0:-2",7035,4,327
"-1:-2|1:2|2:1|2:2",7036,4,392
"-1:-1|1:2|2:1|2:2",7037,4,391
"-1:0|1:-2|2:-2|2:-1",7038,4,389
"-1:-1|1:-2|2:-2|2:-1",7039,4,387
"-1:-2|1:-2|2:-2|2:-1",7040,4,347
"-2:-2|-2:-1|-1:-2|2:2",7041,4,393
"-1:-2|1:2|2:1|2:2",7042,4,392
"-2:-2|-2:-1|-1:-2|0:2",7043,4,390
"-2:-1|1:-2|2:-2|2:-1",7044,4,388
"-2:-2|-2:-1|-1:-2|2:-2",7045,4,366
"-2:-2|-1:-2|1:0|2:0",7046,4,481
"-2:-2|-1:-2|-1:0|2:0",7047,4,470
"-2:-2|-2:-1|0:-2|0:2",7048,4,458
"-1:-2|0:-2|2:1|2:2",7049,4,496
"-1:-1|0:-2|2:1|2:2",7050,4,495
"-1:0|0:-2|2:1|2:2",7051,4,494
"-1:-1|0:2|2:-2|2:-1",7052,4,493
"-1:-2|0:2|2:-2|2:-1",7053,4,492
"-2:-2|-1:-2|2:0|2:2",7054,4,501
"-2:-1|0:-2|2:1|2:2",7055,4,500
"-2:-2|-1:-2|0:2|2:0",7056,4,499
"-2:-1|0:2|2:-2|2:-1",7057,4,498
"-2:-2|-2:-1|0:2|2:-2",7058,4,497
"-1:0|1:-2|1:0|2:-2",7059,4,469
"-1:0|1:-2|2:-2|2:0",7060,4,457
"-1:-2|0:-1|2:1|2:2",7061,4,486
"-1:-1|-1:0|1:2|2:2",7062,4,485
"-1:0|0:-1|1:2|2:2",7063,4,484
"-1:-1|0:1|2:-2|2:-1",7064,4,483
"-1:-2|0:1|2:-2|2:-1",7065,4,482
"-2:-2|-1:-2|1:0|2:2",7066,4,491
"-1:-2|-1:0|1:2|2:2",7067,4,490
"-1:0|0:-2|1:2|2:2",7068,4,489
"-1:0|1:-2|1:2|2:-2",7069,4,488
"-1:0|1:-2|2:-2|2:2",7070,4,487
"-2:-2|-2:-1|0:-2|0:-1",7071,4,456
"-1:-2|0:1|2:1|2:2",7072,4,475
"-1:-1|0:1|2:1|2:2",7073,4,474
"-1:0|0:-1|2:-2|2:-1",7074,4,473
"-1:-1|0:-1|2:-2|2:-1",7075,4,472
"-1:-2|0:-1|2:-2|2:-1",7076,4,471
"-2:-2|-1:-2|-1:0|2:2",7077,4,480
"-1:-2|1:0|1:2|2:2",7078,4,479
"-2:-2|-1:-2|-1:0|0:2",7079,4,478
"-2:-1|0:-1|2:-2|2:-1",7080,4,477
"-2:-2|-2:-1|0:-1|2:-2",7081,4,476
"-1:-2|0:2|2:1|2:2",7082,4,463
"-1:-1|0:2|2:1|2:2",7083,4,462
"-1:0|0:-2|2:-2|2:-1",7084,4,461
"-1:-1|0:-2|2:-2|2:-1",7085,4,460
"-1:-2|0:-2|2:-2|2:-1",7086,4,459
"-2:-2|-2:-1|0:-2|2:2",7087,4,468
"-1:-2|1:2|2:0|2:2",7088,4,467
"-2:-2|-2:-1|0:-2|2:0",7089,4,466
"-2:-1|0:-2|2:-2|2:-1",7090,4,465
"-2:-2|-2:-1|0:-2|2:-2",7091,4,464
"-1:-2|-1:-1|2:1|2:2",7092,4,525
"-1:-2|-1:0|2:1|2:2",7093,4,519
"-1:-1|-1:2|2:-2|2:-1",7094,4,512
"-1:-2|-1:2|2:-2|2:-1",7095,4,505
"-2:-2|-1:-2|2:1|2:2",7096,4,535
"-2:-1|-1:-2|1:2|2:2",7097,4,534
"-2:-1|0:-2|1:2|2:2",7098,4,533
"-2:-1|-1:2|2:-2|2:-1",7099,4,532
"-2:-1|1:2|2:-2|2:2",7100,4,531
"-1:-1|-1:0|2:1|2:2",7101,4,518
"-1:-1|-1:1|2:-2|2:-1",7102,4,511
"-1:-1|-1:2|2:1|2:2",7103,4,504
"-2:-2|-1:-1|1:2|2:2",7104,4,530
"-1:-2|-1:-1|1:2|2:2",7105,4,529
"-1:-1|0:-2|1:2|2:2",7106,4,528
"-1:-1|1:-2|1:2|2:2",7107,4,527
"-1:-1|1:2|2:-2|2:2",7108,4,526
"-1:-1|-1:0|2:-2|2:-1",7109,4,510
"-1:-2|-1:0|2:-2|2:-1",7110,4,503
"-2:-2|-1:-2|0:1|2:2",7111,4,524
"-1:-2|0:-1|1:2|2:2",7112,4,523
"-2:-2|-1:-2|0:1|0:2",7113,4,522
"-2:-1|-1:0|2:-2|2:-1",7114,4,521
"-2:-2|-1:0|2:-2|2:-1",7115,4,520
"-1:-2|-1:-1|2:-2|2:-1",7116,4,502
"-2:-2|-1:-2|-1:1|2:2",7117,4,517
"-1:-2|1:-1|1:2|2:2",7118,4,516
"-2:-2|-1:-2|-1:1|0:2",7119,4,515
"-2:-1|-1:-1|2:-2|2:-1",7120,4,514
"-2:-2|-1:-1|2:-2|2:-1",7121,4,513
"-2:-1|-2:2|-1:2|2:-2",7122,4,509
"-1:-2|1:2|2:-1|2:2",7123,4,508
"-2:-1|-2:2|-1:2|0:-2",7124,4,507
"-2:-1|-1:-2|2:-2|2:-1",7125,4,506
"-2:-2|-1:-2|2:-2|2:-1",7126,4,370
"-2:-2|-1:-2|1:2|2:2",7127,4,545
"-2:-2|-1:-2|0:2|2:2",7128,4,544
"-2:-1|-2:2|2:-2|2:-1",7129,4,542
"-2:-2|-2:-1|2:-2|2:2",7130,4,539
"-1:-2|0:-2|1:2|2:2",7131,4,543
"-1:-2|1:-2|1:2|2:2",7132,4,541
"-1:-2|1:2|2:-2|2:2",7133,4,538
"-2:-1|-2:0|2:-2|2:-1",7134,4,540
"-2:-2|-2:-1|2:-2|2:0",7135,4,537
"-2:-2|-2:-1|2:-2|2:-1",7136,4,536
"-1:-2|0:-1|1:-1|2:-1",7137,4,1383
"-1:-2|-1:-1|1:-1|2:-1",7138,4,1348
"-2:-1|-1:-1|1:-2|2:-1",7139,4,1307
"-1:-2|1:-1|2:-1|2:0",7140,4,1106
"-1:-2|1:-1|1:0|2:-1",7141,4,1340
"-1:-2|-1:0|1:-1|2:-1",7142,4,1407
"-2:-1|-1:-1|1:-2|2:0",7143,4,1410
"-1:-2|1:-1|2:-1|2:1",7144,4,1239
"-1:-1|1:-2|1:-1|2:1",7145,4,1353
"-1:-2|0:1|1:-1|2:-1",7146,4,1392
"-1:-1|-1:2|1:1|2:1",7147,4,1408
"-1:-2|1:1|1:2|2:-1",7148,4,1411
"-1:-2|1:-1|2:-1|2:2",7149,4,754
"-1:-2|1:-1|1:2|2:-1",7150,4,1364
"-1:-2|0:2|1:-1|2:-1",7151,4,1400
"-1:-2|-1:2|1:-1|2:-1",7152,4,1409
"-2:-1|-1:-1|1:-2|2:2",7153,4,1049
"-1:-2|-1:-1|0:-1|2:-1",7154,4,1335
"-2:-1|-1:-2|-1:0|-1:2",7155,4,1296
"-1:-2|0:-1|2:-1|2:0",7156,4,1165
"-1:-2|0:-1|1:0|2:-1",7157,4,1443
"-1:-2|-1:0|0:-1|2:-1",7158,4,1442
"-2:-1|-1:0|-1:2|0:-2",7159,4,1441
"-1:-2|0:-1|2:-1|2:1",7160,4,1265
"-1:-1|1:-2|1:0|2:1",7161,4,1447
"-1:-2|0:-1|0:1|2:-1",7162,4,1446
"-1:-1|-1:2|0:1|2:1",7163,4,1445
"-1:-2|1:0|1:2|2:-1",7164,4,1444
"-1:-2|0:-1|2:-1|2:2",7165,4,789
"-1:-2|0:-1|1:2|2:-1",7166,4,1450
"-1:-2|0:-1|0:2|2:-1",7167,4,1449
"-1:-2|-1:2|0:-1|2:-1",7168,4,1448
"-2:-1|-1:0|-1:2|2:-2",7169,4,1035
"-2:-1|-1:-2|-1:-1|-1:2",7170,4,1290
"-1:-2|-1:-1|2:-1|2:0",7171,4,1190
"-1:-2|-1:-1|1:0|2:-1",7172,4,1363
"-1:-2|-1:-1|-1:0|2:-1",7173,4,1362
"-2:-1|-1:-1|-1:2|0:-2",7174,4,1361
"-1:-2|-1:-1|2:-1|2:1",7175,4,1273
"-1:-1|1:-2|1:1|2:1",7176,4,1367
"-1:-2|-1:-1|0:1|2:-1",7177,4,1366
"-1:-1|-1:1|-1:2|2:1",7178,4,1365
"-1:-2|1:-1|1:2|2:-1",7179,4,1364
"-1:-2|-1:-1|2:-1|2:2",7180,4,822
"-1:-2|-1:-1|1:2|2:-1",7181,4,1370
"-1:-2|-1:-1|0:2|2:-1",7182,4,1369
"-1:-2|-1:-1|-1:2|2:-1",7183,4,1368
"-2:-1|-1:-1|-1:2|2:-2",7184,4,995
"-2:-1|-1:-2|-1:2|0:2",7185,4,1194
"-2:-1|-1:-2|-1:2|0:1",7186,4,1317
"-2:-1|-1:-2|-1:0|2:-1",7187,4,1304
"-2:-1|-1:-2|-1:2|0:-2",7188,4,1096
"-1:-2|1:-2|1:2|2:1",7189,4,1277
"-1:-1|1:-2|1:2|2:1",7190,4,1319
"-1:0|1:-2|1:2|2:-1",7191,4,1318
"-1:-1|1:-2|1:2|2:-1",7192,4,1314
"-1:-2|1:-2|1:2|2:-1",7193,4,1230
"-2:-1|-1:-2|-1:2|2:2",7194,4,831
"-2:-1|-1:-2|-1:2|2:1",7195,4,1322
"-2:-1|-1:-2|-1:2|2:0",7196,4,1321
"-2:-1|-1:-2|-1:2|2:-1",7197,4,1320
"-2:-1|-1:-2|-1:2|2:-2",7198,4,771
"-1:-2|1:0|2:-1|2:0",7199,4,1120
"-1:-2|-1:0|2:-1|2:0",7200,4,1191
"-2:-1|-1:2|0:-2|0:2",7201,4,1195
"-1:-2|0:-2|1:-2|2:1",7202,4,1078
"-1:-1|0:-2|1:-2|2:1",7203,4,1133
"-1:-2|0:1|2:-1|2:0",7204,4,1174
"-1:-1|-1:2|2:0|2:1",7205,4,1192
"-1:-2|0:2|1:2|2:-1",7206,4,1196
"-1:-2|2:-1|2:0|2:2",7207,4,558
"-1:-2|1:2|2:-1|2:0",7208,4,1145
"-1:-2|0:2|2:-1|2:0",7209,4,1182
"-1:-2|-1:2|2:-1|2:0",7210,4,1193
"-2:-1|-1:2|0:2|2:-2",7211,4,1053
"-1:-2|-1:0|1:0|2:-1",7212,4,1486
"-2:-1|-1:0|1:-2|2:0",7213,4,1489
"-1:-2|0:-1|1:-2|2:1",7214,4,1249
"-1:-1|0:-1|1:-2|2:1",7215,4,1433
"-1:-2|0:1|1:0|2:-1",7216,4,1471
"-1:-1|-1:2|1:0|2:1",7217,4,1487
"-1:-2|0:1|1:2|2:-1",7218,4,1490
"-1:-2|1:0|2:-1|2:2",7219,4,740
"-1:-2|1:0|1:2|2:-1",7220,4,1444
"-1:-2|0:2|1:0|2:-1",7221,4,1479
"-1:-2|-1:2|1:0|2:-1",7222,4,1488
"-2:-1|-1:0|1:-2|2:2",7223,4,1045
"-2:-1|-1:2|0:-2|0:-1",7224,4,1553
"-1:-2|-1:0|2:-1|2:1",7225,4,1274
"-1:-1|0:1|1:-2|2:1",7226,4,1539
"-1:-2|-1:0|0:1|2:-1",7227,4,1560
"-1:-1|-1:0|-1:2|2:1",7228,4,1559
"-1:-2|0:-1|1:2|2:-1",7229,4,1450
"-1:-2|-1:0|2:-1|2:2",7230,4,816
"-1:-2|-1:0|1:2|2:-1",7231,4,1563
"-1:-2|-1:0|0:2|2:-1",7232,4,1562
"-1:-2|-1:0|-1:2|2:-1",7233,4,1561
"-2:-1|-1:2|0:-1|2:-2",7234,4,942
"-1:-2|0:2|1:-2|2:1",7235,4,1278
"-1:-1|0:2|1:-2|2:1",7236,4,1542
"-1:0|0:-2|1:2|2:-1",7237,4,1555
"-1:-1|0:-2|1:2|2:-1",7238,4,1554
"-1:-2|0:-2|1:2|2:-1",7239,4,1152
"-2:-1|-1:2|0:-2|2:2",7240,4,830
"-2:-1|-1:2|0:-2|2:1",7241,4,1558
"-2:-1|-1:2|0:-2|2:0",7242,4,1557
"-2:-1|-1:2|0:-2|2:-1",7243,4,1556
"-2:-1|-1:2|0:-2|2:-2",7244,4,634
"-1:-2|-1:-1|1:-2|2:1",7245,4,1243
"-1:-2|-1:0|1:-2|2:1",7246,4,1269
"-1:-1|-1:2|1:2|2:-1",7247,4,1275
"-1:-2|-1:2|1:-2|2:1",7248,4,1279
"-1:-2|2:-1|2:1|2:2",7249,4,360
"-1:-2|1:2|2:-1|2:1",7250,4,1229
"-1:-2|0:2|2:-1|2:1",7251,4,1260
"-1:-2|-1:2|2:-1|2:1",7252,4,1276
"-2:-1|-1:2|1:2|2:-2",7253,4,1050
"-1:-1|-1:0|1:-2|2:1",7254,4,1525
"-1:-1|-1:1|1:-2|2:1",7255,4,1540
"-1:-1|-1:2|1:-2|2:1",7256,4,1543
"-1:-2|1:1|2:-1|2:2",7257,4,725
"-1:-2|1:1|1:2|2:-1",7258,4,1411
"-1:-2|0:2|1:1|2:-1",7259,4,1532
"-1:-2|-1:2|1:-1|2:1",7260,4,1541
"-2:-1|-1:1|1:-2|2:2",7261,4,1023
"-1:-1|-1:0|1:2|2:-1",7262,4,1565
"-1:-2|-1:0|1:2|2:-1",7263,4,1563
"-1:-2|0:1|2:-1|2:2",7264,4,778
"-1:-2|0:1|1:2|2:-1",7265,4,1490
"-1:-2|0:1|0:2|2:-1",7266,4,1567
"-1:-2|-1:2|0:-1|2:1",7267,4,1503
"-2:-1|-1:2|1:0|2:-2",7268,4,981
"-1:-2|-1:-1|1:2|2:-1",7269,4,1370
"-1:-1|-1:2|2:-2|2:1",7270,4,809
"-1:-1|-1:2|1:-2|2:1",7271,4,1543
"-1:-1|-1:2|0:-2|2:1",7272,4,1566
"-1:-2|-1:-1|-1:2|2:1",7273,4,1427
"-2:-1|-1:2|1:-1|2:-2",7274,4,906
"-2:-1|-1:2|1:-2|2:2",7275,4,829
"-2:-1|-1:2|1:-2|2:1",7276,4,1564
"-2:-1|-1:2|0:-2|2:1",7277,4,1558
"-2:-1|-1:-2|-1:2|2:1",7278,4,1322
"-2:-1|-1:2|1:-2|2:-2",7279,4,454
"-1:-2|1:2|2:-1|2:2",7280,4,508
"-1:-2|0:2|2:-1|2:2",7281,4,680
"-1:-2|-1:2|2:-1|2:2",7282,4,805
"-2:-1|-1:2|2:-2|2:2",7283,4,828
"-1:-2|0:2|1:2|2:-1",7284,4,1196
"-1:-2|-1:2|1:-2|2:1",7285,4,1279
"-2:-1|-1:2|1:-2|2:2",7286,4,829
"-1:-2|-1:2|0:-2|2:1",7287,4,1212
"-2:-1|-1:2|2:-2|2:0",7288,4,704
"-2:-1|-1:2|2:-2|2:-1",7289,4,532
"-1:-1|0:-1|1:-2|1:-1",7290,4,1334
"-1:-1|0:-1|1:-2|2:-1",7291,4,1295
"-1:-2|0:-1|1:-1|2:0",7292,4,1432
"-1:-1|-1:0|0:-1|1:-2",7293,4,1431
"-1:-1|0:-1|1:-2|1:0",7294,4,1430
"-1:-1|0:-1|1:-2|2:0",7295,4,1429
"-1:-2|0:-1|1:-1|2:1",7296,4,1437
"-1:-1|-1:1|0:-1|1:-2",7297,4,1436
"-1:-1|0:-1|0:1|1:-2",7298,4,1435
"-1:-1|-1:2|0:1|1:1",7299,4,1434
"-1:-1|0:-1|1:-2|2:1",7300,4,1433
"-1:-2|0:-1|1:-1|2:2",7301,4,1000
"-1:-1|-1:2|0:-1|1:-2",7302,4,1440
"-1:-1|0:-1|0:2|1:-2",7303,4,1439
"-1:-1|0:-1|1:-2|1:2",7304,4,1438
"-1:-1|0:-1|1:-2|2:2",7305,4,1031
"-1:-1|1:-2|1:-1|2:-1",7306,4,1289
"-1:-2|-1:-1|1:-1|2:0",7307,4,1352
"-1:-1|-1:0|1:-2|1:-1",7308,4,1351
"-1:-1|1:-2|1:-1|1:0",7309,4,1350
"-1:-1|1:-2|1:-1|2:0",7310,4,1349
"-1:-2|-1:-1|1:-1|2:1",7311,4,1357
"-1:-1|-1:1|1:-2|1:-1",7312,4,1356
"-1:-1|0:1|1:-2|1:-1",7313,4,1355
"-1:-1|-1:1|-1:2|1:1",7314,4,1354
"-1:-1|1:-2|1:-1|2:1",7315,4,1353
"-1:-2|-1:-1|1:-1|2:2",7316,4,1019
"-1:-1|-1:2|1:-2|1:-1",7317,4,1360
"-1:-1|0:2|1:-2|1:-1",7318,4,1359
"-1:-1|1:-2|1:-1|1:2",7319,4,1358
"-1:-1|1:-2|1:-1|2:2",7320,4,991
"-2:-1|-1:-2|-1:1|0:2",7321,4,1309
"-1:-1|-1:0|1:-2|2:-1",7322,4,1308
"-1:-1|1:-2|1:0|2:-1",7323,4,1300
"-1:-1|1:-2|2:-1|2:0",7324,4,1092
"-1:-2|1:-1|1:2|2:1",7325,4,1313
"-1:-1|-1:1|1:-2|2:-1",7326,4,1312
"-1:-1|0:1|1:-2|2:-1",7327,4,1311
"-1:-1|1:-2|1:1|2:-1",7328,4,1310
"-1:-1|1:-2|2:-1|2:1",7329,4,1226
"-2:-1|-1:-2|-1:1|2:2",7330,4,1025
"-1:-1|-1:2|1:-2|2:-1",7331,4,1316
"-1:-1|0:2|1:-2|2:-1",7332,4,1315
"-1:-1|1:-2|1:2|2:-1",7333,4,1314
"-1:-1|1:-2|2:-1|2:2",7334,4,766
"-1:-2|1:-1|1:0|2:0",7335,4,1524
"-1:-2|-1:0|1:-1|2:0",7336,4,1516
"-2:-1|-1:1|0:-2|0:2",7337,4,1507
"-1:-2|0:-2|1:-1|2:1",7338,4,1137
"-1:-1|0:-2|1:-1|2:1",7339,4,1535
"-1:-2|0:1|1:-1|2:0",7340,4,1534
"-1:-1|-1:2|1:1|2:0",7341,4,1533
"-1:-2|0:2|1:1|2:-1",7342,4,1532
"-1:-2|1:-1|2:0|2:2",7343,4,616
"-1:-2|1:-1|1:2|2:0",7344,4,1538
"-1:-2|0:2|1:-1|2:0",7345,4,1537
"-1:-2|-1:2|1:-1|2:0",7346,4,1536
"-2:-1|-1:1|0:2|2:-2",7347,4,1048
"-1:-1|-1:0|1:-2|1:0",7348,4,1515
"-1:-1|-1:0|1:-2|2:0",7349,4,1506
"-1:-2|0:-1|1:-1|2:1",7350,4,1437
"-1:-1|-1:0|-1:1|1:-2",7351,4,1528
"-1:-1|-1:0|0:1|1:-2",7352,4,1527
"-1:-1|-1:0|1:-2|1:1",7353,4,1526
"-1:-1|-1:0|1:-2|2:1",7354,4,1525
"-1:-2|1:-1|1:0|2:2",7355,4,928
"-1:-1|-1:0|-1:2|1:-2",7356,4,1531
"-1:-1|-1:0|0:2|1:-2",7357,4,1530
"-1:-1|-1:0|1:-2|1:2",7358,4,1529
"-1:-1|-1:0|1:-2|2:2",7359,4,1042
"-1:-1|1:-2|1:0|2:0",7360,4,1505
"-1:-2|-1:0|1:-1|2:1",7361,4,1520
"-1:-1|-1:1|1:-2|1:0",7362,4,1519
"-1:-1|0:1|1:-2|1:0",7363,4,1518
"-1:-1|-1:0|-1:2|1:1",7364,4,1517
"-1:-1|1:-2|1:0|2:1",7365,4,1447
"-1:-2|-1:0|1:-1|2:2",7366,4,1015
"-1:-1|-1:2|1:-2|1:0",7367,4,1523
"-1:-1|0:2|1:-2|1:0",7368,4,1522
"-1:-1|1:-2|1:0|1:2",7369,4,1521
"-1:-1|1:-2|1:0|2:2",7370,4,938
"-1:-2|0:2|1:-1|2:1",7371,4,1511
"-1:-1|-1:1|1:-2|2:0",7372,4,1510
"-1:-1|0:1|1:-2|2:0",7373,4,1509
"-1:-1|0:-2|1:1|2:-1",7374,4,1508
"-1:-1|1:-2|2:0|2:1",7375,4,1148
"-2:-1|-1:1|0:-2|2:2",7376,4,1024
"-1:-1|-1:2|1:-2|2:0",7377,4,1514
"-1:-1|0:2|1:-2|2:0",7378,4,1513
"-1:-1|1:-2|1:2|2:0",7379,4,1512
"-1:-1|1:-2|2:0|2:2",7380,4,629
"-1:-2|-1:-1|1:-1|2:1",7381,4,1357
"-1:-2|-1:0|1:-1|2:1",7382,4,1520
"-1:-1|-1:2|1:1|2:-1",7383,4,1546
"-1:-2|-1:2|1:-1|2:1",7384,4,1541
"-1:-2|1:-1|2:1|2:2",7385,4,436
"-1:-2|1:-1|1:2|2:1",7386,4,1313
"-1:-2|0:2|1:-1|2:1",7387,4,1511
"-1:-2|-1:2|1:-1|2:1",7388,4,1541
"-2:-1|-1:1|1:2|2:-2",7389,4,1047
"-1:-1|-1:0|1:-1|2:1",7390,4,1549
"-1:-1|-1:1|1:-1|1:2",7391,4,1545
"-1:-1|-1:1|1:-2|2:1",7392,4,1540
"-1:-2|1:-1|1:1|2:2",7393,4,894
"-1:-1|-1:1|-1:2|1:-2",7394,4,1417
"-1:-1|-1:1|0:-2|1:2",7395,4,1552
"-1:-1|-1:1|1:-2|1:2",7396,4,1551
"-1:-1|-1:1|1:-2|2:2",7397,4,1020
"-1:-1|-1:0|1:1|2:-1",7398,4,1544
"-1:-1|0:1|1:-2|2:1",7399,4,1539
"-1:-2|0:1|1:-1|2:2",7400,4,969
"-1:-1|-1:2|0:1|1:-2",7401,4,1495
"-1:-1|0:1|0:2|1:-2",7402,4,1550
"-1:-1|0:1|1:-2|1:2",7403,4,1501
"-1:-1|0:1|1:-2|2:2",7404,4,978
"-1:-1|1:-2|1:1|2:1",7405,4,1367
"-1:-1|-1:2|1:1|2:-2",7406,4,1012
"-1:-1|-1:2|1:-2|1:1",7407,4,1548
"-1:-1|-1:2|0:-2|1:1",7408,4,1547
"-1:-1|1:-2|1:1|1:2",7409,4,1424
"-1:-1|1:-2|1:1|2:2",7410,4,902
"-2:-1|-1:1|1:-2|2:2",7411,4,1023
"-1:-1|-1:2|1:-2|2:1",7412,4,1543
"-1:-1|0:2|1:-2|2:1",7413,4,1542
"-1:-1|1:-2|1:2|2:1",7414,4,1319
"-1:-1|1:-2|2:1|2:2",7415,4,449
"-1:-2|1:-1|1:2|2:2",7416,4,516
"-1:-2|0:2|1:-1|2:2",7417,4,688
"-1:-2|-1:2|1:-1|2:2",7418,4,813
"-2:-1|-1:1|2:-2|2:2",7419,4,868
"-1:-1|-1:2|0:2|1:-2",7420,4,1202
"-1:-1|-1:2|1:-2|1:2",7421,4,1284
"-1:-1|-1:2|1:-2|2:2",7422,4,824
"-1:-1|0:2|1:-2|1:2",7423,4,1209
"-1:-1|0:2|1:-2|2:2",7424,4,699
"-1:-1|1:-2|1:2|2:2",7425,4,527
"-2:-1|-1:-2|-1:-1|-1:0",7426,4,1288
"-1:-2|-1:-1|0:-1|2:0",7427,4,1339
"-1:-2|-1:-1|0:-1|1:0",7428,4,1338
"-1:-2|-1:-1|-1:0|0:-1",7429,4,1337
"-2:-1|-1:-1|-1:0|0:-2",7430,4,1336
"-1:-2|-1:-1|0:-1|2:1",7431,4,1344
"-1:-1|0:1|1:1|1:2",7432,4,1343
"-1:-2|-1:-1|0:-1|0:1",7433,4,1342
"-1:-1|-1:1|-1:2|0:1",7434,4,1341
"-1:-2|1:-1|1:0|2:-1",7435,4,1340
"-1:-2|-1:-1|0:-1|2:2",7436,4,1061
"-1:-2|-1:-1|0:-1|1:2",7437,4,1347
"-1:-2|-1:-1|0:-1|0:2",7438,4,1346
"-1:-2|-1:-1|-1:2|0:-1",7439,4,1345
"-2:-1|-1:-1|-1:0|2:-2",7440,4,987
"-2:-1|-1:-2|-1:0|0:2",7441,4,1299
"-1:0|0:-1|1:-2|2:-1",7442,4,1298
"-2:-1|-1:-2|-1:0|0:-1",7443,4,1297
"-2:-1|-1:-2|-1:0|0:-2",7444,4,1088
"-1:-2|1:0|1:2|2:1",7445,4,1303
"-1:-1|0:1|1:2|2:1",7446,4,1302
"-1:0|1:-2|1:0|2:-1",7447,4,1301
"-1:-1|1:-2|1:0|2:-1",7448,4,1300
"-1:-2|1:-2|1:0|2:-1",7449,4,1222
"-2:-1|-1:-2|-1:0|2:2",7450,4,1065
"-1:-2|0:1|1:2|2:1",7451,4,1306
"-2:-1|-1:-2|-1:0|2:0",7452,4,1305
"-2:-1|-1:-2|-1:0|2:-1",7453,4,1304
"-2:-1|-1:-2|-1:0|2:-2",7454,4,761
"-1:-2|0:-1|1:0|2:0",7455,4,1470
"-1:-2|-1:0|0:-1|2:0",7456,4,1462
"-2:-1|-1:0|0:-2|0:2",7457,4,1453
"-1:-2|0:-1|2:0|2:1",7458,4,1178
"-1:-1|0:-2|1:0|2:1",7459,4,1482
"-1:-2|0:-1|0:1|2:0",7460,4,1481
"-1:-1|-1:2|0:1|2:0",7461,4,1480
"-1:-2|0:2|1:0|2:-1",7462,4,1479
"-1:-2|0:-1|2:0|2:2",7463,4,658
"-1:-2|0:-1|1:2|2:0",7464,4,1485
"-1:-2|0:-1|0:2|2:0",7465,4,1484
"-1:-2|-1:2|0:-1|2:0",7466,4,1483
"-2:-1|-1:0|0:2|2:-2",7467,4,1034
"-1:-2|-1:0|0:-1|1:0",7468,4,1461
"-1:0|0:-1|1:-2|2:0",7469,4,1452
"-1:-2|0:-1|1:0|2:1",7470,4,1475
"-1:-1|-1:0|0:1|1:2",7471,4,1474
"-1:-2|0:-1|0:1|1:0",7472,4,1473
"-1:-1|-1:2|0:1|1:0",7473,4,1472
"-1:-2|0:1|1:0|2:-1",7474,4,1471
"-1:-2|0:-1|1:0|2:2",7475,4,952
"-1:-2|-1:0|0:1|1:2",7476,4,1478
"-1:-2|0:-1|0:2|1:0",7477,4,1477
"-1:-2|-1:2|0:-1|1:0",7478,4,1476
"-1:0|0:-1|1:-2|2:2",7479,4,1030
"-2:-1|-1:0|0:-2|0:-1",7480,4,1451
"-1:-2|-1:0|0:-1|2:1",7481,4,1466
"-1:-1|0:1|1:0|1:2",7482,4,1465
"-1:-2|-1:0|0:-1|0:1",7483,4,1464
"-1:-1|-1:0|-1:2|0:1",7484,4,1463
"-1:-2|0:-1|1:0|2:-1",7485,4,1443
"-1:-2|-1:0|0:-1|2:2",7486,4,1060
"-1:-2|-1:0|0:-1|1:2",7487,4,1469
"-1:-2|-1:0|0:-1|0:2",7488,4,1468
"-1:-2|-1:0|-1:2|0:-1",7489,4,1467
"-2:-1|-1:0|0:-1|2:-2",7490,4,934
"-1:-2|0:2|1:0|2:1",7491,4,1457
"-1:-1|0:1|1:2|2:0",7492,4,1456
"-1:0|0:-2|1:0|2:-1",7493,4,1455
"-1:-1|0:-2|1:0|2:-1",7494,4,1454
"-1:-2|0:-2|1:0|2:-1",7495,4,1143
"-2:-1|-1:0|0:-2|2:2",7496,4,1064
"-1:-2|0:1|1:2|2:0",7497,4,1460
"-2:-1|-1:0|0:-2|2:0",7498,4,1459
"-2:-1|-1:0|0:-2|2:-1",7499,4,1458
"-2:-1|-1:0|0:-2|2:-2",7500,4,624
"-1:-2|-1:-1|1:0|2:1",7501,4,1396
"-1:-2|-1:0|1:0|2:1",7502,4,1497
"-1:-1|-1:2|0:1|2:-1",7503,4,1493
"-1:-2|-1:2|1:0|2:-1",7504,4,1488
"-1:-2|0:-1|2:1|2:2",7505,4,486
"-1:-2|0:-1|1:2|2:1",7506,4,1326
"-1:-2|0:-1|0:2|2:1",7507,4,1504
"-1:-2|-1:2|0:-1|2:1",7508,4,1503
"-2:-1|-1:0|1:2|2:-2",7509,4,1033
"-1:-1|-1:0|1:0|2:1",7510,4,1496
"-1:-1|-1:1|1:0|2:-1",7511,4,1492
"-1:-1|-1:2|1:0|2:1",7512,4,1487
"-1:-2|0:-1|1:1|2:2",7513,4,910
"-1:-2|-1:-1|0:1|1:2",7514,4,1422
"-1:-1|0:-2|0:1|1:2",7515,4,1502
"-1:-1|0:1|1:-2|1:2",7516,4,1501
"-1:-1|0:1|1:2|2:-2",7517,4,1016
"-1:-1|-1:0|1:0|2:-1",7518,4,1491
"-1:-2|-1:0|1:0|2:-1",7519,4,1486
"-1:-2|0:-1|0:1|2:2",7520,4,975
"-1:-2|0:-1|0:1|1:2",7521,4,1500
"-1:-2|0:-1|0:1|0:2",7522,4,1499
"-1:-2|-1:2|0:-1|0:1",7523,4,1498
"-2:-1|-1:0|1:0|2:-2",7524,4,973
"-1:-2|-1:-1|1:0|2:-1",7525,4,1363
"-1:-1|-1:2|0:1|2:-2",7526,4,1018
"-1:-1|-1:2|0:1|1:-2",7527,4,1495
"-1:-1|-1:2|0:-2|0:1",7528,4,1494
"-1:-2|-1:-1|-1:2|0:1",7529,4,1420
"-2:-1|-1:0|1:-1|2:-2",7530,4,899
"-2:-1|-1:0|1:-2|2:2",7531,4,1045
"-1:-2|0:1|1:2|2:-1",7532,4,1490
"-2:-1|-1:0|1:-2|2:0",7533,4,1489
"-2:-1|-1:-2|-1:2|0:1",7534,4,1317
"-2:-1|-1:0|1:-2|2:-2",7535,4,444
"-1:-2|0:-1|1:2|2:2",7536,4,523
"-1:-2|0:-1|0:2|2:2",7537,4,695
"-1:-2|-1:2|0:-1|2:2",7538,4,820
"-2:-1|-1:0|2:-2|2:2",7539,4,870
"-1:-2|0:-1|0:2|1:2",7540,4,1207
"-1:-2|-1:2|0:-1|1:2",7541,4,1285
"-1:-2|0:1|1:2|2:-2",7542,4,818
"-1:-2|-1:2|0:-1|0:2",7543,4,1205
"-2:-1|-1:0|2:-2|2:0",7544,4,693
"-2:-1|-1:0|2:-2|2:-1",7545,4,521
"-2:-1|-1:-2|-1:-1|0:2",7546,4,1292
"-1:0|1:-2|1:-1|2:-1",7547,4,1291
"-2:-1|-1:-2|-1:-1|-1:0",7548,4,1288
"-2:-1|-1:-2|-1:-1|0:-2",7549,4,1083
"-1:-2|1:1|1:2|2:1",7550,4,1294
"-1:-1|1:1|1:2|2:1",7551,4,1293
"-1:0|1:-2|1:-1|2:-1",7552,4,1291
"-1:-1|1:-2|1:-1|2:-1",7553,4,1289
"-1:-2|1:-2|1:-1|2:-1",7554,4,1218
"-2:-1|-1:-2|-1:-1|2:2",7555,4,1072
"-1:-2|1:1|1:2|2:1",7556,4,1294
"-2:-1|-1:-2|-1:-1|0:2",7557,4,1292
"-2:-1|-1:-2|-1:-1|-1:2",7558,4,1290
"-2:-1|-1:-2|-1:-1|2:-2",7559,4,746
"-1:-2|-1:-1|1:0|2:0",7560,4,1391
"-1:-2|-1:-1|-1:0|2:0",7561,4,1382
"-2:-1|-1:-1|0:-2|0:2",7562,4,1373
"-1:-2|-1:-1|2:0|2:1",7563,4,1208
"-1:-1|0:-2|1:1|2:1",7564,4,1403
"-1:-2|-1:-1|0:1|2:0",7565,4,1402
"-1:-1|-1:1|-1:2|2:0",7566,4,1401
"-1:-2|0:2|1:-1|2:-1",7567,4,1400
"-1:-2|-1:-1|2:0|2:2",7568,4,697
"-1:-2|-1:-1|1:2|2:0",7569,4,1406
"-1:-2|-1:-1|0:2|2:0",7570,4,1405
"-1:-2|-1:-1|-1:2|2:0",7571,4,1404
"-2:-1|-1:-1|0:2|2:-2",7572,4,994
"-1:-2|-1:-1|-1:0|1:0",7573,4,1381
"-1:0|1:-2|1:-1|2:0",7574,4,1372
"-1:-2|-1:-1|1:0|2:1",7575,4,1396
"-1:-1|-1:0|1:1|1:2",7576,4,1395
"-1:-2|-1:-1|0:1|1:0",7577,4,1394
"-1:-1|-1:1|-1:2|1:0",7578,4,1393
"-1:-2|0:1|1:-1|2:-1",7579,4,1392
"-1:-2|-1:-1|1:0|2:2",7580,4,977
"-1:-2|-1:-1|1:0|1:2",7581,4,1399
"-1:-2|-1:-1|0:2|1:0",7582,4,1398
"-1:-2|-1:-1|-1:2|1:0",7583,4,1397
"-1:0|1:-2|1:-1|2:2",7584,4,990
"-2:-1|-1:-1|0:-2|0:-1",7585,4,1371
"-1:-2|-1:-1|-1:0|2:1",7586,4,1387
"-1:-1|0:1|1:1|2:1",7587,4,1386
"-1:-2|-1:-1|-1:0|0:1",7588,4,1385
"-1:-1|-1:0|-1:1|-1:2",7589,4,1384
"-1:-2|0:-1|1:-1|2:-1",7590,4,1383
"-1:-2|-1:-1|-1:0|2:2",7591,4,1063
"-1:-2|-1:-1|-1:0|1:2",7592,4,1390
"-1:-2|-1:-1|-1:0|0:2",7593,4,1389
"-1:-2|-1:-1|-1:0|-1:2",7594,4,1388
"-2:-1|-1:-1|0:-1|2:-2",7595,4,921
"-1:-2|0:2|1:1|2:1",7596,4,1377
"-1:-1|0:2|1:1|2:1",7597,4,1376
"-1:0|0:-2|1:-1|2:-1",7598,4,1375
"-1:-1|0:-2|1:-1|2:-1",7599,4,1374
"-1:-2|0:-2|1:-1|2:-1",7600,4,1128
"-2:-1|-1:-1|0:-2|2:2",7601,4,1069
"-1:-2|1:1|1:2|2:0",7602,4,1380
"-2:-1|-1:-1|0:-2|2:0",7603,4,1379
"-2:-1|-1:-1|0:-2|2:-1",7604,4,1378
"-2:-1|-1:-1|0:-2|2:-2",7605,4,607
"-1:-2|-1:-1|1:1|2:1",7606,4,1423
"-1:-2|-1:-1|0:1|2:1",7607,4,1419
"-1:-1|-1:1|-1:2|2:-1",7608,4,1414
"-1:-2|-1:2|1:-1|2:-1",7609,4,1409
"-1:-2|-1:-1|2:1|2:2",7610,4,525
"-1:-2|-1:-1|1:2|2:1",7611,4,1332
"-1:-2|-1:-1|0:2|2:1",7612,4,1428
"-1:-2|-1:-1|-1:2|2:1",7613,4,1427
"-2:-1|-1:-1|1:2|2:-2",7614,4,993
"-1:-1|-1:0|1:1|2:1",7615,4,1418
"-1:-1|-1:1|-1:2|1:-1",7616,4,1413
"-1:-1|-1:2|1:1|2:1",7617,4,1408
"-1:-2|-1:-1|1:1|2:2",7618,4,918
"-1:-2|-1:-1|1:1|1:2",7619,4,1426
"-1:-1|0:-2|1:1|1:2",7620,4,1425
"-1:-1|1:-2|1:1|1:2",7621,4,1424
"-1:-1|1:1|1:2|2:-2",7622,4,989
"-1:-1|-1:0|1:-1|2:-1",7623,4,1412
"-1:-2|-1:0|1:-1|2:-1",7624,4,1407
"-1:-2|-1:-1|0:1|2:2",7625,4,980
"-1:-2|-1:-1|0:1|1:2",7626,4,1422
"-1:-2|-1:-1|0:1|0:2",7627,4,1421
"-1:-2|-1:-1|-1:2|0:1",7628,4,1420
"-2:-1|-1:-1|1:0|2:-2",7629,4,967
"-1:-2|-1:-1|1:-1|2:-1",7630,4,1348
"-1:-1|-1:1|-1:2|2:-2",7631,4,1022
"-1:-1|-1:1|-1:2|1:-2",7632,4,1417
"-1:-1|-1:1|-1:2|0:-2",7633,4,1416
"-1:-2|-1:-1|-1:1|-1:2",7634,4,1415
"-2:-1|-1:-1|1:-1|2:-2",7635,4,888
"-2:-1|-1:-1|1:-2|2:2",7636,4,1049
"-1:-2|1:1|1:2|2:-1",7637,4,1411
"-2:-1|-1:-1|1:-2|2:0",7638,4,1410
"-2:-1|-1:-1|1:-2|2:-1",7639,4,1307
"-2:-1|-1:-1|1:-2|2:-2",7640,4,427
"-1:-2|-1:-1|1:2|2:2",7641,4,529
"-1:-2|-1:-1|0:2|2:2",7642,4,701
"-1:-2|-1:-1|-1:2|2:2",7643,4,826
"-2:-1|-1:-1|2:-2|2:2",7644,4,866
"-1:-2|-1:-1|0:2|1:2",7645,4,1211
"-1:-2|-1:-1|-1:2|1:2",7646,4,1282
"-1:-2|1:1|1:2|2:-2",7647,4,811
"-1:-2|-1:-1|-1:2|0:2",7648,4,1200
"-2:-1|-1:-1|2:-2|2:0",7649,4,686
"-2:-1|-1:-1|2:-2|2:-1",7650,4,514
"-2:-1|-1:-2|0:1|0:2",7651,4,1323
"-2:-1|-1:-2|-1:0|2:0",7652,4,1305
"-2:-1|-1:-2|0:-2|0:2",7653,4,1097
"-1:-2|0:-2|1:2|2:1",7654,4,1214
"-1:-1|0:-2|1:2|2:1",7655,4,1329
"-1:0|0:-2|1:2|2:1",7656,4,1327
"-1:-1|0:2|1:-2|2:-1",7657,4,1315
"-1:-2|0:2|1:-2|2:-1",7658,4,1231
"-2:-1|-1:-2|0:2|2:2",7659,4,706
"-2:-1|-1:-2|0:2|2:1",7660,4,1331
"-2:-1|-1:-2|0:2|2:0",7661,4,1330
"-2:-1|-1:-2|-1:2|2:0",7662,4,1321
"-2:-1|-1:-2|0:2|2:-2",7663,4,770
"-1:0|1:-2|1:0|2:-1",7664,4,1301
"-1:0|1:-2|2:-1|2:0",7665,4,1093
"-1:-2|0:-1|1:2|2:1",7666,4,1326
"-1:-1|-1:0|1:2|2:1",7667,4,1325
"-1:0|0:-1|1:2|2:1",7668,4,1324
"-1:-1|0:1|1:-2|2:-1",7669,4,1311
"-1:-2|0:1|1:-2|2:-1",7670,4,1227
"-2:-1|-1:-2|0:1|2:2",7671,4,983
"-1:-2|-1:0|1:2|2:1",7672,4,1328
"-1:0|0:-2|1:2|2:1",7673,4,1327
"-1:0|1:-2|1:2|2:-1",7674,4,1318
"-1:0|1:-2|2:-1|2:2",7675,4,765
"-2:-1|-1:-2|0:-2|0:-1",7676,4,1084
"-1:-2|0:1|1:2|2:1",7677,4,1306
"-1:-1|0:1|1:2|2:1",7678,4,1302
"-1:0|0:-1|1:-2|2:-1",7679,4,1298
"-1:-1|0:-1|1:-2|2:-1",7680,4,1295
"-1:-2|0:-1|1:-2|2:-1",7681,4,1219
"-2:-1|-1:-2|-1:0|2:2",7682,4,1065
"-1:-2|1:0|1:2|2:1",7683,4,1303
"-2:-1|-1:-2|-1:0|0:2",7684,4,1299
"-2:-1|-1:-2|-1:0|-1:2",7685,4,1296
"-2:-1|-1:-2|0:-1|2:-2",7686,4,732
"-1:-2|0:2|1:2|2:1",7687,4,1098
"-1:-1|0:2|1:2|2:1",7688,4,1094
"-1:0|0:-2|1:-2|2:-1",7689,4,1089
"-1:-1|0:-2|1:-2|2:-1",7690,4,1085
"-1:-2|0:-2|1:-2|2:-1",7691,4,1073
"-2:-1|-1:-2|0:-2|2:2",7692,4,1071
"-1:-2|1:2|2:0|2:1",7693,4,1095
"-2:-1|-1:-2|0:-2|2:0",7694,4,1090
"-2:-1|-1:-2|0:-2|2:-1",7695,4,1086
"-2:-1|-1:-2|0:-2|2:-2",7696,4,549
"-1:-2|-1:-1|1:2|2:1",7697,4,1332
"-1:-2|-1:0|1:2|2:1",7698,4,1328
"-1:-1|-1:2|1:-2|2:-1",7699,4,1316
"-1:-2|-1:2|1:-2|2:-1",7700,4,1232
"-2:-1|-1:-2|1:2|2:2",7701,4,534
"-2:-1|-1:-2|1:2|2:1",7702,4,1333
"-2:-1|-1:-2|0:2|2:1",7703,4,1331
"-2:-1|-1:-2|-1:2|2:1",7704,4,1322
"-2:-1|-1:-2|1:2|2:-2",7705,4,769
"-1:-1|-1:0|1:2|2:1",7706,4,1325
"-1:-1|-1:1|1:-2|2:-1",7707,4,1312
"-1:-1|-1:2|1:2|2:1",7708,4,1228
"-2:-1|-1:-2|1:1|2:2",7709,4,920
"-1:-2|-1:-1|1:2|2:1",7710,4,1332
"-1:-1|0:-2|1:2|2:1",7711,4,1329
"-1:-1|1:-2|1:2|2:1",7712,4,1319
"-1:-1|1:2|2:-2|2:1",7713,4,764
"-1:-1|-1:0|1:-2|2:-1",7714,4,1308
"-1:-2|-1:0|1:-2|2:-1",7715,4,1223
"-2:-1|-1:-2|0:1|2:2",7716,4,983
"-1:-2|0:-1|1:2|2:1",7717,4,1326
"-2:-1|-1:-2|0:1|0:2",7718,4,1323
"-2:-1|-1:-2|-1:2|0:1",7719,4,1317
"-2:-1|-1:-2|1:0|2:-2",7720,4,760
"-1:-2|-1:-1|1:-2|2:-1",7721,4,1220
"-2:-1|-1:-2|-1:1|2:2",7722,4,1025
"-1:-2|1:-1|1:2|2:1",7723,4,1313
"-2:-1|-1:-2|-1:1|0:2",7724,4,1309
"-2:-1|-1:-1|1:-2|2:-1",7725,4,1307
"-2:-1|-1:-2|1:-1|2:-2",7726,4,717
"-2:-1|-1:-2|1:-2|2:2",7727,4,1052
"-1:-2|1:2|2:-1|2:1",7728,4,1229
"-2:-1|-1:-2|1:-2|2:0",7729,4,1224
"-2:-1|-1:-2|1:-2|2:-1",7730,4,1221
"-2:-1|-1:-2|1:-2|2:-2",7731,4,351
"-2:-1|-1:-2|1:2|2:2",7732,4,534
"-2:-1|-1:-2|0:2|2:2",7733,4,706
"-2:-1|-1:-2|-1:2|2:2",7734,4,831
"-2:-1|-1:-2|2:-2|2:2",7735,4,768
"-1:-2|0:-2|1:2|2:1",7736,4,1214
"-1:-2|1:-2|1:2|2:1",7737,4,1277
"-1:-2|1:2|2:-2|2:1",7738,4,763
"-2:-1|-1:-2|-1:2|0:2",7739,4,1194
"-2:-1|-1:-2|2:-2|2:0",7740,4,678
"-2:-1|-1:-2|2:-2|2:-1",7741,4,506
"-1:-2|-1:0|1:0|2:0",7742,4,1599
"-2:-1|0:-2|0:1|0:2",7743,4,1577
"-1:-2|0:-2|0:-1|2:1",7744,4,1124
"-1:-1|0:-2|0:-1|2:1",7745,4,1621
"-1:-2|0:1|1:0|2:0",7746,4,1620
"-1:-1|-1:2|1:0|2:0",7747,4,1619
"-1:-2|0:1|0:2|2:-1",7748,4,1567
"-1:-2|1:0|2:0|2:2",7749,4,601
"-1:-2|1:0|1:2|2:0",7750,4,1576
"-1:-2|0:2|1:0|2:0",7751,4,1623
"-1:-2|-1:2|1:0|2:0",7752,4,1622
"-2:-1|0:1|0:2|2:-2",7753,4,1044
"-2:-1|0:-2|0:-1|0:2",7754,4,1569
"-1:-2|-1:0|2:0|2:1",7755,4,1204
"-1:-1|0:-2|0:1|2:1",7756,4,1608
"-1:-2|-1:0|0:1|2:0",7757,4,1607
"-1:-1|-1:0|-1:2|2:0",7758,4,1606
"-1:-2|0:-1|0:2|2:-1",7759,4,1449
"-1:-2|-1:0|2:0|2:2",7760,4,691
"-1:-2|-1:0|1:2|2:0",7761,4,1583
"-1:-2|-1:0|0:2|2:0",7762,4,1610
"-1:-2|-1:0|-1:2|2:0",7763,4,1609
"-2:-1|0:-1|0:2|2:-2",7764,4,941
"-1:-2|0:-2|0:2|2:1",7765,4,1213
"-1:-1|0:-2|0:2|2:1",7766,4,1586
"-1:0|0:-2|0:2|2:-1",7767,4,1585
"-1:-1|0:-2|0:2|2:-1",7768,4,1584
"-1:-2|0:-2|0:2|2:-1",7769,4,1151
"-2:-1|0:-2|0:2|2:2",7770,4,705
"-2:-1|0:-2|0:2|2:1",7771,4,1589
"-2:-1|0:-2|0:2|2:0",7772,4,1588
"-2:-1|0:-2|0:2|2:-1",7773,4,1587
"-2:-1|0:-2|0:2|2:-2",7774,4,633
"-1:-2|-1:-1|0:-2|2:1",7775,4,1110
"-1:-2|-1:0|0:-2|2:1",7776,4,1169
"-1:-1|-1:2|0:2|2:-1",7777,4,1199
"-1:-2|-1:2|0:-2|2:1",7778,4,1212
"-1:-2|2:0|2:1|2:2",7779,4,340
"-1:-2|1:2|2:0|2:1",7780,4,1095
"-1:-2|0:2|2:0|2:1",7781,4,1159
"-1:-2|-1:2|2:-1|2:0",7782,4,1193
"-2:-1|-2:0|1:2|2:-2",7783,4,1039
"-1:-1|-1:0|0:-2|2:1",7784,4,1633
"-1:-1|-1:1|0:-2|2:1",7785,4,1631
"-1:-1|-1:2|0:-2|2:1",7786,4,1566
"-1:-2|1:1|2:0|2:2",7787,4,585
"-1:-2|1:1|1:2|2:0",7788,4,1380
"-1:-2|0:2|1:1|2:0",7789,4,1635
"-1:-2|-1:2|1:-1|2:0",7790,4,1536
"-2:-1|0:2|1:1|2:-2",7791,4,1008
"-1:-1|-1:0|0:2|2:-1",7792,4,1630
"-1:-2|-1:0|0:2|2:-1",7793,4,1562
"-1:-2|0:1|2:0|2:2",7794,4,647
"-1:-2|0:1|1:2|2:0",7795,4,1460
"-1:-2|0:1|0:2|2:0",7796,4,1634
"-1:-2|-1:2|0:-1|2:0",7797,4,1483
"-2:-1|0:2|1:0|2:-2",7798,4,961
"-1:-2|-1:-1|0:2|2:-1",7799,4,1369
"-1:-1|-1:2|2:-2|2:0",7800,4,684
"-1:-1|-1:2|1:-2|2:0",7801,4,1514
"-1:-1|-1:2|0:-2|2:0",7802,4,1632
"-1:-2|-1:-1|-1:2|2:0",7803,4,1404
"-2:-1|0:2|1:-1|2:-2",7804,4,905
"-2:-1|-1:2|2:-2|2:0",7805,4,704
"-2:-1|-1:2|0:-2|2:1",7806,4,1558
"-2:-1|-1:2|0:-2|2:0",7807,4,1557
"-2:-1|-1:-2|-1:2|2:0",7808,4,1321
"-2:-1|0:2|1:-2|2:-2",7809,4,453
"-1:-2|1:2|2:0|2:2",7810,4,467
"-1:-2|0:2|2:0|2:2",7811,4,639
"-1:-2|-1:2|2:-2|2:0",7812,4,677
"-2:-1|0:2|2:-2|2:2",7813,4,703
"-1:-2|0:2|1:2|2:0",7814,4,1162
"-1:-2|-1:2|1:-2|2:0",7815,4,1263
"-2:-1|-2:2|0:-2|2:1",7816,4,801
"-1:-2|-1:2|0:-2|2:0",7817,4,1187
"-2:-1|0:2|2:-2|2:0",7818,4,670
"-2:-1|0:2|2:-2|2:-1",7819,4,498
"-1:0|1:-2|1:0|2:0",7820,4,1568
"-1:-2|-1:0|1:0|2:1",7821,4,1497
"-1:-1|-1:0|1:0|1:2",7822,4,1602
"-1:-2|-1:0|0:1|1:0",7823,4,1601
"-1:-1|-1:0|-1:2|1:0",7824,4,1600
"-1:-2|0:-1|0:1|2:-1",7825,4,1446
"-1:-2|-1:0|1:0|2:2",7826,4,972
"-1:-2|-1:0|1:0|1:2",7827,4,1605
"-1:-2|-1:0|0:2|1:0",7828,4,1604
"-1:-2|-1:0|-1:2|1:0",7829,4,1603
"-1:0|1:-2|1:0|2:2",7830,4,937
"-1:-2|0:-1|0:2|2:1",7831,4,1504
"-1:-1|-1:0|1:2|2:0",7832,4,1580
"-1:0|0:-1|0:2|2:1",7833,4,1579
"-1:-1|0:-2|0:1|2:-1",7834,4,1578
"-1:-2|0:-2|0:1|2:-1",7835,4,1147
"-2:-1|0:-2|0:1|2:2",7836,4,982
"-1:-2|-1:0|1:2|2:0",7837,4,1583
"-1:0|0:-2|1:2|2:0",7838,4,1582
"-1:0|1:-2|1:2|2:0",7839,4,1581
"-1:0|1:-2|2:0|2:2",7840,4,628
"-1:-2|-1:-1|0:-1|2:1",7841,4,1344
"-1:-2|-1:0|0:-1|2:1",7842,4,1466
"-1:-1|-1:2|0:1|2:-1",7843,4,1493
"-1:-2|-1:2|0:-1|2:1",7844,4,1503
"-1:-2|1:0|2:1|2:2",7845,4,421
"-1:-2|1:0|1:2|2:1",7846,4,1303
"-1:-2|0:2|1:0|2:1",7847,4,1457
"-1:-2|-1:2|1:0|2:-1",7848,4,1488
"-2:-1|-1:0|1:2|2:-2",7849,4,1033
"-1:-1|-1:0|0:-1|1:2",7850,4,1627
"-1:-1|-1:0|1:-1|1:2",7851,4,1625
"-1:-1|-1:0|1:2|2:-1",7852,4,1565
"-1:-2|1:0|1:1|2:2",7853,4,883
"-1:-2|-1:-1|-1:0|1:2",7854,4,1390
"-1:-1|-1:0|0:-2|1:2",7855,4,1629
"-1:-1|-1:0|1:-2|1:2",7856,4,1529
"-1:-1|-1:0|1:2|2:-2",7857,4,1001
"-1:-1|-1:0|0:1|2:-1",7858,4,1624
"-1:-2|-1:0|0:1|2:-1",7859,4,1560
"-1:-2|0:1|1:0|2:2",7860,4,946
"-1:-2|-1:0|0:-1|1:2",7861,4,1469
"-1:-2|0:1|0:2|1:0",7862,4,1628
"-1:-2|-1:2|0:-1|1:0",7863,4,1476
"-1:0|0:-1|1:2|2:-2",7864,4,953
"-1:-2|-1:-1|0:1|2:-1",7865,4,1366
"-1:-1|-1:2|1:0|2:-2",7866,4,966
"-1:-1|-1:2|1:-2|1:0",7867,4,1523
"-1:-1|-1:2|0:-2|1:0",7868,4,1626
"-1:-2|-1:-1|-1:2|1:0",7869,4,1397
"-1:0|1:-1|1:2|2:-2",7870,4,901
"-2:-1|-1:2|1:0|2:-2",7871,4,981
"-1:-2|-1:0|1:2|2:-1",7872,4,1563
"-1:0|0:-2|1:2|2:-1",7873,4,1555
"-1:0|1:-2|1:2|2:-1",7874,4,1318
"-1:0|1:-2|2:1|2:2",7875,4,448
"-1:-2|1:0|1:2|2:2",7876,4,479
"-1:-2|0:2|1:0|2:2",7877,4,651
"-1:-2|-1:2|1:0|2:-2",7878,4,782
"-2:-1|0:1|2:-2|2:2",7879,4,862
"-1:-2|-1:0|0:-2|1:2",7880,4,1172
"-1:-2|-1:0|1:-2|1:2",7881,4,1272
"-1:-2|-1:0|1:2|2:-2",7882,4,791
"-1:-2|-1:2|0:-2|1:0",7883,4,1179
"-1:0|0:-2|1:2|2:-2",7884,4,660
"-1:0|1:-2|1:2|2:-2",7885,4,488
"-1:-2|0:1|0:2|2:1",7886,4,1573
"-1:-1|0:1|0:2|2:1",7887,4,1572
"-1:0|0:-2|0:-1|2:-1",7888,4,1571
"-1:-1|0:-2|0:-1|2:-1",7889,4,1570
"-1:-2|0:-2|0:-1|2:-1",7890,4,1115
"-2:-1|0:-2|0:-1|2:2",7891,4,1058
"-1:-2|1:0|1:2|2:0",7892,4,1576
"-2:-1|0:-2|0:-1|2:0",7893,4,1575
"-2:-1|0:-2|0:-1|2:-1",7894,4,1574
"-2:-1|0:-2|0:-1|2:-2",7895,4,592
"-1:-2|-1:-1|0:1|2:1",7896,4,1419
"-1:-2|-1:0|0:1|2:1",7897,4,1616
"-1:-1|-1:0|-1:2|2:-1",7898,4,1613
"-1:-2|-1:2|0:-1|2:-1",7899,4,1448
"-1:-2|-1:0|2:1|2:2",7900,4,519
"-1:-2|-1:0|1:2|2:1",7901,4,1328
"-1:-2|-1:0|0:2|2:1",7902,4,1595
"-1:-2|-1:0|-1:2|2:-1",7903,4,1561
"-2:-1|0:-1|1:2|2:-2",7904,4,940
"-1:-1|-1:0|0:1|2:1",7905,4,1615
"-1:-1|-1:0|-1:2|1:-1",7906,4,1612
"-1:-1|-1:2|0:1|2:1",7907,4,1445
"-1:-2|-1:0|1:1|2:2",7908,4,912
"-1:-2|-1:-1|1:0|1:2",7909,4,1399
"-1:-1|0:-2|1:0|1:2",7910,4,1618
"-1:-1|1:-2|1:0|1:2",7911,4,1521
"-1:-1|1:0|1:2|2:-2",7912,4,936
"-1:-1|-1:0|-1:2|0:-1",7913,4,1611
"-1:-2|-1:0|0:-1|2:-1",7914,4,1442
"-1:-2|-1:0|0:1|2:2",7915,4,955
"-1:-2|-1:0|0:1|1:2",7916,4,1478
"-1:-2|-1:0|0:1|0:2",7917,4,1617
"-1:-2|-1:0|-1:2|0:-1",7918,4,1467
"-2:-1|0:-1|1:0|2:-2",7919,4,933
"-1:-2|-1:-1|0:-1|2:-1",7920,4,1335
"-1:-1|-1:0|-1:2|2:-2",7921,4,1003
"-1:-1|-1:0|-1:2|1:-2",7922,4,1531
"-1:-1|-1:0|-1:2|0:-2",7923,4,1614
"-1:-2|-1:-1|-1:0|-1:2",7924,4,1388
"-2:-1|0:-1|1:-1|2:-2",7925,4,876
"-2:-1|-1:0|-1:2|2:-2",7926,4,1035
"-1:-2|1:0|1:2|2:-1",7927,4,1444
"-2:-1|-1:0|-1:2|0:-2",7928,4,1441
"-2:-1|-1:-2|-1:0|-1:2",7929,4,1296
"-2:-1|0:-1|1:-2|2:-2",7930,4,412
"-1:-2|-1:0|1:2|2:2",7931,4,490
"-1:-2|-1:0|0:2|2:2",7932,4,662
"-1:-2|-1:0|-1:2|2:-2",7933,4,793
"-2:-1|0:-1|2:-2|2:2",7934,4,860
"-1:-2|-1:0|0:2|1:2",7935,4,1181
"-1:-2|-1:0|-1:2|1:-2",7936,4,1270
"-1:-2|1:0|1:2|2:-2",7937,4,780
"-1:-2|-1:0|-1:2|0:-2",7938,4,1170
"-2:-1|0:-1|2:-2|2:0",7939,4,649
"-2:-1|0:-1|2:-2|2:-1",7940,4,477
"-1:-2|-1:-1|0:2|2:1",7941,4,1428
"-1:-2|-1:0|0:2|2:1",7942,4,1595
"-1:-1|-1:2|0:-2|2:-1",7943,4,1592
"-1:-2|-1:2|0:-2|2:-1",7944,4,1150
"-2:-1|0:-2|1:2|2:2",7945,4,533
"-2:-1|-1:-2|0:2|2:1",7946,4,1331
"-2:-1|0:-2|1:2|2:0",7947,4,1598
"-2:-1|-1:2|0:-2|2:-1",7948,4,1556
"-2:-1|0:-2|1:2|2:-2",7949,4,632
"-1:-1|-1:0|0:2|2:1",7950,4,1594
"-1:-1|-1:1|0:-2|2:-1",7951,4,1591
"-1:-1|-1:2|0:2|2:1",7952,4,1146
"-2:-1|0:-2|1:1|2:2",7953,4,917
"-1:-2|-1:-1|1:2|2:0",7954,4,1406
"-1:-1|0:-2|1:2|2:0",7955,4,1597
"-1:-1|1:-2|1:2|2:0",7956,4,1512
"-1:-1|1:2|2:-2|2:0",7957,4,627
"-1:-1|-1:0|0:-2|2:-1",7958,4,1590
"-1:-2|-1:0|0:-2|2:-1",7959,4,1142
"-2:-1|0:-2|1:0|2:2",7960,4,963
"-1:-2|0:-1|1:2|2:0",7961,4,1485
"-2:-1|0:-2|1:0|2:0",7962,4,1596
"-2:-1|-1:0|0:-2|2:-1",7963,4,1458
"-2:-1|0:-2|1:0|2:-2",7964,4,623
"-1:-2|-1:-1|0:-2|2:-1",7965,4,1101
"-2:-1|0:-2|1:-1|2:2",7966,4,1010
"-1:-2|1:-1|1:2|2:0",7967,4,1538
"-2:-1|0:-2|1:-1|2:0",7968,4,1593
"-2:-1|-1:-1|0:-2|2:-1",7969,4,1378
"-2:-1|0:-2|1:-1|2:-2",7970,4,576
"-2:-1|-2:0|-1:2|2:-2",7971,4,1041
"-1:-2|1:2|2:-1|2:0",7972,4,1145
"-2:-1|-2:0|-1:2|0:-2",7973,4,1141
"-2:-1|-1:-2|0:-2|2:-1",7974,4,1086
"-2:-1|0:-2|1:-2|2:-2",7975,4,331
"-2:-1|0:-2|2:1|2:2",7976,4,500
"-2:-1|0:-2|2:0|2:2",7977,4,672
"-2:-1|-2:2|0:-2|2:-1",7978,4,803
"-2:-1|0:-2|2:-2|2:2",7979,4,631
"-1:-2|0:-2|1:2|2:0",7980,4,1189
"-1:-2|1:-2|1:2|2:0",7981,4,1261
"-1:-2|1:2|2:-2|2:0",7982,4,626
"-2:-1|-2:0|0:-2|2:-1",7983,4,1160
"-2:-1|0:-2|2:-2|2:0",7984,4,622
"-2:-1|0:-2|2:-2|2:-1",7985,4,465
"-1:-2|-1:-1|-1:0|2:1",7986,4,1387
"-1:-1|-1:1|-1:2|2:-1",7987,4,1414
"-1:-2|-1:-1|-1:2|2:1",7988,4,1427
"-1:-2|1:1|2:1|2:2",7989,4,405
"-1:-2|1:1|1:2|2:1",7990,4,1294
"-1:-2|0:2|1:1|2:1",7991,4,1377
"-1:-2|-1:2|1:-1|2:-1",7992,4,1409
"-2:-1|-1:-1|1:2|2:-2",7993,4,993
"-1:-1|-1:0|-1:2|2:-1",7994,4,1613
"-1:-2|-1:0|-1:2|2:-1",7995,4,1561
"-1:-2|0:1|2:1|2:2",7996,4,475
"-1:-2|0:1|1:2|2:1",7997,4,1306
"-1:-2|0:1|0:2|2:1",7998,4,1573
"-1:-2|-1:2|0:-1|2:-1",7999,4,1448
"-2:-1|0:-1|1:2|2:-2",8000,4,940
"-1:-2|-1:-1|-1:2|2:-1",8001,4,1368
"-1:-1|-1:2|2:-2|2:-1",8002,4,512
"-1:-1|-1:2|1:-2|2:-1",8003,4,1316
"-1:-1|-1:2|0:-2|2:-1",8004,4,1592
"-1:-2|-1:-1|-1:2|2:-1",8005,4,1368
"-2:-1|1:-1|1:2|2:-2",8006,4,904
"-2:-1|-1:2|2:-2|2:-1",8007,4,532
"-2:-1|-1:-2|-1:2|2:1",8008,4,1322
"-2:-1|-1:2|0:-2|2:-1",8009,4,1556
"-2:-1|-1:-2|-1:2|2:-1",8010,4,1320
"-2:-1|1:-2|1:2|2:-2",8011,4,452
"-1:-2|1:2|2:1|2:2",8012,4,392
"-1:-2|0:2|2:1|2:2",8013,4,463
"-1:-2|-1:2|2:-2|2:-1",8014,4,505
"-2:-1|1:2|2:-2|2:2",8015,4,531
"-1:-2|0:2|1:2|2:1",8016,4,1098
"-1:-2|-1:2|1:-2|2:-1",8017,4,1232
"-2:-1|-1:-2|1:2|2:-2",8018,4,769
"-1:-2|-1:2|0:-2|2:-1",8019,4,1150
"-2:-1|0:-2|1:2|2:-2",8020,4,632
"-2:-1|1:-2|1:2|2:-2",8021,4,452
"-1:-1|-1:0|-1:1|2:-1",8022,4,1636
"-1:-1|-1:0|-1:2|2:1",8023,4,1559
"-1:-2|0:1|1:1|2:2",8024,4,886
"-1:-2|-1:-1|0:-1|1:2",8025,4,1347
"-1:-1|0:-2|0:-1|1:2",8026,4,1639
"-1:-1|0:-1|1:-2|1:2",8027,4,1438
"-1:-1|0:-1|1:2|2:-2",8028,4,929
"-1:-1|-1:1|-1:2|2:1",8029,4,1365
"-1:-1|-1:2|1:-1|2:-2",8030,4,897
"-1:-1|-1:2|1:-2|1:-1",8031,4,1360
"-1:-1|-1:2|0:-2|1:-1",8032,4,1638
"-1:-1|1:-2|1:-1|1:2",8033,4,1358
"-1:-1|1:-1|1:2|2:-2",8034,4,895
"-2:-1|-1:2|1:-1|2:-2",8035,4,906
"-1:-2|-1:-1|1:2|2:-1",8036,4,1370
"-1:-1|0:-2|1:2|2:-1",8037,4,1554
"-1:-1|1:-2|1:2|2:-1",8038,4,1314
"-1:-1|1:2|2:-2|2:-1",8039,4,447
"-1:-2|1:1|1:2|2:2",8040,4,409
"-1:-2|0:2|1:1|2:2",8041,4,589
"-1:-2|-1:2|1:-1|2:-2",8042,4,729
"-2:-1|1:1|2:-2|2:2",8043,4,848
"-1:-2|-1:-1|0:-2|1:2",8044,4,1113
"-1:-2|-1:-1|1:-2|1:2",8045,4,1246
"-1:-2|-1:-1|1:2|2:-2",8046,4,756
"-1:-1|0:-2|1:-2|1:2",8047,4,1138
"-1:-1|0:-2|1:2|2:-2",8048,4,618
"-1:-1|1:-2|1:2|2:-2",8049,4,438
"-1:-2|-1:-1|-1:0|2:-1",8050,4,1362
"-1:-1|-1:2|0:-1|2:-2",8051,4,931
"-1:-1|-1:2|0:-1|1:-2",8052,4,1440
"-1:-1|-1:2|0:-2|0:-1",8053,4,1637
"-1:-2|-1:-1|-1:2|0:-1",8054,4,1345
"-2:-1|1:-1|1:0|2:-2",8055,4,884
"-2:-1|-1:2|0:-1|2:-2",8056,4,942
"-1:-2|0:-1|1:2|2:-1",8057,4,1450
"-2:-1|-1:2|0:-2|0:-1",8058,4,1553
"-2:-1|-1:-2|-1:0|2:-1",8059,4,1304
"-2:-1|1:-2|1:0|2:-2",8060,4,443
"-1:-2|0:1|1:2|2:2",8061,4,425
"-1:-2|0:1|0:2|2:2",8062,4,605
"-1:-2|-1:2|0:-1|2:-2",8063,4,744
"-2:-1|1:0|2:-2|2:2",8064,4,854
"-1:-2|0:-2|0:-1|1:2",8065,4,1127
"-1:-2|-1:2|0:-1|1:-2",8066,4,1252
"-1:-2|0:-1|1:2|2:-2",8067,4,742
"-1:-2|-1:2|0:-2|0:-1",8068,4,1125
"-2:-1|1:0|2:-2|2:0",8069,4,603
"-2:-1|1:0|2:-2|2:-1",8070,4,423
"-2:-1|-1:-1|-1:2|2:-2",8071,4,995
"-1:-2|1:-1|1:2|2:-1",8072,4,1364
"-2:-1|-1:-1|-1:2|0:-2",8073,4,1361
"-2:-1|-1:-2|-1:-1|-1:2",8074,4,1290
"-2:-1|1:-2|1:-1|2:-2",8075,4,396
"-1:-1|-1:2|1:-2|2:-2",8076,4,440
"-1:-1|-1:2|0:-2|2:-2",8077,4,620
"-1:-2|-1:-1|-1:2|2:-2",8078,4,758
"-2:-1|1:-1|2:-2|2:2",8079,4,846
"-1:-1|-1:2|0:-2|1:-2",8080,4,1140
"-1:-2|-1:-1|-1:2|1:-2",8081,4,1244
"-1:-2|1:-1|1:2|2:-2",8082,4,727
"-1:-2|-1:-1|-1:2|0:-2",8083,4,1111
"-2:-1|1:-1|2:-2|2:0",8084,4,587
"-2:-1|1:-1|2:-2|2:-1",8085,4,407
"-2:-1|-1:2|1:-2|2:-2",8086,4,454
"-2:-1|-1:2|0:-2|2:-2",8087,4,634
"-2:-1|-1:-2|-1:2|2:-2",8088,4,771
"-2:-1|1:-2|2:-2|2:2",8089,4,451
"-1:-2|0:-2|1:2|2:-1",8090,4,1152
"-1:-2|1:-2|1:2|2:-1",8091,4,1230
"-1:-2|1:2|2:-2|2:-1",8092,4,446
"-2:-1|-1:-2|-1:2|0:-2",8093,4,1096
"-2:-1|1:-2|2:-2|2:0",8094,4,442
"-2:-1|1:-2|2:-2|2:-1",8095,4,388
"-1:-2|0:2|1:2|2:2",8096,4,344
"-1:-2|-1:2|1:-2|2:-2",8097,4,364
"-2:-1|2:-2|2:1|2:2",8098,4,383
"-1:-2|-1:2|0:-2|2:-2",8099,4,562
"-2:-1|2:-2|2:0|2:2",8100,4,572
"-2:-1|2:-2|2:-1|2:2",8101,4,381
"-1:-2|-1:2|0:-2|1:-2",8102,4,1081
"-1:-2|0:-2|1:2|2:-2",8103,4,560
"-1:-2|1:-2|1:2|2:-2",8104,4,362
"-2:-1|2:-2|2:-1|2:0",8105,4,342
"-2:-1|-1:-1|0:-1|2:-2",8106,4,921
"-2:-1|-1:-1|1:-1|2:-2",8107,4,888
"-2:-1|-1:-1|2:-2|2:-1",8108,4,514
"-2:-1|-2:0|-1:-1|2:-2",8109,4,988
"-2:-1|-1:-1|-1:0|2:-2",8110,4,987
"-2:-1|-1:-1|1:0|2:-2",8111,4,967
"-2:-1|-1:-1|2:-2|2:0",8112,4,686
"-1:-2|1:-2|1:-1|2:2",8113,4,992
"-1:-1|1:-2|1:-1|2:2",8114,4,991
"-1:0|1:-2|1:-1|2:2",8115,4,990
"-1:-1|1:1|1:2|2:-2",8116,4,989
"-1:-2|1:1|1:2|2:-2",8117,4,811
"-2:-1|-2:2|-1:-1|2:-2",8118,4,759
"-2:-1|-1:-1|-1:2|2:-2",8119,4,995
"-2:-1|-1:-1|0:2|2:-2",8120,4,994
"-2:-1|-1:-1|1:2|2:-2",8121,4,993
"-2:-1|-1:-1|2:-2|2:2",8122,4,866
"-2:-1|0:-1|1:-1|2:-2",8123,4,876
"-2:-1|0:-1|2:-2|2:-1",8124,4,477
"-2:-1|-2:0|0:-1|2:-2",8125,4,935
"-2:-1|-1:0|0:-1|2:-2",8126,4,934
"-2:-1|0:-1|1:0|2:-2",8127,4,933
"-2:-1|0:-1|2:-2|2:0",8128,4,649
"-1:-2|1:-2|1:0|2:2",8129,4,939
"-1:-1|1:-2|1:0|2:2",8130,4,938
"-1:0|1:-2|1:0|2:2",8131,4,937
"-1:-1|1:0|1:2|2:-2",8132,4,936
"-1:-2|1:0|1:2|2:-2",8133,4,780
"-2:-1|-2:2|0:-1|2:-2",8134,4,794
"-2:-1|-1:2|0:-1|2:-2",8135,4,942
"-2:-1|0:-1|0:2|2:-2",8136,4,941
"-2:-1|0:-1|1:2|2:-2",8137,4,940
"-2:-1|0:-1|2:-2|2:2",8138,4,860
"-2:-1|1:-1|2:-2|2:-1",8139,4,407
"-2:-1|-2:0|1:-1|2:-2",8140,4,900
"-2:-1|-1:0|1:-1|2:-2",8141,4,899
"-2:-1|1:-1|1:0|2:-2",8142,4,884
"-2:-1|1:-1|2:-2|2:0",8143,4,587
"-1:-2|1:-2|1:1|2:2",8144,4,903
"-1:-1|1:-2|1:1|2:2",8145,4,902
"-1:0|1:-1|1:2|2:-2",8146,4,901
"-1:-1|1:-1|1:2|2:-2",8147,4,895
"-1:-2|1:-1|1:2|2:-2",8148,4,727
"-2:-1|-2:2|1:-1|2:-2",8149,4,827
"-2:-1|-1:2|1:-1|2:-2",8150,4,906
"-2:-1|0:2|1:-1|2:-2",8151,4,905
"-2:-1|1:-1|1:2|2:-2",8152,4,904
"-2:-1|1:-1|2:-2|2:2",8153,4,846
"-2:-1|-2:0|2:-2|2:-1",8154,4,540
"-2:-1|-1:0|2:-2|2:-1",8155,4,521
"-2:-1|1:0|2:-2|2:-1",8156,4,423
"-2:-1|2:-2|2:-1|2:0",8157,4,342
"-1:-2|1:-2|1:2|2:2",8158,4,541
"-1:-1|1:-2|1:2|2:2",8159,4,527
"-1:0|1:-2|1:2|2:-2",8160,4,488
"-1:-1|1:-2|1:2|2:-2",8161,4,438
"-1:-2|1:-2|1:2|2:-2",8162,4,362
"-2:-1|-2:2|2:-2|2:-1",8163,4,542
"-2:-1|-1:2|2:-2|2:-1",8164,4,532
"-2:-1|0:2|2:-2|2:-1",8165,4,498
"-2:-1|1:-2|1:2|2:-2",8166,4,452
"-2:-1|2:-2|2:-1|2:2",8167,4,381
"-2:-1|-2:0|-1:0|2:-2",8168,4,1029
"-2:-1|-2:0|1:0|2:-2",8169,4,984
"-2:-1|-2:0|2:-2|2:0",8170,4,710
"-1:-2|0:-2|1:-2|2:2",8171,4,1038
"-1:-1|0:-2|1:-2|2:2",8172,4,1037
"-1:0|0:-2|1:-2|2:2",8173,4,1036
"-1:-1|0:2|1:2|2:-2",8174,4,1026
"-1:-2|0:2|1:2|2:-2",8175,4,834
"-2:-1|-2:0|-2:2|2:-2",8176,4,563
"-2:-1|-2:0|-1:2|2:-2",8177,4,1041
"-2:-1|-2:0|0:2|2:-2",8178,4,1040
"-2:-1|-2:0|1:2|2:-2",8179,4,1039
"-2:-1|-2:0|2:-2|2:2",8180,4,873
"-2:-1|-1:0|1:0|2:-2",8181,4,973
"-2:-1|-1:0|2:-2|2:0",8182,4,693
"-1:-2|0:-1|1:-2|2:2",8183,4,1032
"-1:-1|0:-1|1:-2|2:2",8184,4,1031
"-1:0|0:-1|1:-2|2:2",8185,4,1030
"-1:-1|0:1|1:2|2:-2",8186,4,1016
"-1:-2|0:1|1:2|2:-2",8187,4,818
"-2:-1|-2:2|-1:0|2:-2",8188,4,745
"-2:-1|-1:0|-1:2|2:-2",8189,4,1035
"-2:-1|-1:0|0:2|2:-2",8190,4,1034
"-2:-1|-1:0|1:2|2:-2",8191,4,1033
"-2:-1|-1:0|2:-2|2:2",8192,4,870
"-2:-1|1:0|2:-2|2:0",8193,4,603
"-1:-2|0:1|1:-2|2:2",8194,4,985
"-1:-1|0:1|1:-2|2:2",8195,4,978
"-1:0|0:-1|1:2|2:-2",8196,4,953
"-1:-1|0:-1|1:2|2:-2",8197,4,929
"-1:-2|0:-1|1:2|2:-2",8198,4,742
"-2:-1|-2:2|1:0|2:-2",8199,4,821
"-2:-1|-1:2|1:0|2:-2",8200,4,981
"-2:-1|0:2|1:0|2:-2",8201,4,961
"-2:-1|0:-1|1:2|2:-2",8202,4,940
"-2:-1|1:0|2:-2|2:2",8203,4,854
"-1:-2|0:2|1:-2|2:2",8204,4,711
"-1:-1|0:2|1:-2|2:2",8205,4,699
"-1:0|0:-2|1:2|2:-2",8206,4,660
"-1:-1|0:-2|1:2|2:-2",8207,4,618
"-1:-2|0:-2|1:2|2:-2",8208,4,560
"-2:-1|-2:2|2:-2|2:0",8209,4,712
"-2:-1|-1:2|2:-2|2:0",8210,4,704
"-2:-1|0:2|2:-2|2:0",8211,4,670
"-2:-1|0:-2|1:2|2:-2",8212,4,632
"-2:-1|2:-2|2:0|2:2",8213,4,572
"-1:-2|-1:-1|1:-2|2:2",8214,4,1046
"-1:-2|-1:0|1:-2|2:2",8215,4,1043
"-1:-1|-1:2|1:2|2:-2",8216,4,1027
"-1:-2|-1:2|1:-2|2:2",8217,4,835
"-2:-1|-2:1|-2:2|2:-2",8218,4,365
"-2:-1|-1:-2|1:-2|2:2",8219,4,1052
"-2:-1|-2:1|0:-2|2:2",8220,4,1051
"-2:-1|-1:2|1:2|2:-2",8221,4,1050
"-2:-1|-2:1|2:-2|2:2",8222,4,874
"-1:-1|-1:0|1:-2|2:2",8223,4,1042
"-1:-1|-1:1|1:-2|2:2",8224,4,1020
"-1:-1|-1:2|1:-2|2:2",8225,4,824
"-2:-1|-2:2|-1:1|2:-2",8226,4,730
"-2:-1|-1:-1|1:-2|2:2",8227,4,1049
"-2:-1|-1:1|0:2|2:-2",8228,4,1048
"-2:-1|-1:1|1:2|2:-2",8229,4,1047
"-2:-1|-1:1|2:-2|2:2",8230,4,868
"-1:-1|-1:0|1:2|2:-2",8231,4,1001
"-1:-2|-1:0|1:2|2:-2",8232,4,791
"-2:-1|-2:2|0:1|2:-2",8233,4,783
"-2:-1|-1:0|1:-2|2:2",8234,4,1045
"-2:-1|0:1|0:2|2:-2",8235,4,1044
"-2:-1|-1:0|1:2|2:-2",8236,4,1033
"-2:-1|0:1|2:-2|2:2",8237,4,862
"-1:-2|-1:-1|1:2|2:-2",8238,4,756
"-2:-1|-2:2|1:1|2:-2",8239,4,814
"-2:-1|-1:1|1:-2|2:2",8240,4,1023
"-2:-1|0:2|1:1|2:-2",8241,4,1008
"-2:-1|-1:-1|1:2|2:-2",8242,4,993
"-2:-1|1:1|2:-2|2:2",8243,4,848
"-2:-1|-2:2|2:-2|2:1",8244,4,836
"-2:-1|-1:2|1:-2|2:2",8245,4,829
"-2:-1|-2:2|0:-2|2:1",8246,4,801
"-2:-1|-1:-2|1:2|2:-2",8247,4,769
"-2:-1|2:-2|2:1|2:2",8248,4,383
"-2:-1|-2:2|-1:2|2:-2",8249,4,509
"-2:-1|-2:2|0:2|2:-2",8250,4,681
"-2:-1|-2:2|1:2|2:-2",8251,4,806
"-2:-1|-2:2|2:-2|2:2",8252,4,833
"-2:-1|-1:2|0:2|2:-2",8253,4,1053
"-2:-1|-1:2|1:2|2:-2",8254,4,1050
"-2:-1|-1:2|2:-2|2:2",8255,4,828
"-2:-1|-2:0|1:2|2:-2",8256,4,1039
"-2:-1|0:2|2:-2|2:2",8257,4,703
"-2:-1|1:2|2:-2|2:2",8258,4,531
"-1:-1|0:-1|1:-1|2:-2",8259,4,875
"-1:-1|0:-1|2:-2|2:-1",8260,4,472
"-2:-2|-1:0|-1:1|0:2",8261,4,924
"-1:-1|-1:0|0:-1|2:-2",8262,4,923
"-1:-1|0:-1|1:0|2:-2",8263,4,922
"-1:-1|0:-1|2:-2|2:0",8264,4,644
"-1:-2|1:-1|1:0|2:2",8265,4,928
"-1:-1|-1:1|0:-1|2:-2",8266,4,927
"-1:-1|0:-1|0:1|2:-2",8267,4,926
"-1:-1|0:-1|1:1|2:-2",8268,4,925
"-1:-1|0:-1|2:-2|2:1",8269,4,775
"-2:-2|-1:0|-1:1|2:2",8270,4,932
"-1:-1|-1:2|0:-1|2:-2",8271,4,931
"-1:-1|0:-1|0:2|2:-2",8272,4,930
"-1:-1|0:-1|1:2|2:-2",8273,4,929
"-1:-1|0:-1|2:-2|2:2",8274,4,857
"-1:-1|1:-1|2:-2|2:-1",8275,4,402
"-2:-2|-1:-1|-1:1|0:2",8276,4,890
"-1:-1|-1:0|1:-1|2:-2",8277,4,889
"-1:-1|1:-1|1:0|2:-2",8278,4,880
"-1:-1|1:-1|2:-2|2:0",8279,4,582
"-1:-2|1:-1|1:1|2:2",8280,4,894
"-1:-1|-1:1|1:-1|2:-2",8281,4,893
"-1:-1|0:1|1:-1|2:-2",8282,4,892
"-1:-1|1:-1|1:1|2:-2",8283,4,891
"-1:-1|1:-1|2:-2|2:1",8284,4,722
"-2:-2|-1:-1|-1:1|2:2",8285,4,898
"-1:-1|-1:2|1:-1|2:-2",8286,4,897
"-1:-1|0:2|1:-1|2:-2",8287,4,896
"-1:-1|1:-1|1:2|2:-2",8288,4,895
"-1:-1|1:-1|2:-2|2:2",8289,4,842
"-2:-2|-1:-2|-1:1|0:2",8290,4,515
"-1:-1|-1:0|2:-2|2:-1",8291,4,510
"-1:-1|1:0|2:-2|2:-1",8292,4,418
"-1:-1|2:-2|2:-1|2:0",8293,4,337
"-1:-2|1:-1|1:2|2:2",8294,4,516
"-1:-1|-1:1|2:-2|2:-1",8295,4,511
"-1:-1|0:1|2:-2|2:-1",8296,4,483
"-1:-1|1:-2|1:1|2:-2",8297,4,433
"-1:-1|2:-2|2:-1|2:1",8298,4,357
"-2:-2|-1:-2|-1:1|2:2",8299,4,517
"-1:-1|-1:2|2:-2|2:-1",8300,4,512
"-1:-1|0:2|2:-2|2:-1",8301,4,493
"-1:-1|1:2|2:-2|2:-1",8302,4,447
"-1:-1|2:-2|2:-1|2:2",8303,4,376
"-2:-2|-1:1|0:1|0:2",8304,4,996
"-2:-2|-1:0|1:-1|2:0",8305,4,968
"-2:-2|-1:1|0:-2|0:2",8306,4,687
"-1:-2|0:-2|1:-1|2:2",8307,4,1007
"-1:-1|0:-2|1:-1|2:2",8308,4,1006
"-1:0|0:-2|1:-1|2:2",8309,4,1005
"-1:-1|0:2|1:1|2:-2",8310,4,1004
"-1:-2|0:2|1:1|2:-2",8311,4,812
"-2:-2|-1:1|0:2|2:2",8312,4,621
"-2:-1|0:-2|1:-1|2:2",8313,4,1010
"-2:-2|-1:1|0:2|2:0",8314,4,1009
"-2:-1|0:2|1:1|2:-2",8315,4,1008
"-2:-2|-1:1|0:2|2:-2",8316,4,867
"-1:-1|-1:0|1:0|2:-2",8317,4,964
"-1:-1|-1:0|2:-2|2:0",8318,4,682
"-1:-2|0:-1|1:-1|2:2",8319,4,1000
"-1:-1|-1:0|-1:1|2:-2",8320,4,999
"-1:-1|-1:0|0:1|2:-2",8321,4,998
"-1:-1|-1:0|1:1|2:-2",8322,4,997
"-1:-1|-1:0|2:-2|2:1",8323,4,807
"-2:-2|-1:0|-1:1|2:2",8324,4,932
"-1:-1|-1:0|-1:2|2:-2",8325,4,1003
"-1:-1|-1:0|0:2|2:-2",8326,4,1002
"-1:-1|-1:0|1:2|2:-2",8327,4,1001
"-1:-1|-1:0|2:-2|2:2",8328,4,864
"-1:-1|1:0|2:-2|2:0",8329,4,598
"-1:-2|0:1|1:-1|2:2",8330,4,969
"-1:-1|-1:1|1:0|2:-2",8331,4,965
"-1:-1|0:1|1:0|2:-2",8332,4,949
"-1:-1|0:-1|1:1|2:-2",8333,4,925
"-1:-1|1:0|2:-2|2:1",8334,4,737
"-2:-2|-1:0|1:-1|2:2",8335,4,970
"-1:-1|-1:2|1:0|2:-2",8336,4,966
"-1:-1|0:2|1:0|2:-2",8337,4,957
"-1:-1|1:0|1:2|2:-2",8338,4,936
"-1:-1|1:0|2:-2|2:2",8339,4,851
"-1:-2|0:2|1:-1|2:2",8340,4,688
"-1:-1|-1:1|2:-2|2:0",8341,4,683
"-1:-1|0:1|2:-2|2:0",8342,4,655
"-1:-1|0:-2|1:1|2:-2",8343,4,613
"-1:-1|2:-2|2:0|2:1",8344,4,555
"-2:-2|-1:1|0:-2|2:2",8345,4,689
"-1:-1|-1:2|2:-2|2:0",8346,4,684
"-1:-1|0:2|2:-2|2:0",8347,4,665
"-1:-1|1:2|2:-2|2:0",8348,4,627
"-1:-1|2:-2|2:0|2:2",8349,4,569
"-1:-2|-1:-1|1:-1|2:2",8350,4,1019
"-1:-2|-1:0|1:-1|2:2",8351,4,1015
"-1:-1|-1:2|1:1|2:-2",8352,4,1012
"-1:-2|-1:2|1:-1|2:2",8353,4,813
"-2:-2|-1:-2|1:-1|2:2",8354,4,441
"-2:-1|-1:-2|-1:1|2:2",8355,4,1025
"-2:-1|-1:1|0:-2|2:2",8356,4,1024
"-2:-1|-1:1|1:-2|2:2",8357,4,1023
"-2:-1|-1:1|2:-2|2:2",8358,4,868
"-1:-1|-1:0|1:-1|2:2",8359,4,1014
"-1:-1|-1:1|1:-1|2:2",8360,4,1011
"-1:-1|-1:1|2:-1|2:2",8361,4,808
"-2:-2|-1:-1|-1:1|2:2",8362,4,898
"-1:-1|-1:1|-1:2|2:-2",8363,4,1022
"-1:-1|-1:1|0:-2|2:2",8364,4,1021
"-1:-1|-1:1|1:-2|2:2",8365,4,1020
"-1:-1|-1:1|2:-2|2:2",8366,4,865
"-1:-1|-1:0|1:1|2:-2",8367,4,997
"-1:-1|0:1|2:-2|2:1",8368,4,786
"-2:-2|-1:0|1:-1|2:2",8369,4,970
"-1:-1|-1:2|0:1|2:-2",8370,4,1018
"-1:-1|0:1|0:2|2:-2",8371,4,1017
"-1:-1|0:1|1:2|2:-2",8372,4,1016
"-1:-1|0:1|2:-2|2:2",8373,4,859
"-1:-1|1:1|2:-2|2:1",8374,4,751
"-2:-2|-1:1|1:-1|2:2",8375,4,1013
"-1:-1|-1:2|1:1|2:-2",8376,4,1012
"-1:-1|0:2|1:1|2:-2",8377,4,1004
"-1:-1|1:1|1:2|2:-2",8378,4,989
"-1:-1|1:1|2:-2|2:2",8379,4,844
"-2:-1|-2:2|1:1|2:-2",8380,4,814
"-1:-1|-1:2|2:-2|2:1",8381,4,809
"-1:-1|0:2|2:-2|2:1",8382,4,796
"-1:-1|1:2|2:-2|2:1",8383,4,764
"-1:-1|2:-2|2:1|2:2",8384,4,378
"-2:-2|-1:-2|-1:1|2:2",8385,4,517
"-2:-2|-1:1|0:-2|2:2",8386,4,689
"-2:-1|-2:2|1:1|2:-2",8387,4,814
"-2:-2|-1:1|2:-2|2:2",8388,4,869
"-1:-1|-1:2|0:2|2:-2",8389,4,1028
"-1:-1|-1:2|1:2|2:-2",8390,4,1027
"-1:-1|-1:2|2:-2|2:2",8391,4,823
"-1:-1|0:2|1:2|2:-2",8392,4,1026
"-1:-1|0:2|2:-2|2:2",8393,4,698
"-1:-1|1:2|2:-2|2:2",8394,4,526
"-2:-2|-1:-2|-1:-1|-1:0",8395,4,398
"-2:-2|-1:-1|-1:0|0:2",8396,4,879
"-1:0|0:-1|1:-1|2:-2",8397,4,878
"-2:-2|-1:-1|-1:0|0:-1",8398,4,877
"-2:-2|-1:-1|-1:0|0:-2",8399,4,578
"-1:-2|1:0|1:1|2:2",8400,4,883
"-1:-1|0:1|1:1|2:2",8401,4,882
"-1:0|1:-1|1:0|2:-2",8402,4,881
"-1:-1|1:-1|1:0|2:-2",8403,4,880
"-1:-2|1:-1|1:0|2:-2",8404,4,718
"-2:-2|-1:-1|-1:0|2:2",8405,4,887
"-1:-2|0:1|1:1|2:2",8406,4,886
"-2:-2|-1:-1|-1:0|2:0",8407,4,885
"-2:-1|1:-1|1:0|2:-2",8408,4,884
"-2:-2|-1:-1|-1:0|2:-2",8409,4,840
"-2:-2|-1:-2|-1:0|0:2",8410,4,478
"-1:0|0:-1|2:-2|2:-1",8411,4,473
"-2:-2|-1:-2|-1:0|0:-1",8412,4,414
"-2:-2|-1:-2|-1:0|0:-2",8413,4,333
"-1:-2|1:0|1:2|2:2",8414,4,479
"-1:-1|0:1|2:1|2:2",8415,4,474
"-1:0|1:-2|1:0|2:-2",8416,4,469
"-1:-1|1:-2|1:0|2:-2",8417,4,429
"-1:-2|1:-2|1:0|2:-2",8418,4,353
"-2:-2|-1:-2|-1:0|2:2",8419,4,480
"-1:-2|0:1|2:1|2:2",8420,4,475
"-2:-2|-1:-2|-1:0|2:0",8421,4,470
"-2:-1|1:-2|1:0|2:-2",8422,4,443
"-2:-2|-1:-2|-1:0|2:-2",8423,4,372
"-2:-2|-1:0|0:1|0:2",8424,4,948
"-2:-2|-1:0|0:-1|0:2",8425,4,944
"-2:-2|-1:0|0:-2|0:2",8426,4,650
"-1:-2|0:-2|1:0|2:2",8427,4,960
"-1:-1|0:-2|1:0|2:2",8428,4,959
"-1:0|0:-2|1:0|2:2",8429,4,958
"-1:-1|0:2|1:0|2:-2",8430,4,957
"-1:-2|0:2|1:0|2:-2",8431,4,781
"-2:-2|-1:0|0:2|2:2",8432,4,663
"-2:-1|0:-2|1:0|2:2",8433,4,963
"-2:-2|-1:0|0:2|2:0",8434,4,962
"-2:-1|0:2|1:0|2:-2",8435,4,961
"-2:-2|-1:0|0:2|2:-2",8436,4,861
"-1:0|0:-1|1:0|2:-2",8437,4,943
"-1:0|0:-1|2:-2|2:0",8438,4,645
"-1:-2|0:-1|1:0|2:2",8439,4,952
"-1:-1|-1:0|0:1|2:2",8440,4,951
"-1:0|0:-1|0:1|2:-2",8441,4,950
"-1:-1|0:1|1:0|2:-2",8442,4,949
"-1:-2|0:1|1:0|2:-2",8443,4,776
"-2:-2|-1:0|0:1|2:2",8444,4,956
"-1:-2|-1:0|0:1|2:2",8445,4,955
"-1:0|0:-1|0:2|2:-2",8446,4,954
"-1:0|0:-1|1:2|2:-2",8447,4,953
"-1:0|0:-1|2:-2|2:2",8448,4,858
"-2:-2|-1:0|0:-2|0:-1",8449,4,594
"-1:-2|0:1|1:0|2:2",8450,4,946
"-1:-1|0:1|1:0|2:2",8451,4,945
"-1:0|0:-1|1:0|2:-2",8452,4,943
"-1:-1|0:-1|1:0|2:-2",8453,4,922
"-1:-2|0:-1|1:0|2:-2",8454,4,733
"-2:-2|-1:0|0:-1|2:2",8455,4,947
"-1:-2|0:1|1:0|2:2",8456,4,946
"-2:-2|-1:0|0:-1|0:2",8457,4,944
"-2:-1|0:-1|1:0|2:-2",8458,4,933
"-2:-2|-1:0|0:-1|2:-2",8459,4,850
"-1:-2|0:2|1:0|2:2",8460,4,651
"-1:-1|0:1|2:0|2:2",8461,4,646
"-1:0|0:-2|1:0|2:-2",8462,4,641
"-1:-1|0:-2|1:0|2:-2",8463,4,609
"-1:-2|0:-2|1:0|2:-2",8464,4,551
"-2:-2|-1:0|0:-2|2:2",8465,4,652
"-1:-2|0:1|2:0|2:2",8466,4,647
"-2:-2|-1:0|0:-2|2:0",8467,4,642
"-2:-1|0:-2|1:0|2:-2",8468,4,623
"-2:-2|-1:0|0:-2|2:-2",8469,4,567
"-1:-2|-1:-1|1:0|2:2",8470,4,977
"-1:-2|-1:0|1:0|2:2",8471,4,972
"-1:-1|-1:2|1:0|2:-2",8472,4,966
"-1:-2|-1:2|1:0|2:-2",8473,4,782
"-2:-2|-1:-2|1:0|2:2",8474,4,491
"-2:-1|-1:-2|0:1|2:2",8475,4,983
"-2:-1|0:-2|0:1|2:2",8476,4,982
"-2:-1|-1:2|1:0|2:-2",8477,4,981
"-2:-1|0:1|2:-2|2:2",8478,4,862
"-1:-1|-1:0|1:0|2:2",8479,4,971
"-1:-1|-1:1|1:0|2:-2",8480,4,965
"-1:-1|-1:2|1:0|2:2",8481,4,777
"-2:-2|-1:-1|0:1|2:2",8482,4,913
"-1:-2|-1:-1|0:1|2:2",8483,4,980
"-1:-1|0:-2|0:1|2:2",8484,4,979
"-1:-1|0:1|1:-2|2:2",8485,4,978
"-1:-1|0:1|2:-2|2:2",8486,4,859
"-1:-1|-1:0|1:0|2:-2",8487,4,964
"-1:-2|-1:0|1:0|2:-2",8488,4,773
"-2:-2|-1:0|1:0|2:2",8489,4,976
"-1:-2|0:-1|0:1|2:2",8490,4,975
"-2:-2|-1:0|1:0|2:0",8491,4,974
"-2:-1|-1:0|1:0|2:-2",8492,4,973
"-2:-2|-1:0|1:0|2:-2",8493,4,856
"-1:-2|-1:-1|1:0|2:-2",8494,4,747
"-2:-2|-1:0|1:-1|2:2",8495,4,970
"-1:-2|0:1|1:-1|2:2",8496,4,969
"-2:-2|-1:0|1:-1|2:0",8497,4,968
"-2:-1|-1:-1|1:0|2:-2",8498,4,967
"-2:-2|-1:-1|1:0|2:-2",8499,4,841
"-2:-1|-2:2|0:1|2:-2",8500,4,783
"-1:-2|0:1|2:-1|2:2",8501,4,778
"-2:-1|-2:2|0:-2|0:1",8502,4,774
"-2:-1|-1:-2|1:0|2:-2",8503,4,760
"-2:-2|-1:-2|1:0|2:-2",8504,4,373
"-2:-2|-1:-2|0:1|2:2",8505,4,524
"-2:-2|-1:0|2:0|2:2",8506,4,696
"-2:-1|-2:2|1:0|2:-2",8507,4,821
"-2:-2|-1:0|2:-2|2:2",8508,4,863
"-1:-2|0:-2|0:1|2:2",8509,4,986
"-1:-2|0:1|1:-2|2:2",8510,4,985
"-1:-2|0:1|2:-2|2:2",8511,4,817
"-2:-1|-2:0|1:0|2:-2",8512,4,984
"-2:-2|-1:0|2:-2|2:0",8513,4,692
"-2:-2|-1:0|2:-2|2:-1",8514,4,520
"-2:-2|-1:-2|-1:-1|0:2",8515,4,408
"-1:0|1:-1|2:-2|2:-1",8516,4,403
"-2:-2|-1:-2|-1:-1|0:-1",8517,4,394
"-2:-2|-1:-2|-1:-1|0:-2",8518,4,328
"-1:-2|1:1|1:2|2:2",8519,4,409
"-1:-1|1:1|1:2|2:2",8520,4,404
"-1:0|1:-2|1:-1|2:-2",8521,4,399
"-1:-1|1:-2|1:-1|2:-2",8522,4,395
"-1:-2|1:-2|1:-1|2:-2",8523,4,348
"-2:-2|-1:-2|-1:-1|2:2",8524,4,410
"-1:-2|1:1|2:1|2:2",8525,4,405
"-2:-2|-1:-2|-1:-1|2:0",8526,4,400
"-2:-1|1:-2|1:-1|2:-2",8527,4,396
"-2:-2|-1:-2|-1:-1|2:-2",8528,4,367
"-2:-2|-1:-1|0:1|0:2",8529,4,907
"-2:-2|-1:-1|-1:0|2:0",8530,4,885
"-2:-2|-1:-1|0:-2|0:2",8531,4,588
"-1:-2|0:-2|1:1|2:2",8532,4,915
"-1:-1|0:-2|1:1|2:2",8533,4,914
"-1:0|0:-2|1:1|2:2",8534,4,911
"-1:-1|0:2|1:-1|2:-2",8535,4,896
"-1:-2|0:2|1:-1|2:-2",8536,4,728
"-2:-2|-1:-1|0:2|2:2",8537,4,702
"-2:-1|0:-2|1:1|2:2",8538,4,917
"-2:-2|-1:-1|0:2|2:0",8539,4,916
"-2:-1|0:2|1:-1|2:-2",8540,4,905
"-2:-2|-1:-1|0:2|2:-2",8541,4,847
"-1:0|1:-1|1:0|2:-2",8542,4,881
"-1:0|1:-1|2:-2|2:0",8543,4,583
"-1:-2|0:-1|1:1|2:2",8544,4,910
"-1:-1|-1:0|1:1|2:2",8545,4,909
"-1:0|0:-1|1:1|2:2",8546,4,908
"-1:-1|0:1|1:-1|2:-2",8547,4,892
"-1:-2|0:1|1:-1|2:-2",8548,4,723
"-2:-2|-1:-1|0:1|2:2",8549,4,913
"-1:-2|-1:0|1:1|2:2",8550,4,912
"-1:0|0:-2|1:1|2:2",8551,4,911
"-1:0|1:-1|1:2|2:-2",8552,4,901
"-1:0|1:-1|2:-2|2:2",8553,4,843
"-2:-2|-1:-1|0:-2|0:-1",8554,4,574
"-1:-2|0:1|1:1|2:2",8555,4,886
"-1:-1|0:1|1:1|2:2",8556,4,882
"-1:0|0:-1|1:-1|2:-2",8557,4,878
"-1:-1|0:-1|1:-1|2:-2",8558,4,875
"-1:-2|0:-1|1:-1|2:-2",8559,4,715
"-2:-2|-1:-1|-1:0|2:2",8560,4,887
"-1:-2|1:0|1:1|2:2",8561,4,883
"-2:-2|-1:-1|-1:0|0:2",8562,4,879
"-2:-1|0:-1|1:-1|2:-2",8563,4,876
"-2:-2|-1:-1|0:-1|2:-2",8564,4,838
"-1:-2|0:2|1:1|2:2",8565,4,589
"-1:-1|0:2|1:1|2:2",8566,4,584
"-1:0|0:-2|1:-1|2:-2",8567,4,579
"-1:-1|0:-2|1:-1|2:-2",8568,4,575
"-1:-2|0:-2|1:-1|2:-2",8569,4,546
"-2:-2|-1:-1|0:-2|2:2",8570,4,590
"-1:-2|1:1|2:0|2:2",8571,4,585
"-2:-2|-1:-1|0:-2|2:0",8572,4,580
"-2:-1|0:-2|1:-1|2:-2",8573,4,576
"-2:-2|-1:-1|0:-2|2:-2",8574,4,564
"-1:-2|-1:-1|1:1|2:2",8575,4,918
"-1:-2|-1:0|1:1|2:2",8576,4,912
"-1:-1|-1:2|1:-1|2:-2",8577,4,897
"-1:-2|-1:2|1:-1|2:-2",8578,4,729
"-2:-2|-1:-1|1:2|2:2",8579,4,530
"-2:-1|-1:-2|1:1|2:2",8580,4,920
"-2:-1|0:-2|1:1|2:2",8581,4,917
"-2:-1|-1:2|1:-1|2:-2",8582,4,906
"-2:-1|1:1|2:-2|2:2",8583,4,848
"-1:-1|-1:0|1:1|2:2",8584,4,909
"-1:-1|-1:1|1:-1|2:-2",8585,4,893
"-1:-1|-1:2|1:1|2:2",8586,4,724
"-2:-2|-1:-1|1:1|2:2",8587,4,919
"-1:-2|-1:-1|1:1|2:2",8588,4,918
"-1:-1|0:-2|1:1|2:2",8589,4,914
"-1:-1|1:-2|1:1|2:2",8590,4,902
"-1:-1|1:1|2:-2|2:2",8591,4,844
"-1:-1|-1:0|1:-1|2:-2",8592,4,889
"-1:-2|-1:0|1:-1|2:-2",8593,4,719
"-2:-2|-1:-1|0:1|2:2",8594,4,913
"-1:-2|0:-1|1:1|2:2",8595,4,910
"-2:-2|-1:-1|0:1|0:2",8596,4,907
"-2:-1|-1:0|1:-1|2:-2",8597,4,899
"-2:-2|-1:-1|1:0|2:-2",8598,4,841
"-1:-2|-1:-1|1:-1|2:-2",8599,4,716
"-2:-2|-1:-1|-1:1|2:2",8600,4,898
"-1:-2|1:-1|1:1|2:2",8601,4,894
"-2:-2|-1:-1|-1:1|0:2",8602,4,890
"-2:-1|-1:-1|1:-1|2:-2",8603,4,888
"-2:-2|-1:-1|1:-1|2:-2",8604,4,839
"-2:-1|-2:2|-1:1|2:-2",8605,4,730
"-1:-2|1:1|2:-1|2:2",8606,4,725
"-2:-1|-2:2|-1:1|0:-2",8607,4,720
"-2:-1|-1:-2|1:-1|2:-2",8608,4,717
"-2:-2|-1:-1|1:-2|2:-2",8609,4,369
"-2:-2|-1:-1|1:2|2:2",8610,4,530
"-2:-2|-1:-1|0:2|2:2",8611,4,702
"-2:-1|-2:2|1:-1|2:-2",8612,4,827
"-2:-2|-1:-1|2:-2|2:2",8613,4,849
"-1:-2|0:-2|1:1|2:2",8614,4,915
"-1:-2|1:-2|1:1|2:2",8615,4,903
"-1:-2|1:1|2:-2|2:2",8616,4,810
"-2:-1|-2:0|1:-1|2:-2",8617,4,900
"-2:-2|-1:-1|2:-2|2:0",8618,4,685
"-2:-2|-1:-1|2:-2|2:-1",8619,4,513
"-2:-2|-1:-2|0:1|0:2",8620,4,522
"-2:-2|-1:-2|0:-1|0:2",8621,4,424
"-2:-2|-1:-2|0:-2|0:2",8622,4,343
"-1:-2|0:-2|1:2|2:2",8623,4,543
"-1:-1|0:-2|1:2|2:2",8624,4,528
"-1:0|0:-2|1:2|2:2",8625,4,489
"-1:-1|0:2|1:-2|2:-2",8626,4,439
"-1:-2|0:2|1:-2|2:-2",8627,4,363
"-2:-2|-1:-2|0:2|2:2",8628,4,544
"-2:-1|0:-2|1:2|2:2",8629,4,533
"-2:-2|-1:-2|0:2|2:0",8630,4,499
"-2:-1|0:2|1:-2|2:-2",8631,4,453
"-2:-2|-1:-2|0:2|2:-2",8632,4,382
"-1:0|1:0|2:-2|2:-1",8633,4,419
"-1:0|2:-2|2:-1|2:0",8634,4,338
"-1:-2|0:-1|1:2|2:2",8635,4,523
"-1:-1|-1:0|2:1|2:2",8636,4,518
"-1:0|0:-1|1:2|2:2",8637,4,484
"-1:-1|0:1|1:-2|2:-2",8638,4,434
"-1:-2|0:1|1:-2|2:-2",8639,4,358
"-2:-2|-1:-2|0:1|2:2",8640,4,524
"-1:-2|-1:0|2:1|2:2",8641,4,519
"-1:0|0:-2|2:1|2:2",8642,4,494
"-1:0|1:-2|2:1|2:2",8643,4,448
"-1:0|2:-2|2:-1|2:2",8644,4,377
"-2:-2|-1:-2|0:-2|0:-1",8645,4,329
"-1:-2|0:1|1:2|2:2",8646,4,425
"-1:-1|0:1|1:2|2:2",8647,4,420
"-1:0|0:-1|1:-2|2:-2",8648,4,415
"-1:-1|0:-1|1:-2|2:-2",8649,4,411
"-1:-2|0:-1|1:-2|2:-2",8650,4,349
"-2:-2|-1:-2|0:-1|2:2",8651,4,426
"-1:-2|1:0|2:1|2:2",8652,4,421
"-2:-2|-1:-2|0:-1|2:0",8653,4,416
"-2:-1|0:-1|1:-2|2:-2",8654,4,412
"-2:-2|-1:-2|0:-1|2:-2",8655,4,368
"-1:-2|0:2|1:2|2:2",8656,4,344
"-1:-1|0:2|1:2|2:2",8657,4,339
"-1:0|0:-2|1:-2|2:-2",8658,4,334
"-1:-1|0:-2|1:-2|2:-2",8659,4,330
"-1:-2|0:-2|1:-2|2:-2",8660,4,325
"-2:-2|-1:-2|0:-2|2:2",8661,4,345
"-1:-2|2:0|2:1|2:2",8662,4,340
"-2:-2|-1:-2|0:-2|2:0",8663,4,335
"-2:-1|0:-2|1:-2|2:-2",8664,4,331
"-2:-2|-1:-2|0:-2|2:-2",8665,4,326
"-1:-2|-1:-1|1:2|2:2",8666,4,529
"-1:-2|-1:0|1:2|2:2",8667,4,490
"-1:-1|-1:2|1:-2|2:-2",8668,4,440
"-1:-2|-1:2|1:-2|2:-2",8669,4,364
"-2:-2|-1:-2|1:2|2:2",8670,4,545
"-2:-1|-1:-2|1:2|2:2",8671,4,534
"-2:-1|0:-2|2:1|2:2",8672,4,500
"-2:-1|-1:2|1:-2|2:-2",8673,4,454
"-2:-1|2:-2|2:1|2:2",8674,4,383
"-1:-1|-1:0|1:2|2:2",8675,4,485
"-1:-1|-1:1|1:-2|2:-2",8676,4,435
"-1:-1|-1:2|1:2|2:2",8677,4,359
"-2:-2|-1:-1|1:2|2:2",8678,4,530
"-1:-2|-1:-1|2:1|2:2",8679,4,525
"-1:-1|0:-2|2:1|2:2",8680,4,495
"-1:-1|1:-2|2:1|2:2",8681,4,449
"-1:-1|2:-2|2:1|2:2",8682,4,378
"-1:-1|-1:0|1:-2|2:-2",8683,4,430
"-1:-2|-1:0|1:-2|2:-2",8684,4,354
"-2:-2|-1:-2|1:0|2:2",8685,4,491
"-1:-2|0:-1|2:1|2:2",8686,4,486
"-2:-2|-1:-2|1:0|2:0",8687,4,481
"-2:-1|-1:0|1:-2|2:-2",8688,4,444
"-2:-2|-1:-2|1:0|2:-2",8689,4,373
"-1:-2|-1:-1|1:-2|2:-2",8690,4,350
"-2:-2|-1:-2|1:-1|2:2",8691,4,441
"-1:-2|1:-1|2:1|2:2",8692,4,436
"-2:-2|-1:-2|1:-1|2:0",8693,4,431
"-2:-1|-1:-1|1:-2|2:-2",8694,4,427
"-2:-2|-1:-1|1:-2|2:-2",8695,4,369
"-2:-1|-2:1|-2:2|2:-2",8696,4,365
"-1:-2|2:-1|2:1|2:2",8697,4,360
"-2:-1|-2:1|-2:2|0:-2",8698,4,355
"-2:-1|-1:-2|1:-2|2:-2",8699,4,351
"-2:-2|-1:-2|1:-2|2:-2",8700,4,346
"-2:-2|-1:-2|2:1|2:2",8701,4,535
"-2:-2|-1:-2|2:0|2:2",8702,4,501
"-2:-1|-2:2|1:-2|2:-2",8703,4,455
"-2:-2|-1:-2|2:-2|2:2",8704,4,384
"-1:-2|0:-2|2:1|2:2",8705,4,496
"-1:-2|1:-2|2:1|2:2",8706,4,450
"-1:-2|2:-2|2:1|2:2",8707,4,379
"-2:-1|-2:0|1:-2|2:-2",8708,4,445
"-2:-2|-1:-2|2:-2|2:0",8709,4,374
"-2:-2|-1:-2|2:-2|2:-1",8710,4,370
"-2:-2|-1:0|1:0|2:0",8711,4,974
"-2:-2|-2:0|1:0|2:0",8712,4,694
"-1:-2|0:-2|0:-1|2:2",8713,4,1056
"-1:-1|0:-2|0:-1|2:2",8714,4,1055
"-1:0|0:-2|0:-1|2:2",8715,4,1054
"-1:-1|0:1|0:2|2:-2",8716,4,1017
"-1:-2|0:1|0:2|2:-2",8717,4,819
"-2:-2|-2:0|-1:0|2:2",8718,4,606
"-2:-1|0:-2|0:-1|2:2",8719,4,1058
"-2:-2|0:1|0:2|2:0",8720,4,1057
"-2:-1|0:1|0:2|2:-2",8721,4,1044
"-2:-2|-2:2|1:0|2:0",8722,4,871
"-2:-2|-2:0|-1:0|2:0",8723,4,604
"-1:-2|0:-2|0:1|2:2",8724,4,986
"-1:-1|0:-2|0:1|2:2",8725,4,979
"-1:0|0:-1|0:2|2:-2",8726,4,954
"-1:-1|0:-1|0:2|2:-2",8727,4,930
"-1:-2|0:-1|0:2|2:-2",8728,4,743
"-2:-2|-1:0|2:0|2:2",8729,4,696
"-2:-1|0:-2|0:1|2:2",8730,4,982
"-2:-2|-1:0|0:2|2:0",8731,4,962
"-2:-1|0:-1|0:2|2:-2",8732,4,941
"-2:-2|-2:2|-1:0|2:0",8733,4,855
"-1:-2|0:-2|0:2|2:2",8734,4,713
"-1:-1|0:-2|0:2|2:2",8735,4,700
"-1:0|0:-2|0:2|2:-2",8736,4,661
"-1:-1|0:-2|0:2|2:-2",8737,4,619
"-1:-2|0:-2|0:2|2:-2",8738,4,561
"-2:-2|-2:0|2:0|2:2",8739,4,714
"-2:-1|0:-2|0:2|2:2",8740,4,705
"-2:-2|-2:0|0:2|2:0",8741,4,671
"-2:-1|0:-2|0:2|2:-2",8742,4,633
"-2:-2|-2:0|-2:2|2:0",8743,4,573
"-1:-2|-1:-1|0:-2|2:2",8744,4,1067
"-1:-2|-1:0|0:-2|2:2",8745,4,1066
"-1:-1|-1:2|0:2|2:-2",8746,4,1028
"-1:-2|-1:2|0:-2|2:2",8747,4,837
"-2:-2|-1:-2|0:-2|2:2",8748,4,345
"-2:-1|-1:-2|0:-2|2:2",8749,4,1071
"-2:-1|-2:0|0:-2|2:2",8750,4,1070
"-2:-1|-1:2|0:2|2:-2",8751,4,1053
"-2:-1|-2:0|2:-2|2:2",8752,4,873
"-1:-1|-1:0|0:-2|2:2",8753,4,1062
"-1:-1|-1:1|0:-2|2:2",8754,4,1021
"-1:-1|-1:2|0:-2|2:2",8755,4,825
"-2:-2|-1:-1|0:-2|2:2",8756,4,590
"-2:-1|-1:-1|0:-2|2:2",8757,4,1069
"-2:-2|0:2|1:1|2:0",8758,4,1068
"-2:-1|-1:1|0:2|2:-2",8759,4,1048
"-2:-2|-1:1|0:2|2:-2",8760,4,867
"-1:-1|-1:0|0:2|2:-2",8761,4,1002
"-1:-2|-1:0|0:2|2:-2",8762,4,792
"-2:-2|-1:0|0:-2|2:2",8763,4,652
"-2:-1|-1:0|0:-2|2:2",8764,4,1064
"-2:-2|0:1|0:2|2:0",8765,4,1057
"-2:-1|-1:0|0:2|2:-2",8766,4,1034
"-2:-2|-1:0|0:2|2:-2",8767,4,861
"-1:-2|-1:-1|0:2|2:-2",8768,4,757
"-2:-2|-1:1|0:-2|2:2",8769,4,689
"-2:-1|-1:1|0:-2|2:2",8770,4,1024
"-2:-2|-1:1|0:2|2:0",8771,4,1009
"-2:-1|-1:-1|0:2|2:-2",8772,4,994
"-2:-2|-1:-1|0:2|2:-2",8773,4,847
"-2:-1|-2:2|2:-2|2:0",8774,4,712
"-2:-1|-1:2|0:-2|2:2",8775,4,830
"-2:-1|-2:2|0:-2|2:0",8776,4,802
"-2:-1|-1:-2|0:2|2:-2",8777,4,770
"-2:-2|-1:-2|0:2|2:-2",8778,4,382
"-2:-2|-2:-1|0:-2|2:2",8779,4,468
"-2:-2|-2:0|0:-2|2:2",8780,4,640
"-2:-1|-2:2|0:2|2:-2",8781,4,681
"-2:-2|-2:0|2:-2|2:2",8782,4,709
"-2:-1|-2:0|0:-2|2:2",8783,4,1070
"-2:-1|-2:1|0:-2|2:2",8784,4,1051
"-2:-1|-2:2|0:-2|2:2",8785,4,800
"-2:-1|-2:0|0:2|2:-2",8786,4,1040
"-2:-2|-2:0|0:2|2:-2",8787,4,669
"-2:-2|-2:-1|0:2|2:-2",8788,4,497
"-1:0|1:0|2:-2|2:0",8789,4,599
"-1:-2|0:-1|0:1|2:2",8790,4,975
"-1:-1|-1:0|1:0|2:2",8791,4,971
"-1:0|0:-1|0:1|2:-2",8792,4,950
"-1:-1|0:-1|0:1|2:-2",8793,4,926
"-1:-2|0:-1|0:1|2:-2",8794,4,738
"-2:-2|-1:0|1:0|2:2",8795,4,976
"-1:-2|-1:0|1:0|2:2",8796,4,972
"-1:0|0:-2|1:0|2:2",8797,4,958
"-1:0|1:-2|1:0|2:2",8798,4,937
"-1:0|1:0|2:-2|2:2",8799,4,852
"-1:-2|0:-1|0:2|2:2",8800,4,695
"-1:-1|-1:0|2:0|2:2",8801,4,690
"-1:0|0:-1|0:2|2:2",8802,4,656
"-1:-1|0:-2|0:1|2:-2",8803,4,614
"-1:-2|0:-2|0:1|2:-2",8804,4,556
"-2:-2|-1:0|2:0|2:2",8805,4,696
"-1:-2|-1:0|2:0|2:2",8806,4,691
"-1:0|0:-2|2:0|2:2",8807,4,666
"-1:0|1:-2|2:0|2:2",8808,4,628
"-1:0|2:-2|2:0|2:2",8809,4,570
"-1:-2|-1:-1|0:-1|2:2",8810,4,1061
"-1:-2|-1:0|0:-1|2:2",8811,4,1060
"-1:-1|-1:2|0:1|2:-2",8812,4,1018
"-1:-2|-1:2|0:-1|2:2",8813,4,820
"-2:-2|-1:-2|0:-1|2:2",8814,4,426
"-2:-1|-1:-2|-1:0|2:2",8815,4,1065
"-2:-1|-1:0|0:-2|2:2",8816,4,1064
"-2:-1|-1:0|1:-2|2:2",8817,4,1045
"-2:-1|-1:0|2:-2|2:2",8818,4,870
"-1:-1|-1:0|0:-1|2:2",8819,4,1059
"-1:-1|-1:0|1:-1|2:2",8820,4,1014
"-1:-1|-1:0|2:-1|2:2",8821,4,815
"-2:-2|-1:-1|-1:0|2:2",8822,4,887
"-1:-2|-1:-1|-1:0|2:2",8823,4,1063
"-1:-1|-1:0|0:-2|2:2",8824,4,1062
"-1:-1|-1:0|1:-2|2:2",8825,4,1042
"-1:-1|-1:0|2:-2|2:2",8826,4,864
"-1:-1|-1:0|0:1|2:-2",8827,4,998
"-1:-2|-1:0|0:1|2:-2",8828,4,787
"-2:-2|-1:0|0:-1|2:2",8829,4,947
"-1:-2|-1:0|0:-1|2:2",8830,4,1060
"-1:0|0:-2|0:-1|2:2",8831,4,1054
"-1:0|0:-1|1:-2|2:2",8832,4,1030
"-1:0|0:-1|2:-2|2:2",8833,4,858
"-1:-2|-1:-1|0:1|2:-2",8834,4,752
"-2:-2|-1:0|1:-1|2:2",8835,4,970
"-1:-2|-1:0|1:-1|2:2",8836,4,1015
"-1:0|0:-2|1:-1|2:2",8837,4,1005
"-1:0|1:-2|1:-1|2:2",8838,4,990
"-1:0|1:-1|2:-2|2:2",8839,4,843
"-2:-1|-2:2|1:0|2:-2",8840,4,821
"-1:-2|-1:0|2:-1|2:2",8841,4,816
"-1:0|0:-2|2:-1|2:2",8842,4,797
"-1:0|1:-2|2:-1|2:2",8843,4,765
"-1:0|2:-2|2:-1|2:2",8844,4,377
"-2:-2|-1:-2|-1:0|2:2",8845,4,480
"-2:-2|-1:0|0:-2|2:2",8846,4,652
"-2:-1|-2:2|0:1|2:-2",8847,4,783
"-2:-2|-1:0|2:-2|2:2",8848,4,863
"-1:-2|-1:0|0:-2|2:2",8849,4,1066
"-1:-2|-1:0|1:-2|2:2",8850,4,1043
"-1:-2|-1:0|2:-2|2:2",8851,4,790
"-1:0|0:-2|1:-2|2:2",8852,4,1036
"-1:0|0:-2|2:-2|2:2",8853,4,659
"-1:0|1:-2|2:-2|2:2",8854,4,487
"-1:-2|0:1|0:2|2:2",8855,4,605
"-1:-1|0:1|0:2|2:2",8856,4,600
"-1:0|0:-2|0:-1|2:-2",8857,4,595
"-1:-1|0:-2|0:-1|2:-2",8858,4,591
"-1:-2|0:-2|0:-1|2:-2",8859,4,547
"-2:-2|-2:0|-1:0|2:2",8860,4,606
"-1:-2|1:0|2:0|2:2",8861,4,601
"-2:-2|-2:0|-1:0|0:2",8862,4,596
"-2:-1|0:-2|0:-1|2:-2",8863,4,592
"-2:-2|-2:0|-2:2|-1:0",8864,4,565
"-1:-2|-1:-1|0:1|2:2",8865,4,980
"-1:-2|-1:0|0:1|2:2",8866,4,955
"-1:-1|-1:2|0:-1|2:-2",8867,4,931
"-1:-2|-1:2|0:-1|2:-2",8868,4,744
"-2:-2|-1:-2|0:1|2:2",8869,4,524
"-2:-1|-1:-2|0:1|2:2",8870,4,983
"-2:-1|0:-2|1:0|2:2",8871,4,963
"-2:-1|-1:2|0:-1|2:-2",8872,4,942
"-2:-1|1:0|2:-2|2:2",8873,4,854
"-1:-1|-1:0|0:1|2:2",8874,4,951
"-1:-1|-1:1|0:-1|2:-2",8875,4,927
"-1:-1|-1:2|0:1|2:2",8876,4,739
"-2:-2|-1:-1|0:1|2:2",8877,4,913
"-1:-2|-1:-1|1:0|2:2",8878,4,977
"-1:-1|0:-2|1:0|2:2",8879,4,959
"-1:-1|1:-2|1:0|2:2",8880,4,938
"-1:-1|1:0|2:-2|2:2",8881,4,851
"-1:-1|-1:0|0:-1|2:-2",8882,4,923
"-1:-2|-1:0|0:-1|2:-2",8883,4,734
"-2:-2|-1:0|0:1|2:2",8884,4,956
"-1:-2|0:-1|1:0|2:2",8885,4,952
"-2:-2|-1:0|0:1|0:2",8886,4,948
"-2:-1|-1:0|0:-1|2:-2",8887,4,934
"-2:-2|-1:0|0:-1|2:-2",8888,4,850
"-1:-2|-1:-1|0:-1|2:-2",8889,4,731
"-2:-2|-1:0|-1:1|2:2",8890,4,932
"-1:-2|1:-1|1:0|2:2",8891,4,928
"-2:-2|-1:0|-1:1|0:2",8892,4,924
"-2:-1|-1:-1|0:-1|2:-2",8893,4,921
"-2:-2|-1:-1|0:-1|2:-2",8894,4,838
"-2:-1|-2:2|-1:0|2:-2",8895,4,745
"-1:-2|1:0|2:-1|2:2",8896,4,740
"-2:-1|-2:2|-1:0|0:-2",8897,4,735
"-2:-1|-1:-2|0:-1|2:-2",8898,4,732
"-2:-2|-1:-2|0:-1|2:-2",8899,4,368
"-2:-2|-1:-2|1:0|2:2",8900,4,491
"-2:-2|-1:0|0:2|2:2",8901,4,663
"-2:-1|-2:2|0:-1|2:-2",8902,4,794
"-2:-2|-2:2|-1:0|2:-2",8903,4,853
"-1:-2|0:-2|1:0|2:2",8904,4,960
"-1:-2|1:-2|1:0|2:2",8905,4,939
"-1:-2|1:0|2:-2|2:2",8906,4,779
"-2:-1|-2:0|0:-1|2:-2",8907,4,935
"-2:-2|-2:0|0:-1|2:-2",8908,4,648
"-2:-2|-2:-1|0:-1|2:-2",8909,4,476
"-1:-2|-1:-1|0:2|2:2",8910,4,701
"-1:-2|-1:0|0:2|2:2",8911,4,662
"-1:-1|-1:2|0:-2|2:-2",8912,4,620
"-1:-2|-1:2|0:-2|2:-2",8913,4,562
"-2:-2|-1:-2|0:2|2:2",8914,4,544
"-2:-1|-1:-2|0:2|2:2",8915,4,706
"-2:-1|0:-2|2:0|2:2",8916,4,672
"-2:-1|-1:2|0:-2|2:-2",8917,4,634
"-2:-1|2:-2|2:0|2:2",8918,4,572
"-1:-1|-1:0|0:2|2:2",8919,4,657
"-1:-1|-1:1|0:-2|2:-2",8920,4,615
"-1:-1|-1:2|0:2|2:2",8921,4,557
"-2:-2|-1:-1|0:2|2:2",8922,4,702
"-1:-2|-1:-1|2:0|2:2",8923,4,697
"-1:-1|0:-2|2:0|2:2",8924,4,667
"-1:-1|1:-2|2:0|2:2",8925,4,629
"-1:-1|2:-2|2:0|2:2",8926,4,569
"-1:-1|-1:0|0:-2|2:-2",8927,4,610
"-1:-2|-1:0|0:-2|2:-2",8928,4,552
"-2:-2|-1:0|0:2|2:2",8929,4,663
"-1:-2|0:-1|2:0|2:2",8930,4,658
"-2:-2|-2:0|0:1|0:2",8931,4,653
"-2:-1|-1:0|0:-2|2:-2",8932,4,624
"-2:-2|-1:0|0:-2|2:-2",8933,4,567
"-1:-2|-1:-1|0:-2|2:-2",8934,4,548
"-2:-2|-1:1|0:2|2:2",8935,4,621
"-1:-2|1:-1|2:0|2:2",8936,4,616
"-2:-2|-2:0|-1:1|0:2",8937,4,611
"-2:-1|-1:-1|0:-2|2:-2",8938,4,607
"-2:-2|-1:-1|0:-2|2:-2",8939,4,564
"-2:-1|-2:0|-2:2|2:-2",8940,4,563
"-1:-2|2:-1|2:0|2:2",8941,4,558
"-2:-1|-2:0|-2:2|0:-2",8942,4,553
"-2:-1|-1:-2|0:-2|2:-2",8943,4,549
"-2:-2|-1:-2|0:-2|2:-2",8944,4,326
"-2:-2|-1:-2|2:0|2:2",8945,4,501
"-2:-2|-2:0|0:2|2:2",8946,4,673
"-2:-1|-2:2|0:-2|2:-2",8947,4,635
"-2:-2|-2:0|-2:2|2:-2",8948,4,571
"-1:-2|0:-2|2:0|2:2",8949,4,668
"-1:-2|1:-2|2:0|2:2",8950,4,630
"-1:-2|2:-2|2:0|2:2",8951,4,568
"-2:-1|-2:0|0:-2|2:-2",8952,4,625
"-2:-2|-2:0|-2:2|0:-2",8953,4,566
"-2:-2|-2:-1|0:-2|2:-2",8954,4,464
"-1:-2|-1:-1|-1:0|2:2",8955,4,1063
"-1:-1|-1:1|-1:2|2:-2",8956,4,1022
"-1:-2|-1:-1|-1:2|2:2",8957,4,826
"-2:-2|-1:-2|-1:-1|2:2",8958,4,410
"-2:-1|-1:-2|-1:-1|2:2",8959,4,1072
"-2:-1|-1:-1|0:-2|2:2",8960,4,1069
"-2:-1|-1:-1|1:-2|2:2",8961,4,1049
"-2:-1|-1:-1|2:-2|2:2",8962,4,866
"-1:-1|-1:0|-1:2|2:-2",8963,4,1003
"-1:-2|-1:0|-1:2|2:-2",8964,4,793
"-2:-2|-1:-2|-1:0|2:2",8965,4,480
"-2:-1|-1:-2|-1:0|2:2",8966,4,1065
"-2:-1|0:-2|0:-1|2:2",8967,4,1058
"-2:-1|-1:0|-1:2|2:-2",8968,4,1035
"-2:-1|0:-1|2:-2|2:2",8969,4,860
"-1:-2|-1:-1|-1:2|2:-2",8970,4,758
"-2:-2|-1:-2|-1:1|2:2",8971,4,517
"-2:-1|-1:-2|-1:1|2:2",8972,4,1025
"-2:-1|0:-2|1:-1|2:2",8973,4,1010
"-2:-1|-1:-1|-1:2|2:-2",8974,4,995
"-2:-1|1:-1|2:-2|2:2",8975,4,846
"-2:-1|-2:2|2:-2|2:-1",8976,4,542
"-2:-1|-1:-2|-1:2|2:2",8977,4,831
"-2:-1|-2:2|0:-2|2:-1",8978,4,803
"-2:-1|-1:-2|-1:2|2:-2",8979,4,771
"-2:-1|2:-2|2:-1|2:2",8980,4,381
"-2:-2|-2:-1|-1:-2|2:2",8981,4,393
"-2:-2|-2:-1|0:-2|2:2",8982,4,468
"-2:-1|-2:2|-1:2|2:-2",8983,4,509
"-2:-2|-2:-1|2:-2|2:2",8984,4,539
"-2:-1|-1:-2|0:-2|2:2",8985,4,1071
"-2:-1|-1:-2|1:-2|2:2",8986,4,1052
"-2:-1|-1:-2|2:-2|2:2",8987,4,768
"-2:-1|-2:0|-1:2|2:-2",8988,4,1041
"-2:-1|0:-2|2:-2|2:2",8989,4,631
"-2:-1|1:-2|2:-2|2:2",8990,4,451
"-1:-1|-1:0|-1:1|2:-2",8991,4,999
"-1:-1|-1:0|-1:2|2:2",8992,4,788
"-2:-2|-1:-1|-1:0|2:2",8993,4,887
"-1:-2|-1:-1|0:-1|2:2",8994,4,1061
"-1:-1|0:-2|0:-1|2:2",8995,4,1055
"-1:-1|0:-1|1:-2|2:2",8996,4,1031
"-1:-1|0:-1|2:-2|2:2",8997,4,857
"-1:-1|-1:1|-1:2|2:2",8998,4,753
"-2:-2|-1:-1|-1:1|2:2",8999,4,898
"-1:-2|-1:-1|1:-1|2:2",9000,4,1019
"-1:-1|0:-2|1:-1|2:2",9001,4,1006
"-1:-1|1:-2|1:-1|2:2",9002,4,991
"-1:-1|1:-1|2:-2|2:2",9003,4,842
"-2:-1|-2:2|1:-1|2:-2",9004,4,827
"-1:-2|-1:-1|2:-1|2:2",9005,4,822
"-1:-1|0:-2|2:-1|2:2",9006,4,798
"-1:-1|1:-2|2:-1|2:2",9007,4,766
"-1:-1|2:-2|2:-1|2:2",9008,4,376
"-2:-2|-1:-2|-1:-1|2:2",9009,4,410
"-2:-2|-1:-1|0:-2|2:2",9010,4,590
"-2:-1|-2:2|-1:1|2:-2",9011,4,730
"-2:-2|-1:-1|2:-2|2:2",9012,4,849
"-1:-2|-1:-1|0:-2|2:2",9013,4,1067
"-1:-2|-1:-1|1:-2|2:2",9014,4,1046
"-1:-2|-1:-1|2:-2|2:2",9015,4,755
"-1:-1|0:-2|1:-2|2:2",9016,4,1037
"-1:-1|0:-2|2:-2|2:2",9017,4,617
"-1:-1|1:-2|2:-2|2:2",9018,4,437
"-1:-2|-1:-1|-1:0|2:-2",9019,4,748
"-2:-2|-1:0|-1:1|2:2",9020,4,932
"-1:-2|0:-1|1:-1|2:2",9021,4,1000
"-2:-2|-1:1|0:1|0:2",9022,4,996
"-2:-1|-1:-1|-1:0|2:-2",9023,4,987
"-2:-2|-1:-1|-1:0|2:-2",9024,4,840
"-2:-1|-2:2|0:-1|2:-2",9025,4,794
"-1:-2|0:-1|2:-1|2:2",9026,4,789
"-2:-1|-2:2|0:-2|0:-1",9027,4,784
"-2:-1|-1:-2|-1:0|2:-2",9028,4,761
"-2:-2|-1:-2|-1:0|2:-2",9029,4,372
"-2:-2|-1:-2|0:-1|2:2",9030,4,426
"-2:-2|-2:0|-1:0|2:2",9031,4,606
"-2:-1|-2:2|-1:0|2:-2",9032,4,745
"-2:-2|-2:2|-1:0|2:-2",9033,4,853
"-1:-2|0:-2|0:-1|2:2",9034,4,1056
"-1:-2|0:-1|1:-2|2:2",9035,4,1032
"-1:-2|0:-1|2:-2|2:2",9036,4,741
"-2:-1|-2:0|-1:0|2:-2",9037,4,1029
"-2:-2|-2:0|-1:0|2:-2",9038,4,602
"-2:-2|-2:-1|-1:0|2:-2",9039,4,422
"-2:-1|-2:2|-1:-1|2:-2",9040,4,759
"-1:-2|1:-1|2:-1|2:2",9041,4,754
"-2:-1|-2:2|-1:-1|0:-2",9042,4,749
"-2:-1|-1:-2|-1:-1|2:-2",9043,4,746
"-2:-2|-1:-2|-1:-1|2:-2",9044,4,367
"-2:-2|-1:-2|1:-1|2:2",9045,4,441
"-2:-2|-1:1|0:2|2:2",9046,4,621
"-2:-1|-2:2|-1:-1|2:-2",9047,4,759
"-2:-2|-2:2|-1:-1|2:-2",9048,4,845
"-1:-2|0:-2|1:-1|2:2",9049,4,1007
"-1:-2|1:-2|1:-1|2:2",9050,4,992
"-1:-2|1:-1|2:-2|2:2",9051,4,726
"-2:-1|-2:0|-1:-1|2:-2",9052,4,988
"-2:-2|-2:0|-1:-1|2:-2",9053,4,586
"-2:-2|-2:-1|-1:-1|2:-2",9054,4,406
"-2:-1|-2:2|1:-2|2:-2",9055,4,455
"-2:-1|-2:2|0:-2|2:-2",9056,4,635
"-2:-1|-2:2|-1:-2|2:-2",9057,4,772
"-2:-2|-2:-1|-2:2|2:-2",9058,4,380
"-1:-2|0:-2|2:-1|2:2",9059,4,799
"-1:-2|1:-2|2:-1|2:2",9060,4,767
"-1:-2|2:-2|2:-1|2:2",9061,4,375
"-2:-1|-2:0|-1:-2|2:-2",9062,4,762
"-2:-2|-2:-1|-2:2|0:-2",9063,4,371
"-2:-2|-2:-1|-1:-2|2:-2",9064,4,366
"-2:-2|-1:-2|0:-2|2:2",9065,4,345
"-2:-1|-2:1|-2:2|2:-2",9066,4,365
"-2:-2|-1:-2|2:-2|2:2",9067,4,384
"-2:-1|-2:0|-2:2|2:-2",9068,4,563
"-2:-2|-2:0|-2:2|2:-2",9069,4,571
"-2:-2|-2:-1|-2:2|2:-2",9070,4,380
"-1:-2|0:-2|1:-2|2:2",9071,4,1038
"-1:-2|0:-2|2:-2|2:2",9072,4,559
"-1:-2|1:-2|2:-2|2:2",9073,4,361
"-2:-2|-2:-1|-2:0|2:-2",9074,4,341
"-1:-1|-1:0|-1:1|-1:2",9075,4,1384
"-1:-2|-1:-1|-1:0|-1:2",9076,4,1388
"-1:-2|-1:-1|-1:0|0:-2",9077,4,1103
"-1:-2|-1:-1|-1:0|0:-1",9078,4,1337
"-1:-2|-1:-1|-1:0|0:1",9079,4,1385
"-1:-2|-1:-1|-1:0|0:2",9080,4,1389
"-1:-2|-1:-1|-1:0|1:-2",9081,4,1236
"-1:-1|1:-2|1:-1|1:0",9082,4,1350
"-1:-2|-1:-1|-1:0|1:0",9083,4,1381
"-1:-1|0:1|1:1|2:1",9084,4,1386
"-1:-2|-1:-1|-1:0|1:2",9085,4,1390
"-1:-2|-1:-1|-1:0|2:-2",9086,4,748
"-1:-2|-1:-1|-1:0|2:-1",9087,4,1362
"-1:-2|-1:-1|-1:0|2:0",9088,4,1382
"-1:-2|-1:-1|-1:0|2:1",9089,4,1387
"-1:-2|-1:-1|-1:0|2:2",9090,4,1063
"-1:-2|-1:-1|-1:1|-1:2",9091,4,1415
"-1:-1|-1:1|-1:2|0:2",9092,4,1107
"-1:-1|-1:1|-1:2|0:1",9093,4,1341
"-1:-1|-1:0|1:-1|2:-1",9094,4,1412
"-1:-1|-1:1|-1:2|0:-2",9095,4,1416
"-1:-1|-1:1|-1:2|1:2",9096,4,1240
"-1:-1|-1:1|-1:2|1:1",9097,4,1354
"-1:-1|-1:1|-1:2|1:0",9098,4,1393
"-1:-1|-1:1|-1:2|1:-1",9099,4,1413
"-1:-1|-1:1|-1:2|1:-2",9100,4,1417
"-1:-1|-1:1|-1:2|2:2",9101,4,753
"-1:-1|-1:1|-1:2|2:1",9102,4,1365
"-1:-1|-1:1|-1:2|2:0",9103,4,1401
"-1:-1|-1:1|-1:2|2:-1",9104,4,1414
"-1:-1|-1:1|-1:2|2:-2",9105,4,1022
"-1:-2|-1:-1|-1:2|0:-2",9106,4,1111
"-1:-2|-1:-1|-1:2|0:-1",9107,4,1345
"-1:-2|-1:-1|-1:2|0:1",9108,4,1420
"-1:-2|-1:-1|-1:2|0:2",9109,4,1200
"-1:-2|-1:-1|-1:2|1:-2",9110,4,1244
"-1:-1|1:-2|1:-1|1:2",9111,4,1358
"-1:-2|-1:-1|-1:2|1:0",9112,4,1397
"-1:-1|1:-2|1:1|1:2",9113,4,1424
"-1:-2|-1:-1|-1:2|1:2",9114,4,1282
"-1:-2|-1:-1|-1:2|2:-2",9115,4,758
"-1:-2|-1:-1|-1:2|2:-1",9116,4,1368
"-1:-2|-1:-1|-1:2|2:0",9117,4,1404
"-1:-2|-1:-1|-1:2|2:1",9118,4,1427
"-1:-2|-1:-1|-1:2|2:2",9119,4,826
"-1:-2|-1:-1|0:-2|0:-1",9120,4,1099
"-1:-2|-1:-1|0:-2|0:1",9121,4,1108
"-1:-2|-1:-1|0:-2|0:2",9122,4,1112
"-1:-2|-1:-1|0:-2|1:-2",9123,4,1074
"-1:-1|0:-2|1:-2|1:-1",9124,4,1100
"-1:-2|-1:-1|0:-2|1:0",9125,4,1104
"-1:-1|0:2|1:1|1:2",9126,4,1109
"-1:-2|-1:-1|0:-2|1:2",9127,4,1113
"-1:-2|-1:-1|0:-2|2:-2",9128,4,548
"-1:-2|-1:-1|0:-2|2:-1",9129,4,1101
"-1:-2|-1:-1|0:-2|2:0",9130,4,1105
"-1:-2|-1:-1|0:-2|2:1",9131,4,1110
"-1:-2|-1:-1|0:-2|2:2",9132,4,1067
"-1:-2|-1:-1|0:-1|0:1",9133,4,1342
"-1:-2|-1:-1|0:-1|0:2",9134,4,1346
"-1:-2|-1:-1|0:-1|1:-2",9135,4,1233
"-1:-1|0:-1|1:-2|1:-1",9136,4,1334
"-1:-2|-1:-1|0:-1|1:0",9137,4,1338
"-1:-1|0:1|1:1|1:2",9138,4,1343
"-1:-2|-1:-1|0:-1|1:2",9139,4,1347
"-1:-2|-1:-1|0:-1|2:-2",9140,4,731
"-1:-2|-1:-1|0:-1|2:-1",9141,4,1335
"-1:-2|-1:-1|0:-1|2:0",9142,4,1339
"-1:-2|-1:-1|0:-1|2:1",9143,4,1344
"-1:-2|-1:-1|0:-1|2:2",9144,4,1061
"-1:-2|-1:-1|0:1|0:2",9145,4,1421
"-1:-2|-1:-1|0:1|1:-2",9146,4,1241
"-1:-1|0:1|1:-2|1:-1",9147,4,1355
"-1:-2|-1:-1|0:1|1:0",9148,4,1394
"-1:-1|-1:0|1:1|2:1",9149,4,1418
"-1:-2|-1:-1|0:1|1:2",9150,4,1422
"-1:-2|-1:-1|0:1|2:-2",9151,4,752
"-1:-2|-1:-1|0:1|2:-1",9152,4,1366
"-1:-2|-1:-1|0:1|2:0",9153,4,1402
"-1:-2|-1:-1|0:1|2:1",9154,4,1419
"-1:-2|-1:-1|0:1|2:2",9155,4,980
"-1:-2|-1:-1|0:2|1:-2",9156,4,1245
"-1:-1|0:2|1:-2|1:-1",9157,4,1359
"-1:-2|-1:-1|0:2|1:0",9158,4,1398
"-1:-1|0:-2|1:1|1:2",9159,4,1425
"-1:-2|-1:-1|0:2|1:2",9160,4,1211
"-1:-2|-1:-1|0:2|2:-2",9161,4,757
"-1:-2|-1:-1|0:2|2:-1",9162,4,1369
"-1:-2|-1:-1|0:2|2:0",9163,4,1405
"-1:-2|-1:-1|0:2|2:1",9164,4,1428
"-1:-2|-1:-1|0:2|2:2",9165,4,701
"-1:-2|-1:-1|1:-2|1:-1",9166,4,1234
"-1:-2|-1:-1|1:-2|1:0",9167,4,1237
"-1:-1|-1:2|1:1|1:2",9168,4,1242
"-1:-2|-1:-1|1:-2|1:2",9169,4,1246
"-1:-2|-1:-1|1:-2|2:-2",9170,4,350
"-1:-2|-1:-1|1:-2|2:-1",9171,4,1220
"-1:-2|-1:-1|1:-2|2:0",9172,4,1238
"-1:-2|-1:-1|1:-2|2:1",9173,4,1243
"-1:-2|-1:-1|1:-2|2:2",9174,4,1046
"-1:-1|-1:0|1:-2|1:-1",9175,4,1351
"-1:-1|-1:1|1:-2|1:-1",9176,4,1356
"-1:-1|-1:2|1:-2|1:-1",9177,4,1360
"-1:-2|-1:-1|1:-1|2:-2",9178,4,716
"-1:-2|-1:-1|1:-1|2:-1",9179,4,1348
"-1:-2|-1:-1|1:-1|2:0",9180,4,1352
"-1:-2|-1:-1|1:-1|2:1",9181,4,1357
"-1:-2|-1:-1|1:-1|2:2",9182,4,1019
"-1:-1|-1:0|1:1|1:2",9183,4,1395
"-1:-2|-1:-1|1:0|1:2",9184,4,1399
"-1:-2|-1:-1|1:0|2:-2",9185,4,747
"-1:-2|-1:-1|1:0|2:-1",9186,4,1363
"-1:-2|-1:-1|1:0|2:0",9187,4,1391
"-1:-2|-1:-1|1:0|2:1",9188,4,1396
"-1:-2|-1:-1|1:0|2:2",9189,4,977
"-1:-2|-1:-1|1:1|1:2",9190,4,1426
"-1:-1|1:1|2:-2|2:1",9191,4,751
"-1:-1|1:-2|1:1|2:1",9192,4,1367
"-1:-1|0:-2|1:1|2:1",9193,4,1403
"-1:-2|-1:-1|1:1|2:1",9194,4,1423
"-1:-2|-1:-1|1:1|2:2",9195,4,918
"-1:-2|-1:-1|1:2|2:-2",9196,4,756
"-1:-2|-1:-1|1:2|2:-1",9197,4,1370
"-1:-2|-1:-1|1:2|2:0",9198,4,1406
"-1:-2|-1:-1|1:2|2:1",9199,4,1332
"-1:-2|-1:-1|1:2|2:2",9200,4,529
"-1:-2|-1:-1|2:-2|2:-1",9201,4,502
"-1:-2|-1:-1|2:-2|2:0",9202,4,674
"-1:-2|-1:-1|2:-2|2:1",9203,4,750
"-1:-2|-1:-1|2:-2|2:2",9204,4,755
"-1:-2|-1:-1|2:-1|2:0",9205,4,1190
"-1:-2|-1:-1|2:-1|2:1",9206,4,1273
"-1:-2|-1:-1|2:-1|2:2",9207,4,822
"-1:-2|-1:-1|2:0|2:1",9208,4,1208
"-1:-2|-1:-1|2:0|2:2",9209,4,697
"-1:-2|-1:-1|2:1|2:2",9210,4,525
"-1:-2|-1:-1|-1:0|-1:2",9211,4,1388
"-1:-1|-1:0|-1:2|0:2",9212,4,1166
"-1:-1|-1:0|-1:2|0:1",9213,4,1463
"-1:-1|-1:0|-1:2|0:-1",9214,4,1611
"-1:-1|-1:0|-1:2|0:-2",9215,4,1614
"-1:-1|-1:0|-1:2|1:2",9216,4,1266
"-1:-1|-1:0|-1:2|1:1",9217,4,1517
"-1:-1|-1:0|-1:2|1:0",9218,4,1600
"-1:-1|-1:0|-1:2|1:-1",9219,4,1612
"-1:-1|-1:0|-1:2|1:-2",9220,4,1531
"-1:-1|-1:0|-1:2|2:2",9221,4,788
"-1:-1|-1:0|-1:2|2:1",9222,4,1559
"-1:-1|-1:0|-1:2|2:0",9223,4,1606
"-1:-1|-1:0|-1:2|2:-1",9224,4,1613
"-1:-1|-1:0|-1:2|2:-2",9225,4,1003
"-1:-2|-1:0|-1:2|0:-2",9226,4,1170
"-1:-2|-1:0|-1:2|0:-1",9227,4,1467
"-1:-2|-1:0|-1:2|0:-1",9228,4,1467
"-1:-2|-1:0|-1:2|0:-2",9229,4,1170
"-1:-2|-1:0|-1:2|1:-2",9230,4,1270
"-1:-1|1:-2|1:0|1:2",9231,4,1521
"-1:-2|-1:0|-1:2|1:0",9232,4,1603
"-1:-1|1:-2|1:0|1:2",9233,4,1521
"-1:-2|-1:0|-1:2|1:-2",9234,4,1270
"-1:-2|-1:0|-1:2|2:-2",9235,4,793
"-1:-2|-1:0|-1:2|2:-1",9236,4,1561
"-1:-2|-1:0|-1:2|2:0",9237,4,1609
"-1:-2|-1:0|-1:2|2:-1",9238,4,1561
"-1:-2|-1:0|-1:2|2:-2",9239,4,793
"-1:-2|-1:0|0:-2|0:-1",9240,4,1117
"-1:-2|-1:0|0:-2|0:1",9241,4,1167
"-1:-2|-1:0|0:-2|0:2",9242,4,1171
"-1:-2|-1:0|0:-2|1:-2",9243,4,1077
"-1:-1|0:-2|1:-2|1:0",9244,4,1130
"-1:-2|-1:0|0:-2|1:0",9245,4,1163
"-1:-1|0:1|2:0|2:1",9246,4,1168
"-1:-2|-1:0|0:-2|1:2",9247,4,1172
"-1:-2|-1:0|0:-2|2:-2",9248,4,552
"-1:-2|-1:0|0:-2|2:-1",9249,4,1142
"-1:-2|-1:0|0:-2|2:0",9250,4,1164
"-1:-2|-1:0|0:-2|2:1",9251,4,1169
"-1:-2|-1:0|0:-2|2:2",9252,4,1066
"-1:-2|-1:0|0:-1|0:1",9253,4,1464
"-1:-2|-1:0|0:-1|0:2",9254,4,1468
"-1:-2|-1:0|0:-1|1:-2",9255,4,1248
"-1:-1|0:-1|1:-2|1:0",9256,4,1430
"-1:-2|-1:0|0:-1|1:0",9257,4,1461
"-1:-1|0:1|1:0|1:2",9258,4,1465
"-1:-2|-1:0|0:-1|1:2",9259,4,1469
"-1:-2|-1:0|0:-1|2:-2",9260,4,734
"-1:-2|-1:0|0:-1|2:-1",9261,4,1442
"-1:-2|-1:0|0:-1|2:0",9262,4,1462
"-1:-2|-1:0|0:-1|2:1",9263,4,1466
"-1:-2|-1:0|0:-1|2:2",9264,4,1060
"-1:-2|-1:0|0:1|0:2",9265,4,1617
"-1:-2|-1:0|0:1|1:-2",9266,4,1267
"-1:-1|0:1|1:-2|1:0",9267,4,1518
"-1:-2|-1:0|0:1|1:0",9268,4,1601
"-1:-1|-1:0|0:1|2:1",9269,4,1615
"-1:-2|-1:0|0:1|1:2",9270,4,1478
"-1:-2|-1:0|0:1|2:-2",9271,4,787
"-1:-2|-1:0|0:1|2:-1",9272,4,1560
"-1:-2|-1:0|0:1|2:0",9273,4,1607
"-1:-2|-1:0|0:1|2:1",9274,4,1616
"-1:-2|-1:0|0:1|2:2",9275,4,955
"-1:-2|-1:0|0:2|1:-2",9276,4,1271
"-1:-1|0:2|1:-2|1:0",9277,4,1522
"-1:-2|-1:0|0:2|1:0",9278,4,1604
"-1:-1|0:-2|1:0|1:2",9279,4,1618
"-1:-2|-1:0|0:2|1:2",9280,4,1181
"-1:-2|-1:0|0:2|2:-2",9281,4,792
"-1:-2|-1:0|0:2|2:-1",9282,4,1562
"-1:-2|-1:0|0:2|2:0",9283,4,1610
"-1:-2|-1:0|0:2|2:1",9284,4,1595
"-1:-2|-1:0|0:2|2:2",9285,4,662
"-1:-2|-1:-1|1:-2|1:0",9286,4,1237
"-1:-2|-1:0|1:-2|1:0",9287,4,1264
"-1:-1|-1:2|1:0|1:2",9288,4,1268
"-1:-2|-1:0|1:-2|1:2",9289,4,1272
"-1:-2|-1:0|1:-2|2:-2",9290,4,354
"-1:-2|-1:0|1:-2|2:-1",9291,4,1223
"-1:-2|-1:0|1:-2|2:0",9292,4,1255
"-1:-2|-1:0|1:-2|2:1",9293,4,1269
"-1:-2|-1:0|1:-2|2:2",9294,4,1043
"-1:-1|-1:0|1:-2|1:0",9295,4,1515
"-1:-1|-1:1|1:-2|1:0",9296,4,1519
"-1:-1|-1:2|1:-2|1:0",9297,4,1523
"-1:-2|-1:0|1:-1|2:-2",9298,4,719
"-1:-2|-1:0|1:-1|2:-1",9299,4,1407
"-1:-2|-1:0|1:-1|2:0",9300,4,1516
"-1:-2|-1:0|1:-1|2:1",9301,4,1520
"-1:-2|-1:0|1:-1|2:2",9302,4,1015
"-1:-1|-1:0|1:0|1:2",9303,4,1602
"-1:-2|-1:0|1:0|1:2",9304,4,1605
"-1:-2|-1:0|1:0|2:-2",9305,4,773
"-1:-2|-1:0|1:0|2:-1",9306,4,1486
"-1:-2|-1:0|1:0|2:0",9307,4,1599
"-1:-2|-1:0|1:0|2:1",9308,4,1497
"-1:-2|-1:0|1:0|2:2",9309,4,972
"-1:-2|-1:-1|1:0|1:2",9310,4,1399
"-1:-1|0:1|2:-2|2:1",9311,4,786
"-1:-1|0:1|1:-2|2:1",9312,4,1539
"-1:-1|0:-2|0:1|2:1",9313,4,1608
"-1:-2|-1:-1|0:1|2:1",9314,4,1419
"-1:-2|-1:0|1:1|2:2",9315,4,912
"-1:-2|-1:0|1:2|2:-2",9316,4,791
"-1:-2|-1:0|1:2|2:-1",9317,4,1563
"-1:-2|-1:0|1:2|2:0",9318,4,1583
"-1:-2|-1:0|1:2|2:1",9319,4,1328
"-1:-2|-1:0|1:2|2:2",9320,4,490
"-1:-2|-1:0|2:-2|2:-1",9321,4,503
"-1:-2|-1:0|2:-2|2:0",9322,4,675
"-1:-2|-1:0|2:-2|2:1",9323,4,785
"-1:-2|-1:0|2:-2|2:2",9324,4,790
"-1:-2|-1:0|2:-1|2:0",9325,4,1191
"-1:-2|-1:0|2:-1|2:1",9326,4,1274
"-1:-2|-1:0|2:-1|2:2",9327,4,816
"-1:-2|-1:0|2:0|2:1",9328,4,1204
"-1:-2|-1:0|2:0|2:2",9329,4,691
"-1:-2|-1:0|2:1|2:2",9330,4,519
"-1:-2|-1:-1|-1:2|0:2",9331,4,1200
"-1:-2|-1:-1|-1:2|0:1",9332,4,1420
"-1:-2|-1:-1|-1:2|0:-1",9333,4,1345
"-1:-2|-1:-1|-1:2|0:-2",9334,4,1111
"-1:-2|-1:-1|-1:2|1:2",9335,4,1282
"-1:-1|1:-2|1:1|1:2",9336,4,1424
"-1:-2|-1:-1|-1:2|1:0",9337,4,1397
"-1:-1|1:-2|1:-1|1:2",9338,4,1358
"-1:-2|-1:-1|-1:2|1:-2",9339,4,1244
"-1:-2|-1:-1|-1:2|2:2",9340,4,826
"-1:-2|-1:-1|-1:2|2:1",9341,4,1427
"-1:-2|-1:-1|-1:2|2:0",9342,4,1404
"-1:-2|-1:-1|-1:2|2:-1",9343,4,1368
"-1:-2|-1:-1|-1:2|2:-2",9344,4,758
"-1:-1|-1:2|0:1|0:2",9345,4,1121
"-1:-1|-1:0|2:-1|2:0",9346,4,1197
"-1:-1|-1:2|0:-2|0:2",9347,4,1201
"-1:-1|-1:2|0:2|1:2",9348,4,1079
"-1:-1|-1:2|0:2|1:1",9349,4,1134
"-1:-1|-1:2|0:2|1:0",9350,4,1175
"-1:-1|-1:1|2:-1|2:0",9351,4,1198
"-1:-1|-1:2|0:2|1:-2",9352,4,1202
"-1:-1|-1:2|0:2|2:2",9353,4,557
"-1:-1|-1:2|0:2|2:1",9354,4,1146
"-1:-1|-1:2|0:2|2:0",9355,4,1183
"-1:-1|-1:2|0:2|2:-1",9356,4,1199
"-1:-1|-1:2|0:2|2:-2",9357,4,1028
"-1:-1|-1:0|1:0|2:-1",9358,4,1491
"-1:-1|-1:2|0:-2|0:1",9359,4,1494
"-1:-1|-1:2|0:1|1:2",9360,4,1250
"-1:-1|-1:2|0:1|1:1",9361,4,1434
"-1:-1|-1:2|0:1|1:0",9362,4,1472
"-1:-1|-1:1|1:0|2:-1",9363,4,1492
"-1:-1|-1:2|0:1|1:-2",9364,4,1495
"-1:-1|-1:2|0:1|2:2",9365,4,739
"-1:-1|-1:2|0:1|2:1",9366,4,1445
"-1:-1|-1:2|0:1|2:0",9367,4,1480
"-1:-1|-1:2|0:1|2:-1",9368,4,1493
"-1:-1|-1:2|0:1|2:-2",9369,4,1018
"-1:-1|-1:2|0:-2|0:-1",9370,4,1637
"-1:-1|-1:0|2:-1|2:1",9371,4,1280
"-1:-1|-1:0|1:1|2:-1",9372,4,1544
"-1:-1|-1:0|0:1|2:-1",9373,4,1624
"-1:-1|-1:0|-1:1|2:-1",9374,4,1636
"-1:-1|-1:2|0:-1|1:-2",9375,4,1440
"-1:-1|-1:0|2:-1|2:2",9376,4,815
"-1:-1|-1:0|1:2|2:-1",9377,4,1565
"-1:-1|-1:0|0:2|2:-1",9378,4,1630
"-1:-1|-1:0|-1:2|2:-1",9379,4,1613
"-1:-1|-1:2|0:-1|2:-2",9380,4,931
"-1:-1|-1:2|0:-2|1:2",9381,4,1283
"-1:-1|-1:2|0:-2|1:1",9382,4,1547
"-1:-1|-1:2|0:-2|1:0",9383,4,1626
"-1:-1|-1:2|0:-2|1:-1",9384,4,1638
"-1:-1|-1:2|0:-2|1:-2",9385,4,1140
"-1:-1|-1:2|0:-2|2:2",9386,4,825
"-1:-1|-1:2|0:-2|2:1",9387,4,1566
"-1:-1|-1:2|0:-2|2:0",9388,4,1632
"-1:-1|-1:2|0:-2|2:-1",9389,4,1592
"-1:-1|-1:2|0:-2|2:-2",9390,4,620
"-1:-1|-1:2|1:1|1:2",9391,4,1242
"-1:-1|-1:2|1:0|1:2",9392,4,1268
"-1:-1|-1:1|2:-1|2:1",9393,4,1281
"-1:-1|-1:2|1:-2|1:2",9394,4,1284
"-1:-1|-1:2|1:2|2:2",9395,4,359
"-1:-1|-1:2|1:2|2:1",9396,4,1228
"-1:-1|-1:2|1:2|2:0",9397,4,1259
"-1:-1|-1:2|1:2|2:-1",9398,4,1275
"-1:-1|-1:2|1:2|2:-2",9399,4,1027
"-1:-1|-1:0|1:-2|1:1",9400,4,1526
"-1:-1|-1:1|1:-1|1:2",9401,4,1545
"-1:-1|-1:2|1:-2|1:1",9402,4,1548
"-1:-1|-1:2|1:1|2:2",9403,4,724
"-1:-1|-1:2|1:1|2:1",9404,4,1408
"-1:-1|-1:2|1:1|2:0",9405,4,1533
"-1:-1|-1:2|1:1|2:-1",9406,4,1546
"-1:-1|-1:2|1:1|2:-2",9407,4,1012
"-1:-1|-1:0|1:-1|1:2",9408,4,1625
"-1:-1|-1:2|1:-2|1:0",9409,4,1523
"-1:-1|-1:2|1:0|2:2",9410,4,777
"-1:-1|-1:2|1:0|2:1",9411,4,1487
"-1:-1|-1:2|1:0|2:0",9412,4,1619
"-1:-1|-1:2|0:1|2:-1",9413,4,1493
"-1:-1|-1:2|1:0|2:-2",9414,4,966
"-1:-1|-1:2|1:-2|1:-1",9415,4,1360
"-1:-1|-1:1|2:-1|2:2",9416,4,808
"-1:-1|-1:1|1:-2|2:1",9417,4,1540
"-1:-1|-1:1|0:-2|2:1",9418,4,1631
"-1:-1|-1:1|-1:2|2:-1",9419,4,1414
"-1:-1|-1:2|1:-1|2:-2",9420,4,897
"-1:-1|-1:2|1:-2|2:2",9421,4,824
"-1:-1|-1:2|1:-2|2:1",9422,4,1543
"-1:-1|-1:2|1:-2|2:0",9423,4,1514
"-1:-1|-1:2|1:-2|2:-1",9424,4,1316
"-1:-1|-1:2|1:-2|2:-2",9425,4,440
"-1:-1|-1:2|2:1|2:2",9426,4,504
"-1:-1|-1:2|2:0|2:2",9427,4,676
"-1:-1|-1:2|2:-1|2:2",9428,4,804
"-1:-1|-1:2|2:-2|2:2",9429,4,823
"-1:-1|-1:2|2:0|2:1",9430,4,1192
"-1:-1|-1:2|1:2|2:-1",9431,4,1275
"-1:-1|-1:2|2:-2|2:1",9432,4,809
"-1:-1|-1:2|0:2|2:-1",9433,4,1199
"-1:-1|-1:2|2:-2|2:0",9434,4,684
"-1:-1|-1:2|2:-2|2:-1",9435,4,512
"-1:-2|-1:2|0:-2|0:-1",9436,4,1125
"-1:-2|-1:2|0:-1|0:2",9437,4,1205
"-1:-2|-1:2|0:-2|0:2",9438,4,1215
"-1:-2|-1:2|0:-2|1:-2",9439,4,1081
"-1:-1|0:-2|1:-2|1:2",9440,4,1138
"-1:-2|-1:2|0:-2|1:0",9441,4,1179
"-1:-1|0:2|1:-2|1:2",9442,4,1209
"-1:-2|-1:2|0:-2|1:2",9443,4,1216
"-1:-2|-1:2|0:-2|2:-2",9444,4,562
"-1:-2|-1:2|0:-2|2:-1",9445,4,1150
"-1:-2|-1:2|0:-2|2:0",9446,4,1187
"-1:-2|-1:2|0:-2|2:1",9447,4,1212
"-1:-2|-1:2|0:-2|2:2",9448,4,837
"-1:-2|-1:2|0:-1|0:1",9449,4,1498
"-1:-2|-1:2|0:-1|0:2",9450,4,1205
"-1:-2|-1:2|0:-1|1:-2",9451,4,1252
"-1:-1|0:-1|1:-2|1:2",9452,4,1438
"-1:-2|-1:2|0:-1|1:0",9453,4,1476
"-1:-1|0:1|1:-2|1:2",9454,4,1501
"-1:-2|-1:2|0:-1|1:2",9455,4,1285
"-1:-2|-1:2|0:-1|2:-2",9456,4,744
"-1:-2|-1:2|0:-1|2:-1",9457,4,1448
"-1:-2|-1:2|0:-1|2:0",9458,4,1483
"-1:-2|-1:2|0:-1|2:1",9459,4,1503
"-1:-2|-1:2|0:-1|2:2",9460,4,820
"-1:-2|-1:2|0:-2|0:-1",9461,4,1125
"-1:-2|-1:2|0:-1|1:2",9462,4,1285
"-1:-1|0:1|1:-2|1:2",9463,4,1501
"-1:-2|-1:2|0:-1|1:0",9464,4,1476
"-1:-1|0:-1|1:-2|1:2",9465,4,1438
"-1:-2|-1:2|0:-1|1:-2",9466,4,1252
"-1:-2|-1:2|0:-1|2:2",9467,4,820
"-1:-2|-1:2|0:-1|2:1",9468,4,1503
"-1:-2|-1:2|0:-1|2:0",9469,4,1483
"-1:-2|-1:2|0:-1|2:-1",9470,4,1448
"-1:-2|-1:2|0:-1|2:-2",9471,4,744
"-1:-2|-1:2|0:-2|1:2",9472,4,1216
"-1:-1|0:2|1:-2|1:2",9473,4,1209
"-1:-2|-1:2|0:-2|1:0",9474,4,1179
"-1:-1|0:-2|1:-2|1:2",9475,4,1138
"-1:-2|-1:2|0:-2|1:-2",9476,4,1081
"-1:-2|-1:2|0:-2|2:2",9477,4,837
"-1:-2|-1:2|0:-2|2:1",9478,4,1212
"-1:-2|-1:2|0:-2|2:0",9479,4,1187
"-1:-2|-1:2|0:-2|2:-1",9480,4,1150
"-1:-2|-1:2|0:-2|2:-2",9481,4,562
"-1:-2|-1:-1|1:-2|1:2",9482,4,1246
"-1:-2|-1:0|1:-2|1:2",9483,4,1272
"-1:-1|-1:2|1:-2|1:2",9484,4,1284
"-1:-2|-1:2|1:-2|1:2",9485,4,1287
"-1:-2|-1:2|1:-2|2:-2",9486,4,364
"-1:-2|-1:2|1:-2|2:-1",9487,4,1232
"-1:-2|-1:2|1:-2|2:0",9488,4,1263
"-1:-2|-1:2|1:-2|2:1",9489,4,1279
"-1:-2|-1:2|1:-2|2:2",9490,4,835
"-1:-1|-1:0|1:-2|1:2",9491,4,1529
"-1:-1|-1:1|1:-2|1:2",9492,4,1551
"-1:-1|-1:2|1:-2|1:2",9493,4,1284
"-1:-2|-1:2|1:-1|2:-2",9494,4,729
"-1:-2|-1:2|1:-1|2:-1",9495,4,1409
"-1:-2|-1:2|1:-1|2:0",9496,4,1536
"-1:-2|-1:2|1:-1|2:1",9497,4,1541
"-1:-2|-1:2|1:-1|2:2",9498,4,813
"-1:-1|-1:0|1:-2|1:2",9499,4,1529
"-1:-2|-1:0|1:-2|1:2",9500,4,1272
"-1:-2|-1:2|1:0|2:-2",9501,4,782
"-1:-2|-1:2|1:0|2:-1",9502,4,1488
"-1:-2|-1:2|1:0|2:0",9503,4,1622
"-1:-2|-1:2|1:0|2:-1",9504,4,1488
"-1:-2|-1:2|1:0|2:-2",9505,4,782
"-1:-2|-1:-1|1:-2|1:2",9506,4,1246
"-1:-2|-1:2|1:-1|2:2",9507,4,813
"-1:-2|-1:2|1:-1|2:1",9508,4,1541
"-1:-2|-1:2|1:-1|2:0",9509,4,1536
"-1:-2|-1:2|1:-1|2:-1",9510,4,1409
"-1:-2|-1:2|1:-1|2:-2",9511,4,729
"-1:-2|-1:2|1:-2|2:2",9512,4,835
"-1:-2|-1:2|1:-2|2:1",9513,4,1279
"-1:-2|-1:2|1:-2|2:0",9514,4,1263
"-1:-2|-1:2|1:-2|2:-1",9515,4,1232
"-1:-2|-1:2|1:-2|2:-2",9516,4,364
"-1:-2|-1:2|2:-2|2:-1",9517,4,505
"-1:-2|-1:2|2:-2|2:0",9518,4,677
"-1:-2|-1:2|2:-1|2:2",9519,4,805
"-1:-2|-1:2|2:-2|2:2",9520,4,832
"-1:-2|-1:2|2:-1|2:0",9521,4,1193
"-1:-2|-1:2|2:-1|2:1",9522,4,1276
"-1:-2|-1:2|2:-1|2:2",9523,4,805
"-1:-2|-1:2|2:-1|2:0",9524,4,1193
"-1:-2|-1:2|2:-2|2:0",9525,4,677
"-1:-2|-1:2|2:-2|2:-1",9526,4,505
"-1:-2|0:-2|0:-1|0:1",9527,4,1122
"-1:-2|0:-2|0:-1|0:2",9528,4,1126
"-1:-2|0:-2|0:-1|1:-2",9529,4,1075
"-1:-1|0:-2|0:-1|1:-2",9530,4,1114
"-1:-2|0:-2|0:-1|1:0",9531,4,1118
"-1:-1|0:1|0:2|1:2",9532,4,1123
"-1:-2|0:-2|0:-1|1:2",9533,4,1127
"-1:-2|0:-2|0:-1|2:-2",9534,4,547
"-1:-2|0:-2|0:-1|2:-1",9535,4,1115
"-1:-2|0:-2|0:-1|2:0",9536,4,1119
"-1:-2|0:-2|0:-1|2:1",9537,4,1124
"-1:-2|0:-2|0:-1|2:2",9538,4,1056
"-1:-2|0:-2|0:1|0:2",9539,4,1206
"-1:-2|0:-2|0:1|1:-2",9540,4,1080
"-1:-1|0:-2|0:1|1:-2",9541,4,1135
"-1:-2|0:-2|0:1|1:0",9542,4,1176
"-1:-1|-1:0|2:0|2:1",9543,4,1203
"-1:-2|0:-1|0:2|1:2",9544,4,1207
"-1:-2|0:-2|0:1|2:-2",9545,4,556
"-1:-2|0:-2|0:1|2:-1",9546,4,1147
"-1:-2|0:-2|0:1|2:0",9547,4,1184
"-1:-2|-1:0|2:0|2:1",9548,4,1204
"-1:-2|0:-2|0:1|2:2",9549,4,986
"-1:-2|0:-2|0:2|1:-2",9550,4,1082
"-1:-1|0:-2|0:2|1:-2",9551,4,1139
"-1:-2|0:-2|0:2|1:0",9552,4,1180
"-1:-1|0:-2|0:2|1:2",9553,4,1210
"-1:-2|0:-2|0:2|1:2",9554,4,1217
"-1:-2|0:-2|0:2|2:-2",9555,4,561
"-1:-2|0:-2|0:2|2:-1",9556,4,1151
"-1:-2|0:-2|0:2|2:0",9557,4,1188
"-1:-2|0:-2|0:2|2:1",9558,4,1213
"-1:-2|0:-2|0:2|2:2",9559,4,713
"-1:-2|-1:-1|0:-2|1:-2",9560,4,1074
"-1:-2|-1:0|0:-2|1:-2",9561,4,1077
"-1:-1|-1:2|0:2|1:2",9562,4,1079
"-1:-2|-1:2|0:-2|1:-2",9563,4,1081
"-1:-2|0:-2|1:-2|2:-2",9564,4,325
"-1:-2|0:-2|1:-2|2:-1",9565,4,1073
"-1:-2|0:-2|1:-2|2:0",9566,4,1076
"-1:-2|0:-2|1:-2|2:1",9567,4,1078
"-1:-2|0:-2|1:-2|2:2",9568,4,1038
"-1:-1|-1:0|0:-2|1:-2",9569,4,1131
"-1:-1|-1:1|0:-2|1:-2",9570,4,1136
"-1:-1|-1:2|0:-2|1:-2",9571,4,1140
"-1:-2|0:-2|1:-1|2:-2",9572,4,546
"-1:-2|0:-2|1:-1|2:-1",9573,4,1128
"-1:-2|0:-2|1:-1|2:0",9574,4,1132
"-1:-2|0:-2|1:-1|2:1",9575,4,1137
"-1:-2|0:-2|1:-1|2:2",9576,4,1007
"-1:-1|-1:0|0:2|1:2",9577,4,1177
"-1:-2|-1:0|0:2|1:2",9578,4,1181
"-1:-2|0:-2|1:0|2:-2",9579,4,551
"-1:-2|0:-2|1:0|2:-1",9580,4,1143
"-1:-2|0:-2|1:0|2:0",9581,4,1173
"-1:-2|0:-1|2:0|2:1",9582,4,1178
"-1:-2|0:-2|1:0|2:2",9583,4,960
"-1:-2|-1:-1|0:2|1:2",9584,4,1211
"-1:-1|2:-2|2:0|2:1",9585,4,555
"-1:-1|1:-2|2:0|2:1",9586,4,1148
"-1:-1|0:-2|2:0|2:1",9587,4,1185
"-1:-2|-1:-1|2:0|2:1",9588,4,1208
"-1:-2|0:-2|1:1|2:2",9589,4,915
"-1:-2|0:-2|1:2|2:-2",9590,4,560
"-1:-2|0:-2|1:2|2:-1",9591,4,1152
"-1:-2|0:-2|1:2|2:0",9592,4,1189
"-1:-2|0:-2|1:2|2:1",9593,4,1214
"-1:-2|0:-2|1:2|2:2",9594,4,543
"-1:-2|0:-2|2:-2|2:-1",9595,4,459
"-1:-2|0:-2|2:-2|2:0",9596,4,550
"-1:-2|0:-2|2:-2|2:1",9597,4,554
"-1:-2|0:-2|2:-2|2:2",9598,4,559
"-1:-2|0:-2|2:-1|2:0",9599,4,1144
"-1:-2|0:-2|2:-1|2:1",9600,4,1149
"-1:-2|0:-2|2:-1|2:2",9601,4,799
"-1:-2|0:-2|2:0|2:1",9602,4,1186
"-1:-2|0:-2|2:0|2:2",9603,4,668
"-1:-2|0:-2|2:1|2:2",9604,4,496
"-1:-2|0:-1|0:1|0:2",9605,4,1499
"-1:-2|0:-1|0:1|1:-2",9606,4,1251
"-1:-1|0:-1|0:1|1:-2",9607,4,1435
"-1:-2|0:-1|0:1|1:0",9608,4,1473
"-1:-1|-1:0|1:0|2:1",9609,4,1496
"-1:-2|0:-1|0:1|1:2",9610,4,1500
"-1:-2|0:-1|0:1|2:-2",9611,4,738
"-1:-2|0:-1|0:1|2:-1",9612,4,1446
"-1:-2|0:-1|0:1|2:0",9613,4,1481
"-1:-2|-1:0|1:0|2:1",9614,4,1497
"-1:-2|0:-1|0:1|2:2",9615,4,975
"-1:-2|0:-1|0:2|1:-2",9616,4,1253
"-1:-1|0:-1|0:2|1:-2",9617,4,1439
"-1:-2|0:-1|0:2|1:0",9618,4,1477
"-1:-1|0:-2|0:1|1:2",9619,4,1502
"-1:-2|0:-1|0:2|1:2",9620,4,1207
"-1:-2|0:-1|0:2|2:-2",9621,4,743
"-1:-2|0:-1|0:2|2:-1",9622,4,1449
"-1:-2|0:-1|0:2|2:0",9623,4,1484
"-1:-2|0:-1|0:2|2:1",9624,4,1504
"-1:-2|0:-1|0:2|2:2",9625,4,695
"-1:-2|-1:-1|0:-1|1:-2",9626,4,1233
"-1:-2|-1:0|0:-1|1:-2",9627,4,1248
"-1:-1|-1:2|0:1|1:2",9628,4,1250
"-1:-2|-1:2|0:-1|1:-2",9629,4,1252
"-1:-2|0:-1|1:-2|2:-2",9630,4,349
"-1:-2|0:-1|1:-2|2:-1",9631,4,1219
"-1:-2|0:-1|1:-2|2:0",9632,4,1247
"-1:-2|0:-1|1:-2|2:1",9633,4,1249
"-1:-2|0:-1|1:-2|2:2",9634,4,1032
"-1:-1|-1:0|0:-1|1:-2",9635,4,1431
"-1:-1|-1:1|0:-1|1:-2",9636,4,1436
"-1:-1|-1:2|0:-1|1:-2",9637,4,1440
"-1:-2|0:-1|1:-1|2:-2",9638,4,715
"-1:-2|0:-1|1:-1|2:-1",9639,4,1383
"-1:-2|0:-1|1:-1|2:0",9640,4,1432
"-1:-2|0:-1|1:-1|2:1",9641,4,1437
"-1:-2|0:-1|1:-1|2:2",9642,4,1000
"-1:-1|-1:0|0:1|1:2",9643,4,1474
"-1:-2|-1:0|0:1|1:2",9644,4,1478
"-1:-2|0:-1|1:0|2:-2",9645,4,733
"-1:-2|0:-1|1:0|2:-1",9646,4,1443
"-1:-2|0:-1|1:0|2:0",9647,4,1470
"-1:-2|0:-1|1:0|2:1",9648,4,1475
"-1:-2|0:-1|1:0|2:2",9649,4,952
"-1:-2|-1:-1|0:1|1:2",9650,4,1422
"-1:-1|1:0|2:-2|2:1",9651,4,737
"-1:-1|1:-2|1:0|2:1",9652,4,1447
"-1:-1|0:-2|1:0|2:1",9653,4,1482
"-1:-2|-1:-1|1:0|2:1",9654,4,1396
"-1:-2|0:-1|1:1|2:2",9655,4,910
"-1:-2|0:-1|1:2|2:-2",9656,4,742
"-1:-2|0:-1|1:2|2:-1",9657,4,1450
"-1:-2|0:-1|1:2|2:0",9658,4,1485
"-1:-2|0:-1|1:2|2:1",9659,4,1326
"-1:-2|0:-1|1:2|2:2",9660,4,523
"-1:-2|0:-1|2:-2|2:-1",9661,4,471
"-1:-2|0:-1|2:-2|2:0",9662,4,643
"-1:-2|0:-1|2:-2|2:1",9663,4,736
"-1:-2|0:-1|2:-2|2:2",9664,4,741
"-1:-2|0:-1|2:-1|2:0",9665,4,1165
"-1:-2|0:-1|2:-1|2:1",9666,4,1265
"-1:-2|0:-1|2:-1|2:2",9667,4,789
"-1:-2|0:-1|2:0|2:1",9668,4,1178
"-1:-2|0:-1|2:0|2:2",9669,4,658
"-1:-2|0:-1|2:1|2:2",9670,4,486
"-1:-2|0:1|0:2|1:-2",9671,4,1286
"-1:-1|0:1|0:2|1:-2",9672,4,1550
"-1:-2|0:1|0:2|1:0",9673,4,1628
"-1:-1|0:-2|0:-1|1:2",9674,4,1639
"-1:-2|0:-2|0:-1|1:2",9675,4,1127
"-1:-2|0:1|0:2|2:-2",9676,4,819
"-1:-2|0:1|0:2|2:-1",9677,4,1567
"-1:-2|0:1|0:2|2:0",9678,4,1634
"-1:-2|0:1|0:2|2:1",9679,4,1573
"-1:-2|0:1|0:2|2:2",9680,4,605
"-1:-2|-1:-1|0:1|1:-2",9681,4,1241
"-1:-2|-1:0|0:1|1:-2",9682,4,1267
"-1:-1|-1:0|2:-1|2:1",9683,4,1280
"-1:-2|-1:2|0:-1|1:2",9684,4,1285
"-1:-2|0:1|1:-2|2:-2",9685,4,358
"-1:-2|0:1|1:-2|2:-1",9686,4,1227
"-1:-2|0:1|1:-2|2:0",9687,4,1258
"-1:-2|-1:0|2:-1|2:1",9688,4,1274
"-1:-2|0:1|1:-2|2:2",9689,4,985
"-1:-1|-1:0|0:1|1:-2",9690,4,1527
"-1:-1|-1:0|1:-1|2:1",9691,4,1549
"-1:-1|-1:2|0:1|1:-2",9692,4,1495
"-1:-2|0:1|1:-1|2:-2",9693,4,723
"-1:-2|0:1|1:-1|2:-1",9694,4,1392
"-1:-2|0:1|1:-1|2:0",9695,4,1534
"-1:-2|-1:0|1:-1|2:1",9696,4,1520
"-1:-2|0:1|1:-1|2:2",9697,4,969
"-1:-1|-1:0|0:-1|1:2",9698,4,1627
"-1:-2|-1:0|0:-1|1:2",9699,4,1469
"-1:-2|0:1|1:0|2:-2",9700,4,776
"-1:-2|0:1|1:0|2:-1",9701,4,1471
"-1:-2|0:1|1:0|2:0",9702,4,1620
"-1:-2|-1:0|0:-1|2:1",9703,4,1466
"-1:-2|0:1|1:0|2:2",9704,4,946
"-1:-2|-1:-1|0:-1|1:2",9705,4,1347
"-1:-1|-1:0|2:-2|2:1",9706,4,807
"-1:-1|-1:0|1:-2|2:1",9707,4,1525
"-1:-1|-1:0|0:-2|2:1",9708,4,1633
"-1:-2|-1:-1|-1:0|2:1",9709,4,1387
"-1:-2|0:1|1:1|2:2",9710,4,886
"-1:-2|0:1|1:2|2:-2",9711,4,818
"-1:-2|0:1|1:2|2:-1",9712,4,1490
"-1:-2|0:1|1:2|2:0",9713,4,1460
"-1:-2|0:1|1:2|2:1",9714,4,1306
"-1:-2|0:1|1:2|2:2",9715,4,425
"-1:-2|0:1|2:-2|2:-1",9716,4,482
"-1:-2|0:1|2:-2|2:0",9717,4,654
"-1:-2|-1:0|2:-2|2:1",9718,4,785
"-1:-2|0:1|2:-2|2:2",9719,4,817
"-1:-2|0:1|2:-1|2:0",9720,4,1174
"-1:-2|-1:0|1:-2|2:1",9721,4,1269
"-1:-2|0:1|2:-1|2:2",9722,4,778
"-1:-2|-1:0|0:-2|2:1",9723,4,1169
"-1:-2|0:1|2:0|2:2",9724,4,647
"-1:-2|0:1|2:1|2:2",9725,4,475
"-1:-2|-1:-1|0:2|1:-2",9726,4,1245
"-1:-2|-1:0|0:2|1:-2",9727,4,1271
"-1:-1|-1:2|0:-2|1:2",9728,4,1283
"-1:-2|-1:2|0:-2|1:2",9729,4,1216
"-1:-2|0:2|1:-2|2:-2",9730,4,363
"-1:-2|0:2|1:-2|2:-1",9731,4,1231
"-1:-2|0:2|1:-2|2:0",9732,4,1262
"-1:-2|0:2|1:-2|2:1",9733,4,1278
"-1:-2|0:2|1:-2|2:2",9734,4,711
"-1:-1|-1:0|0:2|1:-2",9735,4,1530
"-1:-1|-1:1|0:-2|1:2",9736,4,1552
"-1:-1|-1:2|0:2|1:-2",9737,4,1202
"-1:-2|0:2|1:-1|2:-2",9738,4,728
"-1:-2|0:2|1:-1|2:-1",9739,4,1400
"-1:-2|0:2|1:-1|2:0",9740,4,1537
"-1:-2|0:2|1:-1|2:1",9741,4,1511
"-1:-2|0:2|1:-1|2:2",9742,4,688
"-1:-1|-1:0|0:-2|1:2",9743,4,1629
"-1:-2|-1:0|0:-2|1:2",9744,4,1172
"-1:-2|0:2|1:0|2:-2",9745,4,781
"-1:-2|0:2|1:0|2:-1",9746,4,1479
"-1:-2|0:2|1:0|2:0",9747,4,1623
"-1:-2|0:2|1:0|2:1",9748,4,1457
"-1:-2|0:2|1:0|2:2",9749,4,651
"-1:-2|-1:-1|0:-2|1:2",9750,4,1113
"-1:-2|0:2|1:1|2:-2",9751,4,812
"-1:-2|0:2|1:1|2:-1",9752,4,1532
"-1:-2|0:2|1:1|2:0",9753,4,1635
"-1:-2|0:2|1:1|2:1",9754,4,1377
"-1:-2|0:2|1:1|2:2",9755,4,589
"-1:-2|0:2|1:2|2:-2",9756,4,834
"-1:-2|0:2|1:2|2:-1",9757,4,1196
"-1:-2|0:2|1:2|2:0",9758,4,1162
"-1:-2|0:2|1:2|2:1",9759,4,1098
"-1:-2|0:2|1:2|2:2",9760,4,344
"-1:-2|0:2|2:-2|2:-1",9761,4,492
"-1:-2|0:2|2:-2|2:0",9762,4,664
"-1:-2|0:2|2:-2|2:1",9763,4,795
"-1:-2|0:2|2:-2|2:2",9764,4,708
"-1:-2|0:2|2:-1|2:0",9765,4,1182
"-1:-2|0:2|2:-1|2:1",9766,4,1260
"-1:-2|0:2|2:-1|2:2",9767,4,680
"-1:-2|0:2|2:0|2:1",9768,4,1159
"-1:-2|0:2|2:0|2:2",9769,4,639
"-1:-2|0:2|2:1|2:2",9770,4,463
"-1:-2|-1:-1|-1:0|1:-2",9771,4,1236
"-1:-1|-1:1|-1:2|1:2",9772,4,1240
"-1:-2|-1:-1|-1:2|1:-2",9773,4,1244
"-1:-2|1:-2|1:-1|2:-2",9774,4,348
"-1:-2|1:-2|1:-1|2:-1",9775,4,1218
"-1:-2|1:-2|1:-1|2:0",9776,4,1235
"-1:-2|1:-1|2:-1|2:1",9777,4,1239
"-1:-2|1:-2|1:-1|2:2",9778,4,992
"-1:-1|-1:0|-1:2|1:2",9779,4,1266
"-1:-2|-1:0|-1:2|1:-2",9780,4,1270
"-1:-2|1:-2|1:0|2:-2",9781,4,353
"-1:-2|1:-2|1:0|2:-1",9782,4,1222
"-1:-2|1:-2|1:0|2:0",9783,4,1254
"-1:-2|0:-1|2:-1|2:1",9784,4,1265
"-1:-2|1:-2|1:0|2:2",9785,4,939
"-1:-2|-1:-1|-1:2|1:2",9786,4,1282
"-1:-1|2:-2|2:-1|2:1",9787,4,357
"-1:-1|1:-2|2:-1|2:1",9788,4,1226
"-1:-1|0:-2|2:-1|2:1",9789,4,1257
"-1:-2|-1:-1|2:-1|2:1",9790,4,1273
"-1:-2|1:-2|1:1|2:2",9791,4,903
"-1:-2|1:-2|1:2|2:-2",9792,4,362
"-1:-2|1:-2|1:2|2:-1",9793,4,1230
"-1:-2|1:-2|1:2|2:0",9794,4,1261
"-1:-2|1:-2|1:2|2:1",9795,4,1277
"-1:-2|1:-2|1:2|2:2",9796,4,541
"-1:-2|1:-2|2:-2|2:-1",9797,4,347
"-1:-2|1:-2|2:-2|2:0",9798,4,352
"-1:-2|1:-2|2:-2|2:1",9799,4,356
"-1:-2|1:-2|2:-2|2:2",9800,4,361
"-1:-2|1:-2|2:-1|2:0",9801,4,1091
"-1:-2|1:-2|2:-1|2:1",9802,4,1225
"-1:-2|1:-2|2:-1|2:2",9803,4,767
"-1:-2|0:-2|2:-1|2:1",9804,4,1149
"-1:-2|1:-2|2:0|2:2",9805,4,630
"-1:-2|1:-2|2:1|2:2",9806,4,450
"-1:-1|-1:0|-1:1|1:-2",9807,4,1528
"-1:-1|-1:0|-1:2|1:-2",9808,4,1531
"-1:-2|1:-1|1:0|2:-2",9809,4,718
"-1:-2|1:-1|1:0|2:-1",9810,4,1340
"-1:-2|1:-1|1:0|2:0",9811,4,1524
"-1:-2|0:-1|1:-1|2:1",9812,4,1437
"-1:-2|1:-1|1:0|2:2",9813,4,928
"-1:-1|-1:1|-1:2|1:-2",9814,4,1417
"-1:-1|1:-1|2:-2|2:1",9815,4,722
"-1:-1|1:-2|1:-1|2:1",9816,4,1353
"-1:-1|0:-2|1:-1|2:1",9817,4,1535
"-1:-2|-1:-1|1:-1|2:1",9818,4,1357
"-1:-2|1:-1|1:1|2:2",9819,4,894
"-1:-2|1:-1|1:2|2:-2",9820,4,727
"-1:-2|1:-1|1:2|2:-1",9821,4,1364
"-1:-2|1:-1|1:2|2:0",9822,4,1538
"-1:-2|1:-1|1:2|2:1",9823,4,1313
"-1:-2|1:-1|1:2|2:2",9824,4,516
"-1:-2|1:-1|2:-2|2:-1",9825,4,401
"-1:-2|1:-1|2:-2|2:0",9826,4,581
"-1:-2|1:-1|2:-2|2:1",9827,4,721
"-1:-2|1:-1|2:-2|2:2",9828,4,726
"-1:-2|1:-1|2:-1|2:0",9829,4,1106
"-1:-2|1:-1|2:-1|2:1",9830,4,1239
"-1:-2|1:-1|2:-1|2:2",9831,4,754
"-1:-2|0:-2|1:-1|2:1",9832,4,1137
"-1:-2|1:-1|2:0|2:2",9833,4,616
"-1:-2|1:-1|2:1|2:2",9834,4,436
"-1:-2|-1:-1|-1:0|1:2",9835,4,1390
"-1:-1|0:-1|2:-2|2:1",9836,4,775
"-1:-1|0:-1|1:-2|2:1",9837,4,1433
"-1:-1|0:-2|0:-1|2:1",9838,4,1621
"-1:-2|-1:-1|0:-1|2:1",9839,4,1344
"-1:-2|1:0|1:1|2:2",9840,4,883
"-1:-2|1:0|1:2|2:-2",9841,4,780
"-1:-2|1:0|1:2|2:-1",9842,4,1444
"-1:-2|1:0|1:2|2:0",9843,4,1576
"-1:-2|1:0|1:2|2:1",9844,4,1303
"-1:-2|1:0|1:2|2:2",9845,4,479
"-1:-2|1:0|2:-2|2:-1",9846,4,417
"-1:-2|1:0|2:-2|2:0",9847,4,597
"-1:-2|0:-1|2:-2|2:1",9848,4,736
"-1:-2|1:0|2:-2|2:2",9849,4,779
"-1:-2|1:0|2:-1|2:0",9850,4,1120
"-1:-2|0:-1|1:-2|2:1",9851,4,1249
"-1:-2|1:0|2:-1|2:2",9852,4,740
"-1:-2|0:-2|0:-1|2:1",9853,4,1124
"-1:-2|1:0|2:0|2:2",9854,4,601
"-1:-2|1:0|2:1|2:2",9855,4,421
"-1:-2|1:1|1:2|2:-2",9856,4,811
"-1:-2|1:1|1:2|2:-1",9857,4,1411
"-1:-2|1:1|1:2|2:0",9858,4,1380
"-1:-2|1:1|1:2|2:1",9859,4,1294
"-1:-2|1:1|1:2|2:2",9860,4,409
"-1:-1|1:-2|2:-2|2:1",9861,4,432
"-1:-1|0:-2|2:-2|2:1",9862,4,612
"-1:-2|-1:-1|2:-2|2:1",9863,4,750
"-1:-2|1:1|2:-2|2:2",9864,4,810
"-1:-1|0:-2|1:-2|2:1",9865,4,1133
"-1:-2|-1:-1|1:-2|2:1",9866,4,1243
"-1:-2|1:1|2:-1|2:2",9867,4,725
"-1:-2|-1:-1|0:-2|2:1",9868,4,1110
"-1:-2|1:1|2:0|2:2",9869,4,585
"-1:-2|1:1|2:1|2:2",9870,4,405
"-1:-2|1:2|2:-2|2:-1",9871,4,446
"-1:-2|1:2|2:-2|2:0",9872,4,626
"-1:-2|1:2|2:-2|2:1",9873,4,763
"-1:-2|1:2|2:-2|2:2",9874,4,538
"-1:-2|1:2|2:-1|2:0",9875,4,1145
"-1:-2|1:2|2:-1|2:1",9876,4,1229
"-1:-2|1:2|2:-1|2:2",9877,4,508
"-1:-2|1:2|2:0|2:1",9878,4,1095
"-1:-2|1:2|2:0|2:2",9879,4,467
"-1:-2|1:2|2:1|2:2",9880,4,392
"-1:-2|2:-2|2:-1|2:0",9881,4,336
"-1:-2|1:-2|2:-2|2:1",9882,4,356
"-1:-2|2:-2|2:-1|2:2",9883,4,375
"-1:-2|0:-2|2:-2|2:1",9884,4,554
"-1:-2|2:-2|2:0|2:2",9885,4,568
"-1:-2|2:-2|2:1|2:2",9886,4,379
"-1:-2|0:-2|1:-2|2:1",9887,4,1078
"-1:-2|2:-1|2:0|2:2",9888,4,558
"-1:-2|2:-1|2:1|2:2",9889,4,360
"-1:-2|2:0|2:1|2:2",9890,4,340
"-1:-1|-1:0|-1:1|-1:2",9891,4,1384
"-1:-1|-1:0|-1:1|0:-2",9892,4,1659
"-1:-1|-1:0|-1:1|0:-1",9893,4,1703
"-1:-1|-1:0|-1:1|0:-1",9894,4,1703
"-1:-1|-1:0|-1:1|0:-2",9895,4,1659
"-1:-1|-1:0|-1:1|1:-2",9896,4,1528
"-1:-1|-1:0|-1:1|1:-1",9897,4,1704
"-1:-1|-1:0|-1:1|1:0",9898,4,1705
"-1:-1|-1:0|-1:1|1:-1",9899,4,1704
"-1:-1|-1:0|-1:1|1:-2",9900,4,1528
"-1:-1|-1:0|-1:1|2:-2",9901,4,999
"-1:-1|-1:0|-1:1|2:-1",9902,4,1636
"-1:-1|-1:0|-1:1|2:0",9903,4,1702
"-1:-1|-1:0|-1:1|2:-1",9904,4,1636
"-1:-1|-1:0|-1:1|2:-2",9905,4,999
"-1:-1|-1:0|-1:2|0:-2",9906,4,1614
"-1:-1|-1:0|-1:2|0:-1",9907,4,1611
"-1:-1|-1:0|-1:2|0:1",9908,4,1463
"-1:-1|-1:0|-1:2|0:2",9909,4,1166
"-1:-1|-1:0|-1:2|1:-2",9910,4,1531
"-1:-1|-1:0|-1:2|1:-1",9911,4,1612
"-1:-1|-1:0|-1:2|1:0",9912,4,1600
"-1:-1|-1:0|-1:2|1:1",9913,4,1517
"-1:-1|-1:0|-1:2|1:2",9914,4,1266
"-1:-1|-1:0|-1:2|2:-2",9915,4,1003
"-1:-1|-1:0|-1:2|2:-1",9916,4,1613
"-1:-1|-1:0|-1:2|2:0",9917,4,1606
"-1:-1|-1:0|-1:2|2:1",9918,4,1559
"-1:-1|-1:0|-1:2|2:2",9919,4,788
"-1:-1|-1:0|0:-2|0:-1",9920,4,1642
"-1:-1|-1:0|0:-2|0:1",9921,4,1660
"-1:-1|-1:0|0:-2|0:2",9922,4,1662
"-1:-1|-1:0|0:-2|1:-2",9923,4,1131
"-1:-1|-1:0|0:-2|1:-1",9924,4,1650
"-1:-1|-1:0|0:-2|1:0",9925,4,1657
"-1:-1|-1:0|0:-2|1:1",9926,4,1661
"-1:-1|-1:0|0:-2|1:2",9927,4,1629
"-1:-1|-1:0|0:-2|2:-2",9928,4,610
"-1:-1|-1:0|0:-2|2:-1",9929,4,1590
"-1:-1|-1:0|0:-2|2:0",9930,4,1658
"-1:-1|-1:0|0:-2|2:1",9931,4,1633
"-1:-1|-1:0|0:-2|2:2",9932,4,1062
"-1:-1|-1:0|0:-1|0:1",9933,4,1706
"-1:-1|-1:0|0:-1|0:2",9934,4,1699
"-1:-1|-1:0|0:-1|1:-2",9935,4,1431
"-1:-1|-1:0|-1:1|0:-1",9936,4,1703
"-1:-1|-1:0|0:-1|0:1",9937,4,1706
"-1:-1|-1:0|0:-1|1:1",9938,4,1707
"-1:-1|-1:0|0:-1|1:2",9939,4,1627
"-1:-1|-1:0|0:-1|2:-2",9940,4,923
"-1:-1|-1:0|-1:2|0:-1",9941,4,1611
"-1:-1|-1:0|0:-1|0:2",9942,4,1699
"-1:-1|-1:0|0:-1|1:2",9943,4,1627
"-1:-1|-1:0|0:-1|2:2",9944,4,1059
"-1:-1|-1:0|0:1|0:2",9945,4,1685
"-1:-1|-1:0|0:1|1:-2",9946,4,1527
"-1:-1|-1:0|0:1|1:-1",9947,4,1708
"-1:-1|-1:0|0:1|1:0",9948,4,1709
"-1:-1|-1:0|0:1|1:1",9949,4,1710
"-1:-1|-1:0|0:1|1:2",9950,4,1474
"-1:-1|-1:0|0:1|2:-2",9951,4,998
"-1:-1|-1:0|0:1|2:-1",9952,4,1624
"-1:-1|-1:0|0:1|2:0",9953,4,1701
"-1:-1|-1:0|0:1|2:1",9954,4,1615
"-1:-1|-1:0|0:1|2:2",9955,4,951
"-1:-1|-1:0|0:2|1:-2",9956,4,1530
"-1:-1|-1:0|0:2|1:-1",9957,4,1700
"-1:-1|-1:0|0:2|1:0",9958,4,1696
"-1:-1|-1:0|0:2|1:1",9959,4,1666
"-1:-1|-1:0|0:2|1:2",9960,4,1177
"-1:-1|-1:0|0:2|2:-2",9961,4,1002
"-1:-1|-1:0|0:2|2:-1",9962,4,1630
"-1:-1|-1:0|0:2|2:0",9963,4,1693
"-1:-1|-1:0|0:2|2:1",9964,4,1594
"-1:-1|-1:0|0:2|2:2",9965,4,657
"-1:-1|-1:0|1:-2|1:-1",9966,4,1351
"-1:-1|-1:0|1:-2|1:0",9967,4,1515
"-1:-1|-1:0|1:-2|1:1",9968,4,1526
"-1:-1|-1:0|1:-2|1:2",9969,4,1529
"-1:-1|-1:0|1:-2|2:-2",9970,4,430
"-1:-1|-1:0|1:-2|2:-1",9971,4,1308
"-1:-1|-1:0|1:-2|2:0",9972,4,1506
"-1:-1|-1:0|1:-2|2:1",9973,4,1525
"-1:-1|-1:0|1:-2|2:2",9974,4,1042
"-1:-1|-1:0|1:-1|1:0",9975,4,1711
"-1:-1|-1:0|1:-1|1:1",9976,4,1712
"-1:-1|-1:0|1:-1|1:2",9977,4,1625
"-1:-1|-1:0|1:-1|2:-2",9978,4,889
"-1:-1|-1:0|1:-1|2:-1",9979,4,1412
"-1:-1|-1:0|1:-1|2:0",9980,4,1672
"-1:-1|-1:0|1:-1|2:1",9981,4,1549
"-1:-1|-1:0|1:-1|2:2",9982,4,1014
"-1:-1|-1:0|1:0|1:1",9983,4,1713
"-1:-1|-1:0|1:0|1:2",9984,4,1602
"-1:-1|-1:0|1:0|2:-2",9985,4,964
"-1:-1|-1:0|1:0|2:-1",9986,4,1491
"-1:-1|-1:0|1:0|2:0",9987,4,1689
"-1:-1|-1:0|1:0|2:1",9988,4,1496
"-1:-1|-1:0|1:0|2:2",9989,4,971
"-1:-1|-1:0|1:1|1:2",9990,4,1395
"-1:-1|-1:0|1:1|2:-2",9991,4,997
"-1:-1|-1:0|1:1|2:-1",9992,4,1544
"-1:-1|-1:0|1:1|2:0",9993,4,1675
"-1:-1|-1:0|1:1|2:1",9994,4,1418
"-1:-1|-1:0|1:1|2:2",9995,4,909
"-1:-1|-1:0|1:2|2:-2",9996,4,1001
"-1:-1|-1:0|1:2|2:-1",9997,4,1565
"-1:-1|-1:0|1:2|2:0",9998,4,1580
"-1:-1|-1:0|1:2|2:1",9999,4,1325
"-1:-1|-1:0|1:2|2:2",10000,4,485
"-1:-1|-1:0|2:-2|2:-1",10001,4,510
"-1:-1|-1:0|2:-2|2:0",10002,4,682
"-1:-1|-1:0|2:-2|2:1",10003,4,807
"-1:-1|-1:0|2:-2|2:2",10004,4,864
"-1:-1|-1:0|2:-1|2:0",10005,4,1197
"-1:-1|-1:0|2:-1|2:1",10006,4,1280
"-1:-1|-1:0|2:-1|2:2",10007,4,815
"-1:-1|-1:0|2:0|2:1",10008,4,1203
"-1:-1|-1:0|2:0|2:2",10009,4,690
"-1:-1|-1:0|2:1|2:2",10010,4,518
"-1:-1|-1:1|-1:2|0:-2",10011,4,1416
"-1:-1|-1:0|1:-1|2:-1",10012,4,1412
"-1:-1|-1:1|-1:2|0:1",10013,4,1341
"-1:-1|-1:1|-1:2|0:2",10014,4,1107
"-1:-1|-1:1|-1:2|1:-2",10015,4,1417
"-1:-1|-1:1|-1:2|1:-1",10016,4,1413
"-1:-1|-1:1|-1:2|1:0",10017,4,1393
"-1:-1|-1:1|-1:2|1:1",10018,4,1354
"-1:-1|-1:1|-1:2|1:2",10019,4,1240
"-1:-1|-1:1|-1:2|2:-2",10020,4,1022
"-1:-1|-1:1|-1:2|2:-1",10021,4,1414
"-1:-1|-1:1|-1:2|2:0",10022,4,1401
"-1:-1|-1:1|-1:2|2:1",10023,4,1365
"-1:-1|-1:1|-1:2|2:2",10024,4,753
"-1:-1|-1:1|0:-2|0:-1",10025,4,1645
"-1:-1|-1:0|1:-1|2:0",10026,4,1672
"-1:-1|-1:1|0:-2|0:2",10027,4,1674
"-1:-1|-1:1|0:-2|1:-2",10028,4,1136
"-1:-1|-1:1|0:-2|1:-1",10029,4,1651
"-1:-1|-1:1|0:-2|1:0",10030,4,1664
"-1:-1|-1:1|0:-2|1:1",10031,4,1673
"-1:-1|-1:1|0:-2|1:2",10032,4,1552
"-1:-1|-1:1|0:-2|2:-2",10033,4,615
"-1:-1|-1:1|0:-2|2:-1",10034,4,1591
"-1:-1|-1:1|0:-2|2:0",10035,4,1668
"-1:-1|-1:1|0:-2|2:1",10036,4,1631
"-1:-1|-1:1|0:-2|2:2",10037,4,1021
"-1:-1|-1:0|1:-1|1:0",10038,4,1711
"-1:-1|-1:0|1:-1|2:0",10039,4,1672
"-1:-1|-1:1|0:-1|1:-2",10040,4,1436
"-1:-1|-1:0|-1:1|1:-1",10041,4,1704
"-1:-1|-1:0|0:1|1:-1",10042,4,1708
"-1:-1|-1:0|1:-1|1:1",10043,4,1712
"-1:-1|-1:0|1:-1|2:1",10044,4,1549
"-1:-1|-1:1|0:-1|2:-2",10045,4,927
"-1:-1|-1:0|-1:2|1:-1",10046,4,1612
"-1:-1|-1:0|0:2|1:-1",10047,4,1700
"-1:-1|-1:0|1:-1|1:2",10048,4,1625
"-1:-1|-1:0|1:-1|2:2",10049,4,1014
"-1:-1|-1:1|0:-2|0:-1",10050,4,1645
"-1:-1|-1:0|1:-1|2:1",10051,4,1549
"-1:-1|-1:0|1:-1|1:1",10052,4,1712
"-1:-1|-1:0|0:1|1:-1",10053,4,1708
"-1:-1|-1:0|-1:1|1:-1",10054,4,1704
"-1:-1|-1:1|0:-1|1:-2",10055,4,1436
"-1:-1|-1:0|1:-1|2:2",10056,4,1014
"-1:-1|-1:0|1:-1|1:2",10057,4,1625
"-1:-1|-1:0|0:2|1:-1",10058,4,1700
"-1:-1|-1:0|-1:2|1:-1",10059,4,1612
"-1:-1|-1:1|0:-1|2:-2",10060,4,927
"-1:-1|-1:1|0:-2|1:2",10061,4,1552
"-1:-1|-1:1|0:-2|1:1",10062,4,1673
"-1:-1|-1:1|0:-2|1:0",10063,4,1664
"-1:-1|-1:1|0:-2|1:-1",10064,4,1651
"-1:-1|-1:1|0:-2|1:-2",10065,4,1136
"-1:-1|-1:1|0:-2|2:2",10066,4,1021
"-1:-1|-1:1|0:-2|2:1",10067,4,1631
"-1:-1|-1:1|0:-2|2:0",10068,4,1668
"-1:-1|-1:1|0:-2|2:-1",10069,4,1591
"-1:-1|-1:1|0:-2|2:-2",10070,4,615
"-1:-1|-1:1|1:-2|1:-1",10071,4,1356
"-1:-1|-1:1|1:-2|1:0",10072,4,1519
"-1:-1|-1:1|1:-1|1:2",10073,4,1545
"-1:-1|-1:1|1:-2|1:2",10074,4,1551
"-1:-1|-1:1|1:-2|2:-2",10075,4,435
"-1:-1|-1:1|1:-2|2:-1",10076,4,1312
"-1:-1|-1:1|1:-2|2:0",10077,4,1510
"-1:-1|-1:1|1:-2|2:1",10078,4,1540
"-1:-1|-1:1|1:-2|2:2",10079,4,1020
"-1:-1|-1:0|1:-1|1:1",10080,4,1712
"-1:-1|-1:1|1:-1|1:1",10081,4,1714
"-1:-1|-1:1|1:-1|1:2",10082,4,1545
"-1:-1|-1:1|1:-1|2:-2",10083,4,893
"-1:-1|-1:1|-1:2|1:-1",10084,4,1413
"-1:-1|-1:1|0:-2|1:1",10085,4,1673
"-1:-1|-1:1|1:-1|1:2",10086,4,1545
"-1:-1|-1:1|1:-1|2:2",10087,4,1011
"-1:-1|-1:0|1:-1|1:1",10088,4,1712
"-1:-1|-1:1|1:-2|1:0",10089,4,1519
"-1:-1|-1:1|1:0|2:-2",10090,4,965
"-1:-1|-1:1|1:0|2:-1",10091,4,1492
"-1:-1|-1:1|1:0|2:0",10092,4,1690
"-1:-1|-1:1|1:0|2:-1",10093,4,1492
"-1:-1|-1:1|1:0|2:-2",10094,4,965
"-1:-1|-1:1|1:-2|1:-1",10095,4,1356
"-1:-1|-1:1|1:-1|2:2",10096,4,1011
"-1:-1|-1:1|1:-1|1:2",10097,4,1545
"-1:-1|-1:1|0:-2|1:1",10098,4,1673
"-1:-1|-1:1|-1:2|1:-1",10099,4,1413
"-1:-1|-1:1|1:-1|2:-2",10100,4,893
"-1:-1|-1:1|1:-2|2:2",10101,4,1020
"-1:-1|-1:1|1:-2|2:1",10102,4,1540
"-1:-1|-1:1|1:-2|2:0",10103,4,1510
"-1:-1|-1:1|1:-2|2:-1",10104,4,1312
"-1:-1|-1:1|1:-2|2:-2",10105,4,435
"-1:-1|-1:1|2:-2|2:-1",10106,4,511
"-1:-1|-1:1|2:-2|2:0",10107,4,683
"-1:-1|-1:1|2:-1|2:2",10108,4,808
"-1:-1|-1:1|2:-2|2:2",10109,4,865
"-1:-1|-1:1|2:-1|2:0",10110,4,1198
"-1:-1|-1:1|2:-1|2:1",10111,4,1281
"-1:-1|-1:1|2:-1|2:2",10112,4,808
"-1:-1|-1:1|2:-1|2:0",10113,4,1198
"-1:-1|-1:1|2:-2|2:0",10114,4,683
"-1:-1|-1:1|2:-2|2:-1",10115,4,511
"-1:-1|-1:2|0:-2|0:-1",10116,4,1637
"-1:-1|-1:2|0:-2|0:1",10117,4,1494
"-1:-1|-1:2|0:-2|0:2",10118,4,1201
"-1:-1|-1:2|0:-2|1:-2",10119,4,1140
"-1:-1|-1:2|0:-2|1:-1",10120,4,1638
"-1:-1|-1:2|0:-2|1:0",10121,4,1626
"-1:-1|-1:2|0:-2|1:1",10122,4,1547
"-1:-1|-1:2|0:-2|1:2",10123,4,1283
"-1:-1|-1:2|0:-2|2:-2",10124,4,620
"-1:-1|-1:2|0:-2|2:-1",10125,4,1592
"-1:-1|-1:2|0:-2|2:0",10126,4,1632
"-1:-1|-1:2|0:-2|2:1",10127,4,1566
"-1:-1|-1:2|0:-2|2:2",10128,4,825
"-1:-1|-1:0|1:0|2:-1",10129,4,1491
"-1:-1|-1:0|2:-1|2:0",10130,4,1197
"-1:-1|-1:2|0:-1|1:-2",10131,4,1440
"-1:-1|-1:0|-1:1|2:-1",10132,4,1636
"-1:-1|-1:0|0:1|2:-1",10133,4,1624
"-1:-1|-1:0|1:1|2:-1",10134,4,1544
"-1:-1|-1:0|2:-1|2:1",10135,4,1280
"-1:-1|-1:2|0:-1|2:-2",10136,4,931
"-1:-1|-1:0|-1:2|2:-1",10137,4,1613
"-1:-1|-1:0|0:2|2:-1",10138,4,1630
"-1:-1|-1:0|1:2|2:-1",10139,4,1565
"-1:-1|-1:0|2:-1|2:2",10140,4,815
"-1:-1|-1:2|0:1|0:2",10141,4,1121
"-1:-1|-1:2|0:1|1:-2",10142,4,1495
"-1:-1|-1:1|1:0|2:-1",10143,4,1492
"-1:-1|-1:2|0:1|1:0",10144,4,1472
"-1:-1|-1:2|0:1|1:1",10145,4,1434
"-1:-1|-1:2|0:1|1:2",10146,4,1250
"-1:-1|-1:2|0:1|2:-2",10147,4,1018
"-1:-1|-1:2|0:1|2:-1",10148,4,1493
"-1:-1|-1:2|0:1|2:0",10149,4,1480
"-1:-1|-1:2|0:1|2:1",10150,4,1445
"-1:-1|-1:2|0:1|2:2",10151,4,739
"-1:-1|-1:2|0:2|1:-2",10152,4,1202
"-1:-1|-1:1|2:-1|2:0",10153,4,1198
"-1:-1|-1:2|0:2|1:0",10154,4,1175
"-1:-1|-1:2|0:2|1:1",10155,4,1134
"-1:-1|-1:2|0:2|1:2",10156,4,1079
"-1:-1|-1:2|0:2|2:-2",10157,4,1028
"-1:-1|-1:2|0:2|2:-1",10158,4,1199
"-1:-1|-1:2|0:2|2:0",10159,4,1183
"-1:-1|-1:2|0:2|2:1",10160,4,1146
"-1:-1|-1:2|0:2|2:2",10161,4,557
"-1:-1|-1:2|1:-2|1:-1",10162,4,1360
"-1:-1|-1:2|1:-2|1:0",10163,4,1523
"-1:-1|-1:2|1:-2|1:1",10164,4,1548
"-1:-1|-1:2|1:-2|1:2",10165,4,1284
"-1:-1|-1:2|1:-2|2:-2",10166,4,440
"-1:-1|-1:2|1:-2|2:-1",10167,4,1316
"-1:-1|-1:2|1:-2|2:0",10168,4,1514
"-1:-1|-1:2|1:-2|2:1",10169,4,1543
"-1:-1|-1:2|1:-2|2:2",10170,4,824
"-1:-1|-1:0|1:-1|1:2",10171,4,1625
"-1:-1|-1:1|1:-1|1:2",10172,4,1545
"-1:-1|-1:1|2:-1|2:1",10173,4,1281
"-1:-1|-1:2|1:-1|2:-2",10174,4,897
"-1:-1|-1:1|-1:2|2:-1",10175,4,1414
"-1:-1|-1:1|0:-2|2:1",10176,4,1631
"-1:-1|-1:1|1:-2|2:1",10177,4,1540
"-1:-1|-1:1|2:-1|2:2",10178,4,808
"-1:-1|-1:0|1:-2|1:1",10179,4,1526
"-1:-1|-1:2|1:0|1:2",10180,4,1268
"-1:-1|-1:2|1:0|2:-2",10181,4,966
"-1:-1|-1:2|0:1|2:-1",10182,4,1493
"-1:-1|-1:2|1:0|2:0",10183,4,1619
"-1:-1|-1:2|1:0|2:1",10184,4,1487
"-1:-1|-1:2|1:0|2:2",10185,4,777
"-1:-1|-1:2|1:1|1:2",10186,4,1242
"-1:-1|-1:2|1:1|2:-2",10187,4,1012
"-1:-1|-1:2|1:1|2:-1",10188,4,1546
"-1:-1|-1:2|1:1|2:0",10189,4,1533
"-1:-1|-1:2|1:1|2:1",10190,4,1408
"-1:-1|-1:2|1:1|2:2",10191,4,724
"-1:-1|-1:2|1:2|2:-2",10192,4,1027
"-1:-1|-1:2|1:2|2:-1",10193,4,1275
"-1:-1|-1:2|1:2|2:0",10194,4,1259
"-1:-1|-1:2|1:2|2:1",10195,4,1228
"-1:-1|-1:2|1:2|2:2",10196,4,359
"-1:-1|-1:2|2:-2|2:-1",10197,4,512
"-1:-1|-1:2|2:-2|2:0",10198,4,684
"-1:-1|-1:2|2:-2|2:1",10199,4,809
"-1:-1|-1:2|2:-2|2:2",10200,4,823
"-1:-1|-1:2|0:2|2:-1",10201,4,1199
"-1:-1|-1:2|1:2|2:-1",10202,4,1275
"-1:-1|-1:2|2:-1|2:2",10203,4,804
"-1:-1|-1:2|2:0|2:1",10204,4,1192
"-1:-1|-1:2|2:0|2:2",10205,4,676
"-1:-1|-1:2|2:1|2:2",10206,4,504
"-1:-1|0:-2|0:-1|0:1",10207,4,1646
"-1:-1|0:-2|0:-1|0:2",10208,4,1648
"-1:-1|0:-2|0:-1|1:-2",10209,4,1114
"-1:-1|0:-2|0:-1|1:-1",10210,4,1640
"-1:-1|0:-2|0:-1|1:0",10211,4,1643
"-1:-1|0:-2|0:-1|1:1",10212,4,1647
"-1:-1|0:-2|0:-1|1:2",10213,4,1639
"-1:-1|0:-2|0:-1|2:-2",10214,4,591
"-1:-1|0:-2|0:-1|2:-1",10215,4,1570
"-1:-1|0:-2|0:-1|2:0",10216,4,1644
"-1:-1|0:-2|0:-1|2:1",10217,4,1621
"-1:-1|0:-2|0:-1|2:2",10218,4,1055
"-1:-1|0:-2|0:1|0:2",10219,4,1676
"-1:-1|0:-2|0:1|1:-2",10220,4,1135
"-1:-1|0:-2|0:1|1:-1",10221,4,1652
"-1:-1|0:-2|0:1|1:0",10222,4,1665
"-1:-1|-1:0|1:1|2:0",10223,4,1675
"-1:-1|0:-2|0:1|1:2",10224,4,1502
"-1:-1|0:-2|0:1|2:-2",10225,4,614
"-1:-1|0:-2|0:1|2:-1",10226,4,1578
"-1:-1|0:-2|0:1|2:0",10227,4,1669
"-1:-1|0:-2|0:1|2:1",10228,4,1608
"-1:-1|0:-2|0:1|2:2",10229,4,979
"-1:-1|0:-2|0:2|1:-2",10230,4,1139
"-1:-1|0:-2|0:2|1:-1",10231,4,1653
"-1:-1|0:-2|0:2|1:0",10232,4,1667
"-1:-1|0:-2|0:2|1:1",10233,4,1677
"-1:-1|0:-2|0:2|1:2",10234,4,1210
"-1:-1|0:-2|0:2|2:-2",10235,4,619
"-1:-1|0:-2|0:2|2:-1",10236,4,1584
"-1:-1|0:-2|0:2|2:0",10237,4,1671
"-1:-1|0:-2|0:2|2:1",10238,4,1586
"-1:-1|0:-2|0:2|2:2",10239,4,700
"-1:-1|0:-2|1:-2|1:-1",10240,4,1100
"-1:-1|0:-2|1:-2|1:0",10241,4,1130
"-1:-1|-1:2|0:2|1:1",10242,4,1134
"-1:-1|0:-2|1:-2|1:2",10243,4,1138
"-1:-1|0:-2|1:-2|2:-2",10244,4,330
"-1:-1|0:-2|1:-2|2:-1",10245,4,1085
"-1:-1|0:-2|1:-2|2:0",10246,4,1129
"-1:-1|0:-2|1:-2|2:1",10247,4,1133
"-1:-1|0:-2|1:-2|2:2",10248,4,1037
"-1:-1|-1:0|0:-2|1:-1",10249,4,1650
"-1:-1|-1:1|0:-2|1:-1",10250,4,1651
"-1:-1|-1:2|0:-2|1:-1",10251,4,1638
"-1:-1|0:-2|1:-1|2:-2",10252,4,575
"-1:-1|0:-2|1:-1|2:-1",10253,4,1374
"-1:-1|0:-2|1:-1|2:0",10254,4,1649
"-1:-1|0:-2|1:-1|2:1",10255,4,1535
"-1:-1|0:-2|1:-1|2:2",10256,4,1006
"-1:-1|-1:0|0:2|1:1",10257,4,1666
"-1:-1|0:-2|1:0|1:2",10258,4,1618
"-1:-1|0:-2|1:0|2:-2",10259,4,609
"-1:-1|0:-2|1:0|2:-1",10260,4,1454
"-1:-1|0:-2|1:0|2:0",10261,4,1663
"-1:-1|0:-2|1:0|2:1",10262,4,1482
"-1:-1|0:-2|1:0|2:2",10263,4,959
"-1:-1|0:-2|1:1|1:2",10264,4,1425
"-1:-1|0:-2|1:1|2:-2",10265,4,613
"-1:-1|0:-2|1:1|2:-1",10266,4,1508
"-1:-1|0:-2|1:1|2:0",10267,4,1670
"-1:-1|0:-2|1:1|2:1",10268,4,1403
"-1:-1|0:-2|1:1|2:2",10269,4,914
"-1:-1|0:-2|1:2|2:-2",10270,4,618
"-1:-1|0:-2|1:2|2:-1",10271,4,1554
"-1:-1|0:-2|1:2|2:0",10272,4,1597
"-1:-1|0:-2|1:2|2:1",10273,4,1329
"-1:-1|0:-2|1:2|2:2",10274,4,528
"-1:-1|0:-2|2:-2|2:-1",10275,4,460
"-1:-1|0:-2|2:-2|2:0",10276,4,608
"-1:-1|0:-2|2:-2|2:1",10277,4,612
"-1:-1|0:-2|2:-2|2:2",10278,4,617
"-1:-1|0:-2|2:-1|2:0",10279,4,1156
"-1:-1|0:-2|2:-1|2:1",10280,4,1257
"-1:-1|0:-2|2:-1|2:2",10281,4,798
"-1:-1|0:-2|2:0|2:1",10282,4,1185
"-1:-1|0:-2|2:0|2:2",10283,4,667
"-1:-1|0:-2|2:1|2:2",10284,4,495
"-1:-1|-1:0|1:0|2:0",10285,4,1689
"-1:-1|0:-1|0:1|1:-2",10286,4,1435
"-1:-1|-1:0|-1:1|1:0",10287,4,1705
"-1:-1|-1:0|0:1|1:0",10288,4,1709
"-1:-1|-1:0|1:0|1:1",10289,4,1713
"-1:-1|-1:0|1:0|2:1",10290,4,1496
"-1:-1|0:-1|0:1|2:-2",10291,4,926
"-1:-1|-1:0|-1:2|1:0",10292,4,1600
"-1:-1|-1:0|0:2|1:0",10293,4,1696
"-1:-1|-1:0|1:0|1:2",10294,4,1602
"-1:-1|-1:0|1:0|2:2",10295,4,971
"-1:-1|0:-1|0:2|1:-2",10296,4,1439
"-1:-1|-1:0|-1:1|2:0",10297,4,1702
"-1:-1|-1:0|0:1|2:0",10298,4,1701
"-1:-1|-1:0|1:1|2:0",10299,4,1675
"-1:-1|-1:0|2:0|2:1",10300,4,1203
"-1:-1|0:-1|0:2|2:-2",10301,4,930
"-1:-1|-1:0|-1:2|2:0",10302,4,1606
"-1:-1|-1:0|0:2|2:0",10303,4,1693
"-1:-1|-1:0|1:2|2:0",10304,4,1580
"-1:-1|-1:0|2:0|2:2",10305,4,690
"-1:-1|0:-1|1:-2|1:-1",10306,4,1334
"-1:-1|0:-1|1:-2|1:0",10307,4,1430
"-1:-1|-1:2|0:1|1:1",10308,4,1434
"-1:-1|0:-1|1:-2|1:2",10309,4,1438
"-1:-1|0:-1|1:-2|2:-2",10310,4,411
"-1:-1|0:-1|1:-2|2:-1",10311,4,1295
"-1:-1|0:-1|1:-2|2:0",10312,4,1429
"-1:-1|0:-1|1:-2|2:1",10313,4,1433
"-1:-1|0:-1|1:-2|2:2",10314,4,1031
"-1:-1|-1:0|-1:1|0:-1",10315,4,1703
"-1:-1|-1:0|-1:1|1:-1",10316,4,1704
"-1:-1|-1:0|-1:1|2:-1",10317,4,1636
"-1:-1|0:-1|1:-1|2:-2",10318,4,875
"-1:-1|-1:0|-1:1|-1:2",10319,4,1384
"-1:-1|-1:0|-1:1|0:-2",10320,4,1659
"-1:-1|-1:0|-1:1|1:-2",10321,4,1528
"-1:-1|-1:0|-1:1|2:-2",10322,4,999
"-1:-1|-1:0|0:1|1:1",10323,4,1710
"-1:-1|-1:0|0:1|2:1",10324,4,1615
"-1:-1|0:-1|1:0|2:-2",10325,4,922
"-1:-1|-1:0|-1:2|0:1",10326,4,1463
"-1:-1|-1:0|0:1|0:2",10327,4,1685
"-1:-1|-1:0|0:1|1:2",10328,4,1474
"-1:-1|-1:0|0:1|2:2",10329,4,951
"-1:-1|-1:0|1:1|2:1",10330,4,1418
"-1:-1|0:-1|1:1|2:-2",10331,4,925
"-1:-1|-1:0|-1:2|1:1",10332,4,1517
"-1:-1|-1:0|0:2|1:1",10333,4,1666
"-1:-1|-1:0|1:1|1:2",10334,4,1395
"-1:-1|-1:0|1:1|2:2",10335,4,909
"-1:-1|0:-1|1:2|2:-2",10336,4,929
"-1:-1|-1:0|-1:2|2:1",10337,4,1559
"-1:-1|-1:0|0:2|2:1",10338,4,1594
"-1:-1|-1:0|1:2|2:1",10339,4,1325
"-1:-1|-1:0|2:1|2:2",10340,4,518
"-1:-1|0:-1|2:-2|2:-1",10341,4,472
"-1:-1|0:-1|2:-2|2:0",10342,4,644
"-1:-1|0:-1|2:-2|2:1",10343,4,775
"-1:-1|0:-1|2:-2|2:2",10344,4,857
"-1:-1|-1:0|-1:2|0:2",10345,4,1166
"-1:-1|-1:0|-1:2|1:2",10346,4,1266
"-1:-1|-1:0|-1:2|2:2",10347,4,788
"-1:-1|-1:0|0:2|1:2",10348,4,1177
"-1:-1|-1:0|0:2|2:2",10349,4,657
"-1:-1|-1:0|1:2|2:2",10350,4,485
"-1:-1|0:1|0:2|1:-2",10351,4,1550
"-1:-1|-1:1|1:0|2:0",10352,4,1690
"-1:-1|0:1|0:2|1:0",10353,4,1687
"-1:-1|0:-2|0:-1|1:1",10354,4,1647
"-1:-1|0:1|0:2|1:2",10355,4,1123
"-1:-1|0:1|0:2|2:-2",10356,4,1017
"-1:-1|-1:2|1:0|2:0",10357,4,1619
"-1:-1|0:1|0:2|2:0",10358,4,1682
"-1:-1|0:1|0:2|2:1",10359,4,1572
"-1:-1|0:1|0:2|2:2",10360,4,600
"-1:-1|0:1|1:-2|1:-1",10361,4,1355
"-1:-1|0:1|1:-2|1:0",10362,4,1518
"-1:-1|-1:0|1:1|2:-1",10363,4,1544
"-1:-1|0:1|1:-2|1:2",10364,4,1501
"-1:-1|0:1|1:-2|2:-2",10365,4,434
"-1:-1|0:1|1:-2|2:-1",10366,4,1311
"-1:-1|0:1|1:-2|2:0",10367,4,1509
"-1:-1|0:1|1:-2|2:1",10368,4,1539
"-1:-1|0:1|1:-2|2:2",10369,4,978
"-1:-1|-1:0|0:1|1:-1",10370,4,1708
"-1:-1|-1:0|1:-1|1:1",10371,4,1712
"-1:-1|-1:1|1:0|2:-1",10372,4,1492
"-1:-1|0:1|1:-1|2:-2",10373,4,892
"-1:-1|-1:1|-1:2|1:0",10374,4,1393
"-1:-1|-1:1|0:-2|1:0",10375,4,1664
"-1:-1|-1:1|1:-2|1:0",10376,4,1519
"-1:-1|-1:1|1:0|2:-2",10377,4,965
"-1:-1|-1:0|0:-1|1:1",10378,4,1707
"-1:-1|0:1|1:0|1:2",10379,4,1465
"-1:-1|0:1|1:0|2:-2",10380,4,949
"-1:-1|-1:2|0:1|1:0",10381,4,1472
"-1:-1|0:1|0:2|1:0",10382,4,1687
"-1:-1|0:1|1:0|1:2",10383,4,1465
"-1:-1|0:1|1:0|2:2",10384,4,945
"-1:-1|0:1|1:1|1:2",10385,4,1343
"-1:-1|-1:0|1:1|2:-2",10386,4,997
"-1:-1|-1:0|1:-2|1:1",10387,4,1526
"-1:-1|-1:0|0:-2|1:1",10388,4,1661
"-1:-1|0:1|1:1|2:1",10389,4,1386
"-1:-1|0:1|1:1|2:2",10390,4,882
"-1:-1|0:1|1:2|2:-2",10391,4,1016
"-1:-1|-1:2|1:0|2:1",10392,4,1487
"-1:-1|0:1|1:2|2:0",10393,4,1456
"-1:-1|0:1|1:2|2:1",10394,4,1302
"-1:-1|0:1|1:2|2:2",10395,4,420
"-1:-1|0:1|2:-2|2:-1",10396,4,483
"-1:-1|0:1|2:-2|2:0",10397,4,655
"-1:-1|0:1|2:-2|2:1",10398,4,786
"-1:-1|0:1|2:-2|2:2",10399,4,859
"-1:-1|-1:2|0:2|1:0",10400,4,1175
"-1:-1|-1:2|1:0|1:2",10401,4,1268
"-1:-1|-1:2|1:0|2:2",10402,4,777
"-1:-1|0:1|2:0|2:1",10403,4,1168
"-1:-1|0:1|2:0|2:2",10404,4,646
"-1:-1|0:1|2:1|2:2",10405,4,474
"-1:-1|0:2|1:-2|1:-1",10406,4,1359
"-1:-1|0:2|1:-2|1:0",10407,4,1522
"-1:-1|-1:2|0:-2|1:1",10408,4,1547
"-1:-1|0:2|1:-2|1:2",10409,4,1209
"-1:-1|0:2|1:-2|2:-2",10410,4,439
"-1:-1|0:2|1:-2|2:-1",10411,4,1315
"-1:-1|0:2|1:-2|2:0",10412,4,1513
"-1:-1|0:2|1:-2|2:1",10413,4,1542
"-1:-1|0:2|1:-2|2:2",10414,4,699
"-1:-1|-1:0|0:2|1:-1",10415,4,1700
"-1:-1|-1:1|0:-2|1:1",10416,4,1673
"-1:-1|-1:1|2:-1|2:0",10417,4,1198
"-1:-1|0:2|1:-1|2:-2",10418,4,896
"-1:-1|-1:1|-1:2|2:0",10419,4,1401
"-1:-1|-1:1|0:-2|2:0",10420,4,1668
"-1:-1|-1:1|1:-2|2:0",10421,4,1510
"-1:-1|-1:1|2:-2|2:0",10422,4,683
"-1:-1|-1:0|0:-2|1:1",10423,4,1661
"-1:-1|0:1|2:0|2:1",10424,4,1168
"-1:-1|0:2|1:0|2:-2",10425,4,957
"-1:-1|-1:2|0:1|2:0",10426,4,1480
"-1:-1|0:1|0:2|2:0",10427,4,1682
"-1:-1|0:1|1:2|2:0",10428,4,1456
"-1:-1|0:1|2:0|2:2",10429,4,646
"-1:-1|0:2|1:1|1:2",10430,4,1109
"-1:-1|0:2|1:1|2:-2",10431,4,1004
"-1:-1|-1:2|1:1|2:0",10432,4,1533
"-1:-1|0:2|1:1|2:0",10433,4,1656
"-1:-1|0:2|1:1|2:1",10434,4,1376
"-1:-1|0:2|1:1|2:2",10435,4,584
"-1:-1|0:2|1:2|2:-2",10436,4,1026
"-1:-1|-1:2|2:0|2:1",10437,4,1192
"-1:-1|0:2|1:2|2:0",10438,4,1158
"-1:-1|0:2|1:2|2:1",10439,4,1094
"-1:-1|0:2|1:2|2:2",10440,4,339
"-1:-1|0:2|2:-2|2:-1",10441,4,493
"-1:-1|0:2|2:-2|2:0",10442,4,665
"-1:-1|0:2|2:-2|2:1",10443,4,796
"-1:-1|0:2|2:-2|2:2",10444,4,698
"-1:-1|-1:2|0:2|2:0",10445,4,1183
"-1:-1|-1:2|1:2|2:0",10446,4,1259
"-1:-1|-1:2|2:0|2:2",10447,4,676
"-1:-1|0:2|1:2|2:0",10448,4,1158
"-1:-1|0:2|2:0|2:2",10449,4,638
"-1:-1|0:2|2:1|2:2",10450,4,462
"-1:-1|1:-2|1:-1|1:0",10451,4,1350
"-1:-1|-1:1|-1:2|1:1",10452,4,1354
"-1:-1|1:-2|1:-1|1:2",10453,4,1358
"-1:-1|1:-2|1:-1|2:-2",10454,4,395
"-1:-1|1:-2|1:-1|2:-1",10455,4,1289
"-1:-1|1:-2|1:-1|2:0",10456,4,1349
"-1:-1|1:-2|1:-1|2:1",10457,4,1353
"-1:-1|1:-2|1:-1|2:2",10458,4,991
"-1:-1|-1:0|-1:2|1:1",10459,4,1517
"-1:-1|1:-2|1:0|1:2",10460,4,1521
"-1:-1|1:-2|1:0|2:-2",10461,4,429
"-1:-1|1:-2|1:0|2:-1",10462,4,1300
"-1:-1|1:-2|1:0|2:0",10463,4,1505
"-1:-1|1:-2|1:0|2:1",10464,4,1447
"-1:-1|1:-2|1:0|2:2",10465,4,938
"-1:-1|1:-2|1:1|1:2",10466,4,1424
"-1:-1|1:-2|1:1|2:-2",10467,4,433
"-1:-1|1:-2|1:1|2:-1",10468,4,1310
"-1:-1|0:-2|1:1|2:-1",10469,4,1508
"-1:-1|1:-2|1:1|2:1",10470,4,1367
"-1:-1|1:-2|1:1|2:2",10471,4,902
"-1:-1|1:-2|1:2|2:-2",10472,4,438
"-1:-1|1:-2|1:2|2:-1",10473,4,1314
"-1:-1|1:-2|1:2|2:0",10474,4,1512
"-1:-1|1:-2|1:2|2:1",10475,4,1319
"-1:-1|1:-2|1:2|2:2",10476,4,527
"-1:-1|1:-2|2:-2|2:-1",10477,4,387
"-1:-1|1:-2|2:-2|2:0",10478,4,428
"-1:-1|1:-2|2:-2|2:1",10479,4,432
"-1:-1|1:-2|2:-2|2:2",10480,4,437
"-1:-1|1:-2|2:-1|2:0",10481,4,1092
"-1:-1|1:-2|2:-1|2:1",10482,4,1226
"-1:-1|1:-2|2:-1|2:2",10483,4,766
"-1:-1|1:-2|2:0|2:1",10484,4,1148
"-1:-1|1:-2|2:0|2:2",10485,4,629
"-1:-1|1:-2|2:1|2:2",10486,4,449
"-1:-1|-1:0|-1:1|1:-1",10487,4,1704
"-1:-1|-1:0|-1:2|1:-1",10488,4,1612
"-1:-1|1:-1|1:0|2:-2",10489,4,880
"-1:-1|-1:1|-1:2|0:1",10490,4,1341
"-1:-1|-1:1|0:-2|0:-1",10491,4,1645
"-1:-1|-1:1|0:-1|1:-2",10492,4,1436
"-1:-1|-1:1|0:-1|2:-2",10493,4,927
"-1:-1|-1:1|-1:2|1:-1",10494,4,1413
"-1:-1|1:-1|1:1|2:-2",10495,4,891
"-1:-1|-1:1|-1:2|1:1",10496,4,1354
"-1:-1|-1:1|0:-2|1:-1",10497,4,1651
"-1:-1|-1:1|1:-2|1:-1",10498,4,1356
"-1:-1|-1:1|1:-1|2:-2",10499,4,893
"-1:-1|1:-1|1:2|2:-2",10500,4,895
"-1:-1|-1:1|-1:2|2:1",10501,4,1365
"-1:-1|-1:1|0:-2|2:-1",10502,4,1591
"-1:-1|-1:1|1:-2|2:-1",10503,4,1312
"-1:-1|-1:1|2:-2|2:-1",10504,4,511
"-1:-1|1:-1|2:-2|2:-1",10505,4,402
"-1:-1|1:-1|2:-2|2:0",10506,4,582
"-1:-1|1:-1|2:-2|2:1",10507,4,722
"-1:-1|1:-1|2:-2|2:2",10508,4,842
"-1:-1|-1:1|-1:2|0:2",10509,4,1107
"-1:-1|-1:1|-1:2|1:2",10510,4,1240
"-1:-1|-1:1|-1:2|2:2",10511,4,753
"-1:-1|-1:1|0:-2|1:-2",10512,4,1136
"-1:-1|-1:1|0:-2|2:-2",10513,4,615
"-1:-1|-1:1|1:-2|2:-2",10514,4,435
"-1:-1|0:1|1:1|2:1",10515,4,1386
"-1:-1|0:-1|1:1|2:-2",10516,4,925
"-1:-1|-1:2|0:1|1:1",10517,4,1434
"-1:-1|0:-2|0:-1|1:1",10518,4,1647
"-1:-1|0:1|1:1|1:2",10519,4,1343
"-1:-1|0:1|1:1|2:2",10520,4,882
"-1:-1|1:0|1:2|2:-2",10521,4,936
"-1:-1|-1:2|0:1|2:1",10522,4,1445
"-1:-1|0:1|0:2|2:1",10523,4,1572
"-1:-1|0:1|1:2|2:1",10524,4,1302
"-1:-1|0:1|2:1|2:2",10525,4,474
"-1:-1|1:0|2:-2|2:-1",10526,4,418
"-1:-1|1:0|2:-2|2:0",10527,4,598
"-1:-1|1:0|2:-2|2:1",10528,4,737
"-1:-1|1:0|2:-2|2:2",10529,4,851
"-1:-1|-1:2|0:1|0:2",10530,4,1121
"-1:-1|-1:2|0:1|1:2",10531,4,1250
"-1:-1|-1:2|0:1|2:2",10532,4,739
"-1:-1|0:1|0:2|1:2",10533,4,1123
"-1:-1|0:1|0:2|2:2",10534,4,600
"-1:-1|0:1|1:2|2:2",10535,4,420
"-1:-1|1:1|1:2|2:-2",10536,4,989
"-1:-1|-1:2|1:1|2:1",10537,4,1408
"-1:-1|0:2|1:1|2:1",10538,4,1376
"-1:-1|1:1|1:2|2:1",10539,4,1293
"-1:-1|1:1|1:2|2:2",10540,4,404
"-1:-1|1:-2|1:1|2:-2",10541,4,433
"-1:-1|0:-2|1:1|2:-2",10542,4,613
"-1:-1|1:1|2:-2|2:1",10543,4,751
"-1:-1|1:1|2:-2|2:2",10544,4,844
"-1:-1|-1:2|0:2|1:1",10545,4,1134
"-1:-1|-1:2|1:1|1:2",10546,4,1242
"-1:-1|-1:2|1:1|2:2",10547,4,724
"-1:-1|0:2|1:1|1:2",10548,4,1109
"-1:-1|0:2|1:1|2:2",10549,4,584
"-1:-1|1:1|1:2|2:2",10550,4,404
"-1:-1|1:2|2:-2|2:-1",10551,4,447
"-1:-1|1:2|2:-2|2:0",10552,4,627
"-1:-1|1:2|2:-2|2:1",10553,4,764
"-1:-1|1:2|2:-2|2:2",10554,4,526
"-1:-1|-1:2|0:2|2:1",10555,4,1146
"-1:-1|-1:2|1:2|2:1",10556,4,1228
"-1:-1|-1:2|2:1|2:2",10557,4,504
"-1:-1|0:2|1:2|2:1",10558,4,1094
"-1:-1|0:2|2:1|2:2",10559,4,462
"-1:-1|1:2|2:1|2:2",10560,4,391
"-1:-1|2:-2|2:-1|2:0",10561,4,337
"-1:-1|2:-2|2:-1|2:1",10562,4,357
"-1:-1|2:-2|2:-1|2:2",10563,4,376
"-1:-1|2:-2|2:0|2:1",10564,4,555
"-1:-1|2:-2|2:0|2:2",10565,4,569
"-1:-1|2:-2|2:1|2:2",10566,4,378
"-1:-1|-1:2|0:2|1:2",10567,4,1079
"-1:-1|-1:2|0:2|2:2",10568,4,557
"-1:-1|-1:2|1:2|2:2",10569,4,359
"-1:-1|0:2|1:2|2:2",10570,4,339
"-1:-2|-1:-1|-1:0|0:2",10571,4,1389
"-1:-2|-1:-1|-1:0|0:1",10572,4,1385
"-1:-2|-1:-1|-1:0|0:-1",10573,4,1337
"-1:-2|-1:-1|-1:0|0:-2",10574,4,1103
"-1:-2|-1:-1|-1:0|1:2",10575,4,1390
"-1:-1|0:1|1:1|2:1",10576,4,1386
"-1:-2|-1:-1|-1:0|1:0",10577,4,1381
"-1:-1|1:-2|1:-1|1:0",10578,4,1350
"-1:-2|-1:-1|-1:0|1:-2",10579,4,1236
"-1:-2|-1:-1|-1:0|2:2",10580,4,1063
"-1:-2|-1:-1|-1:0|2:1",10581,4,1387
"-1:-2|-1:-1|-1:0|2:0",10582,4,1382
"-1:-2|-1:-1|-1:0|2:-1",10583,4,1362
"-1:-2|-1:-1|-1:0|2:-2",10584,4,748
"-1:-1|-1:0|0:1|0:2",10585,4,1685
"-1:-1|-1:0|0:-1|0:2",10586,4,1699
"-1:-1|-1:0|0:-2|0:2",10587,4,1662
"-1:-1|-1:0|0:2|1:2",10588,4,1177
"-1:-1|-1:0|0:2|1:1",10589,4,1666
"-1:-1|-1:0|0:2|1:0",10590,4,1696
"-1:-1|-1:0|0:2|1:-1",10591,4,1700
"-1:-1|-1:0|0:2|1:-2",10592,4,1530
"-1:-1|-1:0|0:2|2:2",10593,4,657
"-1:-1|-1:0|0:2|2:1",10594,4,1594
"-1:-1|-1:0|0:2|2:0",10595,4,1693
"-1:-1|-1:0|0:2|2:-1",10596,4,1630
"-1:-1|-1:0|0:2|2:-2",10597,4,1002
"-1:-1|-1:0|0:-1|0:1",10598,4,1706
"-1:-1|-1:0|0:-2|0:1",10599,4,1660
"-1:-1|-1:0|0:1|1:2",10600,4,1474
"-1:-1|-1:0|0:1|1:1",10601,4,1710
"-1:-1|-1:0|0:1|1:0",10602,4,1709
"-1:-1|-1:0|0:1|1:-1",10603,4,1708
"-1:-1|-1:0|0:1|1:-2",10604,4,1527
"-1:-1|-1:0|0:1|2:2",10605,4,951
"-1:-1|-1:0|0:1|2:1",10606,4,1615
"-1:-1|-1:0|0:1|2:0",10607,4,1701
"-1:-1|-1:0|0:1|2:-1",10608,4,1624
"-1:-1|-1:0|0:1|2:-2",10609,4,998
"-1:-1|-1:0|0:-2|0:-1",10610,4,1642
"-1:-1|-1:0|0:-1|1:2",10611,4,1627
"-1:-1|-1:0|0:-1|1:1",10612,4,1707
"-1:-1|-1:0|0:-1|0:1",10613,4,1706
"-1:-1|-1:0|-1:1|0:-1",10614,4,1703
"-1:-1|-1:0|0:-1|1:-2",10615,4,1431
"-1:-1|-1:0|0:-1|2:2",10616,4,1059
"-1:-1|-1:0|0:-1|1:2",10617,4,1627
"-1:-1|-1:0|0:-1|0:2",10618,4,1699
"-1:-1|-1:0|-1:2|0:-1",10619,4,1611
"-1:-1|-1:0|0:-1|2:-2",10620,4,923
"-1:-1|-1:0|0:-2|1:2",10621,4,1629
"-1:-1|-1:0|0:-2|1:1",10622,4,1661
"-1:-1|-1:0|0:-2|1:0",10623,4,1657
"-1:-1|-1:0|0:-2|1:-1",10624,4,1650
"-1:-1|-1:0|0:-2|1:-2",10625,4,1131
"-1:-1|-1:0|0:-2|2:2",10626,4,1062
"-1:-1|-1:0|0:-2|2:1",10627,4,1633
"-1:-1|-1:0|0:-2|2:0",10628,4,1658
"-1:-1|-1:0|0:-2|2:-1",10629,4,1590
"-1:-1|-1:0|0:-2|2:-2",10630,4,610
"-1:-1|-1:0|1:1|1:2",10631,4,1395
"-1:-1|-1:0|1:0|1:2",10632,4,1602
"-1:-1|-1:0|1:-1|1:2",10633,4,1625
"-1:-1|-1:0|1:-2|1:2",10634,4,1529
"-1:-1|-1:0|1:2|2:2",10635,4,485
"-1:-1|-1:0|1:2|2:1",10636,4,1325
"-1:-1|-1:0|1:2|2:0",10637,4,1580
"-1:-1|-1:0|1:2|2:-1",10638,4,1565
"-1:-1|-1:0|1:2|2:-2",10639,4,1001
"-1:-1|-1:0|1:0|1:1",10640,4,1713
"-1:-1|-1:0|1:-1|1:1",10641,4,1712
"-1:-1|-1:0|1:-2|1:1",10642,4,1526
"-1:-1|-1:0|1:1|2:2",10643,4,909
"-1:-1|-1:0|1:1|2:1",10644,4,1418
"-1:-1|-1:0|1:1|2:0",10645,4,1675
"-1:-1|-1:0|1:1|2:-1",10646,4,1544
"-1:-1|-1:0|1:1|2:-2",10647,4,997
"-1:-1|-1:0|1:-1|1:0",10648,4,1711
"-1:-1|-1:0|1:-2|1:0",10649,4,1515
"-1:-1|-1:0|1:0|2:2",10650,4,971
"-1:-1|-1:0|1:0|2:1",10651,4,1496
"-1:-1|-1:0|1:0|2:0",10652,4,1689
"-1:-1|-1:0|1:0|2:-1",10653,4,1491
"-1:-1|-1:0|1:0|2:-2",10654,4,964
"-1:-1|-1:0|1:-2|1:-1",10655,4,1351
"-1:-1|-1:0|1:-1|2:2",10656,4,1014
"-1:-1|-1:0|1:-1|2:1",10657,4,1549
"-1:-1|-1:0|1:-1|2:0",10658,4,1672
"-1:-1|-1:0|1:-1|2:-1",10659,4,1412
"-1:-1|-1:0|1:-1|2:-2",10660,4,889
"-1:-1|-1:0|1:-2|2:2",10661,4,1042
"-1:-1|-1:0|1:-2|2:1",10662,4,1525
"-1:-1|-1:0|1:-2|2:0",10663,4,1506
"-1:-1|-1:0|1:-2|2:-1",10664,4,1308
"-1:-1|-1:0|1:-2|2:-2",10665,4,430
"-1:-1|-1:0|2:1|2:2",10666,4,518
"-1:-1|-1:0|2:0|2:2",10667,4,690
"-1:-1|-1:0|2:-1|2:2",10668,4,815
"-1:-1|-1:0|2:-2|2:2",10669,4,864
"-1:-1|-1:0|2:0|2:1",10670,4,1203
"-1:-1|-1:0|2:-1|2:1",10671,4,1280
"-1:-1|-1:0|2:-2|2:1",10672,4,807
"-1:-1|-1:0|2:-1|2:0",10673,4,1197
"-1:-1|-1:0|2:-2|2:0",10674,4,682
"-1:-1|-1:0|2:-2|2:-1",10675,4,510
"-1:-2|-1:0|0:1|0:2",10676,4,1617
"-1:-2|-1:0|0:-1|0:2",10677,4,1468
"-1:-2|-1:0|0:-2|0:2",10678,4,1171
"-1:-2|-1:0|0:2|1:2",10679,4,1181
"-1:-1|0:-2|1:0|1:2",10680,4,1618
"-1:-2|-1:0|0:2|1:0",10681,4,1604
"-1:-1|0:2|1:-2|1:0",10682,4,1522
"-1:-2|-1:0|0:2|1:-2",10683,4,1271
"-1:-2|-1:0|0:2|2:2",10684,4,662
"-1:-2|-1:0|0:2|2:1",10685,4,1595
"-1:-2|-1:0|0:2|2:0",10686,4,1610
"-1:-2|-1:0|0:2|2:-1",10687,4,1562
"-1:-2|-1:0|0:2|2:-2",10688,4,792
"-1:-2|-1:0|0:-1|0:1",10689,4,1464
"-1:-2|-1:0|0:-2|0:1",10690,4,1167
"-1:-2|-1:0|0:1|1:2",10691,4,1478
"-1:-1|-1:0|0:1|2:1",10692,4,1615
"-1:-2|-1:0|0:1|1:0",10693,4,1601
"-1:-1|0:1|1:-2|1:0",10694,4,1518
"-1:-2|-1:0|0:1|1:-2",10695,4,1267
"-1:-2|-1:0|0:1|2:2",10696,4,955
"-1:-2|-1:0|0:1|2:1",10697,4,1616
"-1:-2|-1:0|0:1|2:0",10698,4,1607
"-1:-2|-1:0|0:1|2:-1",10699,4,1560
"-1:-2|-1:0|0:1|2:-2",10700,4,787
"-1:-2|-1:0|0:-2|0:-1",10701,4,1117
"-1:-2|-1:0|0:-1|1:2",10702,4,1469
"-1:-1|0:1|1:0|1:2",10703,4,1465
"-1:-2|-1:0|0:-1|1:0",10704,4,1461
"-1:-1|0:-1|1:-2|1:0",10705,4,1430
"-1:-2|-1:0|0:-1|1:-2",10706,4,1248
"-1:-2|-1:0|0:-1|2:2",10707,4,1060
"-1:-2|-1:0|0:-1|2:1",10708,4,1466
"-1:-2|-1:0|0:-1|2:0",10709,4,1462
"-1:-2|-1:0|0:-1|2:-1",10710,4,1442
"-1:-2|-1:0|0:-1|2:-2",10711,4,734
"-1:-2|-1:0|0:-2|1:2",10712,4,1172
"-1:-1|0:1|2:0|2:1",10713,4,1168
"-1:-2|-1:0|0:-2|1:0",10714,4,1163
"-1:-1|0:-2|1:-2|1:0",10715,4,1130
"-1:-2|-1:0|0:-2|1:-2",10716,4,1077
"-1:-2|-1:0|0:-2|2:2",10717,4,1066
"-1:-2|-1:0|0:-2|2:1",10718,4,1169
"-1:-2|-1:0|0:-2|2:0",10719,4,1164
"-1:-2|-1:0|0:-2|2:-1",10720,4,1142
"-1:-2|-1:0|0:-2|2:-2",10721,4,552
"-1:-2|-1:-1|1:0|1:2",10722,4,1399
"-1:-2|-1:0|1:0|1:2",10723,4,1605
"-1:-1|-1:2|1:-2|1:0",10724,4,1523
"-1:-2|-1:0|1:-2|1:2",10725,4,1272
"-1:-2|-1:0|1:2|2:2",10726,4,490
"-1:-2|-1:0|1:2|2:1",10727,4,1328
"-1:-2|-1:0|1:2|2:0",10728,4,1583
"-1:-2|-1:0|1:2|2:-1",10729,4,1563
"-1:-2|-1:0|1:2|2:-2",10730,4,791
"-1:-1|-1:0|1:0|1:2",10731,4,1602
"-1:-1|-1:1|1:-2|1:0",10732,4,1519
"-1:-1|-1:2|1:0|1:2",10733,4,1268
"-1:-2|-1:0|1:1|2:2",10734,4,912
"-1:-2|-1:-1|0:1|2:1",10735,4,1419
"-1:-1|0:-2|0:1|2:1",10736,4,1608
"-1:-1|0:1|1:-2|2:1",10737,4,1539
"-1:-1|0:1|2:-2|2:1",10738,4,786
"-1:-1|-1:0|1:-2|1:0",10739,4,1515
"-1:-2|-1:0|1:-2|1:0",10740,4,1264
"-1:-2|-1:0|1:0|2:2",10741,4,972
"-1:-2|-1:0|1:0|2:1",10742,4,1497
"-1:-2|-1:0|1:0|2:0",10743,4,1599
"-1:-2|-1:0|1:0|2:-1",10744,4,1486
"-1:-2|-1:0|1:0|2:-2",10745,4,773
"-1:-2|-1:-1|1:-2|1:0",10746,4,1237
"-1:-2|-1:0|1:-1|2:2",10747,4,1015
"-1:-2|-1:0|1:-1|2:1",10748,4,1520
"-1:-2|-1:0|1:-1|2:0",10749,4,1516
"-1:-2|-1:0|1:-1|2:-1",10750,4,1407
"-1:-2|-1:0|1:-1|2:-2",10751,4,719
"-1:-2|-1:0|1:-2|2:2",10752,4,1043
"-1:-2|-1:0|1:-2|2:1",10753,4,1269
"-1:-2|-1:0|1:-2|2:0",10754,4,1255
"-1:-2|-1:0|1:-2|2:-1",10755,4,1223
"-1:-2|-1:0|1:-2|2:-2",10756,4,354
"-1:-2|-1:0|2:1|2:2",10757,4,519
"-1:-2|-1:0|2:0|2:2",10758,4,691
"-1:-2|-1:0|2:-1|2:2",10759,4,816
"-1:-2|-1:0|2:-2|2:2",10760,4,790
"-1:-2|-1:0|2:0|2:1",10761,4,1204
"-1:-2|-1:0|2:-1|2:1",10762,4,1274
"-1:-2|-1:0|2:-2|2:1",10763,4,785
"-1:-2|-1:0|2:-1|2:0",10764,4,1191
"-1:-2|-1:0|2:-2|2:0",10765,4,675
"-1:-2|-1:0|2:-2|2:-1",10766,4,503
"-1:0|0:-1|0:1|0:2",10767,4,1686
"-1:0|0:-2|0:-1|0:2",10768,4,1688
"-1:-2|0:-2|0:-1|1:0",10769,4,1118
"-1:-1|0:-2|0:-1|1:0",10770,4,1643
"-1:0|0:-2|0:-1|1:0",10771,4,1684
"-1:-1|0:1|0:2|1:0",10772,4,1687
"-1:-2|0:1|0:2|1:0",10773,4,1628
"-1:0|0:-2|0:-1|2:-2",10774,4,595
"-1:0|0:-2|0:-1|2:-1",10775,4,1571
"-1:0|0:-2|0:-1|2:0",10776,4,1679
"-1:-2|0:1|1:0|2:0",10777,4,1620
"-1:0|0:-2|0:-1|2:2",10778,4,1054
"-1:0|0:-2|0:-1|0:2",10779,4,1688
"-1:-2|0:-2|0:1|1:0",10780,4,1176
"-1:-1|0:-2|0:1|1:0",10781,4,1665
"-1:0|0:-1|0:1|2:0",10782,4,1697
"-1:-1|-1:0|0:1|2:0",10783,4,1701
"-1:-2|0:-1|0:2|1:0",10784,4,1477
"-1:0|0:-1|0:2|2:2",10785,4,656
"-1:0|0:-1|0:2|2:1",10786,4,1579
"-1:0|0:-1|0:2|2:0",10787,4,1692
"-1:-2|-1:0|0:1|2:0",10788,4,1607
"-1:0|0:-1|0:2|2:-2",10789,4,954
"-1:-2|0:-2|0:2|1:0",10790,4,1180
"-1:-1|0:-2|0:2|1:0",10791,4,1667
"-1:0|0:-2|0:2|1:0",10792,4,1698
"-1:-1|0:-2|0:2|1:0",10793,4,1667
"-1:-2|0:-2|0:2|1:0",10794,4,1180
"-1:0|0:-2|0:2|2:-2",10795,4,661
"-1:0|0:-2|0:2|2:-1",10796,4,1585
"-1:0|0:-2|0:2|2:0",10797,4,1694
"-1:0|0:-2|0:2|2:-1",10798,4,1585
"-1:0|0:-2|0:2|2:-2",10799,4,661
"-1:-2|-1:-1|0:-2|1:0",10800,4,1104
"-1:-2|-1:0|0:-2|1:0",10801,4,1163
"-1:-1|-1:2|0:2|1:0",10802,4,1175
"-1:-2|-1:2|0:-2|1:0",10803,4,1179
"-1:0|0:-2|1:-2|2:-2",10804,4,334
"-1:0|0:-2|1:-2|2:-1",10805,4,1089
"-1:0|0:-2|1:-2|2:0",10806,4,1154
"-1:-2|0:1|2:-1|2:0",10807,4,1174
"-1:0|0:-2|1:-2|2:2",10808,4,1036
"-1:-1|-1:0|0:-2|1:0",10809,4,1657
"-1:-1|-1:1|0:-2|1:0",10810,4,1664
"-1:-1|-1:2|0:-2|1:0",10811,4,1626
"-1:0|0:-2|1:-1|2:-2",10812,4,579
"-1:0|0:-2|1:-1|2:-1",10813,4,1375
"-1:0|0:-2|1:-1|2:0",10814,4,1654
"-1:-2|0:1|1:-1|2:0",10815,4,1534
"-1:0|0:-2|1:-1|2:2",10816,4,1005
"-1:-1|-1:0|0:2|1:0",10817,4,1696
"-1:-2|-1:0|0:2|1:0",10818,4,1604
"-1:0|0:-2|1:0|2:-2",10819,4,641
"-1:0|0:-2|1:0|2:-1",10820,4,1455
"-1:0|0:-2|1:0|2:0",10821,4,1681
"-1:-2|0:-1|0:1|2:0",10822,4,1481
"-1:0|0:-2|1:0|2:2",10823,4,958
"-1:-2|-1:-1|0:2|1:0",10824,4,1398
"-1:-1|0:1|2:-2|2:0",10825,4,655
"-1:-1|0:1|1:-2|2:0",10826,4,1509
"-1:-1|0:-2|0:1|2:0",10827,4,1669
"-1:-2|-1:-1|0:1|2:0",10828,4,1402
"-1:0|0:-2|1:1|2:2",10829,4,911
"-1:0|0:-2|1:2|2:-2",10830,4,660
"-1:0|0:-2|1:2|2:-1",10831,4,1555
"-1:0|0:-2|1:2|2:0",10832,4,1582
"-1:0|0:-2|1:2|2:1",10833,4,1327
"-1:0|0:-2|1:2|2:2",10834,4,489
"-1:0|0:-2|2:-2|2:-1",10835,4,461
"-1:0|0:-2|2:-2|2:0",10836,4,636
"-1:-2|0:1|2:-2|2:0",10837,4,654
"-1:0|0:-2|2:-2|2:2",10838,4,659
"-1:0|0:-2|2:-1|2:0",10839,4,1157
"-1:-2|0:1|1:-2|2:0",10840,4,1258
"-1:0|0:-2|2:-1|2:2",10841,4,797
"-1:-2|0:-2|0:1|2:0",10842,4,1184
"-1:0|0:-2|2:0|2:2",10843,4,666
"-1:0|0:-2|2:1|2:2",10844,4,494
"-1:0|0:-1|0:1|0:2",10845,4,1686
"-1:-2|0:-1|0:1|1:0",10846,4,1473
"-1:-1|-1:0|0:1|1:0",10847,4,1709
"-1:0|0:-1|0:1|1:0",10848,4,1715
"-1:-1|-1:0|0:1|1:0",10849,4,1709
"-1:-2|0:-1|0:1|1:0",10850,4,1473
"-1:0|0:-1|0:1|2:-2",10851,4,950
"-1:-2|-1:0|0:1|1:0",10852,4,1601
"-1:0|0:-1|0:1|2:0",10853,4,1697
"-1:-2|-1:0|0:1|1:0",10854,4,1601
"-1:0|0:-1|0:1|2:-2",10855,4,950
"-1:-2|0:-1|0:2|1:0",10856,4,1477
"-1:-1|-1:0|0:1|2:0",10857,4,1701
"-1:0|0:-1|0:1|2:0",10858,4,1697
"-1:-1|0:-2|0:1|1:0",10859,4,1665
"-1:-2|0:-2|0:1|1:0",10860,4,1176
"-1:0|0:-1|0:2|2:-2",10861,4,954
"-1:-2|-1:0|0:1|2:0",10862,4,1607
"-1:0|0:-1|0:2|2:0",10863,4,1692
"-1:0|0:-1|0:2|2:1",10864,4,1579
"-1:0|0:-1|0:2|2:2",10865,4,656
"-1:-2|-1:-1|0:-1|1:0",10866,4,1338
"-1:-2|-1:0|0:-1|1:0",10867,4,1461
"-1:-1|-1:2|0:1|1:0",10868,4,1472
"-1:-2|-1:2|0:-1|1:0",10869,4,1476
"-1:0|0:-1|1:-2|2:-2",10870,4,415
"-1:0|0:-1|1:-2|2:-1",10871,4,1298
"-1:0|0:-1|1:-2|2:0",10872,4,1452
"-1:-2|0:1|1:0|2:-1",10873,4,1471
"-1:0|0:-1|1:-2|2:2",10874,4,1030
"-1:-1|-1:0|0:-1|0:1",10875,4,1706
"-1:-1|-1:0|0:1|1:-1",10876,4,1708
"-1:-1|-1:0|0:1|2:-1",10877,4,1624
"-1:0|0:-1|1:-1|2:-2",10878,4,878
"-1:-2|-1:-1|-1:0|0:1",10879,4,1385
"-1:-1|-1:0|0:-2|0:1",10880,4,1660
"-1:-1|-1:0|0:1|1:-2",10881,4,1527
"-1:-1|-1:0|0:1|2:-2",10882,4,998
"-1:-1|-1:0|0:1|1:0",10883,4,1709
"-1:-2|-1:0|0:1|1:0",10884,4,1601
"-1:0|0:-1|1:0|2:-2",10885,4,943
"-1:-2|-1:0|0:-1|0:1",10886,4,1464
"-1:0|0:-1|0:1|0:2",10887,4,1686
"-1:-2|0:-1|0:1|1:0",10888,4,1473
"-1:0|0:-1|0:1|2:-2",10889,4,950
"-1:-2|-1:-1|0:1|1:0",10890,4,1394
"-1:-1|0:1|1:0|2:-2",10891,4,949
"-1:-1|0:1|1:-2|1:0",10892,4,1518
"-1:-1|0:-2|0:1|1:0",10893,4,1665
"-1:-2|-1:-1|0:1|1:0",10894,4,1394
"-1:0|0:-1|1:1|2:2",10895,4,908
"-1:0|0:-1|1:2|2:-2",10896,4,953
"-1:-2|-1:0|0:1|2:-1",10897,4,1560
"-1:0|0:-1|0:2|2:1",10898,4,1579
"-1:0|0:-1|1:2|2:1",10899,4,1324
"-1:0|0:-1|1:2|2:2",10900,4,484
"-1:0|0:-1|2:-2|2:-1",10901,4,473
"-1:0|0:-1|2:-2|2:0",10902,4,645
"-1:-2|0:1|1:0|2:-2",10903,4,776
"-1:0|0:-1|2:-2|2:2",10904,4,858
"-1:-2|-1:0|0:-2|0:1",10905,4,1167
"-1:-2|-1:0|0:1|1:-2",10906,4,1267
"-1:-2|-1:0|0:1|2:-2",10907,4,787
"-1:-2|0:-2|0:1|1:0",10908,4,1176
"-1:0|0:-1|0:2|2:2",10909,4,656
"-1:0|0:-1|1:2|2:2",10910,4,484
"-1:-2|0:1|0:2|1:0",10911,4,1628
"-1:-1|0:1|0:2|1:0",10912,4,1687
"-1:0|0:-2|0:-1|1:0",10913,4,1684
"-1:-1|0:-2|0:-1|1:0",10914,4,1643
"-1:-2|0:-2|0:-1|1:0",10915,4,1118
"-1:0|0:-2|0:-1|2:2",10916,4,1054
"-1:-2|0:1|1:0|2:0",10917,4,1620
"-1:0|0:-2|0:-1|2:0",10918,4,1679
"-1:0|0:-2|0:-1|2:-1",10919,4,1571
"-1:0|0:-2|0:-1|2:-2",10920,4,595
"-1:-2|-1:-1|0:1|1:0",10921,4,1394
"-1:-2|-1:0|0:1|1:0",10922,4,1601
"-1:-1|-1:0|0:1|2:-1",10923,4,1624
"-1:-2|-1:2|0:-1|1:0",10924,4,1476
"-1:0|0:-1|1:2|2:2",10925,4,484
"-1:0|0:-1|1:2|2:1",10926,4,1324
"-1:0|0:-1|0:2|2:1",10927,4,1579
"-1:-2|-1:0|0:1|2:-1",10928,4,1560
"-1:0|0:-1|1:2|2:-2",10929,4,953
"-1:-1|-1:0|0:1|1:0",10930,4,1709
"-1:-1|-1:0|0:1|1:-1",10931,4,1708
"-1:-1|-1:2|0:1|1:0",10932,4,1472
"-1:0|0:-1|1:1|2:2",10933,4,908
"-1:-2|-1:-1|0:1|1:0",10934,4,1394
"-1:-1|0:-2|0:1|1:0",10935,4,1665
"-1:-1|0:1|1:-2|1:0",10936,4,1518
"-1:-1|0:1|1:0|2:-2",10937,4,949
"-1:-1|-1:0|0:-1|0:1",10938,4,1706
"-1:-2|-1:0|0:-1|1:0",10939,4,1461
"-1:0|0:-1|0:1|2:-2",10940,4,950
"-1:-2|0:-1|0:1|1:0",10941,4,1473
"-1:0|0:-1|0:1|0:2",10942,4,1686
"-1:-2|-1:0|0:-1|0:1",10943,4,1464
"-1:0|0:-1|1:0|2:-2",10944,4,943
"-1:-2|-1:-1|0:-1|1:0",10945,4,1338
"-1:-1|-1:0|0:1|2:-2",10946,4,998
"-1:-1|-1:0|0:1|1:-2",10947,4,1527
"-1:-1|-1:0|0:-2|0:1",10948,4,1660
"-1:-2|-1:-1|-1:0|0:1",10949,4,1385
"-1:0|0:-1|1:-1|2:-2",10950,4,878
"-1:0|0:-1|1:-2|2:2",10951,4,1030
"-1:-2|0:1|1:0|2:-1",10952,4,1471
"-1:0|0:-1|1:-2|2:0",10953,4,1452
"-1:0|0:-1|1:-2|2:-1",10954,4,1298
"-1:0|0:-1|1:-2|2:-2",10955,4,415
"-1:0|0:-1|1:2|2:2",10956,4,484
"-1:0|0:-1|0:2|2:2",10957,4,656
"-1:-2|-1:0|0:1|2:-2",10958,4,787
"-1:0|0:-1|2:-2|2:2",10959,4,858
"-1:-2|0:-2|0:1|1:0",10960,4,1176
"-1:-2|-1:0|0:1|1:-2",10961,4,1267
"-1:-2|0:1|1:0|2:-2",10962,4,776
"-1:-2|-1:0|0:-2|0:1",10963,4,1167
"-1:0|0:-1|2:-2|2:0",10964,4,645
"-1:0|0:-1|2:-2|2:-1",10965,4,473
"-1:-2|-1:-1|0:2|1:0",10966,4,1398
"-1:-2|-1:0|0:2|1:0",10967,4,1604
"-1:-1|-1:2|0:-2|1:0",10968,4,1626
"-1:-2|-1:2|0:-2|1:0",10969,4,1179
"-1:0|0:-2|1:2|2:2",10970,4,489
"-1:0|0:-2|1:2|2:1",10971,4,1327
"-1:0|0:-2|1:2|2:0",10972,4,1582
"-1:0|0:-2|1:2|2:-1",10973,4,1555
"-1:0|0:-2|1:2|2:-2",10974,4,660
"-1:-1|-1:0|0:2|1:0",10975,4,1696
"-1:-1|-1:1|0:-2|1:0",10976,4,1664
"-1:-1|-1:2|0:2|1:0",10977,4,1175
"-1:0|0:-2|1:1|2:2",10978,4,911
"-1:-2|-1:-1|0:1|2:0",10979,4,1402
"-1:-1|0:-2|0:1|2:0",10980,4,1669
"-1:-1|0:1|1:-2|2:0",10981,4,1509
"-1:-1|0:1|2:-2|2:0",10982,4,655
"-1:-1|-1:0|0:-2|1:0",10983,4,1657
"-1:-2|-1:0|0:-2|1:0",10984,4,1163
"-1:0|0:-2|1:0|2:2",10985,4,958
"-1:-2|0:-1|0:1|2:0",10986,4,1481
"-1:0|0:-2|1:0|2:0",10987,4,1681
"-1:0|0:-2|1:0|2:-1",10988,4,1455
"-1:0|0:-2|1:0|2:-2",10989,4,641
"-1:-2|-1:-1|0:-2|1:0",10990,4,1104
"-1:0|0:-2|1:-1|2:2",10991,4,1005
"-1:-2|0:1|1:-1|2:0",10992,4,1534
"-1:0|0:-2|1:-1|2:0",10993,4,1654
"-1:0|0:-2|1:-1|2:-1",10994,4,1375
"-1:0|0:-2|1:-1|2:-2",10995,4,579
"-1:0|0:-2|1:-2|2:2",10996,4,1036
"-1:-2|0:1|2:-1|2:0",10997,4,1174
"-1:0|0:-2|1:-2|2:0",10998,4,1154
"-1:0|0:-2|1:-2|2:-1",10999,4,1089
"-1:0|0:-2|1:-2|2:-2",11000,4,334
"-1:0|0:-2|2:1|2:2",11001,4,494
"-1:0|0:-2|2:0|2:2",11002,4,666
"-1:0|0:-2|2:-1|2:2",11003,4,797
"-1:0|0:-2|2:-2|2:2",11004,4,659
"-1:-2|0:-2|0:1|2:0",11005,4,1184
"-1:-2|0:1|1:-2|2:0",11006,4,1258
"-1:-2|0:1|2:-2|2:0",11007,4,654
"-1:0|0:-2|2:-1|2:0",11008,4,1157
"-1:0|0:-2|2:-2|2:0",11009,4,636
"-1:0|0:-2|2:-2|2:-1",11010,4,461
"-1:-2|-1:-1|-1:0|1:0",11011,4,1381
"-1:-1|-1:1|-1:2|1:0",11012,4,1393
"-1:-2|-1:-1|-1:2|1:0",11013,4,1397
"-1:0|1:-2|1:-1|2:-2",11014,4,399
"-1:0|1:-2|1:-1|2:-1",11015,4,1291
"-1:0|1:-2|1:-1|2:0",11016,4,1372
"-1:-2|0:1|1:-1|2:-1",11017,4,1392
"-1:0|1:-2|1:-1|2:2",11018,4,990
"-1:-1|-1:0|-1:2|1:0",11019,4,1600
"-1:-2|-1:0|-1:2|1:0",11020,4,1603
"-1:0|1:-2|1:0|2:-2",11021,4,469
"-1:0|1:-2|1:0|2:-1",11022,4,1301
"-1:0|1:-2|1:0|2:0",11023,4,1568
"-1:-2|0:-1|0:1|2:-1",11024,4,1446
"-1:0|1:-2|1:0|2:2",11025,4,937
"-1:-2|-1:-1|-1:2|1:0",11026,4,1397
"-1:-1|0:1|2:-2|2:-1",11027,4,483
"-1:-1|0:1|1:-2|2:-1",11028,4,1311
"-1:-1|0:-2|0:1|2:-1",11029,4,1578
"-1:-2|-1:-1|0:1|2:-1",11030,4,1366
"-1:0|1:-1|1:2|2:-2",11031,4,901
"-1:0|1:-2|1:2|2:-2",11032,4,488
"-1:0|1:-2|1:2|2:-1",11033,4,1318
"-1:0|1:-2|1:2|2:0",11034,4,1581
"-1:0|1:-2|1:2|2:-1",11035,4,1318
"-1:0|1:-2|1:2|2:-2",11036,4,488
"-1:0|1:-2|2:-2|2:-1",11037,4,389
"-1:0|1:-2|2:-2|2:0",11038,4,457
"-1:-2|0:1|2:-2|2:-1",11039,4,482
"-1:0|1:-2|2:-2|2:2",11040,4,487
"-1:0|1:-2|2:-1|2:0",11041,4,1093
"-1:-2|0:1|1:-2|2:-1",11042,4,1227
"-1:0|1:-2|2:-1|2:2",11043,4,765
"-1:-2|0:-2|0:1|2:-1",11044,4,1147
"-1:0|1:-2|2:0|2:2",11045,4,628
"-1:0|1:-2|2:1|2:2",11046,4,448
"-1:-1|-1:0|-1:1|1:0",11047,4,1705
"-1:-1|-1:0|-1:2|1:0",11048,4,1600
"-1:0|1:-1|1:0|2:-2",11049,4,881
"-1:-2|-1:-1|0:-1|0:1",11050,4,1342
"-1:-1|0:-2|0:-1|0:1",11051,4,1646
"-1:-1|0:-1|0:1|1:-2",11052,4,1435
"-1:-1|0:-1|0:1|2:-2",11053,4,926
"-1:-1|-1:1|-1:2|1:0",11054,4,1393
"-1:-1|0:1|1:-1|2:-2",11055,4,892
"-1:-1|0:1|1:-2|1:-1",11056,4,1355
"-1:-1|0:-2|0:1|1:-1",11057,4,1652
"-1:-1|0:1|1:-2|1:-1",11058,4,1355
"-1:-1|0:1|1:-1|2:-2",11059,4,892
"-1:0|1:-1|1:2|2:-2",11060,4,901
"-1:-2|-1:-1|0:1|2:-1",11061,4,1366
"-1:-1|0:-2|0:1|2:-1",11062,4,1578
"-1:-1|0:1|1:-2|2:-1",11063,4,1311
"-1:-1|0:1|2:-2|2:-1",11064,4,483
"-1:0|1:-1|2:-2|2:-1",11065,4,403
"-1:0|1:-1|2:-2|2:0",11066,4,583
"-1:-2|0:1|1:-1|2:-2",11067,4,723
"-1:0|1:-1|2:-2|2:2",11068,4,843
"-1:-2|-1:-1|0:-2|0:1",11069,4,1108
"-1:-2|-1:-1|0:1|1:-2",11070,4,1241
"-1:-2|-1:-1|0:1|2:-2",11071,4,752
"-1:-1|0:-2|0:1|1:-2",11072,4,1135
"-1:-1|0:-2|0:1|2:-2",11073,4,614
"-1:-1|0:1|1:-2|2:-2",11074,4,434
"-1:-2|-1:-1|-1:0|1:0",11075,4,1381
"-1:-1|0:-1|0:1|2:-2",11076,4,926
"-1:-1|0:-1|0:1|1:-2",11077,4,1435
"-1:-1|0:-2|0:-1|0:1",11078,4,1646
"-1:-2|-1:-1|0:-1|0:1",11079,4,1342
"-1:0|1:-1|1:0|2:-2",11080,4,881
"-1:0|1:-2|1:0|2:2",11081,4,937
"-1:-2|0:-1|0:1|2:-1",11082,4,1446
"-1:0|1:-2|1:0|2:0",11083,4,1568
"-1:0|1:-2|1:0|2:-1",11084,4,1301
"-1:0|1:-2|1:0|2:-2",11085,4,469
"-1:0|1:0|2:-2|2:-1",11086,4,419
"-1:0|1:0|2:-2|2:0",11087,4,599
"-1:-2|0:-1|0:1|2:-2",11088,4,738
"-1:0|1:0|2:-2|2:2",11089,4,852
"-1:-2|0:-2|0:-1|0:1",11090,4,1122
"-1:-2|0:-1|0:1|1:-2",11091,4,1251
"-1:-2|0:-1|0:1|2:-2",11092,4,738
"-1:-2|0:-2|0:-1|0:1",11093,4,1122
"-1:0|1:0|2:-2|2:0",11094,4,599
"-1:0|1:0|2:-2|2:-1",11095,4,419
"-1:0|1:-2|1:-1|2:2",11096,4,990
"-1:-2|0:1|1:-1|2:-1",11097,4,1392
"-1:0|1:-2|1:-1|2:0",11098,4,1372
"-1:0|1:-2|1:-1|2:-1",11099,4,1291
"-1:0|1:-2|1:-1|2:-2",11100,4,399
"-1:-1|0:1|1:-2|2:-2",11101,4,434
"-1:-1|0:-2|0:1|2:-2",11102,4,614
"-1:-2|-1:-1|0:1|2:-2",11103,4,752
"-1:0|1:-1|2:-2|2:2",11104,4,843
"-1:-1|0:-2|0:1|1:-2",11105,4,1135
"-1:-2|-1:-1|0:1|1:-2",11106,4,1241
"-1:-2|0:1|1:-1|2:-2",11107,4,723
"-1:-2|-1:-1|0:-2|0:1",11108,4,1108
"-1:0|1:-1|2:-2|2:0",11109,4,583
"-1:0|1:-1|2:-2|2:-1",11110,4,403
"-1:0|1:-2|2:1|2:2",11111,4,448
"-1:0|1:-2|2:0|2:2",11112,4,628
"-1:0|1:-2|2:-1|2:2",11113,4,765
"-1:0|1:-2|2:-2|2:2",11114,4,487
"-1:-2|0:-2|0:1|2:-1",11115,4,1147
"-1:-2|0:1|1:-2|2:-1",11116,4,1227
"-1:-2|0:1|2:-2|2:-1",11117,4,482
"-1:0|1:-2|2:-1|2:0",11118,4,1093
"-1:0|1:-2|2:-2|2:0",11119,4,457
"-1:0|1:-2|2:-2|2:-1",11120,4,389
"-1:0|2:-2|2:-1|2:0",11121,4,338
"-1:-2|0:1|1:-2|2:-2",11122,4,358
"-1:0|2:-2|2:-1|2:2",11123,4,377
"-1:-2|0:-2|0:1|2:-2",11124,4,556
"-1:0|2:-2|2:0|2:2",11125,4,570
"-1:0|2:-2|2:-1|2:2",11126,4,377
"-1:-2|0:-2|0:1|1:-2",11127,4,1080
"-1:-2|0:-2|0:1|2:-2",11128,4,556
"-1:-2|0:1|1:-2|2:-2",11129,4,358
"-1:0|2:-2|2:-1|2:0",11130,4,338
"-1:-2|-1:-1|0:1|0:2",11131,4,1421
"-1:-2|-1:-1|0:-1|0:2",11132,4,1346
"-1:-2|-1:-1|0:-2|0:2",11133,4,1112
"-1:-2|-1:-1|0:2|1:2",11134,4,1211
"-1:-1|0:-2|1:1|1:2",11135,4,1425
"-1:-2|-1:-1|0:2|1:0",11136,4,1398
"-1:-1|0:2|1:-2|1:-1",11137,4,1359
"-1:-2|-1:-1|0:2|1:-2",11138,4,1245
"-1:-2|-1:-1|0:2|2:2",11139,4,701
"-1:-2|-1:-1|0:2|2:1",11140,4,1428
"-1:-2|-1:-1|0:2|2:0",11141,4,1405
"-1:-2|-1:-1|0:2|2:-1",11142,4,1369
"-1:-2|-1:-1|0:2|2:-2",11143,4,757
"-1:-2|-1:-1|0:-1|0:1",11144,4,1342
"-1:-2|-1:-1|0:-2|0:1",11145,4,1108
"-1:-2|-1:-1|0:1|1:2",11146,4,1422
"-1:-1|-1:0|1:1|2:1",11147,4,1418
"-1:-2|-1:-1|0:1|1:0",11148,4,1394
"-1:-1|0:1|1:-2|1:-1",11149,4,1355
"-1:-2|-1:-1|0:1|1:-2",11150,4,1241
"-1:-2|-1:-1|0:1|2:2",11151,4,980
"-1:-2|-1:-1|0:1|2:1",11152,4,1419
"-1:-2|-1:-1|0:1|2:0",11153,4,1402
"-1:-2|-1:-1|0:1|2:-1",11154,4,1366
"-1:-2|-1:-1|0:1|2:-2",11155,4,752
"-1:-2|-1:-1|0:-2|0:-1",11156,4,1099
"-1:-2|-1:-1|0:-1|1:2",11157,4,1347
"-1:-1|0:1|1:1|1:2",11158,4,1343
"-1:-2|-1:-1|0:-1|1:0",11159,4,1338
"-1:-1|0:-1|1:-2|1:-1",11160,4,1334
"-1:-2|-1:-1|0:-1|1:-2",11161,4,1233
"-1:-2|-1:-1|0:-1|2:2",11162,4,1061
"-1:-2|-1:-1|0:-1|2:1",11163,4,1344
"-1:-2|-1:-1|0:-1|2:0",11164,4,1339
"-1:-2|-1:-1|0:-1|2:-1",11165,4,1335
"-1:-2|-1:-1|0:-1|2:-2",11166,4,731
"-1:-2|-1:-1|0:-2|1:2",11167,4,1113
"-1:-1|0:2|1:1|1:2",11168,4,1109
"-1:-2|-1:-1|0:-2|1:0",11169,4,1104
"-1:-1|0:-2|1:-2|1:-1",11170,4,1100
"-1:-2|-1:-1|0:-2|1:-2",11171,4,1074
"-1:-2|-1:-1|0:-2|2:2",11172,4,1067
"-1:-2|-1:-1|0:-2|2:1",11173,4,1110
"-1:-2|-1:-1|0:-2|2:0",11174,4,1105
"-1:-2|-1:-1|0:-2|2:-1",11175,4,1101
"-1:-2|-1:-1|0:-2|2:-2",11176,4,548
"-1:-2|-1:-1|1:1|1:2",11177,4,1426
"-1:-2|-1:-1|1:0|1:2",11178,4,1399
"-1:-1|-1:2|1:-2|1:-1",11179,4,1360
"-1:-2|-1:-1|1:-2|1:2",11180,4,1246
"-1:-2|-1:-1|1:2|2:2",11181,4,529
"-1:-2|-1:-1|1:2|2:1",11182,4,1332
"-1:-2|-1:-1|1:2|2:0",11183,4,1406
"-1:-2|-1:-1|1:2|2:-1",11184,4,1370
"-1:-2|-1:-1|1:2|2:-2",11185,4,756
"-1:-1|-1:0|1:1|1:2",11186,4,1395
"-1:-1|-1:1|1:-2|1:-1",11187,4,1356
"-1:-1|-1:2|1:1|1:2",11188,4,1242
"-1:-2|-1:-1|1:1|2:2",11189,4,918
"-1:-2|-1:-1|1:1|2:1",11190,4,1423
"-1:-1|0:-2|1:1|2:1",11191,4,1403
"-1:-1|1:-2|1:1|2:1",11192,4,1367
"-1:-1|1:1|2:-2|2:1",11193,4,751
"-1:-1|-1:0|1:-2|1:-1",11194,4,1351
"-1:-2|-1:-1|1:-2|1:0",11195,4,1237
"-1:-2|-1:-1|1:0|2:2",11196,4,977
"-1:-2|-1:-1|1:0|2:1",11197,4,1396
"-1:-2|-1:-1|1:0|2:0",11198,4,1391
"-1:-2|-1:-1|1:0|2:-1",11199,4,1363
"-1:-2|-1:-1|1:0|2:-2",11200,4,747
"-1:-2|-1:-1|1:-2|1:-1",11201,4,1234
"-1:-2|-1:-1|1:-1|2:2",11202,4,1019
"-1:-2|-1:-1|1:-1|2:1",11203,4,1357
"-1:-2|-1:-1|1:-1|2:0",11204,4,1352
"-1:-2|-1:-1|1:-1|2:-1",11205,4,1348
"-1:-2|-1:-1|1:-1|2:-2",11206,4,716
"-1:-2|-1:-1|1:-2|2:2",11207,4,1046
"-1:-2|-1:-1|1:-2|2:1",11208,4,1243
"-1:-2|-1:-1|1:-2|2:0",11209,4,1238
"-1:-2|-1:-1|1:-2|2:-1",11210,4,1220
"-1:-2|-1:-1|1:-2|2:-2",11211,4,350
"-1:-2|-1:-1|2:1|2:2",11212,4,525
"-1:-2|-1:-1|2:0|2:2",11213,4,697
"-1:-2|-1:-1|2:-1|2:2",11214,4,822
"-1:-2|-1:-1|2:-2|2:2",11215,4,755
"-1:-2|-1:-1|2:0|2:1",11216,4,1208
"-1:-2|-1:-1|2:-1|2:1",11217,4,1273
"-1:-2|-1:-1|2:-2|2:1",11218,4,750
"-1:-2|-1:-1|2:-1|2:0",11219,4,1190
"-1:-2|-1:-1|2:-2|2:0",11220,4,674
"-1:-2|-1:-1|2:-2|2:-1",11221,4,502
"-1:-1|-1:0|1:0|2:0",11222,4,1689
"-1:-1|0:-2|0:1|0:2",11223,4,1676
"-1:-1|0:1|0:2|1:2",11224,4,1123
"-1:-1|0:-2|0:-1|1:1",11225,4,1647
"-1:-1|0:1|0:2|1:0",11226,4,1687
"-1:-1|-1:1|1:0|2:0",11227,4,1690
"-1:-1|0:1|0:2|1:-2",11228,4,1550
"-1:-1|0:1|0:2|2:2",11229,4,600
"-1:-1|0:1|0:2|2:1",11230,4,1572
"-1:-1|0:1|0:2|2:0",11231,4,1682
"-1:-1|-1:2|1:0|2:0",11232,4,1619
"-1:-1|0:1|0:2|2:-2",11233,4,1017
"-1:-1|0:-2|0:-1|0:2",11234,4,1648
"-1:-1|-1:0|2:0|2:1",11235,4,1203
"-1:-1|-1:0|1:1|2:0",11236,4,1675
"-1:-1|-1:0|0:1|2:0",11237,4,1701
"-1:-1|-1:0|-1:1|2:0",11238,4,1702
"-1:-1|0:-1|0:2|1:-2",11239,4,1439
"-1:-1|-1:0|2:0|2:2",11240,4,690
"-1:-1|-1:0|1:2|2:0",11241,4,1580
"-1:-1|-1:0|0:2|2:0",11242,4,1693
"-1:-1|-1:0|-1:2|2:0",11243,4,1606
"-1:-1|0:-1|0:2|2:-2",11244,4,930
"-1:-1|0:-2|0:2|1:2",11245,4,1210
"-1:-1|0:-2|0:2|1:1",11246,4,1677
"-1:-1|0:-2|0:2|1:0",11247,4,1667
"-1:-1|0:-2|0:2|1:-1",11248,4,1653
"-1:-1|0:-2|0:2|1:-2",11249,4,1139
"-1:-1|0:-2|0:2|2:2",11250,4,700
"-1:-1|0:-2|0:2|2:1",11251,4,1586
"-1:-1|0:-2|0:2|2:0",11252,4,1671
"-1:-1|0:-2|0:2|2:-1",11253,4,1584
"-1:-1|0:-2|0:2|2:-2",11254,4,619
"-1:-1|0:2|1:1|1:2",11255,4,1109
"-1:-1|0:1|2:0|2:1",11256,4,1168
"-1:-1|-1:1|2:-1|2:0",11257,4,1198
"-1:-1|0:2|1:-2|1:2",11258,4,1209
"-1:-1|0:2|1:2|2:2",11259,4,339
"-1:-1|0:2|1:2|2:1",11260,4,1094
"-1:-1|0:2|1:2|2:0",11261,4,1158
"-1:-1|-1:2|2:0|2:1",11262,4,1192
"-1:-1|0:2|1:2|2:-2",11263,4,1026
"-1:-1|-1:0|0:-2|1:1",11264,4,1661
"-1:-1|-1:1|0:-2|1:1",11265,4,1673
"-1:-1|-1:2|0:-2|1:1",11266,4,1547
"-1:-1|0:2|1:1|2:2",11267,4,584
"-1:-1|0:2|1:1|2:1",11268,4,1376
"-1:-1|0:2|1:1|2:0",11269,4,1656
"-1:-1|-1:2|1:1|2:0",11270,4,1533
"-1:-1|0:2|1:1|2:-2",11271,4,1004
"-1:-1|-1:0|0:2|1:-1",11272,4,1700
"-1:-1|0:2|1:-2|1:0",11273,4,1522
"-1:-1|0:1|2:0|2:2",11274,4,646
"-1:-1|0:1|1:2|2:0",11275,4,1456
"-1:-1|0:1|0:2|2:0",11276,4,1682
"-1:-1|-1:2|0:1|2:0",11277,4,1480
"-1:-1|0:2|1:0|2:-2",11278,4,957
"-1:-1|0:2|1:-2|1:-1",11279,4,1359
"-1:-1|-1:1|2:-2|2:0",11280,4,683
"-1:-1|-1:1|1:-2|2:0",11281,4,1510
"-1:-1|-1:1|0:-2|2:0",11282,4,1668
"-1:-1|-1:1|-1:2|2:0",11283,4,1401
"-1:-1|0:2|1:-1|2:-2",11284,4,896
"-1:-1|0:2|1:-2|2:2",11285,4,699
"-1:-1|0:2|1:-2|2:1",11286,4,1542
"-1:-1|0:2|1:-2|2:0",11287,4,1513
"-1:-1|0:2|1:-2|2:-1",11288,4,1315
"-1:-1|0:2|1:-2|2:-2",11289,4,439
"-1:-1|0:2|2:1|2:2",11290,4,462
"-1:-1|0:2|2:0|2:2",11291,4,638
"-1:-1|-1:2|2:0|2:2",11292,4,676
"-1:-1|0:2|2:-2|2:2",11293,4,698
"-1:-1|0:2|1:2|2:0",11294,4,1158
"-1:-1|-1:2|1:2|2:0",11295,4,1259
"-1:-1|0:2|2:-2|2:1",11296,4,796
"-1:-1|-1:2|0:2|2:0",11297,4,1183
"-1:-1|0:2|2:-2|2:0",11298,4,665
"-1:-1|0:2|2:-2|2:-1",11299,4,493
"-1:-1|0:-2|0:-1|0:1",11300,4,1646
"-1:-1|-1:0|1:0|2:1",11301,4,1496
"-1:-1|-1:0|1:0|1:1",11302,4,1713
"-1:-1|-1:0|0:1|1:0",11303,4,1709
"-1:-1|-1:0|-1:1|1:0",11304,4,1705
"-1:-1|0:-1|0:1|1:-2",11305,4,1435
"-1:-1|-1:0|1:0|2:2",11306,4,971
"-1:-1|-1:0|1:0|1:2",11307,4,1602
"-1:-1|-1:0|0:2|1:0",11308,4,1696
"-1:-1|-1:0|-1:2|1:0",11309,4,1600
"-1:-1|0:-1|0:1|2:-2",11310,4,926
"-1:-1|0:-2|0:1|1:2",11311,4,1502
"-1:-1|-1:0|1:1|2:0",11312,4,1675
"-1:-1|0:-2|0:1|1:0",11313,4,1665
"-1:-1|0:-2|0:1|1:-1",11314,4,1652
"-1:-1|0:-2|0:1|1:-2",11315,4,1135
"-1:-1|0:-2|0:1|2:2",11316,4,979
"-1:-1|0:-2|0:1|2:1",11317,4,1608
"-1:-1|0:-2|0:1|2:0",11318,4,1669
"-1:-1|0:-2|0:1|2:-1",11319,4,1578
"-1:-1|0:-2|0:1|2:-2",11320,4,614
"-1:-1|0:1|1:1|1:2",11321,4,1343
"-1:-1|0:1|1:0|1:2",11322,4,1465
"-1:-1|-1:1|1:0|2:-1",11323,4,1492
"-1:-1|0:1|1:-2|1:2",11324,4,1501
"-1:-1|0:1|1:2|2:2",11325,4,420
"-1:-1|0:1|1:2|2:1",11326,4,1302
"-1:-1|0:1|1:2|2:0",11327,4,1456
"-1:-1|-1:2|1:0|2:1",11328,4,1487
"-1:-1|0:1|1:2|2:-2",11329,4,1016
"-1:-1|-1:0|0:-1|1:1",11330,4,1707
"-1:-1|-1:0|1:-1|1:1",11331,4,1712
"-1:-1|-1:0|1:1|2:-1",11332,4,1544
"-1:-1|0:1|1:1|2:2",11333,4,882
"-1:-1|0:1|1:1|2:1",11334,4,1386
"-1:-1|-1:0|0:-2|1:1",11335,4,1661
"-1:-1|-1:0|1:-2|1:1",11336,4,1526
"-1:-1|-1:0|1:1|2:-2",11337,4,997
"-1:-1|-1:0|0:1|1:-1",11338,4,1708
"-1:-1|0:1|1:-2|1:0",11339,4,1518
"-1:-1|0:1|1:0|2:2",11340,4,945
"-1:-1|0:1|1:0|1:2",11341,4,1465
"-1:-1|0:1|0:2|1:0",11342,4,1687
"-1:-1|-1:2|0:1|1:0",11343,4,1472
"-1:-1|0:1|1:0|2:-2",11344,4,949
"-1:-1|0:1|1:-2|1:-1",11345,4,1355
"-1:-1|-1:1|1:0|2:-2",11346,4,965
"-1:-1|-1:1|1:-2|1:0",11347,4,1519
"-1:-1|-1:1|0:-2|1:0",11348,4,1664
"-1:-1|-1:1|-1:2|1:0",11349,4,1393
"-1:-1|0:1|1:-1|2:-2",11350,4,892
"-1:-1|0:1|1:-2|2:2",11351,4,978
"-1:-1|0:1|1:-2|2:1",11352,4,1539
"-1:-1|0:1|1:-2|2:0",11353,4,1509
"-1:-1|0:1|1:-2|2:-1",11354,4,1311
"-1:-1|0:1|1:-2|2:-2",11355,4,434
"-1:-1|0:1|2:1|2:2",11356,4,474
"-1:-1|0:1|2:0|2:2",11357,4,646
"-1:-1|-1:2|1:0|2:2",11358,4,777
"-1:-1|0:1|2:-2|2:2",11359,4,859
"-1:-1|0:1|2:0|2:1",11360,4,1168
"-1:-1|-1:2|1:0|1:2",11361,4,1268
"-1:-1|0:1|2:-2|2:1",11362,4,786
"-1:-1|-1:2|0:2|1:0",11363,4,1175
"-1:-1|0:1|2:-2|2:0",11364,4,655
"-1:-1|0:1|2:-2|2:-1",11365,4,483
"-1:-1|0:-2|0:-1|1:2",11366,4,1639
"-1:-1|0:-2|0:-1|1:1",11367,4,1647
"-1:-1|0:-2|0:-1|1:0",11368,4,1643
"-1:-1|0:-2|0:-1|1:-1",11369,4,1640
"-1:-1|0:-2|0:-1|1:-2",11370,4,1114
"-1:-1|0:-2|0:-1|2:2",11371,4,1055
"-1:-1|0:-2|0:-1|2:1",11372,4,1621
"-1:-1|0:-2|0:-1|2:0",11373,4,1644
"-1:-1|0:-2|0:-1|2:-1",11374,4,1570
"-1:-1|0:-2|0:-1|2:-2",11375,4,591
"-1:-1|-1:0|1:1|2:1",11376,4,1418
"-1:-1|-1:0|0:1|2:1",11377,4,1615
"-1:-1|-1:0|-1:1|2:-1",11378,4,1636
"-1:-1|0:-1|1:-2|1:2",11379,4,1438
"-1:-1|-1:0|2:1|2:2",11380,4,518
"-1:-1|-1:0|1:2|2:1",11381,4,1325
"-1:-1|-1:0|0:2|2:1",11382,4,1594
"-1:-1|-1:0|-1:2|2:1",11383,4,1559
"-1:-1|0:-1|1:2|2:-2",11384,4,929
"-1:-1|-1:0|0:1|1:1",11385,4,1710
"-1:-1|-1:0|-1:1|1:-1",11386,4,1704
"-1:-1|-1:2|0:1|1:1",11387,4,1434
"-1:-1|-1:0|1:1|2:2",11388,4,909
"-1:-1|-1:0|1:1|1:2",11389,4,1395
"-1:-1|-1:0|0:2|1:1",11390,4,1666
"-1:-1|-1:0|-1:2|1:1",11391,4,1517
"-1:-1|0:-1|1:1|2:-2",11392,4,925
"-1:-1|-1:0|-1:1|0:-1",11393,4,1703
"-1:-1|0:-1|1:-2|1:0",11394,4,1430
"-1:-1|-1:0|0:1|2:2",11395,4,951
"-1:-1|-1:0|0:1|1:2",11396,4,1474
"-1:-1|-1:0|0:1|0:2",11397,4,1685
"-1:-1|-1:0|-1:2|0:1",11398,4,1463
"-1:-1|0:-1|1:0|2:-2",11399,4,922
"-1:-1|0:-1|1:-2|1:-1",11400,4,1334
"-1:-1|-1:0|-1:1|2:-2",11401,4,999
"-1:-1|-1:0|-1:1|1:-2",11402,4,1528
"-1:-1|-1:0|-1:1|0:-2",11403,4,1659
"-1:-1|-1:0|-1:1|-1:2",11404,4,1384
"-1:-1|0:-1|1:-1|2:-2",11405,4,875
"-1:-1|0:-1|1:-2|2:2",11406,4,1031
"-1:-1|0:-1|1:-2|2:1",11407,4,1433
"-1:-1|0:-1|1:-2|2:0",11408,4,1429
"-1:-1|0:-1|1:-2|2:-1",11409,4,1295
"-1:-1|0:-1|1:-2|2:-2",11410,4,411
"-1:-1|-1:0|1:2|2:2",11411,4,485
"-1:-1|-1:0|0:2|2:2",11412,4,657
"-1:-1|-1:0|-1:2|2:2",11413,4,788
"-1:-1|0:-1|2:-2|2:2",11414,4,857
"-1:-1|-1:0|0:2|1:2",11415,4,1177
"-1:-1|-1:0|-1:2|1:2",11416,4,1266
"-1:-1|0:-1|2:-2|2:1",11417,4,775
"-1:-1|-1:0|-1:2|0:2",11418,4,1166
"-1:-1|0:-1|2:-2|2:0",11419,4,644
"-1:-1|0:-1|2:-2|2:-1",11420,4,472
"-1:-1|0:-2|1:1|1:2",11421,4,1425
"-1:-1|0:-2|1:0|1:2",11422,4,1618
"-1:-1|-1:2|0:-2|1:-1",11423,4,1638
"-1:-1|0:-2|1:-2|1:2",11424,4,1138
"-1:-1|0:-2|1:2|2:2",11425,4,528
"-1:-1|0:-2|1:2|2:1",11426,4,1329
"-1:-1|0:-2|1:2|2:0",11427,4,1597
"-1:-1|0:-2|1:2|2:-1",11428,4,1554
"-1:-1|0:-2|1:2|2:-2",11429,4,618
"-1:-1|-1:0|0:2|1:1",11430,4,1666
"-1:-1|-1:1|0:-2|1:-1",11431,4,1651
"-1:-1|-1:2|0:2|1:1",11432,4,1134
"-1:-1|0:-2|1:1|2:2",11433,4,914
"-1:-1|0:-2|1:1|2:1",11434,4,1403
"-1:-1|0:-2|1:1|2:0",11435,4,1670
"-1:-1|0:-2|1:1|2:-1",11436,4,1508
"-1:-1|0:-2|1:1|2:-2",11437,4,613
"-1:-1|-1:0|0:-2|1:-1",11438,4,1650
"-1:-1|0:-2|1:-2|1:0",11439,4,1130
"-1:-1|0:-2|1:0|2:2",11440,4,959
"-1:-1|0:-2|1:0|2:1",11441,4,1482
"-1:-1|0:-2|1:0|2:0",11442,4,1663
"-1:-1|0:-2|1:0|2:-1",11443,4,1454
"-1:-1|0:-2|1:0|2:-2",11444,4,609
"-1:-1|0:-2|1:-2|1:-1",11445,4,1100
"-1:-1|0:-2|1:-1|2:2",11446,4,1006
"-1:-1|0:-2|1:-1|2:1",11447,4,1535
"-1:-1|0:-2|1:-1|2:0",11448,4,1649
"-1:-1|0:-2|1:-1|2:-1",11449,4,1374
"-1:-1|0:-2|1:-1|2:-2",11450,4,575
"-1:-1|0:-2|1:-2|2:2",11451,4,1037
"-1:-1|0:-2|1:-2|2:1",11452,4,1133
"-1:-1|0:-2|1:-2|2:0",11453,4,1129
"-1:-1|0:-2|1:-2|2:-1",11454,4,1085
"-1:-1|0:-2|1:-2|2:-2",11455,4,330
"-1:-1|0:-2|2:1|2:2",11456,4,495
"-1:-1|0:-2|2:0|2:2",11457,4,667
"-1:-1|0:-2|2:-1|2:2",11458,4,798
"-1:-1|0:-2|2:-2|2:2",11459,4,617
"-1:-1|0:-2|2:0|2:1",11460,4,1185
"-1:-1|0:-2|2:-1|2:1",11461,4,1257
"-1:-1|0:-2|2:-2|2:1",11462,4,612
"-1:-1|0:-2|2:-1|2:0",11463,4,1156
"-1:-1|0:-2|2:-2|2:0",11464,4,608
"-1:-1|0:-2|2:-2|2:-1",11465,4,460
"-1:-1|0:1|1:1|2:1",11466,4,1386
"-1:-1|-1:1|-1:2|1:-1",11467,4,1413
"-1:-1|1:-2|1:1|1:2",11468,4,1424
"-1:-1|1:1|1:2|2:2",11469,4,404
"-1:-1|1:1|1:2|2:1",11470,4,1293
"-1:-1|0:2|1:1|2:1",11471,4,1376
"-1:-1|-1:2|1:1|2:1",11472,4,1408
"-1:-1|1:1|1:2|2:-2",11473,4,989
"-1:-1|-1:0|-1:2|1:-1",11474,4,1612
"-1:-1|1:-2|1:0|1:2",11475,4,1521
"-1:-1|0:1|2:1|2:2",11476,4,474
"-1:-1|0:1|1:2|2:1",11477,4,1302
"-1:-1|0:1|0:2|2:1",11478,4,1572
"-1:-1|-1:2|0:1|2:1",11479,4,1445
"-1:-1|1:0|1:2|2:-2",11480,4,936
"-1:-1|1:-2|1:-1|1:2",11481,4,1358
"-1:-1|-1:1|2:-2|2:-1",11482,4,511
"-1:-1|-1:1|1:-2|2:-1",11483,4,1312
"-1:-1|-1:1|0:-2|2:-1",11484,4,1591
"-1:-1|-1:1|-1:2|2:1",11485,4,1365
"-1:-1|1:-1|1:2|2:-2",11486,4,895
"-1:-1|1:-2|1:2|2:2",11487,4,527
"-1:-1|1:-2|1:2|2:1",11488,4,1319
"-1:-1|1:-2|1:2|2:0",11489,4,1512
"-1:-1|1:-2|1:2|2:-1",11490,4,1314
"-1:-1|1:-2|1:2|2:-2",11491,4,438
"-1:-1|1:2|2:1|2:2",11492,4,391
"-1:-1|0:2|2:1|2:2",11493,4,462
"-1:-1|-1:2|2:1|2:2",11494,4,504
"-1:-1|1:2|2:-2|2:2",11495,4,526
"-1:-1|0:2|1:2|2:1",11496,4,1094
"-1:-1|-1:2|1:2|2:1",11497,4,1228
"-1:-1|1:2|2:-2|2:1",11498,4,764
"-1:-1|-1:2|0:2|2:1",11499,4,1146
"-1:-1|1:2|2:-2|2:0",11500,4,627
"-1:-1|1:2|2:-2|2:-1",11501,4,447
"-1:-1|-1:0|-1:1|1:-1",11502,4,1704
"-1:-1|-1:0|-1:2|1:1",11503,4,1517
"-1:-1|0:1|1:1|2:2",11504,4,882
"-1:-1|0:1|1:1|1:2",11505,4,1343
"-1:-1|0:-2|0:-1|1:1",11506,4,1647
"-1:-1|-1:2|0:1|1:1",11507,4,1434
"-1:-1|0:-1|1:1|2:-2",11508,4,925
"-1:-1|-1:1|-1:2|1:1",11509,4,1354
"-1:-1|-1:1|1:-1|2:-2",11510,4,893
"-1:-1|-1:1|1:-2|1:-1",11511,4,1356
"-1:-1|-1:1|0:-2|1:-1",11512,4,1651
"-1:-1|-1:1|-1:2|1:1",11513,4,1354
"-1:-1|1:-1|1:1|2:-2",11514,4,891
"-1:-1|1:-2|1:1|2:2",11515,4,902
"-1:-1|1:-2|1:1|2:1",11516,4,1367
"-1:-1|0:-2|1:1|2:-1",11517,4,1508
"-1:-1|1:-2|1:1|2:-1",11518,4,1310
"-1:-1|1:-2|1:1|2:-2",11519,4,433
"-1:-1|1:1|1:2|2:2",11520,4,404
"-1:-1|0:2|1:1|2:2",11521,4,584
"-1:-1|-1:2|1:1|2:2",11522,4,724
"-1:-1|1:1|2:-2|2:2",11523,4,844
"-1:-1|0:2|1:1|1:2",11524,4,1109
"-1:-1|-1:2|1:1|1:2",11525,4,1242
"-1:-1|1:1|2:-2|2:1",11526,4,751
"-1:-1|-1:2|0:2|1:1",11527,4,1134
"-1:-1|0:-2|1:1|2:-2",11528,4,613
"-1:-1|1:-2|1:1|2:-2",11529,4,433
"-1:-1|1:-2|1:-1|1:0",11530,4,1350
"-1:-1|-1:1|0:-1|2:-2",11531,4,927
"-1:-1|-1:1|0:-1|1:-2",11532,4,1436
"-1:-1|-1:1|0:-2|0:-1",11533,4,1645
"-1:-1|-1:1|-1:2|0:1",11534,4,1341
"-1:-1|1:-1|1:0|2:-2",11535,4,880
"-1:-1|1:-2|1:0|2:2",11536,4,938
"-1:-1|1:-2|1:0|2:1",11537,4,1447
"-1:-1|1:-2|1:0|2:0",11538,4,1505
"-1:-1|1:-2|1:0|2:-1",11539,4,1300
"-1:-1|1:-2|1:0|2:-2",11540,4,429
"-1:-1|0:1|1:2|2:2",11541,4,420
"-1:-1|0:1|0:2|2:2",11542,4,600
"-1:-1|-1:2|0:1|2:2",11543,4,739
"-1:-1|1:0|2:-2|2:2",11544,4,851
"-1:-1|0:1|0:2|1:2",11545,4,1123
"-1:-1|-1:2|0:1|1:2",11546,4,1250
"-1:-1|1:0|2:-2|2:1",11547,4,737
"-1:-1|-1:2|0:1|0:2",11548,4,1121
"-1:-1|1:0|2:-2|2:0",11549,4,598
"-1:-1|1:0|2:-2|2:-1",11550,4,418
"-1:-1|1:-2|1:-1|2:2",11551,4,991
"-1:-1|1:-2|1:-1|2:1",11552,4,1353
"-1:-1|1:-2|1:-1|2:0",11553,4,1349
"-1:-1|1:-2|1:-1|2:-1",11554,4,1289
"-1:-1|1:-2|1:-1|2:-2",11555,4,395
"-1:-1|-1:1|1:-2|2:-2",11556,4,435
"-1:-1|-1:1|0:-2|2:-2",11557,4,615
"-1:-1|-1:1|-1:2|2:2",11558,4,753
"-1:-1|1:-1|2:-2|2:2",11559,4,842
"-1:-1|-1:1|0:-2|1:-2",11560,4,1136
"-1:-1|-1:1|-1:2|1:2",11561,4,1240
"-1:-1|1:-1|2:-2|2:1",11562,4,722
"-1:-1|-1:1|-1:2|0:2",11563,4,1107
"-1:-1|1:-1|2:-2|2:0",11564,4,582
"-1:-1|1:-1|2:-2|2:-1",11565,4,402
"-1:-1|1:-2|2:1|2:2",11566,4,449
"-1:-1|1:-2|2:0|2:2",11567,4,629
"-1:-1|1:-2|2:-1|2:2",11568,4,766
"-1:-1|1:-2|2:-2|2:2",11569,4,437
"-1:-1|1:-2|2:0|2:1",11570,4,1148
"-1:-1|1:-2|2:-1|2:1",11571,4,1226
"-1:-1|1:-2|2:-2|2:1",11572,4,432
"-1:-1|1:-2|2:-1|2:0",11573,4,1092
"-1:-1|1:-2|2:-2|2:0",11574,4,428
"-1:-1|1:-2|2:-2|2:-1",11575,4,387
"-1:-1|0:2|1:2|2:2",11576,4,339
"-1:-1|-1:2|1:2|2:2",11577,4,359
"-1:-1|2:-2|2:1|2:2",11578,4,378
"-1:-1|-1:2|0:2|2:2",11579,4,557
"-1:-1|2:-2|2:0|2:2",11580,4,569
"-1:-1|2:-2|2:-1|2:2",11581,4,376
"-1:-1|-1:2|0:2|1:2",11582,4,1079
"-1:-1|2:-2|2:0|2:1",11583,4,555
"-1:-1|2:-2|2:-1|2:1",11584,4,357
"-1:-1|2:-2|2:-1|2:0",11585,4,337
"-1:-2|0:-1|0:1|0:2",11586,4,1499
"-1:-2|0:-2|0:1|0:2",11587,4,1206
"-1:-2|0:-2|0:-1|1:2",11588,4,1127
"-1:-1|0:-2|0:-1|1:2",11589,4,1639
"-1:-2|0:1|0:2|1:0",11590,4,1628
"-1:-1|0:1|0:2|1:-2",11591,4,1550
"-1:-2|0:1|0:2|1:-2",11592,4,1286
"-1:-2|0:1|0:2|2:2",11593,4,605
"-1:-2|0:1|0:2|2:1",11594,4,1573
"-1:-2|0:1|0:2|2:0",11595,4,1634
"-1:-2|0:1|0:2|2:-1",11596,4,1567
"-1:-2|0:1|0:2|2:-2",11597,4,819
"-1:-2|0:-2|0:-1|0:2",11598,4,1126
"-1:-2|0:-1|0:2|1:2",11599,4,1207
"-1:-1|0:-2|0:1|1:2",11600,4,1502
"-1:-2|0:-1|0:2|1:0",11601,4,1477
"-1:-1|0:-1|0:2|1:-2",11602,4,1439
"-1:-2|0:-1|0:2|1:-2",11603,4,1253
"-1:-2|0:-1|0:2|2:2",11604,4,695
"-1:-2|0:-1|0:2|2:1",11605,4,1504
"-1:-2|0:-1|0:2|2:0",11606,4,1484
"-1:-2|0:-1|0:2|2:-1",11607,4,1449
"-1:-2|0:-1|0:2|2:-2",11608,4,743
"-1:-2|0:-2|0:2|1:2",11609,4,1217
"-1:-1|0:-2|0:2|1:2",11610,4,1210
"-1:-2|0:-2|0:2|1:0",11611,4,1180
"-1:-1|0:-2|0:2|1:-2",11612,4,1139
"-1:-2|0:-2|0:2|1:-2",11613,4,1082
"-1:-2|0:-2|0:2|2:2",11614,4,713
"-1:-2|0:-2|0:2|2:1",11615,4,1213
"-1:-2|0:-2|0:2|2:0",11616,4,1188
"-1:-2|0:-2|0:2|2:-1",11617,4,1151
"-1:-2|0:-2|0:2|2:-2",11618,4,561
"-1:-2|-1:-1|0:-2|1:2",11619,4,1113
"-1:-2|-1:0|0:-2|1:2",11620,4,1172
"-1:-1|-1:2|0:2|1:-2",11621,4,1202
"-1:-2|-1:2|0:-2|1:2",11622,4,1216
"-1:-2|0:2|1:2|2:2",11623,4,344
"-1:-2|0:2|1:2|2:1",11624,4,1098
"-1:-2|0:2|1:2|2:0",11625,4,1162
"-1:-2|0:2|1:2|2:-1",11626,4,1196
"-1:-2|0:2|1:2|2:-2",11627,4,834
"-1:-1|-1:0|0:-2|1:2",11628,4,1629
"-1:-1|-1:1|0:-2|1:2",11629,4,1552
"-1:-1|-1:2|0:-2|1:2",11630,4,1283
"-1:-2|0:2|1:1|2:2",11631,4,589
"-1:-2|0:2|1:1|2:1",11632,4,1377
"-1:-2|0:2|1:1|2:0",11633,4,1635
"-1:-2|0:2|1:1|2:-1",11634,4,1532
"-1:-2|0:2|1:1|2:-2",11635,4,812
"-1:-1|-1:0|0:2|1:-2",11636,4,1530
"-1:-2|-1:0|0:2|1:-2",11637,4,1271
"-1:-2|0:2|1:0|2:2",11638,4,651
"-1:-2|0:2|1:0|2:1",11639,4,1457
"-1:-2|0:2|1:0|2:0",11640,4,1623
"-1:-2|0:2|1:0|2:-1",11641,4,1479
"-1:-2|0:2|1:0|2:-2",11642,4,781
"-1:-2|-1:-1|0:2|1:-2",11643,4,1245
"-1:-2|0:2|1:-1|2:2",11644,4,688
"-1:-2|0:2|1:-1|2:1",11645,4,1511
"-1:-2|0:2|1:-1|2:0",11646,4,1537
"-1:-2|0:2|1:-1|2:-1",11647,4,1400
"-1:-2|0:2|1:-1|2:-2",11648,4,728
"-1:-2|0:2|1:-2|2:2",11649,4,711
"-1:-2|0:2|1:-2|2:1",11650,4,1278
"-1:-2|0:2|1:-2|2:0",11651,4,1262
"-1:-2|0:2|1:-2|2:-1",11652,4,1231
"-1:-2|0:2|1:-2|2:-2",11653,4,363
"-1:-2|0:2|2:1|2:2",11654,4,463
"-1:-2|0:2|2:0|2:2",11655,4,639
"-1:-2|0:2|2:-1|2:2",11656,4,680
"-1:-2|0:2|2:-2|2:2",11657,4,708
"-1:-2|0:2|2:0|2:1",11658,4,1159
"-1:-2|0:2|2:-1|2:1",11659,4,1260
"-1:-2|0:2|2:-2|2:1",11660,4,795
"-1:-2|0:2|2:-1|2:0",11661,4,1182
"-1:-2|0:2|2:-2|2:0",11662,4,664
"-1:-2|0:2|2:-2|2:-1",11663,4,492
"-1:-2|0:-2|0:-1|0:1",11664,4,1122
"-1:-2|0:-1|0:1|1:2",11665,4,1500
"-1:-1|-1:0|1:0|2:1",11666,4,1496
"-1:-2|0:-1|0:1|1:0",11667,4,1473
"-1:-1|0:-1|0:1|1:-2",11668,4,1435
"-1:-2|0:-1|0:1|1:-2",11669,4,1251
"-1:-2|0:-1|0:1|2:2",11670,4,975
"-1:-2|-1:0|1:0|2:1",11671,4,1497
"-1:-2|0:-1|0:1|2:0",11672,4,1481
"-1:-2|0:-1|0:1|2:-1",11673,4,1446
"-1:-2|0:-1|0:1|2:-2",11674,4,738
"-1:-2|0:-1|0:2|1:2",11675,4,1207
"-1:-1|-1:0|2:0|2:1",11676,4,1203
"-1:-2|0:-2|0:1|1:0",11677,4,1176
"-1:-1|0:-2|0:1|1:-2",11678,4,1135
"-1:-2|0:-2|0:1|1:-2",11679,4,1080
"-1:-2|0:-2|0:1|2:2",11680,4,986
"-1:-2|-1:0|2:0|2:1",11681,4,1204
"-1:-2|0:-2|0:1|2:0",11682,4,1184
"-1:-2|0:-2|0:1|2:-1",11683,4,1147
"-1:-2|0:-2|0:1|2:-2",11684,4,556
"-1:-2|-1:-1|0:-1|1:2",11685,4,1347
"-1:-2|-1:0|0:-1|1:2",11686,4,1469
"-1:-1|-1:2|0:1|1:-2",11687,4,1495
"-1:-2|-1:2|0:-1|1:2",11688,4,1285
"-1:-2|0:1|1:2|2:2",11689,4,425
"-1:-2|0:1|1:2|2:1",11690,4,1306
"-1:-2|0:1|1:2|2:0",11691,4,1460
"-1:-2|0:1|1:2|2:-1",11692,4,1490
"-1:-2|0:1|1:2|2:-2",11693,4,818
"-1:-1|-1:0|0:-1|1:2",11694,4,1627
"-1:-1|-1:0|1:-1|2:1",11695,4,1549
"-1:-1|-1:0|2:-1|2:1",11696,4,1280
"-1:-2|0:1|1:1|2:2",11697,4,886
"-1:-2|-1:-1|-1:0|2:1",11698,4,1387
"-1:-1|-1:0|0:-2|2:1",11699,4,1633
"-1:-1|-1:0|1:-2|2:1",11700,4,1525
"-1:-1|-1:0|2:-2|2:1",11701,4,807
"-1:-1|-1:0|0:1|1:-2",11702,4,1527
"-1:-2|-1:0|0:1|1:-2",11703,4,1267
"-1:-2|0:1|1:0|2:2",11704,4,946
"-1:-2|-1:0|0:-1|2:1",11705,4,1466
"-1:-2|0:1|1:0|2:0",11706,4,1620
"-1:-2|0:1|1:0|2:-1",11707,4,1471
"-1:-2|0:1|1:0|2:-2",11708,4,776
"-1:-2|-1:-1|0:1|1:-2",11709,4,1241
"-1:-2|0:1|1:-1|2:2",11710,4,969
"-1:-2|-1:0|1:-1|2:1",11711,4,1520
"-1:-2|0:1|1:-1|2:0",11712,4,1534
"-1:-2|0:1|1:-1|2:-1",11713,4,1392
"-1:-2|0:1|1:-1|2:-2",11714,4,723
"-1:-2|0:1|1:-2|2:2",11715,4,985
"-1:-2|-1:0|2:-1|2:1",11716,4,1274
"-1:-2|0:1|1:-2|2:0",11717,4,1258
"-1:-2|0:1|1:-2|2:-1",11718,4,1227
"-1:-2|0:1|1:-2|2:-2",11719,4,358
"-1:-2|0:1|2:1|2:2",11720,4,475
"-1:-2|0:1|2:0|2:2",11721,4,647
"-1:-2|0:1|2:-1|2:2",11722,4,778
"-1:-2|0:1|2:-2|2:2",11723,4,817
"-1:-2|-1:0|0:-2|2:1",11724,4,1169
"-1:-2|-1:0|1:-2|2:1",11725,4,1269
"-1:-2|-1:0|2:-2|2:1",11726,4,785
"-1:-2|0:1|2:-1|2:0",11727,4,1174
"-1:-2|0:1|2:-2|2:0",11728,4,654
"-1:-2|0:1|2:-2|2:-1",11729,4,482
"-1:-2|0:-2|0:-1|1:2",11730,4,1127
"-1:-1|0:1|0:2|1:2",11731,4,1123
"-1:-2|0:-2|0:-1|1:0",11732,4,1118
"-1:-1|0:-2|0:-1|1:-2",11733,4,1114
"-1:-2|0:-2|0:-1|1:-2",11734,4,1075
"-1:-2|0:-2|0:-1|2:2",11735,4,1056
"-1:-2|0:-2|0:-1|2:1",11736,4,1124
"-1:-2|0:-2|0:-1|2:0",11737,4,1119
"-1:-2|0:-2|0:-1|2:-1",11738,4,1115
"-1:-2|0:-2|0:-1|2:-2",11739,4,547
"-1:-2|-1:-1|0:1|1:2",11740,4,1422
"-1:-2|-1:0|0:1|1:2",11741,4,1478
"-1:-1|-1:2|0:-1|1:-2",11742,4,1440
"-1:-2|-1:2|0:-1|1:-2",11743,4,1252
"-1:-2|0:-1|1:2|2:2",11744,4,523
"-1:-2|0:-1|1:2|2:1",11745,4,1326
"-1:-2|0:-1|1:2|2:0",11746,4,1485
"-1:-2|0:-1|1:2|2:-1",11747,4,1450
"-1:-2|0:-1|1:2|2:-2",11748,4,742
"-1:-1|-1:0|0:1|1:2",11749,4,1474
"-1:-1|-1:1|0:-1|1:-2",11750,4,1436
"-1:-1|-1:2|0:1|1:2",11751,4,1250
"-1:-2|0:-1|1:1|2:2",11752,4,910
"-1:-2|-1:-1|1:0|2:1",11753,4,1396
"-1:-1|0:-2|1:0|2:1",11754,4,1482
"-1:-1|1:-2|1:0|2:1",11755,4,1447
"-1:-1|1:0|2:-2|2:1",11756,4,737
"-1:-1|-1:0|0:-1|1:-2",11757,4,1431
"-1:-2|-1:0|0:-1|1:-2",11758,4,1248
"-1:-2|0:-1|1:0|2:2",11759,4,952
"-1:-2|0:-1|1:0|2:1",11760,4,1475
"-1:-2|0:-1|1:0|2:0",11761,4,1470
"-1:-2|0:-1|1:0|2:-1",11762,4,1443
"-1:-2|0:-1|1:0|2:-2",11763,4,733
"-1:-2|-1:-1|0:-1|1:-2",11764,4,1233
"-1:-2|0:-1|1:-1|2:2",11765,4,1000
"-1:-2|0:-1|1:-1|2:1",11766,4,1437
"-1:-2|0:-1|1:-1|2:0",11767,4,1432
"-1:-2|0:-1|1:-1|2:-1",11768,4,1383
"-1:-2|0:-1|1:-1|2:-2",11769,4,715
"-1:-2|0:-1|1:-2|2:2",11770,4,1032
"-1:-2|0:-1|1:-2|2:1",11771,4,1249
"-1:-2|0:-1|1:-2|2:0",11772,4,1247
"-1:-2|0:-1|1:-2|2:-1",11773,4,1219
"-1:-2|0:-1|1:-2|2:-2",11774,4,349
"-1:-2|0:-1|2:1|2:2",11775,4,486
"-1:-2|0:-1|2:0|2:2",11776,4,658
"-1:-2|0:-1|2:-1|2:2",11777,4,789
"-1:-2|0:-1|2:-2|2:2",11778,4,741
"-1:-2|0:-1|2:0|2:1",11779,4,1178
"-1:-2|0:-1|2:-1|2:1",11780,4,1265
"-1:-2|0:-1|2:-2|2:1",11781,4,736
"-1:-2|0:-1|2:-1|2:0",11782,4,1165
"-1:-2|0:-1|2:-2|2:0",11783,4,643
"-1:-2|0:-1|2:-2|2:-1",11784,4,471
"-1:-2|-1:-1|0:2|1:2",11785,4,1211
"-1:-2|-1:0|0:2|1:2",11786,4,1181
"-1:-1|-1:2|0:-2|1:-2",11787,4,1140
"-1:-2|-1:2|0:-2|1:-2",11788,4,1081
"-1:-2|0:-2|1:2|2:2",11789,4,543
"-1:-2|0:-2|1:2|2:1",11790,4,1214
"-1:-2|0:-2|1:2|2:0",11791,4,1189
"-1:-2|0:-2|1:2|2:-1",11792,4,1152
"-1:-2|0:-2|1:2|2:-2",11793,4,560
"-1:-1|-1:0|0:2|1:2",11794,4,1177
"-1:-1|-1:1|0:-2|1:-2",11795,4,1136
"-1:-1|-1:2|0:2|1:2",11796,4,1079
"-1:-2|0:-2|1:1|2:2",11797,4,915
"-1:-2|-1:-1|2:0|2:1",11798,4,1208
"-1:-1|0:-2|2:0|2:1",11799,4,1185
"-1:-1|1:-2|2:0|2:1",11800,4,1148
"-1:-1|2:-2|2:0|2:1",11801,4,555
"-1:-1|-1:0|0:-2|1:-2",11802,4,1131
"-1:-2|-1:0|0:-2|1:-2",11803,4,1077
"-1:-2|0:-2|1:0|2:2",11804,4,960
"-1:-2|0:-1|2:0|2:1",11805,4,1178
"-1:-2|0:-2|1:0|2:0",11806,4,1173
"-1:-2|0:-2|1:0|2:-1",11807,4,1143
"-1:-2|0:-2|1:0|2:-2",11808,4,551
"-1:-2|-1:-1|0:-2|1:-2",11809,4,1074
"-1:-2|0:-2|1:-1|2:2",11810,4,1007
"-1:-2|0:-2|1:-1|2:1",11811,4,1137
"-1:-2|0:-2|1:-1|2:0",11812,4,1132
"-1:-2|0:-2|1:-1|2:-1",11813,4,1128
"-1:-2|0:-2|1:-1|2:-2",11814,4,546
"-1:-2|0:-2|1:-2|2:2",11815,4,1038
"-1:-2|0:-2|1:-2|2:1",11816,4,1078
"-1:-2|0:-2|1:-2|2:0",11817,4,1076
"-1:-2|0:-2|1:-2|2:-1",11818,4,1073
"-1:-2|0:-2|1:-2|2:-2",11819,4,325
"-1:-2|0:-2|2:1|2:2",11820,4,496
"-1:-2|0:-2|2:0|2:2",11821,4,668
"-1:-2|0:-2|2:-1|2:2",11822,4,799
"-1:-2|0:-2|2:-2|2:2",11823,4,559
"-1:-2|0:-2|2:0|2:1",11824,4,1186
"-1:-2|0:-2|2:-1|2:1",11825,4,1149
"-1:-2|0:-2|2:-2|2:1",11826,4,554
"-1:-2|0:-2|2:-1|2:0",11827,4,1144
"-1:-2|0:-2|2:-2|2:0",11828,4,550
"-1:-2|0:-2|2:-2|2:-1",11829,4,459
"-1:-2|-1:-1|-1:0|1:2",11830,4,1390
"-1:-1|-1:1|-1:2|1:-2",11831,4,1417
"-1:-2|-1:-1|-1:2|1:2",11832,4,1282
"-1:-2|1:1|1:2|2:2",11833,4,409
"-1:-2|1:1|1:2|2:1",11834,4,1294
"-1:-2|1:1|1:2|2:0",11835,4,1380
"-1:-2|1:1|1:2|2:-1",11836,4,1411
"-1:-2|1:1|1:2|2:-2",11837,4,811
"-1:-1|-1:0|-1:2|1:-2",11838,4,1531
"-1:-2|-1:0|-1:2|1:-2",11839,4,1270
"-1:-2|1:0|1:2|2:2",11840,4,479
"-1:-2|1:0|1:2|2:1",11841,4,1303
"-1:-2|1:0|1:2|2:0",11842,4,1576
"-1:-2|1:0|1:2|2:-1",11843,4,1444
"-1:-2|1:0|1:2|2:-2",11844,4,780
"-1:-2|-1:-1|-1:2|1:-2",11845,4,1244
"-1:-2|1:-1|1:2|2:2",11846,4,516
"-1:-2|1:-1|1:2|2:1",11847,4,1313
"-1:-2|1:-1|1:2|2:0",11848,4,1538
"-1:-2|1:-1|1:2|2:-1",11849,4,1364
"-1:-2|1:-1|1:2|2:-2",11850,4,727
"-1:-2|1:-2|1:2|2:2",11851,4,541
"-1:-2|1:-2|1:2|2:1",11852,4,1277
"-1:-2|1:-2|1:2|2:0",11853,4,1261
"-1:-2|1:-2|1:2|2:-1",11854,4,1230
"-1:-2|1:-2|1:2|2:-2",11855,4,362
"-1:-2|1:2|2:1|2:2",11856,4,392
"-1:-2|1:2|2:0|2:2",11857,4,467
"-1:-2|1:2|2:-1|2:2",11858,4,508
"-1:-2|1:2|2:-2|2:2",11859,4,538
"-1:-2|1:2|2:0|2:1",11860,4,1095
"-1:-2|1:2|2:-1|2:1",11861,4,1229
"-1:-2|1:2|2:-2|2:1",11862,4,763
"-1:-2|1:2|2:-1|2:0",11863,4,1145
"-1:-2|1:2|2:-2|2:0",11864,4,626
"-1:-2|1:2|2:-2|2:-1",11865,4,446
"-1:-1|-1:0|-1:1|1:-2",11866,4,1528
"-1:-1|-1:0|-1:2|1:2",11867,4,1266
"-1:-2|1:0|1:1|2:2",11868,4,883
"-1:-2|-1:-1|0:-1|2:1",11869,4,1344
"-1:-1|0:-2|0:-1|2:1",11870,4,1621
"-1:-1|0:-1|1:-2|2:1",11871,4,1433
"-1:-1|0:-1|2:-2|2:1",11872,4,775
"-1:-1|-1:1|-1:2|1:2",11873,4,1240
"-1:-2|1:-1|1:1|2:2",11874,4,894
"-1:-2|-1:-1|1:-1|2:1",11875,4,1357
"-1:-1|0:-2|1:-1|2:1",11876,4,1535
"-1:-1|1:-2|1:-1|2:1",11877,4,1353
"-1:-1|1:-1|2:-2|2:1",11878,4,722
"-1:-2|1:-2|1:1|2:2",11879,4,903
"-1:-2|-1:-1|2:-1|2:1",11880,4,1273
"-1:-1|0:-2|2:-1|2:1",11881,4,1257
"-1:-1|1:-2|2:-1|2:1",11882,4,1226
"-1:-1|2:-2|2:-1|2:1",11883,4,357
"-1:-2|1:1|2:1|2:2",11884,4,405
"-1:-2|1:1|2:0|2:2",11885,4,585
"-1:-2|1:1|2:-1|2:2",11886,4,725
"-1:-2|1:1|2:-2|2:2",11887,4,810
"-1:-2|-1:-1|0:-2|2:1",11888,4,1110
"-1:-2|-1:-1|1:-2|2:1",11889,4,1243
"-1:-2|-1:-1|2:-2|2:1",11890,4,750
"-1:-1|0:-2|1:-2|2:1",11891,4,1133
"-1:-1|0:-2|2:-2|2:1",11892,4,612
"-1:-1|1:-2|2:-2|2:1",11893,4,432
"-1:-2|-1:-1|-1:0|1:-2",11894,4,1236
"-1:-2|1:-1|1:0|2:2",11895,4,928
"-1:-2|0:-1|1:-1|2:1",11896,4,1437
"-1:-2|1:-1|1:0|2:0",11897,4,1524
"-1:-2|1:-1|1:0|2:-1",11898,4,1340
"-1:-2|1:-1|1:0|2:-2",11899,4,718
"-1:-2|1:-2|1:0|2:2",11900,4,939
"-1:-2|0:-1|2:-1|2:1",11901,4,1265
"-1:-2|1:-2|1:0|2:0",11902,4,1254
"-1:-2|1:-2|1:0|2:-1",11903,4,1222
"-1:-2|1:-2|1:0|2:-2",11904,4,353
"-1:-2|1:0|2:1|2:2",11905,4,421
"-1:-2|1:0|2:0|2:2",11906,4,601
"-1:-2|1:0|2:-1|2:2",11907,4,740
"-1:-2|1:0|2:-2|2:2",11908,4,779
"-1:-2|0:-2|0:-1|2:1",11909,4,1124
"-1:-2|0:-1|1:-2|2:1",11910,4,1249
"-1:-2|0:-1|2:-2|2:1",11911,4,736
"-1:-2|1:0|2:-1|2:0",11912,4,1120
"-1:-2|1:0|2:-2|2:0",11913,4,597
"-1:-2|1:0|2:-2|2:-1",11914,4,417
"-1:-2|1:-2|1:-1|2:2",11915,4,992
"-1:-2|1:-1|2:-1|2:1",11916,4,1239
"-1:-2|1:-2|1:-1|2:0",11917,4,1235
"-1:-2|1:-2|1:-1|2:-1",11918,4,1218
"-1:-2|1:-2|1:-1|2:-2",11919,4,348
"-1:-2|1:-1|2:1|2:2",11920,4,436
"-1:-2|1:-1|2:0|2:2",11921,4,616
"-1:-2|1:-1|2:-1|2:2",11922,4,754
"-1:-2|1:-1|2:-2|2:2",11923,4,726
"-1:-2|0:-2|1:-1|2:1",11924,4,1137
"-1:-2|1:-1|2:-1|2:1",11925,4,1239
"-1:-2|1:-1|2:-2|2:1",11926,4,721
"-1:-2|1:-1|2:-1|2:0",11927,4,1106
"-1:-2|1:-1|2:-2|2:0",11928,4,581
"-1:-2|1:-1|2:-2|2:-1",11929,4,401
"-1:-2|1:-2|2:1|2:2",11930,4,450
"-1:-2|1:-2|2:0|2:2",11931,4,630
"-1:-2|1:-2|2:-1|2:2",11932,4,767
"-1:-2|1:-2|2:-2|2:2",11933,4,361
"-1:-2|0:-2|2:-1|2:1",11934,4,1149
"-1:-2|1:-2|2:-1|2:1",11935,4,1225
"-1:-2|1:-2|2:-2|2:1",11936,4,356
"-1:-2|1:-2|2:-1|2:0",11937,4,1091
"-1:-2|1:-2|2:-2|2:0",11938,4,352
"-1:-2|1:-2|2:-2|2:-1",11939,4,347
"-1:-2|2:0|2:1|2:2",11940,4,340
"-1:-2|2:-1|2:1|2:2",11941,4,360
"-1:-2|2:-2|2:1|2:2",11942,4,379
"-1:-2|2:-1|2:0|2:2",11943,4,558
"-1:-2|2:-2|2:0|2:2",11944,4,568
"-1:-2|2:-2|2:-1|2:2",11945,4,375
"-1:-2|0:-2|1:-2|2:1",11946,4,1078
"-1:-2|0:-2|2:-2|2:1",11947,4,554
"-1:-2|1:-2|2:-2|2:1",11948,4,356
"-1:-2|2:-2|2:-1|2:0",11949,4,336
"-2:0|-1:0|1:0|2:0",11950,4,1691
"-1:-2|0:-2|0:-1|0:1",11951,4,1122
"-1:-1|0:-2|0:-1|0:1",11952,4,1646
"-1:0|0:-1|0:1|0:2",11953,4,1686
"-1:-1|-1:0|1:0|2:0",11954,4,1689
"-1:-2|0:-1|0:1|0:2",11955,4,1499
"-1:0|1:0|2:-2|2:0",11956,4,599
"-1:0|1:-2|1:0|2:0",11957,4,1568
"-1:0|0:-2|1:0|2:0",11958,4,1681
"-1:-2|-1:0|1:0|2:0",11959,4,1599
"-2:-2|-1:0|1:0|2:0",11960,4,974
"-1:-2|0:-2|0:-1|0:2",11961,4,1126
"-1:-1|0:-2|0:-1|0:2",11962,4,1648
"-1:0|0:-2|0:-1|0:2",11963,4,1688
"-1:-1|0:-2|0:1|0:2",11964,4,1676
"-1:-2|0:-2|0:1|0:2",11965,4,1206
"-2:-2|-2:0|-1:0|2:0",11966,4,604
"-2:-1|0:-2|0:-1|0:2",11967,4,1569
"-2:0|-1:0|0:-2|2:0",11968,4,1683
"-2:-1|0:-2|0:1|0:2",11969,4,1577
"-2:-2|-2:0|1:0|2:0",11970,4,694
"-1:-2|-1:-1|0:-2|0:-1",11971,4,1099
"-1:-2|-1:0|0:-2|0:-1",11972,4,1117
"-1:-1|-1:2|0:1|0:2",11973,4,1121
"-1:-2|-1:2|0:-2|0:-1",11974,4,1125
"-2:-2|-1:-2|0:-2|0:-1",11975,4,329
"-2:-1|-1:-2|0:-2|0:-1",11976,4,1084
"-2:-1|-2:0|-1:0|0:-2",11977,4,1116
"-1:-2|1:0|2:-1|2:0",11978,4,1120
"-2:-1|-2:0|-1:0|2:-2",11979,4,1029
"-1:-1|-1:0|0:-2|0:-1",11980,4,1642
"-1:-1|-1:1|0:-2|0:-1",11981,4,1645
"-1:-1|-1:2|0:-2|0:-1",11982,4,1637
"-2:-2|-1:-1|0:-2|0:-1",11983,4,574
"-2:-1|-1:-1|0:-2|0:-1",11984,4,1371
"-2:0|-1:-1|-1:0|0:-2",11985,4,1641
"-1:-2|1:-1|1:0|2:0",11986,4,1524
"-2:-2|-1:1|0:1|0:2",11987,4,996
"-1:-1|-1:0|0:1|0:2",11988,4,1685
"-1:-2|-1:0|0:1|0:2",11989,4,1617
"-2:-2|-1:0|0:-2|0:-1",11990,4,594
"-2:-1|-1:0|0:-2|0:-1",11991,4,1451
"-2:0|-1:0|0:-2|0:-1",11992,4,1678
"-1:-2|0:-1|1:0|2:0",11993,4,1470
"-2:-2|-1:0|0:1|0:2",11994,4,948
"-1:-2|-1:-1|0:1|0:2",11995,4,1421
"-1:-1|1:0|2:-2|2:0",11996,4,598
"-1:-1|1:-2|1:0|2:0",11997,4,1505
"-1:-1|0:-2|1:0|2:0",11998,4,1663
"-1:-2|-1:-1|1:0|2:0",11999,4,1391
"-2:-2|-1:-1|0:1|0:2",12000,4,907
"-2:-1|1:0|2:-2|2:0",12001,4,603
"-2:-1|-1:2|0:-2|0:-1",12002,4,1553
"-2:-1|0:-2|1:0|2:0",12003,4,1596
"-2:-1|-1:-2|0:1|0:2",12004,4,1323
"-2:-2|-1:-2|0:1|0:2",12005,4,522
"-2:-2|-2:-1|0:-2|0:-1",12006,4,456
"-2:-2|-2:0|-1:0|0:-2",12007,4,593
"-1:-2|1:0|2:-2|2:0",12008,4,597
"-2:-2|-2:0|-1:0|2:-2",12009,4,602
"-2:-1|-2:0|0:-2|0:-1",12010,4,1153
"-1:-2|1:-2|1:0|2:0",12011,4,1254
"-2:-1|-2:2|0:-2|0:-1",12012,4,784
"-1:-2|0:-2|1:0|2:0",12013,4,1173
"-2:-2|-2:0|0:1|0:2",12014,4,653
"-2:-2|-1:-2|1:0|2:0",12015,4,481
"-1:-2|0:-2|0:1|0:2",12016,4,1206
"-1:-1|0:-2|0:1|0:2",12017,4,1676
"-1:0|0:-2|0:-1|0:2",12018,4,1688
"-1:-1|0:-2|0:-1|0:2",12019,4,1648
"-1:-2|0:-2|0:-1|0:2",12020,4,1126
"-2:-2|-2:0|1:0|2:0",12021,4,694
"-2:-1|0:-2|0:1|0:2",12022,4,1577
"-2:0|-1:0|0:-2|2:0",12023,4,1683
"-2:-1|0:-2|0:-1|0:2",12024,4,1569
"-2:-2|-2:0|-1:0|2:0",12025,4,604
"-1:-2|-1:-1|0:-2|0:1",12026,4,1108
"-1:-2|-1:0|0:-2|0:1",12027,4,1167
"-1:-1|-1:0|2:-1|2:0",12028,4,1197
"-1:-2|-1:2|0:-1|0:2",12029,4,1205
"-1:0|2:-2|2:-1|2:0",12030,4,338
"-1:0|1:-2|2:-1|2:0",12031,4,1093
"-1:0|0:-2|2:-1|2:0",12032,4,1157
"-1:-2|-1:0|2:-1|2:0",12033,4,1191
"-2:-1|-2:0|1:0|2:-2",12034,4,984
"-1:-1|-1:0|0:-2|0:1",12035,4,1660
"-1:-1|-1:0|1:-1|2:0",12036,4,1672
"-1:-1|-1:2|0:-2|0:1",12037,4,1494
"-1:0|1:-1|2:-2|2:0",12038,4,583
"-1:0|1:-2|1:-1|2:0",12039,4,1372
"-1:0|0:-2|1:-1|2:0",12040,4,1654
"-1:-2|-1:0|1:-1|2:0",12041,4,1516
"-2:-2|-1:0|1:-1|2:0",12042,4,968
"-1:-1|-1:0|0:-1|0:2",12043,4,1699
"-1:-2|-1:0|0:-1|0:2",12044,4,1468
"-1:0|0:-1|2:-2|2:0",12045,4,645
"-1:0|0:-1|1:-2|2:0",12046,4,1452
"-1:0|0:-2|0:-1|2:0",12047,4,1679
"-1:-2|-1:0|0:-1|2:0",12048,4,1462
"-2:-2|-1:0|0:-1|0:2",12049,4,944
"-1:-2|-1:-1|0:-1|0:2",12050,4,1346
"-1:-1|-1:0|2:-2|2:0",12051,4,682
"-1:-1|-1:0|1:-2|2:0",12052,4,1506
"-1:-1|-1:0|0:-2|2:0",12053,4,1658
"-1:-2|-1:-1|-1:0|2:0",12054,4,1382
"-2:-2|-1:-1|-1:0|2:0",12055,4,885
"-2:-1|-1:0|2:-2|2:0",12056,4,693
"-2:-1|-1:0|1:-2|2:0",12057,4,1489
"-2:-1|-1:0|0:-2|2:0",12058,4,1459
"-2:-1|-1:-2|-1:0|2:0",12059,4,1305
"-2:-2|-1:-2|0:-1|0:2",12060,4,424
"-1:0|1:-2|2:-2|2:0",12061,4,457
"-1:0|0:-2|2:-2|2:0",12062,4,636
"-1:-2|-1:0|2:-2|2:0",12063,4,675
"-2:-2|-1:0|2:-2|2:0",12064,4,692
"-1:0|0:-2|1:-2|2:0",12065,4,1154
"-1:-2|-1:0|1:-2|2:0",12066,4,1255
"-2:-1|-2:2|0:-2|0:1",12067,4,774
"-1:-2|-1:0|0:-2|2:0",12068,4,1164
"-2:-2|-1:0|0:-2|2:0",12069,4,642
"-2:-2|-1:-2|-1:0|2:0",12070,4,470
"-1:-2|-1:-1|0:-2|0:2",12071,4,1112
"-1:-2|-1:0|0:-2|0:2",12072,4,1171
"-1:-1|-1:2|0:-2|0:2",12073,4,1201
"-1:-2|-1:2|0:-2|0:2",12074,4,1215
"-2:-2|-1:-2|0:-2|0:2",12075,4,343
"-2:-1|-1:-2|0:-2|0:2",12076,4,1097
"-2:-1|-2:0|0:-2|2:0",12077,4,1161
"-2:-1|-1:2|0:-2|0:2",12078,4,1195
"-2:-1|-2:0|2:-2|2:0",12079,4,710
"-1:-1|-1:0|0:-2|0:2",12080,4,1662
"-1:-1|-1:1|0:-2|0:2",12081,4,1674
"-1:-1|-1:2|0:-2|0:2",12082,4,1201
"-2:-2|-1:-1|0:-2|0:2",12083,4,588
"-2:-1|-1:-1|0:-2|0:2",12084,4,1373
"-2:0|-1:-1|0:-2|0:2",12085,4,1655
"-2:-1|-1:1|0:-2|0:2",12086,4,1507
"-2:-2|-1:1|0:-2|0:2",12087,4,687
"-1:-1|-1:0|0:-2|0:2",12088,4,1662
"-1:-2|-1:0|0:-2|0:2",12089,4,1171
"-2:-2|-1:0|0:-2|0:2",12090,4,650
"-2:-1|-1:0|0:-2|0:2",12091,4,1453
"-2:0|-1:0|0:-2|0:2",12092,4,1680
"-2:-1|-1:0|0:-2|0:2",12093,4,1453
"-2:-2|-1:0|0:-2|0:2",12094,4,650
"-1:-2|-1:-1|0:-2|0:2",12095,4,1112
"-2:-2|-1:1|0:-2|0:2",12096,4,687
"-2:-1|-1:1|0:-2|0:2",12097,4,1507
"-2:0|-1:-1|0:-2|0:2",12098,4,1655
"-2:-1|-1:-1|0:-2|0:2",12099,4,1373
"-2:-2|-1:-1|0:-2|0:2",12100,4,588
"-2:-1|-2:0|2:-2|2:0",12101,4,710
"-2:-1|-1:2|0:-2|0:2",12102,4,1195
"-2:-1|-2:0|0:-2|2:0",12103,4,1161
"-2:-1|-1:-2|0:-2|0:2",12104,4,1097
"-2:-2|-1:-2|0:-2|0:2",12105,4,343
"-2:-2|-2:-1|0:-2|0:2",12106,4,458
"-2:-2|-2:0|0:-2|0:2",12107,4,637
"-2:-1|-2:2|0:-2|0:2",12108,4,679
"-2:-2|-2:0|2:-2|2:0",12109,4,707
"-2:-1|-2:0|0:-2|0:2",12110,4,1155
"-2:-1|-2:1|0:-2|0:2",12111,4,1256
"-2:-1|-2:2|0:-2|0:2",12112,4,679
"-2:-1|-2:0|0:-2|0:2",12113,4,1155
"-2:-2|-2:0|0:-2|0:2",12114,4,637
"-2:-2|-2:-1|0:-2|0:2",12115,4,458
"-1:-2|-1:-1|-1:0|0:-2",12116,4,1103
"-1:-1|-1:1|-1:2|0:2",12117,4,1107
"-1:-2|-1:-1|-1:2|0:-2",12118,4,1111
"-2:-2|-1:-2|-1:-1|0:-2",12119,4,328
"-2:-1|-1:-2|-1:-1|0:-2",12120,4,1083
"-2:-1|-2:0|-1:-1|0:-2",12121,4,1102
"-1:-2|1:-1|2:-1|2:0",12122,4,1106
"-2:-1|-2:0|-1:-1|2:-2",12123,4,988
"-1:-1|-1:0|-1:2|0:2",12124,4,1166
"-1:-2|-1:0|-1:2|0:-2",12125,4,1170
"-2:-2|-1:-2|-1:0|0:-2",12126,4,333
"-2:-1|-1:-2|-1:0|0:-2",12127,4,1088
"-2:-1|-2:0|0:-2|0:-1",12128,4,1153
"-1:-2|0:-1|2:-1|2:0",12129,4,1165
"-2:-1|-2:0|0:-1|2:-2",12130,4,935
"-1:-2|-1:-1|-1:2|0:2",12131,4,1200
"-1:-1|2:-2|2:-1|2:0",12132,4,337
"-1:-1|1:-2|2:-1|2:0",12133,4,1092
"-1:-1|0:-2|2:-1|2:0",12134,4,1156
"-1:-2|-1:-1|2:-1|2:0",12135,4,1190
"-2:-1|-2:0|1:-1|2:-2",12136,4,900
"-2:-1|2:-2|2:-1|2:0",12137,4,342
"-2:-1|-1:-2|-1:2|0:-2",12138,4,1096
"-2:-1|-2:0|0:-2|2:-1",12139,4,1160
"-2:-1|-1:-2|-1:2|0:2",12140,4,1194
"-2:-1|-2:0|2:-2|2:-1",12141,4,540
"-2:-2|-2:-1|-1:-2|0:-2",12142,4,327
"-2:-2|-2:-1|-2:0|0:-2",12143,4,332
"-1:-2|2:-2|2:-1|2:0",12144,4,336
"-2:-2|-2:-1|-2:0|2:-2",12145,4,341
"-2:-1|-2:0|-1:-2|0:-2",12146,4,1087
"-1:-2|1:-2|2:-1|2:0",12147,4,1091
"-2:-1|-2:0|-1:-2|2:-2",12148,4,762
"-1:-2|0:-2|2:-1|2:0",12149,4,1144
"-2:-1|-2:0|0:-2|2:-2",12150,4,625
"-2:-1|-2:0|1:-2|2:-2",12151,4,445
"-1:-1|-1:0|-1:1|0:-2",12152,4,1659
"-1:-1|-1:0|-1:2|0:-2",12153,4,1614
"-2:-2|-1:-1|-1:0|0:-2",12154,4,578
"-2:-1|-1:-1|-1:0|0:-2",12155,4,1336
"-2:0|-1:-1|-1:0|0:-2",12156,4,1641
"-1:-2|0:-1|1:-1|2:0",12157,4,1432
"-2:-2|-1:0|-1:1|0:2",12158,4,924
"-1:-1|-1:1|-1:2|0:-2",12159,4,1416
"-1:-1|1:-1|2:-2|2:0",12160,4,582
"-1:-1|1:-2|1:-1|2:0",12161,4,1349
"-1:-1|0:-2|1:-1|2:0",12162,4,1649
"-1:-2|-1:-1|1:-1|2:0",12163,4,1352
"-2:-2|-1:-1|-1:1|0:2",12164,4,890
"-2:-1|1:-1|2:-2|2:0",12165,4,587
"-2:-1|-1:-1|-1:2|0:-2",12166,4,1361
"-2:-1|0:-2|1:-1|2:0",12167,4,1593
"-2:-1|-1:-2|-1:1|0:2",12168,4,1309
"-2:-2|-1:-2|-1:1|0:2",12169,4,515
"-2:-2|-2:-1|-1:-1|0:-2",12170,4,397
"-2:-2|-2:0|-1:-1|0:-2",12171,4,577
"-1:-2|1:-1|2:-2|2:0",12172,4,581
"-2:-2|-2:0|-1:-1|2:-2",12173,4,586
"-2:-1|-2:0|-1:-1|0:-2",12174,4,1102
"-1:-2|1:-2|1:-1|2:0",12175,4,1235
"-2:-1|-2:2|-1:-1|0:-2",12176,4,749
"-1:-2|0:-2|1:-1|2:0",12177,4,1132
"-2:-2|-2:0|-1:1|0:2",12178,4,611
"-2:-2|-1:-2|1:-1|2:0",12179,4,431
"-1:-2|-1:-1|-1:0|0:2",12180,4,1389
"-1:-1|0:-1|2:-2|2:0",12181,4,644
"-1:-1|0:-1|1:-2|2:0",12182,4,1429
"-1:-1|0:-2|0:-1|2:0",12183,4,1644
"-1:-2|-1:-1|0:-1|2:0",12184,4,1339
"-2:-2|-1:-1|-1:0|0:2",12185,4,879
"-2:-1|0:-1|2:-2|2:0",12186,4,649
"-2:-1|-1:0|-1:2|0:-2",12187,4,1441
"-2:-1|0:-2|0:-1|2:0",12188,4,1575
"-2:-1|-1:-2|-1:0|0:2",12189,4,1299
"-2:-2|-1:-2|-1:0|0:2",12190,4,478
"-2:-2|-2:-1|-1:0|0:-2",12191,4,413
"-2:-2|-2:0|-1:0|0:-2",12192,4,593
"-1:-2|0:-1|2:-2|2:0",12193,4,643
"-2:-2|-2:0|0:-1|2:-2",12194,4,648
"-2:-1|-2:0|-1:0|0:-2",12195,4,1116
"-1:-2|0:-1|1:-2|2:0",12196,4,1247
"-2:-1|-2:2|-1:0|0:-2",12197,4,735
"-1:-2|0:-2|0:-1|2:0",12198,4,1119
"-2:-2|-2:0|-1:0|0:2",12199,4,596
"-2:-2|-1:-2|0:-1|2:0",12200,4,416
"-2:-1|-1:-1|2:-2|2:0",12201,4,686
"-2:-1|-1:-1|1:-2|2:0",12202,4,1410
"-2:-1|-1:-1|0:-2|2:0",12203,4,1379
"-2:-1|-1:-2|-1:-1|0:2",12204,4,1292
"-2:-2|-1:-2|-1:-1|0:2",12205,4,408
"-1:-1|1:-2|2:-2|2:0",12206,4,428
"-1:-1|0:-2|2:-2|2:0",12207,4,608
"-1:-2|-1:-1|2:-2|2:0",12208,4,674
"-2:-2|-1:-1|2:-2|2:0",12209,4,685
"-1:-1|0:-2|1:-2|2:0",12210,4,1129
"-1:-2|-1:-1|1:-2|2:0",12211,4,1238
"-2:-1|-2:2|-1:1|0:-2",12212,4,720
"-1:-2|-1:-1|0:-2|2:0",12213,4,1105
"-2:-2|-1:-1|0:-2|2:0",12214,4,580
"-2:-2|-1:-2|-1:-1|2:0",12215,4,400
"-2:-1|1:-2|2:-2|2:0",12216,4,442
"-2:-1|0:-2|2:-2|2:0",12217,4,622
"-2:-1|-1:-2|2:-2|2:0",12218,4,678
"-2:-2|-2:-1|2:-2|2:0",12219,4,537
"-2:-1|-2:0|-1:2|0:-2",12220,4,1141
"-2:-1|-1:-2|1:-2|2:0",12221,4,1224
"-2:-1|-2:2|-1:2|0:-2",12222,4,507
"-2:-1|-1:-2|0:-2|2:0",12223,4,1090
"-2:-2|-2:-1|0:-2|2:0",12224,4,466
"-2:-2|-2:-1|-1:-2|0:2",12225,4,390
"-2:-2|-2:-1|-2:0|0:-2",12226,4,332
"-1:-2|1:-2|2:-2|2:0",12227,4,352
"-2:-2|-2:-1|-2:2|0:-2",12228,4,371
"-1:-2|0:-2|2:-2|2:0",12229,4,550
"-2:-2|-2:0|-2:2|0:-2",12230,4,566
"-2:-2|-1:-2|2:-2|2:0",12231,4,374
"-1:-2|0:-2|1:-2|2:0",12232,4,1076
"-2:-1|-2:0|-2:2|0:-2",12233,4,553
"-2:-1|-2:1|-2:2|0:-2",12234,4,355
"-2:-2|-1:-2|0:-2|2:0",12235,4,335
"-1:-2|0:-1|0:1|0:2",12236,4,1499
"-1:-1|-1:0|1:0|2:0",12237,4,1689
"-1:0|0:-1|0:1|0:2",12238,4,1686
"-1:-1|0:-2|0:-1|0:1",12239,4,1646
"-1:-2|0:-2|0:-1|0:1",12240,4,1122
"-2:-2|-1:0|1:0|2:0",12241,4,974
"-1:-2|-1:0|1:0|2:0",12242,4,1599
"-1:0|0:-2|1:0|2:0",12243,4,1681
"-1:0|1:-2|1:0|2:0",12244,4,1568
"-1:0|1:0|2:-2|2:0",12245,4,599
"-1:-2|-1:-1|0:-1|0:1",12246,4,1342
"-1:-2|-1:0|0:-1|0:1",12247,4,1464
"-1:-1|-1:0|1:0|2:-1",12248,4,1491
"-1:-2|-1:2|0:-1|0:1",12249,4,1498
"-1:0|1:0|2:-2|2:-1",12250,4,419
"-1:0|1:-2|1:0|2:-1",12251,4,1301
"-1:0|0:-2|1:0|2:-1",12252,4,1455
"-1:-2|-1:0|1:0|2:-1",12253,4,1486
"-2:-1|-1:0|1:0|2:-2",12254,4,973
"-1:-1|-1:0|0:-1|0:1",12255,4,1706
"-1:-1|-1:0|1:-1|1:0",12256,4,1711
"-1:-1|-1:0|1:0|2:-1",12257,4,1491
"-1:0|1:-1|1:0|2:-2",12258,4,881
"-1:-2|-1:-1|-1:0|1:0",12259,4,1381
"-1:-1|-1:0|0:-2|1:0",12260,4,1657
"-1:-1|-1:0|1:-2|1:0",12261,4,1515
"-1:-1|-1:0|1:0|2:-2",12262,4,964
"-1:-1|-1:0|0:-1|0:1",12263,4,1706
"-1:-2|-1:0|0:-1|0:1",12264,4,1464
"-1:0|0:-1|1:0|2:-2",12265,4,943
"-1:-2|-1:0|0:-1|1:0",12266,4,1461
"-1:0|0:-2|0:-1|1:0",12267,4,1684
"-1:-2|-1:0|0:-1|1:0",12268,4,1461
"-1:0|0:-1|1:0|2:-2",12269,4,943
"-1:-2|-1:-1|0:-1|0:1",12270,4,1342
"-1:-1|-1:0|1:0|2:-2",12271,4,964
"-1:-1|-1:0|1:-2|1:0",12272,4,1515
"-1:-1|-1:0|0:-2|1:0",12273,4,1657
"-1:-2|-1:-1|-1:0|1:0",12274,4,1381
"-1:0|1:-1|1:0|2:-2",12275,4,881
"-2:-1|-1:0|1:0|2:-2",12276,4,973
"-1:-2|-1:0|1:0|2:-1",12277,4,1486
"-1:0|0:-2|1:0|2:-1",12278,4,1455
"-1:0|1:-2|1:0|2:-1",12279,4,1301
"-1:0|1:0|2:-2|2:-1",12280,4,419
"-1:0|1:-2|1:0|2:-2",12281,4,469
"-1:0|0:-2|1:0|2:-2",12282,4,641
"-1:-2|-1:0|1:0|2:-2",12283,4,773
"-2:-2|-1:0|1:0|2:-2",12284,4,856
"-1:-2|-1:0|0:-2|1:0",12285,4,1163
"-1:-2|-1:0|1:-2|1:0",12286,4,1264
"-1:-2|-1:0|1:0|2:-2",12287,4,773
"-1:-2|-1:0|0:-2|1:0",12288,4,1163
"-1:0|0:-2|1:0|2:-2",12289,4,641
"-1:0|1:-2|1:0|2:-2",12290,4,469
"-1:-2|-1:-1|0:-1|0:2",12291,4,1346
"-1:-2|-1:0|0:-1|0:2",12292,4,1468
"-1:-1|-1:2|0:-2|0:1",12293,4,1494
"-1:-2|-1:2|0:-1|0:2",12294,4,1205
"-2:-2|-1:-2|0:-1|0:2",12295,4,424
"-2:-1|-1:-2|-1:0|2:0",12296,4,1305
"-2:-1|-1:0|0:-2|2:0",12297,4,1459
"-2:-1|-1:0|1:-2|2:0",12298,4,1489
"-2:-1|-1:0|2:-2|2:0",12299,4,693
"-1:-1|-1:0|0:-1|0:2",12300,4,1699
"-1:-1|-1:0|1:-1|2:0",12301,4,1672
"-1:-1|-1:0|2:-1|2:0",12302,4,1197
"-2:-2|-1:-1|-1:0|2:0",12303,4,885
"-1:-2|-1:-1|-1:0|2:0",12304,4,1382
"-1:-1|-1:0|0:-2|2:0",12305,4,1658
"-1:-1|-1:0|1:-2|2:0",12306,4,1506
"-1:-1|-1:0|2:-2|2:0",12307,4,682
"-1:-1|-1:0|0:-2|0:1",12308,4,1660
"-1:-2|-1:0|0:-2|0:1",12309,4,1167
"-2:-2|-1:0|0:-1|0:2",12310,4,944
"-1:-2|-1:0|0:-1|2:0",12311,4,1462
"-1:0|0:-2|0:-1|2:0",12312,4,1679
"-1:0|0:-1|1:-2|2:0",12313,4,1452
"-1:0|0:-1|2:-2|2:0",12314,4,645
"-1:-2|-1:-1|0:-2|0:1",12315,4,1108
"-2:-2|-1:0|1:-1|2:0",12316,4,968
"-1:-2|-1:0|1:-1|2:0",12317,4,1516
"-1:0|0:-2|1:-1|2:0",12318,4,1654
"-1:0|1:-2|1:-1|2:0",12319,4,1372
"-1:0|1:-1|2:-2|2:0",12320,4,583
"-2:-1|-2:0|1:0|2:-2",12321,4,984
"-1:-2|-1:0|2:-1|2:0",12322,4,1191
"-1:0|0:-2|2:-1|2:0",12323,4,1157
"-1:0|1:-2|2:-1|2:0",12324,4,1093
"-1:0|2:-2|2:-1|2:0",12325,4,338
"-2:-2|-1:-2|-1:0|2:0",12326,4,470
"-2:-2|-1:0|0:-2|2:0",12327,4,642
"-2:-1|-2:2|0:-2|0:1",12328,4,774
"-2:-2|-1:0|2:-2|2:0",12329,4,692
"-1:-2|-1:0|0:-2|2:0",12330,4,1164
"-1:-2|-1:0|1:-2|2:0",12331,4,1255
"-1:-2|-1:0|2:-2|2:0",12332,4,675
"-1:0|0:-2|1:-2|2:0",12333,4,1154
"-1:0|0:-2|2:-2|2:0",12334,4,636
"-1:0|1:-2|2:-2|2:0",12335,4,457
"-1:-2|-1:-1|-1:0|0:-1",12336,4,1337
"-1:-1|-1:1|-1:2|0:1",12337,4,1341
"-1:-2|-1:-1|-1:2|0:-1",12338,4,1345
"-2:-2|-1:-2|-1:-1|0:-1",12339,4,394
"-2:-1|-1:-2|-1:-1|-1:0",12340,4,1288
"-2:-1|-1:-1|-1:0|0:-2",12341,4,1336
"-1:-2|1:-1|1:0|2:-1",12342,4,1340
"-2:-1|-1:-1|-1:0|2:-2",12343,4,987
"-1:-1|-1:0|-1:2|0:1",12344,4,1463
"-1:-2|-1:0|-1:2|0:-1",12345,4,1467
"-2:-2|-1:-2|-1:0|0:-1",12346,4,414
"-2:-1|-1:-2|-1:0|0:-1",12347,4,1297
"-2:-1|-1:0|0:-2|0:-1",12348,4,1451
"-1:-2|0:-1|1:0|2:-1",12349,4,1443
"-2:-1|-1:0|0:-1|2:-2",12350,4,934
"-1:-2|-1:-1|-1:2|0:1",12351,4,1420
"-1:-1|1:0|2:-2|2:-1",12352,4,418
"-1:-1|1:-2|1:0|2:-1",12353,4,1300
"-1:-1|0:-2|1:0|2:-1",12354,4,1454
"-1:-2|-1:-1|1:0|2:-1",12355,4,1363
"-2:-1|-1:0|1:-1|2:-2",12356,4,899
"-2:-1|1:0|2:-2|2:-1",12357,4,423
"-2:-1|-1:-2|-1:0|2:-1",12358,4,1304
"-2:-1|-1:0|0:-2|2:-1",12359,4,1458
"-2:-1|-1:-2|-1:2|0:1",12360,4,1317
"-2:-1|-1:0|2:-2|2:-1",12361,4,521
"-2:-2|-2:-1|-1:-2|-1:0",12362,4,386
"-2:-2|-2:-1|-1:0|0:-2",12363,4,413
"-1:-2|1:0|2:-2|2:-1",12364,4,417
"-2:-2|-2:-1|-1:0|2:-2",12365,4,422
"-2:-1|-1:-2|-1:0|0:-2",12366,4,1088
"-1:-2|1:-2|1:0|2:-1",12367,4,1222
"-2:-1|-1:-2|-1:0|2:-2",12368,4,761
"-1:-2|0:-2|1:0|2:-1",12369,4,1143
"-2:-1|-1:0|0:-2|2:-2",12370,4,624
"-2:-1|-1:0|1:-2|2:-2",12371,4,444
"-1:-1|-1:0|-1:1|0:-1",12372,4,1703
"-1:-1|-1:0|-1:2|0:-1",12373,4,1611
"-2:-2|-1:-1|-1:0|0:-1",12374,4,877
"-1:-2|-1:-1|-1:0|0:-1",12375,4,1337
"-1:-1|-1:0|0:-2|0:-1",12376,4,1642
"-1:-1|-1:0|0:-1|1:-2",12377,4,1431
"-1:-1|-1:0|0:-1|2:-2",12378,4,923
"-1:-1|-1:0|1:-1|2:-1",12379,4,1412
"-1:-1|1:-1|1:0|2:-2",12380,4,880
"-1:-1|1:-2|1:-1|1:0",12381,4,1350
"-1:-1|-1:0|0:-2|1:-1",12382,4,1650
"-1:-1|-1:0|1:-2|1:-1",12383,4,1351
"-1:-1|-1:0|1:-1|2:-2",12384,4,889
"-2:-1|1:-1|1:0|2:-2",12385,4,884
"-1:-2|-1:-1|-1:0|2:-1",12386,4,1362
"-1:-1|-1:0|0:-2|2:-1",12387,4,1590
"-1:-1|-1:0|1:-2|2:-1",12388,4,1308
"-1:-1|-1:0|2:-2|2:-1",12389,4,510
"-2:-2|-1:-2|-1:-1|-1:0",12390,4,398
"-2:-2|-1:-1|-1:0|0:-2",12391,4,578
"-1:-2|1:-1|1:0|2:-2",12392,4,718
"-2:-2|-1:-1|-1:0|2:-2",12393,4,840
"-1:-2|-1:-1|-1:0|0:-2",12394,4,1103
"-1:-2|-1:-1|-1:0|1:-2",12395,4,1236
"-1:-2|-1:-1|-1:0|2:-2",12396,4,748
"-1:-1|-1:0|0:-2|1:-2",12397,4,1131
"-1:-1|-1:0|0:-2|2:-2",12398,4,610
"-1:-1|-1:0|1:-2|2:-2",12399,4,430
"-1:-2|-1:-1|-1:0|0:1",12400,4,1385
"-1:-1|0:-1|1:0|2:-2",12401,4,922
"-1:-1|0:-1|1:-2|1:0",12402,4,1430
"-1:-1|0:-2|0:-1|1:0",12403,4,1643
"-1:-2|-1:-1|0:-1|1:0",12404,4,1338
"-1:0|0:-1|1:-1|2:-2",12405,4,878
"-2:-1|0:-1|1:0|2:-2",12406,4,933
"-1:-2|-1:0|0:-1|2:-1",12407,4,1442
"-1:0|0:-2|0:-1|2:-1",12408,4,1571
"-1:0|0:-1|1:-2|2:-1",12409,4,1298
"-1:0|0:-1|2:-2|2:-1",12410,4,473
"-2:-2|-1:-2|-1:0|0:-1",12411,4,414
"-2:-2|-1:0|0:-2|0:-1",12412,4,594
"-1:-2|0:-1|1:0|2:-2",12413,4,733
"-2:-2|-1:0|0:-1|2:-2",12414,4,850
"-1:-2|-1:0|0:-2|0:-1",12415,4,1117
"-1:-2|-1:0|0:-1|1:-2",12416,4,1248
"-1:-2|-1:0|0:-1|2:-2",12417,4,734
"-1:-2|0:-2|0:-1|1:0",12418,4,1118
"-1:0|0:-2|0:-1|2:-2",12419,4,595
"-1:0|0:-1|1:-2|2:-2",12420,4,415
"-2:-1|-1:-1|1:0|2:-2",12421,4,967
"-1:-2|-1:0|1:-1|2:-1",12422,4,1407
"-1:0|0:-2|1:-1|2:-1",12423,4,1375
"-1:0|1:-2|1:-1|2:-1",12424,4,1291
"-1:0|1:-1|2:-2|2:-1",12425,4,403
"-1:-1|1:-2|1:0|2:-2",12426,4,429
"-1:-1|0:-2|1:0|2:-2",12427,4,609
"-1:-2|-1:-1|1:0|2:-2",12428,4,747
"-2:-2|-1:-1|1:0|2:-2",12429,4,841
"-1:-1|0:-2|1:-2|1:0",12430,4,1130
"-1:-2|-1:-1|1:-2|1:0",12431,4,1237
"-1:-2|-1:0|1:-1|2:-2",12432,4,719
"-1:-2|-1:-1|0:-2|1:0",12433,4,1104
"-1:0|0:-2|1:-1|2:-2",12434,4,579
"-1:0|1:-2|1:-1|2:-2",12435,4,399
"-2:-1|1:-2|1:0|2:-2",12436,4,443
"-2:-1|0:-2|1:0|2:-2",12437,4,623
"-2:-1|-1:-2|1:0|2:-2",12438,4,760
"-2:-2|-1:0|2:-2|2:-1",12439,4,520
"-1:-2|-1:0|0:-2|2:-1",12440,4,1142
"-1:-2|-1:0|1:-2|2:-1",12441,4,1223
"-1:-2|-1:0|2:-2|2:-1",12442,4,503
"-1:0|0:-2|1:-2|2:-1",12443,4,1089
"-1:0|0:-2|2:-2|2:-1",12444,4,461
"-1:0|1:-2|2:-2|2:-1",12445,4,389
"-2:-2|-1:-2|-1:0|0:-2",12446,4,333
"-1:-2|1:-2|1:0|2:-2",12447,4,353
"-2:-2|-1:-2|-1:0|2:-2",12448,4,372
"-1:-2|0:-2|1:0|2:-2",12449,4,551
"-2:-2|-1:0|0:-2|2:-2",12450,4,567
"-2:-2|-1:-2|1:0|2:-2",12451,4,373
"-1:-2|-1:0|0:-2|1:-2",12452,4,1077
"-1:-2|-1:0|0:-2|2:-2",12453,4,552
"-1:-2|-1:0|1:-2|2:-2",12454,4,354
"-1:0|0:-2|1:-2|2:-2",12455,4,334
"-1:-2|-1:-1|0:1|0:2",12456,4,1421
"-1:-2|-1:0|0:1|0:2",12457,4,1617
"-1:-1|-1:2|0:-2|0:-1",12458,4,1637
"-1:-2|-1:2|0:-2|0:-1",12459,4,1125
"-2:-2|-1:-2|0:1|0:2",12460,4,522
"-2:-1|-1:-2|0:1|0:2",12461,4,1323
"-2:-1|0:-2|1:0|2:0",12462,4,1596
"-2:-1|-1:2|0:-2|0:-1",12463,4,1553
"-2:-1|1:0|2:-2|2:0",12464,4,603
"-1:-1|-1:0|0:1|0:2",12465,4,1685
"-1:-1|-1:1|0:-2|0:-1",12466,4,1645
"-1:-1|-1:2|0:1|0:2",12467,4,1121
"-2:-2|-1:-1|0:1|0:2",12468,4,907
"-1:-2|-1:-1|1:0|2:0",12469,4,1391
"-1:-1|0:-2|1:0|2:0",12470,4,1663
"-1:-1|1:-2|1:0|2:0",12471,4,1505
"-1:-1|1:0|2:-2|2:0",12472,4,598
"-1:-1|-1:0|0:-2|0:-1",12473,4,1642
"-1:-2|-1:0|0:-2|0:-1",12474,4,1117
"-2:-2|-1:0|0:1|0:2",12475,4,948
"-1:-2|0:-1|1:0|2:0",12476,4,1470
"-2:0|-1:0|0:-2|0:-1",12477,4,1678
"-2:-1|-1:0|0:-2|0:-1",12478,4,1451
"-2:-2|-1:0|0:-2|0:-1",12479,4,594
"-1:-2|-1:-1|0:-2|0:-1",12480,4,1099
"-2:-2|-1:1|0:1|0:2",12481,4,996
"-1:-2|1:-1|1:0|2:0",12482,4,1524
"-2:0|-1:-1|-1:0|0:-2",12483,4,1641
"-2:-1|-1:-1|0:-2|0:-1",12484,4,1371
"-2:-2|-1:-1|0:-2|0:-1",12485,4,574
"-2:-1|-2:0|-1:0|2:-2",12486,4,1029
"-1:-2|1:0|2:-1|2:0",12487,4,1120
"-2:-1|-2:0|-1:0|0:-2",12488,4,1116
"-2:-1|-1:-2|0:-2|0:-1",12489,4,1084
"-2:-2|-1:-2|0:-2|0:-1",12490,4,329
"-2:-2|-1:-2|1:0|2:0",12491,4,481
"-2:-2|-2:0|0:1|0:2",12492,4,653
"-2:-1|-2:2|0:-2|0:-1",12493,4,784
"-2:-2|-2:0|-1:0|2:-2",12494,4,602
"-1:-2|0:-2|1:0|2:0",12495,4,1173
"-1:-2|1:-2|1:0|2:0",12496,4,1254
"-1:-2|1:0|2:-2|2:0",12497,4,597
"-2:-1|-2:0|0:-2|0:-1",12498,4,1153
"-2:-2|-2:0|-1:0|0:-2",12499,4,593
"-2:-2|-2:-1|0:-2|0:-1",12500,4,456
"-1:-2|-1:-1|-1:0|0:1",12501,4,1385
"-1:-1|-1:0|1:-1|2:-1",12502,4,1412
"-1:-2|-1:-1|-1:2|0:1",12503,4,1420
"-1:0|1:-1|2:-2|2:-1",12504,4,403
"-1:0|1:-2|1:-1|2:-1",12505,4,1291
"-1:0|0:-2|1:-1|2:-1",12506,4,1375
"-1:-2|-1:0|1:-1|2:-1",12507,4,1407
"-2:-1|-1:-1|1:0|2:-2",12508,4,967
"-1:-1|-1:0|-1:2|0:-1",12509,4,1611
"-1:-2|-1:0|-1:2|0:-1",12510,4,1467
"-1:0|0:-1|2:-2|2:-1",12511,4,473
"-1:0|0:-1|1:-2|2:-1",12512,4,1298
"-1:0|0:-2|0:-1|2:-1",12513,4,1571
"-1:-2|-1:0|0:-1|2:-1",12514,4,1442
"-2:-1|0:-1|1:0|2:-2",12515,4,933
"-1:-2|-1:-1|-1:2|0:-1",12516,4,1345
"-1:-1|-1:0|2:-2|2:-1",12517,4,510
"-1:-1|-1:0|1:-2|2:-1",12518,4,1308
"-1:-1|-1:0|0:-2|2:-1",12519,4,1590
"-1:-2|-1:-1|-1:0|2:-1",12520,4,1362
"-2:-1|1:-1|1:0|2:-2",12521,4,884
"-2:-1|-1:0|2:-2|2:-1",12522,4,521
"-2:-1|-1:-2|-1:2|0:1",12523,4,1317
"-2:-1|-1:0|0:-2|2:-1",12524,4,1458
"-2:-1|-1:-2|-1:0|2:-1",12525,4,1304
"-2:-1|1:0|2:-2|2:-1",12526,4,423
"-1:0|1:-2|2:-2|2:-1",12527,4,389
"-1:0|0:-2|2:-2|2:-1",12528,4,461
"-1:-2|-1:0|2:-2|2:-1",12529,4,503
"-2:-2|-1:0|2:-2|2:-1",12530,4,520
"-1:0|0:-2|1:-2|2:-1",12531,4,1089
"-1:-2|-1:0|1:-2|2:-1",12532,4,1223
"-2:-1|-1:-2|1:0|2:-2",12533,4,760
"-1:-2|-1:0|0:-2|2:-1",12534,4,1142
"-2:-1|0:-2|1:0|2:-2",12535,4,623
"-2:-1|1:-2|1:0|2:-2",12536,4,443
"-1:-1|-1:0|-1:1|0:-1",12537,4,1703
"-1:-1|-1:0|-1:2|0:1",12538,4,1463
"-1:0|0:-1|1:-1|2:-2",12539,4,878
"-1:-2|-1:-1|0:-1|1:0",12540,4,1338
"-1:-1|0:-2|0:-1|1:0",12541,4,1643
"-1:-1|0:-1|1:-2|1:0",12542,4,1430
"-1:-1|0:-1|1:0|2:-2",12543,4,922
"-1:-1|-1:1|-1:2|0:1",12544,4,1341
"-1:-1|-1:0|1:-1|2:-2",12545,4,889
"-1:-1|-1:0|1:-2|1:-1",12546,4,1351
"-1:-1|-1:0|0:-2|1:-1",12547,4,1650
"-1:-1|1:-2|1:-1|1:0",12548,4,1350
"-1:-1|1:-1|1:0|2:-2",12549,4,880
"-2:-1|-1:0|1:-1|2:-2",12550,4,899
"-1:-2|-1:-1|1:0|2:-1",12551,4,1363
"-1:-1|0:-2|1:0|2:-1",12552,4,1454
"-1:-1|1:-2|1:0|2:-1",12553,4,1300
"-1:-1|1:0|2:-2|2:-1",12554,4,418
"-1:0|1:-2|1:-1|2:-2",12555,4,399
"-1:0|0:-2|1:-1|2:-2",12556,4,579
"-1:-2|-1:0|1:-1|2:-2",12557,4,719
"-2:-2|-1:-1|1:0|2:-2",12558,4,841
"-1:-2|-1:-1|0:-2|1:0",12559,4,1104
"-1:-2|-1:-1|1:-2|1:0",12560,4,1237
"-1:-2|-1:-1|1:0|2:-2",12561,4,747
"-1:-1|0:-2|1:-2|1:0",12562,4,1130
"-1:-1|0:-2|1:0|2:-2",12563,4,609
"-1:-1|1:-2|1:0|2:-2",12564,4,429
"-1:-2|-1:-1|-1:0|0:-1",12565,4,1337
"-1:-1|-1:0|0:-1|2:-2",12566,4,923
"-1:-1|-1:0|0:-1|1:-2",12567,4,1431
"-1:-1|-1:0|0:-2|0:-1",12568,4,1642
"-1:-2|-1:-1|-1:0|0:-1",12569,4,1337
"-2:-2|-1:-1|-1:0|0:-1",12570,4,877
"-2:-1|-1:0|0:-1|2:-2",12571,4,934
"-1:-2|0:-1|1:0|2:-1",12572,4,1443
"-2:-1|-1:0|0:-2|0:-1",12573,4,1451
"-2:-1|-1:-2|-1:0|0:-1",12574,4,1297
"-2:-2|-1:-2|-1:0|0:-1",12575,4,414
"-1:0|0:-1|1:-2|2:-2",12576,4,415
"-1:0|0:-2|0:-1|2:-2",12577,4,595
"-1:-2|-1:0|0:-1|2:-2",12578,4,734
"-2:-2|-1:0|0:-1|2:-2",12579,4,850
"-1:-2|0:-2|0:-1|1:0",12580,4,1118
"-1:-2|-1:0|0:-1|1:-2",12581,4,1248
"-1:-2|0:-1|1:0|2:-2",12582,4,733
"-1:-2|-1:0|0:-2|0:-1",12583,4,1117
"-2:-2|-1:0|0:-2|0:-1",12584,4,594
"-2:-2|-1:-2|-1:0|0:-1",12585,4,414
"-2:-1|-1:-1|-1:0|2:-2",12586,4,987
"-1:-2|1:-1|1:0|2:-1",12587,4,1340
"-2:-1|-1:-1|-1:0|0:-2",12588,4,1336
"-2:-1|-1:-2|-1:-1|-1:0",12589,4,1288
"-2:-2|-1:-2|-1:-1|0:-1",12590,4,394
"-1:-1|-1:0|1:-2|2:-2",12591,4,430
"-1:-1|-1:0|0:-2|2:-2",12592,4,610
"-1:-2|-1:-1|-1:0|2:-2",12593,4,748
"-2:-2|-1:-1|-1:0|2:-2",12594,4,840
"-1:-1|-1:0|0:-2|1:-2",12595,4,1131
"-1:-2|-1:-1|-1:0|1:-2",12596,4,1236
"-1:-2|1:-1|1:0|2:-2",12597,4,718
"-1:-2|-1:-1|-1:0|0:-2",12598,4,1103
"-2:-2|-1:-1|-1:0|0:-2",12599,4,578
"-2:-2|-1:-2|-1:-1|-1:0",12600,4,398
"-2:-1|-1:0|1:-2|2:-2",12601,4,444
"-2:-1|-1:0|0:-2|2:-2",12602,4,624
"-2:-1|-1:-2|-1:0|2:-2",12603,4,761
"-2:-2|-2:-1|-1:0|2:-2",12604,4,422
"-1:-2|0:-2|1:0|2:-1",12605,4,1143
"-1:-2|1:-2|1:0|2:-1",12606,4,1222
"-1:-2|1:0|2:-2|2:-1",12607,4,417
"-2:-1|-1:-2|-1:0|0:-2",12608,4,1088
"-2:-2|-2:-1|-1:0|0:-2",12609,4,413
"-2:-2|-2:-1|-1:-2|-1:0",12610,4,386
"-1:0|0:-2|1:-2|2:-2",12611,4,334
"-1:-2|-1:0|1:-2|2:-2",12612,4,354
"-2:-2|-1:-2|1:0|2:-2",12613,4,373
"-1:-2|-1:0|0:-2|2:-2",12614,4,552
"-2:-2|-1:0|0:-2|2:-2",12615,4,567
"-2:-2|-1:-2|-1:0|2:-2",12616,4,372
"-1:-2|-1:0|0:-2|1:-2",12617,4,1077
"-1:-2|0:-2|1:0|2:-2",12618,4,551
"-1:-2|1:-2|1:0|2:-2",12619,4,353
"-2:-2|-1:-2|-1:0|0:-2",12620,4,333
"-1:-2|-1:-1|-1:0|0:2",12621,4,1389
"-1:-1|-1:1|-1:2|0:-2",12622,4,1416
"-1:-2|-1:-1|-1:2|0:2",12623,4,1200
"-2:-2|-1:-2|-1:-1|0:2",12624,4,408
"-2:-1|-1:-2|-1:-1|0:2",12625,4,1292
"-2:-1|-1:-1|0:-2|2:0",12626,4,1379
"-2:-1|-1:-1|1:-2|2:0",12627,4,1410
"-2:-1|-1:-1|2:-2|2:0",12628,4,686
"-1:-1|-1:0|-1:2|0:-2",12629,4,1614
"-1:-2|-1:0|-1:2|0:-2",12630,4,1170
"-2:-2|-1:-2|-1:0|0:2",12631,4,478
"-2:-1|-1:-2|-1:0|0:2",12632,4,1299
"-2:-1|0:-2|0:-1|2:0",12633,4,1575
"-2:-1|-1:0|-1:2|0:-2",12634,4,1441
"-2:-1|0:-1|2:-2|2:0",12635,4,649
"-1:-2|-1:-1|-1:2|0:-2",12636,4,1111
"-2:-2|-1:-2|-1:1|0:2",12637,4,515
"-2:-1|-1:-2|-1:1|0:2",12638,4,1309
"-2:-1|0:-2|1:-1|2:0",12639,4,1593
"-2:-1|-1:-1|-1:2|0:-2",12640,4,1361
"-2:-1|1:-1|2:-2|2:0",12641,4,587
"-2:-1|-2:0|2:-2|2:-1",12642,4,540
"-2:-1|-1:-2|-1:2|0:2",12643,4,1194
"-2:-1|-2:0|0:-2|2:-1",12644,4,1160
"-2:-1|-1:-2|-1:2|0:-2",12645,4,1096
"-2:-1|2:-2|2:-1|2:0",12646,4,342
"-2:-2|-2:-1|-1:-2|0:2",12647,4,390
"-2:-2|-2:-1|0:-2|2:0",12648,4,466
"-2:-1|-2:2|-1:2|0:-2",12649,4,507
"-2:-2|-2:-1|2:-2|2:0",12650,4,537
"-2:-1|-1:-2|0:-2|2:0",12651,4,1090
"-2:-1|-1:-2|1:-2|2:0",12652,4,1224
"-2:-1|-1:-2|2:-2|2:0",12653,4,678
"-2:-1|-2:0|-1:2|0:-2",12654,4,1141
"-2:-1|0:-2|2:-2|2:0",12655,4,622
"-2:-1|1:-2|2:-2|2:0",12656,4,442
"-1:-1|-1:0|-1:1|0:-2",12657,4,1659
"-1:-1|-1:0|-1:2|0:2",12658,4,1166
"-2:-2|-1:-1|-1:0|0:2",12659,4,879
"-1:-2|-1:-1|0:-1|2:0",12660,4,1339
"-1:-1|0:-2|0:-1|2:0",12661,4,1644
"-1:-1|0:-1|1:-2|2:0",12662,4,1429
"-1:-1|0:-1|2:-2|2:0",12663,4,644
"-1:-1|-1:1|-1:2|0:2",12664,4,1107
"-2:-2|-1:-1|-1:1|0:2",12665,4,890
"-1:-2|-1:-1|1:-1|2:0",12666,4,1352
"-1:-1|0:-2|1:-1|2:0",12667,4,1649
"-1:-1|1:-2|1:-1|2:0",12668,4,1349
"-1:-1|1:-1|2:-2|2:0",12669,4,582
"-2:-1|-2:0|1:-1|2:-2",12670,4,900
"-1:-2|-1:-1|2:-1|2:0",12671,4,1190
"-1:-1|0:-2|2:-1|2:0",12672,4,1156
"-1:-1|1:-2|2:-1|2:0",12673,4,1092
"-1:-1|2:-2|2:-1|2:0",12674,4,337
"-2:-2|-1:-2|-1:-1|2:0",12675,4,400
"-2:-2|-1:-1|0:-2|2:0",12676,4,580
"-2:-1|-2:2|-1:1|0:-2",12677,4,720
"-2:-2|-1:-1|2:-2|2:0",12678,4,685
"-1:-2|-1:-1|0:-2|2:0",12679,4,1105
"-1:-2|-1:-1|1:-2|2:0",12680,4,1238
"-1:-2|-1:-1|2:-2|2:0",12681,4,674
"-1:-1|0:-2|1:-2|2:0",12682,4,1129
"-1:-1|0:-2|2:-2|2:0",12683,4,608
"-1:-1|1:-2|2:-2|2:0",12684,4,428
"-1:-2|-1:-1|-1:0|0:-2",12685,4,1103
"-2:-2|-1:0|-1:1|0:2",12686,4,924
"-1:-2|0:-1|1:-1|2:0",12687,4,1432
"-2:0|-1:-1|-1:0|0:-2",12688,4,1641
"-2:-1|-1:-1|-1:0|0:-2",12689,4,1336
"-2:-2|-1:-1|-1:0|0:-2",12690,4,578
"-2:-1|-2:0|0:-1|2:-2",12691,4,935
"-1:-2|0:-1|2:-1|2:0",12692,4,1165
"-2:-1|-2:0|0:-2|0:-1",12693,4,1153
"-2:-1|-1:-2|-1:0|0:-2",12694,4,1088
"-2:-2|-1:-2|-1:0|0:-2",12695,4,333
"-2:-2|-1:-2|0:-1|2:0",12696,4,416
"-2:-2|-2:0|-1:0|0:2",12697,4,596
"-2:-1|-2:2|-1:0|0:-2",12698,4,735
"-2:-2|-2:0|0:-1|2:-2",12699,4,648
"-1:-2|0:-2|0:-1|2:0",12700,4,1119
"-1:-2|0:-1|1:-2|2:0",12701,4,1247
"-1:-2|0:-1|2:-2|2:0",12702,4,643
"-2:-1|-2:0|-1:0|0:-2",12703,4,1116
"-2:-2|-2:0|-1:0|0:-2",12704,4,593
"-2:-2|-2:-1|-1:0|0:-2",12705,4,413
"-2:-1|-2:0|-1:-1|2:-2",12706,4,988
"-1:-2|1:-1|2:-1|2:0",12707,4,1106
"-2:-1|-2:0|-1:-1|0:-2",12708,4,1102
"-2:-1|-1:-2|-1:-1|0:-2",12709,4,1083
"-2:-2|-1:-2|-1:-1|0:-2",12710,4,328
"-2:-2|-1:-2|1:-1|2:0",12711,4,431
"-2:-2|-2:0|-1:1|0:2",12712,4,611
"-2:-1|-2:2|-1:-1|0:-2",12713,4,749
"-2:-2|-2:0|-1:-1|2:-2",12714,4,586
"-1:-2|0:-2|1:-1|2:0",12715,4,1132
"-1:-2|1:-2|1:-1|2:0",12716,4,1235
"-1:-2|1:-1|2:-2|2:0",12717,4,581
"-2:-1|-2:0|-1:-1|0:-2",12718,4,1102
"-2:-2|-2:0|-1:-1|0:-2",12719,4,577
"-2:-2|-2:-1|-1:-1|0:-2",12720,4,397
"-2:-1|-2:0|1:-2|2:-2",12721,4,445
"-2:-1|-2:0|0:-2|2:-2",12722,4,625
"-2:-1|-2:0|-1:-2|2:-2",12723,4,762
"-2:-2|-2:-1|-2:0|2:-2",12724,4,341
"-1:-2|0:-2|2:-1|2:0",12725,4,1144
"-1:-2|1:-2|2:-1|2:0",12726,4,1091
"-1:-2|2:-2|2:-1|2:0",12727,4,336
"-2:-1|-2:0|-1:-2|0:-2",12728,4,1087
"-2:-2|-2:-1|-2:0|0:-2",12729,4,332
"-2:-2|-2:-1|-1:-2|0:-2",12730,4,327
"-2:-2|-1:-2|0:-2|2:0",12731,4,335
"-2:-1|-2:1|-2:2|0:-2",12732,4,355
"-2:-2|-1:-2|2:-2|2:0",12733,4,374
"-2:-1|-2:0|-2:2|0:-2",12734,4,553
"-2:-2|-2:0|-2:2|0:-2",12735,4,566
"-2:-2|-2:-1|-2:2|0:-2",12736,4,371
"-1:-2|0:-2|1:-2|2:0",12737,4,1076
"-1:-2|0:-2|2:-2|2:0",12738,4,550
"-1:-2|1:-2|2:-2|2:0",12739,4,352
"-2:-2|-2:-1|-2:0|0:-2",12740,4,332
"-1:-1|-1:0|-1:1|-1:2",12741,4,1384
"-1:-2|-1:-1|-1:0|-1:2",12742,4,1388
"-2:-2|-1:-2|-1:-1|-1:0",12743,4,398
"-2:-1|-1:-2|-1:-1|-1:0",12744,4,1288
"-2:-1|-1:-1|0:-2|0:-1",12745,4,1371
"-1:-2|0:-1|1:-1|2:-1",12746,4,1383
"-2:-1|-1:-1|0:-1|2:-2",12747,4,921
"-1:-2|-1:-1|-1:1|-1:2",12748,4,1415
"-1:-1|1:-1|2:-2|2:-1",12749,4,402
"-1:-1|1:-2|1:-1|2:-1",12750,4,1289
"-1:-1|0:-2|1:-1|2:-1",12751,4,1374
"-1:-2|-1:-1|1:-1|2:-1",12752,4,1348
"-2:-1|-1:-1|1:-1|2:-2",12753,4,888
"-2:-1|1:-1|2:-2|2:-1",12754,4,407
"-2:-1|-1:-2|-1:-1|-1:2",12755,4,1290
"-2:-1|-1:-1|0:-2|2:-1",12756,4,1378
"-2:-1|-1:-1|1:-2|2:-1",12757,4,1307
"-2:-1|-1:-1|2:-2|2:-1",12758,4,514
"-2:-2|-2:-1|-1:-2|-1:-1",12759,4,385
"-2:-2|-2:-1|-1:-1|0:-2",12760,4,397
"-1:-2|1:-1|2:-2|2:-1",12761,4,401
"-2:-2|-2:-1|-1:-1|2:-2",12762,4,406
"-2:-1|-1:-2|-1:-1|0:-2",12763,4,1083
"-1:-2|1:-2|1:-1|2:-1",12764,4,1218
"-2:-1|-1:-2|-1:-1|2:-2",12765,4,746
"-1:-2|0:-2|1:-1|2:-1",12766,4,1128
"-2:-1|-1:-1|0:-2|2:-2",12767,4,607
"-2:-1|-1:-1|1:-2|2:-2",12768,4,427
"-1:-2|-1:-1|-1:0|-1:2",12769,4,1388
"-1:-1|0:-1|2:-2|2:-1",12770,4,472
"-1:-1|0:-1|1:-2|2:-1",12771,4,1295
"-1:-1|0:-2|0:-1|2:-1",12772,4,1570
"-1:-2|-1:-1|0:-1|2:-1",12773,4,1335
"-2:-1|0:-1|1:-1|2:-2",12774,4,876
"-2:-1|0:-1|2:-2|2:-1",12775,4,477
"-2:-1|-1:-2|-1:0|-1:2",12776,4,1296
"-2:-1|0:-2|0:-1|2:-1",12777,4,1574
"-2:-1|-1:-2|-1:0|-1:2",12778,4,1296
"-2:-1|0:-1|2:-2|2:-1",12779,4,477
"-2:-2|-2:-1|-1:-2|-1:0",12780,4,386
"-2:-2|-2:-1|0:-2|0:-1",12781,4,456
"-1:-2|0:-1|2:-2|2:-1",12782,4,471
"-2:-2|-2:-1|0:-1|2:-2",12783,4,476
"-2:-1|-1:-2|0:-2|0:-1",12784,4,1084
"-1:-2|0:-1|1:-2|2:-1",12785,4,1219
"-2:-1|-1:-2|0:-1|2:-2",12786,4,732
"-1:-2|0:-2|0:-1|2:-1",12787,4,1115
"-2:-1|0:-2|0:-1|2:-2",12788,4,592
"-2:-1|0:-1|1:-2|2:-2",12789,4,412
"-2:-1|-1:-1|2:-2|2:-1",12790,4,514
"-2:-1|-1:-1|1:-2|2:-1",12791,4,1307
"-2:-1|-1:-1|0:-2|2:-1",12792,4,1378
"-2:-1|-1:-2|-1:-1|-1:2",12793,4,1290
"-2:-1|1:-1|2:-2|2:-1",12794,4,407
"-1:-1|1:-2|2:-2|2:-1",12795,4,387
"-1:-1|0:-2|2:-2|2:-1",12796,4,460
"-1:-2|-1:-1|2:-2|2:-1",12797,4,502
"-2:-2|-1:-1|2:-2|2:-1",12798,4,513
"-1:-1|0:-2|1:-2|2:-1",12799,4,1085
"-1:-2|-1:-1|1:-2|2:-1",12800,4,1220
"-2:-1|-1:-2|1:-1|2:-2",12801,4,717
"-1:-2|-1:-1|0:-2|2:-1",12802,4,1101
"-2:-1|0:-2|1:-1|2:-2",12803,4,576
"-2:-1|1:-2|1:-1|2:-2",12804,4,396
"-2:-1|1:-2|2:-2|2:-1",12805,4,388
"-2:-1|0:-2|2:-2|2:-1",12806,4,465
"-2:-1|-1:-2|2:-2|2:-1",12807,4,506
"-2:-2|-2:-1|2:-2|2:-1",12808,4,536
"-2:-1|-1:-2|0:-2|2:-1",12809,4,1086
"-2:-1|-1:-2|1:-2|2:-1",12810,4,1221
"-2:-1|-1:-2|2:-2|2:-1",12811,4,506
"-2:-1|-1:-2|0:-2|2:-1",12812,4,1086
"-2:-1|0:-2|2:-2|2:-1",12813,4,465
"-2:-1|1:-2|2:-2|2:-1",12814,4,388
"-2:-2|-2:-1|-1:-2|0:-2",12815,4,327
"-1:-2|1:-2|2:-2|2:-1",12816,4,347
"-2:-2|-2:-1|-1:-2|2:-2",12817,4,366
"-1:-2|0:-2|2:-2|2:-1",12818,4,459
"-2:-2|-2:-1|0:-2|2:-2",12819,4,464
"-2:-2|-1:-2|2:-2|2:-1",12820,4,370
"-1:-2|0:-2|1:-2|2:-1",12821,4,1073
"-2:-1|-1:-2|0:-2|2:-2",12822,4,549
"-2:-1|-1:-2|1:-2|2:-2",12823,4,351
"-2:-1|0:-2|1:-2|2:-2",12824,4,331
"-1:-1|-1:0|-1:1|-1:2",12825,4,1384
"-1:-1|0:-1|1:-1|2:-2",12826,4,875
"-1:-1|0:-1|1:-2|1:-1",12827,4,1334
"-1:-1|0:-2|0:-1|1:-1",12828,4,1640
"-1:-1|0:-1|1:-2|1:-1",12829,4,1334
"-1:-1|0:-1|1:-1|2:-2",12830,4,875
"-2:-1|0:-1|1:-1|2:-2",12831,4,876
"-1:-2|-1:-1|0:-1|2:-1",12832,4,1335
"-1:-1|0:-2|0:-1|2:-1",12833,4,1570
"-1:-1|0:-1|1:-2|2:-1",12834,4,1295
"-1:-1|0:-1|2:-2|2:-1",12835,4,472
"-2:-2|-1:-2|-1:-1|0:-1",12836,4,394
"-2:-2|-1:-1|0:-2|0:-1",12837,4,574
"-1:-2|0:-1|1:-1|2:-2",12838,4,715
"-2:-2|-1:-1|0:-1|2:-2",12839,4,838
"-1:-2|-1:-1|0:-2|0:-1",12840,4,1099
"-1:-2|-1:-1|0:-1|1:-2",12841,4,1233
"-1:-2|-1:-1|0:-1|2:-2",12842,4,731
"-1:-1|0:-2|0:-1|1:-2",12843,4,1114
"-1:-1|0:-2|0:-1|2:-2",12844,4,591
"-1:-1|0:-1|1:-2|2:-2",12845,4,411
"-2:-1|-1:-1|1:-1|2:-2",12846,4,888
"-1:-2|-1:-1|1:-1|2:-1",12847,4,1348
"-1:-1|0:-2|1:-1|2:-1",12848,4,1374
"-1:-1|1:-2|1:-1|2:-1",12849,4,1289
"-1:-1|1:-1|2:-2|2:-1",12850,4,402
"-1:-1|1:-2|1:-1|2:-2",12851,4,395
"-1:-1|0:-2|1:-1|2:-2",12852,4,575
"-1:-2|-1:-1|1:-1|2:-2",12853,4,716
"-2:-2|-1:-1|1:-1|2:-2",12854,4,839
"-1:-1|0:-2|1:-2|1:-1",12855,4,1100
"-1:-2|-1:-1|1:-2|1:-1",12856,4,1234
"-1:-2|-1:-1|1:-1|2:-2",12857,4,716
"-1:-1|0:-2|1:-2|1:-1",12858,4,1100
"-1:-1|0:-2|1:-1|2:-2",12859,4,575
"-1:-1|1:-2|1:-1|2:-2",12860,4,395
"-2:-1|1:-2|1:-1|2:-2",12861,4,396
"-2:-1|0:-2|1:-1|2:-2",12862,4,576
"-2:-1|-1:-2|1:-1|2:-2",12863,4,717
"-2:-2|-1:-1|2:-2|2:-1",12864,4,513
"-1:-2|-1:-1|0:-2|2:-1",12865,4,1101
"-1:-2|-1:-1|1:-2|2:-1",12866,4,1220
"-1:-2|-1:-1|2:-2|2:-1",12867,4,502
"-1:-1|0:-2|1:-2|2:-1",12868,4,1085
"-1:-1|0:-2|2:-2|2:-1",12869,4,460
"-1:-1|1:-2|2:-2|2:-1",12870,4,387
"-2:-2|-1:-2|-1:-1|0:-2",12871,4,328
"-1:-2|1:-2|1:-1|2:-2",12872,4,348
"-2:-2|-1:-2|-1:-1|2:-2",12873,4,367
"-1:-2|0:-2|1:-1|2:-2",12874,4,546
"-2:-2|-1:-1|0:-2|2:-2",12875,4,564
"-2:-2|-1:-1|1:-2|2:-2",12876,4,369
"-1:-2|-1:-1|0:-2|1:-2",12877,4,1074
"-1:-2|-1:-1|0:-2|2:-2",12878,4,548
"-1:-2|-1:-1|1:-2|2:-2",12879,4,350
"-1:-1|0:-2|1:-2|2:-2",12880,4,330
"-2:-1|-1:-1|0:-1|2:-2",12881,4,921
"-1:-2|0:-1|1:-1|2:-1",12882,4,1383
"-2:-1|-1:-1|0:-2|0:-1",12883,4,1371
"-2:-1|-1:-2|-1:-1|-1:0",12884,4,1288
"-2:-2|-1:-2|-1:-1|-1:0",12885,4,398
"-1:-1|0:-1|1:-2|2:-2",12886,4,411
"-1:-1|0:-2|0:-1|2:-2",12887,4,591
"-1:-2|-1:-1|0:-1|2:-2",12888,4,731
"-2:-2|-1:-1|0:-1|2:-2",12889,4,838
"-1:-1|0:-2|0:-1|1:-2",12890,4,1114
"-1:-2|-1:-1|0:-1|1:-2",12891,4,1233
"-1:-2|0:-1|1:-1|2:-2",12892,4,715
"-1:-2|-1:-1|0:-2|0:-1",12893,4,1099
"-2:-2|-1:-1|0:-2|0:-1",12894,4,574
"-2:-2|-1:-2|-1:-1|0:-1",12895,4,394
"-2:-1|0:-1|1:-2|2:-2",12896,4,412
"-2:-1|0:-2|0:-1|2:-2",12897,4,592
"-2:-1|-1:-2|0:-1|2:-2",12898,4,732
"-2:-2|-2:-1|0:-1|2:-2",12899,4,476
"-1:-2|0:-2|0:-1|2:-1",12900,4,1115
"-1:-2|0:-1|1:-2|2:-1",12901,4,1219
"-1:-2|0:-1|2:-2|2:-1",12902,4,471
"-2:-1|-1:-2|0:-2|0:-1",12903,4,1084
"-2:-2|-2:-1|0:-2|0:-1",12904,4,456
"-2:-2|-2:-1|-1:-2|-1:0",12905,4,386
"-2:-2|-1:-2|0:-2|0:-1",12906,4,329
"-1:-2|0:-1|1:-2|2:-2",12907,4,349
"-2:-2|-1:-2|0:-1|2:-2",12908,4,368
"-1:-2|0:-2|0:-1|2:-2",12909,4,547
"-2:-2|-2:0|-2:2|-1:0",12910,4,565
"-2:-2|-1:-2|0:-1|2:-2",12911,4,368
"-1:-2|0:-2|0:-1|1:-2",12912,4,1075
"-1:-2|0:-2|0:-1|2:-2",12913,4,547
"-1:-2|0:-1|1:-2|2:-2",12914,4,349
"-2:-2|-1:-2|0:-2|0:-1",12915,4,329
"-2:-1|-1:-1|1:-2|2:-2",12916,4,427
"-2:-1|-1:-1|0:-2|2:-2",12917,4,607
"-2:-1|-1:-2|-1:-1|2:-2",12918,4,746
"-2:-2|-2:-1|-1:-1|2:-2",12919,4,406
"-1:-2|0:-2|1:-1|2:-1",12920,4,1128
"-1:-2|1:-2|1:-1|2:-1",12921,4,1218
"-1:-2|1:-1|2:-2|2:-1",12922,4,401
"-2:-1|-1:-2|-1:-1|0:-2",12923,4,1083
"-2:-2|-2:-1|-1:-1|0:-2",12924,4,397
"-2:-2|-2:-1|-1:-2|-1:-1",12925,4,385
"-1:-1|0:-2|1:-2|2:-2",12926,4,330
"-1:-2|-1:-1|1:-2|2:-2",12927,4,350
"-2:-2|-1:-1|1:-2|2:-2",12928,4,369
"-1:-2|-1:-1|0:-2|2:-2",12929,4,548
"-2:-2|-1:-1|0:-2|2:-2",12930,4,564
"-2:-2|-1:-2|-1:-1|2:-2",12931,4,367
"-1:-2|-1:-1|0:-2|1:-2",12932,4,1074
"-1:-2|0:-2|1:-1|2:-2",12933,4,546
"-1:-2|1:-2|1:-1|2:-2",12934,4,348
"-2:-2|-1:-2|-1:-1|0:-2",12935,4,328
"-2:-1|0:-2|1:-2|2:-2",12936,4,331
"-2:-1|-1:-2|1:-2|2:-2",12937,4,351
"-2:-2|-1:-2|2:-2|2:-1",12938,4,370
"-2:-1|-1:-2|0:-2|2:-2",12939,4,549
"-2:-2|-2:-1|0:-2|2:-2",12940,4,464
"-2:-2|-2:-1|-1:-2|2:-2",12941,4,366
"-1:-2|0:-2|1:-2|2:-1",12942,4,1073
"-1:-2|0:-2|2:-2|2:-1",12943,4,459
"-1:-2|1:-2|2:-2|2:-1",12944,4,347
"-2:-2|-2:-1|-1:-2|0:-2",12945,4,327
"-1:-2|0:-2|1:-2|2:-2",12946,4,325
"-2:-2|-1:-2|0:-2|2:-2",12947,4,326
"-2:-2|-1:-2|1:-2|2:-2",12948,4,346
"-2:-2|-1:-2|0:-2|2:-2",12949,4,326
"-1:-2|0:-2|1:-2|2:-2",12950,4,325
