"family_id","canonical_key","n_flippers","valid","n_axis","n_diagonal","n_oblique","geometry_class","mean_distance_from_s","max_distance_from_s","mean_manhattan_from_s","max_manhattan_from_s","max_chebyshev_from_s","mean_pairwise_distance","adjacent_components","n_orientations","symmetry_count","gf2_rank","nullity","full_rank","reachable_states_log2","reachable_states","solutions_per_reachable_log2","solutions_per_reachable","distinct_move_rows","distinct_move_columns","mean_move_overlap","max_move_overlap","prop_moves_overlap","prop_overlap_2plus","sd_move_overlap","mean_move_hamming","min_move_hamming","max_move_hamming","sd_move_hamming","mean_local_hamming","min_local_hamming","max_local_hamming","sd_local_hamming","mean_pair_effect","min_pair_effect","max_pair_effect","sd_pair_effect","prop_pair_effect_small","effect_mean_pair_distance","effect_max_pair_distance","effect_sd_pair_distance"
1,"-2:-2",1,TRUE,0,1,0,"diagonal_only",2.82842712474619,2.82842712474619,4,4,2,2.82842712474619,2,4,2,20,5,FALSE,20,1048576,5,32,25,25,0.0833333333333333,1,0.0833333333333333,0,0.27684719634237,3.83333333333333,2,4,0.553694392684741,4,4,4,0,3.83333333333333,2,4,0.553694392684741,1,2.82842712474619,2.82842712474619,NA
2,"-1:-2",1,TRUE,0,0,1,"off_axis",2.23606797749979,2.23606797749979,3,3,2,2.23606797749979,2,8,1,20,5,FALSE,20,1048576,5,32,25,25,0.0833333333333333,1,0.0833333333333333,0,0.27684719634237,3.83333333333333,2,4,0.553694392684741,4,4,4,0,3.83333333333333,2,4,0.553694392684741,1,2.23606797749979,2.23606797749979,NA
3,"-2:0",1,TRUE,1,0,0,"axis_only",2,2,2,2,2,2,2,4,2,20,5,FALSE,20,1048576,5,32,25,25,0.0833333333333333,1,0.0833333333333333,0,0.27684719634237,3.83333333333333,2,4,0.553694392684741,4,4,4,0,3.83333333333333,2,4,0.553694392684741,1,2,2,NA
4,"-1:-1",1,TRUE,0,1,0,"diagonal_only",1.4142135623731,1.4142135623731,2,2,1,1.4142135623731,1,4,2,20,5,FALSE,20,1048576,5,32,25,25,0.0833333333333333,1,0.0833333333333333,0,0.27684719634237,3.83333333333333,2,4,0.553694392684741,4,4,4,0,3.83333333333333,2,4,0.553694392684741,1,1.4142135623731,1.4142135623731,NA
5,"-1:0",1,TRUE,1,0,0,"axis_only",1,1,1,1,1,1,1,4,2,20,5,FALSE,20,1048576,5,32,25,25,0.0833333333333333,1,0.0833333333333333,0,0.27684719634237,3.83333333333333,2,4,0.553694392684741,3,2,4,1.01015254455221,3.83333333333333,2,4,0.553694392684741,1,1,1,NA
6,"-2:-2|-1:-2",2,TRUE,0,1,1,"off_axis",2.53224755112299,2.82842712474619,3.5,4,2,2.02149836741533,2,8,1,25,0,TRUE,25,33554432,0,1,25,25,0.25,1,0.25,0,0.43373619897468,5.5,4,6,0.86747239794936,5,4,6,1.01015254455221,5.5,4,6,0.86747239794936,0.25,2.02149836741533,2.82842712474619,0.932907565520697
7,"-2:-2|-2:0",2,TRUE,1,1,0,"mixed",2.41421356237309,2.82842712474619,3,4,2,2.2761423749154,3,8,1,25,0,TRUE,25,33554432,0,1,25,25,0.25,1,0.25,0,0.43373619897468,5.5,4,6,0.86747239794936,6,6,6,0,5.5,4,6,0.86747239794936,0.25,2.2761423749154,2.82842712474619,0.478292623476201
8,"-1:-2|2:-2",2,TRUE,0,1,1,"off_axis",2.53224755112299,2.82842712474619,3.5,4,2,2.35483170074866,3,8,1,25,0,TRUE,25,33554432,0,1,25,25,0.25,1,0.25,0,0.43373619897468,5.5,4,6,0.86747239794936,6,6,6,0,5.5,4,6,0.86747239794936,0.25,2.35483170074866,2.82842712474619,0.426792094261082
9,"-2:-2|-2:2",2,TRUE,0,2,0,"diagonal_only",2.82842712474619,2.82842712474619,4,4,2,2.21895141649746,2,4,2,25,0,TRUE,25,33554432,0,1,25,25,0.25,1,0.25,0,0.43373619897468,5.5,4,6,0.86747239794936,5,4,6,1.01015254455221,5.5,4,6,0.86747239794936,0.25,2.21895141649746,2.82842712474619,1.05564289266583
10,"-2:-2|-1:-1",2,TRUE,0,2,0,"diagonal_only",2.12132034355964,2.82842712474619,3,4,2,1.88561808316413,1,4,2,25,0,TRUE,25,33554432,0,1,25,25,0.25,2,0.166666666666667,0.0833333333333333,0.596113387342175,5.5,2,6,1.19222677468435,6,6,6,0,5.5,2,6,1.19222677468435,0.166666666666667,1.88561808316413,2.82842712474619,0.816496580927726
11,"-2:-2|-1:0",2,TRUE,1,1,0,"mixed",1.9142135623731,2.82842712474619,2.5,4,2,2.02149836741533,2,8,1,25,0,TRUE,25,33554432,0,1,25,25,0.25,1,0.25,0,0.43373619897468,5.5,4,6,0.86747239794936,5,4,6,1.01015254455221,5.5,4,6,0.86747239794936,0.25,2.02149836741533,2.82842712474619,0.932907565520697
12,"-1:-1|2:-2",2,TRUE,0,2,0,"diagonal_only",2.12132034355964,2.82842712474619,3,4,2,2.15956955487303,2,8,1,25,0,TRUE,25,33554432,0,1,25,25,0.25,1,0.25,0,0.43373619897468,5.5,4,6,0.86747239794936,6,6,6,0,5.5,4,6,0.86747239794936,0.25,2.15956955487303,2.82842712474619,0.710203496540455
13,"-2:-1|2:-2",2,TRUE,0,1,1,"off_axis",2.53224755112299,2.82842712474619,3.5,4,2,2.15956955487303,2,8,1,25,0,TRUE,25,33554432,0,1,25,25,0.25,1,0.25,0,0.43373619897468,5.5,4,6,0.86747239794936,6,6,6,0,5.5,4,6,0.86747239794936,0.25,2.15956955487303,2.82842712474619,0.710203496540455
14,"-1:0|2:-2",2,TRUE,1,1,0,"mixed",1.9142135623731,2.82842712474619,2.5,4,2,2.21895141649746,2,8,1,25,0,TRUE,25,33554432,0,1,25,25,0.25,1,0.25,0,0.43373619897468,5.5,4,6,0.86747239794936,5,4,6,1.01015254455221,5.5,4,6,0.86747239794936,0.25,2.21895141649746,2.82842712474619,1.05564289266583
15,"-2:-2|0:2",2,TRUE,1,1,0,"mixed",2.41421356237309,2.82842712474619,3,4,2,2.35483170074866,3,8,1,25,0,TRUE,25,33554432,0,1,25,25,0.25,1,0.25,0,0.43373619897468,5.5,4,6,0.86747239794936,6,6,6,0,5.5,4,6,0.86747239794936,0.25,2.35483170074866,2.82842712474619,0.426792094261082
16,"-1:-1|2:2",2,TRUE,0,2,0,"diagonal_only",2.12132034355964,2.82842712474619,3,4,2,2.35702260395516,2,4,2,25,0,TRUE,25,33554432,0,1,25,25,0.25,2,0.166666666666667,0.0833333333333333,0.596113387342175,5.5,2,6,1.19222677468435,6,6,6,0,5.5,2,6,1.19222677468435,0.166666666666667,2.35702260395516,2.82842712474619,0.816496580927726
17,"-1:-2|2:2",2,TRUE,0,1,1,"off_axis",2.53224755112299,2.82842712474619,3.5,4,2,2.43352102658192,3,8,1,25,0,TRUE,25,33554432,0,1,25,25,0.25,1,0.25,0,0.43373619897468,5.5,4,6,0.86747239794936,6,6,6,0,5.5,4,6,0.86747239794936,0.25,2.43352102658192,2.82842712474619,0.341998713119646
18,"-2:-2|2:2",2,TRUE,0,2,0,"diagonal_only",2.82842712474619,2.82842712474619,4,4,2,2.35702260395516,2,2,4,25,0,TRUE,25,33554432,0,1,25,25,0.25,2,0.166666666666667,0.0833333333333333,0.596113387342175,5.5,2,6,1.19222677468435,6,6,6,0,5.5,2,6,1.19222677468435,0.166666666666667,2.35702260395516,2.82842712474619,0.816496580927726
19,"-1:-2|0:-2",2,TRUE,1,0,1,"mixed",2.11803398874989,2.23606797749979,2.5,3,2,1.74535599249993,2,8,1,25,0,TRUE,25,33554432,0,1,25,25,0.25,1,0.25,0,0.43373619897468,5.5,4,6,0.86747239794936,5,4,6,1.01015254455221,5.5,4,6,0.86747239794936,0.25,1.74535599249993,2.23606797749979,0.656200189855868
20,"-1:-2|1:-2",2,TRUE,0,0,2,"off_axis",2.23606797749979,2.23606797749979,3,3,2,2.15737865166653,3,4,2,25,0,TRUE,25,33554432,0,1,25,25,0.25,1,0.25,0,0.43373619897468,5.5,4,6,0.86747239794936,6,6,6,0,5.5,4,6,0.86747239794936,0.25,2.15737865166653,2.23606797749979,0.136293910356554
21,"-2:-1|-1:-2",2,TRUE,0,0,2,"off_axis",2.23606797749979,2.23606797749979,3,3,2,1.96211650579089,2,4,2,25,0,TRUE,25,33554432,0,1,25,25,0.25,1,0.25,0,0.43373619897468,5.5,4,6,0.86747239794936,6,6,6,0,5.5,4,6,0.86747239794936,0.25,1.96211650579089,2.23606797749979,0.47449786780808
22,"-1:-2|-1:-1",2,TRUE,0,1,1,"off_axis",1.82514076993644,2.23606797749979,2.5,3,2,1.5500938466243,1,8,1,25,0,TRUE,25,33554432,0,1,25,25,0.25,1,0.25,0,0.43373619897468,5.5,4,6,0.86747239794936,5,4,6,1.01015254455221,5.5,4,6,0.86747239794936,0.25,1.5500938466243,2.23606797749979,0.629137186936399
23,"-1:-2|0:-1",2,TRUE,1,0,1,"mixed",1.61803398874989,2.23606797749979,2,3,2,1.5500938466243,1,8,1,25,0,TRUE,25,33554432,0,1,25,25,0.25,1,0.25,0,0.43373619897468,5.5,4,6,0.86747239794936,5,4,6,1.01015254455221,5.5,4,6,0.86747239794936,0.25,1.5500938466243,2.23606797749979,0.629137186936399
24,"-1:-1|1:-2",2,TRUE,0,1,1,"off_axis",1.82514076993644,2.23606797749979,2.5,3,2,1.96211650579089,2,8,1,25,0,TRUE,25,33554432,0,1,25,25,0.25,1,0.25,0,0.43373619897468,5.5,4,6,0.86747239794936,6,6,6,0,5.5,4,6,0.86747239794936,0.25,1.96211650579089,2.23606797749979,0.47449786780808
25,"-1:-2|2:-1",2,TRUE,0,0,2,"off_axis",2.23606797749979,2.23606797749979,3,3,2,2.23606797749979,3,8,1,25,0,TRUE,25,33554432,0,1,25,25,0.25,2,0.166666666666667,0.0833333333333333,0.596113387342175,5.5,2,6,1.19222677468435,6,6,6,0,5.5,2,6,1.19222677468435,0.166666666666667,2.23606797749979,2.23606797749979,0
26,"-2:-1|0:-2",2,TRUE,1,0,1,"mixed",2.11803398874989,2.23606797749979,2.5,3,2,2.15737865166653,3,8,1,25,0,TRUE,25,33554432,0,1,25,25,0.25,1,0.25,0,0.43373619897468,5.5,4,6,0.86747239794936,6,6,6,0,5.5,4,6,0.86747239794936,0.25,2.15737865166653,2.23606797749979,0.136293910356554
27,"-1:-2|-1:0",2,TRUE,1,0,1,"mixed",1.61803398874989,2.23606797749979,2,3,2,1.74535599249993,2,8,1,25,0,TRUE,25,33554432,0,1,25,25,0.25,1,0.25,0,0.43373619897468,5.5,4,6,0.86747239794936,5,4,6,1.01015254455221,5.5,4,6,0.86747239794936,0.25,1.74535599249993,2.23606797749979,0.656200189855868
28,"-1:-2|1:0",2,TRUE,1,0,1,"mixed",1.61803398874989,2.23606797749979,2,3,2,2.02149836741533,2,8,1,25,0,TRUE,25,33554432,0,1,25,25,0.25,1,0.25,0,0.43373619897468,5.5,4,6,0.86747239794936,5,4,6,1.01015254455221,5.5,4,6,0.86747239794936,0.25,2.02149836741533,2.82842712474619,0.932907565520697
29,"-1:-2|2:0",2,TRUE,1,0,1,"mixed",2.11803398874989,2.23606797749979,2.5,3,2,2.35483170074866,3,8,1,25,0,TRUE,25,33554432,0,1,25,25,0.25,1,0.25,0,0.43373619897468,5.5,4,6,0.86747239794936,6,6,6,0,5.5,4,6,0.86747239794936,0.25,2.35483170074866,2.82842712474619,0.426792094261082
30,"-1:-1|-1:2",2,TRUE,0,1,1,"off_axis",1.82514076993644,2.23606797749979,2.5,3,2,1.88342717995763,2,8,1,25,0,TRUE,25,33554432,0,1,25,25,0.25,1,0.25,0,0.43373619897468,5.5,4,6,0.86747239794936,6,6,6,0,5.5,4,6,0.86747239794936,0.25,1.88342717995763,2.23606797749979,0.423146649159938
31,"-1:-2|0:1",2,TRUE,1,0,1,"mixed",1.61803398874989,2.23606797749979,2,3,2,1.82404531833319,2,8,1,25,0,TRUE,25,33554432,0,1,25,25,0.25,1,0.25,0,0.43373619897468,5.5,4,6,0.86747239794936,5,4,6,1.01015254455221,5.5,4,6,0.86747239794936,0.25,1.82404531833319,2.23606797749979,0.71364417954618
32,"-1:-1|1:2",2,TRUE,0,1,1,"off_axis",1.82514076993644,2.23606797749979,2.5,3,2,2.15956955487303,2,8,1,25,0,TRUE,25,33554432,0,1,25,25,0.25,1,0.25,0,0.43373619897468,5.5,4,6,0.86747239794936,6,6,6,0,5.5,4,6,0.86747239794936,0.25,2.15956955487303,2.82842712474619,0.710203496540455
33,"-1:-2|2:1",2,TRUE,0,0,2,"off_axis",2.23606797749979,2.23606797749979,3,3,2,2.43352102658192,3,4,2,25,0,TRUE,25,33554432,0,1,25,25,0.25,1,0.25,0,0.43373619897468,5.5,4,6,0.86747239794936,6,6,6,0,5.5,4,6,0.86747239794936,0.25,2.43352102658192,2.82842712474619,0.341998713119646
34,"-1:-2|-1:2",2,TRUE,0,0,2,"off_axis",2.23606797749979,2.23606797749979,3,3,2,1.82404531833319,2,4,2,25,0,TRUE,25,33554432,0,1,25,25,0.25,1,0.25,0,0.43373619897468,5.5,4,6,0.86747239794936,5,4,6,1.01015254455221,5.5,4,6,0.86747239794936,0.25,1.82404531833319,2.23606797749979,0.71364417954618
35,"-1:-2|0:2",2,TRUE,1,0,1,"mixed",2.11803398874989,2.23606797749979,2.5,3,2,1.88342717995763,2,8,1,25,0,TRUE,25,33554432,0,1,25,25,0.25,1,0.25,0,0.43373619897468,5.5,4,6,0.86747239794936,6,6,6,0,5.5,4,6,0.86747239794936,0.25,1.88342717995763,2.23606797749979,0.423146649159938
36,"-1:-2|1:2",2,TRUE,0,0,2,"off_axis",2.23606797749979,2.23606797749979,3,3,2,2.23606797749979,3,4,2,25,0,TRUE,25,33554432,0,1,25,25,0.25,2,0.166666666666667,0.0833333333333333,0.596113387342175,5.5,2,6,1.19222677468435,6,6,6,0,5.5,2,6,1.19222677468435,0.166666666666667,2.23606797749979,2.23606797749979,0
37,"-1:-1|0:-2",2,TRUE,1,1,0,"mixed",1.70710678118655,2,2,2,2,1.60947570824873,1,8,1,25,0,TRUE,25,33554432,0,1,25,25,0.25,1,0.25,0,0.43373619897468,5.5,4,6,0.86747239794936,6,6,6,0,5.5,4,6,0.86747239794936,0.25,1.60947570824873,2,0.338203957451525
38,"-2:0|-1:0",2,TRUE,2,0,0,"axis_only",1.5,2,1.5,2,2,1.33333333333333,1,4,2,25,0,TRUE,25,33554432,0,1,25,25,0.25,2,0.166666666666667,0.0833333333333333,0.596113387342175,5.5,2,6,1.19222677468435,4,2,6,2.02030508910442,5.5,2,6,1.19222677468435,0.166666666666667,1.33333333333333,2,0.577350269189626
39,"-2:0|0:-2",2,TRUE,2,0,0,"axis_only",2,2,2,2,2,2.2761423749154,3,4,2,25,0,TRUE,25,33554432,0,1,25,25,0.25,1,0.25,0,0.43373619897468,5.5,4,6,0.86747239794936,6,6,6,0,5.5,4,6,0.86747239794936,0.25,2.2761423749154,2.82842712474619,0.478292623476201
40,"-1:0|0:-2",2,TRUE,2,0,0,"axis_only",1.5,2,1.5,2,2,1.74535599249993,2,8,1,25,0,TRUE,25,33554432,0,1,25,25,0.25,1,0.25,0,0.43373619897468,5.5,4,6,0.86747239794936,5,4,6,1.01015254455221,5.5,4,6,0.86747239794936,0.25,1.74535599249993,2.23606797749979,0.656200189855868
41,"-1:-1|0:2",2,TRUE,1,1,0,"mixed",1.70710678118655,2,2,2,2,1.88342717995763,2,8,1,25,0,TRUE,25,33554432,0,1,25,25,0.25,1,0.25,0,0.43373619897468,5.5,4,6,0.86747239794936,6,6,6,0,5.5,4,6,0.86747239794936,0.25,1.88342717995763,2.23606797749979,0.423146649159938
42,"-1:0|2:0",2,TRUE,2,0,0,"axis_only",1.5,2,1.5,2,2,1.66666666666667,2,4,2,25,0,TRUE,25,33554432,0,1,25,25,0.25,2,0.166666666666667,0.0833333333333333,0.596113387342175,5.5,2,6,1.19222677468435,5,4,6,1.01015254455221,5.5,2,6,1.19222677468435,0.166666666666667,1.66666666666667,2,0.577350269189626
43,"-2:0|2:0",2,TRUE,2,0,0,"axis_only",2,2,2,2,2,1.66666666666667,2,2,4,25,0,TRUE,25,33554432,0,1,25,25,0.25,2,0.166666666666667,0.0833333333333333,0.596113387342175,5.5,2,6,1.19222677468435,5,4,6,1.01015254455221,5.5,2,6,1.19222677468435,0.166666666666667,1.66666666666667,2,0.577350269189626
44,"-1:-1|-1:0",2,TRUE,1,1,0,"mixed",1.20710678118655,1.4142135623731,1.5,2,1,1.1380711874577,1,8,1,25,0,TRUE,25,33554432,0,1,25,25,0.25,1,0.25,0,0.43373619897468,5.5,4,6,0.86747239794936,4,4,4,0,5.5,4,6,0.86747239794936,0.25,1.1380711874577,1.4142135623731,0.2391463117381
45,"-1:-1|-1:1",2,TRUE,0,2,0,"diagonal_only",1.4142135623731,1.4142135623731,2,2,1,1.60947570824873,1,4,2,25,0,TRUE,25,33554432,0,1,25,25,0.25,1,0.25,0,0.43373619897468,5.5,4,6,0.86747239794936,6,6,6,0,5.5,4,6,0.86747239794936,0.25,1.60947570824873,2,0.338203957451525
46,"-1:-1|0:1",2,TRUE,1,1,0,"mixed",1.20710678118655,1.4142135623731,1.5,2,1,1.5500938466243,1,8,1,25,0,TRUE,25,33554432,0,1,25,25,0.25,1,0.25,0,0.43373619897468,5.5,4,6,0.86747239794936,5,4,6,1.01015254455221,5.5,4,6,0.86747239794936,0.25,1.5500938466243,2.23606797749979,0.629137186936399
47,"-1:-1|1:1",2,TRUE,0,2,0,"diagonal_only",1.4142135623731,1.4142135623731,2,2,1,1.88561808316413,1,2,4,25,0,TRUE,25,33554432,0,1,25,25,0.25,2,0.166666666666667,0.0833333333333333,0.596113387342175,5.5,2,6,1.19222677468435,6,6,6,0,5.5,2,6,1.19222677468435,0.166666666666667,1.88561808316413,2.82842712474619,0.816496580927726
48,"-1:0|0:-1",2,TRUE,2,0,0,"axis_only",1,1,1,1,1,1.1380711874577,1,4,2,25,0,TRUE,25,33554432,0,1,25,25,0.25,1,0.25,0,0.43373619897468,5.5,4,6,0.86747239794936,4,4,4,0,5.5,4,6,0.86747239794936,0.25,1.1380711874577,1.4142135623731,0.2391463117381
49,"-1:0|1:0",2,TRUE,2,0,0,"axis_only",1,1,1,1,1,1.33333333333333,1,2,4,25,0,TRUE,25,33554432,0,1,25,25,0.25,2,0.166666666666667,0.0833333333333333,0.596113387342175,5.5,2,6,1.19222677468435,4,2,6,2.02030508910442,5.5,2,6,1.19222677468435,0.166666666666667,1.33333333333333,2,0.577350269189626
50,"-2:-2|-1:-2|0:-2",3,TRUE,1,1,1,"mixed",2.35483170074866,2.82842712474619,3,4,2,1.844082517041,2,8,1,24,1,FALSE,24,16777216,1,2,25,25,0.5,2,0.416666666666667,0.0833333333333333,0.64657575013984,7,4,8,1.29315150027968,6,4,8,2.02030508910442,7,4,8,1.29315150027968,0.0833333333333333,1.844082517041,2.82842712474619,0.72057727164579
51,"-1:-2|1:-2|2:-2",3,TRUE,0,1,2,"off_axis",2.43352102658192,2.82842712474619,3.33333333333333,4,2,2.0500938466243,3,8,1,24,1,FALSE,24,16777216,1,2,25,25,0.5,2,0.416666666666667,0.0833333333333333,0.64657575013984,7,4,8,1.29315150027968,7,6,8,1.01015254455221,7,4,8,1.29315150027968,0.0833333333333333,2.0500938466243,2.82842712474619,0.597108251525502
52,"-2:-2|-1:-2|2:-2",3,TRUE,0,2,1,"off_axis",2.63097407566406,2.82842712474619,3.66666666666667,4,2,1.98215370449869,2,8,1,24,1,FALSE,24,16777216,1,2,25,25,0.5,2,0.416666666666667,0.0833333333333333,0.64657575013984,7,4,8,1.29315150027968,6,4,8,2.02030508910442,7,4,8,1.29315150027968,0.0833333333333333,1.98215370449869,2.82842712474619,0.827816422940811
53,"-2:-2|-2:-1|-1:-2",3,TRUE,0,1,2,"off_axis",2.43352102658192,2.82842712474619,3.33333333333333,4,2,1.78579610701981,2,4,2,24,1,FALSE,24,16777216,1,2,25,25,0.5,1,0.5,0,0.500835422470633,7,6,8,1.00167084494127,6,6,6,0,7,6,8,1.00167084494127,0,1.78579610701981,2.82842712474619,0.757046046805256
54,"-2:-2|-1:-2|-1:-1",3,TRUE,0,2,1,"off_axis",2.15956955487303,2.82842712474619,3,4,2,1.64882037116536,1,8,1,24,1,FALSE,24,16777216,1,2,25,25,0.5,2,0.416666666666667,0.0833333333333333,0.64657575013984,7,4,8,1.29315150027968,6,6,6,0,7,4,8,1.29315150027968,0.0833333333333333,1.64882037116536,2.82842712474619,0.733259613204043
55,"-2:-2|-1:-2|0:-1",3,TRUE,1,1,1,"mixed",2.02149836741533,2.82842712474619,2.66666666666667,4,2,1.78579610701981,1,8,1,20,5,FALSE,20,1048576,5,32,25,25,0.5,1,0.5,0,0.500835422470633,7,6,8,1.00167084494127,6,6,6,0,7,6,8,1.00167084494127,0,1.78579610701981,2.82842712474619,0.757046046805256
56,"-1:-1|1:-2|2:-2",3,TRUE,0,2,1,"off_axis",2.15956955487303,2.82842712474619,3,4,2,1.99180743660311,2,8,1,20,5,FALSE,20,1048576,5,32,25,25,0.5,1,0.5,0,0.500835422470633,7,6,8,1.00167084494127,7,6,8,1.01015254455221,7,6,8,1.00167084494127,0,1.99180743660311,2.82842712474619,0.66275467753239
57,"-2:-1|1:-2|2:-2",3,TRUE,0,1,2,"off_axis",2.43352102658192,2.82842712474619,3.33333333333333,4,2,1.99180743660311,2,8,1,24,1,FALSE,24,16777216,1,2,25,25,0.5,2,0.416666666666667,0.0833333333333333,0.64657575013984,7,4,8,1.29315150027968,7,6,8,1.01015254455221,7,4,8,1.29315150027968,0.0833333333333333,1.99180743660311,2.82842712474619,0.66275467753239
58,"-2:-2|-2:-1|0:-2",3,TRUE,1,1,1,"mixed",2.35483170074866,2.82842712474619,3,4,2,2.0500938466243,3,8,1,20,5,FALSE,20,1048576,5,32,25,25,0.5,1,0.5,0,0.500835422470633,7,6,8,1.00167084494127,7,6,8,1.01015254455221,7,6,8,1.00167084494127,0,2.0500938466243,2.82842712474619,0.597108251525502
59,"-2:-2|-1:-2|-1:0",3,TRUE,1,1,1,"mixed",2.02149836741533,2.82842712474619,2.66666666666667,4,2,1.88342717995763,2,8,1,16,9,FALSE,16,65536,9,512,25,25,0.5,2,0.333333333333333,0.166666666666667,0.765038744728955,7,4,8,1.53007748945791,6,4,8,2.02030508910442,7,4,8,1.53007748945791,0.166666666666667,1.88342717995763,2.82842712474619,0.737049841839904
60,"-1:0|1:-2|2:-2",3,TRUE,1,1,1,"mixed",2.02149836741533,2.82842712474619,2.66666666666667,4,2,2.12022489195639,2,8,1,16,9,FALSE,16,65536,9,512,25,25,0.5,2,0.333333333333333,0.166666666666667,0.765038744728955,7,4,8,1.53007748945791,6,4,8,2.02030508910442,7,4,8,1.53007748945791,0.166666666666667,2.12022489195639,2.82842712474619,0.897538683865047
61,"-2:-2|-1:-2|2:0",3,TRUE,1,1,1,"mixed",2.35483170074866,2.82842712474619,3,4,2,2.18816503408199,3,8,1,20,5,FALSE,20,1048576,5,32,25,25,0.5,1,0.5,0,0.500835422470633,7,6,8,1.00167084494127,7,6,8,1.01015254455221,7,6,8,1.00167084494127,0,2.18816503408199,2.82842712474619,0.674033040989193
62,"-1:-2|2:-2|2:-1",3,TRUE,0,1,2,"off_axis",2.43352102658192,2.82842712474619,3.33333333333333,4,2,2.08943850954093,3,8,1,24,1,FALSE,24,16777216,1,2,25,25,0.5,2,0.416666666666667,0.0833333333333333,0.64657575013984,7,4,8,1.29315150027968,7,6,8,1.01015254455221,7,4,8,1.29315150027968,0.0833333333333333,2.08943850954093,2.82842712474619,0.600912687348894
63,"-1:-1|2:-2|2:-1",3,TRUE,0,2,1,"off_axis",2.15956955487303,2.82842712474619,3,4,2,1.95246277368648,2,8,1,24,1,FALSE,24,16777216,1,2,25,25,0.5,1,0.5,0,0.500835422470633,7,6,8,1.00167084494127,7,6,8,1.01015254455221,7,6,8,1.00167084494127,0,1.95246277368648,2.82842712474619,0.652278269484895
64,"-1:0|2:-2|2:-1",3,TRUE,1,1,1,"mixed",2.02149836741533,2.82842712474619,2.66666666666667,4,2,2.02149836741533,2,8,1,24,1,FALSE,24,16777216,1,2,25,25,0.5,1,0.5,0,0.500835422470633,7,6,8,1.00167084494127,6,6,6,0,7,6,8,1.00167084494127,0,2.02149836741533,2.82842712474619,0.834417893291247
65,"-1:-1|1:2|2:2",3,TRUE,0,2,1,"off_axis",2.15956955487303,2.82842712474619,3,4,2,2.18926048568524,2,8,1,24,1,FALSE,24,16777216,1,2,25,25,0.5,2,0.416666666666667,0.0833333333333333,0.64657575013984,7,4,8,1.29315150027968,7,6,8,1.01015254455221,7,4,8,1.29315150027968,0.0833333333333333,2.18926048568524,2.82842712474619,0.805336098148257
66,"-1:-2|2:1|2:2",3,TRUE,0,1,2,"off_axis",2.43352102658192,2.82842712474619,3.33333333333333,4,2,2.22750969699862,3,8,1,16,9,FALSE,16,65536,9,512,25,25,0.5,2,0.333333333333333,0.166666666666667,0.765038744728955,7,4,8,1.53007748945791,7,6,8,1.01015254455221,7,4,8,1.53007748945791,0.166666666666667,2.22750969699862,2.82842712474619,0.66771300701163
67,"-2:-2|-2:-1|2:-2",3,TRUE,0,2,1,"off_axis",2.63097407566406,2.82842712474619,3.66666666666667,4,2,1.88452263156088,2,8,1,20,5,FALSE,20,1048576,5,32,25,25,0.5,1,0.5,0,0.500835422470633,7,6,8,1.00167084494127,6,6,6,0,7,6,8,1.00167084494127,0,1.88452263156088,2.82842712474619,0.859237651271078
68,"-2:-1|2:-2|2:-1",3,TRUE,0,1,2,"off_axis",2.43352102658192,2.82842712474619,3.33333333333333,4,2,1.78579610701981,2,8,1,24,1,FALSE,24,16777216,1,2,25,25,0.5,1,0.5,0,0.500835422470633,7,6,8,1.00167084494127,6,6,6,0,7,6,8,1.00167084494127,0,1.78579610701981,2.82842712474619,0.757046046805256
69,"-2:-2|-1:-2|0:2",3,TRUE,1,1,1,"mixed",2.35483170074866,2.82842712474619,3,4,2,1.95246277368648,2,8,1,20,5,FALSE,20,1048576,5,32,25,25,0.5,1,0.5,0,0.500835422470633,7,6,8,1.00167084494127,7,6,8,1.01015254455221,7,6,8,1.00167084494127,0,1.95246277368648,2.82842712474619,0.652278269484895
70,"-1:-2|1:2|2:2",3,TRUE,0,1,2,"off_axis",2.43352102658192,2.82842712474619,3.33333333333333,4,2,2.12878317245756,3,8,1,24,1,FALSE,24,16777216,1,2,25,25,0.5,2,0.416666666666667,0.0833333333333333,0.64657575013984,7,4,8,1.29315150027968,7,6,8,1.01015254455221,7,4,8,1.29315150027968,0.0833333333333333,2.12878317245756,2.82842712474619,0.601613368862296
71,"-2:-2|-1:-2|2:2",3,TRUE,0,2,1,"off_axis",2.63097407566406,2.82842712474619,3.66666666666667,4,2,2.09053396114418,2,8,1,24,1,FALSE,24,16777216,1,2,25,25,0.5,2,0.416666666666667,0.0833333333333333,0.64657575013984,7,4,8,1.29315150027968,7,6,8,1.01015254455221,7,4,8,1.29315150027968,0.0833333333333333,2.09053396114418,2.82842712474619,0.745386684052922
72,"-1:-2|0:-2|2:-2",3,TRUE,1,1,1,"mixed",2.35483170074866,2.82842712474619,3,4,2,2.01074918370766,3,8,1,24,1,FALSE,24,16777216,1,2,25,25,0.5,2,0.416666666666667,0.0833333333333333,0.64657575013984,7,4,8,1.29315150027968,7,6,8,1.01015254455221,7,4,8,1.29315150027968,0.0833333333333333,2.01074918370766,2.82842712474619,0.590140037840815
73,"-2:-2|-2:0|-2:2",3,TRUE,1,2,0,"mixed",2.55228474983079,2.82842712474619,3.33333333333333,4,2,2.10947570824873,3,4,2,24,1,FALSE,24,16777216,1,2,25,25,0.5,2,0.416666666666667,0.0833333333333333,0.64657575013984,7,4,8,1.29315150027968,7,6,8,1.01015254455221,7,4,8,1.29315150027968,0.0833333333333333,2.10947570824873,2.82842712474619,0.678332281091076
74,"-2:-2|-1:-1|0:-2",3,TRUE,1,2,0,"mixed",2.08088022903976,2.82842712474619,2.66666666666667,4,2,1.84517796864425,1,8,1,24,1,FALSE,24,16777216,1,2,25,25,0.5,2,0.416666666666667,0.0833333333333333,0.64657575013984,7,4,8,1.29315150027968,8,8,8,0,7,4,8,1.29315150027968,0.0833333333333333,1.84517796864425,2.82842712474619,0.560697705395584
75,"-2:-2|-2:0|-1:0",3,TRUE,2,1,0,"mixed",1.94280904158206,2.82842712474619,2.33333333333333,4,2,1.844082517041,2,8,1,24,1,FALSE,24,16777216,1,2,25,25,0.5,2,0.416666666666667,0.0833333333333333,0.64657575013984,7,4,8,1.29315150027968,6,4,8,2.02030508910442,7,4,8,1.29315150027968,0.0833333333333333,1.844082517041,2.82842712474619,0.72057727164579
76,"-1:-1|0:-2|2:-2",3,TRUE,1,2,0,"mixed",2.08088022903976,2.82842712474619,2.66666666666667,4,2,1.98215370449869,2,8,1,20,5,FALSE,20,1048576,5,32,25,25,0.5,1,0.5,0,0.500835422470633,7,6,8,1.00167084494127,8,8,8,0,7,6,8,1.00167084494127,0,1.98215370449869,2.82842712474619,0.534116120418135
77,"-2:-1|0:-2|2:-2",3,TRUE,1,1,1,"mixed",2.35483170074866,2.82842712474619,3,4,2,2.11912944035314,3,8,1,24,1,FALSE,24,16777216,1,2,25,25,0.5,1,0.5,0,0.500835422470633,7,6,8,1.00167084494127,8,8,8,0,7,6,8,1.00167084494127,0,2.11912944035314,2.82842712474619,0.459508974922454
78,"-2:-2|-2:0|0:-2",3,TRUE,2,1,0,"mixed",2.2761423749154,2.82842712474619,2.66666666666667,4,2,2.2761423749154,4,4,2,16,9,FALSE,16,65536,9,512,25,25,0.5,2,0.333333333333333,0.166666666666667,0.765038744728955,7,4,8,1.53007748945791,8,8,8,0,7,4,8,1.53007748945791,0.166666666666667,2.2761423749154,2.82842712474619,0.427797927691799
79,"-2:-2|-1:0|0:-2",3,TRUE,2,1,0,"mixed",1.94280904158206,2.82842712474619,2.33333333333333,4,2,2.0500938466243,3,8,1,20,5,FALSE,20,1048576,5,32,25,25,0.5,1,0.5,0,0.500835422470633,7,6,8,1.00167084494127,7,6,8,1.01015254455221,7,6,8,1.00167084494127,0,2.0500938466243,2.82842712474619,0.597108251525502
80,"-1:0|0:-2|2:-2",3,TRUE,2,1,0,"mixed",1.94280904158206,2.82842712474619,2.33333333333333,4,2,2.14882037116536,3,8,1,20,5,FALSE,20,1048576,5,32,25,25,0.5,1,0.5,0,0.500835422470633,7,6,8,1.00167084494127,7,6,8,1.01015254455221,7,6,8,1.00167084494127,0,2.14882037116536,2.82842712474619,0.677558274215369
81,"-2:-2|-2:0|0:2",3,TRUE,2,1,0,"mixed",2.2761423749154,2.82842712474619,2.66666666666667,4,2,2.31548703783203,4,8,1,16,9,FALSE,16,65536,9,512,25,25,0.5,2,0.333333333333333,0.166666666666667,0.765038744728955,7,4,8,1.53007748945791,8,8,8,0,7,4,8,1.53007748945791,0.166666666666667,2.31548703783203,2.82842712474619,0.407705449017095
82,"-1:-2|2:-2|2:0",3,TRUE,1,1,1,"mixed",2.35483170074866,2.82842712474619,3,4,2,2.31548703783203,4,8,1,16,9,FALSE,16,65536,9,512,25,25,0.5,2,0.333333333333333,0.166666666666667,0.765038744728955,7,4,8,1.53007748945791,8,8,8,0,7,4,8,1.53007748945791,0.166666666666667,2.31548703783203,2.82842712474619,0.407705449017095
83,"-1:-1|2:-2|2:0",3,TRUE,1,2,0,"mixed",2.08088022903976,2.82842712474619,2.66666666666667,4,2,2.11912944035314,3,8,1,24,1,FALSE,24,16777216,1,2,25,25,0.5,1,0.5,0,0.500835422470633,7,6,8,1.00167084494127,8,8,8,0,7,6,8,1.00167084494127,0,2.11912944035314,2.82842712474619,0.459508974922454
84,"-1:0|2:-2|2:0",3,TRUE,2,1,0,"mixed",1.94280904158206,2.82842712474619,2.33333333333333,4,2,2.10947570824873,3,8,1,24,1,FALSE,24,16777216,1,2,25,25,0.5,2,0.416666666666667,0.0833333333333333,0.64657575013984,7,4,8,1.29315150027968,7,6,8,1.01015254455221,7,4,8,1.29315150027968,0.0833333333333333,2.10947570824873,2.82842712474619,0.678332281091076
85,"-1:-1|0:2|2:2",3,TRUE,1,2,0,"mixed",2.08088022903976,2.82842712474619,2.66666666666667,4,2,2.21785596489421,3,8,1,24,1,FALSE,24,16777216,1,2,25,25,0.5,2,0.416666666666667,0.0833333333333333,0.64657575013984,7,4,8,1.29315150027968,8,8,8,0,7,4,8,1.29315150027968,0.0833333333333333,2.21785596489421,2.82842712474619,0.545286991207202
86,"-1:-2|2:0|2:2",3,TRUE,1,1,1,"mixed",2.35483170074866,2.82842712474619,3,4,2,2.35483170074866,4,8,1,24,1,FALSE,24,16777216,1,2,25,25,0.5,1,0.5,0,0.500835422470633,7,6,8,1.00167084494127,8,8,8,0,7,6,8,1.00167084494127,0,2.35483170074866,2.82842712474619,0.381734454010911
87,"-2:-2|-2:0|2:-2",3,TRUE,1,2,0,"mixed",2.55228474983079,2.82842712474619,3.33333333333333,4,2,2.14882037116536,3,8,1,20,5,FALSE,20,1048576,5,32,25,25,0.5,1,0.5,0,0.500835422470633,7,6,8,1.00167084494127,7,6,8,1.01015254455221,7,6,8,1.00167084494127,0,2.14882037116536,2.82842712474619,0.677558274215369
88,"-2:-1|2:-2|2:0",3,TRUE,1,1,1,"mixed",2.35483170074866,2.82842712474619,3,4,2,1.98215370449869,2,8,1,20,5,FALSE,20,1048576,5,32,25,25,0.5,1,0.5,0,0.500835422470633,7,6,8,1.00167084494127,8,8,8,0,7,6,8,1.00167084494127,0,1.98215370449869,2.82842712474619,0.534116120418135
89,"-2:-2|-2:0|2:0",3,TRUE,2,1,0,"mixed",2.2761423749154,2.82842712474619,2.66666666666667,4,2,2.01074918370766,3,8,1,24,1,FALSE,24,16777216,1,2,25,25,0.5,2,0.416666666666667,0.0833333333333333,0.64657575013984,7,4,8,1.29315150027968,7,6,8,1.01015254455221,7,4,8,1.29315150027968,0.0833333333333333,2.01074918370766,2.82842712474619,0.590140037840815
90,"-1:-2|0:2|2:2",3,TRUE,1,1,1,"mixed",2.35483170074866,2.82842712474619,3,4,2,2.11912944035314,3,8,1,24,1,FALSE,24,16777216,1,2,25,25,0.5,1,0.5,0,0.500835422470633,7,6,8,1.00167084494127,8,8,8,0,7,6,8,1.00167084494127,0,2.11912944035314,2.82842712474619,0.459508974922454
91,"-2:-2|-2:0|2:2",3,TRUE,1,2,0,"mixed",2.55228474983079,2.82842712474619,3.33333333333333,4,2,2.21785596489421,3,8,1,24,1,FALSE,24,16777216,1,2,25,25,0.5,2,0.416666666666667,0.0833333333333333,0.64657575013984,7,4,8,1.29315150027968,8,8,8,0,7,4,8,1.29315150027968,0.0833333333333333,2.21785596489421,2.82842712474619,0.545286991207202
92,"-1:-2|1:-1|2:-2",3,TRUE,0,2,1,"off_axis",2.15956955487303,2.82842712474619,3,4,2,2.02149836741533,2,8,1,24,1,FALSE,24,16777216,1,2,25,25,0.5,2,0.416666666666667,0.0833333333333333,0.64657575013984,7,4,8,1.29315150027968,8,8,8,0,7,4,8,1.29315150027968,0.0833333333333333,2.02149836741533,2.82842712474619,0.544291485001009
93,"-1:-2|0:-1|2:-2",3,TRUE,1,1,1,"mixed",2.02149836741533,2.82842712474619,2.66666666666667,4,2,1.95246277368648,2,8,1,20,5,FALSE,20,1048576,5,32,25,25,0.5,1,0.5,0,0.500835422470633,7,6,8,1.00167084494127,7,6,8,1.01015254455221,7,6,8,1.00167084494127,0,1.95246277368648,2.82842712474619,0.652278269484895
94,"-1:-2|-1:-1|2:-2",3,TRUE,0,2,1,"off_axis",2.15956955487303,2.82842712474619,3,4,2,1.95246277368648,2,8,1,24,1,FALSE,24,16777216,1,2,25,25,0.5,1,0.5,0,0.500835422470633,7,6,8,1.00167084494127,7,6,8,1.01015254455221,7,6,8,1.00167084494127,0,1.95246277368648,2.82842712474619,0.652278269484895
95,"-2:-1|-1:-2|2:-2",3,TRUE,0,1,2,"off_axis",2.43352102658192,2.82842712474619,3.33333333333333,4,2,2.02149836741533,2,8,1,20,5,FALSE,20,1048576,5,32,25,25,0.5,1,0.5,0,0.500835422470633,7,6,8,1.00167084494127,8,8,8,0,7,6,8,1.00167084494127,0,2.02149836741533,2.82842712474619,0.544291485001009
96,"-1:-2|1:0|2:-2",3,TRUE,1,1,1,"mixed",2.02149836741533,2.82842712474619,2.66666666666667,4,2,2.18816503408199,3,8,1,20,5,FALSE,20,1048576,5,32,25,25,0.5,1,0.5,0,0.500835422470633,7,6,8,1.00167084494127,7,6,8,1.01015254455221,7,6,8,1.00167084494127,0,2.18816503408199,2.82842712474619,0.674033040989193
97,"-1:-2|-1:0|2:-2",3,TRUE,1,1,1,"mixed",2.02149836741533,2.82842712474619,2.66666666666667,4,2,2.14882037116536,3,8,1,20,5,FALSE,20,1048576,5,32,25,25,0.5,1,0.5,0,0.500835422470633,7,6,8,1.00167084494127,7,6,8,1.01015254455221,7,6,8,1.00167084494127,0,2.14882037116536,2.82842712474619,0.677558274215369
98,"-2:-1|-2:2|0:-2",3,TRUE,1,1,1,"mixed",2.35483170074866,2.82842712474619,3,4,2,2.25610517620759,4,8,1,16,9,FALSE,16,65536,9,512,25,25,0.5,2,0.333333333333333,0.166666666666667,0.765038744728955,7,4,8,1.53007748945791,8,8,8,0,7,4,8,1.53007748945791,0.166666666666667,2.25610517620759,2.82842712474619,0.303294115780649
99,"-1:-2|2:-2|2:1",3,TRUE,0,1,2,"off_axis",2.43352102658192,2.82842712474619,3.33333333333333,4,2,2.35483170074866,4,4,2,24,1,FALSE,24,16777216,1,2,25,25,0.5,1,0.5,0,0.500835422470633,7,6,8,1.00167084494127,8,8,8,0,7,6,8,1.00167084494127,0,2.35483170074866,2.82842712474619,0.381734454010911
100,"-1:-1|2:-2|2:1",3,TRUE,0,2,1,"off_axis",2.15956955487303,2.82842712474619,3,4,2,2.25720062781084,3,8,1,16,9,FALSE,16,65536,9,512,25,25,0.5,2,0.333333333333333,0.166666666666667,0.765038744728955,7,4,8,1.53007748945791,8,8,8,0,7,4,8,1.53007748945791,0.166666666666667,2.25720062781084,2.82842712474619,0.534840528543235
101,"-1:-2|0:1|2:-2",3,TRUE,1,1,1,"mixed",2.02149836741533,2.82842712474619,2.66666666666667,4,2,2.18816503408199,3,8,1,24,1,FALSE,24,16777216,1,2,25,25,0.5,1,0.5,0,0.500835422470633,7,6,8,1.00167084494127,7,6,8,1.01015254455221,7,6,8,1.00167084494127,0,2.18816503408199,2.82842712474619,0.674033040989193
102,"-1:-1|-1:2|2:2",3,TRUE,0,2,1,"off_axis",2.15956955487303,2.82842712474619,3,4,2,2.21785596489421,3,8,1,24,1,FALSE,24,16777216,1,2,25,25,0.5,2,0.416666666666667,0.0833333333333333,0.64657575013984,7,4,8,1.29315150027968,8,8,8,0,7,4,8,1.29315150027968,0.0833333333333333,2.21785596489421,2.82842712474619,0.545286991207202
103,"-1:-2|2:-1|2:2",3,TRUE,0,1,2,"off_axis",2.43352102658192,2.82842712474619,3.33333333333333,4,2,2.29544983912422,4,8,1,24,1,FALSE,24,16777216,1,2,25,25,0.5,2,0.416666666666667,0.0833333333333333,0.64657575013984,7,4,8,1.29315150027968,8,8,8,0,7,4,8,1.29315150027968,0.0833333333333333,2.29544983912422,2.82842712474619,0.277654539450527
104,"-1:-2|2:-2|2:2",3,TRUE,0,2,1,"off_axis",2.63097407566406,2.82842712474619,3.66666666666667,4,2,2.18816503408199,3,8,1,24,1,FALSE,24,16777216,1,2,25,25,0.5,1,0.5,0,0.500835422470633,7,6,8,1.00167084494127,7,6,8,1.01015254455221,7,6,8,1.00167084494127,0,2.18816503408199,2.82842712474619,0.674033040989193
105,"-1:-2|1:2|2:-2",3,TRUE,0,1,2,"off_axis",2.43352102658192,2.82842712474619,3.33333333333333,4,2,2.15847410326978,3,8,1,24,1,FALSE,24,16777216,1,2,25,25,0.5,2,0.416666666666667,0.0833333333333333,0.64657575013984,7,4,8,1.29315150027968,8,8,8,0,7,4,8,1.29315150027968,0.0833333333333333,2.15847410326978,2.82842712474619,0.457370150552575
106,"-1:-2|0:2|2:-2",3,TRUE,1,1,1,"mixed",2.35483170074866,2.82842712474619,3,4,2,2.11912944035314,3,8,1,20,5,FALSE,20,1048576,5,32,25,25,0.5,1,0.5,0,0.500835422470633,7,6,8,1.00167084494127,8,8,8,0,7,6,8,1.00167084494127,0,2.11912944035314,2.82842712474619,0.459508974922454
107,"-1:-2|-1:2|2:-2",3,TRUE,0,1,2,"off_axis",2.43352102658192,2.82842712474619,3.33333333333333,4,2,2.08943850954093,3,8,1,20,5,FALSE,20,1048576,5,32,25,25,0.5,1,0.5,0,0.500835422470633,7,6,8,1.00167084494127,7,6,8,1.01015254455221,7,6,8,1.00167084494127,0,2.08943850954093,2.82842712474619,0.600912687348894
108,"-2:-1|-2:2|2:-2",3,TRUE,0,2,1,"off_axis",2.63097407566406,2.82842712474619,3.66666666666667,4,2,2.12022489195639,2,8,1,24,1,FALSE,24,16777216,1,2,25,25,0.5,2,0.416666666666667,0.0833333333333333,0.64657575013984,7,4,8,1.29315150027968,8,8,8,0,7,4,8,1.29315150027968,0.0833333333333333,2.12022489195639,2.82842712474619,0.636848246471795
109,"-2:-2|-1:-1|2:-2",3,TRUE,0,3,0,"diagonal_only",2.35702260395516,2.82842712474619,3.33333333333333,4,2,1.95355822528973,1,8,1,24,1,FALSE,24,16777216,1,2,25,25,0.5,2,0.416666666666667,0.0833333333333333,0.64657575013984,7,4,8,1.29315150027968,7,6,8,1.01015254455221,7,4,8,1.29315150027968,0.0833333333333333,1.95355822528973,2.82842712474619,0.787611777770892
110,"-2:-2|-2:2|-1:0",3,TRUE,1,2,0,"mixed",2.21895141649746,2.82842712474619,3,4,2,2.02149836741533,2,4,2,24,1,FALSE,24,16777216,1,2,25,25,0.5,1,0.5,0,0.500835422470633,7,6,8,1.00167084494127,6,6,6,0,7,6,8,1.00167084494127,0,2.02149836741533,2.82842712474619,0.834417893291247
111,"-2:-2|-1:0|2:-2",3,TRUE,1,2,0,"mixed",2.21895141649746,2.82842712474619,3,4,2,2.12022489195639,2,8,1,16,9,FALSE,16,65536,9,512,25,25,0.5,2,0.333333333333333,0.166666666666667,0.765038744728955,7,4,8,1.53007748945791,6,4,8,2.02030508910442,7,4,8,1.53007748945791,0.166666666666667,2.12022489195639,2.82842712474619,0.897538683865047
112,"-1:-1|2:-2|2:2",3,TRUE,0,3,0,"diagonal_only",2.35702260395516,2.82842712474619,3.33333333333333,4,2,2.18926048568524,2,8,1,24,1,FALSE,24,16777216,1,2,25,25,0.5,2,0.416666666666667,0.0833333333333333,0.64657575013984,7,4,8,1.29315150027968,7,6,8,1.01015254455221,7,4,8,1.29315150027968,0.0833333333333333,2.18926048568524,2.82842712474619,0.805336098148257
113,"-1:0|2:-2|2:2",3,TRUE,1,2,0,"mixed",2.21895141649746,2.82842712474619,3,4,2,2.21895141649746,2,4,2,16,9,FALSE,16,65536,9,512,25,25,0.5,2,0.333333333333333,0.166666666666667,0.765038744728955,7,4,8,1.53007748945791,6,6,6,0,7,4,8,1.53007748945791,0.166666666666667,2.21895141649746,2.82842712474619,0.944195707186121
114,"-2:-2|-2:2|2:-2",3,TRUE,0,3,0,"diagonal_only",2.82842712474619,2.82842712474619,4,4,2,1.98324915610194,2,4,2,24,1,FALSE,24,16777216,1,2,25,25,0.5,2,0.416666666666667,0.0833333333333333,0.64657575013984,7,4,8,1.29315150027968,6,6,6,0,7,4,8,1.29315150027968,0.0833333333333333,1.98324915610194,2.82842712474619,0.938119044570097
115,"-2:-1|2:-2|2:2",3,TRUE,0,2,1,"off_axis",2.63097407566406,2.82842712474619,3.66666666666667,4,2,2.09053396114418,2,8,1,20,5,FALSE,20,1048576,5,32,25,25,0.5,1,0.5,0,0.500835422470633,7,6,8,1.00167084494127,7,6,8,1.01015254455221,7,6,8,1.00167084494127,0,2.09053396114418,2.82842712474619,0.745386684052922
116,"-2:-2|-2:2|2:0",3,TRUE,1,2,0,"mixed",2.55228474983079,2.82842712474619,3.33333333333333,4,2,2.18816503408199,3,4,2,24,1,FALSE,24,16777216,1,2,25,25,0.5,1,0.5,0,0.500835422470633,7,6,8,1.00167084494127,7,6,8,1.01015254455221,7,6,8,1.00167084494127,0,2.18816503408199,2.82842712474619,0.674033040989193
117,"-2:-2|-1:-1|-1:0",3,TRUE,1,2,0,"mixed",1.74754689570643,2.82842712474619,2.33333333333333,4,2,1.64882037116536,1,8,1,24,1,FALSE,24,16777216,1,2,25,25,0.5,2,0.416666666666667,0.0833333333333333,0.64657575013984,7,4,8,1.29315150027968,6,6,6,0,7,4,8,1.29315150027968,0.0833333333333333,1.64882037116536,2.82842712474619,0.733259613204043
118,"-1:-1|1:-1|2:-2",3,TRUE,0,3,0,"diagonal_only",1.88561808316413,2.82842712474619,2.66666666666667,4,2,1.88452263156088,1,8,1,24,1,FALSE,24,16777216,1,2,25,25,0.5,2,0.416666666666667,0.0833333333333333,0.64657575013984,7,4,8,1.29315150027968,8,8,8,0,7,4,8,1.29315150027968,0.0833333333333333,1.88452263156088,2.82842712474619,0.581626462054331
119,"-2:-1|1:-1|2:-2",3,TRUE,0,2,1,"off_axis",2.15956955487303,2.82842712474619,3,4,2,1.88452263156088,1,8,1,24,1,FALSE,24,16777216,1,2,25,25,0.5,2,0.416666666666667,0.0833333333333333,0.64657575013984,7,4,8,1.29315150027968,8,8,8,0,7,4,8,1.29315150027968,0.0833333333333333,1.88452263156088,2.82842712474619,0.581626462054331
120,"-1:0|1:-1|2:-2",3,TRUE,1,2,0,"mixed",1.74754689570643,2.82842712474619,2.33333333333333,4,2,1.95355822528973,1,8,1,24,1,FALSE,24,16777216,1,2,25,25,0.5,2,0.416666666666667,0.0833333333333333,0.64657575013984,7,4,8,1.29315150027968,7,6,8,1.01015254455221,7,4,8,1.29315150027968,0.0833333333333333,1.95355822528973,2.82842712474619,0.787611777770892
121,"-2:-2|-1:-1|0:2",3,TRUE,1,2,0,"mixed",2.08088022903976,2.82842712474619,2.66666666666667,4,2,2.02149836741533,2,8,1,24,1,FALSE,24,16777216,1,2,25,25,0.5,2,0.416666666666667,0.0833333333333333,0.64657575013984,7,4,8,1.29315150027968,8,8,8,0,7,4,8,1.29315150027968,0.0833333333333333,2.02149836741533,2.82842712474619,0.544291485001009
122,"-1:-1|1:1|2:2",3,TRUE,0,3,0,"diagonal_only",1.88561808316413,2.82842712474619,2.66666666666667,4,2,2.12132034355964,1,4,2,20,5,FALSE,20,1048576,5,32,25,25,0.5,3,0.166666666666667,0.166666666666667,1.11990205018416,7,2,8,2.23980410036832,8,8,8,0,7,2,8,2.23980410036832,0.166666666666667,2.12132034355964,2.82842712474619,0.774596669241483
123,"-1:-2|1:1|2:2",3,TRUE,0,2,1,"off_axis",2.15956955487303,2.82842712474619,3,4,2,2.15956955487303,2,8,1,24,1,FALSE,24,16777216,1,2,25,25,0.5,2,0.416666666666667,0.0833333333333333,0.64657575013984,7,4,8,1.29315150027968,8,8,8,0,7,4,8,1.29315150027968,0.0833333333333333,2.15956955487303,2.82842712474619,0.635225318448997
124,"-2:-2|-1:-1|2:2",3,TRUE,0,3,0,"diagonal_only",2.35702260395516,2.82842712474619,3.33333333333333,4,2,2.12132034355964,1,4,2,20,5,FALSE,20,1048576,5,32,25,25,0.5,3,0.166666666666667,0.166666666666667,1.11990205018416,7,2,8,2.23980410036832,8,8,8,0,7,2,8,2.23980410036832,0.166666666666667,2.12132034355964,2.82842712474619,0.774596669241483
125,"-1:-1|0:-1|2:-2",3,TRUE,1,2,0,"mixed",1.74754689570643,2.82842712474619,2.33333333333333,4,2,1.78579610701981,2,8,1,24,1,FALSE,24,16777216,1,2,25,25,0.5,1,0.5,0,0.500835422470633,7,6,8,1.00167084494127,6,6,6,0,7,6,8,1.00167084494127,0,1.78579610701981,2.82842712474619,0.757046046805256
126,"-2:-1|0:-1|2:-2",3,TRUE,1,1,1,"mixed",2.02149836741533,2.82842712474619,2.66666666666667,4,2,1.95246277368648,2,8,1,24,1,FALSE,24,16777216,1,2,25,25,0.5,1,0.5,0,0.500835422470633,7,6,8,1.00167084494127,7,6,8,1.01015254455221,7,6,8,1.00167084494127,0,1.95246277368648,2.82842712474619,0.652278269484895
127,"-2:-2|-1:0|0:-1",3,TRUE,2,1,0,"mixed",1.60947570824873,2.82842712474619,2,4,2,1.78579610701981,2,4,2,24,1,FALSE,24,16777216,1,2,25,25,0.5,1,0.5,0,0.500835422470633,7,6,8,1.00167084494127,6,6,6,0,7,6,8,1.00167084494127,0,1.78579610701981,2.82842712474619,0.757046046805256
128,"-1:0|0:-1|2:-2",3,TRUE,2,1,0,"mixed",1.60947570824873,2.82842712474619,2,4,2,1.88452263156088,2,8,1,20,5,FALSE,20,1048576,5,32,25,25,0.5,1,0.5,0,0.500835422470633,7,6,8,1.00167084494127,6,6,6,0,7,6,8,1.00167084494127,0,1.88452263156088,2.82842712474619,0.859237651271078
129,"-2:-2|-1:0|0:2",3,TRUE,2,1,0,"mixed",1.94280904158206,2.82842712474619,2.33333333333333,4,2,2.08943850954093,3,8,1,24,1,FALSE,24,16777216,1,2,25,25,0.5,2,0.416666666666667,0.0833333333333333,0.64657575013984,7,4,8,1.29315150027968,7,6,8,1.01015254455221,7,4,8,1.29315150027968,0.0833333333333333,2.08943850954093,2.82842712474619,0.600912687348894
130,"-1:-1|1:0|2:-2",3,TRUE,1,2,0,"mixed",1.74754689570643,2.82842712474619,2.33333333333333,4,2,1.99180743660311,2,8,1,24,1,FALSE,24,16777216,1,2,25,25,0.5,2,0.416666666666667,0.0833333333333333,0.64657575013984,7,4,8,1.29315150027968,7,6,8,1.01015254455221,7,4,8,1.29315150027968,0.0833333333333333,1.99180743660311,2.82842712474619,0.66275467753239
131,"-1:0|1:0|2:-2",3,TRUE,2,1,0,"mixed",1.60947570824873,2.82842712474619,2,4,2,1.98215370449869,2,8,1,24,1,FALSE,24,16777216,1,2,25,25,0.5,2,0.416666666666667,0.0833333333333333,0.64657575013984,7,4,8,1.29315150027968,6,4,8,2.02030508910442,7,4,8,1.29315150027968,0.0833333333333333,1.98215370449869,2.82842712474619,0.827816422940811
132,"-1:-1|0:1|2:2",3,TRUE,1,2,0,"mixed",1.74754689570643,2.82842712474619,2.33333333333333,4,2,2.09053396114418,2,8,1,24,1,FALSE,24,16777216,1,2,25,25,0.5,2,0.416666666666667,0.0833333333333333,0.64657575013984,7,4,8,1.29315150027968,7,6,8,1.01015254455221,7,4,8,1.29315150027968,0.0833333333333333,2.09053396114418,2.82842712474619,0.745386684052922
133,"-1:-2|1:0|2:2",3,TRUE,1,1,1,"mixed",2.02149836741533,2.82842712474619,2.66666666666667,4,2,2.22750969699862,3,8,1,16,9,FALSE,16,65536,9,512,25,25,0.5,2,0.333333333333333,0.166666666666667,0.765038744728955,7,4,8,1.53007748945791,7,6,8,1.01015254455221,7,4,8,1.53007748945791,0.166666666666667,2.22750969699862,2.82842712474619,0.66771300701163
134,"-2:-1|1:0|2:-2",3,TRUE,1,1,1,"mixed",2.02149836741533,2.82842712474619,2.66666666666667,4,2,1.99180743660311,2,8,1,20,5,FALSE,20,1048576,5,32,25,25,0.5,1,0.5,0,0.500835422470633,7,6,8,1.00167084494127,7,6,8,1.01015254455221,7,6,8,1.00167084494127,0,1.99180743660311,2.82842712474619,0.66275467753239
135,"-2:-2|-1:0|2:0",3,TRUE,2,1,0,"mixed",1.94280904158206,2.82842712474619,2.33333333333333,4,2,2.0500938466243,3,8,1,24,1,FALSE,24,16777216,1,2,25,25,0.5,2,0.416666666666667,0.0833333333333333,0.64657575013984,7,4,8,1.29315150027968,7,6,8,1.01015254455221,7,4,8,1.29315150027968,0.0833333333333333,2.0500938466243,2.82842712474619,0.597108251525502
136,"-1:-2|0:1|2:2",3,TRUE,1,1,1,"mixed",2.02149836741533,2.82842712474619,2.66666666666667,4,2,2.12878317245756,3,8,1,24,1,FALSE,24,16777216,1,2,25,25,0.5,2,0.416666666666667,0.0833333333333333,0.64657575013984,7,4,8,1.29315150027968,7,6,8,1.01015254455221,7,4,8,1.29315150027968,0.0833333333333333,2.12878317245756,2.82842712474619,0.601613368862296
137,"-2:-2|-1:0|2:2",3,TRUE,1,2,0,"mixed",2.21895141649746,2.82842712474619,3,4,2,2.18926048568524,2,8,1,24,1,FALSE,24,16777216,1,2,25,25,0.5,2,0.416666666666667,0.0833333333333333,0.64657575013984,7,4,8,1.29315150027968,7,6,8,1.01015254455221,7,4,8,1.29315150027968,0.0833333333333333,2.18926048568524,2.82842712474619,0.805336098148257
138,"-2:-1|-1:-1|2:-2",3,TRUE,0,2,1,"off_axis",2.15956955487303,2.82842712474619,3,4,2,1.85483170074866,1,8,1,16,9,FALSE,16,65536,9,512,25,25,0.5,2,0.333333333333333,0.166666666666667,0.765038744728955,7,4,8,1.53007748945791,7,6,8,1.01015254455221,7,4,8,1.53007748945791,0.166666666666667,1.85483170074866,2.82842712474619,0.686672581568101
139,"-1:-1|-1:0|2:-2",3,TRUE,1,2,0,"mixed",1.74754689570643,2.82842712474619,2.33333333333333,4,2,1.88452263156088,2,8,1,20,5,FALSE,20,1048576,5,32,25,25,0.5,1,0.5,0,0.500835422470633,7,6,8,1.00167084494127,6,6,6,0,7,6,8,1.00167084494127,0,1.88452263156088,2.82842712474619,0.859237651271078
140,"-2:-2|-1:1|0:2",3,TRUE,1,2,0,"mixed",2.08088022903976,2.82842712474619,2.66666666666667,4,2,2.02149836741533,2,8,1,20,5,FALSE,20,1048576,5,32,25,25,0.5,1,0.5,0,0.500835422470633,7,6,8,1.00167084494127,8,8,8,0,7,6,8,1.00167084494127,0,2.02149836741533,2.82842712474619,0.544291485001009
141,"-1:-1|1:1|2:-2",3,TRUE,0,3,0,"diagonal_only",1.88561808316413,2.82842712474619,2.66666666666667,4,2,2.15956955487303,2,4,2,24,1,FALSE,24,16777216,1,2,25,25,0.5,2,0.416666666666667,0.0833333333333333,0.64657575013984,7,4,8,1.29315150027968,8,8,8,0,7,4,8,1.29315150027968,0.0833333333333333,2.15956955487303,2.82842712474619,0.635225318448997
142,"-1:-1|0:1|2:-2",3,TRUE,1,2,0,"mixed",1.74754689570643,2.82842712474619,2.33333333333333,4,2,2.09053396114418,2,8,1,20,5,FALSE,20,1048576,5,32,25,25,0.5,1,0.5,0,0.500835422470633,7,6,8,1.00167084494127,7,6,8,1.01015254455221,7,6,8,1.00167084494127,0,2.09053396114418,2.82842712474619,0.745386684052922
143,"-1:-1|-1:1|2:-2",3,TRUE,0,3,0,"diagonal_only",1.88561808316413,2.82842712474619,2.66666666666667,4,2,2.12022489195639,2,8,1,24,1,FALSE,24,16777216,1,2,25,25,0.5,2,0.416666666666667,0.0833333333333333,0.64657575013984,7,4,8,1.29315150027968,8,8,8,0,7,4,8,1.29315150027968,0.0833333333333333,2.12022489195639,2.82842712474619,0.636848246471795
144,"-1:-2|1:-1|2:2",3,TRUE,0,2,1,"off_axis",2.15956955487303,2.82842712474619,3,4,2,2.19781876618641,3,8,1,24,1,FALSE,24,16777216,1,2,25,25,0.5,2,0.416666666666667,0.0833333333333333,0.64657575013984,7,4,8,1.29315150027968,8,8,8,0,7,4,8,1.29315150027968,0.0833333333333333,2.19781876618641,2.82842712474619,0.451122162167444
145,"-1:-1|1:2|2:-2",3,TRUE,0,2,1,"off_axis",2.15956955487303,2.82842712474619,3,4,2,2.15956955487303,2,8,1,16,9,FALSE,16,65536,9,512,25,25,0.5,2,0.333333333333333,0.166666666666667,0.765038744728955,7,4,8,1.53007748945791,8,8,8,0,7,4,8,1.53007748945791,0.166666666666667,2.15956955487303,2.82842712474619,0.635225318448997
146,"-1:-1|0:2|2:-2",3,TRUE,1,2,0,"mixed",2.08088022903976,2.82842712474619,2.66666666666667,4,2,2.15847410326978,3,8,1,24,1,FALSE,24,16777216,1,2,25,25,0.5,2,0.416666666666667,0.0833333333333333,0.64657575013984,7,4,8,1.29315150027968,8,8,8,0,7,4,8,1.29315150027968,0.0833333333333333,2.15847410326978,2.82842712474619,0.457370150552575
147,"-1:-1|-1:2|2:-2",3,TRUE,0,2,1,"off_axis",2.15956955487303,2.82842712474619,3,4,2,2.15847410326978,3,8,1,20,5,FALSE,20,1048576,5,32,25,25,0.5,1,0.5,0,0.500835422470633,7,6,8,1.00167084494127,8,8,8,0,7,6,8,1.00167084494127,0,2.15847410326978,2.82842712474619,0.457370150552575
148,"-2:-2|-1:1|2:2",3,TRUE,0,3,0,"diagonal_only",2.35702260395516,2.82842712474619,3.33333333333333,4,2,2.15956955487303,2,4,2,24,1,FALSE,24,16777216,1,2,25,25,0.5,2,0.416666666666667,0.0833333333333333,0.64657575013984,7,4,8,1.29315150027968,8,8,8,0,7,4,8,1.29315150027968,0.0833333333333333,2.15956955487303,2.82842712474619,0.635225318448997
149,"-2:-1|-1:0|2:-2",3,TRUE,1,1,1,"mixed",2.02149836741533,2.82842712474619,2.66666666666667,4,2,1.95355822528973,1,8,1,24,1,FALSE,24,16777216,1,2,25,25,0.5,2,0.416666666666667,0.0833333333333333,0.64657575013984,7,4,8,1.29315150027968,7,6,8,1.01015254455221,7,4,8,1.29315150027968,0.0833333333333333,1.95355822528973,2.82842712474619,0.787611777770892
150,"-2:-1|-2:0|2:-2",3,TRUE,1,1,1,"mixed",2.35483170074866,2.82842712474619,3,4,2,1.95246277368648,2,8,1,24,1,FALSE,24,16777216,1,2,25,25,0.5,1,0.5,0,0.500835422470633,7,6,8,1.00167084494127,7,6,8,1.01015254455221,7,6,8,1.00167084494127,0,1.95246277368648,2.82842712474619,0.652278269484895
151,"-1:0|1:-2|2:2",3,TRUE,1,1,1,"mixed",2.02149836741533,2.82842712474619,2.66666666666667,4,2,2.18926048568524,2,8,1,24,1,FALSE,24,16777216,1,2,25,25,0.5,2,0.416666666666667,0.0833333333333333,0.64657575013984,7,4,8,1.29315150027968,7,6,8,1.01015254455221,7,4,8,1.29315150027968,0.0833333333333333,2.18926048568524,2.82842712474619,0.805336098148257
152,"-1:-1|1:-2|2:2",3,TRUE,0,2,1,"off_axis",2.15956955487303,2.82842712474619,3,4,2,2.15956955487303,2,8,1,24,1,FALSE,24,16777216,1,2,25,25,0.5,2,0.416666666666667,0.0833333333333333,0.64657575013984,7,4,8,1.29315150027968,8,8,8,0,7,4,8,1.29315150027968,0.0833333333333333,2.15956955487303,2.82842712474619,0.635225318448997
153,"-1:-2|1:-2|2:2",3,TRUE,0,1,2,"off_axis",2.43352102658192,2.82842712474619,3.33333333333333,4,2,2.15847410326978,3,8,1,20,5,FALSE,20,1048576,5,32,25,25,0.5,1,0.5,0,0.500835422470633,7,6,8,1.00167084494127,8,8,8,0,7,6,8,1.00167084494127,0,2.15847410326978,2.82842712474619,0.457370150552575
154,"-2:-1|1:2|2:-2",3,TRUE,0,1,2,"off_axis",2.43352102658192,2.82842712474619,3.33333333333333,4,2,2.15956955487303,2,4,2,24,1,FALSE,24,16777216,1,2,25,25,0.5,2,0.416666666666667,0.0833333333333333,0.64657575013984,7,4,8,1.29315150027968,8,8,8,0,7,4,8,1.29315150027968,0.0833333333333333,2.15956955487303,2.82842712474619,0.635225318448997
155,"-2:-1|0:2|2:-2",3,TRUE,1,1,1,"mixed",2.35483170074866,2.82842712474619,3,4,2,2.25720062781084,3,8,1,16,9,FALSE,16,65536,9,512,25,25,0.5,2,0.333333333333333,0.166666666666667,0.765038744728955,7,4,8,1.53007748945791,8,8,8,0,7,4,8,1.53007748945791,0.166666666666667,2.25720062781084,2.82842712474619,0.534840528543235
156,"-2:-1|-1:2|2:-2",3,TRUE,0,1,2,"off_axis",2.43352102658192,2.82842712474619,3.33333333333333,4,2,2.19781876618641,3,8,1,24,1,FALSE,24,16777216,1,2,25,25,0.5,2,0.416666666666667,0.0833333333333333,0.64657575013984,7,4,8,1.29315150027968,8,8,8,0,7,4,8,1.29315150027968,0.0833333333333333,2.19781876618641,2.82842712474619,0.451122162167444
157,"-2:-2|0:1|0:2",3,TRUE,2,1,0,"mixed",1.94280904158206,2.82842712474619,2.33333333333333,4,2,1.98215370449869,2,8,1,24,1,FALSE,24,16777216,1,2,25,25,0.5,2,0.416666666666667,0.0833333333333333,0.64657575013984,7,4,8,1.29315150027968,6,4,8,2.02030508910442,7,4,8,1.29315150027968,0.0833333333333333,1.98215370449869,2.82842712474619,0.827816422940811
158,"-1:0|0:-1|2:2",3,TRUE,2,1,0,"mixed",1.60947570824873,2.82842712474619,2,4,2,1.98324915610194,2,4,2,24,1,FALSE,24,16777216,1,2,25,25,0.5,2,0.416666666666667,0.0833333333333333,0.64657575013984,7,4,8,1.29315150027968,6,6,6,0,7,4,8,1.29315150027968,0.0833333333333333,1.98324915610194,2.82842712474619,0.938119044570097
159,"-1:-1|-1:0|2:2",3,TRUE,1,2,0,"mixed",1.74754689570643,2.82842712474619,2.33333333333333,4,2,1.98324915610194,2,8,1,24,1,FALSE,24,16777216,1,2,25,25,0.5,2,0.416666666666667,0.0833333333333333,0.64657575013984,7,4,8,1.29315150027968,6,6,6,0,7,4,8,1.29315150027968,0.0833333333333333,1.98324915610194,2.82842712474619,0.938119044570097
160,"-1:-2|0:-1|2:2",3,TRUE,1,1,1,"mixed",2.02149836741533,2.82842712474619,2.66666666666667,4,2,2.09053396114418,2,8,1,20,5,FALSE,20,1048576,5,32,25,25,0.5,1,0.5,0,0.500835422470633,7,6,8,1.00167084494127,7,6,8,1.01015254455221,7,6,8,1.00167084494127,0,2.09053396114418,2.82842712474619,0.745386684052922
161,"-1:0|0:-2|2:2",3,TRUE,2,1,0,"mixed",1.94280904158206,2.82842712474619,2.33333333333333,4,2,2.18816503408199,3,8,1,24,1,FALSE,24,16777216,1,2,25,25,0.5,1,0.5,0,0.500835422470633,7,6,8,1.00167084494127,7,6,8,1.01015254455221,7,6,8,1.00167084494127,0,2.18816503408199,2.82842712474619,0.674033040989193
162,"-1:-2|-1:0|2:2",3,TRUE,1,1,1,"mixed",2.02149836741533,2.82842712474619,2.66666666666667,4,2,2.18816503408199,3,8,1,24,1,FALSE,24,16777216,1,2,25,25,0.5,1,0.5,0,0.500835422470633,7,6,8,1.00167084494127,7,6,8,1.01015254455221,7,6,8,1.00167084494127,0,2.18816503408199,2.82842712474619,0.674033040989193
163,"-1:-1|0:-2|2:2",3,TRUE,1,2,0,"mixed",2.08088022903976,2.82842712474619,2.66666666666667,4,2,2.12022489195639,2,8,1,24,1,FALSE,24,16777216,1,2,25,25,0.5,2,0.416666666666667,0.0833333333333333,0.64657575013984,7,4,8,1.29315150027968,8,8,8,0,7,4,8,1.29315150027968,0.0833333333333333,2.12022489195639,2.82842712474619,0.636848246471795
164,"-1:-2|0:-2|2:2",3,TRUE,1,1,1,"mixed",2.35483170074866,2.82842712474619,3,4,2,2.08943850954093,3,8,1,20,5,FALSE,20,1048576,5,32,25,25,0.5,1,0.5,0,0.500835422470633,7,6,8,1.00167084494127,7,6,8,1.01015254455221,7,6,8,1.00167084494127,0,2.08943850954093,2.82842712474619,0.600912687348894
165,"-2:-2|0:2|2:0",3,TRUE,2,1,0,"mixed",2.2761423749154,2.82842712474619,2.66666666666667,4,2,2.35483170074866,4,4,2,24,1,FALSE,24,16777216,1,2,25,25,0.5,1,0.5,0,0.500835422470633,7,6,8,1.00167084494127,8,8,8,0,7,6,8,1.00167084494127,0,2.35483170074866,2.82842712474619,0.381734454010911
166,"-2:-1|0:-2|2:2",3,TRUE,1,1,1,"mixed",2.35483170074866,2.82842712474619,3,4,2,2.29544983912422,4,8,1,24,1,FALSE,24,16777216,1,2,25,25,0.5,2,0.416666666666667,0.0833333333333333,0.64657575013984,7,4,8,1.29315150027968,8,8,8,0,7,4,8,1.29315150027968,0.0833333333333333,2.29544983912422,2.82842712474619,0.277654539450527
167,"-1:-2|-1:-1|2:2",3,TRUE,0,2,1,"off_axis",2.15956955487303,2.82842712474619,3,4,2,2.09053396114418,2,8,1,24,1,FALSE,24,16777216,1,2,25,25,0.5,2,0.416666666666667,0.0833333333333333,0.64657575013984,7,4,8,1.29315150027968,7,6,8,1.01015254455221,7,4,8,1.29315150027968,0.0833333333333333,2.09053396114418,2.82842712474619,0.745386684052922
168,"-2:-1|-1:-2|2:2",3,TRUE,0,1,2,"off_axis",2.43352102658192,2.82842712474619,3.33333333333333,4,2,2.19781876618641,3,4,2,16,9,FALSE,16,65536,9,512,25,25,0.5,2,0.333333333333333,0.166666666666667,0.765038744728955,7,4,8,1.53007748945791,8,8,8,0,7,4,8,1.53007748945791,0.166666666666667,2.19781876618641,2.82842712474619,0.451122162167444
169,"-1:-2|0:-2|1:-2",3,TRUE,1,0,2,"mixed",2.15737865166653,2.23606797749979,2.66666666666667,3,2,1.74535599249993,2,4,2,24,1,FALSE,24,16777216,1,2,25,25,0.5,2,0.416666666666667,0.0833333333333333,0.64657575013984,7,4,8,1.29315150027968,6,4,8,2.02030508910442,7,4,8,1.29315150027968,0.0833333333333333,1.74535599249993,2.23606797749979,0.586923292546395
170,"-2:-1|-1:-2|0:-2",3,TRUE,1,0,2,"mixed",2.15737865166653,2.23606797749979,2.66666666666667,3,2,1.85373624914541,2,8,1,20,5,FALSE,20,1048576,5,32,25,25,0.5,1,0.5,0,0.500835422470633,7,6,8,1.00167084494127,7,6,8,1.01015254455221,7,6,8,1.00167084494127,0,1.85373624914541,2.23606797749979,0.525732158351726
171,"-1:-2|-1:-1|0:-2",3,TRUE,1,1,1,"mixed",1.88342717995763,2.23606797749979,2.33333333333333,3,2,1.51074918370766,1,8,1,20,5,FALSE,20,1048576,5,32,25,25,0.5,1,0.5,0,0.500835422470633,7,6,8,1.00167084494127,6,6,6,0,7,6,8,1.00167084494127,0,1.51074918370766,2.23606797749979,0.511042351192105
172,"-1:-2|0:-2|0:-1",3,TRUE,2,0,1,"mixed",1.74535599249993,2.23606797749979,2,3,2,1.44171358997881,1,8,1,24,1,FALSE,24,16777216,1,2,25,25,0.5,2,0.416666666666667,0.0833333333333333,0.64657575013984,7,4,8,1.29315150027968,5,4,6,1.01015254455221,7,4,8,1.29315150027968,0.0833333333333333,1.44171358997881,2.23606797749979,0.552950548751405
173,"-1:-1|0:-2|1:-2",3,TRUE,1,1,1,"mixed",1.88342717995763,2.23606797749979,2.33333333333333,3,2,1.71676051329096,1,8,1,24,1,FALSE,24,16777216,1,2,25,25,0.5,1,0.5,0,0.500835422470633,7,6,8,1.00167084494127,7,6,8,1.01015254455221,7,6,8,1.00167084494127,0,1.71676051329096,2.23606797749979,0.513108183530476
174,"-1:-2|0:-2|2:-1",3,TRUE,1,0,2,"mixed",2.15737865166653,2.23606797749979,2.66666666666667,3,2,1.99071198499986,3,8,1,24,1,FALSE,24,16777216,1,2,25,25,0.5,2,0.416666666666667,0.0833333333333333,0.64657575013984,7,4,8,1.29315150027968,7,6,8,1.01015254455221,7,4,8,1.29315150027968,0.0833333333333333,1.99071198499986,2.23606797749979,0.494448128051368
175,"-2:-1|-2:0|0:-2",3,TRUE,2,0,1,"mixed",2.07868932583326,2.23606797749979,2.33333333333333,3,2,2.0500938466243,3,8,1,20,5,FALSE,20,1048576,5,32,25,25,0.5,1,0.5,0,0.500835422470633,7,6,8,1.00167084494127,7,6,8,1.01015254455221,7,6,8,1.00167084494127,0,2.0500938466243,2.82842712474619,0.597108251525502
176,"-1:-2|-1:0|0:-2",3,TRUE,2,0,1,"mixed",1.74535599249993,2.23606797749979,2,3,2,1.74535599249993,2,8,1,16,9,FALSE,16,65536,9,512,25,25,0.5,2,0.333333333333333,0.166666666666667,0.765038744728955,7,4,8,1.53007748945791,6,4,8,2.02030508910442,7,4,8,1.53007748945791,0.166666666666667,1.74535599249993,2.23606797749979,0.586923292546395
177,"-1:-2|0:-2|1:0",3,TRUE,2,0,1,"mixed",1.74535599249993,2.23606797749979,2,3,2,1.88342717995763,2,8,1,16,9,FALSE,16,65536,9,512,25,25,0.5,2,0.333333333333333,0.166666666666667,0.765038744728955,7,4,8,1.53007748945791,6,4,8,2.02030508910442,7,4,8,1.53007748945791,0.166666666666667,1.88342717995763,2.82842712474619,0.737049841839904
178,"-1:-2|0:-2|2:0",3,TRUE,2,0,1,"mixed",2.07868932583326,2.23606797749979,2.33333333333333,3,2,2.14882037116536,3,8,1,20,5,FALSE,20,1048576,5,32,25,25,0.5,1,0.5,0,0.500835422470633,7,6,8,1.00167084494127,7,6,8,1.01015254455221,7,6,8,1.00167084494127,0,2.14882037116536,2.82842712474619,0.677558274215369
179,"-1:-2|2:-1|2:0",3,TRUE,1,0,2,"mixed",2.15737865166653,2.23606797749979,2.66666666666667,3,2,2.08943850954093,3,8,1,24,1,FALSE,24,16777216,1,2,25,25,0.5,2,0.416666666666667,0.0833333333333333,0.64657575013984,7,4,8,1.29315150027968,7,6,8,1.01015254455221,7,4,8,1.29315150027968,0.0833333333333333,2.08943850954093,2.82842712474619,0.600912687348894
180,"-1:-1|-1:2|0:2",3,TRUE,1,1,1,"mixed",1.88342717995763,2.23606797749979,2.33333333333333,3,2,1.81439158622878,2,8,1,16,9,FALSE,16,65536,9,512,25,25,0.5,2,0.333333333333333,0.166666666666667,0.765038744728955,7,4,8,1.53007748945791,7,6,8,1.01015254455221,7,4,8,1.53007748945791,0.166666666666667,1.81439158622878,2.23606797749979,0.49957962947528
181,"-1:-2|0:-2|0:1",3,TRUE,2,0,1,"mixed",1.74535599249993,2.23606797749979,2,3,2,1.74535599249993,2,8,1,24,1,FALSE,24,16777216,1,2,25,25,0.5,2,0.416666666666667,0.0833333333333333,0.64657575013984,7,4,8,1.29315150027968,6,6,6,0,7,4,8,1.29315150027968,0.0833333333333333,1.74535599249993,2.23606797749979,0.586923292546395
182,"-1:-1|0:2|1:2",3,TRUE,1,1,1,"mixed",1.88342717995763,2.23606797749979,2.33333333333333,3,2,1.95246277368648,2,8,1,24,1,FALSE,24,16777216,1,2,25,25,0.5,1,0.5,0,0.500835422470633,7,6,8,1.00167084494127,7,6,8,1.01015254455221,7,6,8,1.00167084494127,0,1.95246277368648,2.82842712474619,0.652278269484895
183,"-1:-2|0:-2|2:1",3,TRUE,1,0,2,"mixed",2.15737865166653,2.23606797749979,2.66666666666667,3,2,2.18816503408199,3,8,1,24,1,FALSE,24,16777216,1,2,25,25,0.5,1,0.5,0,0.500835422470633,7,6,8,1.00167084494127,7,6,8,1.01015254455221,7,6,8,1.00167084494127,0,2.18816503408199,2.82842712474619,0.674033040989193
184,"-1:-2|-1:2|0:-2",3,TRUE,1,0,2,"mixed",2.15737865166653,2.23606797749979,2.66666666666667,3,2,1.64772491956211,2,8,1,20,5,FALSE,20,1048576,5,32,25,25,0.5,1,0.5,0,0.500835422470633,7,6,8,1.00167084494127,6,6,6,0,7,6,8,1.00167084494127,0,1.64772491956211,2.23606797749979,0.584810317406282
185,"-1:-2|0:-2|0:2",3,TRUE,2,0,1,"mixed",2.07868932583326,2.23606797749979,2.33333333333333,3,2,1.60838025664548,2,8,1,24,1,FALSE,24,16777216,1,2,25,25,0.5,2,0.416666666666667,0.0833333333333333,0.64657575013984,7,4,8,1.29315150027968,6,6,6,0,7,4,8,1.29315150027968,0.0833333333333333,1.60838025664548,2.23606797749979,0.543815722501309
186,"-1:-2|0:-2|1:2",3,TRUE,1,0,2,"mixed",2.15737865166653,2.23606797749979,2.66666666666667,3,2,1.85373624914541,2,8,1,24,1,FALSE,24,16777216,1,2,25,25,0.5,2,0.416666666666667,0.0833333333333333,0.64657575013984,7,4,8,1.29315150027968,7,6,8,1.01015254455221,7,4,8,1.29315150027968,0.0833333333333333,1.85373624914541,2.23606797749979,0.525732158351726
187,"-1:-2|1:-2|2:-1",3,TRUE,0,0,3,"off_axis",2.23606797749979,2.23606797749979,3,3,2,2.05974757872871,3,8,1,24,1,FALSE,24,16777216,1,2,25,25,0.5,2,0.416666666666667,0.0833333333333333,0.64657575013984,7,4,8,1.29315150027968,8,8,8,0,7,4,8,1.29315150027968,0.0833333333333333,2.05974757872871,2.23606797749979,0.33004226139309
188,"-1:-2|-1:-1|1:-2",3,TRUE,0,1,2,"off_axis",1.96211650579089,2.23606797749979,2.66666666666667,3,2,1.85373624914541,2,8,1,20,5,FALSE,20,1048576,5,32,25,25,0.5,1,0.5,0,0.500835422470633,7,6,8,1.00167084494127,7,6,8,1.01015254455221,7,6,8,1.00167084494127,0,1.85373624914541,2.23606797749979,0.525732158351726
189,"-1:-2|0:-1|1:-2",3,TRUE,1,0,2,"mixed",1.82404531833319,2.23606797749979,2.33333333333333,3,2,1.71676051329096,1,4,2,24,1,FALSE,24,16777216,1,2,25,25,0.5,1,0.5,0,0.500835422470633,7,6,8,1.00167084494127,7,6,8,1.01015254455221,7,6,8,1.00167084494127,0,1.71676051329096,2.23606797749979,0.513108183530476
190,"-1:-2|1:-2|2:0",3,TRUE,1,0,2,"mixed",2.15737865166653,2.23606797749979,2.66666666666667,3,2,2.25610517620759,4,8,1,16,9,FALSE,16,65536,9,512,25,25,0.5,2,0.333333333333333,0.166666666666667,0.765038744728955,7,4,8,1.53007748945791,8,8,8,0,7,4,8,1.53007748945791,0.166666666666667,2.25610517620759,2.82842712474619,0.303294115780649
191,"-1:-2|-1:0|1:-2",3,TRUE,1,0,2,"mixed",1.82404531833319,2.23606797749979,2.33333333333333,3,2,2.0500938466243,3,8,1,20,5,FALSE,20,1048576,5,32,25,25,0.5,1,0.5,0,0.500835422470633,7,6,8,1.00167084494127,7,6,8,1.01015254455221,7,6,8,1.00167084494127,0,2.0500938466243,2.82842712474619,0.597108251525502
192,"-1:-2|1:-2|2:1",3,TRUE,0,0,3,"off_axis",2.23606797749979,2.23606797749979,3,3,2,2.29544983912422,4,8,1,24,1,FALSE,24,16777216,1,2,25,25,0.5,2,0.416666666666667,0.0833333333333333,0.64657575013984,7,4,8,1.29315150027968,8,8,8,0,7,4,8,1.29315150027968,0.0833333333333333,2.29544983912422,2.82842712474619,0.277654539450527
193,"-1:-1|-1:2|1:2",3,TRUE,0,1,2,"off_axis",1.96211650579089,2.23606797749979,2.66666666666667,3,2,2.11912944035314,3,8,1,24,1,FALSE,24,16777216,1,2,25,25,0.5,1,0.5,0,0.500835422470633,7,6,8,1.00167084494127,8,8,8,0,7,6,8,1.00167084494127,0,2.11912944035314,2.82842712474619,0.459508974922454
194,"-1:-2|0:1|1:-2",3,TRUE,1,0,2,"mixed",1.82404531833319,2.23606797749979,2.33333333333333,3,2,1.99071198499986,3,4,2,16,9,FALSE,16,65536,9,512,25,25,0.5,2,0.333333333333333,0.166666666666667,0.765038744728955,7,4,8,1.53007748945791,7,6,8,1.01015254455221,7,4,8,1.53007748945791,0.166666666666667,1.99071198499986,2.23606797749979,0.494448128051368
195,"-1:-2|-1:2|1:-2",3,TRUE,0,0,3,"off_axis",2.23606797749979,2.23606797749979,3,3,2,1.99071198499986,3,8,1,24,1,FALSE,24,16777216,1,2,25,25,0.5,2,0.416666666666667,0.0833333333333333,0.64657575013984,7,4,8,1.29315150027968,7,6,8,1.01015254455221,7,4,8,1.29315150027968,0.0833333333333333,1.99071198499986,2.23606797749979,0.494448128051368
196,"-1:-2|0:2|1:-2",3,TRUE,1,0,2,"mixed",2.15737865166653,2.23606797749979,2.66666666666667,3,2,1.88342717995763,2,4,2,24,1,FALSE,24,16777216,1,2,25,25,0.5,1,0.5,0,0.500835422470633,7,6,8,1.00167084494127,8,8,8,0,7,6,8,1.00167084494127,0,1.88342717995763,2.23606797749979,0.37847386878915
197,"-2:-1|-1:-2|-1:-1",3,TRUE,0,1,2,"off_axis",1.96211650579089,2.23606797749979,2.66666666666667,3,2,1.5500938466243,1,4,2,24,1,FALSE,24,16777216,1,2,25,25,0.5,1,0.5,0,0.500835422470633,7,6,8,1.00167084494127,6,6,6,0,7,6,8,1.00167084494127,0,1.5500938466243,2.23606797749979,0.562717406865112
198,"-2:-1|-1:-2|-1:0",3,TRUE,1,0,2,"mixed",1.82404531833319,2.23606797749979,2.33333333333333,3,2,1.71676051329096,1,8,1,24,1,FALSE,24,16777216,1,2,25,25,0.5,1,0.5,0,0.500835422470633,7,6,8,1.00167084494127,7,6,8,1.01015254455221,7,6,8,1.00167084494127,0,1.71676051329096,2.23606797749979,0.513108183530476
199,"-1:-1|1:-2|2:-1",3,TRUE,0,1,2,"off_axis",1.96211650579089,2.23606797749979,2.66666666666667,3,2,1.92277184287426,2,8,1,16,9,FALSE,16,65536,9,512,25,25,0.5,2,0.333333333333333,0.166666666666667,0.765038744728955,7,4,8,1.53007748945791,8,8,8,0,7,4,8,1.53007748945791,0.166666666666667,1.92277184287426,2.23606797749979,0.404398477123625
200,"-2:-1|-1:-2|-1:2",3,TRUE,0,0,3,"off_axis",2.23606797749979,2.23606797749979,3,3,2,1.89308091206204,2,8,1,24,1,FALSE,24,16777216,1,2,25,25,0.5,2,0.416666666666667,0.0833333333333333,0.64657575013984,7,4,8,1.29315150027968,7,6,8,1.01015254455221,7,4,8,1.29315150027968,0.0833333333333333,1.89308091206204,2.23606797749979,0.547260077535001
201,"-1:0|1:-2|2:-1",3,TRUE,1,0,2,"mixed",1.82404531833319,2.23606797749979,2.33333333333333,3,2,1.99180743660311,2,8,1,20,5,FALSE,20,1048576,5,32,25,25,0.5,1,0.5,0,0.500835422470633,7,6,8,1.00167084494127,7,6,8,1.01015254455221,7,6,8,1.00167084494127,0,1.99180743660311,2.82842712474619,0.66275467753239
202,"-2:-1|-1:-2|0:2",3,TRUE,1,0,2,"mixed",2.15737865166653,2.23606797749979,2.66666666666667,3,2,2.02149836741533,2,8,1,24,1,FALSE,24,16777216,1,2,25,25,0.5,2,0.416666666666667,0.0833333333333333,0.64657575013984,7,4,8,1.29315150027968,8,8,8,0,7,4,8,1.29315150027968,0.0833333333333333,2.02149836741533,2.82842712474619,0.544291485001009
203,"-1:-1|1:2|2:1",3,TRUE,0,1,2,"off_axis",1.96211650579089,2.23606797749979,2.66666666666667,3,2,2.15956955487303,2,4,2,24,1,FALSE,24,16777216,1,2,25,25,0.5,2,0.416666666666667,0.0833333333333333,0.64657575013984,7,4,8,1.29315150027968,8,8,8,0,7,4,8,1.29315150027968,0.0833333333333333,2.15956955487303,2.82842712474619,0.635225318448997
204,"-1:-2|1:2|2:1",3,TRUE,0,0,3,"off_axis",2.23606797749979,2.23606797749979,3,3,2,2.19781876618641,3,8,1,24,1,FALSE,24,16777216,1,2,25,25,0.5,2,0.416666666666667,0.0833333333333333,0.64657575013984,7,4,8,1.29315150027968,8,8,8,0,7,4,8,1.29315150027968,0.0833333333333333,2.19781876618641,2.82842712474619,0.451122162167444
205,"-1:-2|-1:-1|0:-1",3,TRUE,1,1,1,"mixed",1.5500938466243,2.23606797749979,2,3,2,1.344082517041,1,8,1,16,9,FALSE,16,65536,9,512,25,25,0.5,2,0.333333333333333,0.166666666666667,0.765038744728955,7,4,8,1.53007748945791,5,4,6,1.01015254455221,7,4,8,1.53007748945791,0.166666666666667,1.344082517041,2.23606797749979,0.481799361624408
206,"-1:-1|1:-2|1:-1",3,TRUE,0,2,1,"off_axis",1.68816503408199,2.23606797749979,2.33333333333333,3,2,1.71676051329096,1,8,1,24,1,FALSE,24,16777216,1,2,25,25,0.5,1,0.5,0,0.500835422470633,7,6,8,1.00167084494127,7,6,8,1.01015254455221,7,6,8,1.00167084494127,0,1.71676051329096,2.23606797749979,0.513108183530476
207,"-1:-2|-1:-1|2:-1",3,TRUE,0,1,2,"off_axis",1.96211650579089,2.23606797749979,2.66666666666667,3,2,1.85373624914541,2,8,1,24,1,FALSE,24,16777216,1,2,25,25,0.5,2,0.416666666666667,0.0833333333333333,0.64657575013984,7,4,8,1.29315150027968,7,6,8,1.01015254455221,7,4,8,1.29315150027968,0.0833333333333333,1.85373624914541,2.23606797749979,0.525732158351726
208,"-2:-1|-1:-1|0:-2",3,TRUE,1,1,1,"mixed",1.88342717995763,2.23606797749979,2.33333333333333,3,2,1.71676051329096,1,8,1,24,1,FALSE,24,16777216,1,2,25,25,0.5,1,0.5,0,0.500835422470633,7,6,8,1.00167084494127,7,6,8,1.01015254455221,7,6,8,1.00167084494127,0,1.71676051329096,2.23606797749979,0.513108183530476
209,"-1:-2|-1:-1|-1:0",3,TRUE,1,1,1,"mixed",1.5500938466243,2.23606797749979,2,3,2,1.44171358997881,1,8,1,24,1,FALSE,24,16777216,1,2,25,25,0.5,2,0.416666666666667,0.0833333333333333,0.64657575013984,7,4,8,1.29315150027968,5,4,6,1.01015254455221,7,4,8,1.29315150027968,0.0833333333333333,1.44171358997881,2.23606797749979,0.552950548751405
210,"-1:-2|-1:-1|1:0",3,TRUE,1,1,1,"mixed",1.5500938466243,2.23606797749979,2,3,2,1.78579610701981,1,8,1,20,5,FALSE,20,1048576,5,32,25,25,0.5,1,0.5,0,0.500835422470633,7,6,8,1.00167084494127,6,6,6,0,7,6,8,1.00167084494127,0,1.78579610701981,2.82842712474619,0.757046046805256
211,"-1:-2|-1:-1|2:0",3,TRUE,1,1,1,"mixed",1.88342717995763,2.23606797749979,2.33333333333333,3,2,1.95246277368648,2,8,1,20,5,FALSE,20,1048576,5,32,25,25,0.5,1,0.5,0,0.500835422470633,7,6,8,1.00167084494127,7,6,8,1.01015254455221,7,6,8,1.00167084494127,0,1.95246277368648,2.82842712474619,0.652278269484895
212,"-1:-2|1:-1|2:-1",3,TRUE,0,1,2,"off_axis",1.96211650579089,2.23606797749979,2.66666666666667,3,2,1.89308091206204,2,8,1,24,1,FALSE,24,16777216,1,2,25,25,0.5,2,0.416666666666667,0.0833333333333333,0.64657575013984,7,4,8,1.29315150027968,7,6,8,1.01015254455221,7,4,8,1.29315150027968,0.0833333333333333,1.89308091206204,2.23606797749979,0.547260077535001
213,"-1:-1|-1:1|-1:2",3,TRUE,0,2,1,"off_axis",1.68816503408199,2.23606797749979,2.33333333333333,3,2,1.67741585037433,1,8,1,24,1,FALSE,24,16777216,1,2,25,25,0.5,2,0.416666666666667,0.0833333333333333,0.64657575013984,7,4,8,1.29315150027968,7,6,8,1.01015254455221,7,4,8,1.29315150027968,0.0833333333333333,1.67741585037433,2.23606797749979,0.472790945234314
214,"-1:-2|-1:-1|0:1",3,TRUE,1,1,1,"mixed",1.5500938466243,2.23606797749979,2,3,2,1.68706958247874,1,8,1,16,9,FALSE,16,65536,9,512,25,25,0.5,2,0.333333333333333,0.166666666666667,0.765038744728955,7,4,8,1.53007748945791,6,4,8,2.02030508910442,7,4,8,1.53007748945791,0.166666666666667,1.68706958247874,2.23606797749979,0.620125365268988
215,"-1:-1|1:1|1:2",3,TRUE,0,2,1,"off_axis",1.68816503408199,2.23606797749979,2.33333333333333,3,2,1.95355822528973,1,8,1,24,1,FALSE,24,16777216,1,2,25,25,0.5,2,0.416666666666667,0.0833333333333333,0.64657575013984,7,4,8,1.29315150027968,7,6,8,1.01015254455221,7,4,8,1.29315150027968,0.0833333333333333,1.95355822528973,2.82842712474619,0.787611777770892
216,"-1:-2|-1:-1|2:1",3,TRUE,0,1,2,"off_axis",1.96211650579089,2.23606797749979,2.66666666666667,3,2,2.09053396114418,2,8,1,20,5,FALSE,20,1048576,5,32,25,25,0.5,1,0.5,0,0.500835422470633,7,6,8,1.00167084494127,7,6,8,1.01015254455221,7,6,8,1.00167084494127,0,2.09053396114418,2.82842712474619,0.745386684052922
217,"-1:-2|-1:-1|-1:2",3,TRUE,0,1,2,"off_axis",1.96211650579089,2.23606797749979,2.66666666666667,3,2,1.64772491956211,1,8,1,24,1,FALSE,24,16777216,1,2,25,25,0.5,2,0.416666666666667,0.0833333333333333,0.64657575013984,7,4,8,1.29315150027968,6,4,8,2.02030508910442,7,4,8,1.29315150027968,0.0833333333333333,1.64772491956211,2.23606797749979,0.584810317406282
218,"-1:-2|-1:-1|0:2",3,TRUE,1,1,1,"mixed",1.88342717995763,2.23606797749979,2.33333333333333,3,2,1.71676051329096,1,8,1,20,5,FALSE,20,1048576,5,32,25,25,0.5,1,0.5,0,0.500835422470633,7,6,8,1.00167084494127,7,6,8,1.01015254455221,7,6,8,1.00167084494127,0,1.71676051329096,2.23606797749979,0.513108183530476
219,"-1:-2|-1:-1|1:2",3,TRUE,0,1,2,"off_axis",1.96211650579089,2.23606797749979,2.66666666666667,3,2,1.99180743660311,2,8,1,24,1,FALSE,24,16777216,1,2,25,25,0.5,2,0.416666666666667,0.0833333333333333,0.64657575013984,7,4,8,1.29315150027968,7,6,8,1.01015254455221,7,4,8,1.29315150027968,0.0833333333333333,1.99180743660311,2.82842712474619,0.66275467753239
220,"-1:-1|0:-1|1:-2",3,TRUE,1,1,1,"mixed",1.5500938466243,2.23606797749979,2,3,2,1.5500938466243,1,8,1,24,1,FALSE,24,16777216,1,2,25,25,0.5,1,0.5,0,0.500835422470633,7,6,8,1.00167084494127,6,6,6,0,7,6,8,1.00167084494127,0,1.5500938466243,2.23606797749979,0.562717406865112
221,"-1:-2|0:-1|2:-1",3,TRUE,1,0,2,"mixed",1.82404531833319,2.23606797749979,2.33333333333333,3,2,1.85373624914541,2,8,1,24,1,FALSE,24,16777216,1,2,25,25,0.5,2,0.416666666666667,0.0833333333333333,0.64657575013984,7,4,8,1.29315150027968,7,6,8,1.01015254455221,7,4,8,1.29315150027968,0.0833333333333333,1.85373624914541,2.23606797749979,0.525732158351726
222,"-2:-1|-1:0|0:-2",3,TRUE,2,0,1,"mixed",1.74535599249993,2.23606797749979,2,3,2,1.85373624914541,2,8,1,20,5,FALSE,20,1048576,5,32,25,25,0.5,1,0.5,0,0.500835422470633,7,6,8,1.00167084494127,7,6,8,1.01015254455221,7,6,8,1.00167084494127,0,1.85373624914541,2.23606797749979,0.525732158351726
223,"-1:-2|-1:0|0:-1",3,TRUE,2,0,1,"mixed",1.4120226591666,2.23606797749979,1.66666666666667,3,2,1.51074918370766,1,8,1,20,5,FALSE,20,1048576,5,32,25,25,0.5,1,0.5,0,0.500835422470633,7,6,8,1.00167084494127,6,6,6,0,7,6,8,1.00167084494127,0,1.51074918370766,2.23606797749979,0.511042351192105
224,"-1:-2|0:-1|1:0",3,TRUE,2,0,1,"mixed",1.4120226591666,2.23606797749979,1.66666666666667,3,2,1.64882037116536,1,8,1,24,1,FALSE,24,16777216,1,2,25,25,0.5,2,0.416666666666667,0.0833333333333333,0.64657575013984,7,4,8,1.29315150027968,6,6,6,0,7,4,8,1.29315150027968,0.0833333333333333,1.64882037116536,2.82842712474619,0.733259613204043
225,"-1:-2|0:-1|2:0",3,TRUE,2,0,1,"mixed",1.74535599249993,2.23606797749979,2,3,2,1.95246277368648,2,8,1,24,1,FALSE,24,16777216,1,2,25,25,0.5,1,0.5,0,0.500835422470633,7,6,8,1.00167084494127,7,6,8,1.01015254455221,7,6,8,1.00167084494127,0,1.95246277368648,2.82842712474619,0.652278269484895
226,"-1:-2|1:0|2:-1",3,TRUE,1,0,2,"mixed",1.82404531833319,2.23606797749979,2.33333333333333,3,2,1.99180743660311,2,8,1,24,1,FALSE,24,16777216,1,2,25,25,0.5,2,0.416666666666667,0.0833333333333333,0.64657575013984,7,4,8,1.29315150027968,7,6,8,1.01015254455221,7,4,8,1.29315150027968,0.0833333333333333,1.99180743660311,2.82842712474619,0.66275467753239
227,"-1:-1|-1:2|0:1",3,TRUE,1,1,1,"mixed",1.5500938466243,2.23606797749979,2,3,2,1.71676051329096,1,8,1,20,5,FALSE,20,1048576,5,32,25,25,0.5,1,0.5,0,0.500835422470633,7,6,8,1.00167084494127,7,6,8,1.01015254455221,7,6,8,1.00167084494127,0,1.71676051329096,2.23606797749979,0.513108183530476
228,"-1:-2|0:-1|0:1",3,TRUE,2,0,1,"mixed",1.4120226591666,2.23606797749979,1.66666666666667,3,2,1.64772491956211,1,8,1,24,1,FALSE,24,16777216,1,2,25,25,0.5,2,0.416666666666667,0.0833333333333333,0.64657575013984,7,4,8,1.29315150027968,6,4,8,2.02030508910442,7,4,8,1.29315150027968,0.0833333333333333,1.64772491956211,2.23606797749979,0.584810317406282
229,"-1:-1|0:1|1:2",3,TRUE,1,1,1,"mixed",1.5500938466243,2.23606797749979,2,3,2,1.85483170074866,1,8,1,16,9,FALSE,16,65536,9,512,25,25,0.5,2,0.333333333333333,0.166666666666667,0.765038744728955,7,4,8,1.53007748945791,7,6,8,1.01015254455221,7,4,8,1.53007748945791,0.166666666666667,1.85483170074866,2.82842712474619,0.686672581568101
230,"-1:-2|0:-1|2:1",3,TRUE,1,0,2,"mixed",1.82404531833319,2.23606797749979,2.33333333333333,3,2,2.09053396114418,2,8,1,24,1,FALSE,24,16777216,1,2,25,25,0.5,2,0.416666666666667,0.0833333333333333,0.64657575013984,7,4,8,1.29315150027968,7,6,8,1.01015254455221,7,4,8,1.29315150027968,0.0833333333333333,2.09053396114418,2.82842712474619,0.745386684052922
231,"-1:-2|-1:2|0:-1",3,TRUE,1,0,2,"mixed",1.82404531833319,2.23606797749979,2.33333333333333,3,2,1.68706958247874,1,8,1,16,9,FALSE,16,65536,9,512,25,25,0.5,2,0.333333333333333,0.166666666666667,0.765038744728955,7,4,8,1.53007748945791,6,4,8,2.02030508910442,7,4,8,1.53007748945791,0.166666666666667,1.68706958247874,2.23606797749979,0.620125365268988
232,"-1:-2|0:-1|0:2",3,TRUE,2,0,1,"mixed",1.74535599249993,2.23606797749979,2,3,2,1.67741585037433,1,8,1,24,1,FALSE,24,16777216,1,2,25,25,0.5,2,0.416666666666667,0.0833333333333333,0.64657575013984,7,4,8,1.29315150027968,7,6,8,1.01015254455221,7,4,8,1.29315150027968,0.0833333333333333,1.67741585037433,2.23606797749979,0.472790945234314
233,"-1:-2|0:-1|1:2",3,TRUE,1,0,2,"mixed",1.82404531833319,2.23606797749979,2.33333333333333,3,2,1.89308091206204,2,8,1,24,1,FALSE,24,16777216,1,2,25,25,0.5,2,0.416666666666667,0.0833333333333333,0.64657575013984,7,4,8,1.29315150027968,7,6,8,1.01015254455221,7,4,8,1.29315150027968,0.0833333333333333,1.89308091206204,2.23606797749979,0.547260077535001
234,"-1:-1|1:-2|2:0",3,TRUE,1,1,1,"mixed",1.88342717995763,2.23606797749979,2.33333333333333,3,2,2.05974757872871,3,8,1,24,1,FALSE,24,16777216,1,2,25,25,0.5,2,0.416666666666667,0.0833333333333333,0.64657575013984,7,4,8,1.29315150027968,8,8,8,0,7,4,8,1.29315150027968,0.0833333333333333,2.05974757872871,2.23606797749979,0.33004226139309
235,"-1:-1|1:-2|1:0",3,TRUE,1,1,1,"mixed",1.5500938466243,2.23606797749979,2,3,2,1.85373624914541,2,8,1,20,5,FALSE,20,1048576,5,32,25,25,0.5,1,0.5,0,0.500835422470633,7,6,8,1.00167084494127,7,6,8,1.01015254455221,7,6,8,1.00167084494127,0,1.85373624914541,2.23606797749979,0.525732158351726
236,"-1:-1|-1:0|1:-2",3,TRUE,1,1,1,"mixed",1.5500938466243,2.23606797749979,2,3,2,1.78579610701981,2,8,1,24,1,FALSE,24,16777216,1,2,25,25,0.5,1,0.5,0,0.500835422470633,7,6,8,1.00167084494127,6,6,6,0,7,6,8,1.00167084494127,0,1.78579610701981,2.82842712474619,0.757046046805256
237,"-1:-2|1:-1|2:0",3,TRUE,1,1,1,"mixed",1.88342717995763,2.23606797749979,2.33333333333333,3,2,2.02149836741533,2,8,1,20,5,FALSE,20,1048576,5,32,25,25,0.5,1,0.5,0,0.500835422470633,7,6,8,1.00167084494127,8,8,8,0,7,6,8,1.00167084494127,0,2.02149836741533,2.82842712474619,0.544291485001009
238,"-1:-1|1:-2|2:1",3,TRUE,0,1,2,"off_axis",1.96211650579089,2.23606797749979,2.66666666666667,3,2,2.19781876618641,3,8,1,24,1,FALSE,24,16777216,1,2,25,25,0.5,2,0.416666666666667,0.0833333333333333,0.64657575013984,7,4,8,1.29315150027968,8,8,8,0,7,4,8,1.29315150027968,0.0833333333333333,2.19781876618641,2.82842712474619,0.451122162167444
239,"-1:-1|-1:2|1:1",3,TRUE,0,2,1,"off_axis",1.68816503408199,2.23606797749979,2.33333333333333,3,2,2.02149836741533,2,8,1,24,1,FALSE,24,16777216,1,2,25,25,0.5,2,0.416666666666667,0.0833333333333333,0.64657575013984,7,4,8,1.29315150027968,8,8,8,0,7,4,8,1.29315150027968,0.0833333333333333,2.02149836741533,2.82842712474619,0.544291485001009
240,"-1:-1|0:1|1:-2",3,TRUE,1,1,1,"mixed",1.5500938466243,2.23606797749979,2,3,2,1.89308091206204,2,8,1,24,1,FALSE,24,16777216,1,2,25,25,0.5,2,0.416666666666667,0.0833333333333333,0.64657575013984,7,4,8,1.29315150027968,7,6,8,1.01015254455221,7,4,8,1.29315150027968,0.0833333333333333,1.89308091206204,2.23606797749979,0.547260077535001
241,"-1:-1|-1:1|1:-2",3,TRUE,0,2,1,"off_axis",1.68816503408199,2.23606797749979,2.33333333333333,3,2,2.02149836741533,2,8,1,20,5,FALSE,20,1048576,5,32,25,25,0.5,1,0.5,0,0.500835422470633,7,6,8,1.00167084494127,8,8,8,0,7,6,8,1.00167084494127,0,2.02149836741533,2.82842712474619,0.544291485001009
242,"-1:-2|1:-1|2:1",3,TRUE,0,1,2,"off_axis",1.96211650579089,2.23606797749979,2.66666666666667,3,2,2.19781876618641,3,4,2,16,9,FALSE,16,65536,9,512,25,25,0.5,2,0.333333333333333,0.166666666666667,0.765038744728955,7,4,8,1.53007748945791,8,8,8,0,7,4,8,1.53007748945791,0.166666666666667,2.19781876618641,2.82842712474619,0.451122162167444
243,"-1:-1|1:-2|1:2",3,TRUE,0,1,2,"off_axis",1.96211650579089,2.23606797749979,2.66666666666667,3,2,1.99180743660311,2,8,1,20,5,FALSE,20,1048576,5,32,25,25,0.5,1,0.5,0,0.500835422470633,7,6,8,1.00167084494127,7,6,8,1.01015254455221,7,6,8,1.00167084494127,0,1.99180743660311,2.82842712474619,0.66275467753239
244,"-1:-1|0:2|1:-2",3,TRUE,1,1,1,"mixed",1.88342717995763,2.23606797749979,2.33333333333333,3,2,1.92277184287426,2,8,1,16,9,FALSE,16,65536,9,512,25,25,0.5,2,0.333333333333333,0.166666666666667,0.765038744728955,7,4,8,1.53007748945791,8,8,8,0,7,4,8,1.53007748945791,0.166666666666667,1.92277184287426,2.23606797749979,0.404398477123625
245,"-1:-1|-1:2|1:-2",3,TRUE,0,1,2,"off_axis",1.96211650579089,2.23606797749979,2.66666666666667,3,2,2.05974757872871,3,8,1,24,1,FALSE,24,16777216,1,2,25,25,0.5,2,0.416666666666667,0.0833333333333333,0.64657575013984,7,4,8,1.29315150027968,8,8,8,0,7,4,8,1.29315150027968,0.0833333333333333,2.05974757872871,2.23606797749979,0.33004226139309
246,"-2:-1|-1:2|0:-2",3,TRUE,1,0,2,"mixed",2.15737865166653,2.23606797749979,2.66666666666667,3,2,2.05974757872871,3,8,1,24,1,FALSE,24,16777216,1,2,25,25,0.5,2,0.416666666666667,0.0833333333333333,0.64657575013984,7,4,8,1.29315150027968,8,8,8,0,7,4,8,1.29315150027968,0.0833333333333333,2.05974757872871,2.23606797749979,0.33004226139309
247,"-1:-2|-1:0|2:-1",3,TRUE,1,0,2,"mixed",1.82404531833319,2.23606797749979,2.33333333333333,3,2,1.99071198499986,3,8,1,24,1,FALSE,24,16777216,1,2,25,25,0.5,2,0.416666666666667,0.0833333333333333,0.64657575013984,7,4,8,1.29315150027968,7,6,8,1.01015254455221,7,4,8,1.29315150027968,0.0833333333333333,1.99071198499986,2.23606797749979,0.494448128051368
248,"-1:-2|1:2|2:-1",3,TRUE,0,0,3,"off_axis",2.23606797749979,2.23606797749979,3,3,2,2.23606797749979,4,8,1,20,5,FALSE,20,1048576,5,32,25,25,0.5,3,0.166666666666667,0.166666666666667,1.11990205018416,7,2,8,2.23980410036832,8,8,8,0,7,2,8,2.23980410036832,0.166666666666667,2.23606797749979,2.23606797749979,0
249,"-1:-1|-1:2|2:1",3,TRUE,0,1,2,"off_axis",1.96211650579089,2.23606797749979,2.66666666666667,3,2,2.15847410326978,3,8,1,24,1,FALSE,24,16777216,1,2,25,25,0.5,2,0.416666666666667,0.0833333333333333,0.64657575013984,7,4,8,1.29315150027968,8,8,8,0,7,4,8,1.29315150027968,0.0833333333333333,2.15847410326978,2.82842712474619,0.457370150552575
250,"-1:-2|0:1|2:-1",3,TRUE,1,0,2,"mixed",1.82404531833319,2.23606797749979,2.33333333333333,3,2,2.12878317245756,3,8,1,24,1,FALSE,24,16777216,1,2,25,25,0.5,2,0.416666666666667,0.0833333333333333,0.64657575013984,7,4,8,1.29315150027968,7,6,8,1.01015254455221,7,4,8,1.29315150027968,0.0833333333333333,2.12878317245756,2.82842712474619,0.601613368862296
251,"-1:-2|-1:2|2:-1",3,TRUE,0,0,3,"off_axis",2.23606797749979,2.23606797749979,3,3,2,2.12878317245756,3,8,1,24,1,FALSE,24,16777216,1,2,25,25,0.5,2,0.416666666666667,0.0833333333333333,0.64657575013984,7,4,8,1.29315150027968,7,6,8,1.01015254455221,7,4,8,1.29315150027968,0.0833333333333333,2.12878317245756,2.82842712474619,0.601613368862296
252,"-1:-2|0:2|2:-1",3,TRUE,1,0,2,"mixed",2.15737865166653,2.23606797749979,2.66666666666667,3,2,2.15847410326978,3,8,1,24,1,FALSE,24,16777216,1,2,25,25,0.5,2,0.416666666666667,0.0833333333333333,0.64657575013984,7,4,8,1.29315150027968,8,8,8,0,7,4,8,1.29315150027968,0.0833333333333333,2.15847410326978,2.82842712474619,0.457370150552575
253,"-2:-1|0:-2|0:-1",3,TRUE,2,0,1,"mixed",1.74535599249993,2.23606797749979,2,3,2,1.74535599249993,2,8,1,24,1,FALSE,24,16777216,1,2,25,25,0.5,2,0.416666666666667,0.0833333333333333,0.64657575013984,7,4,8,1.29315150027968,6,4,8,2.02030508910442,7,4,8,1.29315150027968,0.0833333333333333,1.74535599249993,2.23606797749979,0.586923292546395
254,"-1:0|1:-2|2:0",3,TRUE,2,0,1,"mixed",1.74535599249993,2.23606797749979,2,3,2,2.0500938466243,3,8,1,24,1,FALSE,24,16777216,1,2,25,25,0.5,2,0.416666666666667,0.0833333333333333,0.64657575013984,7,4,8,1.29315150027968,7,6,8,1.01015254455221,7,4,8,1.29315150027968,0.0833333333333333,2.0500938466243,2.82842712474619,0.597108251525502
255,"-2:-1|0:-2|0:2",3,TRUE,2,0,1,"mixed",2.07868932583326,2.23606797749979,2.33333333333333,3,2,2.0500938466243,3,8,1,24,1,FALSE,24,16777216,1,2,25,25,0.5,2,0.416666666666667,0.0833333333333333,0.64657575013984,7,4,8,1.29315150027968,7,6,8,1.01015254455221,7,4,8,1.29315150027968,0.0833333333333333,2.0500938466243,2.82842712474619,0.597108251525502
256,"-1:-1|0:-2|2:-1",3,TRUE,1,1,1,"mixed",1.88342717995763,2.23606797749979,2.33333333333333,3,2,1.88342717995763,2,8,1,24,1,FALSE,24,16777216,1,2,25,25,0.5,1,0.5,0,0.500835422470633,7,6,8,1.00167084494127,8,8,8,0,7,6,8,1.00167084494127,0,1.88342717995763,2.23606797749979,0.37847386878915
257,"-1:0|0:-2|2:-1",3,TRUE,2,0,1,"mixed",1.74535599249993,2.23606797749979,2,3,2,1.99071198499986,3,8,1,24,1,FALSE,24,16777216,1,2,25,25,0.5,2,0.416666666666667,0.0833333333333333,0.64657575013984,7,4,8,1.29315150027968,7,6,8,1.01015254455221,7,4,8,1.29315150027968,0.0833333333333333,1.99071198499986,2.23606797749979,0.494448128051368
258,"-1:-1|0:2|2:1",3,TRUE,1,1,1,"mixed",1.88342717995763,2.23606797749979,2.33333333333333,3,2,2.15847410326978,3,8,1,20,5,FALSE,20,1048576,5,32,25,25,0.5,1,0.5,0,0.500835422470633,7,6,8,1.00167084494127,8,8,8,0,7,6,8,1.00167084494127,0,2.15847410326978,2.82842712474619,0.457370150552575
259,"-1:-2|0:2|2:1",3,TRUE,1,0,2,"mixed",2.15737865166653,2.23606797749979,2.66666666666667,3,2,2.15847410326978,3,8,1,20,5,FALSE,20,1048576,5,32,25,25,0.5,1,0.5,0,0.500835422470633,7,6,8,1.00167084494127,8,8,8,0,7,6,8,1.00167084494127,0,2.15847410326978,2.82842712474619,0.457370150552575
260,"-2:-1|0:-2|2:-1",3,TRUE,1,0,2,"mixed",2.15737865166653,2.23606797749979,2.66666666666667,3,2,1.99071198499986,3,4,2,16,9,FALSE,16,65536,9,512,25,25,0.5,2,0.333333333333333,0.166666666666667,0.765038744728955,7,4,8,1.53007748945791,7,6,8,1.01015254455221,7,4,8,1.53007748945791,0.166666666666667,1.99071198499986,2.23606797749979,0.494448128051368
261,"-2:-1|0:-2|2:0",3,TRUE,2,0,1,"mixed",2.07868932583326,2.23606797749979,2.33333333333333,3,2,2.11912944035314,3,8,1,24,1,FALSE,24,16777216,1,2,25,25,0.5,1,0.5,0,0.500835422470633,7,6,8,1.00167084494127,8,8,8,0,7,6,8,1.00167084494127,0,2.11912944035314,2.82842712474619,0.459508974922454
262,"-1:-2|1:2|2:0",3,TRUE,1,0,2,"mixed",2.15737865166653,2.23606797749979,2.66666666666667,3,2,2.29544983912422,4,8,1,24,1,FALSE,24,16777216,1,2,25,25,0.5,2,0.416666666666667,0.0833333333333333,0.64657575013984,7,4,8,1.29315150027968,8,8,8,0,7,4,8,1.29315150027968,0.0833333333333333,2.29544983912422,2.82842712474619,0.277654539450527
263,"-1:-2|-1:0|1:0",3,TRUE,2,0,1,"mixed",1.4120226591666,2.23606797749979,1.66666666666667,3,2,1.844082517041,2,8,1,24,1,FALSE,24,16777216,1,2,25,25,0.5,2,0.416666666666667,0.0833333333333333,0.64657575013984,7,4,8,1.29315150027968,6,4,8,2.02030508910442,7,4,8,1.29315150027968,0.0833333333333333,1.844082517041,2.82842712474619,0.72057727164579
264,"-1:-2|-1:0|2:0",3,TRUE,2,0,1,"mixed",1.74535599249993,2.23606797749979,2,3,2,2.01074918370766,3,8,1,24,1,FALSE,24,16777216,1,2,25,25,0.5,2,0.416666666666667,0.0833333333333333,0.64657575013984,7,4,8,1.29315150027968,7,6,8,1.01015254455221,7,4,8,1.29315150027968,0.0833333333333333,2.01074918370766,2.82842712474619,0.590140037840815
265,"-1:-1|-1:0|-1:2",3,TRUE,1,1,1,"mixed",1.5500938466243,2.23606797749979,2,3,2,1.60838025664548,2,8,1,24,1,FALSE,24,16777216,1,2,25,25,0.5,2,0.416666666666667,0.0833333333333333,0.64657575013984,7,4,8,1.29315150027968,6,6,6,0,7,4,8,1.29315150027968,0.0833333333333333,1.60838025664548,2.23606797749979,0.543815722501309
266,"-1:-2|-1:0|0:1",3,TRUE,2,0,1,"mixed",1.4120226591666,2.23606797749979,1.66666666666667,3,2,1.64772491956211,2,8,1,20,5,FALSE,20,1048576,5,32,25,25,0.5,1,0.5,0,0.500835422470633,7,6,8,1.00167084494127,6,6,6,0,7,6,8,1.00167084494127,0,1.64772491956211,2.23606797749979,0.584810317406282
267,"-1:-1|0:1|2:1",3,TRUE,1,1,1,"mixed",1.5500938466243,2.23606797749979,2,3,2,1.95246277368648,2,8,1,24,1,FALSE,24,16777216,1,2,25,25,0.5,1,0.5,0,0.500835422470633,7,6,8,1.00167084494127,7,6,8,1.01015254455221,7,6,8,1.00167084494127,0,1.95246277368648,2.82842712474619,0.652278269484895
268,"-1:-2|-1:0|2:1",3,TRUE,1,0,2,"mixed",1.82404531833319,2.23606797749979,2.33333333333333,3,2,2.08943850954093,3,8,1,20,5,FALSE,20,1048576,5,32,25,25,0.5,1,0.5,0,0.500835422470633,7,6,8,1.00167084494127,7,6,8,1.01015254455221,7,6,8,1.00167084494127,0,2.08943850954093,2.82842712474619,0.600912687348894
269,"-1:-2|-1:0|-1:2",3,TRUE,1,0,2,"mixed",1.82404531833319,2.23606797749979,2.33333333333333,3,2,1.74535599249993,2,4,2,24,1,FALSE,24,16777216,1,2,25,25,0.5,2,0.416666666666667,0.0833333333333333,0.64657575013984,7,4,8,1.29315150027968,6,6,6,0,7,4,8,1.29315150027968,0.0833333333333333,1.74535599249993,2.23606797749979,0.586923292546395
270,"-1:-2|-1:0|0:2",3,TRUE,2,0,1,"mixed",1.74535599249993,2.23606797749979,2,3,2,1.81439158622878,2,8,1,16,9,FALSE,16,65536,9,512,25,25,0.5,2,0.333333333333333,0.166666666666667,0.765038744728955,7,4,8,1.53007748945791,7,6,8,1.01015254455221,7,4,8,1.53007748945791,0.166666666666667,1.81439158622878,2.23606797749979,0.49957962947528
271,"-1:-2|-1:0|1:2",3,TRUE,1,0,2,"mixed",1.82404531833319,2.23606797749979,2.33333333333333,3,2,2.08943850954093,3,8,1,24,1,FALSE,24,16777216,1,2,25,25,0.5,2,0.416666666666667,0.0833333333333333,0.64657575013984,7,4,8,1.29315150027968,7,6,8,1.01015254455221,7,4,8,1.29315150027968,0.0833333333333333,2.08943850954093,2.82842712474619,0.600912687348894
272,"-1:-2|1:0|2:0",3,TRUE,2,0,1,"mixed",1.74535599249993,2.23606797749979,2,3,2,1.98215370449869,2,8,1,24,1,FALSE,24,16777216,1,2,25,25,0.5,2,0.416666666666667,0.0833333333333333,0.64657575013984,7,4,8,1.29315150027968,6,4,8,2.02030508910442,7,4,8,1.29315150027968,0.0833333333333333,1.98215370449869,2.82842712474619,0.827816422940811
273,"-1:-1|-1:2|1:0",3,TRUE,1,1,1,"mixed",1.5500938466243,2.23606797749979,2,3,2,1.95246277368648,2,8,1,20,5,FALSE,20,1048576,5,32,25,25,0.5,1,0.5,0,0.500835422470633,7,6,8,1.00167084494127,7,6,8,1.01015254455221,7,6,8,1.00167084494127,0,1.95246277368648,2.82842712474619,0.652278269484895
274,"-1:-2|0:1|1:0",3,TRUE,2,0,1,"mixed",1.4120226591666,2.23606797749979,1.66666666666667,3,2,1.78579610701981,2,8,1,24,1,FALSE,24,16777216,1,2,25,25,0.5,1,0.5,0,0.500835422470633,7,6,8,1.00167084494127,6,6,6,0,7,6,8,1.00167084494127,0,1.78579610701981,2.82842712474619,0.757046046805256
275,"-1:-1|-1:0|1:2",3,TRUE,1,1,1,"mixed",1.5500938466243,2.23606797749979,2,3,2,1.88452263156088,2,8,1,20,5,FALSE,20,1048576,5,32,25,25,0.5,1,0.5,0,0.500835422470633,7,6,8,1.00167084494127,6,6,6,0,7,6,8,1.00167084494127,0,1.88452263156088,2.82842712474619,0.859237651271078
276,"-1:-2|-1:2|1:0",3,TRUE,1,0,2,"mixed",1.82404531833319,2.23606797749979,2.33333333333333,3,2,2.02149836741533,2,4,2,24,1,FALSE,24,16777216,1,2,25,25,0.5,1,0.5,0,0.500835422470633,7,6,8,1.00167084494127,6,6,6,0,7,6,8,1.00167084494127,0,2.02149836741533,2.82842712474619,0.834417893291247
277,"-1:-2|0:2|1:0",3,TRUE,2,0,1,"mixed",1.74535599249993,2.23606797749979,2,3,2,1.95246277368648,2,8,1,24,1,FALSE,24,16777216,1,2,25,25,0.5,1,0.5,0,0.500835422470633,7,6,8,1.00167084494127,7,6,8,1.01015254455221,7,6,8,1.00167084494127,0,1.95246277368648,2.82842712474619,0.652278269484895
278,"-1:-1|-1:2|2:0",3,TRUE,1,1,1,"mixed",1.88342717995763,2.23606797749979,2.33333333333333,3,2,2.11912944035314,3,8,1,20,5,FALSE,20,1048576,5,32,25,25,0.5,1,0.5,0,0.500835422470633,7,6,8,1.00167084494127,8,8,8,0,7,6,8,1.00167084494127,0,2.11912944035314,2.82842712474619,0.459508974922454
279,"-1:-2|0:1|2:0",3,TRUE,2,0,1,"mixed",1.74535599249993,2.23606797749979,2,3,2,2.08943850954093,3,8,1,20,5,FALSE,20,1048576,5,32,25,25,0.5,1,0.5,0,0.500835422470633,7,6,8,1.00167084494127,7,6,8,1.01015254455221,7,6,8,1.00167084494127,0,2.08943850954093,2.82842712474619,0.600912687348894
280,"-1:-1|0:-2|2:1",3,TRUE,1,1,1,"mixed",1.88342717995763,2.23606797749979,2.33333333333333,3,2,2.12022489195639,2,8,1,24,1,FALSE,24,16777216,1,2,25,25,0.5,2,0.416666666666667,0.0833333333333333,0.64657575013984,7,4,8,1.29315150027968,8,8,8,0,7,4,8,1.29315150027968,0.0833333333333333,2.12022489195639,2.82842712474619,0.636848246471795
281,"-1:-2|-1:2|2:0",3,TRUE,1,0,2,"mixed",2.15737865166653,2.23606797749979,2.66666666666667,3,2,2.18816503408199,3,4,2,24,1,FALSE,24,16777216,1,2,25,25,0.5,1,0.5,0,0.500835422470633,7,6,8,1.00167084494127,7,6,8,1.01015254455221,7,6,8,1.00167084494127,0,2.18816503408199,2.82842712474619,0.674033040989193
282,"-1:-2|0:2|2:0",3,TRUE,2,0,1,"mixed",2.07868932583326,2.23606797749979,2.33333333333333,3,2,2.21785596489421,3,8,1,24,1,FALSE,24,16777216,1,2,25,25,0.5,2,0.416666666666667,0.0833333333333333,0.64657575013984,7,4,8,1.29315150027968,8,8,8,0,7,4,8,1.29315150027968,0.0833333333333333,2.21785596489421,2.82842712474619,0.545286991207202
283,"-1:-1|-1:0|2:-1",3,TRUE,1,1,1,"mixed",1.5500938466243,2.23606797749979,2,3,2,1.64772491956211,2,8,1,20,5,FALSE,20,1048576,5,32,25,25,0.5,1,0.5,0,0.500835422470633,7,6,8,1.00167084494127,6,6,6,0,7,6,8,1.00167084494127,0,1.64772491956211,2.23606797749979,0.584810317406282
284,"-1:-1|-1:1|2:-1",3,TRUE,0,2,1,"off_axis",1.68816503408199,2.23606797749979,2.33333333333333,3,2,1.98215370449869,2,8,1,20,5,FALSE,20,1048576,5,32,25,25,0.5,1,0.5,0,0.500835422470633,7,6,8,1.00167084494127,8,8,8,0,7,6,8,1.00167084494127,0,1.98215370449869,2.82842712474619,0.534116120418135
285,"-1:-1|-1:2|2:-1",3,TRUE,0,1,2,"off_axis",1.96211650579089,2.23606797749979,2.66666666666667,3,2,2.11912944035314,3,4,2,24,1,FALSE,24,16777216,1,2,25,25,0.5,1,0.5,0,0.500835422470633,7,6,8,1.00167084494127,8,8,8,0,7,6,8,1.00167084494127,0,2.11912944035314,2.82842712474619,0.459508974922454
286,"-1:-1|-1:2|0:-2",3,TRUE,1,1,1,"mixed",1.88342717995763,2.23606797749979,2.33333333333333,3,2,1.74645144410318,1,8,1,16,9,FALSE,16,65536,9,512,25,25,0.5,2,0.333333333333333,0.166666666666667,0.765038744728955,7,4,8,1.53007748945791,8,8,8,0,7,4,8,1.53007748945791,0.166666666666667,1.74645144410318,2.23606797749979,0.374017144082867
287,"-1:-1|-1:0|2:1",3,TRUE,1,1,1,"mixed",1.5500938466243,2.23606797749979,2,3,2,1.78579610701981,2,8,1,24,1,FALSE,24,16777216,1,2,25,25,0.5,1,0.5,0,0.500835422470633,7,6,8,1.00167084494127,6,6,6,0,7,6,8,1.00167084494127,0,1.78579610701981,2.82842712474619,0.757046046805256
288,"-1:-2|0:1|0:2",3,TRUE,2,0,1,"mixed",1.74535599249993,2.23606797749979,2,3,2,1.64772491956211,1,8,1,24,1,FALSE,24,16777216,1,2,25,25,0.5,2,0.416666666666667,0.0833333333333333,0.64657575013984,7,4,8,1.29315150027968,6,4,8,2.02030508910442,7,4,8,1.29315150027968,0.0833333333333333,1.64772491956211,2.23606797749979,0.584810317406282
289,"-1:-1|0:-2|1:2",3,TRUE,1,1,1,"mixed",1.88342717995763,2.23606797749979,2.33333333333333,3,2,1.88452263156088,1,8,1,24,1,FALSE,24,16777216,1,2,25,25,0.5,2,0.416666666666667,0.0833333333333333,0.64657575013984,7,4,8,1.29315150027968,8,8,8,0,7,4,8,1.29315150027968,0.0833333333333333,1.88452263156088,2.82842712474619,0.581626462054331
290,"-1:-1|0:-2|0:-1",3,TRUE,2,1,0,"mixed",1.47140452079103,2,1.66666666666667,2,2,1.30473785412437,1,8,1,24,1,FALSE,24,16777216,1,2,25,25,0.5,2,0.416666666666667,0.0833333333333333,0.64657575013984,7,4,8,1.29315150027968,5,4,6,1.01015254455221,7,4,8,1.29315150027968,0.0833333333333333,1.30473785412437,2,0.396473149680955
291,"-1:-1|0:-2|1:-1",3,TRUE,1,2,0,"mixed",1.60947570824873,2,2,2,2,1.60947570824873,1,4,2,16,9,FALSE,16,65536,9,512,25,25,0.5,2,0.333333333333333,0.166666666666667,0.765038744728955,7,4,8,1.53007748945791,8,8,8,0,7,4,8,1.53007748945791,0.166666666666667,1.60947570824873,2,0.302498815648423
292,"-2:0|-1:-1|0:-2",3,TRUE,2,1,0,"mixed",1.80473785412437,2,2,2,2,1.84517796864425,1,4,2,24,1,FALSE,24,16777216,1,2,25,25,0.5,2,0.416666666666667,0.0833333333333333,0.64657575013984,7,4,8,1.29315150027968,8,8,8,0,7,4,8,1.29315150027968,0.0833333333333333,1.84517796864425,2.82842712474619,0.560697705395584
293,"-1:-1|-1:0|0:-2",3,TRUE,2,1,0,"mixed",1.47140452079103,2,1.66666666666667,2,2,1.51074918370766,1,8,1,20,5,FALSE,20,1048576,5,32,25,25,0.5,1,0.5,0,0.500835422470633,7,6,8,1.00167084494127,6,6,6,0,7,6,8,1.00167084494127,0,1.51074918370766,2.23606797749979,0.511042351192105
294,"-1:-1|0:-2|1:0",3,TRUE,2,1,0,"mixed",1.47140452079103,2,1.66666666666667,2,2,1.71676051329096,1,8,1,24,1,FALSE,24,16777216,1,2,25,25,0.5,1,0.5,0,0.500835422470633,7,6,8,1.00167084494127,7,6,8,1.01015254455221,7,6,8,1.00167084494127,0,1.71676051329096,2.23606797749979,0.513108183530476
295,"-1:-1|0:-2|2:0",3,TRUE,2,1,0,"mixed",1.80473785412437,2,2,2,2,1.98215370449869,2,8,1,20,5,FALSE,20,1048576,5,32,25,25,0.5,1,0.5,0,0.500835422470633,7,6,8,1.00167084494127,8,8,8,0,7,6,8,1.00167084494127,0,1.98215370449869,2.82842712474619,0.534116120418135
296,"-1:-1|-1:1|0:-2",3,TRUE,1,2,0,"mixed",1.60947570824873,2,2,2,2,1.74645144410318,1,8,1,16,9,FALSE,16,65536,9,512,25,25,0.5,2,0.333333333333333,0.166666666666667,0.765038744728955,7,4,8,1.53007748945791,8,8,8,0,7,4,8,1.53007748945791,0.166666666666667,1.74645144410318,2.23606797749979,0.374017144082867
297,"-1:-1|0:-2|0:1",3,TRUE,2,1,0,"mixed",1.47140452079103,2,1.66666666666667,2,2,1.67741585037433,1,8,1,24,1,FALSE,24,16777216,1,2,25,25,0.5,2,0.416666666666667,0.0833333333333333,0.64657575013984,7,4,8,1.29315150027968,7,6,8,1.01015254455221,7,4,8,1.29315150027968,0.0833333333333333,1.67741585037433,2.23606797749979,0.472790945234314
298,"-1:-1|0:-2|1:1",3,TRUE,1,2,0,"mixed",1.60947570824873,2,2,2,2,1.88452263156088,1,8,1,24,1,FALSE,24,16777216,1,2,25,25,0.5,2,0.416666666666667,0.0833333333333333,0.64657575013984,7,4,8,1.29315150027968,8,8,8,0,7,4,8,1.29315150027968,0.0833333333333333,1.88452263156088,2.82842712474619,0.581626462054331
299,"-1:-1|0:-2|0:2",3,TRUE,2,1,0,"mixed",1.80473785412437,2,2,2,2,1.67741585037433,1,8,1,24,1,FALSE,24,16777216,1,2,25,25,0.5,2,0.416666666666667,0.0833333333333333,0.64657575013984,7,4,8,1.29315150027968,7,6,8,1.01015254455221,7,4,8,1.29315150027968,0.0833333333333333,1.67741585037433,2.23606797749979,0.472790945234314
300,"-2:0|-1:0|0:-2",3,TRUE,3,0,0,"axis_only",1.66666666666667,2,1.66666666666667,2,2,1.844082517041,2,8,1,24,1,FALSE,24,16777216,1,2,25,25,0.5,2,0.416666666666667,0.0833333333333333,0.64657575013984,7,4,8,1.29315150027968,6,4,8,2.02030508910442,7,4,8,1.29315150027968,0.0833333333333333,1.844082517041,2.82842712474619,0.72057727164579
301,"-1:0|0:-2|0:-1",3,TRUE,3,0,0,"axis_only",1.33333333333333,2,1.33333333333333,2,2,1.44171358997881,1,8,1,24,1,FALSE,24,16777216,1,2,25,25,0.5,2,0.416666666666667,0.0833333333333333,0.64657575013984,7,4,8,1.29315150027968,5,4,6,1.01015254455221,7,4,8,1.29315150027968,0.0833333333333333,1.44171358997881,2.23606797749979,0.552950548751405
302,"-1:-1|0:1|0:2",3,TRUE,2,1,0,"mixed",1.47140452079103,2,1.66666666666667,2,2,1.64772491956211,1,8,1,24,1,FALSE,24,16777216,1,2,25,25,0.5,2,0.416666666666667,0.0833333333333333,0.64657575013984,7,4,8,1.29315150027968,6,4,8,2.02030508910442,7,4,8,1.29315150027968,0.0833333333333333,1.64772491956211,2.23606797749979,0.584810317406282
303,"-1:0|1:0|2:0",3,TRUE,3,0,0,"axis_only",1.33333333333333,2,1.33333333333333,2,2,1.5,1,4,2,20,5,FALSE,20,1048576,5,32,25,25,0.5,3,0.166666666666667,0.166666666666667,1.11990205018416,7,2,8,2.23980410036832,5,2,8,3.03045763365663,7,2,8,2.23980410036832,0.166666666666667,1.5,2,0.547722557505166
304,"-2:0|-1:0|2:0",3,TRUE,3,0,0,"axis_only",1.66666666666667,2,1.66666666666667,2,2,1.5,1,4,2,20,5,FALSE,20,1048576,5,32,25,25,0.5,3,0.166666666666667,0.166666666666667,1.11990205018416,7,2,8,2.23980410036832,5,2,8,3.03045763365663,7,2,8,2.23980410036832,0.166666666666667,1.5,2,0.547722557505166
305,"-1:0|0:-2|2:0",3,TRUE,3,0,0,"axis_only",1.66666666666667,2,1.66666666666667,2,2,2.01074918370766,3,8,1,24,1,FALSE,24,16777216,1,2,25,25,0.5,2,0.416666666666667,0.0833333333333333,0.64657575013984,7,4,8,1.29315150027968,7,6,8,1.01015254455221,7,4,8,1.29315150027968,0.0833333333333333,2.01074918370766,2.82842712474619,0.590140037840815
306,"-2:0|0:-2|0:2",3,TRUE,3,0,0,"axis_only",2,2,2,2,2,2.10947570824873,3,4,2,24,1,FALSE,24,16777216,1,2,25,25,0.5,2,0.416666666666667,0.0833333333333333,0.64657575013984,7,4,8,1.29315150027968,7,6,8,1.01015254455221,7,4,8,1.29315150027968,0.0833333333333333,2.10947570824873,2.82842712474619,0.678332281091076
307,"-1:-1|0:2|2:0",3,TRUE,2,1,0,"mixed",1.80473785412437,2,2,2,2,2.11912944035314,3,4,2,24,1,FALSE,24,16777216,1,2,25,25,0.5,1,0.5,0,0.500835422470633,7,6,8,1.00167084494127,8,8,8,0,7,6,8,1.00167084494127,0,2.11912944035314,2.82842712474619,0.459508974922454
308,"-1:0|0:-2|1:0",3,TRUE,3,0,0,"axis_only",1.33333333333333,2,1.33333333333333,2,2,1.74535599249993,2,4,2,24,1,FALSE,24,16777216,1,2,25,25,0.5,2,0.416666666666667,0.0833333333333333,0.64657575013984,7,4,8,1.29315150027968,6,4,8,2.02030508910442,7,4,8,1.29315150027968,0.0833333333333333,1.74535599249993,2.23606797749979,0.586923292546395
309,"-1:-1|-1:0|0:2",3,TRUE,2,1,0,"mixed",1.47140452079103,2,1.66666666666667,2,2,1.64772491956211,2,8,1,20,5,FALSE,20,1048576,5,32,25,25,0.5,1,0.5,0,0.500835422470633,7,6,8,1.00167084494127,6,6,6,0,7,6,8,1.00167084494127,0,1.64772491956211,2.23606797749979,0.584810317406282
310,"-1:0|0:-1|0:2",3,TRUE,3,0,0,"axis_only",1.33333333333333,2,1.33333333333333,2,2,1.60838025664548,2,8,1,24,1,FALSE,24,16777216,1,2,25,25,0.5,2,0.416666666666667,0.0833333333333333,0.64657575013984,7,4,8,1.29315150027968,6,6,6,0,7,4,8,1.29315150027968,0.0833333333333333,1.60838025664548,2.23606797749979,0.543815722501309
311,"-1:-1|0:1|2:0",3,TRUE,2,1,0,"mixed",1.47140452079103,2,1.66666666666667,2,2,1.85373624914541,2,8,1,24,1,FALSE,24,16777216,1,2,25,25,0.5,2,0.416666666666667,0.0833333333333333,0.64657575013984,7,4,8,1.29315150027968,7,6,8,1.01015254455221,7,4,8,1.29315150027968,0.0833333333333333,1.85373624914541,2.23606797749979,0.525732158351726
312,"-1:0|0:-2|0:2",3,TRUE,3,0,0,"axis_only",1.66666666666667,2,1.66666666666667,2,2,1.74535599249993,2,4,2,24,1,FALSE,24,16777216,1,2,25,25,0.5,2,0.416666666666667,0.0833333333333333,0.64657575013984,7,4,8,1.29315150027968,6,6,6,0,7,4,8,1.29315150027968,0.0833333333333333,1.74535599249993,2.23606797749979,0.586923292546395
313,"-1:-1|-1:0|2:0",3,TRUE,2,1,0,"mixed",1.47140452079103,2,1.66666666666667,2,2,1.60838025664548,2,8,1,24,1,FALSE,24,16777216,1,2,25,25,0.5,2,0.416666666666667,0.0833333333333333,0.64657575013984,7,4,8,1.29315150027968,6,6,6,0,7,4,8,1.29315150027968,0.0833333333333333,1.60838025664548,2.23606797749979,0.543815722501309
314,"-1:-1|-1:1|2:0",3,TRUE,1,2,0,"mixed",1.60947570824873,2,2,2,2,1.88342717995763,2,4,2,24,1,FALSE,24,16777216,1,2,25,25,0.5,1,0.5,0,0.500835422470633,7,6,8,1.00167084494127,8,8,8,0,7,6,8,1.00167084494127,0,1.88342717995763,2.23606797749979,0.37847386878915
315,"-1:-1|-1:0|-1:1",3,TRUE,1,2,0,"mixed",1.2761423749154,1.4142135623731,1.66666666666667,2,1,1.30473785412437,1,4,2,24,1,FALSE,24,16777216,1,2,25,25,0.5,2,0.416666666666667,0.0833333333333333,0.64657575013984,7,4,8,1.29315150027968,5,4,6,1.01015254455221,7,4,8,1.29315150027968,0.0833333333333333,1.30473785412437,2,0.396473149680955
316,"-1:-1|-1:0|0:-1",3,TRUE,2,1,0,"mixed",1.1380711874577,1.4142135623731,1.33333333333333,2,1,1.1380711874577,1,4,2,16,9,FALSE,16,65536,9,512,25,25,0.5,2,0.333333333333333,0.166666666666667,0.765038744728955,7,4,8,1.53007748945791,4,4,4,0,7,4,8,1.53007748945791,0.166666666666667,1.1380711874577,1.4142135623731,0.213898963845899
317,"-1:-1|-1:0|0:1",3,TRUE,2,1,0,"mixed",1.1380711874577,1.4142135623731,1.33333333333333,2,1,1.344082517041,1,8,1,16,9,FALSE,16,65536,9,512,25,25,0.5,2,0.333333333333333,0.166666666666667,0.765038744728955,7,4,8,1.53007748945791,5,4,6,1.01015254455221,7,4,8,1.53007748945791,0.166666666666667,1.344082517041,2.23606797749979,0.481799361624408
318,"-1:-1|-1:0|1:-1",3,TRUE,1,2,0,"mixed",1.2761423749154,1.4142135623731,1.66666666666667,2,1,1.51074918370766,1,8,1,20,5,FALSE,20,1048576,5,32,25,25,0.5,1,0.5,0,0.500835422470633,7,6,8,1.00167084494127,6,6,6,0,7,6,8,1.00167084494127,0,1.51074918370766,2.23606797749979,0.511042351192105
319,"-1:-1|-1:0|1:0",3,TRUE,2,1,0,"mixed",1.1380711874577,1.4142135623731,1.33333333333333,2,1,1.44171358997881,1,8,1,24,1,FALSE,24,16777216,1,2,25,25,0.5,2,0.416666666666667,0.0833333333333333,0.64657575013984,7,4,8,1.29315150027968,5,4,6,1.01015254455221,7,4,8,1.29315150027968,0.0833333333333333,1.44171358997881,2.23606797749979,0.552950548751405
320,"-1:-1|-1:0|1:1",3,TRUE,1,2,0,"mixed",1.2761423749154,1.4142135623731,1.66666666666667,2,1,1.64882037116536,1,8,1,24,1,FALSE,24,16777216,1,2,25,25,0.5,2,0.416666666666667,0.0833333333333333,0.64657575013984,7,4,8,1.29315150027968,6,6,6,0,7,4,8,1.29315150027968,0.0833333333333333,1.64882037116536,2.82842712474619,0.733259613204043
321,"-1:-1|-1:1|1:-1",3,TRUE,0,3,0,"diagonal_only",1.4142135623731,1.4142135623731,2,2,1,1.84517796864425,1,4,2,24,1,FALSE,24,16777216,1,2,25,25,0.5,2,0.416666666666667,0.0833333333333333,0.64657575013984,7,4,8,1.29315150027968,8,8,8,0,7,4,8,1.29315150027968,0.0833333333333333,1.84517796864425,2.82842712474619,0.560697705395584
322,"-1:-1|-1:1|1:0",3,TRUE,1,2,0,"mixed",1.2761423749154,1.4142135623731,1.66666666666667,2,1,1.71676051329096,1,4,2,24,1,FALSE,24,16777216,1,2,25,25,0.5,1,0.5,0,0.500835422470633,7,6,8,1.00167084494127,7,6,8,1.01015254455221,7,6,8,1.00167084494127,0,1.71676051329096,2.23606797749979,0.513108183530476
323,"-1:-1|0:1|1:0",3,TRUE,2,1,0,"mixed",1.1380711874577,1.4142135623731,1.33333333333333,2,1,1.5500938466243,1,4,2,24,1,FALSE,24,16777216,1,2,25,25,0.5,1,0.5,0,0.500835422470633,7,6,8,1.00167084494127,6,6,6,0,7,6,8,1.00167084494127,0,1.5500938466243,2.23606797749979,0.562717406865112
324,"-1:0|0:-1|0:1",3,TRUE,3,0,0,"axis_only",1,1,1,1,1,1.30473785412437,1,4,2,24,1,FALSE,24,16777216,1,2,25,25,0.5,2,0.416666666666667,0.0833333333333333,0.64657575013984,7,4,8,1.29315150027968,5,4,6,1.01015254455221,7,4,8,1.29315150027968,0.0833333333333333,1.30473785412437,2,0.396473149680955
325,"-1:-2|0:-2|1:-2|2:-2",4,TRUE,1,1,2,"mixed",2.32514076993644,2.82842712474619,3,4,2,1.83005630797458,2,8,1,21,4,FALSE,21,2097152,4,16,25,25,0.833333333333333,3,0.5,0.166666666666667,1.06897047752888,8.33333333333333,4,10,2.13794095505776,7,4,10,3.03045763365663,8.33333333333333,4,10,2.13794095505776,0.166666666666667,1.83005630797458,2.82842712474619,0.624405414634559
326,"-2:-2|-1:-2|0:-2|2:-2",4,TRUE,1,2,1,"mixed",2.47323055674804,2.82842712474619,3.25,4,2,1.88929222269922,2,8,1,21,4,FALSE,21,2097152,4,16,25,25,0.833333333333333,3,0.5,0.166666666666667,1.06897047752888,8.33333333333333,4,10,2.13794095505776,7,4,10,3.03045763365663,8.33333333333333,4,10,2.13794095505776,0.166666666666667,1.88929222269922,2.82842712474619,0.691676624224108
327,"-2:-2|-2:-1|-1:-2|0:-2",4,TRUE,1,1,2,"mixed",2.32514076993644,2.82842712474619,3,4,2,1.79508446196187,2,8,1,25,0,TRUE,25,33554432,0,1,25,25,0.833333333333333,2,0.75,0.0833333333333333,0.553694392684741,8.33333333333333,6,10,1.10738878536948,7,6,8,1.01015254455221,8.33333333333333,6,10,1.10738878536948,0,1.79508446196187,2.82842712474619,0.647792640367682
328,"-2:-2|-1:-2|-1:-1|0:-2",4,TRUE,1,2,1,"mixed",2.11967716615477,2.82842712474619,2.75,4,2,1.63071357893653,1,8,1,21,4,FALSE,21,2097152,4,16,25,25,0.833333333333333,2,0.666666666666667,0.166666666666667,0.688332449299089,8.33333333333333,6,10,1.37666489859818,7,6,8,1.01015254455221,8.33333333333333,6,10,1.37666489859818,0,1.63071357893653,2.82842712474619,0.615334799088201
329,"-2:-2|-1:-2|0:-2|0:-1",4,TRUE,2,1,1,"mixed",2.01612377556149,2.82842712474619,2.5,4,2,1.67147766421189,1,8,1,21,4,FALSE,21,2097152,4,16,25,25,0.833333333333333,2,0.666666666666667,0.166666666666667,0.688332449299089,8.33333333333333,6,10,1.37666489859818,6,6,6,0,8.33333333333333,6,10,1.37666489859818,0,1.67147766421189,2.82842712474619,0.671782387087413
330,"-1:-1|0:-2|1:-2|2:-2",4,TRUE,1,2,1,"mixed",2.11967716615477,2.82842712474619,2.75,4,2,1.83650581819917,1,8,1,25,0,TRUE,25,33554432,0,1,25,25,0.833333333333333,2,0.75,0.0833333333333333,0.553694392684741,8.33333333333333,6,10,1.10738878536948,8,6,10,2.02030508910442,8.33333333333333,6,10,1.10738878536948,0,1.83650581819917,2.82842712474619,0.602998415071235
331,"-2:-1|0:-2|1:-2|2:-2",4,TRUE,1,1,2,"mixed",2.32514076993644,2.82842712474619,3,4,2,1.91869125971184,2,8,1,25,0,TRUE,25,33554432,0,1,25,25,0.833333333333333,2,0.666666666666667,0.166666666666667,0.688332449299089,8.33333333333333,6,10,1.37666489859818,8,6,10,2.02030508910442,8.33333333333333,6,10,1.37666489859818,0,1.91869125971184,2.82842712474619,0.595001260414515
332,"-2:-2|-2:-1|-2:0|0:-2",4,TRUE,2,1,1,"mixed",2.26612377556149,2.82842712474619,2.75,4,2,2.0128990204492,3,8,1,25,0,TRUE,25,33554432,0,1,25,25,0.833333333333333,2,0.583333333333333,0.25,0.800640769025436,8.33333333333333,6,10,1.60128153805087,8,6,10,2.02030508910442,8.33333333333333,6,10,1.60128153805087,0,2.0128990204492,2.82842712474619,0.622037452851217
333,"-2:-2|-1:-2|-1:0|0:-2",4,TRUE,2,1,1,"mixed",2.01612377556149,2.82842712474619,2.5,4,2,1.85366310572456,2,8,1,21,4,FALSE,21,2097152,4,16,25,25,0.833333333333333,3,0.5,0.25,0.98766077251289,8.33333333333333,4,10,1.97532154502578,7,4,10,3.03045763365663,8.33333333333333,4,10,1.97532154502578,0.0833333333333333,1.85366310572456,2.82842712474619,0.63590101472512
334,"-1:0|0:-2|1:-2|2:-2",4,TRUE,2,1,1,"mixed",2.01612377556149,2.82842712474619,2.5,4,2,1.99574173292381,2,8,1,21,4,FALSE,21,2097152,4,16,25,25,0.833333333333333,3,0.5,0.25,0.98766077251289,8.33333333333333,4,10,1.97532154502578,7,4,10,3.03045763365663,8.33333333333333,4,10,1.97532154502578,0.0833333333333333,1.99574173292381,2.82842712474619,0.757932080998649
335,"-2:-2|-1:-2|0:-2|2:0",4,TRUE,2,1,1,"mixed",2.26612377556149,2.82842712474619,2.75,4,2,2.09574173292382,3,8,1,25,0,TRUE,25,33554432,0,1,25,25,0.833333333333333,2,0.583333333333333,0.25,0.800640769025436,8.33333333333333,6,10,1.60128153805087,8,6,10,2.02030508910442,8.33333333333333,6,10,1.60128153805087,0,2.09574173292382,2.82842712474619,0.673190239647906
336,"-1:-2|2:-2|2:-1|2:0",4,TRUE,1,1,2,"mixed",2.32514076993644,2.82842712474619,3,4,2,2.03650581819918,3,8,1,17,8,FALSE,17,131072,8,256,25,25,0.833333333333333,2,0.5,0.333333333333333,0.899027097085065,8.33333333333333,6,10,1.79805419417013,8,6,10,2.02030508910442,8.33333333333333,6,10,1.79805419417013,0,2.03650581819918,2.82842712474619,0.625960641681523
337,"-1:-1|2:-2|2:-1|2:0",4,TRUE,1,2,1,"mixed",2.11967716615477,2.82842712474619,2.75,4,2,1.89508446196187,2,8,1,25,0,TRUE,25,33554432,0,1,25,25,0.833333333333333,2,0.583333333333333,0.25,0.800640769025436,8.33333333333333,6,10,1.60128153805087,8,6,10,2.02030508910442,8.33333333333333,6,10,1.60128153805087,0,1.89508446196187,2.82842712474619,0.585619218368906
338,"-1:0|2:-2|2:-1|2:0",4,TRUE,2,1,1,"mixed",2.01612377556149,2.82842712474619,2.5,4,2,1.9128990204492,2,8,1,25,0,TRUE,25,33554432,0,1,25,25,0.833333333333333,2,0.666666666666667,0.166666666666667,0.688332449299089,8.33333333333333,6,10,1.37666489859818,7,6,8,1.01015254455221,8.33333333333333,6,10,1.37666489859818,0,1.9128990204492,2.82842712474619,0.699855014798309
339,"-1:-1|0:2|1:2|2:2",4,TRUE,1,2,1,"mixed",2.11967716615477,2.82842712474619,2.75,4,2,2.03716308916112,2,8,1,25,0,TRUE,25,33554432,0,1,25,25,0.833333333333333,2,0.666666666666667,0.166666666666667,0.688332449299089,8.33333333333333,6,10,1.37666489859818,8,6,10,2.02030508910442,8.33333333333333,6,10,1.37666489859818,0,2.03716308916112,2.82842712474619,0.707080498450027
340,"-1:-2|2:0|2:1|2:2",4,TRUE,1,1,2,"mixed",2.32514076993644,2.82842712474619,3,4,2,2.11934853067379,3,8,1,25,0,TRUE,25,33554432,0,1,25,25,0.833333333333333,2,0.583333333333333,0.25,0.800640769025436,8.33333333333333,6,10,1.60128153805087,8,6,10,2.02030508910442,8.33333333333333,6,10,1.60128153805087,0,2.11934853067379,2.82842712474619,0.673598797117914
341,"-2:-2|-2:-1|-2:0|2:-2",4,TRUE,1,2,1,"mixed",2.47323055674804,2.82842712474619,3.25,4,2,1.85432037668651,2,8,1,25,0,TRUE,25,33554432,0,1,25,25,0.833333333333333,2,0.75,0.0833333333333333,0.553694392684741,8.33333333333333,6,10,1.10738878536948,7,6,8,1.01015254455221,8.33333333333333,6,10,1.10738878536948,0,1.85432037668651,2.82842712474619,0.716081885917476
342,"-2:-1|2:-2|2:-1|2:0",4,TRUE,1,1,2,"mixed",2.32514076993644,2.82842712474619,3,4,2,1.7128990204492,2,8,1,25,0,TRUE,25,33554432,0,1,25,25,0.833333333333333,2,0.75,0.0833333333333333,0.553694392684741,8.33333333333333,6,10,1.10738878536948,7,6,8,1.01015254455221,8.33333333333333,6,10,1.10738878536948,0,1.7128990204492,2.82842712474619,0.637684130919746
343,"-2:-2|-1:-2|0:-2|0:2",4,TRUE,2,1,1,"mixed",2.26612377556149,2.82842712474619,2.75,4,2,1.77147766421189,2,8,1,21,4,FALSE,21,2097152,4,16,25,25,0.833333333333333,2,0.666666666666667,0.166666666666667,0.688332449299089,8.33333333333333,6,10,1.37666489859818,7,6,8,1.01015254455221,8.33333333333333,6,10,1.37666489859818,0,1.77147766421189,2.82842712474619,0.634093302982384
344,"-1:-2|0:2|1:2|2:2",4,TRUE,1,1,2,"mixed",2.32514076993644,2.82842712474619,3,4,2,1.91869125971184,2,8,1,25,0,TRUE,25,33554432,0,1,25,25,0.833333333333333,2,0.666666666666667,0.166666666666667,0.688332449299089,8.33333333333333,6,10,1.37666489859818,8,6,10,2.02030508910442,8.33333333333333,6,10,1.37666489859818,0,1.91869125971184,2.82842712474619,0.595001260414515
345,"-2:-2|-1:-2|0:-2|2:2",4,TRUE,1,2,1,"mixed",2.47323055674804,2.82842712474619,3.25,4,2,1.97792717443648,2,8,1,21,4,FALSE,21,2097152,4,16,25,25,0.833333333333333,2,0.666666666666667,0.166666666666667,0.688332449299089,8.33333333333333,6,10,1.37666489859818,8,6,10,2.02030508910442,8.33333333333333,6,10,1.37666489859818,0,1.97792717443648,2.82842712474619,0.656424737689541
346,"-2:-2|-1:-2|1:-2|2:-2",4,TRUE,0,2,2,"off_axis",2.53224755112299,2.82842712474619,3.5,4,2,1.9128990204492,2,4,2,21,4,FALSE,21,2097152,4,16,25,25,0.833333333333333,3,0.5,0.166666666666667,1.06897047752888,8.33333333333333,4,10,2.13794095505776,7,4,10,3.03045763365663,8.33333333333333,4,10,2.13794095505776,0.166666666666667,1.9128990204492,2.82842712474619,0.699855014798309
347,"-1:-2|1:-2|2:-2|2:-1",4,TRUE,0,1,3,"off_axis",2.38415776431139,2.82842712474619,3.25,4,2,1.91869125971184,3,8,1,25,0,TRUE,25,33554432,0,1,25,25,0.833333333333333,2,0.666666666666667,0.166666666666667,0.688332449299089,8.33333333333333,6,10,1.37666489859818,8,8,8,0,8.33333333333333,6,10,1.37666489859818,0,1.91869125971184,2.82842712474619,0.595001260414515
348,"-1:-2|1:-2|1:-1|2:-2",4,TRUE,0,2,2,"off_axis",2.17869416052972,2.82842712474619,3,4,2,1.83650581819917,2,8,1,21,4,FALSE,21,2097152,4,16,25,25,0.833333333333333,2,0.666666666666667,0.166666666666667,0.688332449299089,8.33333333333333,6,10,1.37666489859818,8,8,8,0,8.33333333333333,6,10,1.37666489859818,0,1.83650581819917,2.82842712474619,0.602998415071235
349,"-1:-2|0:-1|1:-2|2:-2",4,TRUE,1,1,2,"mixed",2.07514076993644,2.82842712474619,2.75,4,2,1.83650581819917,1,8,1,25,0,TRUE,25,33554432,0,1,25,25,0.833333333333333,2,0.75,0.0833333333333333,0.553694392684741,8.33333333333333,6,10,1.10738878536948,8,8,8,0,8.33333333333333,6,10,1.10738878536948,0,1.83650581819917,2.82842712474619,0.602998415071235
350,"-1:-2|-1:-1|1:-2|2:-2",4,TRUE,0,2,2,"off_axis",2.17869416052972,2.82842712474619,3,4,2,1.91869125971184,2,8,1,25,0,TRUE,25,33554432,0,1,25,25,0.833333333333333,2,0.75,0.0833333333333333,0.553694392684741,8.33333333333333,6,10,1.10738878536948,8,8,8,0,8.33333333333333,6,10,1.10738878536948,0,1.91869125971184,2.82842712474619,0.595001260414515
351,"-2:-1|-1:-2|1:-2|2:-2",4,TRUE,0,1,3,"off_axis",2.38415776431139,2.82842712474619,3.25,4,2,1.96011261594915,2,8,1,21,4,FALSE,21,2097152,4,16,25,25,0.833333333333333,2,0.666666666666667,0.166666666666667,0.688332449299089,8.33333333333333,6,10,1.37666489859818,9,8,10,1.01015254455221,8.33333333333333,6,10,1.37666489859818,0,1.96011261594915,2.82842712474619,0.535369584489657
352,"-1:-2|1:-2|2:-2|2:0",4,TRUE,1,1,2,"mixed",2.32514076993644,2.82842712474619,3,4,2,2.13650581819918,4,8,1,21,4,FALSE,21,2097152,4,16,25,25,0.833333333333333,3,0.5,0.25,0.98766077251289,8.33333333333333,4,10,1.97532154502578,9,8,10,1.01015254455221,8.33333333333333,4,10,1.97532154502578,0.0833333333333333,2.13650581819918,2.82842712474619,0.511362981323306
353,"-1:-2|1:-2|1:0|2:-2",4,TRUE,1,1,2,"mixed",2.07514076993644,2.82842712474619,2.75,4,2,2.03650581819918,3,8,1,25,0,TRUE,25,33554432,0,1,25,25,0.833333333333333,2,0.583333333333333,0.25,0.800640769025436,8.33333333333333,6,10,1.60128153805087,8,6,10,2.02030508910442,8.33333333333333,6,10,1.60128153805087,0,2.03650581819918,2.82842712474619,0.625960641681523
354,"-1:-2|-1:0|1:-2|2:-2",4,TRUE,1,1,2,"mixed",2.07514076993644,2.82842712474619,2.75,4,2,2.09574173292382,3,8,1,25,0,TRUE,25,33554432,0,1,25,25,0.833333333333333,2,0.583333333333333,0.25,0.800640769025436,8.33333333333333,6,10,1.60128153805087,8,6,10,2.02030508910442,8.33333333333333,6,10,1.60128153805087,0,2.09574173292382,2.82842712474619,0.673190239647906
355,"-2:-1|-2:1|-2:2|0:-2",4,TRUE,1,1,2,"mixed",2.32514076993644,2.82842712474619,3,4,2,2.16011261594915,4,8,1,21,4,FALSE,21,2097152,4,16,25,25,0.833333333333333,3,0.5,0.25,0.98766077251289,8.33333333333333,4,10,1.97532154502578,9,8,10,1.01015254455221,8.33333333333333,4,10,1.97532154502578,0.0833333333333333,2.16011261594915,2.82842712474619,0.509807683148267
356,"-1:-2|1:-2|2:-2|2:1",4,TRUE,0,1,3,"off_axis",2.38415776431139,2.82842712474619,3.25,4,2,2.16011261594915,4,8,1,25,0,TRUE,25,33554432,0,1,25,25,0.833333333333333,2,0.666666666666667,0.166666666666667,0.688332449299089,8.33333333333333,6,10,1.37666489859818,9,8,10,1.01015254455221,8.33333333333333,6,10,1.37666489859818,0,2.16011261594915,2.82842712474619,0.509807683148267
357,"-1:-1|2:-2|2:-1|2:1",4,TRUE,0,2,2,"off_axis",2.17869416052972,2.82842712474619,3,4,2,2.07792717443648,3,8,1,25,0,TRUE,25,33554432,0,1,25,25,0.833333333333333,2,0.583333333333333,0.25,0.800640769025436,8.33333333333333,6,10,1.60128153805087,9,8,10,1.01015254455221,8.33333333333333,6,10,1.60128153805087,0,2.07792717443648,2.82842712474619,0.559978826721162
358,"-1:-2|0:1|1:-2|2:-2",4,TRUE,1,1,2,"mixed",2.07514076993644,2.82842712474619,2.75,4,2,2.06011261594915,3,8,1,25,0,TRUE,25,33554432,0,1,25,25,0.833333333333333,2,0.583333333333333,0.25,0.800640769025436,8.33333333333333,6,10,1.60128153805087,8,8,8,0,8.33333333333333,6,10,1.60128153805087,0,2.06011261594915,2.82842712474619,0.628875548196174
359,"-1:-1|-1:2|1:2|2:2",4,TRUE,0,2,2,"off_axis",2.17869416052972,2.82842712474619,3,4,2,2.13716308916112,3,8,1,25,0,TRUE,25,33554432,0,1,25,25,0.833333333333333,2,0.666666666666667,0.166666666666667,0.688332449299089,8.33333333333333,6,10,1.37666489859818,9,8,10,1.01015254455221,8.33333333333333,6,10,1.37666489859818,0,2.13716308916112,2.82842712474619,0.607850429635522
360,"-1:-2|2:-1|2:1|2:2",4,TRUE,0,1,3,"off_axis",2.38415776431139,2.82842712474619,3.25,4,2,2.18371941369913,4,8,1,17,8,FALSE,17,131072,8,256,25,25,0.833333333333333,2,0.5,0.333333333333333,0.899027097085065,8.33333333333333,6,10,1.79805419417013,9,8,10,1.01015254455221,8.33333333333333,6,10,1.79805419417013,0,2.18371941369913,2.82842712474619,0.507027856163868
361,"-1:-2|1:-2|2:-2|2:2",4,TRUE,0,2,2,"off_axis",2.53224755112299,2.82842712474619,3.5,4,2,1.97792717443648,3,8,1,25,0,TRUE,25,33554432,0,1,25,25,0.833333333333333,2,0.75,0.0833333333333333,0.553694392684741,8.33333333333333,6,10,1.10738878536948,8,8,8,0,8.33333333333333,6,10,1.10738878536948,0,1.97792717443648,2.82842712474619,0.656424737689541
362,"-1:-2|1:-2|1:2|2:-2",4,TRUE,0,1,3,"off_axis",2.38415776431139,2.82842712474619,3.25,4,2,1.91869125971184,3,8,1,25,0,TRUE,25,33554432,0,1,25,25,0.833333333333333,2,0.666666666666667,0.166666666666667,0.688332449299089,8.33333333333333,6,10,1.37666489859818,8,8,8,0,8.33333333333333,6,10,1.37666489859818,0,1.91869125971184,2.82842712474619,0.595001260414515
363,"-1:-2|0:2|1:-2|2:-2",4,TRUE,1,1,2,"mixed",2.32514076993644,2.82842712474619,3,4,2,1.93650581819917,2,8,1,25,0,TRUE,25,33554432,0,1,25,25,0.833333333333333,2,0.75,0.0833333333333333,0.553694392684741,8.33333333333333,6,10,1.10738878536948,9,8,10,1.01015254455221,8.33333333333333,6,10,1.10738878536948,0,1.93650581819917,2.82842712474619,0.526988526209425
364,"-1:-2|-1:2|1:-2|2:-2",4,TRUE,0,1,3,"off_axis",2.38415776431139,2.82842712474619,3.25,4,2,2.00087670122451,3,8,1,21,4,FALSE,21,2097152,4,16,25,25,0.833333333333333,2,0.666666666666667,0.166666666666667,0.688332449299089,8.33333333333333,6,10,1.37666489859818,8,8,8,0,8.33333333333333,6,10,1.37666489859818,0,2.00087670122451,2.82842712474619,0.573965181383861
365,"-2:-1|-2:1|-2:2|2:-2",4,TRUE,0,2,2,"off_axis",2.53224755112299,2.82842712474619,3.5,4,2,2.01934853067379,2,8,1,21,4,FALSE,21,2097152,4,16,25,25,0.833333333333333,2,0.666666666666667,0.166666666666667,0.688332449299089,8.33333333333333,6,10,1.37666489859818,9,8,10,1.01015254455221,8.33333333333333,6,10,1.37666489859818,0,2.01934853067379,2.82842712474619,0.598360270206642
366,"-2:-2|-2:-1|-1:-2|2:-2",4,TRUE,0,2,2,"off_axis",2.53224755112299,2.82842712474619,3.5,4,2,1.79574173292382,2,8,1,25,0,TRUE,25,33554432,0,1,25,25,0.833333333333333,2,0.75,0.0833333333333333,0.553694392684741,8.33333333333333,6,10,1.10738878536948,7,6,8,1.01015254455221,8.33333333333333,6,10,1.10738878536948,0,1.79574173292382,2.82842712474619,0.726721426557334
367,"-2:-2|-1:-2|-1:-1|2:-2",4,TRUE,0,3,1,"off_axis",2.32678394734132,2.82842712474619,3.25,4,2,1.79574173292382,1,8,1,25,0,TRUE,25,33554432,0,1,25,25,0.833333333333333,2,0.666666666666667,0.166666666666667,0.688332449299089,8.33333333333333,6,10,1.37666489859818,7,6,8,1.01015254455221,8.33333333333333,6,10,1.37666489859818,0,1.79574173292382,2.82842712474619,0.726721426557334
368,"-2:-2|-1:-2|0:-1|2:-2",4,TRUE,1,2,1,"mixed",2.22323055674804,2.82842712474619,3,4,2,1.87792717443648,1,8,1,25,0,TRUE,25,33554432,0,1,25,25,0.833333333333333,2,0.75,0.0833333333333333,0.553694392684741,8.33333333333333,6,10,1.10738878536948,7,6,8,1.01015254455221,8.33333333333333,6,10,1.10738878536948,0,1.87792717443648,2.82842712474619,0.725250552501227
369,"-2:-2|-1:-1|1:-2|2:-2",4,TRUE,0,3,1,"off_axis",2.32678394734132,2.82842712474619,3.25,4,2,1.91934853067379,1,8,1,21,4,FALSE,21,2097152,4,16,25,25,0.833333333333333,2,0.666666666666667,0.166666666666667,0.688332449299089,8.33333333333333,6,10,1.37666489859818,8,6,10,2.02030508910442,8.33333333333333,6,10,1.37666489859818,0,1.91934853067379,2.82842712474619,0.679951973631102
370,"-2:-2|-1:-2|2:-2|2:-1",4,TRUE,0,2,2,"off_axis",2.53224755112299,2.82842712474619,3.5,4,2,1.87792717443648,2,8,1,21,4,FALSE,21,2097152,4,16,25,25,0.833333333333333,2,0.666666666666667,0.166666666666667,0.688332449299089,8.33333333333333,6,10,1.37666489859818,7,6,8,1.01015254455221,8.33333333333333,6,10,1.37666489859818,0,1.87792717443648,2.82842712474619,0.725250552501227
371,"-2:-2|-2:-1|-2:2|0:-2",4,TRUE,1,2,1,"mixed",2.47323055674804,2.82842712474619,3.25,4,2,2.03650581819918,3,8,1,25,0,TRUE,25,33554432,0,1,25,25,0.833333333333333,2,0.583333333333333,0.25,0.800640769025436,8.33333333333333,6,10,1.60128153805087,8,6,10,2.02030508910442,8.33333333333333,6,10,1.60128153805087,0,2.03650581819918,2.82842712474619,0.625960641681523
372,"-2:-2|-1:-2|-1:0|2:-2",4,TRUE,1,2,1,"mixed",2.22323055674804,2.82842712474619,3,4,2,1.99574173292381,2,8,1,21,4,FALSE,21,2097152,4,16,25,25,0.833333333333333,3,0.5,0.25,0.98766077251289,8.33333333333333,4,10,1.97532154502578,7,4,10,3.03045763365663,8.33333333333333,4,10,1.97532154502578,0.0833333333333333,1.99574173292381,2.82842712474619,0.757932080998649
373,"-2:-2|-1:-2|1:0|2:-2",4,TRUE,1,2,1,"mixed",2.22323055674804,2.82842712474619,3,4,2,2.07858444539843,2,8,1,21,4,FALSE,21,2097152,4,16,25,25,0.833333333333333,3,0.5,0.25,0.98766077251289,8.33333333333333,4,10,1.97532154502578,7,4,10,3.03045763365663,8.33333333333333,4,10,1.97532154502578,0.0833333333333333,2.07858444539843,2.82842712474619,0.802417668568409
374,"-2:-2|-1:-2|2:-2|2:0",4,TRUE,1,2,1,"mixed",2.47323055674804,2.82842712474619,3.25,4,2,2.09574173292382,3,8,1,25,0,TRUE,25,33554432,0,1,25,25,0.833333333333333,2,0.583333333333333,0.25,0.800640769025436,8.33333333333333,6,10,1.60128153805087,8,6,10,2.02030508910442,8.33333333333333,6,10,1.60128153805087,0,2.09574173292382,2.82842712474619,0.673190239647906
375,"-1:-2|2:-2|2:-1|2:2",4,TRUE,0,2,2,"off_axis",2.53224755112299,2.82842712474619,3.5,4,2,2.06011261594915,3,8,1,25,0,TRUE,25,33554432,0,1,25,25,0.833333333333333,2,0.666666666666667,0.166666666666667,0.688332449299089,8.33333333333333,6,10,1.37666489859818,8,6,10,2.02030508910442,8.33333333333333,6,10,1.37666489859818,0,2.06011261594915,2.82842712474619,0.628875548196174
376,"-1:-1|2:-2|2:-1|2:2",4,TRUE,0,3,1,"off_axis",2.32678394734132,2.82842712474619,3.25,4,2,2.03716308916112,2,8,1,25,0,TRUE,25,33554432,0,1,25,25,0.833333333333333,2,0.666666666666667,0.166666666666667,0.688332449299089,8.33333333333333,6,10,1.37666489859818,8,6,10,2.02030508910442,8.33333333333333,6,10,1.37666489859818,0,2.03716308916112,2.82842712474619,0.707080498450027
377,"-1:0|2:-2|2:-1|2:2",4,TRUE,1,2,1,"mixed",2.22323055674804,2.82842712474619,3,4,2,2.07858444539843,2,8,1,25,0,TRUE,25,33554432,0,1,25,25,0.833333333333333,2,0.583333333333333,0.25,0.800640769025436,8.33333333333333,6,10,1.60128153805087,7,6,8,1.01015254455221,8.33333333333333,6,10,1.60128153805087,0,2.07858444539843,2.82842712474619,0.802417668568409
378,"-1:-1|2:-2|2:1|2:2",4,TRUE,0,3,1,"off_axis",2.32678394734132,2.82842712474619,3.25,4,2,2.12000580163574,2,8,1,17,8,FALSE,17,131072,8,256,25,25,0.833333333333333,2,0.5,0.333333333333333,0.899027097085065,8.33333333333333,6,10,1.79805419417013,8,6,10,2.02030508910442,8.33333333333333,6,10,1.79805419417013,0,2.12000580163574,2.82842712474619,0.749500130480152
379,"-1:-2|2:-2|2:1|2:2",4,TRUE,0,2,2,"off_axis",2.53224755112299,2.82842712474619,3.5,4,2,2.11934853067379,3,8,1,25,0,TRUE,25,33554432,0,1,25,25,0.833333333333333,2,0.583333333333333,0.25,0.800640769025436,8.33333333333333,6,10,1.60128153805087,8,6,10,2.02030508910442,8.33333333333333,6,10,1.60128153805087,0,2.11934853067379,2.82842712474619,0.673598797117914
380,"-2:-2|-2:-1|-2:2|2:-2",4,TRUE,0,3,1,"off_axis",2.68033733793459,2.82842712474619,3.75,4,2,1.85497764764846,2,8,1,21,4,FALSE,21,2097152,4,16,25,25,0.833333333333333,2,0.666666666666667,0.166666666666667,0.688332449299089,8.33333333333333,6,10,1.37666489859818,7,6,8,1.01015254455221,8.33333333333333,6,10,1.37666489859818,0,1.85497764764846,2.82842712474619,0.788146860767998
381,"-2:-1|2:-2|2:-1|2:2",4,TRUE,0,2,2,"off_axis",2.53224755112299,2.82842712474619,3.5,4,2,1.87792717443648,2,8,1,25,0,TRUE,25,33554432,0,1,25,25,0.833333333333333,2,0.75,0.0833333333333333,0.553694392684741,8.33333333333333,6,10,1.10738878536948,7,6,8,1.01015254455221,8.33333333333333,6,10,1.10738878536948,0,1.87792717443648,2.82842712474619,0.725250552501227
382,"-2:-2|-1:-2|0:2|2:-2",4,TRUE,1,2,1,"mixed",2.47323055674804,2.82842712474619,3.25,4,2,1.97792717443648,2,8,1,25,0,TRUE,25,33554432,0,1,25,25,0.833333333333333,2,0.75,0.0833333333333333,0.553694392684741,8.33333333333333,6,10,1.10738878536948,8,6,10,2.02030508910442,8.33333333333333,6,10,1.10738878536948,0,1.97792717443648,2.82842712474619,0.656424737689541
383,"-2:-1|2:-2|2:1|2:2",4,TRUE,0,2,2,"off_axis",2.53224755112299,2.82842712474619,3.5,4,2,2.00153397218646,2,8,1,21,4,FALSE,21,2097152,4,16,25,25,0.833333333333333,2,0.666666666666667,0.166666666666667,0.688332449299089,8.33333333333333,6,10,1.37666489859818,8,6,10,2.02030508910442,8.33333333333333,6,10,1.37666489859818,0,2.00153397218646,2.82842712474619,0.661531689157382
384,"-2:-2|-1:-2|2:-2|2:2",4,TRUE,0,3,1,"off_axis",2.68033733793459,2.82842712474619,3.75,4,2,1.93716308916112,2,8,1,25,0,TRUE,25,33554432,0,1,25,25,0.833333333333333,2,0.666666666666667,0.166666666666667,0.688332449299089,8.33333333333333,6,10,1.37666489859818,7,6,8,1.01015254455221,8.33333333333333,6,10,1.37666489859818,0,1.93716308916112,2.82842712474619,0.779885437449864
385,"-2:-2|-2:-1|-1:-2|-1:-1",4,TRUE,0,2,2,"off_axis",2.17869416052972,2.82842712474619,3,4,2,1.55432037668651,1,4,2,25,0,TRUE,25,33554432,0,1,25,25,0.833333333333333,2,0.583333333333333,0.25,0.800640769025436,8.33333333333333,6,10,1.60128153805087,6,6,6,0,8.33333333333333,6,10,1.60128153805087,0,1.55432037668651,2.82842712474619,0.653272247669054
386,"-2:-2|-2:-1|-1:-2|-1:0",4,TRUE,1,1,2,"mixed",2.07514076993644,2.82842712474619,2.75,4,2,1.73650581819918,1,8,1,25,0,TRUE,25,33554432,0,1,25,25,0.833333333333333,2,0.666666666666667,0.166666666666667,0.688332449299089,8.33333333333333,6,10,1.37666489859818,7,6,8,1.01015254455221,8.33333333333333,6,10,1.37666489859818,0,1.73650581819918,2.82842712474619,0.653662793937545
387,"-1:-1|1:-2|2:-2|2:-1",4,TRUE,0,2,2,"off_axis",2.17869416052972,2.82842712474619,3,4,2,1.86011261594915,2,8,1,25,0,TRUE,25,33554432,0,1,25,25,0.833333333333333,2,0.666666666666667,0.166666666666667,0.688332449299089,8.33333333333333,6,10,1.37666489859818,8,8,8,0,8.33333333333333,6,10,1.37666489859818,0,1.86011261594915,2.82842712474619,0.614619173858266
388,"-2:-1|1:-2|2:-2|2:-1",4,TRUE,0,1,3,"off_axis",2.38415776431139,2.82842712474619,3.25,4,2,1.76011261594915,2,8,1,25,0,TRUE,25,33554432,0,1,25,25,0.833333333333333,2,0.583333333333333,0.25,0.800640769025436,8.33333333333333,6,10,1.60128153805087,7,6,8,1.01015254455221,8.33333333333333,6,10,1.60128153805087,0,1.76011261594915,2.82842712474619,0.668334230403909
389,"-1:0|1:-2|2:-2|2:-1",4,TRUE,1,1,2,"mixed",2.07514076993644,2.82842712474619,2.75,4,2,1.9607698869111,2,8,1,25,0,TRUE,25,33554432,0,1,25,25,0.833333333333333,2,0.666666666666667,0.166666666666667,0.688332449299089,8.33333333333333,6,10,1.37666489859818,7,6,8,1.01015254455221,8.33333333333333,6,10,1.37666489859818,0,1.9607698869111,2.82842712474619,0.785551080864481
390,"-2:-2|-2:-1|-1:-2|0:2",4,TRUE,1,1,2,"mixed",2.32514076993644,2.82842712474619,3,4,2,1.91934853067379,2,8,1,25,0,TRUE,25,33554432,0,1,25,25,0.833333333333333,2,0.75,0.0833333333333333,0.553694392684741,8.33333333333333,6,10,1.10738878536948,8,8,8,0,8.33333333333333,6,10,1.10738878536948,0,1.91934853067379,2.82842712474619,0.679951973631102
391,"-1:-1|1:2|2:1|2:2",4,TRUE,0,2,2,"off_axis",2.17869416052972,2.82842712474619,3,4,2,2.06142715787305,2,4,2,25,0,TRUE,25,33554432,0,1,25,25,0.833333333333333,2,0.666666666666667,0.166666666666667,0.688332449299089,8.33333333333333,6,10,1.37666489859818,8,8,8,0,8.33333333333333,6,10,1.37666489859818,0,2.06142715787305,2.82842712474619,0.782104051605118
392,"-1:-2|1:2|2:1|2:2",4,TRUE,0,1,3,"off_axis",2.38415776431139,2.82842712474619,3.25,4,2,2.02514076993644,3,8,1,25,0,TRUE,25,33554432,0,1,25,25,0.833333333333333,2,0.583333333333333,0.25,0.800640769025436,8.33333333333333,6,10,1.60128153805087,8,8,8,0,8.33333333333333,6,10,1.60128153805087,0,2.02514076993644,2.82842712474619,0.665669973236015
393,"-2:-2|-2:-1|-1:-2|2:2",4,TRUE,0,2,2,"off_axis",2.53224755112299,2.82842712474619,3.5,4,2,1.94295532842377,2,4,2,25,0,TRUE,25,33554432,0,1,25,25,0.833333333333333,2,0.583333333333333,0.25,0.800640769025436,8.33333333333333,6,10,1.60128153805087,8,8,8,0,8.33333333333333,6,10,1.60128153805087,0,1.94295532842377,2.82842712474619,0.68712330427472
394,"-2:-2|-1:-2|-1:-1|0:-1",4,TRUE,1,2,1,"mixed",1.86967716615477,2.82842712474619,2.5,4,2,1.55432037668651,1,8,1,21,4,FALSE,21,2097152,4,16,25,25,0.833333333333333,3,0.5,0.25,0.98766077251289,8.33333333333333,4,10,1.97532154502578,6,6,6,0,8.33333333333333,4,10,1.97532154502578,0.0833333333333333,1.55432037668651,2.82842712474619,0.653272247669054
395,"-1:-1|1:-2|1:-1|2:-2",4,TRUE,0,3,1,"off_axis",1.97323055674804,2.82842712474619,2.75,4,2,1.77792717443648,1,8,1,25,0,TRUE,25,33554432,0,1,25,25,0.833333333333333,2,0.75,0.0833333333333333,0.553694392684741,8.33333333333333,6,10,1.10738878536948,8,8,8,0,8.33333333333333,6,10,1.10738878536948,0,1.77792717443648,2.82842712474619,0.613709089969705
396,"-2:-1|1:-2|1:-1|2:-2",4,TRUE,0,2,2,"off_axis",2.17869416052972,2.82842712474619,3,4,2,1.77792717443648,1,8,1,21,4,FALSE,21,2097152,4,16,25,25,0.833333333333333,2,0.666666666666667,0.166666666666667,0.688332449299089,8.33333333333333,6,10,1.37666489859818,8,8,8,0,8.33333333333333,6,10,1.37666489859818,0,1.77792717443648,2.82842712474619,0.613709089969705
397,"-2:-2|-2:-1|-1:-1|0:-2",4,TRUE,1,2,1,"mixed",2.11967716615477,2.82842712474619,2.75,4,2,1.75432037668651,1,8,1,25,0,TRUE,25,33554432,0,1,25,25,0.833333333333333,2,0.75,0.0833333333333333,0.553694392684741,8.33333333333333,6,10,1.10738878536948,8,8,8,0,8.33333333333333,6,10,1.10738878536948,0,1.75432037668651,2.82842712474619,0.598479569819794
398,"-2:-2|-1:-2|-1:-1|-1:0",4,TRUE,1,2,1,"mixed",1.86967716615477,2.82842712474619,2.5,4,2,1.6128990204492,1,8,1,17,8,FALSE,17,131072,8,256,25,25,0.833333333333333,2,0.5,0.333333333333333,0.899027097085065,8.33333333333333,6,10,1.79805419417013,6,6,6,0,8.33333333333333,6,10,1.79805419417013,0,1.6128990204492,2.82842712474619,0.665462871352652
399,"-1:0|1:-2|1:-1|2:-2",4,TRUE,1,2,1,"mixed",1.86967716615477,2.82842712474619,2.5,4,2,1.87858444539843,1,8,1,25,0,TRUE,25,33554432,0,1,25,25,0.833333333333333,2,0.583333333333333,0.25,0.800640769025436,8.33333333333333,6,10,1.60128153805087,7,6,8,1.01015254455221,8.33333333333333,6,10,1.60128153805087,0,1.87858444539843,2.82842712474619,0.796464745336163
400,"-2:-2|-1:-2|-1:-1|2:0",4,TRUE,1,2,1,"mixed",2.11967716615477,2.82842712474619,2.75,4,2,1.91934853067379,2,8,1,25,0,TRUE,25,33554432,0,1,25,25,0.833333333333333,2,0.75,0.0833333333333333,0.553694392684741,8.33333333333333,6,10,1.10738878536948,8,8,8,0,8.33333333333333,6,10,1.10738878536948,0,1.91934853067379,2.82842712474619,0.679951973631102
401,"-1:-2|1:-1|2:-2|2:-1",4,TRUE,0,2,2,"off_axis",2.17869416052972,2.82842712474619,3,4,2,1.86011261594915,2,8,1,21,4,FALSE,21,2097152,4,16,25,25,0.833333333333333,2,0.666666666666667,0.166666666666667,0.688332449299089,8.33333333333333,6,10,1.37666489859818,8,8,8,0,8.33333333333333,6,10,1.37666489859818,0,1.86011261594915,2.82842712474619,0.614619173858266
402,"-1:-1|1:-1|2:-2|2:-1",4,TRUE,0,3,1,"off_axis",1.97323055674804,2.82842712474619,2.75,4,2,1.75432037668651,1,8,1,25,0,TRUE,25,33554432,0,1,25,25,0.833333333333333,2,0.666666666666667,0.166666666666667,0.688332449299089,8.33333333333333,6,10,1.37666489859818,8,8,8,0,8.33333333333333,6,10,1.37666489859818,0,1.75432037668651,2.82842712474619,0.598479569819794
403,"-1:0|1:-1|2:-2|2:-1",4,TRUE,1,2,1,"mixed",1.86967716615477,2.82842712474619,2.5,4,2,1.81934853067379,1,8,1,25,0,TRUE,25,33554432,0,1,25,25,0.833333333333333,2,0.583333333333333,0.25,0.800640769025436,8.33333333333333,6,10,1.60128153805087,7,6,8,1.01015254455221,8.33333333333333,6,10,1.60128153805087,0,1.81934853067379,2.82842712474619,0.737842895002503
404,"-1:-1|1:1|1:2|2:2",4,TRUE,0,3,1,"off_axis",1.97323055674804,2.82842712474619,2.75,4,2,1.97924171636038,1,8,1,21,4,FALSE,21,2097152,4,16,25,25,0.833333333333333,3,0.5,0.166666666666667,1.06897047752888,8.33333333333333,4,10,2.13794095505776,8,8,8,0,8.33333333333333,4,10,2.13794095505776,0.166666666666667,1.97924171636038,2.82842712474619,0.80457181726183
405,"-1:-2|1:1|2:1|2:2",4,TRUE,0,2,2,"off_axis",2.17869416052972,2.82842712474619,3,4,2,2.00219124314841,2,8,1,25,0,TRUE,25,33554432,0,1,25,25,0.833333333333333,2,0.583333333333333,0.25,0.800640769025436,8.33333333333333,6,10,1.60128153805087,8,8,8,0,8.33333333333333,6,10,1.60128153805087,0,2.00219124314841,2.82842712474619,0.738790472371199
406,"-2:-2|-2:-1|-1:-1|2:-2",4,TRUE,0,3,1,"off_axis",2.32678394734132,2.82842712474619,3.25,4,2,1.73716308916112,1,8,1,21,4,FALSE,21,2097152,4,16,25,25,0.833333333333333,3,0.5,0.25,0.98766077251289,8.33333333333333,4,10,1.97532154502578,7,6,8,1.01015254455221,8.33333333333333,4,10,1.97532154502578,0.0833333333333333,1.73716308916112,2.82842712474619,0.732017305241845
407,"-2:-1|1:-1|2:-2|2:-1",4,TRUE,0,2,2,"off_axis",2.17869416052972,2.82842712474619,3,4,2,1.65432037668651,1,8,1,25,0,TRUE,25,33554432,0,1,25,25,0.833333333333333,2,0.666666666666667,0.166666666666667,0.688332449299089,8.33333333333333,6,10,1.37666489859818,7,6,8,1.01015254455221,8.33333333333333,6,10,1.37666489859818,0,1.65432037668651,2.82842712474619,0.63528129489561
408,"-2:-2|-1:-2|-1:-1|0:2",4,TRUE,1,2,1,"mixed",2.11967716615477,2.82842712474619,2.75,4,2,1.77792717443648,1,8,1,25,0,TRUE,25,33554432,0,1,25,25,0.833333333333333,2,0.75,0.0833333333333333,0.553694392684741,8.33333333333333,6,10,1.10738878536948,8,8,8,0,8.33333333333333,6,10,1.10738878536948,0,1.77792717443648,2.82842712474619,0.613709089969705
409,"-1:-2|1:1|1:2|2:2",4,TRUE,0,2,2,"off_axis",2.17869416052972,2.82842712474619,3,4,2,1.94295532842377,2,8,1,25,0,TRUE,25,33554432,0,1,25,25,0.833333333333333,2,0.666666666666667,0.166666666666667,0.688332449299089,8.33333333333333,6,10,1.37666489859818,8,8,8,0,8.33333333333333,6,10,1.37666489859818,0,1.94295532842377,2.82842712474619,0.68712330427472
410,"-2:-2|-1:-2|-1:-1|2:2",4,TRUE,0,3,1,"off_axis",2.32678394734132,2.82842712474619,3.25,4,2,1.92000580163574,1,8,1,21,4,FALSE,21,2097152,4,16,25,25,0.833333333333333,3,0.5,0.166666666666667,1.06897047752888,8.33333333333333,4,10,2.13794095505776,8,8,8,0,8.33333333333333,4,10,2.13794095505776,0.166666666666667,1.92000580163574,2.82842712474619,0.755408441165062
411,"-1:-1|0:-1|1:-2|2:-2",4,TRUE,1,2,1,"mixed",1.86967716615477,2.82842712474619,2.5,4,2,1.76011261594915,1,8,1,25,0,TRUE,25,33554432,0,1,25,25,0.833333333333333,2,0.666666666666667,0.166666666666667,0.688332449299089,8.33333333333333,6,10,1.37666489859818,7,6,8,1.01015254455221,8.33333333333333,6,10,1.37666489859818,0,1.76011261594915,2.82842712474619,0.668334230403909
412,"-2:-1|0:-1|1:-2|2:-2",4,TRUE,1,1,2,"mixed",2.07514076993644,2.82842712474619,2.75,4,2,1.86011261594915,1,8,1,25,0,TRUE,25,33554432,0,1,25,25,0.833333333333333,2,0.75,0.0833333333333333,0.553694392684741,8.33333333333333,6,10,1.10738878536948,8,8,8,0,8.33333333333333,6,10,1.10738878536948,0,1.86011261594915,2.82842712474619,0.614619173858266
413,"-2:-2|-2:-1|-1:0|0:-2",4,TRUE,2,1,1,"mixed",2.01612377556149,2.82842712474619,2.5,4,2,1.91869125971184,2,8,1,21,4,FALSE,21,2097152,4,16,25,25,0.833333333333333,1,0.833333333333333,0,0.373300683394721,8.33333333333333,8,10,0.746601366789441,8,8,8,0,8.33333333333333,8,10,0.746601366789441,0,1.91869125971184,2.82842712474619,0.595001260414515
414,"-2:-2|-1:-2|-1:0|0:-1",4,TRUE,2,1,1,"mixed",1.76612377556149,2.82842712474619,2.25,4,2,1.73650581819918,1,8,1,25,0,TRUE,25,33554432,0,1,25,25,0.833333333333333,2,0.666666666666667,0.166666666666667,0.688332449299089,8.33333333333333,6,10,1.37666489859818,7,6,8,1.01015254455221,8.33333333333333,6,10,1.37666489859818,0,1.73650581819918,2.82842712474619,0.653662793937545
415,"-1:0|0:-1|1:-2|2:-2",4,TRUE,2,1,1,"mixed",1.76612377556149,2.82842712474619,2.25,4,2,1.87858444539843,1,8,1,25,0,TRUE,25,33554432,0,1,25,25,0.833333333333333,2,0.583333333333333,0.25,0.800640769025436,8.33333333333333,6,10,1.60128153805087,7,6,8,1.01015254455221,8.33333333333333,6,10,1.60128153805087,0,1.87858444539843,2.82842712474619,0.796464745336163
416,"-2:-2|-1:-2|0:-1|2:0",4,TRUE,2,1,1,"mixed",2.01612377556149,2.82842712474619,2.5,4,2,2.00153397218646,2,8,1,25,0,TRUE,25,33554432,0,1,25,25,0.833333333333333,2,0.75,0.0833333333333333,0.553694392684741,8.33333333333333,6,10,1.10738878536948,8,8,8,0,8.33333333333333,6,10,1.10738878536948,0,2.00153397218646,2.82842712474619,0.661531689157382
417,"-1:-2|1:0|2:-2|2:-1",4,TRUE,1,1,2,"mixed",2.07514076993644,2.82842712474619,2.75,4,2,2.00153397218646,2,8,1,25,0,TRUE,25,33554432,0,1,25,25,0.833333333333333,2,0.75,0.0833333333333333,0.553694392684741,8.33333333333333,6,10,1.10738878536948,8,8,8,0,8.33333333333333,6,10,1.10738878536948,0,2.00153397218646,2.82842712474619,0.661531689157382
418,"-1:-1|1:0|2:-2|2:-1",4,TRUE,1,2,1,"mixed",1.86967716615477,2.82842712474619,2.5,4,2,1.86011261594915,1,8,1,25,0,TRUE,25,33554432,0,1,25,25,0.833333333333333,2,0.75,0.0833333333333333,0.553694392684741,8.33333333333333,6,10,1.10738878536948,8,8,8,0,8.33333333333333,6,10,1.10738878536948,0,1.86011261594915,2.82842712474619,0.614619173858266
419,"-1:0|1:0|2:-2|2:-1",4,TRUE,2,1,1,"mixed",1.76612377556149,2.82842712474619,2.25,4,2,1.87792717443648,1,8,1,25,0,TRUE,25,33554432,0,1,25,25,0.833333333333333,2,0.75,0.0833333333333333,0.553694392684741,8.33333333333333,6,10,1.10738878536948,7,6,8,1.01015254455221,8.33333333333333,6,10,1.10738878536948,0,1.87792717443648,2.82842712474619,0.725250552501227
420,"-1:-1|0:1|1:2|2:2",4,TRUE,1,2,1,"mixed",1.86967716615477,2.82842712474619,2.5,4,2,2.00219124314841,1,8,1,25,0,TRUE,25,33554432,0,1,25,25,0.833333333333333,2,0.583333333333333,0.25,0.800640769025436,8.33333333333333,6,10,1.60128153805087,8,8,8,0,8.33333333333333,6,10,1.60128153805087,0,2.00219124314841,2.82842712474619,0.738790472371199
421,"-1:-2|1:0|2:1|2:2",4,TRUE,1,1,2,"mixed",2.07514076993644,2.82842712474619,2.75,4,2,2.08437668466108,2,8,1,21,4,FALSE,21,2097152,4,16,25,25,0.833333333333333,3,0.5,0.25,0.98766077251289,8.33333333333333,4,10,1.97532154502578,8,8,8,0,8.33333333333333,4,10,1.97532154502578,0.0833333333333333,2.08437668466108,2.82842712474619,0.711316335661704
422,"-2:-2|-2:-1|-1:0|2:-2",4,TRUE,1,2,1,"mixed",2.22323055674804,2.82842712474619,3,4,2,1.87858444539843,1,8,1,25,0,TRUE,25,33554432,0,1,25,25,0.833333333333333,2,0.583333333333333,0.25,0.800640769025436,8.33333333333333,6,10,1.60128153805087,7,6,8,1.01015254455221,8.33333333333333,6,10,1.60128153805087,0,1.87858444539843,2.82842712474619,0.796464745336163
423,"-2:-1|1:0|2:-2|2:-1",4,TRUE,1,1,2,"mixed",2.07514076993644,2.82842712474619,2.75,4,2,1.76011261594915,1,8,1,25,0,TRUE,25,33554432,0,1,25,25,0.833333333333333,2,0.666666666666667,0.166666666666667,0.688332449299089,8.33333333333333,6,10,1.37666489859818,7,6,8,1.01015254455221,8.33333333333333,6,10,1.37666489859818,0,1.76011261594915,2.82842712474619,0.668334230403909
424,"-2:-2|-1:-2|0:-1|0:2",4,TRUE,2,1,1,"mixed",2.01612377556149,2.82842712474619,2.5,4,2,1.83650581819917,1,8,1,25,0,TRUE,25,33554432,0,1,25,25,0.833333333333333,2,0.75,0.0833333333333333,0.553694392684741,8.33333333333333,6,10,1.10738878536948,8,8,8,0,8.33333333333333,6,10,1.10738878536948,0,1.83650581819917,2.82842712474619,0.602998415071235
425,"-1:-2|0:1|1:2|2:2",4,TRUE,1,1,2,"mixed",2.07514076993644,2.82842712474619,2.75,4,2,1.9659048552118,2,8,1,21,4,FALSE,21,2097152,4,16,25,25,0.833333333333333,2,0.666666666666667,0.166666666666667,0.688332449299089,8.33333333333333,6,10,1.37666489859818,8,8,8,0,8.33333333333333,6,10,1.37666489859818,0,1.9659048552118,2.82842712474619,0.610298743107434
426,"-2:-2|-1:-2|0:-1|2:2",4,TRUE,1,2,1,"mixed",2.22323055674804,2.82842712474619,3,4,2,2.00219124314841,1,8,1,25,0,TRUE,25,33554432,0,1,25,25,0.833333333333333,2,0.583333333333333,0.25,0.800640769025436,8.33333333333333,6,10,1.60128153805087,8,8,8,0,8.33333333333333,6,10,1.60128153805087,0,2.00219124314841,2.82842712474619,0.738790472371199
427,"-2:-1|-1:-1|1:-2|2:-2",4,TRUE,0,2,2,"off_axis",2.17869416052972,2.82842712474619,3,4,2,1.88371941369913,1,8,1,21,4,FALSE,21,2097152,4,16,25,25,0.833333333333333,3,0.5,0.25,0.98766077251289,8.33333333333333,4,10,1.97532154502578,8,6,10,2.02030508910442,8.33333333333333,4,10,1.97532154502578,0.0833333333333333,1.88371941369913,2.82842712474619,0.625034372790805
428,"-1:-1|1:-2|2:-2|2:0",4,TRUE,1,2,1,"mixed",2.11967716615477,2.82842712474619,2.75,4,2,2.04229805746182,3,8,1,25,0,TRUE,25,33554432,0,1,25,25,0.833333333333333,2,0.75,0.0833333333333333,0.553694392684741,8.33333333333333,6,10,1.10738878536948,9,8,10,1.01015254455221,8.33333333333333,6,10,1.10738878536948,0,2.04229805746182,2.82842712474619,0.504445398969847
429,"-1:-1|1:-2|1:0|2:-2",4,TRUE,1,2,1,"mixed",1.86967716615477,2.82842712474619,2.5,4,2,1.94229805746182,2,8,1,25,0,TRUE,25,33554432,0,1,25,25,0.833333333333333,2,0.583333333333333,0.25,0.800640769025436,8.33333333333333,6,10,1.60128153805087,8,6,10,2.02030508910442,8.33333333333333,6,10,1.60128153805087,0,1.94229805746182,2.82842712474619,0.603212009882676
430,"-1:-1|-1:0|1:-2|2:-2",4,TRUE,1,2,1,"mixed",1.86967716615477,2.82842712474619,2.5,4,2,1.9607698869111,2,8,1,25,0,TRUE,25,33554432,0,1,25,25,0.833333333333333,2,0.666666666666667,0.166666666666667,0.688332449299089,8.33333333333333,6,10,1.37666489859818,7,6,8,1.01015254455221,8.33333333333333,6,10,1.37666489859818,0,1.9607698869111,2.82842712474619,0.785551080864481
431,"-2:-2|-1:-2|1:-1|2:0",4,TRUE,1,2,1,"mixed",2.11967716615477,2.82842712474619,2.75,4,2,2.04295532842377,2,8,1,21,4,FALSE,21,2097152,4,16,25,25,0.833333333333333,1,0.833333333333333,0,0.373300683394721,8.33333333333333,8,10,0.746601366789441,9,8,10,1.01015254455221,8.33333333333333,8,10,0.746601366789441,0,2.04295532842377,2.82842712474619,0.60215679580886
432,"-1:-1|1:-2|2:-2|2:1",4,TRUE,0,2,2,"off_axis",2.17869416052972,2.82842712474619,3,4,2,2.12514076993644,3,8,1,25,0,TRUE,25,33554432,0,1,25,25,0.833333333333333,2,0.583333333333333,0.25,0.800640769025436,8.33333333333333,6,10,1.60128153805087,9,8,10,1.01015254455221,8.33333333333333,6,10,1.60128153805087,0,2.12514076993644,2.82842712474619,0.561522442367321
433,"-1:-1|1:-2|1:1|2:-2",4,TRUE,0,3,1,"off_axis",1.97323055674804,2.82842712474619,2.75,4,2,2.04295532842377,2,8,1,25,0,TRUE,25,33554432,0,1,25,25,0.833333333333333,2,0.75,0.0833333333333333,0.553694392684741,8.33333333333333,6,10,1.10738878536948,9,8,10,1.01015254455221,8.33333333333333,6,10,1.10738878536948,0,2.04295532842377,2.82842712474619,0.60215679580886
434,"-1:-1|0:1|1:-2|2:-2",4,TRUE,1,2,1,"mixed",1.86967716615477,2.82842712474619,2.5,4,2,2.02514076993644,2,8,1,25,0,TRUE,25,33554432,0,1,25,25,0.833333333333333,2,0.75,0.0833333333333333,0.553694392684741,8.33333333333333,6,10,1.10738878536948,8,8,8,0,8.33333333333333,6,10,1.10738878536948,0,2.02514076993644,2.82842712474619,0.665669973236015
435,"-1:-1|-1:1|1:-2|2:-2",4,TRUE,0,3,1,"off_axis",1.97323055674804,2.82842712474619,2.75,4,2,2.10219124314841,2,8,1,25,0,TRUE,25,33554432,0,1,25,25,0.833333333333333,2,0.75,0.0833333333333333,0.553694392684741,8.33333333333333,6,10,1.10738878536948,9,8,10,1.01015254455221,8.33333333333333,6,10,1.10738878536948,0,2.10219124314841,2.82842712474619,0.650463063457386
436,"-1:-2|1:-1|2:1|2:2",4,TRUE,0,2,2,"off_axis",2.17869416052972,2.82842712474619,3,4,2,2.14874756768642,3,8,1,21,4,FALSE,21,2097152,4,16,25,25,0.833333333333333,3,0.5,0.25,0.98766077251289,8.33333333333333,4,10,1.97532154502578,9,8,10,1.01015254455221,8.33333333333333,4,10,1.97532154502578,0.0833333333333333,2.14874756768642,2.82842712474619,0.560638416214238
437,"-1:-1|1:-2|2:-2|2:2",4,TRUE,0,3,1,"off_axis",2.32678394734132,2.82842712474619,3.25,4,2,2.00219124314841,2,8,1,25,0,TRUE,25,33554432,0,1,25,25,0.833333333333333,2,0.75,0.0833333333333333,0.553694392684741,8.33333333333333,6,10,1.10738878536948,8,8,8,0,8.33333333333333,6,10,1.10738878536948,0,2.00219124314841,2.82842712474619,0.738790472371199
438,"-1:-1|1:-2|1:2|2:-2",4,TRUE,0,2,2,"off_axis",2.17869416052972,2.82842712474619,3,4,2,1.94295532842377,2,8,1,25,0,TRUE,25,33554432,0,1,25,25,0.833333333333333,2,0.666666666666667,0.166666666666667,0.688332449299089,8.33333333333333,6,10,1.37666489859818,8,8,8,0,8.33333333333333,6,10,1.37666489859818,0,1.94295532842377,2.82842712474619,0.68712330427472
439,"-1:-1|0:2|1:-2|2:-2",4,TRUE,1,2,1,"mixed",2.11967716615477,2.82842712474619,2.75,4,2,1.98371941369913,2,8,1,25,0,TRUE,25,33554432,0,1,25,25,0.833333333333333,2,0.583333333333333,0.25,0.800640769025436,8.33333333333333,6,10,1.60128153805087,9,8,10,1.01015254455221,8.33333333333333,6,10,1.60128153805087,0,1.98371941369913,2.82842712474619,0.542481221091435
440,"-1:-1|-1:2|1:-2|2:-2",4,TRUE,0,2,2,"off_axis",2.17869416052972,2.82842712474619,3,4,2,2.0659048552118,3,8,1,25,0,TRUE,25,33554432,0,1,25,25,0.833333333333333,2,0.583333333333333,0.25,0.800640769025436,8.33333333333333,6,10,1.60128153805087,9,8,10,1.01015254455221,8.33333333333333,6,10,1.60128153805087,0,2.0659048552118,2.82842712474619,0.507758832969072
441,"-2:-2|-1:-2|1:-1|2:2",4,TRUE,0,3,1,"off_axis",2.32678394734132,2.82842712474619,3.25,4,2,2.06656212617375,2,8,1,21,4,FALSE,21,2097152,4,16,25,25,0.833333333333333,2,0.666666666666667,0.166666666666667,0.688332449299089,8.33333333333333,6,10,1.37666489859818,9,8,10,1.01015254455221,8.33333333333333,6,10,1.37666489859818,0,2.06656212617375,2.82842712474619,0.604906768449323
442,"-2:-1|1:-2|2:-2|2:0",4,TRUE,1,1,2,"mixed",2.32514076993644,2.82842712474619,3,4,2,1.96011261594915,2,8,1,25,0,TRUE,25,33554432,0,1,25,25,0.833333333333333,2,0.75,0.0833333333333333,0.553694392684741,8.33333333333333,6,10,1.10738878536948,9,8,10,1.01015254455221,8.33333333333333,6,10,1.10738878536948,0,1.96011261594915,2.82842712474619,0.535369584489657
443,"-2:-1|1:-2|1:0|2:-2",4,TRUE,1,1,2,"mixed",2.07514076993644,2.82842712474619,2.75,4,2,1.94229805746182,2,8,1,25,0,TRUE,25,33554432,0,1,25,25,0.833333333333333,2,0.583333333333333,0.25,0.800640769025436,8.33333333333333,6,10,1.60128153805087,8,6,10,2.02030508910442,8.33333333333333,6,10,1.60128153805087,0,1.94229805746182,2.82842712474619,0.603212009882676
444,"-2:-1|-1:0|1:-2|2:-2",4,TRUE,1,1,2,"mixed",2.07514076993644,2.82842712474619,2.75,4,2,2.00219124314841,1,8,1,17,8,FALSE,17,131072,8,256,25,25,0.833333333333333,2,0.5,0.333333333333333,0.899027097085065,8.33333333333333,6,10,1.79805419417013,8,6,10,2.02030508910442,8.33333333333333,6,10,1.79805419417013,0,2.00219124314841,2.82842712474619,0.738790472371199
445,"-2:-1|-2:0|1:-2|2:-2",4,TRUE,1,1,2,"mixed",2.32514076993644,2.82842712474619,3,4,2,2.00153397218646,2,8,1,25,0,TRUE,25,33554432,0,1,25,25,0.833333333333333,2,0.75,0.0833333333333333,0.553694392684741,8.33333333333333,6,10,1.10738878536948,8,8,8,0,8.33333333333333,6,10,1.10738878536948,0,2.00153397218646,2.82842712474619,0.661531689157382
446,"-1:-2|1:2|2:-2|2:-1",4,TRUE,0,1,3,"off_axis",2.38415776431139,2.82842712474619,3.25,4,2,2.0659048552118,3,8,1,21,4,FALSE,21,2097152,4,16,25,25,0.833333333333333,3,0.5,0.166666666666667,1.06897047752888,8.33333333333333,4,10,2.13794095505776,9,8,10,1.01015254455221,8.33333333333333,4,10,2.13794095505776,0.166666666666667,2.0659048552118,2.82842712474619,0.507758832969072
447,"-1:-1|1:2|2:-2|2:-1",4,TRUE,0,2,2,"off_axis",2.17869416052972,2.82842712474619,3,4,2,2.04295532842377,2,8,1,25,0,TRUE,25,33554432,0,1,25,25,0.833333333333333,2,0.583333333333333,0.25,0.800640769025436,8.33333333333333,6,10,1.60128153805087,9,8,10,1.01015254455221,8.33333333333333,6,10,1.60128153805087,0,2.04295532842377,2.82842712474619,0.60215679580886
448,"-1:0|1:-2|2:1|2:2",4,TRUE,1,1,2,"mixed",2.07514076993644,2.82842712474619,2.75,4,2,2.08437668466108,2,8,1,25,0,TRUE,25,33554432,0,1,25,25,0.833333333333333,2,0.666666666666667,0.166666666666667,0.688332449299089,8.33333333333333,6,10,1.37666489859818,8,8,8,0,8.33333333333333,6,10,1.37666489859818,0,2.08437668466108,2.82842712474619,0.711316335661704
449,"-1:-1|1:-2|2:1|2:2",4,TRUE,0,2,2,"off_axis",2.17869416052972,2.82842712474619,3,4,2,2.12579804089839,2,8,1,21,4,FALSE,21,2097152,4,16,25,25,0.833333333333333,2,0.666666666666667,0.166666666666667,0.688332449299089,8.33333333333333,6,10,1.37666489859818,9,8,10,1.01015254455221,8.33333333333333,6,10,1.37666489859818,0,2.12579804089839,2.82842712474619,0.650625928807158
450,"-1:-2|1:-2|2:1|2:2",4,TRUE,0,1,3,"off_axis",2.38415776431139,2.82842712474619,3.25,4,2,2.12514076993644,3,8,1,25,0,TRUE,25,33554432,0,1,25,25,0.833333333333333,2,0.583333333333333,0.25,0.800640769025436,8.33333333333333,6,10,1.60128153805087,9,8,10,1.01015254455221,8.33333333333333,6,10,1.60128153805087,0,2.12514076993644,2.82842712474619,0.561522442367321
451,"-2:-1|1:-2|2:-2|2:2",4,TRUE,0,2,2,"off_axis",2.53224755112299,2.82842712474619,3.5,4,2,1.94295532842377,2,8,1,25,0,TRUE,25,33554432,0,1,25,25,0.833333333333333,2,0.75,0.0833333333333333,0.553694392684741,8.33333333333333,6,10,1.10738878536948,8,8,8,0,8.33333333333333,6,10,1.10738878536948,0,1.94295532842377,2.82842712474619,0.68712330427472
452,"-2:-1|1:-2|1:2|2:-2",4,TRUE,0,1,3,"off_axis",2.38415776431139,2.82842712474619,3.25,4,2,1.94295532842377,2,8,1,25,0,TRUE,25,33554432,0,1,25,25,0.833333333333333,2,0.666666666666667,0.166666666666667,0.688332449299089,8.33333333333333,6,10,1.37666489859818,8,8,8,0,8.33333333333333,6,10,1.37666489859818,0,1.94295532842377,2.82842712474619,0.68712330427472
453,"-2:-1|0:2|1:-2|2:-2",4,TRUE,1,1,2,"mixed",2.32514076993644,2.82842712474619,3,4,2,2.04295532842377,2,8,1,21,4,FALSE,21,2097152,4,16,25,25,0.833333333333333,3,0.5,0.25,0.98766077251289,8.33333333333333,4,10,1.97532154502578,9,8,10,1.01015254455221,8.33333333333333,4,10,1.97532154502578,0.0833333333333333,2.04295532842377,2.82842712474619,0.60215679580886
454,"-2:-1|-1:2|1:-2|2:-2",4,TRUE,0,1,3,"off_axis",2.38415776431139,2.82842712474619,3.25,4,2,2.08951165296178,3,8,1,21,4,FALSE,21,2097152,4,16,25,25,0.833333333333333,3,0.5,0.166666666666667,1.06897047752888,8.33333333333333,4,10,2.13794095505776,9,8,10,1.01015254455221,8.33333333333333,4,10,2.13794095505776,0.166666666666667,2.08951165296178,2.82842712474619,0.509837721607926
455,"-2:-1|-2:2|1:-2|2:-2",4,TRUE,0,2,2,"off_axis",2.53224755112299,2.82842712474619,3.5,4,2,2.04295532842377,2,8,1,25,0,TRUE,25,33554432,0,1,25,25,0.833333333333333,2,0.666666666666667,0.166666666666667,0.688332449299089,8.33333333333333,6,10,1.37666489859818,9,8,10,1.01015254455221,8.33333333333333,6,10,1.37666489859818,0,2.04295532842377,2.82842712474619,0.60215679580886
456,"-2:-2|-2:-1|0:-2|0:-1",4,TRUE,2,1,1,"mixed",2.01612377556149,2.82842712474619,2.5,4,2,1.85366310572456,2,8,1,21,4,FALSE,21,2097152,4,16,25,25,0.833333333333333,3,0.5,0.25,0.98766077251289,8.33333333333333,4,10,1.97532154502578,7,4,10,3.03045763365663,8.33333333333333,4,10,1.97532154502578,0.0833333333333333,1.85366310572456,2.82842712474619,0.63590101472512
457,"-1:0|1:-2|2:-2|2:0",4,TRUE,2,1,1,"mixed",2.01612377556149,2.82842712474619,2.5,4,2,2.09574173292382,3,8,1,25,0,TRUE,25,33554432,0,1,25,25,0.833333333333333,2,0.583333333333333,0.25,0.800640769025436,8.33333333333333,6,10,1.60128153805087,8,6,10,2.02030508910442,8.33333333333333,6,10,1.60128153805087,0,2.09574173292382,2.82842712474619,0.673190239647906
458,"-2:-2|-2:-1|0:-2|0:2",4,TRUE,2,1,1,"mixed",2.26612377556149,2.82842712474619,2.75,4,2,2.03650581819918,3,8,1,25,0,TRUE,25,33554432,0,1,25,25,0.833333333333333,2,0.583333333333333,0.25,0.800640769025436,8.33333333333333,6,10,1.60128153805087,8,6,10,2.02030508910442,8.33333333333333,6,10,1.60128153805087,0,2.03650581819918,2.82842712474619,0.625960641681523
459,"-1:-2|0:-2|2:-2|2:-1",4,TRUE,1,1,2,"mixed",2.32514076993644,2.82842712474619,3,4,2,1.97726990347453,3,8,1,21,4,FALSE,21,2097152,4,16,25,25,0.833333333333333,2,0.666666666666667,0.166666666666667,0.688332449299089,8.33333333333333,6,10,1.37666489859818,8,8,8,0,8.33333333333333,6,10,1.37666489859818,0,1.97726990347453,2.82842712474619,0.568041204309261
460,"-1:-1|0:-2|2:-2|2:-1",4,TRUE,1,2,1,"mixed",2.11967716615477,2.82842712474619,2.75,4,2,1.93650581819917,2,8,1,25,0,TRUE,25,33554432,0,1,25,25,0.833333333333333,2,0.666666666666667,0.166666666666667,0.688332449299089,8.33333333333333,6,10,1.37666489859818,9,8,10,1.01015254455221,8.33333333333333,6,10,1.37666489859818,0,1.93650581819917,2.82842712474619,0.526988526209425
461,"-1:0|0:-2|2:-2|2:-1",4,TRUE,2,1,1,"mixed",2.01612377556149,2.82842712474619,2.5,4,2,2.06011261594915,3,8,1,25,0,TRUE,25,33554432,0,1,25,25,0.833333333333333,2,0.75,0.0833333333333333,0.553694392684741,8.33333333333333,6,10,1.10738878536948,8,8,8,0,8.33333333333333,6,10,1.10738878536948,0,2.06011261594915,2.82842712474619,0.628875548196174
462,"-1:-1|0:2|2:1|2:2",4,TRUE,1,2,1,"mixed",2.11967716615477,2.82842712474619,2.75,4,2,2.1607698869111,3,8,1,25,0,TRUE,25,33554432,0,1,25,25,0.833333333333333,2,0.75,0.0833333333333333,0.553694392684741,8.33333333333333,6,10,1.10738878536948,9,8,10,1.01015254455221,8.33333333333333,6,10,1.10738878536948,0,2.1607698869111,2.82842712474619,0.606514171143573
463,"-1:-2|0:2|2:1|2:2",4,TRUE,1,1,2,"mixed",2.32514076993644,2.82842712474619,3,4,2,2.10153397218646,3,8,1,25,0,TRUE,25,33554432,0,1,25,25,0.833333333333333,2,0.666666666666667,0.166666666666667,0.688332449299089,8.33333333333333,6,10,1.37666489859818,9,8,10,1.01015254455221,8.33333333333333,6,10,1.37666489859818,0,2.10153397218646,2.82842712474619,0.561303011598098
464,"-2:-2|-2:-1|0:-2|2:-2",4,TRUE,1,2,1,"mixed",2.47323055674804,2.82842712474619,3.25,4,2,1.95432037668651,3,8,1,25,0,TRUE,25,33554432,0,1,25,25,0.833333333333333,2,0.75,0.0833333333333333,0.553694392684741,8.33333333333333,6,10,1.10738878536948,8,8,8,0,8.33333333333333,6,10,1.10738878536948,0,1.95432037668651,2.82842712474619,0.650326298670236
465,"-2:-1|0:-2|2:-2|2:-1",4,TRUE,1,1,2,"mixed",2.32514076993644,2.82842712474619,3,4,2,1.91869125971184,3,8,1,25,0,TRUE,25,33554432,0,1,25,25,0.833333333333333,2,0.666666666666667,0.166666666666667,0.688332449299089,8.33333333333333,6,10,1.37666489859818,8,8,8,0,8.33333333333333,6,10,1.37666489859818,0,1.91869125971184,2.82842712474619,0.595001260414515
466,"-2:-2|-2:-1|0:-2|2:0",4,TRUE,2,1,1,"mixed",2.26612377556149,2.82842712474619,2.75,4,2,2.07792717443648,3,8,1,25,0,TRUE,25,33554432,0,1,25,25,0.833333333333333,2,0.666666666666667,0.166666666666667,0.688332449299089,8.33333333333333,6,10,1.37666489859818,9,8,10,1.01015254455221,8.33333333333333,6,10,1.37666489859818,0,2.07792717443648,2.82842712474619,0.559978826721162
467,"-1:-2|1:2|2:0|2:2",4,TRUE,1,1,2,"mixed",2.32514076993644,2.82842712474619,3,4,2,2.18371941369913,4,8,1,25,0,TRUE,25,33554432,0,1,25,25,0.833333333333333,2,0.75,0.0833333333333333,0.553694392684741,8.33333333333333,6,10,1.10738878536948,9,8,10,1.01015254455221,8.33333333333333,6,10,1.10738878536948,0,2.18371941369913,2.82842712474619,0.507027856163868
468,"-2:-2|-2:-1|0:-2|2:2",4,TRUE,1,2,1,"mixed",2.47323055674804,2.82842712474619,3.25,4,2,2.10153397218646,3,8,1,21,4,FALSE,21,2097152,4,16,25,25,0.833333333333333,2,0.666666666666667,0.166666666666667,0.688332449299089,8.33333333333333,6,10,1.37666489859818,9,8,10,1.01015254455221,8.33333333333333,6,10,1.37666489859818,0,2.10153397218646,2.82842712474619,0.561303011598098
469,"-1:0|1:-2|1:0|2:-2",4,TRUE,2,1,1,"mixed",1.76612377556149,2.82842712474619,2.25,4,2,1.99574173292381,2,8,1,21,4,FALSE,21,2097152,4,16,25,25,0.833333333333333,3,0.5,0.25,0.98766077251289,8.33333333333333,4,10,1.97532154502578,7,4,10,3.03045763365663,8.33333333333333,4,10,1.97532154502578,0.0833333333333333,1.99574173292381,2.82842712474619,0.757932080998649
470,"-2:-2|-1:-2|-1:0|2:0",4,TRUE,2,1,1,"mixed",2.01612377556149,2.82842712474619,2.5,4,2,2.03650581819918,3,8,1,25,0,TRUE,25,33554432,0,1,25,25,0.833333333333333,2,0.583333333333333,0.25,0.800640769025436,8.33333333333333,6,10,1.60128153805087,8,6,10,2.02030508910442,8.33333333333333,6,10,1.60128153805087,0,2.03650581819918,2.82842712474619,0.625960641681523
471,"-1:-2|0:-1|2:-2|2:-1",4,TRUE,1,1,2,"mixed",2.07514076993644,2.82842712474619,2.75,4,2,1.91869125971184,2,8,1,21,4,FALSE,21,2097152,4,16,25,25,0.833333333333333,3,0.5,0.25,0.98766077251289,8.33333333333333,4,10,1.97532154502578,8,6,10,2.02030508910442,8.33333333333333,4,10,1.97532154502578,0.0833333333333333,1.91869125971184,2.82842712474619,0.595001260414515
472,"-1:-1|0:-1|2:-2|2:-1",4,TRUE,1,2,1,"mixed",1.86967716615477,2.82842712474619,2.5,4,2,1.79508446196187,2,8,1,25,0,TRUE,25,33554432,0,1,25,25,0.833333333333333,2,0.583333333333333,0.25,0.800640769025436,8.33333333333333,6,10,1.60128153805087,7,6,8,1.01015254455221,8.33333333333333,6,10,1.60128153805087,0,1.79508446196187,2.82842712474619,0.647792640367682
473,"-1:0|0:-1|2:-2|2:-1",4,TRUE,2,1,1,"mixed",1.76612377556149,2.82842712474619,2.25,4,2,1.87792717443648,2,8,1,25,0,TRUE,25,33554432,0,1,25,25,0.833333333333333,2,0.666666666666667,0.166666666666667,0.688332449299089,8.33333333333333,6,10,1.37666489859818,7,6,8,1.01015254455221,8.33333333333333,6,10,1.37666489859818,0,1.87792717443648,2.82842712474619,0.725250552501227
474,"-1:-1|0:1|2:1|2:2",4,TRUE,1,2,1,"mixed",1.86967716615477,2.82842712474619,2.5,4,2,2.0607698869111,2,8,1,25,0,TRUE,25,33554432,0,1,25,25,0.833333333333333,2,0.583333333333333,0.25,0.800640769025436,8.33333333333333,6,10,1.60128153805087,8,6,10,2.02030508910442,8.33333333333333,6,10,1.60128153805087,0,2.0607698869111,2.82842712474619,0.709637993158325
475,"-1:-2|0:1|2:1|2:2",4,TRUE,1,1,2,"mixed",2.07514076993644,2.82842712474619,2.75,4,2,2.08371941369913,3,8,1,21,4,FALSE,21,2097152,4,16,25,25,0.833333333333333,3,0.5,0.25,0.98766077251289,8.33333333333333,4,10,1.97532154502578,8,6,10,2.02030508910442,8.33333333333333,4,10,1.97532154502578,0.0833333333333333,2.08371941369913,2.82842712474619,0.630796150355813
476,"-2:-2|-2:-1|0:-1|2:-2",4,TRUE,1,2,1,"mixed",2.22323055674804,2.82842712474619,3,4,2,1.87792717443648,2,8,1,25,0,TRUE,25,33554432,0,1,25,25,0.833333333333333,2,0.666666666666667,0.166666666666667,0.688332449299089,8.33333333333333,6,10,1.37666489859818,7,6,8,1.01015254455221,8.33333333333333,6,10,1.37666489859818,0,1.87792717443648,2.82842712474619,0.725250552501227
477,"-2:-1|0:-1|2:-2|2:-1",4,TRUE,1,1,2,"mixed",2.07514076993644,2.82842712474619,2.75,4,2,1.79508446196187,2,8,1,25,0,TRUE,25,33554432,0,1,25,25,0.833333333333333,2,0.583333333333333,0.25,0.800640769025436,8.33333333333333,6,10,1.60128153805087,7,6,8,1.01015254455221,8.33333333333333,6,10,1.60128153805087,0,1.79508446196187,2.82842712474619,0.647792640367682
478,"-2:-2|-1:-2|-1:0|0:2",4,TRUE,2,1,1,"mixed",2.01612377556149,2.82842712474619,2.5,4,2,1.91869125971184,2,8,1,21,4,FALSE,21,2097152,4,16,25,25,0.833333333333333,3,0.5,0.25,0.98766077251289,8.33333333333333,4,10,1.97532154502578,8,6,10,2.02030508910442,8.33333333333333,4,10,1.97532154502578,0.0833333333333333,1.91869125971184,2.82842712474619,0.595001260414515
479,"-1:-2|1:0|1:2|2:2",4,TRUE,1,1,2,"mixed",2.07514076993644,2.82842712474619,2.75,4,2,2.08371941369913,3,8,1,21,4,FALSE,21,2097152,4,16,25,25,0.833333333333333,3,0.5,0.25,0.98766077251289,8.33333333333333,4,10,1.97532154502578,8,6,10,2.02030508910442,8.33333333333333,4,10,1.97532154502578,0.0833333333333333,2.08371941369913,2.82842712474619,0.630796150355813
480,"-2:-2|-1:-2|-1:0|2:2",4,TRUE,1,2,1,"mixed",2.22323055674804,2.82842712474619,3,4,2,2.0607698869111,2,8,1,25,0,TRUE,25,33554432,0,1,25,25,0.833333333333333,2,0.583333333333333,0.25,0.800640769025436,8.33333333333333,6,10,1.60128153805087,8,6,10,2.02030508910442,8.33333333333333,6,10,1.60128153805087,0,2.0607698869111,2.82842712474619,0.709637993158325
481,"-2:-2|-1:-2|1:0|2:0",4,TRUE,2,1,1,"mixed",2.01612377556149,2.82842712474619,2.5,4,2,2.07858444539843,2,8,1,21,4,FALSE,21,2097152,4,16,25,25,0.833333333333333,3,0.5,0.25,0.98766077251289,8.33333333333333,4,10,1.97532154502578,7,4,10,3.03045763365663,8.33333333333333,4,10,1.97532154502578,0.0833333333333333,2.07858444539843,2.82842712474619,0.802417668568409
482,"-1:-2|0:1|2:-2|2:-1",4,TRUE,1,1,2,"mixed",2.07514076993644,2.82842712474619,2.75,4,2,2.14295532842377,3,8,1,25,0,TRUE,25,33554432,0,1,25,25,0.833333333333333,2,0.583333333333333,0.25,0.800640769025436,8.33333333333333,6,10,1.60128153805087,8,6,10,2.02030508910442,8.33333333333333,6,10,1.60128153805087,0,2.14295532842377,2.82842712474619,0.67308779382795
483,"-1:-1|0:1|2:-2|2:-1",4,TRUE,1,2,1,"mixed",1.86967716615477,2.82842712474619,2.5,4,2,2.0607698869111,2,8,1,25,0,TRUE,25,33554432,0,1,25,25,0.833333333333333,2,0.666666666666667,0.166666666666667,0.688332449299089,8.33333333333333,6,10,1.37666489859818,8,6,10,2.02030508910442,8.33333333333333,6,10,1.37666489859818,0,2.0607698869111,2.82842712474619,0.709637993158325
484,"-1:0|0:-1|1:2|2:2",4,TRUE,2,1,1,"mixed",1.76612377556149,2.82842712474619,2.25,4,2,2.02000580163574,2,8,1,25,0,TRUE,25,33554432,0,1,25,25,0.833333333333333,2,0.583333333333333,0.25,0.800640769025436,8.33333333333333,6,10,1.60128153805087,7,6,8,1.01015254455221,8.33333333333333,6,10,1.60128153805087,0,2.02000580163574,2.82842712474619,0.829709829704831
485,"-1:-1|-1:0|1:2|2:2",4,TRUE,1,2,1,"mixed",1.86967716615477,2.82842712474619,2.5,4,2,2.07924171636038,2,8,1,21,4,FALSE,21,2097152,4,16,25,25,0.833333333333333,3,0.5,0.25,0.98766077251289,8.33333333333333,4,10,1.97532154502578,7,6,8,1.01015254455221,8.33333333333333,4,10,1.97532154502578,0.0833333333333333,2.07924171636038,2.82842712474619,0.867149791588465
486,"-1:-2|0:-1|2:1|2:2",4,TRUE,1,1,2,"mixed",2.07514076993644,2.82842712474619,2.75,4,2,2.14361259938572,2,8,1,21,4,FALSE,21,2097152,4,16,25,25,0.833333333333333,3,0.5,0.25,0.98766077251289,8.33333333333333,4,10,1.97532154502578,8,6,10,2.02030508910442,8.33333333333333,4,10,1.97532154502578,0.0833333333333333,2.14361259938572,2.82842712474619,0.749017893092004
487,"-1:0|1:-2|2:-2|2:2",4,TRUE,1,2,1,"mixed",2.22323055674804,2.82842712474619,3,4,2,2.07924171636038,2,8,1,21,4,FALSE,21,2097152,4,16,25,25,0.833333333333333,3,0.5,0.25,0.98766077251289,8.33333333333333,4,10,1.97532154502578,7,6,8,1.01015254455221,8.33333333333333,4,10,1.97532154502578,0.0833333333333333,2.07924171636038,2.82842712474619,0.867149791588465
488,"-1:0|1:-2|1:2|2:-2",4,TRUE,1,1,2,"mixed",2.07514076993644,2.82842712474619,2.75,4,2,2.02000580163574,2,8,1,25,0,TRUE,25,33554432,0,1,25,25,0.833333333333333,2,0.583333333333333,0.25,0.800640769025436,8.33333333333333,6,10,1.60128153805087,7,6,8,1.01015254455221,8.33333333333333,6,10,1.60128153805087,0,2.02000580163574,2.82842712474619,0.829709829704831
489,"-1:0|0:-2|1:2|2:2",4,TRUE,2,1,1,"mixed",2.01612377556149,2.82842712474619,2.5,4,2,2.0607698869111,2,8,1,25,0,TRUE,25,33554432,0,1,25,25,0.833333333333333,2,0.666666666666667,0.166666666666667,0.688332449299089,8.33333333333333,6,10,1.37666489859818,8,6,10,2.02030508910442,8.33333333333333,6,10,1.37666489859818,0,2.0607698869111,2.82842712474619,0.709637993158325
490,"-1:-2|-1:0|1:2|2:2",4,TRUE,1,1,2,"mixed",2.07514076993644,2.82842712474619,2.75,4,2,2.14295532842377,3,8,1,25,0,TRUE,25,33554432,0,1,25,25,0.833333333333333,2,0.583333333333333,0.25,0.800640769025436,8.33333333333333,6,10,1.60128153805087,8,6,10,2.02030508910442,8.33333333333333,6,10,1.60128153805087,0,2.14295532842377,2.82842712474619,0.67308779382795
491,"-2:-2|-1:-2|1:0|2:2",4,TRUE,1,2,1,"mixed",2.22323055674804,2.82842712474619,3,4,2,2.14361259938572,2,8,1,21,4,FALSE,21,2097152,4,16,25,25,0.833333333333333,3,0.5,0.25,0.98766077251289,8.33333333333333,4,10,1.97532154502578,8,6,10,2.02030508910442,8.33333333333333,4,10,1.97532154502578,0.0833333333333333,2.14361259938572,2.82842712474619,0.749017893092004
492,"-1:-2|0:2|2:-2|2:-1",4,TRUE,1,1,2,"mixed",2.32514076993644,2.82842712474619,3,4,2,2.10153397218646,3,8,1,25,0,TRUE,25,33554432,0,1,25,25,0.833333333333333,2,0.75,0.0833333333333333,0.553694392684741,8.33333333333333,6,10,1.10738878536948,9,8,10,1.01015254455221,8.33333333333333,6,10,1.10738878536948,0,2.10153397218646,2.82842712474619,0.561303011598098
493,"-1:-1|0:2|2:-2|2:-1",4,TRUE,1,2,1,"mixed",2.11967716615477,2.82842712474619,2.75,4,2,2.10153397218646,3,8,1,25,0,TRUE,25,33554432,0,1,25,25,0.833333333333333,2,0.75,0.0833333333333333,0.553694392684741,8.33333333333333,6,10,1.10738878536948,9,8,10,1.01015254455221,8.33333333333333,6,10,1.10738878536948,0,2.10153397218646,2.82842712474619,0.561303011598098
494,"-1:0|0:-2|2:1|2:2",4,TRUE,2,1,1,"mixed",2.01612377556149,2.82842712474619,2.5,4,2,2.14295532842377,3,8,1,25,0,TRUE,25,33554432,0,1,25,25,0.833333333333333,2,0.666666666666667,0.166666666666667,0.688332449299089,8.33333333333333,6,10,1.37666489859818,8,8,8,0,8.33333333333333,6,10,1.37666489859818,0,2.14295532842377,2.82842712474619,0.67308779382795
495,"-1:-1|0:-2|2:1|2:2",4,TRUE,1,2,1,"mixed",2.11967716615477,2.82842712474619,2.75,4,2,2.16142715787305,2,8,1,21,4,FALSE,21,2097152,4,16,25,25,0.833333333333333,2,0.666666666666667,0.166666666666667,0.688332449299089,8.33333333333333,6,10,1.37666489859818,9,8,10,1.01015254455221,8.33333333333333,6,10,1.37666489859818,0,2.16142715787305,2.82842712474619,0.68979275567925
496,"-1:-2|0:-2|2:1|2:2",4,TRUE,1,1,2,"mixed",2.32514076993644,2.82842712474619,3,4,2,2.14295532842377,3,8,1,25,0,TRUE,25,33554432,0,1,25,25,0.833333333333333,2,0.666666666666667,0.166666666666667,0.688332449299089,8.33333333333333,6,10,1.37666489859818,8,8,8,0,8.33333333333333,6,10,1.37666489859818,0,2.14295532842377,2.82842712474619,0.67308779382795
497,"-2:-2|-2:-1|0:2|2:-2",4,TRUE,1,2,1,"mixed",2.47323055674804,2.82842712474619,3.25,4,2,2.0607698869111,3,8,1,25,0,TRUE,25,33554432,0,1,25,25,0.833333333333333,2,0.666666666666667,0.166666666666667,0.688332449299089,8.33333333333333,6,10,1.37666489859818,8,8,8,0,8.33333333333333,6,10,1.37666489859818,0,2.0607698869111,2.82842712474619,0.709637993158325
498,"-2:-1|0:2|2:-2|2:-1",4,TRUE,1,1,2,"mixed",2.32514076993644,2.82842712474619,3,4,2,2.0607698869111,3,8,1,25,0,TRUE,25,33554432,0,1,25,25,0.833333333333333,2,0.666666666666667,0.166666666666667,0.688332449299089,8.33333333333333,6,10,1.37666489859818,8,8,8,0,8.33333333333333,6,10,1.37666489859818,0,2.0607698869111,2.82842712474619,0.709637993158325
499,"-2:-2|-1:-2|0:2|2:0",4,TRUE,2,1,1,"mixed",2.26612377556149,2.82842712474619,2.75,4,2,2.1607698869111,3,8,1,25,0,TRUE,25,33554432,0,1,25,25,0.833333333333333,2,0.75,0.0833333333333333,0.553694392684741,8.33333333333333,6,10,1.10738878536948,9,8,10,1.01015254455221,8.33333333333333,6,10,1.10738878536948,0,2.1607698869111,2.82842712474619,0.606514171143573
500,"-2:-1|0:-2|2:1|2:2",4,TRUE,1,1,2,"mixed",2.32514076993644,2.82842712474619,3,4,2,2.20732621144911,4,8,1,21,4,FALSE,21,2097152,4,16,25,25,0.833333333333333,2,0.666666666666667,0.166666666666667,0.688332449299089,8.33333333333333,6,10,1.37666489859818,9,8,10,1.01015254455221,8.33333333333333,6,10,1.37666489859818,0,2.20732621144911,2.82842712474619,0.50300319885189
501,"-2:-2|-1:-2|2:0|2:2",4,TRUE,1,2,1,"mixed",2.47323055674804,2.82842712474619,3.25,4,2,2.1607698869111,3,8,1,25,0,TRUE,25,33554432,0,1,25,25,0.833333333333333,2,0.75,0.0833333333333333,0.553694392684741,8.33333333333333,6,10,1.10738878536948,9,8,10,1.01015254455221,8.33333333333333,6,10,1.10738878536948,0,2.1607698869111,2.82842712474619,0.606514171143573
502,"-1:-2|-1:-1|2:-2|2:-1",4,TRUE,0,2,2,"off_axis",2.17869416052972,2.82842712474619,3,4,2,1.91869125971184,2,8,1,25,0,TRUE,25,33554432,0,1,25,25,0.833333333333333,2,0.583333333333333,0.25,0.800640769025436,8.33333333333333,6,10,1.60128153805087,8,6,10,2.02030508910442,8.33333333333333,6,10,1.60128153805087,0,1.91869125971184,2.82842712474619,0.595001260414515
503,"-1:-2|-1:0|2:-2|2:-1",4,TRUE,1,1,2,"mixed",2.07514076993644,2.82842712474619,2.75,4,2,2.06011261594915,3,8,1,25,0,TRUE,25,33554432,0,1,25,25,0.833333333333333,2,0.75,0.0833333333333333,0.553694392684741,8.33333333333333,6,10,1.10738878536948,8,8,8,0,8.33333333333333,6,10,1.10738878536948,0,2.06011261594915,2.82842712474619,0.628875548196174
504,"-1:-1|-1:2|2:1|2:2",4,TRUE,0,2,2,"off_axis",2.17869416052972,2.82842712474619,3,4,2,2.1607698869111,3,8,1,21,4,FALSE,21,2097152,4,16,25,25,0.833333333333333,2,0.666666666666667,0.166666666666667,0.688332449299089,8.33333333333333,6,10,1.37666489859818,9,8,10,1.01015254455221,8.33333333333333,6,10,1.37666489859818,0,2.1607698869111,2.82842712474619,0.606514171143573
505,"-1:-2|-1:2|2:-2|2:-1",4,TRUE,0,1,3,"off_axis",2.38415776431139,2.82842712474619,3.25,4,2,2.08371941369913,3,8,1,21,4,FALSE,21,2097152,4,16,25,25,0.833333333333333,3,0.5,0.25,0.98766077251289,8.33333333333333,4,10,1.97532154502578,8,6,10,2.02030508910442,8.33333333333333,4,10,1.97532154502578,0.0833333333333333,2.08371941369913,2.82842712474619,0.630796150355813
506,"-2:-1|-1:-2|2:-2|2:-1",4,TRUE,0,1,3,"off_axis",2.38415776431139,2.82842712474619,3.25,4,2,1.86011261594915,2,8,1,25,0,TRUE,25,33554432,0,1,25,25,0.833333333333333,2,0.75,0.0833333333333333,0.553694392684741,8.33333333333333,6,10,1.10738878536948,8,8,8,0,8.33333333333333,6,10,1.10738878536948,0,1.86011261594915,2.82842712474619,0.614619173858266
507,"-2:-1|-2:2|-1:2|0:-2",4,TRUE,1,1,2,"mixed",2.32514076993644,2.82842712474619,3,4,2,2.04229805746182,3,8,1,25,0,TRUE,25,33554432,0,1,25,25,0.833333333333333,2,0.583333333333333,0.25,0.800640769025436,8.33333333333333,6,10,1.60128153805087,9,8,10,1.01015254455221,8.33333333333333,6,10,1.60128153805087,0,2.04229805746182,2.82842712474619,0.504445398969847
508,"-1:-2|1:2|2:-1|2:2",4,TRUE,0,1,3,"off_axis",2.38415776431139,2.82842712474619,3.25,4,2,2.14809029672447,4,8,1,21,4,FALSE,21,2097152,4,16,25,25,0.833333333333333,3,0.5,0.166666666666667,1.06897047752888,8.33333333333333,4,10,2.13794095505776,9,8,10,1.01015254455221,8.33333333333333,4,10,2.13794095505776,0.166666666666667,2.14809029672447,2.82842712474619,0.454249169409344
509,"-2:-1|-2:2|-1:2|2:-2",4,TRUE,0,2,2,"off_axis",2.53224755112299,2.82842712474619,3.5,4,2,2.04295532842377,2,8,1,25,0,TRUE,25,33554432,0,1,25,25,0.833333333333333,2,0.666666666666667,0.166666666666667,0.688332449299089,8.33333333333333,6,10,1.37666489859818,9,8,10,1.01015254455221,8.33333333333333,6,10,1.37666489859818,0,2.04295532842377,2.82842712474619,0.60215679580886
510,"-1:-1|-1:0|2:-2|2:-1",4,TRUE,1,2,1,"mixed",1.86967716615477,2.82842712474619,2.5,4,2,1.87792717443648,2,8,1,25,0,TRUE,25,33554432,0,1,25,25,0.833333333333333,2,0.666666666666667,0.166666666666667,0.688332449299089,8.33333333333333,6,10,1.37666489859818,7,6,8,1.01015254455221,8.33333333333333,6,10,1.37666489859818,0,1.87792717443648,2.82842712474619,0.725250552501227
511,"-1:-1|-1:1|2:-2|2:-1",4,TRUE,0,3,1,"off_axis",1.97323055674804,2.82842712474619,2.75,4,2,2.07858444539843,2,8,1,25,0,TRUE,25,33554432,0,1,25,25,0.833333333333333,2,0.75,0.0833333333333333,0.553694392684741,8.33333333333333,6,10,1.10738878536948,9,8,10,1.01015254455221,8.33333333333333,6,10,1.10738878536948,0,2.07858444539843,2.82842712474619,0.649347281975168
512,"-1:-1|-1:2|2:-2|2:-1",4,TRUE,0,2,2,"off_axis",2.17869416052972,2.82842712474619,3,4,2,2.10153397218646,3,8,1,25,0,TRUE,25,33554432,0,1,25,25,0.833333333333333,2,0.666666666666667,0.166666666666667,0.688332449299089,8.33333333333333,6,10,1.37666489859818,9,8,10,1.01015254455221,8.33333333333333,6,10,1.37666489859818,0,2.10153397218646,2.82842712474619,0.561303011598098
513,"-2:-2|-1:-1|2:-2|2:-1",4,TRUE,0,3,1,"off_axis",2.32678394734132,2.82842712474619,3.25,4,2,1.83716308916112,1,8,1,25,0,TRUE,25,33554432,0,1,25,25,0.833333333333333,2,0.75,0.0833333333333333,0.553694392684741,8.33333333333333,6,10,1.10738878536948,8,8,8,0,8.33333333333333,6,10,1.10738878536948,0,1.83716308916112,2.82842712474619,0.687048262758847
514,"-2:-1|-1:-1|2:-2|2:-1",4,TRUE,0,2,2,"off_axis",2.17869416052972,2.82842712474619,3,4,2,1.73650581819918,1,8,1,25,0,TRUE,25,33554432,0,1,25,25,0.833333333333333,2,0.583333333333333,0.25,0.800640769025436,8.33333333333333,6,10,1.60128153805087,7,6,8,1.01015254455221,8.33333333333333,6,10,1.60128153805087,0,1.73650581819918,2.82842712474619,0.653662793937545
515,"-2:-2|-1:-2|-1:1|0:2",4,TRUE,1,2,1,"mixed",2.11967716615477,2.82842712474619,2.75,4,2,1.87792717443648,1,8,1,25,0,TRUE,25,33554432,0,1,25,25,0.833333333333333,2,0.666666666666667,0.166666666666667,0.688332449299089,8.33333333333333,6,10,1.37666489859818,9,8,10,1.01015254455221,8.33333333333333,6,10,1.37666489859818,0,1.87792717443648,2.82842712474619,0.551149835962157
516,"-1:-2|1:-1|1:2|2:2",4,TRUE,0,2,2,"off_axis",2.17869416052972,2.82842712474619,3,4,2,2.0659048552118,3,8,1,25,0,TRUE,25,33554432,0,1,25,25,0.833333333333333,2,0.666666666666667,0.166666666666667,0.688332449299089,8.33333333333333,6,10,1.37666489859818,9,8,10,1.01015254455221,8.33333333333333,6,10,1.37666489859818,0,2.0659048552118,2.82842712474619,0.507758832969072
517,"-2:-2|-1:-2|-1:1|2:2",4,TRUE,0,3,1,"off_axis",2.32678394734132,2.82842712474619,3.25,4,2,2.04295532842377,2,8,1,25,0,TRUE,25,33554432,0,1,25,25,0.833333333333333,2,0.75,0.0833333333333333,0.553694392684741,8.33333333333333,6,10,1.10738878536948,9,8,10,1.01015254455221,8.33333333333333,6,10,1.10738878536948,0,2.04295532842377,2.82842712474619,0.60215679580886
518,"-1:-1|-1:0|2:1|2:2",4,TRUE,1,2,1,"mixed",1.86967716615477,2.82842712474619,2.5,4,2,2.02000580163574,2,8,1,25,0,TRUE,25,33554432,0,1,25,25,0.833333333333333,2,0.583333333333333,0.25,0.800640769025436,8.33333333333333,6,10,1.60128153805087,7,6,8,1.01015254455221,8.33333333333333,6,10,1.60128153805087,0,2.02000580163574,2.82842712474619,0.829709829704831
519,"-1:-2|-1:0|2:1|2:2",4,TRUE,1,1,2,"mixed",2.07514076993644,2.82842712474619,2.75,4,2,2.14295532842377,3,8,1,25,0,TRUE,25,33554432,0,1,25,25,0.833333333333333,2,0.666666666666667,0.166666666666667,0.688332449299089,8.33333333333333,6,10,1.37666489859818,8,8,8,0,8.33333333333333,6,10,1.37666489859818,0,2.14295532842377,2.82842712474619,0.67308779382795
520,"-2:-2|-1:0|2:-2|2:-1",4,TRUE,1,2,1,"mixed",2.22323055674804,2.82842712474619,3,4,2,1.9607698869111,2,8,1,25,0,TRUE,25,33554432,0,1,25,25,0.833333333333333,2,0.666666666666667,0.166666666666667,0.688332449299089,8.33333333333333,6,10,1.37666489859818,7,6,8,1.01015254455221,8.33333333333333,6,10,1.37666489859818,0,1.9607698869111,2.82842712474619,0.785551080864481
521,"-2:-1|-1:0|2:-2|2:-1",4,TRUE,1,1,2,"mixed",2.07514076993644,2.82842712474619,2.75,4,2,1.81934853067379,1,8,1,25,0,TRUE,25,33554432,0,1,25,25,0.833333333333333,2,0.583333333333333,0.25,0.800640769025436,8.33333333333333,6,10,1.60128153805087,7,6,8,1.01015254455221,8.33333333333333,6,10,1.60128153805087,0,1.81934853067379,2.82842712474619,0.737842895002503
522,"-2:-2|-1:-2|0:1|0:2",4,TRUE,2,1,1,"mixed",2.01612377556149,2.82842712474619,2.5,4,2,1.87792717443648,1,8,1,25,0,TRUE,25,33554432,0,1,25,25,0.833333333333333,2,0.75,0.0833333333333333,0.553694392684741,8.33333333333333,6,10,1.10738878536948,7,6,8,1.01015254455221,8.33333333333333,6,10,1.10738878536948,0,1.87792717443648,2.82842712474619,0.725250552501227
523,"-1:-2|0:-1|1:2|2:2",4,TRUE,1,1,2,"mixed",2.07514076993644,2.82842712474619,2.75,4,2,2.02514076993644,2,8,1,25,0,TRUE,25,33554432,0,1,25,25,0.833333333333333,2,0.75,0.0833333333333333,0.553694392684741,8.33333333333333,6,10,1.10738878536948,8,8,8,0,8.33333333333333,6,10,1.10738878536948,0,2.02514076993644,2.82842712474619,0.665669973236015
524,"-2:-2|-1:-2|0:1|2:2",4,TRUE,1,2,1,"mixed",2.22323055674804,2.82842712474619,3,4,2,2.08437668466108,2,8,1,25,0,TRUE,25,33554432,0,1,25,25,0.833333333333333,2,0.666666666666667,0.166666666666667,0.688332449299089,8.33333333333333,6,10,1.37666489859818,8,8,8,0,8.33333333333333,6,10,1.37666489859818,0,2.08437668466108,2.82842712474619,0.711316335661704
525,"-1:-2|-1:-1|2:1|2:2",4,TRUE,0,2,2,"off_axis",2.17869416052972,2.82842712474619,3,4,2,2.14361259938572,2,8,1,21,4,FALSE,21,2097152,4,16,25,25,0.833333333333333,3,0.5,0.25,0.98766077251289,8.33333333333333,4,10,1.97532154502578,8,6,10,2.02030508910442,8.33333333333333,4,10,1.97532154502578,0.0833333333333333,2.14361259938572,2.82842712474619,0.749017893092004
526,"-1:-1|1:2|2:-2|2:2",4,TRUE,0,3,1,"off_axis",2.32678394734132,2.82842712474619,3.25,4,2,2.06142715787305,2,8,1,25,0,TRUE,25,33554432,0,1,25,25,0.833333333333333,2,0.583333333333333,0.25,0.800640769025436,8.33333333333333,6,10,1.60128153805087,8,8,8,0,8.33333333333333,6,10,1.60128153805087,0,2.06142715787305,2.82842712474619,0.782104051605118
527,"-1:-1|1:-2|1:2|2:2",4,TRUE,0,2,2,"off_axis",2.17869416052972,2.82842712474619,3,4,2,2.00219124314841,2,8,1,25,0,TRUE,25,33554432,0,1,25,25,0.833333333333333,2,0.75,0.0833333333333333,0.553694392684741,8.33333333333333,6,10,1.10738878536948,8,8,8,0,8.33333333333333,6,10,1.10738878536948,0,2.00219124314841,2.82842712474619,0.738790472371199
528,"-1:-1|0:-2|1:2|2:2",4,TRUE,1,2,1,"mixed",2.11967716615477,2.82842712474619,2.75,4,2,2.02000580163574,1,8,1,21,4,FALSE,21,2097152,4,16,25,25,0.833333333333333,2,0.666666666666667,0.166666666666667,0.688332449299089,8.33333333333333,6,10,1.37666489859818,9,8,10,1.01015254455221,8.33333333333333,6,10,1.37666489859818,0,2.02000580163574,2.82842712474619,0.682785602723576
529,"-1:-2|-1:-1|1:2|2:2",4,TRUE,0,2,2,"off_axis",2.17869416052972,2.82842712474619,3,4,2,2.08437668466108,2,8,1,25,0,TRUE,25,33554432,0,1,25,25,0.833333333333333,2,0.666666666666667,0.166666666666667,0.688332449299089,8.33333333333333,6,10,1.37666489859818,8,8,8,0,8.33333333333333,6,10,1.37666489859818,0,2.08437668466108,2.82842712474619,0.711316335661704
530,"-2:-2|-1:-1|1:2|2:2",4,TRUE,0,3,1,"off_axis",2.32678394734132,2.82842712474619,3.25,4,2,2.10284851411036,1,8,1,21,4,FALSE,21,2097152,4,16,25,25,0.833333333333333,3,0.5,0.166666666666667,1.06897047752888,8.33333333333333,4,10,2.13794095505776,9,8,10,1.01015254455221,8.33333333333333,4,10,2.13794095505776,0.166666666666667,2.10284851411036,2.82842712474619,0.728795144745262
531,"-2:-1|1:2|2:-2|2:2",4,TRUE,0,2,2,"off_axis",2.53224755112299,2.82842712474619,3.5,4,2,2.00219124314841,2,8,1,25,0,TRUE,25,33554432,0,1,25,25,0.833333333333333,2,0.583333333333333,0.25,0.800640769025436,8.33333333333333,6,10,1.60128153805087,8,8,8,0,8.33333333333333,6,10,1.60128153805087,0,2.00219124314841,2.82842712474619,0.738790472371199
532,"-2:-1|-1:2|2:-2|2:-1",4,TRUE,0,1,3,"off_axis",2.38415776431139,2.82842712474619,3.25,4,2,2.02514076993644,3,8,1,25,0,TRUE,25,33554432,0,1,25,25,0.833333333333333,2,0.583333333333333,0.25,0.800640769025436,8.33333333333333,6,10,1.60128153805087,8,8,8,0,8.33333333333333,6,10,1.60128153805087,0,2.02514076993644,2.82842712474619,0.665669973236015
533,"-2:-1|0:-2|1:2|2:2",4,TRUE,1,1,2,"mixed",2.32514076993644,2.82842712474619,3,4,2,2.12514076993644,3,8,1,25,0,TRUE,25,33554432,0,1,25,25,0.833333333333333,2,0.583333333333333,0.25,0.800640769025436,8.33333333333333,6,10,1.60128153805087,9,8,10,1.01015254455221,8.33333333333333,6,10,1.60128153805087,0,2.12514076993644,2.82842712474619,0.561522442367321
534,"-2:-1|-1:-2|1:2|2:2",4,TRUE,0,1,3,"off_axis",2.38415776431139,2.82842712474619,3.25,4,2,2.14874756768642,3,8,1,21,4,FALSE,21,2097152,4,16,25,25,0.833333333333333,3,0.5,0.25,0.98766077251289,8.33333333333333,4,10,1.97532154502578,9,8,10,1.01015254455221,8.33333333333333,4,10,1.97532154502578,0.0833333333333333,2.14874756768642,2.82842712474619,0.560638416214238
535,"-2:-2|-1:-2|2:1|2:2",4,TRUE,0,2,2,"off_axis",2.53224755112299,2.82842712474619,3.5,4,2,2.08437668466108,2,4,2,21,4,FALSE,21,2097152,4,16,25,25,0.833333333333333,3,0.5,0.25,0.98766077251289,8.33333333333333,4,10,1.97532154502578,8,8,8,0,8.33333333333333,4,10,1.97532154502578,0.0833333333333333,2.08437668466108,2.82842712474619,0.711316335661704
536,"-2:-2|-2:-1|2:-2|2:-1",4,TRUE,0,2,2,"off_axis",2.53224755112299,2.82842712474619,3.5,4,2,1.69574173292382,2,4,2,25,0,TRUE,25,33554432,0,1,25,25,0.833333333333333,2,0.666666666666667,0.166666666666667,0.688332449299089,8.33333333333333,6,10,1.37666489859818,6,6,6,0,8.33333333333333,6,10,1.37666489859818,0,1.69574173292382,2.82842712474619,0.763369704534177
537,"-2:-2|-2:-1|2:-2|2:0",4,TRUE,1,2,1,"mixed",2.47323055674804,2.82842712474619,3.25,4,2,1.89574173292382,2,8,1,21,4,FALSE,21,2097152,4,16,25,25,0.833333333333333,1,0.833333333333333,0,0.373300683394721,8.33333333333333,8,10,0.746601366789441,8,8,8,0,8.33333333333333,8,10,0.746601366789441,0,1.89574173292382,2.82842712474619,0.671783101612592
538,"-1:-2|1:2|2:-2|2:2",4,TRUE,0,2,2,"off_axis",2.53224755112299,2.82842712474619,3.5,4,2,2.00153397218646,3,8,1,25,0,TRUE,25,33554432,0,1,25,25,0.833333333333333,2,0.75,0.0833333333333333,0.553694392684741,8.33333333333333,6,10,1.10738878536948,8,8,8,0,8.33333333333333,6,10,1.10738878536948,0,2.00153397218646,2.82842712474619,0.661531689157382
539,"-2:-2|-2:-1|2:-2|2:2",4,TRUE,0,3,1,"off_axis",2.68033733793459,2.82842712474619,3.75,4,2,1.87858444539843,2,8,1,25,0,TRUE,25,33554432,0,1,25,25,0.833333333333333,2,0.583333333333333,0.25,0.800640769025436,8.33333333333333,6,10,1.60128153805087,7,6,8,1.01015254455221,8.33333333333333,6,10,1.60128153805087,0,1.87858444539843,2.82842712474619,0.796464745336163
540,"-2:-1|-2:0|2:-2|2:-1",4,TRUE,1,1,2,"mixed",2.32514076993644,2.82842712474619,3,4,2,1.73650581819918,2,8,1,25,0,TRUE,25,33554432,0,1,25,25,0.833333333333333,2,0.666666666666667,0.166666666666667,0.688332449299089,8.33333333333333,6,10,1.37666489859818,7,6,8,1.01015254455221,8.33333333333333,6,10,1.37666489859818,0,1.73650581819918,2.82842712474619,0.653662793937545
541,"-1:-2|1:-2|1:2|2:2",4,TRUE,0,1,3,"off_axis",2.38415776431139,2.82842712474619,3.25,4,2,1.94229805746182,3,8,1,25,0,TRUE,25,33554432,0,1,25,25,0.833333333333333,2,0.75,0.0833333333333333,0.553694392684741,8.33333333333333,6,10,1.10738878536948,8,8,8,0,8.33333333333333,6,10,1.10738878536948,0,1.94229805746182,2.82842712474619,0.603212009882676
542,"-2:-1|-2:2|2:-2|2:-1",4,TRUE,0,2,2,"off_axis",2.53224755112299,2.82842712474619,3.5,4,2,1.91934853067379,2,8,1,25,0,TRUE,25,33554432,0,1,25,25,0.833333333333333,2,0.75,0.0833333333333333,0.553694392684741,8.33333333333333,6,10,1.10738878536948,8,8,8,0,8.33333333333333,6,10,1.10738878536948,0,1.91934853067379,2.82842712474619,0.679951973631102
543,"-1:-2|0:-2|1:2|2:2",4,TRUE,1,1,2,"mixed",2.32514076993644,2.82842712474619,3,4,2,1.94229805746182,2,8,1,25,0,TRUE,25,33554432,0,1,25,25,0.833333333333333,2,0.583333333333333,0.25,0.800640769025436,8.33333333333333,6,10,1.60128153805087,8,6,10,2.02030508910442,8.33333333333333,6,10,1.60128153805087,0,1.94229805746182,2.82842712474619,0.603212009882676
544,"-2:-2|-1:-2|0:2|2:2",4,TRUE,1,2,1,"mixed",2.47323055674804,2.82842712474619,3.25,4,2,2.01934853067379,2,8,1,25,0,TRUE,25,33554432,0,1,25,25,0.833333333333333,2,0.75,0.0833333333333333,0.553694392684741,8.33333333333333,6,10,1.10738878536948,9,8,10,1.01015254455221,8.33333333333333,6,10,1.10738878536948,0,2.01934853067379,2.82842712474619,0.598360270206642
545,"-2:-2|-1:-2|1:2|2:2",4,TRUE,0,2,2,"off_axis",2.53224755112299,2.82842712474619,3.5,4,2,2.02514076993644,2,4,2,17,8,FALSE,17,131072,8,256,25,25,0.833333333333333,2,0.5,0.333333333333333,0.899027097085065,8.33333333333333,6,10,1.79805419417013,8,6,10,2.02030508910442,8.33333333333333,6,10,1.79805419417013,0,2.02514076993644,2.82842712474619,0.665669973236015
546,"-1:-2|0:-2|1:-1|2:-2",4,TRUE,1,2,1,"mixed",2.11967716615477,2.82842712474619,2.75,4,2,1.85432037668651,1,8,1,25,0,TRUE,25,33554432,0,1,25,25,0.833333333333333,2,0.666666666666667,0.166666666666667,0.688332449299089,8.33333333333333,6,10,1.37666489859818,9,8,10,1.01015254455221,8.33333333333333,6,10,1.37666489859818,0,1.85432037668651,2.82842712474619,0.539027870445404
547,"-1:-2|0:-2|0:-1|2:-2",4,TRUE,2,1,1,"mixed",2.01612377556149,2.82842712474619,2.5,4,2,1.77147766421189,2,8,1,21,4,FALSE,21,2097152,4,16,25,25,0.833333333333333,2,0.666666666666667,0.166666666666667,0.688332449299089,8.33333333333333,6,10,1.37666489859818,7,6,8,1.01015254455221,8.33333333333333,6,10,1.37666489859818,0,1.77147766421189,2.82842712474619,0.634093302982384
548,"-1:-2|-1:-1|0:-2|2:-2",4,TRUE,1,2,1,"mixed",2.11967716615477,2.82842712474619,2.75,4,2,1.8128990204492,2,8,1,25,0,TRUE,25,33554432,0,1,25,25,0.833333333333333,2,0.75,0.0833333333333333,0.553694392684741,8.33333333333333,6,10,1.10738878536948,8,8,8,0,8.33333333333333,6,10,1.10738878536948,0,1.8128990204492,2.82842712474619,0.590100878056122
549,"-2:-1|-1:-2|0:-2|2:-2",4,TRUE,1,1,2,"mixed",2.32514076993644,2.82842712474619,3,4,2,1.93650581819917,2,8,1,25,0,TRUE,25,33554432,0,1,25,25,0.833333333333333,2,0.75,0.0833333333333333,0.553694392684741,8.33333333333333,6,10,1.10738878536948,9,8,10,1.01015254455221,8.33333333333333,6,10,1.10738878536948,0,1.93650581819917,2.82842712474619,0.526988526209425
550,"-1:-2|0:-2|2:-2|2:0",4,TRUE,2,1,1,"mixed",2.26612377556149,2.82842712474619,2.75,4,2,2.17213493517384,4,8,1,21,4,FALSE,21,2097152,4,16,25,25,0.833333333333333,3,0.5,0.25,0.98766077251289,8.33333333333333,4,10,1.97532154502578,9,8,10,1.01015254455221,8.33333333333333,4,10,1.97532154502578,0.0833333333333333,2.17213493517384,2.82842712474619,0.559592930816039
551,"-1:-2|0:-2|1:0|2:-2",4,TRUE,2,1,1,"mixed",2.01612377556149,2.82842712474619,2.5,4,2,2.03650581819918,3,8,1,25,0,TRUE,25,33554432,0,1,25,25,0.833333333333333,2,0.583333333333333,0.25,0.800640769025436,8.33333333333333,6,10,1.60128153805087,8,6,10,2.02030508910442,8.33333333333333,6,10,1.60128153805087,0,2.03650581819918,2.82842712474619,0.625960641681523
552,"-1:-2|-1:0|0:-2|2:-2",4,TRUE,2,1,1,"mixed",2.01612377556149,2.82842712474619,2.5,4,2,2.0128990204492,3,8,1,25,0,TRUE,25,33554432,0,1,25,25,0.833333333333333,2,0.583333333333333,0.25,0.800640769025436,8.33333333333333,6,10,1.60128153805087,8,6,10,2.02030508910442,8.33333333333333,6,10,1.60128153805087,0,2.0128990204492,2.82842712474619,0.622037452851217
553,"-2:-1|-2:0|-2:2|0:-2",4,TRUE,2,1,1,"mixed",2.26612377556149,2.82842712474619,2.75,4,2,2.13650581819918,4,8,1,21,4,FALSE,21,2097152,4,16,25,25,0.833333333333333,3,0.5,0.25,0.98766077251289,8.33333333333333,4,10,1.97532154502578,9,8,10,1.01015254455221,8.33333333333333,4,10,1.97532154502578,0.0833333333333333,2.13650581819918,2.82842712474619,0.511362981323306
554,"-1:-2|0:-2|2:-2|2:1",4,TRUE,1,1,2,"mixed",2.32514076993644,2.82842712474619,3,4,2,2.19574173292381,4,8,1,25,0,TRUE,25,33554432,0,1,25,25,0.833333333333333,2,0.583333333333333,0.25,0.800640769025436,8.33333333333333,6,10,1.60128153805087,9,8,10,1.01015254455221,8.33333333333333,6,10,1.60128153805087,0,2.19574173292381,2.82842712474619,0.556495225393037
555,"-1:-1|2:-2|2:0|2:1",4,TRUE,1,2,1,"mixed",2.11967716615477,2.82842712474619,2.75,4,2,2.07792717443648,3,8,1,25,0,TRUE,25,33554432,0,1,25,25,0.833333333333333,2,0.583333333333333,0.25,0.800640769025436,8.33333333333333,6,10,1.60128153805087,9,8,10,1.01015254455221,8.33333333333333,6,10,1.60128153805087,0,2.07792717443648,2.82842712474619,0.559978826721162
556,"-1:-2|0:-2|0:1|2:-2",4,TRUE,2,1,1,"mixed",2.01612377556149,2.82842712474619,2.5,4,2,2.0128990204492,3,8,1,25,0,TRUE,25,33554432,0,1,25,25,0.833333333333333,2,0.666666666666667,0.166666666666667,0.688332449299089,8.33333333333333,6,10,1.37666489859818,8,8,8,0,8.33333333333333,6,10,1.37666489859818,0,2.0128990204492,2.82842712474619,0.622037452851217
557,"-1:-1|-1:2|0:2|2:2",4,TRUE,1,2,1,"mixed",2.11967716615477,2.82842712474619,2.75,4,2,2.05432037668651,3,8,1,17,8,FALSE,17,131072,8,256,25,25,0.833333333333333,2,0.5,0.333333333333333,0.899027097085065,8.33333333333333,6,10,1.79805419417013,9,8,10,1.01015254455221,8.33333333333333,6,10,1.79805419417013,0,2.05432037668651,2.82842712474619,0.557542016284786
558,"-1:-2|2:-1|2:0|2:2",4,TRUE,1,1,2,"mixed",2.32514076993644,2.82842712474619,3,4,2,2.16011261594915,4,8,1,25,0,TRUE,25,33554432,0,1,25,25,0.833333333333333,2,0.666666666666667,0.166666666666667,0.688332449299089,8.33333333333333,6,10,1.37666489859818,9,8,10,1.01015254455221,8.33333333333333,6,10,1.37666489859818,0,2.16011261594915,2.82842712474619,0.509807683148267
559,"-1:-2|0:-2|2:-2|2:2",4,TRUE,1,2,1,"mixed",2.47323055674804,2.82842712474619,3.25,4,2,2.03650581819918,3,8,1,25,0,TRUE,25,33554432,0,1,25,25,0.833333333333333,2,0.75,0.0833333333333333,0.553694392684741,8.33333333333333,6,10,1.10738878536948,8,8,8,0,8.33333333333333,6,10,1.10738878536948,0,2.03650581819918,2.82842712474619,0.625960641681523
560,"-1:-2|0:-2|1:2|2:-2",4,TRUE,1,1,2,"mixed",2.32514076993644,2.82842712474619,3,4,2,1.93650581819917,2,8,1,21,4,FALSE,21,2097152,4,16,25,25,0.833333333333333,2,0.666666666666667,0.166666666666667,0.688332449299089,8.33333333333333,6,10,1.37666489859818,9,8,10,1.01015254455221,8.33333333333333,6,10,1.37666489859818,0,1.93650581819917,2.82842712474619,0.526988526209425
561,"-1:-2|0:-2|0:2|2:-2",4,TRUE,2,1,1,"mixed",2.26612377556149,2.82842712474619,2.75,4,2,1.87147766421189,3,8,1,21,4,FALSE,21,2097152,4,16,25,25,0.833333333333333,2,0.666666666666667,0.166666666666667,0.688332449299089,8.33333333333333,6,10,1.37666489859818,8,8,8,0,8.33333333333333,6,10,1.37666489859818,0,1.87147766421189,2.82842712474619,0.575008552937376
562,"-1:-2|-1:2|0:-2|2:-2",4,TRUE,1,1,2,"mixed",2.32514076993644,2.82842712474619,3,4,2,1.89508446196187,3,8,1,25,0,TRUE,25,33554432,0,1,25,25,0.833333333333333,2,0.75,0.0833333333333333,0.553694392684741,8.33333333333333,6,10,1.10738878536948,8,8,8,0,8.33333333333333,6,10,1.10738878536948,0,1.89508446196187,2.82842712474619,0.585619218368906
563,"-2:-1|-2:0|-2:2|2:-2",4,TRUE,1,2,1,"mixed",2.47323055674804,2.82842712474619,3.25,4,2,1.99574173292381,2,8,1,25,0,TRUE,25,33554432,0,1,25,25,0.833333333333333,2,0.666666666666667,0.166666666666667,0.688332449299089,8.33333333333333,6,10,1.37666489859818,9,8,10,1.01015254455221,8.33333333333333,6,10,1.37666489859818,0,1.99574173292381,2.82842712474619,0.593497107983451
564,"-2:-2|-1:-1|0:-2|2:-2",4,TRUE,1,3,0,"mixed",2.26776695296637,2.82842712474619,3,4,2,1.91355629141115,1,8,1,21,4,FALSE,21,2097152,4,16,25,25,0.833333333333333,2,0.666666666666667,0.166666666666667,0.688332449299089,8.33333333333333,6,10,1.37666489859818,9,8,10,1.01015254455221,8.33333333333333,6,10,1.37666489859818,0,1.91355629141115,2.82842712474619,0.613099882745982
565,"-2:-2|-2:0|-2:2|-1:0",4,TRUE,2,2,0,"mixed",2.16421356237309,2.82842712474619,2.75,4,2,1.9128990204492,2,4,2,25,0,TRUE,25,33554432,0,1,25,25,0.833333333333333,2,0.666666666666667,0.166666666666667,0.688332449299089,8.33333333333333,6,10,1.37666489859818,7,6,8,1.01015254455221,8.33333333333333,6,10,1.37666489859818,0,1.9128990204492,2.82842712474619,0.699855014798309
566,"-2:-2|-2:0|-2:2|0:-2",4,TRUE,2,2,0,"mixed",2.41421356237309,2.82842712474619,3,4,2,2.17213493517384,4,8,1,21,4,FALSE,21,2097152,4,16,25,25,0.833333333333333,3,0.5,0.25,0.98766077251289,8.33333333333333,4,10,1.97532154502578,9,8,10,1.01015254455221,8.33333333333333,4,10,1.97532154502578,0.0833333333333333,2.17213493517384,2.82842712474619,0.559592930816039
567,"-2:-2|-1:0|0:-2|2:-2",4,TRUE,2,2,0,"mixed",2.16421356237309,2.82842712474619,2.75,4,2,2.09574173292382,3,8,1,25,0,TRUE,25,33554432,0,1,25,25,0.833333333333333,2,0.583333333333333,0.25,0.800640769025436,8.33333333333333,6,10,1.60128153805087,8,6,10,2.02030508910442,8.33333333333333,6,10,1.60128153805087,0,2.09574173292382,2.82842712474619,0.673190239647906
568,"-1:-2|2:-2|2:0|2:2",4,TRUE,1,2,1,"mixed",2.47323055674804,2.82842712474619,3.25,4,2,2.19574173292381,4,8,1,25,0,TRUE,25,33554432,0,1,25,25,0.833333333333333,2,0.583333333333333,0.25,0.800640769025436,8.33333333333333,6,10,1.60128153805087,9,8,10,1.01015254455221,8.33333333333333,6,10,1.60128153805087,0,2.19574173292381,2.82842712474619,0.556495225393037
569,"-1:-1|2:-2|2:0|2:2",4,TRUE,1,3,0,"mixed",2.26776695296637,2.82842712474619,3,4,2,2.13716308916112,3,8,1,25,0,TRUE,25,33554432,0,1,25,25,0.833333333333333,2,0.666666666666667,0.166666666666667,0.688332449299089,8.33333333333333,6,10,1.37666489859818,9,8,10,1.01015254455221,8.33333333333333,6,10,1.37666489859818,0,2.13716308916112,2.82842712474619,0.607850429635522
570,"-1:0|2:-2|2:0|2:2",4,TRUE,2,2,0,"mixed",2.16421356237309,2.82842712474619,2.75,4,2,2.13137084989848,3,4,2,17,8,FALSE,17,131072,8,256,25,25,0.833333333333333,2,0.5,0.333333333333333,0.899027097085065,8.33333333333333,6,10,1.79805419417013,8,8,8,0,8.33333333333333,6,10,1.79805419417013,0,2.13137084989848,2.82842712474619,0.712786628664839
571,"-2:-2|-2:0|-2:2|2:-2",4,TRUE,1,3,0,"mixed",2.62132034355964,2.82842712474619,3.5,4,2,2.01355629141115,3,8,1,21,4,FALSE,21,2097152,4,16,25,25,0.833333333333333,2,0.666666666666667,0.166666666666667,0.688332449299089,8.33333333333333,6,10,1.37666489859818,8,8,8,0,8.33333333333333,6,10,1.37666489859818,0,2.01355629141115,2.82842712474619,0.703634265256378
572,"-2:-1|2:-2|2:0|2:2",4,TRUE,1,2,1,"mixed",2.47323055674804,2.82842712474619,3.25,4,2,1.99574173292381,2,8,1,25,0,TRUE,25,33554432,0,1,25,25,0.833333333333333,2,0.75,0.0833333333333333,0.553694392684741,8.33333333333333,6,10,1.10738878536948,9,8,10,1.01015254455221,8.33333333333333,6,10,1.10738878536948,0,1.99574173292381,2.82842712474619,0.593497107983451
573,"-2:-2|-2:0|-2:2|2:0",4,TRUE,2,2,0,"mixed",2.41421356237309,2.82842712474619,3,4,2,2.0128990204492,3,4,2,25,0,TRUE,25,33554432,0,1,25,25,0.833333333333333,2,0.666666666666667,0.166666666666667,0.688332449299089,8.33333333333333,6,10,1.37666489859818,8,8,8,0,8.33333333333333,6,10,1.37666489859818,0,2.0128990204492,2.82842712474619,0.622037452851217
574,"-2:-2|-1:-1|0:-2|0:-1",4,TRUE,2,2,0,"mixed",1.81066017177982,2.82842712474619,2.25,4,2,1.63071357893653,1,8,1,21,4,FALSE,21,2097152,4,16,25,25,0.833333333333333,2,0.666666666666667,0.166666666666667,0.688332449299089,8.33333333333333,6,10,1.37666489859818,7,6,8,1.01015254455221,8.33333333333333,6,10,1.37666489859818,0,1.63071357893653,2.82842712474619,0.615334799088201
575,"-1:-1|0:-2|1:-1|2:-2",4,TRUE,1,3,0,"mixed",1.9142135623731,2.82842712474619,2.5,4,2,1.81355629141115,1,8,1,21,4,FALSE,21,2097152,4,16,25,25,0.833333333333333,3,0.5,0.25,0.98766077251289,8.33333333333333,4,10,1.97532154502578,10,10,10,0,8.33333333333333,4,10,1.97532154502578,0.0833333333333333,1.81355629141115,2.82842712474619,0.484210213627479
576,"-2:-1|0:-2|1:-1|2:-2",4,TRUE,1,2,1,"mixed",2.11967716615477,2.82842712474619,2.75,4,2,1.89574173292382,1,8,1,25,0,TRUE,25,33554432,0,1,25,25,0.833333333333333,2,0.583333333333333,0.25,0.800640769025436,8.33333333333333,6,10,1.60128153805087,10,10,10,0,8.33333333333333,6,10,1.60128153805087,0,1.89574173292382,2.82842712474619,0.478612905582384
577,"-2:-2|-2:0|-1:-1|0:-2",4,TRUE,2,2,0,"mixed",2.06066017177982,2.82842712474619,2.5,4,2,1.93137084989848,1,4,2,17,8,FALSE,17,131072,8,256,25,25,0.833333333333333,2,0.5,0.333333333333333,0.899027097085065,8.33333333333333,6,10,1.79805419417013,10,10,10,0,8.33333333333333,6,10,1.79805419417013,0,1.93137084989848,2.82842712474619,0.547526397296096
578,"-2:-2|-1:-1|-1:0|0:-2",4,TRUE,2,2,0,"mixed",1.81066017177982,2.82842712474619,2.25,4,2,1.75432037668651,1,8,1,25,0,TRUE,25,33554432,0,1,25,25,0.833333333333333,2,0.75,0.0833333333333333,0.553694392684741,8.33333333333333,6,10,1.10738878536948,8,8,8,0,8.33333333333333,6,10,1.10738878536948,0,1.75432037668651,2.82842712474619,0.598479569819794
579,"-1:0|0:-2|1:-1|2:-2",4,TRUE,2,2,0,"mixed",1.81066017177982,2.82842712474619,2.25,4,2,1.93716308916112,1,8,1,25,0,TRUE,25,33554432,0,1,25,25,0.833333333333333,2,0.75,0.0833333333333333,0.553694392684741,8.33333333333333,6,10,1.10738878536948,9,8,10,1.01015254455221,8.33333333333333,6,10,1.10738878536948,0,1.93716308916112,2.82842712474619,0.621288236911133
580,"-2:-2|-1:-1|0:-2|2:0",4,TRUE,2,2,0,"mixed",2.06066017177982,2.82842712474619,2.5,4,2,2.03716308916112,2,8,1,25,0,TRUE,25,33554432,0,1,25,25,0.833333333333333,2,0.583333333333333,0.25,0.800640769025436,8.33333333333333,6,10,1.60128153805087,10,10,10,0,8.33333333333333,6,10,1.60128153805087,0,2.03716308916112,2.82842712474619,0.527011014179131
581,"-1:-2|1:-1|2:-2|2:0",4,TRUE,1,2,1,"mixed",2.11967716615477,2.82842712474619,2.75,4,2,2.03716308916112,2,8,1,25,0,TRUE,25,33554432,0,1,25,25,0.833333333333333,2,0.583333333333333,0.25,0.800640769025436,8.33333333333333,6,10,1.60128153805087,10,10,10,0,8.33333333333333,6,10,1.60128153805087,0,2.03716308916112,2.82842712474619,0.527011014179131
582,"-1:-1|1:-1|2:-2|2:0",4,TRUE,1,3,0,"mixed",1.9142135623731,2.82842712474619,2.5,4,2,1.89574173292382,1,8,1,25,0,TRUE,25,33554432,0,1,25,25,0.833333333333333,2,0.583333333333333,0.25,0.800640769025436,8.33333333333333,6,10,1.60128153805087,10,10,10,0,8.33333333333333,6,10,1.60128153805087,0,1.89574173292382,2.82842712474619,0.478612905582384
583,"-1:0|1:-1|2:-2|2:0",4,TRUE,2,2,0,"mixed",1.81066017177982,2.82842712474619,2.25,4,2,1.91355629141115,1,8,1,21,4,FALSE,21,2097152,4,16,25,25,0.833333333333333,2,0.666666666666667,0.166666666666667,0.688332449299089,8.33333333333333,6,10,1.37666489859818,9,8,10,1.01015254455221,8.33333333333333,6,10,1.37666489859818,0,1.91355629141115,2.82842712474619,0.613099882745982
584,"-1:-1|0:2|1:1|2:2",4,TRUE,1,3,0,"mixed",1.9142135623731,2.82842712474619,2.5,4,2,2.03782036012307,1,8,1,21,4,FALSE,21,2097152,4,16,25,25,0.833333333333333,3,0.5,0.166666666666667,1.06897047752888,8.33333333333333,4,10,2.13794095505776,10,10,10,0,8.33333333333333,4,10,2.13794095505776,0.166666666666667,2.03782036012307,2.82842712474619,0.621188985260314
585,"-1:-2|1:1|2:0|2:2",4,TRUE,1,2,1,"mixed",2.11967716615477,2.82842712474619,2.75,4,2,2.12000580163574,2,8,1,25,0,TRUE,25,33554432,0,1,25,25,0.833333333333333,2,0.666666666666667,0.166666666666667,0.688332449299089,8.33333333333333,6,10,1.37666489859818,10,10,10,0,8.33333333333333,6,10,1.37666489859818,0,2.12000580163574,2.82842712474619,0.582690503927722
586,"-2:-2|-2:0|-1:-1|2:-2",4,TRUE,1,3,0,"mixed",2.26776695296637,2.82842712474619,3,4,2,1.93716308916112,1,8,1,25,0,TRUE,25,33554432,0,1,25,25,0.833333333333333,2,0.75,0.0833333333333333,0.553694392684741,8.33333333333333,6,10,1.10738878536948,9,8,10,1.01015254455221,8.33333333333333,6,10,1.10738878536948,0,1.93716308916112,2.82842712474619,0.621288236911133
587,"-2:-1|1:-1|2:-2|2:0",4,TRUE,1,2,1,"mixed",2.11967716615477,2.82842712474619,2.75,4,2,1.81355629141115,1,8,1,21,4,FALSE,21,2097152,4,16,25,25,0.833333333333333,3,0.5,0.25,0.98766077251289,8.33333333333333,4,10,1.97532154502578,10,10,10,0,8.33333333333333,4,10,1.97532154502578,0.0833333333333333,1.81355629141115,2.82842712474619,0.484210213627479
588,"-2:-2|-1:-1|0:-2|0:2",4,TRUE,2,2,0,"mixed",2.06066017177982,2.82842712474619,2.5,4,2,1.85432037668651,1,8,1,25,0,TRUE,25,33554432,0,1,25,25,0.833333333333333,2,0.666666666666667,0.166666666666667,0.688332449299089,8.33333333333333,6,10,1.37666489859818,9,8,10,1.01015254455221,8.33333333333333,6,10,1.37666489859818,0,1.85432037668651,2.82842712474619,0.539027870445404
589,"-1:-2|0:2|1:1|2:2",4,TRUE,1,2,1,"mixed",2.11967716615477,2.82842712474619,2.75,4,2,1.97858444539843,1,8,1,25,0,TRUE,25,33554432,0,1,25,25,0.833333333333333,2,0.666666666666667,0.166666666666667,0.688332449299089,8.33333333333333,6,10,1.37666489859818,10,10,10,0,8.33333333333333,6,10,1.37666489859818,0,1.97858444539843,2.82842712474619,0.562932394231188
590,"-2:-2|-1:-1|0:-2|2:2",4,TRUE,1,3,0,"mixed",2.26776695296637,2.82842712474619,3,4,2,2.03782036012307,1,8,1,21,4,FALSE,21,2097152,4,16,25,25,0.833333333333333,3,0.5,0.166666666666667,1.06897047752888,8.33333333333333,4,10,2.13794095505776,10,10,10,0,8.33333333333333,4,10,2.13794095505776,0.166666666666667,2.03782036012307,2.82842712474619,0.621188985260314
591,"-1:-1|0:-2|0:-1|2:-2",4,TRUE,2,2,0,"mixed",1.81066017177982,2.82842712474619,2.25,4,2,1.7128990204492,2,8,1,25,0,TRUE,25,33554432,0,1,25,25,0.833333333333333,2,0.75,0.0833333333333333,0.553694392684741,8.33333333333333,6,10,1.10738878536948,7,6,8,1.01015254455221,8.33333333333333,6,10,1.10738878536948,0,1.7128990204492,2.82842712474619,0.637684130919746
592,"-2:-1|0:-2|0:-1|2:-2",4,TRUE,2,1,1,"mixed",2.01612377556149,2.82842712474619,2.5,4,2,1.89508446196187,2,8,1,25,0,TRUE,25,33554432,0,1,25,25,0.833333333333333,2,0.583333333333333,0.25,0.800640769025436,8.33333333333333,6,10,1.60128153805087,8,6,10,2.02030508910442,8.33333333333333,6,10,1.60128153805087,0,1.89508446196187,2.82842712474619,0.585619218368906
593,"-2:-2|-2:0|-1:0|0:-2",4,TRUE,3,1,0,"mixed",1.95710678118655,2.82842712474619,2.25,4,2,2.0128990204492,3,8,1,25,0,TRUE,25,33554432,0,1,25,25,0.833333333333333,2,0.583333333333333,0.25,0.800640769025436,8.33333333333333,6,10,1.60128153805087,8,6,10,2.02030508910442,8.33333333333333,6,10,1.60128153805087,0,2.0128990204492,2.82842712474619,0.622037452851217
594,"-2:-2|-1:0|0:-2|0:-1",4,TRUE,3,1,0,"mixed",1.70710678118655,2.82842712474619,2,4,2,1.79508446196187,2,8,1,25,0,TRUE,25,33554432,0,1,25,25,0.833333333333333,2,0.75,0.0833333333333333,0.553694392684741,8.33333333333333,6,10,1.10738878536948,7,6,8,1.01015254455221,8.33333333333333,6,10,1.10738878536948,0,1.79508446196187,2.82842712474619,0.647792640367682
595,"-1:0|0:-2|0:-1|2:-2",4,TRUE,3,1,0,"mixed",1.70710678118655,2.82842712474619,2,4,2,1.85432037668651,2,8,1,25,0,TRUE,25,33554432,0,1,25,25,0.833333333333333,2,0.75,0.0833333333333333,0.553694392684741,8.33333333333333,6,10,1.10738878536948,7,6,8,1.01015254455221,8.33333333333333,6,10,1.10738878536948,0,1.85432037668651,2.82842712474619,0.716081885917476
596,"-2:-2|-2:0|-1:0|0:2",4,TRUE,3,1,0,"mixed",1.95710678118655,2.82842712474619,2.25,4,2,2.03650581819918,3,8,1,17,8,FALSE,17,131072,8,256,25,25,0.833333333333333,2,0.5,0.333333333333333,0.899027097085065,8.33333333333333,6,10,1.79805419417013,8,6,10,2.02030508910442,8.33333333333333,6,10,1.79805419417013,0,2.03650581819918,2.82842712474619,0.625960641681523
597,"-1:-2|1:0|2:-2|2:0",4,TRUE,2,1,1,"mixed",2.01612377556149,2.82842712474619,2.5,4,2,2.09574173292382,3,8,1,25,0,TRUE,25,33554432,0,1,25,25,0.833333333333333,2,0.583333333333333,0.25,0.800640769025436,8.33333333333333,6,10,1.60128153805087,8,6,10,2.02030508910442,8.33333333333333,6,10,1.60128153805087,0,2.09574173292382,2.82842712474619,0.673190239647906
598,"-1:-1|1:0|2:-2|2:0",4,TRUE,2,2,0,"mixed",1.81066017177982,2.82842712474619,2.25,4,2,1.91869125971184,2,8,1,25,0,TRUE,25,33554432,0,1,25,25,0.833333333333333,2,0.666666666666667,0.166666666666667,0.688332449299089,8.33333333333333,6,10,1.37666489859818,8,6,10,2.02030508910442,8.33333333333333,6,10,1.37666489859818,0,1.91869125971184,2.82842712474619,0.595001260414515
599,"-1:0|1:0|2:-2|2:0",4,TRUE,3,1,0,"mixed",1.70710678118655,2.82842712474619,2,4,2,1.88929222269922,2,8,1,21,4,FALSE,21,2097152,4,16,25,25,0.833333333333333,3,0.5,0.166666666666667,1.06897047752888,8.33333333333333,4,10,2.13794095505776,7,4,10,3.03045763365663,8.33333333333333,4,10,2.13794095505776,0.166666666666667,1.88929222269922,2.82842712474619,0.691676624224108
600,"-1:-1|0:1|0:2|2:2",4,TRUE,2,2,0,"mixed",1.81066017177982,2.82842712474619,2.25,4,2,1.97792717443648,2,8,1,21,4,FALSE,21,2097152,4,16,25,25,0.833333333333333,2,0.666666666666667,0.166666666666667,0.688332449299089,8.33333333333333,6,10,1.37666489859818,8,6,10,2.02030508910442,8.33333333333333,6,10,1.37666489859818,0,1.97792717443648,2.82842712474619,0.656424737689541
601,"-1:-2|1:0|2:0|2:2",4,TRUE,2,1,1,"mixed",2.01612377556149,2.82842712474619,2.5,4,2,2.11934853067379,3,8,1,25,0,TRUE,25,33554432,0,1,25,25,0.833333333333333,2,0.583333333333333,0.25,0.800640769025436,8.33333333333333,6,10,1.60128153805087,8,6,10,2.02030508910442,8.33333333333333,6,10,1.60128153805087,0,2.11934853067379,2.82842712474619,0.673598797117914
602,"-2:-2|-2:0|-1:0|2:-2",4,TRUE,2,2,0,"mixed",2.16421356237309,2.82842712474619,2.75,4,2,1.99574173292381,2,8,1,21,4,FALSE,21,2097152,4,16,25,25,0.833333333333333,3,0.5,0.25,0.98766077251289,8.33333333333333,4,10,1.97532154502578,7,4,10,3.03045763365663,8.33333333333333,4,10,1.97532154502578,0.0833333333333333,1.99574173292381,2.82842712474619,0.757932080998649
603,"-2:-1|1:0|2:-2|2:0",4,TRUE,2,1,1,"mixed",2.01612377556149,2.82842712474619,2.5,4,2,1.83650581819917,1,8,1,25,0,TRUE,25,33554432,0,1,25,25,0.833333333333333,2,0.75,0.0833333333333333,0.553694392684741,8.33333333333333,6,10,1.10738878536948,8,6,10,2.02030508910442,8.33333333333333,6,10,1.10738878536948,0,1.83650581819917,2.82842712474619,0.602998415071235
604,"-2:-2|-2:0|-1:0|2:0",4,TRUE,3,1,0,"mixed",1.95710678118655,2.82842712474619,2.25,4,2,1.83005630797458,2,8,1,21,4,FALSE,21,2097152,4,16,25,25,0.833333333333333,3,0.5,0.166666666666667,1.06897047752888,8.33333333333333,4,10,2.13794095505776,7,4,10,3.03045763365663,8.33333333333333,4,10,2.13794095505776,0.166666666666667,1.83005630797458,2.82842712474619,0.624405414634559
605,"-1:-2|0:1|0:2|2:2",4,TRUE,2,1,1,"mixed",2.01612377556149,2.82842712474619,2.5,4,2,1.91869125971184,2,8,1,25,0,TRUE,25,33554432,0,1,25,25,0.833333333333333,2,0.666666666666667,0.166666666666667,0.688332449299089,8.33333333333333,6,10,1.37666489859818,8,6,10,2.02030508910442,8.33333333333333,6,10,1.37666489859818,0,1.91869125971184,2.82842712474619,0.595001260414515
606,"-2:-2|-2:0|-1:0|2:2",4,TRUE,2,2,0,"mixed",2.16421356237309,2.82842712474619,2.75,4,2,2.03716308916112,2,8,1,25,0,TRUE,25,33554432,0,1,25,25,0.833333333333333,2,0.666666666666667,0.166666666666667,0.688332449299089,8.33333333333333,6,10,1.37666489859818,8,6,10,2.02030508910442,8.33333333333333,6,10,1.37666489859818,0,2.03716308916112,2.82842712474619,0.707080498450027
607,"-2:-1|-1:-1|0:-2|2:-2",4,TRUE,1,2,1,"mixed",2.11967716615477,2.82842712474619,2.75,4,2,1.87792717443648,1,8,1,25,0,TRUE,25,33554432,0,1,25,25,0.833333333333333,2,0.666666666666667,0.166666666666667,0.688332449299089,8.33333333333333,6,10,1.37666489859818,9,8,10,1.01015254455221,8.33333333333333,6,10,1.37666489859818,0,1.87792717443648,2.82842712474619,0.551149835962157
608,"-1:-1|0:-2|2:-2|2:0",4,TRUE,2,2,0,"mixed",2.06066017177982,2.82842712474619,2.5,4,2,2.09574173292382,3,8,1,25,0,TRUE,25,33554432,0,1,25,25,0.833333333333333,2,0.666666666666667,0.166666666666667,0.688332449299089,8.33333333333333,6,10,1.37666489859818,10,10,10,0,8.33333333333333,6,10,1.37666489859818,0,2.09574173292382,2.82842712474619,0.480585972053891
609,"-1:-1|0:-2|1:0|2:-2",4,TRUE,2,2,0,"mixed",1.81066017177982,2.82842712474619,2.25,4,2,1.96011261594915,2,8,1,25,0,TRUE,25,33554432,0,1,25,25,0.833333333333333,2,0.75,0.0833333333333333,0.553694392684741,8.33333333333333,6,10,1.10738878536948,9,8,10,1.01015254455221,8.33333333333333,6,10,1.10738878536948,0,1.96011261594915,2.82842712474619,0.535369584489657
610,"-1:-1|-1:0|0:-2|2:-2",4,TRUE,2,2,0,"mixed",1.81066017177982,2.82842712474619,2.25,4,2,1.89574173292382,2,8,1,21,4,FALSE,21,2097152,4,16,25,25,0.833333333333333,1,0.833333333333333,0,0.373300683394721,8.33333333333333,8,10,0.746601366789441,8,8,8,0,8.33333333333333,8,10,0.746601366789441,0,1.89574173292382,2.82842712474619,0.671783101612592
611,"-2:-2|-2:0|-1:1|0:2",4,TRUE,2,2,0,"mixed",2.06066017177982,2.82842712474619,2.5,4,2,2.03716308916112,2,8,1,25,0,TRUE,25,33554432,0,1,25,25,0.833333333333333,2,0.583333333333333,0.25,0.800640769025436,8.33333333333333,6,10,1.60128153805087,10,10,10,0,8.33333333333333,6,10,1.60128153805087,0,2.03716308916112,2.82842712474619,0.527011014179131
612,"-1:-1|0:-2|2:-2|2:1",4,TRUE,1,2,1,"mixed",2.11967716615477,2.82842712474619,2.75,4,2,2.17858444539843,3,8,1,21,4,FALSE,21,2097152,4,16,25,25,0.833333333333333,3,0.5,0.25,0.98766077251289,8.33333333333333,4,10,1.97532154502578,10,10,10,0,8.33333333333333,4,10,1.97532154502578,0.0833333333333333,2.17858444539843,2.82842712474619,0.531005141498437
613,"-1:-1|0:-2|1:1|2:-2",4,TRUE,1,3,0,"mixed",1.9142135623731,2.82842712474619,2.5,4,2,2.0607698869111,2,8,1,25,0,TRUE,25,33554432,0,1,25,25,0.833333333333333,2,0.75,0.0833333333333333,0.553694392684741,8.33333333333333,6,10,1.10738878536948,10,10,10,0,8.33333333333333,6,10,1.10738878536948,0,2.0607698869111,2.82842712474619,0.530437422427522
614,"-1:-1|0:-2|0:1|2:-2",4,TRUE,2,2,0,"mixed",1.81066017177982,2.82842712474619,2.25,4,2,1.99574173292381,2,8,1,25,0,TRUE,25,33554432,0,1,25,25,0.833333333333333,2,0.75,0.0833333333333333,0.553694392684741,8.33333333333333,6,10,1.10738878536948,9,8,10,1.01015254455221,8.33333333333333,6,10,1.10738878536948,0,1.99574173292381,2.82842712474619,0.593497107983451
615,"-1:-1|-1:1|0:-2|2:-2",4,TRUE,1,3,0,"mixed",1.9142135623731,2.82842712474619,2.5,4,2,2.03716308916112,2,8,1,25,0,TRUE,25,33554432,0,1,25,25,0.833333333333333,2,0.583333333333333,0.25,0.800640769025436,8.33333333333333,6,10,1.60128153805087,10,10,10,0,8.33333333333333,6,10,1.60128153805087,0,2.03716308916112,2.82842712474619,0.527011014179131
616,"-1:-2|1:-1|2:0|2:2",4,TRUE,1,2,1,"mixed",2.11967716615477,2.82842712474619,2.75,4,2,2.14295532842377,3,8,1,25,0,TRUE,25,33554432,0,1,25,25,0.833333333333333,2,0.75,0.0833333333333333,0.553694392684741,8.33333333333333,6,10,1.10738878536948,10,10,10,0,8.33333333333333,6,10,1.10738878536948,0,2.14295532842377,2.82842712474619,0.480442458550402
617,"-1:-1|0:-2|2:-2|2:2",4,TRUE,1,3,0,"mixed",2.26776695296637,2.82842712474619,3,4,2,2.07858444539843,2,8,1,25,0,TRUE,25,33554432,0,1,25,25,0.833333333333333,2,0.75,0.0833333333333333,0.553694392684741,8.33333333333333,6,10,1.10738878536948,9,8,10,1.01015254455221,8.33333333333333,6,10,1.10738878536948,0,2.07858444539843,2.82842712474619,0.649347281975168
618,"-1:-1|0:-2|1:2|2:-2",4,TRUE,1,2,1,"mixed",2.11967716615477,2.82842712474619,2.75,4,2,1.97858444539843,1,8,1,25,0,TRUE,25,33554432,0,1,25,25,0.833333333333333,2,0.583333333333333,0.25,0.800640769025436,8.33333333333333,6,10,1.60128153805087,10,10,10,0,8.33333333333333,6,10,1.60128153805087,0,1.97858444539843,2.82842712474619,0.562932394231188
619,"-1:-1|0:-2|0:2|2:-2",4,TRUE,2,2,0,"mixed",2.06066017177982,2.82842712474619,2.5,4,2,1.93650581819917,2,8,1,21,4,FALSE,21,2097152,4,16,25,25,0.833333333333333,2,0.666666666666667,0.166666666666667,0.688332449299089,8.33333333333333,6,10,1.37666489859818,9,8,10,1.01015254455221,8.33333333333333,6,10,1.37666489859818,0,1.93650581819917,2.82842712474619,0.526988526209425
620,"-1:-1|-1:2|0:-2|2:-2",4,TRUE,1,2,1,"mixed",2.11967716615477,2.82842712474619,2.75,4,2,1.97792717443648,2,8,1,25,0,TRUE,25,33554432,0,1,25,25,0.833333333333333,2,0.666666666666667,0.166666666666667,0.688332449299089,8.33333333333333,6,10,1.37666489859818,10,10,10,0,8.33333333333333,6,10,1.37666489859818,0,1.97792717443648,2.82842712474619,0.456805444394614
621,"-2:-2|-1:1|0:2|2:2",4,TRUE,1,3,0,"mixed",2.26776695296637,2.82842712474619,3,4,2,2.0607698869111,2,8,1,25,0,TRUE,25,33554432,0,1,25,25,0.833333333333333,2,0.583333333333333,0.25,0.800640769025436,8.33333333333333,6,10,1.60128153805087,10,10,10,0,8.33333333333333,6,10,1.60128153805087,0,2.0607698869111,2.82842712474619,0.530437422427522
622,"-2:-1|0:-2|2:-2|2:0",4,TRUE,2,1,1,"mixed",2.26612377556149,2.82842712474619,2.75,4,2,2.09574173292382,3,8,1,25,0,TRUE,25,33554432,0,1,25,25,0.833333333333333,2,0.666666666666667,0.166666666666667,0.688332449299089,8.33333333333333,6,10,1.37666489859818,10,10,10,0,8.33333333333333,6,10,1.37666489859818,0,2.09574173292382,2.82842712474619,0.480585972053891
623,"-2:-1|0:-2|1:0|2:-2",4,TRUE,2,1,1,"mixed",2.01612377556149,2.82842712474619,2.5,4,2,2.04229805746182,3,8,1,25,0,TRUE,25,33554432,0,1,25,25,0.833333333333333,2,0.75,0.0833333333333333,0.553694392684741,8.33333333333333,6,10,1.10738878536948,9,8,10,1.01015254455221,8.33333333333333,6,10,1.10738878536948,0,2.04229805746182,2.82842712474619,0.504445398969847
624,"-2:-1|-1:0|0:-2|2:-2",4,TRUE,2,1,1,"mixed",2.01612377556149,2.82842712474619,2.5,4,2,2.01934853067379,2,8,1,25,0,TRUE,25,33554432,0,1,25,25,0.833333333333333,2,0.75,0.0833333333333333,0.553694392684741,8.33333333333333,6,10,1.10738878536948,9,8,10,1.01015254455221,8.33333333333333,6,10,1.10738878536948,0,2.01934853067379,2.82842712474619,0.598360270206642
625,"-2:-1|-2:0|0:-2|2:-2",4,TRUE,2,1,1,"mixed",2.26612377556149,2.82842712474619,2.75,4,2,2.07792717443648,3,8,1,25,0,TRUE,25,33554432,0,1,25,25,0.833333333333333,2,0.666666666666667,0.166666666666667,0.688332449299089,8.33333333333333,6,10,1.37666489859818,9,8,10,1.01015254455221,8.33333333333333,6,10,1.37666489859818,0,2.07792717443648,2.82842712474619,0.559978826721162
626,"-1:-2|1:2|2:-2|2:0",4,TRUE,1,1,2,"mixed",2.32514076993644,2.82842712474619,3,4,2,2.20153397218646,4,8,1,25,0,TRUE,25,33554432,0,1,25,25,0.833333333333333,2,0.583333333333333,0.25,0.800640769025436,8.33333333333333,6,10,1.60128153805087,10,10,10,0,8.33333333333333,6,10,1.60128153805087,0,2.20153397218646,2.82842712474619,0.412644815400057
627,"-1:-1|1:2|2:-2|2:0",4,TRUE,1,2,1,"mixed",2.11967716615477,2.82842712474619,2.75,4,2,2.14295532842377,3,8,1,25,0,TRUE,25,33554432,0,1,25,25,0.833333333333333,2,0.666666666666667,0.166666666666667,0.688332449299089,8.33333333333333,6,10,1.37666489859818,10,10,10,0,8.33333333333333,6,10,1.37666489859818,0,2.14295532842377,2.82842712474619,0.480442458550402
628,"-1:0|1:-2|2:0|2:2",4,TRUE,2,1,1,"mixed",2.01612377556149,2.82842712474619,2.5,4,2,2.13716308916112,3,8,1,25,0,TRUE,25,33554432,0,1,25,25,0.833333333333333,2,0.666666666666667,0.166666666666667,0.688332449299089,8.33333333333333,6,10,1.37666489859818,9,8,10,1.01015254455221,8.33333333333333,6,10,1.37666489859818,0,2.13716308916112,2.82842712474619,0.607850429635522
629,"-1:-1|1:-2|2:0|2:2",4,TRUE,1,2,1,"mixed",2.11967716615477,2.82842712474619,2.75,4,2,2.14295532842377,3,8,1,25,0,TRUE,25,33554432,0,1,25,25,0.833333333333333,2,0.666666666666667,0.166666666666667,0.688332449299089,8.33333333333333,6,10,1.37666489859818,10,10,10,0,8.33333333333333,6,10,1.37666489859818,0,2.14295532842377,2.82842712474619,0.480442458550402
630,"-1:-2|1:-2|2:0|2:2",4,TRUE,1,1,2,"mixed",2.32514076993644,2.82842712474619,3,4,2,2.20153397218646,4,8,1,25,0,TRUE,25,33554432,0,1,25,25,0.833333333333333,2,0.666666666666667,0.166666666666667,0.688332449299089,8.33333333333333,6,10,1.37666489859818,10,10,10,0,8.33333333333333,6,10,1.37666489859818,0,2.20153397218646,2.82842712474619,0.412644815400057
631,"-2:-1|0:-2|2:-2|2:2",4,TRUE,1,2,1,"mixed",2.47323055674804,2.82842712474619,3.25,4,2,2.10153397218646,3,8,1,25,0,TRUE,25,33554432,0,1,25,25,0.833333333333333,2,0.75,0.0833333333333333,0.553694392684741,8.33333333333333,6,10,1.10738878536948,9,8,10,1.01015254455221,8.33333333333333,6,10,1.10738878536948,0,2.10153397218646,2.82842712474619,0.561303011598098
632,"-2:-1|0:-2|1:2|2:-2",4,TRUE,1,1,2,"mixed",2.32514076993644,2.82842712474619,3,4,2,2.0607698869111,2,8,1,25,0,TRUE,25,33554432,0,1,25,25,0.833333333333333,2,0.75,0.0833333333333333,0.553694392684741,8.33333333333333,6,10,1.10738878536948,10,10,10,0,8.33333333333333,6,10,1.10738878536948,0,2.0607698869111,2.82842712474619,0.530437422427522
633,"-2:-1|0:-2|0:2|2:-2",4,TRUE,2,1,1,"mixed",2.26612377556149,2.82842712474619,2.75,4,2,2.07792717443648,3,8,1,25,0,TRUE,25,33554432,0,1,25,25,0.833333333333333,2,0.583333333333333,0.25,0.800640769025436,8.33333333333333,6,10,1.60128153805087,9,8,10,1.01015254455221,8.33333333333333,6,10,1.60128153805087,0,2.07792717443648,2.82842712474619,0.559978826721162
634,"-2:-1|-1:2|0:-2|2:-2",4,TRUE,1,1,2,"mixed",2.32514076993644,2.82842712474619,3,4,2,2.08371941369913,3,8,1,25,0,TRUE,25,33554432,0,1,25,25,0.833333333333333,2,0.583333333333333,0.25,0.800640769025436,8.33333333333333,6,10,1.60128153805087,10,10,10,0,8.33333333333333,6,10,1.60128153805087,0,2.08371941369913,2.82842712474619,0.419143842948326
635,"-2:-1|-2:2|0:-2|2:-2",4,TRUE,1,2,1,"mixed",2.47323055674804,2.82842712474619,3.25,4,2,2.11934853067379,3,8,1,25,0,TRUE,25,33554432,0,1,25,25,0.833333333333333,2,0.583333333333333,0.25,0.800640769025436,8.33333333333333,6,10,1.60128153805087,10,10,10,0,8.33333333333333,6,10,1.60128153805087,0,2.11934853067379,2.82842712474619,0.481158100063252
636,"-1:0|0:-2|2:-2|2:0",4,TRUE,3,1,0,"mixed",1.95710678118655,2.82842712474619,2.25,4,2,2.17213493517384,4,8,1,21,4,FALSE,21,2097152,4,16,25,25,0.833333333333333,3,0.5,0.25,0.98766077251289,8.33333333333333,4,10,1.97532154502578,9,8,10,1.01015254455221,8.33333333333333,4,10,1.97532154502578,0.0833333333333333,2.17213493517384,2.82842712474619,0.559592930816039
637,"-2:-2|-2:0|0:-2|0:2",4,TRUE,3,1,0,"mixed",2.20710678118655,2.82842712474619,2.5,4,2,2.17213493517384,4,8,1,21,4,FALSE,21,2097152,4,16,25,25,0.833333333333333,3,0.5,0.25,0.98766077251289,8.33333333333333,4,10,1.97532154502578,9,8,10,1.01015254455221,8.33333333333333,4,10,1.97532154502578,0.0833333333333333,2.17213493517384,2.82842712474619,0.559592930816039
638,"-1:-1|0:2|2:0|2:2",4,TRUE,2,2,0,"mixed",2.06066017177982,2.82842712474619,2.5,4,2,2.23716308916112,4,4,2,25,0,TRUE,25,33554432,0,1,25,25,0.833333333333333,2,0.583333333333333,0.25,0.800640769025436,8.33333333333333,6,10,1.60128153805087,10,10,10,0,8.33333333333333,6,10,1.60128153805087,0,2.23716308916112,2.82842712474619,0.4655955713982
639,"-1:-2|0:2|2:0|2:2",4,TRUE,2,1,1,"mixed",2.26612377556149,2.82842712474619,2.75,4,2,2.23716308916112,4,8,1,25,0,TRUE,25,33554432,0,1,25,25,0.833333333333333,2,0.583333333333333,0.25,0.800640769025436,8.33333333333333,6,10,1.60128153805087,10,10,10,0,8.33333333333333,6,10,1.60128153805087,0,2.23716308916112,2.82842712474619,0.4655955713982
640,"-2:-2|-2:0|0:-2|2:2",4,TRUE,2,2,0,"mixed",2.41421356237309,2.82842712474619,3,4,2,2.23716308916112,4,4,2,25,0,TRUE,25,33554432,0,1,25,25,0.833333333333333,2,0.583333333333333,0.25,0.800640769025436,8.33333333333333,6,10,1.60128153805087,10,10,10,0,8.33333333333333,6,10,1.60128153805087,0,2.23716308916112,2.82842712474619,0.4655955713982
641,"-1:0|0:-2|1:0|2:-2",4,TRUE,3,1,0,"mixed",1.70710678118655,2.82842712474619,2,4,2,2.03650581819918,3,8,1,25,0,TRUE,25,33554432,0,1,25,25,0.833333333333333,2,0.583333333333333,0.25,0.800640769025436,8.33333333333333,6,10,1.60128153805087,8,6,10,2.02030508910442,8.33333333333333,6,10,1.60128153805087,0,2.03650581819918,2.82842712474619,0.625960641681523
642,"-2:-2|-1:0|0:-2|2:0",4,TRUE,3,1,0,"mixed",1.95710678118655,2.82842712474619,2.25,4,2,2.13650581819918,4,8,1,21,4,FALSE,21,2097152,4,16,25,25,0.833333333333333,3,0.5,0.25,0.98766077251289,8.33333333333333,4,10,1.97532154502578,9,8,10,1.01015254455221,8.33333333333333,4,10,1.97532154502578,0.0833333333333333,2.13650581819918,2.82842712474619,0.511362981323306
643,"-1:-2|0:-1|2:-2|2:0",4,TRUE,2,1,1,"mixed",2.01612377556149,2.82842712474619,2.5,4,2,2.07792717443648,3,8,1,25,0,TRUE,25,33554432,0,1,25,25,0.833333333333333,2,0.666666666666667,0.166666666666667,0.688332449299089,8.33333333333333,6,10,1.37666489859818,9,8,10,1.01015254455221,8.33333333333333,6,10,1.37666489859818,0,2.07792717443648,2.82842712474619,0.559978826721162
644,"-1:-1|0:-1|2:-2|2:0",4,TRUE,2,2,0,"mixed",1.81066017177982,2.82842712474619,2.25,4,2,1.91869125971184,3,8,1,25,0,TRUE,25,33554432,0,1,25,25,0.833333333333333,2,0.666666666666667,0.166666666666667,0.688332449299089,8.33333333333333,6,10,1.37666489859818,8,8,8,0,8.33333333333333,6,10,1.37666489859818,0,1.91869125971184,2.82842712474619,0.595001260414515
645,"-1:0|0:-1|2:-2|2:0",4,TRUE,3,1,0,"mixed",1.70710678118655,2.82842712474619,2,4,2,1.95432037668651,3,8,1,25,0,TRUE,25,33554432,0,1,25,25,0.833333333333333,2,0.75,0.0833333333333333,0.553694392684741,8.33333333333333,6,10,1.10738878536948,8,8,8,0,8.33333333333333,6,10,1.10738878536948,0,1.95432037668651,2.82842712474619,0.650326298670236
646,"-1:-1|0:1|2:0|2:2",4,TRUE,2,2,0,"mixed",1.81066017177982,2.82842712474619,2.25,4,2,2.10153397218646,3,8,1,21,4,FALSE,21,2097152,4,16,25,25,0.833333333333333,2,0.666666666666667,0.166666666666667,0.688332449299089,8.33333333333333,6,10,1.37666489859818,9,8,10,1.01015254455221,8.33333333333333,6,10,1.37666489859818,0,2.10153397218646,2.82842712474619,0.561303011598098
647,"-1:-2|0:1|2:0|2:2",4,TRUE,2,1,1,"mixed",2.01612377556149,2.82842712474619,2.5,4,2,2.18371941369913,4,8,1,25,0,TRUE,25,33554432,0,1,25,25,0.833333333333333,2,0.75,0.0833333333333333,0.553694392684741,8.33333333333333,6,10,1.10738878536948,9,8,10,1.01015254455221,8.33333333333333,6,10,1.10738878536948,0,2.18371941369913,2.82842712474619,0.507027856163868
648,"-2:-2|-2:0|0:-1|2:-2",4,TRUE,2,2,0,"mixed",2.16421356237309,2.82842712474619,2.75,4,2,2.06011261594915,3,8,1,25,0,TRUE,25,33554432,0,1,25,25,0.833333333333333,2,0.75,0.0833333333333333,0.553694392684741,8.33333333333333,6,10,1.10738878536948,8,8,8,0,8.33333333333333,6,10,1.10738878536948,0,2.06011261594915,2.82842712474619,0.628875548196174
649,"-2:-1|0:-1|2:-2|2:0",4,TRUE,2,1,1,"mixed",2.01612377556149,2.82842712474619,2.5,4,2,1.93650581819917,2,8,1,25,0,TRUE,25,33554432,0,1,25,25,0.833333333333333,2,0.666666666666667,0.166666666666667,0.688332449299089,8.33333333333333,6,10,1.37666489859818,9,8,10,1.01015254455221,8.33333333333333,6,10,1.37666489859818,0,1.93650581819917,2.82842712474619,0.526988526209425
650,"-2:-2|-1:0|0:-2|0:2",4,TRUE,3,1,0,"mixed",1.95710678118655,2.82842712474619,2.25,4,2,1.97726990347453,3,8,1,21,4,FALSE,21,2097152,4,16,25,25,0.833333333333333,2,0.666666666666667,0.166666666666667,0.688332449299089,8.33333333333333,6,10,1.37666489859818,8,8,8,0,8.33333333333333,6,10,1.37666489859818,0,1.97726990347453,2.82842712474619,0.568041204309261
651,"-1:-2|0:2|1:0|2:2",4,TRUE,2,1,1,"mixed",2.01612377556149,2.82842712474619,2.5,4,2,2.10153397218646,3,8,1,25,0,TRUE,25,33554432,0,1,25,25,0.833333333333333,2,0.666666666666667,0.166666666666667,0.688332449299089,8.33333333333333,6,10,1.37666489859818,9,8,10,1.01015254455221,8.33333333333333,6,10,1.37666489859818,0,2.10153397218646,2.82842712474619,0.561303011598098
652,"-2:-2|-1:0|0:-2|2:2",4,TRUE,2,2,0,"mixed",2.16421356237309,2.82842712474619,2.75,4,2,2.1607698869111,3,8,1,25,0,TRUE,25,33554432,0,1,25,25,0.833333333333333,2,0.75,0.0833333333333333,0.553694392684741,8.33333333333333,6,10,1.10738878536948,9,8,10,1.01015254455221,8.33333333333333,6,10,1.10738878536948,0,2.1607698869111,2.82842712474619,0.606514171143573
653,"-2:-2|-2:0|0:1|0:2",4,TRUE,3,1,0,"mixed",1.95710678118655,2.82842712474619,2.25,4,2,2.09574173292382,3,8,1,25,0,TRUE,25,33554432,0,1,25,25,0.833333333333333,2,0.583333333333333,0.25,0.800640769025436,8.33333333333333,6,10,1.60128153805087,8,6,10,2.02030508910442,8.33333333333333,6,10,1.60128153805087,0,2.09574173292382,2.82842712474619,0.673190239647906
654,"-1:-2|0:1|2:-2|2:0",4,TRUE,2,1,1,"mixed",2.01612377556149,2.82842712474619,2.5,4,2,2.21934853067379,4,8,1,25,0,TRUE,25,33554432,0,1,25,25,0.833333333333333,2,0.666666666666667,0.166666666666667,0.688332449299089,8.33333333333333,6,10,1.37666489859818,9,8,10,1.01015254455221,8.33333333333333,6,10,1.37666489859818,0,2.21934853067379,2.82842712474619,0.552260103168055
655,"-1:-1|0:1|2:-2|2:0",4,TRUE,2,2,0,"mixed",1.81066017177982,2.82842712474619,2.25,4,2,2.10153397218646,3,8,1,25,0,TRUE,25,33554432,0,1,25,25,0.833333333333333,2,0.75,0.0833333333333333,0.553694392684741,8.33333333333333,6,10,1.10738878536948,9,8,10,1.01015254455221,8.33333333333333,6,10,1.10738878536948,0,2.10153397218646,2.82842712474619,0.561303011598098
656,"-1:0|0:-1|0:2|2:2",4,TRUE,3,1,0,"mixed",1.70710678118655,2.82842712474619,2,4,2,2.01355629141115,3,8,1,21,4,FALSE,21,2097152,4,16,25,25,0.833333333333333,2,0.666666666666667,0.166666666666667,0.688332449299089,8.33333333333333,6,10,1.37666489859818,8,8,8,0,8.33333333333333,6,10,1.37666489859818,0,2.01355629141115,2.82842712474619,0.703634265256378
657,"-1:-1|-1:0|0:2|2:2",4,TRUE,2,2,0,"mixed",1.81066017177982,2.82842712474619,2.25,4,2,2.03716308916112,3,8,1,25,0,TRUE,25,33554432,0,1,25,25,0.833333333333333,2,0.75,0.0833333333333333,0.553694392684741,8.33333333333333,6,10,1.10738878536948,8,8,8,0,8.33333333333333,6,10,1.10738878536948,0,2.03716308916112,2.82842712474619,0.707080498450027
658,"-1:-2|0:-1|2:0|2:2",4,TRUE,2,1,1,"mixed",2.01612377556149,2.82842712474619,2.5,4,2,2.1607698869111,3,8,1,25,0,TRUE,25,33554432,0,1,25,25,0.833333333333333,2,0.666666666666667,0.166666666666667,0.688332449299089,8.33333333333333,6,10,1.37666489859818,9,8,10,1.01015254455221,8.33333333333333,6,10,1.37666489859818,0,2.1607698869111,2.82842712474619,0.606514171143573
659,"-1:0|0:-2|2:-2|2:2",4,TRUE,2,2,0,"mixed",2.16421356237309,2.82842712474619,2.75,4,2,2.17858444539843,3,8,1,25,0,TRUE,25,33554432,0,1,25,25,0.833333333333333,2,0.666666666666667,0.166666666666667,0.688332449299089,8.33333333333333,6,10,1.37666489859818,8,8,8,0,8.33333333333333,6,10,1.37666489859818,0,2.17858444539843,2.82842712474619,0.710062449732415
660,"-1:0|0:-2|1:2|2:-2",4,TRUE,2,1,1,"mixed",2.01612377556149,2.82842712474619,2.5,4,2,2.07858444539843,2,8,1,25,0,TRUE,25,33554432,0,1,25,25,0.833333333333333,2,0.75,0.0833333333333333,0.553694392684741,8.33333333333333,6,10,1.10738878536948,9,8,10,1.01015254455221,8.33333333333333,6,10,1.10738878536948,0,2.07858444539843,2.82842712474619,0.649347281975168
661,"-1:0|0:-2|0:2|2:-2",4,TRUE,3,1,0,"mixed",1.95710678118655,2.82842712474619,2.25,4,2,2.03650581819918,3,8,1,25,0,TRUE,25,33554432,0,1,25,25,0.833333333333333,2,0.75,0.0833333333333333,0.553694392684741,8.33333333333333,6,10,1.10738878536948,8,8,8,0,8.33333333333333,6,10,1.10738878536948,0,2.03650581819918,2.82842712474619,0.625960641681523
662,"-1:-2|-1:0|0:2|2:2",4,TRUE,2,1,1,"mixed",2.01612377556149,2.82842712474619,2.5,4,2,2.07792717443648,3,8,1,25,0,TRUE,25,33554432,0,1,25,25,0.833333333333333,2,0.666666666666667,0.166666666666667,0.688332449299089,8.33333333333333,6,10,1.37666489859818,9,8,10,1.01015254455221,8.33333333333333,6,10,1.37666489859818,0,2.07792717443648,2.82842712474619,0.559978826721162
663,"-2:-2|-1:0|0:2|2:2",4,TRUE,2,2,0,"mixed",2.16421356237309,2.82842712474619,2.75,4,2,2.1607698869111,3,8,1,21,4,FALSE,21,2097152,4,16,25,25,0.833333333333333,2,0.666666666666667,0.166666666666667,0.688332449299089,8.33333333333333,6,10,1.37666489859818,9,8,10,1.01015254455221,8.33333333333333,6,10,1.37666489859818,0,2.1607698869111,2.82842712474619,0.606514171143573
664,"-1:-2|0:2|2:-2|2:0",4,TRUE,2,1,1,"mixed",2.26612377556149,2.82842712474619,2.75,4,2,2.23716308916112,4,8,1,21,4,FALSE,21,2097152,4,16,25,25,0.833333333333333,3,0.5,0.25,0.98766077251289,8.33333333333333,4,10,1.97532154502578,10,10,10,0,8.33333333333333,4,10,1.97532154502578,0.0833333333333333,2.23716308916112,2.82842712474619,0.4655955713982
665,"-1:-1|0:2|2:-2|2:0",4,TRUE,2,2,0,"mixed",2.06066017177982,2.82842712474619,2.5,4,2,2.20153397218646,4,8,1,25,0,TRUE,25,33554432,0,1,25,25,0.833333333333333,2,0.583333333333333,0.25,0.800640769025436,8.33333333333333,6,10,1.60128153805087,10,10,10,0,8.33333333333333,6,10,1.60128153805087,0,2.20153397218646,2.82842712474619,0.412644815400057
666,"-1:0|0:-2|2:0|2:2",4,TRUE,3,1,0,"mixed",1.95710678118655,2.82842712474619,2.25,4,2,2.19574173292381,4,8,1,25,0,TRUE,25,33554432,0,1,25,25,0.833333333333333,2,0.583333333333333,0.25,0.800640769025436,8.33333333333333,6,10,1.60128153805087,9,8,10,1.01015254455221,8.33333333333333,6,10,1.60128153805087,0,2.19574173292381,2.82842712474619,0.556495225393037
667,"-1:-1|0:-2|2:0|2:2",4,TRUE,2,2,0,"mixed",2.06066017177982,2.82842712474619,2.5,4,2,2.17858444539843,3,8,1,21,4,FALSE,21,2097152,4,16,25,25,0.833333333333333,3,0.5,0.25,0.98766077251289,8.33333333333333,4,10,1.97532154502578,10,10,10,0,8.33333333333333,4,10,1.97532154502578,0.0833333333333333,2.17858444539843,2.82842712474619,0.531005141498437
668,"-1:-2|0:-2|2:0|2:2",4,TRUE,2,1,1,"mixed",2.26612377556149,2.82842712474619,2.75,4,2,2.21934853067379,4,8,1,25,0,TRUE,25,33554432,0,1,25,25,0.833333333333333,2,0.666666666666667,0.166666666666667,0.688332449299089,8.33333333333333,6,10,1.37666489859818,9,8,10,1.01015254455221,8.33333333333333,6,10,1.37666489859818,0,2.21934853067379,2.82842712474619,0.552260103168055
669,"-2:-2|-2:0|0:2|2:-2",4,TRUE,2,2,0,"mixed",2.41421356237309,2.82842712474619,3,4,2,2.21934853067379,4,8,1,25,0,TRUE,25,33554432,0,1,25,25,0.833333333333333,2,0.666666666666667,0.166666666666667,0.688332449299089,8.33333333333333,6,10,1.37666489859818,9,8,10,1.01015254455221,8.33333333333333,6,10,1.37666489859818,0,2.21934853067379,2.82842712474619,0.552260103168055
670,"-2:-1|0:2|2:-2|2:0",4,TRUE,2,1,1,"mixed",2.26612377556149,2.82842712474619,2.75,4,2,2.17858444539843,3,8,1,21,4,FALSE,21,2097152,4,16,25,25,0.833333333333333,3,0.5,0.25,0.98766077251289,8.33333333333333,4,10,1.97532154502578,10,10,10,0,8.33333333333333,4,10,1.97532154502578,0.0833333333333333,2.17858444539843,2.82842712474619,0.531005141498437
671,"-2:-2|-2:0|0:2|2:0",4,TRUE,3,1,0,"mixed",2.20710678118655,2.82842712474619,2.5,4,2,2.19574173292381,4,8,1,25,0,TRUE,25,33554432,0,1,25,25,0.833333333333333,2,0.583333333333333,0.25,0.800640769025436,8.33333333333333,6,10,1.60128153805087,9,8,10,1.01015254455221,8.33333333333333,6,10,1.60128153805087,0,2.19574173292381,2.82842712474619,0.556495225393037
672,"-2:-1|0:-2|2:0|2:2",4,TRUE,2,1,1,"mixed",2.26612377556149,2.82842712474619,2.75,4,2,2.20153397218646,4,8,1,25,0,TRUE,25,33554432,0,1,25,25,0.833333333333333,2,0.583333333333333,0.25,0.800640769025436,8.33333333333333,6,10,1.60128153805087,10,10,10,0,8.33333333333333,6,10,1.60128153805087,0,2.20153397218646,2.82842712474619,0.412644815400057
673,"-2:-2|-2:0|0:2|2:2",4,TRUE,2,2,0,"mixed",2.41421356237309,2.82842712474619,3,4,2,2.23716308916112,4,4,2,21,4,FALSE,21,2097152,4,16,25,25,0.833333333333333,3,0.5,0.25,0.98766077251289,8.33333333333333,4,10,1.97532154502578,10,10,10,0,8.33333333333333,4,10,1.97532154502578,0.0833333333333333,2.23716308916112,2.82842712474619,0.4655955713982
674,"-1:-2|-1:-1|2:-2|2:0",4,TRUE,1,2,1,"mixed",2.11967716615477,2.82842712474619,2.75,4,2,2.07792717443648,3,8,1,25,0,TRUE,25,33554432,0,1,25,25,0.833333333333333,2,0.666666666666667,0.166666666666667,0.688332449299089,8.33333333333333,6,10,1.37666489859818,9,8,10,1.01015254455221,8.33333333333333,6,10,1.37666489859818,0,2.07792717443648,2.82842712474619,0.559978826721162
675,"-1:-2|-1:0|2:-2|2:0",4,TRUE,2,1,1,"mixed",2.01612377556149,2.82842712474619,2.5,4,2,2.17213493517384,4,8,1,21,4,FALSE,21,2097152,4,16,25,25,0.833333333333333,3,0.5,0.25,0.98766077251289,8.33333333333333,4,10,1.97532154502578,9,8,10,1.01015254455221,8.33333333333333,4,10,1.97532154502578,0.0833333333333333,2.17213493517384,2.82842712474619,0.559592930816039
676,"-1:-1|-1:2|2:0|2:2",4,TRUE,1,2,1,"mixed",2.11967716615477,2.82842712474619,2.75,4,2,2.23716308916112,4,8,1,21,4,FALSE,21,2097152,4,16,25,25,0.833333333333333,3,0.5,0.25,0.98766077251289,8.33333333333333,4,10,1.97532154502578,10,10,10,0,8.33333333333333,4,10,1.97532154502578,0.0833333333333333,2.23716308916112,2.82842712474619,0.4655955713982
677,"-1:-2|-1:2|2:-2|2:0",4,TRUE,1,1,2,"mixed",2.32514076993644,2.82842712474619,3,4,2,2.21934853067379,4,8,1,25,0,TRUE,25,33554432,0,1,25,25,0.833333333333333,2,0.666666666666667,0.166666666666667,0.688332449299089,8.33333333333333,6,10,1.37666489859818,9,8,10,1.01015254455221,8.33333333333333,6,10,1.37666489859818,0,2.21934853067379,2.82842712474619,0.552260103168055
678,"-2:-1|-1:-2|2:-2|2:0",4,TRUE,1,1,2,"mixed",2.32514076993644,2.82842712474619,3,4,2,2.03716308916112,2,8,1,25,0,TRUE,25,33554432,0,1,25,25,0.833333333333333,2,0.583333333333333,0.25,0.800640769025436,8.33333333333333,6,10,1.60128153805087,10,10,10,0,8.33333333333333,6,10,1.60128153805087,0,2.03716308916112,2.82842712474619,0.527011014179131
679,"-2:-1|-2:2|0:-2|0:2",4,TRUE,2,1,1,"mixed",2.26612377556149,2.82842712474619,2.75,4,2,2.13650581819918,4,8,1,21,4,FALSE,21,2097152,4,16,25,25,0.833333333333333,3,0.5,0.25,0.98766077251289,8.33333333333333,4,10,1.97532154502578,9,8,10,1.01015254455221,8.33333333333333,4,10,1.97532154502578,0.0833333333333333,2.13650581819918,2.82842712474619,0.511362981323306
680,"-1:-2|0:2|2:-1|2:2",4,TRUE,1,1,2,"mixed",2.32514076993644,2.82842712474619,3,4,2,2.20153397218646,4,8,1,25,0,TRUE,25,33554432,0,1,25,25,0.833333333333333,2,0.583333333333333,0.25,0.800640769025436,8.33333333333333,6,10,1.60128153805087,10,10,10,0,8.33333333333333,6,10,1.60128153805087,0,2.20153397218646,2.82842712474619,0.412644815400057
681,"-2:-1|-2:2|0:2|2:-2",4,TRUE,1,2,1,"mixed",2.47323055674804,2.82842712474619,3.25,4,2,2.17858444539843,3,8,1,21,4,FALSE,21,2097152,4,16,25,25,0.833333333333333,3,0.5,0.25,0.98766077251289,8.33333333333333,4,10,1.97532154502578,10,10,10,0,8.33333333333333,4,10,1.97532154502578,0.0833333333333333,2.17858444539843,2.82842712474619,0.531005141498437
682,"-1:-1|-1:0|2:-2|2:0",4,TRUE,2,2,0,"mixed",1.81066017177982,2.82842712474619,2.25,4,2,1.95432037668651,3,8,1,25,0,TRUE,25,33554432,0,1,25,25,0.833333333333333,2,0.75,0.0833333333333333,0.553694392684741,8.33333333333333,6,10,1.10738878536948,8,8,8,0,8.33333333333333,6,10,1.10738878536948,0,1.95432037668651,2.82842712474619,0.650326298670236
683,"-1:-1|-1:1|2:-2|2:0",4,TRUE,1,3,0,"mixed",1.9142135623731,2.82842712474619,2.5,4,2,2.11934853067379,3,8,1,25,0,TRUE,25,33554432,0,1,25,25,0.833333333333333,2,0.583333333333333,0.25,0.800640769025436,8.33333333333333,6,10,1.60128153805087,10,10,10,0,8.33333333333333,6,10,1.60128153805087,0,2.11934853067379,2.82842712474619,0.481158100063252
684,"-1:-1|-1:2|2:-2|2:0",4,TRUE,1,2,1,"mixed",2.11967716615477,2.82842712474619,2.75,4,2,2.20153397218646,4,8,1,25,0,TRUE,25,33554432,0,1,25,25,0.833333333333333,2,0.666666666666667,0.166666666666667,0.688332449299089,8.33333333333333,6,10,1.37666489859818,10,10,10,0,8.33333333333333,6,10,1.37666489859818,0,2.20153397218646,2.82842712474619,0.412644815400057
685,"-2:-2|-1:-1|2:-2|2:0",4,TRUE,1,3,0,"mixed",2.26776695296637,2.82842712474619,3,4,2,2.01934853067379,2,8,1,25,0,TRUE,25,33554432,0,1,25,25,0.833333333333333,2,0.75,0.0833333333333333,0.553694392684741,8.33333333333333,6,10,1.10738878536948,9,8,10,1.01015254455221,8.33333333333333,6,10,1.10738878536948,0,2.01934853067379,2.82842712474619,0.598360270206642
686,"-2:-1|-1:-1|2:-2|2:0",4,TRUE,1,2,1,"mixed",2.11967716615477,2.82842712474619,2.75,4,2,1.87792717443648,1,8,1,25,0,TRUE,25,33554432,0,1,25,25,0.833333333333333,2,0.666666666666667,0.166666666666667,0.688332449299089,8.33333333333333,6,10,1.37666489859818,9,8,10,1.01015254455221,8.33333333333333,6,10,1.37666489859818,0,1.87792717443648,2.82842712474619,0.551149835962157
687,"-2:-2|-1:1|0:-2|0:2",4,TRUE,2,2,0,"mixed",2.06066017177982,2.82842712474619,2.5,4,2,1.93650581819917,2,8,1,25,0,TRUE,25,33554432,0,1,25,25,0.833333333333333,2,0.75,0.0833333333333333,0.553694392684741,8.33333333333333,6,10,1.10738878536948,9,8,10,1.01015254455221,8.33333333333333,6,10,1.10738878536948,0,1.93650581819917,2.82842712474619,0.526988526209425
688,"-1:-2|0:2|1:-1|2:2",4,TRUE,1,2,1,"mixed",2.11967716615477,2.82842712474619,2.75,4,2,2.08371941369913,3,8,1,25,0,TRUE,25,33554432,0,1,25,25,0.833333333333333,2,0.583333333333333,0.25,0.800640769025436,8.33333333333333,6,10,1.60128153805087,10,10,10,0,8.33333333333333,6,10,1.60128153805087,0,2.08371941369913,2.82842712474619,0.419143842948326
689,"-2:-2|-1:1|0:-2|2:2",4,TRUE,1,3,0,"mixed",2.26776695296637,2.82842712474619,3,4,2,2.14295532842377,3,8,1,25,0,TRUE,25,33554432,0,1,25,25,0.833333333333333,2,0.666666666666667,0.166666666666667,0.688332449299089,8.33333333333333,6,10,1.37666489859818,10,10,10,0,8.33333333333333,6,10,1.37666489859818,0,2.14295532842377,2.82842712474619,0.480442458550402
690,"-1:-1|-1:0|2:0|2:2",4,TRUE,2,2,0,"mixed",1.81066017177982,2.82842712474619,2.25,4,2,2.01355629141115,3,8,1,21,4,FALSE,21,2097152,4,16,25,25,0.833333333333333,2,0.666666666666667,0.166666666666667,0.688332449299089,8.33333333333333,6,10,1.37666489859818,8,8,8,0,8.33333333333333,6,10,1.37666489859818,0,2.01355629141115,2.82842712474619,0.703634265256378
691,"-1:-2|-1:0|2:0|2:2",4,TRUE,2,1,1,"mixed",2.01612377556149,2.82842712474619,2.5,4,2,2.19574173292381,4,8,1,25,0,TRUE,25,33554432,0,1,25,25,0.833333333333333,2,0.583333333333333,0.25,0.800640769025436,8.33333333333333,6,10,1.60128153805087,9,8,10,1.01015254455221,8.33333333333333,6,10,1.60128153805087,0,2.19574173292381,2.82842712474619,0.556495225393037
692,"-2:-2|-1:0|2:-2|2:0",4,TRUE,2,2,0,"mixed",2.16421356237309,2.82842712474619,2.75,4,2,2.09574173292382,3,8,1,25,0,TRUE,25,33554432,0,1,25,25,0.833333333333333,2,0.583333333333333,0.25,0.800640769025436,8.33333333333333,6,10,1.60128153805087,8,6,10,2.02030508910442,8.33333333333333,6,10,1.60128153805087,0,2.09574173292382,2.82842712474619,0.673190239647906
693,"-2:-1|-1:0|2:-2|2:0",4,TRUE,2,1,1,"mixed",2.01612377556149,2.82842712474619,2.5,4,2,1.91355629141115,1,8,1,21,4,FALSE,21,2097152,4,16,25,25,0.833333333333333,2,0.666666666666667,0.166666666666667,0.688332449299089,8.33333333333333,6,10,1.37666489859818,9,8,10,1.01015254455221,8.33333333333333,6,10,1.37666489859818,0,1.91355629141115,2.82842712474619,0.613099882745982
694,"-2:-2|-2:0|1:0|2:0",4,TRUE,3,1,0,"mixed",1.95710678118655,2.82842712474619,2.25,4,2,1.88929222269922,2,8,1,21,4,FALSE,21,2097152,4,16,25,25,0.833333333333333,3,0.5,0.166666666666667,1.06897047752888,8.33333333333333,4,10,2.13794095505776,7,4,10,3.03045763365663,8.33333333333333,4,10,2.13794095505776,0.166666666666667,1.88929222269922,2.82842712474619,0.691676624224108
695,"-1:-2|0:-1|0:2|2:2",4,TRUE,2,1,1,"mixed",2.01612377556149,2.82842712474619,2.5,4,2,1.99574173292381,2,8,1,25,0,TRUE,25,33554432,0,1,25,25,0.833333333333333,2,0.75,0.0833333333333333,0.553694392684741,8.33333333333333,6,10,1.10738878536948,9,8,10,1.01015254455221,8.33333333333333,6,10,1.10738878536948,0,1.99574173292381,2.82842712474619,0.593497107983451
696,"-2:-2|-1:0|2:0|2:2",4,TRUE,2,2,0,"mixed",2.16421356237309,2.82842712474619,2.75,4,2,2.13716308916112,3,8,1,25,0,TRUE,25,33554432,0,1,25,25,0.833333333333333,2,0.666666666666667,0.166666666666667,0.688332449299089,8.33333333333333,6,10,1.37666489859818,9,8,10,1.01015254455221,8.33333333333333,6,10,1.37666489859818,0,2.13716308916112,2.82842712474619,0.607850429635522
697,"-1:-2|-1:-1|2:0|2:2",4,TRUE,1,2,1,"mixed",2.11967716615477,2.82842712474619,2.75,4,2,2.1607698869111,3,8,1,25,0,TRUE,25,33554432,0,1,25,25,0.833333333333333,2,0.75,0.0833333333333333,0.553694392684741,8.33333333333333,6,10,1.10738878536948,9,8,10,1.01015254455221,8.33333333333333,6,10,1.10738878536948,0,2.1607698869111,2.82842712474619,0.606514171143573
698,"-1:-1|0:2|2:-2|2:2",4,TRUE,1,3,0,"mixed",2.26776695296637,2.82842712474619,3,4,2,2.1607698869111,3,8,1,21,4,FALSE,21,2097152,4,16,25,25,0.833333333333333,2,0.666666666666667,0.166666666666667,0.688332449299089,8.33333333333333,6,10,1.37666489859818,9,8,10,1.01015254455221,8.33333333333333,6,10,1.37666489859818,0,2.1607698869111,2.82842712474619,0.606514171143573
699,"-1:-1|0:2|1:-2|2:2",4,TRUE,1,2,1,"mixed",2.11967716615477,2.82842712474619,2.75,4,2,2.0607698869111,2,8,1,25,0,TRUE,25,33554432,0,1,25,25,0.833333333333333,2,0.583333333333333,0.25,0.800640769025436,8.33333333333333,6,10,1.60128153805087,10,10,10,0,8.33333333333333,6,10,1.60128153805087,0,2.0607698869111,2.82842712474619,0.530437422427522
700,"-1:-1|0:-2|0:2|2:2",4,TRUE,2,2,0,"mixed",2.06066017177982,2.82842712474619,2.5,4,2,1.99574173292381,2,8,1,25,0,TRUE,25,33554432,0,1,25,25,0.833333333333333,2,0.666666666666667,0.166666666666667,0.688332449299089,8.33333333333333,6,10,1.37666489859818,9,8,10,1.01015254455221,8.33333333333333,6,10,1.37666489859818,0,1.99574173292381,2.82842712474619,0.593497107983451
701,"-1:-2|-1:-1|0:2|2:2",4,TRUE,1,2,1,"mixed",2.11967716615477,2.82842712474619,2.75,4,2,2.01934853067379,2,8,1,25,0,TRUE,25,33554432,0,1,25,25,0.833333333333333,2,0.75,0.0833333333333333,0.553694392684741,8.33333333333333,6,10,1.10738878536948,9,8,10,1.01015254455221,8.33333333333333,6,10,1.10738878536948,0,2.01934853067379,2.82842712474619,0.598360270206642
702,"-2:-2|-1:-1|0:2|2:2",4,TRUE,1,3,0,"mixed",2.26776695296637,2.82842712474619,3,4,2,2.12000580163574,2,8,1,21,4,FALSE,21,2097152,4,16,25,25,0.833333333333333,3,0.5,0.166666666666667,1.06897047752888,8.33333333333333,4,10,2.13794095505776,10,10,10,0,8.33333333333333,4,10,2.13794095505776,0.166666666666667,2.12000580163574,2.82842712474619,0.582690503927722
703,"-2:-1|0:2|2:-2|2:2",4,TRUE,1,2,1,"mixed",2.47323055674804,2.82842712474619,3.25,4,2,2.1607698869111,3,8,1,25,0,TRUE,25,33554432,0,1,25,25,0.833333333333333,2,0.666666666666667,0.166666666666667,0.688332449299089,8.33333333333333,6,10,1.37666489859818,9,8,10,1.01015254455221,8.33333333333333,6,10,1.37666489859818,0,2.1607698869111,2.82842712474619,0.606514171143573
704,"-2:-1|-1:2|2:-2|2:0",4,TRUE,1,1,2,"mixed",2.32514076993644,2.82842712474619,3,4,2,2.14295532842377,3,8,1,25,0,TRUE,25,33554432,0,1,25,25,0.833333333333333,2,0.75,0.0833333333333333,0.553694392684741,8.33333333333333,6,10,1.10738878536948,10,10,10,0,8.33333333333333,6,10,1.10738878536948,0,2.14295532842377,2.82842712474619,0.480442458550402
705,"-2:-1|0:-2|0:2|2:2",4,TRUE,2,1,1,"mixed",2.26612377556149,2.82842712474619,2.75,4,2,2.16011261594915,4,8,1,25,0,TRUE,25,33554432,0,1,25,25,0.833333333333333,2,0.666666666666667,0.166666666666667,0.688332449299089,8.33333333333333,6,10,1.37666489859818,9,8,10,1.01015254455221,8.33333333333333,6,10,1.37666489859818,0,2.16011261594915,2.82842712474619,0.509807683148267
706,"-2:-1|-1:-2|0:2|2:2",4,TRUE,1,1,2,"mixed",2.32514076993644,2.82842712474619,3,4,2,2.14295532842377,3,8,1,25,0,TRUE,25,33554432,0,1,25,25,0.833333333333333,2,0.583333333333333,0.25,0.800640769025436,8.33333333333333,6,10,1.60128153805087,10,10,10,0,8.33333333333333,6,10,1.60128153805087,0,2.14295532842377,2.82842712474619,0.480442458550402
707,"-2:-2|-2:0|2:-2|2:0",4,TRUE,2,2,0,"mixed",2.41421356237309,2.82842712474619,3,4,2,2.0128990204492,3,4,2,25,0,TRUE,25,33554432,0,1,25,25,0.833333333333333,2,0.583333333333333,0.25,0.800640769025436,8.33333333333333,6,10,1.60128153805087,8,6,10,2.02030508910442,8.33333333333333,6,10,1.60128153805087,0,2.0128990204492,2.82842712474619,0.622037452851217
708,"-1:-2|0:2|2:-2|2:2",4,TRUE,1,2,1,"mixed",2.47323055674804,2.82842712474619,3.25,4,2,2.07792717443648,3,8,1,25,0,TRUE,25,33554432,0,1,25,25,0.833333333333333,2,0.666666666666667,0.166666666666667,0.688332449299089,8.33333333333333,6,10,1.37666489859818,9,8,10,1.01015254455221,8.33333333333333,6,10,1.37666489859818,0,2.07792717443648,2.82842712474619,0.559978826721162
709,"-2:-2|-2:0|2:-2|2:2",4,TRUE,1,3,0,"mixed",2.62132034355964,2.82842712474619,3.5,4,2,2.03716308916112,3,8,1,25,0,TRUE,25,33554432,0,1,25,25,0.833333333333333,2,0.75,0.0833333333333333,0.553694392684741,8.33333333333333,6,10,1.10738878536948,8,8,8,0,8.33333333333333,6,10,1.10738878536948,0,2.03716308916112,2.82842712474619,0.707080498450027
710,"-2:-1|-2:0|2:-2|2:0",4,TRUE,2,1,1,"mixed",2.26612377556149,2.82842712474619,2.75,4,2,1.8128990204492,2,8,1,25,0,TRUE,25,33554432,0,1,25,25,0.833333333333333,2,0.75,0.0833333333333333,0.553694392684741,8.33333333333333,6,10,1.10738878536948,8,8,8,0,8.33333333333333,6,10,1.10738878536948,0,1.8128990204492,2.82842712474619,0.590100878056122
711,"-1:-2|0:2|1:-2|2:2",4,TRUE,1,1,2,"mixed",2.32514076993644,2.82842712474619,3,4,2,1.97792717443648,2,8,1,25,0,TRUE,25,33554432,0,1,25,25,0.833333333333333,2,0.666666666666667,0.166666666666667,0.688332449299089,8.33333333333333,6,10,1.37666489859818,10,10,10,0,8.33333333333333,6,10,1.37666489859818,0,1.97792717443648,2.82842712474619,0.456805444394614
712,"-2:-1|-2:2|2:-2|2:0",4,TRUE,1,2,1,"mixed",2.47323055674804,2.82842712474619,3.25,4,2,2.03716308916112,2,8,1,25,0,TRUE,25,33554432,0,1,25,25,0.833333333333333,2,0.583333333333333,0.25,0.800640769025436,8.33333333333333,6,10,1.60128153805087,10,10,10,0,8.33333333333333,6,10,1.60128153805087,0,2.03716308916112,2.82842712474619,0.527011014179131
713,"-1:-2|0:-2|0:2|2:2",4,TRUE,2,1,1,"mixed",2.26612377556149,2.82842712474619,2.75,4,2,1.89508446196187,3,8,1,25,0,TRUE,25,33554432,0,1,25,25,0.833333333333333,2,0.75,0.0833333333333333,0.553694392684741,8.33333333333333,6,10,1.10738878536948,8,8,8,0,8.33333333333333,6,10,1.10738878536948,0,1.89508446196187,2.82842712474619,0.585619218368906
714,"-2:-2|-2:0|2:0|2:2",4,TRUE,2,2,0,"mixed",2.41421356237309,2.82842712474619,3,4,2,2.05432037668651,3,4,2,17,8,FALSE,17,131072,8,256,25,25,0.833333333333333,2,0.5,0.333333333333333,0.899027097085065,8.33333333333333,6,10,1.79805419417013,9,8,10,1.01015254455221,8.33333333333333,6,10,1.79805419417013,0,2.05432037668651,2.82842712474619,0.557542016284786
715,"-1:-2|0:-1|1:-1|2:-2",4,TRUE,1,2,1,"mixed",1.86967716615477,2.82842712474619,2.5,4,2,1.77792717443648,1,8,1,25,0,TRUE,25,33554432,0,1,25,25,0.833333333333333,2,0.75,0.0833333333333333,0.553694392684741,8.33333333333333,6,10,1.10738878536948,8,8,8,0,8.33333333333333,6,10,1.10738878536948,0,1.77792717443648,2.82842712474619,0.613709089969705
716,"-1:-2|-1:-1|1:-1|2:-2",4,TRUE,0,3,1,"off_axis",1.97323055674804,2.82842712474619,2.75,4,2,1.87792717443648,1,8,1,25,0,TRUE,25,33554432,0,1,25,25,0.833333333333333,2,0.583333333333333,0.25,0.800640769025436,8.33333333333333,6,10,1.60128153805087,9,8,10,1.01015254455221,8.33333333333333,6,10,1.60128153805087,0,1.87792717443648,2.82842712474619,0.551149835962157
717,"-2:-1|-1:-2|1:-1|2:-2",4,TRUE,0,2,2,"off_axis",2.17869416052972,2.82842712474619,3,4,2,1.91934853067379,1,8,1,21,4,FALSE,21,2097152,4,16,25,25,0.833333333333333,3,0.5,0.25,0.98766077251289,8.33333333333333,4,10,1.97532154502578,10,10,10,0,8.33333333333333,4,10,1.97532154502578,0.0833333333333333,1.91934853067379,2.82842712474619,0.49001271842944
718,"-1:-2|1:-1|1:0|2:-2",4,TRUE,1,2,1,"mixed",1.86967716615477,2.82842712474619,2.5,4,2,1.91934853067379,2,8,1,25,0,TRUE,25,33554432,0,1,25,25,0.833333333333333,2,0.75,0.0833333333333333,0.553694392684741,8.33333333333333,6,10,1.10738878536948,8,8,8,0,8.33333333333333,6,10,1.10738878536948,0,1.91934853067379,2.82842712474619,0.679951973631102
719,"-1:-2|-1:0|1:-1|2:-2",4,TRUE,1,2,1,"mixed",1.86967716615477,2.82842712474619,2.5,4,2,2.01934853067379,2,8,1,25,0,TRUE,25,33554432,0,1,25,25,0.833333333333333,2,0.75,0.0833333333333333,0.553694392684741,8.33333333333333,6,10,1.10738878536948,9,8,10,1.01015254455221,8.33333333333333,6,10,1.10738878536948,0,2.01934853067379,2.82842712474619,0.598360270206642
720,"-2:-1|-2:2|-1:1|0:-2",4,TRUE,1,2,1,"mixed",2.11967716615477,2.82842712474619,2.75,4,2,2.08371941369913,3,8,1,17,8,FALSE,17,131072,8,256,25,25,0.833333333333333,2,0.5,0.333333333333333,0.899027097085065,8.33333333333333,6,10,1.79805419417013,10,10,10,0,8.33333333333333,6,10,1.79805419417013,0,2.08371941369913,2.82842712474619,0.419143842948326
721,"-1:-2|1:-1|2:-2|2:1",4,TRUE,0,2,2,"off_axis",2.17869416052972,2.82842712474619,3,4,2,2.14295532842377,3,4,2,25,0,TRUE,25,33554432,0,1,25,25,0.833333333333333,2,0.583333333333333,0.25,0.800640769025436,8.33333333333333,6,10,1.60128153805087,10,10,10,0,8.33333333333333,6,10,1.60128153805087,0,2.14295532842377,2.82842712474619,0.480442458550402
722,"-1:-1|1:-1|2:-2|2:1",4,TRUE,0,3,1,"off_axis",1.97323055674804,2.82842712474619,2.75,4,2,2.0607698869111,2,8,1,25,0,TRUE,25,33554432,0,1,25,25,0.833333333333333,2,0.583333333333333,0.25,0.800640769025436,8.33333333333333,6,10,1.60128153805087,10,10,10,0,8.33333333333333,6,10,1.60128153805087,0,2.0607698869111,2.82842712474619,0.530437422427522
723,"-1:-2|0:1|1:-1|2:-2",4,TRUE,1,2,1,"mixed",1.86967716615477,2.82842712474619,2.5,4,2,2.04295532842377,2,8,1,25,0,TRUE,25,33554432,0,1,25,25,0.833333333333333,2,0.666666666666667,0.166666666666667,0.688332449299089,8.33333333333333,6,10,1.37666489859818,9,8,10,1.01015254455221,8.33333333333333,6,10,1.37666489859818,0,2.04295532842377,2.82842712474619,0.60215679580886
724,"-1:-1|-1:2|1:1|2:2",4,TRUE,0,3,1,"off_axis",1.97323055674804,2.82842712474619,2.75,4,2,2.12000580163574,2,8,1,21,4,FALSE,21,2097152,4,16,25,25,0.833333333333333,3,0.5,0.166666666666667,1.06897047752888,8.33333333333333,4,10,2.13794095505776,10,10,10,0,8.33333333333333,4,10,2.13794095505776,0.166666666666667,2.12000580163574,2.82842712474619,0.582690503927722
725,"-1:-2|1:1|2:-1|2:2",4,TRUE,0,2,2,"off_axis",2.17869416052972,2.82842712474619,3,4,2,2.16656212617375,3,8,1,21,4,FALSE,21,2097152,4,16,25,25,0.833333333333333,2,0.666666666666667,0.166666666666667,0.688332449299089,8.33333333333333,6,10,1.37666489859818,10,10,10,0,8.33333333333333,6,10,1.37666489859818,0,2.16656212617375,2.82842712474619,0.478433268804974
726,"-1:-2|1:-1|2:-2|2:2",4,TRUE,0,3,1,"off_axis",2.32678394734132,2.82842712474619,3.25,4,2,2.04295532842377,2,8,1,25,0,TRUE,25,33554432,0,1,25,25,0.833333333333333,2,0.666666666666667,0.166666666666667,0.688332449299089,8.33333333333333,6,10,1.37666489859818,9,8,10,1.01015254455221,8.33333333333333,6,10,1.37666489859818,0,2.04295532842377,2.82842712474619,0.60215679580886
727,"-1:-2|1:-1|1:2|2:-2",4,TRUE,0,2,2,"off_axis",2.17869416052972,2.82842712474619,3,4,2,2.00153397218646,2,8,1,25,0,TRUE,25,33554432,0,1,25,25,0.833333333333333,2,0.666666666666667,0.166666666666667,0.688332449299089,8.33333333333333,6,10,1.37666489859818,10,10,10,0,8.33333333333333,6,10,1.37666489859818,0,2.00153397218646,2.82842712474619,0.464114160026601
728,"-1:-2|0:2|1:-1|2:-2",4,TRUE,1,2,1,"mixed",2.11967716615477,2.82842712474619,2.75,4,2,2.00153397218646,2,8,1,21,4,FALSE,21,2097152,4,16,25,25,0.833333333333333,3,0.5,0.25,0.98766077251289,8.33333333333333,4,10,1.97532154502578,10,10,10,0,8.33333333333333,4,10,1.97532154502578,0.0833333333333333,2.00153397218646,2.82842712474619,0.464114160026601
729,"-1:-2|-1:2|1:-1|2:-2",4,TRUE,0,2,2,"off_axis",2.17869416052972,2.82842712474619,3,4,2,2.04295532842377,2,8,1,25,0,TRUE,25,33554432,0,1,25,25,0.833333333333333,2,0.75,0.0833333333333333,0.553694392684741,8.33333333333333,6,10,1.10738878536948,9,8,10,1.01015254455221,8.33333333333333,6,10,1.10738878536948,0,2.04295532842377,2.82842712474619,0.60215679580886
730,"-2:-1|-2:2|-1:1|2:-2",4,TRUE,0,3,1,"off_axis",2.32678394734132,2.82842712474619,3.25,4,2,2.06142715787305,1,8,1,21,4,FALSE,21,2097152,4,16,25,25,0.833333333333333,3,0.5,0.166666666666667,1.06897047752888,8.33333333333333,4,10,2.13794095505776,10,10,10,0,8.33333333333333,4,10,2.13794095505776,0.166666666666667,2.06142715787305,2.82842712474619,0.624070929714659
731,"-1:-2|-1:-1|0:-1|2:-2",4,TRUE,1,2,1,"mixed",1.86967716615477,2.82842712474619,2.5,4,2,1.73650581819918,2,8,1,25,0,TRUE,25,33554432,0,1,25,25,0.833333333333333,2,0.666666666666667,0.166666666666667,0.688332449299089,8.33333333333333,6,10,1.37666489859818,7,6,8,1.01015254455221,8.33333333333333,6,10,1.37666489859818,0,1.73650581819918,2.82842712474619,0.653662793937545
732,"-2:-1|-1:-2|0:-1|2:-2",4,TRUE,1,1,2,"mixed",2.07514076993644,2.82842712474619,2.75,4,2,1.87792717443648,1,8,1,25,0,TRUE,25,33554432,0,1,25,25,0.833333333333333,2,0.666666666666667,0.166666666666667,0.688332449299089,8.33333333333333,6,10,1.37666489859818,9,8,10,1.01015254455221,8.33333333333333,6,10,1.37666489859818,0,1.87792717443648,2.82842712474619,0.551149835962157
733,"-1:-2|0:-1|1:0|2:-2",4,TRUE,2,1,1,"mixed",1.76612377556149,2.82842712474619,2.25,4,2,1.91934853067379,2,8,1,25,0,TRUE,25,33554432,0,1,25,25,0.833333333333333,2,0.75,0.0833333333333333,0.553694392684741,8.33333333333333,6,10,1.10738878536948,8,8,8,0,8.33333333333333,6,10,1.10738878536948,0,1.91934853067379,2.82842712474619,0.679951973631102
734,"-1:-2|-1:0|0:-1|2:-2",4,TRUE,2,1,1,"mixed",1.76612377556149,2.82842712474619,2.25,4,2,1.89574173292382,2,8,1,21,4,FALSE,21,2097152,4,16,25,25,0.833333333333333,1,0.833333333333333,0,0.373300683394721,8.33333333333333,8,10,0.746601366789441,8,8,8,0,8.33333333333333,8,10,0.746601366789441,0,1.89574173292382,2.82842712474619,0.671783101612592
735,"-2:-1|-2:2|-1:0|0:-2",4,TRUE,2,1,1,"mixed",2.01612377556149,2.82842712474619,2.5,4,2,2.04229805746182,3,8,1,25,0,TRUE,25,33554432,0,1,25,25,0.833333333333333,2,0.583333333333333,0.25,0.800640769025436,8.33333333333333,6,10,1.60128153805087,9,8,10,1.01015254455221,8.33333333333333,6,10,1.60128153805087,0,2.04229805746182,2.82842712474619,0.504445398969847
736,"-1:-2|0:-1|2:-2|2:1",4,TRUE,1,1,2,"mixed",2.07514076993644,2.82842712474619,2.75,4,2,2.1607698869111,3,8,1,25,0,TRUE,25,33554432,0,1,25,25,0.833333333333333,2,0.75,0.0833333333333333,0.553694392684741,8.33333333333333,6,10,1.10738878536948,9,8,10,1.01015254455221,8.33333333333333,6,10,1.10738878536948,0,2.1607698869111,2.82842712474619,0.606514171143573
737,"-1:-1|1:0|2:-2|2:1",4,TRUE,1,2,1,"mixed",1.86967716615477,2.82842712474619,2.5,4,2,2.04295532842377,2,8,1,21,4,FALSE,21,2097152,4,16,25,25,0.833333333333333,3,0.5,0.25,0.98766077251289,8.33333333333333,4,10,1.97532154502578,9,8,10,1.01015254455221,8.33333333333333,4,10,1.97532154502578,0.0833333333333333,2.04295532842377,2.82842712474619,0.60215679580886
738,"-1:-2|0:-1|0:1|2:-2",4,TRUE,2,1,1,"mixed",1.76612377556149,2.82842712474619,2.25,4,2,1.97792717443648,2,8,1,25,0,TRUE,25,33554432,0,1,25,25,0.833333333333333,2,0.75,0.0833333333333333,0.553694392684741,8.33333333333333,6,10,1.10738878536948,8,6,10,2.02030508910442,8.33333333333333,6,10,1.10738878536948,0,1.97792717443648,2.82842712474619,0.656424737689541
739,"-1:-1|-1:2|0:1|2:2",4,TRUE,1,2,1,"mixed",1.86967716615477,2.82842712474619,2.5,4,2,2.01934853067379,2,8,1,25,0,TRUE,25,33554432,0,1,25,25,0.833333333333333,2,0.75,0.0833333333333333,0.553694392684741,8.33333333333333,6,10,1.10738878536948,9,8,10,1.01015254455221,8.33333333333333,6,10,1.10738878536948,0,2.01934853067379,2.82842712474619,0.598360270206642
740,"-1:-2|1:0|2:-1|2:2",4,TRUE,1,1,2,"mixed",2.07514076993644,2.82842712474619,2.75,4,2,2.12514076993644,3,8,1,25,0,TRUE,25,33554432,0,1,25,25,0.833333333333333,2,0.583333333333333,0.25,0.800640769025436,8.33333333333333,6,10,1.60128153805087,9,8,10,1.01015254455221,8.33333333333333,6,10,1.60128153805087,0,2.12514076993644,2.82842712474619,0.561522442367321
741,"-1:-2|0:-1|2:-2|2:2",4,TRUE,1,2,1,"mixed",2.22323055674804,2.82842712474619,3,4,2,2.0607698869111,2,8,1,25,0,TRUE,25,33554432,0,1,25,25,0.833333333333333,2,0.666666666666667,0.166666666666667,0.688332449299089,8.33333333333333,6,10,1.37666489859818,8,6,10,2.02030508910442,8.33333333333333,6,10,1.37666489859818,0,2.0607698869111,2.82842712474619,0.709637993158325
742,"-1:-2|0:-1|1:2|2:-2",4,TRUE,1,1,2,"mixed",2.07514076993644,2.82842712474619,2.75,4,2,1.98371941369913,2,8,1,25,0,TRUE,25,33554432,0,1,25,25,0.833333333333333,2,0.583333333333333,0.25,0.800640769025436,8.33333333333333,6,10,1.60128153805087,9,8,10,1.01015254455221,8.33333333333333,6,10,1.60128153805087,0,1.98371941369913,2.82842712474619,0.542481221091435
743,"-1:-2|0:-1|0:2|2:-2",4,TRUE,2,1,1,"mixed",2.01612377556149,2.82842712474619,2.5,4,2,1.93650581819917,2,8,1,25,0,TRUE,25,33554432,0,1,25,25,0.833333333333333,2,0.75,0.0833333333333333,0.553694392684741,8.33333333333333,6,10,1.10738878536948,9,8,10,1.01015254455221,8.33333333333333,6,10,1.10738878536948,0,1.93650581819917,2.82842712474619,0.526988526209425
744,"-1:-2|-1:2|0:-1|2:-2",4,TRUE,1,1,2,"mixed",2.07514076993644,2.82842712474619,2.75,4,2,1.94229805746182,2,8,1,25,0,TRUE,25,33554432,0,1,25,25,0.833333333333333,2,0.583333333333333,0.25,0.800640769025436,8.33333333333333,6,10,1.60128153805087,8,6,10,2.02030508910442,8.33333333333333,6,10,1.60128153805087,0,1.94229805746182,2.82842712474619,0.603212009882676
745,"-2:-1|-2:2|-1:0|2:-2",4,TRUE,1,2,1,"mixed",2.22323055674804,2.82842712474619,3,4,2,2.02000580163574,1,8,1,21,4,FALSE,21,2097152,4,16,25,25,0.833333333333333,2,0.666666666666667,0.166666666666667,0.688332449299089,8.33333333333333,6,10,1.37666489859818,9,8,10,1.01015254455221,8.33333333333333,6,10,1.37666489859818,0,2.02000580163574,2.82842712474619,0.682785602723576
746,"-2:-1|-1:-2|-1:-1|2:-2",4,TRUE,0,2,2,"off_axis",2.17869416052972,2.82842712474619,3,4,2,1.77792717443648,1,8,1,25,0,TRUE,25,33554432,0,1,25,25,0.833333333333333,2,0.666666666666667,0.166666666666667,0.688332449299089,8.33333333333333,6,10,1.37666489859818,8,8,8,0,8.33333333333333,6,10,1.37666489859818,0,1.77792717443648,2.82842712474619,0.613709089969705
747,"-1:-2|-1:-1|1:0|2:-2",4,TRUE,1,2,1,"mixed",1.86967716615477,2.82842712474619,2.5,4,2,2.00153397218646,2,8,1,25,0,TRUE,25,33554432,0,1,25,25,0.833333333333333,2,0.75,0.0833333333333333,0.553694392684741,8.33333333333333,6,10,1.10738878536948,8,8,8,0,8.33333333333333,6,10,1.10738878536948,0,2.00153397218646,2.82842712474619,0.661531689157382
748,"-1:-2|-1:-1|-1:0|2:-2",4,TRUE,1,2,1,"mixed",1.86967716615477,2.82842712474619,2.5,4,2,1.85432037668651,2,8,1,25,0,TRUE,25,33554432,0,1,25,25,0.833333333333333,2,0.75,0.0833333333333333,0.553694392684741,8.33333333333333,6,10,1.10738878536948,7,6,8,1.01015254455221,8.33333333333333,6,10,1.10738878536948,0,1.85432037668651,2.82842712474619,0.716081885917476
749,"-2:-1|-2:2|-1:-1|0:-2",4,TRUE,1,2,1,"mixed",2.11967716615477,2.82842712474619,2.75,4,2,1.96011261594915,2,8,1,25,0,TRUE,25,33554432,0,1,25,25,0.833333333333333,2,0.666666666666667,0.166666666666667,0.688332449299089,8.33333333333333,6,10,1.37666489859818,9,8,10,1.01015254455221,8.33333333333333,6,10,1.37666489859818,0,1.96011261594915,2.82842712474619,0.535369584489657
750,"-1:-2|-1:-1|2:-2|2:1",4,TRUE,0,2,2,"off_axis",2.17869416052972,2.82842712474619,3,4,2,2.1607698869111,3,8,1,25,0,TRUE,25,33554432,0,1,25,25,0.833333333333333,2,0.666666666666667,0.166666666666667,0.688332449299089,8.33333333333333,6,10,1.37666489859818,9,8,10,1.01015254455221,8.33333333333333,6,10,1.37666489859818,0,2.1607698869111,2.82842712474619,0.606514171143573
751,"-1:-1|1:1|2:-2|2:1",4,TRUE,0,3,1,"off_axis",1.97323055674804,2.82842712474619,2.75,4,2,2.10219124314841,2,8,1,25,0,TRUE,25,33554432,0,1,25,25,0.833333333333333,2,0.583333333333333,0.25,0.800640769025436,8.33333333333333,6,10,1.60128153805087,9,8,10,1.01015254455221,8.33333333333333,6,10,1.60128153805087,0,2.10219124314841,2.82842712474619,0.650463063457386
752,"-1:-2|-1:-1|0:1|2:-2",4,TRUE,1,2,1,"mixed",1.86967716615477,2.82842712474619,2.5,4,2,2.00153397218646,2,8,1,25,0,TRUE,25,33554432,0,1,25,25,0.833333333333333,2,0.666666666666667,0.166666666666667,0.688332449299089,8.33333333333333,6,10,1.37666489859818,8,6,10,2.02030508910442,8.33333333333333,6,10,1.37666489859818,0,2.00153397218646,2.82842712474619,0.661531689157382
753,"-1:-1|-1:1|-1:2|2:2",4,TRUE,0,3,1,"off_axis",1.97323055674804,2.82842712474619,2.75,4,2,1.99574173292381,2,8,1,25,0,TRUE,25,33554432,0,1,25,25,0.833333333333333,2,0.666666666666667,0.166666666666667,0.688332449299089,8.33333333333333,6,10,1.37666489859818,9,8,10,1.01015254455221,8.33333333333333,6,10,1.37666489859818,0,1.99574173292381,2.82842712474619,0.593497107983451
754,"-1:-2|1:-1|2:-1|2:2",4,TRUE,0,2,2,"off_axis",2.17869416052972,2.82842712474619,3,4,2,2.0659048552118,3,8,1,25,0,TRUE,25,33554432,0,1,25,25,0.833333333333333,2,0.666666666666667,0.166666666666667,0.688332449299089,8.33333333333333,6,10,1.37666489859818,9,8,10,1.01015254455221,8.33333333333333,6,10,1.37666489859818,0,2.0659048552118,2.82842712474619,0.507758832969072
755,"-1:-2|-1:-1|2:-2|2:2",4,TRUE,0,3,1,"off_axis",2.32678394734132,2.82842712474619,3.25,4,2,2.0607698869111,2,8,1,25,0,TRUE,25,33554432,0,1,25,25,0.833333333333333,2,0.583333333333333,0.25,0.800640769025436,8.33333333333333,6,10,1.60128153805087,8,6,10,2.02030508910442,8.33333333333333,6,10,1.60128153805087,0,2.0607698869111,2.82842712474619,0.709637993158325
756,"-1:-2|-1:-1|1:2|2:-2",4,TRUE,0,2,2,"off_axis",2.17869416052972,2.82842712474619,3,4,2,2.04295532842377,2,8,1,25,0,TRUE,25,33554432,0,1,25,25,0.833333333333333,2,0.583333333333333,0.25,0.800640769025436,8.33333333333333,6,10,1.60128153805087,9,8,10,1.01015254455221,8.33333333333333,6,10,1.60128153805087,0,2.04295532842377,2.82842712474619,0.60215679580886
757,"-1:-2|-1:-1|0:2|2:-2",4,TRUE,1,2,1,"mixed",2.11967716615477,2.82842712474619,2.75,4,2,1.96011261594915,2,8,1,25,0,TRUE,25,33554432,0,1,25,25,0.833333333333333,2,0.75,0.0833333333333333,0.553694392684741,8.33333333333333,6,10,1.10738878536948,9,8,10,1.01015254455221,8.33333333333333,6,10,1.10738878536948,0,1.96011261594915,2.82842712474619,0.535369584489657
758,"-1:-2|-1:-1|-1:2|2:-2",4,TRUE,0,2,2,"off_axis",2.17869416052972,2.82842712474619,3,4,2,1.91869125971184,2,8,1,25,0,TRUE,25,33554432,0,1,25,25,0.833333333333333,2,0.75,0.0833333333333333,0.553694392684741,8.33333333333333,6,10,1.10738878536948,8,6,10,2.02030508910442,8.33333333333333,6,10,1.10738878536948,0,1.91869125971184,2.82842712474619,0.595001260414515
759,"-2:-1|-2:2|-1:-1|2:-2",4,TRUE,0,3,1,"off_axis",2.32678394734132,2.82842712474619,3.25,4,2,1.9607698869111,1,8,1,25,0,TRUE,25,33554432,0,1,25,25,0.833333333333333,2,0.583333333333333,0.25,0.800640769025436,8.33333333333333,6,10,1.60128153805087,9,8,10,1.01015254455221,8.33333333333333,6,10,1.60128153805087,0,1.9607698869111,2.82842712474619,0.628385453702687
760,"-2:-1|-1:-2|1:0|2:-2",4,TRUE,1,1,2,"mixed",2.07514076993644,2.82842712474619,2.75,4,2,2.04295532842377,2,8,1,21,4,FALSE,21,2097152,4,16,25,25,0.833333333333333,1,0.833333333333333,0,0.373300683394721,8.33333333333333,8,10,0.746601366789441,9,8,10,1.01015254455221,8.33333333333333,8,10,0.746601366789441,0,2.04295532842377,2.82842712474619,0.60215679580886
761,"-2:-1|-1:-2|-1:0|2:-2",4,TRUE,1,1,2,"mixed",2.07514076993644,2.82842712474619,2.75,4,2,1.93716308916112,1,8,1,25,0,TRUE,25,33554432,0,1,25,25,0.833333333333333,2,0.75,0.0833333333333333,0.553694392684741,8.33333333333333,6,10,1.10738878536948,9,8,10,1.01015254455221,8.33333333333333,6,10,1.10738878536948,0,1.93716308916112,2.82842712474619,0.621288236911133
762,"-2:-1|-2:0|-1:-2|2:-2",4,TRUE,1,1,2,"mixed",2.32514076993644,2.82842712474619,3,4,2,1.96011261594915,2,8,1,25,0,TRUE,25,33554432,0,1,25,25,0.833333333333333,2,0.666666666666667,0.166666666666667,0.688332449299089,8.33333333333333,6,10,1.37666489859818,9,8,10,1.01015254455221,8.33333333333333,6,10,1.37666489859818,0,1.96011261594915,2.82842712474619,0.535369584489657
763,"-1:-2|1:2|2:-2|2:1",4,TRUE,0,1,3,"off_axis",2.38415776431139,2.82842712474619,3.25,4,2,2.14295532842377,3,8,1,25,0,TRUE,25,33554432,0,1,25,25,0.833333333333333,2,0.75,0.0833333333333333,0.553694392684741,8.33333333333333,6,10,1.10738878536948,10,10,10,0,8.33333333333333,6,10,1.10738878536948,0,2.14295532842377,2.82842712474619,0.480442458550402
764,"-1:-1|1:2|2:-2|2:1",4,TRUE,0,2,2,"off_axis",2.17869416052972,2.82842712474619,3,4,2,2.14361259938572,2,8,1,21,4,FALSE,21,2097152,4,16,25,25,0.833333333333333,3,0.5,0.25,0.98766077251289,8.33333333333333,4,10,1.97532154502578,10,10,10,0,8.33333333333333,4,10,1.97532154502578,0.0833333333333333,2.14361259938572,2.82842712474619,0.582070083366052
765,"-1:0|1:-2|2:-1|2:2",4,TRUE,1,1,2,"mixed",2.07514076993644,2.82842712474619,2.75,4,2,2.10219124314841,2,8,1,25,0,TRUE,25,33554432,0,1,25,25,0.833333333333333,2,0.75,0.0833333333333333,0.553694392684741,8.33333333333333,6,10,1.10738878536948,9,8,10,1.01015254455221,8.33333333333333,6,10,1.10738878536948,0,2.10219124314841,2.82842712474619,0.650463063457386
766,"-1:-1|1:-2|2:-1|2:2",4,TRUE,0,2,2,"off_axis",2.17869416052972,2.82842712474619,3,4,2,2.0607698869111,2,8,1,25,0,TRUE,25,33554432,0,1,25,25,0.833333333333333,2,0.583333333333333,0.25,0.800640769025436,8.33333333333333,6,10,1.60128153805087,10,10,10,0,8.33333333333333,6,10,1.60128153805087,0,2.0607698869111,2.82842712474619,0.530437422427522
767,"-1:-2|1:-2|2:-1|2:2",4,TRUE,0,1,3,"off_axis",2.38415776431139,2.82842712474619,3.25,4,2,2.08371941369913,3,8,1,25,0,TRUE,25,33554432,0,1,25,25,0.833333333333333,2,0.75,0.0833333333333333,0.553694392684741,8.33333333333333,6,10,1.10738878536948,10,10,10,0,8.33333333333333,6,10,1.10738878536948,0,2.08371941369913,2.82842712474619,0.419143842948326
768,"-2:-1|-1:-2|2:-2|2:2",4,TRUE,0,2,2,"off_axis",2.53224755112299,2.82842712474619,3.5,4,2,2.04295532842377,2,8,1,25,0,TRUE,25,33554432,0,1,25,25,0.833333333333333,2,0.666666666666667,0.166666666666667,0.688332449299089,8.33333333333333,6,10,1.37666489859818,9,8,10,1.01015254455221,8.33333333333333,6,10,1.37666489859818,0,2.04295532842377,2.82842712474619,0.60215679580886
769,"-2:-1|-1:-2|1:2|2:-2",4,TRUE,0,1,3,"off_axis",2.38415776431139,2.82842712474619,3.25,4,2,2.08437668466108,2,8,1,21,4,FALSE,21,2097152,4,16,25,25,0.833333333333333,2,0.666666666666667,0.166666666666667,0.688332449299089,8.33333333333333,6,10,1.37666489859818,10,10,10,0,8.33333333333333,6,10,1.37666489859818,0,2.08437668466108,2.82842712474619,0.532680680292586
770,"-2:-1|-1:-2|0:2|2:-2",4,TRUE,1,1,2,"mixed",2.32514076993644,2.82842712474619,3,4,2,2.0607698869111,2,8,1,25,0,TRUE,25,33554432,0,1,25,25,0.833333333333333,2,0.583333333333333,0.25,0.800640769025436,8.33333333333333,6,10,1.60128153805087,10,10,10,0,8.33333333333333,6,10,1.60128153805087,0,2.0607698869111,2.82842712474619,0.530437422427522
771,"-2:-1|-1:-2|-1:2|2:-2",4,TRUE,0,1,3,"off_axis",2.38415776431139,2.82842712474619,3.25,4,2,1.98371941369913,2,8,1,25,0,TRUE,25,33554432,0,1,25,25,0.833333333333333,2,0.75,0.0833333333333333,0.553694392684741,8.33333333333333,6,10,1.10738878536948,9,8,10,1.01015254455221,8.33333333333333,6,10,1.10738878536948,0,1.98371941369913,2.82842712474619,0.542481221091435
772,"-2:-1|-2:2|-1:-2|2:-2",4,TRUE,0,2,2,"off_axis",2.53224755112299,2.82842712474619,3.5,4,2,1.97858444539843,2,4,2,25,0,TRUE,25,33554432,0,1,25,25,0.833333333333333,2,0.583333333333333,0.25,0.800640769025436,8.33333333333333,6,10,1.60128153805087,10,10,10,0,8.33333333333333,6,10,1.60128153805087,0,1.97858444539843,2.82842712474619,0.562932394231188
773,"-1:-2|-1:0|1:0|2:-2",4,TRUE,2,1,1,"mixed",1.76612377556149,2.82842712474619,2.25,4,2,2.09574173292382,3,8,1,25,0,TRUE,25,33554432,0,1,25,25,0.833333333333333,2,0.583333333333333,0.25,0.800640769025436,8.33333333333333,6,10,1.60128153805087,8,6,10,2.02030508910442,8.33333333333333,6,10,1.60128153805087,0,2.09574173292382,2.82842712474619,0.673190239647906
774,"-2:-1|-2:2|0:-2|0:1",4,TRUE,2,1,1,"mixed",2.01612377556149,2.82842712474619,2.5,4,2,2.16011261594915,4,8,1,21,4,FALSE,21,2097152,4,16,25,25,0.833333333333333,3,0.5,0.25,0.98766077251289,8.33333333333333,4,10,1.97532154502578,9,8,10,1.01015254455221,8.33333333333333,4,10,1.97532154502578,0.0833333333333333,2.16011261594915,2.82842712474619,0.509807683148267
775,"-1:-1|0:-1|2:-2|2:1",4,TRUE,1,2,1,"mixed",1.86967716615477,2.82842712474619,2.5,4,2,2.0607698869111,3,8,1,25,0,TRUE,25,33554432,0,1,25,25,0.833333333333333,2,0.666666666666667,0.166666666666667,0.688332449299089,8.33333333333333,6,10,1.37666489859818,8,8,8,0,8.33333333333333,6,10,1.37666489859818,0,2.0607698869111,2.82842712474619,0.709637993158325
776,"-1:-2|0:1|1:0|2:-2",4,TRUE,2,1,1,"mixed",1.76612377556149,2.82842712474619,2.25,4,2,2.0607698869111,3,8,1,25,0,TRUE,25,33554432,0,1,25,25,0.833333333333333,2,0.666666666666667,0.166666666666667,0.688332449299089,8.33333333333333,6,10,1.37666489859818,8,8,8,0,8.33333333333333,6,10,1.37666489859818,0,2.0607698869111,2.82842712474619,0.709637993158325
777,"-1:-1|-1:2|1:0|2:2",4,TRUE,1,2,1,"mixed",1.86967716615477,2.82842712474619,2.5,4,2,2.1607698869111,3,8,1,25,0,TRUE,25,33554432,0,1,25,25,0.833333333333333,2,0.75,0.0833333333333333,0.553694392684741,8.33333333333333,6,10,1.10738878536948,9,8,10,1.01015254455221,8.33333333333333,6,10,1.10738878536948,0,2.1607698869111,2.82842712474619,0.606514171143573
778,"-1:-2|0:1|2:-1|2:2",4,TRUE,1,1,2,"mixed",2.07514076993644,2.82842712474619,2.75,4,2,2.20732621144911,4,8,1,21,4,FALSE,21,2097152,4,16,25,25,0.833333333333333,2,0.666666666666667,0.166666666666667,0.688332449299089,8.33333333333333,6,10,1.37666489859818,9,8,10,1.01015254455221,8.33333333333333,6,10,1.37666489859818,0,2.20732621144911,2.82842712474619,0.50300319885189
779,"-1:-2|1:0|2:-2|2:2",4,TRUE,1,2,1,"mixed",2.22323055674804,2.82842712474619,3,4,2,2.14295532842377,3,8,1,25,0,TRUE,25,33554432,0,1,25,25,0.833333333333333,2,0.666666666666667,0.166666666666667,0.688332449299089,8.33333333333333,6,10,1.37666489859818,8,8,8,0,8.33333333333333,6,10,1.37666489859818,0,2.14295532842377,2.82842712474619,0.67308779382795
780,"-1:-2|1:0|1:2|2:-2",4,TRUE,1,1,2,"mixed",2.07514076993644,2.82842712474619,2.75,4,2,2.10153397218646,3,8,1,25,0,TRUE,25,33554432,0,1,25,25,0.833333333333333,2,0.75,0.0833333333333333,0.553694392684741,8.33333333333333,6,10,1.10738878536948,9,8,10,1.01015254455221,8.33333333333333,6,10,1.10738878536948,0,2.10153397218646,2.82842712474619,0.561303011598098
781,"-1:-2|0:2|1:0|2:-2",4,TRUE,2,1,1,"mixed",2.01612377556149,2.82842712474619,2.5,4,2,2.10153397218646,3,8,1,25,0,TRUE,25,33554432,0,1,25,25,0.833333333333333,2,0.75,0.0833333333333333,0.553694392684741,8.33333333333333,6,10,1.10738878536948,9,8,10,1.01015254455221,8.33333333333333,6,10,1.10738878536948,0,2.10153397218646,2.82842712474619,0.561303011598098
782,"-1:-2|-1:2|1:0|2:-2",4,TRUE,1,1,2,"mixed",2.07514076993644,2.82842712474619,2.75,4,2,2.14295532842377,3,8,1,25,0,TRUE,25,33554432,0,1,25,25,0.833333333333333,2,0.666666666666667,0.166666666666667,0.688332449299089,8.33333333333333,6,10,1.37666489859818,8,8,8,0,8.33333333333333,6,10,1.37666489859818,0,2.14295532842377,2.82842712474619,0.67308779382795
783,"-2:-1|-2:2|0:1|2:-2",4,TRUE,1,2,1,"mixed",2.22323055674804,2.82842712474619,3,4,2,2.16142715787305,2,8,1,21,4,FALSE,21,2097152,4,16,25,25,0.833333333333333,2,0.666666666666667,0.166666666666667,0.688332449299089,8.33333333333333,6,10,1.37666489859818,9,8,10,1.01015254455221,8.33333333333333,6,10,1.37666489859818,0,2.16142715787305,2.82842712474619,0.68979275567925
784,"-2:-1|-2:2|0:-2|0:-1",4,TRUE,2,1,1,"mixed",2.01612377556149,2.82842712474619,2.5,4,2,2.03650581819918,3,8,1,25,0,TRUE,25,33554432,0,1,25,25,0.833333333333333,2,0.583333333333333,0.25,0.800640769025436,8.33333333333333,6,10,1.60128153805087,8,6,10,2.02030508910442,8.33333333333333,6,10,1.60128153805087,0,2.03650581819918,2.82842712474619,0.625960641681523
785,"-1:-2|-1:0|2:-2|2:1",4,TRUE,1,1,2,"mixed",2.07514076993644,2.82842712474619,2.75,4,2,2.21934853067379,4,8,1,25,0,TRUE,25,33554432,0,1,25,25,0.833333333333333,2,0.666666666666667,0.166666666666667,0.688332449299089,8.33333333333333,6,10,1.37666489859818,9,8,10,1.01015254455221,8.33333333333333,6,10,1.37666489859818,0,2.21934853067379,2.82842712474619,0.552260103168055
786,"-1:-1|0:1|2:-2|2:1",4,TRUE,1,2,1,"mixed",1.86967716615477,2.82842712474619,2.5,4,2,2.1607698869111,3,8,1,25,0,TRUE,25,33554432,0,1,25,25,0.833333333333333,2,0.666666666666667,0.166666666666667,0.688332449299089,8.33333333333333,6,10,1.37666489859818,9,8,10,1.01015254455221,8.33333333333333,6,10,1.37666489859818,0,2.1607698869111,2.82842712474619,0.606514171143573
787,"-1:-2|-1:0|0:1|2:-2",4,TRUE,2,1,1,"mixed",1.76612377556149,2.82842712474619,2.25,4,2,2.03716308916112,3,8,1,25,0,TRUE,25,33554432,0,1,25,25,0.833333333333333,2,0.75,0.0833333333333333,0.553694392684741,8.33333333333333,6,10,1.10738878536948,8,8,8,0,8.33333333333333,6,10,1.10738878536948,0,2.03716308916112,2.82842712474619,0.707080498450027
788,"-1:-1|-1:0|-1:2|2:2",4,TRUE,1,2,1,"mixed",1.86967716615477,2.82842712474619,2.5,4,2,2.01355629141115,3,8,1,21,4,FALSE,21,2097152,4,16,25,25,0.833333333333333,2,0.666666666666667,0.166666666666667,0.688332449299089,8.33333333333333,6,10,1.37666489859818,8,8,8,0,8.33333333333333,6,10,1.37666489859818,0,2.01355629141115,2.82842712474619,0.703634265256378
789,"-1:-2|0:-1|2:-1|2:2",4,TRUE,1,1,2,"mixed",2.07514076993644,2.82842712474619,2.75,4,2,2.10153397218646,3,8,1,25,0,TRUE,25,33554432,0,1,25,25,0.833333333333333,2,0.75,0.0833333333333333,0.553694392684741,8.33333333333333,6,10,1.10738878536948,9,8,10,1.01015254455221,8.33333333333333,6,10,1.10738878536948,0,2.10153397218646,2.82842712474619,0.561303011598098
790,"-1:-2|-1:0|2:-2|2:2",4,TRUE,1,2,1,"mixed",2.22323055674804,2.82842712474619,3,4,2,2.17858444539843,3,8,1,25,0,TRUE,25,33554432,0,1,25,25,0.833333333333333,2,0.666666666666667,0.166666666666667,0.688332449299089,8.33333333333333,6,10,1.37666489859818,8,8,8,0,8.33333333333333,6,10,1.37666489859818,0,2.17858444539843,2.82842712474619,0.710062449732415
791,"-1:-2|-1:0|1:2|2:-2",4,TRUE,1,1,2,"mixed",2.07514076993644,2.82842712474619,2.75,4,2,2.1607698869111,3,8,1,21,4,FALSE,21,2097152,4,16,25,25,0.833333333333333,2,0.666666666666667,0.166666666666667,0.688332449299089,8.33333333333333,6,10,1.37666489859818,9,8,10,1.01015254455221,8.33333333333333,6,10,1.37666489859818,0,2.1607698869111,2.82842712474619,0.606514171143573
792,"-1:-2|-1:0|0:2|2:-2",4,TRUE,2,1,1,"mixed",2.01612377556149,2.82842712474619,2.5,4,2,2.07792717443648,3,8,1,25,0,TRUE,25,33554432,0,1,25,25,0.833333333333333,2,0.666666666666667,0.166666666666667,0.688332449299089,8.33333333333333,6,10,1.37666489859818,9,8,10,1.01015254455221,8.33333333333333,6,10,1.37666489859818,0,2.07792717443648,2.82842712474619,0.559978826721162
793,"-1:-2|-1:0|-1:2|2:-2",4,TRUE,1,1,2,"mixed",2.07514076993644,2.82842712474619,2.75,4,2,2.03650581819918,3,8,1,25,0,TRUE,25,33554432,0,1,25,25,0.833333333333333,2,0.75,0.0833333333333333,0.553694392684741,8.33333333333333,6,10,1.10738878536948,8,8,8,0,8.33333333333333,6,10,1.10738878536948,0,2.03650581819918,2.82842712474619,0.625960641681523
794,"-2:-1|-2:2|0:-1|2:-2",4,TRUE,1,2,1,"mixed",2.22323055674804,2.82842712474619,3,4,2,2.07858444539843,2,8,1,25,0,TRUE,25,33554432,0,1,25,25,0.833333333333333,2,0.75,0.0833333333333333,0.553694392684741,8.33333333333333,6,10,1.10738878536948,9,8,10,1.01015254455221,8.33333333333333,6,10,1.10738878536948,0,2.07858444539843,2.82842712474619,0.649347281975168
795,"-1:-2|0:2|2:-2|2:1",4,TRUE,1,1,2,"mixed",2.32514076993644,2.82842712474619,3,4,2,2.20153397218646,4,8,1,25,0,TRUE,25,33554432,0,1,25,25,0.833333333333333,2,0.666666666666667,0.166666666666667,0.688332449299089,8.33333333333333,6,10,1.37666489859818,10,10,10,0,8.33333333333333,6,10,1.37666489859818,0,2.20153397218646,2.82842712474619,0.412644815400057
796,"-1:-1|0:2|2:-2|2:1",4,TRUE,1,2,1,"mixed",2.11967716615477,2.82842712474619,2.75,4,2,2.22514076993644,4,8,1,21,4,FALSE,21,2097152,4,16,25,25,0.833333333333333,3,0.5,0.25,0.98766077251289,8.33333333333333,4,10,1.97532154502578,10,10,10,0,8.33333333333333,4,10,1.97532154502578,0.0833333333333333,2.22514076993644,2.82842712474619,0.406541721197299
797,"-1:0|0:-2|2:-1|2:2",4,TRUE,2,1,1,"mixed",2.01612377556149,2.82842712474619,2.5,4,2,2.18371941369913,4,8,1,25,0,TRUE,25,33554432,0,1,25,25,0.833333333333333,2,0.583333333333333,0.25,0.800640769025436,8.33333333333333,6,10,1.60128153805087,9,8,10,1.01015254455221,8.33333333333333,6,10,1.60128153805087,0,2.18371941369913,2.82842712474619,0.507027856163868
798,"-1:-1|0:-2|2:-1|2:2",4,TRUE,1,2,1,"mixed",2.11967716615477,2.82842712474619,2.75,4,2,2.11934853067379,3,8,1,25,0,TRUE,25,33554432,0,1,25,25,0.833333333333333,2,0.583333333333333,0.25,0.800640769025436,8.33333333333333,6,10,1.60128153805087,10,10,10,0,8.33333333333333,6,10,1.60128153805087,0,2.11934853067379,2.82842712474619,0.481158100063252
799,"-1:-2|0:-2|2:-1|2:2",4,TRUE,1,1,2,"mixed",2.32514076993644,2.82842712474619,3,4,2,2.12448349897449,4,8,1,21,4,FALSE,21,2097152,4,16,25,25,0.833333333333333,3,0.5,0.25,0.98766077251289,8.33333333333333,4,10,1.97532154502578,9,8,10,1.01015254455221,8.33333333333333,4,10,1.97532154502578,0.0833333333333333,2.12448349897449,2.82842712474619,0.455301929840818
800,"-2:-1|-2:2|0:-2|2:2",4,TRUE,1,2,1,"mixed",2.47323055674804,2.82842712474619,3.25,4,2,2.18371941369913,4,8,1,25,0,TRUE,25,33554432,0,1,25,25,0.833333333333333,2,0.583333333333333,0.25,0.800640769025436,8.33333333333333,6,10,1.60128153805087,9,8,10,1.01015254455221,8.33333333333333,6,10,1.60128153805087,0,2.18371941369913,2.82842712474619,0.507027856163868
801,"-2:-1|-2:2|0:-2|2:1",4,TRUE,1,1,2,"mixed",2.32514076993644,2.82842712474619,3,4,2,2.22514076993644,4,8,1,21,4,FALSE,21,2097152,4,16,25,25,0.833333333333333,3,0.5,0.25,0.98766077251289,8.33333333333333,4,10,1.97532154502578,10,10,10,0,8.33333333333333,4,10,1.97532154502578,0.0833333333333333,2.22514076993644,2.82842712474619,0.406541721197299
802,"-2:-1|-2:2|0:-2|2:0",4,TRUE,2,1,1,"mixed",2.26612377556149,2.82842712474619,2.75,4,2,2.20153397218646,4,8,1,25,0,TRUE,25,33554432,0,1,25,25,0.833333333333333,2,0.666666666666667,0.166666666666667,0.688332449299089,8.33333333333333,6,10,1.37666489859818,10,10,10,0,8.33333333333333,6,10,1.37666489859818,0,2.20153397218646,2.82842712474619,0.412644815400057
803,"-2:-1|-2:2|0:-2|2:-1",4,TRUE,1,1,2,"mixed",2.32514076993644,2.82842712474619,3,4,2,2.12448349897449,4,8,1,21,4,FALSE,21,2097152,4,16,25,25,0.833333333333333,3,0.5,0.25,0.98766077251289,8.33333333333333,4,10,1.97532154502578,9,8,10,1.01015254455221,8.33333333333333,4,10,1.97532154502578,0.0833333333333333,2.12448349897449,2.82842712474619,0.455301929840818
804,"-1:-1|-1:2|2:-1|2:2",4,TRUE,0,2,2,"off_axis",2.17869416052972,2.82842712474619,3,4,2,2.23716308916112,4,4,2,25,0,TRUE,25,33554432,0,1,25,25,0.833333333333333,2,0.583333333333333,0.25,0.800640769025436,8.33333333333333,6,10,1.60128153805087,10,10,10,0,8.33333333333333,6,10,1.60128153805087,0,2.23716308916112,2.82842712474619,0.4655955713982
805,"-1:-2|-1:2|2:-1|2:2",4,TRUE,0,1,3,"off_axis",2.38415776431139,2.82842712474619,3.25,4,2,2.18371941369913,4,8,1,25,0,TRUE,25,33554432,0,1,25,25,0.833333333333333,2,0.75,0.0833333333333333,0.553694392684741,8.33333333333333,6,10,1.10738878536948,9,8,10,1.01015254455221,8.33333333333333,6,10,1.10738878536948,0,2.18371941369913,2.82842712474619,0.507027856163868
806,"-2:-1|-2:2|1:2|2:-2",4,TRUE,0,2,2,"off_axis",2.53224755112299,2.82842712474619,3.5,4,2,2.12000580163574,2,4,2,25,0,TRUE,25,33554432,0,1,25,25,0.833333333333333,2,0.666666666666667,0.166666666666667,0.688332449299089,8.33333333333333,6,10,1.37666489859818,10,10,10,0,8.33333333333333,6,10,1.37666489859818,0,2.12000580163574,2.82842712474619,0.582690503927722
807,"-1:-1|-1:0|2:-2|2:1",4,TRUE,1,2,1,"mixed",1.86967716615477,2.82842712474619,2.5,4,2,2.0607698869111,3,8,1,25,0,TRUE,25,33554432,0,1,25,25,0.833333333333333,2,0.666666666666667,0.166666666666667,0.688332449299089,8.33333333333333,6,10,1.37666489859818,8,8,8,0,8.33333333333333,6,10,1.37666489859818,0,2.0607698869111,2.82842712474619,0.709637993158325
808,"-1:-1|-1:1|2:-1|2:2",4,TRUE,0,3,1,"off_axis",1.97323055674804,2.82842712474619,2.75,4,2,2.17858444539843,3,8,1,21,4,FALSE,21,2097152,4,16,25,25,0.833333333333333,3,0.5,0.25,0.98766077251289,8.33333333333333,4,10,1.97532154502578,10,10,10,0,8.33333333333333,4,10,1.97532154502578,0.0833333333333333,2.17858444539843,2.82842712474619,0.531005141498437
809,"-1:-1|-1:2|2:-2|2:1",4,TRUE,0,2,2,"off_axis",2.17869416052972,2.82842712474619,3,4,2,2.22514076993644,4,8,1,21,4,FALSE,21,2097152,4,16,25,25,0.833333333333333,3,0.5,0.25,0.98766077251289,8.33333333333333,4,10,1.97532154502578,10,10,10,0,8.33333333333333,4,10,1.97532154502578,0.0833333333333333,2.22514076993644,2.82842712474619,0.406541721197299
810,"-1:-2|1:1|2:-2|2:2",4,TRUE,0,3,1,"off_axis",2.32678394734132,2.82842712474619,3.25,4,2,2.10219124314841,2,8,1,25,0,TRUE,25,33554432,0,1,25,25,0.833333333333333,2,0.583333333333333,0.25,0.800640769025436,8.33333333333333,6,10,1.60128153805087,9,8,10,1.01015254455221,8.33333333333333,6,10,1.60128153805087,0,2.10219124314841,2.82842712474619,0.650463063457386
811,"-1:-2|1:1|1:2|2:-2",4,TRUE,0,2,2,"off_axis",2.17869416052972,2.82842712474619,3,4,2,2.04295532842377,2,8,1,21,4,FALSE,21,2097152,4,16,25,25,0.833333333333333,3,0.5,0.25,0.98766077251289,8.33333333333333,4,10,1.97532154502578,9,8,10,1.01015254455221,8.33333333333333,4,10,1.97532154502578,0.0833333333333333,2.04295532842377,2.82842712474619,0.60215679580886
812,"-1:-2|0:2|1:1|2:-2",4,TRUE,1,2,1,"mixed",2.11967716615477,2.82842712474619,2.75,4,2,2.0607698869111,2,8,1,25,0,TRUE,25,33554432,0,1,25,25,0.833333333333333,2,0.583333333333333,0.25,0.800640769025436,8.33333333333333,6,10,1.60128153805087,10,10,10,0,8.33333333333333,6,10,1.60128153805087,0,2.0607698869111,2.82842712474619,0.530437422427522
813,"-1:-2|-1:2|1:-1|2:2",4,TRUE,0,2,2,"off_axis",2.17869416052972,2.82842712474619,3,4,2,2.12514076993644,3,8,1,25,0,TRUE,25,33554432,0,1,25,25,0.833333333333333,2,0.583333333333333,0.25,0.800640769025436,8.33333333333333,6,10,1.60128153805087,9,8,10,1.01015254455221,8.33333333333333,6,10,1.60128153805087,0,2.12514076993644,2.82842712474619,0.561522442367321
814,"-2:-1|-2:2|1:1|2:-2",4,TRUE,0,3,1,"off_axis",2.32678394734132,2.82842712474619,3.25,4,2,2.14361259938572,2,8,1,21,4,FALSE,21,2097152,4,16,25,25,0.833333333333333,3,0.5,0.25,0.98766077251289,8.33333333333333,4,10,1.97532154502578,10,10,10,0,8.33333333333333,4,10,1.97532154502578,0.0833333333333333,2.14361259938572,2.82842712474619,0.582070083366052
815,"-1:-1|-1:0|2:-1|2:2",4,TRUE,1,2,1,"mixed",1.86967716615477,2.82842712474619,2.5,4,2,2.03716308916112,3,8,1,25,0,TRUE,25,33554432,0,1,25,25,0.833333333333333,2,0.75,0.0833333333333333,0.553694392684741,8.33333333333333,6,10,1.10738878536948,8,8,8,0,8.33333333333333,6,10,1.10738878536948,0,2.03716308916112,2.82842712474619,0.707080498450027
816,"-1:-2|-1:0|2:-1|2:2",4,TRUE,1,1,2,"mixed",2.07514076993644,2.82842712474619,2.75,4,2,2.18371941369913,4,8,1,25,0,TRUE,25,33554432,0,1,25,25,0.833333333333333,2,0.583333333333333,0.25,0.800640769025436,8.33333333333333,6,10,1.60128153805087,9,8,10,1.01015254455221,8.33333333333333,6,10,1.60128153805087,0,2.18371941369913,2.82842712474619,0.507027856163868
817,"-1:-2|0:1|2:-2|2:2",4,TRUE,1,2,1,"mixed",2.22323055674804,2.82842712474619,3,4,2,2.14295532842377,3,8,1,25,0,TRUE,25,33554432,0,1,25,25,0.833333333333333,2,0.583333333333333,0.25,0.800640769025436,8.33333333333333,6,10,1.60128153805087,8,6,10,2.02030508910442,8.33333333333333,6,10,1.60128153805087,0,2.14295532842377,2.82842712474619,0.67308779382795
818,"-1:-2|0:1|1:2|2:-2",4,TRUE,1,1,2,"mixed",2.07514076993644,2.82842712474619,2.75,4,2,2.04295532842377,2,8,1,25,0,TRUE,25,33554432,0,1,25,25,0.833333333333333,2,0.666666666666667,0.166666666666667,0.688332449299089,8.33333333333333,6,10,1.37666489859818,9,8,10,1.01015254455221,8.33333333333333,6,10,1.37666489859818,0,2.04295532842377,2.82842712474619,0.60215679580886
819,"-1:-2|0:1|0:2|2:-2",4,TRUE,2,1,1,"mixed",2.01612377556149,2.82842712474619,2.5,4,2,1.97792717443648,2,8,1,25,0,TRUE,25,33554432,0,1,25,25,0.833333333333333,2,0.75,0.0833333333333333,0.553694392684741,8.33333333333333,6,10,1.10738878536948,8,6,10,2.02030508910442,8.33333333333333,6,10,1.10738878536948,0,1.97792717443648,2.82842712474619,0.656424737689541
820,"-1:-2|-1:2|0:-1|2:2",4,TRUE,1,1,2,"mixed",2.07514076993644,2.82842712474619,2.75,4,2,2.00153397218646,2,8,1,25,0,TRUE,25,33554432,0,1,25,25,0.833333333333333,2,0.666666666666667,0.166666666666667,0.688332449299089,8.33333333333333,6,10,1.37666489859818,8,6,10,2.02030508910442,8.33333333333333,6,10,1.37666489859818,0,2.00153397218646,2.82842712474619,0.661531689157382
821,"-2:-1|-2:2|1:0|2:-2",4,TRUE,1,2,1,"mixed",2.22323055674804,2.82842712474619,3,4,2,2.10219124314841,2,8,1,25,0,TRUE,25,33554432,0,1,25,25,0.833333333333333,2,0.75,0.0833333333333333,0.553694392684741,8.33333333333333,6,10,1.10738878536948,9,8,10,1.01015254455221,8.33333333333333,6,10,1.10738878536948,0,2.10219124314841,2.82842712474619,0.650463063457386
822,"-1:-2|-1:-1|2:-1|2:2",4,TRUE,0,2,2,"off_axis",2.17869416052972,2.82842712474619,3,4,2,2.10153397218646,3,8,1,21,4,FALSE,21,2097152,4,16,25,25,0.833333333333333,2,0.666666666666667,0.166666666666667,0.688332449299089,8.33333333333333,6,10,1.37666489859818,9,8,10,1.01015254455221,8.33333333333333,6,10,1.37666489859818,0,2.10153397218646,2.82842712474619,0.561303011598098
823,"-1:-1|-1:2|2:-2|2:2",4,TRUE,0,3,1,"off_axis",2.32678394734132,2.82842712474619,3.25,4,2,2.1607698869111,3,8,1,25,0,TRUE,25,33554432,0,1,25,25,0.833333333333333,2,0.75,0.0833333333333333,0.553694392684741,8.33333333333333,6,10,1.10738878536948,9,8,10,1.01015254455221,8.33333333333333,6,10,1.10738878536948,0,2.1607698869111,2.82842712474619,0.606514171143573
824,"-1:-1|-1:2|1:-2|2:2",4,TRUE,0,2,2,"off_axis",2.17869416052972,2.82842712474619,3,4,2,2.14295532842377,3,8,1,25,0,TRUE,25,33554432,0,1,25,25,0.833333333333333,2,0.666666666666667,0.166666666666667,0.688332449299089,8.33333333333333,6,10,1.37666489859818,10,10,10,0,8.33333333333333,6,10,1.37666489859818,0,2.14295532842377,2.82842712474619,0.480442458550402
825,"-1:-1|-1:2|0:-2|2:2",4,TRUE,1,2,1,"mixed",2.11967716615477,2.82842712474619,2.75,4,2,2.03716308916112,2,8,1,25,0,TRUE,25,33554432,0,1,25,25,0.833333333333333,2,0.583333333333333,0.25,0.800640769025436,8.33333333333333,6,10,1.60128153805087,10,10,10,0,8.33333333333333,6,10,1.60128153805087,0,2.03716308916112,2.82842712474619,0.527011014179131
826,"-1:-2|-1:-1|-1:2|2:2",4,TRUE,0,2,2,"off_axis",2.17869416052972,2.82842712474619,3,4,2,1.97792717443648,2,8,1,21,4,FALSE,21,2097152,4,16,25,25,0.833333333333333,2,0.666666666666667,0.166666666666667,0.688332449299089,8.33333333333333,6,10,1.37666489859818,8,6,10,2.02030508910442,8.33333333333333,6,10,1.37666489859818,0,1.97792717443648,2.82842712474619,0.656424737689541
827,"-2:-1|-2:2|1:-1|2:-2",4,TRUE,0,3,1,"off_axis",2.32678394734132,2.82842712474619,3.25,4,2,2.03782036012307,1,8,1,21,4,FALSE,21,2097152,4,16,25,25,0.833333333333333,3,0.5,0.166666666666667,1.06897047752888,8.33333333333333,4,10,2.13794095505776,10,10,10,0,8.33333333333333,4,10,2.13794095505776,0.166666666666667,2.03782036012307,2.82842712474619,0.621188985260314
828,"-2:-1|-1:2|2:-2|2:2",4,TRUE,0,2,2,"off_axis",2.53224755112299,2.82842712474619,3.5,4,2,2.12514076993644,3,8,1,25,0,TRUE,25,33554432,0,1,25,25,0.833333333333333,2,0.75,0.0833333333333333,0.553694392684741,8.33333333333333,6,10,1.10738878536948,9,8,10,1.01015254455221,8.33333333333333,6,10,1.10738878536948,0,2.12514076993644,2.82842712474619,0.561522442367321
829,"-2:-1|-1:2|1:-2|2:2",4,TRUE,0,1,3,"off_axis",2.38415776431139,2.82842712474619,3.25,4,2,2.18951165296178,4,8,1,21,4,FALSE,21,2097152,4,16,25,25,0.833333333333333,3,0.5,0.166666666666667,1.06897047752888,8.33333333333333,4,10,2.13794095505776,10,10,10,0,8.33333333333333,4,10,2.13794095505776,0.166666666666667,2.18951165296178,2.82842712474619,0.343250348457488
830,"-2:-1|-1:2|0:-2|2:2",4,TRUE,1,1,2,"mixed",2.32514076993644,2.82842712474619,3,4,2,2.1659048552118,4,8,1,21,4,FALSE,21,2097152,4,16,25,25,0.833333333333333,2,0.666666666666667,0.166666666666667,0.688332449299089,8.33333333333333,6,10,1.37666489859818,10,10,10,0,8.33333333333333,6,10,1.37666489859818,0,2.1659048552118,2.82842712474619,0.34778051534767
831,"-2:-1|-1:-2|-1:2|2:2",4,TRUE,0,1,3,"off_axis",2.38415776431139,2.82842712474619,3.25,4,2,2.0659048552118,3,8,1,25,0,TRUE,25,33554432,0,1,25,25,0.833333333333333,2,0.583333333333333,0.25,0.800640769025436,8.33333333333333,6,10,1.60128153805087,9,8,10,1.01015254455221,8.33333333333333,6,10,1.60128153805087,0,2.0659048552118,2.82842712474619,0.507758832969072
832,"-1:-2|-1:2|2:-2|2:2",4,TRUE,0,2,2,"off_axis",2.53224755112299,2.82842712474619,3.5,4,2,2.06011261594915,3,4,2,25,0,TRUE,25,33554432,0,1,25,25,0.833333333333333,2,0.666666666666667,0.166666666666667,0.688332449299089,8.33333333333333,6,10,1.37666489859818,8,6,10,2.02030508910442,8.33333333333333,6,10,1.37666489859818,0,2.06011261594915,2.82842712474619,0.628875548196174
833,"-2:-1|-2:2|2:-2|2:2",4,TRUE,0,3,1,"off_axis",2.68033733793459,2.82842712474619,3.75,4,2,1.97858444539843,2,8,1,25,0,TRUE,25,33554432,0,1,25,25,0.833333333333333,2,0.75,0.0833333333333333,0.553694392684741,8.33333333333333,6,10,1.10738878536948,8,8,8,0,8.33333333333333,6,10,1.10738878536948,0,1.97858444539843,2.82842712474619,0.734244579617092
834,"-1:-2|0:2|1:2|2:-2",4,TRUE,1,1,2,"mixed",2.32514076993644,2.82842712474619,3,4,2,1.96011261594915,2,8,1,25,0,TRUE,25,33554432,0,1,25,25,0.833333333333333,2,0.75,0.0833333333333333,0.553694392684741,8.33333333333333,6,10,1.10738878536948,9,8,10,1.01015254455221,8.33333333333333,6,10,1.10738878536948,0,1.96011261594915,2.82842712474619,0.535369584489657
835,"-1:-2|-1:2|1:-2|2:2",4,TRUE,0,1,3,"off_axis",2.38415776431139,2.82842712474619,3.25,4,2,2.04229805746182,3,8,1,25,0,TRUE,25,33554432,0,1,25,25,0.833333333333333,2,0.583333333333333,0.25,0.800640769025436,8.33333333333333,6,10,1.60128153805087,9,8,10,1.01015254455221,8.33333333333333,6,10,1.60128153805087,0,2.04229805746182,2.82842712474619,0.504445398969847
836,"-2:-1|-2:2|2:-2|2:1",4,TRUE,0,2,2,"off_axis",2.53224755112299,2.82842712474619,3.5,4,2,2.0607698869111,2,4,2,17,8,FALSE,17,131072,8,256,25,25,0.833333333333333,2,0.5,0.333333333333333,0.899027097085065,8.33333333333333,6,10,1.79805419417013,10,10,10,0,8.33333333333333,6,10,1.79805419417013,0,2.0607698869111,2.82842712474619,0.530437422427522
837,"-1:-2|-1:2|0:-2|2:2",4,TRUE,1,1,2,"mixed",2.32514076993644,2.82842712474619,3,4,2,1.91869125971184,3,8,1,21,4,FALSE,21,2097152,4,16,25,25,0.833333333333333,1,0.833333333333333,0,0.373300683394721,8.33333333333333,8,10,0.746601366789441,8,8,8,0,8.33333333333333,8,10,0.746601366789441,0,1.91869125971184,2.82842712474619,0.595001260414515
838,"-2:-2|-1:-1|0:-1|2:-2",4,TRUE,1,3,0,"mixed",2.01776695296637,2.82842712474619,2.75,4,2,1.81934853067379,1,8,1,25,0,TRUE,25,33554432,0,1,25,25,0.833333333333333,2,0.583333333333333,0.25,0.800640769025436,8.33333333333333,6,10,1.60128153805087,7,6,8,1.01015254455221,8.33333333333333,6,10,1.60128153805087,0,1.81934853067379,2.82842712474619,0.737842895002503
839,"-2:-2|-1:-1|1:-1|2:-2",4,TRUE,0,4,0,"diagonal_only",2.12132034355964,2.82842712474619,3,4,2,1.87858444539843,1,4,2,21,4,FALSE,21,2097152,4,16,25,25,0.833333333333333,2,0.666666666666667,0.166666666666667,0.688332449299089,8.33333333333333,6,10,1.37666489859818,9,8,10,1.01015254455221,8.33333333333333,6,10,1.37666489859818,0,1.87858444539843,2.82842712474619,0.641976532547083
840,"-2:-2|-1:-1|-1:0|2:-2",4,TRUE,1,3,0,"mixed",2.01776695296637,2.82842712474619,2.75,4,2,1.87858444539843,1,8,1,25,0,TRUE,25,33554432,0,1,25,25,0.833333333333333,2,0.583333333333333,0.25,0.800640769025436,8.33333333333333,6,10,1.60128153805087,7,6,8,1.01015254455221,8.33333333333333,6,10,1.60128153805087,0,1.87858444539843,2.82842712474619,0.796464745336163
841,"-2:-2|-1:-1|1:0|2:-2",4,TRUE,1,3,0,"mixed",2.01776695296637,2.82842712474619,2.75,4,2,2.00219124314841,1,8,1,17,8,FALSE,17,131072,8,256,25,25,0.833333333333333,2,0.5,0.333333333333333,0.899027097085065,8.33333333333333,6,10,1.79805419417013,8,6,10,2.02030508910442,8.33333333333333,6,10,1.79805419417013,0,2.00219124314841,2.82842712474619,0.738790472371199
842,"-1:-1|1:-1|2:-2|2:2",4,TRUE,0,4,0,"diagonal_only",2.12132034355964,2.82842712474619,3,4,2,2.02000580163574,1,8,1,21,4,FALSE,21,2097152,4,16,25,25,0.833333333333333,2,0.666666666666667,0.166666666666667,0.688332449299089,8.33333333333333,6,10,1.37666489859818,9,8,10,1.01015254455221,8.33333333333333,6,10,1.37666489859818,0,2.02000580163574,2.82842712474619,0.682785602723576
843,"-1:0|1:-1|2:-2|2:2",4,TRUE,1,3,0,"mixed",2.01776695296637,2.82842712474619,2.75,4,2,2.06142715787305,1,8,1,25,0,TRUE,25,33554432,0,1,25,25,0.833333333333333,2,0.583333333333333,0.25,0.800640769025436,8.33333333333333,6,10,1.60128153805087,8,8,8,0,8.33333333333333,6,10,1.60128153805087,0,2.06142715787305,2.82842712474619,0.782104051605118
844,"-1:-1|1:1|2:-2|2:2",4,TRUE,0,4,0,"diagonal_only",2.12132034355964,2.82842712474619,3,4,2,2.10284851411036,1,8,1,21,4,FALSE,21,2097152,4,16,25,25,0.833333333333333,3,0.5,0.166666666666667,1.06897047752888,8.33333333333333,4,10,2.13794095505776,9,8,10,1.01015254455221,8.33333333333333,4,10,2.13794095505776,0.166666666666667,2.10284851411036,2.82842712474619,0.728795144745262
845,"-2:-2|-2:2|-1:-1|2:-2",4,TRUE,0,4,0,"diagonal_only",2.47487373415292,2.82842712474619,3.5,4,2,1.92000580163574,1,4,2,25,0,TRUE,25,33554432,0,1,25,25,0.833333333333333,2,0.666666666666667,0.166666666666667,0.688332449299089,8.33333333333333,6,10,1.37666489859818,8,8,8,0,8.33333333333333,6,10,1.37666489859818,0,1.92000580163574,2.82842712474619,0.755408441165062
846,"-2:-1|1:-1|2:-2|2:2",4,TRUE,0,3,1,"off_axis",2.32678394734132,2.82842712474619,3.25,4,2,1.9607698869111,1,8,1,25,0,TRUE,25,33554432,0,1,25,25,0.833333333333333,2,0.75,0.0833333333333333,0.553694392684741,8.33333333333333,6,10,1.10738878536948,9,8,10,1.01015254455221,8.33333333333333,6,10,1.10738878536948,0,1.9607698869111,2.82842712474619,0.628385453702687
847,"-2:-2|-1:-1|0:2|2:-2",4,TRUE,1,3,0,"mixed",2.26776695296637,2.82842712474619,3,4,2,2.04295532842377,2,8,1,25,0,TRUE,25,33554432,0,1,25,25,0.833333333333333,2,0.666666666666667,0.166666666666667,0.688332449299089,8.33333333333333,6,10,1.37666489859818,9,8,10,1.01015254455221,8.33333333333333,6,10,1.37666489859818,0,2.04295532842377,2.82842712474619,0.60215679580886
848,"-2:-1|1:1|2:-2|2:2",4,TRUE,0,3,1,"off_axis",2.32678394734132,2.82842712474619,3.25,4,2,2.04361259938572,1,8,1,21,4,FALSE,21,2097152,4,16,25,25,0.833333333333333,3,0.5,0.25,0.98766077251289,8.33333333333333,4,10,1.97532154502578,9,8,10,1.01015254455221,8.33333333333333,4,10,1.97532154502578,0.0833333333333333,2.04361259938572,2.82842712474619,0.686090003515842
849,"-2:-2|-1:-1|2:-2|2:2",4,TRUE,0,4,0,"diagonal_only",2.47487373415292,2.82842712474619,3.5,4,2,1.97924171636038,1,8,1,21,4,FALSE,21,2097152,4,16,25,25,0.833333333333333,3,0.5,0.166666666666667,1.06897047752888,8.33333333333333,4,10,2.13794095505776,8,8,8,0,8.33333333333333,4,10,2.13794095505776,0.166666666666667,1.97924171636038,2.82842712474619,0.80457181726183
850,"-2:-2|-1:0|0:-1|2:-2",4,TRUE,2,2,0,"mixed",1.9142135623731,2.82842712474619,2.5,4,2,1.9607698869111,2,8,1,25,0,TRUE,25,33554432,0,1,25,25,0.833333333333333,2,0.666666666666667,0.166666666666667,0.688332449299089,8.33333333333333,6,10,1.37666489859818,7,6,8,1.01015254455221,8.33333333333333,6,10,1.37666489859818,0,1.9607698869111,2.82842712474619,0.785551080864481
851,"-1:-1|1:0|2:-2|2:2",4,TRUE,1,3,0,"mixed",2.01776695296637,2.82842712474619,2.75,4,2,2.08437668466108,2,8,1,25,0,TRUE,25,33554432,0,1,25,25,0.833333333333333,2,0.666666666666667,0.166666666666667,0.688332449299089,8.33333333333333,6,10,1.37666489859818,8,8,8,0,8.33333333333333,6,10,1.37666489859818,0,2.08437668466108,2.82842712474619,0.711316335661704
852,"-1:0|1:0|2:-2|2:2",4,TRUE,2,2,0,"mixed",1.9142135623731,2.82842712474619,2.5,4,2,2.07858444539843,2,4,2,25,0,TRUE,25,33554432,0,1,25,25,0.833333333333333,2,0.583333333333333,0.25,0.800640769025436,8.33333333333333,6,10,1.60128153805087,7,6,8,1.01015254455221,8.33333333333333,6,10,1.60128153805087,0,2.07858444539843,2.82842712474619,0.802417668568409
853,"-2:-2|-2:2|-1:0|2:-2",4,TRUE,1,3,0,"mixed",2.37132034355964,2.82842712474619,3.25,4,2,2.02000580163574,2,8,1,25,0,TRUE,25,33554432,0,1,25,25,0.833333333333333,2,0.583333333333333,0.25,0.800640769025436,8.33333333333333,6,10,1.60128153805087,7,6,8,1.01015254455221,8.33333333333333,6,10,1.60128153805087,0,2.02000580163574,2.82842712474619,0.829709829704831
854,"-2:-1|1:0|2:-2|2:2",4,TRUE,1,2,1,"mixed",2.22323055674804,2.82842712474619,3,4,2,2.02514076993644,2,8,1,25,0,TRUE,25,33554432,0,1,25,25,0.833333333333333,2,0.75,0.0833333333333333,0.553694392684741,8.33333333333333,6,10,1.10738878536948,8,8,8,0,8.33333333333333,6,10,1.10738878536948,0,2.02514076993644,2.82842712474619,0.665669973236015
855,"-2:-2|-2:2|-1:0|2:0",4,TRUE,2,2,0,"mixed",2.16421356237309,2.82842712474619,2.75,4,2,2.06011261594915,3,4,2,25,0,TRUE,25,33554432,0,1,25,25,0.833333333333333,2,0.583333333333333,0.25,0.800640769025436,8.33333333333333,6,10,1.60128153805087,8,8,8,0,8.33333333333333,6,10,1.60128153805087,0,2.06011261594915,2.82842712474619,0.628875548196174
856,"-2:-2|-1:0|1:0|2:-2",4,TRUE,2,2,0,"mixed",1.9142135623731,2.82842712474619,2.5,4,2,2.07858444539843,2,4,2,21,4,FALSE,21,2097152,4,16,25,25,0.833333333333333,3,0.5,0.25,0.98766077251289,8.33333333333333,4,10,1.97532154502578,7,4,10,3.03045763365663,8.33333333333333,4,10,1.97532154502578,0.0833333333333333,2.07858444539843,2.82842712474619,0.802417668568409
857,"-1:-1|0:-1|2:-2|2:2",4,TRUE,1,3,0,"mixed",2.01776695296637,2.82842712474619,2.75,4,2,2.02000580163574,2,8,1,25,0,TRUE,25,33554432,0,1,25,25,0.833333333333333,2,0.583333333333333,0.25,0.800640769025436,8.33333333333333,6,10,1.60128153805087,7,6,8,1.01015254455221,8.33333333333333,6,10,1.60128153805087,0,2.02000580163574,2.82842712474619,0.829709829704831
858,"-1:0|0:-1|2:-2|2:2",4,TRUE,2,2,0,"mixed",1.9142135623731,2.82842712474619,2.5,4,2,2.07924171636038,2,8,1,21,4,FALSE,21,2097152,4,16,25,25,0.833333333333333,3,0.5,0.25,0.98766077251289,8.33333333333333,4,10,1.97532154502578,7,6,8,1.01015254455221,8.33333333333333,4,10,1.97532154502578,0.0833333333333333,2.07924171636038,2.82842712474619,0.867149791588465
859,"-1:-1|0:1|2:-2|2:2",4,TRUE,1,3,0,"mixed",2.01776695296637,2.82842712474619,2.75,4,2,2.14361259938572,2,8,1,21,4,FALSE,21,2097152,4,16,25,25,0.833333333333333,3,0.5,0.25,0.98766077251289,8.33333333333333,4,10,1.97532154502578,8,6,10,2.02030508910442,8.33333333333333,4,10,1.97532154502578,0.0833333333333333,2.14361259938572,2.82842712474619,0.749017893092004
860,"-2:-1|0:-1|2:-2|2:2",4,TRUE,1,2,1,"mixed",2.22323055674804,2.82842712474619,3,4,2,2.0607698869111,2,8,1,25,0,TRUE,25,33554432,0,1,25,25,0.833333333333333,2,0.666666666666667,0.166666666666667,0.688332449299089,8.33333333333333,6,10,1.37666489859818,8,6,10,2.02030508910442,8.33333333333333,6,10,1.37666489859818,0,2.0607698869111,2.82842712474619,0.709637993158325
861,"-2:-2|-1:0|0:2|2:-2",4,TRUE,2,2,0,"mixed",2.16421356237309,2.82842712474619,2.75,4,2,2.14295532842377,3,8,1,25,0,TRUE,25,33554432,0,1,25,25,0.833333333333333,2,0.583333333333333,0.25,0.800640769025436,8.33333333333333,6,10,1.60128153805087,8,6,10,2.02030508910442,8.33333333333333,6,10,1.60128153805087,0,2.14295532842377,2.82842712474619,0.67308779382795
862,"-2:-1|0:1|2:-2|2:2",4,TRUE,1,2,1,"mixed",2.22323055674804,2.82842712474619,3,4,2,2.14361259938572,2,8,1,21,4,FALSE,21,2097152,4,16,25,25,0.833333333333333,3,0.5,0.25,0.98766077251289,8.33333333333333,4,10,1.97532154502578,8,6,10,2.02030508910442,8.33333333333333,4,10,1.97532154502578,0.0833333333333333,2.14361259938572,2.82842712474619,0.749017893092004
863,"-2:-2|-1:0|2:-2|2:2",4,TRUE,1,3,0,"mixed",2.37132034355964,2.82842712474619,3.25,4,2,2.07924171636038,2,8,1,21,4,FALSE,21,2097152,4,16,25,25,0.833333333333333,3,0.5,0.25,0.98766077251289,8.33333333333333,4,10,1.97532154502578,7,6,8,1.01015254455221,8.33333333333333,4,10,1.97532154502578,0.0833333333333333,2.07924171636038,2.82842712474619,0.867149791588465
864,"-1:-1|-1:0|2:-2|2:2",4,TRUE,1,3,0,"mixed",2.01776695296637,2.82842712474619,2.75,4,2,2.07924171636038,2,8,1,21,4,FALSE,21,2097152,4,16,25,25,0.833333333333333,3,0.5,0.25,0.98766077251289,8.33333333333333,4,10,1.97532154502578,7,6,8,1.01015254455221,8.33333333333333,4,10,1.97532154502578,0.0833333333333333,2.07924171636038,2.82842712474619,0.867149791588465
865,"-1:-1|-1:1|2:-2|2:2",4,TRUE,0,4,0,"diagonal_only",2.12132034355964,2.82842712474619,3,4,2,2.16142715787305,2,4,2,21,4,FALSE,21,2097152,4,16,25,25,0.833333333333333,2,0.666666666666667,0.166666666666667,0.688332449299089,8.33333333333333,6,10,1.37666489859818,9,8,10,1.01015254455221,8.33333333333333,6,10,1.37666489859818,0,2.16142715787305,2.82842712474619,0.68979275567925
866,"-2:-1|-1:-1|2:-2|2:2",4,TRUE,0,3,1,"off_axis",2.32678394734132,2.82842712474619,3.25,4,2,2.00219124314841,1,8,1,25,0,TRUE,25,33554432,0,1,25,25,0.833333333333333,2,0.583333333333333,0.25,0.800640769025436,8.33333333333333,6,10,1.60128153805087,8,8,8,0,8.33333333333333,6,10,1.60128153805087,0,2.00219124314841,2.82842712474619,0.738790472371199
867,"-2:-2|-1:1|0:2|2:-2",4,TRUE,1,3,0,"mixed",2.26776695296637,2.82842712474619,3,4,2,2.10219124314841,2,8,1,25,0,TRUE,25,33554432,0,1,25,25,0.833333333333333,2,0.75,0.0833333333333333,0.553694392684741,8.33333333333333,6,10,1.10738878536948,9,8,10,1.01015254455221,8.33333333333333,6,10,1.10738878536948,0,2.10219124314841,2.82842712474619,0.650463063457386
868,"-2:-1|-1:1|2:-2|2:2",4,TRUE,0,3,1,"off_axis",2.32678394734132,2.82842712474619,3.25,4,2,2.12579804089839,2,8,1,21,4,FALSE,21,2097152,4,16,25,25,0.833333333333333,2,0.666666666666667,0.166666666666667,0.688332449299089,8.33333333333333,6,10,1.37666489859818,9,8,10,1.01015254455221,8.33333333333333,6,10,1.37666489859818,0,2.12579804089839,2.82842712474619,0.650625928807158
869,"-2:-2|-1:1|2:-2|2:2",4,TRUE,0,4,0,"diagonal_only",2.47487373415292,2.82842712474619,3.5,4,2,2.06142715787305,2,4,2,25,0,TRUE,25,33554432,0,1,25,25,0.833333333333333,2,0.666666666666667,0.166666666666667,0.688332449299089,8.33333333333333,6,10,1.37666489859818,8,8,8,0,8.33333333333333,6,10,1.37666489859818,0,2.06142715787305,2.82842712474619,0.782104051605118
870,"-2:-1|-1:0|2:-2|2:2",4,TRUE,1,2,1,"mixed",2.22323055674804,2.82842712474619,3,4,2,2.06142715787305,1,8,1,25,0,TRUE,25,33554432,0,1,25,25,0.833333333333333,2,0.583333333333333,0.25,0.800640769025436,8.33333333333333,6,10,1.60128153805087,8,8,8,0,8.33333333333333,6,10,1.60128153805087,0,2.06142715787305,2.82842712474619,0.782104051605118
871,"-2:-2|-2:2|1:0|2:0",4,TRUE,2,2,0,"mixed",2.16421356237309,2.82842712474619,2.75,4,2,2.07858444539843,2,4,2,25,0,TRUE,25,33554432,0,1,25,25,0.833333333333333,2,0.583333333333333,0.25,0.800640769025436,8.33333333333333,6,10,1.60128153805087,7,6,8,1.01015254455221,8.33333333333333,6,10,1.60128153805087,0,2.07858444539843,2.82842712474619,0.802417668568409
872,"-2:-2|-2:2|2:-2|2:2",4,TRUE,0,4,0,"diagonal_only",2.82842712474619,2.82842712474619,4,4,2,1.8142135623731,2,1,8,17,8,FALSE,17,131072,8,256,25,25,0.833333333333333,2,0.5,0.333333333333333,0.899027097085065,8.33333333333333,6,10,1.79805419417013,6,6,6,0,8.33333333333333,6,10,1.79805419417013,0,1.8142135623731,2.82842712474619,0.887336307346334
873,"-2:-1|-2:0|2:-2|2:2",4,TRUE,1,2,1,"mixed",2.47323055674804,2.82842712474619,3.25,4,2,2.00153397218646,2,8,1,25,0,TRUE,25,33554432,0,1,25,25,0.833333333333333,2,0.666666666666667,0.166666666666667,0.688332449299089,8.33333333333333,6,10,1.37666489859818,8,6,10,2.02030508910442,8.33333333333333,6,10,1.37666489859818,0,2.00153397218646,2.82842712474619,0.661531689157382
874,"-2:-1|-2:1|2:-2|2:2",4,TRUE,0,2,2,"off_axis",2.53224755112299,2.82842712474619,3.5,4,2,2.04295532842377,2,4,2,21,4,FALSE,21,2097152,4,16,25,25,0.833333333333333,1,0.833333333333333,0,0.373300683394721,8.33333333333333,8,10,0.746601366789441,9,8,10,1.01015254455221,8.33333333333333,8,10,0.746601366789441,0,2.04295532842377,2.82842712474619,0.60215679580886
875,"-1:-1|0:-1|1:-1|2:-2",4,TRUE,1,3,0,"mixed",1.6642135623731,2.82842712474619,2.25,4,2,1.65432037668651,1,8,1,25,0,TRUE,25,33554432,0,1,25,25,0.833333333333333,2,0.666666666666667,0.166666666666667,0.688332449299089,8.33333333333333,6,10,1.37666489859818,7,6,8,1.01015254455221,8.33333333333333,6,10,1.37666489859818,0,1.65432037668651,2.82842712474619,0.63528129489561
876,"-2:-1|0:-1|1:-1|2:-2",4,TRUE,1,2,1,"mixed",1.86967716615477,2.82842712474619,2.5,4,2,1.75432037668651,1,8,1,25,0,TRUE,25,33554432,0,1,25,25,0.833333333333333,2,0.666666666666667,0.166666666666667,0.688332449299089,8.33333333333333,6,10,1.37666489859818,8,8,8,0,8.33333333333333,6,10,1.37666489859818,0,1.75432037668651,2.82842712474619,0.598479569819794
877,"-2:-2|-1:-1|-1:0|0:-1",4,TRUE,2,2,0,"mixed",1.56066017177982,2.82842712474619,2,4,2,1.55432037668651,1,4,2,25,0,TRUE,25,33554432,0,1,25,25,0.833333333333333,2,0.583333333333333,0.25,0.800640769025436,8.33333333333333,6,10,1.60128153805087,6,6,6,0,8.33333333333333,6,10,1.60128153805087,0,1.55432037668651,2.82842712474619,0.653272247669054
878,"-1:0|0:-1|1:-1|2:-2",4,TRUE,2,2,0,"mixed",1.56066017177982,2.82842712474619,2,4,2,1.73716308916112,1,8,1,21,4,FALSE,21,2097152,4,16,25,25,0.833333333333333,3,0.5,0.25,0.98766077251289,8.33333333333333,4,10,1.97532154502578,7,6,8,1.01015254455221,8.33333333333333,4,10,1.97532154502578,0.0833333333333333,1.73716308916112,2.82842712474619,0.732017305241845
879,"-2:-2|-1:-1|-1:0|0:2",4,TRUE,2,2,0,"mixed",1.81066017177982,2.82842712474619,2.25,4,2,1.86011261594915,2,8,1,21,4,FALSE,21,2097152,4,16,25,25,0.833333333333333,2,0.666666666666667,0.166666666666667,0.688332449299089,8.33333333333333,6,10,1.37666489859818,8,8,8,0,8.33333333333333,6,10,1.37666489859818,0,1.86011261594915,2.82842712474619,0.614619173858266
880,"-1:-1|1:-1|1:0|2:-2",4,TRUE,1,3,0,"mixed",1.6642135623731,2.82842712474619,2.25,4,2,1.77792717443648,1,8,1,21,4,FALSE,21,2097152,4,16,25,25,0.833333333333333,2,0.666666666666667,0.166666666666667,0.688332449299089,8.33333333333333,6,10,1.37666489859818,8,8,8,0,8.33333333333333,6,10,1.37666489859818,0,1.77792717443648,2.82842712474619,0.613709089969705
881,"-1:0|1:-1|1:0|2:-2",4,TRUE,2,2,0,"mixed",1.56066017177982,2.82842712474619,2,4,2,1.79574173292382,1,8,1,25,0,TRUE,25,33554432,0,1,25,25,0.833333333333333,2,0.666666666666667,0.166666666666667,0.688332449299089,8.33333333333333,6,10,1.37666489859818,7,6,8,1.01015254455221,8.33333333333333,6,10,1.37666489859818,0,1.79574173292382,2.82842712474619,0.726721426557334
882,"-1:-1|0:1|1:1|2:2",4,TRUE,1,3,0,"mixed",1.6642135623731,2.82842712474619,2.25,4,2,1.92000580163574,1,8,1,21,4,FALSE,21,2097152,4,16,25,25,0.833333333333333,3,0.5,0.166666666666667,1.06897047752888,8.33333333333333,4,10,2.13794095505776,8,8,8,0,8.33333333333333,4,10,2.13794095505776,0.166666666666667,1.92000580163574,2.82842712474619,0.755408441165062
883,"-1:-2|1:0|1:1|2:2",4,TRUE,1,2,1,"mixed",1.86967716615477,2.82842712474619,2.5,4,2,2.00219124314841,2,8,1,25,0,TRUE,25,33554432,0,1,25,25,0.833333333333333,2,0.583333333333333,0.25,0.800640769025436,8.33333333333333,6,10,1.60128153805087,8,8,8,0,8.33333333333333,6,10,1.60128153805087,0,2.00219124314841,2.82842712474619,0.738790472371199
884,"-2:-1|1:-1|1:0|2:-2",4,TRUE,1,2,1,"mixed",1.86967716615477,2.82842712474619,2.5,4,2,1.77792717443648,1,8,1,25,0,TRUE,25,33554432,0,1,25,25,0.833333333333333,2,0.75,0.0833333333333333,0.553694392684741,8.33333333333333,6,10,1.10738878536948,8,8,8,0,8.33333333333333,6,10,1.10738878536948,0,1.77792717443648,2.82842712474619,0.613709089969705
885,"-2:-2|-1:-1|-1:0|2:0",4,TRUE,2,2,0,"mixed",1.81066017177982,2.82842712474619,2.25,4,2,1.83650581819917,2,8,1,21,4,FALSE,21,2097152,4,16,25,25,0.833333333333333,2,0.666666666666667,0.166666666666667,0.688332449299089,8.33333333333333,6,10,1.37666489859818,8,8,8,0,8.33333333333333,6,10,1.37666489859818,0,1.83650581819917,2.82842712474619,0.602998415071235
886,"-1:-2|0:1|1:1|2:2",4,TRUE,1,2,1,"mixed",1.86967716615477,2.82842712474619,2.5,4,2,1.94295532842377,2,8,1,25,0,TRUE,25,33554432,0,1,25,25,0.833333333333333,2,0.666666666666667,0.166666666666667,0.688332449299089,8.33333333333333,6,10,1.37666489859818,8,8,8,0,8.33333333333333,6,10,1.37666489859818,0,1.94295532842377,2.82842712474619,0.68712330427472
887,"-2:-2|-1:-1|-1:0|2:2",4,TRUE,1,3,0,"mixed",2.01776695296637,2.82842712474619,2.75,4,2,1.97924171636038,1,8,1,21,4,FALSE,21,2097152,4,16,25,25,0.833333333333333,3,0.5,0.166666666666667,1.06897047752888,8.33333333333333,4,10,2.13794095505776,8,8,8,0,8.33333333333333,4,10,2.13794095505776,0.166666666666667,1.97924171636038,2.82842712474619,0.80457181726183
888,"-2:-1|-1:-1|1:-1|2:-2",4,TRUE,0,3,1,"off_axis",1.97323055674804,2.82842712474619,2.75,4,2,1.79574173292382,1,8,1,17,8,FALSE,17,131072,8,256,25,25,0.833333333333333,2,0.5,0.333333333333333,0.899027097085065,8.33333333333333,6,10,1.79805419417013,9,8,10,1.01015254455221,8.33333333333333,6,10,1.79805419417013,0,1.79574173292382,2.82842712474619,0.553083908277311
889,"-1:-1|-1:0|1:-1|2:-2",4,TRUE,1,3,0,"mixed",1.6642135623731,2.82842712474619,2.25,4,2,1.83716308916112,1,8,1,25,0,TRUE,25,33554432,0,1,25,25,0.833333333333333,2,0.75,0.0833333333333333,0.553694392684741,8.33333333333333,6,10,1.10738878536948,8,8,8,0,8.33333333333333,6,10,1.10738878536948,0,1.83716308916112,2.82842712474619,0.687048262758847
890,"-2:-2|-1:-1|-1:1|0:2",4,TRUE,1,3,0,"mixed",1.9142135623731,2.82842712474619,2.5,4,2,1.91934853067379,1,8,1,21,4,FALSE,21,2097152,4,16,25,25,0.833333333333333,3,0.5,0.25,0.98766077251289,8.33333333333333,4,10,1.97532154502578,10,10,10,0,8.33333333333333,4,10,1.97532154502578,0.0833333333333333,1.91934853067379,2.82842712474619,0.49001271842944
891,"-1:-1|1:-1|1:1|2:-2",4,TRUE,0,4,0,"diagonal_only",1.76776695296637,2.82842712474619,2.5,4,2,1.97858444539843,1,4,2,25,0,TRUE,25,33554432,0,1,25,25,0.833333333333333,2,0.666666666666667,0.166666666666667,0.688332449299089,8.33333333333333,6,10,1.37666489859818,10,10,10,0,8.33333333333333,6,10,1.37666489859818,0,1.97858444539843,2.82842712474619,0.562932394231188
892,"-1:-1|0:1|1:-1|2:-2",4,TRUE,1,3,0,"mixed",1.6642135623731,2.82842712474619,2.25,4,2,1.9607698869111,1,8,1,25,0,TRUE,25,33554432,0,1,25,25,0.833333333333333,2,0.75,0.0833333333333333,0.553694392684741,8.33333333333333,6,10,1.10738878536948,9,8,10,1.01015254455221,8.33333333333333,6,10,1.10738878536948,0,1.9607698869111,2.82842712474619,0.628385453702687
893,"-1:-1|-1:1|1:-1|2:-2",4,TRUE,0,4,0,"diagonal_only",1.76776695296637,2.82842712474619,2.5,4,2,2.03782036012307,1,8,1,21,4,FALSE,21,2097152,4,16,25,25,0.833333333333333,3,0.5,0.166666666666667,1.06897047752888,8.33333333333333,4,10,2.13794095505776,10,10,10,0,8.33333333333333,4,10,2.13794095505776,0.166666666666667,2.03782036012307,2.82842712474619,0.621188985260314
894,"-1:-2|1:-1|1:1|2:2",4,TRUE,0,3,1,"off_axis",1.97323055674804,2.82842712474619,2.75,4,2,2.08437668466108,2,8,1,21,4,FALSE,21,2097152,4,16,25,25,0.833333333333333,2,0.666666666666667,0.166666666666667,0.688332449299089,8.33333333333333,6,10,1.37666489859818,10,10,10,0,8.33333333333333,6,10,1.37666489859818,0,2.08437668466108,2.82842712474619,0.532680680292586
895,"-1:-1|1:-1|1:2|2:-2",4,TRUE,0,3,1,"off_axis",1.97323055674804,2.82842712474619,2.75,4,2,1.97858444539843,1,8,1,25,0,TRUE,25,33554432,0,1,25,25,0.833333333333333,2,0.583333333333333,0.25,0.800640769025436,8.33333333333333,6,10,1.60128153805087,10,10,10,0,8.33333333333333,6,10,1.60128153805087,0,1.97858444539843,2.82842712474619,0.562932394231188
896,"-1:-1|0:2|1:-1|2:-2",4,TRUE,1,3,0,"mixed",1.9142135623731,2.82842712474619,2.5,4,2,2.00153397218646,2,8,1,25,0,TRUE,25,33554432,0,1,25,25,0.833333333333333,2,0.666666666666667,0.166666666666667,0.688332449299089,8.33333333333333,6,10,1.37666489859818,10,10,10,0,8.33333333333333,6,10,1.37666489859818,0,2.00153397218646,2.82842712474619,0.464114160026601
897,"-1:-1|-1:2|1:-1|2:-2",4,TRUE,0,3,1,"off_axis",1.97323055674804,2.82842712474619,2.75,4,2,2.0607698869111,2,8,1,25,0,TRUE,25,33554432,0,1,25,25,0.833333333333333,2,0.75,0.0833333333333333,0.553694392684741,8.33333333333333,6,10,1.10738878536948,10,10,10,0,8.33333333333333,6,10,1.10738878536948,0,2.0607698869111,2.82842712474619,0.530437422427522
898,"-2:-2|-1:-1|-1:1|2:2",4,TRUE,0,4,0,"diagonal_only",2.12132034355964,2.82842712474619,3,4,2,2.06142715787305,1,8,1,21,4,FALSE,21,2097152,4,16,25,25,0.833333333333333,3,0.5,0.166666666666667,1.06897047752888,8.33333333333333,4,10,2.13794095505776,10,10,10,0,8.33333333333333,4,10,2.13794095505776,0.166666666666667,2.06142715787305,2.82842712474619,0.624070929714659
899,"-2:-1|-1:0|1:-1|2:-2",4,TRUE,1,2,1,"mixed",1.86967716615477,2.82842712474619,2.5,4,2,1.87858444539843,1,8,1,21,4,FALSE,21,2097152,4,16,25,25,0.833333333333333,2,0.666666666666667,0.166666666666667,0.688332449299089,8.33333333333333,6,10,1.37666489859818,9,8,10,1.01015254455221,8.33333333333333,6,10,1.37666489859818,0,1.87858444539843,2.82842712474619,0.641976532547083
900,"-2:-1|-2:0|1:-1|2:-2",4,TRUE,1,2,1,"mixed",2.11967716615477,2.82842712474619,2.75,4,2,1.87792717443648,1,8,1,25,0,TRUE,25,33554432,0,1,25,25,0.833333333333333,2,0.583333333333333,0.25,0.800640769025436,8.33333333333333,6,10,1.60128153805087,9,8,10,1.01015254455221,8.33333333333333,6,10,1.60128153805087,0,1.87792717443648,2.82842712474619,0.551149835962157
901,"-1:0|1:-1|1:2|2:-2",4,TRUE,1,2,1,"mixed",1.86967716615477,2.82842712474619,2.5,4,2,2.02000580163574,1,8,1,21,4,FALSE,21,2097152,4,16,25,25,0.833333333333333,2,0.666666666666667,0.166666666666667,0.688332449299089,8.33333333333333,6,10,1.37666489859818,9,8,10,1.01015254455221,8.33333333333333,6,10,1.37666489859818,0,2.02000580163574,2.82842712474619,0.682785602723576
902,"-1:-1|1:-2|1:1|2:2",4,TRUE,0,3,1,"off_axis",1.97323055674804,2.82842712474619,2.75,4,2,2.06142715787305,1,8,1,21,4,FALSE,21,2097152,4,16,25,25,0.833333333333333,3,0.5,0.166666666666667,1.06897047752888,8.33333333333333,4,10,2.13794095505776,10,10,10,0,8.33333333333333,4,10,2.13794095505776,0.166666666666667,2.06142715787305,2.82842712474619,0.624070929714659
903,"-1:-2|1:-2|1:1|2:2",4,TRUE,0,2,2,"off_axis",2.17869416052972,2.82842712474619,3,4,2,2.0607698869111,2,8,1,25,0,TRUE,25,33554432,0,1,25,25,0.833333333333333,2,0.75,0.0833333333333333,0.553694392684741,8.33333333333333,6,10,1.10738878536948,10,10,10,0,8.33333333333333,6,10,1.10738878536948,0,2.0607698869111,2.82842712474619,0.530437422427522
904,"-2:-1|1:-1|1:2|2:-2",4,TRUE,0,2,2,"off_axis",2.17869416052972,2.82842712474619,3,4,2,1.97858444539843,1,4,2,25,0,TRUE,25,33554432,0,1,25,25,0.833333333333333,2,0.666666666666667,0.166666666666667,0.688332449299089,8.33333333333333,6,10,1.37666489859818,10,10,10,0,8.33333333333333,6,10,1.37666489859818,0,1.97858444539843,2.82842712474619,0.562932394231188
905,"-2:-1|0:2|1:-1|2:-2",4,TRUE,1,2,1,"mixed",2.11967716615477,2.82842712474619,2.75,4,2,2.0607698869111,2,8,1,25,0,TRUE,25,33554432,0,1,25,25,0.833333333333333,2,0.583333333333333,0.25,0.800640769025436,8.33333333333333,6,10,1.60128153805087,10,10,10,0,8.33333333333333,6,10,1.60128153805087,0,2.0607698869111,2.82842712474619,0.530437422427522
906,"-2:-1|-1:2|1:-1|2:-2",4,TRUE,0,2,2,"off_axis",2.17869416052972,2.82842712474619,3,4,2,2.08437668466108,2,8,1,21,4,FALSE,21,2097152,4,16,25,25,0.833333333333333,2,0.666666666666667,0.166666666666667,0.688332449299089,8.33333333333333,6,10,1.37666489859818,10,10,10,0,8.33333333333333,6,10,1.37666489859818,0,2.08437668466108,2.82842712474619,0.532680680292586
907,"-2:-2|-1:-1|0:1|0:2",4,TRUE,2,2,0,"mixed",1.81066017177982,2.82842712474619,2.25,4,2,1.91934853067379,1,8,1,21,4,FALSE,21,2097152,4,16,25,25,0.833333333333333,2,0.666666666666667,0.166666666666667,0.688332449299089,8.33333333333333,6,10,1.37666489859818,8,6,10,2.02030508910442,8.33333333333333,6,10,1.37666489859818,0,1.91934853067379,2.82842712474619,0.679951973631102
908,"-1:0|0:-1|1:1|2:2",4,TRUE,2,2,0,"mixed",1.56066017177982,2.82842712474619,2,4,2,1.92000580163574,1,4,2,25,0,TRUE,25,33554432,0,1,25,25,0.833333333333333,2,0.666666666666667,0.166666666666667,0.688332449299089,8.33333333333333,6,10,1.37666489859818,8,8,8,0,8.33333333333333,6,10,1.37666489859818,0,1.92000580163574,2.82842712474619,0.755408441165062
909,"-1:-1|-1:0|1:1|2:2",4,TRUE,1,3,0,"mixed",1.6642135623731,2.82842712474619,2.25,4,2,1.97924171636038,1,8,1,21,4,FALSE,21,2097152,4,16,25,25,0.833333333333333,3,0.5,0.166666666666667,1.06897047752888,8.33333333333333,4,10,2.13794095505776,8,8,8,0,8.33333333333333,4,10,2.13794095505776,0.166666666666667,1.97924171636038,2.82842712474619,0.80457181726183
910,"-1:-2|0:-1|1:1|2:2",4,TRUE,1,2,1,"mixed",1.86967716615477,2.82842712474619,2.5,4,2,2.04361259938572,1,8,1,21,4,FALSE,21,2097152,4,16,25,25,0.833333333333333,3,0.5,0.25,0.98766077251289,8.33333333333333,4,10,1.97532154502578,9,8,10,1.01015254455221,8.33333333333333,4,10,1.97532154502578,0.0833333333333333,2.04361259938572,2.82842712474619,0.686090003515842
911,"-1:0|0:-2|1:1|2:2",4,TRUE,2,2,0,"mixed",1.81066017177982,2.82842712474619,2.25,4,2,2.04295532842377,2,8,1,25,0,TRUE,25,33554432,0,1,25,25,0.833333333333333,2,0.666666666666667,0.166666666666667,0.688332449299089,8.33333333333333,6,10,1.37666489859818,9,8,10,1.01015254455221,8.33333333333333,6,10,1.37666489859818,0,2.04295532842377,2.82842712474619,0.60215679580886
912,"-1:-2|-1:0|1:1|2:2",4,TRUE,1,2,1,"mixed",1.86967716615477,2.82842712474619,2.5,4,2,2.10219124314841,2,8,1,25,0,TRUE,25,33554432,0,1,25,25,0.833333333333333,2,0.583333333333333,0.25,0.800640769025436,8.33333333333333,6,10,1.60128153805087,9,8,10,1.01015254455221,8.33333333333333,6,10,1.60128153805087,0,2.10219124314841,2.82842712474619,0.650463063457386
913,"-2:-2|-1:-1|0:1|2:2",4,TRUE,1,3,0,"mixed",2.01776695296637,2.82842712474619,2.75,4,2,2.10284851411036,1,8,1,21,4,FALSE,21,2097152,4,16,25,25,0.833333333333333,3,0.5,0.166666666666667,1.06897047752888,8.33333333333333,4,10,2.13794095505776,9,8,10,1.01015254455221,8.33333333333333,4,10,2.13794095505776,0.166666666666667,2.10284851411036,2.82842712474619,0.728795144745262
914,"-1:-1|0:-2|1:1|2:2",4,TRUE,1,3,0,"mixed",1.9142135623731,2.82842712474619,2.5,4,2,2.06142715787305,1,8,1,21,4,FALSE,21,2097152,4,16,25,25,0.833333333333333,3,0.5,0.166666666666667,1.06897047752888,8.33333333333333,4,10,2.13794095505776,10,10,10,0,8.33333333333333,4,10,2.13794095505776,0.166666666666667,2.06142715787305,2.82842712474619,0.624070929714659
915,"-1:-2|0:-2|1:1|2:2",4,TRUE,1,2,1,"mixed",2.11967716615477,2.82842712474619,2.75,4,2,2.04295532842377,2,8,1,25,0,TRUE,25,33554432,0,1,25,25,0.833333333333333,2,0.75,0.0833333333333333,0.553694392684741,8.33333333333333,6,10,1.10738878536948,9,8,10,1.01015254455221,8.33333333333333,6,10,1.10738878536948,0,2.04295532842377,2.82842712474619,0.60215679580886
916,"-2:-2|-1:-1|0:2|2:0",4,TRUE,2,2,0,"mixed",2.06066017177982,2.82842712474619,2.5,4,2,2.14295532842377,3,4,2,25,0,TRUE,25,33554432,0,1,25,25,0.833333333333333,2,0.583333333333333,0.25,0.800640769025436,8.33333333333333,6,10,1.60128153805087,10,10,10,0,8.33333333333333,6,10,1.60128153805087,0,2.14295532842377,2.82842712474619,0.480442458550402
917,"-2:-1|0:-2|1:1|2:2",4,TRUE,1,2,1,"mixed",2.11967716615477,2.82842712474619,2.75,4,2,2.16656212617375,3,8,1,21,4,FALSE,21,2097152,4,16,25,25,0.833333333333333,2,0.666666666666667,0.166666666666667,0.688332449299089,8.33333333333333,6,10,1.37666489859818,10,10,10,0,8.33333333333333,6,10,1.37666489859818,0,2.16656212617375,2.82842712474619,0.478433268804974
918,"-1:-2|-1:-1|1:1|2:2",4,TRUE,0,3,1,"off_axis",1.97323055674804,2.82842712474619,2.75,4,2,2.10284851411036,1,8,1,21,4,FALSE,21,2097152,4,16,25,25,0.833333333333333,3,0.5,0.166666666666667,1.06897047752888,8.33333333333333,4,10,2.13794095505776,9,8,10,1.01015254455221,8.33333333333333,4,10,2.13794095505776,0.166666666666667,2.10284851411036,2.82842712474619,0.728795144745262
919,"-2:-2|-1:-1|1:1|2:2",4,TRUE,0,4,0,"diagonal_only",2.12132034355964,2.82842712474619,3,4,2,2.12132034355964,1,2,4,5,20,FALSE,5,32,20,1048576,5,5,0.833333333333333,5,0.166666666666667,0.166666666666667,1.8665034169736,8.33333333333333,0,10,3.73300683394721,10,10,10,0,8.33333333333333,0,10,3.73300683394721,0.166666666666667,2.12132034355964,2.82842712474619,0.74535599249993
920,"-2:-1|-1:-2|1:1|2:2",4,TRUE,0,2,2,"off_axis",2.17869416052972,2.82842712474619,3,4,2,2.1672193971357,2,4,2,17,8,FALSE,17,131072,8,256,25,25,0.833333333333333,2,0.5,0.333333333333333,0.899027097085065,8.33333333333333,6,10,1.79805419417013,10,10,10,0,8.33333333333333,6,10,1.79805419417013,0,2.1672193971357,2.82842712474619,0.580383096352714
921,"-2:-1|-1:-1|0:-1|2:-2",4,TRUE,1,2,1,"mixed",1.86967716615477,2.82842712474619,2.5,4,2,1.73650581819918,1,8,1,25,0,TRUE,25,33554432,0,1,25,25,0.833333333333333,2,0.583333333333333,0.25,0.800640769025436,8.33333333333333,6,10,1.60128153805087,7,6,8,1.01015254455221,8.33333333333333,6,10,1.60128153805087,0,1.73650581819918,2.82842712474619,0.653662793937545
922,"-1:-1|0:-1|1:0|2:-2",4,TRUE,2,2,0,"mixed",1.56066017177982,2.82842712474619,2,4,2,1.76011261594915,2,8,1,25,0,TRUE,25,33554432,0,1,25,25,0.833333333333333,2,0.583333333333333,0.25,0.800640769025436,8.33333333333333,6,10,1.60128153805087,7,6,8,1.01015254455221,8.33333333333333,6,10,1.60128153805087,0,1.76011261594915,2.82842712474619,0.668334230403909
923,"-1:-1|-1:0|0:-1|2:-2",4,TRUE,2,2,0,"mixed",1.56066017177982,2.82842712474619,2,4,2,1.69574173292382,2,8,1,25,0,TRUE,25,33554432,0,1,25,25,0.833333333333333,2,0.666666666666667,0.166666666666667,0.688332449299089,8.33333333333333,6,10,1.37666489859818,6,6,6,0,8.33333333333333,6,10,1.37666489859818,0,1.69574173292382,2.82842712474619,0.763369704534177
924,"-2:-2|-1:0|-1:1|0:2",4,TRUE,2,2,0,"mixed",1.81066017177982,2.82842712474619,2.25,4,2,1.86011261594915,2,8,1,25,0,TRUE,25,33554432,0,1,25,25,0.833333333333333,2,0.75,0.0833333333333333,0.553694392684741,8.33333333333333,6,10,1.10738878536948,8,8,8,0,8.33333333333333,6,10,1.10738878536948,0,1.86011261594915,2.82842712474619,0.614619173858266
925,"-1:-1|0:-1|1:1|2:-2",4,TRUE,1,3,0,"mixed",1.6642135623731,2.82842712474619,2.25,4,2,1.94295532842377,2,8,1,25,0,TRUE,25,33554432,0,1,25,25,0.833333333333333,2,0.666666666666667,0.166666666666667,0.688332449299089,8.33333333333333,6,10,1.37666489859818,8,8,8,0,8.33333333333333,6,10,1.37666489859818,0,1.94295532842377,2.82842712474619,0.68712330427472
926,"-1:-1|0:-1|0:1|2:-2",4,TRUE,2,2,0,"mixed",1.56066017177982,2.82842712474619,2,4,2,1.87792717443648,2,8,1,25,0,TRUE,25,33554432,0,1,25,25,0.833333333333333,2,0.75,0.0833333333333333,0.553694392684741,8.33333333333333,6,10,1.10738878536948,7,6,8,1.01015254455221,8.33333333333333,6,10,1.10738878536948,0,1.87792717443648,2.82842712474619,0.725250552501227
927,"-1:-1|-1:1|0:-1|2:-2",4,TRUE,1,3,0,"mixed",1.6642135623731,2.82842712474619,2.25,4,2,1.91934853067379,2,8,1,25,0,TRUE,25,33554432,0,1,25,25,0.833333333333333,2,0.75,0.0833333333333333,0.553694392684741,8.33333333333333,6,10,1.10738878536948,8,8,8,0,8.33333333333333,6,10,1.10738878536948,0,1.91934853067379,2.82842712474619,0.679951973631102
928,"-1:-2|1:-1|1:0|2:2",4,TRUE,1,2,1,"mixed",1.86967716615477,2.82842712474619,2.5,4,2,2.02514076993644,3,8,1,25,0,TRUE,25,33554432,0,1,25,25,0.833333333333333,2,0.583333333333333,0.25,0.800640769025436,8.33333333333333,6,10,1.60128153805087,8,8,8,0,8.33333333333333,6,10,1.60128153805087,0,2.02514076993644,2.82842712474619,0.665669973236015
929,"-1:-1|0:-1|1:2|2:-2",4,TRUE,1,2,1,"mixed",1.86967716615477,2.82842712474619,2.5,4,2,1.94295532842377,2,8,1,25,0,TRUE,25,33554432,0,1,25,25,0.833333333333333,2,0.666666666666667,0.166666666666667,0.688332449299089,8.33333333333333,6,10,1.37666489859818,8,8,8,0,8.33333333333333,6,10,1.37666489859818,0,1.94295532842377,2.82842712474619,0.68712330427472
930,"-1:-1|0:-1|0:2|2:-2",4,TRUE,2,2,0,"mixed",1.81066017177982,2.82842712474619,2.25,4,2,1.91869125971184,3,8,1,25,0,TRUE,25,33554432,0,1,25,25,0.833333333333333,2,0.666666666666667,0.166666666666667,0.688332449299089,8.33333333333333,6,10,1.37666489859818,8,8,8,0,8.33333333333333,6,10,1.37666489859818,0,1.91869125971184,2.82842712474619,0.595001260414515
931,"-1:-1|-1:2|0:-1|2:-2",4,TRUE,1,2,1,"mixed",1.86967716615477,2.82842712474619,2.5,4,2,1.94229805746182,3,8,1,25,0,TRUE,25,33554432,0,1,25,25,0.833333333333333,2,0.75,0.0833333333333333,0.553694392684741,8.33333333333333,6,10,1.10738878536948,8,8,8,0,8.33333333333333,6,10,1.10738878536948,0,1.94229805746182,2.82842712474619,0.603212009882676
932,"-2:-2|-1:0|-1:1|2:2",4,TRUE,1,3,0,"mixed",2.01776695296637,2.82842712474619,2.75,4,2,2.00219124314841,2,8,1,25,0,TRUE,25,33554432,0,1,25,25,0.833333333333333,2,0.75,0.0833333333333333,0.553694392684741,8.33333333333333,6,10,1.10738878536948,8,8,8,0,8.33333333333333,6,10,1.10738878536948,0,2.00219124314841,2.82842712474619,0.738790472371199
933,"-2:-1|0:-1|1:0|2:-2",4,TRUE,2,1,1,"mixed",1.76612377556149,2.82842712474619,2.25,4,2,1.86011261594915,2,8,1,25,0,TRUE,25,33554432,0,1,25,25,0.833333333333333,2,0.666666666666667,0.166666666666667,0.688332449299089,8.33333333333333,6,10,1.37666489859818,8,8,8,0,8.33333333333333,6,10,1.37666489859818,0,1.86011261594915,2.82842712474619,0.614619173858266
934,"-2:-1|-1:0|0:-1|2:-2",4,TRUE,2,1,1,"mixed",1.76612377556149,2.82842712474619,2.25,4,2,1.83716308916112,1,8,1,25,0,TRUE,25,33554432,0,1,25,25,0.833333333333333,2,0.75,0.0833333333333333,0.553694392684741,8.33333333333333,6,10,1.10738878536948,8,8,8,0,8.33333333333333,6,10,1.10738878536948,0,1.83716308916112,2.82842712474619,0.687048262758847
935,"-2:-1|-2:0|0:-1|2:-2",4,TRUE,2,1,1,"mixed",2.01612377556149,2.82842712474619,2.5,4,2,1.91869125971184,2,8,1,25,0,TRUE,25,33554432,0,1,25,25,0.833333333333333,2,0.583333333333333,0.25,0.800640769025436,8.33333333333333,6,10,1.60128153805087,8,6,10,2.02030508910442,8.33333333333333,6,10,1.60128153805087,0,1.91869125971184,2.82842712474619,0.595001260414515
936,"-1:-1|1:0|1:2|2:-2",4,TRUE,1,2,1,"mixed",1.86967716615477,2.82842712474619,2.5,4,2,2.04295532842377,2,8,1,25,0,TRUE,25,33554432,0,1,25,25,0.833333333333333,2,0.583333333333333,0.25,0.800640769025436,8.33333333333333,6,10,1.60128153805087,9,8,10,1.01015254455221,8.33333333333333,6,10,1.60128153805087,0,2.04295532842377,2.82842712474619,0.60215679580886
937,"-1:0|1:-2|1:0|2:2",4,TRUE,2,1,1,"mixed",1.76612377556149,2.82842712474619,2.25,4,2,2.03716308916112,2,8,1,25,0,TRUE,25,33554432,0,1,25,25,0.833333333333333,2,0.666666666666667,0.166666666666667,0.688332449299089,8.33333333333333,6,10,1.37666489859818,8,6,10,2.02030508910442,8.33333333333333,6,10,1.37666489859818,0,2.03716308916112,2.82842712474619,0.707080498450027
938,"-1:-1|1:-2|1:0|2:2",4,TRUE,1,2,1,"mixed",1.86967716615477,2.82842712474619,2.5,4,2,2.04295532842377,2,8,1,25,0,TRUE,25,33554432,0,1,25,25,0.833333333333333,2,0.75,0.0833333333333333,0.553694392684741,8.33333333333333,6,10,1.10738878536948,9,8,10,1.01015254455221,8.33333333333333,6,10,1.10738878536948,0,2.04295532842377,2.82842712474619,0.60215679580886
939,"-1:-2|1:-2|1:0|2:2",4,TRUE,1,1,2,"mixed",2.07514076993644,2.82842712474619,2.75,4,2,2.10153397218646,3,8,1,25,0,TRUE,25,33554432,0,1,25,25,0.833333333333333,2,0.666666666666667,0.166666666666667,0.688332449299089,8.33333333333333,6,10,1.37666489859818,9,8,10,1.01015254455221,8.33333333333333,6,10,1.37666489859818,0,2.10153397218646,2.82842712474619,0.561303011598098
940,"-2:-1|0:-1|1:2|2:-2",4,TRUE,1,1,2,"mixed",2.07514076993644,2.82842712474619,2.75,4,2,2.04295532842377,2,8,1,25,0,TRUE,25,33554432,0,1,25,25,0.833333333333333,2,0.75,0.0833333333333333,0.553694392684741,8.33333333333333,6,10,1.10738878536948,9,8,10,1.01015254455221,8.33333333333333,6,10,1.10738878536948,0,2.04295532842377,2.82842712474619,0.60215679580886
941,"-2:-1|0:-1|0:2|2:-2",4,TRUE,2,1,1,"mixed",2.01612377556149,2.82842712474619,2.5,4,2,2.07792717443648,3,8,1,25,0,TRUE,25,33554432,0,1,25,25,0.833333333333333,2,0.583333333333333,0.25,0.800640769025436,8.33333333333333,6,10,1.60128153805087,9,8,10,1.01015254455221,8.33333333333333,6,10,1.60128153805087,0,2.07792717443648,2.82842712474619,0.559978826721162
942,"-2:-1|-1:2|0:-1|2:-2",4,TRUE,1,1,2,"mixed",2.07514076993644,2.82842712474619,2.75,4,2,2.0659048552118,3,8,1,25,0,TRUE,25,33554432,0,1,25,25,0.833333333333333,2,0.666666666666667,0.166666666666667,0.688332449299089,8.33333333333333,6,10,1.37666489859818,9,8,10,1.01015254455221,8.33333333333333,6,10,1.37666489859818,0,2.0659048552118,2.82842712474619,0.507758832969072
943,"-1:0|0:-1|1:0|2:-2",4,TRUE,3,1,0,"mixed",1.45710678118655,2.82842712474619,1.75,4,2,1.79574173292382,2,8,1,25,0,TRUE,25,33554432,0,1,25,25,0.833333333333333,2,0.75,0.0833333333333333,0.553694392684741,8.33333333333333,6,10,1.10738878536948,7,6,8,1.01015254455221,8.33333333333333,6,10,1.10738878536948,0,1.79574173292382,2.82842712474619,0.726721426557334
944,"-2:-2|-1:0|0:-1|0:2",4,TRUE,3,1,0,"mixed",1.70710678118655,2.82842712474619,2,4,2,1.91869125971184,3,8,1,25,0,TRUE,25,33554432,0,1,25,25,0.833333333333333,2,0.666666666666667,0.166666666666667,0.688332449299089,8.33333333333333,6,10,1.37666489859818,8,8,8,0,8.33333333333333,6,10,1.37666489859818,0,1.91869125971184,2.82842712474619,0.595001260414515
945,"-1:-1|0:1|1:0|2:2",4,TRUE,2,2,0,"mixed",1.56066017177982,2.82842712474619,2,4,2,1.94295532842377,2,4,2,25,0,TRUE,25,33554432,0,1,25,25,0.833333333333333,2,0.583333333333333,0.25,0.800640769025436,8.33333333333333,6,10,1.60128153805087,8,8,8,0,8.33333333333333,6,10,1.60128153805087,0,1.94295532842377,2.82842712474619,0.68712330427472
946,"-1:-2|0:1|1:0|2:2",4,TRUE,2,1,1,"mixed",1.76612377556149,2.82842712474619,2.25,4,2,2.02514076993644,3,8,1,25,0,TRUE,25,33554432,0,1,25,25,0.833333333333333,2,0.583333333333333,0.25,0.800640769025436,8.33333333333333,6,10,1.60128153805087,8,8,8,0,8.33333333333333,6,10,1.60128153805087,0,2.02514076993644,2.82842712474619,0.665669973236015
947,"-2:-2|-1:0|0:-1|2:2",4,TRUE,2,2,0,"mixed",1.9142135623731,2.82842712474619,2.5,4,2,2.06142715787305,2,4,2,25,0,TRUE,25,33554432,0,1,25,25,0.833333333333333,2,0.666666666666667,0.166666666666667,0.688332449299089,8.33333333333333,6,10,1.37666489859818,8,8,8,0,8.33333333333333,6,10,1.37666489859818,0,2.06142715787305,2.82842712474619,0.782104051605118
948,"-2:-2|-1:0|0:1|0:2",4,TRUE,3,1,0,"mixed",1.70710678118655,2.82842712474619,2,4,2,1.87792717443648,2,8,1,21,4,FALSE,21,2097152,4,16,25,25,0.833333333333333,2,0.666666666666667,0.166666666666667,0.688332449299089,8.33333333333333,6,10,1.37666489859818,7,6,8,1.01015254455221,8.33333333333333,6,10,1.37666489859818,0,1.87792717443648,2.82842712474619,0.725250552501227
949,"-1:-1|0:1|1:0|2:-2",4,TRUE,2,2,0,"mixed",1.56066017177982,2.82842712474619,2,4,2,1.94295532842377,2,8,1,25,0,TRUE,25,33554432,0,1,25,25,0.833333333333333,2,0.75,0.0833333333333333,0.553694392684741,8.33333333333333,6,10,1.10738878536948,8,8,8,0,8.33333333333333,6,10,1.10738878536948,0,1.94295532842377,2.82842712474619,0.68712330427472
950,"-1:0|0:-1|0:1|2:-2",4,TRUE,3,1,0,"mixed",1.45710678118655,2.82842712474619,1.75,4,2,1.85497764764846,2,8,1,21,4,FALSE,21,2097152,4,16,25,25,0.833333333333333,2,0.666666666666667,0.166666666666667,0.688332449299089,8.33333333333333,6,10,1.37666489859818,7,6,8,1.01015254455221,8.33333333333333,6,10,1.37666489859818,0,1.85497764764846,2.82842712474619,0.788146860767998
951,"-1:-1|-1:0|0:1|2:2",4,TRUE,2,2,0,"mixed",1.56066017177982,2.82842712474619,2,4,2,1.87858444539843,2,8,1,25,0,TRUE,25,33554432,0,1,25,25,0.833333333333333,2,0.583333333333333,0.25,0.800640769025436,8.33333333333333,6,10,1.60128153805087,7,6,8,1.01015254455221,8.33333333333333,6,10,1.60128153805087,0,1.87858444539843,2.82842712474619,0.796464745336163
952,"-1:-2|0:-1|1:0|2:2",4,TRUE,2,1,1,"mixed",1.76612377556149,2.82842712474619,2.25,4,2,2.00219124314841,2,8,1,25,0,TRUE,25,33554432,0,1,25,25,0.833333333333333,2,0.583333333333333,0.25,0.800640769025436,8.33333333333333,6,10,1.60128153805087,8,8,8,0,8.33333333333333,6,10,1.60128153805087,0,2.00219124314841,2.82842712474619,0.738790472371199
953,"-1:0|0:-1|1:2|2:-2",4,TRUE,2,1,1,"mixed",1.76612377556149,2.82842712474619,2.25,4,2,2.00219124314841,2,8,1,25,0,TRUE,25,33554432,0,1,25,25,0.833333333333333,2,0.75,0.0833333333333333,0.553694392684741,8.33333333333333,6,10,1.10738878536948,8,8,8,0,8.33333333333333,6,10,1.10738878536948,0,2.00219124314841,2.82842712474619,0.738790472371199
954,"-1:0|0:-1|0:2|2:-2",4,TRUE,3,1,0,"mixed",1.70710678118655,2.82842712474619,2,4,2,1.97792717443648,3,8,1,25,0,TRUE,25,33554432,0,1,25,25,0.833333333333333,2,0.75,0.0833333333333333,0.553694392684741,8.33333333333333,6,10,1.10738878536948,8,8,8,0,8.33333333333333,6,10,1.10738878536948,0,1.97792717443648,2.82842712474619,0.656424737689541
955,"-1:-2|-1:0|0:1|2:2",4,TRUE,2,1,1,"mixed",1.76612377556149,2.82842712474619,2.25,4,2,2.00153397218646,3,8,1,25,0,TRUE,25,33554432,0,1,25,25,0.833333333333333,2,0.75,0.0833333333333333,0.553694392684741,8.33333333333333,6,10,1.10738878536948,8,8,8,0,8.33333333333333,6,10,1.10738878536948,0,2.00153397218646,2.82842712474619,0.661531689157382
956,"-2:-2|-1:0|0:1|2:2",4,TRUE,2,2,0,"mixed",1.9142135623731,2.82842712474619,2.5,4,2,2.06142715787305,2,4,2,25,0,TRUE,25,33554432,0,1,25,25,0.833333333333333,2,0.583333333333333,0.25,0.800640769025436,8.33333333333333,6,10,1.60128153805087,8,8,8,0,8.33333333333333,6,10,1.60128153805087,0,2.06142715787305,2.82842712474619,0.782104051605118
957,"-1:-1|0:2|1:0|2:-2",4,TRUE,2,2,0,"mixed",1.81066017177982,2.82842712474619,2.25,4,2,2.0659048552118,3,8,1,21,4,FALSE,21,2097152,4,16,25,25,0.833333333333333,3,0.5,0.166666666666667,1.06897047752888,8.33333333333333,4,10,2.13794095505776,9,8,10,1.01015254455221,8.33333333333333,4,10,2.13794095505776,0.166666666666667,2.0659048552118,2.82842712474619,0.507758832969072
958,"-1:0|0:-2|1:0|2:2",4,TRUE,3,1,0,"mixed",1.70710678118655,2.82842712474619,2,4,2,2.06011261594915,3,8,1,25,0,TRUE,25,33554432,0,1,25,25,0.833333333333333,2,0.666666666666667,0.166666666666667,0.688332449299089,8.33333333333333,6,10,1.37666489859818,8,6,10,2.02030508910442,8.33333333333333,6,10,1.37666489859818,0,2.06011261594915,2.82842712474619,0.628875548196174
959,"-1:-1|0:-2|1:0|2:2",4,TRUE,2,2,0,"mixed",1.81066017177982,2.82842712474619,2.25,4,2,2.04295532842377,2,8,1,25,0,TRUE,25,33554432,0,1,25,25,0.833333333333333,2,0.666666666666667,0.166666666666667,0.688332449299089,8.33333333333333,6,10,1.37666489859818,9,8,10,1.01015254455221,8.33333333333333,6,10,1.37666489859818,0,2.04295532842377,2.82842712474619,0.60215679580886
960,"-1:-2|0:-2|1:0|2:2",4,TRUE,2,1,1,"mixed",2.01612377556149,2.82842712474619,2.5,4,2,2.08371941369913,3,8,1,21,4,FALSE,21,2097152,4,16,25,25,0.833333333333333,3,0.5,0.25,0.98766077251289,8.33333333333333,4,10,1.97532154502578,8,6,10,2.02030508910442,8.33333333333333,4,10,1.97532154502578,0.0833333333333333,2.08371941369913,2.82842712474619,0.630796150355813
961,"-2:-1|0:2|1:0|2:-2",4,TRUE,2,1,1,"mixed",2.01612377556149,2.82842712474619,2.5,4,2,2.12514076993644,3,8,1,25,0,TRUE,25,33554432,0,1,25,25,0.833333333333333,2,0.583333333333333,0.25,0.800640769025436,8.33333333333333,6,10,1.60128153805087,9,8,10,1.01015254455221,8.33333333333333,6,10,1.60128153805087,0,2.12514076993644,2.82842712474619,0.561522442367321
962,"-2:-2|-1:0|0:2|2:0",4,TRUE,3,1,0,"mixed",1.95710678118655,2.82842712474619,2.25,4,2,2.16011261594915,4,8,1,25,0,TRUE,25,33554432,0,1,25,25,0.833333333333333,2,0.666666666666667,0.166666666666667,0.688332449299089,8.33333333333333,6,10,1.37666489859818,9,8,10,1.01015254455221,8.33333333333333,6,10,1.37666489859818,0,2.16011261594915,2.82842712474619,0.509807683148267
963,"-2:-1|0:-2|1:0|2:2",4,TRUE,2,1,1,"mixed",2.01612377556149,2.82842712474619,2.5,4,2,2.14809029672447,4,8,1,21,4,FALSE,21,2097152,4,16,25,25,0.833333333333333,3,0.5,0.166666666666667,1.06897047752888,8.33333333333333,4,10,2.13794095505776,9,8,10,1.01015254455221,8.33333333333333,4,10,2.13794095505776,0.166666666666667,2.14809029672447,2.82842712474619,0.454249169409344
964,"-1:-1|-1:0|1:0|2:-2",4,TRUE,2,2,0,"mixed",1.56066017177982,2.82842712474619,2,4,2,1.87792717443648,2,8,1,21,4,FALSE,21,2097152,4,16,25,25,0.833333333333333,2,0.666666666666667,0.166666666666667,0.688332449299089,8.33333333333333,6,10,1.37666489859818,7,6,8,1.01015254455221,8.33333333333333,6,10,1.37666489859818,0,1.87792717443648,2.82842712474619,0.725250552501227
965,"-1:-1|-1:1|1:0|2:-2",4,TRUE,1,3,0,"mixed",1.6642135623731,2.82842712474619,2.25,4,2,2.04295532842377,2,8,1,25,0,TRUE,25,33554432,0,1,25,25,0.833333333333333,2,0.666666666666667,0.166666666666667,0.688332449299089,8.33333333333333,6,10,1.37666489859818,9,8,10,1.01015254455221,8.33333333333333,6,10,1.37666489859818,0,2.04295532842377,2.82842712474619,0.60215679580886
966,"-1:-1|-1:2|1:0|2:-2",4,TRUE,1,2,1,"mixed",1.86967716615477,2.82842712474619,2.5,4,2,2.12514076993644,3,8,1,25,0,TRUE,25,33554432,0,1,25,25,0.833333333333333,2,0.583333333333333,0.25,0.800640769025436,8.33333333333333,6,10,1.60128153805087,9,8,10,1.01015254455221,8.33333333333333,6,10,1.60128153805087,0,2.12514076993644,2.82842712474619,0.561522442367321
967,"-2:-1|-1:-1|1:0|2:-2",4,TRUE,1,2,1,"mixed",1.86967716615477,2.82842712474619,2.5,4,2,1.88371941369913,1,8,1,21,4,FALSE,21,2097152,4,16,25,25,0.833333333333333,3,0.5,0.25,0.98766077251289,8.33333333333333,4,10,1.97532154502578,8,6,10,2.02030508910442,8.33333333333333,4,10,1.97532154502578,0.0833333333333333,1.88371941369913,2.82842712474619,0.625034372790805
968,"-2:-2|-1:0|1:-1|2:0",4,TRUE,2,2,0,"mixed",1.81066017177982,2.82842712474619,2.25,4,2,1.96011261594915,2,8,1,21,4,FALSE,21,2097152,4,16,25,25,0.833333333333333,2,0.666666666666667,0.166666666666667,0.688332449299089,8.33333333333333,6,10,1.37666489859818,9,8,10,1.01015254455221,8.33333333333333,6,10,1.37666489859818,0,1.96011261594915,2.82842712474619,0.535369584489657
969,"-1:-2|0:1|1:-1|2:2",4,TRUE,1,2,1,"mixed",1.86967716615477,2.82842712474619,2.5,4,2,2.08951165296178,3,8,1,21,4,FALSE,21,2097152,4,16,25,25,0.833333333333333,3,0.5,0.166666666666667,1.06897047752888,8.33333333333333,4,10,2.13794095505776,9,8,10,1.01015254455221,8.33333333333333,4,10,2.13794095505776,0.166666666666667,2.08951165296178,2.82842712474619,0.509837721607926
970,"-2:-2|-1:0|1:-1|2:2",4,TRUE,1,3,0,"mixed",2.01776695296637,2.82842712474619,2.75,4,2,2.12579804089839,2,8,1,21,4,FALSE,21,2097152,4,16,25,25,0.833333333333333,2,0.666666666666667,0.166666666666667,0.688332449299089,8.33333333333333,6,10,1.37666489859818,9,8,10,1.01015254455221,8.33333333333333,6,10,1.37666489859818,0,2.12579804089839,2.82842712474619,0.650625928807158
971,"-1:-1|-1:0|1:0|2:2",4,TRUE,2,2,0,"mixed",1.56066017177982,2.82842712474619,2,4,2,1.93716308916112,2,8,1,25,0,TRUE,25,33554432,0,1,25,25,0.833333333333333,2,0.666666666666667,0.166666666666667,0.688332449299089,8.33333333333333,6,10,1.37666489859818,7,6,8,1.01015254455221,8.33333333333333,6,10,1.37666489859818,0,1.93716308916112,2.82842712474619,0.779885437449864
972,"-1:-2|-1:0|1:0|2:2",4,TRUE,2,1,1,"mixed",1.76612377556149,2.82842712474619,2.25,4,2,2.11934853067379,3,8,1,25,0,TRUE,25,33554432,0,1,25,25,0.833333333333333,2,0.583333333333333,0.25,0.800640769025436,8.33333333333333,6,10,1.60128153805087,8,6,10,2.02030508910442,8.33333333333333,6,10,1.60128153805087,0,2.11934853067379,2.82842712474619,0.673598797117914
973,"-2:-1|-1:0|1:0|2:-2",4,TRUE,2,1,1,"mixed",1.76612377556149,2.82842712474619,2.25,4,2,1.91934853067379,1,8,1,21,4,FALSE,21,2097152,4,16,25,25,0.833333333333333,2,0.666666666666667,0.166666666666667,0.688332449299089,8.33333333333333,6,10,1.37666489859818,8,6,10,2.02030508910442,8.33333333333333,6,10,1.37666489859818,0,1.91934853067379,2.82842712474619,0.679951973631102
974,"-2:-2|-1:0|1:0|2:0",4,TRUE,3,1,0,"mixed",1.70710678118655,2.82842712474619,2,4,2,1.9128990204492,2,8,1,21,4,FALSE,21,2097152,4,16,25,25,0.833333333333333,3,0.5,0.166666666666667,1.06897047752888,8.33333333333333,4,10,2.13794095505776,7,4,10,3.03045763365663,8.33333333333333,4,10,2.13794095505776,0.166666666666667,1.9128990204492,2.82842712474619,0.699855014798309
975,"-1:-2|0:-1|0:1|2:2",4,TRUE,2,1,1,"mixed",1.76612377556149,2.82842712474619,2.25,4,2,2.00153397218646,2,8,1,21,4,FALSE,21,2097152,4,16,25,25,0.833333333333333,2,0.666666666666667,0.166666666666667,0.688332449299089,8.33333333333333,6,10,1.37666489859818,8,6,10,2.02030508910442,8.33333333333333,6,10,1.37666489859818,0,2.00153397218646,2.82842712474619,0.661531689157382
976,"-2:-2|-1:0|1:0|2:2",4,TRUE,2,2,0,"mixed",1.9142135623731,2.82842712474619,2.5,4,2,2.12000580163574,2,4,2,17,8,FALSE,17,131072,8,256,25,25,0.833333333333333,2,0.5,0.333333333333333,0.899027097085065,8.33333333333333,6,10,1.79805419417013,8,6,10,2.02030508910442,8.33333333333333,6,10,1.79805419417013,0,2.12000580163574,2.82842712474619,0.749500130480152
977,"-1:-2|-1:-1|1:0|2:2",4,TRUE,1,2,1,"mixed",1.86967716615477,2.82842712474619,2.5,4,2,2.08437668466108,2,8,1,21,4,FALSE,21,2097152,4,16,25,25,0.833333333333333,3,0.5,0.25,0.98766077251289,8.33333333333333,4,10,1.97532154502578,8,8,8,0,8.33333333333333,4,10,1.97532154502578,0.0833333333333333,2.08437668466108,2.82842712474619,0.711316335661704
978,"-1:-1|0:1|1:-2|2:2",4,TRUE,1,2,1,"mixed",1.86967716615477,2.82842712474619,2.5,4,2,2.06656212617375,2,8,1,21,4,FALSE,21,2097152,4,16,25,25,0.833333333333333,2,0.666666666666667,0.166666666666667,0.688332449299089,8.33333333333333,6,10,1.37666489859818,9,8,10,1.01015254455221,8.33333333333333,6,10,1.37666489859818,0,2.06656212617375,2.82842712474619,0.604906768449323
979,"-1:-1|0:-2|0:1|2:2",4,TRUE,2,2,0,"mixed",1.81066017177982,2.82842712474619,2.25,4,2,2.01934853067379,2,8,1,21,4,FALSE,21,2097152,4,16,25,25,0.833333333333333,2,0.666666666666667,0.166666666666667,0.688332449299089,8.33333333333333,6,10,1.37666489859818,9,8,10,1.01015254455221,8.33333333333333,6,10,1.37666489859818,0,2.01934853067379,2.82842712474619,0.598360270206642
980,"-1:-2|-1:-1|0:1|2:2",4,TRUE,1,2,1,"mixed",1.86967716615477,2.82842712474619,2.5,4,2,2.02514076993644,2,8,1,17,8,FALSE,17,131072,8,256,25,25,0.833333333333333,2,0.5,0.333333333333333,0.899027097085065,8.33333333333333,6,10,1.79805419417013,8,6,10,2.02030508910442,8.33333333333333,6,10,1.79805419417013,0,2.02514076993644,2.82842712474619,0.665669973236015
981,"-2:-1|-1:2|1:0|2:-2",4,TRUE,1,1,2,"mixed",2.07514076993644,2.82842712474619,2.75,4,2,2.14874756768642,3,8,1,21,4,FALSE,21,2097152,4,16,25,25,0.833333333333333,3,0.5,0.25,0.98766077251289,8.33333333333333,4,10,1.97532154502578,9,8,10,1.01015254455221,8.33333333333333,4,10,1.97532154502578,0.0833333333333333,2.14874756768642,2.82842712474619,0.560638416214238
982,"-2:-1|0:-2|0:1|2:2",4,TRUE,2,1,1,"mixed",2.01612377556149,2.82842712474619,2.5,4,2,2.18371941369913,4,8,1,17,8,FALSE,17,131072,8,256,25,25,0.833333333333333,2,0.5,0.333333333333333,0.899027097085065,8.33333333333333,6,10,1.79805419417013,9,8,10,1.01015254455221,8.33333333333333,6,10,1.79805419417013,0,2.18371941369913,2.82842712474619,0.507027856163868
983,"-2:-1|-1:-2|0:1|2:2",4,TRUE,1,1,2,"mixed",2.07514076993644,2.82842712474619,2.75,4,2,2.14874756768642,3,8,1,21,4,FALSE,21,2097152,4,16,25,25,0.833333333333333,3,0.5,0.25,0.98766077251289,8.33333333333333,4,10,1.97532154502578,9,8,10,1.01015254455221,8.33333333333333,4,10,1.97532154502578,0.0833333333333333,2.14874756768642,2.82842712474619,0.560638416214238
984,"-2:-1|-2:0|1:0|2:-2",4,TRUE,2,1,1,"mixed",2.01612377556149,2.82842712474619,2.5,4,2,1.91869125971184,2,8,1,25,0,TRUE,25,33554432,0,1,25,25,0.833333333333333,2,0.75,0.0833333333333333,0.553694392684741,8.33333333333333,6,10,1.10738878536948,8,8,8,0,8.33333333333333,6,10,1.10738878536948,0,1.91869125971184,2.82842712474619,0.595001260414515
985,"-1:-2|0:1|1:-2|2:2",4,TRUE,1,1,2,"mixed",2.07514076993644,2.82842712474619,2.75,4,2,2.0659048552118,3,8,1,25,0,TRUE,25,33554432,0,1,25,25,0.833333333333333,2,0.583333333333333,0.25,0.800640769025436,8.33333333333333,6,10,1.60128153805087,9,8,10,1.01015254455221,8.33333333333333,6,10,1.60128153805087,0,2.0659048552118,2.82842712474619,0.507758832969072
986,"-1:-2|0:-2|0:1|2:2",4,TRUE,2,1,1,"mixed",2.01612377556149,2.82842712474619,2.5,4,2,2.00087670122451,3,8,1,21,4,FALSE,21,2097152,4,16,25,25,0.833333333333333,2,0.666666666666667,0.166666666666667,0.688332449299089,8.33333333333333,6,10,1.37666489859818,8,8,8,0,8.33333333333333,6,10,1.37666489859818,0,2.00087670122451,2.82842712474619,0.573965181383861
987,"-2:-1|-1:-1|-1:0|2:-2",4,TRUE,1,2,1,"mixed",1.86967716615477,2.82842712474619,2.5,4,2,1.73716308916112,1,8,1,21,4,FALSE,21,2097152,4,16,25,25,0.833333333333333,3,0.5,0.25,0.98766077251289,8.33333333333333,4,10,1.97532154502578,7,6,8,1.01015254455221,8.33333333333333,4,10,1.97532154502578,0.0833333333333333,1.73716308916112,2.82842712474619,0.732017305241845
988,"-2:-1|-2:0|-1:-1|2:-2",4,TRUE,1,2,1,"mixed",2.11967716615477,2.82842712474619,2.75,4,2,1.77792717443648,1,8,1,25,0,TRUE,25,33554432,0,1,25,25,0.833333333333333,2,0.666666666666667,0.166666666666667,0.688332449299089,8.33333333333333,6,10,1.37666489859818,8,8,8,0,8.33333333333333,6,10,1.37666489859818,0,1.77792717443648,2.82842712474619,0.613709089969705
989,"-1:-1|1:1|1:2|2:-2",4,TRUE,0,3,1,"off_axis",1.97323055674804,2.82842712474619,2.75,4,2,2.04361259938572,1,8,1,21,4,FALSE,21,2097152,4,16,25,25,0.833333333333333,3,0.5,0.25,0.98766077251289,8.33333333333333,4,10,1.97532154502578,9,8,10,1.01015254455221,8.33333333333333,4,10,1.97532154502578,0.0833333333333333,2.04361259938572,2.82842712474619,0.686090003515842
990,"-1:0|1:-2|1:-1|2:2",4,TRUE,1,2,1,"mixed",1.86967716615477,2.82842712474619,2.5,4,2,2.00219124314841,1,8,1,25,0,TRUE,25,33554432,0,1,25,25,0.833333333333333,2,0.583333333333333,0.25,0.800640769025436,8.33333333333333,6,10,1.60128153805087,8,8,8,0,8.33333333333333,6,10,1.60128153805087,0,2.00219124314841,2.82842712474619,0.738790472371199
991,"-1:-1|1:-2|1:-1|2:2",4,TRUE,0,3,1,"off_axis",1.97323055674804,2.82842712474619,2.75,4,2,1.9607698869111,1,8,1,25,0,TRUE,25,33554432,0,1,25,25,0.833333333333333,2,0.583333333333333,0.25,0.800640769025436,8.33333333333333,6,10,1.60128153805087,9,8,10,1.01015254455221,8.33333333333333,6,10,1.60128153805087,0,1.9607698869111,2.82842712474619,0.628385453702687
992,"-1:-2|1:-2|1:-1|2:2",4,TRUE,0,2,2,"off_axis",2.17869416052972,2.82842712474619,3,4,2,1.98371941369913,2,8,1,25,0,TRUE,25,33554432,0,1,25,25,0.833333333333333,2,0.583333333333333,0.25,0.800640769025436,8.33333333333333,6,10,1.60128153805087,9,8,10,1.01015254455221,8.33333333333333,6,10,1.60128153805087,0,1.98371941369913,2.82842712474619,0.542481221091435
993,"-2:-1|-1:-1|1:2|2:-2",4,TRUE,0,2,2,"off_axis",2.17869416052972,2.82842712474619,3,4,2,2.04361259938572,1,8,1,21,4,FALSE,21,2097152,4,16,25,25,0.833333333333333,3,0.5,0.25,0.98766077251289,8.33333333333333,4,10,1.97532154502578,9,8,10,1.01015254455221,8.33333333333333,4,10,1.97532154502578,0.0833333333333333,2.04361259938572,2.82842712474619,0.686090003515842
994,"-2:-1|-1:-1|0:2|2:-2",4,TRUE,1,2,1,"mixed",2.11967716615477,2.82842712474619,2.75,4,2,2.04295532842377,2,8,1,21,4,FALSE,21,2097152,4,16,25,25,0.833333333333333,3,0.5,0.25,0.98766077251289,8.33333333333333,4,10,1.97532154502578,9,8,10,1.01015254455221,8.33333333333333,4,10,1.97532154502578,0.0833333333333333,2.04295532842377,2.82842712474619,0.60215679580886
995,"-2:-1|-1:-1|-1:2|2:-2",4,TRUE,0,2,2,"off_axis",2.17869416052972,2.82842712474619,3,4,2,1.98371941369913,2,8,1,25,0,TRUE,25,33554432,0,1,25,25,0.833333333333333,2,0.583333333333333,0.25,0.800640769025436,8.33333333333333,6,10,1.60128153805087,9,8,10,1.01015254455221,8.33333333333333,6,10,1.60128153805087,0,1.98371941369913,2.82842712474619,0.542481221091435
996,"-2:-2|-1:1|0:1|0:2",4,TRUE,2,2,0,"mixed",1.81066017177982,2.82842712474619,2.25,4,2,1.79574173292382,2,8,1,25,0,TRUE,25,33554432,0,1,25,25,0.833333333333333,2,0.75,0.0833333333333333,0.553694392684741,8.33333333333333,6,10,1.10738878536948,7,6,8,1.01015254455221,8.33333333333333,6,10,1.10738878536948,0,1.79574173292382,2.82842712474619,0.726721426557334
997,"-1:-1|-1:0|1:1|2:-2",4,TRUE,1,3,0,"mixed",1.6642135623731,2.82842712474619,2.25,4,2,2.00219124314841,2,8,1,25,0,TRUE,25,33554432,0,1,25,25,0.833333333333333,2,0.583333333333333,0.25,0.800640769025436,8.33333333333333,6,10,1.60128153805087,8,8,8,0,8.33333333333333,6,10,1.60128153805087,0,2.00219124314841,2.82842712474619,0.738790472371199
998,"-1:-1|-1:0|0:1|2:-2",4,TRUE,2,2,0,"mixed",1.56066017177982,2.82842712474619,2,4,2,1.87858444539843,2,8,1,25,0,TRUE,25,33554432,0,1,25,25,0.833333333333333,2,0.583333333333333,0.25,0.800640769025436,8.33333333333333,6,10,1.60128153805087,7,6,8,1.01015254455221,8.33333333333333,6,10,1.60128153805087,0,1.87858444539843,2.82842712474619,0.796464745336163
999,"-1:-1|-1:0|-1:1|2:-2",4,TRUE,1,3,0,"mixed",1.6642135623731,2.82842712474619,2.25,4,2,1.85497764764846,2,8,1,21,4,FALSE,21,2097152,4,16,25,25,0.833333333333333,2,0.666666666666667,0.166666666666667,0.688332449299089,8.33333333333333,6,10,1.37666489859818,7,6,8,1.01015254455221,8.33333333333333,6,10,1.37666489859818,0,1.85497764764846,2.82842712474619,0.788146860767998
1000,"-1:-2|0:-1|1:-1|2:2",4,TRUE,1,2,1,"mixed",1.86967716615477,2.82842712474619,2.5,4,2,1.94295532842377,2,8,1,25,0,TRUE,25,33554432,0,1,25,25,0.833333333333333,2,0.75,0.0833333333333333,0.553694392684741,8.33333333333333,6,10,1.10738878536948,8,8,8,0,8.33333333333333,6,10,1.10738878536948,0,1.94295532842377,2.82842712474619,0.68712330427472
1001,"-1:-1|-1:0|1:2|2:-2",4,TRUE,1,2,1,"mixed",1.86967716615477,2.82842712474619,2.5,4,2,2.06142715787305,2,8,1,25,0,TRUE,25,33554432,0,1,25,25,0.833333333333333,2,0.583333333333333,0.25,0.800640769025436,8.33333333333333,6,10,1.60128153805087,8,8,8,0,8.33333333333333,6,10,1.60128153805087,0,2.06142715787305,2.82842712474619,0.782104051605118
1002,"-1:-1|-1:0|0:2|2:-2",4,TRUE,2,2,0,"mixed",1.81066017177982,2.82842712474619,2.25,4,2,2.00153397218646,3,8,1,25,0,TRUE,25,33554432,0,1,25,25,0.833333333333333,2,0.75,0.0833333333333333,0.553694392684741,8.33333333333333,6,10,1.10738878536948,8,8,8,0,8.33333333333333,6,10,1.10738878536948,0,2.00153397218646,2.82842712474619,0.661531689157382
1003,"-1:-1|-1:0|-1:2|2:-2",4,TRUE,1,2,1,"mixed",1.86967716615477,2.82842712474619,2.5,4,2,1.97792717443648,3,8,1,25,0,TRUE,25,33554432,0,1,25,25,0.833333333333333,2,0.75,0.0833333333333333,0.553694392684741,8.33333333333333,6,10,1.10738878536948,8,8,8,0,8.33333333333333,6,10,1.10738878536948,0,1.97792717443648,2.82842712474619,0.656424737689541
1004,"-1:-1|0:2|1:1|2:-2",4,TRUE,1,3,0,"mixed",1.9142135623731,2.82842712474619,2.5,4,2,2.08437668466108,2,8,1,21,4,FALSE,21,2097152,4,16,25,25,0.833333333333333,2,0.666666666666667,0.166666666666667,0.688332449299089,8.33333333333333,6,10,1.37666489859818,10,10,10,0,8.33333333333333,6,10,1.37666489859818,0,2.08437668466108,2.82842712474619,0.532680680292586
1005,"-1:0|0:-2|1:-1|2:2",4,TRUE,2,2,0,"mixed",1.81066017177982,2.82842712474619,2.25,4,2,2.04295532842377,2,8,1,25,0,TRUE,25,33554432,0,1,25,25,0.833333333333333,2,0.666666666666667,0.166666666666667,0.688332449299089,8.33333333333333,6,10,1.37666489859818,9,8,10,1.01015254455221,8.33333333333333,6,10,1.37666489859818,0,2.04295532842377,2.82842712474619,0.60215679580886
1006,"-1:-1|0:-2|1:-1|2:2",4,TRUE,1,3,0,"mixed",1.9142135623731,2.82842712474619,2.5,4,2,1.97858444539843,2,8,1,25,0,TRUE,25,33554432,0,1,25,25,0.833333333333333,2,0.583333333333333,0.25,0.800640769025436,8.33333333333333,6,10,1.60128153805087,10,10,10,0,8.33333333333333,6,10,1.60128153805087,0,1.97858444539843,2.82842712474619,0.562932394231188
1007,"-1:-2|0:-2|1:-1|2:2",4,TRUE,1,2,1,"mixed",2.11967716615477,2.82842712474619,2.75,4,2,1.98371941369913,2,8,1,25,0,TRUE,25,33554432,0,1,25,25,0.833333333333333,2,0.75,0.0833333333333333,0.553694392684741,8.33333333333333,6,10,1.10738878536948,9,8,10,1.01015254455221,8.33333333333333,6,10,1.10738878536948,0,1.98371941369913,2.82842712474619,0.542481221091435
1008,"-2:-1|0:2|1:1|2:-2",4,TRUE,1,2,1,"mixed",2.11967716615477,2.82842712474619,2.75,4,2,2.14361259938572,2,8,1,21,4,FALSE,21,2097152,4,16,25,25,0.833333333333333,3,0.5,0.25,0.98766077251289,8.33333333333333,4,10,1.97532154502578,10,10,10,0,8.33333333333333,4,10,1.97532154502578,0.0833333333333333,2.14361259938572,2.82842712474619,0.582070083366052
1009,"-2:-2|-1:1|0:2|2:0",4,TRUE,2,2,0,"mixed",2.06066017177982,2.82842712474619,2.5,4,2,2.14295532842377,3,8,1,25,0,TRUE,25,33554432,0,1,25,25,0.833333333333333,2,0.75,0.0833333333333333,0.553694392684741,8.33333333333333,6,10,1.10738878536948,10,10,10,0,8.33333333333333,6,10,1.10738878536948,0,2.14295532842377,2.82842712474619,0.480442458550402
1010,"-2:-1|0:-2|1:-1|2:2",4,TRUE,1,2,1,"mixed",2.11967716615477,2.82842712474619,2.75,4,2,2.08371941369913,3,8,1,25,0,TRUE,25,33554432,0,1,25,25,0.833333333333333,2,0.75,0.0833333333333333,0.553694392684741,8.33333333333333,6,10,1.10738878536948,10,10,10,0,8.33333333333333,6,10,1.10738878536948,0,2.08371941369913,2.82842712474619,0.419143842948326
1011,"-1:-1|-1:1|1:-1|2:2",4,TRUE,0,4,0,"diagonal_only",1.76776695296637,2.82842712474619,2.5,4,2,2.12000580163574,2,4,2,25,0,TRUE,25,33554432,0,1,25,25,0.833333333333333,2,0.666666666666667,0.166666666666667,0.688332449299089,8.33333333333333,6,10,1.37666489859818,10,10,10,0,8.33333333333333,6,10,1.37666489859818,0,2.12000580163574,2.82842712474619,0.582690503927722
1012,"-1:-1|-1:2|1:1|2:-2",4,TRUE,0,3,1,"off_axis",1.97323055674804,2.82842712474619,2.75,4,2,2.16656212617375,3,8,1,21,4,FALSE,21,2097152,4,16,25,25,0.833333333333333,2,0.666666666666667,0.166666666666667,0.688332449299089,8.33333333333333,6,10,1.37666489859818,10,10,10,0,8.33333333333333,6,10,1.37666489859818,0,2.16656212617375,2.82842712474619,0.478433268804974
1013,"-2:-2|-1:1|1:-1|2:2",4,TRUE,0,4,0,"diagonal_only",2.12132034355964,2.82842712474619,3,4,2,2.1672193971357,2,2,4,17,8,FALSE,17,131072,8,256,25,25,0.833333333333333,2,0.5,0.333333333333333,0.899027097085065,8.33333333333333,6,10,1.79805419417013,10,10,10,0,8.33333333333333,6,10,1.79805419417013,0,2.1672193971357,2.82842712474619,0.580383096352714
1014,"-1:-1|-1:0|1:-1|2:2",4,TRUE,1,3,0,"mixed",1.6642135623731,2.82842712474619,2.25,4,2,1.97858444539843,2,8,1,25,0,TRUE,25,33554432,0,1,25,25,0.833333333333333,2,0.75,0.0833333333333333,0.553694392684741,8.33333333333333,6,10,1.10738878536948,8,8,8,0,8.33333333333333,6,10,1.10738878536948,0,1.97858444539843,2.82842712474619,0.734244579617092
1015,"-1:-2|-1:0|1:-1|2:2",4,TRUE,1,2,1,"mixed",1.86967716615477,2.82842712474619,2.5,4,2,2.12514076993644,3,8,1,25,0,TRUE,25,33554432,0,1,25,25,0.833333333333333,2,0.75,0.0833333333333333,0.553694392684741,8.33333333333333,6,10,1.10738878536948,9,8,10,1.01015254455221,8.33333333333333,6,10,1.10738878536948,0,2.12514076993644,2.82842712474619,0.561522442367321
1016,"-1:-1|0:1|1:2|2:-2",4,TRUE,1,2,1,"mixed",1.86967716615477,2.82842712474619,2.5,4,2,2.04361259938572,1,8,1,21,4,FALSE,21,2097152,4,16,25,25,0.833333333333333,3,0.5,0.25,0.98766077251289,8.33333333333333,4,10,1.97532154502578,9,8,10,1.01015254455221,8.33333333333333,4,10,1.97532154502578,0.0833333333333333,2.04361259938572,2.82842712474619,0.686090003515842
1017,"-1:-1|0:1|0:2|2:-2",4,TRUE,2,2,0,"mixed",1.81066017177982,2.82842712474619,2.25,4,2,2.00153397218646,2,8,1,21,4,FALSE,21,2097152,4,16,25,25,0.833333333333333,2,0.666666666666667,0.166666666666667,0.688332449299089,8.33333333333333,6,10,1.37666489859818,8,6,10,2.02030508910442,8.33333333333333,6,10,1.37666489859818,0,2.00153397218646,2.82842712474619,0.661531689157382
1018,"-1:-1|-1:2|0:1|2:-2",4,TRUE,1,2,1,"mixed",1.86967716615477,2.82842712474619,2.5,4,2,2.04295532842377,2,8,1,21,4,FALSE,21,2097152,4,16,25,25,0.833333333333333,1,0.833333333333333,0,0.373300683394721,8.33333333333333,8,10,0.746601366789441,9,8,10,1.01015254455221,8.33333333333333,8,10,0.746601366789441,0,2.04295532842377,2.82842712474619,0.60215679580886
1019,"-1:-2|-1:-1|1:-1|2:2",4,TRUE,0,3,1,"off_axis",1.97323055674804,2.82842712474619,2.75,4,2,2.04295532842377,2,8,1,25,0,TRUE,25,33554432,0,1,25,25,0.833333333333333,2,0.666666666666667,0.166666666666667,0.688332449299089,8.33333333333333,6,10,1.37666489859818,9,8,10,1.01015254455221,8.33333333333333,6,10,1.37666489859818,0,2.04295532842377,2.82842712474619,0.60215679580886
1020,"-1:-1|-1:1|1:-2|2:2",4,TRUE,0,3,1,"off_axis",1.97323055674804,2.82842712474619,2.75,4,2,2.14361259938572,2,8,1,21,4,FALSE,21,2097152,4,16,25,25,0.833333333333333,3,0.5,0.25,0.98766077251289,8.33333333333333,4,10,1.97532154502578,10,10,10,0,8.33333333333333,4,10,1.97532154502578,0.0833333333333333,2.14361259938572,2.82842712474619,0.582070083366052
1021,"-1:-1|-1:1|0:-2|2:2",4,TRUE,1,3,0,"mixed",1.9142135623731,2.82842712474619,2.5,4,2,2.0607698869111,2,8,1,17,8,FALSE,17,131072,8,256,25,25,0.833333333333333,2,0.5,0.333333333333333,0.899027097085065,8.33333333333333,6,10,1.79805419417013,10,10,10,0,8.33333333333333,6,10,1.79805419417013,0,2.0607698869111,2.82842712474619,0.530437422427522
1022,"-1:-1|-1:1|-1:2|2:-2",4,TRUE,0,3,1,"off_axis",1.97323055674804,2.82842712474619,2.75,4,2,2.01934853067379,2,8,1,21,4,FALSE,21,2097152,4,16,25,25,0.833333333333333,2,0.666666666666667,0.166666666666667,0.688332449299089,8.33333333333333,6,10,1.37666489859818,9,8,10,1.01015254455221,8.33333333333333,6,10,1.37666489859818,0,2.01934853067379,2.82842712474619,0.598360270206642
1023,"-2:-1|-1:1|1:-2|2:2",4,TRUE,0,2,2,"off_axis",2.17869416052972,2.82842712474619,3,4,2,2.19016892392373,3,8,1,17,8,FALSE,17,131072,8,256,25,25,0.833333333333333,2,0.5,0.333333333333333,0.899027097085065,8.33333333333333,6,10,1.79805419417013,10,10,10,0,8.33333333333333,6,10,1.79805419417013,0,2.19016892392373,2.82842712474619,0.475114120418297
1024,"-2:-1|-1:1|0:-2|2:2",4,TRUE,1,2,1,"mixed",2.11967716615477,2.82842712474619,2.75,4,2,2.18951165296178,4,8,1,21,4,FALSE,21,2097152,4,16,25,25,0.833333333333333,3,0.5,0.166666666666667,1.06897047752888,8.33333333333333,4,10,2.13794095505776,10,10,10,0,8.33333333333333,4,10,2.13794095505776,0.166666666666667,2.18951165296178,2.82842712474619,0.343250348457488
1025,"-2:-1|-1:-2|-1:1|2:2",4,TRUE,0,2,2,"off_axis",2.17869416052972,2.82842712474619,3,4,2,2.10732621144911,3,8,1,21,4,FALSE,21,2097152,4,16,25,25,0.833333333333333,3,0.5,0.25,0.98766077251289,8.33333333333333,4,10,1.97532154502578,10,10,10,0,8.33333333333333,4,10,1.97532154502578,0.0833333333333333,2.10732621144911,2.82842712474619,0.420550219671977
1026,"-1:-1|0:2|1:2|2:-2",4,TRUE,1,2,1,"mixed",2.11967716615477,2.82842712474619,2.75,4,2,2.04295532842377,2,8,1,25,0,TRUE,25,33554432,0,1,25,25,0.833333333333333,2,0.583333333333333,0.25,0.800640769025436,8.33333333333333,6,10,1.60128153805087,9,8,10,1.01015254455221,8.33333333333333,6,10,1.60128153805087,0,2.04295532842377,2.82842712474619,0.60215679580886
1027,"-1:-1|-1:2|1:2|2:-2",4,TRUE,0,2,2,"off_axis",2.17869416052972,2.82842712474619,3,4,2,2.14295532842377,3,8,1,25,0,TRUE,25,33554432,0,1,25,25,0.833333333333333,2,0.666666666666667,0.166666666666667,0.688332449299089,8.33333333333333,6,10,1.37666489859818,10,10,10,0,8.33333333333333,6,10,1.37666489859818,0,2.14295532842377,2.82842712474619,0.480442458550402
1028,"-1:-1|-1:2|0:2|2:-2",4,TRUE,1,2,1,"mixed",2.11967716615477,2.82842712474619,2.75,4,2,2.04229805746182,3,8,1,25,0,TRUE,25,33554432,0,1,25,25,0.833333333333333,2,0.583333333333333,0.25,0.800640769025436,8.33333333333333,6,10,1.60128153805087,9,8,10,1.01015254455221,8.33333333333333,6,10,1.60128153805087,0,2.04229805746182,2.82842712474619,0.504445398969847
1029,"-2:-1|-2:0|-1:0|2:-2",4,TRUE,2,1,1,"mixed",2.01612377556149,2.82842712474619,2.5,4,2,1.79574173292382,1,8,1,25,0,TRUE,25,33554432,0,1,25,25,0.833333333333333,2,0.666666666666667,0.166666666666667,0.688332449299089,8.33333333333333,6,10,1.37666489859818,7,6,8,1.01015254455221,8.33333333333333,6,10,1.37666489859818,0,1.79574173292382,2.82842712474619,0.726721426557334
1030,"-1:0|0:-1|1:-2|2:2",4,TRUE,2,1,1,"mixed",1.76612377556149,2.82842712474619,2.25,4,2,1.97924171636038,1,8,1,21,4,FALSE,21,2097152,4,16,25,25,0.833333333333333,3,0.5,0.166666666666667,1.06897047752888,8.33333333333333,4,10,2.13794095505776,8,8,8,0,8.33333333333333,4,10,2.13794095505776,0.166666666666667,1.97924171636038,2.82842712474619,0.80457181726183
1031,"-1:-1|0:-1|1:-2|2:2",4,TRUE,1,2,1,"mixed",1.86967716615477,2.82842712474619,2.5,4,2,1.92000580163574,1,8,1,25,0,TRUE,25,33554432,0,1,25,25,0.833333333333333,2,0.666666666666667,0.166666666666667,0.688332449299089,8.33333333333333,6,10,1.37666489859818,8,8,8,0,8.33333333333333,6,10,1.37666489859818,0,1.92000580163574,2.82842712474619,0.755408441165062
1032,"-1:-2|0:-1|1:-2|2:2",4,TRUE,1,1,2,"mixed",2.07514076993644,2.82842712474619,2.75,4,2,1.9607698869111,1,8,1,25,0,TRUE,25,33554432,0,1,25,25,0.833333333333333,2,0.75,0.0833333333333333,0.553694392684741,8.33333333333333,6,10,1.10738878536948,9,8,10,1.01015254455221,8.33333333333333,6,10,1.10738878536948,0,1.9607698869111,2.82842712474619,0.628385453702687
1033,"-2:-1|-1:0|1:2|2:-2",4,TRUE,1,1,2,"mixed",2.07514076993644,2.82842712474619,2.75,4,2,2.10284851411036,1,8,1,21,4,FALSE,21,2097152,4,16,25,25,0.833333333333333,3,0.5,0.166666666666667,1.06897047752888,8.33333333333333,4,10,2.13794095505776,9,8,10,1.01015254455221,8.33333333333333,4,10,2.13794095505776,0.166666666666667,2.10284851411036,2.82842712474619,0.728795144745262
1034,"-2:-1|-1:0|0:2|2:-2",4,TRUE,2,1,1,"mixed",2.01612377556149,2.82842712474619,2.5,4,2,2.10219124314841,2,8,1,25,0,TRUE,25,33554432,0,1,25,25,0.833333333333333,2,0.583333333333333,0.25,0.800640769025436,8.33333333333333,6,10,1.60128153805087,9,8,10,1.01015254455221,8.33333333333333,6,10,1.60128153805087,0,2.10219124314841,2.82842712474619,0.650463063457386
1035,"-2:-1|-1:0|-1:2|2:-2",4,TRUE,1,1,2,"mixed",2.07514076993644,2.82842712474619,2.75,4,2,2.04295532842377,2,8,1,25,0,TRUE,25,33554432,0,1,25,25,0.833333333333333,2,0.666666666666667,0.166666666666667,0.688332449299089,8.33333333333333,6,10,1.37666489859818,9,8,10,1.01015254455221,8.33333333333333,6,10,1.37666489859818,0,2.04295532842377,2.82842712474619,0.60215679580886
1036,"-1:0|0:-2|1:-2|2:2",4,TRUE,2,1,1,"mixed",2.01612377556149,2.82842712474619,2.5,4,2,2.0607698869111,2,8,1,25,0,TRUE,25,33554432,0,1,25,25,0.833333333333333,2,0.583333333333333,0.25,0.800640769025436,8.33333333333333,6,10,1.60128153805087,8,6,10,2.02030508910442,8.33333333333333,6,10,1.60128153805087,0,2.0607698869111,2.82842712474619,0.709637993158325
1037,"-1:-1|0:-2|1:-2|2:2",4,TRUE,1,2,1,"mixed",2.11967716615477,2.82842712474619,2.75,4,2,1.9607698869111,1,8,1,25,0,TRUE,25,33554432,0,1,25,25,0.833333333333333,2,0.583333333333333,0.25,0.800640769025436,8.33333333333333,6,10,1.60128153805087,9,8,10,1.01015254455221,8.33333333333333,6,10,1.60128153805087,0,1.9607698869111,2.82842712474619,0.628385453702687
1038,"-1:-2|0:-2|1:-2|2:2",4,TRUE,1,1,2,"mixed",2.32514076993644,2.82842712474619,3,4,2,1.91869125971184,2,8,1,25,0,TRUE,25,33554432,0,1,25,25,0.833333333333333,2,0.75,0.0833333333333333,0.553694392684741,8.33333333333333,6,10,1.10738878536948,8,6,10,2.02030508910442,8.33333333333333,6,10,1.10738878536948,0,1.91869125971184,2.82842712474619,0.595001260414515
1039,"-2:-1|-2:0|1:2|2:-2",4,TRUE,1,1,2,"mixed",2.32514076993644,2.82842712474619,3,4,2,2.10219124314841,2,8,1,25,0,TRUE,25,33554432,0,1,25,25,0.833333333333333,2,0.583333333333333,0.25,0.800640769025436,8.33333333333333,6,10,1.60128153805087,9,8,10,1.01015254455221,8.33333333333333,6,10,1.60128153805087,0,2.10219124314841,2.82842712474619,0.650463063457386
1040,"-2:-1|-2:0|0:2|2:-2",4,TRUE,2,1,1,"mixed",2.26612377556149,2.82842712474619,2.75,4,2,2.1607698869111,3,8,1,25,0,TRUE,25,33554432,0,1,25,25,0.833333333333333,2,0.666666666666667,0.166666666666667,0.688332449299089,8.33333333333333,6,10,1.37666489859818,9,8,10,1.01015254455221,8.33333333333333,6,10,1.37666489859818,0,2.1607698869111,2.82842712474619,0.606514171143573
1041,"-2:-1|-2:0|-1:2|2:-2",4,TRUE,1,1,2,"mixed",2.32514076993644,2.82842712474619,3,4,2,2.0659048552118,3,8,1,25,0,TRUE,25,33554432,0,1,25,25,0.833333333333333,2,0.666666666666667,0.166666666666667,0.688332449299089,8.33333333333333,6,10,1.37666489859818,9,8,10,1.01015254455221,8.33333333333333,6,10,1.37666489859818,0,2.0659048552118,2.82842712474619,0.507758832969072
1042,"-1:-1|-1:0|1:-2|2:2",4,TRUE,1,2,1,"mixed",1.86967716615477,2.82842712474619,2.5,4,2,2.06142715787305,2,8,1,25,0,TRUE,25,33554432,0,1,25,25,0.833333333333333,2,0.666666666666667,0.166666666666667,0.688332449299089,8.33333333333333,6,10,1.37666489859818,8,8,8,0,8.33333333333333,6,10,1.37666489859818,0,2.06142715787305,2.82842712474619,0.782104051605118
1043,"-1:-2|-1:0|1:-2|2:2",4,TRUE,1,1,2,"mixed",2.07514076993644,2.82842712474619,2.75,4,2,2.1607698869111,3,8,1,25,0,TRUE,25,33554432,0,1,25,25,0.833333333333333,2,0.75,0.0833333333333333,0.553694392684741,8.33333333333333,6,10,1.10738878536948,9,8,10,1.01015254455221,8.33333333333333,6,10,1.10738878536948,0,2.1607698869111,2.82842712474619,0.606514171143573
1044,"-2:-1|0:1|0:2|2:-2",4,TRUE,2,1,1,"mixed",2.01612377556149,2.82842712474619,2.5,4,2,2.12000580163574,2,8,1,17,8,FALSE,17,131072,8,256,25,25,0.833333333333333,2,0.5,0.333333333333333,0.899027097085065,8.33333333333333,6,10,1.79805419417013,8,6,10,2.02030508910442,8.33333333333333,6,10,1.79805419417013,0,2.12000580163574,2.82842712474619,0.749500130480152
1045,"-2:-1|-1:0|1:-2|2:2",4,TRUE,1,1,2,"mixed",2.07514076993644,2.82842712474619,2.75,4,2,2.12579804089839,2,8,1,21,4,FALSE,21,2097152,4,16,25,25,0.833333333333333,2,0.666666666666667,0.166666666666667,0.688332449299089,8.33333333333333,6,10,1.37666489859818,9,8,10,1.01015254455221,8.33333333333333,6,10,1.37666489859818,0,2.12579804089839,2.82842712474619,0.650625928807158
1046,"-1:-2|-1:-1|1:-2|2:2",4,TRUE,0,2,2,"off_axis",2.17869416052972,2.82842712474619,3,4,2,2.04295532842377,2,8,1,25,0,TRUE,25,33554432,0,1,25,25,0.833333333333333,2,0.75,0.0833333333333333,0.553694392684741,8.33333333333333,6,10,1.10738878536948,9,8,10,1.01015254455221,8.33333333333333,6,10,1.10738878536948,0,2.04295532842377,2.82842712474619,0.60215679580886
1047,"-2:-1|-1:1|1:2|2:-2",4,TRUE,0,2,2,"off_axis",2.17869416052972,2.82842712474619,3,4,2,2.1672193971357,2,4,2,17,8,FALSE,17,131072,8,256,25,25,0.833333333333333,2,0.5,0.333333333333333,0.899027097085065,8.33333333333333,6,10,1.79805419417013,10,10,10,0,8.33333333333333,6,10,1.79805419417013,0,2.1672193971357,2.82842712474619,0.580383096352714
1048,"-2:-1|-1:1|0:2|2:-2",4,TRUE,1,2,1,"mixed",2.11967716615477,2.82842712474619,2.75,4,2,2.14361259938572,2,8,1,21,4,FALSE,21,2097152,4,16,25,25,0.833333333333333,3,0.5,0.25,0.98766077251289,8.33333333333333,4,10,1.97532154502578,10,10,10,0,8.33333333333333,4,10,1.97532154502578,0.0833333333333333,2.14361259938572,2.82842712474619,0.582070083366052
1049,"-2:-1|-1:-1|1:-2|2:2",4,TRUE,0,2,2,"off_axis",2.17869416052972,2.82842712474619,3,4,2,2.06656212617375,2,8,1,21,4,FALSE,21,2097152,4,16,25,25,0.833333333333333,2,0.666666666666667,0.166666666666667,0.688332449299089,8.33333333333333,6,10,1.37666489859818,9,8,10,1.01015254455221,8.33333333333333,6,10,1.37666489859818,0,2.06656212617375,2.82842712474619,0.604906768449323
1050,"-2:-1|-1:2|1:2|2:-2",4,TRUE,0,1,3,"off_axis",2.38415776431139,2.82842712474619,3.25,4,2,2.16656212617375,3,8,1,21,4,FALSE,21,2097152,4,16,25,25,0.833333333333333,2,0.666666666666667,0.166666666666667,0.688332449299089,8.33333333333333,6,10,1.37666489859818,10,10,10,0,8.33333333333333,6,10,1.37666489859818,0,2.16656212617375,2.82842712474619,0.478433268804974
1051,"-2:-1|-2:1|0:-2|2:2",4,TRUE,1,1,2,"mixed",2.32514076993644,2.82842712474619,3,4,2,2.22514076993644,4,8,1,21,4,FALSE,21,2097152,4,16,25,25,0.833333333333333,3,0.5,0.25,0.98766077251289,8.33333333333333,4,10,1.97532154502578,10,10,10,0,8.33333333333333,4,10,1.97532154502578,0.0833333333333333,2.22514076993644,2.82842712474619,0.406541721197299
1052,"-2:-1|-1:-2|1:-2|2:2",4,TRUE,0,1,3,"off_axis",2.38415776431139,2.82842712474619,3.25,4,2,2.10732621144911,3,8,1,21,4,FALSE,21,2097152,4,16,25,25,0.833333333333333,3,0.5,0.25,0.98766077251289,8.33333333333333,4,10,1.97532154502578,10,10,10,0,8.33333333333333,4,10,1.97532154502578,0.0833333333333333,2.10732621144911,2.82842712474619,0.420550219671977
1053,"-2:-1|-1:2|0:2|2:-2",4,TRUE,1,1,2,"mixed",2.32514076993644,2.82842712474619,3,4,2,2.12514076993644,3,8,1,25,0,TRUE,25,33554432,0,1,25,25,0.833333333333333,2,0.583333333333333,0.25,0.800640769025436,8.33333333333333,6,10,1.60128153805087,9,8,10,1.01015254455221,8.33333333333333,6,10,1.60128153805087,0,2.12514076993644,2.82842712474619,0.561522442367321
1054,"-1:0|0:-2|0:-1|2:2",4,TRUE,3,1,0,"mixed",1.70710678118655,2.82842712474619,2,4,2,1.93716308916112,2,8,1,25,0,TRUE,25,33554432,0,1,25,25,0.833333333333333,2,0.666666666666667,0.166666666666667,0.688332449299089,8.33333333333333,6,10,1.37666489859818,7,6,8,1.01015254455221,8.33333333333333,6,10,1.37666489859818,0,1.93716308916112,2.82842712474619,0.779885437449864
1055,"-1:-1|0:-2|0:-1|2:2",4,TRUE,2,2,0,"mixed",1.81066017177982,2.82842712474619,2.25,4,2,1.85497764764846,2,8,1,21,4,FALSE,21,2097152,4,16,25,25,0.833333333333333,2,0.666666666666667,0.166666666666667,0.688332449299089,8.33333333333333,6,10,1.37666489859818,7,6,8,1.01015254455221,8.33333333333333,6,10,1.37666489859818,0,1.85497764764846,2.82842712474619,0.788146860767998
1056,"-1:-2|0:-2|0:-1|2:2",4,TRUE,2,1,1,"mixed",2.01612377556149,2.82842712474619,2.5,4,2,1.87792717443648,2,8,1,25,0,TRUE,25,33554432,0,1,25,25,0.833333333333333,2,0.75,0.0833333333333333,0.553694392684741,8.33333333333333,6,10,1.10738878536948,7,6,8,1.01015254455221,8.33333333333333,6,10,1.10738878536948,0,1.87792717443648,2.82842712474619,0.725250552501227
1057,"-2:-2|0:1|0:2|2:0",4,TRUE,3,1,0,"mixed",1.95710678118655,2.82842712474619,2.25,4,2,2.11934853067379,3,8,1,25,0,TRUE,25,33554432,0,1,25,25,0.833333333333333,2,0.583333333333333,0.25,0.800640769025436,8.33333333333333,6,10,1.60128153805087,8,6,10,2.02030508910442,8.33333333333333,6,10,1.60128153805087,0,2.11934853067379,2.82842712474619,0.673598797117914
1058,"-2:-1|0:-2|0:-1|2:2",4,TRUE,2,1,1,"mixed",2.01612377556149,2.82842712474619,2.5,4,2,2.06011261594915,3,8,1,25,0,TRUE,25,33554432,0,1,25,25,0.833333333333333,2,0.666666666666667,0.166666666666667,0.688332449299089,8.33333333333333,6,10,1.37666489859818,8,6,10,2.02030508910442,8.33333333333333,6,10,1.37666489859818,0,2.06011261594915,2.82842712474619,0.628875548196174
1059,"-1:-1|-1:0|0:-1|2:2",4,TRUE,2,2,0,"mixed",1.56066017177982,2.82842712474619,2,4,2,1.8142135623731,2,4,2,17,8,FALSE,17,131072,8,256,25,25,0.833333333333333,2,0.5,0.333333333333333,0.899027097085065,8.33333333333333,6,10,1.79805419417013,6,6,6,0,8.33333333333333,6,10,1.79805419417013,0,1.8142135623731,2.82842712474619,0.887336307346334
1060,"-1:-2|-1:0|0:-1|2:2",4,TRUE,2,1,1,"mixed",1.76612377556149,2.82842712474619,2.25,4,2,1.97858444539843,2,8,1,25,0,TRUE,25,33554432,0,1,25,25,0.833333333333333,2,0.75,0.0833333333333333,0.553694392684741,8.33333333333333,6,10,1.10738878536948,8,8,8,0,8.33333333333333,6,10,1.10738878536948,0,1.97858444539843,2.82842712474619,0.734244579617092
1061,"-1:-2|-1:-1|0:-1|2:2",4,TRUE,1,2,1,"mixed",1.86967716615477,2.82842712474619,2.5,4,2,1.87858444539843,2,8,1,25,0,TRUE,25,33554432,0,1,25,25,0.833333333333333,2,0.583333333333333,0.25,0.800640769025436,8.33333333333333,6,10,1.60128153805087,7,6,8,1.01015254455221,8.33333333333333,6,10,1.60128153805087,0,1.87858444539843,2.82842712474619,0.796464745336163
1062,"-1:-1|-1:0|0:-2|2:2",4,TRUE,2,2,0,"mixed",1.81066017177982,2.82842712474619,2.25,4,2,1.97858444539843,2,8,1,25,0,TRUE,25,33554432,0,1,25,25,0.833333333333333,2,0.75,0.0833333333333333,0.553694392684741,8.33333333333333,6,10,1.10738878536948,8,8,8,0,8.33333333333333,6,10,1.10738878536948,0,1.97858444539843,2.82842712474619,0.734244579617092
1063,"-1:-2|-1:-1|-1:0|2:2",4,TRUE,1,2,1,"mixed",1.86967716615477,2.82842712474619,2.5,4,2,1.93716308916112,2,8,1,25,0,TRUE,25,33554432,0,1,25,25,0.833333333333333,2,0.666666666666667,0.166666666666667,0.688332449299089,8.33333333333333,6,10,1.37666489859818,7,6,8,1.01015254455221,8.33333333333333,6,10,1.37666489859818,0,1.93716308916112,2.82842712474619,0.779885437449864
1064,"-2:-1|-1:0|0:-2|2:2",4,TRUE,2,1,1,"mixed",2.01612377556149,2.82842712474619,2.5,4,2,2.12514076993644,3,8,1,25,0,TRUE,25,33554432,0,1,25,25,0.833333333333333,2,0.75,0.0833333333333333,0.553694392684741,8.33333333333333,6,10,1.10738878536948,9,8,10,1.01015254455221,8.33333333333333,6,10,1.10738878536948,0,2.12514076993644,2.82842712474619,0.561522442367321
1065,"-2:-1|-1:-2|-1:0|2:2",4,TRUE,1,1,2,"mixed",2.07514076993644,2.82842712474619,2.75,4,2,2.04295532842377,2,8,1,25,0,TRUE,25,33554432,0,1,25,25,0.833333333333333,2,0.666666666666667,0.166666666666667,0.688332449299089,8.33333333333333,6,10,1.37666489859818,9,8,10,1.01015254455221,8.33333333333333,6,10,1.37666489859818,0,2.04295532842377,2.82842712474619,0.60215679580886
1066,"-1:-2|-1:0|0:-2|2:2",4,TRUE,2,1,1,"mixed",2.01612377556149,2.82842712474619,2.5,4,2,2.06011261594915,3,8,1,25,0,TRUE,25,33554432,0,1,25,25,0.833333333333333,2,0.666666666666667,0.166666666666667,0.688332449299089,8.33333333333333,6,10,1.37666489859818,8,6,10,2.02030508910442,8.33333333333333,6,10,1.37666489859818,0,2.06011261594915,2.82842712474619,0.628875548196174
1067,"-1:-2|-1:-1|0:-2|2:2",4,TRUE,1,2,1,"mixed",2.11967716615477,2.82842712474619,2.75,4,2,1.91934853067379,2,8,1,25,0,TRUE,25,33554432,0,1,25,25,0.833333333333333,2,0.75,0.0833333333333333,0.553694392684741,8.33333333333333,6,10,1.10738878536948,8,8,8,0,8.33333333333333,6,10,1.10738878536948,0,1.91934853067379,2.82842712474619,0.679951973631102
1068,"-2:-2|0:2|1:1|2:0",4,TRUE,2,2,0,"mixed",2.06066017177982,2.82842712474619,2.5,4,2,2.12000580163574,2,4,2,25,0,TRUE,25,33554432,0,1,25,25,0.833333333333333,2,0.666666666666667,0.166666666666667,0.688332449299089,8.33333333333333,6,10,1.37666489859818,10,10,10,0,8.33333333333333,6,10,1.37666489859818,0,2.12000580163574,2.82842712474619,0.582690503927722
1069,"-2:-1|-1:-1|0:-2|2:2",4,TRUE,1,2,1,"mixed",2.11967716615477,2.82842712474619,2.75,4,2,2.04295532842377,2,8,1,25,0,TRUE,25,33554432,0,1,25,25,0.833333333333333,2,0.666666666666667,0.166666666666667,0.688332449299089,8.33333333333333,6,10,1.37666489859818,9,8,10,1.01015254455221,8.33333333333333,6,10,1.37666489859818,0,2.04295532842377,2.82842712474619,0.60215679580886
1070,"-2:-1|-2:0|0:-2|2:2",4,TRUE,2,1,1,"mixed",2.26612377556149,2.82842712474619,2.75,4,2,2.18371941369913,4,8,1,25,0,TRUE,25,33554432,0,1,25,25,0.833333333333333,2,0.75,0.0833333333333333,0.553694392684741,8.33333333333333,6,10,1.10738878536948,9,8,10,1.01015254455221,8.33333333333333,6,10,1.10738878536948,0,2.18371941369913,2.82842712474619,0.507027856163868
1071,"-2:-1|-1:-2|0:-2|2:2",4,TRUE,1,1,2,"mixed",2.32514076993644,2.82842712474619,3,4,2,2.0659048552118,3,8,1,25,0,TRUE,25,33554432,0,1,25,25,0.833333333333333,2,0.583333333333333,0.25,0.800640769025436,8.33333333333333,6,10,1.60128153805087,9,8,10,1.01015254455221,8.33333333333333,6,10,1.60128153805087,0,2.0659048552118,2.82842712474619,0.507758832969072
1072,"-2:-1|-1:-2|-1:-1|2:2",4,TRUE,0,2,2,"off_axis",2.17869416052972,2.82842712474619,3,4,2,1.94295532842377,2,4,2,25,0,TRUE,25,33554432,0,1,25,25,0.833333333333333,2,0.583333333333333,0.25,0.800640769025436,8.33333333333333,6,10,1.60128153805087,8,8,8,0,8.33333333333333,6,10,1.60128153805087,0,1.94295532842377,2.82842712474619,0.68712330427472
1073,"-1:-2|0:-2|1:-2|2:-1",4,TRUE,1,0,3,"mixed",2.17705098312484,2.23606797749979,2.75,3,2,1.8594553449872,2,8,1,21,4,FALSE,21,2097152,4,16,25,25,0.833333333333333,2,0.666666666666667,0.166666666666667,0.688332449299089,8.33333333333333,6,10,1.37666489859818,8,6,10,2.02030508910442,8.33333333333333,6,10,1.37666489859818,0,1.8594553449872,2.23606797749979,0.519000984797307
1074,"-1:-2|-1:-1|0:-2|1:-2",4,TRUE,1,1,2,"mixed",1.97158737934317,2.23606797749979,2.5,3,2,1.65366310572456,1,8,1,25,0,TRUE,25,33554432,0,1,25,25,0.833333333333333,2,0.75,0.0833333333333333,0.553694392684741,8.33333333333333,6,10,1.10738878536948,7,6,8,1.01015254455221,8.33333333333333,6,10,1.10738878536948,0,1.65366310572456,2.23606797749979,0.543035023185446
1075,"-1:-2|0:-2|0:-1|1:-2",4,TRUE,2,0,2,"mixed",1.86803398874989,2.23606797749979,2.25,3,2,1.53005630797458,1,4,2,25,0,TRUE,25,33554432,0,1,25,25,0.833333333333333,2,0.666666666666667,0.166666666666667,0.688332449299089,8.33333333333333,6,10,1.37666489859818,6,6,6,0,8.33333333333333,6,10,1.37666489859818,0,1.53005630797458,2.23606797749979,0.536374345259402
1076,"-1:-2|0:-2|1:-2|2:0",4,TRUE,2,0,2,"mixed",2.11803398874989,2.23606797749979,2.5,3,2,2.03650581819918,3,8,1,25,0,TRUE,25,33554432,0,1,25,25,0.833333333333333,2,0.583333333333333,0.25,0.800640769025436,8.33333333333333,6,10,1.60128153805087,8,6,10,2.02030508910442,8.33333333333333,6,10,1.60128153805087,0,2.03650581819918,2.82842712474619,0.625960641681523
1077,"-1:-2|-1:0|0:-2|1:-2",4,TRUE,2,0,2,"mixed",1.86803398874989,2.23606797749979,2.25,3,2,1.85366310572456,2,8,1,21,4,FALSE,21,2097152,4,16,25,25,0.833333333333333,3,0.5,0.25,0.98766077251289,8.33333333333333,4,10,1.97532154502578,7,4,10,3.03045763365663,8.33333333333333,4,10,1.97532154502578,0.0833333333333333,1.85366310572456,2.82842712474619,0.63590101472512
1078,"-1:-2|0:-2|1:-2|2:1",4,TRUE,1,0,3,"mixed",2.17705098312484,2.23606797749979,2.75,3,2,2.06011261594915,3,8,1,25,0,TRUE,25,33554432,0,1,25,25,0.833333333333333,2,0.666666666666667,0.166666666666667,0.688332449299089,8.33333333333333,6,10,1.37666489859818,8,6,10,2.02030508910442,8.33333333333333,6,10,1.37666489859818,0,2.06011261594915,2.82842712474619,0.628875548196174
1079,"-1:-1|-1:2|0:2|1:2",4,TRUE,1,1,2,"mixed",1.97158737934317,2.23606797749979,2.5,3,2,1.89508446196187,2,8,1,25,0,TRUE,25,33554432,0,1,25,25,0.833333333333333,2,0.583333333333333,0.25,0.800640769025436,8.33333333333333,6,10,1.60128153805087,8,6,10,2.02030508910442,8.33333333333333,6,10,1.60128153805087,0,1.89508446196187,2.82842712474619,0.585619218368906
1080,"-1:-2|0:-2|0:1|1:-2",4,TRUE,2,0,2,"mixed",1.86803398874989,2.23606797749979,2.25,3,2,1.79442719099992,2,4,2,17,8,FALSE,17,131072,8,256,25,25,0.833333333333333,2,0.5,0.333333333333333,0.899027097085065,8.33333333333333,6,10,1.79805419417013,7,6,8,1.01015254455221,8.33333333333333,6,10,1.79805419417013,0,1.79442719099992,2.23606797749979,0.557804282880804
1081,"-1:-2|-1:2|0:-2|1:-2",4,TRUE,1,0,3,"mixed",2.17705098312484,2.23606797749979,2.75,3,2,1.73584854723723,2,8,1,21,4,FALSE,21,2097152,4,16,25,25,0.833333333333333,2,0.666666666666667,0.166666666666667,0.688332449299089,8.33333333333333,6,10,1.37666489859818,7,6,8,1.01015254455221,8.33333333333333,6,10,1.37666489859818,0,1.73584854723723,2.23606797749979,0.564535030951642
1082,"-1:-2|0:-2|0:2|1:-2",4,TRUE,2,0,2,"mixed",2.11803398874989,2.23606797749979,2.5,3,2,1.63005630797458,2,4,2,25,0,TRUE,25,33554432,0,1,25,25,0.833333333333333,2,0.666666666666667,0.166666666666667,0.688332449299089,8.33333333333333,6,10,1.37666489859818,7,6,8,1.01015254455221,8.33333333333333,6,10,1.37666489859818,0,1.63005630797458,2.23606797749979,0.519525887315959
1083,"-2:-1|-1:-2|-1:-1|0:-2",4,TRUE,1,1,2,"mixed",1.97158737934317,2.23606797749979,2.5,3,2,1.59508446196187,1,8,1,25,0,TRUE,25,33554432,0,1,25,25,0.833333333333333,2,0.666666666666667,0.166666666666667,0.688332449299089,8.33333333333333,6,10,1.37666489859818,7,6,8,1.01015254455221,8.33333333333333,6,10,1.37666489859818,0,1.59508446196187,2.23606797749979,0.533026535932964
1084,"-2:-1|-1:-2|0:-2|0:-1",4,TRUE,2,0,2,"mixed",1.86803398874989,2.23606797749979,2.25,3,2,1.65366310572456,1,8,1,25,0,TRUE,25,33554432,0,1,25,25,0.833333333333333,2,0.75,0.0833333333333333,0.553694392684741,8.33333333333333,6,10,1.10738878536948,7,6,8,1.01015254455221,8.33333333333333,6,10,1.10738878536948,0,1.65366310572456,2.23606797749979,0.543035023185446
1085,"-1:-1|0:-2|1:-2|2:-1",4,TRUE,1,1,2,"mixed",1.97158737934317,2.23606797749979,2.5,3,2,1.81869125971184,1,8,1,25,0,TRUE,25,33554432,0,1,25,25,0.833333333333333,2,0.666666666666667,0.166666666666667,0.688332449299089,8.33333333333333,6,10,1.37666489859818,9,8,10,1.01015254455221,8.33333333333333,6,10,1.37666489859818,0,1.81869125971184,2.23606797749979,0.46231555102518
1086,"-2:-1|-1:-2|0:-2|2:-1",4,TRUE,1,0,3,"mixed",2.17705098312484,2.23606797749979,2.75,3,2,1.88306214273718,2,8,1,21,4,FALSE,21,2097152,4,16,25,25,0.833333333333333,3,0.5,0.25,0.98766077251289,8.33333333333333,4,10,1.97532154502578,8,6,10,2.02030508910442,8.33333333333333,4,10,1.97532154502578,0.0833333333333333,1.88306214273718,2.23606797749979,0.531326397476738
1087,"-2:-1|-2:0|-1:-2|0:-2",4,TRUE,2,0,2,"mixed",2.11803398874989,2.23606797749979,2.5,3,2,1.91869125971184,2,4,2,21,4,FALSE,21,2097152,4,16,25,25,0.833333333333333,1,0.833333333333333,0,0.373300683394721,8.33333333333333,8,10,0.746601366789441,8,8,8,0,8.33333333333333,8,10,0.746601366789441,0,1.91869125971184,2.82842712474619,0.595001260414515
1088,"-2:-1|-1:-2|-1:0|0:-2",4,TRUE,2,0,2,"mixed",1.86803398874989,2.23606797749979,2.25,3,2,1.77726990347453,1,8,1,25,0,TRUE,25,33554432,0,1,25,25,0.833333333333333,2,0.666666666666667,0.166666666666667,0.688332449299089,8.33333333333333,6,10,1.37666489859818,8,6,10,2.02030508910442,8.33333333333333,6,10,1.37666489859818,0,1.77726990347453,2.23606797749979,0.517807010599742
1089,"-1:0|0:-2|1:-2|2:-1",4,TRUE,2,0,2,"mixed",1.86803398874989,2.23606797749979,2.25,3,2,1.94229805746182,2,8,1,25,0,TRUE,25,33554432,0,1,25,25,0.833333333333333,2,0.583333333333333,0.25,0.800640769025436,8.33333333333333,6,10,1.60128153805087,8,6,10,2.02030508910442,8.33333333333333,6,10,1.60128153805087,0,1.94229805746182,2.82842712474619,0.603212009882676
1090,"-2:-1|-1:-2|0:-2|2:0",4,TRUE,2,0,2,"mixed",2.11803398874989,2.23606797749979,2.5,3,2,2.01934853067379,2,8,1,25,0,TRUE,25,33554432,0,1,25,25,0.833333333333333,2,0.75,0.0833333333333333,0.553694392684741,8.33333333333333,6,10,1.10738878536948,9,8,10,1.01015254455221,8.33333333333333,6,10,1.10738878536948,0,2.01934853067379,2.82842712474619,0.598360270206642
1091,"-1:-2|1:-2|2:-1|2:0",4,TRUE,1,0,3,"mixed",2.17705098312484,2.23606797749979,2.75,3,2,2.04229805746182,3,8,1,25,0,TRUE,25,33554432,0,1,25,25,0.833333333333333,2,0.583333333333333,0.25,0.800640769025436,8.33333333333333,6,10,1.60128153805087,9,8,10,1.01015254455221,8.33333333333333,6,10,1.60128153805087,0,2.04229805746182,2.82842712474619,0.504445398969847
1092,"-1:-1|1:-2|2:-1|2:0",4,TRUE,1,1,2,"mixed",1.97158737934317,2.23606797749979,2.5,3,2,1.90087670122451,2,8,1,21,4,FALSE,21,2097152,4,16,25,25,0.833333333333333,3,0.5,0.25,0.98766077251289,8.33333333333333,4,10,1.97532154502578,9,8,10,1.01015254455221,8.33333333333333,4,10,1.97532154502578,0.0833333333333333,1.90087670122451,2.23606797749979,0.455421375994938
1093,"-1:0|1:-2|2:-1|2:0",4,TRUE,2,0,2,"mixed",1.86803398874989,2.23606797749979,2.25,3,2,1.91869125971184,2,8,1,25,0,TRUE,25,33554432,0,1,25,25,0.833333333333333,2,0.75,0.0833333333333333,0.553694392684741,8.33333333333333,6,10,1.10738878536948,8,8,8,0,8.33333333333333,6,10,1.10738878536948,0,1.91869125971184,2.82842712474619,0.595001260414515
1094,"-1:-1|0:2|1:2|2:1",4,TRUE,1,1,2,"mixed",1.97158737934317,2.23606797749979,2.5,3,2,2.04295532842377,2,8,1,25,0,TRUE,25,33554432,0,1,25,25,0.833333333333333,2,0.75,0.0833333333333333,0.553694392684741,8.33333333333333,6,10,1.10738878536948,9,8,10,1.01015254455221,8.33333333333333,6,10,1.10738878536948,0,2.04295532842377,2.82842712474619,0.60215679580886
1095,"-1:-2|1:2|2:0|2:1",4,TRUE,1,0,3,"mixed",2.17705098312484,2.23606797749979,2.75,3,2,2.12514076993644,3,8,1,25,0,TRUE,25,33554432,0,1,25,25,0.833333333333333,2,0.75,0.0833333333333333,0.553694392684741,8.33333333333333,6,10,1.10738878536948,9,8,10,1.01015254455221,8.33333333333333,6,10,1.10738878536948,0,2.12514076993644,2.82842712474619,0.561522442367321
1096,"-2:-1|-1:-2|-1:2|0:-2",4,TRUE,1,0,3,"mixed",2.17705098312484,2.23606797749979,2.75,3,2,1.80087670122451,2,8,1,25,0,TRUE,25,33554432,0,1,25,25,0.833333333333333,2,0.75,0.0833333333333333,0.553694392684741,8.33333333333333,6,10,1.10738878536948,8,8,8,0,8.33333333333333,6,10,1.10738878536948,0,1.80087670122451,2.23606797749979,0.534210847873044
1097,"-2:-1|-1:-2|0:-2|0:2",4,TRUE,2,0,2,"mixed",2.11803398874989,2.23606797749979,2.5,3,2,1.83650581819917,2,8,1,21,4,FALSE,21,2097152,4,16,25,25,0.833333333333333,2,0.666666666666667,0.166666666666667,0.688332449299089,8.33333333333333,6,10,1.37666489859818,8,8,8,0,8.33333333333333,6,10,1.37666489859818,0,1.83650581819917,2.82842712474619,0.602998415071235
1098,"-1:-2|0:2|1:2|2:1",4,TRUE,1,0,3,"mixed",2.17705098312484,2.23606797749979,2.75,3,2,1.98371941369913,2,8,1,25,0,TRUE,25,33554432,0,1,25,25,0.833333333333333,2,0.583333333333333,0.25,0.800640769025436,8.33333333333333,6,10,1.60128153805087,9,8,10,1.01015254455221,8.33333333333333,6,10,1.60128153805087,0,1.98371941369913,2.82842712474619,0.542481221091435
1099,"-1:-2|-1:-1|0:-2|0:-1",4,TRUE,2,1,1,"mixed",1.66257038496822,2.23606797749979,2,3,2,1.34787086646191,1,8,1,21,4,FALSE,21,2097152,4,16,25,25,0.833333333333333,3,0.5,0.25,0.98766077251289,8.33333333333333,4,10,1.97532154502578,5,4,6,1.01015254455221,8.33333333333333,4,10,1.97532154502578,0.0833333333333333,1.34787086646191,2.23606797749979,0.451225648580529
1100,"-1:-1|0:-2|1:-2|1:-1",4,TRUE,1,2,1,"mixed",1.76612377556149,2.23606797749979,2.25,3,2,1.6128990204492,1,8,1,25,0,TRUE,25,33554432,0,1,25,25,0.833333333333333,2,0.666666666666667,0.166666666666667,0.688332449299089,8.33333333333333,6,10,1.37666489859818,8,8,8,0,8.33333333333333,6,10,1.37666489859818,0,1.6128990204492,2.23606797749979,0.469700554530962
1101,"-1:-2|-1:-1|0:-2|2:-1",4,TRUE,1,1,2,"mixed",1.97158737934317,2.23606797749979,2.5,3,2,1.77726990347453,2,8,1,25,0,TRUE,25,33554432,0,1,25,25,0.833333333333333,2,0.75,0.0833333333333333,0.553694392684741,8.33333333333333,6,10,1.10738878536948,8,8,8,0,8.33333333333333,6,10,1.10738878536948,0,1.77726990347453,2.23606797749979,0.517807010599742
1102,"-2:-1|-2:0|-1:-1|0:-2",4,TRUE,2,1,1,"mixed",1.91257038496822,2.23606797749979,2.25,3,2,1.75432037668651,1,8,1,25,0,TRUE,25,33554432,0,1,25,25,0.833333333333333,2,0.75,0.0833333333333333,0.553694392684741,8.33333333333333,6,10,1.10738878536948,8,8,8,0,8.33333333333333,6,10,1.10738878536948,0,1.75432037668651,2.82842712474619,0.598479569819794
1103,"-1:-2|-1:-1|-1:0|0:-2",4,TRUE,2,1,1,"mixed",1.66257038496822,2.23606797749979,2,3,2,1.53005630797458,1,8,1,25,0,TRUE,25,33554432,0,1,25,25,0.833333333333333,2,0.583333333333333,0.25,0.800640769025436,8.33333333333333,6,10,1.60128153805087,6,6,6,0,8.33333333333333,6,10,1.60128153805087,0,1.53005630797458,2.23606797749979,0.536374345259402
1104,"-1:-2|-1:-1|0:-2|1:0",4,TRUE,2,1,1,"mixed",1.66257038496822,2.23606797749979,2,3,2,1.73650581819918,1,8,1,25,0,TRUE,25,33554432,0,1,25,25,0.833333333333333,2,0.666666666666667,0.166666666666667,0.688332449299089,8.33333333333333,6,10,1.37666489859818,7,6,8,1.01015254455221,8.33333333333333,6,10,1.37666489859818,0,1.73650581819918,2.82842712474619,0.653662793937545
1105,"-1:-2|-1:-1|0:-2|2:0",4,TRUE,2,1,1,"mixed",1.91257038496822,2.23606797749979,2.25,3,2,1.89574173292382,2,8,1,21,4,FALSE,21,2097152,4,16,25,25,0.833333333333333,1,0.833333333333333,0,0.373300683394721,8.33333333333333,8,10,0.746601366789441,8,8,8,0,8.33333333333333,8,10,0.746601366789441,0,1.89574173292382,2.82842712474619,0.671783101612592
1106,"-1:-2|1:-1|2:-1|2:0",4,TRUE,1,1,2,"mixed",1.97158737934317,2.23606797749979,2.5,3,2,1.86011261594915,2,8,1,25,0,TRUE,25,33554432,0,1,25,25,0.833333333333333,2,0.75,0.0833333333333333,0.553694392684741,8.33333333333333,6,10,1.10738878536948,8,8,8,0,8.33333333333333,6,10,1.10738878536948,0,1.86011261594915,2.82842712474619,0.614619173858266
1107,"-1:-1|-1:1|-1:2|0:2",4,TRUE,1,2,1,"mixed",1.76612377556149,2.23606797749979,2.25,3,2,1.67147766421189,1,8,1,21,4,FALSE,21,2097152,4,16,25,25,0.833333333333333,3,0.5,0.25,0.98766077251289,8.33333333333333,4,10,1.97532154502578,8,8,8,0,8.33333333333333,4,10,1.97532154502578,0.0833333333333333,1.67147766421189,2.23606797749979,0.478611902671298
1108,"-1:-2|-1:-1|0:-2|0:1",4,TRUE,2,1,1,"mixed",1.66257038496822,2.23606797749979,2,3,2,1.65366310572456,1,8,1,25,0,TRUE,25,33554432,0,1,25,25,0.833333333333333,2,0.583333333333333,0.25,0.800640769025436,8.33333333333333,6,10,1.60128153805087,7,6,8,1.01015254455221,8.33333333333333,6,10,1.60128153805087,0,1.65366310572456,2.23606797749979,0.543035023185446
1109,"-1:-1|0:2|1:1|1:2",4,TRUE,1,2,1,"mixed",1.76612377556149,2.23606797749979,2.25,3,2,1.83716308916112,1,8,1,25,0,TRUE,25,33554432,0,1,25,25,0.833333333333333,2,0.75,0.0833333333333333,0.553694392684741,8.33333333333333,6,10,1.10738878536948,8,8,8,0,8.33333333333333,6,10,1.10738878536948,0,1.83716308916112,2.82842712474619,0.687048262758847
1110,"-1:-2|-1:-1|0:-2|2:1",4,TRUE,1,1,2,"mixed",1.97158737934317,2.23606797749979,2.5,3,2,1.97858444539843,2,8,1,25,0,TRUE,25,33554432,0,1,25,25,0.833333333333333,2,0.75,0.0833333333333333,0.553694392684741,8.33333333333333,6,10,1.10738878536948,8,8,8,0,8.33333333333333,6,10,1.10738878536948,0,1.97858444539843,2.82842712474619,0.734244579617092
1111,"-1:-2|-1:-1|-1:2|0:-2",4,TRUE,1,1,2,"mixed",1.97158737934317,2.23606797749979,2.5,3,2,1.57147766421189,1,8,1,25,0,TRUE,25,33554432,0,1,25,25,0.833333333333333,2,0.583333333333333,0.25,0.800640769025436,8.33333333333333,6,10,1.60128153805087,7,6,8,1.01015254455221,8.33333333333333,6,10,1.60128153805087,0,1.57147766421189,2.23606797749979,0.506028052453785
1112,"-1:-2|-1:-1|0:-2|0:2",4,TRUE,2,1,1,"mixed",1.91257038496822,2.23606797749979,2.25,3,2,1.57147766421189,1,8,1,25,0,TRUE,25,33554432,0,1,25,25,0.833333333333333,2,0.583333333333333,0.25,0.800640769025436,8.33333333333333,6,10,1.60128153805087,7,6,8,1.01015254455221,8.33333333333333,6,10,1.60128153805087,0,1.57147766421189,2.23606797749979,0.506028052453785
1113,"-1:-2|-1:-1|0:-2|1:2",4,TRUE,1,1,2,"mixed",1.97158737934317,2.23606797749979,2.5,3,2,1.77792717443648,1,8,1,21,4,FALSE,21,2097152,4,16,25,25,0.833333333333333,2,0.666666666666667,0.166666666666667,0.688332449299089,8.33333333333333,6,10,1.37666489859818,8,8,8,0,8.33333333333333,6,10,1.37666489859818,0,1.77792717443648,2.82842712474619,0.613709089969705
1114,"-1:-1|0:-2|0:-1|1:-2",4,TRUE,2,1,1,"mixed",1.66257038496822,2.23606797749979,2,3,2,1.47147766421189,1,8,1,25,0,TRUE,25,33554432,0,1,25,25,0.833333333333333,2,0.583333333333333,0.25,0.800640769025436,8.33333333333333,6,10,1.60128153805087,6,6,6,0,8.33333333333333,6,10,1.60128153805087,0,1.47147766421189,2.23606797749979,0.510722237756962
1115,"-1:-2|0:-2|0:-1|2:-1",4,TRUE,2,0,2,"mixed",1.86803398874989,2.23606797749979,2.25,3,2,1.73584854723723,2,8,1,21,4,FALSE,21,2097152,4,16,25,25,0.833333333333333,2,0.666666666666667,0.166666666666667,0.688332449299089,8.33333333333333,6,10,1.37666489859818,7,6,8,1.01015254455221,8.33333333333333,6,10,1.37666489859818,0,1.73584854723723,2.23606797749979,0.564535030951642
1116,"-2:-1|-2:0|-1:0|0:-2",4,TRUE,3,0,1,"mixed",1.80901699437495,2.23606797749979,2,3,2,1.79508446196187,2,8,1,25,0,TRUE,25,33554432,0,1,25,25,0.833333333333333,2,0.75,0.0833333333333333,0.553694392684741,8.33333333333333,6,10,1.10738878536948,7,6,8,1.01015254455221,8.33333333333333,6,10,1.10738878536948,0,1.79508446196187,2.82842712474619,0.647792640367682
1117,"-1:-2|-1:0|0:-2|0:-1",4,TRUE,3,0,1,"mixed",1.55901699437495,2.23606797749979,1.75,3,2,1.53005630797458,1,8,1,25,0,TRUE,25,33554432,0,1,25,25,0.833333333333333,2,0.583333333333333,0.25,0.800640769025436,8.33333333333333,6,10,1.60128153805087,6,6,6,0,8.33333333333333,6,10,1.60128153805087,0,1.53005630797458,2.23606797749979,0.536374345259402
1118,"-1:-2|0:-2|0:-1|1:0",4,TRUE,3,0,1,"mixed",1.55901699437495,2.23606797749979,1.75,3,2,1.6128990204492,1,8,1,17,8,FALSE,17,131072,8,256,25,25,0.833333333333333,2,0.5,0.333333333333333,0.899027097085065,8.33333333333333,6,10,1.79805419417013,6,6,6,0,8.33333333333333,6,10,1.79805419417013,0,1.6128990204492,2.82842712474619,0.665462871352652
1119,"-1:-2|0:-2|0:-1|2:0",4,TRUE,3,0,1,"mixed",1.80901699437495,2.23606797749979,2,3,2,1.85432037668651,2,8,1,25,0,TRUE,25,33554432,0,1,25,25,0.833333333333333,2,0.75,0.0833333333333333,0.553694392684741,8.33333333333333,6,10,1.10738878536948,7,6,8,1.01015254455221,8.33333333333333,6,10,1.10738878536948,0,1.85432037668651,2.82842712474619,0.716081885917476
1120,"-1:-2|1:0|2:-1|2:0",4,TRUE,2,0,2,"mixed",1.86803398874989,2.23606797749979,2.25,3,2,1.87792717443648,2,8,1,21,4,FALSE,21,2097152,4,16,25,25,0.833333333333333,2,0.666666666666667,0.166666666666667,0.688332449299089,8.33333333333333,6,10,1.37666489859818,7,6,8,1.01015254455221,8.33333333333333,6,10,1.37666489859818,0,1.87792717443648,2.82842712474619,0.725250552501227
1121,"-1:-1|-1:2|0:1|0:2",4,TRUE,2,1,1,"mixed",1.66257038496822,2.23606797749979,2,3,2,1.65366310572456,1,8,1,25,0,TRUE,25,33554432,0,1,25,25,0.833333333333333,2,0.583333333333333,0.25,0.800640769025436,8.33333333333333,6,10,1.60128153805087,7,6,8,1.01015254455221,8.33333333333333,6,10,1.60128153805087,0,1.65366310572456,2.23606797749979,0.543035023185446
1122,"-1:-2|0:-2|0:-1|0:1",4,TRUE,3,0,1,"mixed",1.55901699437495,2.23606797749979,1.75,3,2,1.58863495173727,1,8,1,21,4,FALSE,21,2097152,4,16,25,25,0.833333333333333,3,0.5,0.166666666666667,1.06897047752888,8.33333333333333,4,10,2.13794095505776,6,4,8,2.02030508910442,8.33333333333333,4,10,2.13794095505776,0.166666666666667,1.58863495173727,2.23606797749979,0.554014630892572
1123,"-1:-1|0:1|0:2|1:2",4,TRUE,2,1,1,"mixed",1.66257038496822,2.23606797749979,2,3,2,1.73650581819918,1,8,1,25,0,TRUE,25,33554432,0,1,25,25,0.833333333333333,2,0.583333333333333,0.25,0.800640769025436,8.33333333333333,6,10,1.60128153805087,7,6,8,1.01015254455221,8.33333333333333,6,10,1.60128153805087,0,1.73650581819918,2.82842712474619,0.653662793937545
1124,"-1:-2|0:-2|0:-1|2:1",4,TRUE,2,0,2,"mixed",1.86803398874989,2.23606797749979,2.25,3,2,1.93716308916112,2,8,1,25,0,TRUE,25,33554432,0,1,25,25,0.833333333333333,2,0.666666666666667,0.166666666666667,0.688332449299089,8.33333333333333,6,10,1.37666489859818,7,6,8,1.01015254455221,8.33333333333333,6,10,1.37666489859818,0,1.93716308916112,2.82842712474619,0.779885437449864
1125,"-1:-2|-1:2|0:-2|0:-1",4,TRUE,2,0,2,"mixed",1.86803398874989,2.23606797749979,2.25,3,2,1.55366310572456,1,8,1,21,4,FALSE,21,2097152,4,16,25,25,0.833333333333333,3,0.5,0.25,0.98766077251289,8.33333333333333,4,10,1.97532154502578,6,4,8,2.02030508910442,8.33333333333333,4,10,1.97532154502578,0.0833333333333333,1.55366310572456,2.23606797749979,0.563846860523836
1126,"-1:-2|0:-2|0:-1|0:2",4,TRUE,3,0,1,"mixed",1.80901699437495,2.23606797749979,2,3,2,1.5064495102246,1,8,1,21,4,FALSE,21,2097152,4,16,25,25,0.833333333333333,3,0.5,0.166666666666667,1.06897047752888,8.33333333333333,4,10,2.13794095505776,6,4,8,2.02030508910442,8.33333333333333,4,10,2.13794095505776,0.166666666666667,1.5064495102246,2.23606797749979,0.506194816629229
1127,"-1:-2|0:-2|0:-1|1:2",4,TRUE,2,0,2,"mixed",1.86803398874989,2.23606797749979,2.25,3,2,1.67726990347453,1,8,1,25,0,TRUE,25,33554432,0,1,25,25,0.833333333333333,2,0.666666666666667,0.166666666666667,0.688332449299089,8.33333333333333,6,10,1.37666489859818,7,6,8,1.01015254455221,8.33333333333333,6,10,1.37666489859818,0,1.67726990347453,2.23606797749979,0.564471897635819
1128,"-1:-2|0:-2|1:-1|2:-1",4,TRUE,1,1,2,"mixed",1.97158737934317,2.23606797749979,2.5,3,2,1.80087670122451,1,8,1,25,0,TRUE,25,33554432,0,1,25,25,0.833333333333333,2,0.583333333333333,0.25,0.800640769025436,8.33333333333333,6,10,1.60128153805087,8,6,10,2.02030508910442,8.33333333333333,6,10,1.60128153805087,0,1.80087670122451,2.23606797749979,0.534210847873044
1129,"-1:-1|0:-2|1:-2|2:0",4,TRUE,2,1,1,"mixed",1.91257038496822,2.23606797749979,2.25,3,2,1.96011261594915,2,8,1,25,0,TRUE,25,33554432,0,1,25,25,0.833333333333333,2,0.75,0.0833333333333333,0.553694392684741,8.33333333333333,6,10,1.10738878536948,9,8,10,1.01015254455221,8.33333333333333,6,10,1.10738878536948,0,1.96011261594915,2.82842712474619,0.535369584489657
1130,"-1:-1|0:-2|1:-2|1:0",4,TRUE,2,1,1,"mixed",1.66257038496822,2.23606797749979,2,3,2,1.77726990347453,1,8,1,25,0,TRUE,25,33554432,0,1,25,25,0.833333333333333,2,0.666666666666667,0.166666666666667,0.688332449299089,8.33333333333333,6,10,1.37666489859818,8,6,10,2.02030508910442,8.33333333333333,6,10,1.37666489859818,0,1.77726990347453,2.23606797749979,0.517807010599742
1131,"-1:-1|-1:0|0:-2|1:-2",4,TRUE,2,1,1,"mixed",1.66257038496822,2.23606797749979,2,3,2,1.73650581819918,1,8,1,25,0,TRUE,25,33554432,0,1,25,25,0.833333333333333,2,0.666666666666667,0.166666666666667,0.688332449299089,8.33333333333333,6,10,1.37666489859818,7,6,8,1.01015254455221,8.33333333333333,6,10,1.37666489859818,0,1.73650581819918,2.82842712474619,0.653662793937545
1132,"-1:-2|0:-2|1:-1|2:0",4,TRUE,2,1,1,"mixed",1.91257038496822,2.23606797749979,2.25,3,2,1.93716308916112,1,8,1,25,0,TRUE,25,33554432,0,1,25,25,0.833333333333333,2,0.75,0.0833333333333333,0.553694392684741,8.33333333333333,6,10,1.10738878536948,9,8,10,1.01015254455221,8.33333333333333,6,10,1.10738878536948,0,1.93716308916112,2.82842712474619,0.621288236911133
1133,"-1:-1|0:-2|1:-2|2:1",4,TRUE,1,1,2,"mixed",1.97158737934317,2.23606797749979,2.5,3,2,2.04295532842377,2,8,1,25,0,TRUE,25,33554432,0,1,25,25,0.833333333333333,2,0.666666666666667,0.166666666666667,0.688332449299089,8.33333333333333,6,10,1.37666489859818,9,8,10,1.01015254455221,8.33333333333333,6,10,1.37666489859818,0,2.04295532842377,2.82842712474619,0.60215679580886
1134,"-1:-1|-1:2|0:2|1:1",4,TRUE,1,2,1,"mixed",1.76612377556149,2.23606797749979,2.25,3,2,1.87792717443648,1,8,1,25,0,TRUE,25,33554432,0,1,25,25,0.833333333333333,2,0.583333333333333,0.25,0.800640769025436,8.33333333333333,6,10,1.60128153805087,9,8,10,1.01015254455221,8.33333333333333,6,10,1.60128153805087,0,1.87792717443648,2.82842712474619,0.551149835962157
1135,"-1:-1|0:-2|0:1|1:-2",4,TRUE,2,1,1,"mixed",1.66257038496822,2.23606797749979,2,3,2,1.77726990347453,1,8,1,25,0,TRUE,25,33554432,0,1,25,25,0.833333333333333,2,0.666666666666667,0.166666666666667,0.688332449299089,8.33333333333333,6,10,1.37666489859818,8,8,8,0,8.33333333333333,6,10,1.37666489859818,0,1.77726990347453,2.23606797749979,0.517807010599742
1136,"-1:-1|-1:1|0:-2|1:-2",4,TRUE,1,2,1,"mixed",1.76612377556149,2.23606797749979,2.25,3,2,1.87792717443648,1,8,1,25,0,TRUE,25,33554432,0,1,25,25,0.833333333333333,2,0.666666666666667,0.166666666666667,0.688332449299089,8.33333333333333,6,10,1.37666489859818,9,8,10,1.01015254455221,8.33333333333333,6,10,1.37666489859818,0,1.87792717443648,2.82842712474619,0.551149835962157
1137,"-1:-2|0:-2|1:-1|2:1",4,TRUE,1,1,2,"mixed",1.97158737934317,2.23606797749979,2.5,3,2,2.04295532842377,2,8,1,25,0,TRUE,25,33554432,0,1,25,25,0.833333333333333,2,0.666666666666667,0.166666666666667,0.688332449299089,8.33333333333333,6,10,1.37666489859818,9,8,10,1.01015254455221,8.33333333333333,6,10,1.37666489859818,0,2.04295532842377,2.82842712474619,0.60215679580886
1138,"-1:-1|0:-2|1:-2|1:2",4,TRUE,1,1,2,"mixed",1.97158737934317,2.23606797749979,2.5,3,2,1.77792717443648,1,8,1,25,0,TRUE,25,33554432,0,1,25,25,0.833333333333333,2,0.75,0.0833333333333333,0.553694392684741,8.33333333333333,6,10,1.10738878536948,8,8,8,0,8.33333333333333,6,10,1.10738878536948,0,1.77792717443648,2.82842712474619,0.613709089969705
1139,"-1:-1|0:-2|0:2|1:-2",4,TRUE,2,1,1,"mixed",1.91257038496822,2.23606797749979,2.25,3,2,1.69508446196187,1,8,1,25,0,TRUE,25,33554432,0,1,25,25,0.833333333333333,2,0.583333333333333,0.25,0.800640769025436,8.33333333333333,6,10,1.60128153805087,8,8,8,0,8.33333333333333,6,10,1.60128153805087,0,1.69508446196187,2.23606797749979,0.501872789122517
1140,"-1:-1|-1:2|0:-2|1:-2",4,TRUE,1,1,2,"mixed",1.97158737934317,2.23606797749979,2.5,3,2,1.81869125971184,1,8,1,25,0,TRUE,25,33554432,0,1,25,25,0.833333333333333,2,0.583333333333333,0.25,0.800640769025436,8.33333333333333,6,10,1.60128153805087,9,8,10,1.01015254455221,8.33333333333333,6,10,1.60128153805087,0,1.81869125971184,2.23606797749979,0.46231555102518
1141,"-2:-1|-2:0|-1:2|0:-2",4,TRUE,2,0,2,"mixed",2.11803398874989,2.23606797749979,2.5,3,2,2.04229805746182,3,8,1,25,0,TRUE,25,33554432,0,1,25,25,0.833333333333333,2,0.75,0.0833333333333333,0.553694392684741,8.33333333333333,6,10,1.10738878536948,9,8,10,1.01015254455221,8.33333333333333,6,10,1.10738878536948,0,2.04229805746182,2.82842712474619,0.504445398969847
1142,"-1:-2|-1:0|0:-2|2:-1",4,TRUE,2,0,2,"mixed",1.86803398874989,2.23606797749979,2.25,3,2,1.94164078649987,3,8,1,17,8,FALSE,17,131072,8,256,25,25,0.833333333333333,2,0.5,0.333333333333333,0.899027097085065,8.33333333333333,6,10,1.79805419417013,8,6,10,2.02030508910442,8.33333333333333,6,10,1.79805419417013,0,1.94164078649987,2.23606797749979,0.505559158204668
1143,"-1:-2|0:-2|1:0|2:-1",4,TRUE,2,0,2,"mixed",1.86803398874989,2.23606797749979,2.25,3,2,1.94229805746182,2,8,1,25,0,TRUE,25,33554432,0,1,25,25,0.833333333333333,2,0.583333333333333,0.25,0.800640769025436,8.33333333333333,6,10,1.60128153805087,8,6,10,2.02030508910442,8.33333333333333,6,10,1.60128153805087,0,1.94229805746182,2.82842712474619,0.603212009882676
1144,"-1:-2|0:-2|2:-1|2:0",4,TRUE,2,0,2,"mixed",2.11803398874989,2.23606797749979,2.5,3,2,2.06011261594915,3,8,1,25,0,TRUE,25,33554432,0,1,25,25,0.833333333333333,2,0.75,0.0833333333333333,0.553694392684741,8.33333333333333,6,10,1.10738878536948,8,8,8,0,8.33333333333333,6,10,1.10738878536948,0,2.06011261594915,2.82842712474619,0.628875548196174
1145,"-1:-2|1:2|2:-1|2:0",4,TRUE,1,0,3,"mixed",2.17705098312484,2.23606797749979,2.75,3,2,2.14809029672447,4,8,1,21,4,FALSE,21,2097152,4,16,25,25,0.833333333333333,3,0.5,0.166666666666667,1.06897047752888,8.33333333333333,4,10,2.13794095505776,9,8,10,1.01015254455221,8.33333333333333,4,10,2.13794095505776,0.166666666666667,2.14809029672447,2.82842712474619,0.454249169409344
1146,"-1:-1|-1:2|0:2|2:1",4,TRUE,1,1,2,"mixed",1.97158737934317,2.23606797749979,2.5,3,2,2.04229805746182,3,8,1,25,0,TRUE,25,33554432,0,1,25,25,0.833333333333333,2,0.583333333333333,0.25,0.800640769025436,8.33333333333333,6,10,1.60128153805087,9,8,10,1.01015254455221,8.33333333333333,6,10,1.60128153805087,0,2.04229805746182,2.82842712474619,0.504445398969847
1147,"-1:-2|0:-2|0:1|2:-1",4,TRUE,2,0,2,"mixed",1.86803398874989,2.23606797749979,2.25,3,2,2.00087670122451,3,8,1,21,4,FALSE,21,2097152,4,16,25,25,0.833333333333333,2,0.666666666666667,0.166666666666667,0.688332449299089,8.33333333333333,6,10,1.37666489859818,8,8,8,0,8.33333333333333,6,10,1.37666489859818,0,2.00087670122451,2.82842712474619,0.573965181383861
1148,"-1:-1|1:-2|2:0|2:1",4,TRUE,1,1,2,"mixed",1.97158737934317,2.23606797749979,2.5,3,2,2.0659048552118,3,8,1,25,0,TRUE,25,33554432,0,1,25,25,0.833333333333333,2,0.666666666666667,0.166666666666667,0.688332449299089,8.33333333333333,6,10,1.37666489859818,9,8,10,1.01015254455221,8.33333333333333,6,10,1.37666489859818,0,2.0659048552118,2.82842712474619,0.507758832969072
1149,"-1:-2|0:-2|2:-1|2:1",4,TRUE,1,0,3,"mixed",2.17705098312484,2.23606797749979,2.75,3,2,2.18371941369913,4,8,1,25,0,TRUE,25,33554432,0,1,25,25,0.833333333333333,2,0.583333333333333,0.25,0.800640769025436,8.33333333333333,6,10,1.60128153805087,9,8,10,1.01015254455221,8.33333333333333,6,10,1.60128153805087,0,2.18371941369913,2.82842712474619,0.507027856163868
1150,"-1:-2|-1:2|0:-2|2:-1",4,TRUE,1,0,3,"mixed",2.17705098312484,2.23606797749979,2.75,3,2,1.94229805746182,3,8,1,25,0,TRUE,25,33554432,0,1,25,25,0.833333333333333,2,0.75,0.0833333333333333,0.553694392684741,8.33333333333333,6,10,1.10738878536948,8,8,8,0,8.33333333333333,6,10,1.10738878536948,0,1.94229805746182,2.82842712474619,0.603212009882676
1151,"-1:-2|0:-2|0:2|2:-1",4,TRUE,2,0,2,"mixed",2.11803398874989,2.23606797749979,2.5,3,2,1.91869125971184,3,8,1,25,0,TRUE,25,33554432,0,1,25,25,0.833333333333333,2,0.666666666666667,0.166666666666667,0.688332449299089,8.33333333333333,6,10,1.37666489859818,8,8,8,0,8.33333333333333,6,10,1.37666489859818,0,1.91869125971184,2.82842712474619,0.595001260414515
1152,"-1:-2|0:-2|1:2|2:-1",4,TRUE,1,0,3,"mixed",2.17705098312484,2.23606797749979,2.75,3,2,2.00666894048716,3,8,1,21,4,FALSE,21,2097152,4,16,25,25,0.833333333333333,3,0.5,0.166666666666667,1.06897047752888,8.33333333333333,4,10,2.13794095505776,9,8,10,1.01015254455221,8.33333333333333,4,10,2.13794095505776,0.166666666666667,2.00666894048716,2.23606797749979,0.438785904873549
1153,"-2:-1|-2:0|0:-2|0:-1",4,TRUE,3,0,1,"mixed",1.80901699437495,2.23606797749979,2,3,2,1.85366310572456,2,8,1,21,4,FALSE,21,2097152,4,16,25,25,0.833333333333333,3,0.5,0.25,0.98766077251289,8.33333333333333,4,10,1.97532154502578,7,4,10,3.03045763365663,8.33333333333333,4,10,1.97532154502578,0.0833333333333333,1.85366310572456,2.82842712474619,0.63590101472512
1154,"-1:0|0:-2|1:-2|2:0",4,TRUE,3,0,1,"mixed",1.80901699437495,2.23606797749979,2,3,2,2.03650581819918,3,8,1,25,0,TRUE,25,33554432,0,1,25,25,0.833333333333333,2,0.583333333333333,0.25,0.800640769025436,8.33333333333333,6,10,1.60128153805087,8,6,10,2.02030508910442,8.33333333333333,6,10,1.60128153805087,0,2.03650581819918,2.82842712474619,0.625960641681523
1155,"-2:-1|-2:0|0:-2|0:2",4,TRUE,3,0,1,"mixed",2.05901699437495,2.23606797749979,2.25,3,2,2.09574173292382,3,8,1,25,0,TRUE,25,33554432,0,1,25,25,0.833333333333333,2,0.583333333333333,0.25,0.800640769025436,8.33333333333333,6,10,1.60128153805087,8,6,10,2.02030508910442,8.33333333333333,6,10,1.60128153805087,0,2.09574173292382,2.82842712474619,0.673190239647906
1156,"-1:-1|0:-2|2:-1|2:0",4,TRUE,2,1,1,"mixed",1.91257038496822,2.23606797749979,2.25,3,2,1.93650581819917,2,8,1,25,0,TRUE,25,33554432,0,1,25,25,0.833333333333333,2,0.666666666666667,0.166666666666667,0.688332449299089,8.33333333333333,6,10,1.37666489859818,9,8,10,1.01015254455221,8.33333333333333,6,10,1.37666489859818,0,1.93650581819917,2.82842712474619,0.526988526209425
1157,"-1:0|0:-2|2:-1|2:0",4,TRUE,3,0,1,"mixed",1.80901699437495,2.23606797749979,2,3,2,1.97726990347453,3,8,1,21,4,FALSE,21,2097152,4,16,25,25,0.833333333333333,2,0.666666666666667,0.166666666666667,0.688332449299089,8.33333333333333,6,10,1.37666489859818,8,8,8,0,8.33333333333333,6,10,1.37666489859818,0,1.97726990347453,2.82842712474619,0.568041204309261
1158,"-1:-1|0:2|1:2|2:0",4,TRUE,2,1,1,"mixed",1.91257038496822,2.23606797749979,2.25,3,2,2.10153397218646,3,8,1,25,0,TRUE,25,33554432,0,1,25,25,0.833333333333333,2,0.666666666666667,0.166666666666667,0.688332449299089,8.33333333333333,6,10,1.37666489859818,9,8,10,1.01015254455221,8.33333333333333,6,10,1.37666489859818,0,2.10153397218646,2.82842712474619,0.561303011598098
1159,"-1:-2|0:2|2:0|2:1",4,TRUE,2,0,2,"mixed",2.11803398874989,2.23606797749979,2.5,3,2,2.1607698869111,3,8,1,25,0,TRUE,25,33554432,0,1,25,25,0.833333333333333,2,0.75,0.0833333333333333,0.553694392684741,8.33333333333333,6,10,1.10738878536948,9,8,10,1.01015254455221,8.33333333333333,6,10,1.10738878536948,0,2.1607698869111,2.82842712474619,0.606514171143573
1160,"-2:-1|-2:0|0:-2|2:-1",4,TRUE,2,0,2,"mixed",2.11803398874989,2.23606797749979,2.5,3,2,1.91869125971184,3,8,1,25,0,TRUE,25,33554432,0,1,25,25,0.833333333333333,2,0.666666666666667,0.166666666666667,0.688332449299089,8.33333333333333,6,10,1.37666489859818,8,8,8,0,8.33333333333333,6,10,1.37666489859818,0,1.91869125971184,2.82842712474619,0.595001260414515
1161,"-2:-1|-2:0|0:-2|2:0",4,TRUE,3,0,1,"mixed",2.05901699437495,2.23606797749979,2.25,3,2,1.95432037668651,3,8,1,25,0,TRUE,25,33554432,0,1,25,25,0.833333333333333,2,0.75,0.0833333333333333,0.553694392684741,8.33333333333333,6,10,1.10738878536948,8,8,8,0,8.33333333333333,6,10,1.10738878536948,0,1.95432037668651,2.82842712474619,0.650326298670236
1162,"-1:-2|0:2|1:2|2:0",4,TRUE,2,0,2,"mixed",2.11803398874989,2.23606797749979,2.5,3,2,2.10153397218646,3,8,1,21,4,FALSE,21,2097152,4,16,25,25,0.833333333333333,2,0.666666666666667,0.166666666666667,0.688332449299089,8.33333333333333,6,10,1.37666489859818,9,8,10,1.01015254455221,8.33333333333333,6,10,1.37666489859818,0,2.10153397218646,2.82842712474619,0.561303011598098
1163,"-1:-2|-1:0|0:-2|1:0",4,TRUE,3,0,1,"mixed",1.55901699437495,2.23606797749979,1.75,3,2,1.85366310572456,2,8,1,21,4,FALSE,21,2097152,4,16,25,25,0.833333333333333,3,0.5,0.25,0.98766077251289,8.33333333333333,4,10,1.97532154502578,7,4,10,3.03045763365663,8.33333333333333,4,10,1.97532154502578,0.0833333333333333,1.85366310572456,2.82842712474619,0.63590101472512
1164,"-1:-2|-1:0|0:-2|2:0",4,TRUE,3,0,1,"mixed",1.80901699437495,2.23606797749979,2,3,2,2.0128990204492,3,8,1,25,0,TRUE,25,33554432,0,1,25,25,0.833333333333333,2,0.583333333333333,0.25,0.800640769025436,8.33333333333333,6,10,1.60128153805087,8,6,10,2.02030508910442,8.33333333333333,6,10,1.60128153805087,0,2.0128990204492,2.82842712474619,0.622037452851217
1165,"-1:-2|0:-1|2:-1|2:0",4,TRUE,2,0,2,"mixed",1.86803398874989,2.23606797749979,2.25,3,2,1.91869125971184,2,8,1,25,0,TRUE,25,33554432,0,1,25,25,0.833333333333333,2,0.583333333333333,0.25,0.800640769025436,8.33333333333333,6,10,1.60128153805087,8,6,10,2.02030508910442,8.33333333333333,6,10,1.60128153805087,0,1.91869125971184,2.82842712474619,0.595001260414515
1166,"-1:-1|-1:0|-1:2|0:2",4,TRUE,2,1,1,"mixed",1.66257038496822,2.23606797749979,2,3,2,1.71224174948725,2,8,1,21,4,FALSE,21,2097152,4,16,25,25,0.833333333333333,3,0.5,0.25,0.98766077251289,8.33333333333333,4,10,1.97532154502578,7,6,8,1.01015254455221,8.33333333333333,4,10,1.97532154502578,0.0833333333333333,1.71224174948725,2.23606797749979,0.545922452076253
1167,"-1:-2|-1:0|0:-2|0:1",4,TRUE,3,0,1,"mixed",1.55901699437495,2.23606797749979,1.75,3,2,1.71224174948725,2,8,1,21,4,FALSE,21,2097152,4,16,25,25,0.833333333333333,3,0.5,0.25,0.98766077251289,8.33333333333333,4,10,1.97532154502578,7,6,8,1.01015254455221,8.33333333333333,4,10,1.97532154502578,0.0833333333333333,1.71224174948725,2.23606797749979,0.545922452076253
1168,"-1:-1|0:1|2:0|2:1",4,TRUE,2,1,1,"mixed",1.66257038496822,2.23606797749979,2,3,2,1.91869125971184,2,8,1,25,0,TRUE,25,33554432,0,1,25,25,0.833333333333333,2,0.583333333333333,0.25,0.800640769025436,8.33333333333333,6,10,1.60128153805087,8,6,10,2.02030508910442,8.33333333333333,6,10,1.60128153805087,0,1.91869125971184,2.82842712474619,0.595001260414515
1169,"-1:-2|-1:0|0:-2|2:1",4,TRUE,2,0,2,"mixed",1.86803398874989,2.23606797749979,2.25,3,2,2.06011261594915,3,8,1,25,0,TRUE,25,33554432,0,1,25,25,0.833333333333333,2,0.666666666666667,0.166666666666667,0.688332449299089,8.33333333333333,6,10,1.37666489859818,8,6,10,2.02030508910442,8.33333333333333,6,10,1.37666489859818,0,2.06011261594915,2.82842712474619,0.628875548196174
1170,"-1:-2|-1:0|-1:2|0:-2",4,TRUE,2,0,2,"mixed",1.86803398874989,2.23606797749979,2.25,3,2,1.71224174948725,2,8,1,21,4,FALSE,21,2097152,4,16,25,25,0.833333333333333,3,0.5,0.25,0.98766077251289,8.33333333333333,4,10,1.97532154502578,7,6,8,1.01015254455221,8.33333333333333,4,10,1.97532154502578,0.0833333333333333,1.71224174948725,2.23606797749979,0.545922452076253
1171,"-1:-2|-1:0|0:-2|0:2",4,TRUE,3,0,1,"mixed",1.80901699437495,2.23606797749979,2,3,2,1.71224174948725,2,8,1,21,4,FALSE,21,2097152,4,16,25,25,0.833333333333333,3,0.5,0.25,0.98766077251289,8.33333333333333,4,10,1.97532154502578,7,6,8,1.01015254455221,8.33333333333333,4,10,1.97532154502578,0.0833333333333333,1.71224174948725,2.23606797749979,0.545922452076253
1172,"-1:-2|-1:0|0:-2|1:2",4,TRUE,2,0,2,"mixed",1.86803398874989,2.23606797749979,2.25,3,2,1.91869125971184,2,8,1,25,0,TRUE,25,33554432,0,1,25,25,0.833333333333333,2,0.583333333333333,0.25,0.800640769025436,8.33333333333333,6,10,1.60128153805087,8,6,10,2.02030508910442,8.33333333333333,6,10,1.60128153805087,0,1.91869125971184,2.82842712474619,0.595001260414515
1173,"-1:-2|0:-2|1:0|2:0",4,TRUE,3,0,1,"mixed",1.80901699437495,2.23606797749979,2,3,2,1.99574173292381,2,8,1,21,4,FALSE,21,2097152,4,16,25,25,0.833333333333333,3,0.5,0.25,0.98766077251289,8.33333333333333,4,10,1.97532154502578,7,4,10,3.03045763365663,8.33333333333333,4,10,1.97532154502578,0.0833333333333333,1.99574173292381,2.82842712474619,0.757932080998649
1174,"-1:-2|0:1|2:-1|2:0",4,TRUE,2,0,2,"mixed",1.86803398874989,2.23606797749979,2.25,3,2,2.08371941369913,3,8,1,21,4,FALSE,21,2097152,4,16,25,25,0.833333333333333,3,0.5,0.25,0.98766077251289,8.33333333333333,4,10,1.97532154502578,8,6,10,2.02030508910442,8.33333333333333,4,10,1.97532154502578,0.0833333333333333,2.08371941369913,2.82842712474619,0.630796150355813
1175,"-1:-1|-1:2|0:2|1:0",4,TRUE,2,1,1,"mixed",1.66257038496822,2.23606797749979,2,3,2,1.91869125971184,2,8,1,21,4,FALSE,21,2097152,4,16,25,25,0.833333333333333,3,0.5,0.25,0.98766077251289,8.33333333333333,4,10,1.97532154502578,8,6,10,2.02030508910442,8.33333333333333,4,10,1.97532154502578,0.0833333333333333,1.91869125971184,2.82842712474619,0.595001260414515
1176,"-1:-2|0:-2|0:1|1:0",4,TRUE,3,0,1,"mixed",1.55901699437495,2.23606797749979,1.75,3,2,1.79508446196187,2,8,1,25,0,TRUE,25,33554432,0,1,25,25,0.833333333333333,2,0.583333333333333,0.25,0.800640769025436,8.33333333333333,6,10,1.60128153805087,7,6,8,1.01015254455221,8.33333333333333,6,10,1.60128153805087,0,1.79508446196187,2.82842712474619,0.647792640367682
1177,"-1:-1|-1:0|0:2|1:2",4,TRUE,2,1,1,"mixed",1.66257038496822,2.23606797749979,2,3,2,1.87792717443648,2,8,1,25,0,TRUE,25,33554432,0,1,25,25,0.833333333333333,2,0.666666666666667,0.166666666666667,0.688332449299089,8.33333333333333,6,10,1.37666489859818,7,6,8,1.01015254455221,8.33333333333333,6,10,1.37666489859818,0,1.87792717443648,2.82842712474619,0.725250552501227
1178,"-1:-2|0:-1|2:0|2:1",4,TRUE,2,0,2,"mixed",1.86803398874989,2.23606797749979,2.25,3,2,2.0607698869111,2,8,1,25,0,TRUE,25,33554432,0,1,25,25,0.833333333333333,2,0.583333333333333,0.25,0.800640769025436,8.33333333333333,6,10,1.60128153805087,8,6,10,2.02030508910442,8.33333333333333,6,10,1.60128153805087,0,2.0607698869111,2.82842712474619,0.709637993158325
1179,"-1:-2|-1:2|0:-2|1:0",4,TRUE,2,0,2,"mixed",1.86803398874989,2.23606797749979,2.25,3,2,1.87792717443648,2,8,1,25,0,TRUE,25,33554432,0,1,25,25,0.833333333333333,2,0.666666666666667,0.166666666666667,0.688332449299089,8.33333333333333,6,10,1.37666489859818,7,6,8,1.01015254455221,8.33333333333333,6,10,1.37666489859818,0,1.87792717443648,2.82842712474619,0.725250552501227
1180,"-1:-2|0:-2|0:2|1:0",4,TRUE,3,0,1,"mixed",1.80901699437495,2.23606797749979,2,3,2,1.79508446196187,2,8,1,25,0,TRUE,25,33554432,0,1,25,25,0.833333333333333,2,0.583333333333333,0.25,0.800640769025436,8.33333333333333,6,10,1.60128153805087,7,6,8,1.01015254455221,8.33333333333333,6,10,1.60128153805087,0,1.79508446196187,2.82842712474619,0.647792640367682
1181,"-1:-2|-1:0|0:2|1:2",4,TRUE,2,0,2,"mixed",1.86803398874989,2.23606797749979,2.25,3,2,1.91869125971184,2,8,1,21,4,FALSE,21,2097152,4,16,25,25,0.833333333333333,3,0.5,0.25,0.98766077251289,8.33333333333333,4,10,1.97532154502578,8,6,10,2.02030508910442,8.33333333333333,4,10,1.97532154502578,0.0833333333333333,1.91869125971184,2.82842712474619,0.595001260414515
1182,"-1:-2|0:2|2:-1|2:0",4,TRUE,2,0,2,"mixed",2.11803398874989,2.23606797749979,2.5,3,2,2.1607698869111,3,8,1,21,4,FALSE,21,2097152,4,16,25,25,0.833333333333333,2,0.666666666666667,0.166666666666667,0.688332449299089,8.33333333333333,6,10,1.37666489859818,9,8,10,1.01015254455221,8.33333333333333,6,10,1.37666489859818,0,2.1607698869111,2.82842712474619,0.606514171143573
1183,"-1:-1|-1:2|0:2|2:0",4,TRUE,2,1,1,"mixed",1.91257038496822,2.23606797749979,2.25,3,2,2.07792717443648,3,8,1,25,0,TRUE,25,33554432,0,1,25,25,0.833333333333333,2,0.666666666666667,0.166666666666667,0.688332449299089,8.33333333333333,6,10,1.37666489859818,9,8,10,1.01015254455221,8.33333333333333,6,10,1.37666489859818,0,2.07792717443648,2.82842712474619,0.559978826721162
1184,"-1:-2|0:-2|0:1|2:0",4,TRUE,3,0,1,"mixed",1.80901699437495,2.23606797749979,2,3,2,2.03650581819918,3,8,1,25,0,TRUE,25,33554432,0,1,25,25,0.833333333333333,2,0.75,0.0833333333333333,0.553694392684741,8.33333333333333,6,10,1.10738878536948,8,8,8,0,8.33333333333333,6,10,1.10738878536948,0,2.03650581819918,2.82842712474619,0.625960641681523
1185,"-1:-1|0:-2|2:0|2:1",4,TRUE,2,1,1,"mixed",1.91257038496822,2.23606797749979,2.25,3,2,2.07858444539843,2,8,1,25,0,TRUE,25,33554432,0,1,25,25,0.833333333333333,2,0.75,0.0833333333333333,0.553694392684741,8.33333333333333,6,10,1.10738878536948,9,8,10,1.01015254455221,8.33333333333333,6,10,1.10738878536948,0,2.07858444539843,2.82842712474619,0.649347281975168
1186,"-1:-2|0:-2|2:0|2:1",4,TRUE,2,0,2,"mixed",2.11803398874989,2.23606797749979,2.5,3,2,2.17858444539843,3,4,2,25,0,TRUE,25,33554432,0,1,25,25,0.833333333333333,2,0.666666666666667,0.166666666666667,0.688332449299089,8.33333333333333,6,10,1.37666489859818,8,8,8,0,8.33333333333333,6,10,1.37666489859818,0,2.17858444539843,2.82842712474619,0.710062449732415
1187,"-1:-2|-1:2|0:-2|2:0",4,TRUE,2,0,2,"mixed",2.11803398874989,2.23606797749979,2.5,3,2,2.03716308916112,3,8,1,25,0,TRUE,25,33554432,0,1,25,25,0.833333333333333,2,0.75,0.0833333333333333,0.553694392684741,8.33333333333333,6,10,1.10738878536948,8,8,8,0,8.33333333333333,6,10,1.10738878536948,0,2.03716308916112,2.82842712474619,0.707080498450027
1188,"-1:-2|0:-2|0:2|2:0",4,TRUE,3,0,1,"mixed",2.05901699437495,2.23606797749979,2.25,3,2,2.01355629141115,3,8,1,21,4,FALSE,21,2097152,4,16,25,25,0.833333333333333,2,0.666666666666667,0.166666666666667,0.688332449299089,8.33333333333333,6,10,1.37666489859818,8,8,8,0,8.33333333333333,6,10,1.37666489859818,0,2.01355629141115,2.82842712474619,0.703634265256378
1189,"-1:-2|0:-2|1:2|2:0",4,TRUE,2,0,2,"mixed",2.11803398874989,2.23606797749979,2.5,3,2,2.10153397218646,3,8,1,25,0,TRUE,25,33554432,0,1,25,25,0.833333333333333,2,0.75,0.0833333333333333,0.553694392684741,8.33333333333333,6,10,1.10738878536948,9,8,10,1.01015254455221,8.33333333333333,6,10,1.10738878536948,0,2.10153397218646,2.82842712474619,0.561303011598098
1190,"-1:-2|-1:-1|2:-1|2:0",4,TRUE,1,1,2,"mixed",1.97158737934317,2.23606797749979,2.5,3,2,1.91869125971184,2,8,1,21,4,FALSE,21,2097152,4,16,25,25,0.833333333333333,3,0.5,0.25,0.98766077251289,8.33333333333333,4,10,1.97532154502578,8,6,10,2.02030508910442,8.33333333333333,4,10,1.97532154502578,0.0833333333333333,1.91869125971184,2.82842712474619,0.595001260414515
1191,"-1:-2|-1:0|2:-1|2:0",4,TRUE,2,0,2,"mixed",1.86803398874989,2.23606797749979,2.25,3,2,1.97726990347453,3,8,1,21,4,FALSE,21,2097152,4,16,25,25,0.833333333333333,2,0.666666666666667,0.166666666666667,0.688332449299089,8.33333333333333,6,10,1.37666489859818,8,8,8,0,8.33333333333333,6,10,1.37666489859818,0,1.97726990347453,2.82842712474619,0.568041204309261
1192,"-1:-1|-1:2|2:0|2:1",4,TRUE,1,1,2,"mixed",1.97158737934317,2.23606797749979,2.5,3,2,2.10153397218646,3,8,1,25,0,TRUE,25,33554432,0,1,25,25,0.833333333333333,2,0.75,0.0833333333333333,0.553694392684741,8.33333333333333,6,10,1.10738878536948,9,8,10,1.01015254455221,8.33333333333333,6,10,1.10738878536948,0,2.10153397218646,2.82842712474619,0.561303011598098
1193,"-1:-2|-1:2|2:-1|2:0",4,TRUE,1,0,3,"mixed",2.17705098312484,2.23606797749979,2.75,3,2,2.14295532842377,3,8,1,25,0,TRUE,25,33554432,0,1,25,25,0.833333333333333,2,0.583333333333333,0.25,0.800640769025436,8.33333333333333,6,10,1.60128153805087,8,6,10,2.02030508910442,8.33333333333333,6,10,1.60128153805087,0,2.14295532842377,2.82842712474619,0.67308779382795
1194,"-2:-1|-1:-2|-1:2|0:2",4,TRUE,1,0,3,"mixed",2.17705098312484,2.23606797749979,2.75,3,2,1.86011261594915,2,8,1,21,4,FALSE,21,2097152,4,16,25,25,0.833333333333333,2,0.666666666666667,0.166666666666667,0.688332449299089,8.33333333333333,6,10,1.37666489859818,8,8,8,0,8.33333333333333,6,10,1.37666489859818,0,1.86011261594915,2.82842712474619,0.614619173858266
1195,"-2:-1|-1:2|0:-2|0:2",4,TRUE,2,0,2,"mixed",2.11803398874989,2.23606797749979,2.5,3,2,1.91869125971184,3,8,1,25,0,TRUE,25,33554432,0,1,25,25,0.833333333333333,2,0.666666666666667,0.166666666666667,0.688332449299089,8.33333333333333,6,10,1.37666489859818,8,8,8,0,8.33333333333333,6,10,1.37666489859818,0,1.91869125971184,2.82842712474619,0.595001260414515
1196,"-1:-2|0:2|1:2|2:-1",4,TRUE,1,0,3,"mixed",2.17705098312484,2.23606797749979,2.75,3,2,2.0659048552118,3,8,1,21,4,FALSE,21,2097152,4,16,25,25,0.833333333333333,3,0.5,0.166666666666667,1.06897047752888,8.33333333333333,4,10,2.13794095505776,9,8,10,1.01015254455221,8.33333333333333,4,10,2.13794095505776,0.166666666666667,2.0659048552118,2.82842712474619,0.507758832969072
1197,"-1:-1|-1:0|2:-1|2:0",4,TRUE,2,1,1,"mixed",1.66257038496822,2.23606797749979,2,3,2,1.71224174948725,2,8,1,21,4,FALSE,21,2097152,4,16,25,25,0.833333333333333,3,0.5,0.25,0.98766077251289,8.33333333333333,4,10,1.97532154502578,7,6,8,1.01015254455221,8.33333333333333,4,10,1.97532154502578,0.0833333333333333,1.71224174948725,2.23606797749979,0.545922452076253
1198,"-1:-1|-1:1|2:-1|2:0",4,TRUE,1,2,1,"mixed",1.76612377556149,2.23606797749979,2.25,3,2,1.93650581819917,2,8,1,25,0,TRUE,25,33554432,0,1,25,25,0.833333333333333,2,0.666666666666667,0.166666666666667,0.688332449299089,8.33333333333333,6,10,1.37666489859818,9,8,10,1.01015254455221,8.33333333333333,6,10,1.37666489859818,0,1.93650581819917,2.82842712474619,0.526988526209425
1199,"-1:-1|-1:2|0:2|2:-1",4,TRUE,1,1,2,"mixed",1.97158737934317,2.23606797749979,2.5,3,2,2.07792717443648,3,8,1,25,0,TRUE,25,33554432,0,1,25,25,0.833333333333333,2,0.666666666666667,0.166666666666667,0.688332449299089,8.33333333333333,6,10,1.37666489859818,9,8,10,1.01015254455221,8.33333333333333,6,10,1.37666489859818,0,2.07792717443648,2.82842712474619,0.559978826721162
1200,"-1:-2|-1:-1|-1:2|0:2",4,TRUE,1,1,2,"mixed",1.97158737934317,2.23606797749979,2.5,3,2,1.65366310572456,1,8,1,25,0,TRUE,25,33554432,0,1,25,25,0.833333333333333,2,0.583333333333333,0.25,0.800640769025436,8.33333333333333,6,10,1.60128153805087,7,6,8,1.01015254455221,8.33333333333333,6,10,1.60128153805087,0,1.65366310572456,2.23606797749979,0.543035023185446
1201,"-1:-1|-1:2|0:-2|0:2",4,TRUE,2,1,1,"mixed",1.91257038496822,2.23606797749979,2.25,3,2,1.67147766421189,1,8,1,21,4,FALSE,21,2097152,4,16,25,25,0.833333333333333,3,0.5,0.25,0.98766077251289,8.33333333333333,4,10,1.97532154502578,8,8,8,0,8.33333333333333,4,10,1.97532154502578,0.0833333333333333,1.67147766421189,2.23606797749979,0.478611902671298
1202,"-1:-1|-1:2|0:2|1:-2",4,TRUE,1,1,2,"mixed",1.97158737934317,2.23606797749979,2.5,3,2,1.90087670122451,2,8,1,21,4,FALSE,21,2097152,4,16,25,25,0.833333333333333,3,0.5,0.25,0.98766077251289,8.33333333333333,4,10,1.97532154502578,9,8,10,1.01015254455221,8.33333333333333,4,10,1.97532154502578,0.0833333333333333,1.90087670122451,2.23606797749979,0.455421375994938
1203,"-1:-1|-1:0|2:0|2:1",4,TRUE,2,1,1,"mixed",1.66257038496822,2.23606797749979,2,3,2,1.79508446196187,2,8,1,25,0,TRUE,25,33554432,0,1,25,25,0.833333333333333,2,0.583333333333333,0.25,0.800640769025436,8.33333333333333,6,10,1.60128153805087,7,6,8,1.01015254455221,8.33333333333333,6,10,1.60128153805087,0,1.79508446196187,2.82842712474619,0.647792640367682
1204,"-1:-2|-1:0|2:0|2:1",4,TRUE,2,0,2,"mixed",1.86803398874989,2.23606797749979,2.25,3,2,2.03650581819918,3,8,1,25,0,TRUE,25,33554432,0,1,25,25,0.833333333333333,2,0.75,0.0833333333333333,0.553694392684741,8.33333333333333,6,10,1.10738878536948,8,8,8,0,8.33333333333333,6,10,1.10738878536948,0,2.03650581819918,2.82842712474619,0.625960641681523
1205,"-1:-2|-1:2|0:-1|0:2",4,TRUE,2,0,2,"mixed",1.86803398874989,2.23606797749979,2.25,3,2,1.65366310572456,1,8,1,25,0,TRUE,25,33554432,0,1,25,25,0.833333333333333,2,0.583333333333333,0.25,0.800640769025436,8.33333333333333,6,10,1.60128153805087,7,6,8,1.01015254455221,8.33333333333333,6,10,1.60128153805087,0,1.65366310572456,2.23606797749979,0.543035023185446
1206,"-1:-2|0:-2|0:1|0:2",4,TRUE,3,0,1,"mixed",1.80901699437495,2.23606797749979,2,3,2,1.58863495173727,1,8,1,21,4,FALSE,21,2097152,4,16,25,25,0.833333333333333,3,0.5,0.166666666666667,1.06897047752888,8.33333333333333,4,10,2.13794095505776,6,4,8,2.02030508910442,8.33333333333333,4,10,2.13794095505776,0.166666666666667,1.58863495173727,2.23606797749979,0.554014630892572
1207,"-1:-2|0:-1|0:2|1:2",4,TRUE,2,0,2,"mixed",1.86803398874989,2.23606797749979,2.25,3,2,1.77726990347453,1,8,1,25,0,TRUE,25,33554432,0,1,25,25,0.833333333333333,2,0.666666666666667,0.166666666666667,0.688332449299089,8.33333333333333,6,10,1.37666489859818,8,8,8,0,8.33333333333333,6,10,1.37666489859818,0,1.77726990347453,2.23606797749979,0.517807010599742
1208,"-1:-2|-1:-1|2:0|2:1",4,TRUE,1,1,2,"mixed",1.97158737934317,2.23606797749979,2.5,3,2,2.0607698869111,2,8,1,25,0,TRUE,25,33554432,0,1,25,25,0.833333333333333,2,0.666666666666667,0.166666666666667,0.688332449299089,8.33333333333333,6,10,1.37666489859818,8,6,10,2.02030508910442,8.33333333333333,6,10,1.37666489859818,0,2.0607698869111,2.82842712474619,0.709637993158325
1209,"-1:-1|0:2|1:-2|1:2",4,TRUE,1,1,2,"mixed",1.97158737934317,2.23606797749979,2.5,3,2,1.86011261594915,2,8,1,25,0,TRUE,25,33554432,0,1,25,25,0.833333333333333,2,0.666666666666667,0.166666666666667,0.688332449299089,8.33333333333333,6,10,1.37666489859818,8,8,8,0,8.33333333333333,6,10,1.37666489859818,0,1.86011261594915,2.82842712474619,0.614619173858266
1210,"-1:-1|0:-2|0:2|1:2",4,TRUE,2,1,1,"mixed",1.91257038496822,2.23606797749979,2.25,3,2,1.75432037668651,1,8,1,25,0,TRUE,25,33554432,0,1,25,25,0.833333333333333,2,0.666666666666667,0.166666666666667,0.688332449299089,8.33333333333333,6,10,1.37666489859818,8,8,8,0,8.33333333333333,6,10,1.37666489859818,0,1.75432037668651,2.82842712474619,0.598479569819794
1211,"-1:-2|-1:-1|0:2|1:2",4,TRUE,1,1,2,"mixed",1.97158737934317,2.23606797749979,2.5,3,2,1.86011261594915,1,8,1,25,0,TRUE,25,33554432,0,1,25,25,0.833333333333333,2,0.75,0.0833333333333333,0.553694392684741,8.33333333333333,6,10,1.10738878536948,8,8,8,0,8.33333333333333,6,10,1.10738878536948,0,1.86011261594915,2.82842712474619,0.614619173858266
1212,"-1:-2|-1:2|0:-2|2:1",4,TRUE,1,0,3,"mixed",2.17705098312484,2.23606797749979,2.75,3,2,2.00153397218646,3,8,1,25,0,TRUE,25,33554432,0,1,25,25,0.833333333333333,2,0.75,0.0833333333333333,0.553694392684741,8.33333333333333,6,10,1.10738878536948,8,8,8,0,8.33333333333333,6,10,1.10738878536948,0,2.00153397218646,2.82842712474619,0.661531689157382
1213,"-1:-2|0:-2|0:2|2:1",4,TRUE,2,0,2,"mixed",2.11803398874989,2.23606797749979,2.5,3,2,1.97792717443648,3,8,1,25,0,TRUE,25,33554432,0,1,25,25,0.833333333333333,2,0.75,0.0833333333333333,0.553694392684741,8.33333333333333,6,10,1.10738878536948,8,8,8,0,8.33333333333333,6,10,1.10738878536948,0,1.97792717443648,2.82842712474619,0.656424737689541
1214,"-1:-2|0:-2|1:2|2:1",4,TRUE,1,0,3,"mixed",2.17705098312484,2.23606797749979,2.75,3,2,2.04295532842377,2,8,1,25,0,TRUE,25,33554432,0,1,25,25,0.833333333333333,2,0.666666666666667,0.166666666666667,0.688332449299089,8.33333333333333,6,10,1.37666489859818,9,8,10,1.01015254455221,8.33333333333333,6,10,1.37666489859818,0,2.04295532842377,2.82842712474619,0.60215679580886
1215,"-1:-2|-1:2|0:-2|0:2",4,TRUE,2,0,2,"mixed",2.11803398874989,2.23606797749979,2.5,3,2,1.53005630797458,2,4,2,25,0,TRUE,25,33554432,0,1,25,25,0.833333333333333,2,0.583333333333333,0.25,0.800640769025436,8.33333333333333,6,10,1.60128153805087,6,6,6,0,8.33333333333333,6,10,1.60128153805087,0,1.53005630797458,2.23606797749979,0.536374345259402
1216,"-1:-2|-1:2|0:-2|1:2",4,TRUE,1,0,3,"mixed",2.17705098312484,2.23606797749979,2.75,3,2,1.77726990347453,2,8,1,25,0,TRUE,25,33554432,0,1,25,25,0.833333333333333,2,0.75,0.0833333333333333,0.553694392684741,8.33333333333333,6,10,1.10738878536948,8,8,8,0,8.33333333333333,6,10,1.10738878536948,0,1.77726990347453,2.23606797749979,0.517807010599742
1217,"-1:-2|0:-2|0:2|1:2",4,TRUE,2,0,2,"mixed",2.11803398874989,2.23606797749979,2.5,3,2,1.65366310572456,2,4,2,17,8,FALSE,17,131072,8,256,25,25,0.833333333333333,2,0.5,0.333333333333333,0.899027097085065,8.33333333333333,6,10,1.79805419417013,7,6,8,1.01015254455221,8.33333333333333,6,10,1.79805419417013,0,1.65366310572456,2.23606797749979,0.543035023185446
1218,"-1:-2|1:-2|1:-1|2:-1",4,TRUE,0,1,3,"off_axis",2.03060437371812,2.23606797749979,2.75,3,2,1.80087670122451,2,8,1,25,0,TRUE,25,33554432,0,1,25,25,0.833333333333333,2,0.75,0.0833333333333333,0.553694392684741,8.33333333333333,6,10,1.10738878536948,8,8,8,0,8.33333333333333,6,10,1.10738878536948,0,1.80087670122451,2.23606797749979,0.534210847873044
1219,"-1:-2|0:-1|1:-2|2:-1",4,TRUE,1,0,3,"mixed",1.92705098312484,2.23606797749979,2.5,3,2,1.81869125971184,1,8,1,25,0,TRUE,25,33554432,0,1,25,25,0.833333333333333,2,0.583333333333333,0.25,0.800640769025436,8.33333333333333,6,10,1.60128153805087,9,8,10,1.01015254455221,8.33333333333333,6,10,1.60128153805087,0,1.81869125971184,2.23606797749979,0.46231555102518
1220,"-1:-2|-1:-1|1:-2|2:-1",4,TRUE,0,1,3,"off_axis",2.03060437371812,2.23606797749979,2.75,3,2,1.90087670122451,2,8,1,21,4,FALSE,21,2097152,4,16,25,25,0.833333333333333,3,0.5,0.25,0.98766077251289,8.33333333333333,4,10,1.97532154502578,9,8,10,1.01015254455221,8.33333333333333,4,10,1.97532154502578,0.0833333333333333,1.90087670122451,2.23606797749979,0.455421375994938
1221,"-2:-1|-1:-2|1:-2|2:-1",4,TRUE,0,0,4,"off_axis",2.23606797749979,2.23606797749979,3,3,2,1.92448349897449,2,4,2,21,4,FALSE,21,2097152,4,16,25,25,0.833333333333333,2,0.666666666666667,0.166666666666667,0.688332449299089,8.33333333333333,6,10,1.37666489859818,9,8,10,1.01015254455221,8.33333333333333,6,10,1.37666489859818,0,1.92448349897449,2.23606797749979,0.467098921446569
1222,"-1:-2|1:-2|1:0|2:-1",4,TRUE,1,0,3,"mixed",1.92705098312484,2.23606797749979,2.5,3,2,1.96011261594915,2,8,1,25,0,TRUE,25,33554432,0,1,25,25,0.833333333333333,2,0.75,0.0833333333333333,0.553694392684741,8.33333333333333,6,10,1.10738878536948,9,8,10,1.01015254455221,8.33333333333333,6,10,1.10738878536948,0,1.96011261594915,2.82842712474619,0.535369584489657
1223,"-1:-2|-1:0|1:-2|2:-1",4,TRUE,1,0,3,"mixed",1.92705098312484,2.23606797749979,2.5,3,2,2.04229805746182,3,8,1,25,0,TRUE,25,33554432,0,1,25,25,0.833333333333333,2,0.75,0.0833333333333333,0.553694392684741,8.33333333333333,6,10,1.10738878536948,9,8,10,1.01015254455221,8.33333333333333,6,10,1.10738878536948,0,2.04229805746182,2.82842712474619,0.504445398969847
1224,"-2:-1|-1:-2|1:-2|2:0",4,TRUE,1,0,3,"mixed",2.17705098312484,2.23606797749979,2.75,3,2,2.08371941369913,3,8,1,17,8,FALSE,17,131072,8,256,25,25,0.833333333333333,2,0.5,0.333333333333333,0.899027097085065,8.33333333333333,6,10,1.79805419417013,10,10,10,0,8.33333333333333,6,10,1.79805419417013,0,2.08371941369913,2.82842712474619,0.419143842948326
1225,"-1:-2|1:-2|2:-1|2:1",4,TRUE,0,0,4,"off_axis",2.23606797749979,2.23606797749979,3,3,2,2.1659048552118,4,4,2,21,4,FALSE,21,2097152,4,16,25,25,0.833333333333333,2,0.666666666666667,0.166666666666667,0.688332449299089,8.33333333333333,6,10,1.37666489859818,10,10,10,0,8.33333333333333,6,10,1.37666489859818,0,2.1659048552118,2.82842712474619,0.34778051534767
1226,"-1:-1|1:-2|2:-1|2:1",4,TRUE,0,1,3,"off_axis",2.03060437371812,2.23606797749979,2.75,3,2,2.08371941369913,3,8,1,25,0,TRUE,25,33554432,0,1,25,25,0.833333333333333,2,0.583333333333333,0.25,0.800640769025436,8.33333333333333,6,10,1.60128153805087,10,10,10,0,8.33333333333333,6,10,1.60128153805087,0,2.08371941369913,2.82842712474619,0.419143842948326
1227,"-1:-2|0:1|1:-2|2:-1",4,TRUE,1,0,3,"mixed",1.92705098312484,2.23606797749979,2.5,3,2,2.0659048552118,3,8,1,25,0,TRUE,25,33554432,0,1,25,25,0.833333333333333,2,0.583333333333333,0.25,0.800640769025436,8.33333333333333,6,10,1.60128153805087,9,8,10,1.01015254455221,8.33333333333333,6,10,1.60128153805087,0,2.0659048552118,2.82842712474619,0.507758832969072
1228,"-1:-1|-1:2|1:2|2:1",4,TRUE,0,1,3,"off_axis",2.03060437371812,2.23606797749979,2.75,3,2,2.14295532842377,3,8,1,25,0,TRUE,25,33554432,0,1,25,25,0.833333333333333,2,0.666666666666667,0.166666666666667,0.688332449299089,8.33333333333333,6,10,1.37666489859818,10,10,10,0,8.33333333333333,6,10,1.37666489859818,0,2.14295532842377,2.82842712474619,0.480442458550402
1229,"-1:-2|1:2|2:-1|2:1",4,TRUE,0,0,4,"off_axis",2.23606797749979,2.23606797749979,3,3,2,2.18951165296178,4,8,1,21,4,FALSE,21,2097152,4,16,25,25,0.833333333333333,3,0.5,0.166666666666667,1.06897047752888,8.33333333333333,4,10,2.13794095505776,10,10,10,0,8.33333333333333,4,10,2.13794095505776,0.166666666666667,2.18951165296178,2.82842712474619,0.343250348457488
1230,"-1:-2|1:-2|1:2|2:-1",4,TRUE,0,0,4,"off_axis",2.23606797749979,2.23606797749979,3,3,2,2.00666894048716,3,8,1,21,4,FALSE,21,2097152,4,16,25,25,0.833333333333333,3,0.5,0.166666666666667,1.06897047752888,8.33333333333333,4,10,2.13794095505776,9,8,10,1.01015254455221,8.33333333333333,4,10,2.13794095505776,0.166666666666667,2.00666894048716,2.23606797749979,0.438785904873549
1231,"-1:-2|0:2|1:-2|2:-1",4,TRUE,1,0,3,"mixed",2.17705098312484,2.23606797749979,2.75,3,2,2.00153397218646,2,8,1,25,0,TRUE,25,33554432,0,1,25,25,0.833333333333333,2,0.666666666666667,0.166666666666667,0.688332449299089,8.33333333333333,6,10,1.37666489859818,10,10,10,0,8.33333333333333,6,10,1.37666489859818,0,2.00153397218646,2.82842712474619,0.464114160026601
1232,"-1:-2|-1:2|1:-2|2:-1",4,TRUE,0,0,4,"off_axis",2.23606797749979,2.23606797749979,3,3,2,2.0659048552118,3,8,1,25,0,TRUE,25,33554432,0,1,25,25,0.833333333333333,2,0.666666666666667,0.166666666666667,0.688332449299089,8.33333333333333,6,10,1.37666489859818,9,8,10,1.01015254455221,8.33333333333333,6,10,1.37666489859818,0,2.0659048552118,2.82842712474619,0.507758832969072
1233,"-1:-2|-1:-1|0:-1|1:-2",4,TRUE,1,1,2,"mixed",1.72158737934317,2.23606797749979,2.25,3,2,1.59508446196187,1,8,1,25,0,TRUE,25,33554432,0,1,25,25,0.833333333333333,2,0.666666666666667,0.166666666666667,0.688332449299089,8.33333333333333,6,10,1.37666489859818,7,6,8,1.01015254455221,8.33333333333333,6,10,1.37666489859818,0,1.59508446196187,2.23606797749979,0.533026535932964
1234,"-1:-2|-1:-1|1:-2|1:-1",4,TRUE,0,2,2,"off_axis",1.82514076993644,2.23606797749979,2.5,3,2,1.77726990347453,1,4,2,25,0,TRUE,25,33554432,0,1,25,25,0.833333333333333,2,0.666666666666667,0.166666666666667,0.688332449299089,8.33333333333333,6,10,1.37666489859818,8,6,10,2.02030508910442,8.33333333333333,6,10,1.37666489859818,0,1.77726990347453,2.23606797749979,0.517807010599742
1235,"-1:-2|1:-2|1:-1|2:0",4,TRUE,1,1,2,"mixed",1.97158737934317,2.23606797749979,2.5,3,2,1.96011261594915,2,8,1,25,0,TRUE,25,33554432,0,1,25,25,0.833333333333333,2,0.666666666666667,0.166666666666667,0.688332449299089,8.33333333333333,6,10,1.37666489859818,9,8,10,1.01015254455221,8.33333333333333,6,10,1.37666489859818,0,1.96011261594915,2.82842712474619,0.535369584489657
1236,"-1:-2|-1:-1|-1:0|1:-2",4,TRUE,1,1,2,"mixed",1.72158737934317,2.23606797749979,2.25,3,2,1.79508446196187,2,8,1,25,0,TRUE,25,33554432,0,1,25,25,0.833333333333333,2,0.75,0.0833333333333333,0.553694392684741,8.33333333333333,6,10,1.10738878536948,7,6,8,1.01015254455221,8.33333333333333,6,10,1.10738878536948,0,1.79508446196187,2.82842712474619,0.647792640367682
1237,"-1:-2|-1:-1|1:-2|1:0",4,TRUE,1,1,2,"mixed",1.72158737934317,2.23606797749979,2.25,3,2,1.91869125971184,2,8,1,21,4,FALSE,21,2097152,4,16,25,25,0.833333333333333,1,0.833333333333333,0,0.373300683394721,8.33333333333333,8,10,0.746601366789441,8,8,8,0,8.33333333333333,8,10,0.746601366789441,0,1.91869125971184,2.82842712474619,0.595001260414515
1238,"-1:-2|-1:-1|1:-2|2:0",4,TRUE,1,1,2,"mixed",1.97158737934317,2.23606797749979,2.5,3,2,2.04229805746182,3,8,1,25,0,TRUE,25,33554432,0,1,25,25,0.833333333333333,2,0.583333333333333,0.25,0.800640769025436,8.33333333333333,6,10,1.60128153805087,9,8,10,1.01015254455221,8.33333333333333,6,10,1.60128153805087,0,2.04229805746182,2.82842712474619,0.504445398969847
1239,"-1:-2|1:-1|2:-1|2:1",4,TRUE,0,1,3,"off_axis",2.03060437371812,2.23606797749979,2.75,3,2,2.0659048552118,3,8,1,25,0,TRUE,25,33554432,0,1,25,25,0.833333333333333,2,0.583333333333333,0.25,0.800640769025436,8.33333333333333,6,10,1.60128153805087,9,8,10,1.01015254455221,8.33333333333333,6,10,1.60128153805087,0,2.0659048552118,2.82842712474619,0.507758832969072
1240,"-1:-1|-1:1|-1:2|1:2",4,TRUE,0,2,2,"off_axis",1.82514076993644,2.23606797749979,2.5,3,2,1.93650581819917,2,8,1,25,0,TRUE,25,33554432,0,1,25,25,0.833333333333333,2,0.75,0.0833333333333333,0.553694392684741,8.33333333333333,6,10,1.10738878536948,9,8,10,1.01015254455221,8.33333333333333,6,10,1.10738878536948,0,1.93650581819917,2.82842712474619,0.526988526209425
1241,"-1:-2|-1:-1|0:1|1:-2",4,TRUE,1,1,2,"mixed",1.72158737934317,2.23606797749979,2.25,3,2,1.88306214273718,2,8,1,21,4,FALSE,21,2097152,4,16,25,25,0.833333333333333,3,0.5,0.25,0.98766077251289,8.33333333333333,4,10,1.97532154502578,8,6,10,2.02030508910442,8.33333333333333,4,10,1.97532154502578,0.0833333333333333,1.88306214273718,2.23606797749979,0.531326397476738
1242,"-1:-1|-1:2|1:1|1:2",4,TRUE,0,2,2,"off_axis",1.82514076993644,2.23606797749979,2.5,3,2,2.01934853067379,2,8,1,25,0,TRUE,25,33554432,0,1,25,25,0.833333333333333,2,0.75,0.0833333333333333,0.553694392684741,8.33333333333333,6,10,1.10738878536948,9,8,10,1.01015254455221,8.33333333333333,6,10,1.10738878536948,0,2.01934853067379,2.82842712474619,0.598360270206642
1243,"-1:-2|-1:-1|1:-2|2:1",4,TRUE,0,1,3,"off_axis",2.03060437371812,2.23606797749979,2.75,3,2,2.12514076993644,3,8,1,25,0,TRUE,25,33554432,0,1,25,25,0.833333333333333,2,0.75,0.0833333333333333,0.553694392684741,8.33333333333333,6,10,1.10738878536948,9,8,10,1.01015254455221,8.33333333333333,6,10,1.10738878536948,0,2.12514076993644,2.82842712474619,0.561522442367321
1244,"-1:-2|-1:-1|-1:2|1:-2",4,TRUE,0,1,3,"off_axis",2.03060437371812,2.23606797749979,2.75,3,2,1.8594553449872,2,8,1,21,4,FALSE,21,2097152,4,16,25,25,0.833333333333333,2,0.666666666666667,0.166666666666667,0.688332449299089,8.33333333333333,6,10,1.37666489859818,8,6,10,2.02030508910442,8.33333333333333,6,10,1.37666489859818,0,1.8594553449872,2.23606797749979,0.519000984797307
1245,"-1:-2|-1:-1|0:2|1:-2",4,TRUE,1,1,2,"mixed",1.97158737934317,2.23606797749979,2.5,3,2,1.81869125971184,1,8,1,25,0,TRUE,25,33554432,0,1,25,25,0.833333333333333,2,0.666666666666667,0.166666666666667,0.688332449299089,8.33333333333333,6,10,1.37666489859818,9,8,10,1.01015254455221,8.33333333333333,6,10,1.37666489859818,0,1.81869125971184,2.23606797749979,0.46231555102518
1246,"-1:-2|-1:-1|1:-2|1:2",4,TRUE,0,1,3,"off_axis",2.03060437371812,2.23606797749979,2.75,3,2,1.94229805746182,2,8,1,25,0,TRUE,25,33554432,0,1,25,25,0.833333333333333,2,0.583333333333333,0.25,0.800640769025436,8.33333333333333,6,10,1.60128153805087,8,6,10,2.02030508910442,8.33333333333333,6,10,1.60128153805087,0,1.94229805746182,2.82842712474619,0.603212009882676
1247,"-1:-2|0:-1|1:-2|2:0",4,TRUE,2,0,2,"mixed",1.86803398874989,2.23606797749979,2.25,3,2,1.96011261594915,2,8,1,25,0,TRUE,25,33554432,0,1,25,25,0.833333333333333,2,0.666666666666667,0.166666666666667,0.688332449299089,8.33333333333333,6,10,1.37666489859818,9,8,10,1.01015254455221,8.33333333333333,6,10,1.37666489859818,0,1.96011261594915,2.82842712474619,0.535369584489657
1248,"-1:-2|-1:0|0:-1|1:-2",4,TRUE,2,0,2,"mixed",1.61803398874989,2.23606797749979,2,3,2,1.75432037668651,1,8,1,25,0,TRUE,25,33554432,0,1,25,25,0.833333333333333,2,0.75,0.0833333333333333,0.553694392684741,8.33333333333333,6,10,1.10738878536948,8,8,8,0,8.33333333333333,6,10,1.10738878536948,0,1.75432037668651,2.82842712474619,0.598479569819794
1249,"-1:-2|0:-1|1:-2|2:1",4,TRUE,1,0,3,"mixed",1.92705098312484,2.23606797749979,2.5,3,2,2.04295532842377,2,8,1,25,0,TRUE,25,33554432,0,1,25,25,0.833333333333333,2,0.666666666666667,0.166666666666667,0.688332449299089,8.33333333333333,6,10,1.37666489859818,9,8,10,1.01015254455221,8.33333333333333,6,10,1.37666489859818,0,2.04295532842377,2.82842712474619,0.60215679580886
1250,"-1:-1|-1:2|0:1|1:2",4,TRUE,1,1,2,"mixed",1.72158737934317,2.23606797749979,2.25,3,2,1.87792717443648,1,8,1,25,0,TRUE,25,33554432,0,1,25,25,0.833333333333333,2,0.666666666666667,0.166666666666667,0.688332449299089,8.33333333333333,6,10,1.37666489859818,9,8,10,1.01015254455221,8.33333333333333,6,10,1.37666489859818,0,1.87792717443648,2.82842712474619,0.551149835962157
1251,"-1:-2|0:-1|0:1|1:-2",4,TRUE,2,0,2,"mixed",1.61803398874989,2.23606797749979,2,3,2,1.77726990347453,1,4,2,25,0,TRUE,25,33554432,0,1,25,25,0.833333333333333,2,0.583333333333333,0.25,0.800640769025436,8.33333333333333,6,10,1.60128153805087,8,6,10,2.02030508910442,8.33333333333333,6,10,1.60128153805087,0,1.77726990347453,2.23606797749979,0.517807010599742
1252,"-1:-2|-1:2|0:-1|1:-2",4,TRUE,1,0,3,"mixed",1.92705098312484,2.23606797749979,2.5,3,2,1.80087670122451,1,8,1,25,0,TRUE,25,33554432,0,1,25,25,0.833333333333333,2,0.583333333333333,0.25,0.800640769025436,8.33333333333333,6,10,1.60128153805087,8,6,10,2.02030508910442,8.33333333333333,6,10,1.60128153805087,0,1.80087670122451,2.23606797749979,0.534210847873044
1253,"-1:-2|0:-1|0:2|1:-2",4,TRUE,2,0,2,"mixed",1.86803398874989,2.23606797749979,2.25,3,2,1.7128990204492,1,4,2,25,0,TRUE,25,33554432,0,1,25,25,0.833333333333333,2,0.583333333333333,0.25,0.800640769025436,8.33333333333333,6,10,1.60128153805087,9,8,10,1.01015254455221,8.33333333333333,6,10,1.60128153805087,0,1.7128990204492,2.23606797749979,0.429440133900699
1254,"-1:-2|1:-2|1:0|2:0",4,TRUE,2,0,2,"mixed",1.86803398874989,2.23606797749979,2.25,3,2,2.03650581819918,3,8,1,25,0,TRUE,25,33554432,0,1,25,25,0.833333333333333,2,0.583333333333333,0.25,0.800640769025436,8.33333333333333,6,10,1.60128153805087,8,6,10,2.02030508910442,8.33333333333333,6,10,1.60128153805087,0,2.03650581819918,2.82842712474619,0.625960641681523
1255,"-1:-2|-1:0|1:-2|2:0",4,TRUE,2,0,2,"mixed",1.86803398874989,2.23606797749979,2.25,3,2,2.13650581819918,4,8,1,21,4,FALSE,21,2097152,4,16,25,25,0.833333333333333,3,0.5,0.25,0.98766077251289,8.33333333333333,4,10,1.97532154502578,9,8,10,1.01015254455221,8.33333333333333,4,10,1.97532154502578,0.0833333333333333,2.13650581819918,2.82842712474619,0.511362981323306
1256,"-2:-1|-2:1|0:-2|0:2",4,TRUE,2,0,2,"mixed",2.11803398874989,2.23606797749979,2.5,3,2,2.16011261594915,4,4,2,21,4,FALSE,21,2097152,4,16,25,25,0.833333333333333,3,0.5,0.25,0.98766077251289,8.33333333333333,4,10,1.97532154502578,9,8,10,1.01015254455221,8.33333333333333,4,10,1.97532154502578,0.0833333333333333,2.16011261594915,2.82842712474619,0.509807683148267
1257,"-1:-1|0:-2|2:-1|2:1",4,TRUE,1,1,2,"mixed",1.97158737934317,2.23606797749979,2.5,3,2,2.11934853067379,3,8,1,25,0,TRUE,25,33554432,0,1,25,25,0.833333333333333,2,0.583333333333333,0.25,0.800640769025436,8.33333333333333,6,10,1.60128153805087,10,10,10,0,8.33333333333333,6,10,1.60128153805087,0,2.11934853067379,2.82842712474619,0.481158100063252
1258,"-1:-2|0:1|1:-2|2:0",4,TRUE,2,0,2,"mixed",1.86803398874989,2.23606797749979,2.25,3,2,2.12448349897449,4,8,1,21,4,FALSE,21,2097152,4,16,25,25,0.833333333333333,3,0.5,0.25,0.98766077251289,8.33333333333333,4,10,1.97532154502578,9,8,10,1.01015254455221,8.33333333333333,4,10,1.97532154502578,0.0833333333333333,2.12448349897449,2.82842712474619,0.455301929840818
1259,"-1:-1|-1:2|1:2|2:0",4,TRUE,1,1,2,"mixed",1.97158737934317,2.23606797749979,2.5,3,2,2.20153397218646,4,8,1,25,0,TRUE,25,33554432,0,1,25,25,0.833333333333333,2,0.666666666666667,0.166666666666667,0.688332449299089,8.33333333333333,6,10,1.37666489859818,10,10,10,0,8.33333333333333,6,10,1.37666489859818,0,2.20153397218646,2.82842712474619,0.412644815400057
1260,"-1:-2|0:2|2:-1|2:1",4,TRUE,1,0,3,"mixed",2.17705098312484,2.23606797749979,2.75,3,2,2.22514076993644,4,8,1,21,4,FALSE,21,2097152,4,16,25,25,0.833333333333333,3,0.5,0.25,0.98766077251289,8.33333333333333,4,10,1.97532154502578,10,10,10,0,8.33333333333333,4,10,1.97532154502578,0.0833333333333333,2.22514076993644,2.82842712474619,0.406541721197299
1261,"-1:-2|1:-2|1:2|2:0",4,TRUE,1,0,3,"mixed",2.17705098312484,2.23606797749979,2.75,3,2,2.12448349897449,4,8,1,21,4,FALSE,21,2097152,4,16,25,25,0.833333333333333,3,0.5,0.25,0.98766077251289,8.33333333333333,4,10,1.97532154502578,9,8,10,1.01015254455221,8.33333333333333,4,10,1.97532154502578,0.0833333333333333,2.12448349897449,2.82842712474619,0.455301929840818
1262,"-1:-2|0:2|1:-2|2:0",4,TRUE,2,0,2,"mixed",2.11803398874989,2.23606797749979,2.5,3,2,2.11934853067379,3,8,1,25,0,TRUE,25,33554432,0,1,25,25,0.833333333333333,2,0.583333333333333,0.25,0.800640769025436,8.33333333333333,6,10,1.60128153805087,10,10,10,0,8.33333333333333,6,10,1.60128153805087,0,2.11934853067379,2.82842712474619,0.481158100063252
1263,"-1:-2|-1:2|1:-2|2:0",4,TRUE,1,0,3,"mixed",2.17705098312484,2.23606797749979,2.75,3,2,2.18371941369913,4,8,1,25,0,TRUE,25,33554432,0,1,25,25,0.833333333333333,2,0.583333333333333,0.25,0.800640769025436,8.33333333333333,6,10,1.60128153805087,9,8,10,1.01015254455221,8.33333333333333,6,10,1.60128153805087,0,2.18371941369913,2.82842712474619,0.507027856163868
1264,"-1:-2|-1:0|1:-2|1:0",4,TRUE,2,0,2,"mixed",1.61803398874989,2.23606797749979,2,3,2,2.0128990204492,3,4,2,25,0,TRUE,25,33554432,0,1,25,25,0.833333333333333,2,0.583333333333333,0.25,0.800640769025436,8.33333333333333,6,10,1.60128153805087,8,6,10,2.02030508910442,8.33333333333333,6,10,1.60128153805087,0,2.0128990204492,2.82842712474619,0.622037452851217
1265,"-1:-2|0:-1|2:-1|2:1",4,TRUE,1,0,3,"mixed",1.92705098312484,2.23606797749979,2.5,3,2,2.10153397218646,3,8,1,21,4,FALSE,21,2097152,4,16,25,25,0.833333333333333,2,0.666666666666667,0.166666666666667,0.688332449299089,8.33333333333333,6,10,1.37666489859818,9,8,10,1.01015254455221,8.33333333333333,6,10,1.37666489859818,0,2.10153397218646,2.82842712474619,0.561303011598098
1266,"-1:-1|-1:0|-1:2|1:2",4,TRUE,1,1,2,"mixed",1.72158737934317,2.23606797749979,2.25,3,2,1.95432037668651,3,8,1,25,0,TRUE,25,33554432,0,1,25,25,0.833333333333333,2,0.75,0.0833333333333333,0.553694392684741,8.33333333333333,6,10,1.10738878536948,8,8,8,0,8.33333333333333,6,10,1.10738878536948,0,1.95432037668651,2.82842712474619,0.650326298670236
1267,"-1:-2|-1:0|0:1|1:-2",4,TRUE,2,0,2,"mixed",1.61803398874989,2.23606797749979,2,3,2,1.91869125971184,3,8,1,25,0,TRUE,25,33554432,0,1,25,25,0.833333333333333,2,0.666666666666667,0.166666666666667,0.688332449299089,8.33333333333333,6,10,1.37666489859818,8,8,8,0,8.33333333333333,6,10,1.37666489859818,0,1.91869125971184,2.82842712474619,0.595001260414515
1268,"-1:-1|-1:2|1:0|1:2",4,TRUE,1,1,2,"mixed",1.72158737934317,2.23606797749979,2.25,3,2,2.07792717443648,3,8,1,25,0,TRUE,25,33554432,0,1,25,25,0.833333333333333,2,0.666666666666667,0.166666666666667,0.688332449299089,8.33333333333333,6,10,1.37666489859818,9,8,10,1.01015254455221,8.33333333333333,6,10,1.37666489859818,0,2.07792717443648,2.82842712474619,0.559978826721162
1269,"-1:-2|-1:0|1:-2|2:1",4,TRUE,1,0,3,"mixed",1.92705098312484,2.23606797749979,2.5,3,2,2.18371941369913,4,8,1,25,0,TRUE,25,33554432,0,1,25,25,0.833333333333333,2,0.75,0.0833333333333333,0.553694392684741,8.33333333333333,6,10,1.10738878536948,9,8,10,1.01015254455221,8.33333333333333,6,10,1.10738878536948,0,2.18371941369913,2.82842712474619,0.507027856163868
1270,"-1:-2|-1:0|-1:2|1:-2",4,TRUE,1,0,3,"mixed",1.92705098312484,2.23606797749979,2.5,3,2,1.97726990347453,3,8,1,21,4,FALSE,21,2097152,4,16,25,25,0.833333333333333,2,0.666666666666667,0.166666666666667,0.688332449299089,8.33333333333333,6,10,1.37666489859818,8,8,8,0,8.33333333333333,6,10,1.37666489859818,0,1.97726990347453,2.82842712474619,0.568041204309261
1271,"-1:-2|-1:0|0:2|1:-2",4,TRUE,2,0,2,"mixed",1.86803398874989,2.23606797749979,2.25,3,2,1.93650581819917,2,8,1,25,0,TRUE,25,33554432,0,1,25,25,0.833333333333333,2,0.666666666666667,0.166666666666667,0.688332449299089,8.33333333333333,6,10,1.37666489859818,9,8,10,1.01015254455221,8.33333333333333,6,10,1.37666489859818,0,1.93650581819917,2.82842712474619,0.526988526209425
1272,"-1:-2|-1:0|1:-2|1:2",4,TRUE,1,0,3,"mixed",1.92705098312484,2.23606797749979,2.5,3,2,2.06011261594915,3,8,1,25,0,TRUE,25,33554432,0,1,25,25,0.833333333333333,2,0.75,0.0833333333333333,0.553694392684741,8.33333333333333,6,10,1.10738878536948,8,8,8,0,8.33333333333333,6,10,1.10738878536948,0,2.06011261594915,2.82842712474619,0.628875548196174
1273,"-1:-2|-1:-1|2:-1|2:1",4,TRUE,0,1,3,"off_axis",2.03060437371812,2.23606797749979,2.75,3,2,2.10153397218646,3,8,1,25,0,TRUE,25,33554432,0,1,25,25,0.833333333333333,2,0.75,0.0833333333333333,0.553694392684741,8.33333333333333,6,10,1.10738878536948,9,8,10,1.01015254455221,8.33333333333333,6,10,1.10738878536948,0,2.10153397218646,2.82842712474619,0.561303011598098
1274,"-1:-2|-1:0|2:-1|2:1",4,TRUE,1,0,3,"mixed",1.92705098312484,2.23606797749979,2.5,3,2,2.12448349897449,4,8,1,21,4,FALSE,21,2097152,4,16,25,25,0.833333333333333,3,0.5,0.25,0.98766077251289,8.33333333333333,4,10,1.97532154502578,9,8,10,1.01015254455221,8.33333333333333,4,10,1.97532154502578,0.0833333333333333,2.12448349897449,2.82842712474619,0.455301929840818
1275,"-1:-1|-1:2|1:2|2:-1",4,TRUE,0,1,3,"off_axis",2.03060437371812,2.23606797749979,2.75,3,2,2.20153397218646,4,8,1,25,0,TRUE,25,33554432,0,1,25,25,0.833333333333333,2,0.583333333333333,0.25,0.800640769025436,8.33333333333333,6,10,1.60128153805087,10,10,10,0,8.33333333333333,6,10,1.60128153805087,0,2.20153397218646,2.82842712474619,0.412644815400057
1276,"-1:-2|-1:2|2:-1|2:1",4,TRUE,0,0,4,"off_axis",2.23606797749979,2.23606797749979,3,3,2,2.20732621144911,4,4,2,21,4,FALSE,21,2097152,4,16,25,25,0.833333333333333,2,0.666666666666667,0.166666666666667,0.688332449299089,8.33333333333333,6,10,1.37666489859818,9,8,10,1.01015254455221,8.33333333333333,6,10,1.37666489859818,0,2.20732621144911,2.82842712474619,0.50300319885189
1277,"-1:-2|1:-2|1:2|2:1",4,TRUE,0,0,4,"off_axis",2.23606797749979,2.23606797749979,3,3,2,2.0659048552118,3,8,1,25,0,TRUE,25,33554432,0,1,25,25,0.833333333333333,2,0.666666666666667,0.166666666666667,0.688332449299089,8.33333333333333,6,10,1.37666489859818,9,8,10,1.01015254455221,8.33333333333333,6,10,1.37666489859818,0,2.0659048552118,2.82842712474619,0.507758832969072
1278,"-1:-2|0:2|1:-2|2:1",4,TRUE,1,0,3,"mixed",2.17705098312484,2.23606797749979,2.75,3,2,2.08371941369913,3,8,1,25,0,TRUE,25,33554432,0,1,25,25,0.833333333333333,2,0.75,0.0833333333333333,0.553694392684741,8.33333333333333,6,10,1.10738878536948,10,10,10,0,8.33333333333333,6,10,1.10738878536948,0,2.08371941369913,2.82842712474619,0.419143842948326
1279,"-1:-2|-1:2|1:-2|2:1",4,TRUE,0,0,4,"off_axis",2.23606797749979,2.23606797749979,3,3,2,2.14809029672447,4,8,1,21,4,FALSE,21,2097152,4,16,25,25,0.833333333333333,3,0.5,0.166666666666667,1.06897047752888,8.33333333333333,4,10,2.13794095505776,9,8,10,1.01015254455221,8.33333333333333,4,10,2.13794095505776,0.166666666666667,2.14809029672447,2.82842712474619,0.454249169409344
1280,"-1:-1|-1:0|2:-1|2:1",4,TRUE,1,1,2,"mixed",1.72158737934317,2.23606797749979,2.25,3,2,1.91869125971184,3,8,1,25,0,TRUE,25,33554432,0,1,25,25,0.833333333333333,2,0.666666666666667,0.166666666666667,0.688332449299089,8.33333333333333,6,10,1.37666489859818,8,8,8,0,8.33333333333333,6,10,1.37666489859818,0,1.91869125971184,2.82842712474619,0.595001260414515
1281,"-1:-1|-1:1|2:-1|2:1",4,TRUE,0,2,2,"off_axis",1.82514076993644,2.23606797749979,2.5,3,2,2.09574173292382,3,4,2,25,0,TRUE,25,33554432,0,1,25,25,0.833333333333333,2,0.666666666666667,0.166666666666667,0.688332449299089,8.33333333333333,6,10,1.37666489859818,10,10,10,0,8.33333333333333,6,10,1.37666489859818,0,2.09574173292382,2.82842712474619,0.480585972053891
1282,"-1:-2|-1:-1|-1:2|1:2",4,TRUE,0,1,3,"off_axis",2.03060437371812,2.23606797749979,2.75,3,2,1.91869125971184,2,8,1,25,0,TRUE,25,33554432,0,1,25,25,0.833333333333333,2,0.666666666666667,0.166666666666667,0.688332449299089,8.33333333333333,6,10,1.37666489859818,8,6,10,2.02030508910442,8.33333333333333,6,10,1.37666489859818,0,1.91869125971184,2.82842712474619,0.595001260414515
1283,"-1:-1|-1:2|0:-2|1:2",4,TRUE,1,1,2,"mixed",1.97158737934317,2.23606797749979,2.5,3,2,1.89574173292382,1,8,1,25,0,TRUE,25,33554432,0,1,25,25,0.833333333333333,2,0.583333333333333,0.25,0.800640769025436,8.33333333333333,6,10,1.60128153805087,10,10,10,0,8.33333333333333,6,10,1.60128153805087,0,1.89574173292382,2.82842712474619,0.478612905582384
1284,"-1:-1|-1:2|1:-2|1:2",4,TRUE,0,1,3,"off_axis",2.03060437371812,2.23606797749979,2.75,3,2,2.04229805746182,3,8,1,25,0,TRUE,25,33554432,0,1,25,25,0.833333333333333,2,0.75,0.0833333333333333,0.553694392684741,8.33333333333333,6,10,1.10738878536948,9,8,10,1.01015254455221,8.33333333333333,6,10,1.10738878536948,0,2.04229805746182,2.82842712474619,0.504445398969847
1285,"-1:-2|-1:2|0:-1|1:2",4,TRUE,1,0,3,"mixed",1.92705098312484,2.23606797749979,2.5,3,2,1.88306214273718,2,8,1,21,4,FALSE,21,2097152,4,16,25,25,0.833333333333333,3,0.5,0.25,0.98766077251289,8.33333333333333,4,10,1.97532154502578,8,6,10,2.02030508910442,8.33333333333333,4,10,1.97532154502578,0.0833333333333333,1.88306214273718,2.23606797749979,0.531326397476738
1286,"-1:-2|0:1|0:2|1:-2",4,TRUE,2,0,2,"mixed",1.86803398874989,2.23606797749979,2.25,3,2,1.77726990347453,1,4,2,25,0,TRUE,25,33554432,0,1,25,25,0.833333333333333,2,0.583333333333333,0.25,0.800640769025436,8.33333333333333,6,10,1.60128153805087,8,6,10,2.02030508910442,8.33333333333333,6,10,1.60128153805087,0,1.77726990347453,2.23606797749979,0.517807010599742
1287,"-1:-2|-1:2|1:-2|1:2",4,TRUE,0,0,4,"off_axis",2.23606797749979,2.23606797749979,3,3,2,1.94164078649987,3,2,4,17,8,FALSE,17,131072,8,256,25,25,0.833333333333333,2,0.5,0.333333333333333,0.899027097085065,8.33333333333333,6,10,1.79805419417013,8,6,10,2.02030508910442,8.33333333333333,6,10,1.79805419417013,0,1.94164078649987,2.23606797749979,0.505559158204668
1288,"-2:-1|-1:-2|-1:-1|-1:0",4,TRUE,1,1,2,"mixed",1.72158737934317,2.23606797749979,2.25,3,2,1.47147766421189,1,8,1,25,0,TRUE,25,33554432,0,1,25,25,0.833333333333333,2,0.583333333333333,0.25,0.800640769025436,8.33333333333333,6,10,1.60128153805087,6,6,6,0,8.33333333333333,6,10,1.60128153805087,0,1.47147766421189,2.23606797749979,0.510722237756962
1289,"-1:-1|1:-2|1:-1|2:-1",4,TRUE,0,2,2,"off_axis",1.82514076993644,2.23606797749979,2.5,3,2,1.69508446196187,1,8,1,25,0,TRUE,25,33554432,0,1,25,25,0.833333333333333,2,0.583333333333333,0.25,0.800640769025436,8.33333333333333,6,10,1.60128153805087,8,8,8,0,8.33333333333333,6,10,1.60128153805087,0,1.69508446196187,2.23606797749979,0.501872789122517
1290,"-2:-1|-1:-2|-1:-1|-1:2",4,TRUE,0,1,3,"off_axis",2.03060437371812,2.23606797749979,2.75,3,2,1.67726990347453,1,8,1,25,0,TRUE,25,33554432,0,1,25,25,0.833333333333333,2,0.666666666666667,0.166666666666667,0.688332449299089,8.33333333333333,6,10,1.37666489859818,7,6,8,1.01015254455221,8.33333333333333,6,10,1.37666489859818,0,1.67726990347453,2.23606797749979,0.564471897635819
1291,"-1:0|1:-2|1:-1|2:-1",4,TRUE,1,1,2,"mixed",1.72158737934317,2.23606797749979,2.25,3,2,1.76011261594915,1,8,1,25,0,TRUE,25,33554432,0,1,25,25,0.833333333333333,2,0.666666666666667,0.166666666666667,0.688332449299089,8.33333333333333,6,10,1.37666489859818,7,6,8,1.01015254455221,8.33333333333333,6,10,1.37666489859818,0,1.76011261594915,2.82842712474619,0.668334230403909
1292,"-2:-1|-1:-2|-1:-1|0:2",4,TRUE,1,1,2,"mixed",1.97158737934317,2.23606797749979,2.5,3,2,1.77792717443648,1,8,1,25,0,TRUE,25,33554432,0,1,25,25,0.833333333333333,2,0.75,0.0833333333333333,0.553694392684741,8.33333333333333,6,10,1.10738878536948,8,8,8,0,8.33333333333333,6,10,1.10738878536948,0,1.77792717443648,2.82842712474619,0.613709089969705
1293,"-1:-1|1:1|1:2|2:1",4,TRUE,0,2,2,"off_axis",1.82514076993644,2.23606797749979,2.5,3,2,1.92000580163574,1,4,2,25,0,TRUE,25,33554432,0,1,25,25,0.833333333333333,2,0.666666666666667,0.166666666666667,0.688332449299089,8.33333333333333,6,10,1.37666489859818,8,8,8,0,8.33333333333333,6,10,1.37666489859818,0,1.92000580163574,2.82842712474619,0.755408441165062
1294,"-1:-2|1:1|1:2|2:1",4,TRUE,0,1,3,"off_axis",2.03060437371812,2.23606797749979,2.75,3,2,1.94295532842377,2,8,1,25,0,TRUE,25,33554432,0,1,25,25,0.833333333333333,2,0.75,0.0833333333333333,0.553694392684741,8.33333333333333,6,10,1.10738878536948,8,8,8,0,8.33333333333333,6,10,1.10738878536948,0,1.94295532842377,2.82842712474619,0.68712330427472
1295,"-1:-1|0:-1|1:-2|2:-1",4,TRUE,1,1,2,"mixed",1.72158737934317,2.23606797749979,2.25,3,2,1.69508446196187,1,8,1,25,0,TRUE,25,33554432,0,1,25,25,0.833333333333333,2,0.583333333333333,0.25,0.800640769025436,8.33333333333333,6,10,1.60128153805087,8,8,8,0,8.33333333333333,6,10,1.60128153805087,0,1.69508446196187,2.23606797749979,0.501872789122517
1296,"-2:-1|-1:-2|-1:0|-1:2",4,TRUE,1,0,3,"mixed",1.92705098312484,2.23606797749979,2.5,3,2,1.77726990347453,1,8,1,25,0,TRUE,25,33554432,0,1,25,25,0.833333333333333,2,0.666666666666667,0.166666666666667,0.688332449299089,8.33333333333333,6,10,1.37666489859818,8,8,8,0,8.33333333333333,6,10,1.37666489859818,0,1.77726990347453,2.23606797749979,0.517807010599742
1297,"-2:-1|-1:-2|-1:0|0:-1",4,TRUE,2,0,2,"mixed",1.61803398874989,2.23606797749979,2,3,2,1.6128990204492,1,4,2,25,0,TRUE,25,33554432,0,1,25,25,0.833333333333333,2,0.666666666666667,0.166666666666667,0.688332449299089,8.33333333333333,6,10,1.37666489859818,8,8,8,0,8.33333333333333,6,10,1.37666489859818,0,1.6128990204492,2.23606797749979,0.469700554530962
1298,"-1:0|0:-1|1:-2|2:-1",4,TRUE,2,0,2,"mixed",1.61803398874989,2.23606797749979,2,3,2,1.77792717443648,1,8,1,25,0,TRUE,25,33554432,0,1,25,25,0.833333333333333,2,0.75,0.0833333333333333,0.553694392684741,8.33333333333333,6,10,1.10738878536948,8,8,8,0,8.33333333333333,6,10,1.10738878536948,0,1.77792717443648,2.82842712474619,0.613709089969705
1299,"-2:-1|-1:-2|-1:0|0:2",4,TRUE,2,0,2,"mixed",1.86803398874989,2.23606797749979,2.25,3,2,1.87792717443648,1,8,1,25,0,TRUE,25,33554432,0,1,25,25,0.833333333333333,2,0.583333333333333,0.25,0.800640769025436,8.33333333333333,6,10,1.60128153805087,9,8,10,1.01015254455221,8.33333333333333,6,10,1.60128153805087,0,1.87792717443648,2.82842712474619,0.551149835962157
1300,"-1:-1|1:-2|1:0|2:-1",4,TRUE,1,1,2,"mixed",1.72158737934317,2.23606797749979,2.25,3,2,1.81869125971184,1,8,1,25,0,TRUE,25,33554432,0,1,25,25,0.833333333333333,2,0.666666666666667,0.166666666666667,0.688332449299089,8.33333333333333,6,10,1.37666489859818,9,8,10,1.01015254455221,8.33333333333333,6,10,1.37666489859818,0,1.81869125971184,2.23606797749979,0.46231555102518
1301,"-1:0|1:-2|1:0|2:-1",4,TRUE,2,0,2,"mixed",1.61803398874989,2.23606797749979,2,3,2,1.83650581819917,1,8,1,25,0,TRUE,25,33554432,0,1,25,25,0.833333333333333,2,0.75,0.0833333333333333,0.553694392684741,8.33333333333333,6,10,1.10738878536948,8,6,10,2.02030508910442,8.33333333333333,6,10,1.10738878536948,0,1.83650581819917,2.82842712474619,0.602998415071235
1302,"-1:-1|0:1|1:2|2:1",4,TRUE,1,1,2,"mixed",1.72158737934317,2.23606797749979,2.25,3,2,1.9607698869111,1,8,1,25,0,TRUE,25,33554432,0,1,25,25,0.833333333333333,2,0.583333333333333,0.25,0.800640769025436,8.33333333333333,6,10,1.60128153805087,9,8,10,1.01015254455221,8.33333333333333,6,10,1.60128153805087,0,1.9607698869111,2.82842712474619,0.628385453702687
1303,"-1:-2|1:0|1:2|2:1",4,TRUE,1,0,3,"mixed",1.92705098312484,2.23606797749979,2.5,3,2,2.04295532842377,2,8,1,25,0,TRUE,25,33554432,0,1,25,25,0.833333333333333,2,0.666666666666667,0.166666666666667,0.688332449299089,8.33333333333333,6,10,1.37666489859818,9,8,10,1.01015254455221,8.33333333333333,6,10,1.37666489859818,0,2.04295532842377,2.82842712474619,0.60215679580886
1304,"-2:-1|-1:-2|-1:0|2:-1",4,TRUE,1,0,3,"mixed",1.92705098312484,2.23606797749979,2.5,3,2,1.80087670122451,1,8,1,25,0,TRUE,25,33554432,0,1,25,25,0.833333333333333,2,0.583333333333333,0.25,0.800640769025436,8.33333333333333,6,10,1.60128153805087,8,6,10,2.02030508910442,8.33333333333333,6,10,1.60128153805087,0,1.80087670122451,2.23606797749979,0.534210847873044
1305,"-2:-1|-1:-2|-1:0|2:0",4,TRUE,2,0,2,"mixed",1.86803398874989,2.23606797749979,2.25,3,2,1.85432037668651,1,8,1,25,0,TRUE,25,33554432,0,1,25,25,0.833333333333333,2,0.666666666666667,0.166666666666667,0.688332449299089,8.33333333333333,6,10,1.37666489859818,9,8,10,1.01015254455221,8.33333333333333,6,10,1.37666489859818,0,1.85432037668651,2.82842712474619,0.539027870445404
1306,"-1:-2|0:1|1:2|2:1",4,TRUE,1,0,3,"mixed",1.92705098312484,2.23606797749979,2.5,3,2,1.98371941369913,2,8,1,25,0,TRUE,25,33554432,0,1,25,25,0.833333333333333,2,0.75,0.0833333333333333,0.553694392684741,8.33333333333333,6,10,1.10738878536948,9,8,10,1.01015254455221,8.33333333333333,6,10,1.10738878536948,0,1.98371941369913,2.82842712474619,0.542481221091435
1307,"-2:-1|-1:-1|1:-2|2:-1",4,TRUE,0,1,3,"off_axis",2.03060437371812,2.23606797749979,2.75,3,2,1.80087670122451,1,8,1,17,8,FALSE,17,131072,8,256,25,25,0.833333333333333,2,0.5,0.333333333333333,0.899027097085065,8.33333333333333,6,10,1.79805419417013,8,6,10,2.02030508910442,8.33333333333333,6,10,1.79805419417013,0,1.80087670122451,2.23606797749979,0.534210847873044
1308,"-1:-1|-1:0|1:-2|2:-1",4,TRUE,1,1,2,"mixed",1.72158737934317,2.23606797749979,2.25,3,2,1.86011261594915,2,8,1,25,0,TRUE,25,33554432,0,1,25,25,0.833333333333333,2,0.666666666666667,0.166666666666667,0.688332449299089,8.33333333333333,6,10,1.37666489859818,8,8,8,0,8.33333333333333,6,10,1.37666489859818,0,1.86011261594915,2.82842712474619,0.614619173858266
1309,"-2:-1|-1:-2|-1:1|0:2",4,TRUE,1,1,2,"mixed",1.97158737934317,2.23606797749979,2.5,3,2,1.91934853067379,1,8,1,21,4,FALSE,21,2097152,4,16,25,25,0.833333333333333,3,0.5,0.25,0.98766077251289,8.33333333333333,4,10,1.97532154502578,10,10,10,0,8.33333333333333,4,10,1.97532154502578,0.0833333333333333,1.91934853067379,2.82842712474619,0.49001271842944
1310,"-1:-1|1:-2|1:1|2:-1",4,TRUE,0,2,2,"off_axis",1.82514076993644,2.23606797749979,2.5,3,2,2.00153397218646,2,4,2,21,4,FALSE,21,2097152,4,16,25,25,0.833333333333333,3,0.5,0.25,0.98766077251289,8.33333333333333,4,10,1.97532154502578,10,10,10,0,8.33333333333333,4,10,1.97532154502578,0.0833333333333333,2.00153397218646,2.82842712474619,0.464114160026601
1311,"-1:-1|0:1|1:-2|2:-1",4,TRUE,1,1,2,"mixed",1.72158737934317,2.23606797749979,2.25,3,2,1.98371941369913,2,8,1,25,0,TRUE,25,33554432,0,1,25,25,0.833333333333333,2,0.583333333333333,0.25,0.800640769025436,8.33333333333333,6,10,1.60128153805087,9,8,10,1.01015254455221,8.33333333333333,6,10,1.60128153805087,0,1.98371941369913,2.82842712474619,0.542481221091435
1312,"-1:-1|-1:1|1:-2|2:-1",4,TRUE,0,2,2,"off_axis",1.82514076993644,2.23606797749979,2.5,3,2,2.0607698869111,2,8,1,25,0,TRUE,25,33554432,0,1,25,25,0.833333333333333,2,0.583333333333333,0.25,0.800640769025436,8.33333333333333,6,10,1.60128153805087,10,10,10,0,8.33333333333333,6,10,1.60128153805087,0,2.0607698869111,2.82842712474619,0.530437422427522
1313,"-1:-2|1:-1|1:2|2:1",4,TRUE,0,1,3,"off_axis",2.03060437371812,2.23606797749979,2.75,3,2,2.10732621144911,3,8,1,21,4,FALSE,21,2097152,4,16,25,25,0.833333333333333,3,0.5,0.25,0.98766077251289,8.33333333333333,4,10,1.97532154502578,10,10,10,0,8.33333333333333,4,10,1.97532154502578,0.0833333333333333,2.10732621144911,2.82842712474619,0.420550219671977
1314,"-1:-1|1:-2|1:2|2:-1",4,TRUE,0,1,3,"off_axis",2.03060437371812,2.23606797749979,2.75,3,2,1.98371941369913,2,8,1,25,0,TRUE,25,33554432,0,1,25,25,0.833333333333333,2,0.583333333333333,0.25,0.800640769025436,8.33333333333333,6,10,1.60128153805087,9,8,10,1.01015254455221,8.33333333333333,6,10,1.60128153805087,0,1.98371941369913,2.82842712474619,0.542481221091435
1315,"-1:-1|0:2|1:-2|2:-1",4,TRUE,1,1,2,"mixed",1.97158737934317,2.23606797749979,2.5,3,2,2.00153397218646,2,8,1,21,4,FALSE,21,2097152,4,16,25,25,0.833333333333333,3,0.5,0.25,0.98766077251289,8.33333333333333,4,10,1.97532154502578,10,10,10,0,8.33333333333333,4,10,1.97532154502578,0.0833333333333333,2.00153397218646,2.82842712474619,0.464114160026601
1316,"-1:-1|-1:2|1:-2|2:-1",4,TRUE,0,1,3,"off_axis",2.03060437371812,2.23606797749979,2.75,3,2,2.08371941369913,3,8,1,25,0,TRUE,25,33554432,0,1,25,25,0.833333333333333,2,0.583333333333333,0.25,0.800640769025436,8.33333333333333,6,10,1.60128153805087,10,10,10,0,8.33333333333333,6,10,1.60128153805087,0,2.08371941369913,2.82842712474619,0.419143842948326
1317,"-2:-1|-1:-2|-1:2|0:1",4,TRUE,1,0,3,"mixed",1.92705098312484,2.23606797749979,2.5,3,2,1.88371941369913,1,8,1,21,4,FALSE,21,2097152,4,16,25,25,0.833333333333333,3,0.5,0.25,0.98766077251289,8.33333333333333,4,10,1.97532154502578,8,6,10,2.02030508910442,8.33333333333333,4,10,1.97532154502578,0.0833333333333333,1.88371941369913,2.82842712474619,0.625034372790805
1318,"-1:0|1:-2|1:2|2:-1",4,TRUE,1,0,3,"mixed",1.92705098312484,2.23606797749979,2.5,3,2,2.02514076993644,2,8,1,25,0,TRUE,25,33554432,0,1,25,25,0.833333333333333,2,0.75,0.0833333333333333,0.553694392684741,8.33333333333333,6,10,1.10738878536948,8,8,8,0,8.33333333333333,6,10,1.10738878536948,0,2.02514076993644,2.82842712474619,0.665669973236015
1319,"-1:-1|1:-2|1:2|2:1",4,TRUE,0,1,3,"off_axis",2.03060437371812,2.23606797749979,2.75,3,2,2.06656212617375,2,8,1,21,4,FALSE,21,2097152,4,16,25,25,0.833333333333333,2,0.666666666666667,0.166666666666667,0.688332449299089,8.33333333333333,6,10,1.37666489859818,9,8,10,1.01015254455221,8.33333333333333,6,10,1.37666489859818,0,2.06656212617375,2.82842712474619,0.604906768449323
1320,"-2:-1|-1:-2|-1:2|2:-1",4,TRUE,0,0,4,"off_axis",2.23606797749979,2.23606797749979,3,3,2,1.9659048552118,2,4,2,21,4,FALSE,21,2097152,4,16,25,25,0.833333333333333,2,0.666666666666667,0.166666666666667,0.688332449299089,8.33333333333333,6,10,1.37666489859818,8,8,8,0,8.33333333333333,6,10,1.37666489859818,0,1.9659048552118,2.82842712474619,0.610298743107434
1321,"-2:-1|-1:-2|-1:2|2:0",4,TRUE,1,0,3,"mixed",2.17705098312484,2.23606797749979,2.75,3,2,2.04295532842377,2,8,1,25,0,TRUE,25,33554432,0,1,25,25,0.833333333333333,2,0.666666666666667,0.166666666666667,0.688332449299089,8.33333333333333,6,10,1.37666489859818,9,8,10,1.01015254455221,8.33333333333333,6,10,1.37666489859818,0,2.04295532842377,2.82842712474619,0.60215679580886
1322,"-2:-1|-1:-2|-1:2|2:1",4,TRUE,0,0,4,"off_axis",2.23606797749979,2.23606797749979,3,3,2,2.08951165296178,3,8,1,21,4,FALSE,21,2097152,4,16,25,25,0.833333333333333,3,0.5,0.166666666666667,1.06897047752888,8.33333333333333,4,10,2.13794095505776,9,8,10,1.01015254455221,8.33333333333333,4,10,2.13794095505776,0.166666666666667,2.08951165296178,2.82842712474619,0.509837721607926
1323,"-2:-1|-1:-2|0:1|0:2",4,TRUE,2,0,2,"mixed",1.86803398874989,2.23606797749979,2.25,3,2,1.91934853067379,1,8,1,21,4,FALSE,21,2097152,4,16,25,25,0.833333333333333,2,0.666666666666667,0.166666666666667,0.688332449299089,8.33333333333333,6,10,1.37666489859818,8,6,10,2.02030508910442,8.33333333333333,6,10,1.37666489859818,0,1.91934853067379,2.82842712474619,0.679951973631102
1324,"-1:0|0:-1|1:2|2:1",4,TRUE,2,0,2,"mixed",1.61803398874989,2.23606797749979,2,3,2,1.94295532842377,2,4,2,25,0,TRUE,25,33554432,0,1,25,25,0.833333333333333,2,0.666666666666667,0.166666666666667,0.688332449299089,8.33333333333333,6,10,1.37666489859818,8,8,8,0,8.33333333333333,6,10,1.37666489859818,0,1.94295532842377,2.82842712474619,0.68712330427472
1325,"-1:-1|-1:0|1:2|2:1",4,TRUE,1,1,2,"mixed",1.72158737934317,2.23606797749979,2.25,3,2,2.00219124314841,2,8,1,25,0,TRUE,25,33554432,0,1,25,25,0.833333333333333,2,0.75,0.0833333333333333,0.553694392684741,8.33333333333333,6,10,1.10738878536948,8,8,8,0,8.33333333333333,6,10,1.10738878536948,0,2.00219124314841,2.82842712474619,0.738790472371199
1326,"-1:-2|0:-1|1:2|2:1",4,TRUE,1,0,3,"mixed",1.92705098312484,2.23606797749979,2.5,3,2,2.06656212617375,2,8,1,21,4,FALSE,21,2097152,4,16,25,25,0.833333333333333,2,0.666666666666667,0.166666666666667,0.688332449299089,8.33333333333333,6,10,1.37666489859818,9,8,10,1.01015254455221,8.33333333333333,6,10,1.37666489859818,0,2.06656212617375,2.82842712474619,0.604906768449323
1327,"-1:0|0:-2|1:2|2:1",4,TRUE,2,0,2,"mixed",1.86803398874989,2.23606797749979,2.25,3,2,2.04295532842377,2,8,1,25,0,TRUE,25,33554432,0,1,25,25,0.833333333333333,2,0.75,0.0833333333333333,0.553694392684741,8.33333333333333,6,10,1.10738878536948,9,8,10,1.01015254455221,8.33333333333333,6,10,1.10738878536948,0,2.04295532842377,2.82842712474619,0.60215679580886
1328,"-1:-2|-1:0|1:2|2:1",4,TRUE,1,0,3,"mixed",1.92705098312484,2.23606797749979,2.5,3,2,2.12514076993644,3,8,1,25,0,TRUE,25,33554432,0,1,25,25,0.833333333333333,2,0.583333333333333,0.25,0.800640769025436,8.33333333333333,6,10,1.60128153805087,9,8,10,1.01015254455221,8.33333333333333,6,10,1.60128153805087,0,2.12514076993644,2.82842712474619,0.561522442367321
1329,"-1:-1|0:-2|1:2|2:1",4,TRUE,1,1,2,"mixed",1.97158737934317,2.23606797749979,2.5,3,2,2.06142715787305,1,8,1,21,4,FALSE,21,2097152,4,16,25,25,0.833333333333333,3,0.5,0.166666666666667,1.06897047752888,8.33333333333333,4,10,2.13794095505776,10,10,10,0,8.33333333333333,4,10,2.13794095505776,0.166666666666667,2.06142715787305,2.82842712474619,0.624070929714659
1330,"-2:-1|-1:-2|0:2|2:0",4,TRUE,2,0,2,"mixed",2.11803398874989,2.23606797749979,2.5,3,2,2.12000580163574,2,4,2,21,4,FALSE,21,2097152,4,16,25,25,0.833333333333333,3,0.5,0.166666666666667,1.06897047752888,8.33333333333333,4,10,2.13794095505776,10,10,10,0,8.33333333333333,4,10,2.13794095505776,0.166666666666667,2.12000580163574,2.82842712474619,0.582690503927722
1331,"-2:-1|-1:-2|0:2|2:1",4,TRUE,1,0,3,"mixed",2.17705098312484,2.23606797749979,2.75,3,2,2.16656212617375,3,8,1,21,4,FALSE,21,2097152,4,16,25,25,0.833333333333333,2,0.666666666666667,0.166666666666667,0.688332449299089,8.33333333333333,6,10,1.37666489859818,10,10,10,0,8.33333333333333,6,10,1.37666489859818,0,2.16656212617375,2.82842712474619,0.478433268804974
1332,"-1:-2|-1:-1|1:2|2:1",4,TRUE,0,1,3,"off_axis",2.03060437371812,2.23606797749979,2.75,3,2,2.12579804089839,2,8,1,21,4,FALSE,21,2097152,4,16,25,25,0.833333333333333,2,0.666666666666667,0.166666666666667,0.688332449299089,8.33333333333333,6,10,1.37666489859818,9,8,10,1.01015254455221,8.33333333333333,6,10,1.37666489859818,0,2.12579804089839,2.82842712474619,0.650625928807158
1333,"-2:-1|-1:-2|1:2|2:1",4,TRUE,0,0,4,"off_axis",2.23606797749979,2.23606797749979,3,3,2,2.19016892392373,3,2,4,17,8,FALSE,17,131072,8,256,25,25,0.833333333333333,2,0.5,0.333333333333333,0.899027097085065,8.33333333333333,6,10,1.79805419417013,10,10,10,0,8.33333333333333,6,10,1.79805419417013,0,2.19016892392373,2.82842712474619,0.475114120418297
1334,"-1:-1|0:-1|1:-2|1:-1",4,TRUE,1,2,1,"mixed",1.51612377556149,2.23606797749979,2,3,2,1.47147766421189,1,8,1,25,0,TRUE,25,33554432,0,1,25,25,0.833333333333333,2,0.583333333333333,0.25,0.800640769025436,8.33333333333333,6,10,1.60128153805087,6,6,6,0,8.33333333333333,6,10,1.60128153805087,0,1.47147766421189,2.23606797749979,0.510722237756962
1335,"-1:-2|-1:-1|0:-1|2:-1",4,TRUE,1,1,2,"mixed",1.72158737934317,2.23606797749979,2.25,3,2,1.65366310572456,2,8,1,17,8,FALSE,17,131072,8,256,25,25,0.833333333333333,2,0.5,0.333333333333333,0.899027097085065,8.33333333333333,6,10,1.79805419417013,7,6,8,1.01015254455221,8.33333333333333,6,10,1.79805419417013,0,1.65366310572456,2.23606797749979,0.543035023185446
1336,"-2:-1|-1:-1|-1:0|0:-2",4,TRUE,2,1,1,"mixed",1.66257038496822,2.23606797749979,2,3,2,1.59508446196187,1,8,1,25,0,TRUE,25,33554432,0,1,25,25,0.833333333333333,2,0.666666666666667,0.166666666666667,0.688332449299089,8.33333333333333,6,10,1.37666489859818,7,6,8,1.01015254455221,8.33333333333333,6,10,1.37666489859818,0,1.59508446196187,2.23606797749979,0.533026535932964
1337,"-1:-2|-1:-1|-1:0|0:-1",4,TRUE,2,1,1,"mixed",1.41257038496822,2.23606797749979,1.75,3,2,1.34787086646191,1,8,1,21,4,FALSE,21,2097152,4,16,25,25,0.833333333333333,3,0.5,0.25,0.98766077251289,8.33333333333333,4,10,1.97532154502578,5,4,6,1.01015254455221,8.33333333333333,4,10,1.97532154502578,0.0833333333333333,1.34787086646191,2.23606797749979,0.451225648580529
1338,"-1:-2|-1:-1|0:-1|1:0",4,TRUE,2,1,1,"mixed",1.41257038496822,2.23606797749979,1.75,3,2,1.55432037668651,1,8,1,21,4,FALSE,21,2097152,4,16,25,25,0.833333333333333,3,0.5,0.25,0.98766077251289,8.33333333333333,4,10,1.97532154502578,6,6,6,0,8.33333333333333,4,10,1.97532154502578,0.0833333333333333,1.55432037668651,2.82842712474619,0.653272247669054
1339,"-1:-2|-1:-1|0:-1|2:0",4,TRUE,2,1,1,"mixed",1.66257038496822,2.23606797749979,2,3,2,1.73650581819918,2,8,1,25,0,TRUE,25,33554432,0,1,25,25,0.833333333333333,2,0.666666666666667,0.166666666666667,0.688332449299089,8.33333333333333,6,10,1.37666489859818,7,6,8,1.01015254455221,8.33333333333333,6,10,1.37666489859818,0,1.73650581819918,2.82842712474619,0.653662793937545
1340,"-1:-2|1:-1|1:0|2:-1",4,TRUE,1,1,2,"mixed",1.72158737934317,2.23606797749979,2.25,3,2,1.76011261594915,2,8,1,25,0,TRUE,25,33554432,0,1,25,25,0.833333333333333,2,0.583333333333333,0.25,0.800640769025436,8.33333333333333,6,10,1.60128153805087,7,6,8,1.01015254455221,8.33333333333333,6,10,1.60128153805087,0,1.76011261594915,2.82842712474619,0.668334230403909
1341,"-1:-1|-1:1|-1:2|0:1",4,TRUE,1,2,1,"mixed",1.51612377556149,2.23606797749979,2,3,2,1.57147766421189,1,8,1,25,0,TRUE,25,33554432,0,1,25,25,0.833333333333333,2,0.583333333333333,0.25,0.800640769025436,8.33333333333333,6,10,1.60128153805087,7,6,8,1.01015254455221,8.33333333333333,6,10,1.60128153805087,0,1.57147766421189,2.23606797749979,0.506028052453785
1342,"-1:-2|-1:-1|0:-1|0:1",4,TRUE,2,1,1,"mixed",1.41257038496822,2.23606797749979,1.75,3,2,1.55366310572456,1,8,1,21,4,FALSE,21,2097152,4,16,25,25,0.833333333333333,3,0.5,0.25,0.98766077251289,8.33333333333333,4,10,1.97532154502578,6,4,8,2.02030508910442,8.33333333333333,4,10,1.97532154502578,0.0833333333333333,1.55366310572456,2.23606797749979,0.563846860523836
1343,"-1:-1|0:1|1:1|1:2",4,TRUE,1,2,1,"mixed",1.51612377556149,2.23606797749979,2,3,2,1.73716308916112,1,8,1,21,4,FALSE,21,2097152,4,16,25,25,0.833333333333333,3,0.5,0.25,0.98766077251289,8.33333333333333,4,10,1.97532154502578,7,6,8,1.01015254455221,8.33333333333333,4,10,1.97532154502578,0.0833333333333333,1.73716308916112,2.82842712474619,0.732017305241845
1344,"-1:-2|-1:-1|0:-1|2:1",4,TRUE,1,1,2,"mixed",1.72158737934317,2.23606797749979,2.25,3,2,1.87858444539843,2,8,1,25,0,TRUE,25,33554432,0,1,25,25,0.833333333333333,2,0.583333333333333,0.25,0.800640769025436,8.33333333333333,6,10,1.60128153805087,7,6,8,1.01015254455221,8.33333333333333,6,10,1.60128153805087,0,1.87858444539843,2.82842712474619,0.796464745336163
1345,"-1:-2|-1:-1|-1:2|0:-1",4,TRUE,1,1,2,"mixed",1.72158737934317,2.23606797749979,2.25,3,2,1.55366310572456,1,8,1,21,4,FALSE,21,2097152,4,16,25,25,0.833333333333333,3,0.5,0.25,0.98766077251289,8.33333333333333,4,10,1.97532154502578,6,4,8,2.02030508910442,8.33333333333333,4,10,1.97532154502578,0.0833333333333333,1.55366310572456,2.23606797749979,0.563846860523836
1346,"-1:-2|-1:-1|0:-1|0:2",4,TRUE,2,1,1,"mixed",1.66257038496822,2.23606797749979,2,3,2,1.57147766421189,1,8,1,25,0,TRUE,25,33554432,0,1,25,25,0.833333333333333,2,0.583333333333333,0.25,0.800640769025436,8.33333333333333,6,10,1.60128153805087,7,6,8,1.01015254455221,8.33333333333333,6,10,1.60128153805087,0,1.57147766421189,2.23606797749979,0.506028052453785
1347,"-1:-2|-1:-1|0:-1|1:2",4,TRUE,1,1,2,"mixed",1.72158737934317,2.23606797749979,2.25,3,2,1.76011261594915,2,8,1,25,0,TRUE,25,33554432,0,1,25,25,0.833333333333333,2,0.583333333333333,0.25,0.800640769025436,8.33333333333333,6,10,1.60128153805087,7,6,8,1.01015254455221,8.33333333333333,6,10,1.60128153805087,0,1.76011261594915,2.82842712474619,0.668334230403909
1348,"-1:-2|-1:-1|1:-1|2:-1",4,TRUE,0,2,2,"off_axis",1.82514076993644,2.23606797749979,2.5,3,2,1.77726990347453,1,8,1,25,0,TRUE,25,33554432,0,1,25,25,0.833333333333333,2,0.666666666666667,0.166666666666667,0.688332449299089,8.33333333333333,6,10,1.37666489859818,8,8,8,0,8.33333333333333,6,10,1.37666489859818,0,1.77726990347453,2.23606797749979,0.517807010599742
1349,"-1:-1|1:-2|1:-1|2:0",4,TRUE,1,2,1,"mixed",1.76612377556149,2.23606797749979,2.25,3,2,1.81869125971184,1,8,1,25,0,TRUE,25,33554432,0,1,25,25,0.833333333333333,2,0.583333333333333,0.25,0.800640769025436,8.33333333333333,6,10,1.60128153805087,9,8,10,1.01015254455221,8.33333333333333,6,10,1.60128153805087,0,1.81869125971184,2.23606797749979,0.46231555102518
1350,"-1:-1|1:-2|1:-1|1:0",4,TRUE,1,2,1,"mixed",1.51612377556149,2.23606797749979,2,3,2,1.65366310572456,1,8,1,25,0,TRUE,25,33554432,0,1,25,25,0.833333333333333,2,0.75,0.0833333333333333,0.553694392684741,8.33333333333333,6,10,1.10738878536948,7,6,8,1.01015254455221,8.33333333333333,6,10,1.10738878536948,0,1.65366310572456,2.23606797749979,0.543035023185446
1351,"-1:-1|-1:0|1:-2|1:-1",4,TRUE,1,2,1,"mixed",1.51612377556149,2.23606797749979,2,3,2,1.73650581819918,1,8,1,25,0,TRUE,25,33554432,0,1,25,25,0.833333333333333,2,0.666666666666667,0.166666666666667,0.688332449299089,8.33333333333333,6,10,1.37666489859818,7,6,8,1.01015254455221,8.33333333333333,6,10,1.37666489859818,0,1.73650581819918,2.82842712474619,0.653662793937545
1352,"-1:-2|-1:-1|1:-1|2:0",4,TRUE,1,2,1,"mixed",1.76612377556149,2.23606797749979,2.25,3,2,1.87792717443648,1,8,1,25,0,TRUE,25,33554432,0,1,25,25,0.833333333333333,2,0.666666666666667,0.166666666666667,0.688332449299089,8.33333333333333,6,10,1.37666489859818,9,8,10,1.01015254455221,8.33333333333333,6,10,1.37666489859818,0,1.87792717443648,2.82842712474619,0.551149835962157
1353,"-1:-1|1:-2|1:-1|2:1",4,TRUE,0,2,2,"off_axis",1.82514076993644,2.23606797749979,2.5,3,2,1.98371941369913,2,8,1,25,0,TRUE,25,33554432,0,1,25,25,0.833333333333333,2,0.75,0.0833333333333333,0.553694392684741,8.33333333333333,6,10,1.10738878536948,9,8,10,1.01015254455221,8.33333333333333,6,10,1.10738878536948,0,1.98371941369913,2.82842712474619,0.542481221091435
1354,"-1:-1|-1:1|-1:2|1:1",4,TRUE,0,3,1,"off_axis",1.61967716615477,2.23606797749979,2.25,3,2,1.85432037668651,1,8,1,25,0,TRUE,25,33554432,0,1,25,25,0.833333333333333,2,0.666666666666667,0.166666666666667,0.688332449299089,8.33333333333333,6,10,1.37666489859818,9,8,10,1.01015254455221,8.33333333333333,6,10,1.37666489859818,0,1.85432037668651,2.82842712474619,0.539027870445404
1355,"-1:-1|0:1|1:-2|1:-1",4,TRUE,1,2,1,"mixed",1.51612377556149,2.23606797749979,2,3,2,1.80087670122451,1,8,1,25,0,TRUE,25,33554432,0,1,25,25,0.833333333333333,2,0.583333333333333,0.25,0.800640769025436,8.33333333333333,6,10,1.60128153805087,8,6,10,2.02030508910442,8.33333333333333,6,10,1.60128153805087,0,1.80087670122451,2.23606797749979,0.534210847873044
1356,"-1:-1|-1:1|1:-2|1:-1",4,TRUE,0,3,1,"off_axis",1.61967716615477,2.23606797749979,2.25,3,2,1.93716308916112,1,8,1,25,0,TRUE,25,33554432,0,1,25,25,0.833333333333333,2,0.75,0.0833333333333333,0.553694392684741,8.33333333333333,6,10,1.10738878536948,9,8,10,1.01015254455221,8.33333333333333,6,10,1.10738878536948,0,1.93716308916112,2.82842712474619,0.621288236911133
1357,"-1:-2|-1:-1|1:-1|2:1",4,TRUE,0,2,2,"off_axis",1.82514076993644,2.23606797749979,2.5,3,2,2.04295532842377,2,8,1,25,0,TRUE,25,33554432,0,1,25,25,0.833333333333333,2,0.666666666666667,0.166666666666667,0.688332449299089,8.33333333333333,6,10,1.37666489859818,9,8,10,1.01015254455221,8.33333333333333,6,10,1.37666489859818,0,2.04295532842377,2.82842712474619,0.60215679580886
1358,"-1:-1|1:-2|1:-1|1:2",4,TRUE,0,2,2,"off_axis",1.82514076993644,2.23606797749979,2.5,3,2,1.83650581819917,1,8,1,25,0,TRUE,25,33554432,0,1,25,25,0.833333333333333,2,0.75,0.0833333333333333,0.553694392684741,8.33333333333333,6,10,1.10738878536948,8,6,10,2.02030508910442,8.33333333333333,6,10,1.10738878536948,0,1.83650581819917,2.82842712474619,0.602998415071235
1359,"-1:-1|0:2|1:-2|1:-1",4,TRUE,1,2,1,"mixed",1.76612377556149,2.23606797749979,2.25,3,2,1.81869125971184,1,8,1,25,0,TRUE,25,33554432,0,1,25,25,0.833333333333333,2,0.666666666666667,0.166666666666667,0.688332449299089,8.33333333333333,6,10,1.37666489859818,9,8,10,1.01015254455221,8.33333333333333,6,10,1.37666489859818,0,1.81869125971184,2.23606797749979,0.46231555102518
1360,"-1:-1|-1:2|1:-2|1:-1",4,TRUE,0,2,2,"off_axis",1.82514076993644,2.23606797749979,2.5,3,2,1.96011261594915,2,8,1,25,0,TRUE,25,33554432,0,1,25,25,0.833333333333333,2,0.75,0.0833333333333333,0.553694392684741,8.33333333333333,6,10,1.10738878536948,9,8,10,1.01015254455221,8.33333333333333,6,10,1.10738878536948,0,1.96011261594915,2.82842712474619,0.535369584489657
1361,"-2:-1|-1:-1|-1:2|0:-2",4,TRUE,1,1,2,"mixed",1.97158737934317,2.23606797749979,2.5,3,2,1.81869125971184,1,8,1,25,0,TRUE,25,33554432,0,1,25,25,0.833333333333333,2,0.583333333333333,0.25,0.800640769025436,8.33333333333333,6,10,1.60128153805087,9,8,10,1.01015254455221,8.33333333333333,6,10,1.60128153805087,0,1.81869125971184,2.23606797749979,0.46231555102518
1362,"-1:-2|-1:-1|-1:0|2:-1",4,TRUE,1,1,2,"mixed",1.72158737934317,2.23606797749979,2.25,3,2,1.73584854723723,2,8,1,21,4,FALSE,21,2097152,4,16,25,25,0.833333333333333,2,0.666666666666667,0.166666666666667,0.688332449299089,8.33333333333333,6,10,1.37666489859818,7,6,8,1.01015254455221,8.33333333333333,6,10,1.37666489859818,0,1.73584854723723,2.23606797749979,0.564535030951642
1363,"-1:-2|-1:-1|1:0|2:-1",4,TRUE,1,1,2,"mixed",1.72158737934317,2.23606797749979,2.25,3,2,1.86011261594915,1,8,1,25,0,TRUE,25,33554432,0,1,25,25,0.833333333333333,2,0.75,0.0833333333333333,0.553694392684741,8.33333333333333,6,10,1.10738878536948,8,8,8,0,8.33333333333333,6,10,1.10738878536948,0,1.86011261594915,2.82842712474619,0.614619173858266
1364,"-1:-2|1:-1|1:2|2:-1",4,TRUE,0,1,3,"off_axis",2.03060437371812,2.23606797749979,2.75,3,2,2.00666894048716,3,8,1,21,4,FALSE,21,2097152,4,16,25,25,0.833333333333333,3,0.5,0.166666666666667,1.06897047752888,8.33333333333333,4,10,2.13794095505776,9,8,10,1.01015254455221,8.33333333333333,4,10,2.13794095505776,0.166666666666667,2.00666894048716,2.23606797749979,0.438785904873549
1365,"-1:-1|-1:1|-1:2|2:1",4,TRUE,0,2,2,"off_axis",1.82514076993644,2.23606797749979,2.5,3,2,1.93650581819917,2,8,1,21,4,FALSE,21,2097152,4,16,25,25,0.833333333333333,2,0.666666666666667,0.166666666666667,0.688332449299089,8.33333333333333,6,10,1.37666489859818,9,8,10,1.01015254455221,8.33333333333333,6,10,1.37666489859818,0,1.93650581819917,2.82842712474619,0.526988526209425
1366,"-1:-2|-1:-1|0:1|2:-1",4,TRUE,1,1,2,"mixed",1.72158737934317,2.23606797749979,2.25,3,2,1.94229805746182,2,8,1,25,0,TRUE,25,33554432,0,1,25,25,0.833333333333333,2,0.583333333333333,0.25,0.800640769025436,8.33333333333333,6,10,1.60128153805087,8,6,10,2.02030508910442,8.33333333333333,6,10,1.60128153805087,0,1.94229805746182,2.82842712474619,0.603212009882676
1367,"-1:-1|1:-2|1:1|2:1",4,TRUE,0,2,2,"off_axis",1.82514076993644,2.23606797749979,2.5,3,2,2.04295532842377,2,8,1,25,0,TRUE,25,33554432,0,1,25,25,0.833333333333333,2,0.666666666666667,0.166666666666667,0.688332449299089,8.33333333333333,6,10,1.37666489859818,9,8,10,1.01015254455221,8.33333333333333,6,10,1.37666489859818,0,2.04295532842377,2.82842712474619,0.60215679580886
1368,"-1:-2|-1:-1|-1:2|2:-1",4,TRUE,0,1,3,"off_axis",2.03060437371812,2.23606797749979,2.75,3,2,1.91869125971184,2,8,1,25,0,TRUE,25,33554432,0,1,25,25,0.833333333333333,2,0.666666666666667,0.166666666666667,0.688332449299089,8.33333333333333,6,10,1.37666489859818,8,6,10,2.02030508910442,8.33333333333333,6,10,1.37666489859818,0,1.91869125971184,2.82842712474619,0.595001260414515
1369,"-1:-2|-1:-1|0:2|2:-1",4,TRUE,1,1,2,"mixed",1.97158737934317,2.23606797749979,2.5,3,2,1.96011261594915,2,8,1,25,0,TRUE,25,33554432,0,1,25,25,0.833333333333333,2,0.75,0.0833333333333333,0.553694392684741,8.33333333333333,6,10,1.10738878536948,9,8,10,1.01015254455221,8.33333333333333,6,10,1.10738878536948,0,1.96011261594915,2.82842712474619,0.535369584489657
1370,"-1:-2|-1:-1|1:2|2:-1",4,TRUE,0,1,3,"off_axis",2.03060437371812,2.23606797749979,2.75,3,2,2.0659048552118,3,8,1,21,4,FALSE,21,2097152,4,16,25,25,0.833333333333333,3,0.5,0.166666666666667,1.06897047752888,8.33333333333333,4,10,2.13794095505776,9,8,10,1.01015254455221,8.33333333333333,4,10,2.13794095505776,0.166666666666667,2.0659048552118,2.82842712474619,0.507758832969072
1371,"-2:-1|-1:-1|0:-2|0:-1",4,TRUE,2,1,1,"mixed",1.66257038496822,2.23606797749979,2,3,2,1.53005630797458,1,8,1,25,0,TRUE,25,33554432,0,1,25,25,0.833333333333333,2,0.666666666666667,0.166666666666667,0.688332449299089,8.33333333333333,6,10,1.37666489859818,6,6,6,0,8.33333333333333,6,10,1.37666489859818,0,1.53005630797458,2.23606797749979,0.536374345259402
1372,"-1:0|1:-2|1:-1|2:0",4,TRUE,2,1,1,"mixed",1.66257038496822,2.23606797749979,2,3,2,1.83650581819917,1,8,1,25,0,TRUE,25,33554432,0,1,25,25,0.833333333333333,2,0.75,0.0833333333333333,0.553694392684741,8.33333333333333,6,10,1.10738878536948,8,8,8,0,8.33333333333333,6,10,1.10738878536948,0,1.83650581819917,2.82842712474619,0.602998415071235
1373,"-2:-1|-1:-1|0:-2|0:2",4,TRUE,2,1,1,"mixed",1.91257038496822,2.23606797749979,2.25,3,2,1.83650581819917,1,8,1,25,0,TRUE,25,33554432,0,1,25,25,0.833333333333333,2,0.75,0.0833333333333333,0.553694392684741,8.33333333333333,6,10,1.10738878536948,8,8,8,0,8.33333333333333,6,10,1.10738878536948,0,1.83650581819917,2.82842712474619,0.602998415071235
1374,"-1:-1|0:-2|1:-1|2:-1",4,TRUE,1,2,1,"mixed",1.76612377556149,2.23606797749979,2.25,3,2,1.7128990204492,1,8,1,25,0,TRUE,25,33554432,0,1,25,25,0.833333333333333,2,0.583333333333333,0.25,0.800640769025436,8.33333333333333,6,10,1.60128153805087,9,8,10,1.01015254455221,8.33333333333333,6,10,1.60128153805087,0,1.7128990204492,2.23606797749979,0.429440133900699
1375,"-1:0|0:-2|1:-1|2:-1",4,TRUE,2,1,1,"mixed",1.66257038496822,2.23606797749979,2,3,2,1.80087670122451,1,8,1,25,0,TRUE,25,33554432,0,1,25,25,0.833333333333333,2,0.583333333333333,0.25,0.800640769025436,8.33333333333333,6,10,1.60128153805087,8,6,10,2.02030508910442,8.33333333333333,6,10,1.60128153805087,0,1.80087670122451,2.23606797749979,0.534210847873044
1376,"-1:-1|0:2|1:1|2:1",4,TRUE,1,2,1,"mixed",1.76612377556149,2.23606797749979,2.25,3,2,1.9607698869111,1,8,1,25,0,TRUE,25,33554432,0,1,25,25,0.833333333333333,2,0.75,0.0833333333333333,0.553694392684741,8.33333333333333,6,10,1.10738878536948,9,8,10,1.01015254455221,8.33333333333333,6,10,1.10738878536948,0,1.9607698869111,2.82842712474619,0.628385453702687
1377,"-1:-2|0:2|1:1|2:1",4,TRUE,1,1,2,"mixed",1.97158737934317,2.23606797749979,2.5,3,2,1.9607698869111,1,8,1,25,0,TRUE,25,33554432,0,1,25,25,0.833333333333333,2,0.75,0.0833333333333333,0.553694392684741,8.33333333333333,6,10,1.10738878536948,9,8,10,1.01015254455221,8.33333333333333,6,10,1.10738878536948,0,1.9607698869111,2.82842712474619,0.628385453702687
1378,"-2:-1|-1:-1|0:-2|2:-1",4,TRUE,1,1,2,"mixed",1.97158737934317,2.23606797749979,2.5,3,2,1.77726990347453,1,8,1,25,0,TRUE,25,33554432,0,1,25,25,0.833333333333333,2,0.583333333333333,0.25,0.800640769025436,8.33333333333333,6,10,1.60128153805087,8,6,10,2.02030508910442,8.33333333333333,6,10,1.60128153805087,0,1.77726990347453,2.23606797749979,0.517807010599742
1379,"-2:-1|-1:-1|0:-2|2:0",4,TRUE,2,1,1,"mixed",1.91257038496822,2.23606797749979,2.25,3,2,1.87792717443648,1,8,1,25,0,TRUE,25,33554432,0,1,25,25,0.833333333333333,2,0.666666666666667,0.166666666666667,0.688332449299089,8.33333333333333,6,10,1.37666489859818,9,8,10,1.01015254455221,8.33333333333333,6,10,1.37666489859818,0,1.87792717443648,2.82842712474619,0.551149835962157
1380,"-1:-2|1:1|1:2|2:0",4,TRUE,1,1,2,"mixed",1.97158737934317,2.23606797749979,2.5,3,2,2.04295532842377,2,8,1,25,0,TRUE,25,33554432,0,1,25,25,0.833333333333333,2,0.666666666666667,0.166666666666667,0.688332449299089,8.33333333333333,6,10,1.37666489859818,9,8,10,1.01015254455221,8.33333333333333,6,10,1.37666489859818,0,2.04295532842377,2.82842712474619,0.60215679580886
1381,"-1:-2|-1:-1|-1:0|1:0",4,TRUE,2,1,1,"mixed",1.41257038496822,2.23606797749979,1.75,3,2,1.67147766421189,1,8,1,21,4,FALSE,21,2097152,4,16,25,25,0.833333333333333,2,0.666666666666667,0.166666666666667,0.688332449299089,8.33333333333333,6,10,1.37666489859818,6,6,6,0,8.33333333333333,6,10,1.37666489859818,0,1.67147766421189,2.82842712474619,0.671782387087413
1382,"-1:-2|-1:-1|-1:0|2:0",4,TRUE,2,1,1,"mixed",1.66257038496822,2.23606797749979,2,3,2,1.77147766421189,2,8,1,21,4,FALSE,21,2097152,4,16,25,25,0.833333333333333,2,0.666666666666667,0.166666666666667,0.688332449299089,8.33333333333333,6,10,1.37666489859818,7,6,8,1.01015254455221,8.33333333333333,6,10,1.37666489859818,0,1.77147766421189,2.82842712474619,0.634093302982384
1383,"-1:-2|0:-1|1:-1|2:-1",4,TRUE,1,1,2,"mixed",1.72158737934317,2.23606797749979,2.25,3,2,1.67726990347453,1,8,1,25,0,TRUE,25,33554432,0,1,25,25,0.833333333333333,2,0.666666666666667,0.166666666666667,0.688332449299089,8.33333333333333,6,10,1.37666489859818,7,6,8,1.01015254455221,8.33333333333333,6,10,1.37666489859818,0,1.67726990347453,2.23606797749979,0.564471897635819
1384,"-1:-1|-1:0|-1:1|-1:2",4,TRUE,1,2,1,"mixed",1.51612377556149,2.23606797749979,2,3,2,1.5064495102246,1,8,1,21,4,FALSE,21,2097152,4,16,25,25,0.833333333333333,3,0.5,0.166666666666667,1.06897047752888,8.33333333333333,4,10,2.13794095505776,6,4,8,2.02030508910442,8.33333333333333,4,10,2.13794095505776,0.166666666666667,1.5064495102246,2.23606797749979,0.506194816629229
1385,"-1:-2|-1:-1|-1:0|0:1",4,TRUE,2,1,1,"mixed",1.41257038496822,2.23606797749979,1.75,3,2,1.55366310572456,1,8,1,21,4,FALSE,21,2097152,4,16,25,25,0.833333333333333,3,0.5,0.25,0.98766077251289,8.33333333333333,4,10,1.97532154502578,6,4,8,2.02030508910442,8.33333333333333,4,10,1.97532154502578,0.0833333333333333,1.55366310572456,2.23606797749979,0.563846860523836
1386,"-1:-1|0:1|1:1|2:1",4,TRUE,1,2,1,"mixed",1.51612377556149,2.23606797749979,2,3,2,1.79574173292382,1,8,1,25,0,TRUE,25,33554432,0,1,25,25,0.833333333333333,2,0.666666666666667,0.166666666666667,0.688332449299089,8.33333333333333,6,10,1.37666489859818,7,6,8,1.01015254455221,8.33333333333333,6,10,1.37666489859818,0,1.79574173292382,2.82842712474619,0.726721426557334
1387,"-1:-2|-1:-1|-1:0|2:1",4,TRUE,1,1,2,"mixed",1.72158737934317,2.23606797749979,2.25,3,2,1.87792717443648,2,8,1,25,0,TRUE,25,33554432,0,1,25,25,0.833333333333333,2,0.75,0.0833333333333333,0.553694392684741,8.33333333333333,6,10,1.10738878536948,7,6,8,1.01015254455221,8.33333333333333,6,10,1.10738878536948,0,1.87792717443648,2.82842712474619,0.725250552501227
1388,"-1:-2|-1:-1|-1:0|-1:2",4,TRUE,1,1,2,"mixed",1.72158737934317,2.23606797749979,2.25,3,2,1.58863495173727,1,8,1,21,4,FALSE,21,2097152,4,16,25,25,0.833333333333333,3,0.5,0.166666666666667,1.06897047752888,8.33333333333333,4,10,2.13794095505776,6,4,8,2.02030508910442,8.33333333333333,4,10,2.13794095505776,0.166666666666667,1.58863495173727,2.23606797749979,0.554014630892572
1389,"-1:-2|-1:-1|-1:0|0:2",4,TRUE,2,1,1,"mixed",1.66257038496822,2.23606797749979,2,3,2,1.65366310572456,1,8,1,25,0,TRUE,25,33554432,0,1,25,25,0.833333333333333,2,0.583333333333333,0.25,0.800640769025436,8.33333333333333,6,10,1.60128153805087,7,6,8,1.01015254455221,8.33333333333333,6,10,1.60128153805087,0,1.65366310572456,2.23606797749979,0.543035023185446
1390,"-1:-2|-1:-1|-1:0|1:2",4,TRUE,1,1,2,"mixed",1.72158737934317,2.23606797749979,2.25,3,2,1.87792717443648,2,8,1,21,4,FALSE,21,2097152,4,16,25,25,0.833333333333333,2,0.666666666666667,0.166666666666667,0.688332449299089,8.33333333333333,6,10,1.37666489859818,7,6,8,1.01015254455221,8.33333333333333,6,10,1.37666489859818,0,1.87792717443648,2.82842712474619,0.725250552501227
1391,"-1:-2|-1:-1|1:0|2:0",4,TRUE,2,1,1,"mixed",1.66257038496822,2.23606797749979,2,3,2,1.87792717443648,1,8,1,25,0,TRUE,25,33554432,0,1,25,25,0.833333333333333,2,0.75,0.0833333333333333,0.553694392684741,8.33333333333333,6,10,1.10738878536948,7,6,8,1.01015254455221,8.33333333333333,6,10,1.10738878536948,0,1.87792717443648,2.82842712474619,0.725250552501227
1392,"-1:-2|0:1|1:-1|2:-1",4,TRUE,1,1,2,"mixed",1.72158737934317,2.23606797749979,2.25,3,2,1.9659048552118,2,8,1,21,4,FALSE,21,2097152,4,16,25,25,0.833333333333333,2,0.666666666666667,0.166666666666667,0.688332449299089,8.33333333333333,6,10,1.37666489859818,8,8,8,0,8.33333333333333,6,10,1.37666489859818,0,1.9659048552118,2.82842712474619,0.610298743107434
1393,"-1:-1|-1:1|-1:2|1:0",4,TRUE,1,2,1,"mixed",1.51612377556149,2.23606797749979,2,3,2,1.83650581819917,1,8,1,25,0,TRUE,25,33554432,0,1,25,25,0.833333333333333,2,0.75,0.0833333333333333,0.553694392684741,8.33333333333333,6,10,1.10738878536948,8,8,8,0,8.33333333333333,6,10,1.10738878536948,0,1.83650581819917,2.82842712474619,0.602998415071235
1394,"-1:-2|-1:-1|0:1|1:0",4,TRUE,2,1,1,"mixed",1.41257038496822,2.23606797749979,1.75,3,2,1.76011261594915,1,8,1,25,0,TRUE,25,33554432,0,1,25,25,0.833333333333333,2,0.666666666666667,0.166666666666667,0.688332449299089,8.33333333333333,6,10,1.37666489859818,7,6,8,1.01015254455221,8.33333333333333,6,10,1.37666489859818,0,1.76011261594915,2.82842712474619,0.668334230403909
1395,"-1:-1|-1:0|1:1|1:2",4,TRUE,1,2,1,"mixed",1.51612377556149,2.23606797749979,2,3,2,1.87858444539843,1,8,1,25,0,TRUE,25,33554432,0,1,25,25,0.833333333333333,2,0.583333333333333,0.25,0.800640769025436,8.33333333333333,6,10,1.60128153805087,7,6,8,1.01015254455221,8.33333333333333,6,10,1.60128153805087,0,1.87858444539843,2.82842712474619,0.796464745336163
1396,"-1:-2|-1:-1|1:0|2:1",4,TRUE,1,1,2,"mixed",1.72158737934317,2.23606797749979,2.25,3,2,2.00219124314841,1,8,1,25,0,TRUE,25,33554432,0,1,25,25,0.833333333333333,2,0.583333333333333,0.25,0.800640769025436,8.33333333333333,6,10,1.60128153805087,8,8,8,0,8.33333333333333,6,10,1.60128153805087,0,2.00219124314841,2.82842712474619,0.738790472371199
1397,"-1:-2|-1:-1|-1:2|1:0",4,TRUE,1,1,2,"mixed",1.72158737934317,2.23606797749979,2.25,3,2,1.87792717443648,1,8,1,25,0,TRUE,25,33554432,0,1,25,25,0.833333333333333,2,0.75,0.0833333333333333,0.553694392684741,8.33333333333333,6,10,1.10738878536948,7,6,8,1.01015254455221,8.33333333333333,6,10,1.10738878536948,0,1.87792717443648,2.82842712474619,0.725250552501227
1398,"-1:-2|-1:-1|0:2|1:0",4,TRUE,2,1,1,"mixed",1.66257038496822,2.23606797749979,2,3,2,1.86011261594915,1,8,1,25,0,TRUE,25,33554432,0,1,25,25,0.833333333333333,2,0.75,0.0833333333333333,0.553694392684741,8.33333333333333,6,10,1.10738878536948,8,8,8,0,8.33333333333333,6,10,1.10738878536948,0,1.86011261594915,2.82842712474619,0.614619173858266
1399,"-1:-2|-1:-1|1:0|1:2",4,TRUE,1,1,2,"mixed",1.72158737934317,2.23606797749979,2.25,3,2,2.00153397218646,2,8,1,25,0,TRUE,25,33554432,0,1,25,25,0.833333333333333,2,0.75,0.0833333333333333,0.553694392684741,8.33333333333333,6,10,1.10738878536948,8,8,8,0,8.33333333333333,6,10,1.10738878536948,0,2.00153397218646,2.82842712474619,0.661531689157382
1400,"-1:-2|0:2|1:-1|2:-1",4,TRUE,1,1,2,"mixed",1.97158737934317,2.23606797749979,2.5,3,2,1.98371941369913,2,8,1,25,0,TRUE,25,33554432,0,1,25,25,0.833333333333333,2,0.583333333333333,0.25,0.800640769025436,8.33333333333333,6,10,1.60128153805087,9,8,10,1.01015254455221,8.33333333333333,6,10,1.60128153805087,0,1.98371941369913,2.82842712474619,0.542481221091435
1401,"-1:-1|-1:1|-1:2|2:0",4,TRUE,1,2,1,"mixed",1.76612377556149,2.23606797749979,2.25,3,2,1.93650581819917,2,8,1,25,0,TRUE,25,33554432,0,1,25,25,0.833333333333333,2,0.75,0.0833333333333333,0.553694392684741,8.33333333333333,6,10,1.10738878536948,9,8,10,1.01015254455221,8.33333333333333,6,10,1.10738878536948,0,1.93650581819917,2.82842712474619,0.526988526209425
1402,"-1:-2|-1:-1|0:1|2:0",4,TRUE,2,1,1,"mixed",1.66257038496822,2.23606797749979,2,3,2,1.94229805746182,2,8,1,25,0,TRUE,25,33554432,0,1,25,25,0.833333333333333,2,0.583333333333333,0.25,0.800640769025436,8.33333333333333,6,10,1.60128153805087,8,6,10,2.02030508910442,8.33333333333333,6,10,1.60128153805087,0,1.94229805746182,2.82842712474619,0.603212009882676
1403,"-1:-1|0:-2|1:1|2:1",4,TRUE,1,2,1,"mixed",1.76612377556149,2.23606797749979,2.25,3,2,2.02000580163574,1,8,1,21,4,FALSE,21,2097152,4,16,25,25,0.833333333333333,2,0.666666666666667,0.166666666666667,0.688332449299089,8.33333333333333,6,10,1.37666489859818,9,8,10,1.01015254455221,8.33333333333333,6,10,1.37666489859818,0,2.02000580163574,2.82842712474619,0.682785602723576
1404,"-1:-2|-1:-1|-1:2|2:0",4,TRUE,1,1,2,"mixed",1.97158737934317,2.23606797749979,2.5,3,2,1.97792717443648,2,8,1,25,0,TRUE,25,33554432,0,1,25,25,0.833333333333333,2,0.75,0.0833333333333333,0.553694392684741,8.33333333333333,6,10,1.10738878536948,8,6,10,2.02030508910442,8.33333333333333,6,10,1.10738878536948,0,1.97792717443648,2.82842712474619,0.656424737689541
1405,"-1:-2|-1:-1|0:2|2:0",4,TRUE,2,1,1,"mixed",1.91257038496822,2.23606797749979,2.25,3,2,2.01934853067379,2,8,1,25,0,TRUE,25,33554432,0,1,25,25,0.833333333333333,2,0.75,0.0833333333333333,0.553694392684741,8.33333333333333,6,10,1.10738878536948,9,8,10,1.01015254455221,8.33333333333333,6,10,1.10738878536948,0,2.01934853067379,2.82842712474619,0.598360270206642
1406,"-1:-2|-1:-1|1:2|2:0",4,TRUE,1,1,2,"mixed",1.97158737934317,2.23606797749979,2.5,3,2,2.12514076993644,3,8,1,25,0,TRUE,25,33554432,0,1,25,25,0.833333333333333,2,0.583333333333333,0.25,0.800640769025436,8.33333333333333,6,10,1.60128153805087,9,8,10,1.01015254455221,8.33333333333333,6,10,1.60128153805087,0,2.12514076993644,2.82842712474619,0.561522442367321
1407,"-1:-2|-1:0|1:-1|2:-1",4,TRUE,1,1,2,"mixed",1.72158737934317,2.23606797749979,2.25,3,2,1.88306214273718,2,8,1,21,4,FALSE,21,2097152,4,16,25,25,0.833333333333333,3,0.5,0.25,0.98766077251289,8.33333333333333,4,10,1.97532154502578,8,6,10,2.02030508910442,8.33333333333333,4,10,1.97532154502578,0.0833333333333333,1.88306214273718,2.23606797749979,0.531326397476738
1408,"-1:-1|-1:2|1:1|2:1",4,TRUE,0,2,2,"off_axis",1.82514076993644,2.23606797749979,2.5,3,2,2.04295532842377,2,8,1,25,0,TRUE,25,33554432,0,1,25,25,0.833333333333333,2,0.666666666666667,0.166666666666667,0.688332449299089,8.33333333333333,6,10,1.37666489859818,9,8,10,1.01015254455221,8.33333333333333,6,10,1.37666489859818,0,2.04295532842377,2.82842712474619,0.60215679580886
1409,"-1:-2|-1:2|1:-1|2:-1",4,TRUE,0,1,3,"off_axis",2.03060437371812,2.23606797749979,2.75,3,2,2.02514076993644,2,8,1,25,0,TRUE,25,33554432,0,1,25,25,0.833333333333333,2,0.75,0.0833333333333333,0.553694392684741,8.33333333333333,6,10,1.10738878536948,8,8,8,0,8.33333333333333,6,10,1.10738878536948,0,2.02514076993644,2.82842712474619,0.665669973236015
1410,"-2:-1|-1:-1|1:-2|2:0",4,TRUE,1,1,2,"mixed",1.97158737934317,2.23606797749979,2.5,3,2,1.92448349897449,2,8,1,21,4,FALSE,21,2097152,4,16,25,25,0.833333333333333,2,0.666666666666667,0.166666666666667,0.688332449299089,8.33333333333333,6,10,1.37666489859818,9,8,10,1.01015254455221,8.33333333333333,6,10,1.37666489859818,0,1.92448349897449,2.23606797749979,0.467098921446569
1411,"-1:-2|1:1|1:2|2:-1",4,TRUE,0,1,3,"off_axis",2.03060437371812,2.23606797749979,2.75,3,2,2.08951165296178,3,8,1,21,4,FALSE,21,2097152,4,16,25,25,0.833333333333333,3,0.5,0.166666666666667,1.06897047752888,8.33333333333333,4,10,2.13794095505776,9,8,10,1.01015254455221,8.33333333333333,4,10,2.13794095505776,0.166666666666667,2.08951165296178,2.82842712474619,0.509837721607926
1412,"-1:-1|-1:0|1:-1|2:-1",4,TRUE,1,2,1,"mixed",1.51612377556149,2.23606797749979,2,3,2,1.65366310572456,1,8,1,25,0,TRUE,25,33554432,0,1,25,25,0.833333333333333,2,0.583333333333333,0.25,0.800640769025436,8.33333333333333,6,10,1.60128153805087,7,6,8,1.01015254455221,8.33333333333333,6,10,1.60128153805087,0,1.65366310572456,2.23606797749979,0.543035023185446
1413,"-1:-1|-1:1|-1:2|1:-1",4,TRUE,0,3,1,"off_axis",1.61967716615477,2.23606797749979,2.25,3,2,1.91355629141115,1,8,1,21,4,FALSE,21,2097152,4,16,25,25,0.833333333333333,2,0.666666666666667,0.166666666666667,0.688332449299089,8.33333333333333,6,10,1.37666489859818,9,8,10,1.01015254455221,8.33333333333333,6,10,1.37666489859818,0,1.91355629141115,2.82842712474619,0.613099882745982
1414,"-1:-1|-1:1|-1:2|2:-1",4,TRUE,0,2,2,"off_axis",1.82514076993644,2.23606797749979,2.5,3,2,1.99574173292381,2,8,1,25,0,TRUE,25,33554432,0,1,25,25,0.833333333333333,2,0.75,0.0833333333333333,0.553694392684741,8.33333333333333,6,10,1.10738878536948,9,8,10,1.01015254455221,8.33333333333333,6,10,1.10738878536948,0,1.99574173292381,2.82842712474619,0.593497107983451
1415,"-1:-2|-1:-1|-1:1|-1:2",4,TRUE,0,2,2,"off_axis",1.82514076993644,2.23606797749979,2.5,3,2,1.63005630797458,1,4,2,21,4,FALSE,21,2097152,4,16,25,25,0.833333333333333,3,0.5,0.166666666666667,1.06897047752888,8.33333333333333,4,10,2.13794095505776,7,4,10,3.03045763365663,8.33333333333333,4,10,2.13794095505776,0.166666666666667,1.63005630797458,2.23606797749979,0.519525887315959
1416,"-1:-1|-1:1|-1:2|0:-2",4,TRUE,1,2,1,"mixed",1.76612377556149,2.23606797749979,2.25,3,2,1.7128990204492,1,8,1,21,4,FALSE,21,2097152,4,16,25,25,0.833333333333333,3,0.5,0.25,0.98766077251289,8.33333333333333,4,10,1.97532154502578,9,8,10,1.01015254455221,8.33333333333333,4,10,1.97532154502578,0.0833333333333333,1.7128990204492,2.23606797749979,0.429440133900699
1417,"-1:-1|-1:1|-1:2|1:-2",4,TRUE,0,2,2,"off_axis",1.82514076993644,2.23606797749979,2.5,3,2,1.96011261594915,2,8,1,21,4,FALSE,21,2097152,4,16,25,25,0.833333333333333,2,0.666666666666667,0.166666666666667,0.688332449299089,8.33333333333333,6,10,1.37666489859818,9,8,10,1.01015254455221,8.33333333333333,6,10,1.37666489859818,0,1.96011261594915,2.82842712474619,0.535369584489657
1418,"-1:-1|-1:0|1:1|2:1",4,TRUE,1,2,1,"mixed",1.51612377556149,2.23606797749979,2,3,2,1.81934853067379,1,8,1,25,0,TRUE,25,33554432,0,1,25,25,0.833333333333333,2,0.583333333333333,0.25,0.800640769025436,8.33333333333333,6,10,1.60128153805087,7,6,8,1.01015254455221,8.33333333333333,6,10,1.60128153805087,0,1.81934853067379,2.82842712474619,0.737842895002503
1419,"-1:-2|-1:-1|0:1|2:1",4,TRUE,1,1,2,"mixed",1.72158737934317,2.23606797749979,2.25,3,2,2.00153397218646,2,8,1,25,0,TRUE,25,33554432,0,1,25,25,0.833333333333333,2,0.666666666666667,0.166666666666667,0.688332449299089,8.33333333333333,6,10,1.37666489859818,8,6,10,2.02030508910442,8.33333333333333,6,10,1.37666489859818,0,2.00153397218646,2.82842712474619,0.661531689157382
1420,"-1:-2|-1:-1|-1:2|0:1",4,TRUE,1,1,2,"mixed",1.72158737934317,2.23606797749979,2.25,3,2,1.67726990347453,1,8,1,21,4,FALSE,21,2097152,4,16,25,25,0.833333333333333,3,0.5,0.25,0.98766077251289,8.33333333333333,4,10,1.97532154502578,7,4,10,3.03045763365663,8.33333333333333,4,10,1.97532154502578,0.0833333333333333,1.67726990347453,2.23606797749979,0.564471897635819
1421,"-1:-2|-1:-1|0:1|0:2",4,TRUE,2,1,1,"mixed",1.66257038496822,2.23606797749979,2,3,2,1.67726990347453,1,8,1,21,4,FALSE,21,2097152,4,16,25,25,0.833333333333333,3,0.5,0.25,0.98766077251289,8.33333333333333,4,10,1.97532154502578,7,4,10,3.03045763365663,8.33333333333333,4,10,1.97532154502578,0.0833333333333333,1.67726990347453,2.23606797749979,0.564471897635819
1422,"-1:-2|-1:-1|0:1|1:2",4,TRUE,1,1,2,"mixed",1.72158737934317,2.23606797749979,2.25,3,2,1.88371941369913,1,8,1,21,4,FALSE,21,2097152,4,16,25,25,0.833333333333333,3,0.5,0.25,0.98766077251289,8.33333333333333,4,10,1.97532154502578,8,6,10,2.02030508910442,8.33333333333333,4,10,1.97532154502578,0.0833333333333333,1.88371941369913,2.82842712474619,0.625034372790805
1423,"-1:-2|-1:-1|1:1|2:1",4,TRUE,0,2,2,"off_axis",1.82514076993644,2.23606797749979,2.5,3,2,2.06142715787305,1,4,2,25,0,TRUE,25,33554432,0,1,25,25,0.833333333333333,2,0.583333333333333,0.25,0.800640769025436,8.33333333333333,6,10,1.60128153805087,8,8,8,0,8.33333333333333,6,10,1.60128153805087,0,2.06142715787305,2.82842712474619,0.782104051605118
1424,"-1:-1|1:-2|1:1|1:2",4,TRUE,0,2,2,"off_axis",1.82514076993644,2.23606797749979,2.5,3,2,1.91934853067379,1,8,1,21,4,FALSE,21,2097152,4,16,25,25,0.833333333333333,2,0.666666666666667,0.166666666666667,0.688332449299089,8.33333333333333,6,10,1.37666489859818,8,6,10,2.02030508910442,8.33333333333333,6,10,1.37666489859818,0,1.91934853067379,2.82842712474619,0.679951973631102
1425,"-1:-1|0:-2|1:1|1:2",4,TRUE,1,2,1,"mixed",1.76612377556149,2.23606797749979,2.25,3,2,1.87858444539843,1,8,1,21,4,FALSE,21,2097152,4,16,25,25,0.833333333333333,2,0.666666666666667,0.166666666666667,0.688332449299089,8.33333333333333,6,10,1.37666489859818,9,8,10,1.01015254455221,8.33333333333333,6,10,1.37666489859818,0,1.87858444539843,2.82842712474619,0.641976532547083
1426,"-1:-2|-1:-1|1:1|1:2",4,TRUE,0,2,2,"off_axis",1.82514076993644,2.23606797749979,2.5,3,2,2.00219124314841,1,4,2,17,8,FALSE,17,131072,8,256,25,25,0.833333333333333,2,0.5,0.333333333333333,0.899027097085065,8.33333333333333,6,10,1.79805419417013,8,6,10,2.02030508910442,8.33333333333333,6,10,1.79805419417013,0,2.00219124314841,2.82842712474619,0.738790472371199
1427,"-1:-2|-1:-1|-1:2|2:1",4,TRUE,0,1,3,"off_axis",2.03060437371812,2.23606797749979,2.75,3,2,2.00153397218646,2,8,1,21,4,FALSE,21,2097152,4,16,25,25,0.833333333333333,2,0.666666666666667,0.166666666666667,0.688332449299089,8.33333333333333,6,10,1.37666489859818,8,6,10,2.02030508910442,8.33333333333333,6,10,1.37666489859818,0,2.00153397218646,2.82842712474619,0.661531689157382
1428,"-1:-2|-1:-1|0:2|2:1",4,TRUE,1,1,2,"mixed",1.97158737934317,2.23606797749979,2.5,3,2,2.04295532842377,2,8,1,21,4,FALSE,21,2097152,4,16,25,25,0.833333333333333,1,0.833333333333333,0,0.373300683394721,8.33333333333333,8,10,0.746601366789441,9,8,10,1.01015254455221,8.33333333333333,8,10,0.746601366789441,0,2.04295532842377,2.82842712474619,0.60215679580886
1429,"-1:-1|0:-1|1:-2|2:0",4,TRUE,2,1,1,"mixed",1.66257038496822,2.23606797749979,2,3,2,1.80087670122451,2,8,1,25,0,TRUE,25,33554432,0,1,25,25,0.833333333333333,2,0.75,0.0833333333333333,0.553694392684741,8.33333333333333,6,10,1.10738878536948,8,8,8,0,8.33333333333333,6,10,1.10738878536948,0,1.80087670122451,2.23606797749979,0.534210847873044
1430,"-1:-1|0:-1|1:-2|1:0",4,TRUE,2,1,1,"mixed",1.41257038496822,2.23606797749979,1.75,3,2,1.59508446196187,1,8,1,25,0,TRUE,25,33554432,0,1,25,25,0.833333333333333,2,0.666666666666667,0.166666666666667,0.688332449299089,8.33333333333333,6,10,1.37666489859818,7,6,8,1.01015254455221,8.33333333333333,6,10,1.37666489859818,0,1.59508446196187,2.23606797749979,0.533026535932964
1431,"-1:-1|-1:0|0:-1|1:-2",4,TRUE,2,1,1,"mixed",1.41257038496822,2.23606797749979,1.75,3,2,1.55432037668651,1,8,1,25,0,TRUE,25,33554432,0,1,25,25,0.833333333333333,2,0.583333333333333,0.25,0.800640769025436,8.33333333333333,6,10,1.60128153805087,6,6,6,0,8.33333333333333,6,10,1.60128153805087,0,1.55432037668651,2.82842712474619,0.653272247669054
1432,"-1:-2|0:-1|1:-1|2:0",4,TRUE,2,1,1,"mixed",1.66257038496822,2.23606797749979,2,3,2,1.77792717443648,1,8,1,25,0,TRUE,25,33554432,0,1,25,25,0.833333333333333,2,0.666666666666667,0.166666666666667,0.688332449299089,8.33333333333333,6,10,1.37666489859818,8,8,8,0,8.33333333333333,6,10,1.37666489859818,0,1.77792717443648,2.82842712474619,0.613709089969705
1433,"-1:-1|0:-1|1:-2|2:1",4,TRUE,1,1,2,"mixed",1.72158737934317,2.23606797749979,2.25,3,2,1.94295532842377,2,8,1,25,0,TRUE,25,33554432,0,1,25,25,0.833333333333333,2,0.75,0.0833333333333333,0.553694392684741,8.33333333333333,6,10,1.10738878536948,8,8,8,0,8.33333333333333,6,10,1.10738878536948,0,1.94295532842377,2.82842712474619,0.68712330427472
1434,"-1:-1|-1:2|0:1|1:1",4,TRUE,1,2,1,"mixed",1.51612377556149,2.23606797749979,2,3,2,1.77792717443648,1,8,1,25,0,TRUE,25,33554432,0,1,25,25,0.833333333333333,2,0.75,0.0833333333333333,0.553694392684741,8.33333333333333,6,10,1.10738878536948,8,8,8,0,8.33333333333333,6,10,1.10738878536948,0,1.77792717443648,2.82842712474619,0.613709089969705
1435,"-1:-1|0:-1|0:1|1:-2",4,TRUE,2,1,1,"mixed",1.41257038496822,2.23606797749979,1.75,3,2,1.67726990347453,1,8,1,25,0,TRUE,25,33554432,0,1,25,25,0.833333333333333,2,0.666666666666667,0.166666666666667,0.688332449299089,8.33333333333333,6,10,1.37666489859818,7,6,8,1.01015254455221,8.33333333333333,6,10,1.37666489859818,0,1.67726990347453,2.23606797749979,0.564471897635819
1436,"-1:-1|-1:1|0:-1|1:-2",4,TRUE,1,2,1,"mixed",1.51612377556149,2.23606797749979,2,3,2,1.77792717443648,1,8,1,25,0,TRUE,25,33554432,0,1,25,25,0.833333333333333,2,0.666666666666667,0.166666666666667,0.688332449299089,8.33333333333333,6,10,1.37666489859818,8,8,8,0,8.33333333333333,6,10,1.37666489859818,0,1.77792717443648,2.82842712474619,0.613709089969705
1437,"-1:-2|0:-1|1:-1|2:1",4,TRUE,1,1,2,"mixed",1.72158737934317,2.23606797749979,2.25,3,2,1.94295532842377,2,8,1,25,0,TRUE,25,33554432,0,1,25,25,0.833333333333333,2,0.583333333333333,0.25,0.800640769025436,8.33333333333333,6,10,1.60128153805087,8,8,8,0,8.33333333333333,6,10,1.60128153805087,0,1.94295532842377,2.82842712474619,0.68712330427472
1438,"-1:-1|0:-1|1:-2|1:2",4,TRUE,1,1,2,"mixed",1.72158737934317,2.23606797749979,2.25,3,2,1.76011261594915,1,8,1,25,0,TRUE,25,33554432,0,1,25,25,0.833333333333333,2,0.666666666666667,0.166666666666667,0.688332449299089,8.33333333333333,6,10,1.37666489859818,7,6,8,1.01015254455221,8.33333333333333,6,10,1.37666489859818,0,1.76011261594915,2.82842712474619,0.668334230403909
1439,"-1:-1|0:-1|0:2|1:-2",4,TRUE,2,1,1,"mixed",1.66257038496822,2.23606797749979,2,3,2,1.69508446196187,1,8,1,25,0,TRUE,25,33554432,0,1,25,25,0.833333333333333,2,0.583333333333333,0.25,0.800640769025436,8.33333333333333,6,10,1.60128153805087,8,8,8,0,8.33333333333333,6,10,1.60128153805087,0,1.69508446196187,2.23606797749979,0.501872789122517
1440,"-1:-1|-1:2|0:-1|1:-2",4,TRUE,1,1,2,"mixed",1.72158737934317,2.23606797749979,2.25,3,2,1.80087670122451,2,8,1,25,0,TRUE,25,33554432,0,1,25,25,0.833333333333333,2,0.75,0.0833333333333333,0.553694392684741,8.33333333333333,6,10,1.10738878536948,8,8,8,0,8.33333333333333,6,10,1.10738878536948,0,1.80087670122451,2.23606797749979,0.534210847873044
1441,"-2:-1|-1:0|-1:2|0:-2",4,TRUE,2,0,2,"mixed",1.86803398874989,2.23606797749979,2.25,3,2,1.90087670122451,2,8,1,21,4,FALSE,21,2097152,4,16,25,25,0.833333333333333,3,0.5,0.25,0.98766077251289,8.33333333333333,4,10,1.97532154502578,9,8,10,1.01015254455221,8.33333333333333,4,10,1.97532154502578,0.0833333333333333,1.90087670122451,2.23606797749979,0.455421375994938
1442,"-1:-2|-1:0|0:-1|2:-1",4,TRUE,2,0,2,"mixed",1.61803398874989,2.23606797749979,2,3,2,1.77726990347453,2,8,1,25,0,TRUE,25,33554432,0,1,25,25,0.833333333333333,2,0.75,0.0833333333333333,0.553694392684741,8.33333333333333,6,10,1.10738878536948,8,8,8,0,8.33333333333333,6,10,1.10738878536948,0,1.77726990347453,2.23606797749979,0.517807010599742
1443,"-1:-2|0:-1|1:0|2:-1",4,TRUE,2,0,2,"mixed",1.61803398874989,2.23606797749979,2,3,2,1.77792717443648,1,8,1,21,4,FALSE,21,2097152,4,16,25,25,0.833333333333333,2,0.666666666666667,0.166666666666667,0.688332449299089,8.33333333333333,6,10,1.37666489859818,8,8,8,0,8.33333333333333,6,10,1.37666489859818,0,1.77792717443648,2.82842712474619,0.613709089969705
1444,"-1:-2|1:0|1:2|2:-1",4,TRUE,1,0,3,"mixed",1.92705098312484,2.23606797749979,2.5,3,2,2.0659048552118,3,8,1,21,4,FALSE,21,2097152,4,16,25,25,0.833333333333333,3,0.5,0.166666666666667,1.06897047752888,8.33333333333333,4,10,2.13794095505776,9,8,10,1.01015254455221,8.33333333333333,4,10,2.13794095505776,0.166666666666667,2.0659048552118,2.82842712474619,0.507758832969072
1445,"-1:-1|-1:2|0:1|2:1",4,TRUE,1,1,2,"mixed",1.72158737934317,2.23606797749979,2.25,3,2,1.96011261594915,2,8,1,25,0,TRUE,25,33554432,0,1,25,25,0.833333333333333,2,0.75,0.0833333333333333,0.553694392684741,8.33333333333333,6,10,1.10738878536948,9,8,10,1.01015254455221,8.33333333333333,6,10,1.10738878536948,0,1.96011261594915,2.82842712474619,0.535369584489657
1446,"-1:-2|0:-1|0:1|2:-1",4,TRUE,2,0,2,"mixed",1.61803398874989,2.23606797749979,2,3,2,1.91869125971184,2,8,1,25,0,TRUE,25,33554432,0,1,25,25,0.833333333333333,2,0.666666666666667,0.166666666666667,0.688332449299089,8.33333333333333,6,10,1.37666489859818,8,6,10,2.02030508910442,8.33333333333333,6,10,1.37666489859818,0,1.91869125971184,2.82842712474619,0.595001260414515
1447,"-1:-1|1:-2|1:0|2:1",4,TRUE,1,1,2,"mixed",1.72158737934317,2.23606797749979,2.25,3,2,1.98371941369913,2,8,1,25,0,TRUE,25,33554432,0,1,25,25,0.833333333333333,2,0.583333333333333,0.25,0.800640769025436,8.33333333333333,6,10,1.60128153805087,9,8,10,1.01015254455221,8.33333333333333,6,10,1.60128153805087,0,1.98371941369913,2.82842712474619,0.542481221091435
1448,"-1:-2|-1:2|0:-1|2:-1",4,TRUE,1,0,3,"mixed",1.92705098312484,2.23606797749979,2.5,3,2,1.94229805746182,2,8,1,25,0,TRUE,25,33554432,0,1,25,25,0.833333333333333,2,0.583333333333333,0.25,0.800640769025436,8.33333333333333,6,10,1.60128153805087,8,6,10,2.02030508910442,8.33333333333333,6,10,1.60128153805087,0,1.94229805746182,2.82842712474619,0.603212009882676
1449,"-1:-2|0:-1|0:2|2:-1",4,TRUE,2,0,2,"mixed",1.86803398874989,2.23606797749979,2.25,3,2,1.93650581819917,2,8,1,21,4,FALSE,21,2097152,4,16,25,25,0.833333333333333,2,0.666666666666667,0.166666666666667,0.688332449299089,8.33333333333333,6,10,1.37666489859818,9,8,10,1.01015254455221,8.33333333333333,6,10,1.37666489859818,0,1.93650581819917,2.82842712474619,0.526988526209425
1450,"-1:-2|0:-1|1:2|2:-1",4,TRUE,1,0,3,"mixed",1.92705098312484,2.23606797749979,2.5,3,2,2.00666894048716,3,8,1,21,4,FALSE,21,2097152,4,16,25,25,0.833333333333333,3,0.5,0.166666666666667,1.06897047752888,8.33333333333333,4,10,2.13794095505776,9,8,10,1.01015254455221,8.33333333333333,4,10,2.13794095505776,0.166666666666667,2.00666894048716,2.23606797749979,0.438785904873549
1451,"-2:-1|-1:0|0:-2|0:-1",4,TRUE,3,0,1,"mixed",1.55901699437495,2.23606797749979,1.75,3,2,1.65366310572456,1,8,1,25,0,TRUE,25,33554432,0,1,25,25,0.833333333333333,2,0.75,0.0833333333333333,0.553694392684741,8.33333333333333,6,10,1.10738878536948,7,6,8,1.01015254455221,8.33333333333333,6,10,1.10738878536948,0,1.65366310572456,2.23606797749979,0.543035023185446
1452,"-1:0|0:-1|1:-2|2:0",4,TRUE,3,0,1,"mixed",1.55901699437495,2.23606797749979,1.75,3,2,1.83650581819917,2,8,1,21,4,FALSE,21,2097152,4,16,25,25,0.833333333333333,2,0.666666666666667,0.166666666666667,0.688332449299089,8.33333333333333,6,10,1.37666489859818,8,8,8,0,8.33333333333333,6,10,1.37666489859818,0,1.83650581819917,2.82842712474619,0.602998415071235
1453,"-2:-1|-1:0|0:-2|0:2",4,TRUE,3,0,1,"mixed",1.80901699437495,2.23606797749979,2,3,2,1.91869125971184,2,8,1,25,0,TRUE,25,33554432,0,1,25,25,0.833333333333333,2,0.75,0.0833333333333333,0.553694392684741,8.33333333333333,6,10,1.10738878536948,8,8,8,0,8.33333333333333,6,10,1.10738878536948,0,1.91869125971184,2.82842712474619,0.595001260414515
1454,"-1:-1|0:-2|1:0|2:-1",4,TRUE,2,1,1,"mixed",1.66257038496822,2.23606797749979,2,3,2,1.81869125971184,1,8,1,25,0,TRUE,25,33554432,0,1,25,25,0.833333333333333,2,0.666666666666667,0.166666666666667,0.688332449299089,8.33333333333333,6,10,1.37666489859818,9,8,10,1.01015254455221,8.33333333333333,6,10,1.37666489859818,0,1.81869125971184,2.23606797749979,0.46231555102518
1455,"-1:0|0:-2|1:0|2:-1",4,TRUE,3,0,1,"mixed",1.55901699437495,2.23606797749979,1.75,3,2,1.8594553449872,2,8,1,21,4,FALSE,21,2097152,4,16,25,25,0.833333333333333,2,0.666666666666667,0.166666666666667,0.688332449299089,8.33333333333333,6,10,1.37666489859818,8,6,10,2.02030508910442,8.33333333333333,6,10,1.37666489859818,0,1.8594553449872,2.23606797749979,0.519000984797307
1456,"-1:-1|0:1|1:2|2:0",4,TRUE,2,1,1,"mixed",1.66257038496822,2.23606797749979,2,3,2,1.98371941369913,2,8,1,25,0,TRUE,25,33554432,0,1,25,25,0.833333333333333,2,0.583333333333333,0.25,0.800640769025436,8.33333333333333,6,10,1.60128153805087,9,8,10,1.01015254455221,8.33333333333333,6,10,1.60128153805087,0,1.98371941369913,2.82842712474619,0.542481221091435
1457,"-1:-2|0:2|1:0|2:1",4,TRUE,2,0,2,"mixed",1.86803398874989,2.23606797749979,2.25,3,2,2.04295532842377,2,8,1,25,0,TRUE,25,33554432,0,1,25,25,0.833333333333333,2,0.75,0.0833333333333333,0.553694392684741,8.33333333333333,6,10,1.10738878536948,9,8,10,1.01015254455221,8.33333333333333,6,10,1.10738878536948,0,2.04295532842377,2.82842712474619,0.60215679580886
1458,"-2:-1|-1:0|0:-2|2:-1",4,TRUE,2,0,2,"mixed",1.86803398874989,2.23606797749979,2.25,3,2,1.88306214273718,2,8,1,21,4,FALSE,21,2097152,4,16,25,25,0.833333333333333,3,0.5,0.25,0.98766077251289,8.33333333333333,4,10,1.97532154502578,8,6,10,2.02030508910442,8.33333333333333,4,10,1.97532154502578,0.0833333333333333,1.88306214273718,2.23606797749979,0.531326397476738
1459,"-2:-1|-1:0|0:-2|2:0",4,TRUE,3,0,1,"mixed",1.80901699437495,2.23606797749979,2,3,2,1.93650581819917,2,8,1,25,0,TRUE,25,33554432,0,1,25,25,0.833333333333333,2,0.75,0.0833333333333333,0.553694392684741,8.33333333333333,6,10,1.10738878536948,9,8,10,1.01015254455221,8.33333333333333,6,10,1.10738878536948,0,1.93650581819917,2.82842712474619,0.526988526209425
1460,"-1:-2|0:1|1:2|2:0",4,TRUE,2,0,2,"mixed",1.86803398874989,2.23606797749979,2.25,3,2,2.0659048552118,3,8,1,25,0,TRUE,25,33554432,0,1,25,25,0.833333333333333,2,0.583333333333333,0.25,0.800640769025436,8.33333333333333,6,10,1.60128153805087,9,8,10,1.01015254455221,8.33333333333333,6,10,1.60128153805087,0,2.0659048552118,2.82842712474619,0.507758832969072
1461,"-1:-2|-1:0|0:-1|1:0",4,TRUE,3,0,1,"mixed",1.30901699437495,2.23606797749979,1.5,3,2,1.63071357893653,1,8,1,21,4,FALSE,21,2097152,4,16,25,25,0.833333333333333,2,0.666666666666667,0.166666666666667,0.688332449299089,8.33333333333333,6,10,1.37666489859818,7,6,8,1.01015254455221,8.33333333333333,6,10,1.37666489859818,0,1.63071357893653,2.82842712474619,0.615334799088201
1462,"-1:-2|-1:0|0:-1|2:0",4,TRUE,3,0,1,"mixed",1.55901699437495,2.23606797749979,1.75,3,2,1.8128990204492,2,8,1,25,0,TRUE,25,33554432,0,1,25,25,0.833333333333333,2,0.75,0.0833333333333333,0.553694392684741,8.33333333333333,6,10,1.10738878536948,8,8,8,0,8.33333333333333,6,10,1.10738878536948,0,1.8128990204492,2.82842712474619,0.590100878056122
1463,"-1:-1|-1:0|-1:2|0:1",4,TRUE,2,1,1,"mixed",1.41257038496822,2.23606797749979,1.75,3,2,1.57147766421189,1,8,1,25,0,TRUE,25,33554432,0,1,25,25,0.833333333333333,2,0.583333333333333,0.25,0.800640769025436,8.33333333333333,6,10,1.60128153805087,7,6,8,1.01015254455221,8.33333333333333,6,10,1.60128153805087,0,1.57147766421189,2.23606797749979,0.506028052453785
1464,"-1:-2|-1:0|0:-1|0:1",4,TRUE,3,0,1,"mixed",1.30901699437495,2.23606797749979,1.5,3,2,1.57147766421189,1,8,1,25,0,TRUE,25,33554432,0,1,25,25,0.833333333333333,2,0.583333333333333,0.25,0.800640769025436,8.33333333333333,6,10,1.60128153805087,7,6,8,1.01015254455221,8.33333333333333,6,10,1.60128153805087,0,1.57147766421189,2.23606797749979,0.506028052453785
1465,"-1:-1|0:1|1:0|1:2",4,TRUE,2,1,1,"mixed",1.41257038496822,2.23606797749979,1.75,3,2,1.77792717443648,1,8,1,25,0,TRUE,25,33554432,0,1,25,25,0.833333333333333,2,0.666666666666667,0.166666666666667,0.688332449299089,8.33333333333333,6,10,1.37666489859818,8,8,8,0,8.33333333333333,6,10,1.37666489859818,0,1.77792717443648,2.82842712474619,0.613709089969705
1466,"-1:-2|-1:0|0:-1|2:1",4,TRUE,2,0,2,"mixed",1.61803398874989,2.23606797749979,2,3,2,1.91934853067379,2,8,1,25,0,TRUE,25,33554432,0,1,25,25,0.833333333333333,2,0.75,0.0833333333333333,0.553694392684741,8.33333333333333,6,10,1.10738878536948,8,8,8,0,8.33333333333333,6,10,1.10738878536948,0,1.91934853067379,2.82842712474619,0.679951973631102
1467,"-1:-2|-1:0|-1:2|0:-1",4,TRUE,2,0,2,"mixed",1.61803398874989,2.23606797749979,2,3,2,1.65366310572456,1,8,1,25,0,TRUE,25,33554432,0,1,25,25,0.833333333333333,2,0.583333333333333,0.25,0.800640769025436,8.33333333333333,6,10,1.60128153805087,7,6,8,1.01015254455221,8.33333333333333,6,10,1.60128153805087,0,1.65366310572456,2.23606797749979,0.543035023185446
1468,"-1:-2|-1:0|0:-1|0:2",4,TRUE,3,0,1,"mixed",1.55901699437495,2.23606797749979,1.75,3,2,1.67147766421189,1,8,1,21,4,FALSE,21,2097152,4,16,25,25,0.833333333333333,3,0.5,0.25,0.98766077251289,8.33333333333333,4,10,1.97532154502578,8,8,8,0,8.33333333333333,4,10,1.97532154502578,0.0833333333333333,1.67147766421189,2.23606797749979,0.478611902671298
1469,"-1:-2|-1:0|0:-1|1:2",4,TRUE,2,0,2,"mixed",1.61803398874989,2.23606797749979,2,3,2,1.86011261594915,2,8,1,25,0,TRUE,25,33554432,0,1,25,25,0.833333333333333,2,0.75,0.0833333333333333,0.553694392684741,8.33333333333333,6,10,1.10738878536948,8,8,8,0,8.33333333333333,6,10,1.10738878536948,0,1.86011261594915,2.82842712474619,0.614619173858266
1470,"-1:-2|0:-1|1:0|2:0",4,TRUE,3,0,1,"mixed",1.55901699437495,2.23606797749979,1.75,3,2,1.79574173292382,1,8,1,25,0,TRUE,25,33554432,0,1,25,25,0.833333333333333,2,0.666666666666667,0.166666666666667,0.688332449299089,8.33333333333333,6,10,1.37666489859818,7,6,8,1.01015254455221,8.33333333333333,6,10,1.37666489859818,0,1.79574173292382,2.82842712474619,0.726721426557334
1471,"-1:-2|0:1|1:0|2:-1",4,TRUE,2,0,2,"mixed",1.61803398874989,2.23606797749979,2,3,2,1.94295532842377,2,8,1,25,0,TRUE,25,33554432,0,1,25,25,0.833333333333333,2,0.666666666666667,0.166666666666667,0.688332449299089,8.33333333333333,6,10,1.37666489859818,8,8,8,0,8.33333333333333,6,10,1.37666489859818,0,1.94295532842377,2.82842712474619,0.68712330427472
1472,"-1:-1|-1:2|0:1|1:0",4,TRUE,2,1,1,"mixed",1.41257038496822,2.23606797749979,1.75,3,2,1.77792717443648,1,8,1,25,0,TRUE,25,33554432,0,1,25,25,0.833333333333333,2,0.75,0.0833333333333333,0.553694392684741,8.33333333333333,6,10,1.10738878536948,8,8,8,0,8.33333333333333,6,10,1.10738878536948,0,1.77792717443648,2.82842712474619,0.613709089969705
1473,"-1:-2|0:-1|0:1|1:0",4,TRUE,3,0,1,"mixed",1.30901699437495,2.23606797749979,1.5,3,2,1.65432037668651,1,8,1,25,0,TRUE,25,33554432,0,1,25,25,0.833333333333333,2,0.666666666666667,0.166666666666667,0.688332449299089,8.33333333333333,6,10,1.37666489859818,7,6,8,1.01015254455221,8.33333333333333,6,10,1.37666489859818,0,1.65432037668651,2.82842712474619,0.63528129489561
1474,"-1:-1|-1:0|0:1|1:2",4,TRUE,2,1,1,"mixed",1.41257038496822,2.23606797749979,1.75,3,2,1.73716308916112,1,8,1,21,4,FALSE,21,2097152,4,16,25,25,0.833333333333333,3,0.5,0.25,0.98766077251289,8.33333333333333,4,10,1.97532154502578,7,6,8,1.01015254455221,8.33333333333333,4,10,1.97532154502578,0.0833333333333333,1.73716308916112,2.82842712474619,0.732017305241845
1475,"-1:-2|0:-1|1:0|2:1",4,TRUE,2,0,2,"mixed",1.61803398874989,2.23606797749979,2,3,2,1.92000580163574,1,4,2,21,4,FALSE,21,2097152,4,16,25,25,0.833333333333333,3,0.5,0.166666666666667,1.06897047752888,8.33333333333333,4,10,2.13794095505776,8,8,8,0,8.33333333333333,4,10,2.13794095505776,0.166666666666667,1.92000580163574,2.82842712474619,0.755408441165062
1476,"-1:-2|-1:2|0:-1|1:0",4,TRUE,2,0,2,"mixed",1.61803398874989,2.23606797749979,2,3,2,1.81934853067379,1,8,1,25,0,TRUE,25,33554432,0,1,25,25,0.833333333333333,2,0.583333333333333,0.25,0.800640769025436,8.33333333333333,6,10,1.60128153805087,7,6,8,1.01015254455221,8.33333333333333,6,10,1.60128153805087,0,1.81934853067379,2.82842712474619,0.737842895002503
1477,"-1:-2|0:-1|0:2|1:0",4,TRUE,3,0,1,"mixed",1.55901699437495,2.23606797749979,1.75,3,2,1.75432037668651,1,8,1,25,0,TRUE,25,33554432,0,1,25,25,0.833333333333333,2,0.666666666666667,0.166666666666667,0.688332449299089,8.33333333333333,6,10,1.37666489859818,8,8,8,0,8.33333333333333,6,10,1.37666489859818,0,1.75432037668651,2.82842712474619,0.598479569819794
1478,"-1:-2|-1:0|0:1|1:2",4,TRUE,2,0,2,"mixed",1.61803398874989,2.23606797749979,2,3,2,1.86011261594915,2,8,1,21,4,FALSE,21,2097152,4,16,25,25,0.833333333333333,2,0.666666666666667,0.166666666666667,0.688332449299089,8.33333333333333,6,10,1.37666489859818,8,8,8,0,8.33333333333333,6,10,1.37666489859818,0,1.86011261594915,2.82842712474619,0.614619173858266
1479,"-1:-2|0:2|1:0|2:-1",4,TRUE,2,0,2,"mixed",1.86803398874989,2.23606797749979,2.25,3,2,2.04295532842377,2,8,1,25,0,TRUE,25,33554432,0,1,25,25,0.833333333333333,2,0.583333333333333,0.25,0.800640769025436,8.33333333333333,6,10,1.60128153805087,9,8,10,1.01015254455221,8.33333333333333,6,10,1.60128153805087,0,2.04295532842377,2.82842712474619,0.60215679580886
1480,"-1:-1|-1:2|0:1|2:0",4,TRUE,2,1,1,"mixed",1.66257038496822,2.23606797749979,2,3,2,1.96011261594915,2,8,1,25,0,TRUE,25,33554432,0,1,25,25,0.833333333333333,2,0.75,0.0833333333333333,0.553694392684741,8.33333333333333,6,10,1.10738878536948,9,8,10,1.01015254455221,8.33333333333333,6,10,1.10738878536948,0,1.96011261594915,2.82842712474619,0.535369584489657
1481,"-1:-2|0:-1|0:1|2:0",4,TRUE,3,0,1,"mixed",1.55901699437495,2.23606797749979,1.75,3,2,1.91869125971184,2,8,1,25,0,TRUE,25,33554432,0,1,25,25,0.833333333333333,2,0.75,0.0833333333333333,0.553694392684741,8.33333333333333,6,10,1.10738878536948,8,6,10,2.02030508910442,8.33333333333333,6,10,1.10738878536948,0,1.91869125971184,2.82842712474619,0.595001260414515
1482,"-1:-1|0:-2|1:0|2:1",4,TRUE,2,1,1,"mixed",1.66257038496822,2.23606797749979,2,3,2,1.9607698869111,1,8,1,25,0,TRUE,25,33554432,0,1,25,25,0.833333333333333,2,0.583333333333333,0.25,0.800640769025436,8.33333333333333,6,10,1.60128153805087,9,8,10,1.01015254455221,8.33333333333333,6,10,1.60128153805087,0,1.9607698869111,2.82842712474619,0.628385453702687
1483,"-1:-2|-1:2|0:-1|2:0",4,TRUE,2,0,2,"mixed",1.86803398874989,2.23606797749979,2.25,3,2,2.00153397218646,2,8,1,25,0,TRUE,25,33554432,0,1,25,25,0.833333333333333,2,0.666666666666667,0.166666666666667,0.688332449299089,8.33333333333333,6,10,1.37666489859818,8,6,10,2.02030508910442,8.33333333333333,6,10,1.37666489859818,0,2.00153397218646,2.82842712474619,0.661531689157382
1484,"-1:-2|0:-1|0:2|2:0",4,TRUE,3,0,1,"mixed",1.80901699437495,2.23606797749979,2,3,2,1.99574173292381,2,8,1,25,0,TRUE,25,33554432,0,1,25,25,0.833333333333333,2,0.666666666666667,0.166666666666667,0.688332449299089,8.33333333333333,6,10,1.37666489859818,9,8,10,1.01015254455221,8.33333333333333,6,10,1.37666489859818,0,1.99574173292381,2.82842712474619,0.593497107983451
1485,"-1:-2|0:-1|1:2|2:0",4,TRUE,2,0,2,"mixed",1.86803398874989,2.23606797749979,2.25,3,2,2.0659048552118,3,8,1,25,0,TRUE,25,33554432,0,1,25,25,0.833333333333333,2,0.666666666666667,0.166666666666667,0.688332449299089,8.33333333333333,6,10,1.37666489859818,9,8,10,1.01015254455221,8.33333333333333,6,10,1.37666489859818,0,2.0659048552118,2.82842712474619,0.507758832969072
1486,"-1:-2|-1:0|1:0|2:-1",4,TRUE,2,0,2,"mixed",1.61803398874989,2.23606797749979,2,3,2,1.91869125971184,2,8,1,25,0,TRUE,25,33554432,0,1,25,25,0.833333333333333,2,0.666666666666667,0.166666666666667,0.688332449299089,8.33333333333333,6,10,1.37666489859818,8,6,10,2.02030508910442,8.33333333333333,6,10,1.37666489859818,0,1.91869125971184,2.82842712474619,0.595001260414515
1487,"-1:-1|-1:2|1:0|2:1",4,TRUE,1,1,2,"mixed",1.72158737934317,2.23606797749979,2.25,3,2,2.04295532842377,2,8,1,21,4,FALSE,21,2097152,4,16,25,25,0.833333333333333,3,0.5,0.25,0.98766077251289,8.33333333333333,4,10,1.97532154502578,9,8,10,1.01015254455221,8.33333333333333,4,10,1.97532154502578,0.0833333333333333,2.04295532842377,2.82842712474619,0.60215679580886
1488,"-1:-2|-1:2|1:0|2:-1",4,TRUE,1,0,3,"mixed",1.92705098312484,2.23606797749979,2.5,3,2,2.08437668466108,2,8,1,25,0,TRUE,25,33554432,0,1,25,25,0.833333333333333,2,0.666666666666667,0.166666666666667,0.688332449299089,8.33333333333333,6,10,1.37666489859818,8,8,8,0,8.33333333333333,6,10,1.37666489859818,0,2.08437668466108,2.82842712474619,0.711316335661704
1489,"-2:-1|-1:0|1:-2|2:0",4,TRUE,2,0,2,"mixed",1.86803398874989,2.23606797749979,2.25,3,2,1.96011261594915,2,8,1,21,4,FALSE,21,2097152,4,16,25,25,0.833333333333333,2,0.666666666666667,0.166666666666667,0.688332449299089,8.33333333333333,6,10,1.37666489859818,9,8,10,1.01015254455221,8.33333333333333,6,10,1.37666489859818,0,1.96011261594915,2.82842712474619,0.535369584489657
1490,"-1:-2|0:1|1:2|2:-1",4,TRUE,1,0,3,"mixed",1.92705098312484,2.23606797749979,2.5,3,2,2.08951165296178,3,8,1,21,4,FALSE,21,2097152,4,16,25,25,0.833333333333333,3,0.5,0.166666666666667,1.06897047752888,8.33333333333333,4,10,2.13794095505776,9,8,10,1.01015254455221,8.33333333333333,4,10,2.13794095505776,0.166666666666667,2.08951165296178,2.82842712474619,0.509837721607926
1491,"-1:-1|-1:0|1:0|2:-1",4,TRUE,2,1,1,"mixed",1.41257038496822,2.23606797749979,1.75,3,2,1.65366310572456,1,8,1,25,0,TRUE,25,33554432,0,1,25,25,0.833333333333333,2,0.583333333333333,0.25,0.800640769025436,8.33333333333333,6,10,1.60128153805087,7,6,8,1.01015254455221,8.33333333333333,6,10,1.60128153805087,0,1.65366310572456,2.23606797749979,0.543035023185446
1492,"-1:-1|-1:1|1:0|2:-1",4,TRUE,1,2,1,"mixed",1.51612377556149,2.23606797749979,2,3,2,1.87792717443648,1,8,1,25,0,TRUE,25,33554432,0,1,25,25,0.833333333333333,2,0.666666666666667,0.166666666666667,0.688332449299089,8.33333333333333,6,10,1.37666489859818,9,8,10,1.01015254455221,8.33333333333333,6,10,1.37666489859818,0,1.87792717443648,2.82842712474619,0.551149835962157
1493,"-1:-1|-1:2|0:1|2:-1",4,TRUE,1,1,2,"mixed",1.72158737934317,2.23606797749979,2.25,3,2,2.01934853067379,2,8,1,25,0,TRUE,25,33554432,0,1,25,25,0.833333333333333,2,0.75,0.0833333333333333,0.553694392684741,8.33333333333333,6,10,1.10738878536948,9,8,10,1.01015254455221,8.33333333333333,6,10,1.10738878536948,0,2.01934853067379,2.82842712474619,0.598360270206642
1494,"-1:-1|-1:2|0:-2|0:1",4,TRUE,2,1,1,"mixed",1.66257038496822,2.23606797749979,2,3,2,1.7128990204492,1,8,1,21,4,FALSE,21,2097152,4,16,25,25,0.833333333333333,3,0.5,0.25,0.98766077251289,8.33333333333333,4,10,1.97532154502578,9,8,10,1.01015254455221,8.33333333333333,4,10,1.97532154502578,0.0833333333333333,1.7128990204492,2.23606797749979,0.429440133900699
1495,"-1:-1|-1:2|0:1|1:-2",4,TRUE,1,1,2,"mixed",1.72158737934317,2.23606797749979,2.25,3,2,1.92448349897449,2,8,1,21,4,FALSE,21,2097152,4,16,25,25,0.833333333333333,2,0.666666666666667,0.166666666666667,0.688332449299089,8.33333333333333,6,10,1.37666489859818,9,8,10,1.01015254455221,8.33333333333333,6,10,1.37666489859818,0,1.92448349897449,2.23606797749979,0.467098921446569
1496,"-1:-1|-1:0|1:0|2:1",4,TRUE,2,1,1,"mixed",1.41257038496822,2.23606797749979,1.75,3,2,1.73650581819918,1,8,1,25,0,TRUE,25,33554432,0,1,25,25,0.833333333333333,2,0.583333333333333,0.25,0.800640769025436,8.33333333333333,6,10,1.60128153805087,7,6,8,1.01015254455221,8.33333333333333,6,10,1.60128153805087,0,1.73650581819918,2.82842712474619,0.653662793937545
1497,"-1:-2|-1:0|1:0|2:1",4,TRUE,2,0,2,"mixed",1.61803398874989,2.23606797749979,2,3,2,1.97792717443648,2,8,1,21,4,FALSE,21,2097152,4,16,25,25,0.833333333333333,2,0.666666666666667,0.166666666666667,0.688332449299089,8.33333333333333,6,10,1.37666489859818,8,6,10,2.02030508910442,8.33333333333333,6,10,1.37666489859818,0,1.97792717443648,2.82842712474619,0.656424737689541
1498,"-1:-2|-1:2|0:-1|0:1",4,TRUE,2,0,2,"mixed",1.61803398874989,2.23606797749979,2,3,2,1.67726990347453,1,4,2,21,4,FALSE,21,2097152,4,16,25,25,0.833333333333333,3,0.5,0.25,0.98766077251289,8.33333333333333,4,10,1.97532154502578,7,4,10,3.03045763365663,8.33333333333333,4,10,1.97532154502578,0.0833333333333333,1.67726990347453,2.23606797749979,0.564471897635819
1499,"-1:-2|0:-1|0:1|0:2",4,TRUE,3,0,1,"mixed",1.55901699437495,2.23606797749979,1.75,3,2,1.63005630797458,1,8,1,21,4,FALSE,21,2097152,4,16,25,25,0.833333333333333,3,0.5,0.166666666666667,1.06897047752888,8.33333333333333,4,10,2.13794095505776,7,4,10,3.03045763365663,8.33333333333333,4,10,2.13794095505776,0.166666666666667,1.63005630797458,2.23606797749979,0.519525887315959
1500,"-1:-2|0:-1|0:1|1:2",4,TRUE,2,0,2,"mixed",1.61803398874989,2.23606797749979,2,3,2,1.80087670122451,1,4,2,17,8,FALSE,17,131072,8,256,25,25,0.833333333333333,2,0.5,0.333333333333333,0.899027097085065,8.33333333333333,6,10,1.79805419417013,8,6,10,2.02030508910442,8.33333333333333,6,10,1.79805419417013,0,1.80087670122451,2.23606797749979,0.534210847873044
1501,"-1:-1|0:1|1:-2|1:2",4,TRUE,1,1,2,"mixed",1.72158737934317,2.23606797749979,2.25,3,2,1.88371941369913,1,8,1,21,4,FALSE,21,2097152,4,16,25,25,0.833333333333333,3,0.5,0.25,0.98766077251289,8.33333333333333,4,10,1.97532154502578,8,6,10,2.02030508910442,8.33333333333333,4,10,1.97532154502578,0.0833333333333333,1.88371941369913,2.82842712474619,0.625034372790805
1502,"-1:-1|0:-2|0:1|1:2",4,TRUE,2,1,1,"mixed",1.66257038496822,2.23606797749979,2,3,2,1.79574173292382,1,8,1,17,8,FALSE,17,131072,8,256,25,25,0.833333333333333,2,0.5,0.333333333333333,0.899027097085065,8.33333333333333,6,10,1.79805419417013,9,8,10,1.01015254455221,8.33333333333333,6,10,1.79805419417013,0,1.79574173292382,2.82842712474619,0.553083908277311
1503,"-1:-2|-1:2|0:-1|2:1",4,TRUE,1,0,3,"mixed",1.92705098312484,2.23606797749979,2.5,3,2,2.02514076993644,2,8,1,17,8,FALSE,17,131072,8,256,25,25,0.833333333333333,2,0.5,0.333333333333333,0.899027097085065,8.33333333333333,6,10,1.79805419417013,8,6,10,2.02030508910442,8.33333333333333,6,10,1.79805419417013,0,2.02514076993644,2.82842712474619,0.665669973236015
1504,"-1:-2|0:-1|0:2|2:1",4,TRUE,2,0,2,"mixed",1.86803398874989,2.23606797749979,2.25,3,2,2.01934853067379,2,8,1,21,4,FALSE,21,2097152,4,16,25,25,0.833333333333333,2,0.666666666666667,0.166666666666667,0.688332449299089,8.33333333333333,6,10,1.37666489859818,9,8,10,1.01015254455221,8.33333333333333,6,10,1.37666489859818,0,2.01934853067379,2.82842712474619,0.598360270206642
1505,"-1:-1|1:-2|1:0|2:0",4,TRUE,2,1,1,"mixed",1.66257038496822,2.23606797749979,2,3,2,1.8594553449872,2,8,1,21,4,FALSE,21,2097152,4,16,25,25,0.833333333333333,2,0.666666666666667,0.166666666666667,0.688332449299089,8.33333333333333,6,10,1.37666489859818,8,6,10,2.02030508910442,8.33333333333333,6,10,1.37666489859818,0,1.8594553449872,2.23606797749979,0.519000984797307
1506,"-1:-1|-1:0|1:-2|2:0",4,TRUE,2,1,1,"mixed",1.66257038496822,2.23606797749979,2,3,2,1.91869125971184,3,8,1,25,0,TRUE,25,33554432,0,1,25,25,0.833333333333333,2,0.666666666666667,0.166666666666667,0.688332449299089,8.33333333333333,6,10,1.37666489859818,8,8,8,0,8.33333333333333,6,10,1.37666489859818,0,1.91869125971184,2.82842712474619,0.595001260414515
1507,"-2:-1|-1:1|0:-2|0:2",4,TRUE,2,1,1,"mixed",1.91257038496822,2.23606797749979,2.25,3,2,1.96011261594915,2,8,1,21,4,FALSE,21,2097152,4,16,25,25,0.833333333333333,2,0.666666666666667,0.166666666666667,0.688332449299089,8.33333333333333,6,10,1.37666489859818,9,8,10,1.01015254455221,8.33333333333333,6,10,1.37666489859818,0,1.96011261594915,2.82842712474619,0.535369584489657
1508,"-1:-1|0:-2|1:1|2:-1",4,TRUE,1,2,1,"mixed",1.76612377556149,2.23606797749979,2.25,3,2,2.00153397218646,2,8,1,25,0,TRUE,25,33554432,0,1,25,25,0.833333333333333,2,0.666666666666667,0.166666666666667,0.688332449299089,8.33333333333333,6,10,1.37666489859818,10,10,10,0,8.33333333333333,6,10,1.37666489859818,0,2.00153397218646,2.82842712474619,0.464114160026601
1509,"-1:-1|0:1|1:-2|2:0",4,TRUE,2,1,1,"mixed",1.66257038496822,2.23606797749979,2,3,2,2.00666894048716,3,8,1,21,4,FALSE,21,2097152,4,16,25,25,0.833333333333333,3,0.5,0.166666666666667,1.06897047752888,8.33333333333333,4,10,2.13794095505776,9,8,10,1.01015254455221,8.33333333333333,4,10,2.13794095505776,0.166666666666667,2.00666894048716,2.23606797749979,0.438785904873549
1510,"-1:-1|-1:1|1:-2|2:0",4,TRUE,1,2,1,"mixed",1.76612377556149,2.23606797749979,2.25,3,2,2.08371941369913,3,8,1,25,0,TRUE,25,33554432,0,1,25,25,0.833333333333333,2,0.75,0.0833333333333333,0.553694392684741,8.33333333333333,6,10,1.10738878536948,10,10,10,0,8.33333333333333,6,10,1.10738878536948,0,2.08371941369913,2.82842712474619,0.419143842948326
1511,"-1:-2|0:2|1:-1|2:1",4,TRUE,1,1,2,"mixed",1.97158737934317,2.23606797749979,2.5,3,2,2.10732621144911,3,8,1,21,4,FALSE,21,2097152,4,16,25,25,0.833333333333333,3,0.5,0.25,0.98766077251289,8.33333333333333,4,10,1.97532154502578,10,10,10,0,8.33333333333333,4,10,1.97532154502578,0.0833333333333333,2.10732621144911,2.82842712474619,0.420550219671977
1512,"-1:-1|1:-2|1:2|2:0",4,TRUE,1,1,2,"mixed",1.97158737934317,2.23606797749979,2.5,3,2,2.0659048552118,3,8,1,25,0,TRUE,25,33554432,0,1,25,25,0.833333333333333,2,0.583333333333333,0.25,0.800640769025436,8.33333333333333,6,10,1.60128153805087,9,8,10,1.01015254455221,8.33333333333333,6,10,1.60128153805087,0,2.0659048552118,2.82842712474619,0.507758832969072
1513,"-1:-1|0:2|1:-2|2:0",4,TRUE,2,1,1,"mixed",1.91257038496822,2.23606797749979,2.25,3,2,2.08371941369913,3,8,1,25,0,TRUE,25,33554432,0,1,25,25,0.833333333333333,2,0.583333333333333,0.25,0.800640769025436,8.33333333333333,6,10,1.60128153805087,10,10,10,0,8.33333333333333,6,10,1.60128153805087,0,2.08371941369913,2.82842712474619,0.419143842948326
1514,"-1:-1|-1:2|1:-2|2:0",4,TRUE,1,1,2,"mixed",1.97158737934317,2.23606797749979,2.5,3,2,2.1659048552118,4,8,1,21,4,FALSE,21,2097152,4,16,25,25,0.833333333333333,2,0.666666666666667,0.166666666666667,0.688332449299089,8.33333333333333,6,10,1.37666489859818,10,10,10,0,8.33333333333333,6,10,1.37666489859818,0,2.1659048552118,2.82842712474619,0.34778051534767
1515,"-1:-1|-1:0|1:-2|1:0",4,TRUE,2,1,1,"mixed",1.41257038496822,2.23606797749979,1.75,3,2,1.79508446196187,2,8,1,25,0,TRUE,25,33554432,0,1,25,25,0.833333333333333,2,0.75,0.0833333333333333,0.553694392684741,8.33333333333333,6,10,1.10738878536948,7,6,8,1.01015254455221,8.33333333333333,6,10,1.10738878536948,0,1.79508446196187,2.82842712474619,0.647792640367682
1516,"-1:-2|-1:0|1:-1|2:0",4,TRUE,2,1,1,"mixed",1.66257038496822,2.23606797749979,2,3,2,1.93650581819917,2,8,1,25,0,TRUE,25,33554432,0,1,25,25,0.833333333333333,2,0.75,0.0833333333333333,0.553694392684741,8.33333333333333,6,10,1.10738878536948,9,8,10,1.01015254455221,8.33333333333333,6,10,1.10738878536948,0,1.93650581819917,2.82842712474619,0.526988526209425
1517,"-1:-1|-1:0|-1:2|1:1",4,TRUE,1,2,1,"mixed",1.51612377556149,2.23606797749979,2,3,2,1.83650581819917,2,8,1,21,4,FALSE,21,2097152,4,16,25,25,0.833333333333333,2,0.666666666666667,0.166666666666667,0.688332449299089,8.33333333333333,6,10,1.37666489859818,8,8,8,0,8.33333333333333,6,10,1.37666489859818,0,1.83650581819917,2.82842712474619,0.602998415071235
1518,"-1:-1|0:1|1:-2|1:0",4,TRUE,2,1,1,"mixed",1.41257038496822,2.23606797749979,1.75,3,2,1.80087670122451,2,8,1,25,0,TRUE,25,33554432,0,1,25,25,0.833333333333333,2,0.75,0.0833333333333333,0.553694392684741,8.33333333333333,6,10,1.10738878536948,8,8,8,0,8.33333333333333,6,10,1.10738878536948,0,1.80087670122451,2.23606797749979,0.534210847873044
1519,"-1:-1|-1:1|1:-2|1:0",4,TRUE,1,2,1,"mixed",1.51612377556149,2.23606797749979,2,3,2,1.96011261594915,2,8,1,25,0,TRUE,25,33554432,0,1,25,25,0.833333333333333,2,0.666666666666667,0.166666666666667,0.688332449299089,8.33333333333333,6,10,1.37666489859818,9,8,10,1.01015254455221,8.33333333333333,6,10,1.37666489859818,0,1.96011261594915,2.82842712474619,0.535369584489657
1520,"-1:-2|-1:0|1:-1|2:1",4,TRUE,1,1,2,"mixed",1.72158737934317,2.23606797749979,2.25,3,2,2.0659048552118,3,8,1,25,0,TRUE,25,33554432,0,1,25,25,0.833333333333333,2,0.583333333333333,0.25,0.800640769025436,8.33333333333333,6,10,1.60128153805087,9,8,10,1.01015254455221,8.33333333333333,6,10,1.60128153805087,0,2.0659048552118,2.82842712474619,0.507758832969072
1521,"-1:-1|1:-2|1:0|1:2",4,TRUE,1,1,2,"mixed",1.72158737934317,2.23606797749979,2.25,3,2,1.91869125971184,2,8,1,25,0,TRUE,25,33554432,0,1,25,25,0.833333333333333,2,0.75,0.0833333333333333,0.553694392684741,8.33333333333333,6,10,1.10738878536948,8,8,8,0,8.33333333333333,6,10,1.10738878536948,0,1.91869125971184,2.82842712474619,0.595001260414515
1522,"-1:-1|0:2|1:-2|1:0",4,TRUE,2,1,1,"mixed",1.66257038496822,2.23606797749979,2,3,2,1.90087670122451,2,8,1,21,4,FALSE,21,2097152,4,16,25,25,0.833333333333333,3,0.5,0.25,0.98766077251289,8.33333333333333,4,10,1.97532154502578,9,8,10,1.01015254455221,8.33333333333333,4,10,1.97532154502578,0.0833333333333333,1.90087670122451,2.23606797749979,0.455421375994938
1523,"-1:-1|-1:2|1:-2|1:0",4,TRUE,1,1,2,"mixed",1.72158737934317,2.23606797749979,2.25,3,2,2.04229805746182,3,8,1,25,0,TRUE,25,33554432,0,1,25,25,0.833333333333333,2,0.583333333333333,0.25,0.800640769025436,8.33333333333333,6,10,1.60128153805087,9,8,10,1.01015254455221,8.33333333333333,6,10,1.60128153805087,0,2.04229805746182,2.82842712474619,0.504445398969847
1524,"-1:-2|1:-1|1:0|2:0",4,TRUE,2,1,1,"mixed",1.66257038496822,2.23606797749979,2,3,2,1.79574173292382,2,8,1,25,0,TRUE,25,33554432,0,1,25,25,0.833333333333333,2,0.75,0.0833333333333333,0.553694392684741,8.33333333333333,6,10,1.10738878536948,7,6,8,1.01015254455221,8.33333333333333,6,10,1.10738878536948,0,1.79574173292382,2.82842712474619,0.726721426557334
1525,"-1:-1|-1:0|1:-2|2:1",4,TRUE,1,1,2,"mixed",1.72158737934317,2.23606797749979,2.25,3,2,2.02514076993644,3,8,1,25,0,TRUE,25,33554432,0,1,25,25,0.833333333333333,2,0.583333333333333,0.25,0.800640769025436,8.33333333333333,6,10,1.60128153805087,8,8,8,0,8.33333333333333,6,10,1.60128153805087,0,2.02514076993644,2.82842712474619,0.665669973236015
1526,"-1:-1|-1:0|1:-2|1:1",4,TRUE,1,2,1,"mixed",1.51612377556149,2.23606797749979,2,3,2,1.91934853067379,2,8,1,25,0,TRUE,25,33554432,0,1,25,25,0.833333333333333,2,0.75,0.0833333333333333,0.553694392684741,8.33333333333333,6,10,1.10738878536948,8,8,8,0,8.33333333333333,6,10,1.10738878536948,0,1.91934853067379,2.82842712474619,0.679951973631102
1527,"-1:-1|-1:0|0:1|1:-2",4,TRUE,2,1,1,"mixed",1.41257038496822,2.23606797749979,1.75,3,2,1.76011261594915,2,8,1,25,0,TRUE,25,33554432,0,1,25,25,0.833333333333333,2,0.583333333333333,0.25,0.800640769025436,8.33333333333333,6,10,1.60128153805087,7,6,8,1.01015254455221,8.33333333333333,6,10,1.60128153805087,0,1.76011261594915,2.82842712474619,0.668334230403909
1528,"-1:-1|-1:0|-1:1|1:-2",4,TRUE,1,2,1,"mixed",1.51612377556149,2.23606797749979,2,3,2,1.79574173292382,2,8,1,25,0,TRUE,25,33554432,0,1,25,25,0.833333333333333,2,0.75,0.0833333333333333,0.553694392684741,8.33333333333333,6,10,1.10738878536948,7,6,8,1.01015254455221,8.33333333333333,6,10,1.10738878536948,0,1.79574173292382,2.82842712474619,0.726721426557334
1529,"-1:-1|-1:0|1:-2|1:2",4,TRUE,1,1,2,"mixed",1.72158737934317,2.23606797749979,2.25,3,2,1.9607698869111,2,8,1,25,0,TRUE,25,33554432,0,1,25,25,0.833333333333333,2,0.666666666666667,0.166666666666667,0.688332449299089,8.33333333333333,6,10,1.37666489859818,7,6,8,1.01015254455221,8.33333333333333,6,10,1.37666489859818,0,1.9607698869111,2.82842712474619,0.785551080864481
1530,"-1:-1|-1:0|0:2|1:-2",4,TRUE,2,1,1,"mixed",1.66257038496822,2.23606797749979,2,3,2,1.86011261594915,2,8,1,25,0,TRUE,25,33554432,0,1,25,25,0.833333333333333,2,0.666666666666667,0.166666666666667,0.688332449299089,8.33333333333333,6,10,1.37666489859818,8,8,8,0,8.33333333333333,6,10,1.37666489859818,0,1.86011261594915,2.82842712474619,0.614619173858266
1531,"-1:-1|-1:0|-1:2|1:-2",4,TRUE,1,1,2,"mixed",1.72158737934317,2.23606797749979,2.25,3,2,1.91869125971184,3,8,1,25,0,TRUE,25,33554432,0,1,25,25,0.833333333333333,2,0.666666666666667,0.166666666666667,0.688332449299089,8.33333333333333,6,10,1.37666489859818,8,8,8,0,8.33333333333333,6,10,1.37666489859818,0,1.91869125971184,2.82842712474619,0.595001260414515
1532,"-1:-2|0:2|1:1|2:-1",4,TRUE,1,1,2,"mixed",1.97158737934317,2.23606797749979,2.5,3,2,2.08437668466108,2,8,1,21,4,FALSE,21,2097152,4,16,25,25,0.833333333333333,2,0.666666666666667,0.166666666666667,0.688332449299089,8.33333333333333,6,10,1.37666489859818,10,10,10,0,8.33333333333333,6,10,1.37666489859818,0,2.08437668466108,2.82842712474619,0.532680680292586
1533,"-1:-1|-1:2|1:1|2:0",4,TRUE,1,2,1,"mixed",1.76612377556149,2.23606797749979,2.25,3,2,2.0607698869111,2,8,1,25,0,TRUE,25,33554432,0,1,25,25,0.833333333333333,2,0.583333333333333,0.25,0.800640769025436,8.33333333333333,6,10,1.60128153805087,10,10,10,0,8.33333333333333,6,10,1.60128153805087,0,2.0607698869111,2.82842712474619,0.530437422427522
1534,"-1:-2|0:1|1:-1|2:0",4,TRUE,2,1,1,"mixed",1.66257038496822,2.23606797749979,2,3,2,1.98371941369913,2,8,1,25,0,TRUE,25,33554432,0,1,25,25,0.833333333333333,2,0.75,0.0833333333333333,0.553694392684741,8.33333333333333,6,10,1.10738878536948,9,8,10,1.01015254455221,8.33333333333333,6,10,1.10738878536948,0,1.98371941369913,2.82842712474619,0.542481221091435
1535,"-1:-1|0:-2|1:-1|2:1",4,TRUE,1,2,1,"mixed",1.76612377556149,2.23606797749979,2.25,3,2,1.97858444539843,2,8,1,25,0,TRUE,25,33554432,0,1,25,25,0.833333333333333,2,0.583333333333333,0.25,0.800640769025436,8.33333333333333,6,10,1.60128153805087,10,10,10,0,8.33333333333333,6,10,1.60128153805087,0,1.97858444539843,2.82842712474619,0.562932394231188
1536,"-1:-2|-1:2|1:-1|2:0",4,TRUE,1,1,2,"mixed",1.97158737934317,2.23606797749979,2.5,3,2,2.10219124314841,2,8,1,25,0,TRUE,25,33554432,0,1,25,25,0.833333333333333,2,0.75,0.0833333333333333,0.553694392684741,8.33333333333333,6,10,1.10738878536948,9,8,10,1.01015254455221,8.33333333333333,6,10,1.10738878536948,0,2.10219124314841,2.82842712474619,0.650463063457386
1537,"-1:-2|0:2|1:-1|2:0",4,TRUE,2,1,1,"mixed",1.91257038496822,2.23606797749979,2.25,3,2,2.0607698869111,2,8,1,25,0,TRUE,25,33554432,0,1,25,25,0.833333333333333,2,0.583333333333333,0.25,0.800640769025436,8.33333333333333,6,10,1.60128153805087,10,10,10,0,8.33333333333333,6,10,1.60128153805087,0,2.0607698869111,2.82842712474619,0.530437422427522
1538,"-1:-2|1:-1|1:2|2:0",4,TRUE,1,1,2,"mixed",1.97158737934317,2.23606797749979,2.5,3,2,2.08371941369913,3,8,1,25,0,TRUE,25,33554432,0,1,25,25,0.833333333333333,2,0.75,0.0833333333333333,0.553694392684741,8.33333333333333,6,10,1.10738878536948,10,10,10,0,8.33333333333333,6,10,1.10738878536948,0,2.08371941369913,2.82842712474619,0.419143842948326
1539,"-1:-1|0:1|1:-2|2:1",4,TRUE,1,1,2,"mixed",1.72158737934317,2.23606797749979,2.25,3,2,2.0659048552118,3,8,1,25,0,TRUE,25,33554432,0,1,25,25,0.833333333333333,2,0.666666666666667,0.166666666666667,0.688332449299089,8.33333333333333,6,10,1.37666489859818,9,8,10,1.01015254455221,8.33333333333333,6,10,1.37666489859818,0,2.0659048552118,2.82842712474619,0.507758832969072
1540,"-1:-1|-1:1|1:-2|2:1",4,TRUE,0,2,2,"off_axis",1.82514076993644,2.23606797749979,2.5,3,2,2.14295532842377,3,8,1,25,0,TRUE,25,33554432,0,1,25,25,0.833333333333333,2,0.75,0.0833333333333333,0.553694392684741,8.33333333333333,6,10,1.10738878536948,10,10,10,0,8.33333333333333,6,10,1.10738878536948,0,2.14295532842377,2.82842712474619,0.480442458550402
1541,"-1:-2|-1:2|1:-1|2:1",4,TRUE,0,1,3,"off_axis",2.03060437371812,2.23606797749979,2.75,3,2,2.14874756768642,3,8,1,21,4,FALSE,21,2097152,4,16,25,25,0.833333333333333,3,0.5,0.25,0.98766077251289,8.33333333333333,4,10,1.97532154502578,9,8,10,1.01015254455221,8.33333333333333,4,10,1.97532154502578,0.0833333333333333,2.14874756768642,2.82842712474619,0.560638416214238
1542,"-1:-1|0:2|1:-2|2:1",4,TRUE,1,1,2,"mixed",1.97158737934317,2.23606797749979,2.5,3,2,2.10732621144911,3,8,1,21,4,FALSE,21,2097152,4,16,25,25,0.833333333333333,3,0.5,0.25,0.98766077251289,8.33333333333333,4,10,1.97532154502578,10,10,10,0,8.33333333333333,4,10,1.97532154502578,0.0833333333333333,2.10732621144911,2.82842712474619,0.420550219671977
1543,"-1:-1|-1:2|1:-2|2:1",4,TRUE,0,1,3,"off_axis",2.03060437371812,2.23606797749979,2.75,3,2,2.18951165296178,4,8,1,21,4,FALSE,21,2097152,4,16,25,25,0.833333333333333,3,0.5,0.166666666666667,1.06897047752888,8.33333333333333,4,10,2.13794095505776,10,10,10,0,8.33333333333333,4,10,2.13794095505776,0.166666666666667,2.18951165296178,2.82842712474619,0.343250348457488
1544,"-1:-1|-1:0|1:1|2:-1",4,TRUE,1,2,1,"mixed",1.51612377556149,2.23606797749979,2,3,2,1.86011261594915,2,8,1,21,4,FALSE,21,2097152,4,16,25,25,0.833333333333333,2,0.666666666666667,0.166666666666667,0.688332449299089,8.33333333333333,6,10,1.37666489859818,8,8,8,0,8.33333333333333,6,10,1.37666489859818,0,1.86011261594915,2.82842712474619,0.614619173858266
1545,"-1:-1|-1:1|1:-1|1:2",4,TRUE,0,3,1,"off_axis",1.61967716615477,2.23606797749979,2.25,3,2,2.03716308916112,2,8,1,25,0,TRUE,25,33554432,0,1,25,25,0.833333333333333,2,0.583333333333333,0.25,0.800640769025436,8.33333333333333,6,10,1.60128153805087,10,10,10,0,8.33333333333333,6,10,1.60128153805087,0,2.03716308916112,2.82842712474619,0.527011014179131
1546,"-1:-1|-1:2|1:1|2:-1",4,TRUE,0,2,2,"off_axis",1.82514076993644,2.23606797749979,2.5,3,2,2.14295532842377,3,4,2,25,0,TRUE,25,33554432,0,1,25,25,0.833333333333333,2,0.583333333333333,0.25,0.800640769025436,8.33333333333333,6,10,1.60128153805087,10,10,10,0,8.33333333333333,6,10,1.60128153805087,0,2.14295532842377,2.82842712474619,0.480442458550402
1547,"-1:-1|-1:2|0:-2|1:1",4,TRUE,1,2,1,"mixed",1.76612377556149,2.23606797749979,2.25,3,2,1.91934853067379,1,8,1,21,4,FALSE,21,2097152,4,16,25,25,0.833333333333333,3,0.5,0.25,0.98766077251289,8.33333333333333,4,10,1.97532154502578,10,10,10,0,8.33333333333333,4,10,1.97532154502578,0.0833333333333333,1.91934853067379,2.82842712474619,0.49001271842944
1548,"-1:-1|-1:2|1:-2|1:1",4,TRUE,0,2,2,"off_axis",1.82514076993644,2.23606797749979,2.5,3,2,2.08371941369913,3,4,2,17,8,FALSE,17,131072,8,256,25,25,0.833333333333333,2,0.5,0.333333333333333,0.899027097085065,8.33333333333333,6,10,1.79805419417013,10,10,10,0,8.33333333333333,6,10,1.79805419417013,0,2.08371941369913,2.82842712474619,0.419143842948326
1549,"-1:-1|-1:0|1:-1|2:1",4,TRUE,1,2,1,"mixed",1.51612377556149,2.23606797749979,2,3,2,1.86011261594915,2,8,1,25,0,TRUE,25,33554432,0,1,25,25,0.833333333333333,2,0.75,0.0833333333333333,0.553694392684741,8.33333333333333,6,10,1.10738878536948,8,8,8,0,8.33333333333333,6,10,1.10738878536948,0,1.86011261594915,2.82842712474619,0.614619173858266
1550,"-1:-1|0:1|0:2|1:-2",4,TRUE,2,1,1,"mixed",1.66257038496822,2.23606797749979,2,3,2,1.80087670122451,1,8,1,17,8,FALSE,17,131072,8,256,25,25,0.833333333333333,2,0.5,0.333333333333333,0.899027097085065,8.33333333333333,6,10,1.79805419417013,8,6,10,2.02030508910442,8.33333333333333,6,10,1.79805419417013,0,1.80087670122451,2.23606797749979,0.534210847873044
1551,"-1:-1|-1:1|1:-2|1:2",4,TRUE,0,2,2,"off_axis",1.82514076993644,2.23606797749979,2.5,3,2,2.04295532842377,2,4,2,21,4,FALSE,21,2097152,4,16,25,25,0.833333333333333,1,0.833333333333333,0,0.373300683394721,8.33333333333333,8,10,0.746601366789441,9,8,10,1.01015254455221,8.33333333333333,8,10,0.746601366789441,0,2.04295532842377,2.82842712474619,0.60215679580886
1552,"-1:-1|-1:1|0:-2|1:2",4,TRUE,1,2,1,"mixed",1.76612377556149,2.23606797749979,2.25,3,2,1.91934853067379,1,8,1,21,4,FALSE,21,2097152,4,16,25,25,0.833333333333333,3,0.5,0.25,0.98766077251289,8.33333333333333,4,10,1.97532154502578,10,10,10,0,8.33333333333333,4,10,1.97532154502578,0.0833333333333333,1.91934853067379,2.82842712474619,0.49001271842944
1553,"-2:-1|-1:2|0:-2|0:-1",4,TRUE,2,0,2,"mixed",1.86803398874989,2.23606797749979,2.25,3,2,1.8594553449872,2,8,1,21,4,FALSE,21,2097152,4,16,25,25,0.833333333333333,2,0.666666666666667,0.166666666666667,0.688332449299089,8.33333333333333,6,10,1.37666489859818,8,6,10,2.02030508910442,8.33333333333333,6,10,1.37666489859818,0,1.8594553449872,2.23606797749979,0.519000984797307
1554,"-1:-1|0:-2|1:2|2:-1",4,TRUE,1,1,2,"mixed",1.97158737934317,2.23606797749979,2.5,3,2,2.00153397218646,2,8,1,25,0,TRUE,25,33554432,0,1,25,25,0.833333333333333,2,0.666666666666667,0.166666666666667,0.688332449299089,8.33333333333333,6,10,1.37666489859818,10,10,10,0,8.33333333333333,6,10,1.37666489859818,0,2.00153397218646,2.82842712474619,0.464114160026601
1555,"-1:0|0:-2|1:2|2:-1",4,TRUE,2,0,2,"mixed",1.86803398874989,2.23606797749979,2.25,3,2,2.0659048552118,3,8,1,25,0,TRUE,25,33554432,0,1,25,25,0.833333333333333,2,0.666666666666667,0.166666666666667,0.688332449299089,8.33333333333333,6,10,1.37666489859818,9,8,10,1.01015254455221,8.33333333333333,6,10,1.37666489859818,0,2.0659048552118,2.82842712474619,0.507758832969072
1556,"-2:-1|-1:2|0:-2|2:-1",4,TRUE,1,0,3,"mixed",2.17705098312484,2.23606797749979,2.75,3,2,2.0659048552118,3,8,1,25,0,TRUE,25,33554432,0,1,25,25,0.833333333333333,2,0.583333333333333,0.25,0.800640769025436,8.33333333333333,6,10,1.60128153805087,9,8,10,1.01015254455221,8.33333333333333,6,10,1.60128153805087,0,2.0659048552118,2.82842712474619,0.507758832969072
1557,"-2:-1|-1:2|0:-2|2:0",4,TRUE,2,0,2,"mixed",2.11803398874989,2.23606797749979,2.5,3,2,2.14295532842377,3,8,1,25,0,TRUE,25,33554432,0,1,25,25,0.833333333333333,2,0.666666666666667,0.166666666666667,0.688332449299089,8.33333333333333,6,10,1.37666489859818,10,10,10,0,8.33333333333333,6,10,1.37666489859818,0,2.14295532842377,2.82842712474619,0.480442458550402
1558,"-2:-1|-1:2|0:-2|2:1",4,TRUE,1,0,3,"mixed",2.17705098312484,2.23606797749979,2.75,3,2,2.18951165296178,4,8,1,21,4,FALSE,21,2097152,4,16,25,25,0.833333333333333,3,0.5,0.166666666666667,1.06897047752888,8.33333333333333,4,10,2.13794095505776,10,10,10,0,8.33333333333333,4,10,2.13794095505776,0.166666666666667,2.18951165296178,2.82842712474619,0.343250348457488
1559,"-1:-1|-1:0|-1:2|2:1",4,TRUE,1,1,2,"mixed",1.72158737934317,2.23606797749979,2.25,3,2,1.91869125971184,3,8,1,25,0,TRUE,25,33554432,0,1,25,25,0.833333333333333,2,0.666666666666667,0.166666666666667,0.688332449299089,8.33333333333333,6,10,1.37666489859818,8,8,8,0,8.33333333333333,6,10,1.37666489859818,0,1.91869125971184,2.82842712474619,0.595001260414515
1560,"-1:-2|-1:0|0:1|2:-1",4,TRUE,2,0,2,"mixed",1.61803398874989,2.23606797749979,2,3,2,1.94229805746182,3,8,1,25,0,TRUE,25,33554432,0,1,25,25,0.833333333333333,2,0.75,0.0833333333333333,0.553694392684741,8.33333333333333,6,10,1.10738878536948,8,8,8,0,8.33333333333333,6,10,1.10738878536948,0,1.94229805746182,2.82842712474619,0.603212009882676
1561,"-1:-2|-1:0|-1:2|2:-1",4,TRUE,1,0,3,"mixed",1.92705098312484,2.23606797749979,2.5,3,2,2.00087670122451,3,8,1,21,4,FALSE,21,2097152,4,16,25,25,0.833333333333333,2,0.666666666666667,0.166666666666667,0.688332449299089,8.33333333333333,6,10,1.37666489859818,8,8,8,0,8.33333333333333,6,10,1.37666489859818,0,2.00087670122451,2.82842712474619,0.573965181383861
1562,"-1:-2|-1:0|0:2|2:-1",4,TRUE,2,0,2,"mixed",1.86803398874989,2.23606797749979,2.25,3,2,2.04229805746182,3,8,1,25,0,TRUE,25,33554432,0,1,25,25,0.833333333333333,2,0.583333333333333,0.25,0.800640769025436,8.33333333333333,6,10,1.60128153805087,9,8,10,1.01015254455221,8.33333333333333,6,10,1.60128153805087,0,2.04229805746182,2.82842712474619,0.504445398969847
1563,"-1:-2|-1:0|1:2|2:-1",4,TRUE,1,0,3,"mixed",1.92705098312484,2.23606797749979,2.5,3,2,2.14809029672447,4,8,1,21,4,FALSE,21,2097152,4,16,25,25,0.833333333333333,3,0.5,0.166666666666667,1.06897047752888,8.33333333333333,4,10,2.13794095505776,9,8,10,1.01015254455221,8.33333333333333,4,10,2.13794095505776,0.166666666666667,2.14809029672447,2.82842712474619,0.454249169409344
1564,"-2:-1|-1:2|1:-2|2:1",4,TRUE,0,0,4,"off_axis",2.23606797749979,2.23606797749979,3,3,2,2.23606797749979,5,2,4,5,20,FALSE,5,32,20,1048576,5,5,0.833333333333333,5,0.166666666666667,0.166666666666667,1.8665034169736,8.33333333333333,0,10,3.73300683394721,10,10,10,0,8.33333333333333,0,10,3.73300683394721,0.166666666666667,2.23606797749979,2.23606797749979,0
1565,"-1:-1|-1:0|1:2|2:-1",4,TRUE,1,1,2,"mixed",1.72158737934317,2.23606797749979,2.25,3,2,2.00153397218646,3,8,1,25,0,TRUE,25,33554432,0,1,25,25,0.833333333333333,2,0.75,0.0833333333333333,0.553694392684741,8.33333333333333,6,10,1.10738878536948,8,8,8,0,8.33333333333333,6,10,1.10738878536948,0,2.00153397218646,2.82842712474619,0.661531689157382
1566,"-1:-1|-1:2|0:-2|2:1",4,TRUE,1,1,2,"mixed",1.97158737934317,2.23606797749979,2.5,3,2,2.0607698869111,2,8,1,17,8,FALSE,17,131072,8,256,25,25,0.833333333333333,2,0.5,0.333333333333333,0.899027097085065,8.33333333333333,6,10,1.79805419417013,10,10,10,0,8.33333333333333,6,10,1.79805419417013,0,2.0607698869111,2.82842712474619,0.530437422427522
1567,"-1:-2|0:1|0:2|2:-1",4,TRUE,2,0,2,"mixed",1.86803398874989,2.23606797749979,2.25,3,2,2.00153397218646,2,8,1,21,4,FALSE,21,2097152,4,16,25,25,0.833333333333333,2,0.666666666666667,0.166666666666667,0.688332449299089,8.33333333333333,6,10,1.37666489859818,8,6,10,2.02030508910442,8.33333333333333,6,10,1.37666489859818,0,2.00153397218646,2.82842712474619,0.661531689157382
1568,"-1:0|1:-2|1:0|2:0",4,TRUE,3,0,1,"mixed",1.55901699437495,2.23606797749979,1.75,3,2,1.83005630797458,2,8,1,21,4,FALSE,21,2097152,4,16,25,25,0.833333333333333,3,0.5,0.166666666666667,1.06897047752888,8.33333333333333,4,10,2.13794095505776,7,4,10,3.03045763365663,8.33333333333333,4,10,2.13794095505776,0.166666666666667,1.83005630797458,2.82842712474619,0.624405414634559
1569,"-2:-1|0:-2|0:-1|0:2",4,TRUE,3,0,1,"mixed",1.80901699437495,2.23606797749979,2,3,2,1.83005630797458,2,8,1,21,4,FALSE,21,2097152,4,16,25,25,0.833333333333333,3,0.5,0.166666666666667,1.06897047752888,8.33333333333333,4,10,2.13794095505776,7,4,10,3.03045763365663,8.33333333333333,4,10,2.13794095505776,0.166666666666667,1.83005630797458,2.82842712474619,0.624405414634559
1570,"-1:-1|0:-2|0:-1|2:-1",4,TRUE,2,1,1,"mixed",1.66257038496822,2.23606797749979,2,3,2,1.63005630797458,2,8,1,25,0,TRUE,25,33554432,0,1,25,25,0.833333333333333,2,0.666666666666667,0.166666666666667,0.688332449299089,8.33333333333333,6,10,1.37666489859818,7,6,8,1.01015254455221,8.33333333333333,6,10,1.37666489859818,0,1.63005630797458,2.23606797749979,0.519525887315959
1571,"-1:0|0:-2|0:-1|2:-1",4,TRUE,3,0,1,"mixed",1.55901699437495,2.23606797749979,1.75,3,2,1.73584854723723,2,8,1,21,4,FALSE,21,2097152,4,16,25,25,0.833333333333333,2,0.666666666666667,0.166666666666667,0.688332449299089,8.33333333333333,6,10,1.37666489859818,7,6,8,1.01015254455221,8.33333333333333,6,10,1.37666489859818,0,1.73584854723723,2.23606797749979,0.564535030951642
1572,"-1:-1|0:1|0:2|2:1",4,TRUE,2,1,1,"mixed",1.66257038496822,2.23606797749979,2,3,2,1.91869125971184,2,8,1,25,0,TRUE,25,33554432,0,1,25,25,0.833333333333333,2,0.75,0.0833333333333333,0.553694392684741,8.33333333333333,6,10,1.10738878536948,8,6,10,2.02030508910442,8.33333333333333,6,10,1.10738878536948,0,1.91869125971184,2.82842712474619,0.595001260414515
1573,"-1:-2|0:1|0:2|2:1",4,TRUE,2,0,2,"mixed",1.86803398874989,2.23606797749979,2.25,3,2,1.91869125971184,2,8,1,25,0,TRUE,25,33554432,0,1,25,25,0.833333333333333,2,0.75,0.0833333333333333,0.553694392684741,8.33333333333333,6,10,1.10738878536948,8,6,10,2.02030508910442,8.33333333333333,6,10,1.10738878536948,0,1.91869125971184,2.82842712474619,0.595001260414515
1574,"-2:-1|0:-2|0:-1|2:-1",4,TRUE,2,0,2,"mixed",1.86803398874989,2.23606797749979,2.25,3,2,1.79442719099992,2,4,2,17,8,FALSE,17,131072,8,256,25,25,0.833333333333333,2,0.5,0.333333333333333,0.899027097085065,8.33333333333333,6,10,1.79805419417013,7,6,8,1.01015254455221,8.33333333333333,6,10,1.79805419417013,0,1.79442719099992,2.23606797749979,0.557804282880804
1575,"-2:-1|0:-2|0:-1|2:0",4,TRUE,3,0,1,"mixed",1.80901699437495,2.23606797749979,2,3,2,1.89508446196187,2,8,1,25,0,TRUE,25,33554432,0,1,25,25,0.833333333333333,2,0.583333333333333,0.25,0.800640769025436,8.33333333333333,6,10,1.60128153805087,8,6,10,2.02030508910442,8.33333333333333,6,10,1.60128153805087,0,1.89508446196187,2.82842712474619,0.585619218368906
1576,"-1:-2|1:0|1:2|2:0",4,TRUE,2,0,2,"mixed",1.86803398874989,2.23606797749979,2.25,3,2,2.06011261594915,3,8,1,25,0,TRUE,25,33554432,0,1,25,25,0.833333333333333,2,0.666666666666667,0.166666666666667,0.688332449299089,8.33333333333333,6,10,1.37666489859818,8,6,10,2.02030508910442,8.33333333333333,6,10,1.37666489859818,0,2.06011261594915,2.82842712474619,0.628875548196174
1577,"-2:-1|0:-2|0:1|0:2",4,TRUE,3,0,1,"mixed",1.80901699437495,2.23606797749979,2,3,2,1.9128990204492,2,8,1,21,4,FALSE,21,2097152,4,16,25,25,0.833333333333333,3,0.5,0.166666666666667,1.06897047752888,8.33333333333333,4,10,2.13794095505776,7,4,10,3.03045763365663,8.33333333333333,4,10,2.13794095505776,0.166666666666667,1.9128990204492,2.82842712474619,0.699855014798309
1578,"-1:-1|0:-2|0:1|2:-1",4,TRUE,2,1,1,"mixed",1.66257038496822,2.23606797749979,2,3,2,1.93650581819917,2,8,1,25,0,TRUE,25,33554432,0,1,25,25,0.833333333333333,2,0.75,0.0833333333333333,0.553694392684741,8.33333333333333,6,10,1.10738878536948,9,8,10,1.01015254455221,8.33333333333333,6,10,1.10738878536948,0,1.93650581819917,2.82842712474619,0.526988526209425
1579,"-1:0|0:-1|0:2|2:1",4,TRUE,3,0,1,"mixed",1.55901699437495,2.23606797749979,1.75,3,2,1.91869125971184,3,8,1,25,0,TRUE,25,33554432,0,1,25,25,0.833333333333333,2,0.666666666666667,0.166666666666667,0.688332449299089,8.33333333333333,6,10,1.37666489859818,8,8,8,0,8.33333333333333,6,10,1.37666489859818,0,1.91869125971184,2.82842712474619,0.595001260414515
1580,"-1:-1|-1:0|1:2|2:0",4,TRUE,2,1,1,"mixed",1.66257038496822,2.23606797749979,2,3,2,1.97792717443648,3,8,1,25,0,TRUE,25,33554432,0,1,25,25,0.833333333333333,2,0.75,0.0833333333333333,0.553694392684741,8.33333333333333,6,10,1.10738878536948,8,8,8,0,8.33333333333333,6,10,1.10738878536948,0,1.97792717443648,2.82842712474619,0.656424737689541
1581,"-1:0|1:-2|1:2|2:0",4,TRUE,2,0,2,"mixed",1.86803398874989,2.23606797749979,2.25,3,2,2.06011261594915,3,4,2,25,0,TRUE,25,33554432,0,1,25,25,0.833333333333333,2,0.583333333333333,0.25,0.800640769025436,8.33333333333333,6,10,1.60128153805087,8,8,8,0,8.33333333333333,6,10,1.60128153805087,0,2.06011261594915,2.82842712474619,0.628875548196174
1582,"-1:0|0:-2|1:2|2:0",4,TRUE,3,0,1,"mixed",1.80901699437495,2.23606797749979,2,3,2,2.07792717443648,3,8,1,25,0,TRUE,25,33554432,0,1,25,25,0.833333333333333,2,0.583333333333333,0.25,0.800640769025436,8.33333333333333,6,10,1.60128153805087,9,8,10,1.01015254455221,8.33333333333333,6,10,1.60128153805087,0,2.07792717443648,2.82842712474619,0.559978826721162
1583,"-1:-2|-1:0|1:2|2:0",4,TRUE,2,0,2,"mixed",1.86803398874989,2.23606797749979,2.25,3,2,2.16011261594915,4,8,1,25,0,TRUE,25,33554432,0,1,25,25,0.833333333333333,2,0.666666666666667,0.166666666666667,0.688332449299089,8.33333333333333,6,10,1.37666489859818,9,8,10,1.01015254455221,8.33333333333333,6,10,1.37666489859818,0,2.16011261594915,2.82842712474619,0.509807683148267
1584,"-1:-1|0:-2|0:2|2:-1",4,TRUE,2,1,1,"mixed",1.91257038496822,2.23606797749979,2.25,3,2,1.93650581819917,2,8,1,25,0,TRUE,25,33554432,0,1,25,25,0.833333333333333,2,0.75,0.0833333333333333,0.553694392684741,8.33333333333333,6,10,1.10738878536948,9,8,10,1.01015254455221,8.33333333333333,6,10,1.10738878536948,0,1.93650581819917,2.82842712474619,0.526988526209425
1585,"-1:0|0:-2|0:2|2:-1",4,TRUE,3,0,1,"mixed",1.80901699437495,2.23606797749979,2,3,2,2.00087670122451,3,8,1,21,4,FALSE,21,2097152,4,16,25,25,0.833333333333333,2,0.666666666666667,0.166666666666667,0.688332449299089,8.33333333333333,6,10,1.37666489859818,8,8,8,0,8.33333333333333,6,10,1.37666489859818,0,2.00087670122451,2.82842712474619,0.573965181383861
1586,"-1:-1|0:-2|0:2|2:1",4,TRUE,2,1,1,"mixed",1.91257038496822,2.23606797749979,2.25,3,2,2.01934853067379,2,8,1,21,4,FALSE,21,2097152,4,16,25,25,0.833333333333333,2,0.666666666666667,0.166666666666667,0.688332449299089,8.33333333333333,6,10,1.37666489859818,9,8,10,1.01015254455221,8.33333333333333,6,10,1.37666489859818,0,2.01934853067379,2.82842712474619,0.598360270206642
1587,"-2:-1|0:-2|0:2|2:-1",4,TRUE,2,0,2,"mixed",2.11803398874989,2.23606797749979,2.5,3,2,2.06011261594915,3,4,2,25,0,TRUE,25,33554432,0,1,25,25,0.833333333333333,2,0.583333333333333,0.25,0.800640769025436,8.33333333333333,6,10,1.60128153805087,8,8,8,0,8.33333333333333,6,10,1.60128153805087,0,2.06011261594915,2.82842712474619,0.628875548196174
1588,"-2:-1|0:-2|0:2|2:0",4,TRUE,3,0,1,"mixed",2.05901699437495,2.23606797749979,2.25,3,2,2.13716308916112,3,8,1,25,0,TRUE,25,33554432,0,1,25,25,0.833333333333333,2,0.666666666666667,0.166666666666667,0.688332449299089,8.33333333333333,6,10,1.37666489859818,9,8,10,1.01015254455221,8.33333333333333,6,10,1.37666489859818,0,2.13716308916112,2.82842712474619,0.607850429635522
1589,"-2:-1|0:-2|0:2|2:1",4,TRUE,2,0,2,"mixed",2.11803398874989,2.23606797749979,2.5,3,2,2.18371941369913,4,4,2,17,8,FALSE,17,131072,8,256,25,25,0.833333333333333,2,0.5,0.333333333333333,0.899027097085065,8.33333333333333,6,10,1.79805419417013,9,8,10,1.01015254455221,8.33333333333333,6,10,1.79805419417013,0,2.18371941369913,2.82842712474619,0.507027856163868
1590,"-1:-1|-1:0|0:-2|2:-1",4,TRUE,2,1,1,"mixed",1.66257038496822,2.23606797749979,2,3,2,1.77726990347453,2,8,1,25,0,TRUE,25,33554432,0,1,25,25,0.833333333333333,2,0.75,0.0833333333333333,0.553694392684741,8.33333333333333,6,10,1.10738878536948,8,8,8,0,8.33333333333333,6,10,1.10738878536948,0,1.77726990347453,2.23606797749979,0.517807010599742
1591,"-1:-1|-1:1|0:-2|2:-1",4,TRUE,1,2,1,"mixed",1.76612377556149,2.23606797749979,2.25,3,2,1.97792717443648,2,8,1,25,0,TRUE,25,33554432,0,1,25,25,0.833333333333333,2,0.666666666666667,0.166666666666667,0.688332449299089,8.33333333333333,6,10,1.37666489859818,10,10,10,0,8.33333333333333,6,10,1.37666489859818,0,1.97792717443648,2.82842712474619,0.456805444394614
1592,"-1:-1|-1:2|0:-2|2:-1",4,TRUE,1,1,2,"mixed",1.97158737934317,2.23606797749979,2.5,3,2,1.97792717443648,2,8,1,25,0,TRUE,25,33554432,0,1,25,25,0.833333333333333,2,0.666666666666667,0.166666666666667,0.688332449299089,8.33333333333333,6,10,1.37666489859818,10,10,10,0,8.33333333333333,6,10,1.37666489859818,0,1.97792717443648,2.82842712474619,0.456805444394614
1593,"-2:-1|0:-2|1:-1|2:0",4,TRUE,2,1,1,"mixed",1.91257038496822,2.23606797749979,2.25,3,2,1.89574173292382,1,8,1,25,0,TRUE,25,33554432,0,1,25,25,0.833333333333333,2,0.583333333333333,0.25,0.800640769025436,8.33333333333333,6,10,1.60128153805087,10,10,10,0,8.33333333333333,6,10,1.60128153805087,0,1.89574173292382,2.82842712474619,0.478612905582384
1594,"-1:-1|-1:0|0:2|2:1",4,TRUE,2,1,1,"mixed",1.66257038496822,2.23606797749979,2,3,2,1.94229805746182,3,8,1,25,0,TRUE,25,33554432,0,1,25,25,0.833333333333333,2,0.75,0.0833333333333333,0.553694392684741,8.33333333333333,6,10,1.10738878536948,8,8,8,0,8.33333333333333,6,10,1.10738878536948,0,1.94229805746182,2.82842712474619,0.603212009882676
1595,"-1:-2|-1:0|0:2|2:1",4,TRUE,2,0,2,"mixed",1.86803398874989,2.23606797749979,2.25,3,2,2.04229805746182,3,8,1,25,0,TRUE,25,33554432,0,1,25,25,0.833333333333333,2,0.583333333333333,0.25,0.800640769025436,8.33333333333333,6,10,1.60128153805087,9,8,10,1.01015254455221,8.33333333333333,6,10,1.60128153805087,0,2.04229805746182,2.82842712474619,0.504445398969847
1596,"-2:-1|0:-2|1:0|2:0",4,TRUE,3,0,1,"mixed",1.80901699437495,2.23606797749979,2,3,2,1.91869125971184,2,8,1,25,0,TRUE,25,33554432,0,1,25,25,0.833333333333333,2,0.666666666666667,0.166666666666667,0.688332449299089,8.33333333333333,6,10,1.37666489859818,8,6,10,2.02030508910442,8.33333333333333,6,10,1.37666489859818,0,1.91869125971184,2.82842712474619,0.595001260414515
1597,"-1:-1|0:-2|1:2|2:0",4,TRUE,2,1,1,"mixed",1.91257038496822,2.23606797749979,2.25,3,2,2.0607698869111,2,8,1,25,0,TRUE,25,33554432,0,1,25,25,0.833333333333333,2,0.75,0.0833333333333333,0.553694392684741,8.33333333333333,6,10,1.10738878536948,10,10,10,0,8.33333333333333,6,10,1.10738878536948,0,2.0607698869111,2.82842712474619,0.530437422427522
1598,"-2:-1|0:-2|1:2|2:0",4,TRUE,2,0,2,"mixed",2.11803398874989,2.23606797749979,2.5,3,2,2.14295532842377,3,4,2,25,0,TRUE,25,33554432,0,1,25,25,0.833333333333333,2,0.666666666666667,0.166666666666667,0.688332449299089,8.33333333333333,6,10,1.37666489859818,10,10,10,0,8.33333333333333,6,10,1.37666489859818,0,2.14295532842377,2.82842712474619,0.480442458550402
1599,"-1:-2|-1:0|1:0|2:0",4,TRUE,3,0,1,"mixed",1.55901699437495,2.23606797749979,1.75,3,2,1.88929222269922,2,8,1,21,4,FALSE,21,2097152,4,16,25,25,0.833333333333333,3,0.5,0.166666666666667,1.06897047752888,8.33333333333333,4,10,2.13794095505776,7,4,10,3.03045763365663,8.33333333333333,4,10,2.13794095505776,0.166666666666667,1.88929222269922,2.82842712474619,0.691676624224108
1600,"-1:-1|-1:0|-1:2|1:0",4,TRUE,2,1,1,"mixed",1.41257038496822,2.23606797749979,1.75,3,2,1.77147766421189,2,8,1,21,4,FALSE,21,2097152,4,16,25,25,0.833333333333333,2,0.666666666666667,0.166666666666667,0.688332449299089,8.33333333333333,6,10,1.37666489859818,7,6,8,1.01015254455221,8.33333333333333,6,10,1.37666489859818,0,1.77147766421189,2.82842712474619,0.634093302982384
1601,"-1:-2|-1:0|0:1|1:0",4,TRUE,3,0,1,"mixed",1.30901699437495,2.23606797749979,1.5,3,2,1.7128990204492,2,8,1,25,0,TRUE,25,33554432,0,1,25,25,0.833333333333333,2,0.75,0.0833333333333333,0.553694392684741,8.33333333333333,6,10,1.10738878536948,7,6,8,1.01015254455221,8.33333333333333,6,10,1.10738878536948,0,1.7128990204492,2.82842712474619,0.637684130919746
1602,"-1:-1|-1:0|1:0|1:2",4,TRUE,2,1,1,"mixed",1.41257038496822,2.23606797749979,1.75,3,2,1.85432037668651,2,8,1,25,0,TRUE,25,33554432,0,1,25,25,0.833333333333333,2,0.75,0.0833333333333333,0.553694392684741,8.33333333333333,6,10,1.10738878536948,7,6,8,1.01015254455221,8.33333333333333,6,10,1.10738878536948,0,1.85432037668651,2.82842712474619,0.716081885917476
1603,"-1:-2|-1:0|-1:2|1:0",4,TRUE,2,0,2,"mixed",1.61803398874989,2.23606797749979,2,3,2,1.9128990204492,2,4,2,25,0,TRUE,25,33554432,0,1,25,25,0.833333333333333,2,0.666666666666667,0.166666666666667,0.688332449299089,8.33333333333333,6,10,1.37666489859818,7,6,8,1.01015254455221,8.33333333333333,6,10,1.37666489859818,0,1.9128990204492,2.82842712474619,0.699855014798309
1604,"-1:-2|-1:0|0:2|1:0",4,TRUE,3,0,1,"mixed",1.55901699437495,2.23606797749979,1.75,3,2,1.89508446196187,2,8,1,25,0,TRUE,25,33554432,0,1,25,25,0.833333333333333,2,0.583333333333333,0.25,0.800640769025436,8.33333333333333,6,10,1.60128153805087,8,6,10,2.02030508910442,8.33333333333333,6,10,1.60128153805087,0,1.89508446196187,2.82842712474619,0.585619218368906
1605,"-1:-2|-1:0|1:0|1:2",4,TRUE,2,0,2,"mixed",1.61803398874989,2.23606797749979,2,3,2,2.03650581819918,3,4,2,17,8,FALSE,17,131072,8,256,25,25,0.833333333333333,2,0.5,0.333333333333333,0.899027097085065,8.33333333333333,6,10,1.79805419417013,8,6,10,2.02030508910442,8.33333333333333,6,10,1.79805419417013,0,2.03650581819918,2.82842712474619,0.625960641681523
1606,"-1:-1|-1:0|-1:2|2:0",4,TRUE,2,1,1,"mixed",1.66257038496822,2.23606797749979,2,3,2,1.87147766421189,3,8,1,21,4,FALSE,21,2097152,4,16,25,25,0.833333333333333,2,0.666666666666667,0.166666666666667,0.688332449299089,8.33333333333333,6,10,1.37666489859818,8,8,8,0,8.33333333333333,6,10,1.37666489859818,0,1.87147766421189,2.82842712474619,0.575008552937376
1607,"-1:-2|-1:0|0:1|2:0",4,TRUE,3,0,1,"mixed",1.55901699437495,2.23606797749979,1.75,3,2,1.89508446196187,3,8,1,25,0,TRUE,25,33554432,0,1,25,25,0.833333333333333,2,0.75,0.0833333333333333,0.553694392684741,8.33333333333333,6,10,1.10738878536948,8,8,8,0,8.33333333333333,6,10,1.10738878536948,0,1.89508446196187,2.82842712474619,0.585619218368906
1608,"-1:-1|0:-2|0:1|2:1",4,TRUE,2,1,1,"mixed",1.66257038496822,2.23606797749979,2,3,2,1.99574173292381,2,8,1,25,0,TRUE,25,33554432,0,1,25,25,0.833333333333333,2,0.666666666666667,0.166666666666667,0.688332449299089,8.33333333333333,6,10,1.37666489859818,9,8,10,1.01015254455221,8.33333333333333,6,10,1.37666489859818,0,1.99574173292381,2.82842712474619,0.593497107983451
1609,"-1:-2|-1:0|-1:2|2:0",4,TRUE,2,0,2,"mixed",1.86803398874989,2.23606797749979,2.25,3,2,2.0128990204492,3,4,2,25,0,TRUE,25,33554432,0,1,25,25,0.833333333333333,2,0.666666666666667,0.166666666666667,0.688332449299089,8.33333333333333,6,10,1.37666489859818,8,8,8,0,8.33333333333333,6,10,1.37666489859818,0,2.0128990204492,2.82842712474619,0.622037452851217
1610,"-1:-2|-1:0|0:2|2:0",4,TRUE,3,0,1,"mixed",1.80901699437495,2.23606797749979,2,3,2,2.05432037668651,3,8,1,17,8,FALSE,17,131072,8,256,25,25,0.833333333333333,2,0.5,0.333333333333333,0.899027097085065,8.33333333333333,6,10,1.79805419417013,9,8,10,1.01015254455221,8.33333333333333,6,10,1.79805419417013,0,2.05432037668651,2.82842712474619,0.557542016284786
1611,"-1:-1|-1:0|-1:2|0:-1",4,TRUE,2,1,1,"mixed",1.41257038496822,2.23606797749979,1.75,3,2,1.53005630797458,2,8,1,25,0,TRUE,25,33554432,0,1,25,25,0.833333333333333,2,0.583333333333333,0.25,0.800640769025436,8.33333333333333,6,10,1.60128153805087,6,6,6,0,8.33333333333333,6,10,1.60128153805087,0,1.53005630797458,2.23606797749979,0.536374345259402
1612,"-1:-1|-1:0|-1:2|1:-1",4,TRUE,1,2,1,"mixed",1.51612377556149,2.23606797749979,2,3,2,1.8128990204492,2,8,1,25,0,TRUE,25,33554432,0,1,25,25,0.833333333333333,2,0.75,0.0833333333333333,0.553694392684741,8.33333333333333,6,10,1.10738878536948,8,8,8,0,8.33333333333333,6,10,1.10738878536948,0,1.8128990204492,2.82842712474619,0.590100878056122
1613,"-1:-1|-1:0|-1:2|2:-1",4,TRUE,1,1,2,"mixed",1.72158737934317,2.23606797749979,2.25,3,2,1.89508446196187,3,8,1,25,0,TRUE,25,33554432,0,1,25,25,0.833333333333333,2,0.75,0.0833333333333333,0.553694392684741,8.33333333333333,6,10,1.10738878536948,8,8,8,0,8.33333333333333,6,10,1.10738878536948,0,1.89508446196187,2.82842712474619,0.585619218368906
1614,"-1:-1|-1:0|-1:2|0:-2",4,TRUE,2,1,1,"mixed",1.66257038496822,2.23606797749979,2,3,2,1.67147766421189,1,8,1,21,4,FALSE,21,2097152,4,16,25,25,0.833333333333333,3,0.5,0.25,0.98766077251289,8.33333333333333,4,10,1.97532154502578,8,8,8,0,8.33333333333333,4,10,1.97532154502578,0.0833333333333333,1.67147766421189,2.23606797749979,0.478611902671298
1615,"-1:-1|-1:0|0:1|2:1",4,TRUE,2,1,1,"mixed",1.41257038496822,2.23606797749979,1.75,3,2,1.73650581819918,2,8,1,25,0,TRUE,25,33554432,0,1,25,25,0.833333333333333,2,0.666666666666667,0.166666666666667,0.688332449299089,8.33333333333333,6,10,1.37666489859818,7,6,8,1.01015254455221,8.33333333333333,6,10,1.37666489859818,0,1.73650581819918,2.82842712474619,0.653662793937545
1616,"-1:-2|-1:0|0:1|2:1",4,TRUE,2,0,2,"mixed",1.61803398874989,2.23606797749979,2,3,2,1.91869125971184,3,4,2,21,4,FALSE,21,2097152,4,16,25,25,0.833333333333333,1,0.833333333333333,0,0.373300683394721,8.33333333333333,8,10,0.746601366789441,8,8,8,0,8.33333333333333,8,10,0.746601366789441,0,1.91869125971184,2.82842712474619,0.595001260414515
1617,"-1:-2|-1:0|0:1|0:2",4,TRUE,3,0,1,"mixed",1.55901699437495,2.23606797749979,1.75,3,2,1.65366310572456,1,8,1,25,0,TRUE,25,33554432,0,1,25,25,0.833333333333333,2,0.583333333333333,0.25,0.800640769025436,8.33333333333333,6,10,1.60128153805087,7,6,8,1.01015254455221,8.33333333333333,6,10,1.60128153805087,0,1.65366310572456,2.23606797749979,0.543035023185446
1618,"-1:-1|0:-2|1:0|1:2",4,TRUE,2,1,1,"mixed",1.66257038496822,2.23606797749979,2,3,2,1.87792717443648,1,8,1,25,0,TRUE,25,33554432,0,1,25,25,0.833333333333333,2,0.583333333333333,0.25,0.800640769025436,8.33333333333333,6,10,1.60128153805087,9,8,10,1.01015254455221,8.33333333333333,6,10,1.60128153805087,0,1.87792717443648,2.82842712474619,0.551149835962157
1619,"-1:-1|-1:2|1:0|2:0",4,TRUE,2,1,1,"mixed",1.66257038496822,2.23606797749979,2,3,2,1.97792717443648,2,8,1,25,0,TRUE,25,33554432,0,1,25,25,0.833333333333333,2,0.75,0.0833333333333333,0.553694392684741,8.33333333333333,6,10,1.10738878536948,8,6,10,2.02030508910442,8.33333333333333,6,10,1.10738878536948,0,1.97792717443648,2.82842712474619,0.656424737689541
1620,"-1:-2|0:1|1:0|2:0",4,TRUE,3,0,1,"mixed",1.55901699437495,2.23606797749979,1.75,3,2,1.87792717443648,2,8,1,25,0,TRUE,25,33554432,0,1,25,25,0.833333333333333,2,0.75,0.0833333333333333,0.553694392684741,8.33333333333333,6,10,1.10738878536948,7,6,8,1.01015254455221,8.33333333333333,6,10,1.10738878536948,0,1.87792717443648,2.82842712474619,0.725250552501227
1621,"-1:-1|0:-2|0:-1|2:1",4,TRUE,2,1,1,"mixed",1.66257038496822,2.23606797749979,2,3,2,1.85497764764846,2,8,1,21,4,FALSE,21,2097152,4,16,25,25,0.833333333333333,2,0.666666666666667,0.166666666666667,0.688332449299089,8.33333333333333,6,10,1.37666489859818,7,6,8,1.01015254455221,8.33333333333333,6,10,1.37666489859818,0,1.85497764764846,2.82842712474619,0.788146860767998
1622,"-1:-2|-1:2|1:0|2:0",4,TRUE,2,0,2,"mixed",1.86803398874989,2.23606797749979,2.25,3,2,2.07858444539843,2,4,2,25,0,TRUE,25,33554432,0,1,25,25,0.833333333333333,2,0.583333333333333,0.25,0.800640769025436,8.33333333333333,6,10,1.60128153805087,7,6,8,1.01015254455221,8.33333333333333,6,10,1.60128153805087,0,2.07858444539843,2.82842712474619,0.802417668568409
1623,"-1:-2|0:2|1:0|2:0",4,TRUE,3,0,1,"mixed",1.80901699437495,2.23606797749979,2,3,2,2.03716308916112,2,8,1,25,0,TRUE,25,33554432,0,1,25,25,0.833333333333333,2,0.666666666666667,0.166666666666667,0.688332449299089,8.33333333333333,6,10,1.37666489859818,8,6,10,2.02030508910442,8.33333333333333,6,10,1.37666489859818,0,2.03716308916112,2.82842712474619,0.707080498450027
1624,"-1:-1|-1:0|0:1|2:-1",4,TRUE,2,1,1,"mixed",1.41257038496822,2.23606797749979,1.75,3,2,1.73650581819918,2,8,1,25,0,TRUE,25,33554432,0,1,25,25,0.833333333333333,2,0.666666666666667,0.166666666666667,0.688332449299089,8.33333333333333,6,10,1.37666489859818,7,6,8,1.01015254455221,8.33333333333333,6,10,1.37666489859818,0,1.73650581819918,2.82842712474619,0.653662793937545
1625,"-1:-1|-1:0|1:-1|1:2",4,TRUE,1,2,1,"mixed",1.51612377556149,2.23606797749979,2,3,2,1.89574173292382,2,8,1,21,4,FALSE,21,2097152,4,16,25,25,0.833333333333333,1,0.833333333333333,0,0.373300683394721,8.33333333333333,8,10,0.746601366789441,8,8,8,0,8.33333333333333,8,10,0.746601366789441,0,1.89574173292382,2.82842712474619,0.671783101612592
1626,"-1:-1|-1:2|0:-2|1:0",4,TRUE,2,1,1,"mixed",1.66257038496822,2.23606797749979,2,3,2,1.87792717443648,1,8,1,25,0,TRUE,25,33554432,0,1,25,25,0.833333333333333,2,0.666666666666667,0.166666666666667,0.688332449299089,8.33333333333333,6,10,1.37666489859818,9,8,10,1.01015254455221,8.33333333333333,6,10,1.37666489859818,0,1.87792717443648,2.82842712474619,0.551149835962157
1627,"-1:-1|-1:0|0:-1|1:2",4,TRUE,2,1,1,"mixed",1.41257038496822,2.23606797749979,1.75,3,2,1.69574173292382,2,8,1,25,0,TRUE,25,33554432,0,1,25,25,0.833333333333333,2,0.666666666666667,0.166666666666667,0.688332449299089,8.33333333333333,6,10,1.37666489859818,6,6,6,0,8.33333333333333,6,10,1.37666489859818,0,1.69574173292382,2.82842712474619,0.763369704534177
1628,"-1:-2|0:1|0:2|1:0",4,TRUE,3,0,1,"mixed",1.55901699437495,2.23606797749979,1.75,3,2,1.73650581819918,1,8,1,25,0,TRUE,25,33554432,0,1,25,25,0.833333333333333,2,0.583333333333333,0.25,0.800640769025436,8.33333333333333,6,10,1.60128153805087,7,6,8,1.01015254455221,8.33333333333333,6,10,1.60128153805087,0,1.73650581819918,2.82842712474619,0.653662793937545
1629,"-1:-1|-1:0|0:-2|1:2",4,TRUE,2,1,1,"mixed",1.66257038496822,2.23606797749979,2,3,2,1.83716308916112,1,8,1,25,0,TRUE,25,33554432,0,1,25,25,0.833333333333333,2,0.75,0.0833333333333333,0.553694392684741,8.33333333333333,6,10,1.10738878536948,8,8,8,0,8.33333333333333,6,10,1.10738878536948,0,1.83716308916112,2.82842712474619,0.687048262758847
1630,"-1:-1|-1:0|0:2|2:-1",4,TRUE,2,1,1,"mixed",1.66257038496822,2.23606797749979,2,3,2,1.91869125971184,3,8,1,21,4,FALSE,21,2097152,4,16,25,25,0.833333333333333,1,0.833333333333333,0,0.373300683394721,8.33333333333333,8,10,0.746601366789441,8,8,8,0,8.33333333333333,8,10,0.746601366789441,0,1.91869125971184,2.82842712474619,0.595001260414515
1631,"-1:-1|-1:1|0:-2|2:1",4,TRUE,1,2,1,"mixed",1.76612377556149,2.23606797749979,2.25,3,2,2.03716308916112,2,8,1,25,0,TRUE,25,33554432,0,1,25,25,0.833333333333333,2,0.583333333333333,0.25,0.800640769025436,8.33333333333333,6,10,1.60128153805087,10,10,10,0,8.33333333333333,6,10,1.60128153805087,0,2.03716308916112,2.82842712474619,0.527011014179131
1632,"-1:-1|-1:2|0:-2|2:0",4,TRUE,2,1,1,"mixed",1.91257038496822,2.23606797749979,2.25,3,2,2.03716308916112,2,8,1,25,0,TRUE,25,33554432,0,1,25,25,0.833333333333333,2,0.583333333333333,0.25,0.800640769025436,8.33333333333333,6,10,1.60128153805087,10,10,10,0,8.33333333333333,6,10,1.60128153805087,0,2.03716308916112,2.82842712474619,0.527011014179131
1633,"-1:-1|-1:0|0:-2|2:1",4,TRUE,2,1,1,"mixed",1.66257038496822,2.23606797749979,2,3,2,1.91934853067379,2,8,1,25,0,TRUE,25,33554432,0,1,25,25,0.833333333333333,2,0.75,0.0833333333333333,0.553694392684741,8.33333333333333,6,10,1.10738878536948,8,8,8,0,8.33333333333333,6,10,1.10738878536948,0,1.91934853067379,2.82842712474619,0.679951973631102
1634,"-1:-2|0:1|0:2|2:0",4,TRUE,3,0,1,"mixed",1.80901699437495,2.23606797749979,2,3,2,1.97792717443648,2,8,1,21,4,FALSE,21,2097152,4,16,25,25,0.833333333333333,2,0.666666666666667,0.166666666666667,0.688332449299089,8.33333333333333,6,10,1.37666489859818,8,6,10,2.02030508910442,8.33333333333333,6,10,1.37666489859818,0,1.97792717443648,2.82842712474619,0.656424737689541
1635,"-1:-2|0:2|1:1|2:0",4,TRUE,2,1,1,"mixed",1.91257038496822,2.23606797749979,2.25,3,2,2.03782036012307,1,8,1,21,4,FALSE,21,2097152,4,16,25,25,0.833333333333333,3,0.5,0.166666666666667,1.06897047752888,8.33333333333333,4,10,2.13794095505776,10,10,10,0,8.33333333333333,4,10,2.13794095505776,0.166666666666667,2.03782036012307,2.82842712474619,0.621188985260314
1636,"-1:-1|-1:0|-1:1|2:-1",4,TRUE,1,2,1,"mixed",1.51612377556149,2.23606797749979,2,3,2,1.7128990204492,2,8,1,25,0,TRUE,25,33554432,0,1,25,25,0.833333333333333,2,0.75,0.0833333333333333,0.553694392684741,8.33333333333333,6,10,1.10738878536948,7,6,8,1.01015254455221,8.33333333333333,6,10,1.10738878536948,0,1.7128990204492,2.82842712474619,0.637684130919746
1637,"-1:-1|-1:2|0:-2|0:-1",4,TRUE,2,1,1,"mixed",1.66257038496822,2.23606797749979,2,3,2,1.57147766421189,1,8,1,25,0,TRUE,25,33554432,0,1,25,25,0.833333333333333,2,0.583333333333333,0.25,0.800640769025436,8.33333333333333,6,10,1.60128153805087,7,6,8,1.01015254455221,8.33333333333333,6,10,1.60128153805087,0,1.57147766421189,2.23606797749979,0.506028052453785
1638,"-1:-1|-1:2|0:-2|1:-1",4,TRUE,1,2,1,"mixed",1.76612377556149,2.23606797749979,2.25,3,2,1.81355629141115,1,8,1,21,4,FALSE,21,2097152,4,16,25,25,0.833333333333333,3,0.5,0.25,0.98766077251289,8.33333333333333,4,10,1.97532154502578,10,10,10,0,8.33333333333333,4,10,1.97532154502578,0.0833333333333333,1.81355629141115,2.82842712474619,0.484210213627479
1639,"-1:-1|0:-2|0:-1|1:2",4,TRUE,2,1,1,"mixed",1.66257038496822,2.23606797749979,2,3,2,1.65432037668651,1,8,1,25,0,TRUE,25,33554432,0,1,25,25,0.833333333333333,2,0.666666666666667,0.166666666666667,0.688332449299089,8.33333333333333,6,10,1.37666489859818,7,6,8,1.01015254455221,8.33333333333333,6,10,1.37666489859818,0,1.65432037668651,2.82842712474619,0.63528129489561
1640,"-1:-1|0:-2|0:-1|1:-1",4,TRUE,2,2,0,"mixed",1.45710678118655,2,1.75,2,2,1.36568542494924,1,4,2,17,8,FALSE,17,131072,8,256,25,25,0.833333333333333,2,0.5,0.333333333333333,0.899027097085065,8.33333333333333,6,10,1.79805419417013,6,6,6,0,8.33333333333333,6,10,1.79805419417013,0,1.36568542494924,2,0.387159628406709
1641,"-2:0|-1:-1|-1:0|0:-2",4,TRUE,3,1,0,"mixed",1.60355339059327,2,1.75,2,2,1.63071357893653,1,8,1,21,4,FALSE,21,2097152,4,16,25,25,0.833333333333333,2,0.666666666666667,0.166666666666667,0.688332449299089,8.33333333333333,6,10,1.37666489859818,7,6,8,1.01015254455221,8.33333333333333,6,10,1.37666489859818,0,1.63071357893653,2.82842712474619,0.615334799088201
1642,"-1:-1|-1:0|0:-2|0:-1",4,TRUE,3,1,0,"mixed",1.35355339059327,2,1.5,2,2,1.34787086646191,1,8,1,21,4,FALSE,21,2097152,4,16,25,25,0.833333333333333,3,0.5,0.25,0.98766077251289,8.33333333333333,4,10,1.97532154502578,5,4,6,1.01015254455221,8.33333333333333,4,10,1.97532154502578,0.0833333333333333,1.34787086646191,2.23606797749979,0.451225648580529
1643,"-1:-1|0:-2|0:-1|1:0",4,TRUE,3,1,0,"mixed",1.35355339059327,2,1.5,2,2,1.47147766421189,1,8,1,25,0,TRUE,25,33554432,0,1,25,25,0.833333333333333,2,0.583333333333333,0.25,0.800640769025436,8.33333333333333,6,10,1.60128153805087,6,6,6,0,8.33333333333333,6,10,1.60128153805087,0,1.47147766421189,2.23606797749979,0.510722237756962
1644,"-1:-1|0:-2|0:-1|2:0",4,TRUE,3,1,0,"mixed",1.60355339059327,2,1.75,2,2,1.7128990204492,2,8,1,25,0,TRUE,25,33554432,0,1,25,25,0.833333333333333,2,0.75,0.0833333333333333,0.553694392684741,8.33333333333333,6,10,1.10738878536948,7,6,8,1.01015254455221,8.33333333333333,6,10,1.10738878536948,0,1.7128990204492,2.82842712474619,0.637684130919746
1645,"-1:-1|-1:1|0:-2|0:-1",4,TRUE,2,2,0,"mixed",1.45710678118655,2,1.75,2,2,1.57147766421189,1,8,1,25,0,TRUE,25,33554432,0,1,25,25,0.833333333333333,2,0.583333333333333,0.25,0.800640769025436,8.33333333333333,6,10,1.60128153805087,7,6,8,1.01015254455221,8.33333333333333,6,10,1.60128153805087,0,1.57147766421189,2.23606797749979,0.506028052453785
1646,"-1:-1|0:-2|0:-1|0:1",4,TRUE,3,1,0,"mixed",1.35355339059327,2,1.5,2,2,1.5064495102246,1,8,1,21,4,FALSE,21,2097152,4,16,25,25,0.833333333333333,3,0.5,0.166666666666667,1.06897047752888,8.33333333333333,4,10,2.13794095505776,6,4,8,2.02030508910442,8.33333333333333,4,10,2.13794095505776,0.166666666666667,1.5064495102246,2.23606797749979,0.506194816629229
1647,"-1:-1|0:-2|0:-1|1:1",4,TRUE,2,2,0,"mixed",1.45710678118655,2,1.75,2,2,1.65432037668651,1,8,1,25,0,TRUE,25,33554432,0,1,25,25,0.833333333333333,2,0.666666666666667,0.166666666666667,0.688332449299089,8.33333333333333,6,10,1.37666489859818,7,6,8,1.01015254455221,8.33333333333333,6,10,1.37666489859818,0,1.65432037668651,2.82842712474619,0.63528129489561
1648,"-1:-1|0:-2|0:-1|0:2",4,TRUE,3,1,0,"mixed",1.60355339059327,2,1.75,2,2,1.5064495102246,1,8,1,21,4,FALSE,21,2097152,4,16,25,25,0.833333333333333,3,0.5,0.166666666666667,1.06897047752888,8.33333333333333,4,10,2.13794095505776,6,4,8,2.02030508910442,8.33333333333333,4,10,2.13794095505776,0.166666666666667,1.5064495102246,2.23606797749979,0.506194816629229
1649,"-1:-1|0:-2|1:-1|2:0",4,TRUE,2,2,0,"mixed",1.70710678118655,2,2,2,2,1.81355629141115,1,8,1,21,4,FALSE,21,2097152,4,16,25,25,0.833333333333333,3,0.5,0.25,0.98766077251289,8.33333333333333,4,10,1.97532154502578,10,10,10,0,8.33333333333333,4,10,1.97532154502578,0.0833333333333333,1.81355629141115,2.82842712474619,0.484210213627479
1650,"-1:-1|-1:0|0:-2|1:-1",4,TRUE,2,2,0,"mixed",1.45710678118655,2,1.75,2,2,1.6128990204492,1,8,1,25,0,TRUE,25,33554432,0,1,25,25,0.833333333333333,2,0.666666666666667,0.166666666666667,0.688332449299089,8.33333333333333,6,10,1.37666489859818,8,8,8,0,8.33333333333333,6,10,1.37666489859818,0,1.6128990204492,2.23606797749979,0.469700554530962
1651,"-1:-1|-1:1|0:-2|1:-1",4,TRUE,1,3,0,"mixed",1.56066017177982,2,2,2,2,1.81355629141115,1,8,1,21,4,FALSE,21,2097152,4,16,25,25,0.833333333333333,3,0.5,0.25,0.98766077251289,8.33333333333333,4,10,1.97532154502578,10,10,10,0,8.33333333333333,4,10,1.97532154502578,0.0833333333333333,1.81355629141115,2.82842712474619,0.484210213627479
1652,"-1:-1|0:-2|0:1|1:-1",4,TRUE,2,2,0,"mixed",1.45710678118655,2,1.75,2,2,1.7128990204492,1,4,2,25,0,TRUE,25,33554432,0,1,25,25,0.833333333333333,2,0.583333333333333,0.25,0.800640769025436,8.33333333333333,6,10,1.60128153805087,9,8,10,1.01015254455221,8.33333333333333,6,10,1.60128153805087,0,1.7128990204492,2.23606797749979,0.429440133900699
1653,"-1:-1|0:-2|0:2|1:-1",4,TRUE,2,2,0,"mixed",1.70710678118655,2,2,2,2,1.7128990204492,1,4,2,25,0,TRUE,25,33554432,0,1,25,25,0.833333333333333,2,0.583333333333333,0.25,0.800640769025436,8.33333333333333,6,10,1.60128153805087,9,8,10,1.01015254455221,8.33333333333333,6,10,1.60128153805087,0,1.7128990204492,2.23606797749979,0.429440133900699
1654,"-1:0|0:-2|1:-1|2:0",4,TRUE,3,1,0,"mixed",1.60355339059327,2,1.75,2,2,1.85432037668651,1,8,1,25,0,TRUE,25,33554432,0,1,25,25,0.833333333333333,2,0.666666666666667,0.166666666666667,0.688332449299089,8.33333333333333,6,10,1.37666489859818,9,8,10,1.01015254455221,8.33333333333333,6,10,1.37666489859818,0,1.85432037668651,2.82842712474619,0.539027870445404
1655,"-2:0|-1:-1|0:-2|0:2",4,TRUE,3,1,0,"mixed",1.85355339059327,2,2,2,2,1.91355629141115,1,8,1,21,4,FALSE,21,2097152,4,16,25,25,0.833333333333333,2,0.666666666666667,0.166666666666667,0.688332449299089,8.33333333333333,6,10,1.37666489859818,9,8,10,1.01015254455221,8.33333333333333,6,10,1.37666489859818,0,1.91355629141115,2.82842712474619,0.613099882745982
1656,"-1:-1|0:2|1:1|2:0",4,TRUE,2,2,0,"mixed",1.70710678118655,2,2,2,2,1.97858444539843,1,4,2,25,0,TRUE,25,33554432,0,1,25,25,0.833333333333333,2,0.666666666666667,0.166666666666667,0.688332449299089,8.33333333333333,6,10,1.37666489859818,10,10,10,0,8.33333333333333,6,10,1.37666489859818,0,1.97858444539843,2.82842712474619,0.562932394231188
1657,"-1:-1|-1:0|0:-2|1:0",4,TRUE,3,1,0,"mixed",1.35355339059327,2,1.5,2,2,1.65366310572456,1,8,1,25,0,TRUE,25,33554432,0,1,25,25,0.833333333333333,2,0.75,0.0833333333333333,0.553694392684741,8.33333333333333,6,10,1.10738878536948,7,6,8,1.01015254455221,8.33333333333333,6,10,1.10738878536948,0,1.65366310572456,2.23606797749979,0.543035023185446
1658,"-1:-1|-1:0|0:-2|2:0",4,TRUE,3,1,0,"mixed",1.60355339059327,2,1.75,2,2,1.8128990204492,2,8,1,25,0,TRUE,25,33554432,0,1,25,25,0.833333333333333,2,0.75,0.0833333333333333,0.553694392684741,8.33333333333333,6,10,1.10738878536948,8,8,8,0,8.33333333333333,6,10,1.10738878536948,0,1.8128990204492,2.82842712474619,0.590100878056122
1659,"-1:-1|-1:0|-1:1|0:-2",4,TRUE,2,2,0,"mixed",1.45710678118655,2,1.75,2,2,1.57147766421189,1,8,1,25,0,TRUE,25,33554432,0,1,25,25,0.833333333333333,2,0.583333333333333,0.25,0.800640769025436,8.33333333333333,6,10,1.60128153805087,7,6,8,1.01015254455221,8.33333333333333,6,10,1.60128153805087,0,1.57147766421189,2.23606797749979,0.506028052453785
1660,"-1:-1|-1:0|0:-2|0:1",4,TRUE,3,1,0,"mixed",1.35355339059327,2,1.5,2,2,1.57147766421189,1,8,1,25,0,TRUE,25,33554432,0,1,25,25,0.833333333333333,2,0.583333333333333,0.25,0.800640769025436,8.33333333333333,6,10,1.60128153805087,7,6,8,1.01015254455221,8.33333333333333,6,10,1.60128153805087,0,1.57147766421189,2.23606797749979,0.506028052453785
1661,"-1:-1|-1:0|0:-2|1:1",4,TRUE,2,2,0,"mixed",1.45710678118655,2,1.75,2,2,1.77792717443648,1,8,1,21,4,FALSE,21,2097152,4,16,25,25,0.833333333333333,2,0.666666666666667,0.166666666666667,0.688332449299089,8.33333333333333,6,10,1.37666489859818,8,8,8,0,8.33333333333333,6,10,1.37666489859818,0,1.77792717443648,2.82842712474619,0.613709089969705
1662,"-1:-1|-1:0|0:-2|0:2",4,TRUE,3,1,0,"mixed",1.60355339059327,2,1.75,2,2,1.65366310572456,1,8,1,25,0,TRUE,25,33554432,0,1,25,25,0.833333333333333,2,0.583333333333333,0.25,0.800640769025436,8.33333333333333,6,10,1.60128153805087,7,6,8,1.01015254455221,8.33333333333333,6,10,1.60128153805087,0,1.65366310572456,2.23606797749979,0.543035023185446
1663,"-1:-1|0:-2|1:0|2:0",4,TRUE,3,1,0,"mixed",1.60355339059327,2,1.75,2,2,1.83650581819917,1,8,1,25,0,TRUE,25,33554432,0,1,25,25,0.833333333333333,2,0.75,0.0833333333333333,0.553694392684741,8.33333333333333,6,10,1.10738878536948,8,6,10,2.02030508910442,8.33333333333333,6,10,1.10738878536948,0,1.83650581819917,2.82842712474619,0.602998415071235
1664,"-1:-1|-1:1|0:-2|1:0",4,TRUE,2,2,0,"mixed",1.45710678118655,2,1.75,2,2,1.81869125971184,1,8,1,25,0,TRUE,25,33554432,0,1,25,25,0.833333333333333,2,0.583333333333333,0.25,0.800640769025436,8.33333333333333,6,10,1.60128153805087,9,8,10,1.01015254455221,8.33333333333333,6,10,1.60128153805087,0,1.81869125971184,2.23606797749979,0.46231555102518
1665,"-1:-1|0:-2|0:1|1:0",4,TRUE,3,1,0,"mixed",1.35355339059327,2,1.5,2,2,1.69508446196187,1,8,1,25,0,TRUE,25,33554432,0,1,25,25,0.833333333333333,2,0.583333333333333,0.25,0.800640769025436,8.33333333333333,6,10,1.60128153805087,8,8,8,0,8.33333333333333,6,10,1.60128153805087,0,1.69508446196187,2.23606797749979,0.501872789122517
1666,"-1:-1|-1:0|0:2|1:1",4,TRUE,2,2,0,"mixed",1.45710678118655,2,1.75,2,2,1.77792717443648,1,8,1,25,0,TRUE,25,33554432,0,1,25,25,0.833333333333333,2,0.75,0.0833333333333333,0.553694392684741,8.33333333333333,6,10,1.10738878536948,8,8,8,0,8.33333333333333,6,10,1.10738878536948,0,1.77792717443648,2.82842712474619,0.613709089969705
1667,"-1:-1|0:-2|0:2|1:0",4,TRUE,3,1,0,"mixed",1.60355339059327,2,1.75,2,2,1.77726990347453,1,8,1,25,0,TRUE,25,33554432,0,1,25,25,0.833333333333333,2,0.666666666666667,0.166666666666667,0.688332449299089,8.33333333333333,6,10,1.37666489859818,8,8,8,0,8.33333333333333,6,10,1.37666489859818,0,1.77726990347453,2.23606797749979,0.517807010599742
1668,"-1:-1|-1:1|0:-2|2:0",4,TRUE,2,2,0,"mixed",1.70710678118655,2,2,2,2,1.97792717443648,2,8,1,25,0,TRUE,25,33554432,0,1,25,25,0.833333333333333,2,0.666666666666667,0.166666666666667,0.688332449299089,8.33333333333333,6,10,1.37666489859818,10,10,10,0,8.33333333333333,6,10,1.37666489859818,0,1.97792717443648,2.82842712474619,0.456805444394614
1669,"-1:-1|0:-2|0:1|2:0",4,TRUE,3,1,0,"mixed",1.60355339059327,2,1.75,2,2,1.93650581819917,2,8,1,21,4,FALSE,21,2097152,4,16,25,25,0.833333333333333,2,0.666666666666667,0.166666666666667,0.688332449299089,8.33333333333333,6,10,1.37666489859818,9,8,10,1.01015254455221,8.33333333333333,6,10,1.37666489859818,0,1.93650581819917,2.82842712474619,0.526988526209425
1670,"-1:-1|0:-2|1:1|2:0",4,TRUE,2,2,0,"mixed",1.70710678118655,2,2,2,2,1.97858444539843,1,4,2,25,0,TRUE,25,33554432,0,1,25,25,0.833333333333333,2,0.583333333333333,0.25,0.800640769025436,8.33333333333333,6,10,1.60128153805087,10,10,10,0,8.33333333333333,6,10,1.60128153805087,0,1.97858444539843,2.82842712474619,0.562932394231188
1671,"-1:-1|0:-2|0:2|2:0",4,TRUE,3,1,0,"mixed",1.85355339059327,2,2,2,2,1.99574173292381,2,8,1,25,0,TRUE,25,33554432,0,1,25,25,0.833333333333333,2,0.75,0.0833333333333333,0.553694392684741,8.33333333333333,6,10,1.10738878536948,9,8,10,1.01015254455221,8.33333333333333,6,10,1.10738878536948,0,1.99574173292381,2.82842712474619,0.593497107983451
1672,"-1:-1|-1:0|1:-1|2:0",4,TRUE,2,2,0,"mixed",1.45710678118655,2,1.75,2,2,1.67147766421189,1,8,1,21,4,FALSE,21,2097152,4,16,25,25,0.833333333333333,3,0.5,0.25,0.98766077251289,8.33333333333333,4,10,1.97532154502578,8,8,8,0,8.33333333333333,4,10,1.97532154502578,0.0833333333333333,1.67147766421189,2.23606797749979,0.478611902671298
1673,"-1:-1|-1:1|0:-2|1:1",4,TRUE,1,3,0,"mixed",1.56066017177982,2,2,2,2,1.89574173292382,1,8,1,25,0,TRUE,25,33554432,0,1,25,25,0.833333333333333,2,0.583333333333333,0.25,0.800640769025436,8.33333333333333,6,10,1.60128153805087,10,10,10,0,8.33333333333333,6,10,1.60128153805087,0,1.89574173292382,2.82842712474619,0.478612905582384
1674,"-1:-1|-1:1|0:-2|0:2",4,TRUE,2,2,0,"mixed",1.70710678118655,2,2,2,2,1.7128990204492,1,4,2,21,4,FALSE,21,2097152,4,16,25,25,0.833333333333333,3,0.5,0.25,0.98766077251289,8.33333333333333,4,10,1.97532154502578,9,8,10,1.01015254455221,8.33333333333333,4,10,1.97532154502578,0.0833333333333333,1.7128990204492,2.23606797749979,0.429440133900699
1675,"-1:-1|-1:0|1:1|2:0",4,TRUE,2,2,0,"mixed",1.45710678118655,2,1.75,2,2,1.75432037668651,1,8,1,25,0,TRUE,25,33554432,0,1,25,25,0.833333333333333,2,0.666666666666667,0.166666666666667,0.688332449299089,8.33333333333333,6,10,1.37666489859818,8,8,8,0,8.33333333333333,6,10,1.37666489859818,0,1.75432037668651,2.82842712474619,0.598479569819794
1676,"-1:-1|0:-2|0:1|0:2",4,TRUE,3,1,0,"mixed",1.60355339059327,2,1.75,2,2,1.63005630797458,1,8,1,21,4,FALSE,21,2097152,4,16,25,25,0.833333333333333,3,0.5,0.166666666666667,1.06897047752888,8.33333333333333,4,10,2.13794095505776,7,4,10,3.03045763365663,8.33333333333333,4,10,2.13794095505776,0.166666666666667,1.63005630797458,2.23606797749979,0.519525887315959
1677,"-1:-1|0:-2|0:2|1:1",4,TRUE,2,2,0,"mixed",1.70710678118655,2,2,2,2,1.79574173292382,1,4,2,17,8,FALSE,17,131072,8,256,25,25,0.833333333333333,2,0.5,0.333333333333333,0.899027097085065,8.33333333333333,6,10,1.79805419417013,9,8,10,1.01015254455221,8.33333333333333,6,10,1.79805419417013,0,1.79574173292382,2.82842712474619,0.553083908277311
1678,"-2:0|-1:0|0:-2|0:-1",4,TRUE,4,0,0,"axis_only",1.5,2,1.5,2,2,1.67147766421189,1,4,2,21,4,FALSE,21,2097152,4,16,25,25,0.833333333333333,2,0.666666666666667,0.166666666666667,0.688332449299089,8.33333333333333,6,10,1.37666489859818,6,6,6,0,8.33333333333333,6,10,1.37666489859818,0,1.67147766421189,2.82842712474619,0.671782387087413
1679,"-1:0|0:-2|0:-1|2:0",4,TRUE,4,0,0,"axis_only",1.5,2,1.5,2,2,1.77147766421189,2,8,1,21,4,FALSE,21,2097152,4,16,25,25,0.833333333333333,2,0.666666666666667,0.166666666666667,0.688332449299089,8.33333333333333,6,10,1.37666489859818,7,6,8,1.01015254455221,8.33333333333333,6,10,1.37666489859818,0,1.77147766421189,2.82842712474619,0.634093302982384
1680,"-2:0|-1:0|0:-2|0:2",4,TRUE,4,0,0,"axis_only",1.75,2,1.75,2,2,1.9128990204492,2,4,2,25,0,TRUE,25,33554432,0,1,25,25,0.833333333333333,2,0.666666666666667,0.166666666666667,0.688332449299089,8.33333333333333,6,10,1.37666489859818,7,6,8,1.01015254455221,8.33333333333333,6,10,1.37666489859818,0,1.9128990204492,2.82842712474619,0.699855014798309
1681,"-1:0|0:-2|1:0|2:0",4,TRUE,4,0,0,"axis_only",1.5,2,1.5,2,2,1.83005630797458,2,8,1,21,4,FALSE,21,2097152,4,16,25,25,0.833333333333333,3,0.5,0.166666666666667,1.06897047752888,8.33333333333333,4,10,2.13794095505776,7,4,10,3.03045763365663,8.33333333333333,4,10,2.13794095505776,0.166666666666667,1.83005630797458,2.82842712474619,0.624405414634559
1682,"-1:-1|0:1|0:2|2:0",4,TRUE,3,1,0,"mixed",1.60355339059327,2,1.75,2,2,1.91869125971184,2,8,1,25,0,TRUE,25,33554432,0,1,25,25,0.833333333333333,2,0.666666666666667,0.166666666666667,0.688332449299089,8.33333333333333,6,10,1.37666489859818,8,6,10,2.02030508910442,8.33333333333333,6,10,1.37666489859818,0,1.91869125971184,2.82842712474619,0.595001260414515
1683,"-2:0|-1:0|0:-2|2:0",4,TRUE,4,0,0,"axis_only",1.75,2,1.75,2,2,1.88929222269922,2,8,1,21,4,FALSE,21,2097152,4,16,25,25,0.833333333333333,3,0.5,0.166666666666667,1.06897047752888,8.33333333333333,4,10,2.13794095505776,7,4,10,3.03045763365663,8.33333333333333,4,10,2.13794095505776,0.166666666666667,1.88929222269922,2.82842712474619,0.691676624224108
1684,"-1:0|0:-2|0:-1|1:0",4,TRUE,4,0,0,"axis_only",1.25,2,1.25,2,2,1.53005630797458,1,4,2,25,0,TRUE,25,33554432,0,1,25,25,0.833333333333333,2,0.666666666666667,0.166666666666667,0.688332449299089,8.33333333333333,6,10,1.37666489859818,6,6,6,0,8.33333333333333,6,10,1.37666489859818,0,1.53005630797458,2.23606797749979,0.536374345259402
1685,"-1:-1|-1:0|0:1|0:2",4,TRUE,3,1,0,"mixed",1.35355339059327,2,1.5,2,2,1.55366310572456,1,8,1,21,4,FALSE,21,2097152,4,16,25,25,0.833333333333333,3,0.5,0.25,0.98766077251289,8.33333333333333,4,10,1.97532154502578,6,4,8,2.02030508910442,8.33333333333333,4,10,1.97532154502578,0.0833333333333333,1.55366310572456,2.23606797749979,0.563846860523836
1686,"-1:0|0:-1|0:1|0:2",4,TRUE,4,0,0,"axis_only",1.25,2,1.25,2,2,1.5064495102246,1,8,1,21,4,FALSE,21,2097152,4,16,25,25,0.833333333333333,3,0.5,0.166666666666667,1.06897047752888,8.33333333333333,4,10,2.13794095505776,6,4,8,2.02030508910442,8.33333333333333,4,10,2.13794095505776,0.166666666666667,1.5064495102246,2.23606797749979,0.506194816629229
1687,"-1:-1|0:1|0:2|1:0",4,TRUE,3,1,0,"mixed",1.35355339059327,2,1.5,2,2,1.67726990347453,1,8,1,25,0,TRUE,25,33554432,0,1,25,25,0.833333333333333,2,0.666666666666667,0.166666666666667,0.688332449299089,8.33333333333333,6,10,1.37666489859818,7,6,8,1.01015254455221,8.33333333333333,6,10,1.37666489859818,0,1.67726990347453,2.23606797749979,0.564471897635819
1688,"-1:0|0:-2|0:-1|0:2",4,TRUE,4,0,0,"axis_only",1.5,2,1.5,2,2,1.58863495173727,1,8,1,21,4,FALSE,21,2097152,4,16,25,25,0.833333333333333,3,0.5,0.166666666666667,1.06897047752888,8.33333333333333,4,10,2.13794095505776,6,4,8,2.02030508910442,8.33333333333333,4,10,2.13794095505776,0.166666666666667,1.58863495173727,2.23606797749979,0.554014630892572
1689,"-1:-1|-1:0|1:0|2:0",4,TRUE,3,1,0,"mixed",1.35355339059327,2,1.5,2,2,1.58863495173727,1,8,1,21,4,FALSE,21,2097152,4,16,25,25,0.833333333333333,3,0.5,0.166666666666667,1.06897047752888,8.33333333333333,4,10,2.13794095505776,6,4,8,2.02030508910442,8.33333333333333,4,10,2.13794095505776,0.166666666666667,1.58863495173727,2.23606797749979,0.554014630892572
1690,"-1:-1|-1:1|1:0|2:0",4,TRUE,2,2,0,"mixed",1.45710678118655,2,1.75,2,2,1.77726990347453,1,4,2,25,0,TRUE,25,33554432,0,1,25,25,0.833333333333333,2,0.583333333333333,0.25,0.800640769025436,8.33333333333333,6,10,1.60128153805087,8,6,10,2.02030508910442,8.33333333333333,6,10,1.60128153805087,0,1.77726990347453,2.23606797749979,0.517807010599742
1691,"-2:0|-1:0|1:0|2:0",4,TRUE,4,0,0,"axis_only",1.5,2,1.5,2,2,1.5,1,2,4,5,20,FALSE,5,32,20,1048576,5,5,0.833333333333333,5,0.166666666666667,0.166666666666667,1.8665034169736,8.33333333333333,0,10,3.73300683394721,5,0,10,5.05076272276105,8.33333333333333,0,10,3.73300683394721,0.166666666666667,1.5,2,0.52704627669473
1692,"-1:0|0:-1|0:2|2:0",4,TRUE,4,0,0,"axis_only",1.5,2,1.5,2,2,1.87147766421189,3,4,2,21,4,FALSE,21,2097152,4,16,25,25,0.833333333333333,2,0.666666666666667,0.166666666666667,0.688332449299089,8.33333333333333,6,10,1.37666489859818,8,8,8,0,8.33333333333333,6,10,1.37666489859818,0,1.87147766421189,2.82842712474619,0.575008552937376
1693,"-1:-1|-1:0|0:2|2:0",4,TRUE,3,1,0,"mixed",1.60355339059327,2,1.75,2,2,1.89508446196187,3,8,1,25,0,TRUE,25,33554432,0,1,25,25,0.833333333333333,2,0.75,0.0833333333333333,0.553694392684741,8.33333333333333,6,10,1.10738878536948,8,8,8,0,8.33333333333333,6,10,1.10738878536948,0,1.89508446196187,2.82842712474619,0.585619218368906
1694,"-1:0|0:-2|0:2|2:0",4,TRUE,4,0,0,"axis_only",1.75,2,1.75,2,2,2.0128990204492,3,4,2,25,0,TRUE,25,33554432,0,1,25,25,0.833333333333333,2,0.666666666666667,0.166666666666667,0.688332449299089,8.33333333333333,6,10,1.37666489859818,8,8,8,0,8.33333333333333,6,10,1.37666489859818,0,2.0128990204492,2.82842712474619,0.622037452851217
1695,"-2:0|0:-2|0:2|2:0",4,TRUE,4,0,0,"axis_only",2,2,2,2,2,2.13137084989848,3,1,8,17,8,FALSE,17,131072,8,256,25,25,0.833333333333333,2,0.5,0.333333333333333,0.899027097085065,8.33333333333333,6,10,1.79805419417013,8,8,8,0,8.33333333333333,6,10,1.79805419417013,0,2.13137084989848,2.82842712474619,0.712786628664839
1696,"-1:-1|-1:0|0:2|1:0",4,TRUE,3,1,0,"mixed",1.35355339059327,2,1.5,2,2,1.73584854723723,2,8,1,21,4,FALSE,21,2097152,4,16,25,25,0.833333333333333,2,0.666666666666667,0.166666666666667,0.688332449299089,8.33333333333333,6,10,1.37666489859818,7,6,8,1.01015254455221,8.33333333333333,6,10,1.37666489859818,0,1.73584854723723,2.23606797749979,0.564535030951642
1697,"-1:0|0:-1|0:1|2:0",4,TRUE,4,0,0,"axis_only",1.25,2,1.25,2,2,1.63005630797458,2,4,2,25,0,TRUE,25,33554432,0,1,25,25,0.833333333333333,2,0.666666666666667,0.166666666666667,0.688332449299089,8.33333333333333,6,10,1.37666489859818,7,6,8,1.01015254455221,8.33333333333333,6,10,1.37666489859818,0,1.63005630797458,2.23606797749979,0.519525887315959
1698,"-1:0|0:-2|0:2|1:0",4,TRUE,4,0,0,"axis_only",1.5,2,1.5,2,2,1.79442719099992,2,2,4,17,8,FALSE,17,131072,8,256,25,25,0.833333333333333,2,0.5,0.333333333333333,0.899027097085065,8.33333333333333,6,10,1.79805419417013,7,6,8,1.01015254455221,8.33333333333333,6,10,1.79805419417013,0,1.79442719099992,2.23606797749979,0.557804282880804
1699,"-1:-1|-1:0|0:-1|0:2",4,TRUE,3,1,0,"mixed",1.35355339059327,2,1.5,2,2,1.53005630797458,2,8,1,25,0,TRUE,25,33554432,0,1,25,25,0.833333333333333,2,0.583333333333333,0.25,0.800640769025436,8.33333333333333,6,10,1.60128153805087,6,6,6,0,8.33333333333333,6,10,1.60128153805087,0,1.53005630797458,2.23606797749979,0.536374345259402
1700,"-1:-1|-1:0|0:2|1:-1",4,TRUE,2,2,0,"mixed",1.45710678118655,2,1.75,2,2,1.77726990347453,2,8,1,25,0,TRUE,25,33554432,0,1,25,25,0.833333333333333,2,0.75,0.0833333333333333,0.553694392684741,8.33333333333333,6,10,1.10738878536948,8,8,8,0,8.33333333333333,6,10,1.10738878536948,0,1.77726990347453,2.23606797749979,0.517807010599742
1701,"-1:-1|-1:0|0:1|2:0",4,TRUE,3,1,0,"mixed",1.35355339059327,2,1.5,2,2,1.65366310572456,2,8,1,17,8,FALSE,17,131072,8,256,25,25,0.833333333333333,2,0.5,0.333333333333333,0.899027097085065,8.33333333333333,6,10,1.79805419417013,7,6,8,1.01015254455221,8.33333333333333,6,10,1.79805419417013,0,1.65366310572456,2.23606797749979,0.543035023185446
1702,"-1:-1|-1:0|-1:1|2:0",4,TRUE,2,2,0,"mixed",1.45710678118655,2,1.75,2,2,1.63005630797458,2,4,2,25,0,TRUE,25,33554432,0,1,25,25,0.833333333333333,2,0.666666666666667,0.166666666666667,0.688332449299089,8.33333333333333,6,10,1.37666489859818,7,6,8,1.01015254455221,8.33333333333333,6,10,1.37666489859818,0,1.63005630797458,2.23606797749979,0.519525887315959
1703,"-1:-1|-1:0|-1:1|0:-1",4,TRUE,2,2,0,"mixed",1.20710678118655,1.4142135623731,1.5,2,1,1.34787086646191,1,8,1,21,4,FALSE,21,2097152,4,16,25,25,0.833333333333333,3,0.5,0.25,0.98766077251289,8.33333333333333,4,10,1.97532154502578,5,4,6,1.01015254455221,8.33333333333333,4,10,1.97532154502578,0.0833333333333333,1.34787086646191,2.23606797749979,0.451225648580529
1704,"-1:-1|-1:0|-1:1|1:-1",4,TRUE,1,3,0,"mixed",1.31066017177982,1.4142135623731,1.75,2,1,1.63071357893653,1,8,1,21,4,FALSE,21,2097152,4,16,25,25,0.833333333333333,2,0.666666666666667,0.166666666666667,0.688332449299089,8.33333333333333,6,10,1.37666489859818,7,6,8,1.01015254455221,8.33333333333333,6,10,1.37666489859818,0,1.63071357893653,2.82842712474619,0.615334799088201
1705,"-1:-1|-1:0|-1:1|1:0",4,TRUE,2,2,0,"mixed",1.20710678118655,1.4142135623731,1.5,2,1,1.53005630797458,1,4,2,25,0,TRUE,25,33554432,0,1,25,25,0.833333333333333,2,0.666666666666667,0.166666666666667,0.688332449299089,8.33333333333333,6,10,1.37666489859818,6,6,6,0,8.33333333333333,6,10,1.37666489859818,0,1.53005630797458,2.23606797749979,0.536374345259402
1706,"-1:-1|-1:0|0:-1|0:1",4,TRUE,3,1,0,"mixed",1.10355339059327,1.4142135623731,1.25,2,1,1.34787086646191,1,8,1,21,4,FALSE,21,2097152,4,16,25,25,0.833333333333333,3,0.5,0.25,0.98766077251289,8.33333333333333,4,10,1.97532154502578,5,4,6,1.01015254455221,8.33333333333333,4,10,1.97532154502578,0.0833333333333333,1.34787086646191,2.23606797749979,0.451225648580529
1707,"-1:-1|-1:0|0:-1|1:1",4,TRUE,2,2,0,"mixed",1.20710678118655,1.4142135623731,1.5,2,1,1.55432037668651,1,4,2,25,0,TRUE,25,33554432,0,1,25,25,0.833333333333333,2,0.583333333333333,0.25,0.800640769025436,8.33333333333333,6,10,1.60128153805087,6,6,6,0,8.33333333333333,6,10,1.60128153805087,0,1.55432037668651,2.82842712474619,0.653272247669054
1708,"-1:-1|-1:0|0:1|1:-1",4,TRUE,2,2,0,"mixed",1.20710678118655,1.4142135623731,1.5,2,1,1.59508446196187,1,8,1,25,0,TRUE,25,33554432,0,1,25,25,0.833333333333333,2,0.666666666666667,0.166666666666667,0.688332449299089,8.33333333333333,6,10,1.37666489859818,7,6,8,1.01015254455221,8.33333333333333,6,10,1.37666489859818,0,1.59508446196187,2.23606797749979,0.533026535932964
1709,"-1:-1|-1:0|0:1|1:0",4,TRUE,3,1,0,"mixed",1.10355339059327,1.4142135623731,1.25,2,1,1.47147766421189,1,8,1,25,0,TRUE,25,33554432,0,1,25,25,0.833333333333333,2,0.583333333333333,0.25,0.800640769025436,8.33333333333333,6,10,1.60128153805087,6,6,6,0,8.33333333333333,6,10,1.60128153805087,0,1.47147766421189,2.23606797749979,0.510722237756962
1710,"-1:-1|-1:0|0:1|1:1",4,TRUE,2,2,0,"mixed",1.20710678118655,1.4142135623731,1.5,2,1,1.55432037668651,1,4,2,21,4,FALSE,21,2097152,4,16,25,25,0.833333333333333,3,0.5,0.25,0.98766077251289,8.33333333333333,4,10,1.97532154502578,6,6,6,0,8.33333333333333,4,10,1.97532154502578,0.0833333333333333,1.55432037668651,2.82842712474619,0.653272247669054
1711,"-1:-1|-1:0|1:-1|1:0",4,TRUE,2,2,0,"mixed",1.20710678118655,1.4142135623731,1.5,2,1,1.53005630797458,1,4,2,25,0,TRUE,25,33554432,0,1,25,25,0.833333333333333,2,0.583333333333333,0.25,0.800640769025436,8.33333333333333,6,10,1.60128153805087,6,6,6,0,8.33333333333333,6,10,1.60128153805087,0,1.53005630797458,2.23606797749979,0.536374345259402
1712,"-1:-1|-1:0|1:-1|1:1",4,TRUE,1,3,0,"mixed",1.31066017177982,1.4142135623731,1.75,2,1,1.75432037668651,1,8,1,25,0,TRUE,25,33554432,0,1,25,25,0.833333333333333,2,0.75,0.0833333333333333,0.553694392684741,8.33333333333333,6,10,1.10738878536948,8,8,8,0,8.33333333333333,6,10,1.10738878536948,0,1.75432037668651,2.82842712474619,0.598479569819794
1713,"-1:-1|-1:0|1:0|1:1",4,TRUE,2,2,0,"mixed",1.20710678118655,1.4142135623731,1.5,2,1,1.6128990204492,1,4,2,17,8,FALSE,17,131072,8,256,25,25,0.833333333333333,2,0.5,0.333333333333333,0.899027097085065,8.33333333333333,6,10,1.79805419417013,6,6,6,0,8.33333333333333,6,10,1.79805419417013,0,1.6128990204492,2.82842712474619,0.665462871352652
1714,"-1:-1|-1:1|1:-1|1:1",4,TRUE,0,4,0,"diagonal_only",1.4142135623731,1.4142135623731,2,2,1,1.93137084989848,1,1,8,17,8,FALSE,17,131072,8,256,25,25,0.833333333333333,2,0.5,0.333333333333333,0.899027097085065,8.33333333333333,6,10,1.79805419417013,10,10,10,0,8.33333333333333,6,10,1.79805419417013,0,1.93137084989848,2.82842712474619,0.547526397296096
1715,"-1:0|0:-1|0:1|1:0",4,TRUE,4,0,0,"axis_only",1,1,1,1,1,1.36568542494924,1,1,8,17,8,FALSE,17,131072,8,256,25,25,0.833333333333333,2,0.5,0.333333333333333,0.899027097085065,8.33333333333333,6,10,1.79805419417013,6,6,6,0,8.33333333333333,6,10,1.79805419417013,0,1.36568542494924,2,0.387159628406709
