"family_id","canonical_key","n_flippers","valid","n_axis","n_diagonal","n_oblique","geometry_class","mean_distance_from_s","max_distance_from_s","mean_manhattan_from_s","max_manhattan_from_s","max_chebyshev_from_s","mean_pairwise_distance","adjacent_components","n_orientations","symmetry_count","gf2_rank","nullity","full_rank","reachable_states_log2","reachable_states","solutions_per_reachable_log2","solutions_per_reachable","distinct_move_rows","distinct_move_columns","mean_move_overlap","max_move_overlap","prop_moves_overlap","prop_overlap_2plus","sd_move_overlap","mean_move_hamming","min_move_hamming","max_move_hamming","sd_move_hamming","mean_local_hamming","min_local_hamming","max_local_hamming","sd_local_hamming","mean_pair_effect","min_pair_effect","max_pair_effect","sd_pair_effect","prop_pair_effect_small","effect_mean_pair_distance","effect_max_pair_distance","effect_sd_pair_distance","comparison_group","z_spatial_dispersion","z_local_change","z_overlap_variability","z_asymmetry","z_components","structural_difficulty_score","difficulty_percentile","difficulty_rank_within_group","difficulty_band","sf_width","sf_height","sf_area","visual_max_chebyshev","visual_max_manhattan","visual_width","visual_height","visual_area","connector_cells","visible_flippers","visible_start_cells","total_visible_cells","visual_density","f_on_s","duplicate_wrapped_f","valid_for_game","visual_complexity_score","elegance_score"
47,"-1:-1|1:1",2,TRUE,0,2,0,"diagonal_only",1.4142135623731,1.4142135623731,2,2,1,1.88561808316413,1,2,4,25,0,TRUE,25,33554432,0,1,25,25,0.25,2,0.166666666666667,0.0833333333333333,0.596113387342175,5.5,2,6,1.19222677468435,6,6,6,0,5.5,2,6,1.19222677468435,0.166666666666667,1.88561808316413,2.82842712474619,0.816496580927726,"F2_R25",-0.155592441927251,0.786850975951619,1.8228349548786,-1.88586848033368,-1.39805059083906,-0.829825582269777,0.348837209302326,29,"easy",3,3,9,1,2,3,3,9,0,2,1,3,0.333333333333333,FALSE,FALSE,TRUE,-13.7438504535631,12.9140248712933
46,"-1:-1|0:1",2,TRUE,1,1,0,"mixed",1.20710678118655,1.4142135623731,1.5,2,1,1.5500938466243,1,8,1,25,0,TRUE,25,33554432,0,1,25,25,0.25,1,0.25,0,0.43373619897468,5.5,4,6,0.86747239794936,5,4,6,1.01015254455221,5.5,4,6,0.86747239794936,0.25,1.5500938466243,2.23606797749979,0.629137186936399,"F2_R25",-1.12318475474222,-0.718429151955826,-0.536127927905471,0.762372364390212,-1.39805059083906,-3.01342006105237,0.13953488372093,37,"very_easy",3,2,6,1,2,3,2,6,0,2,1,3,0.5,FALSE,FALSE,TRUE,-14.3379976181812,11.3245775571289
45,"-1:-1|-1:1",2,TRUE,0,2,0,"diagonal_only",1.4142135623731,1.4142135623731,2,2,1,1.60947570824873,1,4,2,25,0,TRUE,25,33554432,0,1,25,25,0.25,1,0.25,0,0.43373619897468,5.5,4,6,0.86747239794936,6,6,6,0,5.5,4,6,0.86747239794936,0.25,1.60947570824873,2,0.338203957451525,"F2_R25",-0.951938011374324,0.786850975951619,-0.536127927905471,-1.00312153209238,-1.39805059083906,-3.10238708625962,0.0930232558139535,40,"very_easy",3,2,6,1,2,3,2,6,0,2,1,3,0.5,FALSE,FALSE,TRUE,-14.3379976181812,11.2356105319216
49,"-1:0|1:0",2,TRUE,2,0,0,"axis_only",1,1,1,1,1,1.33333333333333,1,2,4,25,0,TRUE,25,33554432,0,1,25,25,0.25,2,0.166666666666667,0.0833333333333333,0.596113387342175,5.5,2,6,1.19222677468435,4,2,6,2.02030508910442,5.5,2,6,1.19222677468435,0.166666666666667,1.33333333333333,2,0.577350269189626,"F2_R25",-1.7482835808214,-2.22370927986327,1.8228349548786,-1.88586848033368,-1.39805059083906,-5.43307697697881,0.0465116279069767,42,"very_easy",1,3,3,1,1,1,3,3,0,2,1,3,1,FALSE,FALSE,TRUE,-14.9321447827993,9.49906780582053
44,"-1:-1|-1:0",2,TRUE,1,1,0,"mixed",1.20710678118655,1.4142135623731,1.5,2,1,1.1380711874577,1,8,1,25,0,TRUE,25,33554432,0,1,25,25,0.25,1,0.25,0,0.43373619897468,5.5,4,6,0.86747239794936,4,4,4,0,5.5,4,6,0.86747239794936,0.25,1.1380711874577,1.4142135623731,0.2391463117381,"F2_R25",-2.31138493314528,-2.22370927986327,-0.536127927905471,0.762372364390212,-1.39805059083906,-5.70690036736288,0.0232558139534884,43,"very_easy",2,2,4,1,2,2,2,4,0,2,1,3,0.75,FALSE,FALSE,TRUE,-14.7340957279266,9.02719536056375
1712,"-1:-1|-1:0|1:-1|1:1",4,TRUE,1,3,0,"mixed",1.31066017177982,1.4142135623731,1.75,2,1,1.75432037668651,1,8,1,25,0,TRUE,25,33554432,0,1,25,25,0.833333333333333,2,0.75,0.0833333333333333,0.553694392684741,8.33333333333333,6,10,1.10738878536948,8,8,8,0,8.33333333333333,6,10,1.10738878536948,0,1.75432037668651,2.82842712474619,0.598479569819794,"F4_R25",-1.26794386844006,-0.342004264885899,-1.2876990647278,0.271391979495859,-1.3423754352168,-3.9686306537747,0.0730397422126745,862,"very_easy",3,3,9,1,2,3,3,9,0,4,1,5,0.555555555555556,FALSE,FALSE,TRUE,-12.1166906414477,8.14805998767302
25,"-1:-2|2:-1",2,TRUE,0,0,2,"off_axis",2.23606797749979,2.23606797749979,3,3,2,2.23606797749979,3,8,1,25,0,TRUE,25,33554432,0,1,25,25,0.25,2,0.166666666666667,0.0833333333333333,0.596113387342175,5.5,2,6,1.19222677468435,6,6,6,0,5.5,2,6,1.19222677468435,0.166666666666667,2.23606797749979,2.23606797749979,0,"F2_R25",0.855042817340374,0.786850975951619,1.8228349548786,0.762372364390212,1.39805059083906,5.62515170339987,1,1,"very_hard",3,4,12,2,3,3,4,12,2,2,1,5,0.416666666666667,FALSE,FALSE,TRUE,-2.08361522728611,7.70876693068598
1708,"-1:-1|-1:0|0:1|1:-1",4,TRUE,2,2,0,"mixed",1.20710678118655,1.4142135623731,1.5,2,1,1.59508446196187,1,8,1,25,0,TRUE,25,33554432,0,1,25,25,0.833333333333333,2,0.666666666666667,0.166666666666667,0.688332449299089,8.33333333333333,6,10,1.37666489859818,7,6,8,1.01015254455221,8.33333333333333,6,10,1.37666489859818,0,1.59508446196187,2.23606797749979,0.533026535932964,"F4_R25",-2.29321739484715,-1.39051734012819,0.0523490600394965,0.271391979495859,-1.3423754352168,-4.70236913065679,0.041890440386681,891,"very_easy",3,3,9,1,2,3,3,9,0,4,1,5,0.555555555555556,FALSE,FALSE,TRUE,-12.1166906414477,7.41432151079093
48,"-1:0|0:-1",2,TRUE,2,0,0,"axis_only",1,1,1,1,1,1.1380711874577,1,4,2,25,0,TRUE,25,33554432,0,1,25,25,0.25,1,0.25,0,0.43373619897468,5.5,4,6,0.86747239794936,4,4,4,0,5.5,4,6,0.86747239794936,0.25,1.1380711874577,1.4142135623731,0.2391463117381,"F2_R25",-2.31138493314528,-2.22370927986327,-0.536127927905471,-1.00312153209238,-1.39805059083906,-7.47239426384547,0,44,"very_easy",2,2,4,1,1,2,2,4,0,2,1,3,0.75,FALSE,FALSE,TRUE,-14.7340957279266,7.26170146408116
1709,"-1:-1|-1:0|0:1|1:0",4,TRUE,3,1,0,"mixed",1.10355339059327,1.4142135623731,1.25,2,1,1.47147766421189,1,8,1,25,0,TRUE,25,33554432,0,1,25,25,0.833333333333333,2,0.583333333333333,0.25,0.800640769025436,8.33333333333333,6,10,1.60128153805087,6,6,6,0,8.33333333333333,6,10,1.60128153805087,0,1.47147766421189,2.23606797749979,0.510722237756962,"F4_R25",-3.08908544783105,-2.43903041537049,1.17015005204386,0.271391979495859,-1.3423754352168,-5.42894926687862,0.0268528464017186,905,"very_easy",3,3,9,1,2,3,3,9,0,4,1,5,0.555555555555556,FALSE,FALSE,TRUE,-12.1166906414477,6.6877413745691
10,"-2:-2|-1:-1",2,TRUE,0,2,0,"diagonal_only",2.12132034355964,2.82842712474619,3,4,2,1.88561808316413,1,4,2,25,0,TRUE,25,33554432,0,1,25,25,0.25,2,0.166666666666667,0.0833333333333333,0.596113387342175,5.5,2,6,1.19222677468435,6,6,6,0,5.5,2,6,1.19222677468435,0.166666666666667,1.88561808316413,2.82842712474619,0.816496580927726,"F2_R25",-0.155592441927251,0.786850975951619,1.8228349548786,-1.00312153209238,-1.39805059083906,0.0529213659715211,0.511627906976744,22,"medium",3,3,9,2,4,3,3,9,0,2,1,3,0.333333333333333,FALSE,FALSE,TRUE,-6.23997563401247,6.29289699998399
7,"-2:-2|-2:0",2,TRUE,1,1,0,"mixed",2.41421356237309,2.82842712474619,3,4,2,2.2761423749154,3,8,1,25,0,TRUE,25,33554432,0,1,25,25,0.25,1,0.25,0,0.43373619897468,5.5,4,6,0.86747239794936,6,6,6,0,5.5,4,6,0.86747239794936,0.25,2.2761423749154,2.82842712474619,0.478292623476201,"F2_R25",0.970610262720523,0.786850975951619,-0.536127927905471,0.762372364390212,1.39805059083906,3.38175626599595,0.86046511627907,7,"very_hard",3,3,9,2,4,3,3,9,2,2,1,5,0.555555555555556,FALSE,FALSE,TRUE,-2.67776239190423,6.05951865790017
16,"-1:-1|2:2",2,TRUE,0,2,0,"diagonal_only",2.12132034355964,2.82842712474619,3,4,2,2.35702260395516,2,4,2,25,0,TRUE,25,33554432,0,1,25,25,0.25,2,0.166666666666667,0.0833333333333333,0.596113387342175,5.5,2,6,1.19222677468435,6,6,6,0,5.5,2,6,1.19222677468435,0.166666666666667,2.35702260395516,2.82842712474619,0.816496580927726,"F2_R25",1.20385447984371,0.786850975951619,1.8228349548786,-1.00312153209238,0,2.81041887858154,0.813953488372093,9,"very_hard",4,4,16,2,4,4,4,16,1,2,1,4,0.25,FALSE,FALSE,TRUE,-3.07252562884941,5.88294450743095
1545,"-1:-1|-1:1|1:-1|1:2",4,TRUE,0,3,1,"off_axis",1.61967716615477,2.23606797749979,2.25,3,2,2.03716308916112,2,8,1,25,0,TRUE,25,33554432,0,1,25,25,0.833333333333333,2,0.583333333333333,0.25,0.800640769025436,8.33333333333333,6,10,1.60128153805087,10,10,10,0,8.33333333333333,6,10,1.60128153805087,0,2.03716308916112,2.82842712474619,0.527011014179131,"F4_R25",0.553197710950942,1.75502188559869,1.17015005204386,0.271391979495859,-0.134755835195509,3.61500579289384,0.892051557465091,97,"very_hard",4,3,12,2,3,4,3,12,1,4,1,6,0.5,FALSE,FALSE,TRUE,-2.23756203622485,5.85256782911869
26,"-2:-1|0:-2",2,TRUE,1,0,1,"mixed",2.11803398874989,2.23606797749979,2.5,3,2,2.15737865166653,3,8,1,25,0,TRUE,25,33554432,0,1,25,25,0.25,1,0.25,0,0.43373619897468,5.5,4,6,0.86747239794936,6,6,6,0,5.5,4,6,0.86747239794936,0.25,2.15737865166653,2.23606797749979,0.136293910356554,"F2_R25",0.628116775984733,0.786850975951619,-0.536127927905471,0.762372364390212,1.39805059083906,3.03926277926016,0.837209302325581,8,"very_hard",3,3,9,2,3,3,3,9,2,2,1,5,0.555555555555556,FALSE,FALSE,TRUE,-2.67776239190423,5.71702517116438
8,"-1:-2|2:-2",2,TRUE,0,1,1,"off_axis",2.53224755112299,2.82842712474619,3.5,4,2,2.35483170074866,3,8,1,25,0,TRUE,25,33554432,0,1,25,25,0.25,1,0.25,0,0.43373619897468,5.5,4,6,0.86747239794936,6,6,6,0,5.5,4,6,0.86747239794936,0.25,2.35483170074866,2.82842712474619,0.426792094261082,"F2_R25",1.19753630407616,0.786850975951619,-0.536127927905471,0.762372364390212,1.39805059083906,3.60868230735159,0.906976744186046,4,"very_hard",3,4,12,2,4,3,4,12,2,2,1,5,0.416666666666667,FALSE,FALSE,TRUE,-2.08361522728611,5.6922975346377
29,"-1:-2|2:0",2,TRUE,1,0,1,"mixed",2.11803398874989,2.23606797749979,2.5,3,2,2.35483170074866,3,8,1,25,0,TRUE,25,33554432,0,1,25,25,0.25,1,0.25,0,0.43373619897468,5.5,4,6,0.86747239794936,6,6,6,0,5.5,4,6,0.86747239794936,0.25,2.35483170074866,2.82842712474619,0.426792094261082,"F2_R25",1.19753630407616,0.786850975951619,-0.536127927905471,0.762372364390212,1.39805059083906,3.60868230735159,0.906976744186046,4,"very_hard",3,4,12,2,3,3,4,12,2,2,1,5,0.416666666666667,FALSE,FALSE,TRUE,-2.08361522728611,5.6922975346377
24,"-1:-1|1:-2",2,TRUE,0,1,1,"off_axis",1.82514076993644,2.23606797749979,2.5,3,2,1.96211650579089,2,8,1,25,0,TRUE,25,33554432,0,1,25,25,0.25,1,0.25,0,0.43373619897468,5.5,4,6,0.86747239794936,6,6,6,0,5.5,4,6,0.86747239794936,0.25,1.96211650579089,2.23606797749979,0.47449786780808,"F2_R25",0.0650154236608456,0.786850975951619,-0.536127927905471,0.762372364390212,0,1.0781108360972,0.627906976744186,17,"hard",3,3,9,2,3,3,3,9,1,2,1,4,0.444444444444444,FALSE,FALSE,TRUE,-4.45886901295835,5.53697984905555
12,"-1:-1|2:-2",2,TRUE,0,2,0,"diagonal_only",2.12132034355964,2.82842712474619,3,4,2,2.15956955487303,2,8,1,25,0,TRUE,25,33554432,0,1,25,25,0.25,1,0.25,0,0.43373619897468,5.5,4,6,0.86747239794936,6,6,6,0,5.5,4,6,0.86747239794936,0.25,2.15956955487303,2.82842712474619,0.710203496540455,"F2_R25",0.634434951752277,0.786850975951619,-0.536127927905471,0.762372364390212,0,1.64753036418864,0.720930232558139,12,"hard",3,4,12,2,4,3,4,12,1,2,1,4,0.333333333333333,FALSE,FALSE,TRUE,-3.86472184834023,5.51225221252887
32,"-1:-1|1:2",2,TRUE,0,1,1,"off_axis",1.82514076993644,2.23606797749979,2.5,3,2,2.15956955487303,2,8,1,25,0,TRUE,25,33554432,0,1,25,25,0.25,1,0.25,0,0.43373619897468,5.5,4,6,0.86747239794936,6,6,6,0,5.5,4,6,0.86747239794936,0.25,2.15956955487303,2.82842712474619,0.710203496540455,"F2_R25",0.634434951752277,0.786850975951619,-0.536127927905471,0.762372364390212,0,1.64753036418864,0.720930232558139,12,"hard",4,3,12,2,3,4,3,12,1,2,1,4,0.333333333333333,FALSE,FALSE,TRUE,-3.86472184834023,5.51225221252887
30,"-1:-1|-1:2",2,TRUE,0,1,1,"off_axis",1.82514076993644,2.23606797749979,2.5,3,2,1.88342717995763,2,8,1,25,0,TRUE,25,33554432,0,1,25,25,0.25,1,0.25,0,0.43373619897468,5.5,4,6,0.86747239794936,6,6,6,0,5.5,4,6,0.86747239794936,0.25,1.88342717995763,2.23606797749979,0.423146649159938,"F2_R25",-0.161910617694795,0.786850975951619,-0.536127927905471,0.762372364390212,0,0.851184794741564,0.581395348837209,18,"medium",4,2,8,2,3,4,2,8,1,2,1,4,0.5,FALSE,FALSE,TRUE,-4.65691806783105,5.50810286257262
41,"-1:-1|0:2",2,TRUE,1,1,0,"mixed",1.70710678118655,2,2,2,2,1.88342717995763,2,8,1,25,0,TRUE,25,33554432,0,1,25,25,0.25,1,0.25,0,0.43373619897468,5.5,4,6,0.86747239794936,6,6,6,0,5.5,4,6,0.86747239794936,0.25,1.88342717995763,2.23606797749979,0.423146649159938,"F2_R25",-0.161910617694795,0.786850975951619,-0.536127927905471,0.762372364390212,0,0.851184794741564,0.581395348837209,18,"medium",4,2,8,2,2,4,2,8,1,2,1,4,0.5,FALSE,FALSE,TRUE,-4.65691806783105,5.50810286257262
36,"-1:-2|1:2",2,TRUE,0,0,2,"off_axis",2.23606797749979,2.23606797749979,3,3,2,2.23606797749979,3,4,2,25,0,TRUE,25,33554432,0,1,25,25,0.25,2,0.166666666666667,0.0833333333333333,0.596113387342175,5.5,2,6,1.19222677468435,6,6,6,0,5.5,2,6,1.19222677468435,0.166666666666667,2.23606797749979,2.23606797749979,0,"F2_R25",0.855042817340374,0.786850975951619,1.8228349548786,-1.00312153209238,1.39805059083906,3.85965780691727,0.976744186046512,2,"very_hard",5,3,15,2,3,5,3,15,2,2,1,5,0.333333333333333,FALSE,FALSE,TRUE,-1.48946806266799,5.34912586958526
722,"-1:-1|1:-1|2:-2|2:1",4,TRUE,0,3,1,"off_axis",1.97323055674804,2.82842712474619,2.75,4,2,2.0607698869111,2,8,1,25,0,TRUE,25,33554432,0,1,25,25,0.833333333333333,2,0.583333333333333,0.25,0.800640769025436,8.33333333333333,6,10,1.60128153805087,10,10,10,0,8.33333333333333,6,10,1.60128153805087,0,2.0607698869111,2.82842712474619,0.530437422427522,"F4_R25",0.705194983790766,1.75502188559869,1.17015005204386,0.271391979495859,-0.134755835195509,3.76700306573367,0.902792696025779,87,"very_hard",4,4,16,2,4,4,4,16,1,4,1,6,0.375,FALSE,FALSE,TRUE,-1.44536581673403,5.21236888246769
1312,"-1:-1|-1:1|1:-2|2:-1",4,TRUE,0,2,2,"off_axis",1.82514076993644,2.23606797749979,2.5,3,2,2.0607698869111,2,8,1,25,0,TRUE,25,33554432,0,1,25,25,0.833333333333333,2,0.583333333333333,0.25,0.800640769025436,8.33333333333333,6,10,1.60128153805087,10,10,10,0,8.33333333333333,6,10,1.60128153805087,0,2.0607698869111,2.82842712474619,0.530437422427522,"F4_R25",0.705194983790766,1.75502188559869,1.17015005204386,0.271391979495859,-0.134755835195509,3.76700306573367,0.902792696025779,87,"very_hard",4,4,16,2,3,4,4,16,1,4,1,6,0.375,FALSE,FALSE,TRUE,-1.44536581673403,5.21236888246769
15,"-2:-2|0:2",2,TRUE,1,1,0,"mixed",2.41421356237309,2.82842712474619,3,4,2,2.35483170074866,3,8,1,25,0,TRUE,25,33554432,0,1,25,25,0.25,1,0.25,0,0.43373619897468,5.5,4,6,0.86747239794936,6,6,6,0,5.5,4,6,0.86747239794936,0.25,2.35483170074866,2.82842712474619,0.426792094261082,"F2_R25",1.19753630407616,0.786850975951619,-0.536127927905471,0.762372364390212,1.39805059083906,3.60868230735159,0.906976744186046,4,"very_hard",5,3,15,2,4,5,3,15,2,2,1,5,0.333333333333333,FALSE,FALSE,TRUE,-1.48946806266799,5.09815037001958
683,"-1:-1|-1:1|2:-2|2:0",4,TRUE,1,3,0,"mixed",1.9142135623731,2.82842712474619,2.5,4,2,2.11934853067379,3,8,1,25,0,TRUE,25,33554432,0,1,25,25,0.833333333333333,2,0.583333333333333,0.25,0.800640769025436,8.33333333333333,6,10,1.60128153805087,10,10,10,0,8.33333333333333,6,10,1.60128153805087,0,2.11934853067379,2.82842712474619,0.481158100063252,"F4_R25",1.08236575438342,1.75502188559869,1.17015005204386,0.271391979495859,1.07286376482578,5.35179343634761,0.97422126745435,23,"very_hard",4,4,16,2,4,4,4,16,2,4,1,7,0.4375,FALSE,FALSE,TRUE,0.335740804320094,5.01605263202752
1275,"-1:-1|-1:2|1:2|2:-1",4,TRUE,0,1,3,"off_axis",2.03060437371812,2.23606797749979,2.75,3,2,2.20153397218646,4,8,1,25,0,TRUE,25,33554432,0,1,25,25,0.833333333333333,2,0.583333333333333,0.25,0.800640769025436,8.33333333333333,6,10,1.60128153805087,10,10,10,0,8.33333333333333,6,10,1.60128153805087,0,2.20153397218646,2.82842712474619,0.412644815400057,"F4_R25",1.6115337978159,1.75502188559869,1.17015005204386,0.271391979495859,2.28048336484708,7.08858107980138,0.996777658431794,2,"very_hard",4,4,16,2,3,4,4,16,3,4,1,8,0.5,FALSE,FALSE,TRUE,2.11684742537422,4.97173365442717
1226,"-1:-1|1:-2|2:-1|2:1",4,TRUE,0,1,3,"off_axis",2.03060437371812,2.23606797749979,2.75,3,2,2.08371941369913,3,8,1,25,0,TRUE,25,33554432,0,1,25,25,0.833333333333333,2,0.583333333333333,0.25,0.800640769025436,8.33333333333333,6,10,1.60128153805087,10,10,10,0,8.33333333333333,6,10,1.60128153805087,0,2.08371941369913,2.82842712474619,0.419143842948326,"F4_R25",0.852960280960224,1.75502188559869,1.17015005204386,0.271391979495859,1.07286376482578,5.12238796292442,0.968850698174006,28,"very_hard",4,4,16,2,3,4,4,16,2,4,1,7,0.4375,FALSE,FALSE,TRUE,0.335740804320094,4.78664715860432
42,"-1:0|2:0",2,TRUE,2,0,0,"axis_only",1.5,2,1.5,2,2,1.66666666666667,2,4,2,25,0,TRUE,25,33554432,0,1,25,25,0.25,2,0.166666666666667,0.0833333333333333,0.596113387342175,5.5,2,6,1.19222677468435,5,4,6,1.01015254455221,5.5,2,6,1.19222677468435,0.166666666666667,1.66666666666667,2,0.577350269189626,"F2_R25",-0.787009443773972,-0.718429151955826,1.8228349548786,-1.00312153209238,0,-0.685725172943581,0.418604651162791,26,"medium",1,4,4,2,2,1,4,4,1,2,1,4,1,FALSE,FALSE,TRUE,-5.44911428732188,4.7633891143783
751,"-1:-1|1:1|2:-2|2:1",4,TRUE,0,3,1,"off_axis",1.97323055674804,2.82842712474619,2.75,4,2,2.10219124314841,2,8,1,25,0,TRUE,25,33554432,0,1,25,25,0.833333333333333,2,0.583333333333333,0.25,0.800640769025436,8.33333333333333,6,10,1.60128153805087,9,8,10,1.01015254455221,8.33333333333333,6,10,1.60128153805087,0,2.10219124314841,2.82842712474619,0.650463063457386,"F4_R25",0.971894993342186,0.706508810356395,1.17015005204386,0.271391979495859,-0.134755835195509,2.98519000004279,0.82921589688507,158,"very_hard",4,4,16,2,4,4,4,16,1,4,1,6,0.375,FALSE,FALSE,TRUE,-1.44536581673403,4.43055581677682
716,"-1:-2|-1:-1|1:-1|2:-2",4,TRUE,0,3,1,"off_axis",1.97323055674804,2.82842712474619,2.75,4,2,1.87792717443648,1,8,1,25,0,TRUE,25,33554432,0,1,25,25,0.833333333333333,2,0.583333333333333,0.25,0.800640769025436,8.33333333333333,6,10,1.60128153805087,9,8,10,1.01015254455221,8.33333333333333,6,10,1.60128153805087,0,1.87792717443648,2.82842712474619,0.551149835962157,"F4_R25",-0.472075815456155,0.706508810356395,1.17015005204386,0.271391979495859,-1.3423754352168,0.333599591223157,0.534908700322234,432,"medium",3,4,12,2,4,3,4,12,0,4,1,5,0.416666666666667,FALSE,FALSE,TRUE,-4.01866865727897,4.35226824850213
17,"-1:-2|2:2",2,TRUE,0,1,1,"off_axis",2.53224755112299,2.82842712474619,3.5,4,2,2.43352102658192,3,8,1,25,0,TRUE,25,33554432,0,1,25,25,0.25,1,0.25,0,0.43373619897468,5.5,4,6,0.86747239794936,6,6,6,0,5.5,4,6,0.86747239794936,0.25,2.43352102658192,2.82842712474619,0.341998713119646,"F2_R25",1.4244623454318,0.786850975951619,-0.536127927905471,0.762372364390212,1.39805059083906,3.83560834870723,0.953488372093023,3,"very_hard",5,4,20,2,4,5,4,20,2,2,1,5,0.25,FALSE,FALSE,TRUE,-0.499222788304461,4.33483113701169
39,"-2:0|0:-2",2,TRUE,2,0,0,"axis_only",2,2,2,2,2,2.2761423749154,3,4,2,25,0,TRUE,25,33554432,0,1,25,25,0.25,1,0.25,0,0.43373619897468,5.5,4,6,0.86747239794936,6,6,6,0,5.5,4,6,0.86747239794936,0.25,2.2761423749154,2.82842712474619,0.478292623476201,"F2_R25",0.970610262720523,0.786850975951619,-0.536127927905471,-1.00312153209238,1.39805059083906,1.61626236951335,0.674418604651163,15,"hard",3,3,9,2,2,3,3,9,2,2,1,5,0.555555555555556,FALSE,FALSE,TRUE,-2.67776239190423,4.29402476141758
1238,"-1:-2|-1:-1|1:-2|2:0",4,TRUE,1,1,2,"mixed",1.97158737934317,2.23606797749979,2.5,3,2,2.04229805746182,3,8,1,25,0,TRUE,25,33554432,0,1,25,25,0.833333333333333,2,0.583333333333333,0.25,0.800640769025436,8.33333333333333,6,10,1.60128153805087,9,8,10,1.01015254455221,8.33333333333333,6,10,1.60128153805087,0,2.04229805746182,2.82842712474619,0.504445398969847,"F4_R25",0.586260271408802,0.706508810356395,1.17015005204386,0.271391979495859,1.07286376482578,3.8071748781307,0.913533834586466,77,"very_hard",3,4,12,2,3,3,4,12,2,4,1,7,0.583333333333333,FALSE,FALSE,TRUE,-0.45645541517073,4.26363029330143
6,"-2:-2|-1:-2",2,TRUE,0,1,1,"off_axis",2.53224755112299,2.82842712474619,3.5,4,2,2.02149836741533,2,8,1,25,0,TRUE,25,33554432,0,1,25,25,0.25,1,0.25,0,0.43373619897468,5.5,4,6,0.86747239794936,5,4,6,1.01015254455221,5.5,4,6,0.86747239794936,0.25,2.02149836741533,2.82842712474619,0.932907565520697,"F2_R25",0.236262167028741,-0.718429151955826,-0.536127927905471,0.762372364390212,0,-0.255922548442345,0.465116279069767,23,"medium",3,3,9,2,4,3,3,9,1,2,1,4,0.444444444444444,FALSE,FALSE,TRUE,-4.45886901295835,4.202946464516
11,"-2:-2|-1:0",2,TRUE,1,1,0,"mixed",1.9142135623731,2.82842712474619,2.5,4,2,2.02149836741533,2,8,1,25,0,TRUE,25,33554432,0,1,25,25,0.25,1,0.25,0,0.43373619897468,5.5,4,6,0.86747239794936,5,4,6,1.01015254455221,5.5,4,6,0.86747239794936,0.25,2.02149836741533,2.82842712474619,0.932907565520697,"F2_R25",0.236262167028741,-0.718429151955826,-0.536127927905471,0.762372364390212,0,-0.255922548442345,0.465116279069767,23,"medium",3,3,9,2,4,3,3,9,1,2,1,4,0.444444444444444,FALSE,FALSE,TRUE,-4.45886901295835,4.202946464516
28,"-1:-2|1:0",2,TRUE,1,0,1,"mixed",1.61803398874989,2.23606797749979,2,3,2,2.02149836741533,2,8,1,25,0,TRUE,25,33554432,0,1,25,25,0.25,1,0.25,0,0.43373619897468,5.5,4,6,0.86747239794936,5,4,6,1.01015254455221,5.5,4,6,0.86747239794936,0.25,2.02149836741533,2.82842712474619,0.932907565520697,"F2_R25",0.236262167028741,-0.718429151955826,-0.536127927905471,0.762372364390212,0,-0.255922548442345,0.465116279069767,23,"medium",3,3,9,2,3,3,3,9,1,2,1,4,0.444444444444444,FALSE,FALSE,TRUE,-4.45886901295835,4.202946464516
665,"-1:-1|0:2|2:-2|2:0",4,TRUE,2,2,0,"mixed",2.06066017177982,2.82842712474619,2.5,4,2,2.20153397218646,4,8,1,25,0,TRUE,25,33554432,0,1,25,25,0.833333333333333,2,0.583333333333333,0.25,0.800640769025436,8.33333333333333,6,10,1.60128153805087,10,10,10,0,8.33333333333333,6,10,1.60128153805087,0,2.20153397218646,2.82842712474619,0.412644815400057,"F4_R25",1.6115337978159,1.75502188559869,1.17015005204386,0.271391979495859,2.28048336484708,7.08858107980138,0.996777658431794,2,"very_hard",5,4,20,2,4,5,4,20,3,4,1,8,0.4,FALSE,FALSE,TRUE,2.90904364486504,4.17953743493634
14,"-1:0|2:-2",2,TRUE,1,1,0,"mixed",1.9142135623731,2.82842712474619,2.5,4,2,2.21895141649746,2,8,1,25,0,TRUE,25,33554432,0,1,25,25,0.25,1,0.25,0,0.43373619897468,5.5,4,6,0.86747239794936,5,4,6,1.01015254455221,5.5,4,6,0.86747239794936,0.25,2.21895141649746,2.82842712474619,1.05564289266583,"F2_R25",0.805681695120172,-0.718429151955826,-0.536127927905471,0.762372364390212,0,0.313496979649086,0.534883720930233,21,"medium",3,4,12,2,4,3,4,12,1,2,1,4,0.333333333333333,FALSE,FALSE,TRUE,-3.86472184834023,4.17821882798932
581,"-1:-2|1:-1|2:-2|2:0",4,TRUE,1,2,1,"mixed",2.11967716615477,2.82842712474619,2.75,4,2,2.03716308916112,2,8,1,25,0,TRUE,25,33554432,0,1,25,25,0.833333333333333,2,0.583333333333333,0.25,0.800640769025436,8.33333333333333,6,10,1.60128153805087,10,10,10,0,8.33333333333333,6,10,1.60128153805087,0,2.03716308916112,2.82842712474619,0.527011014179131,"F4_R25",0.553197710950942,1.75502188559869,1.17015005204386,0.271391979495859,-0.134755835195509,3.61500579289384,0.892051557465091,97,"very_hard",3,4,12,2,4,3,4,12,2,4,1,7,0.583333333333333,FALSE,FALSE,TRUE,-0.45645541517073,4.07146120806457
1228,"-1:-1|-1:2|1:2|2:1",4,TRUE,0,1,3,"off_axis",2.03060437371812,2.23606797749979,2.75,3,2,2.14295532842377,3,8,1,25,0,TRUE,25,33554432,0,1,25,25,0.833333333333333,2,0.666666666666667,0.166666666666667,0.688332449299089,8.33333333333333,6,10,1.37666489859818,10,10,10,0,8.33333333333333,6,10,1.37666489859818,0,2.14295532842377,2.82842712474619,0.480442458550402,"F4_R25",1.23436302722325,1.75502188559869,0.0523490600394965,0.271391979495859,1.07286376482578,4.38598971718307,0.951664876476907,43,"very_hard",4,4,16,2,3,4,4,16,2,4,1,7,0.4375,FALSE,FALSE,TRUE,0.335740804320094,4.05024891286298
432,"-1:-1|1:-2|2:-2|2:1",4,TRUE,0,2,2,"off_axis",2.17869416052972,2.82842712474619,3,4,2,2.12514076993644,3,8,1,25,0,TRUE,25,33554432,0,1,25,25,0.833333333333333,2,0.583333333333333,0.25,0.800640769025436,8.33333333333333,6,10,1.60128153805087,9,8,10,1.01015254455221,8.33333333333333,6,10,1.60128153805087,0,2.12514076993644,2.82842712474619,0.561522442367321,"F4_R25",1.11966029051165,0.706508810356395,1.17015005204386,0.271391979495859,1.07286376482578,4.34057489723354,0.942534908700322,50,"very_hard",4,4,16,2,4,4,4,16,2,4,1,7,0.4375,FALSE,FALSE,TRUE,0.335740804320094,4.00483409291345
27,"-1:-2|-1:0",2,TRUE,1,0,1,"mixed",1.61803398874989,2.23606797749979,2,3,2,1.74535599249993,2,8,1,25,0,TRUE,25,33554432,0,1,25,25,0.25,1,0.25,0,0.43373619897468,5.5,4,6,0.86747239794936,5,4,6,1.01015254455221,5.5,4,6,0.86747239794936,0.25,1.74535599249993,2.23606797749979,0.656200189855868,"F2_R25",-0.560083402418331,-0.718429151955826,-0.536127927905471,0.762372364390212,0,-1.05226811788942,0.302325581395349,30,"easy",3,2,6,2,3,3,2,6,1,2,1,4,0.666666666666667,FALSE,FALSE,TRUE,-5.05301617757647,4.00074805968705
40,"-1:0|0:-2",2,TRUE,2,0,0,"axis_only",1.5,2,1.5,2,2,1.74535599249993,2,8,1,25,0,TRUE,25,33554432,0,1,25,25,0.25,1,0.25,0,0.43373619897468,5.5,4,6,0.86747239794936,5,4,6,1.01015254455221,5.5,4,6,0.86747239794936,0.25,1.74535599249993,2.23606797749979,0.656200189855868,"F2_R25",-0.560083402418331,-0.718429151955826,-0.536127927905471,0.762372364390212,0,-1.05226811788942,0.302325581395349,30,"easy",3,2,6,2,2,3,2,6,1,2,1,4,0.666666666666667,FALSE,FALSE,TRUE,-5.05301617757647,4.00074805968705
1316,"-1:-1|-1:2|1:-2|2:-1",4,TRUE,0,1,3,"off_axis",2.03060437371812,2.23606797749979,2.75,3,2,2.08371941369913,3,8,1,25,0,TRUE,25,33554432,0,1,25,25,0.833333333333333,2,0.583333333333333,0.25,0.800640769025436,8.33333333333333,6,10,1.60128153805087,10,10,10,0,8.33333333333333,6,10,1.60128153805087,0,2.08371941369913,2.82842712474619,0.419143842948326,"F4_R25",0.852960280960224,1.75502188559869,1.17015005204386,0.271391979495859,1.07286376482578,5.12238796292442,0.968850698174006,28,"very_hard",5,4,20,2,3,5,4,20,2,4,1,7,0.35,FALSE,FALSE,TRUE,1.12793702381092,3.9944509391135
20,"-1:-2|1:-2",2,TRUE,0,0,2,"off_axis",2.23606797749979,2.23606797749979,3,3,2,2.15737865166653,3,4,2,25,0,TRUE,25,33554432,0,1,25,25,0.25,1,0.25,0,0.43373619897468,5.5,4,6,0.86747239794936,6,6,6,0,5.5,4,6,0.86747239794936,0.25,2.15737865166653,2.23606797749979,0.136293910356554,"F2_R25",0.628116775984733,0.786850975951619,-0.536127927905471,-1.00312153209238,1.39805059083906,1.27376888277756,0.651162790697674,16,"hard",3,3,9,2,3,3,3,9,2,2,1,5,0.555555555555556,FALSE,FALSE,TRUE,-2.67776239190423,3.95153127468179
1259,"-1:-1|-1:2|1:2|2:0",4,TRUE,1,1,2,"mixed",1.97158737934317,2.23606797749979,2.5,3,2,2.20153397218646,4,8,1,25,0,TRUE,25,33554432,0,1,25,25,0.833333333333333,2,0.666666666666667,0.166666666666667,0.688332449299089,8.33333333333333,6,10,1.37666489859818,10,10,10,0,8.33333333333333,6,10,1.37666489859818,0,2.20153397218646,2.82842712474619,0.412644815400057,"F4_R25",1.6115337978159,1.75502188559869,0.0523490600394965,0.271391979495859,2.28048336484708,5.97078008779702,0.986036519871106,12,"very_hard",4,4,16,2,3,4,4,16,3,4,1,8,0.5,FALSE,FALSE,TRUE,2.11684742537422,3.8539326624228
31,"-1:-2|0:1",2,TRUE,1,0,1,"mixed",1.61803398874989,2.23606797749979,2,3,2,1.82404531833319,2,8,1,25,0,TRUE,25,33554432,0,1,25,25,0.25,1,0.25,0,0.43373619897468,5.5,4,6,0.86747239794936,5,4,6,1.01015254455221,5.5,4,6,0.86747239794936,0.25,1.82404531833319,2.23606797749979,0.71364417954618,"F2_R25",-0.33315736106269,-0.718429151955826,-0.536127927905471,0.762372364390212,0,-0.825342076533776,0.372093023255814,28,"easy",4,2,8,2,3,4,2,8,1,2,1,4,0.5,FALSE,FALSE,TRUE,-4.65691806783105,3.83157599129728
22,"-1:-2|-1:-1",2,TRUE,0,1,1,"off_axis",1.82514076993644,2.23606797749979,2.5,3,2,1.5500938466243,1,8,1,25,0,TRUE,25,33554432,0,1,25,25,0.25,1,0.25,0,0.43373619897468,5.5,4,6,0.86747239794936,5,4,6,1.01015254455221,5.5,4,6,0.86747239794936,0.25,1.5500938466243,2.23606797749979,0.629137186936399,"F2_R25",-1.12318475474222,-0.718429151955826,-0.536127927905471,0.762372364390212,-1.39805059083906,-3.01342006105237,0.13953488372093,37,"very_easy",3,2,6,2,3,3,2,6,0,2,1,3,0.5,FALSE,FALSE,TRUE,-6.83412279863059,3.82070273757822
21,"-2:-1|-1:-2",2,TRUE,0,0,2,"off_axis",2.23606797749979,2.23606797749979,3,3,2,1.96211650579089,2,4,2,25,0,TRUE,25,33554432,0,1,25,25,0.25,1,0.25,0,0.43373619897468,5.5,4,6,0.86747239794936,6,6,6,0,5.5,4,6,0.86747239794936,0.25,1.96211650579089,2.23606797749979,0.47449786780808,"F2_R25",0.0650154236608456,0.786850975951619,-0.536127927905471,-1.00312153209238,0,-0.687383060385391,0.395348837209302,27,"easy",3,3,9,2,3,3,3,9,1,2,1,4,0.444444444444444,FALSE,FALSE,TRUE,-4.45886901295835,3.77148595257296
582,"-1:-1|1:-1|2:-2|2:0",4,TRUE,1,3,0,"mixed",1.9142135623731,2.82842712474619,2.5,4,2,1.89574173292382,1,8,1,25,0,TRUE,25,33554432,0,1,25,25,0.833333333333333,2,0.583333333333333,0.25,0.800640769025436,8.33333333333333,6,10,1.60128153805087,10,10,10,0,8.33333333333333,6,10,1.60128153805087,0,1.89574173292382,2.82842712474619,0.478612905582384,"F4_R25",-0.357373078744557,1.75502188559869,1.17015005204386,0.271391979495859,-1.3423754352168,1.49681540317705,0.688506981740064,289,"hard",3,4,12,2,4,3,4,12,1,4,1,6,0.5,FALSE,FALSE,TRUE,-2.23756203622485,3.7343774394019
1673,"-1:-1|-1:1|0:-2|1:1",4,TRUE,1,3,0,"mixed",1.56066017177982,2,2,2,2,1.89574173292382,1,8,1,25,0,TRUE,25,33554432,0,1,25,25,0.833333333333333,2,0.583333333333333,0.25,0.800640769025436,8.33333333333333,6,10,1.60128153805087,10,10,10,0,8.33333333333333,6,10,1.60128153805087,0,1.89574173292382,2.82842712474619,0.478612905582384,"F4_R25",-0.357373078744557,1.75502188559869,1.17015005204386,0.271391979495859,-1.3423754352168,1.49681540317705,0.688506981740064,289,"hard",4,3,12,2,2,4,3,12,1,4,1,6,0.5,FALSE,FALSE,TRUE,-2.23756203622485,3.7343774394019
37,"-1:-1|0:-2",2,TRUE,1,1,0,"mixed",1.70710678118655,2,2,2,2,1.60947570824873,1,8,1,25,0,TRUE,25,33554432,0,1,25,25,0.25,1,0.25,0,0.43373619897468,5.5,4,6,0.86747239794936,6,6,6,0,5.5,4,6,0.86747239794936,0.25,1.60947570824873,2,0.338203957451525,"F2_R25",-0.951938011374324,0.786850975951619,-0.536127927905471,0.762372364390212,-1.39805059083906,-1.33689318977703,0.255813953488372,33,"easy",3,2,6,2,2,3,2,6,1,2,1,4,0.666666666666667,FALSE,FALSE,TRUE,-5.05301617757647,3.71612298779944
1711,"-1:-1|-1:0|1:-1|1:0",4,TRUE,2,2,0,"mixed",1.20710678118655,1.4142135623731,1.5,2,1,1.53005630797458,1,4,2,25,0,TRUE,25,33554432,0,1,25,25,0.833333333333333,2,0.583333333333333,0.25,0.800640769025436,8.33333333333333,6,10,1.60128153805087,6,6,6,0,8.33333333333333,6,10,1.60128153805087,0,1.53005630797458,2.23606797749979,0.536374345259402,"F4_R25",-2.7119146772384,-2.43903041537049,1.17015005204386,-3.68075372191259,-1.3423754352168,-9.00392419769442,0.00322234156820623,929,"very_easy",2,3,6,1,2,2,3,6,0,4,1,5,0.833333333333333,FALSE,FALSE,TRUE,-12.7108378060658,3.70691360837142
357,"-1:-1|2:-2|2:-1|2:1",4,TRUE,0,2,2,"off_axis",2.17869416052972,2.82842712474619,3,4,2,2.07792717443648,3,8,1,25,0,TRUE,25,33554432,0,1,25,25,0.833333333333333,2,0.583333333333333,0.25,0.800640769025436,8.33333333333333,6,10,1.60128153805087,9,8,10,1.01015254455221,8.33333333333333,6,10,1.60128153805087,0,2.07792717443648,2.82842712474619,0.559978826721162,"F4_R25",0.815665744831999,0.706508810356395,1.17015005204386,0.271391979495859,1.07286376482578,4.0365803515539,0.932330827067669,62,"very_hard",4,4,16,2,4,4,4,16,2,4,1,7,0.4375,FALSE,FALSE,TRUE,0.335740804320094,3.7008395472338
1523,"-1:-1|-1:2|1:-2|1:0",4,TRUE,1,1,2,"mixed",1.72158737934317,2.23606797749979,2.25,3,2,2.04229805746182,3,8,1,25,0,TRUE,25,33554432,0,1,25,25,0.833333333333333,2,0.583333333333333,0.25,0.800640769025436,8.33333333333333,6,10,1.60128153805087,9,8,10,1.01015254455221,8.33333333333333,6,10,1.60128153805087,0,2.04229805746182,2.82842712474619,0.504445398969847,"F4_R25",0.586260271408802,0.706508810356395,1.17015005204386,0.271391979495859,1.07286376482578,3.8071748781307,0.913533834586466,77,"very_hard",5,3,15,2,3,5,3,15,2,4,1,7,0.466666666666667,FALSE,FALSE,TRUE,0.137691749447388,3.66948312868331
1311,"-1:-1|0:1|1:-2|2:-1",4,TRUE,1,1,2,"mixed",1.72158737934317,2.23606797749979,2.25,3,2,1.98371941369913,2,8,1,25,0,TRUE,25,33554432,0,1,25,25,0.833333333333333,2,0.583333333333333,0.25,0.800640769025436,8.33333333333333,6,10,1.60128153805087,9,8,10,1.01015254455221,8.33333333333333,6,10,1.60128153805087,0,1.98371941369913,2.82842712474619,0.542481221091435,"F4_R25",0.209089500816147,0.706508810356395,1.17015005204386,0.271391979495859,-0.134755835195509,2.22238450751675,0.754564983888292,225,"hard",4,4,16,2,3,4,4,16,1,4,1,6,0.375,FALSE,FALSE,TRUE,-1.44536581673403,3.66775032425078
912,"-1:-2|-1:0|1:1|2:2",4,TRUE,1,2,1,"mixed",1.86967716615477,2.82842712474619,2.5,4,2,2.10219124314841,2,8,1,25,0,TRUE,25,33554432,0,1,25,25,0.833333333333333,2,0.583333333333333,0.25,0.800640769025436,8.33333333333333,6,10,1.60128153805087,9,8,10,1.01015254455221,8.33333333333333,6,10,1.60128153805087,0,2.10219124314841,2.82842712474619,0.650463063457386,"F4_R25",0.971894993342186,0.706508810356395,1.17015005204386,0.271391979495859,-0.134755835195509,2.98519000004279,0.82921589688507,158,"very_hard",5,4,20,2,4,5,4,20,1,4,1,6,0.3,FALSE,FALSE,TRUE,-0.653169597243203,3.63835959728599
1227,"-1:-2|0:1|1:-2|2:-1",4,TRUE,1,0,3,"mixed",1.92705098312484,2.23606797749979,2.5,3,2,2.0659048552118,3,8,1,25,0,TRUE,25,33554432,0,1,25,25,0.833333333333333,2,0.583333333333333,0.25,0.800640769025436,8.33333333333333,6,10,1.60128153805087,9,8,10,1.01015254455221,8.33333333333333,6,10,1.60128153805087,0,2.0659048552118,2.82842712474619,0.507758832969072,"F4_R25",0.738257544248626,0.706508810356395,1.17015005204386,0.271391979495859,1.07286376482578,3.95917215097052,0.924274973147154,67,"very_hard",4,4,16,2,3,4,4,16,2,4,1,7,0.4375,FALSE,FALSE,TRUE,0.335740804320094,3.62343134665043
1239,"-1:-2|1:-1|2:-1|2:1",4,TRUE,0,1,3,"off_axis",2.03060437371812,2.23606797749979,2.75,3,2,2.0659048552118,3,8,1,25,0,TRUE,25,33554432,0,1,25,25,0.833333333333333,2,0.583333333333333,0.25,0.800640769025436,8.33333333333333,6,10,1.60128153805087,9,8,10,1.01015254455221,8.33333333333333,6,10,1.60128153805087,0,2.0659048552118,2.82842712474619,0.507758832969072,"F4_R25",0.738257544248626,0.706508810356395,1.17015005204386,0.271391979495859,1.07286376482578,3.95917215097052,0.924274973147154,67,"very_hard",4,4,16,2,3,4,4,16,2,4,1,7,0.4375,FALSE,FALSE,TRUE,0.335740804320094,3.62343134665043
1520,"-1:-2|-1:0|1:-1|2:1",4,TRUE,1,1,2,"mixed",1.72158737934317,2.23606797749979,2.25,3,2,2.0659048552118,3,8,1,25,0,TRUE,25,33554432,0,1,25,25,0.833333333333333,2,0.583333333333333,0.25,0.800640769025436,8.33333333333333,6,10,1.60128153805087,9,8,10,1.01015254455221,8.33333333333333,6,10,1.60128153805087,0,2.0659048552118,2.82842712474619,0.507758832969072,"F4_R25",0.738257544248626,0.706508810356395,1.17015005204386,0.271391979495859,1.07286376482578,3.95917215097052,0.924274973147154,67,"very_hard",4,4,16,2,3,4,4,16,2,4,1,7,0.4375,FALSE,FALSE,TRUE,0.335740804320094,3.62343134665043
593,"-2:-2|-2:0|-1:0|0:-2",4,TRUE,3,1,0,"mixed",1.95710678118655,2.82842712474619,2.25,4,2,2.0128990204492,3,8,1,25,0,TRUE,25,33554432,0,1,25,25,0.833333333333333,2,0.583333333333333,0.25,0.800640769025436,8.33333333333333,6,10,1.60128153805087,8,6,10,2.02030508910442,8.33333333333333,6,10,1.60128153805087,0,2.0128990204492,2.82842712474619,0.622037452851217,"F4_R25",0.396968462440753,-0.342004264885899,1.17015005204386,0.271391979495859,1.07286376482578,2.56936999392036,0.774973147153598,209,"hard",3,3,9,2,4,3,3,9,2,4,1,7,0.777777777777778,FALSE,FALSE,TRUE,-1.05060257978885,3.6199725737092
354,"-1:-2|-1:0|1:-2|2:-2",4,TRUE,1,1,2,"mixed",2.07514076993644,2.82842712474619,2.75,4,2,2.09574173292382,3,8,1,25,0,TRUE,25,33554432,0,1,25,25,0.833333333333333,2,0.583333333333333,0.25,0.800640769025436,8.33333333333333,6,10,1.60128153805087,8,6,10,2.02030508910442,8.33333333333333,6,10,1.60128153805087,0,2.09574173292382,2.82842712474619,0.673190239647906,"F4_R25",0.930368481543597,-0.342004264885899,1.17015005204386,0.271391979495859,1.07286376482578,3.1027700130232,0.849087003222342,137,"very_hard",3,4,12,2,4,3,4,12,2,4,1,7,0.583333333333333,FALSE,FALSE,TRUE,-0.45645541517073,3.55922542819393
457,"-1:0|1:-2|2:-2|2:0",4,TRUE,2,1,1,"mixed",2.01612377556149,2.82842712474619,2.5,4,2,2.09574173292382,3,8,1,25,0,TRUE,25,33554432,0,1,25,25,0.833333333333333,2,0.583333333333333,0.25,0.800640769025436,8.33333333333333,6,10,1.60128153805087,8,6,10,2.02030508910442,8.33333333333333,6,10,1.60128153805087,0,2.09574173292382,2.82842712474619,0.673190239647906,"F4_R25",0.930368481543597,-0.342004264885899,1.17015005204386,0.271391979495859,1.07286376482578,3.1027700130232,0.849087003222342,137,"very_hard",3,4,12,2,4,3,4,12,2,4,1,7,0.583333333333333,FALSE,FALSE,TRUE,-0.45645541517073,3.55922542819393
597,"-1:-2|1:0|2:-2|2:0",4,TRUE,2,1,1,"mixed",2.01612377556149,2.82842712474619,2.5,4,2,2.09574173292382,3,8,1,25,0,TRUE,25,33554432,0,1,25,25,0.833333333333333,2,0.583333333333333,0.25,0.800640769025436,8.33333333333333,6,10,1.60128153805087,8,6,10,2.02030508910442,8.33333333333333,6,10,1.60128153805087,0,2.09574173292382,2.82842712474619,0.673190239647906,"F4_R25",0.930368481543597,-0.342004264885899,1.17015005204386,0.271391979495859,1.07286376482578,3.1027700130232,0.849087003222342,137,"very_hard",3,4,12,2,4,3,4,12,2,4,1,7,0.583333333333333,FALSE,FALSE,TRUE,-0.45645541517073,3.55922542819393
773,"-1:-2|-1:0|1:0|2:-2",4,TRUE,2,1,1,"mixed",1.76612377556149,2.82842712474619,2.25,4,2,2.09574173292382,3,8,1,25,0,TRUE,25,33554432,0,1,25,25,0.833333333333333,2,0.583333333333333,0.25,0.800640769025436,8.33333333333333,6,10,1.60128153805087,8,6,10,2.02030508910442,8.33333333333333,6,10,1.60128153805087,0,2.09574173292382,2.82842712474619,0.673190239647906,"F4_R25",0.930368481543597,-0.342004264885899,1.17015005204386,0.271391979495859,1.07286376482578,3.1027700130232,0.849087003222342,137,"very_hard",3,4,12,2,4,3,4,12,2,4,1,7,0.583333333333333,FALSE,FALSE,TRUE,-0.45645541517073,3.55922542819393
580,"-2:-2|-1:-1|0:-2|2:0",4,TRUE,2,2,0,"mixed",2.06066017177982,2.82842712474619,2.5,4,2,2.03716308916112,2,8,1,25,0,TRUE,25,33554432,0,1,25,25,0.833333333333333,2,0.583333333333333,0.25,0.800640769025436,8.33333333333333,6,10,1.60128153805087,10,10,10,0,8.33333333333333,6,10,1.60128153805087,0,2.03716308916112,2.82842712474619,0.527011014179131,"F4_R25",0.553197710950942,1.75502188559869,1.17015005204386,0.271391979495859,-0.134755835195509,3.61500579289384,0.892051557465091,97,"very_hard",3,5,15,2,4,3,5,15,2,4,1,7,0.466666666666667,FALSE,FALSE,TRUE,0.137691749447388,3.47731404344645
1533,"-1:-1|-1:2|1:1|2:0",4,TRUE,1,2,1,"mixed",1.76612377556149,2.23606797749979,2.25,3,2,2.0607698869111,2,8,1,25,0,TRUE,25,33554432,0,1,25,25,0.833333333333333,2,0.583333333333333,0.25,0.800640769025436,8.33333333333333,6,10,1.60128153805087,10,10,10,0,8.33333333333333,6,10,1.60128153805087,0,2.0607698869111,2.82842712474619,0.530437422427522,"F4_R25",0.705194983790766,1.75502188559869,1.17015005204386,0.271391979495859,-0.134755835195509,3.76700306573367,0.902792696025779,87,"very_hard",4,4,16,2,3,4,4,16,2,4,1,7,0.4375,FALSE,FALSE,TRUE,0.335740804320094,3.43126226141357
674,"-1:-2|-1:-1|2:-2|2:0",4,TRUE,1,2,1,"mixed",2.11967716615477,2.82842712474619,2.75,4,2,2.07792717443648,3,8,1,25,0,TRUE,25,33554432,0,1,25,25,0.833333333333333,2,0.666666666666667,0.166666666666667,0.688332449299089,8.33333333333333,6,10,1.37666489859818,9,8,10,1.01015254455221,8.33333333333333,6,10,1.37666489859818,0,2.07792717443648,2.82842712474619,0.559978826721162,"F4_R25",0.815665744831999,0.706508810356395,0.0523490600394965,0.271391979495859,1.07286376482578,2.91877935954953,0.821160042964554,163,"very_hard",3,4,12,2,4,3,4,12,2,4,1,7,0.583333333333333,FALSE,FALSE,TRUE,-0.45645541517073,3.37523477472026
1268,"-1:-1|-1:2|1:0|1:2",4,TRUE,1,1,2,"mixed",1.72158737934317,2.23606797749979,2.25,3,2,2.07792717443648,3,8,1,25,0,TRUE,25,33554432,0,1,25,25,0.833333333333333,2,0.666666666666667,0.166666666666667,0.688332449299089,8.33333333333333,6,10,1.37666489859818,9,8,10,1.01015254455221,8.33333333333333,6,10,1.37666489859818,0,2.07792717443648,2.82842712474619,0.559978826721162,"F4_R25",0.815665744831999,0.706508810356395,0.0523490600394965,0.271391979495859,1.07286376482578,2.91877935954953,0.821160042964554,163,"very_hard",4,3,12,2,3,4,3,12,2,4,1,7,0.583333333333333,FALSE,FALSE,TRUE,-0.45645541517073,3.37523477472026
33,"-1:-2|2:1",2,TRUE,0,0,2,"off_axis",2.23606797749979,2.23606797749979,3,3,2,2.43352102658192,3,4,2,25,0,TRUE,25,33554432,0,1,25,25,0.25,1,0.25,0,0.43373619897468,5.5,4,6,0.86747239794936,6,6,6,0,5.5,4,6,0.86747239794936,0.25,2.43352102658192,2.82842712474619,0.341998713119646,"F2_R25",1.4244623454318,0.786850975951619,-0.536127927905471,-1.00312153209238,1.39805059083906,2.07011445222463,0.790697674418605,10,"hard",4,4,16,2,3,4,4,16,2,2,1,5,0.3125,FALSE,FALSE,TRUE,-1.29141900779529,3.36153346001992
35,"-1:-2|0:2",2,TRUE,1,0,1,"mixed",2.11803398874989,2.23606797749979,2.5,3,2,1.88342717995763,2,8,1,25,0,TRUE,25,33554432,0,1,25,25,0.25,1,0.25,0,0.43373619897468,5.5,4,6,0.86747239794936,6,6,6,0,5.5,4,6,0.86747239794936,0.25,1.88342717995763,2.23606797749979,0.423146649159938,"F2_R25",-0.161910617694795,0.786850975951619,-0.536127927905471,0.762372364390212,0,0.851184794741564,0.581395348837209,18,"medium",5,2,10,2,3,5,2,10,2,2,1,5,0.5,FALSE,FALSE,TRUE,-2.47971333703152,3.33089813177308
615,"-1:-1|-1:1|0:-2|2:-2",4,TRUE,1,3,0,"mixed",1.9142135623731,2.82842712474619,2.5,4,2,2.03716308916112,2,8,1,25,0,TRUE,25,33554432,0,1,25,25,0.833333333333333,2,0.583333333333333,0.25,0.800640769025436,8.33333333333333,6,10,1.60128153805087,10,10,10,0,8.33333333333333,6,10,1.60128153805087,0,2.03716308916112,2.82842712474619,0.527011014179131,"F4_R25",0.553197710950942,1.75502188559869,1.17015005204386,0.271391979495859,-0.134755835195509,3.61500579289384,0.892051557465091,97,"very_hard",4,4,16,2,4,4,4,16,2,4,1,7,0.4375,FALSE,FALSE,TRUE,0.335740804320094,3.27926498857375
1631,"-1:-1|-1:1|0:-2|2:1",4,TRUE,1,2,1,"mixed",1.76612377556149,2.23606797749979,2.25,3,2,2.03716308916112,2,8,1,25,0,TRUE,25,33554432,0,1,25,25,0.833333333333333,2,0.583333333333333,0.25,0.800640769025436,8.33333333333333,6,10,1.60128153805087,10,10,10,0,8.33333333333333,6,10,1.60128153805087,0,2.03716308916112,2.82842712474619,0.527011014179131,"F4_R25",0.553197710950942,1.75502188559869,1.17015005204386,0.271391979495859,-0.134755835195509,3.61500579289384,0.892051557465091,97,"very_hard",4,4,16,2,3,4,4,16,2,4,1,7,0.4375,FALSE,FALSE,TRUE,0.335740804320094,3.27926498857375
1707,"-1:-1|-1:0|0:-1|1:1",4,TRUE,2,2,0,"mixed",1.20710678118655,1.4142135623731,1.5,2,1,1.55432037668651,1,4,2,25,0,TRUE,25,33554432,0,1,25,25,0.833333333333333,2,0.583333333333333,0.25,0.800640769025436,8.33333333333333,6,10,1.60128153805087,6,6,6,0,8.33333333333333,6,10,1.60128153805087,0,1.55432037668651,2.82842712474619,0.653272247669054,"F4_R25",-2.55568542872821,-2.43903041537049,1.17015005204386,-3.68075372191259,-1.3423754352168,-8.84769494918423,0.00537056928034372,926,"very_easy",3,3,9,1,2,3,3,9,0,4,1,5,0.555555555555556,FALSE,FALSE,TRUE,-12.1166906414477,3.26899569226349
1257,"-1:-1|0:-2|2:-1|2:1",4,TRUE,1,1,2,"mixed",1.97158737934317,2.23606797749979,2.5,3,2,2.11934853067379,3,8,1,25,0,TRUE,25,33554432,0,1,25,25,0.833333333333333,2,0.583333333333333,0.25,0.800640769025436,8.33333333333333,6,10,1.60128153805087,10,10,10,0,8.33333333333333,6,10,1.60128153805087,0,2.11934853067379,2.82842712474619,0.481158100063252,"F4_R25",1.08236575438342,1.75502188559869,1.17015005204386,0.271391979495859,1.07286376482578,5.35179343634761,0.97422126745435,23,"very_hard",4,4,16,2,3,4,4,16,3,4,1,8,0.5,FALSE,FALSE,TRUE,2.11684742537422,3.2349460109734
966,"-1:-1|-1:2|1:0|2:-2",4,TRUE,1,2,1,"mixed",1.86967716615477,2.82842712474619,2.5,4,2,2.12514076993644,3,8,1,25,0,TRUE,25,33554432,0,1,25,25,0.833333333333333,2,0.583333333333333,0.25,0.800640769025436,8.33333333333333,6,10,1.60128153805087,9,8,10,1.01015254455221,8.33333333333333,6,10,1.60128153805087,0,2.12514076993644,2.82842712474619,0.561522442367321,"F4_R25",1.11966029051165,0.706508810356395,1.17015005204386,0.271391979495859,1.07286376482578,4.34057489723354,0.942534908700322,50,"very_hard",5,4,20,2,4,5,4,20,2,4,1,7,0.35,FALSE,FALSE,TRUE,1.12793702381092,3.21263787342263
1328,"-1:-2|-1:0|1:2|2:1",4,TRUE,1,0,3,"mixed",1.92705098312484,2.23606797749979,2.5,3,2,2.12514076993644,3,8,1,25,0,TRUE,25,33554432,0,1,25,25,0.833333333333333,2,0.583333333333333,0.25,0.800640769025436,8.33333333333333,6,10,1.60128153805087,9,8,10,1.01015254455221,8.33333333333333,6,10,1.60128153805087,0,2.12514076993644,2.82842712474619,0.561522442367321,"F4_R25",1.11966029051165,0.706508810356395,1.17015005204386,0.271391979495859,1.07286376482578,4.34057489723354,0.942534908700322,50,"very_hard",5,4,20,2,3,5,4,20,2,4,1,7,0.35,FALSE,FALSE,TRUE,1.12793702381092,3.21263787342263
1406,"-1:-2|-1:-1|1:2|2:0",4,TRUE,1,1,2,"mixed",1.97158737934317,2.23606797749979,2.5,3,2,2.12514076993644,3,8,1,25,0,TRUE,25,33554432,0,1,25,25,0.833333333333333,2,0.583333333333333,0.25,0.800640769025436,8.33333333333333,6,10,1.60128153805087,9,8,10,1.01015254455221,8.33333333333333,6,10,1.60128153805087,0,2.12514076993644,2.82842712474619,0.561522442367321,"F4_R25",1.11966029051165,0.706508810356395,1.17015005204386,0.271391979495859,1.07286376482578,4.34057489723354,0.942534908700322,50,"very_hard",5,4,20,2,3,5,4,20,2,4,1,7,0.35,FALSE,FALSE,TRUE,1.12793702381092,3.21263787342263
1519,"-1:-1|-1:1|1:-2|1:0",4,TRUE,1,2,1,"mixed",1.51612377556149,2.23606797749979,2,3,2,1.96011261594915,2,8,1,25,0,TRUE,25,33554432,0,1,25,25,0.833333333333333,2,0.666666666666667,0.166666666666667,0.688332449299089,8.33333333333333,6,10,1.37666489859818,9,8,10,1.01015254455221,8.33333333333333,6,10,1.37666489859818,0,1.96011261594915,2.82842712474619,0.535369584489657,"F4_R25",0.0570922279763234,0.706508810356395,0.0523490600394965,0.271391979495859,-0.134755835195509,0.952586242672566,0.633727175080559,340,"hard",4,3,12,2,3,4,3,12,1,4,1,6,0.5,FALSE,FALSE,TRUE,-2.23756203622485,3.19014827889742
353,"-1:-2|1:-2|1:0|2:-2",4,TRUE,1,1,2,"mixed",2.07514076993644,2.82842712474619,2.75,4,2,2.03650581819918,3,8,1,25,0,TRUE,25,33554432,0,1,25,25,0.833333333333333,2,0.583333333333333,0.25,0.800640769025436,8.33333333333333,6,10,1.60128153805087,8,6,10,2.02030508910442,8.33333333333333,6,10,1.60128153805087,0,2.03650581819918,2.82842712474619,0.625960641681523,"F4_R25",0.548965735280577,-0.342004264885899,1.17015005204386,0.271391979495859,1.07286376482578,2.72136726676018,0.798603651987111,184,"hard",3,4,12,2,4,3,4,12,2,4,1,7,0.583333333333333,FALSE,FALSE,TRUE,-0.45645541517073,3.17782268193091
641,"-1:0|0:-2|1:0|2:-2",4,TRUE,3,1,0,"mixed",1.70710678118655,2.82842712474619,2,4,2,2.03650581819918,3,8,1,25,0,TRUE,25,33554432,0,1,25,25,0.833333333333333,2,0.583333333333333,0.25,0.800640769025436,8.33333333333333,6,10,1.60128153805087,8,6,10,2.02030508910442,8.33333333333333,6,10,1.60128153805087,0,2.03650581819918,2.82842712474619,0.625960641681523,"F4_R25",0.548965735280577,-0.342004264885899,1.17015005204386,0.271391979495859,1.07286376482578,2.72136726676018,0.798603651987111,184,"hard",3,4,12,2,4,3,4,12,2,4,1,7,0.583333333333333,FALSE,FALSE,TRUE,-0.45645541517073,3.17782268193091
1254,"-1:-2|1:-2|1:0|2:0",4,TRUE,2,0,2,"mixed",1.86803398874989,2.23606797749979,2.25,3,2,2.03650581819918,3,8,1,25,0,TRUE,25,33554432,0,1,25,25,0.833333333333333,2,0.583333333333333,0.25,0.800640769025436,8.33333333333333,6,10,1.60128153805087,8,6,10,2.02030508910442,8.33333333333333,6,10,1.60128153805087,0,2.03650581819918,2.82842712474619,0.625960641681523,"F4_R25",0.548965735280577,-0.342004264885899,1.17015005204386,0.271391979495859,1.07286376482578,2.72136726676018,0.798603651987111,184,"hard",3,4,12,2,3,3,4,12,2,4,1,7,0.583333333333333,FALSE,FALSE,TRUE,-0.45645541517073,3.17782268193091
429,"-1:-1|1:-2|1:0|2:-2",4,TRUE,1,2,1,"mixed",1.86967716615477,2.82842712474619,2.5,4,2,1.94229805746182,2,8,1,25,0,TRUE,25,33554432,0,1,25,25,0.833333333333333,2,0.583333333333333,0.25,0.800640769025436,8.33333333333333,6,10,1.60128153805087,8,6,10,2.02030508910442,8.33333333333333,6,10,1.60128153805087,0,1.94229805746182,2.82842712474619,0.603212009882676,"F4_R25",-0.0576105087352749,-0.342004264885899,1.17015005204386,0.271391979495859,-0.134755835195509,0.907171422723036,0.623523093447905,347,"hard",3,4,12,2,4,3,4,12,1,4,1,6,0.5,FALSE,FALSE,TRUE,-2.23756203622485,3.14473345894789
13,"-2:-1|2:-2",2,TRUE,0,1,1,"off_axis",2.53224755112299,2.82842712474619,3.5,4,2,2.15956955487303,2,8,1,25,0,TRUE,25,33554432,0,1,25,25,0.25,1,0.25,0,0.43373619897468,5.5,4,6,0.86747239794936,6,6,6,0,5.5,4,6,0.86747239794936,0.25,2.15956955487303,2.82842712474619,0.710203496540455,"F2_R25",0.634434951752277,0.786850975951619,-0.536127927905471,0.762372364390212,0,1.64753036418864,0.720930232558139,12,"hard",3,5,15,2,4,3,5,15,2,2,1,5,0.333333333333333,FALSE,FALSE,TRUE,-1.48946806266799,3.13699842685663
750,"-1:-2|-1:-1|2:-2|2:1",4,TRUE,0,2,2,"off_axis",2.17869416052972,2.82842712474619,3,4,2,2.1607698869111,3,8,1,25,0,TRUE,25,33554432,0,1,25,25,0.833333333333333,2,0.666666666666667,0.166666666666667,0.688332449299089,8.33333333333333,6,10,1.37666489859818,9,8,10,1.01015254455221,8.33333333333333,6,10,1.37666489859818,0,2.1607698869111,2.82842712474619,0.606514171143573,"F4_R25",1.34906576393484,0.706508810356395,0.0523490600394965,0.271391979495859,1.07286376482578,3.45217937865238,0.878625134264232,112,"very_hard",4,4,16,2,4,4,4,16,2,4,1,7,0.4375,FALSE,FALSE,TRUE,0.335740804320094,3.11643857433228
786,"-1:-1|0:1|2:-2|2:1",4,TRUE,1,2,1,"mixed",1.86967716615477,2.82842712474619,2.5,4,2,2.1607698869111,3,8,1,25,0,TRUE,25,33554432,0,1,25,25,0.833333333333333,2,0.666666666666667,0.166666666666667,0.688332449299089,8.33333333333333,6,10,1.37666489859818,9,8,10,1.01015254455221,8.33333333333333,6,10,1.37666489859818,0,2.1607698869111,2.82842712474619,0.606514171143573,"F4_R25",1.34906576393484,0.706508810356395,0.0523490600394965,0.271391979495859,1.07286376482578,3.45217937865238,0.878625134264232,112,"very_hard",4,4,16,2,4,4,4,16,2,4,1,7,0.4375,FALSE,FALSE,TRUE,0.335740804320094,3.11643857433228
474,"-1:-1|0:1|2:1|2:2",4,TRUE,1,2,1,"mixed",1.86967716615477,2.82842712474619,2.5,4,2,2.0607698869111,2,8,1,25,0,TRUE,25,33554432,0,1,25,25,0.833333333333333,2,0.583333333333333,0.25,0.800640769025436,8.33333333333333,6,10,1.60128153805087,8,6,10,2.02030508910442,8.33333333333333,6,10,1.60128153805087,0,2.0607698869111,2.82842712474619,0.709637993158325,"F4_R25",0.705194983790766,-0.342004264885899,1.17015005204386,0.271391979495859,-0.134755835195509,1.66997691524908,0.697099892588614,281,"hard",4,4,16,2,4,4,4,16,1,4,1,6,0.375,FALSE,FALSE,TRUE,-1.44536581673403,3.1153427319831
666,"-1:0|0:-2|2:0|2:2",4,TRUE,3,1,0,"mixed",1.95710678118655,2.82842712474619,2.25,4,2,2.19574173292381,4,8,1,25,0,TRUE,25,33554432,0,1,25,25,0.833333333333333,2,0.583333333333333,0.25,0.800640769025436,8.33333333333333,6,10,1.60128153805087,9,8,10,1.01015254455221,8.33333333333333,6,10,1.60128153805087,0,2.19574173292381,2.82842712474619,0.556495225393037,"F4_R25",1.57423926168767,0.706508810356395,1.17015005204386,0.271391979495859,2.28048336484708,6.00277346843086,0.99140708915145,7,"very_hard",5,4,20,2,4,5,4,20,3,4,1,8,0.4,FALSE,FALSE,TRUE,2.90904364486504,3.09372982356582
691,"-1:-2|-1:0|2:0|2:2",4,TRUE,2,1,1,"mixed",2.01612377556149,2.82842712474619,2.5,4,2,2.19574173292381,4,8,1,25,0,TRUE,25,33554432,0,1,25,25,0.833333333333333,2,0.583333333333333,0.25,0.800640769025436,8.33333333333333,6,10,1.60128153805087,9,8,10,1.01015254455221,8.33333333333333,6,10,1.60128153805087,0,2.19574173292381,2.82842712474619,0.556495225393037,"F4_R25",1.57423926168767,0.706508810356395,1.17015005204386,0.271391979495859,2.28048336484708,6.00277346843086,0.99140708915145,7,"very_hard",5,4,20,2,4,5,4,20,3,4,1,8,0.4,FALSE,FALSE,TRUE,2.90904364486504,3.09372982356582
1354,"-1:-1|-1:1|-1:2|1:1",4,TRUE,0,3,1,"off_axis",1.61967716615477,2.23606797749979,2.25,3,2,1.85432037668651,1,8,1,25,0,TRUE,25,33554432,0,1,25,25,0.833333333333333,2,0.666666666666667,0.166666666666667,0.688332449299089,8.33333333333333,6,10,1.37666489859818,9,8,10,1.01015254455221,8.33333333333333,6,10,1.37666489859818,0,1.85432037668651,2.82842712474619,0.539027870445404,"F4_R25",-0.624073088295979,0.706508810356395,0.0523490600394965,0.271391979495859,-1.3423754352168,-0.936198673621029,0.37593984962406,580,"easy",4,3,12,2,3,4,3,12,0,4,1,5,0.416666666666667,FALSE,FALSE,TRUE,-4.01866865727897,3.08246998365794
482,"-1:-2|0:1|2:-2|2:-1",4,TRUE,1,1,2,"mixed",2.07514076993644,2.82842712474619,2.75,4,2,2.14295532842377,3,8,1,25,0,TRUE,25,33554432,0,1,25,25,0.833333333333333,2,0.583333333333333,0.25,0.800640769025436,8.33333333333333,6,10,1.60128153805087,8,6,10,2.02030508910442,8.33333333333333,6,10,1.60128153805087,0,2.14295532842377,2.82842712474619,0.67308779382795,"F4_R25",1.23436302722325,-0.342004264885899,1.17015005204386,0.271391979495859,1.07286376482578,3.40676455870285,0.873254564983888,117,"very_hard",4,4,16,2,4,4,4,16,2,4,1,7,0.4375,FALSE,FALSE,TRUE,0.335740804320094,3.07102375438275
684,"-1:-1|-1:2|2:-2|2:0",4,TRUE,1,2,1,"mixed",2.11967716615477,2.82842712474619,2.75,4,2,2.20153397218646,4,8,1,25,0,TRUE,25,33554432,0,1,25,25,0.833333333333333,2,0.666666666666667,0.166666666666667,0.688332449299089,8.33333333333333,6,10,1.37666489859818,10,10,10,0,8.33333333333333,6,10,1.37666489859818,0,2.20153397218646,2.82842712474619,0.412644815400057,"F4_R25",1.6115337978159,1.75502188559869,0.0523490600394965,0.271391979495859,2.28048336484708,5.97078008779702,0.986036519871106,12,"very_hard",5,4,20,2,4,5,4,20,3,4,1,8,0.4,FALSE,FALSE,TRUE,2.90904364486504,3.06173644293198
797,"-1:0|0:-2|2:-1|2:2",4,TRUE,2,1,1,"mixed",2.01612377556149,2.82842712474619,2.5,4,2,2.18371941369913,4,8,1,25,0,TRUE,25,33554432,0,1,25,25,0.833333333333333,2,0.583333333333333,0.25,0.800640769025436,8.33333333333333,6,10,1.60128153805087,9,8,10,1.01015254455221,8.33333333333333,6,10,1.60128153805087,0,2.18371941369913,2.82842712474619,0.507027856163868,"F4_R25",1.4968310611043,0.706508810356395,1.17015005204386,0.271391979495859,2.28048336484708,5.92536526784749,0.980665950590763,17,"very_hard",5,4,20,2,4,5,4,20,3,4,1,8,0.4,FALSE,FALSE,TRUE,2.90904364486504,3.01632162298245
816,"-1:-2|-1:0|2:-1|2:2",4,TRUE,1,1,2,"mixed",2.07514076993644,2.82842712474619,2.75,4,2,2.18371941369913,4,8,1,25,0,TRUE,25,33554432,0,1,25,25,0.833333333333333,2,0.583333333333333,0.25,0.800640769025436,8.33333333333333,6,10,1.60128153805087,9,8,10,1.01015254455221,8.33333333333333,6,10,1.60128153805087,0,2.18371941369913,2.82842712474619,0.507027856163868,"F4_R25",1.4968310611043,0.706508810356395,1.17015005204386,0.271391979495859,2.28048336484708,5.92536526784749,0.980665950590763,17,"very_hard",5,4,20,2,4,5,4,20,3,4,1,8,0.4,FALSE,FALSE,TRUE,2.90904364486504,3.01632162298245
502,"-1:-2|-1:-1|2:-2|2:-1",4,TRUE,0,2,2,"off_axis",2.17869416052972,2.82842712474619,3,4,2,1.91869125971184,2,8,1,25,0,TRUE,25,33554432,0,1,25,25,0.833333333333333,2,0.583333333333333,0.25,0.800640769025436,8.33333333333333,6,10,1.60128153805087,8,6,10,2.02030508910442,8.33333333333333,6,10,1.60128153805087,0,1.91869125971184,2.82842712474619,0.595001260414515,"F4_R25",-0.209607781575099,-0.342004264885899,1.17015005204386,0.271391979495859,-0.134755835195509,0.755174149883212,0.588614393125671,382,"medium",3,4,12,2,4,3,4,12,1,4,1,6,0.5,FALSE,FALSE,TRUE,-2.23756203622485,2.99273618610806
653,"-2:-2|-2:0|0:1|0:2",4,TRUE,3,1,0,"mixed",1.95710678118655,2.82842712474619,2.25,4,2,2.09574173292382,3,8,1,25,0,TRUE,25,33554432,0,1,25,25,0.833333333333333,2,0.583333333333333,0.25,0.800640769025436,8.33333333333333,6,10,1.60128153805087,8,6,10,2.02030508910442,8.33333333333333,6,10,1.60128153805087,0,2.09574173292382,2.82842712474619,0.673190239647906,"F4_R25",0.930368481543597,-0.342004264885899,1.17015005204386,0.271391979495859,1.07286376482578,3.1027700130232,0.849087003222342,137,"very_hard",5,3,15,2,4,5,3,15,2,4,1,7,0.466666666666667,FALSE,FALSE,TRUE,0.137691749447388,2.96507826357581
359,"-1:-1|-1:2|1:2|2:2",4,TRUE,0,2,2,"off_axis",2.17869416052972,2.82842712474619,3,4,2,2.13716308916112,3,8,1,25,0,TRUE,25,33554432,0,1,25,25,0.833333333333333,2,0.666666666666667,0.166666666666667,0.688332449299089,8.33333333333333,6,10,1.37666489859818,9,8,10,1.01015254455221,8.33333333333333,6,10,1.37666489859818,0,2.13716308916112,2.82842712474619,0.607850429635522,"F4_R25",1.19706849109502,0.706508810356395,0.0523490600394965,0.271391979495859,1.07286376482578,3.30018210581255,0.864661654135338,125,"very_hard",4,4,16,2,4,4,4,16,2,4,1,7,0.4375,FALSE,FALSE,TRUE,0.335740804320094,2.96444130149246
723,"-1:-2|0:1|1:-1|2:-2",4,TRUE,1,2,1,"mixed",1.86967716615477,2.82842712474619,2.5,4,2,2.04295532842377,2,8,1,25,0,TRUE,25,33554432,0,1,25,25,0.833333333333333,2,0.666666666666667,0.166666666666667,0.688332449299089,8.33333333333333,6,10,1.37666489859818,9,8,10,1.01015254455221,8.33333333333333,6,10,1.37666489859818,0,2.04295532842377,2.82842712474619,0.60215679580886,"F4_R25",0.590492247079168,0.706508810356395,0.0523490600394965,0.271391979495859,-0.134755835195509,1.48598626177541,0.672395273899033,294,"hard",4,4,16,2,4,4,4,16,1,4,1,6,0.375,FALSE,FALSE,TRUE,-1.44536581673403,2.93135207850944
965,"-1:-1|-1:1|1:0|2:-2",4,TRUE,1,3,0,"mixed",1.6642135623731,2.82842712474619,2.25,4,2,2.04295532842377,2,8,1,25,0,TRUE,25,33554432,0,1,25,25,0.833333333333333,2,0.666666666666667,0.166666666666667,0.688332449299089,8.33333333333333,6,10,1.37666489859818,9,8,10,1.01015254455221,8.33333333333333,6,10,1.37666489859818,0,2.04295532842377,2.82842712474619,0.60215679580886,"F4_R25",0.590492247079168,0.706508810356395,0.0523490600394965,0.271391979495859,-0.134755835195509,1.48598626177541,0.672395273899033,294,"hard",4,4,16,2,4,4,4,16,1,4,1,6,0.375,FALSE,FALSE,TRUE,-1.44536581673403,2.93135207850944
1357,"-1:-2|-1:-1|1:-1|2:1",4,TRUE,0,2,2,"off_axis",1.82514076993644,2.23606797749979,2.5,3,2,2.04295532842377,2,8,1,25,0,TRUE,25,33554432,0,1,25,25,0.833333333333333,2,0.666666666666667,0.166666666666667,0.688332449299089,8.33333333333333,6,10,1.37666489859818,9,8,10,1.01015254455221,8.33333333333333,6,10,1.37666489859818,0,2.04295532842377,2.82842712474619,0.60215679580886,"F4_R25",0.590492247079168,0.706508810356395,0.0523490600394965,0.271391979495859,-0.134755835195509,1.48598626177541,0.672395273899033,294,"hard",4,4,16,2,3,4,4,16,1,4,1,6,0.375,FALSE,FALSE,TRUE,-1.44536581673403,2.93135207850944
1367,"-1:-1|1:-2|1:1|2:1",4,TRUE,0,2,2,"off_axis",1.82514076993644,2.23606797749979,2.5,3,2,2.04295532842377,2,8,1,25,0,TRUE,25,33554432,0,1,25,25,0.833333333333333,2,0.666666666666667,0.166666666666667,0.688332449299089,8.33333333333333,6,10,1.37666489859818,9,8,10,1.01015254455221,8.33333333333333,6,10,1.37666489859818,0,2.04295532842377,2.82842712474619,0.60215679580886,"F4_R25",0.590492247079168,0.706508810356395,0.0523490600394965,0.271391979495859,-0.134755835195509,1.48598626177541,0.672395273899033,294,"hard",4,4,16,2,3,4,4,16,1,4,1,6,0.375,FALSE,FALSE,TRUE,-1.44536581673403,2.93135207850944
1408,"-1:-1|-1:2|1:1|2:1",4,TRUE,0,2,2,"off_axis",1.82514076993644,2.23606797749979,2.5,3,2,2.04295532842377,2,8,1,25,0,TRUE,25,33554432,0,1,25,25,0.833333333333333,2,0.666666666666667,0.166666666666667,0.688332449299089,8.33333333333333,6,10,1.37666489859818,9,8,10,1.01015254455221,8.33333333333333,6,10,1.37666489859818,0,2.04295532842377,2.82842712474619,0.60215679580886,"F4_R25",0.590492247079168,0.706508810356395,0.0523490600394965,0.271391979495859,-0.134755835195509,1.48598626177541,0.672395273899033,294,"hard",4,4,16,2,3,4,4,16,1,4,1,6,0.375,FALSE,FALSE,TRUE,-1.44536581673403,2.93135207850944
896,"-1:-1|0:2|1:-1|2:-2",4,TRUE,1,3,0,"mixed",1.9142135623731,2.82842712474619,2.5,4,2,2.00153397218646,2,8,1,25,0,TRUE,25,33554432,0,1,25,25,0.833333333333333,2,0.666666666666667,0.166666666666667,0.688332449299089,8.33333333333333,6,10,1.37666489859818,10,10,10,0,8.33333333333333,6,10,1.37666489859818,0,2.00153397218646,2.82842712474619,0.464114160026601,"F4_R25",0.323792237527746,1.75502188559869,0.0523490600394965,0.271391979495859,-0.134755835195509,2.26779932746628,0.762620837808808,220,"hard",5,4,20,2,4,5,4,20,1,4,1,6,0.3,FALSE,FALSE,TRUE,-0.653169597243203,2.92096892470948
654,"-1:-2|0:1|2:-2|2:0",4,TRUE,2,1,1,"mixed",2.01612377556149,2.82842712474619,2.5,4,2,2.21934853067379,4,8,1,25,0,TRUE,25,33554432,0,1,25,25,0.833333333333333,2,0.666666666666667,0.166666666666667,0.688332449299089,8.33333333333333,6,10,1.37666489859818,9,8,10,1.01015254455221,8.33333333333333,6,10,1.37666489859818,0,2.21934853067379,2.82842712474619,0.552260103168055,"F4_R25",1.7262365345275,0.706508810356395,0.0523490600394965,0.271391979495859,2.28048336484708,5.03696974926632,0.963480128893663,33,"very_hard",4,4,16,2,4,4,4,16,3,4,1,8,0.5,FALSE,FALSE,TRUE,2.11684742537422,2.92012232389211
785,"-1:-2|-1:0|2:-2|2:1",4,TRUE,1,1,2,"mixed",2.07514076993644,2.82842712474619,2.75,4,2,2.21934853067379,4,8,1,25,0,TRUE,25,33554432,0,1,25,25,0.833333333333333,2,0.666666666666667,0.166666666666667,0.688332449299089,8.33333333333333,6,10,1.37666489859818,9,8,10,1.01015254455221,8.33333333333333,6,10,1.37666489859818,0,2.21934853067379,2.82842712474619,0.552260103168055,"F4_R25",1.7262365345275,0.706508810356395,0.0523490600394965,0.271391979495859,2.28048336484708,5.03696974926632,0.963480128893663,33,"very_hard",4,4,16,2,4,4,4,16,3,4,1,8,0.5,FALSE,FALSE,TRUE,2.11684742537422,2.92012232389211
1535,"-1:-1|0:-2|1:-1|2:1",4,TRUE,1,2,1,"mixed",1.76612377556149,2.23606797749979,2.25,3,2,1.97858444539843,2,8,1,25,0,TRUE,25,33554432,0,1,25,25,0.833333333333333,2,0.583333333333333,0.25,0.800640769025436,8.33333333333333,6,10,1.60128153805087,10,10,10,0,8.33333333333333,6,10,1.60128153805087,0,1.97858444539843,2.82842712474619,0.562932394231188,"F4_R25",0.176026940358286,1.75502188559869,1.17015005204386,0.271391979495859,-0.134755835195509,3.23783502230119,0.855531686358754,135,"very_hard",4,4,16,2,3,4,4,16,2,4,1,7,0.4375,FALSE,FALSE,TRUE,0.335740804320094,2.90209421798109
38,"-2:0|-1:0",2,TRUE,2,0,0,"axis_only",1.5,2,1.5,2,2,1.33333333333333,1,4,2,25,0,TRUE,25,33554432,0,1,25,25,0.25,2,0.166666666666667,0.0833333333333333,0.596113387342175,5.5,2,6,1.19222677468435,4,2,6,2.02030508910442,5.5,2,6,1.19222677468435,0.166666666666667,1.33333333333333,2,0.577350269189626,"F2_R25",-1.7482835808214,-2.22370927986327,1.8228349548786,-1.00312153209238,-1.39805059083906,-4.55033002873751,0.0697674418604651,41,"very_easy",1,3,3,2,2,1,3,3,0,2,1,3,1,FALSE,FALSE,TRUE,-7.42826996324871,2.87793993451119
440,"-1:-1|-1:2|1:-2|2:-2",4,TRUE,0,2,2,"off_axis",2.17869416052972,2.82842712474619,3,4,2,2.0659048552118,3,8,1,25,0,TRUE,25,33554432,0,1,25,25,0.833333333333333,2,0.583333333333333,0.25,0.800640769025436,8.33333333333333,6,10,1.60128153805087,9,8,10,1.01015254455221,8.33333333333333,6,10,1.60128153805087,0,2.0659048552118,2.82842712474619,0.507758832969072,"F4_R25",0.738257544248626,0.706508810356395,1.17015005204386,0.271391979495859,1.07286376482578,3.95917215097052,0.924274973147154,67,"very_hard",5,4,20,2,4,5,4,20,2,4,1,7,0.35,FALSE,FALSE,TRUE,1.12793702381092,2.8312351271596
1355,"-1:-1|0:1|1:-2|1:-1",4,TRUE,1,2,1,"mixed",1.51612377556149,2.23606797749979,2,3,2,1.80087670122451,1,8,1,25,0,TRUE,25,33554432,0,1,25,25,0.833333333333333,2,0.583333333333333,0.25,0.800640769025436,8.33333333333333,6,10,1.60128153805087,8,6,10,2.02030508910442,8.33333333333333,6,10,1.60128153805087,0,1.80087670122451,2.23606797749979,0.534210847873044,"F4_R25",-0.968181298430773,-0.342004264885899,1.17015005204386,0.271391979495859,-1.3423754352168,-1.21101896699375,0.335123523093448,618,"easy",4,3,12,2,3,4,3,12,0,4,1,5,0.416666666666667,FALSE,FALSE,TRUE,-4.01866865727897,2.80764969028522
608,"-1:-1|0:-2|2:-2|2:0",4,TRUE,2,2,0,"mixed",2.06066017177982,2.82842712474619,2.5,4,2,2.09574173292382,3,8,1,25,0,TRUE,25,33554432,0,1,25,25,0.833333333333333,2,0.666666666666667,0.166666666666667,0.688332449299089,8.33333333333333,6,10,1.37666489859818,10,10,10,0,8.33333333333333,6,10,1.37666489859818,0,2.09574173292382,2.82842712474619,0.480585972053891,"F4_R25",0.930368481543597,1.75502188559869,0.0523490600394965,0.271391979495859,1.07286376482578,4.08199517150343,0.93609022556391,60,"very_hard",3,4,12,2,4,3,4,12,3,4,1,8,0.666666666666667,FALSE,FALSE,TRUE,1.32465120588339,2.75734396562003
997,"-1:-1|-1:0|1:1|2:-2",4,TRUE,1,3,0,"mixed",1.6642135623731,2.82842712474619,2.25,4,2,2.00219124314841,2,8,1,25,0,TRUE,25,33554432,0,1,25,25,0.833333333333333,2,0.583333333333333,0.25,0.800640769025436,8.33333333333333,6,10,1.60128153805087,8,8,8,0,8.33333333333333,6,10,1.60128153805087,0,2.00219124314841,2.82842712474619,0.738790472371199,"F4_R25",0.328024213198112,-0.342004264885899,1.17015005204386,0.271391979495859,-0.134755835195509,1.29280614465642,0.644468313641246,330,"hard",4,4,16,2,4,4,4,16,1,4,1,6,0.375,FALSE,FALSE,TRUE,-1.44536581673403,2.73817196139045
1540,"-1:-1|-1:1|1:-2|2:1",4,TRUE,0,2,2,"off_axis",1.82514076993644,2.23606797749979,2.5,3,2,2.14295532842377,3,8,1,25,0,TRUE,25,33554432,0,1,25,25,0.833333333333333,2,0.75,0.0833333333333333,0.553694392684741,8.33333333333333,6,10,1.10738878536948,10,10,10,0,8.33333333333333,6,10,1.10738878536948,0,2.14295532842377,2.82842712474619,0.480442458550402,"F4_R25",1.23436302722325,1.75502188559869,-1.2876990647278,0.271391979495859,1.07286376482578,3.04594159241578,0.835660580021482,152,"very_hard",4,4,16,2,3,4,4,16,2,4,1,7,0.4375,FALSE,FALSE,TRUE,0.335740804320094,2.71020078809568
895,"-1:-1|1:-1|1:2|2:-2",4,TRUE,0,3,1,"off_axis",1.97323055674804,2.82842712474619,2.75,4,2,1.97858444539843,1,8,1,25,0,TRUE,25,33554432,0,1,25,25,0.833333333333333,2,0.583333333333333,0.25,0.800640769025436,8.33333333333333,6,10,1.60128153805087,10,10,10,0,8.33333333333333,6,10,1.60128153805087,0,1.97858444539843,2.82842712474619,0.562932394231188,"F4_R25",0.176026940358286,1.75502188559869,1.17015005204386,0.271391979495859,-1.3423754352168,2.03021542227989,0.732008592910849,250,"hard",5,4,20,2,4,5,4,20,1,4,1,6,0.3,FALSE,FALSE,TRUE,-0.653169597243203,2.6833850195231
766,"-1:-1|1:-2|2:-1|2:2",4,TRUE,0,2,2,"off_axis",2.17869416052972,2.82842712474619,3,4,2,2.0607698869111,2,8,1,25,0,TRUE,25,33554432,0,1,25,25,0.833333333333333,2,0.583333333333333,0.25,0.800640769025436,8.33333333333333,6,10,1.60128153805087,10,10,10,0,8.33333333333333,6,10,1.60128153805087,0,2.0607698869111,2.82842712474619,0.530437422427522,"F4_R25",0.705194983790766,1.75502188559869,1.17015005204386,0.271391979495859,-0.134755835195509,3.76700306573367,0.902792696025779,87,"very_hard",5,4,20,2,4,5,4,20,2,4,1,7,0.35,FALSE,FALSE,TRUE,1.12793702381092,2.63906604192275
639,"-1:-2|0:2|2:0|2:2",4,TRUE,2,1,1,"mixed",2.26612377556149,2.82842712474619,2.75,4,2,2.23716308916112,4,8,1,25,0,TRUE,25,33554432,0,1,25,25,0.833333333333333,2,0.583333333333333,0.25,0.800640769025436,8.33333333333333,6,10,1.60128153805087,10,10,10,0,8.33333333333333,6,10,1.60128153805087,0,2.23716308916112,2.82842712474619,0.4655955713982,"F4_R25",1.84093927123909,1.75502188559869,1.17015005204386,0.271391979495859,2.28048336484708,7.31798655322458,1,1,"very_hard",5,4,20,2,4,5,4,20,4,4,1,9,0.45,FALSE,FALSE,TRUE,4.69015026591916,2.62783628730542
753,"-1:-1|-1:1|-1:2|2:2",4,TRUE,0,3,1,"off_axis",1.97323055674804,2.82842712474619,2.75,4,2,1.99574173292381,2,8,1,25,0,TRUE,25,33554432,0,1,25,25,0.833333333333333,2,0.666666666666667,0.166666666666667,0.688332449299089,8.33333333333333,6,10,1.37666489859818,9,8,10,1.01015254455221,8.33333333333333,6,10,1.37666489859818,0,1.99574173292381,2.82842712474619,0.593497107983451,"F4_R25",0.286497701399519,0.706508810356395,0.0523490600394965,0.271391979495859,-0.134755835195509,1.18199171609576,0.639097744360902,335,"hard",4,4,16,2,4,4,4,16,1,4,1,6,0.375,FALSE,FALSE,TRUE,-1.44536581673403,2.62735753282979
470,"-2:-2|-1:-2|-1:0|2:0",4,TRUE,2,1,1,"mixed",2.01612377556149,2.82842712474619,2.5,4,2,2.03650581819918,3,8,1,25,0,TRUE,25,33554432,0,1,25,25,0.833333333333333,2,0.583333333333333,0.25,0.800640769025436,8.33333333333333,6,10,1.60128153805087,8,6,10,2.02030508910442,8.33333333333333,6,10,1.60128153805087,0,2.03650581819918,2.82842712474619,0.625960641681523,"F4_R25",0.548965735280577,-0.342004264885899,1.17015005204386,0.271391979495859,1.07286376482578,2.72136726676018,0.798603651987111,184,"hard",3,5,15,2,4,3,5,15,2,4,1,7,0.466666666666667,FALSE,FALSE,TRUE,0.137691749447388,2.58367551731279
784,"-2:-1|-2:2|0:-2|0:-1",4,TRUE,2,1,1,"mixed",2.01612377556149,2.82842712474619,2.5,4,2,2.03650581819918,3,8,1,25,0,TRUE,25,33554432,0,1,25,25,0.833333333333333,2,0.583333333333333,0.25,0.800640769025436,8.33333333333333,6,10,1.60128153805087,8,6,10,2.02030508910442,8.33333333333333,6,10,1.60128153805087,0,2.03650581819918,2.82842712474619,0.625960641681523,"F4_R25",0.548965735280577,-0.342004264885899,1.17015005204386,0.271391979495859,1.07286376482578,2.72136726676018,0.798603651987111,184,"hard",5,3,15,2,4,5,3,15,2,4,1,7,0.466666666666667,FALSE,FALSE,TRUE,0.137691749447388,2.58367551731279
356,"-1:-2|1:-2|2:-2|2:1",4,TRUE,0,1,3,"off_axis",2.38415776431139,2.82842712474619,3.25,4,2,2.16011261594915,4,8,1,25,0,TRUE,25,33554432,0,1,25,25,0.833333333333333,2,0.666666666666667,0.166666666666667,0.688332449299089,8.33333333333333,6,10,1.37666489859818,9,8,10,1.01015254455221,8.33333333333333,6,10,1.37666489859818,0,2.16011261594915,2.82842712474619,0.509807683148267,"F4_R25",1.34483378826448,0.706508810356395,0.0523490600394965,0.271391979495859,2.28048336484708,4.6555670030033,0.958109559613319,38,"very_hard",4,4,16,2,4,4,4,16,3,4,1,8,0.5,FALSE,FALSE,TRUE,2.11684742537422,2.53871957762909
358,"-1:-2|0:1|1:-2|2:-2",4,TRUE,1,1,2,"mixed",2.07514076993644,2.82842712474619,2.75,4,2,2.06011261594915,3,8,1,25,0,TRUE,25,33554432,0,1,25,25,0.833333333333333,2,0.583333333333333,0.25,0.800640769025436,8.33333333333333,6,10,1.60128153805087,8,8,8,0,8.33333333333333,6,10,1.60128153805087,0,2.06011261594915,2.82842712474619,0.628875548196174,"F4_R25",0.7009630081204,-0.342004264885899,1.17015005204386,0.271391979495859,1.07286376482578,2.8733645396,0.815252416756176,173,"very_hard",4,4,16,2,4,4,4,16,2,4,1,7,0.4375,FALSE,FALSE,TRUE,0.335740804320094,2.53762373527991
1539,"-1:-1|0:1|1:-2|2:1",4,TRUE,1,1,2,"mixed",1.72158737934317,2.23606797749979,2.25,3,2,2.0659048552118,3,8,1,25,0,TRUE,25,33554432,0,1,25,25,0.833333333333333,2,0.666666666666667,0.166666666666667,0.688332449299089,8.33333333333333,6,10,1.37666489859818,9,8,10,1.01015254455221,8.33333333333333,6,10,1.37666489859818,0,2.0659048552118,2.82842712474619,0.507758832969072,"F4_R25",0.738257544248626,0.706508810356395,0.0523490600394965,0.271391979495859,1.07286376482578,2.84137115896616,0.809344790547798,174,"very_hard",4,4,16,2,3,4,4,16,2,4,1,7,0.4375,FALSE,FALSE,TRUE,0.335740804320094,2.50563035464607
1091,"-1:-2|1:-2|2:-1|2:0",4,TRUE,1,0,3,"mixed",2.17705098312484,2.23606797749979,2.75,3,2,2.04229805746182,3,8,1,25,0,TRUE,25,33554432,0,1,25,25,0.833333333333333,2,0.583333333333333,0.25,0.800640769025436,8.33333333333333,6,10,1.60128153805087,9,8,10,1.01015254455221,8.33333333333333,6,10,1.60128153805087,0,2.04229805746182,2.82842712474619,0.504445398969847,"F4_R25",0.586260271408802,0.706508810356395,1.17015005204386,0.271391979495859,1.07286376482578,3.8071748781307,0.913533834586466,77,"very_hard",3,4,12,2,3,3,4,12,3,4,1,8,0.666666666666667,FALSE,FALSE,TRUE,1.32465120588339,2.48252367224731
798,"-1:-1|0:-2|2:-1|2:2",4,TRUE,1,2,1,"mixed",2.11967716615477,2.82842712474619,2.75,4,2,2.11934853067379,3,8,1,25,0,TRUE,25,33554432,0,1,25,25,0.833333333333333,2,0.583333333333333,0.25,0.800640769025436,8.33333333333333,6,10,1.60128153805087,10,10,10,0,8.33333333333333,6,10,1.60128153805087,0,2.11934853067379,2.82842712474619,0.481158100063252,"F4_R25",1.08236575438342,1.75502188559869,1.17015005204386,0.271391979495859,1.07286376482578,5.35179343634761,0.97422126745435,23,"very_hard",5,4,20,2,4,5,4,20,3,4,1,8,0.4,FALSE,FALSE,TRUE,2.90904364486504,2.44274979148257
626,"-1:-2|1:2|2:-2|2:0",4,TRUE,1,1,2,"mixed",2.32514076993644,2.82842712474619,3,4,2,2.20153397218646,4,8,1,25,0,TRUE,25,33554432,0,1,25,25,0.833333333333333,2,0.583333333333333,0.25,0.800640769025436,8.33333333333333,6,10,1.60128153805087,10,10,10,0,8.33333333333333,6,10,1.60128153805087,0,2.20153397218646,2.82842712474619,0.412644815400057,"F4_R25",1.6115337978159,1.75502188559869,1.17015005204386,0.271391979495859,2.28048336484708,7.08858107980138,0.996777658431794,2,"very_hard",5,4,20,2,4,5,4,20,4,4,1,9,0.45,FALSE,FALSE,TRUE,4.69015026591916,2.39843081388222
680,"-1:-2|0:2|2:-1|2:2",4,TRUE,1,1,2,"mixed",2.32514076993644,2.82842712474619,3,4,2,2.20153397218646,4,8,1,25,0,TRUE,25,33554432,0,1,25,25,0.833333333333333,2,0.583333333333333,0.25,0.800640769025436,8.33333333333333,6,10,1.60128153805087,10,10,10,0,8.33333333333333,6,10,1.60128153805087,0,2.20153397218646,2.82842712474619,0.412644815400057,"F4_R25",1.6115337978159,1.75502188559869,1.17015005204386,0.271391979495859,2.28048336484708,7.08858107980138,0.996777658431794,2,"very_hard",5,4,20,2,4,5,4,20,4,4,1,9,0.45,FALSE,FALSE,TRUE,4.69015026591916,2.39843081388222
1366,"-1:-2|-1:-1|0:1|2:-1",4,TRUE,1,1,2,"mixed",1.72158737934317,2.23606797749979,2.25,3,2,1.94229805746182,2,8,1,25,0,TRUE,25,33554432,0,1,25,25,0.833333333333333,2,0.583333333333333,0.25,0.800640769025436,8.33333333333333,6,10,1.60128153805087,8,6,10,2.02030508910442,8.33333333333333,6,10,1.60128153805087,0,1.94229805746182,2.82842712474619,0.603212009882676,"F4_R25",-0.0576105087352749,-0.342004264885899,1.17015005204386,0.271391979495859,-0.134755835195509,0.907171422723036,0.623523093447905,347,"hard",4,4,16,2,3,4,4,16,1,4,1,6,0.375,FALSE,FALSE,TRUE,-1.44536581673403,2.35253723945706
1402,"-1:-2|-1:-1|0:1|2:0",4,TRUE,2,1,1,"mixed",1.66257038496822,2.23606797749979,2,3,2,1.94229805746182,2,8,1,25,0,TRUE,25,33554432,0,1,25,25,0.833333333333333,2,0.583333333333333,0.25,0.800640769025436,8.33333333333333,6,10,1.60128153805087,8,6,10,2.02030508910442,8.33333333333333,6,10,1.60128153805087,0,1.94229805746182,2.82842712474619,0.603212009882676,"F4_R25",-0.0576105087352749,-0.342004264885899,1.17015005204386,0.271391979495859,-0.134755835195509,0.907171422723036,0.623523093447905,347,"hard",4,4,16,2,3,4,4,16,1,4,1,6,0.375,FALSE,FALSE,TRUE,-1.44536581673403,2.35253723945706
1510,"-1:-1|-1:1|1:-2|2:0",4,TRUE,1,2,1,"mixed",1.76612377556149,2.23606797749979,2.25,3,2,2.08371941369913,3,8,1,25,0,TRUE,25,33554432,0,1,25,25,0.833333333333333,2,0.75,0.0833333333333333,0.553694392684741,8.33333333333333,6,10,1.10738878536948,10,10,10,0,8.33333333333333,6,10,1.10738878536948,0,2.08371941369913,2.82842712474619,0.419143842948326,"F4_R25",0.852960280960224,1.75502188559869,-1.2876990647278,0.271391979495859,1.07286376482578,2.66453884615276,0.790547798066595,194,"hard",4,4,16,2,3,4,4,16,2,4,1,7,0.4375,FALSE,FALSE,TRUE,0.335740804320094,2.32879804183266
1525,"-1:-1|-1:0|1:-2|2:1",4,TRUE,1,1,2,"mixed",1.72158737934317,2.23606797749979,2.25,3,2,2.02514076993644,3,8,1,25,0,TRUE,25,33554432,0,1,25,25,0.833333333333333,2,0.583333333333333,0.25,0.800640769025436,8.33333333333333,6,10,1.60128153805087,8,8,8,0,8.33333333333333,6,10,1.60128153805087,0,2.02514076993644,2.82842712474619,0.665669973236015,"F4_R25",0.47578951036757,-0.342004264885899,1.17015005204386,0.271391979495859,1.07286376482578,2.64819104184717,0.785177228786251,199,"hard",4,4,16,2,3,4,4,16,2,4,1,7,0.4375,FALSE,FALSE,TRUE,0.335740804320094,2.31245023752708
1302,"-1:-1|0:1|1:2|2:1",4,TRUE,1,1,2,"mixed",1.72158737934317,2.23606797749979,2.25,3,2,1.9607698869111,1,8,1,25,0,TRUE,25,33554432,0,1,25,25,0.833333333333333,2,0.583333333333333,0.25,0.800640769025436,8.33333333333333,6,10,1.60128153805087,9,8,10,1.01015254455221,8.33333333333333,6,10,1.60128153805087,0,1.9607698869111,2.82842712474619,0.628385453702687,"F4_R25",0.0613242036466893,0.706508810356395,1.17015005204386,0.271391979495859,-1.3423754352168,0.866999610326002,0.61546723952739,357,"hard",4,4,16,2,3,4,4,16,1,4,1,6,0.375,FALSE,FALSE,TRUE,-1.44536581673403,2.31236542706003
490,"-1:-2|-1:0|1:2|2:2",4,TRUE,1,1,2,"mixed",2.07514076993644,2.82842712474619,2.75,4,2,2.14295532842377,3,8,1,25,0,TRUE,25,33554432,0,1,25,25,0.833333333333333,2,0.583333333333333,0.25,0.800640769025436,8.33333333333333,6,10,1.60128153805087,8,6,10,2.02030508910442,8.33333333333333,6,10,1.60128153805087,0,2.14295532842377,2.82842712474619,0.67308779382795,"F4_R25",1.23436302722325,-0.342004264885899,1.17015005204386,0.271391979495859,1.07286376482578,3.40676455870285,0.873254564983888,117,"very_hard",5,4,20,2,4,5,4,20,2,4,1,7,0.35,FALSE,FALSE,TRUE,1.12793702381092,2.27882753489193
1356,"-1:-1|-1:1|1:-2|1:-1",4,TRUE,0,3,1,"off_axis",1.61967716615477,2.23606797749979,2.25,3,2,1.93716308916112,1,8,1,25,0,TRUE,25,33554432,0,1,25,25,0.833333333333333,2,0.75,0.0833333333333333,0.553694392684741,8.33333333333333,6,10,1.10738878536948,9,8,10,1.01015254455221,8.33333333333333,6,10,1.10738878536948,0,1.93716308916112,2.82842712474619,0.621288236911133,"F4_R25",-0.0906730691931347,0.706508810356395,-1.2876990647278,0.271391979495859,-1.3423754352168,-1.74284677928548,0.264232008592911,684,"easy",4,3,12,2,3,4,3,12,0,4,1,5,0.416666666666667,FALSE,FALSE,TRUE,-4.01866865727897,2.27582187799349
399,"-1:0|1:-2|1:-1|2:-2",4,TRUE,1,2,1,"mixed",1.86967716615477,2.82842712474619,2.5,4,2,1.87858444539843,1,8,1,25,0,TRUE,25,33554432,0,1,25,25,0.833333333333333,2,0.583333333333333,0.25,0.800640769025436,8.33333333333333,6,10,1.60128153805087,7,6,8,1.01015254455221,8.33333333333333,6,10,1.60128153805087,0,1.87858444539843,2.82842712474619,0.796464745336163,"F4_R25",-0.467843839785789,-1.39051734012819,1.17015005204386,0.271391979495859,-1.3423754352168,-1.75919458359107,0.258861439312567,689,"easy",3,4,12,2,4,3,4,12,0,4,1,5,0.416666666666667,FALSE,FALSE,TRUE,-4.01866865727897,2.25947407368791
1395,"-1:-1|-1:0|1:1|1:2",4,TRUE,1,2,1,"mixed",1.51612377556149,2.23606797749979,2,3,2,1.87858444539843,1,8,1,25,0,TRUE,25,33554432,0,1,25,25,0.833333333333333,2,0.583333333333333,0.25,0.800640769025436,8.33333333333333,6,10,1.60128153805087,7,6,8,1.01015254455221,8.33333333333333,6,10,1.60128153805087,0,1.87858444539843,2.82842712474619,0.796464745336163,"F4_R25",-0.467843839785789,-1.39051734012819,1.17015005204386,0.271391979495859,-1.3423754352168,-1.75919458359107,0.258861439312567,689,"easy",4,3,12,2,3,4,3,12,0,4,1,5,0.416666666666667,FALSE,FALSE,TRUE,-4.01866865727897,2.25947407368791
719,"-1:-2|-1:0|1:-1|2:-2",4,TRUE,1,2,1,"mixed",1.86967716615477,2.82842712474619,2.5,4,2,2.01934853067379,2,8,1,25,0,TRUE,25,33554432,0,1,25,25,0.833333333333333,2,0.75,0.0833333333333333,0.553694392684741,8.33333333333333,6,10,1.10738878536948,9,8,10,1.01015254455221,8.33333333333333,6,10,1.10738878536948,0,2.01934853067379,2.82842712474619,0.598360270206642,"F4_R25",0.438494974239344,0.706508810356395,-1.2876990647278,0.271391979495859,-0.134755835195509,-0.00605913583171158,0.488184747583244,473,"medium",3,4,12,2,4,3,4,12,1,4,1,6,0.5,FALSE,FALSE,TRUE,-2.23756203622485,2.23150290039314
1242,"-1:-1|-1:2|1:1|1:2",4,TRUE,0,2,2,"off_axis",1.82514076993644,2.23606797749979,2.5,3,2,2.01934853067379,2,8,1,25,0,TRUE,25,33554432,0,1,25,25,0.833333333333333,2,0.75,0.0833333333333333,0.553694392684741,8.33333333333333,6,10,1.10738878536948,9,8,10,1.01015254455221,8.33333333333333,6,10,1.10738878536948,0,2.01934853067379,2.82842712474619,0.598360270206642,"F4_R25",0.438494974239344,0.706508810356395,-1.2876990647278,0.271391979495859,-0.134755835195509,-0.00605913583171158,0.488184747583244,473,"medium",4,3,12,2,3,4,3,12,1,4,1,6,0.5,FALSE,FALSE,TRUE,-2.23756203622485,2.23150290039314
19,"-1:-2|0:-2",2,TRUE,1,0,1,"mixed",2.11803398874989,2.23606797749979,2.5,3,2,1.74535599249993,2,8,1,25,0,TRUE,25,33554432,0,1,25,25,0.25,1,0.25,0,0.43373619897468,5.5,4,6,0.86747239794936,5,4,6,1.01015254455221,5.5,4,6,0.86747239794936,0.25,1.74535599249993,2.23606797749979,0.656200189855868,"F2_R25",-0.560083402418331,-0.718429151955826,-0.536127927905471,0.762372364390212,0,-1.05226811788942,0.302325581395349,30,"easy",3,2,6,2,3,3,2,6,2,2,1,5,0.833333333333333,FALSE,FALSE,TRUE,-3.27190955652235,2.21964143863293
688,"-1:-2|0:2|1:-1|2:2",4,TRUE,1,2,1,"mixed",2.11967716615477,2.82842712474619,2.75,4,2,2.08371941369913,3,8,1,25,0,TRUE,25,33554432,0,1,25,25,0.833333333333333,2,0.583333333333333,0.25,0.800640769025436,8.33333333333333,6,10,1.60128153805087,10,10,10,0,8.33333333333333,6,10,1.60128153805087,0,2.08371941369913,2.82842712474619,0.419143842948326,"F4_R25",0.852960280960224,1.75502188559869,1.17015005204386,0.271391979495859,1.07286376482578,5.12238796292442,0.968850698174006,28,"very_hard",5,4,20,2,4,5,4,20,3,4,1,8,0.4,FALSE,FALSE,TRUE,2.90904364486504,2.21334431805938
1513,"-1:-1|0:2|1:-2|2:0",4,TRUE,2,1,1,"mixed",1.91257038496822,2.23606797749979,2.25,3,2,2.08371941369913,3,8,1,25,0,TRUE,25,33554432,0,1,25,25,0.833333333333333,2,0.583333333333333,0.25,0.800640769025436,8.33333333333333,6,10,1.60128153805087,10,10,10,0,8.33333333333333,6,10,1.60128153805087,0,2.08371941369913,2.82842712474619,0.419143842948326,"F4_R25",0.852960280960224,1.75502188559869,1.17015005204386,0.271391979495859,1.07286376482578,5.12238796292442,0.968850698174006,28,"very_hard",5,4,20,2,3,5,4,20,3,4,1,8,0.4,FALSE,FALSE,TRUE,2.90904364486504,2.21334431805938
1349,"-1:-1|1:-2|1:-1|2:0",4,TRUE,1,2,1,"mixed",1.76612377556149,2.23606797749979,2.25,3,2,1.81869125971184,1,8,1,25,0,TRUE,25,33554432,0,1,25,25,0.833333333333333,2,0.583333333333333,0.25,0.800640769025436,8.33333333333333,6,10,1.60128153805087,9,8,10,1.01015254455221,8.33333333333333,6,10,1.60128153805087,0,1.81869125971184,2.23606797749979,0.46231555102518,"F4_R25",-0.853478561719174,0.706508810356395,1.17015005204386,0.271391979495859,-1.3423754352168,-0.0478031550398619,0.480128893662728,483,"medium",3,4,12,2,3,3,4,12,1,4,1,6,0.5,FALSE,FALSE,TRUE,-2.23756203622485,2.18975888118499
1664,"-1:-1|-1:1|0:-2|1:0",4,TRUE,2,2,0,"mixed",1.45710678118655,2,1.75,2,2,1.81869125971184,1,8,1,25,0,TRUE,25,33554432,0,1,25,25,0.833333333333333,2,0.583333333333333,0.25,0.800640769025436,8.33333333333333,6,10,1.60128153805087,9,8,10,1.01015254455221,8.33333333333333,6,10,1.60128153805087,0,1.81869125971184,2.23606797749979,0.46231555102518,"F4_R25",-0.853478561719174,0.706508810356395,1.17015005204386,0.271391979495859,-1.3423754352168,-0.0478031550398619,0.480128893662728,483,"medium",4,3,12,2,2,4,3,12,1,4,1,6,0.5,FALSE,FALSE,TRUE,-2.23756203622485,2.18975888118499
911,"-1:0|0:-2|1:1|2:2",4,TRUE,2,2,0,"mixed",1.81066017177982,2.82842712474619,2.25,4,2,2.04295532842377,2,8,1,25,0,TRUE,25,33554432,0,1,25,25,0.833333333333333,2,0.666666666666667,0.166666666666667,0.688332449299089,8.33333333333333,6,10,1.37666489859818,9,8,10,1.01015254455221,8.33333333333333,6,10,1.37666489859818,0,2.04295532842377,2.82842712474619,0.60215679580886,"F4_R25",0.590492247079168,0.706508810356395,0.0523490600394965,0.271391979495859,-0.134755835195509,1.48598626177541,0.672395273899033,294,"hard",5,4,20,2,4,5,4,20,1,4,1,6,0.3,FALSE,FALSE,TRUE,-0.653169597243203,2.13915585901861
1019,"-1:-2|-1:-1|1:-1|2:2",4,TRUE,0,3,1,"off_axis",1.97323055674804,2.82842712474619,2.75,4,2,2.04295532842377,2,8,1,25,0,TRUE,25,33554432,0,1,25,25,0.833333333333333,2,0.666666666666667,0.166666666666667,0.688332449299089,8.33333333333333,6,10,1.37666489859818,9,8,10,1.01015254455221,8.33333333333333,6,10,1.37666489859818,0,2.04295532842377,2.82842712474619,0.60215679580886,"F4_R25",0.590492247079168,0.706508810356395,0.0523490600394965,0.271391979495859,-0.134755835195509,1.48598626177541,0.672395273899033,294,"hard",5,4,20,2,4,5,4,20,1,4,1,6,0.3,FALSE,FALSE,TRUE,-0.653169597243203,2.13915585901861
601,"-1:-2|1:0|2:0|2:2",4,TRUE,2,1,1,"mixed",2.01612377556149,2.82842712474619,2.5,4,2,2.11934853067379,3,8,1,25,0,TRUE,25,33554432,0,1,25,25,0.833333333333333,2,0.583333333333333,0.25,0.800640769025436,8.33333333333333,6,10,1.60128153805087,8,6,10,2.02030508910442,8.33333333333333,6,10,1.60128153805087,0,2.11934853067379,2.82842712474619,0.673598797117914,"F4_R25",1.08236575438342,-0.342004264885899,1.17015005204386,0.271391979495859,1.07286376482578,3.25476728586302,0.859291084854995,130,"very_hard",5,4,20,2,4,5,4,20,2,4,1,7,0.35,FALSE,FALSE,TRUE,1.12793702381092,2.12683026205211
972,"-1:-2|-1:0|1:0|2:2",4,TRUE,2,1,1,"mixed",1.76612377556149,2.82842712474619,2.25,4,2,2.11934853067379,3,8,1,25,0,TRUE,25,33554432,0,1,25,25,0.833333333333333,2,0.583333333333333,0.25,0.800640769025436,8.33333333333333,6,10,1.60128153805087,8,6,10,2.02030508910442,8.33333333333333,6,10,1.60128153805087,0,2.11934853067379,2.82842712474619,0.673598797117914,"F4_R25",1.08236575438342,-0.342004264885899,1.17015005204386,0.271391979495859,1.07286376482578,3.25476728586302,0.859291084854995,130,"very_hard",5,4,20,2,4,5,4,20,2,4,1,7,0.35,FALSE,FALSE,TRUE,1.12793702381092,2.12683026205211
1289,"-1:-1|1:-2|1:-1|2:-1",4,TRUE,0,2,2,"off_axis",1.82514076993644,2.23606797749979,2.5,3,2,1.69508446196187,1,8,1,25,0,TRUE,25,33554432,0,1,25,25,0.833333333333333,2,0.583333333333333,0.25,0.800640769025436,8.33333333333333,6,10,1.60128153805087,8,8,8,0,8.33333333333333,6,10,1.60128153805087,0,1.69508446196187,2.23606797749979,0.501872789122517,"F4_R25",-1.64934661470308,-0.342004264885899,1.17015005204386,0.271391979495859,-1.3423754352168,-1.89218428326606,0.253490870032223,694,"easy",3,4,12,2,3,3,4,12,0,4,1,5,0.416666666666667,FALSE,FALSE,TRUE,-4.01866865727897,2.12648437401292
1006,"-1:-1|0:-2|1:-1|2:2",4,TRUE,1,3,0,"mixed",1.9142135623731,2.82842712474619,2.5,4,2,1.97858444539843,2,8,1,25,0,TRUE,25,33554432,0,1,25,25,0.833333333333333,2,0.583333333333333,0.25,0.800640769025436,8.33333333333333,6,10,1.60128153805087,10,10,10,0,8.33333333333333,6,10,1.60128153805087,0,1.97858444539843,2.82842712474619,0.562932394231188,"F4_R25",0.176026940358286,1.75502188559869,1.17015005204386,0.271391979495859,-0.134755835195509,3.23783502230119,0.855531686358754,135,"very_hard",5,4,20,2,4,5,4,20,2,4,1,7,0.35,FALSE,FALSE,TRUE,1.12793702381092,2.10989799849027
554,"-1:-2|0:-2|2:-2|2:1",4,TRUE,1,1,2,"mixed",2.32514076993644,2.82842712474619,3,4,2,2.19574173292381,4,8,1,25,0,TRUE,25,33554432,0,1,25,25,0.833333333333333,2,0.583333333333333,0.25,0.800640769025436,8.33333333333333,6,10,1.60128153805087,9,8,10,1.01015254455221,8.33333333333333,6,10,1.60128153805087,0,2.19574173292381,2.82842712474619,0.556495225393037,"F4_R25",1.57423926168767,0.706508810356395,1.17015005204386,0.271391979495859,2.28048336484708,6.00277346843086,0.99140708915145,7,"very_hard",4,4,16,2,4,4,4,16,4,4,1,9,0.5625,FALSE,FALSE,TRUE,3.89795404642834,2.10481942200252
23,"-1:-2|0:-1",2,TRUE,1,0,1,"mixed",1.61803398874989,2.23606797749979,2,3,2,1.5500938466243,1,8,1,25,0,TRUE,25,33554432,0,1,25,25,0.25,1,0.25,0,0.43373619897468,5.5,4,6,0.86747239794936,5,4,6,1.01015254455221,5.5,4,6,0.86747239794936,0.25,1.5500938466243,2.23606797749979,0.629137186936399,"F2_R25",-1.12318475474222,-0.718429151955826,-0.536127927905471,0.762372364390212,-1.39805059083906,-3.01342006105237,0.13953488372093,37,"very_easy",3,2,6,2,3,3,2,6,1,2,1,4,0.666666666666667,FALSE,FALSE,TRUE,-5.05301617757647,2.0395961165241
1149,"-1:-2|0:-2|2:-1|2:1",4,TRUE,1,0,3,"mixed",2.17705098312484,2.23606797749979,2.75,3,2,2.18371941369913,4,8,1,25,0,TRUE,25,33554432,0,1,25,25,0.833333333333333,2,0.583333333333333,0.25,0.800640769025436,8.33333333333333,6,10,1.60128153805087,9,8,10,1.01015254455221,8.33333333333333,6,10,1.60128153805087,0,2.18371941369913,2.82842712474619,0.507027856163868,"F4_R25",1.4968310611043,0.706508810356395,1.17015005204386,0.271391979495859,2.28048336484708,5.92536526784749,0.980665950590763,17,"very_hard",4,4,16,2,3,4,4,16,4,4,1,9,0.5625,FALSE,FALSE,TRUE,3.89795404642834,2.02741122141915
483,"-1:-1|0:1|2:-2|2:-1",4,TRUE,1,2,1,"mixed",1.86967716615477,2.82842712474619,2.5,4,2,2.0607698869111,2,8,1,25,0,TRUE,25,33554432,0,1,25,25,0.833333333333333,2,0.666666666666667,0.166666666666667,0.688332449299089,8.33333333333333,6,10,1.37666489859818,8,6,10,2.02030508910442,8.33333333333333,6,10,1.37666489859818,0,2.0607698869111,2.82842712474619,0.709637993158325,"F4_R25",0.705194983790766,-0.342004264885899,0.0523490600394965,0.271391979495859,-0.134755835195509,0.552175923244714,0.570354457572503,399,"medium",4,4,16,2,4,4,4,16,1,4,1,6,0.375,FALSE,FALSE,TRUE,-1.44536581673403,1.99754173997874
1705,"-1:-1|-1:0|-1:1|1:0",4,TRUE,2,2,0,"mixed",1.20710678118655,1.4142135623731,1.5,2,1,1.53005630797458,1,4,2,25,0,TRUE,25,33554432,0,1,25,25,0.833333333333333,2,0.666666666666667,0.166666666666667,0.688332449299089,8.33333333333333,6,10,1.37666489859818,6,6,6,0,8.33333333333333,6,10,1.37666489859818,0,1.53005630797458,2.23606797749979,0.536374345259402,"F4_R25",-2.7119146772384,-2.43903041537049,0.0523490600394965,-3.68075372191259,-1.3423754352168,-10.1217251896988,0.00107411385606874,930,"very_easy",3,3,9,1,2,3,3,9,0,4,1,5,0.555555555555556,FALSE,FALSE,TRUE,-12.1166906414477,1.99496545174894
435,"-1:-1|-1:1|1:-2|2:-2",4,TRUE,0,3,1,"off_axis",1.97323055674804,2.82842712474619,2.75,4,2,2.10219124314841,2,8,1,25,0,TRUE,25,33554432,0,1,25,25,0.833333333333333,2,0.75,0.0833333333333333,0.553694392684741,8.33333333333333,6,10,1.10738878536948,9,8,10,1.01015254455221,8.33333333333333,6,10,1.10738878536948,0,2.10219124314841,2.82842712474619,0.650463063457386,"F4_R25",0.971894993342186,0.706508810356395,-1.2876990647278,0.271391979495859,-0.134755835195509,0.52734088327113,0.564983888292159,404,"medium",4,4,16,2,4,4,4,16,1,4,1,6,0.375,FALSE,FALSE,TRUE,-1.44536581673403,1.97270670000516
897,"-1:-1|-1:2|1:-1|2:-2",4,TRUE,0,3,1,"off_axis",1.97323055674804,2.82842712474619,2.75,4,2,2.0607698869111,2,8,1,25,0,TRUE,25,33554432,0,1,25,25,0.833333333333333,2,0.75,0.0833333333333333,0.553694392684741,8.33333333333333,6,10,1.10738878536948,10,10,10,0,8.33333333333333,6,10,1.10738878536948,0,2.0607698869111,2.82842712474619,0.530437422427522,"F4_R25",0.705194983790766,1.75502188559869,-1.2876990647278,0.271391979495859,-0.134755835195509,1.309153948962,0.64983888292159,325,"hard",5,4,20,2,4,5,4,20,1,4,1,6,0.3,FALSE,FALSE,TRUE,-0.653169597243203,1.96232354620521
405,"-1:-2|1:1|2:1|2:2",4,TRUE,0,2,2,"off_axis",2.17869416052972,2.82842712474619,3,4,2,2.00219124314841,2,8,1,25,0,TRUE,25,33554432,0,1,25,25,0.833333333333333,2,0.583333333333333,0.25,0.800640769025436,8.33333333333333,6,10,1.60128153805087,8,8,8,0,8.33333333333333,6,10,1.60128153805087,0,2.00219124314841,2.82842712474619,0.738790472371199,"F4_R25",0.328024213198112,-0.342004264885899,1.17015005204386,0.271391979495859,-0.134755835195509,1.29280614465642,0.644468313641246,330,"hard",5,4,20,2,4,5,4,20,1,4,1,6,0.3,FALSE,FALSE,TRUE,-0.653169597243203,1.94597574189962
883,"-1:-2|1:0|1:1|2:2",4,TRUE,1,2,1,"mixed",1.86967716615477,2.82842712474619,2.5,4,2,2.00219124314841,2,8,1,25,0,TRUE,25,33554432,0,1,25,25,0.833333333333333,2,0.583333333333333,0.25,0.800640769025436,8.33333333333333,6,10,1.60128153805087,8,8,8,0,8.33333333333333,6,10,1.60128153805087,0,2.00219124314841,2.82842712474619,0.738790472371199,"F4_R25",0.328024213198112,-0.342004264885899,1.17015005204386,0.271391979495859,-0.134755835195509,1.29280614465642,0.644468313641246,330,"hard",5,4,20,2,4,5,4,20,1,4,1,6,0.3,FALSE,FALSE,TRUE,-0.653169597243203,1.94597574189962
512,"-1:-1|-1:2|2:-2|2:-1",4,TRUE,0,2,2,"off_axis",2.17869416052972,2.82842712474619,3,4,2,2.10153397218646,3,8,1,25,0,TRUE,25,33554432,0,1,25,25,0.833333333333333,2,0.666666666666667,0.166666666666667,0.688332449299089,8.33333333333333,6,10,1.37666489859818,9,8,10,1.01015254455221,8.33333333333333,6,10,1.37666489859818,0,2.10153397218646,2.82842712474619,0.561303011598098,"F4_R25",0.967663017671823,0.706508810356395,0.0523490600394965,0.271391979495859,1.07286376482578,3.07077663238936,0.841031149301826,147,"very_hard",5,4,20,2,4,5,4,20,2,4,1,7,0.35,FALSE,FALSE,TRUE,1.12793702381092,1.94283960857844
1508,"-1:-1|0:-2|1:1|2:-1",4,TRUE,1,2,1,"mixed",1.76612377556149,2.23606797749979,2.25,3,2,2.00153397218646,2,8,1,25,0,TRUE,25,33554432,0,1,25,25,0.833333333333333,2,0.666666666666667,0.166666666666667,0.688332449299089,8.33333333333333,6,10,1.37666489859818,10,10,10,0,8.33333333333333,6,10,1.37666489859818,0,2.00153397218646,2.82842712474619,0.464114160026601,"F4_R25",0.323792237527746,1.75502188559869,0.0523490600394965,0.271391979495859,-0.134755835195509,2.26779932746628,0.762620837808808,220,"hard",4,4,16,2,3,4,4,16,2,4,1,7,0.4375,FALSE,FALSE,TRUE,0.335740804320094,1.93205852314619
555,"-1:-1|2:-2|2:0|2:1",4,TRUE,1,2,1,"mixed",2.11967716615477,2.82842712474619,2.75,4,2,2.07792717443648,3,8,1,25,0,TRUE,25,33554432,0,1,25,25,0.833333333333333,2,0.583333333333333,0.25,0.800640769025436,8.33333333333333,6,10,1.60128153805087,9,8,10,1.01015254455221,8.33333333333333,6,10,1.60128153805087,0,2.07792717443648,2.82842712474619,0.559978826721162,"F4_R25",0.815665744831999,0.706508810356395,1.17015005204386,0.271391979495859,1.07286376482578,4.0365803515539,0.932330827067669,62,"very_hard",4,4,16,2,4,4,4,16,3,4,1,8,0.5,FALSE,FALSE,TRUE,2.11684742537422,1.91973292617968
585,"-1:-2|1:1|2:0|2:2",4,TRUE,1,2,1,"mixed",2.11967716615477,2.82842712474619,2.75,4,2,2.12000580163574,2,8,1,25,0,TRUE,25,33554432,0,1,25,25,0.833333333333333,2,0.666666666666667,0.166666666666667,0.688332449299089,8.33333333333333,6,10,1.37666489859818,10,10,10,0,8.33333333333333,6,10,1.37666489859818,0,2.12000580163574,2.82842712474619,0.582690503927722,"F4_R25",1.08659773005378,1.75502188559869,0.0523490600394965,0.271391979495859,-0.134755835195509,3.03060481999232,0.832438238453276,157,"very_hard",5,4,20,2,4,5,4,20,2,4,1,7,0.35,FALSE,FALSE,TRUE,1.12793702381092,1.9026677961814
43,"-2:0|2:0",2,TRUE,2,0,0,"axis_only",2,2,2,2,2,1.66666666666667,2,2,4,25,0,TRUE,25,33554432,0,1,25,25,0.25,2,0.166666666666667,0.0833333333333333,0.596113387342175,5.5,2,6,1.19222677468435,5,4,6,1.01015254455221,5.5,2,6,1.19222677468435,0.166666666666667,1.66666666666667,2,0.577350269189626,"F2_R25",-0.787009443773972,-0.718429151955826,1.8228349548786,-1.88586848033368,0,-1.56847212118488,0.209302325581395,35,"easy",1,5,5,2,2,1,5,5,2,2,1,5,1,FALSE,FALSE,TRUE,-3.46995861139505,1.90148649021017
507,"-2:-1|-2:2|-1:2|0:-2",4,TRUE,1,1,2,"mixed",2.32514076993644,2.82842712474619,3,4,2,2.04229805746182,3,8,1,25,0,TRUE,25,33554432,0,1,25,25,0.833333333333333,2,0.583333333333333,0.25,0.800640769025436,8.33333333333333,6,10,1.60128153805087,9,8,10,1.01015254455221,8.33333333333333,6,10,1.60128153805087,0,2.04229805746182,2.82842712474619,0.504445398969847,"F4_R25",0.586260271408802,0.706508810356395,1.17015005204386,0.271391979495859,1.07286376482578,3.8071748781307,0.913533834586466,77,"very_hard",5,3,15,2,4,5,3,15,3,4,1,8,0.533333333333333,FALSE,FALSE,TRUE,1.91879837050151,1.88837650762919
735,"-2:-1|-2:2|-1:0|0:-2",4,TRUE,2,1,1,"mixed",2.01612377556149,2.82842712474619,2.5,4,2,2.04229805746182,3,8,1,25,0,TRUE,25,33554432,0,1,25,25,0.833333333333333,2,0.583333333333333,0.25,0.800640769025436,8.33333333333333,6,10,1.60128153805087,9,8,10,1.01015254455221,8.33333333333333,6,10,1.60128153805087,0,2.04229805746182,2.82842712474619,0.504445398969847,"F4_R25",0.586260271408802,0.706508810356395,1.17015005204386,0.271391979495859,1.07286376482578,3.8071748781307,0.913533834586466,77,"very_hard",5,3,15,2,4,5,3,15,3,4,1,8,0.533333333333333,FALSE,FALSE,TRUE,1.91879837050151,1.88837650762919
1447,"-1:-1|1:-2|1:0|2:1",4,TRUE,1,1,2,"mixed",1.72158737934317,2.23606797749979,2.25,3,2,1.98371941369913,2,8,1,25,0,TRUE,25,33554432,0,1,25,25,0.833333333333333,2,0.583333333333333,0.25,0.800640769025436,8.33333333333333,6,10,1.60128153805087,9,8,10,1.01015254455221,8.33333333333333,6,10,1.60128153805087,0,1.98371941369913,2.82842712474619,0.542481221091435,"F4_R25",0.209089500816147,0.706508810356395,1.17015005204386,0.271391979495859,-0.134755835195509,2.22238450751675,0.754564983888292,225,"hard",4,4,16,2,3,4,4,16,2,4,1,7,0.4375,FALSE,FALSE,TRUE,0.335740804320094,1.88664370319666
1456,"-1:-1|0:1|1:2|2:0",4,TRUE,2,1,1,"mixed",1.66257038496822,2.23606797749979,2,3,2,1.98371941369913,2,8,1,25,0,TRUE,25,33554432,0,1,25,25,0.833333333333333,2,0.583333333333333,0.25,0.800640769025436,8.33333333333333,6,10,1.60128153805087,9,8,10,1.01015254455221,8.33333333333333,6,10,1.60128153805087,0,1.98371941369913,2.82842712474619,0.542481221091435,"F4_R25",0.209089500816147,0.706508810356395,1.17015005204386,0.271391979495859,-0.134755835195509,2.22238450751675,0.754564983888292,225,"hard",4,4,16,2,3,4,4,16,2,4,1,7,0.4375,FALSE,FALSE,TRUE,0.335740804320094,1.88664370319666
403,"-1:0|1:-1|2:-2|2:-1",4,TRUE,1,2,1,"mixed",1.86967716615477,2.82842712474619,2.5,4,2,1.81934853067379,1,8,1,25,0,TRUE,25,33554432,0,1,25,25,0.833333333333333,2,0.583333333333333,0.25,0.800640769025436,8.33333333333333,6,10,1.60128153805087,7,6,8,1.01015254455221,8.33333333333333,6,10,1.60128153805087,0,1.81934853067379,2.82842712474619,0.737842895002503,"F4_R25",-0.84924658604881,-1.39051734012819,1.17015005204386,0.271391979495859,-1.3423754352168,-2.14059732985409,0.241675617615467,705,"easy",3,4,12,2,4,3,4,12,0,4,1,5,0.416666666666667,FALSE,FALSE,TRUE,-4.01866865727897,1.87807132742489
1418,"-1:-1|-1:0|1:1|2:1",4,TRUE,1,2,1,"mixed",1.51612377556149,2.23606797749979,2,3,2,1.81934853067379,1,8,1,25,0,TRUE,25,33554432,0,1,25,25,0.833333333333333,2,0.583333333333333,0.25,0.800640769025436,8.33333333333333,6,10,1.60128153805087,7,6,8,1.01015254455221,8.33333333333333,6,10,1.60128153805087,0,1.81934853067379,2.82842712474619,0.737842895002503,"F4_R25",-0.84924658604881,-1.39051734012819,1.17015005204386,0.271391979495859,-1.3423754352168,-2.14059732985409,0.241675617615467,705,"easy",3,4,12,2,3,3,4,12,0,4,1,5,0.416666666666667,FALSE,FALSE,TRUE,-4.01866865727897,1.87807132742489
598,"-1:-1|1:0|2:-2|2:0",4,TRUE,2,2,0,"mixed",1.81066017177982,2.82842712474619,2.25,4,2,1.91869125971184,2,8,1,25,0,TRUE,25,33554432,0,1,25,25,0.833333333333333,2,0.666666666666667,0.166666666666667,0.688332449299089,8.33333333333333,6,10,1.37666489859818,8,6,10,2.02030508910442,8.33333333333333,6,10,1.37666489859818,0,1.91869125971184,2.82842712474619,0.595001260414515,"F4_R25",-0.209607781575099,-0.342004264885899,0.0523490600394965,0.271391979495859,-0.134755835195509,-0.362626842121151,0.437701396348013,520,"medium",3,4,12,2,4,3,4,12,1,4,1,6,0.5,FALSE,FALSE,TRUE,-2.23756203622485,1.8749351941037
810,"-1:-2|1:1|2:-2|2:2",4,TRUE,0,3,1,"off_axis",2.32678394734132,2.82842712474619,3.25,4,2,2.10219124314841,2,8,1,25,0,TRUE,25,33554432,0,1,25,25,0.833333333333333,2,0.583333333333333,0.25,0.800640769025436,8.33333333333333,6,10,1.60128153805087,9,8,10,1.01015254455221,8.33333333333333,6,10,1.60128153805087,0,2.10219124314841,2.82842712474619,0.650463063457386,"F4_R25",0.971894993342186,0.706508810356395,1.17015005204386,0.271391979495859,-0.134755835195509,2.98519000004279,0.82921589688507,158,"very_hard",5,4,20,2,4,5,4,20,2,4,1,7,0.35,FALSE,FALSE,TRUE,1.12793702381092,1.85725297623187
332,"-2:-2|-2:-1|-2:0|0:-2",4,TRUE,2,1,1,"mixed",2.26612377556149,2.82842712474619,2.75,4,2,2.0128990204492,3,8,1,25,0,TRUE,25,33554432,0,1,25,25,0.833333333333333,2,0.583333333333333,0.25,0.800640769025436,8.33333333333333,6,10,1.60128153805087,8,6,10,2.02030508910442,8.33333333333333,6,10,1.60128153805087,0,2.0128990204492,2.82842712474619,0.622037452851217,"F4_R25",0.396968462440753,-0.342004264885899,1.17015005204386,0.271391979495859,1.07286376482578,2.56936999392036,0.774973147153598,209,"hard",3,3,9,2,4,3,3,9,3,4,1,8,0.888888888888889,FALSE,FALSE,TRUE,0.730504041265273,1.83886595265508
511,"-1:-1|-1:1|2:-2|2:-1",4,TRUE,0,3,1,"off_axis",1.97323055674804,2.82842712474619,2.75,4,2,2.07858444539843,2,8,1,25,0,TRUE,25,33554432,0,1,25,25,0.833333333333333,2,0.75,0.0833333333333333,0.553694392684741,8.33333333333333,6,10,1.10738878536948,9,8,10,1.01015254455221,8.33333333333333,6,10,1.10738878536948,0,2.07858444539843,2.82842712474619,0.649347281975168,"F4_R25",0.819897720502362,0.706508810356395,-1.2876990647278,0.271391979495859,-0.134755835195509,0.375343610431306,0.545649838882922,422,"medium",4,4,16,2,4,4,4,16,1,4,1,6,0.375,FALSE,FALSE,TRUE,-1.44536581673403,1.82070942716533
428,"-1:-1|1:-2|2:-2|2:0",4,TRUE,1,2,1,"mixed",2.11967716615477,2.82842712474619,2.75,4,2,2.04229805746182,3,8,1,25,0,TRUE,25,33554432,0,1,25,25,0.833333333333333,2,0.75,0.0833333333333333,0.553694392684741,8.33333333333333,6,10,1.10738878536948,9,8,10,1.01015254455221,8.33333333333333,6,10,1.10738878536948,0,2.04229805746182,2.82842712474619,0.504445398969847,"F4_R25",0.586260271408802,0.706508810356395,-1.2876990647278,0.271391979495859,1.07286376482578,1.34932576135904,0.655209452201933,320,"hard",3,4,12,2,4,3,4,12,2,4,1,7,0.583333333333333,FALSE,FALSE,TRUE,-0.45645541517073,1.80578117652977
1223,"-1:-2|-1:0|1:-2|2:-1",4,TRUE,1,0,3,"mixed",1.92705098312484,2.23606797749979,2.5,3,2,2.04229805746182,3,8,1,25,0,TRUE,25,33554432,0,1,25,25,0.833333333333333,2,0.75,0.0833333333333333,0.553694392684741,8.33333333333333,6,10,1.10738878536948,9,8,10,1.01015254455221,8.33333333333333,6,10,1.10738878536948,0,2.04229805746182,2.82842712474619,0.504445398969847,"F4_R25",0.586260271408802,0.706508810356395,-1.2876990647278,0.271391979495859,1.07286376482578,1.34932576135904,0.655209452201933,320,"hard",3,4,12,2,3,3,4,12,2,4,1,7,0.583333333333333,FALSE,FALSE,TRUE,-0.45645541517073,1.80578117652977
484,"-1:0|0:-1|1:2|2:2",4,TRUE,2,1,1,"mixed",1.76612377556149,2.82842712474619,2.25,4,2,2.02000580163574,2,8,1,25,0,TRUE,25,33554432,0,1,25,25,0.833333333333333,2,0.583333333333333,0.25,0.800640769025436,8.33333333333333,6,10,1.60128153805087,7,6,8,1.01015254455221,8.33333333333333,6,10,1.60128153805087,0,2.02000580163574,2.82842712474619,0.829709829704831,"F4_R25",0.442726949909707,-1.39051734012819,1.17015005204386,0.271391979495859,-0.134755835195509,0.358995806125723,0.540279269602578,427,"medium",4,4,16,2,4,4,4,16,1,4,1,6,0.375,FALSE,FALSE,TRUE,-1.44536581673403,1.80436162285975
518,"-1:-1|-1:0|2:1|2:2",4,TRUE,1,2,1,"mixed",1.86967716615477,2.82842712474619,2.5,4,2,2.02000580163574,2,8,1,25,0,TRUE,25,33554432,0,1,25,25,0.833333333333333,2,0.583333333333333,0.25,0.800640769025436,8.33333333333333,6,10,1.60128153805087,7,6,8,1.01015254455221,8.33333333333333,6,10,1.60128153805087,0,2.02000580163574,2.82842712474619,0.829709829704831,"F4_R25",0.442726949909707,-1.39051734012819,1.17015005204386,0.271391979495859,-0.134755835195509,0.358995806125723,0.540279269602578,427,"medium",4,4,16,2,4,4,4,16,1,4,1,6,0.375,FALSE,FALSE,TRUE,-1.44536581673403,1.80436162285975
1591,"-1:-1|-1:1|0:-2|2:-1",4,TRUE,1,2,1,"mixed",1.76612377556149,2.23606797749979,2.25,3,2,1.97792717443648,2,8,1,25,0,TRUE,25,33554432,0,1,25,25,0.833333333333333,2,0.666666666666667,0.166666666666667,0.688332449299089,8.33333333333333,6,10,1.37666489859818,10,10,10,0,8.33333333333333,6,10,1.37666489859818,0,1.97792717443648,2.82842712474619,0.456805444394614,"F4_R25",0.171794964687922,1.75502188559869,0.0523490600394965,0.271391979495859,-0.134755835195509,2.11580205462646,0.746509129967777,235,"hard",4,4,16,2,3,4,4,16,2,4,1,7,0.4375,FALSE,FALSE,TRUE,0.335740804320094,1.78006125030636
1668,"-1:-1|-1:1|0:-2|2:0",4,TRUE,2,2,0,"mixed",1.70710678118655,2,2,2,2,1.97792717443648,2,8,1,25,0,TRUE,25,33554432,0,1,25,25,0.833333333333333,2,0.666666666666667,0.166666666666667,0.688332449299089,8.33333333333333,6,10,1.37666489859818,10,10,10,0,8.33333333333333,6,10,1.37666489859818,0,1.97792717443648,2.82842712474619,0.456805444394614,"F4_R25",0.171794964687922,1.75502188559869,0.0523490600394965,0.271391979495859,-0.134755835195509,2.11580205462646,0.746509129967777,235,"hard",4,4,16,2,2,4,4,16,2,4,1,7,0.4375,FALSE,FALSE,TRUE,0.335740804320094,1.78006125030636
462,"-1:-1|0:2|2:1|2:2",4,TRUE,1,2,1,"mixed",2.11967716615477,2.82842712474619,2.75,4,2,2.1607698869111,3,8,1,25,0,TRUE,25,33554432,0,1,25,25,0.833333333333333,2,0.75,0.0833333333333333,0.553694392684741,8.33333333333333,6,10,1.10738878536948,9,8,10,1.01015254455221,8.33333333333333,6,10,1.10738878536948,0,2.1607698869111,2.82842712474619,0.606514171143573,"F4_R25",1.34906576393484,0.706508810356395,-1.2876990647278,0.271391979495859,1.07286376482578,2.11213125388508,0.738453276047261,240,"hard",4,4,16,2,4,4,4,16,2,4,1,7,0.4375,FALSE,FALSE,TRUE,0.335740804320094,1.77639044956498
777,"-1:-1|-1:2|1:0|2:2",4,TRUE,1,2,1,"mixed",1.86967716615477,2.82842712474619,2.5,4,2,2.1607698869111,3,8,1,25,0,TRUE,25,33554432,0,1,25,25,0.833333333333333,2,0.75,0.0833333333333333,0.553694392684741,8.33333333333333,6,10,1.10738878536948,9,8,10,1.01015254455221,8.33333333333333,6,10,1.10738878536948,0,2.1607698869111,2.82842712474619,0.606514171143573,"F4_R25",1.34906576393484,0.706508810356395,-1.2876990647278,0.271391979495859,1.07286376482578,2.11213125388508,0.738453276047261,240,"hard",4,4,16,2,4,4,4,16,2,4,1,7,0.4375,FALSE,FALSE,TRUE,0.335740804320094,1.77639044956498
1583,"-1:-2|-1:0|1:2|2:0",4,TRUE,2,0,2,"mixed",1.86803398874989,2.23606797749979,2.25,3,2,2.16011261594915,4,8,1,25,0,TRUE,25,33554432,0,1,25,25,0.833333333333333,2,0.666666666666667,0.166666666666667,0.688332449299089,8.33333333333333,6,10,1.37666489859818,9,8,10,1.01015254455221,8.33333333333333,6,10,1.37666489859818,0,2.16011261594915,2.82842712474619,0.509807683148267,"F4_R25",1.34483378826448,0.706508810356395,0.0523490600394965,0.271391979495859,2.28048336484708,4.6555670030033,0.958109559613319,38,"very_hard",5,4,20,2,3,5,4,20,3,4,1,8,0.4,FALSE,FALSE,TRUE,2.90904364486504,1.74652335813826
516,"-1:-2|1:-1|1:2|2:2",4,TRUE,0,2,2,"off_axis",2.17869416052972,2.82842712474619,3,4,2,2.0659048552118,3,8,1,25,0,TRUE,25,33554432,0,1,25,25,0.833333333333333,2,0.666666666666667,0.166666666666667,0.688332449299089,8.33333333333333,6,10,1.37666489859818,9,8,10,1.01015254455221,8.33333333333333,6,10,1.37666489859818,0,2.0659048552118,2.82842712474619,0.507758832969072,"F4_R25",0.738257544248626,0.706508810356395,0.0523490600394965,0.271391979495859,1.07286376482578,2.84137115896616,0.809344790547798,174,"very_hard",5,4,20,2,4,5,4,20,2,4,1,7,0.35,FALSE,FALSE,TRUE,1.12793702381092,1.71343413515524
754,"-1:-2|1:-1|2:-1|2:2",4,TRUE,0,2,2,"off_axis",2.17869416052972,2.82842712474619,3,4,2,2.0659048552118,3,8,1,25,0,TRUE,25,33554432,0,1,25,25,0.833333333333333,2,0.666666666666667,0.166666666666667,0.688332449299089,8.33333333333333,6,10,1.37666489859818,9,8,10,1.01015254455221,8.33333333333333,6,10,1.37666489859818,0,2.0659048552118,2.82842712474619,0.507758832969072,"F4_R25",0.738257544248626,0.706508810356395,0.0523490600394965,0.271391979495859,1.07286376482578,2.84137115896616,0.809344790547798,174,"very_hard",5,4,20,2,4,5,4,20,2,4,1,7,0.35,FALSE,FALSE,TRUE,1.12793702381092,1.71343413515524
1240,"-1:-1|-1:1|-1:2|1:2",4,TRUE,0,2,2,"off_axis",1.82514076993644,2.23606797749979,2.5,3,2,1.93650581819917,2,8,1,25,0,TRUE,25,33554432,0,1,25,25,0.833333333333333,2,0.75,0.0833333333333333,0.553694392684741,8.33333333333333,6,10,1.10738878536948,9,8,10,1.01015254455221,8.33333333333333,6,10,1.10738878536948,0,1.93650581819917,2.82842712474619,0.526988526209425,"F4_R25",-0.0949050448635005,0.706508810356395,-1.2876990647278,0.271391979495859,-0.134755835195509,-0.539459154934556,0.416219119226638,540,"medium",4,3,12,2,3,4,3,12,1,4,1,6,0.5,FALSE,FALSE,TRUE,-2.23756203622485,1.69810288129029
611,"-2:-2|-2:0|-1:1|0:2",4,TRUE,2,2,0,"mixed",2.06066017177982,2.82842712474619,2.5,4,2,2.03716308916112,2,8,1,25,0,TRUE,25,33554432,0,1,25,25,0.833333333333333,2,0.583333333333333,0.25,0.800640769025436,8.33333333333333,6,10,1.60128153805087,10,10,10,0,8.33333333333333,6,10,1.60128153805087,0,2.03716308916112,2.82842712474619,0.527011014179131,"F4_R25",0.553197710950942,1.75502188559869,1.17015005204386,0.271391979495859,-0.134755835195509,3.61500579289384,0.892051557465091,97,"very_hard",5,3,15,2,4,5,3,15,3,4,1,8,0.533333333333333,FALSE,FALSE,TRUE,1.91879837050151,1.69620742239233
678,"-2:-1|-1:-2|2:-2|2:0",4,TRUE,1,1,2,"mixed",2.32514076993644,2.82842712474619,3,4,2,2.03716308916112,2,8,1,25,0,TRUE,25,33554432,0,1,25,25,0.833333333333333,2,0.583333333333333,0.25,0.800640769025436,8.33333333333333,6,10,1.60128153805087,10,10,10,0,8.33333333333333,6,10,1.60128153805087,0,2.03716308916112,2.82842712474619,0.527011014179131,"F4_R25",0.553197710950942,1.75502188559869,1.17015005204386,0.271391979495859,-0.134755835195509,3.61500579289384,0.892051557465091,97,"very_hard",3,5,15,2,4,3,5,15,3,4,1,8,0.533333333333333,FALSE,FALSE,TRUE,1.91879837050151,1.69620742239233
1146,"-1:-1|-1:2|0:2|2:1",4,TRUE,1,1,2,"mixed",1.97158737934317,2.23606797749979,2.5,3,2,2.04229805746182,3,8,1,25,0,TRUE,25,33554432,0,1,25,25,0.833333333333333,2,0.583333333333333,0.25,0.800640769025436,8.33333333333333,6,10,1.60128153805087,9,8,10,1.01015254455221,8.33333333333333,6,10,1.60128153805087,0,2.04229805746182,2.82842712474619,0.504445398969847,"F4_R25",0.586260271408802,0.706508810356395,1.17015005204386,0.271391979495859,1.07286376482578,3.8071748781307,0.913533834586466,77,"very_hard",4,4,16,2,3,4,4,16,3,4,1,8,0.5,FALSE,FALSE,TRUE,2.11684742537422,1.69032745275648
905,"-2:-1|0:2|1:-1|2:-2",4,TRUE,1,2,1,"mixed",2.11967716615477,2.82842712474619,2.75,4,2,2.0607698869111,2,8,1,25,0,TRUE,25,33554432,0,1,25,25,0.833333333333333,2,0.583333333333333,0.25,0.800640769025436,8.33333333333333,6,10,1.60128153805087,10,10,10,0,8.33333333333333,6,10,1.60128153805087,0,2.0607698869111,2.82842712474619,0.530437422427522,"F4_R25",0.705194983790766,1.75502188559869,1.17015005204386,0.271391979495859,-0.134755835195509,3.76700306573367,0.902792696025779,87,"very_hard",5,5,25,2,4,5,5,25,2,4,1,7,0.28,FALSE,FALSE,TRUE,2.11818229817445,1.64882076755922
892,"-1:-1|0:1|1:-1|2:-2",4,TRUE,1,3,0,"mixed",1.6642135623731,2.82842712474619,2.25,4,2,1.9607698869111,1,8,1,25,0,TRUE,25,33554432,0,1,25,25,0.833333333333333,2,0.75,0.0833333333333333,0.553694392684741,8.33333333333333,6,10,1.10738878536948,9,8,10,1.01015254455221,8.33333333333333,6,10,1.10738878536948,0,1.9607698869111,2.82842712474619,0.628385453702687,"F4_R25",0.0613242036466893,0.706508810356395,-1.2876990647278,0.271391979495859,-1.3423754352168,-1.59084950644566,0.296455424274973,654,"easy",4,4,16,2,4,4,4,16,0,4,1,5,0.3125,FALSE,FALSE,TRUE,-3.22647243778815,1.63562293134249
752,"-1:-2|-1:-1|0:1|2:-2",4,TRUE,1,2,1,"mixed",1.86967716615477,2.82842712474619,2.5,4,2,2.00153397218646,2,8,1,25,0,TRUE,25,33554432,0,1,25,25,0.833333333333333,2,0.666666666666667,0.166666666666667,0.688332449299089,8.33333333333333,6,10,1.37666489859818,8,6,10,2.02030508910442,8.33333333333333,6,10,1.37666489859818,0,2.00153397218646,2.82842712474619,0.661531689157382,"F4_R25",0.323792237527746,-0.342004264885899,0.0523490600394965,0.271391979495859,-0.134755835195509,0.170773176981694,0.518796992481203,447,"medium",4,4,16,2,4,4,4,16,1,4,1,6,0.375,FALSE,FALSE,TRUE,-1.44536581673403,1.61613899371572
1419,"-1:-2|-1:-1|0:1|2:1",4,TRUE,1,1,2,"mixed",1.72158737934317,2.23606797749979,2.25,3,2,2.00153397218646,2,8,1,25,0,TRUE,25,33554432,0,1,25,25,0.833333333333333,2,0.666666666666667,0.166666666666667,0.688332449299089,8.33333333333333,6,10,1.37666489859818,8,6,10,2.02030508910442,8.33333333333333,6,10,1.37666489859818,0,2.00153397218646,2.82842712474619,0.661531689157382,"F4_R25",0.323792237527746,-0.342004264885899,0.0523490600394965,0.271391979495859,-0.134755835195509,0.170773176981694,0.518796992481203,447,"medium",4,4,16,2,3,4,4,16,1,4,1,6,0.375,FALSE,FALSE,TRUE,-1.44536581673403,1.61613899371572
706,"-2:-1|-1:-2|0:2|2:2",4,TRUE,1,1,2,"mixed",2.32514076993644,2.82842712474619,3,4,2,2.14295532842377,3,8,1,25,0,TRUE,25,33554432,0,1,25,25,0.833333333333333,2,0.583333333333333,0.25,0.800640769025436,8.33333333333333,6,10,1.60128153805087,10,10,10,0,8.33333333333333,6,10,1.60128153805087,0,2.14295532842377,2.82842712474619,0.480442458550402,"F4_R25",1.23436302722325,1.75502188559869,1.17015005204386,0.271391979495859,1.07286376482578,5.50379070918744,0.977443609022556,22,"very_hard",5,5,25,2,4,5,5,25,3,4,1,8,0.32,FALSE,FALSE,TRUE,3.89928891922857,1.60450178995887
1412,"-1:-1|-1:0|1:-1|2:-1",4,TRUE,1,2,1,"mixed",1.51612377556149,2.23606797749979,2,3,2,1.65366310572456,1,8,1,25,0,TRUE,25,33554432,0,1,25,25,0.833333333333333,2,0.583333333333333,0.25,0.800640769025436,8.33333333333333,6,10,1.60128153805087,7,6,8,1.01015254455221,8.33333333333333,6,10,1.60128153805087,0,1.65366310572456,2.23606797749979,0.543035023185446,"F4_R25",-1.9160466242545,-1.39051734012819,1.17015005204386,0.271391979495859,-1.3423754352168,-3.20739736805977,0.165950590762621,773,"very_easy",2,4,8,2,3,2,4,8,0,4,1,5,0.625,FALSE,FALSE,TRUE,-4.8108648767698,1.60346750871002
643,"-1:-2|0:-1|2:-2|2:0",4,TRUE,2,1,1,"mixed",2.01612377556149,2.82842712474619,2.5,4,2,2.07792717443648,3,8,1,25,0,TRUE,25,33554432,0,1,25,25,0.833333333333333,2,0.666666666666667,0.166666666666667,0.688332449299089,8.33333333333333,6,10,1.37666489859818,9,8,10,1.01015254455221,8.33333333333333,6,10,1.37666489859818,0,2.07792717443648,2.82842712474619,0.559978826721162,"F4_R25",0.815665744831999,0.706508810356395,0.0523490600394965,0.271391979495859,1.07286376482578,2.91877935954953,0.821160042964554,163,"very_hard",3,4,12,2,4,3,4,12,3,4,1,8,0.666666666666667,FALSE,FALSE,TRUE,1.32465120588339,1.59412815366614
433,"-1:-1|1:-2|1:1|2:-2",4,TRUE,0,3,1,"off_axis",1.97323055674804,2.82842712474619,2.75,4,2,2.04295532842377,2,8,1,25,0,TRUE,25,33554432,0,1,25,25,0.833333333333333,2,0.75,0.0833333333333333,0.553694392684741,8.33333333333333,6,10,1.10738878536948,9,8,10,1.01015254455221,8.33333333333333,6,10,1.10738878536948,0,2.04295532842377,2.82842712474619,0.60215679580886,"F4_R25",0.590492247079168,0.706508810356395,-1.2876990647278,0.271391979495859,-0.134755835195509,0.145938137008112,0.510741138560687,452,"medium",4,4,16,2,4,4,4,16,1,4,1,6,0.375,FALSE,FALSE,TRUE,-1.44536581673403,1.59130395374214
1243,"-1:-2|-1:-1|1:-2|2:1",4,TRUE,0,1,3,"off_axis",2.03060437371812,2.23606797749979,2.75,3,2,2.12514076993644,3,8,1,25,0,TRUE,25,33554432,0,1,25,25,0.833333333333333,2,0.75,0.0833333333333333,0.553694392684741,8.33333333333333,6,10,1.10738878536948,9,8,10,1.01015254455221,8.33333333333333,6,10,1.10738878536948,0,2.12514076993644,2.82842712474619,0.561522442367321,"F4_R25",1.11966029051165,0.706508810356395,-1.2876990647278,0.271391979495859,1.07286376482578,1.88272578046188,0.728249194414608,252,"hard",4,4,16,2,3,4,4,16,2,4,1,7,0.4375,FALSE,FALSE,TRUE,0.335740804320094,1.54698497614179
1348,"-1:-2|-1:-1|1:-1|2:-1",4,TRUE,0,2,2,"off_axis",1.82514076993644,2.23606797749979,2.5,3,2,1.77726990347453,1,8,1,25,0,TRUE,25,33554432,0,1,25,25,0.833333333333333,2,0.666666666666667,0.166666666666667,0.688332449299089,8.33333333333333,6,10,1.37666489859818,8,8,8,0,8.33333333333333,6,10,1.37666489859818,0,1.77726990347453,2.23606797749979,0.517807010599742,"F4_R25",-1.1201785712706,-0.342004264885899,0.0523490600394965,0.271391979495859,-1.3423754352168,-2.48081723183794,0.216970998925886,727,"easy",3,4,12,2,3,3,4,12,0,4,1,5,0.416666666666667,FALSE,FALSE,TRUE,-4.01866865727897,1.53785142544103
420,"-1:-1|0:1|1:2|2:2",4,TRUE,1,2,1,"mixed",1.86967716615477,2.82842712474619,2.5,4,2,2.00219124314841,1,8,1,25,0,TRUE,25,33554432,0,1,25,25,0.833333333333333,2,0.583333333333333,0.25,0.800640769025436,8.33333333333333,6,10,1.60128153805087,8,8,8,0,8.33333333333333,6,10,1.60128153805087,0,2.00219124314841,2.82842712474619,0.738790472371199,"F4_R25",0.328024213198112,-0.342004264885899,1.17015005204386,0.271391979495859,-1.3423754352168,0.0851865446351296,0.501611170784103,463,"medium",4,4,16,2,4,4,4,16,1,4,1,6,0.375,FALSE,FALSE,TRUE,-1.44536581673403,1.53055236136916
1396,"-1:-2|-1:-1|1:0|2:1",4,TRUE,1,1,2,"mixed",1.72158737934317,2.23606797749979,2.25,3,2,2.00219124314841,1,8,1,25,0,TRUE,25,33554432,0,1,25,25,0.833333333333333,2,0.583333333333333,0.25,0.800640769025436,8.33333333333333,6,10,1.60128153805087,8,8,8,0,8.33333333333333,6,10,1.60128153805087,0,2.00219124314841,2.82842712474619,0.738790472371199,"F4_R25",0.328024213198112,-0.342004264885899,1.17015005204386,0.271391979495859,-1.3423754352168,0.0851865446351296,0.501611170784103,463,"medium",4,4,16,2,3,4,4,16,1,4,1,6,0.375,FALSE,FALSE,TRUE,-1.44536581673403,1.53055236136916
392,"-1:-2|1:2|2:1|2:2",4,TRUE,0,1,3,"off_axis",2.38415776431139,2.82842712474619,3.25,4,2,2.02514076993644,3,8,1,25,0,TRUE,25,33554432,0,1,25,25,0.833333333333333,2,0.583333333333333,0.25,0.800640769025436,8.33333333333333,6,10,1.60128153805087,8,8,8,0,8.33333333333333,6,10,1.60128153805087,0,2.02514076993644,2.82842712474619,0.665669973236015,"F4_R25",0.47578951036757,-0.342004264885899,1.17015005204386,0.271391979495859,1.07286376482578,2.64819104184717,0.785177228786251,199,"hard",5,4,20,2,4,5,4,20,2,4,1,7,0.35,FALSE,FALSE,TRUE,1.12793702381092,1.52025401803625
928,"-1:-2|1:-1|1:0|2:2",4,TRUE,1,2,1,"mixed",1.86967716615477,2.82842712474619,2.5,4,2,2.02514076993644,3,8,1,25,0,TRUE,25,33554432,0,1,25,25,0.833333333333333,2,0.583333333333333,0.25,0.800640769025436,8.33333333333333,6,10,1.60128153805087,8,8,8,0,8.33333333333333,6,10,1.60128153805087,0,2.02514076993644,2.82842712474619,0.665669973236015,"F4_R25",0.47578951036757,-0.342004264885899,1.17015005204386,0.271391979495859,1.07286376482578,2.64819104184717,0.785177228786251,199,"hard",5,4,20,2,4,5,4,20,2,4,1,7,0.35,FALSE,FALSE,TRUE,1.12793702381092,1.52025401803625
946,"-1:-2|0:1|1:0|2:2",4,TRUE,2,1,1,"mixed",1.76612377556149,2.82842712474619,2.25,4,2,2.02514076993644,3,8,1,25,0,TRUE,25,33554432,0,1,25,25,0.833333333333333,2,0.583333333333333,0.25,0.800640769025436,8.33333333333333,6,10,1.60128153805087,8,8,8,0,8.33333333333333,6,10,1.60128153805087,0,2.02514076993644,2.82842712474619,0.665669973236015,"F4_R25",0.47578951036757,-0.342004264885899,1.17015005204386,0.271391979495859,1.07286376482578,2.64819104184717,0.785177228786251,199,"hard",5,4,20,2,4,5,4,20,2,4,1,7,0.35,FALSE,FALSE,TRUE,1.12793702381092,1.52025401803625
991,"-1:-1|1:-2|1:-1|2:2",4,TRUE,0,3,1,"off_axis",1.97323055674804,2.82842712474619,2.75,4,2,1.9607698869111,1,8,1,25,0,TRUE,25,33554432,0,1,25,25,0.833333333333333,2,0.583333333333333,0.25,0.800640769025436,8.33333333333333,6,10,1.60128153805087,9,8,10,1.01015254455221,8.33333333333333,6,10,1.60128153805087,0,1.9607698869111,2.82842712474619,0.628385453702687,"F4_R25",0.0613242036466893,0.706508810356395,1.17015005204386,0.271391979495859,-1.3423754352168,0.866999610326002,0.61546723952739,357,"hard",5,4,20,2,4,5,4,20,1,4,1,6,0.3,FALSE,FALSE,TRUE,-0.653169597243203,1.5201692075692
1374,"-1:-1|0:-2|1:-1|2:-1",4,TRUE,1,2,1,"mixed",1.76612377556149,2.23606797749979,2.25,3,2,1.7128990204492,1,8,1,25,0,TRUE,25,33554432,0,1,25,25,0.833333333333333,2,0.583333333333333,0.25,0.800640769025436,8.33333333333333,6,10,1.60128153805087,9,8,10,1.01015254455221,8.33333333333333,6,10,1.60128153805087,0,1.7128990204492,2.23606797749979,0.429440133900699,"F4_R25",-1.53464387799148,0.706508810356395,1.17015005204386,0.271391979495859,-1.3423754352168,-0.728968471312165,0.398496240601504,561,"easy",3,4,12,2,3,3,4,12,1,4,1,6,0.5,FALSE,FALSE,TRUE,-2.23756203622485,1.50859356491269
387,"-1:-1|1:-2|2:-2|2:-1",4,TRUE,0,2,2,"off_axis",2.17869416052972,2.82842712474619,3,4,2,1.86011261594915,2,8,1,25,0,TRUE,25,33554432,0,1,25,25,0.833333333333333,2,0.666666666666667,0.166666666666667,0.688332449299089,8.33333333333333,6,10,1.37666489859818,8,8,8,0,8.33333333333333,6,10,1.37666489859818,0,1.86011261594915,2.82842712474619,0.614619173858266,"F4_R25",-0.586778552167754,-0.342004264885899,0.0523490600394965,0.271391979495859,-0.134755835195509,-0.739797612713806,0.395273899033298,562,"easy",3,4,12,2,4,3,4,12,1,4,1,6,0.5,FALSE,FALSE,TRUE,-2.23756203622485,1.49776442351105
1308,"-1:-1|-1:0|1:-2|2:-1",4,TRUE,1,1,2,"mixed",1.72158737934317,2.23606797749979,2.25,3,2,1.86011261594915,2,8,1,25,0,TRUE,25,33554432,0,1,25,25,0.833333333333333,2,0.666666666666667,0.166666666666667,0.688332449299089,8.33333333333333,6,10,1.37666489859818,8,8,8,0,8.33333333333333,6,10,1.37666489859818,0,1.86011261594915,2.82842712474619,0.614619173858266,"F4_R25",-0.586778552167754,-0.342004264885899,0.0523490600394965,0.271391979495859,-0.134755835195509,-0.739797612713806,0.395273899033298,562,"easy",3,4,12,2,3,3,4,12,1,4,1,6,0.5,FALSE,FALSE,TRUE,-2.23756203622485,1.49776442351105
627,"-1:-1|1:2|2:-2|2:0",4,TRUE,1,2,1,"mixed",2.11967716615477,2.82842712474619,2.75,4,2,2.14295532842377,3,8,1,25,0,TRUE,25,33554432,0,1,25,25,0.833333333333333,2,0.666666666666667,0.166666666666667,0.688332449299089,8.33333333333333,6,10,1.37666489859818,10,10,10,0,8.33333333333333,6,10,1.37666489859818,0,2.14295532842377,2.82842712474619,0.480442458550402,"F4_R25",1.23436302722325,1.75502188559869,0.0523490600394965,0.271391979495859,1.07286376482578,4.38598971718307,0.951664876476907,43,"very_hard",5,4,20,2,4,5,4,20,3,4,1,8,0.4,FALSE,FALSE,TRUE,2.90904364486504,1.47694607231803
629,"-1:-1|1:-2|2:0|2:2",4,TRUE,1,2,1,"mixed",2.11967716615477,2.82842712474619,2.75,4,2,2.14295532842377,3,8,1,25,0,TRUE,25,33554432,0,1,25,25,0.833333333333333,2,0.666666666666667,0.166666666666667,0.688332449299089,8.33333333333333,6,10,1.37666489859818,10,10,10,0,8.33333333333333,6,10,1.37666489859818,0,2.14295532842377,2.82842712474619,0.480442458550402,"F4_R25",1.23436302722325,1.75502188559869,0.0523490600394965,0.271391979495859,1.07286376482578,4.38598971718307,0.951664876476907,43,"very_hard",5,4,20,2,4,5,4,20,3,4,1,8,0.4,FALSE,FALSE,TRUE,2.90904364486504,1.47694607231803
824,"-1:-1|-1:2|1:-2|2:2",4,TRUE,0,2,2,"off_axis",2.17869416052972,2.82842712474619,3,4,2,2.14295532842377,3,8,1,25,0,TRUE,25,33554432,0,1,25,25,0.833333333333333,2,0.666666666666667,0.166666666666667,0.688332449299089,8.33333333333333,6,10,1.37666489859818,10,10,10,0,8.33333333333333,6,10,1.37666489859818,0,2.14295532842377,2.82842712474619,0.480442458550402,"F4_R25",1.23436302722325,1.75502188559869,0.0523490600394965,0.271391979495859,1.07286376482578,4.38598971718307,0.951664876476907,43,"very_hard",5,4,20,2,4,5,4,20,3,4,1,8,0.4,FALSE,FALSE,TRUE,2.90904364486504,1.47694607231803
1027,"-1:-1|-1:2|1:2|2:-2",4,TRUE,0,2,2,"off_axis",2.17869416052972,2.82842712474619,3,4,2,2.14295532842377,3,8,1,25,0,TRUE,25,33554432,0,1,25,25,0.833333333333333,2,0.666666666666667,0.166666666666667,0.688332449299089,8.33333333333333,6,10,1.37666489859818,10,10,10,0,8.33333333333333,6,10,1.37666489859818,0,2.14295532842377,2.82842712474619,0.480442458550402,"F4_R25",1.23436302722325,1.75502188559869,0.0523490600394965,0.271391979495859,1.07286376482578,4.38598971718307,0.951664876476907,43,"very_hard",5,4,20,2,4,5,4,20,3,4,1,8,0.4,FALSE,FALSE,TRUE,2.90904364486504,1.47694607231803
447,"-1:-1|1:2|2:-2|2:-1",4,TRUE,0,2,2,"off_axis",2.17869416052972,2.82842712474619,3,4,2,2.04295532842377,2,8,1,25,0,TRUE,25,33554432,0,1,25,25,0.833333333333333,2,0.583333333333333,0.25,0.800640769025436,8.33333333333333,6,10,1.60128153805087,9,8,10,1.01015254455221,8.33333333333333,6,10,1.60128153805087,0,2.04295532842377,2.82842712474619,0.60215679580886,"F4_R25",0.590492247079168,0.706508810356395,1.17015005204386,0.271391979495859,-0.134755835195509,2.60378725377977,0.779806659505908,204,"hard",5,4,20,2,4,5,4,20,2,4,1,7,0.35,FALSE,FALSE,TRUE,1.12793702381092,1.47585022996885
756,"-1:-2|-1:-1|1:2|2:-2",4,TRUE,0,2,2,"off_axis",2.17869416052972,2.82842712474619,3,4,2,2.04295532842377,2,8,1,25,0,TRUE,25,33554432,0,1,25,25,0.833333333333333,2,0.583333333333333,0.25,0.800640769025436,8.33333333333333,6,10,1.60128153805087,9,8,10,1.01015254455221,8.33333333333333,6,10,1.60128153805087,0,2.04295532842377,2.82842712474619,0.60215679580886,"F4_R25",0.590492247079168,0.706508810356395,1.17015005204386,0.271391979495859,-0.134755835195509,2.60378725377977,0.779806659505908,204,"hard",5,4,20,2,4,5,4,20,2,4,1,7,0.35,FALSE,FALSE,TRUE,1.12793702381092,1.47585022996885
936,"-1:-1|1:0|1:2|2:-2",4,TRUE,1,2,1,"mixed",1.86967716615477,2.82842712474619,2.5,4,2,2.04295532842377,2,8,1,25,0,TRUE,25,33554432,0,1,25,25,0.833333333333333,2,0.583333333333333,0.25,0.800640769025436,8.33333333333333,6,10,1.60128153805087,9,8,10,1.01015254455221,8.33333333333333,6,10,1.60128153805087,0,2.04295532842377,2.82842712474619,0.60215679580886,"F4_R25",0.590492247079168,0.706508810356395,1.17015005204386,0.271391979495859,-0.134755835195509,2.60378725377977,0.779806659505908,204,"hard",5,4,20,2,4,5,4,20,2,4,1,7,0.35,FALSE,FALSE,TRUE,1.12793702381092,1.47585022996885
1352,"-1:-2|-1:-1|1:-1|2:0",4,TRUE,1,2,1,"mixed",1.76612377556149,2.23606797749979,2.25,3,2,1.87792717443648,1,8,1,25,0,TRUE,25,33554432,0,1,25,25,0.833333333333333,2,0.666666666666667,0.166666666666667,0.688332449299089,8.33333333333333,6,10,1.37666489859818,9,8,10,1.01015254455221,8.33333333333333,6,10,1.37666489859818,0,1.87792717443648,2.82842712474619,0.551149835962157,"F4_R25",-0.472075815456155,0.706508810356395,0.0523490600394965,0.271391979495859,-1.3423754352168,-0.784201400781205,0.387218045112782,567,"easy",3,4,12,2,3,3,4,12,1,4,1,6,0.5,FALSE,FALSE,TRUE,-2.23756203622485,1.45336063544365
1492,"-1:-1|-1:1|1:0|2:-1",4,TRUE,1,2,1,"mixed",1.51612377556149,2.23606797749979,2,3,2,1.87792717443648,1,8,1,25,0,TRUE,25,33554432,0,1,25,25,0.833333333333333,2,0.666666666666667,0.166666666666667,0.688332449299089,8.33333333333333,6,10,1.37666489859818,9,8,10,1.01015254455221,8.33333333333333,6,10,1.37666489859818,0,1.87792717443648,2.82842712474619,0.551149835962157,"F4_R25",-0.472075815456155,0.706508810356395,0.0523490600394965,0.271391979495859,-1.3423754352168,-0.784201400781205,0.387218045112782,567,"easy",3,4,12,2,3,3,4,12,1,4,1,6,0.5,FALSE,FALSE,TRUE,-2.23756203622485,1.45336063544365
18,"-2:-2|2:2",2,TRUE,0,2,0,"diagonal_only",2.82842712474619,2.82842712474619,4,4,2,2.35702260395516,2,2,4,25,0,TRUE,25,33554432,0,1,25,25,0.25,2,0.166666666666667,0.0833333333333333,0.596113387342175,5.5,2,6,1.19222677468435,6,6,6,0,5.5,2,6,1.19222677468435,0.166666666666667,2.35702260395516,2.82842712474619,0.816496580927726,"F2_R25",1.20385447984371,0.786850975951619,1.8228349548786,-1.88586848033368,0,1.92767193034025,0.767441860465116,11,"hard",5,5,25,2,4,5,5,25,2,2,1,5,0.2,FALSE,FALSE,TRUE,0.491022486059069,1.43664944428118
450,"-1:-2|1:-2|2:1|2:2",4,TRUE,0,1,3,"off_axis",2.38415776431139,2.82842712474619,3.25,4,2,2.12514076993644,3,8,1,25,0,TRUE,25,33554432,0,1,25,25,0.833333333333333,2,0.583333333333333,0.25,0.800640769025436,8.33333333333333,6,10,1.60128153805087,9,8,10,1.01015254455221,8.33333333333333,6,10,1.60128153805087,0,2.12514076993644,2.82842712474619,0.561522442367321,"F4_R25",1.11966029051165,0.706508810356395,1.17015005204386,0.271391979495859,1.07286376482578,4.34057489723354,0.942534908700322,50,"very_hard",5,4,20,2,4,5,4,20,3,4,1,8,0.4,FALSE,FALSE,TRUE,2.90904364486504,1.4315312523685
740,"-1:-2|1:0|2:-1|2:2",4,TRUE,1,1,2,"mixed",2.07514076993644,2.82842712474619,2.75,4,2,2.12514076993644,3,8,1,25,0,TRUE,25,33554432,0,1,25,25,0.833333333333333,2,0.583333333333333,0.25,0.800640769025436,8.33333333333333,6,10,1.60128153805087,9,8,10,1.01015254455221,8.33333333333333,6,10,1.60128153805087,0,2.12514076993644,2.82842712474619,0.561522442367321,"F4_R25",1.11966029051165,0.706508810356395,1.17015005204386,0.271391979495859,1.07286376482578,4.34057489723354,0.942534908700322,50,"very_hard",5,4,20,2,4,5,4,20,3,4,1,8,0.4,FALSE,FALSE,TRUE,2.90904364486504,1.4315312523685
813,"-1:-2|-1:2|1:-1|2:2",4,TRUE,0,2,2,"off_axis",2.17869416052972,2.82842712474619,3,4,2,2.12514076993644,3,8,1,25,0,TRUE,25,33554432,0,1,25,25,0.833333333333333,2,0.583333333333333,0.25,0.800640769025436,8.33333333333333,6,10,1.60128153805087,9,8,10,1.01015254455221,8.33333333333333,6,10,1.60128153805087,0,2.12514076993644,2.82842712474619,0.561522442367321,"F4_R25",1.11966029051165,0.706508810356395,1.17015005204386,0.271391979495859,1.07286376482578,4.34057489723354,0.942534908700322,50,"very_hard",5,4,20,2,4,5,4,20,3,4,1,8,0.4,FALSE,FALSE,TRUE,2.90904364486504,1.4315312523685
775,"-1:-1|0:-1|2:-2|2:1",4,TRUE,1,2,1,"mixed",1.86967716615477,2.82842712474619,2.5,4,2,2.0607698869111,3,8,1,25,0,TRUE,25,33554432,0,1,25,25,0.833333333333333,2,0.666666666666667,0.166666666666667,0.688332449299089,8.33333333333333,6,10,1.37666489859818,8,8,8,0,8.33333333333333,6,10,1.37666489859818,0,2.0607698869111,2.82842712474619,0.709637993158325,"F4_R25",0.705194983790766,-0.342004264885899,0.0523490600394965,0.271391979495859,1.07286376482578,1.75979552326601,0.722878625134264,257,"hard",4,4,16,2,4,4,4,16,2,4,1,7,0.4375,FALSE,FALSE,TRUE,0.335740804320094,1.42405471894591
776,"-1:-2|0:1|1:0|2:-2",4,TRUE,2,1,1,"mixed",1.76612377556149,2.82842712474619,2.25,4,2,2.0607698869111,3,8,1,25,0,TRUE,25,33554432,0,1,25,25,0.833333333333333,2,0.666666666666667,0.166666666666667,0.688332449299089,8.33333333333333,6,10,1.37666489859818,8,8,8,0,8.33333333333333,6,10,1.37666489859818,0,2.0607698869111,2.82842712474619,0.709637993158325,"F4_R25",0.705194983790766,-0.342004264885899,0.0523490600394965,0.271391979495859,1.07286376482578,1.75979552326601,0.722878625134264,257,"hard",4,4,16,2,4,4,4,16,2,4,1,7,0.4375,FALSE,FALSE,TRUE,0.335740804320094,1.42405471894591
807,"-1:-1|-1:0|2:-2|2:1",4,TRUE,1,2,1,"mixed",1.86967716615477,2.82842712474619,2.5,4,2,2.0607698869111,3,8,1,25,0,TRUE,25,33554432,0,1,25,25,0.833333333333333,2,0.666666666666667,0.166666666666667,0.688332449299089,8.33333333333333,6,10,1.37666489859818,8,8,8,0,8.33333333333333,6,10,1.37666489859818,0,2.0607698869111,2.82842712474619,0.709637993158325,"F4_R25",0.705194983790766,-0.342004264885899,0.0523490600394965,0.271391979495859,1.07286376482578,1.75979552326601,0.722878625134264,257,"hard",4,4,16,2,4,4,4,16,2,4,1,7,0.4375,FALSE,FALSE,TRUE,0.335740804320094,1.42405471894591
1235,"-1:-2|1:-2|1:-1|2:0",4,TRUE,1,1,2,"mixed",1.97158737934317,2.23606797749979,2.5,3,2,1.96011261594915,2,8,1,25,0,TRUE,25,33554432,0,1,25,25,0.833333333333333,2,0.666666666666667,0.166666666666667,0.688332449299089,8.33333333333333,6,10,1.37666489859818,9,8,10,1.01015254455221,8.33333333333333,6,10,1.37666489859818,0,1.96011261594915,2.82842712474619,0.535369584489657,"F4_R25",0.0570922279763234,0.706508810356395,0.0523490600394965,0.271391979495859,-0.134755835195509,0.952586242672566,0.633727175080559,340,"hard",3,4,12,2,3,3,4,12,2,4,1,7,0.583333333333333,FALSE,FALSE,TRUE,-0.45645541517073,1.4090416578433
672,"-2:-1|0:-2|2:0|2:2",4,TRUE,2,1,1,"mixed",2.26612377556149,2.82842712474619,2.75,4,2,2.20153397218646,4,8,1,25,0,TRUE,25,33554432,0,1,25,25,0.833333333333333,2,0.583333333333333,0.25,0.800640769025436,8.33333333333333,6,10,1.60128153805087,10,10,10,0,8.33333333333333,6,10,1.60128153805087,0,2.20153397218646,2.82842712474619,0.412644815400057,"F4_R25",1.6115337978159,1.75502188559869,1.17015005204386,0.271391979495859,2.28048336484708,7.08858107980138,0.996777658431794,2,"very_hard",5,5,25,2,4,5,5,25,4,4,1,9,0.36,FALSE,FALSE,TRUE,5.68039554028269,1.40818553951869
551,"-1:-2|0:-2|1:0|2:-2",4,TRUE,2,1,1,"mixed",2.01612377556149,2.82842712474619,2.5,4,2,2.03650581819918,3,8,1,25,0,TRUE,25,33554432,0,1,25,25,0.833333333333333,2,0.583333333333333,0.25,0.800640769025436,8.33333333333333,6,10,1.60128153805087,8,6,10,2.02030508910442,8.33333333333333,6,10,1.60128153805087,0,2.03650581819918,2.82842712474619,0.625960641681523,"F4_R25",0.548965735280577,-0.342004264885899,1.17015005204386,0.271391979495859,1.07286376482578,2.72136726676018,0.798603651987111,184,"hard",3,4,12,2,4,3,4,12,3,4,1,8,0.666666666666667,FALSE,FALSE,TRUE,1.32465120588339,1.39671606087679
1154,"-1:0|0:-2|1:-2|2:0",4,TRUE,3,0,1,"mixed",1.80901699437495,2.23606797749979,2,3,2,2.03650581819918,3,8,1,25,0,TRUE,25,33554432,0,1,25,25,0.833333333333333,2,0.583333333333333,0.25,0.800640769025436,8.33333333333333,6,10,1.60128153805087,8,6,10,2.02030508910442,8.33333333333333,6,10,1.60128153805087,0,2.03650581819918,2.82842712474619,0.625960641681523,"F4_R25",0.548965735280577,-0.342004264885899,1.17015005204386,0.271391979495859,1.07286376482578,2.72136726676018,0.798603651987111,184,"hard",3,4,12,2,3,3,4,12,3,4,1,8,0.666666666666667,FALSE,FALSE,TRUE,1.32465120588339,1.39671606087679
655,"-1:-1|0:1|2:-2|2:0",4,TRUE,2,2,0,"mixed",1.81066017177982,2.82842712474619,2.25,4,2,2.10153397218646,3,8,1,25,0,TRUE,25,33554432,0,1,25,25,0.833333333333333,2,0.75,0.0833333333333333,0.553694392684741,8.33333333333333,6,10,1.10738878536948,9,8,10,1.01015254455221,8.33333333333333,6,10,1.10738878536948,0,2.10153397218646,2.82842712474619,0.561303011598098,"F4_R25",0.967663017671823,0.706508810356395,-1.2876990647278,0.271391979495859,1.07286376482578,1.73072850762206,0.707303974221267,269,"hard",4,4,16,2,4,4,4,16,2,4,1,7,0.4375,FALSE,FALSE,TRUE,0.335740804320094,1.39498770330197
1273,"-1:-2|-1:-1|2:-1|2:1",4,TRUE,0,1,3,"off_axis",2.03060437371812,2.23606797749979,2.75,3,2,2.10153397218646,3,8,1,25,0,TRUE,25,33554432,0,1,25,25,0.833333333333333,2,0.75,0.0833333333333333,0.553694392684741,8.33333333333333,6,10,1.10738878536948,9,8,10,1.01015254455221,8.33333333333333,6,10,1.10738878536948,0,2.10153397218646,2.82842712474619,0.561303011598098,"F4_R25",0.967663017671823,0.706508810356395,-1.2876990647278,0.271391979495859,1.07286376482578,1.73072850762206,0.707303974221267,269,"hard",4,4,16,2,3,4,4,16,2,4,1,7,0.4375,FALSE,FALSE,TRUE,0.335740804320094,1.39498770330197
402,"-1:-1|1:-1|2:-2|2:-1",4,TRUE,0,3,1,"off_axis",1.97323055674804,2.82842712474619,2.75,4,2,1.75432037668651,1,8,1,25,0,TRUE,25,33554432,0,1,25,25,0.833333333333333,2,0.666666666666667,0.166666666666667,0.688332449299089,8.33333333333333,6,10,1.37666489859818,8,8,8,0,8.33333333333333,6,10,1.37666489859818,0,1.75432037668651,2.82842712474619,0.598479569819794,"F4_R25",-1.26794386844006,-0.342004264885899,0.0523490600394965,0.271391979495859,-1.3423754352168,-2.6285825290074,0.19656283566058,747,"very_easy",3,4,12,2,4,3,4,12,0,4,1,5,0.416666666666667,FALSE,FALSE,TRUE,-4.01866865727897,1.39008612827157
1089,"-1:0|0:-2|1:-2|2:-1",4,TRUE,2,0,2,"mixed",1.86803398874989,2.23606797749979,2.25,3,2,1.94229805746182,2,8,1,25,0,TRUE,25,33554432,0,1,25,25,0.833333333333333,2,0.583333333333333,0.25,0.800640769025436,8.33333333333333,6,10,1.60128153805087,8,6,10,2.02030508910442,8.33333333333333,6,10,1.60128153805087,0,1.94229805746182,2.82842712474619,0.603212009882676,"F4_R25",-0.0576105087352749,-0.342004264885899,1.17015005204386,0.271391979495859,-0.134755835195509,0.907171422723036,0.623523093447905,347,"hard",3,4,12,2,3,3,4,12,2,4,1,7,0.583333333333333,FALSE,FALSE,TRUE,-0.45645541517073,1.36362683789377
576,"-2:-1|0:-2|1:-1|2:-2",4,TRUE,1,2,1,"mixed",2.11967716615477,2.82842712474619,2.75,4,2,1.89574173292382,1,8,1,25,0,TRUE,25,33554432,0,1,25,25,0.833333333333333,2,0.583333333333333,0.25,0.800640769025436,8.33333333333333,6,10,1.60128153805087,10,10,10,0,8.33333333333333,6,10,1.60128153805087,0,1.89574173292382,2.82842712474619,0.478612905582384,"F4_R25",-0.357373078744557,1.75502188559869,1.17015005204386,0.271391979495859,-1.3423754352168,1.49681540317705,0.688506981740064,289,"hard",3,5,15,2,4,3,5,15,2,4,1,7,0.466666666666667,FALSE,FALSE,TRUE,0.137691749447388,1.35912365372966
529,"-1:-2|-1:-1|1:2|2:2",4,TRUE,0,2,2,"off_axis",2.17869416052972,2.82842712474619,3,4,2,2.08437668466108,2,8,1,25,0,TRUE,25,33554432,0,1,25,25,0.833333333333333,2,0.666666666666667,0.166666666666667,0.688332449299089,8.33333333333333,6,10,1.37666489859818,8,8,8,0,8.33333333333333,6,10,1.37666489859818,0,2.08437668466108,2.82842712474619,0.711316335661704,"F4_R25",0.85719225663059,-0.342004264885899,0.0523490600394965,0.271391979495859,-0.134755835195509,0.704173196084538,0.582169709989259,388,"medium",5,4,20,2,4,5,4,20,1,4,1,6,0.3,FALSE,FALSE,TRUE,-0.653169597243203,1.35734279332774
1269,"-1:-2|-1:0|1:-2|2:1",4,TRUE,1,0,3,"mixed",1.92705098312484,2.23606797749979,2.5,3,2,2.18371941369913,4,8,1,25,0,TRUE,25,33554432,0,1,25,25,0.833333333333333,2,0.75,0.0833333333333333,0.553694392684741,8.33333333333333,6,10,1.10738878536948,9,8,10,1.01015254455221,8.33333333333333,6,10,1.10738878536948,0,2.18371941369913,2.82842712474619,0.507027856163868,"F4_R25",1.4968310611043,0.706508810356395,-1.2876990647278,0.271391979495859,2.28048336484708,3.46751615107583,0.883995703544576,107,"very_hard",4,4,16,2,3,4,4,16,3,4,1,8,0.5,FALSE,FALSE,TRUE,2.11684742537422,1.35066872570161
568,"-1:-2|2:-2|2:0|2:2",4,TRUE,1,2,1,"mixed",2.47323055674804,2.82842712474619,3.25,4,2,2.19574173292381,4,8,1,25,0,TRUE,25,33554432,0,1,25,25,0.833333333333333,2,0.583333333333333,0.25,0.800640769025436,8.33333333333333,6,10,1.60128153805087,9,8,10,1.01015254455221,8.33333333333333,6,10,1.60128153805087,0,2.19574173292381,2.82842712474619,0.556495225393037,"F4_R25",1.57423926168767,0.706508810356395,1.17015005204386,0.271391979495859,2.28048336484708,6.00277346843086,0.99140708915145,7,"very_hard",5,4,20,2,4,5,4,20,4,4,1,9,0.45,FALSE,FALSE,TRUE,4.69015026591916,1.3126232025117
347,"-1:-2|1:-2|2:-2|2:-1",4,TRUE,0,1,3,"off_axis",2.38415776431139,2.82842712474619,3.25,4,2,1.91869125971184,3,8,1,25,0,TRUE,25,33554432,0,1,25,25,0.833333333333333,2,0.666666666666667,0.166666666666667,0.688332449299089,8.33333333333333,6,10,1.37666489859818,8,8,8,0,8.33333333333333,6,10,1.37666489859818,0,1.91869125971184,2.82842712474619,0.595001260414515,"F4_R25",-0.209607781575099,-0.342004264885899,0.0523490600394965,0.271391979495859,1.07286376482578,0.844992757900142,0.604726100966702,362,"hard",3,4,12,2,4,3,4,12,2,4,1,7,0.583333333333333,FALSE,FALSE,TRUE,-0.45645541517073,1.30144817307087
644,"-1:-1|0:-1|2:-2|2:0",4,TRUE,2,2,0,"mixed",1.81066017177982,2.82842712474619,2.25,4,2,1.91869125971184,3,8,1,25,0,TRUE,25,33554432,0,1,25,25,0.833333333333333,2,0.666666666666667,0.166666666666667,0.688332449299089,8.33333333333333,6,10,1.37666489859818,8,8,8,0,8.33333333333333,6,10,1.37666489859818,0,1.91869125971184,2.82842712474619,0.595001260414515,"F4_R25",-0.209607781575099,-0.342004264885899,0.0523490600394965,0.271391979495859,1.07286376482578,0.844992757900142,0.604726100966702,362,"hard",3,4,12,2,4,3,4,12,2,4,1,7,0.583333333333333,FALSE,FALSE,TRUE,-0.45645541517073,1.30144817307087
1267,"-1:-2|-1:0|0:1|1:-2",4,TRUE,2,0,2,"mixed",1.61803398874989,2.23606797749979,2,3,2,1.91869125971184,3,8,1,25,0,TRUE,25,33554432,0,1,25,25,0.833333333333333,2,0.666666666666667,0.166666666666667,0.688332449299089,8.33333333333333,6,10,1.37666489859818,8,8,8,0,8.33333333333333,6,10,1.37666489859818,0,1.91869125971184,2.82842712474619,0.595001260414515,"F4_R25",-0.209607781575099,-0.342004264885899,0.0523490600394965,0.271391979495859,1.07286376482578,0.844992757900142,0.604726100966702,362,"hard",4,3,12,2,3,4,3,12,2,4,1,7,0.583333333333333,FALSE,FALSE,TRUE,-0.45645541517073,1.30144817307087
1280,"-1:-1|-1:0|2:-1|2:1",4,TRUE,1,1,2,"mixed",1.72158737934317,2.23606797749979,2.25,3,2,1.91869125971184,3,8,1,25,0,TRUE,25,33554432,0,1,25,25,0.833333333333333,2,0.666666666666667,0.166666666666667,0.688332449299089,8.33333333333333,6,10,1.37666489859818,8,8,8,0,8.33333333333333,6,10,1.37666489859818,0,1.91869125971184,2.82842712474619,0.595001260414515,"F4_R25",-0.209607781575099,-0.342004264885899,0.0523490600394965,0.271391979495859,1.07286376482578,0.844992757900142,0.604726100966702,362,"hard",3,4,12,2,3,3,4,12,2,4,1,7,0.583333333333333,FALSE,FALSE,TRUE,-0.45645541517073,1.30144817307087
1506,"-1:-1|-1:0|1:-2|2:0",4,TRUE,2,1,1,"mixed",1.66257038496822,2.23606797749979,2,3,2,1.91869125971184,3,8,1,25,0,TRUE,25,33554432,0,1,25,25,0.833333333333333,2,0.666666666666667,0.166666666666667,0.688332449299089,8.33333333333333,6,10,1.37666489859818,8,8,8,0,8.33333333333333,6,10,1.37666489859818,0,1.91869125971184,2.82842712474619,0.595001260414515,"F4_R25",-0.209607781575099,-0.342004264885899,0.0523490600394965,0.271391979495859,1.07286376482578,0.844992757900142,0.604726100966702,362,"hard",3,4,12,2,3,3,4,12,2,4,1,7,0.583333333333333,FALSE,FALSE,TRUE,-0.45645541517073,1.30144817307087
1414,"-1:-1|-1:1|-1:2|2:-1",4,TRUE,0,2,2,"off_axis",1.82514076993644,2.23606797749979,2.5,3,2,1.99574173292381,2,8,1,25,0,TRUE,25,33554432,0,1,25,25,0.833333333333333,2,0.75,0.0833333333333333,0.553694392684741,8.33333333333333,6,10,1.10738878536948,9,8,10,1.01015254455221,8.33333333333333,6,10,1.10738878536948,0,1.99574173292381,2.82842712474619,0.593497107983451,"F4_R25",0.286497701399519,0.706508810356395,-1.2876990647278,0.271391979495859,-0.134755835195509,-0.158056408671537,0.469387755102041,493,"medium",4,4,16,2,3,4,4,16,1,4,1,6,0.375,FALSE,FALSE,TRUE,-1.44536581673403,1.28730940806249
630,"-1:-2|1:-2|2:0|2:2",4,TRUE,1,1,2,"mixed",2.32514076993644,2.82842712474619,3,4,2,2.20153397218646,4,8,1,25,0,TRUE,25,33554432,0,1,25,25,0.833333333333333,2,0.666666666666667,0.166666666666667,0.688332449299089,8.33333333333333,6,10,1.37666489859818,10,10,10,0,8.33333333333333,6,10,1.37666489859818,0,2.20153397218646,2.82842712474619,0.412644815400057,"F4_R25",1.6115337978159,1.75502188559869,0.0523490600394965,0.271391979495859,2.28048336484708,5.97078008779702,0.986036519871106,12,"very_hard",5,4,20,2,4,5,4,20,4,4,1,9,0.45,FALSE,FALSE,TRUE,4.69015026591916,1.28062982187786
795,"-1:-2|0:2|2:-2|2:1",4,TRUE,1,1,2,"mixed",2.32514076993644,2.82842712474619,3,4,2,2.20153397218646,4,8,1,25,0,TRUE,25,33554432,0,1,25,25,0.833333333333333,2,0.666666666666667,0.166666666666667,0.688332449299089,8.33333333333333,6,10,1.37666489859818,10,10,10,0,8.33333333333333,6,10,1.37666489859818,0,2.20153397218646,2.82842712474619,0.412644815400057,"F4_R25",1.6115337978159,1.75502188559869,0.0523490600394965,0.271391979495859,2.28048336484708,5.97078008779702,0.986036519871106,12,"very_hard",5,4,20,2,4,5,4,20,4,4,1,9,0.45,FALSE,FALSE,TRUE,4.69015026591916,1.28062982187786
460,"-1:-1|0:-2|2:-2|2:-1",4,TRUE,1,2,1,"mixed",2.11967716615477,2.82842712474619,2.75,4,2,1.93650581819917,2,8,1,25,0,TRUE,25,33554432,0,1,25,25,0.833333333333333,2,0.666666666666667,0.166666666666667,0.688332449299089,8.33333333333333,6,10,1.37666489859818,9,8,10,1.01015254455221,8.33333333333333,6,10,1.37666489859818,0,1.93650581819917,2.82842712474619,0.526988526209425,"F4_R25",-0.0949050448635005,0.706508810356395,0.0523490600394965,0.271391979495859,-0.134755835195509,0.800588969832742,0.593984962406015,377,"medium",3,4,12,2,4,3,4,12,2,4,1,7,0.583333333333333,FALSE,FALSE,TRUE,-0.45645541517073,1.25704438500347
1198,"-1:-1|-1:1|2:-1|2:0",4,TRUE,1,2,1,"mixed",1.76612377556149,2.23606797749979,2.25,3,2,1.93650581819917,2,8,1,25,0,TRUE,25,33554432,0,1,25,25,0.833333333333333,2,0.666666666666667,0.166666666666667,0.688332449299089,8.33333333333333,6,10,1.37666489859818,9,8,10,1.01015254455221,8.33333333333333,6,10,1.37666489859818,0,1.93650581819917,2.82842712474619,0.526988526209425,"F4_R25",-0.0949050448635005,0.706508810356395,0.0523490600394965,0.271391979495859,-0.134755835195509,0.800588969832742,0.593984962406015,377,"medium",3,4,12,2,3,3,4,12,2,4,1,7,0.583333333333333,FALSE,FALSE,TRUE,-0.45645541517073,1.25704438500347
1360,"-1:-1|-1:2|1:-2|1:-1",4,TRUE,0,2,2,"off_axis",1.82514076993644,2.23606797749979,2.5,3,2,1.96011261594915,2,8,1,25,0,TRUE,25,33554432,0,1,25,25,0.833333333333333,2,0.75,0.0833333333333333,0.553694392684741,8.33333333333333,6,10,1.10738878536948,9,8,10,1.01015254455221,8.33333333333333,6,10,1.10738878536948,0,1.96011261594915,2.82842712474619,0.535369584489657,"F4_R25",0.0570922279763234,0.706508810356395,-1.2876990647278,0.271391979495859,-0.134755835195509,-0.387461882094732,0.426960257787325,530,"medium",5,3,15,2,3,5,3,15,1,4,1,6,0.4,FALSE,FALSE,TRUE,-1.64341487160673,1.255952989512
638,"-1:-1|0:2|2:0|2:2",4,TRUE,2,2,0,"mixed",2.06066017177982,2.82842712474619,2.5,4,2,2.23716308916112,4,4,2,25,0,TRUE,25,33554432,0,1,25,25,0.833333333333333,2,0.583333333333333,0.25,0.800640769025436,8.33333333333333,6,10,1.60128153805087,10,10,10,0,8.33333333333333,6,10,1.60128153805087,0,2.23716308916112,2.82842712474619,0.4655955713982,"F4_R25",1.84093927123909,1.75502188559869,1.17015005204386,-3.68075372191259,2.28048336484708,3.36584085181613,0.868958109559613,122,"very_hard",4,4,16,2,4,4,4,16,3,4,1,8,0.5,FALSE,FALSE,TRUE,2.11684742537422,1.24899342644191
804,"-1:-1|-1:2|2:-1|2:2",4,TRUE,0,2,2,"off_axis",2.17869416052972,2.82842712474619,3,4,2,2.23716308916112,4,4,2,25,0,TRUE,25,33554432,0,1,25,25,0.833333333333333,2,0.583333333333333,0.25,0.800640769025436,8.33333333333333,6,10,1.60128153805087,10,10,10,0,8.33333333333333,6,10,1.60128153805087,0,2.23716308916112,2.82842712474619,0.4655955713982,"F4_R25",1.84093927123909,1.75502188559869,1.17015005204386,-3.68075372191259,2.28048336484708,3.36584085181613,0.868958109559613,122,"very_hard",4,4,16,2,4,4,4,16,3,4,1,8,0.5,FALSE,FALSE,TRUE,2.11684742537422,1.24899342644191
552,"-1:-2|-1:0|0:-2|2:-2",4,TRUE,2,1,1,"mixed",2.01612377556149,2.82842712474619,2.5,4,2,2.0128990204492,3,8,1,25,0,TRUE,25,33554432,0,1,25,25,0.833333333333333,2,0.583333333333333,0.25,0.800640769025436,8.33333333333333,6,10,1.60128153805087,8,6,10,2.02030508910442,8.33333333333333,6,10,1.60128153805087,0,2.0128990204492,2.82842712474619,0.622037452851217,"F4_R25",0.396968462440753,-0.342004264885899,1.17015005204386,0.271391979495859,1.07286376482578,2.56936999392036,0.774973147153598,209,"hard",3,4,12,2,4,3,4,12,3,4,1,8,0.666666666666667,FALSE,FALSE,TRUE,1.32465120588339,1.24471878803696
1164,"-1:-2|-1:0|0:-2|2:0",4,TRUE,3,0,1,"mixed",1.80901699437495,2.23606797749979,2,3,2,2.0128990204492,3,8,1,25,0,TRUE,25,33554432,0,1,25,25,0.833333333333333,2,0.583333333333333,0.25,0.800640769025436,8.33333333333333,6,10,1.60128153805087,8,6,10,2.02030508910442,8.33333333333333,6,10,1.60128153805087,0,2.0128990204492,2.82842712474619,0.622037452851217,"F4_R25",0.396968462440753,-0.342004264885899,1.17015005204386,0.271391979495859,1.07286376482578,2.56936999392036,0.774973147153598,209,"hard",3,4,12,2,3,3,4,12,3,4,1,8,0.666666666666667,FALSE,FALSE,TRUE,1.32465120588339,1.24471878803696
925,"-1:-1|0:-1|1:1|2:-2",4,TRUE,1,3,0,"mixed",1.6642135623731,2.82842712474619,2.25,4,2,1.94295532842377,2,8,1,25,0,TRUE,25,33554432,0,1,25,25,0.833333333333333,2,0.666666666666667,0.166666666666667,0.688332449299089,8.33333333333333,6,10,1.37666489859818,8,8,8,0,8.33333333333333,6,10,1.37666489859818,0,1.94295532842377,2.82842712474619,0.68712330427472,"F4_R25",-0.053378533064909,-0.342004264885899,0.0523490600394965,0.271391979495859,-0.134755835195509,-0.206397593610961,0.462943071965628,498,"medium",4,4,16,2,4,4,4,16,1,4,1,6,0.375,FALSE,FALSE,TRUE,-1.44536581673403,1.23896822312307
1263,"-1:-2|-1:2|1:-2|2:0",4,TRUE,1,0,3,"mixed",2.17705098312484,2.23606797749979,2.75,3,2,2.18371941369913,4,8,1,25,0,TRUE,25,33554432,0,1,25,25,0.833333333333333,2,0.583333333333333,0.25,0.800640769025436,8.33333333333333,6,10,1.60128153805087,9,8,10,1.01015254455221,8.33333333333333,6,10,1.60128153805087,0,2.18371941369913,2.82842712474619,0.507027856163868,"F4_R25",1.4968310611043,0.706508810356395,1.17015005204386,0.271391979495859,2.28048336484708,5.92536526784749,0.980665950590763,17,"very_hard",5,4,20,2,3,5,4,20,4,4,1,9,0.45,FALSE,FALSE,TRUE,4.69015026591916,1.23521500192833
721,"-1:-2|1:-1|2:-2|2:1",4,TRUE,0,2,2,"off_axis",2.17869416052972,2.82842712474619,3,4,2,2.14295532842377,3,4,2,25,0,TRUE,25,33554432,0,1,25,25,0.833333333333333,2,0.583333333333333,0.25,0.800640769025436,8.33333333333333,6,10,1.60128153805087,10,10,10,0,8.33333333333333,6,10,1.60128153805087,0,2.14295532842377,2.82842712474619,0.480442458550402,"F4_R25",1.23436302722325,1.75502188559869,1.17015005204386,-3.68075372191259,1.07286376482578,1.55164500777899,0.692803437164339,286,"hard",4,4,16,2,4,4,4,16,2,4,1,7,0.4375,FALSE,FALSE,TRUE,0.335740804320094,1.21590420345889
1546,"-1:-1|-1:2|1:1|2:-1",4,TRUE,0,2,2,"off_axis",1.82514076993644,2.23606797749979,2.5,3,2,2.14295532842377,3,4,2,25,0,TRUE,25,33554432,0,1,25,25,0.833333333333333,2,0.583333333333333,0.25,0.800640769025436,8.33333333333333,6,10,1.60128153805087,10,10,10,0,8.33333333333333,6,10,1.60128153805087,0,2.14295532842377,2.82842712474619,0.480442458550402,"F4_R25",1.23436302722325,1.75502188559869,1.17015005204386,-3.68075372191259,1.07286376482578,1.55164500777899,0.692803437164339,286,"hard",4,4,16,2,3,4,4,16,2,4,1,7,0.4375,FALSE,FALSE,TRUE,0.335740804320094,1.21590420345889
1168,"-1:-1|0:1|2:0|2:1",4,TRUE,2,1,1,"mixed",1.66257038496822,2.23606797749979,2,3,2,1.91869125971184,2,8,1,25,0,TRUE,25,33554432,0,1,25,25,0.833333333333333,2,0.583333333333333,0.25,0.800640769025436,8.33333333333333,6,10,1.60128153805087,8,6,10,2.02030508910442,8.33333333333333,6,10,1.60128153805087,0,1.91869125971184,2.82842712474619,0.595001260414515,"F4_R25",-0.209607781575099,-0.342004264885899,1.17015005204386,0.271391979495859,-0.134755835195509,0.755174149883212,0.588614393125671,382,"medium",3,4,12,2,3,3,4,12,2,4,1,7,0.583333333333333,FALSE,FALSE,TRUE,-0.45645541517073,1.21162956505394
1353,"-1:-1|1:-2|1:-1|2:1",4,TRUE,0,2,2,"off_axis",1.82514076993644,2.23606797749979,2.5,3,2,1.98371941369913,2,8,1,25,0,TRUE,25,33554432,0,1,25,25,0.833333333333333,2,0.75,0.0833333333333333,0.553694392684741,8.33333333333333,6,10,1.10738878536948,9,8,10,1.01015254455221,8.33333333333333,6,10,1.10738878536948,0,1.98371941369913,2.82842712474619,0.542481221091435,"F4_R25",0.209089500816147,0.706508810356395,-1.2876990647278,0.271391979495859,-0.134755835195509,-0.235464609254908,0.456498388829216,505,"medium",4,4,16,2,3,4,4,16,1,4,1,6,0.375,FALSE,FALSE,TRUE,-1.44536581673403,1.20990120747912
335,"-2:-2|-1:-2|0:-2|2:0",4,TRUE,2,1,1,"mixed",2.26612377556149,2.82842712474619,2.75,4,2,2.09574173292382,3,8,1,25,0,TRUE,25,33554432,0,1,25,25,0.833333333333333,2,0.583333333333333,0.25,0.800640769025436,8.33333333333333,6,10,1.60128153805087,8,6,10,2.02030508910442,8.33333333333333,6,10,1.60128153805087,0,2.09574173292382,2.82842712474619,0.673190239647906,"F4_R25",0.930368481543597,-0.342004264885899,1.17015005204386,0.271391979495859,1.07286376482578,3.1027700130232,0.849087003222342,137,"very_hard",3,5,15,2,4,3,5,15,3,4,1,8,0.533333333333333,FALSE,FALSE,TRUE,1.91879837050151,1.18397164252169
374,"-2:-2|-1:-2|2:-2|2:0",4,TRUE,1,2,1,"mixed",2.47323055674804,2.82842712474619,3.25,4,2,2.09574173292382,3,8,1,25,0,TRUE,25,33554432,0,1,25,25,0.833333333333333,2,0.583333333333333,0.25,0.800640769025436,8.33333333333333,6,10,1.60128153805087,8,6,10,2.02030508910442,8.33333333333333,6,10,1.60128153805087,0,2.09574173292382,2.82842712474619,0.673190239647906,"F4_R25",0.930368481543597,-0.342004264885899,1.17015005204386,0.271391979495859,1.07286376482578,3.1027700130232,0.849087003222342,137,"very_hard",3,5,15,2,4,3,5,15,3,4,1,8,0.533333333333333,FALSE,FALSE,TRUE,1.91879837050151,1.18397164252169
567,"-2:-2|-1:0|0:-2|2:-2",4,TRUE,2,2,0,"mixed",2.16421356237309,2.82842712474619,2.75,4,2,2.09574173292382,3,8,1,25,0,TRUE,25,33554432,0,1,25,25,0.833333333333333,2,0.583333333333333,0.25,0.800640769025436,8.33333333333333,6,10,1.60128153805087,8,6,10,2.02030508910442,8.33333333333333,6,10,1.60128153805087,0,2.09574173292382,2.82842712474619,0.673190239647906,"F4_R25",0.930368481543597,-0.342004264885899,1.17015005204386,0.271391979495859,1.07286376482578,3.1027700130232,0.849087003222342,137,"very_hard",3,5,15,2,4,3,5,15,3,4,1,8,0.533333333333333,FALSE,FALSE,TRUE,1.91879837050151,1.18397164252169
692,"-2:-2|-1:0|2:-2|2:0",4,TRUE,2,2,0,"mixed",2.16421356237309,2.82842712474619,2.75,4,2,2.09574173292382,3,8,1,25,0,TRUE,25,33554432,0,1,25,25,0.833333333333333,2,0.583333333333333,0.25,0.800640769025436,8.33333333333333,6,10,1.60128153805087,8,6,10,2.02030508910442,8.33333333333333,6,10,1.60128153805087,0,2.09574173292382,2.82842712474619,0.673190239647906,"F4_R25",0.930368481543597,-0.342004264885899,1.17015005204386,0.271391979495859,1.07286376482578,3.1027700130232,0.849087003222342,137,"very_hard",3,5,15,2,4,3,5,15,3,4,1,8,0.533333333333333,FALSE,FALSE,TRUE,1.91879837050151,1.18397164252169
494,"-1:0|0:-2|2:1|2:2",4,TRUE,2,1,1,"mixed",2.01612377556149,2.82842712474619,2.5,4,2,2.14295532842377,3,8,1,25,0,TRUE,25,33554432,0,1,25,25,0.833333333333333,2,0.666666666666667,0.166666666666667,0.688332449299089,8.33333333333333,6,10,1.37666489859818,8,8,8,0,8.33333333333333,6,10,1.37666489859818,0,2.14295532842377,2.82842712474619,0.67308779382795,"F4_R25",1.23436302722325,-0.342004264885899,0.0523490600394965,0.271391979495859,1.07286376482578,2.28896356669849,0.767991407089151,215,"hard",5,4,20,2,4,5,4,20,2,4,1,7,0.35,FALSE,FALSE,TRUE,1.12793702381092,1.16102654288757
519,"-1:-2|-1:0|2:1|2:2",4,TRUE,1,1,2,"mixed",2.07514076993644,2.82842712474619,2.75,4,2,2.14295532842377,3,8,1,25,0,TRUE,25,33554432,0,1,25,25,0.833333333333333,2,0.666666666666667,0.166666666666667,0.688332449299089,8.33333333333333,6,10,1.37666489859818,8,8,8,0,8.33333333333333,6,10,1.37666489859818,0,2.14295532842377,2.82842712474619,0.67308779382795,"F4_R25",1.23436302722325,-0.342004264885899,0.0523490600394965,0.271391979495859,1.07286376482578,2.28896356669849,0.767991407089151,215,"hard",5,4,20,2,4,5,4,20,2,4,1,7,0.35,FALSE,FALSE,TRUE,1.12793702381092,1.16102654288757
472,"-1:-1|0:-1|2:-2|2:-1",4,TRUE,1,2,1,"mixed",1.86967716615477,2.82842712474619,2.5,4,2,1.79508446196187,2,8,1,25,0,TRUE,25,33554432,0,1,25,25,0.833333333333333,2,0.583333333333333,0.25,0.800640769025436,8.33333333333333,6,10,1.60128153805087,7,6,8,1.01015254455221,8.33333333333333,6,10,1.60128153805087,0,1.79508446196187,2.82842712474619,0.647792640367682,"F4_R25",-1.005475834559,-1.39051734012819,1.17015005204386,0.271391979495859,-0.134755835195509,-1.08920697834298,0.361976369495166,593,"easy",3,4,12,2,4,3,4,12,1,4,1,6,0.5,FALSE,FALSE,TRUE,-2.23756203622485,1.14835505788187
727,"-1:-2|1:-1|1:2|2:-2",4,TRUE,0,2,2,"off_axis",2.17869416052972,2.82842712474619,3,4,2,2.00153397218646,2,8,1,25,0,TRUE,25,33554432,0,1,25,25,0.833333333333333,2,0.666666666666667,0.166666666666667,0.688332449299089,8.33333333333333,6,10,1.37666489859818,10,10,10,0,8.33333333333333,6,10,1.37666489859818,0,2.00153397218646,2.82842712474619,0.464114160026601,"F4_R25",0.323792237527746,1.75502188559869,0.0523490600394965,0.271391979495859,-0.134755835195509,2.26779932746628,0.762620837808808,220,"hard",5,4,20,2,4,5,4,20,2,4,1,7,0.35,FALSE,FALSE,TRUE,1.12793702381092,1.13986230365536
1057,"-2:-2|0:1|0:2|2:0",4,TRUE,3,1,0,"mixed",1.95710678118655,2.82842712474619,2.25,4,2,2.11934853067379,3,8,1,25,0,TRUE,25,33554432,0,1,25,25,0.833333333333333,2,0.583333333333333,0.25,0.800640769025436,8.33333333333333,6,10,1.60128153805087,8,6,10,2.02030508910442,8.33333333333333,6,10,1.60128153805087,0,2.11934853067379,2.82842712474619,0.673598797117914,"F4_R25",1.08236575438342,-0.342004264885899,1.17015005204386,0.271391979495859,1.07286376482578,3.25476728586302,0.859291084854995,130,"very_hard",5,5,25,2,4,5,5,25,2,4,1,7,0.28,FALSE,FALSE,TRUE,2.11818229817445,1.13658498768858
1582,"-1:0|0:-2|1:2|2:0",4,TRUE,3,0,1,"mixed",1.80901699437495,2.23606797749979,2,3,2,2.07792717443648,3,8,1,25,0,TRUE,25,33554432,0,1,25,25,0.833333333333333,2,0.583333333333333,0.25,0.800640769025436,8.33333333333333,6,10,1.60128153805087,9,8,10,1.01015254455221,8.33333333333333,6,10,1.60128153805087,0,2.07792717443648,2.82842712474619,0.559978826721162,"F4_R25",0.815665744831999,0.706508810356395,1.17015005204386,0.271391979495859,1.07286376482578,4.0365803515539,0.932330827067669,62,"very_hard",5,4,20,2,3,5,4,20,3,4,1,8,0.4,FALSE,FALSE,TRUE,2.90904364486504,1.12753670668886
843,"-1:0|1:-1|2:-2|2:2",4,TRUE,1,3,0,"mixed",2.01776695296637,2.82842712474619,2.75,4,2,2.06142715787305,1,8,1,25,0,TRUE,25,33554432,0,1,25,25,0.833333333333333,2,0.583333333333333,0.25,0.800640769025436,8.33333333333333,6,10,1.60128153805087,8,8,8,0,8.33333333333333,6,10,1.60128153805087,0,2.06142715787305,2.82842712474619,0.782104051605118,"F4_R25",0.709426959461129,-0.342004264885899,1.17015005204386,0.271391979495859,-1.3423754352168,0.466589290898147,0.561224489795918,409,"medium",5,4,20,2,4,5,4,20,1,4,1,6,0.3,FALSE,FALSE,TRUE,-0.653169597243203,1.11975888814135
389,"-1:0|1:-2|2:-2|2:-1",4,TRUE,1,1,2,"mixed",2.07514076993644,2.82842712474619,2.75,4,2,1.9607698869111,2,8,1,25,0,TRUE,25,33554432,0,1,25,25,0.833333333333333,2,0.666666666666667,0.166666666666667,0.688332449299089,8.33333333333333,6,10,1.37666489859818,7,6,8,1.01015254455221,8.33333333333333,6,10,1.37666489859818,0,1.9607698869111,2.82842712474619,0.785551080864481,"F4_R25",0.0613242036466893,-1.39051734012819,0.0523490600394965,0.271391979495859,-0.134755835195509,-1.14020793214166,0.356605800214823,598,"easy",3,4,12,2,4,3,4,12,1,4,1,6,0.5,FALSE,FALSE,TRUE,-2.23756203622485,1.09735410408319
430,"-1:-1|-1:0|1:-2|2:-2",4,TRUE,1,2,1,"mixed",1.86967716615477,2.82842712474619,2.5,4,2,1.9607698869111,2,8,1,25,0,TRUE,25,33554432,0,1,25,25,0.833333333333333,2,0.666666666666667,0.166666666666667,0.688332449299089,8.33333333333333,6,10,1.37666489859818,7,6,8,1.01015254455221,8.33333333333333,6,10,1.37666489859818,0,1.9607698869111,2.82842712474619,0.785551080864481,"F4_R25",0.0613242036466893,-1.39051734012819,0.0523490600394965,0.271391979495859,-0.134755835195509,-1.14020793214166,0.356605800214823,598,"easy",3,4,12,2,4,3,4,12,1,4,1,6,0.5,FALSE,FALSE,TRUE,-2.23756203622485,1.09735410408319
439,"-1:-1|0:2|1:-2|2:-2",4,TRUE,1,2,1,"mixed",2.11967716615477,2.82842712474619,2.75,4,2,1.98371941369913,2,8,1,25,0,TRUE,25,33554432,0,1,25,25,0.833333333333333,2,0.583333333333333,0.25,0.800640769025436,8.33333333333333,6,10,1.60128153805087,9,8,10,1.01015254455221,8.33333333333333,6,10,1.60128153805087,0,1.98371941369913,2.82842712474619,0.542481221091435,"F4_R25",0.209089500816147,0.706508810356395,1.17015005204386,0.271391979495859,-0.134755835195509,2.22238450751675,0.754564983888292,225,"hard",5,4,20,2,4,5,4,20,2,4,1,7,0.35,FALSE,FALSE,TRUE,1.12793702381092,1.09444748370583
992,"-1:-2|1:-2|1:-1|2:2",4,TRUE,0,2,2,"off_axis",2.17869416052972,2.82842712474619,3,4,2,1.98371941369913,2,8,1,25,0,TRUE,25,33554432,0,1,25,25,0.833333333333333,2,0.583333333333333,0.25,0.800640769025436,8.33333333333333,6,10,1.60128153805087,9,8,10,1.01015254455221,8.33333333333333,6,10,1.60128153805087,0,1.98371941369913,2.82842712474619,0.542481221091435,"F4_R25",0.209089500816147,0.706508810356395,1.17015005204386,0.271391979495859,-0.134755835195509,2.22238450751675,0.754564983888292,225,"hard",5,4,20,2,4,5,4,20,2,4,1,7,0.35,FALSE,FALSE,TRUE,1.12793702381092,1.09444748370583
1314,"-1:-1|1:-2|1:2|2:-1",4,TRUE,0,1,3,"off_axis",2.03060437371812,2.23606797749979,2.75,3,2,1.98371941369913,2,8,1,25,0,TRUE,25,33554432,0,1,25,25,0.833333333333333,2,0.583333333333333,0.25,0.800640769025436,8.33333333333333,6,10,1.60128153805087,9,8,10,1.01015254455221,8.33333333333333,6,10,1.60128153805087,0,1.98371941369913,2.82842712474619,0.542481221091435,"F4_R25",0.209089500816147,0.706508810356395,1.17015005204386,0.271391979495859,-0.134755835195509,2.22238450751675,0.754564983888292,225,"hard",5,4,20,2,3,5,4,20,2,4,1,7,0.35,FALSE,FALSE,TRUE,1.12793702381092,1.09444748370583
1400,"-1:-2|0:2|1:-1|2:-1",4,TRUE,1,1,2,"mixed",1.97158737934317,2.23606797749979,2.5,3,2,1.98371941369913,2,8,1,25,0,TRUE,25,33554432,0,1,25,25,0.833333333333333,2,0.583333333333333,0.25,0.800640769025436,8.33333333333333,6,10,1.60128153805087,9,8,10,1.01015254455221,8.33333333333333,6,10,1.60128153805087,0,1.98371941369913,2.82842712474619,0.542481221091435,"F4_R25",0.209089500816147,0.706508810356395,1.17015005204386,0.271391979495859,-0.134755835195509,2.22238450751675,0.754564983888292,225,"hard",5,4,20,2,3,5,4,20,2,4,1,7,0.35,FALSE,FALSE,TRUE,1.12793702381092,1.09444748370583
1682,"-1:-1|0:1|0:2|2:0",4,TRUE,3,1,0,"mixed",1.60355339059327,2,1.75,2,2,1.91869125971184,2,8,1,25,0,TRUE,25,33554432,0,1,25,25,0.833333333333333,2,0.666666666666667,0.166666666666667,0.688332449299089,8.33333333333333,6,10,1.37666489859818,8,6,10,2.02030508910442,8.33333333333333,6,10,1.37666489859818,0,1.91869125971184,2.82842712474619,0.595001260414515,"F4_R25",-0.209607781575099,-0.342004264885899,0.0523490600394965,0.271391979495859,-0.134755835195509,-0.362626842121151,0.437701396348013,520,"medium",4,4,16,2,2,4,4,16,1,4,1,6,0.375,FALSE,FALSE,TRUE,-1.44536581673403,1.08273897461288
1341,"-1:-1|-1:1|-1:2|0:1",4,TRUE,1,2,1,"mixed",1.51612377556149,2.23606797749979,2,3,2,1.57147766421189,1,8,1,25,0,TRUE,25,33554432,0,1,25,25,0.833333333333333,2,0.583333333333333,0.25,0.800640769025436,8.33333333333333,6,10,1.60128153805087,7,6,8,1.01015254455221,8.33333333333333,6,10,1.60128153805087,0,1.57147766421189,2.23606797749979,0.506028052453785,"F4_R25",-2.44521466768698,-1.39051734012819,1.17015005204386,0.271391979495859,-1.3423754352168,-3.73656541149225,0.101503759398496,833,"very_easy",4,2,8,2,3,4,2,8,0,4,1,5,0.625,FALSE,FALSE,TRUE,-4.8108648767698,1.07429946527754
1645,"-1:-1|-1:1|0:-2|0:-1",4,TRUE,2,2,0,"mixed",1.45710678118655,2,1.75,2,2,1.57147766421189,1,8,1,25,0,TRUE,25,33554432,0,1,25,25,0.833333333333333,2,0.583333333333333,0.25,0.800640769025436,8.33333333333333,6,10,1.60128153805087,7,6,8,1.01015254455221,8.33333333333333,6,10,1.60128153805087,0,1.57147766421189,2.23606797749979,0.506028052453785,"F4_R25",-2.44521466768698,-1.39051734012819,1.17015005204386,0.271391979495859,-1.3423754352168,-3.73656541149225,0.101503759398496,833,"very_easy",4,2,8,2,2,4,2,8,0,4,1,5,0.625,FALSE,FALSE,TRUE,-4.8108648767698,1.07429946527754
1300,"-1:-1|1:-2|1:0|2:-1",4,TRUE,1,1,2,"mixed",1.72158737934317,2.23606797749979,2.25,3,2,1.81869125971184,1,8,1,25,0,TRUE,25,33554432,0,1,25,25,0.833333333333333,2,0.666666666666667,0.166666666666667,0.688332449299089,8.33333333333333,6,10,1.37666489859818,9,8,10,1.01015254455221,8.33333333333333,6,10,1.37666489859818,0,1.81869125971184,2.23606797749979,0.46231555102518,"F4_R25",-0.853478561719174,0.706508810356395,0.0523490600394965,0.271391979495859,-1.3423754352168,-1.16560414704422,0.345864661654135,608,"easy",3,4,12,2,3,3,4,12,1,4,1,6,0.5,FALSE,FALSE,TRUE,-2.23756203622485,1.07195788918063
747,"-1:-2|-1:-1|1:0|2:-2",4,TRUE,1,2,1,"mixed",1.86967716615477,2.82842712474619,2.5,4,2,2.00153397218646,2,8,1,25,0,TRUE,25,33554432,0,1,25,25,0.833333333333333,2,0.75,0.0833333333333333,0.553694392684741,8.33333333333333,6,10,1.10738878536948,8,8,8,0,8.33333333333333,6,10,1.10738878536948,0,2.00153397218646,2.82842712474619,0.661531689157382,"F4_R25",0.323792237527746,-0.342004264885899,-1.2876990647278,0.271391979495859,-0.134755835195509,-1.1692749477856,0.340494092373792,613,"easy",3,4,12,2,4,3,4,12,1,4,1,6,0.5,FALSE,FALSE,TRUE,-2.23756203622485,1.06828708843925
337,"-1:-1|2:-2|2:-1|2:0",4,TRUE,1,2,1,"mixed",2.11967716615477,2.82842712474619,2.75,4,2,1.89508446196187,2,8,1,25,0,TRUE,25,33554432,0,1,25,25,0.833333333333333,2,0.583333333333333,0.25,0.800640769025436,8.33333333333333,6,10,1.60128153805087,8,6,10,2.02030508910442,8.33333333333333,6,10,1.60128153805087,0,1.89508446196187,2.82842712474619,0.585619218368906,"F4_R25",-0.361605054414923,-0.342004264885899,1.17015005204386,0.271391979495859,-0.134755835195509,0.603176877043388,0.576799140708915,393,"medium",3,4,12,2,4,3,4,12,2,4,1,7,0.583333333333333,FALSE,FALSE,TRUE,-0.45645541517073,1.05963229221412
985,"-1:-2|0:1|1:-2|2:2",4,TRUE,1,1,2,"mixed",2.07514076993644,2.82842712474619,2.75,4,2,2.0659048552118,3,8,1,25,0,TRUE,25,33554432,0,1,25,25,0.833333333333333,2,0.583333333333333,0.25,0.800640769025436,8.33333333333333,6,10,1.60128153805087,9,8,10,1.01015254455221,8.33333333333333,6,10,1.60128153805087,0,2.0659048552118,2.82842712474619,0.507758832969072,"F4_R25",0.738257544248626,0.706508810356395,1.17015005204386,0.271391979495859,1.07286376482578,3.95917215097052,0.924274973147154,67,"very_hard",5,4,20,2,4,5,4,20,3,4,1,8,0.4,FALSE,FALSE,TRUE,2.90904364486504,1.05012850610548
1460,"-1:-2|0:1|1:2|2:0",4,TRUE,2,0,2,"mixed",1.86803398874989,2.23606797749979,2.25,3,2,2.0659048552118,3,8,1,25,0,TRUE,25,33554432,0,1,25,25,0.833333333333333,2,0.583333333333333,0.25,0.800640769025436,8.33333333333333,6,10,1.60128153805087,9,8,10,1.01015254455221,8.33333333333333,6,10,1.60128153805087,0,2.0659048552118,2.82842712474619,0.507758832969072,"F4_R25",0.738257544248626,0.706508810356395,1.17015005204386,0.271391979495859,1.07286376482578,3.95917215097052,0.924274973147154,67,"very_hard",5,4,20,2,3,5,4,20,3,4,1,8,0.4,FALSE,FALSE,TRUE,2.90904364486504,1.05012850610548
1512,"-1:-1|1:-2|1:2|2:0",4,TRUE,1,1,2,"mixed",1.97158737934317,2.23606797749979,2.5,3,2,2.0659048552118,3,8,1,25,0,TRUE,25,33554432,0,1,25,25,0.833333333333333,2,0.583333333333333,0.25,0.800640769025436,8.33333333333333,6,10,1.60128153805087,9,8,10,1.01015254455221,8.33333333333333,6,10,1.60128153805087,0,2.0659048552118,2.82842712474619,0.507758832969072,"F4_R25",0.738257544248626,0.706508810356395,1.17015005204386,0.271391979495859,1.07286376482578,3.95917215097052,0.924274973147154,67,"very_hard",5,4,20,2,3,5,4,20,3,4,1,8,0.4,FALSE,FALSE,TRUE,2.90904364486504,1.05012850610548
1375,"-1:0|0:-2|1:-1|2:-1",4,TRUE,2,1,1,"mixed",1.66257038496822,2.23606797749979,2,3,2,1.80087670122451,1,8,1,25,0,TRUE,25,33554432,0,1,25,25,0.833333333333333,2,0.583333333333333,0.25,0.800640769025436,8.33333333333333,6,10,1.60128153805087,8,6,10,2.02030508910442,8.33333333333333,6,10,1.60128153805087,0,1.80087670122451,2.23606797749979,0.534210847873044,"F4_R25",-0.968181298430773,-0.342004264885899,1.17015005204386,0.271391979495859,-1.3423754352168,-1.21101896699375,0.335123523093448,618,"easy",3,4,12,2,3,3,4,12,1,4,1,6,0.5,FALSE,FALSE,TRUE,-2.23756203622485,1.0265430692311
466,"-2:-2|-2:-1|0:-2|2:0",4,TRUE,2,1,1,"mixed",2.26612377556149,2.82842712474619,2.75,4,2,2.07792717443648,3,8,1,25,0,TRUE,25,33554432,0,1,25,25,0.833333333333333,2,0.666666666666667,0.166666666666667,0.688332449299089,8.33333333333333,6,10,1.37666489859818,9,8,10,1.01015254455221,8.33333333333333,6,10,1.37666489859818,0,2.07792717443648,2.82842712474619,0.559978826721162,"F4_R25",0.815665744831999,0.706508810356395,0.0523490600394965,0.271391979495859,1.07286376482578,2.91877935954953,0.821160042964554,163,"very_hard",3,5,15,2,4,3,5,15,3,4,1,8,0.533333333333333,FALSE,FALSE,TRUE,1.91879837050151,0.999980989048024
697,"-1:-2|-1:-1|2:0|2:2",4,TRUE,1,2,1,"mixed",2.11967716615477,2.82842712474619,2.75,4,2,2.1607698869111,3,8,1,25,0,TRUE,25,33554432,0,1,25,25,0.833333333333333,2,0.75,0.0833333333333333,0.553694392684741,8.33333333333333,6,10,1.10738878536948,9,8,10,1.01015254455221,8.33333333333333,6,10,1.10738878536948,0,2.1607698869111,2.82842712474619,0.606514171143573,"F4_R25",1.34906576393484,0.706508810356395,-1.2876990647278,0.271391979495859,1.07286376482578,2.11213125388508,0.738453276047261,240,"hard",5,4,20,2,4,5,4,20,2,4,1,7,0.35,FALSE,FALSE,TRUE,1.12793702381092,0.984194230074159
613,"-1:-1|0:-2|1:1|2:-2",4,TRUE,1,3,0,"mixed",1.9142135623731,2.82842712474619,2.5,4,2,2.0607698869111,2,8,1,25,0,TRUE,25,33554432,0,1,25,25,0.833333333333333,2,0.75,0.0833333333333333,0.553694392684741,8.33333333333333,6,10,1.10738878536948,10,10,10,0,8.33333333333333,6,10,1.10738878536948,0,2.0607698869111,2.82842712474619,0.530437422427522,"F4_R25",0.705194983790766,1.75502188559869,-1.2876990647278,0.271391979495859,-0.134755835195509,1.309153948962,0.64983888292159,325,"hard",4,4,16,2,4,4,4,16,2,4,1,7,0.4375,FALSE,FALSE,TRUE,0.335740804320094,0.973413144641911
1158,"-1:-1|0:2|1:2|2:0",4,TRUE,2,1,1,"mixed",1.91257038496822,2.23606797749979,2.25,3,2,2.10153397218646,3,8,1,25,0,TRUE,25,33554432,0,1,25,25,0.833333333333333,2,0.666666666666667,0.166666666666667,0.688332449299089,8.33333333333333,6,10,1.37666489859818,9,8,10,1.01015254455221,8.33333333333333,6,10,1.37666489859818,0,2.10153397218646,2.82842712474619,0.561303011598098,"F4_R25",0.967663017671823,0.706508810356395,0.0523490600394965,0.271391979495859,1.07286376482578,3.07077663238936,0.841031149301826,147,"very_hard",4,4,16,2,3,4,4,16,3,4,1,8,0.5,FALSE,FALSE,TRUE,2.11684742537422,0.953929207015142
922,"-1:-1|0:-1|1:0|2:-2",4,TRUE,2,2,0,"mixed",1.56066017177982,2.82842712474619,2,4,2,1.76011261594915,2,8,1,25,0,TRUE,25,33554432,0,1,25,25,0.833333333333333,2,0.583333333333333,0.25,0.800640769025436,8.33333333333333,6,10,1.60128153805087,7,6,8,1.01015254455221,8.33333333333333,6,10,1.60128153805087,0,1.76011261594915,2.82842712474619,0.668334230403909,"F4_R25",-1.23064933231183,-1.39051734012819,1.17015005204386,0.271391979495859,-0.134755835195509,-1.31438047609581,0.32438238453276,628,"easy",3,4,12,2,4,3,4,12,1,4,1,6,0.5,FALSE,FALSE,TRUE,-2.23756203622485,0.923181560129038
1340,"-1:-2|1:-1|1:0|2:-1",4,TRUE,1,1,2,"mixed",1.72158737934317,2.23606797749979,2.25,3,2,1.76011261594915,2,8,1,25,0,TRUE,25,33554432,0,1,25,25,0.833333333333333,2,0.583333333333333,0.25,0.800640769025436,8.33333333333333,6,10,1.60128153805087,7,6,8,1.01015254455221,8.33333333333333,6,10,1.60128153805087,0,1.76011261594915,2.82842712474619,0.668334230403909,"F4_R25",-1.23064933231183,-1.39051734012819,1.17015005204386,0.271391979495859,-0.134755835195509,-1.31438047609581,0.32438238453276,628,"easy",3,4,12,2,3,3,4,12,1,4,1,6,0.5,FALSE,FALSE,TRUE,-2.23756203622485,0.923181560129038
1527,"-1:-1|-1:0|0:1|1:-2",4,TRUE,2,1,1,"mixed",1.41257038496822,2.23606797749979,1.75,3,2,1.76011261594915,2,8,1,25,0,TRUE,25,33554432,0,1,25,25,0.833333333333333,2,0.583333333333333,0.25,0.800640769025436,8.33333333333333,6,10,1.60128153805087,7,6,8,1.01015254455221,8.33333333333333,6,10,1.60128153805087,0,1.76011261594915,2.82842712474619,0.668334230403909,"F4_R25",-1.23064933231183,-1.39051734012819,1.17015005204386,0.271391979495859,-0.134755835195509,-1.31438047609581,0.32438238453276,628,"easy",4,3,12,2,3,4,3,12,1,4,1,6,0.5,FALSE,FALSE,TRUE,-2.23756203622485,0.923181560129038
1401,"-1:-1|-1:1|-1:2|2:0",4,TRUE,1,2,1,"mixed",1.76612377556149,2.23606797749979,2.25,3,2,1.93650581819917,2,8,1,25,0,TRUE,25,33554432,0,1,25,25,0.833333333333333,2,0.75,0.0833333333333333,0.553694392684741,8.33333333333333,6,10,1.10738878536948,9,8,10,1.01015254455221,8.33333333333333,6,10,1.10738878536948,0,1.93650581819917,2.82842712474619,0.526988526209425,"F4_R25",-0.0949050448635005,0.706508810356395,-1.2876990647278,0.271391979495859,-0.134755835195509,-0.539459154934556,0.416219119226638,540,"medium",4,4,16,2,3,4,4,16,1,4,1,6,0.375,FALSE,FALSE,TRUE,-1.44536581673403,0.905906661799471
1028,"-1:-1|-1:2|0:2|2:-2",4,TRUE,1,2,1,"mixed",2.11967716615477,2.82842712474619,2.75,4,2,2.04229805746182,3,8,1,25,0,TRUE,25,33554432,0,1,25,25,0.833333333333333,2,0.583333333333333,0.25,0.800640769025436,8.33333333333333,6,10,1.60128153805087,9,8,10,1.01015254455221,8.33333333333333,6,10,1.60128153805087,0,2.04229805746182,2.82842712474619,0.504445398969847,"F4_R25",0.586260271408802,0.706508810356395,1.17015005204386,0.271391979495859,1.07286376482578,3.8071748781307,0.913533834586466,77,"very_hard",5,4,20,2,4,5,4,20,3,4,1,8,0.4,FALSE,FALSE,TRUE,2.90904364486504,0.89813123326566
1562,"-1:-2|-1:0|0:2|2:-1",4,TRUE,2,0,2,"mixed",1.86803398874989,2.23606797749979,2.25,3,2,2.04229805746182,3,8,1,25,0,TRUE,25,33554432,0,1,25,25,0.833333333333333,2,0.583333333333333,0.25,0.800640769025436,8.33333333333333,6,10,1.60128153805087,9,8,10,1.01015254455221,8.33333333333333,6,10,1.60128153805087,0,2.04229805746182,2.82842712474619,0.504445398969847,"F4_R25",0.586260271408802,0.706508810356395,1.17015005204386,0.271391979495859,1.07286376482578,3.8071748781307,0.913533834586466,77,"very_hard",5,4,20,2,3,5,4,20,3,4,1,8,0.4,FALSE,FALSE,TRUE,2.90904364486504,0.89813123326566
1595,"-1:-2|-1:0|0:2|2:1",4,TRUE,2,0,2,"mixed",1.86803398874989,2.23606797749979,2.25,3,2,2.04229805746182,3,8,1,25,0,TRUE,25,33554432,0,1,25,25,0.833333333333333,2,0.583333333333333,0.25,0.800640769025436,8.33333333333333,6,10,1.60128153805087,9,8,10,1.01015254455221,8.33333333333333,6,10,1.60128153805087,0,2.04229805746182,2.82842712474619,0.504445398969847,"F4_R25",0.586260271408802,0.706508810356395,1.17015005204386,0.271391979495859,1.07286376482578,3.8071748781307,0.913533834586466,77,"very_hard",5,4,20,2,3,5,4,20,3,4,1,8,0.4,FALSE,FALSE,TRUE,2.90904364486504,0.89813123326566
951,"-1:-1|-1:0|0:1|2:2",4,TRUE,2,2,0,"mixed",1.56066017177982,2.82842712474619,2,4,2,1.87858444539843,2,8,1,25,0,TRUE,25,33554432,0,1,25,25,0.833333333333333,2,0.583333333333333,0.25,0.800640769025436,8.33333333333333,6,10,1.60128153805087,7,6,8,1.01015254455221,8.33333333333333,6,10,1.60128153805087,0,1.87858444539843,2.82842712474619,0.796464745336163,"F4_R25",-0.467843839785789,-1.39051734012819,1.17015005204386,0.271391979495859,-0.134755835195509,-0.551574983569773,0.408163265306122,550,"medium",4,4,16,2,4,4,4,16,1,4,1,6,0.375,FALSE,FALSE,TRUE,-1.44536581673403,0.893790833164254
998,"-1:-1|-1:0|0:1|2:-2",4,TRUE,2,2,0,"mixed",1.56066017177982,2.82842712474619,2,4,2,1.87858444539843,2,8,1,25,0,TRUE,25,33554432,0,1,25,25,0.833333333333333,2,0.583333333333333,0.25,0.800640769025436,8.33333333333333,6,10,1.60128153805087,7,6,8,1.01015254455221,8.33333333333333,6,10,1.60128153805087,0,1.87858444539843,2.82842712474619,0.796464745336163,"F4_R25",-0.467843839785789,-1.39051734012819,1.17015005204386,0.271391979495859,-0.134755835195509,-0.551574983569773,0.408163265306122,550,"medium",4,4,16,2,4,4,4,16,1,4,1,6,0.375,FALSE,FALSE,TRUE,-1.44536581673403,0.893790833164254
1344,"-1:-2|-1:-1|0:-1|2:1",4,TRUE,1,1,2,"mixed",1.72158737934317,2.23606797749979,2.25,3,2,1.87858444539843,2,8,1,25,0,TRUE,25,33554432,0,1,25,25,0.833333333333333,2,0.583333333333333,0.25,0.800640769025436,8.33333333333333,6,10,1.60128153805087,7,6,8,1.01015254455221,8.33333333333333,6,10,1.60128153805087,0,1.87858444539843,2.82842712474619,0.796464745336163,"F4_R25",-0.467843839785789,-1.39051734012819,1.17015005204386,0.271391979495859,-0.134755835195509,-0.551574983569773,0.408163265306122,550,"medium",4,4,16,2,3,4,4,16,1,4,1,6,0.375,FALSE,FALSE,TRUE,-1.44536581673403,0.893790833164254
461,"-1:0|0:-2|2:-2|2:-1",4,TRUE,2,1,1,"mixed",2.01612377556149,2.82842712474619,2.5,4,2,2.06011261594915,3,8,1,25,0,TRUE,25,33554432,0,1,25,25,0.833333333333333,2,0.75,0.0833333333333333,0.553694392684741,8.33333333333333,6,10,1.10738878536948,8,8,8,0,8.33333333333333,6,10,1.10738878536948,0,2.06011261594915,2.82842712474619,0.628875548196174,"F4_R25",0.7009630081204,-0.342004264885899,-1.2876990647278,0.271391979495859,1.07286376482578,0.415515422828343,0.556390977443609,412,"medium",3,4,12,2,4,3,4,12,2,4,1,7,0.583333333333333,FALSE,FALSE,TRUE,-0.45645541517073,0.871970837999073
503,"-1:-2|-1:0|2:-2|2:-1",4,TRUE,1,1,2,"mixed",2.07514076993644,2.82842712474619,2.75,4,2,2.06011261594915,3,8,1,25,0,TRUE,25,33554432,0,1,25,25,0.833333333333333,2,0.75,0.0833333333333333,0.553694392684741,8.33333333333333,6,10,1.10738878536948,8,8,8,0,8.33333333333333,6,10,1.10738878536948,0,2.06011261594915,2.82842712474619,0.628875548196174,"F4_R25",0.7009630081204,-0.342004264885899,-1.2876990647278,0.271391979495859,1.07286376482578,0.415515422828343,0.556390977443609,412,"medium",3,4,12,2,4,3,4,12,2,4,1,7,0.583333333333333,FALSE,FALSE,TRUE,-0.45645541517073,0.871970837999073
699,"-1:-1|0:2|1:-2|2:2",4,TRUE,1,2,1,"mixed",2.11967716615477,2.82842712474619,2.75,4,2,2.0607698869111,2,8,1,25,0,TRUE,25,33554432,0,1,25,25,0.833333333333333,2,0.583333333333333,0.25,0.800640769025436,8.33333333333333,6,10,1.60128153805087,10,10,10,0,8.33333333333333,6,10,1.60128153805087,0,2.0607698869111,2.82842712474619,0.530437422427522,"F4_R25",0.705194983790766,1.75502188559869,1.17015005204386,0.271391979495859,-0.134755835195509,3.76700306573367,0.902792696025779,87,"very_hard",5,4,20,2,4,5,4,20,3,4,1,8,0.4,FALSE,FALSE,TRUE,2.90904364486504,0.857959420868626
812,"-1:-2|0:2|1:1|2:-2",4,TRUE,1,2,1,"mixed",2.11967716615477,2.82842712474619,2.75,4,2,2.0607698869111,2,8,1,25,0,TRUE,25,33554432,0,1,25,25,0.833333333333333,2,0.583333333333333,0.25,0.800640769025436,8.33333333333333,6,10,1.60128153805087,10,10,10,0,8.33333333333333,6,10,1.60128153805087,0,2.0607698869111,2.82842712474619,0.530437422427522,"F4_R25",0.705194983790766,1.75502188559869,1.17015005204386,0.271391979495859,-0.134755835195509,3.76700306573367,0.902792696025779,87,"very_hard",5,4,20,2,4,5,4,20,3,4,1,8,0.4,FALSE,FALSE,TRUE,2.90904364486504,0.857959420868626
1537,"-1:-2|0:2|1:-1|2:0",4,TRUE,2,1,1,"mixed",1.91257038496822,2.23606797749979,2.25,3,2,2.0607698869111,2,8,1,25,0,TRUE,25,33554432,0,1,25,25,0.833333333333333,2,0.583333333333333,0.25,0.800640769025436,8.33333333333333,6,10,1.60128153805087,10,10,10,0,8.33333333333333,6,10,1.60128153805087,0,2.0607698869111,2.82842712474619,0.530437422427522,"F4_R25",0.705194983790766,1.75502188559869,1.17015005204386,0.271391979495859,-0.134755835195509,3.76700306573367,0.902792696025779,87,"very_hard",5,4,20,2,3,5,4,20,3,4,1,8,0.4,FALSE,FALSE,TRUE,2.90904364486504,0.857959420868626
1608,"-1:-1|0:-2|0:1|2:1",4,TRUE,2,1,1,"mixed",1.66257038496822,2.23606797749979,2,3,2,1.99574173292381,2,8,1,25,0,TRUE,25,33554432,0,1,25,25,0.833333333333333,2,0.666666666666667,0.166666666666667,0.688332449299089,8.33333333333333,6,10,1.37666489859818,9,8,10,1.01015254455221,8.33333333333333,6,10,1.37666489859818,0,1.99574173292381,2.82842712474619,0.593497107983451,"F4_R25",0.286497701399519,0.706508810356395,0.0523490600394965,0.271391979495859,-0.134755835195509,1.18199171609576,0.639097744360902,335,"hard",4,4,16,2,3,4,4,16,2,4,1,7,0.4375,FALSE,FALSE,TRUE,0.335740804320094,0.846250911775667
1351,"-1:-1|-1:0|1:-2|1:-1",4,TRUE,1,2,1,"mixed",1.51612377556149,2.23606797749979,2,3,2,1.73650581819918,1,8,1,25,0,TRUE,25,33554432,0,1,25,25,0.833333333333333,2,0.666666666666667,0.166666666666667,0.688332449299089,8.33333333333333,6,10,1.37666489859818,7,6,8,1.01015254455221,8.33333333333333,6,10,1.37666489859818,0,1.73650581819918,2.82842712474619,0.653662793937545,"F4_R25",-1.38264660515165,-1.39051734012819,0.0523490600394965,0.271391979495859,-1.3423754352168,-3.79179834096129,0.0934479054779807,843,"very_easy",3,3,9,2,3,3,3,9,0,4,1,5,0.555555555555556,FALSE,FALSE,TRUE,-4.61281582189709,0.821017480935799
749,"-2:-1|-2:2|-1:-1|0:-2",4,TRUE,1,2,1,"mixed",2.11967716615477,2.82842712474619,2.75,4,2,1.96011261594915,2,8,1,25,0,TRUE,25,33554432,0,1,25,25,0.833333333333333,2,0.666666666666667,0.166666666666667,0.688332449299089,8.33333333333333,6,10,1.37666489859818,9,8,10,1.01015254455221,8.33333333333333,6,10,1.37666489859818,0,1.96011261594915,2.82842712474619,0.535369584489657,"F4_R25",0.0570922279763234,0.706508810356395,0.0523490600394965,0.271391979495859,-0.134755835195509,0.952586242672566,0.633727175080559,340,"hard",5,3,15,2,4,5,3,15,2,4,1,7,0.466666666666667,FALSE,FALSE,TRUE,0.137691749447388,0.814894493225177
371,"-2:-2|-2:-1|-2:2|0:-2",4,TRUE,1,2,1,"mixed",2.47323055674804,2.82842712474619,3.25,4,2,2.03650581819918,3,8,1,25,0,TRUE,25,33554432,0,1,25,25,0.833333333333333,2,0.583333333333333,0.25,0.800640769025436,8.33333333333333,6,10,1.60128153805087,8,6,10,2.02030508910442,8.33333333333333,6,10,1.60128153805087,0,2.03650581819918,2.82842712474619,0.625960641681523,"F4_R25",0.548965735280577,-0.342004264885899,1.17015005204386,0.271391979495859,1.07286376482578,2.72136726676018,0.798603651987111,184,"hard",5,3,15,2,4,5,3,15,3,4,1,8,0.533333333333333,FALSE,FALSE,TRUE,1.91879837050151,0.80256889625867
458,"-2:-2|-2:-1|0:-2|0:2",4,TRUE,2,1,1,"mixed",2.26612377556149,2.82842712474619,2.75,4,2,2.03650581819918,3,8,1,25,0,TRUE,25,33554432,0,1,25,25,0.833333333333333,2,0.583333333333333,0.25,0.800640769025436,8.33333333333333,6,10,1.60128153805087,8,6,10,2.02030508910442,8.33333333333333,6,10,1.60128153805087,0,2.03650581819918,2.82842712474619,0.625960641681523,"F4_R25",0.548965735280577,-0.342004264885899,1.17015005204386,0.271391979495859,1.07286376482578,2.72136726676018,0.798603651987111,184,"hard",5,3,15,2,4,5,3,15,3,4,1,8,0.533333333333333,FALSE,FALSE,TRUE,1.91879837050151,0.80256889625867
1183,"-1:-1|-1:2|0:2|2:0",4,TRUE,2,1,1,"mixed",1.91257038496822,2.23606797749979,2.25,3,2,2.07792717443648,3,8,1,25,0,TRUE,25,33554432,0,1,25,25,0.833333333333333,2,0.666666666666667,0.166666666666667,0.688332449299089,8.33333333333333,6,10,1.37666489859818,9,8,10,1.01015254455221,8.33333333333333,6,10,1.37666489859818,0,2.07792717443648,2.82842712474619,0.559978826721162,"F4_R25",0.815665744831999,0.706508810356395,0.0523490600394965,0.271391979495859,1.07286376482578,2.91877935954953,0.821160042964554,163,"very_hard",4,4,16,2,3,4,4,16,3,4,1,8,0.5,FALSE,FALSE,TRUE,2.11684742537422,0.801931934175318
1199,"-1:-1|-1:2|0:2|2:-1",4,TRUE,1,1,2,"mixed",1.97158737934317,2.23606797749979,2.5,3,2,2.07792717443648,3,8,1,25,0,TRUE,25,33554432,0,1,25,25,0.833333333333333,2,0.666666666666667,0.166666666666667,0.688332449299089,8.33333333333333,6,10,1.37666489859818,9,8,10,1.01015254455221,8.33333333333333,6,10,1.37666489859818,0,2.07792717443648,2.82842712474619,0.559978826721162,"F4_R25",0.815665744831999,0.706508810356395,0.0523490600394965,0.271391979495859,1.07286376482578,2.91877935954953,0.821160042964554,163,"very_hard",4,4,16,2,3,4,4,16,3,4,1,8,0.5,FALSE,FALSE,TRUE,2.11684742537422,0.801931934175318
1134,"-1:-1|-1:2|0:2|1:1",4,TRUE,1,2,1,"mixed",1.76612377556149,2.23606797749979,2.25,3,2,1.87792717443648,1,8,1,25,0,TRUE,25,33554432,0,1,25,25,0.833333333333333,2,0.583333333333333,0.25,0.800640769025436,8.33333333333333,6,10,1.60128153805087,9,8,10,1.01015254455221,8.33333333333333,6,10,1.60128153805087,0,1.87792717443648,2.82842712474619,0.551149835962157,"F4_R25",-0.472075815456155,0.706508810356395,1.17015005204386,0.271391979495859,-1.3423754352168,0.333599591223157,0.534908700322234,432,"medium",4,3,12,2,3,4,3,12,2,4,1,7,0.583333333333333,FALSE,FALSE,TRUE,-0.45645541517073,0.790055006393887
443,"-2:-1|1:-2|1:0|2:-2",4,TRUE,1,1,2,"mixed",2.07514076993644,2.82842712474619,2.75,4,2,1.94229805746182,2,8,1,25,0,TRUE,25,33554432,0,1,25,25,0.833333333333333,2,0.583333333333333,0.25,0.800640769025436,8.33333333333333,6,10,1.60128153805087,8,6,10,2.02030508910442,8.33333333333333,6,10,1.60128153805087,0,1.94229805746182,2.82842712474619,0.603212009882676,"F4_R25",-0.0576105087352749,-0.342004264885899,1.17015005204386,0.271391979495859,-0.134755835195509,0.907171422723036,0.623523093447905,347,"hard",3,5,15,2,4,3,5,15,2,4,1,7,0.466666666666667,FALSE,FALSE,TRUE,0.137691749447388,0.769479673275647
1246,"-1:-2|-1:-1|1:-2|1:2",4,TRUE,0,1,3,"off_axis",2.03060437371812,2.23606797749979,2.75,3,2,1.94229805746182,2,8,1,25,0,TRUE,25,33554432,0,1,25,25,0.833333333333333,2,0.583333333333333,0.25,0.800640769025436,8.33333333333333,6,10,1.60128153805087,8,6,10,2.02030508910442,8.33333333333333,6,10,1.60128153805087,0,1.94229805746182,2.82842712474619,0.603212009882676,"F4_R25",-0.0576105087352749,-0.342004264885899,1.17015005204386,0.271391979495859,-0.134755835195509,0.907171422723036,0.623523093447905,347,"hard",5,3,15,2,3,5,3,15,2,4,1,7,0.466666666666667,FALSE,FALSE,TRUE,0.137691749447388,0.769479673275647
962,"-2:-2|-1:0|0:2|2:0",4,TRUE,3,1,0,"mixed",1.95710678118655,2.82842712474619,2.25,4,2,2.16011261594915,4,8,1,25,0,TRUE,25,33554432,0,1,25,25,0.833333333333333,2,0.666666666666667,0.166666666666667,0.688332449299089,8.33333333333333,6,10,1.37666489859818,9,8,10,1.01015254455221,8.33333333333333,6,10,1.37666489859818,0,2.16011261594915,2.82842712474619,0.509807683148267,"F4_R25",1.34483378826448,0.706508810356395,0.0523490600394965,0.271391979495859,2.28048336484708,4.6555670030033,0.958109559613319,38,"very_hard",5,5,25,2,4,5,5,25,3,4,1,8,0.32,FALSE,FALSE,TRUE,3.89928891922857,0.756278083774734
1015,"-1:-2|-1:0|1:-1|2:2",4,TRUE,1,2,1,"mixed",1.86967716615477,2.82842712474619,2.5,4,2,2.12514076993644,3,8,1,25,0,TRUE,25,33554432,0,1,25,25,0.833333333333333,2,0.75,0.0833333333333333,0.553694392684741,8.33333333333333,6,10,1.10738878536948,9,8,10,1.01015254455221,8.33333333333333,6,10,1.10738878536948,0,2.12514076993644,2.82842712474619,0.561522442367321,"F4_R25",1.11966029051165,0.706508810356395,-1.2876990647278,0.271391979495859,1.07286376482578,1.88272578046188,0.728249194414608,252,"hard",5,4,20,2,4,5,4,20,2,4,1,7,0.35,FALSE,FALSE,TRUE,1.12793702381092,0.754788756650965
990,"-1:0|1:-2|1:-1|2:2",4,TRUE,1,2,1,"mixed",1.86967716615477,2.82842712474619,2.5,4,2,2.00219124314841,1,8,1,25,0,TRUE,25,33554432,0,1,25,25,0.833333333333333,2,0.583333333333333,0.25,0.800640769025436,8.33333333333333,6,10,1.60128153805087,8,8,8,0,8.33333333333333,6,10,1.60128153805087,0,2.00219124314841,2.82842712474619,0.738790472371199,"F4_R25",0.328024213198112,-0.342004264885899,1.17015005204386,0.271391979495859,-1.3423754352168,0.0851865446351296,0.501611170784103,463,"medium",5,4,20,2,4,5,4,20,1,4,1,6,0.3,FALSE,FALSE,TRUE,-0.653169597243203,0.738356141878332
1148,"-1:-1|1:-2|2:0|2:1",4,TRUE,1,1,2,"mixed",1.97158737934317,2.23606797749979,2.5,3,2,2.0659048552118,3,8,1,25,0,TRUE,25,33554432,0,1,25,25,0.833333333333333,2,0.666666666666667,0.166666666666667,0.688332449299089,8.33333333333333,6,10,1.37666489859818,9,8,10,1.01015254455221,8.33333333333333,6,10,1.37666489859818,0,2.0659048552118,2.82842712474619,0.507758832969072,"F4_R25",0.738257544248626,0.706508810356395,0.0523490600394965,0.271391979495859,1.07286376482578,2.84137115896616,0.809344790547798,174,"very_hard",4,4,16,2,3,4,4,16,3,4,1,8,0.5,FALSE,FALSE,TRUE,2.11684742537422,0.724523733591945
944,"-2:-2|-1:0|0:-1|0:2",4,TRUE,3,1,0,"mixed",1.70710678118655,2.82842712474619,2,4,2,1.91869125971184,3,8,1,25,0,TRUE,25,33554432,0,1,25,25,0.833333333333333,2,0.666666666666667,0.166666666666667,0.688332449299089,8.33333333333333,6,10,1.37666489859818,8,8,8,0,8.33333333333333,6,10,1.37666489859818,0,1.91869125971184,2.82842712474619,0.595001260414515,"F4_R25",-0.209607781575099,-0.342004264885899,0.0523490600394965,0.271391979495859,1.07286376482578,0.844992757900142,0.604726100966702,362,"hard",5,3,15,2,4,5,3,15,2,4,1,7,0.466666666666667,FALSE,FALSE,TRUE,0.137691749447388,0.707301008452753
1531,"-1:-1|-1:0|-1:2|1:-2",4,TRUE,1,1,2,"mixed",1.72158737934317,2.23606797749979,2.25,3,2,1.91869125971184,3,8,1,25,0,TRUE,25,33554432,0,1,25,25,0.833333333333333,2,0.666666666666667,0.166666666666667,0.688332449299089,8.33333333333333,6,10,1.37666489859818,8,8,8,0,8.33333333333333,6,10,1.37666489859818,0,1.91869125971184,2.82842712474619,0.595001260414515,"F4_R25",-0.209607781575099,-0.342004264885899,0.0523490600394965,0.271391979495859,1.07286376482578,0.844992757900142,0.604726100966702,362,"hard",5,3,15,2,3,5,3,15,2,4,1,7,0.466666666666667,FALSE,FALSE,TRUE,0.137691749447388,0.707301008452753
825,"-1:-1|-1:2|0:-2|2:2",4,TRUE,1,2,1,"mixed",2.11967716615477,2.82842712474619,2.75,4,2,2.03716308916112,2,8,1,25,0,TRUE,25,33554432,0,1,25,25,0.833333333333333,2,0.583333333333333,0.25,0.800640769025436,8.33333333333333,6,10,1.60128153805087,10,10,10,0,8.33333333333333,6,10,1.60128153805087,0,2.03716308916112,2.82842712474619,0.527011014179131,"F4_R25",0.553197710950942,1.75502188559869,1.17015005204386,0.271391979495859,-0.134755835195509,3.61500579289384,0.892051557465091,97,"very_hard",5,4,20,2,4,5,4,20,3,4,1,8,0.4,FALSE,FALSE,TRUE,2.90904364486504,0.705962148028803
1632,"-1:-1|-1:2|0:-2|2:0",4,TRUE,2,1,1,"mixed",1.91257038496822,2.23606797749979,2.25,3,2,2.03716308916112,2,8,1,25,0,TRUE,25,33554432,0,1,25,25,0.833333333333333,2,0.583333333333333,0.25,0.800640769025436,8.33333333333333,6,10,1.60128153805087,10,10,10,0,8.33333333333333,6,10,1.60128153805087,0,2.03716308916112,2.82842712474619,0.527011014179131,"F4_R25",0.553197710950942,1.75502188559869,1.17015005204386,0.271391979495859,-0.134755835195509,3.61500579289384,0.892051557465091,97,"very_hard",5,4,20,2,3,5,4,20,3,4,1,8,0.4,FALSE,FALSE,TRUE,2.90904364486504,0.705962148028803
1262,"-1:-2|0:2|1:-2|2:0",4,TRUE,2,0,2,"mixed",2.11803398874989,2.23606797749979,2.5,3,2,2.11934853067379,3,8,1,25,0,TRUE,25,33554432,0,1,25,25,0.833333333333333,2,0.583333333333333,0.25,0.800640769025436,8.33333333333333,6,10,1.60128153805087,10,10,10,0,8.33333333333333,6,10,1.60128153805087,0,2.11934853067379,2.82842712474619,0.481158100063252,"F4_R25",1.08236575438342,1.75502188559869,1.17015005204386,0.271391979495859,1.07286376482578,5.35179343634761,0.97422126745435,23,"very_hard",5,4,20,2,3,5,4,20,4,4,1,9,0.45,FALSE,FALSE,TRUE,4.69015026591916,0.661643170428452
958,"-1:0|0:-2|1:0|2:2",4,TRUE,3,1,0,"mixed",1.70710678118655,2.82842712474619,2,4,2,2.06011261594915,3,8,1,25,0,TRUE,25,33554432,0,1,25,25,0.833333333333333,2,0.666666666666667,0.166666666666667,0.688332449299089,8.33333333333333,6,10,1.37666489859818,8,6,10,2.02030508910442,8.33333333333333,6,10,1.37666489859818,0,2.06011261594915,2.82842712474619,0.628875548196174,"F4_R25",0.7009630081204,-0.342004264885899,0.0523490600394965,0.271391979495859,1.07286376482578,1.75556354759564,0.716433941997852,262,"hard",5,4,20,2,4,5,4,20,2,4,1,7,0.35,FALSE,FALSE,TRUE,1.12793702381092,0.627626523784723
1576,"-1:-2|1:0|1:2|2:0",4,TRUE,2,0,2,"mixed",1.86803398874989,2.23606797749979,2.25,3,2,2.06011261594915,3,8,1,25,0,TRUE,25,33554432,0,1,25,25,0.833333333333333,2,0.666666666666667,0.166666666666667,0.688332449299089,8.33333333333333,6,10,1.37666489859818,8,6,10,2.02030508910442,8.33333333333333,6,10,1.37666489859818,0,2.06011261594915,2.82842712474619,0.628875548196174,"F4_R25",0.7009630081204,-0.342004264885899,0.0523490600394965,0.271391979495859,1.07286376482578,1.75556354759564,0.716433941997852,262,"hard",5,4,20,2,3,5,4,20,2,4,1,7,0.35,FALSE,FALSE,TRUE,1.12793702381092,0.627626523784723
881,"-1:0|1:-1|1:0|2:-2",4,TRUE,2,2,0,"mixed",1.56066017177982,2.82842712474619,2,4,2,1.79574173292382,1,8,1,25,0,TRUE,25,33554432,0,1,25,25,0.833333333333333,2,0.666666666666667,0.166666666666667,0.688332449299089,8.33333333333333,6,10,1.37666489859818,7,6,8,1.01015254455221,8.33333333333333,6,10,1.37666489859818,0,1.79574173292382,2.82842712474619,0.726721426557334,"F4_R25",-1.00124385888863,-1.39051734012819,0.0523490600394965,0.271391979495859,-1.3423754352168,-3.41039559469827,0.14500537056928,795,"very_easy",3,4,12,2,4,3,4,12,0,4,1,5,0.416666666666667,FALSE,FALSE,TRUE,-4.01866865727897,0.6082730625807
1386,"-1:-1|0:1|1:1|2:1",4,TRUE,1,2,1,"mixed",1.51612377556149,2.23606797749979,2,3,2,1.79574173292382,1,8,1,25,0,TRUE,25,33554432,0,1,25,25,0.833333333333333,2,0.666666666666667,0.166666666666667,0.688332449299089,8.33333333333333,6,10,1.37666489859818,7,6,8,1.01015254455221,8.33333333333333,6,10,1.37666489859818,0,1.79574173292382,2.82842712474619,0.726721426557334,"F4_R25",-1.00124385888863,-1.39051734012819,0.0523490600394965,0.271391979495859,-1.3423754352168,-3.41039559469827,0.14500537056928,795,"very_easy",3,4,12,2,3,3,4,12,0,4,1,5,0.416666666666667,FALSE,FALSE,TRUE,-4.01866865727897,0.6082730625807
493,"-1:-1|0:2|2:-2|2:-1",4,TRUE,1,2,1,"mixed",2.11967716615477,2.82842712474619,2.75,4,2,2.10153397218646,3,8,1,25,0,TRUE,25,33554432,0,1,25,25,0.833333333333333,2,0.75,0.0833333333333333,0.553694392684741,8.33333333333333,6,10,1.10738878536948,9,8,10,1.01015254455221,8.33333333333333,6,10,1.10738878536948,0,2.10153397218646,2.82842712474619,0.561303011598098,"F4_R25",0.967663017671823,0.706508810356395,-1.2876990647278,0.271391979495859,1.07286376482578,1.73072850762206,0.707303974221267,269,"hard",5,4,20,2,4,5,4,20,2,4,1,7,0.35,FALSE,FALSE,TRUE,1.12793702381092,0.602791483811141
1281,"-1:-1|-1:1|2:-1|2:1",4,TRUE,0,2,2,"off_axis",1.82514076993644,2.23606797749979,2.5,3,2,2.09574173292382,3,4,2,25,0,TRUE,25,33554432,0,1,25,25,0.833333333333333,2,0.666666666666667,0.166666666666667,0.688332449299089,8.33333333333333,6,10,1.37666489859818,10,10,10,0,8.33333333333333,6,10,1.37666489859818,0,2.09574173292382,2.82842712474619,0.480585972053891,"F4_R25",0.930368481543597,1.75502188559869,0.0523490600394965,-3.68075372191259,1.07286376482578,0.129849470094976,0.504833512352309,462,"medium",3,4,12,2,3,3,4,12,2,4,1,7,0.583333333333333,FALSE,FALSE,TRUE,-0.45645541517073,0.586304885265706
889,"-1:-1|-1:0|1:-1|2:-2",4,TRUE,1,3,0,"mixed",1.6642135623731,2.82842712474619,2.25,4,2,1.83716308916112,1,8,1,25,0,TRUE,25,33554432,0,1,25,25,0.833333333333333,2,0.75,0.0833333333333333,0.553694392684741,8.33333333333333,6,10,1.10738878536948,8,8,8,0,8.33333333333333,6,10,1.10738878536948,0,1.83716308916112,2.82842712474619,0.687048262758847,"F4_R25",-0.734543849337212,-0.342004264885899,-1.2876990647278,0.271391979495859,-1.3423754352168,-3.43523063467185,0.139634801288937,800,"very_easy",3,4,12,2,4,3,4,12,0,4,1,5,0.416666666666667,FALSE,FALSE,TRUE,-4.01866865727897,0.583438022607118
1393,"-1:-1|-1:1|-1:2|1:0",4,TRUE,1,2,1,"mixed",1.51612377556149,2.23606797749979,2,3,2,1.83650581819917,1,8,1,25,0,TRUE,25,33554432,0,1,25,25,0.833333333333333,2,0.75,0.0833333333333333,0.553694392684741,8.33333333333333,6,10,1.10738878536948,8,8,8,0,8.33333333333333,6,10,1.10738878536948,0,1.83650581819917,2.82842712474619,0.602998415071235,"F4_R25",-0.738775825007578,-0.342004264885899,-1.2876990647278,0.271391979495859,-1.3423754352168,-3.43946261034222,0.131578947368421,805,"very_easy",4,3,12,2,3,4,3,12,0,4,1,5,0.416666666666667,FALSE,FALSE,TRUE,-4.01866865727897,0.579206046936752
1437,"-1:-2|0:-1|1:-1|2:1",4,TRUE,1,1,2,"mixed",1.72158737934317,2.23606797749979,2.25,3,2,1.94295532842377,2,8,1,25,0,TRUE,25,33554432,0,1,25,25,0.833333333333333,2,0.583333333333333,0.25,0.800640769025436,8.33333333333333,6,10,1.60128153805087,8,8,8,0,8.33333333333333,6,10,1.60128153805087,0,1.94295532842377,2.82842712474619,0.68712330427472,"F4_R25",-0.053378533064909,-0.342004264885899,1.17015005204386,0.271391979495859,-0.134755835195509,0.911403398393401,0.629430719656284,346,"hard",4,4,16,2,3,4,4,16,2,4,1,7,0.4375,FALSE,FALSE,TRUE,0.335740804320094,0.575662594073307
473,"-1:0|0:-1|2:-2|2:-1",4,TRUE,2,1,1,"mixed",1.76612377556149,2.82842712474619,2.25,4,2,1.87792717443648,2,8,1,25,0,TRUE,25,33554432,0,1,25,25,0.833333333333333,2,0.666666666666667,0.166666666666667,0.688332449299089,8.33333333333333,6,10,1.37666489859818,7,6,8,1.01015254455221,8.33333333333333,6,10,1.37666489859818,0,1.87792717443648,2.82842712474619,0.725250552501227,"F4_R25",-0.472075815456155,-1.39051734012819,0.0523490600394965,0.271391979495859,-0.134755835195509,-1.6736079512445,0.291084854994629,659,"easy",3,4,12,2,4,3,4,12,1,4,1,6,0.5,FALSE,FALSE,TRUE,-2.23756203622485,0.56395408498035
510,"-1:-1|-1:0|2:-2|2:-1",4,TRUE,1,2,1,"mixed",1.86967716615477,2.82842712474619,2.5,4,2,1.87792717443648,2,8,1,25,0,TRUE,25,33554432,0,1,25,25,0.833333333333333,2,0.666666666666667,0.166666666666667,0.688332449299089,8.33333333333333,6,10,1.37666489859818,7,6,8,1.01015254455221,8.33333333333333,6,10,1.37666489859818,0,1.87792717443648,2.82842712474619,0.725250552501227,"F4_R25",-0.472075815456155,-1.39051734012819,0.0523490600394965,0.271391979495859,-0.134755835195509,-1.6736079512445,0.291084854994629,659,"easy",3,4,12,2,4,3,4,12,1,4,1,6,0.5,FALSE,FALSE,TRUE,-2.23756203622485,0.56395408498035
467,"-1:-2|1:2|2:0|2:2",4,TRUE,1,1,2,"mixed",2.32514076993644,2.82842712474619,3,4,2,2.18371941369913,4,8,1,25,0,TRUE,25,33554432,0,1,25,25,0.833333333333333,2,0.75,0.0833333333333333,0.553694392684741,8.33333333333333,6,10,1.10738878536948,9,8,10,1.01015254455221,8.33333333333333,6,10,1.10738878536948,0,2.18371941369913,2.82842712474619,0.507027856163868,"F4_R25",1.4968310611043,0.706508810356395,-1.2876990647278,0.271391979495859,2.28048336484708,3.46751615107583,0.883995703544576,107,"very_hard",5,4,20,2,4,5,4,20,3,4,1,8,0.4,FALSE,FALSE,TRUE,2.90904364486504,0.558472506210791
647,"-1:-2|0:1|2:0|2:2",4,TRUE,2,1,1,"mixed",2.01612377556149,2.82842712474619,2.5,4,2,2.18371941369913,4,8,1,25,0,TRUE,25,33554432,0,1,25,25,0.833333333333333,2,0.75,0.0833333333333333,0.553694392684741,8.33333333333333,6,10,1.10738878536948,9,8,10,1.01015254455221,8.33333333333333,6,10,1.10738878536948,0,2.18371941369913,2.82842712474619,0.507027856163868,"F4_R25",1.4968310611043,0.706508810356395,-1.2876990647278,0.271391979495859,2.28048336484708,3.46751615107583,0.883995703544576,107,"very_hard",5,4,20,2,4,5,4,20,3,4,1,8,0.4,FALSE,FALSE,TRUE,2.90904364486504,0.558472506210791
526,"-1:-1|1:2|2:-2|2:2",4,TRUE,0,3,1,"off_axis",2.32678394734132,2.82842712474619,3.25,4,2,2.06142715787305,2,8,1,25,0,TRUE,25,33554432,0,1,25,25,0.833333333333333,2,0.583333333333333,0.25,0.800640769025436,8.33333333333333,6,10,1.60128153805087,8,8,8,0,8.33333333333333,6,10,1.60128153805087,0,2.06142715787305,2.82842712474619,0.782104051605118,"F4_R25",0.709426959461129,-0.342004264885899,1.17015005204386,0.271391979495859,-0.134755835195509,1.67420889091944,0.700859291084855,279,"hard",5,4,20,2,4,5,4,20,2,4,1,7,0.35,FALSE,FALSE,TRUE,1.12793702381092,0.546271867108521
1001,"-1:-1|-1:0|1:2|2:-2",4,TRUE,1,2,1,"mixed",1.86967716615477,2.82842712474619,2.5,4,2,2.06142715787305,2,8,1,25,0,TRUE,25,33554432,0,1,25,25,0.833333333333333,2,0.583333333333333,0.25,0.800640769025436,8.33333333333333,6,10,1.60128153805087,8,8,8,0,8.33333333333333,6,10,1.60128153805087,0,2.06142715787305,2.82842712474619,0.782104051605118,"F4_R25",0.709426959461129,-0.342004264885899,1.17015005204386,0.271391979495859,-0.134755835195509,1.67420889091944,0.700859291084855,279,"hard",5,4,20,2,4,5,4,20,2,4,1,7,0.35,FALSE,FALSE,TRUE,1.12793702381092,0.546271867108521
658,"-1:-2|0:-1|2:0|2:2",4,TRUE,2,1,1,"mixed",2.01612377556149,2.82842712474619,2.5,4,2,2.1607698869111,3,8,1,25,0,TRUE,25,33554432,0,1,25,25,0.833333333333333,2,0.666666666666667,0.166666666666667,0.688332449299089,8.33333333333333,6,10,1.37666489859818,9,8,10,1.01015254455221,8.33333333333333,6,10,1.37666489859818,0,2.1607698869111,2.82842712474619,0.606514171143573,"F4_R25",1.34906576393484,0.706508810356395,0.0523490600394965,0.271391979495859,1.07286376482578,3.45217937865238,0.878625134264232,112,"very_hard",5,4,20,2,4,5,4,20,3,4,1,8,0.4,FALSE,FALSE,TRUE,2.90904364486504,0.543135733787336
755,"-1:-2|-1:-1|2:-2|2:2",4,TRUE,0,3,1,"off_axis",2.32678394734132,2.82842712474619,3.25,4,2,2.0607698869111,2,8,1,25,0,TRUE,25,33554432,0,1,25,25,0.833333333333333,2,0.583333333333333,0.25,0.800640769025436,8.33333333333333,6,10,1.60128153805087,8,6,10,2.02030508910442,8.33333333333333,6,10,1.60128153805087,0,2.0607698869111,2.82842712474619,0.709637993158325,"F4_R25",0.705194983790766,-0.342004264885899,1.17015005204386,0.271391979495859,-0.134755835195509,1.66997691524908,0.697099892588614,281,"hard",5,4,20,2,4,5,4,20,2,4,1,7,0.35,FALSE,FALSE,TRUE,1.12793702381092,0.542039891438158
718,"-1:-2|1:-1|1:0|2:-2",4,TRUE,1,2,1,"mixed",1.86967716615477,2.82842712474619,2.5,4,2,1.91934853067379,2,8,1,25,0,TRUE,25,33554432,0,1,25,25,0.833333333333333,2,0.75,0.0833333333333333,0.553694392684741,8.33333333333333,6,10,1.10738878536948,8,8,8,0,8.33333333333333,6,10,1.10738878536948,0,1.91934853067379,2.82842712474619,0.679951973631102,"F4_R25",-0.205375805904733,-0.342004264885899,-1.2876990647278,0.271391979495859,-0.134755835195509,-1.69844299121808,0.283029001074114,664,"easy",3,4,12,2,4,3,4,12,1,4,1,6,0.5,FALSE,FALSE,TRUE,-2.23756203622485,0.539119045006768
1526,"-1:-1|-1:0|1:-2|1:1",4,TRUE,1,2,1,"mixed",1.51612377556149,2.23606797749979,2,3,2,1.91934853067379,2,8,1,25,0,TRUE,25,33554432,0,1,25,25,0.833333333333333,2,0.75,0.0833333333333333,0.553694392684741,8.33333333333333,6,10,1.10738878536948,8,8,8,0,8.33333333333333,6,10,1.10738878536948,0,1.91934853067379,2.82842712474619,0.679951973631102,"F4_R25",-0.205375805904733,-0.342004264885899,-1.2876990647278,0.271391979495859,-0.134755835195509,-1.69844299121808,0.283029001074114,664,"easy",4,3,12,2,3,4,3,12,1,4,1,6,0.5,FALSE,FALSE,TRUE,-2.23756203622485,0.539119045006768
350,"-1:-2|-1:-1|1:-2|2:-2",4,TRUE,0,2,2,"off_axis",2.17869416052972,2.82842712474619,3,4,2,1.91869125971184,2,8,1,25,0,TRUE,25,33554432,0,1,25,25,0.833333333333333,2,0.75,0.0833333333333333,0.553694392684741,8.33333333333333,6,10,1.10738878536948,8,8,8,0,8.33333333333333,6,10,1.10738878536948,0,1.91869125971184,2.82842712474619,0.595001260414515,"F4_R25",-0.209607781575099,-0.342004264885899,-1.2876990647278,0.271391979495859,-0.134755835195509,-1.70267496688845,0.272287862513426,674,"easy",3,4,12,2,4,3,4,12,1,4,1,6,0.5,FALSE,FALSE,TRUE,-2.23756203622485,0.534887069336402
1482,"-1:-1|0:-2|1:0|2:1",4,TRUE,2,1,1,"mixed",1.66257038496822,2.23606797749979,2,3,2,1.9607698869111,1,8,1,25,0,TRUE,25,33554432,0,1,25,25,0.833333333333333,2,0.583333333333333,0.25,0.800640769025436,8.33333333333333,6,10,1.60128153805087,9,8,10,1.01015254455221,8.33333333333333,6,10,1.60128153805087,0,1.9607698869111,2.82842712474619,0.628385453702687,"F4_R25",0.0613242036466893,0.706508810356395,1.17015005204386,0.271391979495859,-1.3423754352168,0.866999610326002,0.61546723952739,357,"hard",4,4,16,2,3,4,4,16,2,4,1,7,0.4375,FALSE,FALSE,TRUE,0.335740804320094,0.531258806005907
1011,"-1:-1|-1:1|1:-1|2:2",4,TRUE,0,4,0,"diagonal_only",1.76776695296637,2.82842712474619,2.5,4,2,2.12000580163574,2,4,2,25,0,TRUE,25,33554432,0,1,25,25,0.833333333333333,2,0.666666666666667,0.166666666666667,0.688332449299089,8.33333333333333,6,10,1.37666489859818,10,10,10,0,8.33333333333333,6,10,1.37666489859818,0,2.12000580163574,2.82842712474619,0.582690503927722,"F4_R25",1.08659773005378,1.75502188559869,0.0523490600394965,-3.68075372191259,-0.134755835195509,-0.92154088141613,0.380236305048335,577,"easy",4,4,16,2,4,4,4,16,1,4,1,6,0.375,FALSE,FALSE,TRUE,-1.44536581673403,0.523824935317897
1559,"-1:-1|-1:0|-1:2|2:1",4,TRUE,1,1,2,"mixed",1.72158737934317,2.23606797749979,2.25,3,2,1.91869125971184,3,8,1,25,0,TRUE,25,33554432,0,1,25,25,0.833333333333333,2,0.666666666666667,0.166666666666667,0.688332449299089,8.33333333333333,6,10,1.37666489859818,8,8,8,0,8.33333333333333,6,10,1.37666489859818,0,1.91869125971184,2.82842712474619,0.595001260414515,"F4_R25",-0.209607781575099,-0.342004264885899,0.0523490600394965,0.271391979495859,1.07286376482578,0.844992757900142,0.604726100966702,362,"hard",4,4,16,2,3,4,4,16,2,4,1,7,0.4375,FALSE,FALSE,TRUE,0.335740804320094,0.509251953580047
1579,"-1:0|0:-1|0:2|2:1",4,TRUE,3,0,1,"mixed",1.55901699437495,2.23606797749979,1.75,3,2,1.91869125971184,3,8,1,25,0,TRUE,25,33554432,0,1,25,25,0.833333333333333,2,0.666666666666667,0.166666666666667,0.688332449299089,8.33333333333333,6,10,1.37666489859818,8,8,8,0,8.33333333333333,6,10,1.37666489859818,0,1.91869125971184,2.82842712474619,0.595001260414515,"F4_R25",-0.209607781575099,-0.342004264885899,0.0523490600394965,0.271391979495859,1.07286376482578,0.844992757900142,0.604726100966702,362,"hard",4,4,16,2,3,4,4,16,2,4,1,7,0.4375,FALSE,FALSE,TRUE,0.335740804320094,0.509251953580047
817,"-1:-2|0:1|2:-2|2:2",4,TRUE,1,2,1,"mixed",2.22323055674804,2.82842712474619,3,4,2,2.14295532842377,3,8,1,25,0,TRUE,25,33554432,0,1,25,25,0.833333333333333,2,0.583333333333333,0.25,0.800640769025436,8.33333333333333,6,10,1.60128153805087,8,6,10,2.02030508910442,8.33333333333333,6,10,1.60128153805087,0,2.14295532842377,2.82842712474619,0.67308779382795,"F4_R25",1.23436302722325,-0.342004264885899,1.17015005204386,0.271391979495859,1.07286376482578,3.40676455870285,0.873254564983888,117,"very_hard",5,4,20,2,4,5,4,20,3,4,1,8,0.4,FALSE,FALSE,TRUE,2.90904364486504,0.497720913837809
579,"-1:0|0:-2|1:-1|2:-2",4,TRUE,2,2,0,"mixed",1.81066017177982,2.82842712474619,2.25,4,2,1.93716308916112,1,8,1,25,0,TRUE,25,33554432,0,1,25,25,0.833333333333333,2,0.75,0.0833333333333333,0.553694392684741,8.33333333333333,6,10,1.10738878536948,9,8,10,1.01015254455221,8.33333333333333,6,10,1.10738878536948,0,1.93716308916112,2.82842712474619,0.621288236911133,"F4_R25",-0.0906730691931347,0.706508810356395,-1.2876990647278,0.271391979495859,-1.3423754352168,-1.74284677928548,0.264232008592911,684,"easy",3,4,12,2,4,3,4,12,1,4,1,6,0.5,FALSE,FALSE,TRUE,-2.23756203622485,0.494715256939368
689,"-2:-2|-1:1|0:-2|2:2",4,TRUE,1,3,0,"mixed",2.26776695296637,2.82842712474619,3,4,2,2.14295532842377,3,8,1,25,0,TRUE,25,33554432,0,1,25,25,0.833333333333333,2,0.666666666666667,0.166666666666667,0.688332449299089,8.33333333333333,6,10,1.37666489859818,10,10,10,0,8.33333333333333,6,10,1.37666489859818,0,2.14295532842377,2.82842712474619,0.480442458550402,"F4_R25",1.23436302722325,1.75502188559869,0.0523490600394965,0.271391979495859,1.07286376482578,4.38598971718307,0.951664876476907,43,"very_hard",5,5,25,2,4,5,5,25,3,4,1,8,0.32,FALSE,FALSE,TRUE,3.89928891922857,0.486700797954505
415,"-1:0|0:-1|1:-2|2:-2",4,TRUE,2,1,1,"mixed",1.76612377556149,2.82842712474619,2.25,4,2,1.87858444539843,1,8,1,25,0,TRUE,25,33554432,0,1,25,25,0.833333333333333,2,0.583333333333333,0.25,0.800640769025436,8.33333333333333,6,10,1.60128153805087,7,6,8,1.01015254455221,8.33333333333333,6,10,1.60128153805087,0,1.87858444539843,2.82842712474619,0.796464745336163,"F4_R25",-0.467843839785789,-1.39051734012819,1.17015005204386,0.271391979495859,-1.3423754352168,-1.75919458359107,0.258861439312567,689,"easy",3,4,12,2,4,3,4,12,1,4,1,6,0.5,FALSE,FALSE,TRUE,-2.23756203622485,0.478367452633786
1359,"-1:-1|0:2|1:-2|1:-1",4,TRUE,1,2,1,"mixed",1.76612377556149,2.23606797749979,2.25,3,2,1.81869125971184,1,8,1,25,0,TRUE,25,33554432,0,1,25,25,0.833333333333333,2,0.666666666666667,0.166666666666667,0.688332449299089,8.33333333333333,6,10,1.37666489859818,9,8,10,1.01015254455221,8.33333333333333,6,10,1.37666489859818,0,1.81869125971184,2.23606797749979,0.46231555102518,"F4_R25",-0.853478561719174,0.706508810356395,0.0523490600394965,0.271391979495859,-1.3423754352168,-1.16560414704422,0.345864661654135,608,"easy",5,3,15,2,3,5,3,15,1,4,1,6,0.4,FALSE,FALSE,TRUE,-1.64341487160673,0.477810724562509
1399,"-1:-2|-1:-1|1:0|1:2",4,TRUE,1,1,2,"mixed",1.72158737934317,2.23606797749979,2.25,3,2,2.00153397218646,2,8,1,25,0,TRUE,25,33554432,0,1,25,25,0.833333333333333,2,0.75,0.0833333333333333,0.553694392684741,8.33333333333333,6,10,1.10738878536948,8,8,8,0,8.33333333333333,6,10,1.10738878536948,0,2.00153397218646,2.82842712474619,0.661531689157382,"F4_R25",0.323792237527746,-0.342004264885899,-1.2876990647278,0.271391979495859,-0.134755835195509,-1.1692749477856,0.340494092373792,613,"easy",5,3,15,2,3,5,3,15,1,4,1,6,0.4,FALSE,FALSE,TRUE,-1.64341487160673,0.474139923821129
592,"-2:-1|0:-2|0:-1|2:-2",4,TRUE,2,1,1,"mixed",2.01612377556149,2.82842712474619,2.5,4,2,1.89508446196187,2,8,1,25,0,TRUE,25,33554432,0,1,25,25,0.833333333333333,2,0.583333333333333,0.25,0.800640769025436,8.33333333333333,6,10,1.60128153805087,8,6,10,2.02030508910442,8.33333333333333,6,10,1.60128153805087,0,1.89508446196187,2.82842712474619,0.585619218368906,"F4_R25",-0.361605054414923,-0.342004264885899,1.17015005204386,0.271391979495859,-0.134755835195509,0.603176877043388,0.576799140708915,393,"medium",3,5,15,2,4,3,5,15,2,4,1,7,0.466666666666667,FALSE,FALSE,TRUE,0.137691749447388,0.465485127596
1575,"-2:-1|0:-2|0:-1|2:0",4,TRUE,3,0,1,"mixed",1.80901699437495,2.23606797749979,2,3,2,1.89508446196187,2,8,1,25,0,TRUE,25,33554432,0,1,25,25,0.833333333333333,2,0.583333333333333,0.25,0.800640769025436,8.33333333333333,6,10,1.60128153805087,8,6,10,2.02030508910442,8.33333333333333,6,10,1.60128153805087,0,1.89508446196187,2.82842712474619,0.585619218368906,"F4_R25",-0.361605054414923,-0.342004264885899,1.17015005204386,0.271391979495859,-0.134755835195509,0.603176877043388,0.576799140708915,393,"medium",3,5,15,2,3,3,5,15,2,4,1,7,0.466666666666667,FALSE,FALSE,TRUE,0.137691749447388,0.465485127596
1604,"-1:-2|-1:0|0:2|1:0",4,TRUE,3,0,1,"mixed",1.55901699437495,2.23606797749979,1.75,3,2,1.89508446196187,2,8,1,25,0,TRUE,25,33554432,0,1,25,25,0.833333333333333,2,0.583333333333333,0.25,0.800640769025436,8.33333333333333,6,10,1.60128153805087,8,6,10,2.02030508910442,8.33333333333333,6,10,1.60128153805087,0,1.89508446196187,2.82842712474619,0.585619218368906,"F4_R25",-0.361605054414923,-0.342004264885899,1.17015005204386,0.271391979495859,-0.134755835195509,0.603176877043388,0.576799140708915,393,"medium",5,3,15,2,3,5,3,15,2,4,1,7,0.466666666666667,FALSE,FALSE,TRUE,0.137691749447388,0.465485127596
409,"-1:-2|1:1|1:2|2:2",4,TRUE,0,2,2,"off_axis",2.17869416052972,2.82842712474619,3,4,2,1.94295532842377,2,8,1,25,0,TRUE,25,33554432,0,1,25,25,0.833333333333333,2,0.666666666666667,0.166666666666667,0.688332449299089,8.33333333333333,6,10,1.37666489859818,8,8,8,0,8.33333333333333,6,10,1.37666489859818,0,1.94295532842377,2.82842712474619,0.68712330427472,"F4_R25",-0.053378533064909,-0.342004264885899,0.0523490600394965,0.271391979495859,-0.134755835195509,-0.206397593610961,0.462943071965628,498,"medium",5,4,20,2,4,5,4,20,1,4,1,6,0.3,FALSE,FALSE,TRUE,-0.653169597243203,0.446772003632242
886,"-1:-2|0:1|1:1|2:2",4,TRUE,1,2,1,"mixed",1.86967716615477,2.82842712474619,2.5,4,2,1.94295532842377,2,8,1,25,0,TRUE,25,33554432,0,1,25,25,0.833333333333333,2,0.666666666666667,0.166666666666667,0.688332449299089,8.33333333333333,6,10,1.37666489859818,8,8,8,0,8.33333333333333,6,10,1.37666489859818,0,1.94295532842377,2.82842712474619,0.68712330427472,"F4_R25",-0.053378533064909,-0.342004264885899,0.0523490600394965,0.271391979495859,-0.134755835195509,-0.206397593610961,0.462943071965628,498,"medium",5,4,20,2,4,5,4,20,1,4,1,6,0.3,FALSE,FALSE,TRUE,-0.653169597243203,0.446772003632242
533,"-2:-1|0:-2|1:2|2:2",4,TRUE,1,1,2,"mixed",2.32514076993644,2.82842712474619,3,4,2,2.12514076993644,3,8,1,25,0,TRUE,25,33554432,0,1,25,25,0.833333333333333,2,0.583333333333333,0.25,0.800640769025436,8.33333333333333,6,10,1.60128153805087,9,8,10,1.01015254455221,8.33333333333333,6,10,1.60128153805087,0,2.12514076993644,2.82842712474619,0.561522442367321,"F4_R25",1.11966029051165,0.706508810356395,1.17015005204386,0.271391979495859,1.07286376482578,4.34057489723354,0.942534908700322,50,"very_hard",5,5,25,2,4,5,5,25,3,4,1,8,0.32,FALSE,FALSE,TRUE,3.89928891922857,0.441285978004974
961,"-2:-1|0:2|1:0|2:-2",4,TRUE,2,1,1,"mixed",2.01612377556149,2.82842712474619,2.5,4,2,2.12514076993644,3,8,1,25,0,TRUE,25,33554432,0,1,25,25,0.833333333333333,2,0.583333333333333,0.25,0.800640769025436,8.33333333333333,6,10,1.60128153805087,9,8,10,1.01015254455221,8.33333333333333,6,10,1.60128153805087,0,2.12514076993644,2.82842712474619,0.561522442367321,"F4_R25",1.11966029051165,0.706508810356395,1.17015005204386,0.271391979495859,1.07286376482578,4.34057489723354,0.942534908700322,50,"very_hard",5,5,25,2,4,5,5,25,3,4,1,8,0.32,FALSE,FALSE,TRUE,3.89928891922857,0.441285978004974
434,"-1:-1|0:1|1:-2|2:-2",4,TRUE,1,2,1,"mixed",1.86967716615477,2.82842712474619,2.5,4,2,2.02514076993644,2,8,1,25,0,TRUE,25,33554432,0,1,25,25,0.833333333333333,2,0.75,0.0833333333333333,0.553694392684741,8.33333333333333,6,10,1.10738878536948,8,8,8,0,8.33333333333333,6,10,1.10738878536948,0,2.02514076993644,2.82842712474619,0.665669973236015,"F4_R25",0.47578951036757,-0.342004264885899,-1.2876990647278,0.271391979495859,-0.134755835195509,-1.01727767494578,0.370569280343716,585,"easy",4,4,16,2,4,4,4,16,1,4,1,6,0.375,FALSE,FALSE,TRUE,-1.44536581673403,0.428088141788247
1219,"-1:-2|0:-1|1:-2|2:-1",4,TRUE,1,0,3,"mixed",1.92705098312484,2.23606797749979,2.5,3,2,1.81869125971184,1,8,1,25,0,TRUE,25,33554432,0,1,25,25,0.833333333333333,2,0.583333333333333,0.25,0.800640769025436,8.33333333333333,6,10,1.60128153805087,9,8,10,1.01015254455221,8.33333333333333,6,10,1.60128153805087,0,1.81869125971184,2.23606797749979,0.46231555102518,"F4_R25",-0.853478561719174,0.706508810356395,1.17015005204386,0.271391979495859,-1.3423754352168,-0.0478031550398619,0.480128893662728,483,"medium",3,4,12,2,3,3,4,12,2,4,1,7,0.583333333333333,FALSE,FALSE,TRUE,-0.45645541517073,0.408652260130868
569,"-1:-1|2:-2|2:0|2:2",4,TRUE,1,3,0,"mixed",2.26776695296637,2.82842712474619,3,4,2,2.13716308916112,3,8,1,25,0,TRUE,25,33554432,0,1,25,25,0.833333333333333,2,0.666666666666667,0.166666666666667,0.688332449299089,8.33333333333333,6,10,1.37666489859818,9,8,10,1.01015254455221,8.33333333333333,6,10,1.37666489859818,0,2.13716308916112,2.82842712474619,0.607850429635522,"F4_R25",1.19706849109502,0.706508810356395,0.0523490600394965,0.271391979495859,1.07286376482578,3.30018210581255,0.864661654135338,125,"very_hard",5,4,20,2,4,5,4,20,3,4,1,8,0.4,FALSE,FALSE,TRUE,2.90904364486504,0.391138460947512
628,"-1:0|1:-2|2:0|2:2",4,TRUE,2,1,1,"mixed",2.01612377556149,2.82842712474619,2.5,4,2,2.13716308916112,3,8,1,25,0,TRUE,25,33554432,0,1,25,25,0.833333333333333,2,0.666666666666667,0.166666666666667,0.688332449299089,8.33333333333333,6,10,1.37666489859818,9,8,10,1.01015254455221,8.33333333333333,6,10,1.37666489859818,0,2.13716308916112,2.82842712474619,0.607850429635522,"F4_R25",1.19706849109502,0.706508810356395,0.0523490600394965,0.271391979495859,1.07286376482578,3.30018210581255,0.864661654135338,125,"very_hard",5,4,20,2,4,5,4,20,3,4,1,8,0.4,FALSE,FALSE,TRUE,2.90904364486504,0.391138460947512
622,"-2:-1|0:-2|2:-2|2:0",4,TRUE,2,1,1,"mixed",2.26612377556149,2.82842712474619,2.75,4,2,2.09574173292382,3,8,1,25,0,TRUE,25,33554432,0,1,25,25,0.833333333333333,2,0.666666666666667,0.166666666666667,0.688332449299089,8.33333333333333,6,10,1.37666489859818,10,10,10,0,8.33333333333333,6,10,1.37666489859818,0,2.09574173292382,2.82842712474619,0.480585972053891,"F4_R25",0.930368481543597,1.75502188559869,0.0523490600394965,0.271391979495859,1.07286376482578,4.08199517150343,0.93609022556391,60,"very_hard",3,5,15,2,4,3,5,15,4,4,1,9,0.6,FALSE,FALSE,TRUE,3.69990499155563,0.382090179947796
1291,"-1:0|1:-2|1:-1|2:-1",4,TRUE,1,1,2,"mixed",1.72158737934317,2.23606797749979,2.25,3,2,1.76011261594915,1,8,1,25,0,TRUE,25,33554432,0,1,25,25,0.833333333333333,2,0.666666666666667,0.166666666666667,0.688332449299089,8.33333333333333,6,10,1.37666489859818,7,6,8,1.01015254455221,8.33333333333333,6,10,1.37666489859818,0,1.76011261594915,2.82842712474619,0.668334230403909,"F4_R25",-1.23064933231183,-1.39051734012819,0.0523490600394965,0.271391979495859,-1.3423754352168,-3.63980106812147,0.109559613319012,828,"very_easy",3,4,12,2,3,3,4,12,0,4,1,5,0.416666666666667,FALSE,FALSE,TRUE,-4.01866865727897,0.378867589157505
1394,"-1:-2|-1:-1|0:1|1:0",4,TRUE,2,1,1,"mixed",1.41257038496822,2.23606797749979,1.75,3,2,1.76011261594915,1,8,1,25,0,TRUE,25,33554432,0,1,25,25,0.833333333333333,2,0.666666666666667,0.166666666666667,0.688332449299089,8.33333333333333,6,10,1.37666489859818,7,6,8,1.01015254455221,8.33333333333333,6,10,1.37666489859818,0,1.76011261594915,2.82842712474619,0.668334230403909,"F4_R25",-1.23064933231183,-1.39051734012819,0.0523490600394965,0.271391979495859,-1.3423754352168,-3.63980106812147,0.109559613319012,828,"very_easy",4,3,12,2,3,4,3,12,0,4,1,5,0.416666666666667,FALSE,FALSE,TRUE,-4.01866865727897,0.378867589157505
726,"-1:-2|1:-1|2:-2|2:2",4,TRUE,0,3,1,"off_axis",2.32678394734132,2.82842712474619,3.25,4,2,2.04295532842377,2,8,1,25,0,TRUE,25,33554432,0,1,25,25,0.833333333333333,2,0.666666666666667,0.166666666666667,0.688332449299089,8.33333333333333,6,10,1.37666489859818,9,8,10,1.01015254455221,8.33333333333333,6,10,1.37666489859818,0,2.04295532842377,2.82842712474619,0.60215679580886,"F4_R25",0.590492247079168,0.706508810356395,0.0523490600394965,0.271391979495859,-0.134755835195509,1.48598626177541,0.672395273899033,294,"hard",5,4,20,2,4,5,4,20,2,4,1,7,0.35,FALSE,FALSE,TRUE,1.12793702381092,0.358049237964492
959,"-1:-1|0:-2|1:0|2:2",4,TRUE,2,2,0,"mixed",1.81066017177982,2.82842712474619,2.25,4,2,2.04295532842377,2,8,1,25,0,TRUE,25,33554432,0,1,25,25,0.833333333333333,2,0.666666666666667,0.166666666666667,0.688332449299089,8.33333333333333,6,10,1.37666489859818,9,8,10,1.01015254455221,8.33333333333333,6,10,1.37666489859818,0,2.04295532842377,2.82842712474619,0.60215679580886,"F4_R25",0.590492247079168,0.706508810356395,0.0523490600394965,0.271391979495859,-0.134755835195509,1.48598626177541,0.672395273899033,294,"hard",5,4,20,2,4,5,4,20,2,4,1,7,0.35,FALSE,FALSE,TRUE,1.12793702381092,0.358049237964492
1005,"-1:0|0:-2|1:-1|2:2",4,TRUE,2,2,0,"mixed",1.81066017177982,2.82842712474619,2.25,4,2,2.04295532842377,2,8,1,25,0,TRUE,25,33554432,0,1,25,25,0.833333333333333,2,0.666666666666667,0.166666666666667,0.688332449299089,8.33333333333333,6,10,1.37666489859818,9,8,10,1.01015254455221,8.33333333333333,6,10,1.37666489859818,0,2.04295532842377,2.82842712474619,0.60215679580886,"F4_R25",0.590492247079168,0.706508810356395,0.0523490600394965,0.271391979495859,-0.134755835195509,1.48598626177541,0.672395273899033,294,"hard",5,4,20,2,4,5,4,20,2,4,1,7,0.35,FALSE,FALSE,TRUE,1.12793702381092,0.358049237964492
1303,"-1:-2|1:0|1:2|2:1",4,TRUE,1,0,3,"mixed",1.92705098312484,2.23606797749979,2.5,3,2,2.04295532842377,2,8,1,25,0,TRUE,25,33554432,0,1,25,25,0.833333333333333,2,0.666666666666667,0.166666666666667,0.688332449299089,8.33333333333333,6,10,1.37666489859818,9,8,10,1.01015254455221,8.33333333333333,6,10,1.37666489859818,0,2.04295532842377,2.82842712474619,0.60215679580886,"F4_R25",0.590492247079168,0.706508810356395,0.0523490600394965,0.271391979495859,-0.134755835195509,1.48598626177541,0.672395273899033,294,"hard",5,4,20,2,3,5,4,20,2,4,1,7,0.35,FALSE,FALSE,TRUE,1.12793702381092,0.358049237964492
1380,"-1:-2|1:1|1:2|2:0",4,TRUE,1,1,2,"mixed",1.97158737934317,2.23606797749979,2.5,3,2,2.04295532842377,2,8,1,25,0,TRUE,25,33554432,0,1,25,25,0.833333333333333,2,0.666666666666667,0.166666666666667,0.688332449299089,8.33333333333333,6,10,1.37666489859818,9,8,10,1.01015254455221,8.33333333333333,6,10,1.37666489859818,0,2.04295532842377,2.82842712474619,0.60215679580886,"F4_R25",0.590492247079168,0.706508810356395,0.0523490600394965,0.271391979495859,-0.134755835195509,1.48598626177541,0.672395273899033,294,"hard",5,4,20,2,3,5,4,20,2,4,1,7,0.35,FALSE,FALSE,TRUE,1.12793702381092,0.358049237964492
668,"-1:-2|0:-2|2:0|2:2",4,TRUE,2,1,1,"mixed",2.26612377556149,2.82842712474619,2.75,4,2,2.21934853067379,4,8,1,25,0,TRUE,25,33554432,0,1,25,25,0.833333333333333,2,0.666666666666667,0.166666666666667,0.688332449299089,8.33333333333333,6,10,1.37666489859818,9,8,10,1.01015254455221,8.33333333333333,6,10,1.37666489859818,0,2.21934853067379,2.82842712474619,0.552260103168055,"F4_R25",1.7262365345275,0.706508810356395,0.0523490600394965,0.271391979495859,2.28048336484708,5.03696974926632,0.963480128893663,33,"very_hard",5,4,20,2,4,5,4,20,4,4,1,9,0.45,FALSE,FALSE,TRUE,4.69015026591916,0.346819483347161
677,"-1:-2|-1:2|2:-2|2:0",4,TRUE,1,1,2,"mixed",2.32514076993644,2.82842712474619,3,4,2,2.21934853067379,4,8,1,25,0,TRUE,25,33554432,0,1,25,25,0.833333333333333,2,0.666666666666667,0.166666666666667,0.688332449299089,8.33333333333333,6,10,1.37666489859818,9,8,10,1.01015254455221,8.33333333333333,6,10,1.37666489859818,0,2.21934853067379,2.82842712474619,0.552260103168055,"F4_R25",1.7262365345275,0.706508810356395,0.0523490600394965,0.271391979495859,2.28048336484708,5.03696974926632,0.963480128893663,33,"very_hard",5,4,20,2,4,5,4,20,4,4,1,9,0.45,FALSE,FALSE,TRUE,4.69015026591916,0.346819483347161
340,"-1:-2|2:0|2:1|2:2",4,TRUE,1,1,2,"mixed",2.32514076993644,2.82842712474619,3,4,2,2.11934853067379,3,8,1,25,0,TRUE,25,33554432,0,1,25,25,0.833333333333333,2,0.583333333333333,0.25,0.800640769025436,8.33333333333333,6,10,1.60128153805087,8,6,10,2.02030508910442,8.33333333333333,6,10,1.60128153805087,0,2.11934853067379,2.82842712474619,0.673598797117914,"F4_R25",1.08236575438342,-0.342004264885899,1.17015005204386,0.271391979495859,1.07286376482578,3.25476728586302,0.859291084854995,130,"very_hard",5,4,20,2,4,5,4,20,3,4,1,8,0.4,FALSE,FALSE,TRUE,2.90904364486504,0.345723640997985
379,"-1:-2|2:-2|2:1|2:2",4,TRUE,0,2,2,"off_axis",2.53224755112299,2.82842712474619,3.5,4,2,2.11934853067379,3,8,1,25,0,TRUE,25,33554432,0,1,25,25,0.833333333333333,2,0.583333333333333,0.25,0.800640769025436,8.33333333333333,6,10,1.60128153805087,8,6,10,2.02030508910442,8.33333333333333,6,10,1.60128153805087,0,2.11934853067379,2.82842712474619,0.673598797117914,"F4_R25",1.08236575438342,-0.342004264885899,1.17015005204386,0.271391979495859,1.07286376482578,3.25476728586302,0.859291084854995,130,"very_hard",5,4,20,2,4,5,4,20,3,4,1,8,0.4,FALSE,FALSE,TRUE,2.90904364486504,0.345723640997985
1295,"-1:-1|0:-1|1:-2|2:-1",4,TRUE,1,1,2,"mixed",1.72158737934317,2.23606797749979,2.25,3,2,1.69508446196187,1,8,1,25,0,TRUE,25,33554432,0,1,25,25,0.833333333333333,2,0.583333333333333,0.25,0.800640769025436,8.33333333333333,6,10,1.60128153805087,8,8,8,0,8.33333333333333,6,10,1.60128153805087,0,1.69508446196187,2.23606797749979,0.501872789122517,"F4_R25",-1.64934661470308,-0.342004264885899,1.17015005204386,0.271391979495859,-1.3423754352168,-1.89218428326606,0.253490870032223,694,"easy",3,4,12,2,3,3,4,12,1,4,1,6,0.5,FALSE,FALSE,TRUE,-2.23756203622485,0.345377752958794
1665,"-1:-1|0:-2|0:1|1:0",4,TRUE,3,1,0,"mixed",1.35355339059327,2,1.5,2,2,1.69508446196187,1,8,1,25,0,TRUE,25,33554432,0,1,25,25,0.833333333333333,2,0.583333333333333,0.25,0.800640769025436,8.33333333333333,6,10,1.60128153805087,8,8,8,0,8.33333333333333,6,10,1.60128153805087,0,1.69508446196187,2.23606797749979,0.501872789122517,"F4_R25",-1.64934661470308,-0.342004264885899,1.17015005204386,0.271391979495859,-1.3423754352168,-1.89218428326606,0.253490870032223,694,"easy",4,3,12,2,2,4,3,12,1,4,1,6,0.5,FALSE,FALSE,TRUE,-2.23756203622485,0.345377752958794
1347,"-1:-2|-1:-1|0:-1|1:2",4,TRUE,1,1,2,"mixed",1.72158737934317,2.23606797749979,2.25,3,2,1.76011261594915,2,8,1,25,0,TRUE,25,33554432,0,1,25,25,0.833333333333333,2,0.583333333333333,0.25,0.800640769025436,8.33333333333333,6,10,1.60128153805087,7,6,8,1.01015254455221,8.33333333333333,6,10,1.60128153805087,0,1.76011261594915,2.82842712474619,0.668334230403909,"F4_R25",-1.23064933231183,-1.39051734012819,1.17015005204386,0.271391979495859,-0.134755835195509,-1.31438047609581,0.32438238453276,628,"easy",5,3,15,2,3,5,3,15,1,4,1,6,0.4,FALSE,FALSE,TRUE,-1.64341487160673,0.32903439551092
671,"-2:-2|-2:0|0:2|2:0",4,TRUE,3,1,0,"mixed",2.20710678118655,2.82842712474619,2.5,4,2,2.19574173292381,4,8,1,25,0,TRUE,25,33554432,0,1,25,25,0.833333333333333,2,0.583333333333333,0.25,0.800640769025436,8.33333333333333,6,10,1.60128153805087,9,8,10,1.01015254455221,8.33333333333333,6,10,1.60128153805087,0,2.19574173292381,2.82842712474619,0.556495225393037,"F4_R25",1.57423926168767,0.706508810356395,1.17015005204386,0.271391979495859,2.28048336484708,6.00277346843086,0.99140708915145,7,"very_hard",5,5,25,2,4,5,5,25,4,4,1,9,0.36,FALSE,FALSE,TRUE,5.68039554028269,0.32237792814817
802,"-2:-1|-2:2|0:-2|2:0",4,TRUE,2,1,1,"mixed",2.26612377556149,2.82842712474619,2.75,4,2,2.20153397218646,4,8,1,25,0,TRUE,25,33554432,0,1,25,25,0.833333333333333,2,0.666666666666667,0.166666666666667,0.688332449299089,8.33333333333333,6,10,1.37666489859818,10,10,10,0,8.33333333333333,6,10,1.37666489859818,0,2.20153397218646,2.82842712474619,0.412644815400057,"F4_R25",1.6115337978159,1.75502188559869,0.0523490600394965,0.271391979495859,2.28048336484708,5.97078008779702,0.986036519871106,12,"very_hard",5,5,25,2,4,5,5,25,4,4,1,9,0.36,FALSE,FALSE,TRUE,5.68039554028269,0.290384547514328
1325,"-1:-1|-1:0|1:2|2:1",4,TRUE,1,1,2,"mixed",1.72158737934317,2.23606797749979,2.25,3,2,2.00219124314841,2,8,1,25,0,TRUE,25,33554432,0,1,25,25,0.833333333333333,2,0.75,0.0833333333333333,0.553694392684741,8.33333333333333,6,10,1.10738878536948,8,8,8,0,8.33333333333333,6,10,1.10738878536948,0,2.00219124314841,2.82842712474619,0.738790472371199,"F4_R25",0.328024213198112,-0.342004264885899,-1.2876990647278,0.271391979495859,-0.134755835195509,-1.16504297211524,0.351235230934479,603,"easy",4,4,16,2,3,4,4,16,1,4,1,6,0.375,FALSE,FALSE,TRUE,-1.44536581673403,0.280322844618788
800,"-2:-1|-2:2|0:-2|2:2",4,TRUE,1,2,1,"mixed",2.47323055674804,2.82842712474619,3.25,4,2,2.18371941369913,4,8,1,25,0,TRUE,25,33554432,0,1,25,25,0.833333333333333,2,0.583333333333333,0.25,0.800640769025436,8.33333333333333,6,10,1.60128153805087,9,8,10,1.01015254455221,8.33333333333333,6,10,1.60128153805087,0,2.18371941369913,2.82842712474619,0.507027856163868,"F4_R25",1.4968310611043,0.706508810356395,1.17015005204386,0.271391979495859,2.28048336484708,5.92536526784749,0.980665950590763,17,"very_hard",5,5,25,2,4,5,5,25,4,4,1,9,0.36,FALSE,FALSE,TRUE,5.68039554028269,0.244969727564801
1208,"-1:-2|-1:-1|2:0|2:1",4,TRUE,1,1,2,"mixed",1.97158737934317,2.23606797749979,2.5,3,2,2.0607698869111,2,8,1,25,0,TRUE,25,33554432,0,1,25,25,0.833333333333333,2,0.666666666666667,0.166666666666667,0.688332449299089,8.33333333333333,6,10,1.37666489859818,8,6,10,2.02030508910442,8.33333333333333,6,10,1.37666489859818,0,2.0607698869111,2.82842712474619,0.709637993158325,"F4_R25",0.705194983790766,-0.342004264885899,0.0523490600394965,0.271391979495859,-0.134755835195509,0.552175923244714,0.570354457572503,399,"medium",4,4,16,2,3,4,4,16,2,4,1,7,0.4375,FALSE,FALSE,TRUE,0.335740804320094,0.21643511892462
395,"-1:-1|1:-2|1:-1|2:-2",4,TRUE,0,3,1,"off_axis",1.97323055674804,2.82842712474619,2.75,4,2,1.77792717443648,1,8,1,25,0,TRUE,25,33554432,0,1,25,25,0.833333333333333,2,0.75,0.0833333333333333,0.553694392684741,8.33333333333333,6,10,1.10738878536948,8,8,8,0,8.33333333333333,6,10,1.10738878536948,0,1.77792717443648,2.82842712474619,0.613709089969705,"F4_R25",-1.11594659560023,-0.342004264885899,-1.2876990647278,0.271391979495859,-1.3423754352168,-3.81663338093487,0.0853920515574651,848,"very_easy",3,4,12,2,4,3,4,12,0,4,1,5,0.416666666666667,FALSE,FALSE,TRUE,-4.01866865727897,0.202035276344098
900,"-2:-1|-2:0|1:-1|2:-2",4,TRUE,1,2,1,"mixed",2.11967716615477,2.82842712474619,2.75,4,2,1.87792717443648,1,8,1,25,0,TRUE,25,33554432,0,1,25,25,0.833333333333333,2,0.583333333333333,0.25,0.800640769025436,8.33333333333333,6,10,1.60128153805087,9,8,10,1.01015254455221,8.33333333333333,6,10,1.60128153805087,0,1.87792717443648,2.82842712474619,0.551149835962157,"F4_R25",-0.472075815456155,0.706508810356395,1.17015005204386,0.271391979495859,-1.3423754352168,0.333599591223157,0.534908700322234,432,"medium",3,5,15,2,4,3,5,15,2,4,1,7,0.466666666666667,FALSE,FALSE,TRUE,0.137691749447388,0.195907841775769
1299,"-2:-1|-1:-2|-1:0|0:2",4,TRUE,2,0,2,"mixed",1.86803398874989,2.23606797749979,2.25,3,2,1.87792717443648,1,8,1,25,0,TRUE,25,33554432,0,1,25,25,0.833333333333333,2,0.583333333333333,0.25,0.800640769025436,8.33333333333333,6,10,1.60128153805087,9,8,10,1.01015254455221,8.33333333333333,6,10,1.60128153805087,0,1.87792717443648,2.82842712474619,0.551149835962157,"F4_R25",-0.472075815456155,0.706508810356395,1.17015005204386,0.271391979495859,-1.3423754352168,0.333599591223157,0.534908700322234,432,"medium",5,3,15,2,3,5,3,15,2,4,1,7,0.466666666666667,FALSE,FALSE,TRUE,0.137691749447388,0.195907841775769
1618,"-1:-1|0:-2|1:0|1:2",4,TRUE,2,1,1,"mixed",1.66257038496822,2.23606797749979,2,3,2,1.87792717443648,1,8,1,25,0,TRUE,25,33554432,0,1,25,25,0.833333333333333,2,0.583333333333333,0.25,0.800640769025436,8.33333333333333,6,10,1.60128153805087,9,8,10,1.01015254455221,8.33333333333333,6,10,1.60128153805087,0,1.87792717443648,2.82842712474619,0.551149835962157,"F4_R25",-0.472075815456155,0.706508810356395,1.17015005204386,0.271391979495859,-1.3423754352168,0.333599591223157,0.534908700322234,432,"medium",5,3,15,2,3,5,3,15,2,4,1,7,0.466666666666667,FALSE,FALSE,TRUE,0.137691749447388,0.195907841775769
645,"-1:0|0:-1|2:-2|2:0",4,TRUE,3,1,0,"mixed",1.70710678118655,2.82842712474619,2,4,2,1.95432037668651,3,8,1,25,0,TRUE,25,33554432,0,1,25,25,0.833333333333333,2,0.75,0.0833333333333333,0.553694392684741,8.33333333333333,6,10,1.10738878536948,8,8,8,0,8.33333333333333,6,10,1.10738878536948,0,1.95432037668651,2.82842712474619,0.650326298670236,"F4_R25",0.0197976918480978,-0.342004264885899,-1.2876990647278,0.271391979495859,1.07286376482578,-0.26564989344396,0.451127819548872,510,"medium",3,4,12,2,4,3,4,12,2,4,1,7,0.583333333333333,FALSE,FALSE,TRUE,-0.45645541517073,0.19080552172677
682,"-1:-1|-1:0|2:-2|2:0",4,TRUE,2,2,0,"mixed",1.81066017177982,2.82842712474619,2.25,4,2,1.95432037668651,3,8,1,25,0,TRUE,25,33554432,0,1,25,25,0.833333333333333,2,0.75,0.0833333333333333,0.553694392684741,8.33333333333333,6,10,1.10738878536948,8,8,8,0,8.33333333333333,6,10,1.10738878536948,0,1.95432037668651,2.82842712474619,0.650326298670236,"F4_R25",0.0197976918480978,-0.342004264885899,-1.2876990647278,0.271391979495859,1.07286376482578,-0.26564989344396,0.451127819548872,510,"medium",3,4,12,2,4,3,4,12,2,4,1,7,0.583333333333333,FALSE,FALSE,TRUE,-0.45645541517073,0.19080552172677
1266,"-1:-1|-1:0|-1:2|1:2",4,TRUE,1,1,2,"mixed",1.72158737934317,2.23606797749979,2.25,3,2,1.95432037668651,3,8,1,25,0,TRUE,25,33554432,0,1,25,25,0.833333333333333,2,0.75,0.0833333333333333,0.553694392684741,8.33333333333333,6,10,1.10738878536948,8,8,8,0,8.33333333333333,6,10,1.10738878536948,0,1.95432037668651,2.82842712474619,0.650326298670236,"F4_R25",0.0197976918480978,-0.342004264885899,-1.2876990647278,0.271391979495859,1.07286376482578,-0.26564989344396,0.451127819548872,510,"medium",4,3,12,2,3,4,3,12,2,4,1,7,0.583333333333333,FALSE,FALSE,TRUE,-0.45645541517073,0.19080552172677
891,"-1:-1|1:-1|1:1|2:-2",4,TRUE,0,4,0,"diagonal_only",1.76776695296637,2.82842712474619,2.5,4,2,1.97858444539843,1,4,2,25,0,TRUE,25,33554432,0,1,25,25,0.833333333333333,2,0.666666666666667,0.166666666666667,0.688332449299089,8.33333333333333,6,10,1.37666489859818,10,10,10,0,8.33333333333333,6,10,1.37666489859818,0,1.97858444539843,2.82842712474619,0.562932394231188,"F4_R25",0.176026940358286,1.75502188559869,0.0523490600394965,-3.68075372191259,-1.3423754352168,-3.03973127113292,0.181525241675618,762,"very_easy",4,4,16,2,4,4,4,16,0,4,1,5,0.3125,FALSE,FALSE,TRUE,-3.22647243778815,0.186741166655228
903,"-1:-2|1:-2|1:1|2:2",4,TRUE,0,2,2,"off_axis",2.17869416052972,2.82842712474619,3,4,2,2.0607698869111,2,8,1,25,0,TRUE,25,33554432,0,1,25,25,0.833333333333333,2,0.75,0.0833333333333333,0.553694392684741,8.33333333333333,6,10,1.10738878536948,10,10,10,0,8.33333333333333,6,10,1.10738878536948,0,2.0607698869111,2.82842712474619,0.530437422427522,"F4_R25",0.705194983790766,1.75502188559869,-1.2876990647278,0.271391979495859,-0.134755835195509,1.309153948962,0.64983888292159,325,"hard",5,4,20,2,4,5,4,20,2,4,1,7,0.35,FALSE,FALSE,TRUE,1.12793702381092,0.181216925151086
952,"-1:-2|0:-1|1:0|2:2",4,TRUE,2,1,1,"mixed",1.76612377556149,2.82842712474619,2.25,4,2,2.00219124314841,2,8,1,25,0,TRUE,25,33554432,0,1,25,25,0.833333333333333,2,0.583333333333333,0.25,0.800640769025436,8.33333333333333,6,10,1.60128153805087,8,8,8,0,8.33333333333333,6,10,1.60128153805087,0,2.00219124314841,2.82842712474619,0.738790472371199,"F4_R25",0.328024213198112,-0.342004264885899,1.17015005204386,0.271391979495859,-0.134755835195509,1.29280614465642,0.644468313641246,330,"hard",5,4,20,2,4,5,4,20,2,4,1,7,0.35,FALSE,FALSE,TRUE,1.12793702381092,0.164869120845504
463,"-1:-2|0:2|2:1|2:2",4,TRUE,1,1,2,"mixed",2.32514076993644,2.82842712474619,3,4,2,2.10153397218646,3,8,1,25,0,TRUE,25,33554432,0,1,25,25,0.833333333333333,2,0.666666666666667,0.166666666666667,0.688332449299089,8.33333333333333,6,10,1.37666489859818,9,8,10,1.01015254455221,8.33333333333333,6,10,1.37666489859818,0,2.10153397218646,2.82842712474619,0.561303011598098,"F4_R25",0.967663017671823,0.706508810356395,0.0523490600394965,0.271391979495859,1.07286376482578,3.07077663238936,0.841031149301826,147,"very_hard",5,4,20,2,4,5,4,20,3,4,1,8,0.4,FALSE,FALSE,TRUE,2.90904364486504,0.161732987524318
651,"-1:-2|0:2|1:0|2:2",4,TRUE,2,1,1,"mixed",2.01612377556149,2.82842712474619,2.5,4,2,2.10153397218646,3,8,1,25,0,TRUE,25,33554432,0,1,25,25,0.833333333333333,2,0.666666666666667,0.166666666666667,0.688332449299089,8.33333333333333,6,10,1.37666489859818,9,8,10,1.01015254455221,8.33333333333333,6,10,1.37666489859818,0,2.10153397218646,2.82842712474619,0.561303011598098,"F4_R25",0.967663017671823,0.706508810356395,0.0523490600394965,0.271391979495859,1.07286376482578,3.07077663238936,0.841031149301826,147,"very_hard",5,4,20,2,4,5,4,20,3,4,1,8,0.4,FALSE,FALSE,TRUE,2.90904364486504,0.161732987524318
939,"-1:-2|1:-2|1:0|2:2",4,TRUE,1,1,2,"mixed",2.07514076993644,2.82842712474619,2.75,4,2,2.10153397218646,3,8,1,25,0,TRUE,25,33554432,0,1,25,25,0.833333333333333,2,0.666666666666667,0.166666666666667,0.688332449299089,8.33333333333333,6,10,1.37666489859818,9,8,10,1.01015254455221,8.33333333333333,6,10,1.37666489859818,0,2.10153397218646,2.82842712474619,0.561303011598098,"F4_R25",0.967663017671823,0.706508810356395,0.0523490600394965,0.271391979495859,1.07286376482578,3.07077663238936,0.841031149301826,147,"very_hard",5,4,20,2,4,5,4,20,3,4,1,8,0.4,FALSE,FALSE,TRUE,2.90904364486504,0.161732987524318
1549,"-1:-1|-1:0|1:-1|2:1",4,TRUE,1,2,1,"mixed",1.51612377556149,2.23606797749979,2,3,2,1.86011261594915,2,8,1,25,0,TRUE,25,33554432,0,1,25,25,0.833333333333333,2,0.75,0.0833333333333333,0.553694392684741,8.33333333333333,6,10,1.10738878536948,8,8,8,0,8.33333333333333,6,10,1.10738878536948,0,1.86011261594915,2.82842712474619,0.614619173858266,"F4_R25",-0.586778552167754,-0.342004264885899,-1.2876990647278,0.271391979495859,-0.134755835195509,-2.0798457374811,0.247046186895811,700,"easy",3,4,12,2,3,3,4,12,1,4,1,6,0.5,FALSE,FALSE,TRUE,-2.23756203622485,0.157716298743748
971,"-1:-1|-1:0|1:0|2:2",4,TRUE,2,2,0,"mixed",1.56066017177982,2.82842712474619,2,4,2,1.93716308916112,2,8,1,25,0,TRUE,25,33554432,0,1,25,25,0.833333333333333,2,0.666666666666667,0.166666666666667,0.688332449299089,8.33333333333333,6,10,1.37666489859818,7,6,8,1.01015254455221,8.33333333333333,6,10,1.37666489859818,0,1.93716308916112,2.82842712474619,0.779885437449864,"F4_R25",-0.0906730691931347,-1.39051734012819,0.0523490600394965,0.271391979495859,-0.134755835195509,-1.29220520498148,0.329752953813104,623,"easy",4,4,16,2,4,4,4,16,1,4,1,6,0.375,FALSE,FALSE,TRUE,-1.44536581673403,0.153160611752546
941,"-2:-1|0:-1|0:2|2:-2",4,TRUE,2,1,1,"mixed",2.01612377556149,2.82842712474619,2.5,4,2,2.07792717443648,3,8,1,25,0,TRUE,25,33554432,0,1,25,25,0.833333333333333,2,0.583333333333333,0.25,0.800640769025436,8.33333333333333,6,10,1.60128153805087,9,8,10,1.01015254455221,8.33333333333333,6,10,1.60128153805087,0,2.07792717443648,2.82842712474619,0.559978826721162,"F4_R25",0.815665744831999,0.706508810356395,1.17015005204386,0.271391979495859,1.07286376482578,4.0365803515539,0.932330827067669,62,"very_hard",5,5,25,2,4,5,5,25,3,4,1,8,0.32,FALSE,FALSE,TRUE,3.89928891922857,0.137291432325326
616,"-1:-2|1:-1|2:0|2:2",4,TRUE,1,2,1,"mixed",2.11967716615477,2.82842712474619,2.75,4,2,2.14295532842377,3,8,1,25,0,TRUE,25,33554432,0,1,25,25,0.833333333333333,2,0.75,0.0833333333333333,0.553694392684741,8.33333333333333,6,10,1.10738878536948,10,10,10,0,8.33333333333333,6,10,1.10738878536948,0,2.14295532842377,2.82842712474619,0.480442458550402,"F4_R25",1.23436302722325,1.75502188559869,-1.2876990647278,0.271391979495859,1.07286376482578,3.04594159241578,0.835660580021482,152,"very_hard",5,4,20,2,4,5,4,20,3,4,1,8,0.4,FALSE,FALSE,TRUE,2.90904364486504,0.136897947550737
763,"-1:-2|1:2|2:-2|2:1",4,TRUE,0,1,3,"off_axis",2.38415776431139,2.82842712474619,3.25,4,2,2.14295532842377,3,8,1,25,0,TRUE,25,33554432,0,1,25,25,0.833333333333333,2,0.75,0.0833333333333333,0.553694392684741,8.33333333333333,6,10,1.10738878536948,10,10,10,0,8.33333333333333,6,10,1.10738878536948,0,2.14295532842377,2.82842712474619,0.480442458550402,"F4_R25",1.23436302722325,1.75502188559869,-1.2876990647278,0.271391979495859,1.07286376482578,3.04594159241578,0.835660580021482,152,"very_hard",5,4,20,2,4,5,4,20,3,4,1,8,0.4,FALSE,FALSE,TRUE,2.90904364486504,0.136897947550737
1014,"-1:-1|-1:0|1:-1|2:2",4,TRUE,1,3,0,"mixed",1.6642135623731,2.82842712474619,2.25,4,2,1.97858444539843,2,8,1,25,0,TRUE,25,33554432,0,1,25,25,0.833333333333333,2,0.75,0.0833333333333333,0.553694392684741,8.33333333333333,6,10,1.10738878536948,8,8,8,0,8.33333333333333,6,10,1.10738878536948,0,1.97858444539843,2.82842712474619,0.734244579617092,"F4_R25",0.176026940358286,-0.342004264885899,-1.2876990647278,0.271391979495859,-0.134755835195509,-1.31704024495506,0.319011815252417,633,"easy",4,4,16,2,4,4,4,16,1,4,1,6,0.375,FALSE,FALSE,TRUE,-1.44536581673403,0.128325571778963
1619,"-1:-1|-1:2|1:0|2:0",4,TRUE,2,1,1,"mixed",1.66257038496822,2.23606797749979,2,3,2,1.97792717443648,2,8,1,25,0,TRUE,25,33554432,0,1,25,25,0.833333333333333,2,0.75,0.0833333333333333,0.553694392684741,8.33333333333333,6,10,1.10738878536948,8,6,10,2.02030508910442,8.33333333333333,6,10,1.10738878536948,0,1.97792717443648,2.82842712474619,0.656424737689541,"F4_R25",0.171794964687922,-0.342004264885899,-1.2876990647278,0.271391979495859,-0.134755835195509,-1.32127222062543,0.313641245972073,638,"easy",4,4,16,2,3,4,4,16,1,4,1,6,0.375,FALSE,FALSE,TRUE,-1.44536581673403,0.124093596108599
995,"-2:-1|-1:-1|-1:2|2:-2",4,TRUE,0,2,2,"off_axis",2.17869416052972,2.82842712474619,3,4,2,1.98371941369913,2,8,1,25,0,TRUE,25,33554432,0,1,25,25,0.833333333333333,2,0.583333333333333,0.25,0.800640769025436,8.33333333333333,6,10,1.60128153805087,9,8,10,1.01015254455221,8.33333333333333,6,10,1.60128153805087,0,1.98371941369913,2.82842712474619,0.542481221091435,"F4_R25",0.209089500816147,0.706508810356395,1.17015005204386,0.271391979495859,-0.134755835195509,2.22238450751675,0.754564983888292,225,"hard",5,5,25,2,4,5,5,25,2,4,1,7,0.28,FALSE,FALSE,TRUE,2.11818229817445,0.104202209342303
1061,"-1:-2|-1:-1|0:-1|2:2",4,TRUE,1,2,1,"mixed",1.86967716615477,2.82842712474619,2.5,4,2,1.87858444539843,2,8,1,25,0,TRUE,25,33554432,0,1,25,25,0.833333333333333,2,0.583333333333333,0.25,0.800640769025436,8.33333333333333,6,10,1.60128153805087,7,6,8,1.01015254455221,8.33333333333333,6,10,1.60128153805087,0,1.87858444539843,2.82842712474619,0.796464745336163,"F4_R25",-0.467843839785789,-1.39051734012819,1.17015005204386,0.271391979495859,-0.134755835195509,-0.551574983569773,0.408163265306122,550,"medium",5,4,20,2,4,5,4,20,1,4,1,6,0.3,FALSE,FALSE,TRUE,-0.653169597243203,0.101594613673429
1486,"-1:-2|-1:0|1:0|2:-1",4,TRUE,2,0,2,"mixed",1.61803398874989,2.23606797749979,2,3,2,1.91869125971184,2,8,1,25,0,TRUE,25,33554432,0,1,25,25,0.833333333333333,2,0.666666666666667,0.166666666666667,0.688332449299089,8.33333333333333,6,10,1.37666489859818,8,6,10,2.02030508910442,8.33333333333333,6,10,1.37666489859818,0,1.91869125971184,2.82842712474619,0.595001260414515,"F4_R25",-0.209607781575099,-0.342004264885899,0.0523490600394965,0.271391979495859,-0.134755835195509,-0.362626842121151,0.437701396348013,520,"medium",3,4,12,2,3,3,4,12,2,4,1,7,0.583333333333333,FALSE,FALSE,TRUE,-0.45645541517073,0.0938285730495793
609,"-1:-1|0:-2|1:0|2:-2",4,TRUE,2,2,0,"mixed",1.81066017177982,2.82842712474619,2.25,4,2,1.96011261594915,2,8,1,25,0,TRUE,25,33554432,0,1,25,25,0.833333333333333,2,0.75,0.0833333333333333,0.553694392684741,8.33333333333333,6,10,1.10738878536948,9,8,10,1.01015254455221,8.33333333333333,6,10,1.10738878536948,0,1.96011261594915,2.82842712474619,0.535369584489657,"F4_R25",0.0570922279763234,0.706508810356395,-1.2876990647278,0.271391979495859,-0.134755835195509,-0.387461882094732,0.426960257787325,530,"medium",3,4,12,2,4,3,4,12,2,4,1,7,0.583333333333333,FALSE,FALSE,TRUE,-0.45645541517073,0.0689935330759978
1222,"-1:-2|1:-2|1:0|2:-1",4,TRUE,1,0,3,"mixed",1.92705098312484,2.23606797749979,2.5,3,2,1.96011261594915,2,8,1,25,0,TRUE,25,33554432,0,1,25,25,0.833333333333333,2,0.75,0.0833333333333333,0.553694392684741,8.33333333333333,6,10,1.10738878536948,9,8,10,1.01015254455221,8.33333333333333,6,10,1.10738878536948,0,1.96011261594915,2.82842712474619,0.535369584489657,"F4_R25",0.0570922279763234,0.706508810356395,-1.2876990647278,0.271391979495859,-0.134755835195509,-0.387461882094732,0.426960257787325,530,"medium",3,4,12,2,3,3,4,12,2,4,1,7,0.583333333333333,FALSE,FALSE,TRUE,-0.45645541517073,0.0689935330759978
339,"-1:-1|0:2|1:2|2:2",4,TRUE,1,2,1,"mixed",2.11967716615477,2.82842712474619,2.75,4,2,2.03716308916112,2,8,1,25,0,TRUE,25,33554432,0,1,25,25,0.833333333333333,2,0.666666666666667,0.166666666666667,0.688332449299089,8.33333333333333,6,10,1.37666489859818,8,6,10,2.02030508910442,8.33333333333333,6,10,1.37666489859818,0,2.03716308916112,2.82842712474619,0.707080498450027,"F4_R25",0.553197710950942,-0.342004264885899,0.0523490600394965,0.271391979495859,-0.134755835195509,0.40017865040489,0.551020408163265,417,"medium",4,4,16,2,4,4,4,16,2,4,1,7,0.4375,FALSE,FALSE,TRUE,0.335740804320094,0.0644378460847963
831,"-2:-1|-1:-2|-1:2|2:2",4,TRUE,0,1,3,"off_axis",2.38415776431139,2.82842712474619,3.25,4,2,2.0659048552118,3,8,1,25,0,TRUE,25,33554432,0,1,25,25,0.833333333333333,2,0.583333333333333,0.25,0.800640769025436,8.33333333333333,6,10,1.60128153805087,9,8,10,1.01015254455221,8.33333333333333,6,10,1.60128153805087,0,2.0659048552118,2.82842712474619,0.507758832969072,"F4_R25",0.738257544248626,0.706508810356395,1.17015005204386,0.271391979495859,1.07286376482578,3.95917215097052,0.924274973147154,67,"very_hard",5,5,25,2,4,5,5,25,3,4,1,8,0.32,FALSE,FALSE,TRUE,3.89928891922857,0.0598832317419533
1071,"-2:-1|-1:-2|0:-2|2:2",4,TRUE,1,1,2,"mixed",2.32514076993644,2.82842712474619,3,4,2,2.0659048552118,3,8,1,25,0,TRUE,25,33554432,0,1,25,25,0.833333333333333,2,0.583333333333333,0.25,0.800640769025436,8.33333333333333,6,10,1.60128153805087,9,8,10,1.01015254455221,8.33333333333333,6,10,1.60128153805087,0,2.0659048552118,2.82842712474619,0.507758832969072,"F4_R25",0.738257544248626,0.706508810356395,1.17015005204386,0.271391979495859,1.07286376482578,3.95917215097052,0.924274973147154,67,"very_hard",5,5,25,2,4,5,5,25,3,4,1,8,0.32,FALSE,FALSE,TRUE,3.89928891922857,0.0598832317419533
9,"-2:-2|-2:2",2,TRUE,0,2,0,"diagonal_only",2.82842712474619,2.82842712474619,4,4,2,2.21895141649746,2,4,2,25,0,TRUE,25,33554432,0,1,25,25,0.25,1,0.25,0,0.43373619897468,5.5,4,6,0.86747239794936,5,4,6,1.01015254455221,5.5,4,6,0.86747239794936,0.25,2.21895141649746,2.82842712474619,1.05564289266583,"F2_R25",0.805681695120172,-0.718429151955826,-0.536127927905471,-1.00312153209238,0,-1.45199691683351,0.232558139534884,34,"easy",5,3,15,2,4,5,3,15,2,2,1,5,0.333333333333333,FALSE,FALSE,TRUE,-1.48946806266799,0.0374711458344819
662,"-1:-2|-1:0|0:2|2:2",4,TRUE,2,1,1,"mixed",2.01612377556149,2.82842712474619,2.5,4,2,2.07792717443648,3,8,1,25,0,TRUE,25,33554432,0,1,25,25,0.833333333333333,2,0.666666666666667,0.166666666666667,0.688332449299089,8.33333333333333,6,10,1.37666489859818,9,8,10,1.01015254455221,8.33333333333333,6,10,1.37666489859818,0,2.07792717443648,2.82842712474619,0.559978826721162,"F4_R25",0.815665744831999,0.706508810356395,0.0523490600394965,0.271391979495859,1.07286376482578,2.91877935954953,0.821160042964554,163,"very_hard",5,4,20,2,4,5,4,20,3,4,1,8,0.4,FALSE,FALSE,TRUE,2.90904364486504,0.00973571468449386
792,"-1:-2|-1:0|0:2|2:-2",4,TRUE,2,1,1,"mixed",2.01612377556149,2.82842712474619,2.5,4,2,2.07792717443648,3,8,1,25,0,TRUE,25,33554432,0,1,25,25,0.833333333333333,2,0.666666666666667,0.166666666666667,0.688332449299089,8.33333333333333,6,10,1.37666489859818,9,8,10,1.01015254455221,8.33333333333333,6,10,1.37666489859818,0,2.07792717443648,2.82842712474619,0.559978826721162,"F4_R25",0.815665744831999,0.706508810356395,0.0523490600394965,0.271391979495859,1.07286376482578,2.91877935954953,0.821160042964554,163,"very_hard",5,4,20,2,4,5,4,20,3,4,1,8,0.4,FALSE,FALSE,TRUE,2.90904364486504,0.00973571468449386
736,"-1:-2|0:-1|2:-2|2:1",4,TRUE,1,1,2,"mixed",2.07514076993644,2.82842712474619,2.75,4,2,2.1607698869111,3,8,1,25,0,TRUE,25,33554432,0,1,25,25,0.833333333333333,2,0.75,0.0833333333333333,0.553694392684741,8.33333333333333,6,10,1.10738878536948,9,8,10,1.01015254455221,8.33333333333333,6,10,1.10738878536948,0,2.1607698869111,2.82842712474619,0.606514171143573,"F4_R25",1.34906576393484,0.706508810356395,-1.2876990647278,0.271391979495859,1.07286376482578,2.11213125388508,0.738453276047261,240,"hard",4,4,16,2,4,4,4,16,3,4,1,8,0.5,FALSE,FALSE,TRUE,2.11684742537422,-0.00471617148913817
558,"-1:-2|2:-1|2:0|2:2",4,TRUE,1,1,2,"mixed",2.32514076993644,2.82842712474619,3,4,2,2.16011261594915,4,8,1,25,0,TRUE,25,33554432,0,1,25,25,0.833333333333333,2,0.666666666666667,0.166666666666667,0.688332449299089,8.33333333333333,6,10,1.37666489859818,9,8,10,1.01015254455221,8.33333333333333,6,10,1.37666489859818,0,2.16011261594915,2.82842712474619,0.509807683148267,"F4_R25",1.34483378826448,0.706508810356395,0.0523490600394965,0.271391979495859,2.28048336484708,4.6555670030033,0.958109559613319,38,"very_hard",5,4,20,2,4,5,4,20,4,4,1,9,0.45,FALSE,FALSE,TRUE,4.69015026591916,-0.0345832629158567
400,"-2:-2|-1:-2|-1:-1|2:0",4,TRUE,1,2,1,"mixed",2.11967716615477,2.82842712474619,2.75,4,2,1.91934853067379,2,8,1,25,0,TRUE,25,33554432,0,1,25,25,0.833333333333333,2,0.75,0.0833333333333333,0.553694392684741,8.33333333333333,6,10,1.10738878536948,8,8,8,0,8.33333333333333,6,10,1.10738878536948,0,1.91934853067379,2.82842712474619,0.679951973631102,"F4_R25",-0.205375805904733,-0.342004264885899,-1.2876990647278,0.271391979495859,-0.134755835195509,-1.69844299121808,0.283029001074114,664,"easy",3,5,15,2,4,3,5,15,1,4,1,6,0.4,FALSE,FALSE,TRUE,-1.64341487160673,-0.0550281196113502
1232,"-1:-2|-1:2|1:-2|2:-1",4,TRUE,0,0,4,"off_axis",2.23606797749979,2.23606797749979,3,3,2,2.0659048552118,3,8,1,25,0,TRUE,25,33554432,0,1,25,25,0.833333333333333,2,0.666666666666667,0.166666666666667,0.688332449299089,8.33333333333333,6,10,1.37666489859818,9,8,10,1.01015254455221,8.33333333333333,6,10,1.37666489859818,0,2.0659048552118,2.82842712474619,0.507758832969072,"F4_R25",0.738257544248626,0.706508810356395,0.0523490600394965,0.271391979495859,1.07286376482578,2.84137115896616,0.809344790547798,174,"very_hard",5,4,20,2,3,5,4,20,3,4,1,8,0.4,FALSE,FALSE,TRUE,2.90904364486504,-0.0676724858988784
1277,"-1:-2|1:-2|1:2|2:1",4,TRUE,0,0,4,"off_axis",2.23606797749979,2.23606797749979,3,3,2,2.0659048552118,3,8,1,25,0,TRUE,25,33554432,0,1,25,25,0.833333333333333,2,0.666666666666667,0.166666666666667,0.688332449299089,8.33333333333333,6,10,1.37666489859818,9,8,10,1.01015254455221,8.33333333333333,6,10,1.37666489859818,0,2.0659048552118,2.82842712474619,0.507758832969072,"F4_R25",0.738257544248626,0.706508810356395,0.0523490600394965,0.271391979495859,1.07286376482578,2.84137115896616,0.809344790547798,174,"very_hard",5,4,20,2,3,5,4,20,3,4,1,8,0.4,FALSE,FALSE,TRUE,2.90904364486504,-0.0676724858988784
1485,"-1:-2|0:-1|1:2|2:0",4,TRUE,2,0,2,"mixed",1.86803398874989,2.23606797749979,2.25,3,2,2.0659048552118,3,8,1,25,0,TRUE,25,33554432,0,1,25,25,0.833333333333333,2,0.666666666666667,0.166666666666667,0.688332449299089,8.33333333333333,6,10,1.37666489859818,9,8,10,1.01015254455221,8.33333333333333,6,10,1.37666489859818,0,2.0659048552118,2.82842712474619,0.507758832969072,"F4_R25",0.738257544248626,0.706508810356395,0.0523490600394965,0.271391979495859,1.07286376482578,2.84137115896616,0.809344790547798,174,"very_hard",5,4,20,2,3,5,4,20,3,4,1,8,0.4,FALSE,FALSE,TRUE,2.90904364486504,-0.0676724858988784
1555,"-1:0|0:-2|1:2|2:-1",4,TRUE,2,0,2,"mixed",1.86803398874989,2.23606797749979,2.25,3,2,2.0659048552118,3,8,1,25,0,TRUE,25,33554432,0,1,25,25,0.833333333333333,2,0.666666666666667,0.166666666666667,0.688332449299089,8.33333333333333,6,10,1.37666489859818,9,8,10,1.01015254455221,8.33333333333333,6,10,1.37666489859818,0,2.0659048552118,2.82842712474619,0.507758832969072,"F4_R25",0.738257544248626,0.706508810356395,0.0523490600394965,0.271391979495859,1.07286376482578,2.84137115896616,0.809344790547798,174,"very_hard",5,4,20,2,3,5,4,20,3,4,1,8,0.4,FALSE,FALSE,TRUE,2.90904364486504,-0.0676724858988784
657,"-1:-1|-1:0|0:2|2:2",4,TRUE,2,2,0,"mixed",1.81066017177982,2.82842712474619,2.25,4,2,2.03716308916112,3,8,1,25,0,TRUE,25,33554432,0,1,25,25,0.833333333333333,2,0.75,0.0833333333333333,0.553694392684741,8.33333333333333,6,10,1.10738878536948,8,8,8,0,8.33333333333333,6,10,1.10738878536948,0,2.03716308916112,2.82842712474619,0.707080498450027,"F4_R25",0.553197710950942,-0.342004264885899,-1.2876990647278,0.271391979495859,1.07286376482578,0.267750125658885,0.52953813104189,437,"medium",4,4,16,2,4,4,4,16,2,4,1,7,0.4375,FALSE,FALSE,TRUE,0.335740804320094,-0.0679906786612093
787,"-1:-2|-1:0|0:1|2:-2",4,TRUE,2,1,1,"mixed",1.76612377556149,2.82842712474619,2.25,4,2,2.03716308916112,3,8,1,25,0,TRUE,25,33554432,0,1,25,25,0.833333333333333,2,0.75,0.0833333333333333,0.553694392684741,8.33333333333333,6,10,1.10738878536948,8,8,8,0,8.33333333333333,6,10,1.10738878536948,0,2.03716308916112,2.82842712474619,0.707080498450027,"F4_R25",0.553197710950942,-0.342004264885899,-1.2876990647278,0.271391979495859,1.07286376482578,0.267750125658885,0.52953813104189,437,"medium",4,4,16,2,4,4,4,16,2,4,1,7,0.4375,FALSE,FALSE,TRUE,0.335740804320094,-0.0679906786612093
815,"-1:-1|-1:0|2:-1|2:2",4,TRUE,1,2,1,"mixed",1.86967716615477,2.82842712474619,2.5,4,2,2.03716308916112,3,8,1,25,0,TRUE,25,33554432,0,1,25,25,0.833333333333333,2,0.75,0.0833333333333333,0.553694392684741,8.33333333333333,6,10,1.10738878536948,8,8,8,0,8.33333333333333,6,10,1.10738878536948,0,2.03716308916112,2.82842712474619,0.707080498450027,"F4_R25",0.553197710950942,-0.342004264885899,-1.2876990647278,0.271391979495859,1.07286376482578,0.267750125658885,0.52953813104189,437,"medium",4,4,16,2,4,4,4,16,2,4,1,7,0.4375,FALSE,FALSE,TRUE,0.335740804320094,-0.0679906786612093
1516,"-1:-2|-1:0|1:-1|2:0",4,TRUE,2,1,1,"mixed",1.66257038496822,2.23606797749979,2,3,2,1.93650581819917,2,8,1,25,0,TRUE,25,33554432,0,1,25,25,0.833333333333333,2,0.75,0.0833333333333333,0.553694392684741,8.33333333333333,6,10,1.10738878536948,9,8,10,1.01015254455221,8.33333333333333,6,10,1.10738878536948,0,1.93650581819917,2.82842712474619,0.526988526209425,"F4_R25",-0.0949050448635005,0.706508810356395,-1.2876990647278,0.271391979495859,-0.134755835195509,-0.539459154934556,0.416219119226638,540,"medium",3,4,12,2,3,3,4,12,2,4,1,7,0.583333333333333,FALSE,FALSE,TRUE,-0.45645541517073,-0.0830037397638261
949,"-1:-1|0:1|1:0|2:-2",4,TRUE,2,2,0,"mixed",1.56066017177982,2.82842712474619,2,4,2,1.94295532842377,2,8,1,25,0,TRUE,25,33554432,0,1,25,25,0.833333333333333,2,0.75,0.0833333333333333,0.553694392684741,8.33333333333333,6,10,1.10738878536948,8,8,8,0,8.33333333333333,6,10,1.10738878536948,0,1.94295532842377,2.82842712474619,0.68712330427472,"F4_R25",-0.053378533064909,-0.342004264885899,-1.2876990647278,0.271391979495859,-0.134755835195509,-1.54644571837826,0.302900107411386,648,"easy",4,4,16,2,4,4,4,16,1,4,1,6,0.375,FALSE,FALSE,TRUE,-1.44536581673403,-0.101079901644232
34,"-1:-2|-1:2",2,TRUE,0,0,2,"off_axis",2.23606797749979,2.23606797749979,3,3,2,1.82404531833319,2,4,2,25,0,TRUE,25,33554432,0,1,25,25,0.25,1,0.25,0,0.43373619897468,5.5,4,6,0.86747239794936,5,4,6,1.01015254455221,5.5,4,6,0.86747239794936,0.25,1.82404531833319,2.23606797749979,0.71364417954618,"F2_R25",-0.33315736106269,-0.718429151955826,-0.536127927905471,-1.00312153209238,0,-2.59083597301637,0.186046511627907,36,"very_easy",5,2,10,2,3,5,2,10,2,2,1,5,0.5,FALSE,FALSE,TRUE,-2.47971333703152,-0.111122635984851
840,"-2:-2|-1:-1|-1:0|2:-2",4,TRUE,1,3,0,"mixed",2.01776695296637,2.82842712474619,2.75,4,2,1.87858444539843,1,8,1,25,0,TRUE,25,33554432,0,1,25,25,0.833333333333333,2,0.583333333333333,0.25,0.800640769025436,8.33333333333333,6,10,1.60128153805087,7,6,8,1.01015254455221,8.33333333333333,6,10,1.60128153805087,0,1.87858444539843,2.82842712474619,0.796464745336163,"F4_R25",-0.467843839785789,-1.39051734012819,1.17015005204386,0.271391979495859,-1.3423754352168,-1.75919458359107,0.258861439312567,689,"easy",3,5,15,2,4,3,5,15,1,4,1,6,0.4,FALSE,FALSE,TRUE,-1.64341487160673,-0.115779711984332
621,"-2:-2|-1:1|0:2|2:2",4,TRUE,1,3,0,"mixed",2.26776695296637,2.82842712474619,3,4,2,2.0607698869111,2,8,1,25,0,TRUE,25,33554432,0,1,25,25,0.833333333333333,2,0.583333333333333,0.25,0.800640769025436,8.33333333333333,6,10,1.60128153805087,10,10,10,0,8.33333333333333,6,10,1.60128153805087,0,2.0607698869111,2.82842712474619,0.530437422427522,"F4_R25",0.705194983790766,1.75502188559869,1.17015005204386,0.271391979495859,-0.134755835195509,3.76700306573367,0.902792696025779,87,"very_hard",5,5,25,2,4,5,5,25,3,4,1,8,0.32,FALSE,FALSE,TRUE,3.89928891922857,-0.132285853494904
770,"-2:-1|-1:-2|0:2|2:-2",4,TRUE,1,1,2,"mixed",2.32514076993644,2.82842712474619,3,4,2,2.0607698869111,2,8,1,25,0,TRUE,25,33554432,0,1,25,25,0.833333333333333,2,0.583333333333333,0.25,0.800640769025436,8.33333333333333,6,10,1.60128153805087,10,10,10,0,8.33333333333333,6,10,1.60128153805087,0,2.0607698869111,2.82842712474619,0.530437422427522,"F4_R25",0.705194983790766,1.75502188559869,1.17015005204386,0.271391979495859,-0.134755835195509,3.76700306573367,0.902792696025779,87,"very_hard",5,5,25,2,4,5,5,25,3,4,1,8,0.32,FALSE,FALSE,TRUE,3.89928891922857,-0.132285853494904
685,"-2:-2|-1:-1|2:-2|2:0",4,TRUE,1,3,0,"mixed",2.26776695296637,2.82842712474619,3,4,2,2.01934853067379,2,8,1,25,0,TRUE,25,33554432,0,1,25,25,0.833333333333333,2,0.75,0.0833333333333333,0.553694392684741,8.33333333333333,6,10,1.10738878536948,9,8,10,1.01015254455221,8.33333333333333,6,10,1.10738878536948,0,2.01934853067379,2.82842712474619,0.598360270206642,"F4_R25",0.438494974239344,0.706508810356395,-1.2876990647278,0.271391979495859,-0.134755835195509,-0.00605913583171158,0.488184747583244,473,"medium",3,5,15,2,4,3,5,15,2,4,1,7,0.466666666666667,FALSE,FALSE,TRUE,0.137691749447388,-0.1437508852791
1376,"-1:-1|0:2|1:1|2:1",4,TRUE,1,2,1,"mixed",1.76612377556149,2.23606797749979,2.25,3,2,1.9607698869111,1,8,1,25,0,TRUE,25,33554432,0,1,25,25,0.833333333333333,2,0.75,0.0833333333333333,0.553694392684741,8.33333333333333,6,10,1.10738878536948,9,8,10,1.01015254455221,8.33333333333333,6,10,1.10738878536948,0,1.9607698869111,2.82842712474619,0.628385453702687,"F4_R25",0.0613242036466893,0.706508810356395,-1.2876990647278,0.271391979495859,-1.3423754352168,-1.59084950644566,0.296455424274973,654,"easy",4,4,16,2,3,4,4,16,1,4,1,6,0.375,FALSE,FALSE,TRUE,-1.44536581673403,-0.145483689711632
1612,"-1:-1|-1:0|-1:2|1:-1",4,TRUE,1,2,1,"mixed",1.51612377556149,2.23606797749979,2,3,2,1.8128990204492,2,8,1,25,0,TRUE,25,33554432,0,1,25,25,0.833333333333333,2,0.75,0.0833333333333333,0.553694392684741,8.33333333333333,6,10,1.10738878536948,8,8,8,0,8.33333333333333,6,10,1.10738878536948,0,1.8128990204492,2.82842712474619,0.590100878056122,"F4_R25",-0.890773097847402,-0.342004264885899,-1.2876990647278,0.271391979495859,-0.134755835195509,-2.38384028316075,0.234156820622986,712,"easy",4,3,12,2,3,4,3,12,1,4,1,6,0.5,FALSE,FALSE,TRUE,-2.23756203622485,-0.1462782469359
1687,"-1:-1|0:1|0:2|1:0",4,TRUE,3,1,0,"mixed",1.35355339059327,2,1.5,2,2,1.67726990347453,1,8,1,25,0,TRUE,25,33554432,0,1,25,25,0.833333333333333,2,0.666666666666667,0.166666666666667,0.688332449299089,8.33333333333333,6,10,1.37666489859818,7,6,8,1.01015254455221,8.33333333333333,6,10,1.37666489859818,0,1.67726990347453,2.23606797749979,0.564471897635819,"F4_R25",-1.76404935141467,-1.39051734012819,0.0523490600394965,0.271391979495859,-1.3423754352168,-4.17320108722431,0.0612244897959184,873,"very_easy",4,3,12,2,2,4,3,12,0,4,1,5,0.416666666666667,FALSE,FALSE,TRUE,-4.01866865727897,-0.154532429945339
1108,"-1:-2|-1:-1|0:-2|0:1",4,TRUE,2,1,1,"mixed",1.66257038496822,2.23606797749979,2,3,2,1.65366310572456,1,8,1,25,0,TRUE,25,33554432,0,1,25,25,0.833333333333333,2,0.583333333333333,0.25,0.800640769025436,8.33333333333333,6,10,1.60128153805087,7,6,8,1.01015254455221,8.33333333333333,6,10,1.60128153805087,0,1.65366310572456,2.23606797749979,0.543035023185446,"F4_R25",-1.9160466242545,-1.39051734012819,1.17015005204386,0.271391979495859,-1.3423754352168,-3.20739736805977,0.165950590762621,773,"very_easy",4,2,8,2,3,4,2,8,1,4,1,6,0.75,FALSE,FALSE,TRUE,-3.02975825571568,-0.177639112344098
1121,"-1:-1|-1:2|0:1|0:2",4,TRUE,2,1,1,"mixed",1.66257038496822,2.23606797749979,2,3,2,1.65366310572456,1,8,1,25,0,TRUE,25,33554432,0,1,25,25,0.833333333333333,2,0.583333333333333,0.25,0.800640769025436,8.33333333333333,6,10,1.60128153805087,7,6,8,1.01015254455221,8.33333333333333,6,10,1.60128153805087,0,1.65366310572456,2.23606797749979,0.543035023185446,"F4_R25",-1.9160466242545,-1.39051734012819,1.17015005204386,0.271391979495859,-1.3423754352168,-3.20739736805977,0.165950590762621,773,"very_easy",4,2,8,2,3,4,2,8,1,4,1,6,0.75,FALSE,FALSE,TRUE,-3.02975825571568,-0.177639112344098
1491,"-1:-1|-1:0|1:0|2:-1",4,TRUE,2,1,1,"mixed",1.41257038496822,2.23606797749979,1.75,3,2,1.65366310572456,1,8,1,25,0,TRUE,25,33554432,0,1,25,25,0.833333333333333,2,0.583333333333333,0.25,0.800640769025436,8.33333333333333,6,10,1.60128153805087,7,6,8,1.01015254455221,8.33333333333333,6,10,1.60128153805087,0,1.65366310572456,2.23606797749979,0.543035023185446,"F4_R25",-1.9160466242545,-1.39051734012819,1.17015005204386,0.271391979495859,-1.3423754352168,-3.20739736805977,0.165950590762621,773,"very_easy",2,4,8,2,3,2,4,8,1,4,1,6,0.75,FALSE,FALSE,TRUE,-3.02975825571568,-0.177639112344098
1361,"-2:-1|-1:-1|-1:2|0:-2",4,TRUE,1,1,2,"mixed",1.97158737934317,2.23606797749979,2.5,3,2,1.81869125971184,1,8,1,25,0,TRUE,25,33554432,0,1,25,25,0.833333333333333,2,0.583333333333333,0.25,0.800640769025436,8.33333333333333,6,10,1.60128153805087,9,8,10,1.01015254455221,8.33333333333333,6,10,1.60128153805087,0,1.81869125971184,2.23606797749979,0.46231555102518,"F4_R25",-0.853478561719174,0.706508810356395,1.17015005204386,0.271391979495859,-1.3423754352168,-0.0478031550398619,0.480128893662728,483,"medium",5,3,15,2,3,5,3,15,2,4,1,7,0.466666666666667,FALSE,FALSE,TRUE,0.137691749447388,-0.18549490448725
1094,"-1:-1|0:2|1:2|2:1",4,TRUE,1,1,2,"mixed",1.97158737934317,2.23606797749979,2.5,3,2,2.04295532842377,2,8,1,25,0,TRUE,25,33554432,0,1,25,25,0.833333333333333,2,0.75,0.0833333333333333,0.553694392684741,8.33333333333333,6,10,1.10738878536948,9,8,10,1.01015254455221,8.33333333333333,6,10,1.10738878536948,0,2.04295532842377,2.82842712474619,0.60215679580886,"F4_R25",0.590492247079168,0.706508810356395,-1.2876990647278,0.271391979495859,-0.134755835195509,0.145938137008112,0.510741138560687,452,"medium",4,4,16,2,3,4,4,16,2,4,1,7,0.4375,FALSE,FALSE,TRUE,0.335740804320094,-0.189802667311982
1391,"-1:-2|-1:-1|1:0|2:0",4,TRUE,2,1,1,"mixed",1.66257038496822,2.23606797749979,2,3,2,1.87792717443648,1,8,1,25,0,TRUE,25,33554432,0,1,25,25,0.833333333333333,2,0.75,0.0833333333333333,0.553694392684741,8.33333333333333,6,10,1.10738878536948,7,6,8,1.01015254455221,8.33333333333333,6,10,1.10738878536948,0,1.87792717443648,2.82842712474619,0.725250552501227,"F4_R25",-0.472075815456155,-1.39051734012819,-1.2876990647278,0.271391979495859,-1.3423754352168,-4.22127567603309,0.0558539205155747,878,"very_easy",3,4,12,2,3,3,4,12,0,4,1,5,0.416666666666667,FALSE,FALSE,TRUE,-4.01866865727897,-0.20260701875412
589,"-1:-2|0:2|1:1|2:2",4,TRUE,1,2,1,"mixed",2.11967716615477,2.82842712474619,2.75,4,2,1.97858444539843,1,8,1,25,0,TRUE,25,33554432,0,1,25,25,0.833333333333333,2,0.666666666666667,0.166666666666667,0.688332449299089,8.33333333333333,6,10,1.37666489859818,10,10,10,0,8.33333333333333,6,10,1.37666489859818,0,1.97858444539843,2.82842712474619,0.562932394231188,"F4_R25",0.176026940358286,1.75502188559869,0.0523490600394965,0.271391979495859,-1.3423754352168,0.91241443027553,0.630504833512352,345,"hard",5,4,20,2,4,5,4,20,2,4,1,7,0.35,FALSE,FALSE,TRUE,1.12793702381092,-0.215522593535388
1218,"-1:-2|1:-2|1:-1|2:-1",4,TRUE,0,1,3,"off_axis",2.03060437371812,2.23606797749979,2.75,3,2,1.80087670122451,2,8,1,25,0,TRUE,25,33554432,0,1,25,25,0.833333333333333,2,0.75,0.0833333333333333,0.553694392684741,8.33333333333333,6,10,1.10738878536948,8,8,8,0,8.33333333333333,6,10,1.10738878536948,0,1.80087670122451,2.23606797749979,0.534210847873044,"F4_R25",-0.968181298430773,-0.342004264885899,-1.2876990647278,0.271391979495859,-0.134755835195509,-2.46124848374412,0.228786251342642,717,"easy",3,4,12,2,3,3,4,12,1,4,1,6,0.5,FALSE,FALSE,TRUE,-2.23756203622485,-0.223686447519271
1518,"-1:-1|0:1|1:-2|1:0",4,TRUE,2,1,1,"mixed",1.41257038496822,2.23606797749979,1.75,3,2,1.80087670122451,2,8,1,25,0,TRUE,25,33554432,0,1,25,25,0.833333333333333,2,0.75,0.0833333333333333,0.553694392684741,8.33333333333333,6,10,1.10738878536948,8,8,8,0,8.33333333333333,6,10,1.10738878536948,0,1.80087670122451,2.23606797749979,0.534210847873044,"F4_R25",-0.968181298430773,-0.342004264885899,-1.2876990647278,0.271391979495859,-0.134755835195509,-2.46124848374412,0.228786251342642,717,"easy",4,3,12,2,3,4,3,12,1,4,1,6,0.5,FALSE,FALSE,TRUE,-2.23756203622485,-0.223686447519271
1436,"-1:-1|-1:1|0:-1|1:-2",4,TRUE,1,2,1,"mixed",1.51612377556149,2.23606797749979,2,3,2,1.77792717443648,1,8,1,25,0,TRUE,25,33554432,0,1,25,25,0.833333333333333,2,0.666666666666667,0.166666666666667,0.688332449299089,8.33333333333333,6,10,1.37666489859818,8,8,8,0,8.33333333333333,6,10,1.37666489859818,0,1.77792717443648,2.82842712474619,0.613709089969705,"F4_R25",-1.11594659560023,-0.342004264885899,0.0523490600394965,0.271391979495859,-1.3423754352168,-2.47658525616758,0.223415682062299,722,"easy",4,3,12,2,3,4,3,12,1,4,1,6,0.5,FALSE,FALSE,TRUE,-2.23756203622485,-0.239023219942726
1465,"-1:-1|0:1|1:0|1:2",4,TRUE,2,1,1,"mixed",1.41257038496822,2.23606797749979,1.75,3,2,1.77792717443648,1,8,1,25,0,TRUE,25,33554432,0,1,25,25,0.833333333333333,2,0.666666666666667,0.166666666666667,0.688332449299089,8.33333333333333,6,10,1.37666489859818,8,8,8,0,8.33333333333333,6,10,1.37666489859818,0,1.77792717443648,2.82842712474619,0.613709089969705,"F4_R25",-1.11594659560023,-0.342004264885899,0.0523490600394965,0.271391979495859,-1.3423754352168,-2.47658525616758,0.223415682062299,722,"easy",4,3,12,2,3,4,3,12,1,4,1,6,0.5,FALSE,FALSE,TRUE,-2.23756203622485,-0.239023219942726
767,"-1:-2|1:-2|2:-1|2:2",4,TRUE,0,1,3,"off_axis",2.38415776431139,2.82842712474619,3.25,4,2,2.08371941369913,3,8,1,25,0,TRUE,25,33554432,0,1,25,25,0.833333333333333,2,0.75,0.0833333333333333,0.553694392684741,8.33333333333333,6,10,1.10738878536948,10,10,10,0,8.33333333333333,6,10,1.10738878536948,0,2.08371941369913,2.82842712474619,0.419143842948326,"F4_R25",0.852960280960224,1.75502188559869,-1.2876990647278,0.271391979495859,1.07286376482578,2.66453884615276,0.790547798066595,194,"hard",5,4,20,2,4,5,4,20,3,4,1,8,0.4,FALSE,FALSE,TRUE,2.90904364486504,-0.244504798712284
1538,"-1:-2|1:-1|1:2|2:0",4,TRUE,1,1,2,"mixed",1.97158737934317,2.23606797749979,2.5,3,2,2.08371941369913,3,8,1,25,0,TRUE,25,33554432,0,1,25,25,0.833333333333333,2,0.75,0.0833333333333333,0.553694392684741,8.33333333333333,6,10,1.10738878536948,10,10,10,0,8.33333333333333,6,10,1.10738878536948,0,2.08371941369913,2.82842712474619,0.419143842948326,"F4_R25",0.852960280960224,1.75502188559869,-1.2876990647278,0.271391979495859,1.07286376482578,2.66453884615276,0.790547798066595,194,"hard",5,4,20,2,3,5,4,20,3,4,1,8,0.4,FALSE,FALSE,TRUE,2.90904364486504,-0.244504798712284
927,"-1:-1|-1:1|0:-1|2:-2",4,TRUE,1,3,0,"mixed",1.6642135623731,2.82842712474619,2.25,4,2,1.91934853067379,2,8,1,25,0,TRUE,25,33554432,0,1,25,25,0.833333333333333,2,0.75,0.0833333333333333,0.553694392684741,8.33333333333333,6,10,1.10738878536948,8,8,8,0,8.33333333333333,6,10,1.10738878536948,0,1.91934853067379,2.82842712474619,0.679951973631102,"F4_R25",-0.205375805904733,-0.342004264885899,-1.2876990647278,0.271391979495859,-0.134755835195509,-1.69844299121808,0.283029001074114,664,"easy",4,4,16,2,4,4,4,16,1,4,1,6,0.375,FALSE,FALSE,TRUE,-1.44536581673403,-0.253077174484056
1572,"-1:-1|0:1|0:2|2:1",4,TRUE,2,1,1,"mixed",1.66257038496822,2.23606797749979,2,3,2,1.91869125971184,2,8,1,25,0,TRUE,25,33554432,0,1,25,25,0.833333333333333,2,0.75,0.0833333333333333,0.553694392684741,8.33333333333333,6,10,1.10738878536948,8,6,10,2.02030508910442,8.33333333333333,6,10,1.10738878536948,0,1.91869125971184,2.82842712474619,0.595001260414515,"F4_R25",-0.209607781575099,-0.342004264885899,-1.2876990647278,0.271391979495859,-0.134755835195509,-1.70267496688845,0.272287862513426,674,"easy",4,4,16,2,3,4,4,16,1,4,1,6,0.375,FALSE,FALSE,TRUE,-1.44536581673403,-0.257309150154422
1423,"-1:-2|-1:-1|1:1|2:1",4,TRUE,0,2,2,"off_axis",1.82514076993644,2.23606797749979,2.5,3,2,2.06142715787305,1,4,2,25,0,TRUE,25,33554432,0,1,25,25,0.833333333333333,2,0.583333333333333,0.25,0.800640769025436,8.33333333333333,6,10,1.60128153805087,8,8,8,0,8.33333333333333,6,10,1.60128153805087,0,2.06142715787305,2.82842712474619,0.782104051605118,"F4_R25",0.709426959461129,-0.342004264885899,1.17015005204386,-3.68075372191259,-1.3423754352168,-3.4855564105103,0.125671321160043,815,"very_easy",4,4,16,2,3,4,4,16,0,4,1,5,0.3125,FALSE,FALSE,TRUE,-3.22647243778815,-0.259083972722154
930,"-1:-1|0:-1|0:2|2:-2",4,TRUE,2,2,0,"mixed",1.81066017177982,2.82842712474619,2.25,4,2,1.91869125971184,3,8,1,25,0,TRUE,25,33554432,0,1,25,25,0.833333333333333,2,0.666666666666667,0.166666666666667,0.688332449299089,8.33333333333333,6,10,1.37666489859818,8,8,8,0,8.33333333333333,6,10,1.37666489859818,0,1.91869125971184,2.82842712474619,0.595001260414515,"F4_R25",-0.209607781575099,-0.342004264885899,0.0523490600394965,0.271391979495859,1.07286376482578,0.844992757900142,0.604726100966702,362,"hard",5,4,20,2,4,5,4,20,2,4,1,7,0.35,FALSE,FALSE,TRUE,1.12793702381092,-0.282944265910777
1565,"-1:-1|-1:0|1:2|2:-1",4,TRUE,1,1,2,"mixed",1.72158737934317,2.23606797749979,2.25,3,2,2.00153397218646,3,8,1,25,0,TRUE,25,33554432,0,1,25,25,0.833333333333333,2,0.75,0.0833333333333333,0.553694392684741,8.33333333333333,6,10,1.10738878536948,8,8,8,0,8.33333333333333,6,10,1.10738878536948,0,2.00153397218646,2.82842712474619,0.661531689157382,"F4_R25",0.323792237527746,-0.342004264885899,-1.2876990647278,0.271391979495859,1.07286376482578,0.0383446522356881,0.496240601503759,468,"medium",4,4,16,2,3,4,4,16,2,4,1,7,0.4375,FALSE,FALSE,TRUE,0.335740804320094,-0.297396152084406
875,"-1:-1|0:-1|1:-1|2:-2",4,TRUE,1,3,0,"mixed",1.6642135623731,2.82842712474619,2.25,4,2,1.65432037668651,1,8,1,25,0,TRUE,25,33554432,0,1,25,25,0.833333333333333,2,0.666666666666667,0.166666666666667,0.688332449299089,8.33333333333333,6,10,1.37666489859818,7,6,8,1.01015254455221,8.33333333333333,6,10,1.37666489859818,0,1.65432037668651,2.82842712474619,0.63528129489561,"F4_R25",-1.91181464858413,-1.39051734012819,0.0523490600394965,0.271391979495859,-1.3423754352168,-4.32096638439377,0.0504833512352309,883,"very_easy",3,4,12,2,4,3,4,12,0,4,1,5,0.416666666666667,FALSE,FALSE,TRUE,-4.01866865727897,-0.302297727114798
1647,"-1:-1|0:-2|0:-1|1:1",4,TRUE,2,2,0,"mixed",1.45710678118655,2,1.75,2,2,1.65432037668651,1,8,1,25,0,TRUE,25,33554432,0,1,25,25,0.833333333333333,2,0.666666666666667,0.166666666666667,0.688332449299089,8.33333333333333,6,10,1.37666489859818,7,6,8,1.01015254455221,8.33333333333333,6,10,1.37666489859818,0,1.65432037668651,2.82842712474619,0.63528129489561,"F4_R25",-1.91181464858413,-1.39051734012819,0.0523490600394965,0.271391979495859,-1.3423754352168,-4.32096638439377,0.0504833512352309,883,"very_easy",4,3,12,2,2,4,3,12,0,4,1,5,0.416666666666667,FALSE,FALSE,TRUE,-4.01866865727897,-0.302297727114798
1026,"-1:-1|0:2|1:2|2:-2",4,TRUE,1,2,1,"mixed",2.11967716615477,2.82842712474619,2.75,4,2,2.04295532842377,2,8,1,25,0,TRUE,25,33554432,0,1,25,25,0.833333333333333,2,0.583333333333333,0.25,0.800640769025436,8.33333333333333,6,10,1.60128153805087,9,8,10,1.01015254455221,8.33333333333333,6,10,1.60128153805087,0,2.04295532842377,2.82842712474619,0.60215679580886,"F4_R25",0.590492247079168,0.706508810356395,1.17015005204386,0.271391979495859,-0.134755835195509,2.60378725377977,0.779806659505908,204,"hard",5,4,20,2,4,5,4,20,3,4,1,8,0.4,FALSE,FALSE,TRUE,2.90904364486504,-0.305256391085266
1479,"-1:-2|0:2|1:0|2:-1",4,TRUE,2,0,2,"mixed",1.86803398874989,2.23606797749979,2.25,3,2,2.04295532842377,2,8,1,25,0,TRUE,25,33554432,0,1,25,25,0.833333333333333,2,0.583333333333333,0.25,0.800640769025436,8.33333333333333,6,10,1.60128153805087,9,8,10,1.01015254455221,8.33333333333333,6,10,1.60128153805087,0,2.04295532842377,2.82842712474619,0.60215679580886,"F4_R25",0.590492247079168,0.706508810356395,1.17015005204386,0.271391979495859,-0.134755835195509,2.60378725377977,0.779806659505908,204,"hard",5,4,20,2,3,5,4,20,3,4,1,8,0.4,FALSE,FALSE,TRUE,2.90904364486504,-0.305256391085266
1136,"-1:-1|-1:1|0:-2|1:-2",4,TRUE,1,2,1,"mixed",1.76612377556149,2.23606797749979,2.25,3,2,1.87792717443648,1,8,1,25,0,TRUE,25,33554432,0,1,25,25,0.833333333333333,2,0.666666666666667,0.166666666666667,0.688332449299089,8.33333333333333,6,10,1.37666489859818,9,8,10,1.01015254455221,8.33333333333333,6,10,1.37666489859818,0,1.87792717443648,2.82842712474619,0.551149835962157,"F4_R25",-0.472075815456155,0.706508810356395,0.0523490600394965,0.271391979495859,-1.3423754352168,-0.784201400781205,0.387218045112782,567,"easy",4,3,12,2,3,4,3,12,2,4,1,7,0.583333333333333,FALSE,FALSE,TRUE,-0.45645541517073,-0.327745985610475
1250,"-1:-1|-1:2|0:1|1:2",4,TRUE,1,1,2,"mixed",1.72158737934317,2.23606797749979,2.25,3,2,1.87792717443648,1,8,1,25,0,TRUE,25,33554432,0,1,25,25,0.833333333333333,2,0.666666666666667,0.166666666666667,0.688332449299089,8.33333333333333,6,10,1.37666489859818,9,8,10,1.01015254455221,8.33333333333333,6,10,1.37666489859818,0,1.87792717443648,2.82842712474619,0.551149835962157,"F4_R25",-0.472075815456155,0.706508810356395,0.0523490600394965,0.271391979495859,-1.3423754352168,-0.784201400781205,0.387218045112782,567,"easy",4,3,12,2,3,4,3,12,2,4,1,7,0.583333333333333,FALSE,FALSE,TRUE,-0.45645541517073,-0.327745985610475
635,"-2:-1|-2:2|0:-2|2:-2",4,TRUE,1,2,1,"mixed",2.47323055674804,2.82842712474619,3.25,4,2,2.11934853067379,3,8,1,25,0,TRUE,25,33554432,0,1,25,25,0.833333333333333,2,0.583333333333333,0.25,0.800640769025436,8.33333333333333,6,10,1.60128153805087,10,10,10,0,8.33333333333333,6,10,1.60128153805087,0,2.11934853067379,2.82842712474619,0.481158100063252,"F4_R25",1.08236575438342,1.75502188559869,1.17015005204386,0.271391979495859,1.07286376482578,5.35179343634761,0.97422126745435,23,"very_hard",5,5,25,2,4,5,5,25,4,4,1,9,0.36,FALSE,FALSE,TRUE,5.68039554028269,-0.328602103935077
1264,"-1:-2|-1:0|1:-2|1:0",4,TRUE,2,0,2,"mixed",1.61803398874989,2.23606797749979,2,3,2,2.0128990204492,3,4,2,25,0,TRUE,25,33554432,0,1,25,25,0.833333333333333,2,0.583333333333333,0.25,0.800640769025436,8.33333333333333,6,10,1.60128153805087,8,6,10,2.02030508910442,8.33333333333333,6,10,1.60128153805087,0,2.0128990204492,2.82842712474619,0.622037452851217,"F4_R25",0.396968462440753,-0.342004264885899,1.17015005204386,-3.68075372191259,1.07286376482578,-1.3827757074881,0.308807733619764,644,"easy",3,3,9,2,3,3,3,9,2,4,1,7,0.777777777777778,FALSE,FALSE,TRUE,-1.05060257978885,-0.332173127699247
739,"-1:-1|-1:2|0:1|2:2",4,TRUE,1,2,1,"mixed",1.86967716615477,2.82842712474619,2.5,4,2,2.01934853067379,2,8,1,25,0,TRUE,25,33554432,0,1,25,25,0.833333333333333,2,0.75,0.0833333333333333,0.553694392684741,8.33333333333333,6,10,1.10738878536948,9,8,10,1.01015254455221,8.33333333333333,6,10,1.10738878536948,0,2.01934853067379,2.82842712474619,0.598360270206642,"F4_R25",0.438494974239344,0.706508810356395,-1.2876990647278,0.271391979495859,-0.134755835195509,-0.00605913583171158,0.488184747583244,473,"medium",4,4,16,2,4,4,4,16,2,4,1,7,0.4375,FALSE,FALSE,TRUE,0.335740804320094,-0.341799940151806
1493,"-1:-1|-1:2|0:1|2:-1",4,TRUE,1,1,2,"mixed",1.72158737934317,2.23606797749979,2.25,3,2,2.01934853067379,2,8,1,25,0,TRUE,25,33554432,0,1,25,25,0.833333333333333,2,0.75,0.0833333333333333,0.553694392684741,8.33333333333333,6,10,1.10738878536948,9,8,10,1.01015254455221,8.33333333333333,6,10,1.10738878536948,0,2.01934853067379,2.82842712474619,0.598360270206642,"F4_R25",0.438494974239344,0.706508810356395,-1.2876990647278,0.271391979495859,-0.134755835195509,-0.00605913583171158,0.488184747583244,473,"medium",4,4,16,2,3,4,4,16,2,4,1,7,0.4375,FALSE,FALSE,TRUE,0.335740804320094,-0.341799940151806
731,"-1:-2|-1:-1|0:-1|2:-2",4,TRUE,1,2,1,"mixed",1.86967716615477,2.82842712474619,2.5,4,2,1.73650581819918,2,8,1,25,0,TRUE,25,33554432,0,1,25,25,0.833333333333333,2,0.666666666666667,0.166666666666667,0.688332449299089,8.33333333333333,6,10,1.37666489859818,7,6,8,1.01015254455221,8.33333333333333,6,10,1.37666489859818,0,1.73650581819918,2.82842712474619,0.653662793937545,"F4_R25",-1.38264660515165,-1.39051734012819,0.0523490600394965,0.271391979495859,-0.134755835195509,-2.58417874094,0.207303974221267,737,"easy",3,4,12,2,4,3,4,12,1,4,1,6,0.5,FALSE,FALSE,TRUE,-2.23756203622485,-0.346616704715148
1339,"-1:-2|-1:-1|0:-1|2:0",4,TRUE,2,1,1,"mixed",1.66257038496822,2.23606797749979,2,3,2,1.73650581819918,2,8,1,25,0,TRUE,25,33554432,0,1,25,25,0.833333333333333,2,0.666666666666667,0.166666666666667,0.688332449299089,8.33333333333333,6,10,1.37666489859818,7,6,8,1.01015254455221,8.33333333333333,6,10,1.37666489859818,0,1.73650581819918,2.82842712474619,0.653662793937545,"F4_R25",-1.38264660515165,-1.39051734012819,0.0523490600394965,0.271391979495859,-0.134755835195509,-2.58417874094,0.207303974221267,737,"easy",3,4,12,2,3,3,4,12,1,4,1,6,0.5,FALSE,FALSE,TRUE,-2.23756203622485,-0.346616704715148
1615,"-1:-1|-1:0|0:1|2:1",4,TRUE,2,1,1,"mixed",1.41257038496822,2.23606797749979,1.75,3,2,1.73650581819918,2,8,1,25,0,TRUE,25,33554432,0,1,25,25,0.833333333333333,2,0.666666666666667,0.166666666666667,0.688332449299089,8.33333333333333,6,10,1.37666489859818,7,6,8,1.01015254455221,8.33333333333333,6,10,1.37666489859818,0,1.73650581819918,2.82842712474619,0.653662793937545,"F4_R25",-1.38264660515165,-1.39051734012819,0.0523490600394965,0.271391979495859,-0.134755835195509,-2.58417874094,0.207303974221267,737,"easy",3,4,12,2,3,3,4,12,1,4,1,6,0.5,FALSE,FALSE,TRUE,-2.23756203622485,-0.346616704715148
1624,"-1:-1|-1:0|0:1|2:-1",4,TRUE,2,1,1,"mixed",1.41257038496822,2.23606797749979,1.75,3,2,1.73650581819918,2,8,1,25,0,TRUE,25,33554432,0,1,25,25,0.833333333333333,2,0.666666666666667,0.166666666666667,0.688332449299089,8.33333333333333,6,10,1.37666489859818,7,6,8,1.01015254455221,8.33333333333333,6,10,1.37666489859818,0,1.73650581819918,2.82842712474619,0.653662793937545,"F4_R25",-1.38264660515165,-1.39051734012819,0.0523490600394965,0.271391979495859,-0.134755835195509,-2.58417874094,0.207303974221267,737,"easy",3,4,12,2,3,3,4,12,1,4,1,6,0.5,FALSE,FALSE,TRUE,-2.23756203622485,-0.346616704715148
1169,"-1:-2|-1:0|0:-2|2:1",4,TRUE,2,0,2,"mixed",1.86803398874989,2.23606797749979,2.25,3,2,2.06011261594915,3,8,1,25,0,TRUE,25,33554432,0,1,25,25,0.833333333333333,2,0.666666666666667,0.166666666666667,0.688332449299089,8.33333333333333,6,10,1.37666489859818,8,6,10,2.02030508910442,8.33333333333333,6,10,1.37666489859818,0,2.06011261594915,2.82842712474619,0.628875548196174,"F4_R25",0.7009630081204,-0.342004264885899,0.0523490600394965,0.271391979495859,1.07286376482578,1.75556354759564,0.716433941997852,262,"hard",4,4,16,2,3,4,4,16,3,4,1,8,0.5,FALSE,FALSE,TRUE,2.11684742537422,-0.361283877778575
1058,"-2:-1|0:-2|0:-1|2:2",4,TRUE,2,1,1,"mixed",2.01612377556149,2.82842712474619,2.5,4,2,2.06011261594915,3,8,1,25,0,TRUE,25,33554432,0,1,25,25,0.833333333333333,2,0.666666666666667,0.166666666666667,0.688332449299089,8.33333333333333,6,10,1.37666489859818,8,6,10,2.02030508910442,8.33333333333333,6,10,1.37666489859818,0,2.06011261594915,2.82842712474619,0.628875548196174,"F4_R25",0.7009630081204,-0.342004264885899,0.0523490600394965,0.271391979495859,1.07286376482578,1.75556354759564,0.716433941997852,262,"hard",5,5,25,2,4,5,5,25,2,4,1,7,0.28,FALSE,FALSE,TRUE,2.11818229817445,-0.362618750578808
1247,"-1:-2|0:-1|1:-2|2:0",4,TRUE,2,0,2,"mixed",1.86803398874989,2.23606797749979,2.25,3,2,1.96011261594915,2,8,1,25,0,TRUE,25,33554432,0,1,25,25,0.833333333333333,2,0.666666666666667,0.166666666666667,0.688332449299089,8.33333333333333,6,10,1.37666489859818,9,8,10,1.01015254455221,8.33333333333333,6,10,1.37666489859818,0,1.96011261594915,2.82842712474619,0.535369584489657,"F4_R25",0.0570922279763234,0.706508810356395,0.0523490600394965,0.271391979495859,-0.134755835195509,0.952586242672566,0.633727175080559,340,"hard",3,4,12,2,3,3,4,12,3,4,1,8,0.666666666666667,FALSE,FALSE,TRUE,1.32465120588339,-0.372064963210825
1700,"-1:-1|-1:0|0:2|1:-1",4,TRUE,2,2,0,"mixed",1.45710678118655,2,1.75,2,2,1.77726990347453,2,8,1,25,0,TRUE,25,33554432,0,1,25,25,0.833333333333333,2,0.75,0.0833333333333333,0.553694392684741,8.33333333333333,6,10,1.10738878536948,8,8,8,0,8.33333333333333,6,10,1.10738878536948,0,1.77726990347453,2.23606797749979,0.517807010599742,"F4_R25",-1.1201785712706,-0.342004264885899,-1.2876990647278,0.271391979495859,-0.134755835195509,-2.61324575658395,0.201933404940924,742,"easy",4,3,12,2,2,4,3,12,1,4,1,6,0.5,FALSE,FALSE,TRUE,-2.23756203622485,-0.375683720359095
1076,"-1:-2|0:-2|1:-2|2:0",4,TRUE,2,0,2,"mixed",2.11803398874989,2.23606797749979,2.5,3,2,2.03650581819918,3,8,1,25,0,TRUE,25,33554432,0,1,25,25,0.833333333333333,2,0.583333333333333,0.25,0.800640769025436,8.33333333333333,6,10,1.60128153805087,8,6,10,2.02030508910442,8.33333333333333,6,10,1.60128153805087,0,2.03650581819918,2.82842712474619,0.625960641681523,"F4_R25",0.548965735280577,-0.342004264885899,1.17015005204386,0.271391979495859,1.07286376482578,2.72136726676018,0.798603651987111,184,"hard",3,4,12,2,3,3,4,12,4,4,1,9,0.75,FALSE,FALSE,TRUE,3.10575782693751,-0.384390560177333
1192,"-1:-1|-1:2|2:0|2:1",4,TRUE,1,1,2,"mixed",1.97158737934317,2.23606797749979,2.5,3,2,2.10153397218646,3,8,1,25,0,TRUE,25,33554432,0,1,25,25,0.833333333333333,2,0.75,0.0833333333333333,0.553694392684741,8.33333333333333,6,10,1.10738878536948,9,8,10,1.01015254455221,8.33333333333333,6,10,1.10738878536948,0,2.10153397218646,2.82842712474619,0.561303011598098,"F4_R25",0.967663017671823,0.706508810356395,-1.2876990647278,0.271391979495859,1.07286376482578,1.73072850762206,0.707303974221267,269,"hard",4,4,16,2,3,4,4,16,3,4,1,8,0.5,FALSE,FALSE,TRUE,2.11684742537422,-0.386118917752156
659,"-1:0|0:-2|2:-2|2:2",4,TRUE,2,2,0,"mixed",2.16421356237309,2.82842712474619,2.75,4,2,2.17858444539843,3,8,1,25,0,TRUE,25,33554432,0,1,25,25,0.833333333333333,2,0.666666666666667,0.166666666666667,0.688332449299089,8.33333333333333,6,10,1.37666489859818,8,8,8,0,8.33333333333333,6,10,1.37666489859818,0,2.17858444539843,2.82842712474619,0.710062449732415,"F4_R25",1.46376850064644,-0.342004264885899,0.0523490600394965,0.271391979495859,1.07286376482578,2.51836904012168,0.771750805585392,213,"hard",5,4,20,2,4,5,4,20,3,4,1,8,0.4,FALSE,FALSE,TRUE,2.90904364486504,-0.39067460474336
790,"-1:-2|-1:0|2:-2|2:2",4,TRUE,1,2,1,"mixed",2.22323055674804,2.82842712474619,3,4,2,2.17858444539843,3,8,1,25,0,TRUE,25,33554432,0,1,25,25,0.833333333333333,2,0.666666666666667,0.166666666666667,0.688332449299089,8.33333333333333,6,10,1.37666489859818,8,8,8,0,8.33333333333333,6,10,1.37666489859818,0,2.17858444539843,2.82842712474619,0.710062449732415,"F4_R25",1.46376850064644,-0.342004264885899,0.0523490600394965,0.271391979495859,1.07286376482578,2.51836904012168,0.771750805585392,213,"hard",5,4,20,2,4,5,4,20,3,4,1,8,0.4,FALSE,FALSE,TRUE,2.90904364486504,-0.39067460474336
1675,"-1:-1|-1:0|1:1|2:0",4,TRUE,2,2,0,"mixed",1.45710678118655,2,1.75,2,2,1.75432037668651,1,8,1,25,0,TRUE,25,33554432,0,1,25,25,0.833333333333333,2,0.666666666666667,0.166666666666667,0.688332449299089,8.33333333333333,6,10,1.37666489859818,8,8,8,0,8.33333333333333,6,10,1.37666489859818,0,1.75432037668651,2.82842712474619,0.598479569819794,"F4_R25",-1.26794386844006,-0.342004264885899,0.0523490600394965,0.271391979495859,-1.3423754352168,-2.6285825290074,0.19656283566058,747,"very_easy",3,4,12,2,2,3,4,12,1,4,1,6,0.5,FALSE,FALSE,TRUE,-2.23756203622485,-0.39102049278255
377,"-1:0|2:-2|2:-1|2:2",4,TRUE,1,2,1,"mixed",2.22323055674804,2.82842712474619,3,4,2,2.07858444539843,2,8,1,25,0,TRUE,25,33554432,0,1,25,25,0.833333333333333,2,0.583333333333333,0.25,0.800640769025436,8.33333333333333,6,10,1.60128153805087,7,6,8,1.01015254455221,8.33333333333333,6,10,1.60128153805087,0,2.07858444539843,2.82842712474619,0.802417668568409,"F4_R25",0.819897720502362,-1.39051734012819,1.17015005204386,0.271391979495859,-0.134755835195509,0.736166576718378,0.585392051557465,387,"medium",5,4,20,2,4,5,4,20,2,4,1,7,0.35,FALSE,FALSE,TRUE,1.12793702381092,-0.39177044709254
1143,"-1:-2|0:-2|1:0|2:-1",4,TRUE,2,0,2,"mixed",1.86803398874989,2.23606797749979,2.25,3,2,1.94229805746182,2,8,1,25,0,TRUE,25,33554432,0,1,25,25,0.833333333333333,2,0.583333333333333,0.25,0.800640769025436,8.33333333333333,6,10,1.60128153805087,8,6,10,2.02030508910442,8.33333333333333,6,10,1.60128153805087,0,1.94229805746182,2.82842712474619,0.603212009882676,"F4_R25",-0.0576105087352749,-0.342004264885899,1.17015005204386,0.271391979495859,-0.134755835195509,0.907171422723036,0.623523093447905,347,"hard",3,4,12,2,3,3,4,12,3,4,1,8,0.666666666666667,FALSE,FALSE,TRUE,1.32465120588339,-0.417479783160355
1283,"-1:-1|-1:2|0:-2|1:2",4,TRUE,1,1,2,"mixed",1.97158737934317,2.23606797749979,2.5,3,2,1.89574173292382,1,8,1,25,0,TRUE,25,33554432,0,1,25,25,0.833333333333333,2,0.583333333333333,0.25,0.800640769025436,8.33333333333333,6,10,1.60128153805087,10,10,10,0,8.33333333333333,6,10,1.60128153805087,0,1.89574173292382,2.82842712474619,0.478612905582384,"F4_R25",-0.357373078744557,1.75502188559869,1.17015005204386,0.271391979495859,-1.3423754352168,1.49681540317705,0.688506981740064,289,"hard",5,3,15,2,3,5,3,15,3,4,1,8,0.533333333333333,FALSE,FALSE,TRUE,1.91879837050151,-0.42198296732446
1593,"-2:-1|0:-2|1:-1|2:0",4,TRUE,2,1,1,"mixed",1.91257038496822,2.23606797749979,2.25,3,2,1.89574173292382,1,8,1,25,0,TRUE,25,33554432,0,1,25,25,0.833333333333333,2,0.583333333333333,0.25,0.800640769025436,8.33333333333333,6,10,1.60128153805087,10,10,10,0,8.33333333333333,6,10,1.60128153805087,0,1.89574173292382,2.82842712474619,0.478612905582384,"F4_R25",-0.357373078744557,1.75502188559869,1.17015005204386,0.271391979495859,-1.3423754352168,1.49681540317705,0.688506981740064,289,"hard",3,5,15,2,3,3,5,15,3,4,1,8,0.533333333333333,FALSE,FALSE,TRUE,1.91879837050151,-0.42198296732446
448,"-1:0|1:-2|2:1|2:2",4,TRUE,1,1,2,"mixed",2.07514076993644,2.82842712474619,2.75,4,2,2.08437668466108,2,8,1,25,0,TRUE,25,33554432,0,1,25,25,0.833333333333333,2,0.666666666666667,0.166666666666667,0.688332449299089,8.33333333333333,6,10,1.37666489859818,8,8,8,0,8.33333333333333,6,10,1.37666489859818,0,2.08437668466108,2.82842712474619,0.711316335661704,"F4_R25",0.85719225663059,-0.342004264885899,0.0523490600394965,0.271391979495859,-0.134755835195509,0.704173196084538,0.582169709989259,388,"medium",5,4,20,2,4,5,4,20,2,4,1,7,0.35,FALSE,FALSE,TRUE,1.12793702381092,-0.42376382772638
851,"-1:-1|1:0|2:-2|2:2",4,TRUE,1,3,0,"mixed",2.01776695296637,2.82842712474619,2.75,4,2,2.08437668466108,2,8,1,25,0,TRUE,25,33554432,0,1,25,25,0.833333333333333,2,0.666666666666667,0.166666666666667,0.688332449299089,8.33333333333333,6,10,1.37666489859818,8,8,8,0,8.33333333333333,6,10,1.37666489859818,0,2.08437668466108,2.82842712474619,0.711316335661704,"F4_R25",0.85719225663059,-0.342004264885899,0.0523490600394965,0.271391979495859,-0.134755835195509,0.704173196084538,0.582169709989259,388,"medium",5,4,20,2,4,5,4,20,2,4,1,7,0.35,FALSE,FALSE,TRUE,1.12793702381092,-0.42376382772638
1123,"-1:-1|0:1|0:2|1:2",4,TRUE,2,1,1,"mixed",1.66257038496822,2.23606797749979,2,3,2,1.73650581819918,1,8,1,25,0,TRUE,25,33554432,0,1,25,25,0.833333333333333,2,0.583333333333333,0.25,0.800640769025436,8.33333333333333,6,10,1.60128153805087,7,6,8,1.01015254455221,8.33333333333333,6,10,1.60128153805087,0,1.73650581819918,2.82842712474619,0.653662793937545,"F4_R25",-1.38264660515165,-1.39051734012819,1.17015005204386,0.271391979495859,-1.3423754352168,-2.67399734895693,0.191192266380236,752,"very_easy",4,3,12,2,3,4,3,12,1,4,1,6,0.5,FALSE,FALSE,TRUE,-2.23756203622485,-0.436435312732078
1496,"-1:-1|-1:0|1:0|2:1",4,TRUE,2,1,1,"mixed",1.41257038496822,2.23606797749979,1.75,3,2,1.73650581819918,1,8,1,25,0,TRUE,25,33554432,0,1,25,25,0.833333333333333,2,0.583333333333333,0.25,0.800640769025436,8.33333333333333,6,10,1.60128153805087,7,6,8,1.01015254455221,8.33333333333333,6,10,1.60128153805087,0,1.73650581819918,2.82842712474619,0.653662793937545,"F4_R25",-1.38264660515165,-1.39051734012819,1.17015005204386,0.271391979495859,-1.3423754352168,-2.67399734895693,0.191192266380236,752,"very_easy",3,4,12,2,3,3,4,12,1,4,1,6,0.5,FALSE,FALSE,TRUE,-2.23756203622485,-0.436435312732078
1178,"-1:-2|0:-1|2:0|2:1",4,TRUE,2,0,2,"mixed",1.86803398874989,2.23606797749979,2.25,3,2,2.0607698869111,2,8,1,25,0,TRUE,25,33554432,0,1,25,25,0.833333333333333,2,0.583333333333333,0.25,0.800640769025436,8.33333333333333,6,10,1.60128153805087,8,6,10,2.02030508910442,8.33333333333333,6,10,1.60128153805087,0,2.0607698869111,2.82842712474619,0.709637993158325,"F4_R25",0.705194983790766,-0.342004264885899,1.17015005204386,0.271391979495859,-0.134755835195509,1.66997691524908,0.697099892588614,281,"hard",4,4,16,2,3,4,4,16,3,4,1,8,0.5,FALSE,FALSE,TRUE,2.11684742537422,-0.446870510125139
480,"-2:-2|-1:-2|-1:0|2:2",4,TRUE,1,2,1,"mixed",2.22323055674804,2.82842712474619,3,4,2,2.0607698869111,2,8,1,25,0,TRUE,25,33554432,0,1,25,25,0.833333333333333,2,0.583333333333333,0.25,0.800640769025436,8.33333333333333,6,10,1.60128153805087,8,6,10,2.02030508910442,8.33333333333333,6,10,1.60128153805087,0,2.0607698869111,2.82842712474619,0.709637993158325,"F4_R25",0.705194983790766,-0.342004264885899,1.17015005204386,0.271391979495859,-0.134755835195509,1.66997691524908,0.697099892588614,281,"hard",5,5,25,2,4,5,5,25,2,4,1,7,0.28,FALSE,FALSE,TRUE,2.11818229817445,-0.448205382925372
1580,"-1:-1|-1:0|1:2|2:0",4,TRUE,2,1,1,"mixed",1.66257038496822,2.23606797749979,2,3,2,1.97792717443648,3,8,1,25,0,TRUE,25,33554432,0,1,25,25,0.833333333333333,2,0.75,0.0833333333333333,0.553694392684741,8.33333333333333,6,10,1.10738878536948,8,8,8,0,8.33333333333333,6,10,1.10738878536948,0,1.97792717443648,2.82842712474619,0.656424737689541,"F4_R25",0.171794964687922,-0.342004264885899,-1.2876990647278,0.271391979495859,1.07286376482578,-0.113652620604136,0.474758324382385,488,"medium",4,4,16,2,3,4,4,16,2,4,1,7,0.4375,FALSE,FALSE,TRUE,0.335740804320094,-0.44939342492423
546,"-1:-2|0:-2|1:-1|2:-2",4,TRUE,1,2,1,"mixed",2.11967716615477,2.82842712474619,2.75,4,2,1.85432037668651,1,8,1,25,0,TRUE,25,33554432,0,1,25,25,0.833333333333333,2,0.666666666666667,0.166666666666667,0.688332449299089,8.33333333333333,6,10,1.37666489859818,9,8,10,1.01015254455221,8.33333333333333,6,10,1.37666489859818,0,1.85432037668651,2.82842712474619,0.539027870445404,"F4_R25",-0.624073088295979,0.706508810356395,0.0523490600394965,0.271391979495859,-1.3423754352168,-0.936198673621029,0.37593984962406,580,"easy",3,4,12,2,4,3,4,12,2,4,1,7,0.583333333333333,FALSE,FALSE,TRUE,-0.45645541517073,-0.479743258450299
1654,"-1:0|0:-2|1:-1|2:0",4,TRUE,3,1,0,"mixed",1.60355339059327,2,1.75,2,2,1.85432037668651,1,8,1,25,0,TRUE,25,33554432,0,1,25,25,0.833333333333333,2,0.666666666666667,0.166666666666667,0.688332449299089,8.33333333333333,6,10,1.37666489859818,9,8,10,1.01015254455221,8.33333333333333,6,10,1.37666489859818,0,1.85432037668651,2.82842712474619,0.539027870445404,"F4_R25",-0.624073088295979,0.706508810356395,0.0523490600394965,0.271391979495859,-1.3423754352168,-0.936198673621029,0.37593984962406,580,"easy",3,4,12,2,2,3,4,12,2,4,1,7,0.583333333333333,FALSE,FALSE,TRUE,-0.45645541517073,-0.479743258450299
861,"-2:-2|-1:0|0:2|2:-2",4,TRUE,2,2,0,"mixed",2.16421356237309,2.82842712474619,2.75,4,2,2.14295532842377,3,8,1,25,0,TRUE,25,33554432,0,1,25,25,0.833333333333333,2,0.583333333333333,0.25,0.800640769025436,8.33333333333333,6,10,1.60128153805087,8,6,10,2.02030508910442,8.33333333333333,6,10,1.60128153805087,0,2.14295532842377,2.82842712474619,0.67308779382795,"F4_R25",1.23436302722325,-0.342004264885899,1.17015005204386,0.271391979495859,1.07286376482578,3.40676455870285,0.873254564983888,117,"very_hard",5,5,25,2,4,5,5,25,3,4,1,8,0.32,FALSE,FALSE,TRUE,3.89928891922857,-0.492524360525721
614,"-1:-1|0:-2|0:1|2:-2",4,TRUE,2,2,0,"mixed",1.81066017177982,2.82842712474619,2.25,4,2,1.99574173292381,2,8,1,25,0,TRUE,25,33554432,0,1,25,25,0.833333333333333,2,0.75,0.0833333333333333,0.553694392684741,8.33333333333333,6,10,1.10738878536948,9,8,10,1.01015254455221,8.33333333333333,6,10,1.10738878536948,0,1.99574173292381,2.82842712474619,0.593497107983451,"F4_R25",0.286497701399519,0.706508810356395,-1.2876990647278,0.271391979495859,-0.134755835195509,-0.158056408671537,0.469387755102041,493,"medium",4,4,16,2,4,4,4,16,2,4,1,7,0.4375,FALSE,FALSE,TRUE,0.335740804320094,-0.493797212991631
838,"-2:-2|-1:-1|0:-1|2:-2",4,TRUE,1,3,0,"mixed",2.01776695296637,2.82842712474619,2.75,4,2,1.81934853067379,1,8,1,25,0,TRUE,25,33554432,0,1,25,25,0.833333333333333,2,0.583333333333333,0.25,0.800640769025436,8.33333333333333,6,10,1.60128153805087,7,6,8,1.01015254455221,8.33333333333333,6,10,1.60128153805087,0,1.81934853067379,2.82842712474619,0.737842895002503,"F4_R25",-0.84924658604881,-1.39051734012819,1.17015005204386,0.271391979495859,-1.3423754352168,-2.14059732985409,0.241675617615467,705,"easy",3,5,15,2,4,3,5,15,1,4,1,6,0.4,FALSE,FALSE,TRUE,-1.64341487160673,-0.497182458247353
1282,"-1:-2|-1:-1|-1:2|1:2",4,TRUE,0,1,3,"off_axis",2.03060437371812,2.23606797749979,2.75,3,2,1.91869125971184,2,8,1,25,0,TRUE,25,33554432,0,1,25,25,0.833333333333333,2,0.666666666666667,0.166666666666667,0.688332449299089,8.33333333333333,6,10,1.37666489859818,8,6,10,2.02030508910442,8.33333333333333,6,10,1.37666489859818,0,1.91869125971184,2.82842712474619,0.595001260414515,"F4_R25",-0.209607781575099,-0.342004264885899,0.0523490600394965,0.271391979495859,-0.134755835195509,-0.362626842121151,0.437701396348013,520,"medium",5,3,15,2,3,5,3,15,2,4,1,7,0.466666666666667,FALSE,FALSE,TRUE,0.137691749447388,-0.500318591568539
1596,"-2:-1|0:-2|1:0|2:0",4,TRUE,3,0,1,"mixed",1.80901699437495,2.23606797749979,2,3,2,1.91869125971184,2,8,1,25,0,TRUE,25,33554432,0,1,25,25,0.833333333333333,2,0.666666666666667,0.166666666666667,0.688332449299089,8.33333333333333,6,10,1.37666489859818,8,6,10,2.02030508910442,8.33333333333333,6,10,1.37666489859818,0,1.91869125971184,2.82842712474619,0.595001260414515,"F4_R25",-0.209607781575099,-0.342004264885899,0.0523490600394965,0.271391979495859,-0.134755835195509,-0.362626842121151,0.437701396348013,520,"medium",3,5,15,2,3,3,5,15,2,4,1,7,0.466666666666667,FALSE,FALSE,TRUE,0.137691749447388,-0.500318591568539
1156,"-1:-1|0:-2|2:-1|2:0",4,TRUE,2,1,1,"mixed",1.91257038496822,2.23606797749979,2.25,3,2,1.93650581819917,2,8,1,25,0,TRUE,25,33554432,0,1,25,25,0.833333333333333,2,0.666666666666667,0.166666666666667,0.688332449299089,8.33333333333333,6,10,1.37666489859818,9,8,10,1.01015254455221,8.33333333333333,6,10,1.37666489859818,0,1.93650581819917,2.82842712474619,0.526988526209425,"F4_R25",-0.0949050448635005,0.706508810356395,0.0523490600394965,0.271391979495859,-0.134755835195509,0.800588969832742,0.593984962406015,377,"medium",3,4,12,2,3,3,4,12,3,4,1,8,0.666666666666667,FALSE,FALSE,TRUE,1.32465120588339,-0.524062236050649
1471,"-1:-2|0:1|1:0|2:-1",4,TRUE,2,0,2,"mixed",1.61803398874989,2.23606797749979,2,3,2,1.94295532842377,2,8,1,25,0,TRUE,25,33554432,0,1,25,25,0.833333333333333,2,0.666666666666667,0.166666666666667,0.688332449299089,8.33333333333333,6,10,1.37666489859818,8,8,8,0,8.33333333333333,6,10,1.37666489859818,0,1.94295532842377,2.82842712474619,0.68712330427472,"F4_R25",-0.053378533064909,-0.342004264885899,0.0523490600394965,0.271391979495859,-0.134755835195509,-0.206397593610961,0.462943071965628,498,"medium",4,4,16,2,3,4,4,16,2,4,1,7,0.4375,FALSE,FALSE,TRUE,0.335740804320094,-0.542138397931055
634,"-2:-1|-1:2|0:-2|2:-2",4,TRUE,1,1,2,"mixed",2.32514076993644,2.82842712474619,3,4,2,2.08371941369913,3,8,1,25,0,TRUE,25,33554432,0,1,25,25,0.833333333333333,2,0.583333333333333,0.25,0.800640769025436,8.33333333333333,6,10,1.60128153805087,10,10,10,0,8.33333333333333,6,10,1.60128153805087,0,2.08371941369913,2.82842712474619,0.419143842948326,"F4_R25",0.852960280960224,1.75502188559869,1.17015005204386,0.271391979495859,1.07286376482578,5.12238796292442,0.968850698174006,28,"very_hard",5,5,25,2,4,5,5,25,4,4,1,9,0.36,FALSE,FALSE,TRUE,5.68039554028269,-0.558007577358275
916,"-2:-2|-1:-1|0:2|2:0",4,TRUE,2,2,0,"mixed",2.06066017177982,2.82842712474619,2.5,4,2,2.14295532842377,3,4,2,25,0,TRUE,25,33554432,0,1,25,25,0.833333333333333,2,0.583333333333333,0.25,0.800640769025436,8.33333333333333,6,10,1.60128153805087,10,10,10,0,8.33333333333333,6,10,1.60128153805087,0,2.14295532842377,2.82842712474619,0.480442458550402,"F4_R25",1.23436302722325,1.75502188559869,1.17015005204386,-3.68075372191259,1.07286376482578,1.55164500777899,0.692803437164339,286,"hard",5,5,25,2,4,5,5,25,2,4,1,7,0.28,FALSE,FALSE,TRUE,2.11818229817445,-0.566537290395463
623,"-2:-1|0:-2|1:0|2:-2",4,TRUE,2,1,1,"mixed",2.01612377556149,2.82842712474619,2.5,4,2,2.04229805746182,3,8,1,25,0,TRUE,25,33554432,0,1,25,25,0.833333333333333,2,0.75,0.0833333333333333,0.553694392684741,8.33333333333333,6,10,1.10738878536948,9,8,10,1.01015254455221,8.33333333333333,6,10,1.10738878536948,0,2.04229805746182,2.82842712474619,0.504445398969847,"F4_R25",0.586260271408802,0.706508810356395,-1.2876990647278,0.271391979495859,1.07286376482578,1.34932576135904,0.655209452201933,320,"hard",3,5,15,2,4,3,5,15,3,4,1,8,0.533333333333333,FALSE,FALSE,TRUE,1.91879837050151,-0.56947260914247
1284,"-1:-1|-1:2|1:-2|1:2",4,TRUE,0,1,3,"off_axis",2.03060437371812,2.23606797749979,2.75,3,2,2.04229805746182,3,8,1,25,0,TRUE,25,33554432,0,1,25,25,0.833333333333333,2,0.75,0.0833333333333333,0.553694392684741,8.33333333333333,6,10,1.10738878536948,9,8,10,1.01015254455221,8.33333333333333,6,10,1.10738878536948,0,2.04229805746182,2.82842712474619,0.504445398969847,"F4_R25",0.586260271408802,0.706508810356395,-1.2876990647278,0.271391979495859,1.07286376482578,1.34932576135904,0.655209452201933,320,"hard",5,3,15,2,3,5,3,15,3,4,1,8,0.533333333333333,FALSE,FALSE,TRUE,1.91879837050151,-0.56947260914247
1165,"-1:-2|0:-1|2:-1|2:0",4,TRUE,2,0,2,"mixed",1.86803398874989,2.23606797749979,2.25,3,2,1.91869125971184,2,8,1,25,0,TRUE,25,33554432,0,1,25,25,0.833333333333333,2,0.583333333333333,0.25,0.800640769025436,8.33333333333333,6,10,1.60128153805087,8,6,10,2.02030508910442,8.33333333333333,6,10,1.60128153805087,0,1.91869125971184,2.82842712474619,0.595001260414515,"F4_R25",-0.209607781575099,-0.342004264885899,1.17015005204386,0.271391979495859,-0.134755835195509,0.755174149883212,0.588614393125671,382,"medium",3,4,12,2,3,3,4,12,3,4,1,8,0.666666666666667,FALSE,FALSE,TRUE,1.32465120588339,-0.569477056000179
1534,"-1:-2|0:1|1:-1|2:0",4,TRUE,2,1,1,"mixed",1.66257038496822,2.23606797749979,2,3,2,1.98371941369913,2,8,1,25,0,TRUE,25,33554432,0,1,25,25,0.833333333333333,2,0.75,0.0833333333333333,0.553694392684741,8.33333333333333,6,10,1.10738878536948,9,8,10,1.01015254455221,8.33333333333333,6,10,1.10738878536948,0,1.98371941369913,2.82842712474619,0.542481221091435,"F4_R25",0.209089500816147,0.706508810356395,-1.2876990647278,0.271391979495859,-0.134755835195509,-0.235464609254908,0.456498388829216,505,"medium",4,4,16,2,3,4,4,16,2,4,1,7,0.4375,FALSE,FALSE,TRUE,0.335740804320094,-0.571205413575002
1042,"-1:-1|-1:0|1:-2|2:2",4,TRUE,1,2,1,"mixed",1.86967716615477,2.82842712474619,2.5,4,2,2.06142715787305,2,8,1,25,0,TRUE,25,33554432,0,1,25,25,0.833333333333333,2,0.666666666666667,0.166666666666667,0.688332449299089,8.33333333333333,6,10,1.37666489859818,8,8,8,0,8.33333333333333,6,10,1.37666489859818,0,2.06142715787305,2.82842712474619,0.782104051605118,"F4_R25",0.709426959461129,-0.342004264885899,0.0523490600394965,0.271391979495859,-0.134755835195509,0.556407898915077,0.573576799140709,398,"medium",5,4,20,2,4,5,4,20,2,4,1,7,0.35,FALSE,FALSE,TRUE,1.12793702381092,-0.571529124895841
1389,"-1:-2|-1:-1|-1:0|0:2",4,TRUE,2,1,1,"mixed",1.66257038496822,2.23606797749979,2,3,2,1.65366310572456,1,8,1,25,0,TRUE,25,33554432,0,1,25,25,0.833333333333333,2,0.583333333333333,0.25,0.800640769025436,8.33333333333333,6,10,1.60128153805087,7,6,8,1.01015254455221,8.33333333333333,6,10,1.60128153805087,0,1.65366310572456,2.23606797749979,0.543035023185446,"F4_R25",-1.9160466242545,-1.39051734012819,1.17015005204386,0.271391979495859,-1.3423754352168,-3.20739736805977,0.165950590762621,773,"very_easy",5,2,10,2,3,5,2,10,1,4,1,6,0.6,FALSE,FALSE,TRUE,-2.63366014597026,-0.57373722208951
1617,"-1:-2|-1:0|0:1|0:2",4,TRUE,3,0,1,"mixed",1.55901699437495,2.23606797749979,1.75,3,2,1.65366310572456,1,8,1,25,0,TRUE,25,33554432,0,1,25,25,0.833333333333333,2,0.583333333333333,0.25,0.800640769025436,8.33333333333333,6,10,1.60128153805087,7,6,8,1.01015254455221,8.33333333333333,6,10,1.60128153805087,0,1.65366310572456,2.23606797749979,0.543035023185446,"F4_R25",-1.9160466242545,-1.39051734012819,1.17015005204386,0.271391979495859,-1.3423754352168,-3.20739736805977,0.165950590762621,773,"very_easy",5,2,10,2,3,5,2,10,1,4,1,6,0.6,FALSE,FALSE,TRUE,-2.63366014597026,-0.57373722208951
489,"-1:0|0:-2|1:2|2:2",4,TRUE,2,1,1,"mixed",2.01612377556149,2.82842712474619,2.5,4,2,2.0607698869111,2,8,1,25,0,TRUE,25,33554432,0,1,25,25,0.833333333333333,2,0.666666666666667,0.166666666666667,0.688332449299089,8.33333333333333,6,10,1.37666489859818,8,6,10,2.02030508910442,8.33333333333333,6,10,1.37666489859818,0,2.0607698869111,2.82842712474619,0.709637993158325,"F4_R25",0.705194983790766,-0.342004264885899,0.0523490600394965,0.271391979495859,-0.134755835195509,0.552175923244714,0.570354457572503,399,"medium",5,4,20,2,4,5,4,20,2,4,1,7,0.35,FALSE,FALSE,TRUE,1.12793702381092,-0.575761100566204
1155,"-2:-1|-2:0|0:-2|0:2",4,TRUE,3,0,1,"mixed",2.05901699437495,2.23606797749979,2.25,3,2,2.09574173292382,3,8,1,25,0,TRUE,25,33554432,0,1,25,25,0.833333333333333,2,0.583333333333333,0.25,0.800640769025436,8.33333333333333,6,10,1.60128153805087,8,6,10,2.02030508910442,8.33333333333333,6,10,1.60128153805087,0,2.09574173292382,2.82842712474619,0.673190239647906,"F4_R25",0.930368481543597,-0.342004264885899,1.17015005204386,0.271391979495859,1.07286376482578,3.1027700130232,0.849087003222342,137,"very_hard",5,3,15,2,3,5,3,15,4,4,1,9,0.6,FALSE,FALSE,TRUE,3.69990499155563,-0.59713497853243
696,"-2:-2|-1:0|2:0|2:2",4,TRUE,2,2,0,"mixed",2.16421356237309,2.82842712474619,2.75,4,2,2.13716308916112,3,8,1,25,0,TRUE,25,33554432,0,1,25,25,0.833333333333333,2,0.666666666666667,0.166666666666667,0.688332449299089,8.33333333333333,6,10,1.37666489859818,9,8,10,1.01015254455221,8.33333333333333,6,10,1.37666489859818,0,2.13716308916112,2.82842712474619,0.607850429635522,"F4_R25",1.19706849109502,0.706508810356395,0.0523490600394965,0.271391979495859,1.07286376482578,3.30018210581255,0.864661654135338,125,"very_hard",5,5,25,2,4,5,5,25,3,4,1,8,0.32,FALSE,FALSE,TRUE,3.89928891922857,-0.599106813416018
765,"-1:0|1:-2|2:-1|2:2",4,TRUE,1,1,2,"mixed",2.07514076993644,2.82842712474619,2.75,4,2,2.10219124314841,2,8,1,25,0,TRUE,25,33554432,0,1,25,25,0.833333333333333,2,0.75,0.0833333333333333,0.553694392684741,8.33333333333333,6,10,1.10738878536948,9,8,10,1.01015254455221,8.33333333333333,6,10,1.10738878536948,0,2.10219124314841,2.82842712474619,0.650463063457386,"F4_R25",0.971894993342186,0.706508810356395,-1.2876990647278,0.271391979495859,-0.134755835195509,0.52734088327113,0.564983888292159,404,"medium",5,4,20,2,4,5,4,20,2,4,1,7,0.35,FALSE,FALSE,TRUE,1.12793702381092,-0.600596140539788
496,"-1:-2|0:-2|2:1|2:2",4,TRUE,1,1,2,"mixed",2.32514076993644,2.82842712474619,3,4,2,2.14295532842377,3,8,1,25,0,TRUE,25,33554432,0,1,25,25,0.833333333333333,2,0.666666666666667,0.166666666666667,0.688332449299089,8.33333333333333,6,10,1.37666489859818,8,8,8,0,8.33333333333333,6,10,1.37666489859818,0,2.14295532842377,2.82842712474619,0.67308779382795,"F4_R25",1.23436302722325,-0.342004264885899,0.0523490600394965,0.271391979495859,1.07286376482578,2.28896356669849,0.767991407089151,215,"hard",5,4,20,2,4,5,4,20,3,4,1,8,0.4,FALSE,FALSE,TRUE,2.90904364486504,-0.620080078166554
779,"-1:-2|1:0|2:-2|2:2",4,TRUE,1,2,1,"mixed",2.22323055674804,2.82842712474619,3,4,2,2.14295532842377,3,8,1,25,0,TRUE,25,33554432,0,1,25,25,0.833333333333333,2,0.666666666666667,0.166666666666667,0.688332449299089,8.33333333333333,6,10,1.37666489859818,8,8,8,0,8.33333333333333,6,10,1.37666489859818,0,2.14295532842377,2.82842712474619,0.67308779382795,"F4_R25",1.23436302722325,-0.342004264885899,0.0523490600394965,0.271391979495859,1.07286376482578,2.28896356669849,0.767991407089151,215,"hard",5,4,20,2,4,5,4,20,3,4,1,8,0.4,FALSE,FALSE,TRUE,2.90904364486504,-0.620080078166554
782,"-1:-2|-1:2|1:0|2:-2",4,TRUE,1,1,2,"mixed",2.07514076993644,2.82842712474619,2.75,4,2,2.14295532842377,3,8,1,25,0,TRUE,25,33554432,0,1,25,25,0.833333333333333,2,0.666666666666667,0.166666666666667,0.688332449299089,8.33333333333333,6,10,1.37666489859818,8,8,8,0,8.33333333333333,6,10,1.37666489859818,0,2.14295532842377,2.82842712474619,0.67308779382795,"F4_R25",1.23436302722325,-0.342004264885899,0.0523490600394965,0.271391979495859,1.07286376482578,2.28896356669849,0.767991407089151,215,"hard",5,4,20,2,4,5,4,20,3,4,1,8,0.4,FALSE,FALSE,TRUE,2.90904364486504,-0.620080078166554
1133,"-1:-1|0:-2|1:-2|2:1",4,TRUE,1,1,2,"mixed",1.97158737934317,2.23606797749979,2.5,3,2,2.04295532842377,2,8,1,25,0,TRUE,25,33554432,0,1,25,25,0.833333333333333,2,0.666666666666667,0.166666666666667,0.688332449299089,8.33333333333333,6,10,1.37666489859818,9,8,10,1.01015254455221,8.33333333333333,6,10,1.37666489859818,0,2.04295532842377,2.82842712474619,0.60215679580886,"F4_R25",0.590492247079168,0.706508810356395,0.0523490600394965,0.271391979495859,-0.134755835195509,1.48598626177541,0.672395273899033,294,"hard",4,4,16,2,3,4,4,16,3,4,1,8,0.5,FALSE,FALSE,TRUE,2.11684742537422,-0.630861163598805
1137,"-1:-2|0:-2|1:-1|2:1",4,TRUE,1,1,2,"mixed",1.97158737934317,2.23606797749979,2.5,3,2,2.04295532842377,2,8,1,25,0,TRUE,25,33554432,0,1,25,25,0.833333333333333,2,0.666666666666667,0.166666666666667,0.688332449299089,8.33333333333333,6,10,1.37666489859818,9,8,10,1.01015254455221,8.33333333333333,6,10,1.37666489859818,0,2.04295532842377,2.82842712474619,0.60215679580886,"F4_R25",0.590492247079168,0.706508810356395,0.0523490600394965,0.271391979495859,-0.134755835195509,1.48598626177541,0.672395273899033,294,"hard",4,4,16,2,3,4,4,16,3,4,1,8,0.5,FALSE,FALSE,TRUE,2.11684742537422,-0.630861163598805
1249,"-1:-2|0:-1|1:-2|2:1",4,TRUE,1,0,3,"mixed",1.92705098312484,2.23606797749979,2.5,3,2,2.04295532842377,2,8,1,25,0,TRUE,25,33554432,0,1,25,25,0.833333333333333,2,0.666666666666667,0.166666666666667,0.688332449299089,8.33333333333333,6,10,1.37666489859818,9,8,10,1.01015254455221,8.33333333333333,6,10,1.37666489859818,0,2.04295532842377,2.82842712474619,0.60215679580886,"F4_R25",0.590492247079168,0.706508810356395,0.0523490600394965,0.271391979495859,-0.134755835195509,1.48598626177541,0.672395273899033,294,"hard",4,4,16,2,3,4,4,16,3,4,1,8,0.5,FALSE,FALSE,TRUE,2.11684742537422,-0.630861163598805
847,"-2:-2|-1:-1|0:2|2:-2",4,TRUE,1,3,0,"mixed",2.26776695296637,2.82842712474619,3,4,2,2.04295532842377,2,8,1,25,0,TRUE,25,33554432,0,1,25,25,0.833333333333333,2,0.666666666666667,0.166666666666667,0.688332449299089,8.33333333333333,6,10,1.37666489859818,9,8,10,1.01015254455221,8.33333333333333,6,10,1.37666489859818,0,2.04295532842377,2.82842712474619,0.60215679580886,"F4_R25",0.590492247079168,0.706508810356395,0.0523490600394965,0.271391979495859,-0.134755835195509,1.48598626177541,0.672395273899033,294,"hard",5,5,25,2,4,5,5,25,2,4,1,7,0.28,FALSE,FALSE,TRUE,2.11818229817445,-0.632196036399038
1065,"-2:-1|-1:-2|-1:0|2:2",4,TRUE,1,1,2,"mixed",2.07514076993644,2.82842712474619,2.75,4,2,2.04295532842377,2,8,1,25,0,TRUE,25,33554432,0,1,25,25,0.833333333333333,2,0.666666666666667,0.166666666666667,0.688332449299089,8.33333333333333,6,10,1.37666489859818,9,8,10,1.01015254455221,8.33333333333333,6,10,1.37666489859818,0,2.04295532842377,2.82842712474619,0.60215679580886,"F4_R25",0.590492247079168,0.706508810356395,0.0523490600394965,0.271391979495859,-0.134755835195509,1.48598626177541,0.672395273899033,294,"hard",5,5,25,2,4,5,5,25,2,4,1,7,0.28,FALSE,FALSE,TRUE,2.11818229817445,-0.632196036399038
1069,"-2:-1|-1:-1|0:-2|2:2",4,TRUE,1,2,1,"mixed",2.11967716615477,2.82842712474619,2.75,4,2,2.04295532842377,2,8,1,25,0,TRUE,25,33554432,0,1,25,25,0.833333333333333,2,0.666666666666667,0.166666666666667,0.688332449299089,8.33333333333333,6,10,1.37666489859818,9,8,10,1.01015254455221,8.33333333333333,6,10,1.37666489859818,0,2.04295532842377,2.82842712474619,0.60215679580886,"F4_R25",0.590492247079168,0.706508810356395,0.0523490600394965,0.271391979495859,-0.134755835195509,1.48598626177541,0.672395273899033,294,"hard",5,5,25,2,4,5,5,25,2,4,1,7,0.28,FALSE,FALSE,TRUE,2.11818229817445,-0.632196036399038
1176,"-1:-2|0:-2|0:1|1:0",4,TRUE,3,0,1,"mixed",1.55901699437495,2.23606797749979,1.75,3,2,1.79508446196187,2,8,1,25,0,TRUE,25,33554432,0,1,25,25,0.833333333333333,2,0.583333333333333,0.25,0.800640769025436,8.33333333333333,6,10,1.60128153805087,7,6,8,1.01015254455221,8.33333333333333,6,10,1.60128153805087,0,1.79508446196187,2.82842712474619,0.647792640367682,"F4_R25",-1.005475834559,-1.39051734012819,1.17015005204386,0.271391979495859,-0.134755835195509,-1.08920697834298,0.361976369495166,593,"easy",4,3,12,2,3,4,3,12,2,4,1,7,0.583333333333333,FALSE,FALSE,TRUE,-0.45645541517073,-0.632751563172252
1203,"-1:-1|-1:0|2:0|2:1",4,TRUE,2,1,1,"mixed",1.66257038496822,2.23606797749979,2,3,2,1.79508446196187,2,8,1,25,0,TRUE,25,33554432,0,1,25,25,0.833333333333333,2,0.583333333333333,0.25,0.800640769025436,8.33333333333333,6,10,1.60128153805087,7,6,8,1.01015254455221,8.33333333333333,6,10,1.60128153805087,0,1.79508446196187,2.82842712474619,0.647792640367682,"F4_R25",-1.005475834559,-1.39051734012819,1.17015005204386,0.271391979495859,-0.134755835195509,-1.08920697834298,0.361976369495166,593,"easy",3,4,12,2,3,3,4,12,2,4,1,7,0.583333333333333,FALSE,FALSE,TRUE,-0.45645541517073,-0.632751563172252
1054,"-1:0|0:-2|0:-1|2:2",4,TRUE,3,1,0,"mixed",1.70710678118655,2.82842712474619,2,4,2,1.93716308916112,2,8,1,25,0,TRUE,25,33554432,0,1,25,25,0.833333333333333,2,0.666666666666667,0.166666666666667,0.688332449299089,8.33333333333333,6,10,1.37666489859818,7,6,8,1.01015254455221,8.33333333333333,6,10,1.37666489859818,0,1.93716308916112,2.82842712474619,0.779885437449864,"F4_R25",-0.0906730691931347,-1.39051734012819,0.0523490600394965,0.271391979495859,-0.134755835195509,-1.29220520498148,0.329752953813104,623,"easy",5,4,20,2,4,5,4,20,1,4,1,6,0.3,FALSE,FALSE,TRUE,-0.653169597243203,-0.639035607738278
1063,"-1:-2|-1:-1|-1:0|2:2",4,TRUE,1,2,1,"mixed",1.86967716615477,2.82842712474619,2.5,4,2,1.93716308916112,2,8,1,25,0,TRUE,25,33554432,0,1,25,25,0.833333333333333,2,0.666666666666667,0.166666666666667,0.688332449299089,8.33333333333333,6,10,1.37666489859818,7,6,8,1.01015254455221,8.33333333333333,6,10,1.37666489859818,0,1.93716308916112,2.82842712474619,0.779885437449864,"F4_R25",-0.0906730691931347,-1.39051734012819,0.0523490600394965,0.271391979495859,-0.134755835195509,-1.29220520498148,0.329752953813104,623,"easy",5,4,20,2,4,5,4,20,1,4,1,6,0.3,FALSE,FALSE,TRUE,-0.653169597243203,-0.639035607738278
1231,"-1:-2|0:2|1:-2|2:-1",4,TRUE,1,0,3,"mixed",2.17705098312484,2.23606797749979,2.75,3,2,2.00153397218646,2,8,1,25,0,TRUE,25,33554432,0,1,25,25,0.833333333333333,2,0.666666666666667,0.166666666666667,0.688332449299089,8.33333333333333,6,10,1.37666489859818,10,10,10,0,8.33333333333333,6,10,1.37666489859818,0,2.00153397218646,2.82842712474619,0.464114160026601,"F4_R25",0.323792237527746,1.75502188559869,0.0523490600394965,0.271391979495859,-0.134755835195509,2.26779932746628,0.762620837808808,220,"hard",5,4,20,2,3,5,4,20,3,4,1,8,0.4,FALSE,FALSE,TRUE,2.90904364486504,-0.641244317398757
1554,"-1:-1|0:-2|1:2|2:-1",4,TRUE,1,1,2,"mixed",1.97158737934317,2.23606797749979,2.5,3,2,2.00153397218646,2,8,1,25,0,TRUE,25,33554432,0,1,25,25,0.833333333333333,2,0.666666666666667,0.166666666666667,0.688332449299089,8.33333333333333,6,10,1.37666489859818,10,10,10,0,8.33333333333333,6,10,1.37666489859818,0,2.00153397218646,2.82842712474619,0.464114160026601,"F4_R25",0.323792237527746,1.75502188559869,0.0523490600394965,0.271391979495859,-0.134755835195509,2.26779932746628,0.762620837808808,220,"hard",5,4,20,2,3,5,4,20,3,4,1,8,0.4,FALSE,FALSE,TRUE,2.90904364486504,-0.641244317398757
669,"-2:-2|-2:0|0:2|2:-2",4,TRUE,2,2,0,"mixed",2.41421356237309,2.82842712474619,3,4,2,2.21934853067379,4,8,1,25,0,TRUE,25,33554432,0,1,25,25,0.833333333333333,2,0.666666666666667,0.166666666666667,0.688332449299089,8.33333333333333,6,10,1.37666489859818,9,8,10,1.01015254455221,8.33333333333333,6,10,1.37666489859818,0,2.21934853067379,2.82842712474619,0.552260103168055,"F4_R25",1.7262365345275,0.706508810356395,0.0523490600394965,0.271391979495859,2.28048336484708,5.03696974926632,0.963480128893663,33,"very_hard",5,5,25,2,4,5,5,25,4,4,1,9,0.36,FALSE,FALSE,TRUE,5.68039554028269,-0.643425791016369
556,"-1:-2|0:-2|0:1|2:-2",4,TRUE,2,1,1,"mixed",2.01612377556149,2.82842712474619,2.5,4,2,2.0128990204492,3,8,1,25,0,TRUE,25,33554432,0,1,25,25,0.833333333333333,2,0.666666666666667,0.166666666666667,0.688332449299089,8.33333333333333,6,10,1.37666489859818,8,8,8,0,8.33333333333333,6,10,1.37666489859818,0,2.0128990204492,2.82842712474619,0.622037452851217,"F4_R25",0.396968462440753,-0.342004264885899,0.0523490600394965,0.271391979495859,1.07286376482578,1.45156900191599,0.65843179377014,319,"hard",4,4,16,2,4,4,4,16,3,4,1,8,0.5,FALSE,FALSE,TRUE,2.11684742537422,-0.665278423458223
1560,"-1:-2|-1:0|0:1|2:-1",4,TRUE,2,0,2,"mixed",1.61803398874989,2.23606797749979,2,3,2,1.94229805746182,3,8,1,25,0,TRUE,25,33554432,0,1,25,25,0.833333333333333,2,0.75,0.0833333333333333,0.553694392684741,8.33333333333333,6,10,1.10738878536948,8,8,8,0,8.33333333333333,6,10,1.10738878536948,0,1.94229805746182,2.82842712474619,0.603212009882676,"F4_R25",-0.0576105087352749,-0.342004264885899,-1.2876990647278,0.271391979495859,1.07286376482578,-0.343058094027333,0.445757250268528,515,"medium",4,4,16,2,3,4,4,16,2,4,1,7,0.4375,FALSE,FALSE,TRUE,0.335740804320094,-0.678798898347427
1594,"-1:-1|-1:0|0:2|2:1",4,TRUE,2,1,1,"mixed",1.66257038496822,2.23606797749979,2,3,2,1.94229805746182,3,8,1,25,0,TRUE,25,33554432,0,1,25,25,0.833333333333333,2,0.75,0.0833333333333333,0.553694392684741,8.33333333333333,6,10,1.10738878536948,8,8,8,0,8.33333333333333,6,10,1.10738878536948,0,1.94229805746182,2.82842712474619,0.603212009882676,"F4_R25",-0.0576105087352749,-0.342004264885899,-1.2876990647278,0.271391979495859,1.07286376482578,-0.343058094027333,0.445757250268528,515,"medium",4,4,16,2,3,4,4,16,2,4,1,7,0.4375,FALSE,FALSE,TRUE,0.335740804320094,-0.678798898347427
742,"-1:-2|0:-1|1:2|2:-2",4,TRUE,1,1,2,"mixed",2.07514076993644,2.82842712474619,2.75,4,2,1.98371941369913,2,8,1,25,0,TRUE,25,33554432,0,1,25,25,0.833333333333333,2,0.583333333333333,0.25,0.800640769025436,8.33333333333333,6,10,1.60128153805087,9,8,10,1.01015254455221,8.33333333333333,6,10,1.60128153805087,0,1.98371941369913,2.82842712474619,0.542481221091435,"F4_R25",0.209089500816147,0.706508810356395,1.17015005204386,0.271391979495859,-0.134755835195509,2.22238450751675,0.754564983888292,225,"hard",5,4,20,2,4,5,4,20,3,4,1,8,0.4,FALSE,FALSE,TRUE,2.90904364486504,-0.686659137348287
1098,"-1:-2|0:2|1:2|2:1",4,TRUE,1,0,3,"mixed",2.17705098312484,2.23606797749979,2.75,3,2,1.98371941369913,2,8,1,25,0,TRUE,25,33554432,0,1,25,25,0.833333333333333,2,0.583333333333333,0.25,0.800640769025436,8.33333333333333,6,10,1.60128153805087,9,8,10,1.01015254455221,8.33333333333333,6,10,1.60128153805087,0,1.98371941369913,2.82842712474619,0.542481221091435,"F4_R25",0.209089500816147,0.706508810356395,1.17015005204386,0.271391979495859,-0.134755835195509,2.22238450751675,0.754564983888292,225,"hard",5,4,20,2,3,5,4,20,3,4,1,8,0.4,FALSE,FALSE,TRUE,2.90904364486504,-0.686659137348287
1446,"-1:-2|0:-1|0:1|2:-1",4,TRUE,2,0,2,"mixed",1.61803398874989,2.23606797749979,2,3,2,1.91869125971184,2,8,1,25,0,TRUE,25,33554432,0,1,25,25,0.833333333333333,2,0.666666666666667,0.166666666666667,0.688332449299089,8.33333333333333,6,10,1.37666489859818,8,6,10,2.02030508910442,8.33333333333333,6,10,1.37666489859818,0,1.91869125971184,2.82842712474619,0.595001260414515,"F4_R25",-0.209607781575099,-0.342004264885899,0.0523490600394965,0.271391979495859,-0.134755835195509,-0.362626842121151,0.437701396348013,520,"medium",4,4,16,2,3,4,4,16,2,4,1,7,0.4375,FALSE,FALSE,TRUE,0.335740804320094,-0.698367646441245
1463,"-1:-1|-1:0|-1:2|0:1",4,TRUE,2,1,1,"mixed",1.41257038496822,2.23606797749979,1.75,3,2,1.57147766421189,1,8,1,25,0,TRUE,25,33554432,0,1,25,25,0.833333333333333,2,0.583333333333333,0.25,0.800640769025436,8.33333333333333,6,10,1.60128153805087,7,6,8,1.01015254455221,8.33333333333333,6,10,1.60128153805087,0,1.57147766421189,2.23606797749979,0.506028052453785,"F4_R25",-2.44521466768698,-1.39051734012819,1.17015005204386,0.271391979495859,-1.3423754352168,-3.73656541149225,0.101503759398496,833,"very_easy",4,2,8,2,3,4,2,8,1,4,1,6,0.75,FALSE,FALSE,TRUE,-3.02975825571568,-0.706807155776576
1464,"-1:-2|-1:0|0:-1|0:1",4,TRUE,3,0,1,"mixed",1.30901699437495,2.23606797749979,1.5,3,2,1.57147766421189,1,8,1,25,0,TRUE,25,33554432,0,1,25,25,0.833333333333333,2,0.583333333333333,0.25,0.800640769025436,8.33333333333333,6,10,1.60128153805087,7,6,8,1.01015254455221,8.33333333333333,6,10,1.60128153805087,0,1.57147766421189,2.23606797749979,0.506028052453785,"F4_R25",-2.44521466768698,-1.39051734012819,1.17015005204386,0.271391979495859,-1.3423754352168,-3.73656541149225,0.101503759398496,833,"very_easy",4,2,8,2,3,4,2,8,1,4,1,6,0.75,FALSE,FALSE,TRUE,-3.02975825571568,-0.706807155776576
1659,"-1:-1|-1:0|-1:1|0:-2",4,TRUE,2,2,0,"mixed",1.45710678118655,2,1.75,2,2,1.57147766421189,1,8,1,25,0,TRUE,25,33554432,0,1,25,25,0.833333333333333,2,0.583333333333333,0.25,0.800640769025436,8.33333333333333,6,10,1.60128153805087,7,6,8,1.01015254455221,8.33333333333333,6,10,1.60128153805087,0,1.57147766421189,2.23606797749979,0.506028052453785,"F4_R25",-2.44521466768698,-1.39051734012819,1.17015005204386,0.271391979495859,-1.3423754352168,-3.73656541149225,0.101503759398496,833,"very_easy",4,2,8,2,2,4,2,8,1,4,1,6,0.75,FALSE,FALSE,TRUE,-3.02975825571568,-0.706807155776576
1660,"-1:-1|-1:0|0:-2|0:1",4,TRUE,3,1,0,"mixed",1.35355339059327,2,1.5,2,2,1.57147766421189,1,8,1,25,0,TRUE,25,33554432,0,1,25,25,0.833333333333333,2,0.583333333333333,0.25,0.800640769025436,8.33333333333333,6,10,1.60128153805087,7,6,8,1.01015254455221,8.33333333333333,6,10,1.60128153805087,0,1.57147766421189,2.23606797749979,0.506028052453785,"F4_R25",-2.44521466768698,-1.39051734012819,1.17015005204386,0.271391979495859,-1.3423754352168,-3.73656541149225,0.101503759398496,833,"very_easy",4,2,8,2,2,4,2,8,1,4,1,6,0.75,FALSE,FALSE,TRUE,-3.02975825571568,-0.706807155776576
1100,"-1:-1|0:-2|1:-2|1:-1",4,TRUE,1,2,1,"mixed",1.76612377556149,2.23606797749979,2.25,3,2,1.6128990204492,1,8,1,25,0,TRUE,25,33554432,0,1,25,25,0.833333333333333,2,0.666666666666667,0.166666666666667,0.688332449299089,8.33333333333333,6,10,1.37666489859818,8,8,8,0,8.33333333333333,6,10,1.37666489859818,0,1.6128990204492,2.23606797749979,0.469700554530962,"F4_R25",-2.17851465813555,-0.342004264885899,0.0523490600394965,0.271391979495859,-1.3423754352168,-3.5391533187029,0.12406015037594,816,"very_easy",3,3,9,2,3,3,3,9,1,4,1,6,0.666666666666667,FALSE,FALSE,TRUE,-2.83170920084297,-0.70744411785993
1650,"-1:-1|-1:0|0:-2|1:-1",4,TRUE,2,2,0,"mixed",1.45710678118655,2,1.75,2,2,1.6128990204492,1,8,1,25,0,TRUE,25,33554432,0,1,25,25,0.833333333333333,2,0.666666666666667,0.166666666666667,0.688332449299089,8.33333333333333,6,10,1.37666489859818,8,8,8,0,8.33333333333333,6,10,1.37666489859818,0,1.6128990204492,2.23606797749979,0.469700554530962,"F4_R25",-2.17851465813555,-0.342004264885899,0.0523490600394965,0.271391979495859,-1.3423754352168,-3.5391533187029,0.12406015037594,816,"very_easy",3,3,9,2,2,3,3,9,1,4,1,6,0.666666666666667,FALSE,FALSE,TRUE,-2.83170920084297,-0.70744411785993
1085,"-1:-1|0:-2|1:-2|2:-1",4,TRUE,1,1,2,"mixed",1.97158737934317,2.23606797749979,2.5,3,2,1.81869125971184,1,8,1,25,0,TRUE,25,33554432,0,1,25,25,0.833333333333333,2,0.666666666666667,0.166666666666667,0.688332449299089,8.33333333333333,6,10,1.37666489859818,9,8,10,1.01015254455221,8.33333333333333,6,10,1.37666489859818,0,1.81869125971184,2.23606797749979,0.46231555102518,"F4_R25",-0.853478561719174,0.706508810356395,0.0523490600394965,0.271391979495859,-1.3423754352168,-1.16560414704422,0.345864661654135,608,"easy",3,4,12,2,3,3,4,12,2,4,1,7,0.583333333333333,FALSE,FALSE,TRUE,-0.45645541517073,-0.709148731873494
1454,"-1:-1|0:-2|1:0|2:-1",4,TRUE,2,1,1,"mixed",1.66257038496822,2.23606797749979,2,3,2,1.81869125971184,1,8,1,25,0,TRUE,25,33554432,0,1,25,25,0.833333333333333,2,0.666666666666667,0.166666666666667,0.688332449299089,8.33333333333333,6,10,1.37666489859818,9,8,10,1.01015254455221,8.33333333333333,6,10,1.37666489859818,0,1.81869125971184,2.23606797749979,0.46231555102518,"F4_R25",-0.853478561719174,0.706508810356395,0.0523490600394965,0.271391979495859,-1.3423754352168,-1.16560414704422,0.345864661654135,608,"easy",3,4,12,2,3,3,4,12,2,4,1,7,0.583333333333333,FALSE,FALSE,TRUE,-0.45645541517073,-0.709148731873494
417,"-1:-2|1:0|2:-2|2:-1",4,TRUE,1,1,2,"mixed",2.07514076993644,2.82842712474619,2.75,4,2,2.00153397218646,2,8,1,25,0,TRUE,25,33554432,0,1,25,25,0.833333333333333,2,0.75,0.0833333333333333,0.553694392684741,8.33333333333333,6,10,1.10738878536948,8,8,8,0,8.33333333333333,6,10,1.10738878536948,0,2.00153397218646,2.82842712474619,0.661531689157382,"F4_R25",0.323792237527746,-0.342004264885899,-1.2876990647278,0.271391979495859,-0.134755835195509,-1.1692749477856,0.340494092373792,613,"easy",3,4,12,2,4,3,4,12,2,4,1,7,0.583333333333333,FALSE,FALSE,TRUE,-0.45645541517073,-0.712819532614874
594,"-2:-2|-1:0|0:-2|0:-1",4,TRUE,3,1,0,"mixed",1.70710678118655,2.82842712474619,2,4,2,1.79508446196187,2,8,1,25,0,TRUE,25,33554432,0,1,25,25,0.833333333333333,2,0.75,0.0833333333333333,0.553694392684741,8.33333333333333,6,10,1.10738878536948,7,6,8,1.01015254455221,8.33333333333333,6,10,1.10738878536948,0,1.79508446196187,2.82842712474619,0.647792640367682,"F4_R25",-1.005475834559,-1.39051734012819,-1.2876990647278,0.271391979495859,-0.134755835195509,-3.54705609511464,0.114930182599356,823,"very_easy",3,3,9,2,4,3,3,9,1,4,1,6,0.666666666666667,FALSE,FALSE,TRUE,-2.83170920084297,-0.715346894271674
1236,"-1:-2|-1:-1|-1:0|1:-2",4,TRUE,1,1,2,"mixed",1.72158737934317,2.23606797749979,2.25,3,2,1.79508446196187,2,8,1,25,0,TRUE,25,33554432,0,1,25,25,0.833333333333333,2,0.75,0.0833333333333333,0.553694392684741,8.33333333333333,6,10,1.10738878536948,7,6,8,1.01015254455221,8.33333333333333,6,10,1.10738878536948,0,1.79508446196187,2.82842712474619,0.647792640367682,"F4_R25",-1.005475834559,-1.39051734012819,-1.2876990647278,0.271391979495859,-0.134755835195509,-3.54705609511464,0.114930182599356,823,"very_easy",3,3,9,2,3,3,3,9,1,4,1,6,0.666666666666667,FALSE,FALSE,TRUE,-2.83170920084297,-0.715346894271674
1515,"-1:-1|-1:0|1:-2|1:0",4,TRUE,2,1,1,"mixed",1.41257038496822,2.23606797749979,1.75,3,2,1.79508446196187,2,8,1,25,0,TRUE,25,33554432,0,1,25,25,0.833333333333333,2,0.75,0.0833333333333333,0.553694392684741,8.33333333333333,6,10,1.10738878536948,7,6,8,1.01015254455221,8.33333333333333,6,10,1.10738878536948,0,1.79508446196187,2.82842712474619,0.647792640367682,"F4_R25",-1.005475834559,-1.39051734012819,-1.2876990647278,0.271391979495859,-0.134755835195509,-3.54705609511464,0.114930182599356,823,"very_easy",3,3,9,2,3,3,3,9,1,4,1,6,0.666666666666667,FALSE,FALSE,TRUE,-2.83170920084297,-0.715346894271674
1079,"-1:-1|-1:2|0:2|1:2",4,TRUE,1,1,2,"mixed",1.97158737934317,2.23606797749979,2.5,3,2,1.89508446196187,2,8,1,25,0,TRUE,25,33554432,0,1,25,25,0.833333333333333,2,0.583333333333333,0.25,0.800640769025436,8.33333333333333,6,10,1.60128153805087,8,6,10,2.02030508910442,8.33333333333333,6,10,1.60128153805087,0,1.89508446196187,2.82842712474619,0.585619218368906,"F4_R25",-0.361605054414923,-0.342004264885899,1.17015005204386,0.271391979495859,-0.134755835195509,0.603176877043388,0.576799140708915,393,"medium",4,3,12,2,3,4,3,12,3,4,1,8,0.666666666666667,FALSE,FALSE,TRUE,1.32465120588339,-0.721474328840003
1445,"-1:-1|-1:2|0:1|2:1",4,TRUE,1,1,2,"mixed",1.72158737934317,2.23606797749979,2.25,3,2,1.96011261594915,2,8,1,25,0,TRUE,25,33554432,0,1,25,25,0.833333333333333,2,0.75,0.0833333333333333,0.553694392684741,8.33333333333333,6,10,1.10738878536948,9,8,10,1.01015254455221,8.33333333333333,6,10,1.10738878536948,0,1.96011261594915,2.82842712474619,0.535369584489657,"F4_R25",0.0570922279763234,0.706508810356395,-1.2876990647278,0.271391979495859,-0.134755835195509,-0.387461882094732,0.426960257787325,530,"medium",4,4,16,2,3,4,4,16,2,4,1,7,0.4375,FALSE,FALSE,TRUE,0.335740804320094,-0.723202686414826
1480,"-1:-1|-1:2|0:1|2:0",4,TRUE,2,1,1,"mixed",1.66257038496822,2.23606797749979,2,3,2,1.96011261594915,2,8,1,25,0,TRUE,25,33554432,0,1,25,25,0.833333333333333,2,0.75,0.0833333333333333,0.553694392684741,8.33333333333333,6,10,1.10738878536948,9,8,10,1.01015254455221,8.33333333333333,6,10,1.10738878536948,0,1.96011261594915,2.82842712474619,0.535369584489657,"F4_R25",0.0570922279763234,0.706508810356395,-1.2876990647278,0.271391979495859,-0.134755835195509,-0.387461882094732,0.426960257787325,530,"medium",4,4,16,2,3,4,4,16,2,4,1,7,0.4375,FALSE,FALSE,TRUE,0.335740804320094,-0.723202686414826
376,"-1:-1|2:-2|2:-1|2:2",4,TRUE,0,3,1,"off_axis",2.32678394734132,2.82842712474619,3.25,4,2,2.03716308916112,2,8,1,25,0,TRUE,25,33554432,0,1,25,25,0.833333333333333,2,0.666666666666667,0.166666666666667,0.688332449299089,8.33333333333333,6,10,1.37666489859818,8,6,10,2.02030508910442,8.33333333333333,6,10,1.37666489859818,0,2.03716308916112,2.82842712474619,0.707080498450027,"F4_R25",0.553197710950942,-0.342004264885899,0.0523490600394965,0.271391979495859,-0.134755835195509,0.40017865040489,0.551020408163265,417,"medium",5,4,20,2,4,5,4,20,2,4,1,7,0.35,FALSE,FALSE,TRUE,1.12793702381092,-0.727758373406028
937,"-1:0|1:-2|1:0|2:2",4,TRUE,2,1,1,"mixed",1.76612377556149,2.82842712474619,2.25,4,2,2.03716308916112,2,8,1,25,0,TRUE,25,33554432,0,1,25,25,0.833333333333333,2,0.666666666666667,0.166666666666667,0.688332449299089,8.33333333333333,6,10,1.37666489859818,8,6,10,2.02030508910442,8.33333333333333,6,10,1.37666489859818,0,2.03716308916112,2.82842712474619,0.707080498450027,"F4_R25",0.553197710950942,-0.342004264885899,0.0523490600394965,0.271391979495859,-0.134755835195509,0.40017865040489,0.551020408163265,417,"medium",5,4,20,2,4,5,4,20,2,4,1,7,0.35,FALSE,FALSE,TRUE,1.12793702381092,-0.727758373406028
1623,"-1:-2|0:2|1:0|2:0",4,TRUE,3,0,1,"mixed",1.80901699437495,2.23606797749979,2,3,2,2.03716308916112,2,8,1,25,0,TRUE,25,33554432,0,1,25,25,0.833333333333333,2,0.666666666666667,0.166666666666667,0.688332449299089,8.33333333333333,6,10,1.37666489859818,8,6,10,2.02030508910442,8.33333333333333,6,10,1.37666489859818,0,2.03716308916112,2.82842712474619,0.707080498450027,"F4_R25",0.553197710950942,-0.342004264885899,0.0523490600394965,0.271391979495859,-0.134755835195509,0.40017865040489,0.551020408163265,417,"medium",5,4,20,2,3,5,4,20,2,4,1,7,0.35,FALSE,FALSE,TRUE,1.12793702381092,-0.727758373406028
1128,"-1:-2|0:-2|1:-1|2:-1",4,TRUE,1,1,2,"mixed",1.97158737934317,2.23606797749979,2.5,3,2,1.80087670122451,1,8,1,25,0,TRUE,25,33554432,0,1,25,25,0.833333333333333,2,0.583333333333333,0.25,0.800640769025436,8.33333333333333,6,10,1.60128153805087,8,6,10,2.02030508910442,8.33333333333333,6,10,1.60128153805087,0,1.80087670122451,2.23606797749979,0.534210847873044,"F4_R25",-0.968181298430773,-0.342004264885899,1.17015005204386,0.271391979495859,-1.3423754352168,-1.21101896699375,0.335123523093448,618,"easy",3,4,12,2,3,3,4,12,2,4,1,7,0.583333333333333,FALSE,FALSE,TRUE,-0.45645541517073,-0.754563551823024
488,"-1:0|1:-2|1:2|2:-2",4,TRUE,1,1,2,"mixed",2.07514076993644,2.82842712474619,2.75,4,2,2.02000580163574,2,8,1,25,0,TRUE,25,33554432,0,1,25,25,0.833333333333333,2,0.583333333333333,0.25,0.800640769025436,8.33333333333333,6,10,1.60128153805087,7,6,8,1.01015254455221,8.33333333333333,6,10,1.60128153805087,0,2.02000580163574,2.82842712474619,0.829709829704831,"F4_R25",0.442726949909707,-1.39051734012819,1.17015005204386,0.271391979495859,-0.134755835195509,0.358995806125723,0.540279269602578,427,"medium",5,4,20,2,4,5,4,20,2,4,1,7,0.35,FALSE,FALSE,TRUE,1.12793702381092,-0.768941217685195
857,"-1:-1|0:-1|2:-2|2:2",4,TRUE,1,3,0,"mixed",2.01776695296637,2.82842712474619,2.75,4,2,2.02000580163574,2,8,1,25,0,TRUE,25,33554432,0,1,25,25,0.833333333333333,2,0.583333333333333,0.25,0.800640769025436,8.33333333333333,6,10,1.60128153805087,7,6,8,1.01015254455221,8.33333333333333,6,10,1.60128153805087,0,2.02000580163574,2.82842712474619,0.829709829704831,"F4_R25",0.442726949909707,-1.39051734012819,1.17015005204386,0.271391979495859,-0.134755835195509,0.358995806125723,0.540279269602578,427,"medium",5,4,20,2,4,5,4,20,2,4,1,7,0.35,FALSE,FALSE,TRUE,1.12793702381092,-0.768941217685195
625,"-2:-1|-2:0|0:-2|2:-2",4,TRUE,2,1,1,"mixed",2.26612377556149,2.82842712474619,2.75,4,2,2.07792717443648,3,8,1,25,0,TRUE,25,33554432,0,1,25,25,0.833333333333333,2,0.666666666666667,0.166666666666667,0.688332449299089,8.33333333333333,6,10,1.37666489859818,9,8,10,1.01015254455221,8.33333333333333,6,10,1.37666489859818,0,2.07792717443648,2.82842712474619,0.559978826721162,"F4_R25",0.815665744831999,0.706508810356395,0.0523490600394965,0.271391979495859,1.07286376482578,2.91877935954953,0.821160042964554,163,"very_hard",3,5,15,2,4,3,5,15,4,4,1,9,0.6,FALSE,FALSE,TRUE,3.69990499155563,-0.781125632006097
620,"-1:-1|-1:2|0:-2|2:-2",4,TRUE,1,2,1,"mixed",2.11967716615477,2.82842712474619,2.75,4,2,1.97792717443648,2,8,1,25,0,TRUE,25,33554432,0,1,25,25,0.833333333333333,2,0.666666666666667,0.166666666666667,0.688332449299089,8.33333333333333,6,10,1.37666489859818,10,10,10,0,8.33333333333333,6,10,1.37666489859818,0,1.97792717443648,2.82842712474619,0.456805444394614,"F4_R25",0.171794964687922,1.75502188559869,0.0523490600394965,0.271391979495859,-0.134755835195509,2.11580205462646,0.746509129967777,235,"hard",5,4,20,2,4,5,4,20,3,4,1,8,0.4,FALSE,FALSE,TRUE,2.90904364486504,-0.793241590238581
1592,"-1:-1|-1:2|0:-2|2:-1",4,TRUE,1,1,2,"mixed",1.97158737934317,2.23606797749979,2.5,3,2,1.97792717443648,2,8,1,25,0,TRUE,25,33554432,0,1,25,25,0.833333333333333,2,0.666666666666667,0.166666666666667,0.688332449299089,8.33333333333333,6,10,1.37666489859818,10,10,10,0,8.33333333333333,6,10,1.37666489859818,0,1.97792717443648,2.82842712474619,0.456805444394614,"F4_R25",0.171794964687922,1.75502188559869,0.0523490600394965,0.271391979495859,-0.134755835195509,2.11580205462646,0.746509129967777,235,"hard",5,4,20,2,3,5,4,20,3,4,1,8,0.4,FALSE,FALSE,TRUE,2.90904364486504,-0.793241590238581
823,"-1:-1|-1:2|2:-2|2:2",4,TRUE,0,3,1,"off_axis",2.32678394734132,2.82842712474619,3.25,4,2,2.1607698869111,3,8,1,25,0,TRUE,25,33554432,0,1,25,25,0.833333333333333,2,0.75,0.0833333333333333,0.553694392684741,8.33333333333333,6,10,1.10738878536948,9,8,10,1.01015254455221,8.33333333333333,6,10,1.10738878536948,0,2.1607698869111,2.82842712474619,0.606514171143573,"F4_R25",1.34906576393484,0.706508810356395,-1.2876990647278,0.271391979495859,1.07286376482578,2.11213125388508,0.738453276047261,240,"hard",5,4,20,2,4,5,4,20,3,4,1,8,0.4,FALSE,FALSE,TRUE,2.90904364486504,-0.796912390979962
1043,"-1:-2|-1:0|1:-2|2:2",4,TRUE,1,1,2,"mixed",2.07514076993644,2.82842712474619,2.75,4,2,2.1607698869111,3,8,1,25,0,TRUE,25,33554432,0,1,25,25,0.833333333333333,2,0.75,0.0833333333333333,0.553694392684741,8.33333333333333,6,10,1.10738878536948,9,8,10,1.01015254455221,8.33333333333333,6,10,1.10738878536948,0,2.1607698869111,2.82842712474619,0.606514171143573,"F4_R25",1.34906576393484,0.706508810356395,-1.2876990647278,0.271391979495859,1.07286376482578,2.11213125388508,0.738453276047261,240,"hard",5,4,20,2,4,5,4,20,3,4,1,8,0.4,FALSE,FALSE,TRUE,2.90904364486504,-0.796912390979962
1611,"-1:-1|-1:0|-1:2|0:-1",4,TRUE,2,1,1,"mixed",1.41257038496822,2.23606797749979,1.75,3,2,1.53005630797458,2,8,1,25,0,TRUE,25,33554432,0,1,25,25,0.833333333333333,2,0.583333333333333,0.25,0.800640769025436,8.33333333333333,6,10,1.60128153805087,6,6,6,0,8.33333333333333,6,10,1.60128153805087,0,1.53005630797458,2.23606797749979,0.536374345259402,"F4_R25",-2.7119146772384,-2.43903041537049,1.17015005204386,0.271391979495859,-0.134755835195509,-3.84415889626467,0.0789473684210526,858,"very_easy",4,2,8,2,3,4,2,8,1,4,1,6,0.75,FALSE,FALSE,TRUE,-3.02975825571568,-0.814400640548999
1699,"-1:-1|-1:0|0:-1|0:2",4,TRUE,3,1,0,"mixed",1.35355339059327,2,1.5,2,2,1.53005630797458,2,8,1,25,0,TRUE,25,33554432,0,1,25,25,0.833333333333333,2,0.583333333333333,0.25,0.800640769025436,8.33333333333333,6,10,1.60128153805087,6,6,6,0,8.33333333333333,6,10,1.60128153805087,0,1.53005630797458,2.23606797749979,0.536374345259402,"F4_R25",-2.7119146772384,-2.43903041537049,1.17015005204386,0.271391979495859,-0.134755835195509,-3.84415889626467,0.0789473684210526,858,"very_easy",4,2,8,2,2,4,2,8,1,4,1,6,0.75,FALSE,FALSE,TRUE,-3.02975825571568,-0.814400640548999
1288,"-2:-1|-1:-2|-1:-1|-1:0",4,TRUE,1,1,2,"mixed",1.72158737934317,2.23606797749979,2.25,3,2,1.47147766421189,1,8,1,25,0,TRUE,25,33554432,0,1,25,25,0.833333333333333,2,0.583333333333333,0.25,0.800640769025436,8.33333333333333,6,10,1.60128153805087,6,6,6,0,8.33333333333333,6,10,1.60128153805087,0,1.47147766421189,2.23606797749979,0.510722237756962,"F4_R25",-3.08908544783105,-2.43903041537049,1.17015005204386,0.271391979495859,-1.3423754352168,-5.42894926687862,0.0268528464017186,905,"very_easy",3,3,9,2,3,3,3,9,0,4,1,5,0.555555555555556,FALSE,FALSE,TRUE,-4.61281582189709,-0.816133444981533
1334,"-1:-1|0:-1|1:-2|1:-1",4,TRUE,1,2,1,"mixed",1.51612377556149,2.23606797749979,2,3,2,1.47147766421189,1,8,1,25,0,TRUE,25,33554432,0,1,25,25,0.833333333333333,2,0.583333333333333,0.25,0.800640769025436,8.33333333333333,6,10,1.60128153805087,6,6,6,0,8.33333333333333,6,10,1.60128153805087,0,1.47147766421189,2.23606797749979,0.510722237756962,"F4_R25",-3.08908544783105,-2.43903041537049,1.17015005204386,0.271391979495859,-1.3423754352168,-5.42894926687862,0.0268528464017186,905,"very_easy",3,3,9,2,3,3,3,9,0,4,1,5,0.555555555555556,FALSE,FALSE,TRUE,-4.61281582189709,-0.816133444981533
1643,"-1:-1|0:-2|0:-1|1:0",4,TRUE,3,1,0,"mixed",1.35355339059327,2,1.5,2,2,1.47147766421189,1,8,1,25,0,TRUE,25,33554432,0,1,25,25,0.833333333333333,2,0.583333333333333,0.25,0.800640769025436,8.33333333333333,6,10,1.60128153805087,6,6,6,0,8.33333333333333,6,10,1.60128153805087,0,1.47147766421189,2.23606797749979,0.510722237756962,"F4_R25",-3.08908544783105,-2.43903041537049,1.17015005204386,0.271391979495859,-1.3423754352168,-5.42894926687862,0.0268528464017186,905,"very_easy",3,3,9,2,2,3,3,9,0,4,1,5,0.555555555555556,FALSE,FALSE,TRUE,-4.61281582189709,-0.816133444981533
746,"-2:-1|-1:-2|-1:-1|2:-2",4,TRUE,0,2,2,"off_axis",2.17869416052972,2.82842712474619,3,4,2,1.77792717443648,1,8,1,25,0,TRUE,25,33554432,0,1,25,25,0.833333333333333,2,0.666666666666667,0.166666666666667,0.688332449299089,8.33333333333333,6,10,1.37666489859818,8,8,8,0,8.33333333333333,6,10,1.37666489859818,0,1.77792717443648,2.82842712474619,0.613709089969705,"F4_R25",-1.11594659560023,-0.342004264885899,0.0523490600394965,0.271391979495859,-1.3423754352168,-2.47658525616758,0.223415682062299,722,"easy",3,5,15,2,4,3,5,15,1,4,1,6,0.4,FALSE,FALSE,TRUE,-1.64341487160673,-0.833170384560844
1009,"-2:-2|-1:1|0:2|2:0",4,TRUE,2,2,0,"mixed",2.06066017177982,2.82842712474619,2.5,4,2,2.14295532842377,3,8,1,25,0,TRUE,25,33554432,0,1,25,25,0.833333333333333,2,0.75,0.0833333333333333,0.553694392684741,8.33333333333333,6,10,1.10738878536948,10,10,10,0,8.33333333333333,6,10,1.10738878536948,0,2.14295532842377,2.82842712474619,0.480442458550402,"F4_R25",1.23436302722325,1.75502188559869,-1.2876990647278,0.271391979495859,1.07286376482578,3.04594159241578,0.835660580021482,152,"very_hard",5,5,25,2,4,5,5,25,3,4,1,8,0.32,FALSE,FALSE,TRUE,3.89928891922857,-0.853347326812794
1578,"-1:-1|0:-2|0:1|2:-1",4,TRUE,2,1,1,"mixed",1.66257038496822,2.23606797749979,2,3,2,1.93650581819917,2,8,1,25,0,TRUE,25,33554432,0,1,25,25,0.833333333333333,2,0.75,0.0833333333333333,0.553694392684741,8.33333333333333,6,10,1.10738878536948,9,8,10,1.01015254455221,8.33333333333333,6,10,1.10738878536948,0,1.93650581819917,2.82842712474619,0.526988526209425,"F4_R25",-0.0949050448635005,0.706508810356395,-1.2876990647278,0.271391979495859,-0.134755835195509,-0.539459154934556,0.416219119226638,540,"medium",4,4,16,2,3,4,4,16,2,4,1,7,0.4375,FALSE,FALSE,TRUE,0.335740804320094,-0.87519995925465
933,"-2:-1|0:-1|1:0|2:-2",4,TRUE,2,1,1,"mixed",1.76612377556149,2.82842712474619,2.25,4,2,1.86011261594915,2,8,1,25,0,TRUE,25,33554432,0,1,25,25,0.833333333333333,2,0.666666666666667,0.166666666666667,0.688332449299089,8.33333333333333,6,10,1.37666489859818,8,8,8,0,8.33333333333333,6,10,1.37666489859818,0,1.86011261594915,2.82842712474619,0.614619173858266,"F4_R25",-0.586778552167754,-0.342004264885899,0.0523490600394965,0.271391979495859,-0.134755835195509,-0.739797612713806,0.395273899033298,562,"easy",3,5,15,2,4,3,5,15,2,4,1,7,0.466666666666667,FALSE,FALSE,TRUE,0.137691749447388,-0.877489362161194
1530,"-1:-1|-1:0|0:2|1:-2",4,TRUE,2,1,1,"mixed",1.66257038496822,2.23606797749979,2,3,2,1.86011261594915,2,8,1,25,0,TRUE,25,33554432,0,1,25,25,0.833333333333333,2,0.666666666666667,0.166666666666667,0.688332449299089,8.33333333333333,6,10,1.37666489859818,8,8,8,0,8.33333333333333,6,10,1.37666489859818,0,1.86011261594915,2.82842712474619,0.614619173858266,"F4_R25",-0.586778552167754,-0.342004264885899,0.0523490600394965,0.271391979495859,-0.134755835195509,-0.739797612713806,0.395273899033298,562,"easy",5,3,15,2,3,5,3,15,2,4,1,7,0.466666666666667,FALSE,FALSE,TRUE,0.137691749447388,-0.877489362161194
618,"-1:-1|0:-2|1:2|2:-2",4,TRUE,1,2,1,"mixed",2.11967716615477,2.82842712474619,2.75,4,2,1.97858444539843,1,8,1,25,0,TRUE,25,33554432,0,1,25,25,0.833333333333333,2,0.583333333333333,0.25,0.800640769025436,8.33333333333333,6,10,1.60128153805087,10,10,10,0,8.33333333333333,6,10,1.60128153805087,0,1.97858444539843,2.82842712474619,0.562932394231188,"F4_R25",0.176026940358286,1.75502188559869,1.17015005204386,0.271391979495859,-1.3423754352168,2.03021542227989,0.732008592910849,250,"hard",5,4,20,2,4,5,4,20,3,4,1,8,0.4,FALSE,FALSE,TRUE,2.90904364486504,-0.878828222585146
835,"-1:-2|-1:2|1:-2|2:2",4,TRUE,0,1,3,"off_axis",2.38415776431139,2.82842712474619,3.25,4,2,2.04229805746182,3,8,1,25,0,TRUE,25,33554432,0,1,25,25,0.833333333333333,2,0.583333333333333,0.25,0.800640769025436,8.33333333333333,6,10,1.60128153805087,9,8,10,1.01015254455221,8.33333333333333,6,10,1.60128153805087,0,2.04229805746182,2.82842712474619,0.504445398969847,"F4_R25",0.586260271408802,0.706508810356395,1.17015005204386,0.271391979495859,1.07286376482578,3.8071748781307,0.913533834586466,77,"very_hard",5,4,20,2,4,5,4,20,4,4,1,9,0.45,FALSE,FALSE,TRUE,4.69015026591916,-0.882975387788461
1294,"-1:-2|1:1|1:2|2:1",4,TRUE,0,1,3,"off_axis",2.03060437371812,2.23606797749979,2.75,3,2,1.94295532842377,2,8,1,25,0,TRUE,25,33554432,0,1,25,25,0.833333333333333,2,0.75,0.0833333333333333,0.553694392684741,8.33333333333333,6,10,1.10738878536948,8,8,8,0,8.33333333333333,6,10,1.10738878536948,0,1.94295532842377,2.82842712474619,0.68712330427472,"F4_R25",-0.053378533064909,-0.342004264885899,-1.2876990647278,0.271391979495859,-0.134755835195509,-1.54644571837826,0.302900107411386,648,"easy",5,4,20,2,3,5,4,20,1,4,1,6,0.3,FALSE,FALSE,TRUE,-0.653169597243203,-0.893276121135056
1034,"-2:-1|-1:0|0:2|2:-2",4,TRUE,2,1,1,"mixed",2.01612377556149,2.82842712474619,2.5,4,2,2.10219124314841,2,8,1,25,0,TRUE,25,33554432,0,1,25,25,0.833333333333333,2,0.583333333333333,0.25,0.800640769025436,8.33333333333333,6,10,1.60128153805087,9,8,10,1.01015254455221,8.33333333333333,6,10,1.60128153805087,0,2.10219124314841,2.82842712474619,0.650463063457386,"F4_R25",0.971894993342186,0.706508810356395,1.17015005204386,0.271391979495859,-0.134755835195509,2.98519000004279,0.82921589688507,158,"very_hard",5,5,25,2,4,5,5,25,3,4,1,8,0.32,FALSE,FALSE,TRUE,3.89928891922857,-0.914098919185779
515,"-2:-2|-1:-2|-1:1|0:2",4,TRUE,1,2,1,"mixed",2.11967716615477,2.82842712474619,2.75,4,2,1.87792717443648,1,8,1,25,0,TRUE,25,33554432,0,1,25,25,0.833333333333333,2,0.666666666666667,0.166666666666667,0.688332449299089,8.33333333333333,6,10,1.37666489859818,9,8,10,1.01015254455221,8.33333333333333,6,10,1.37666489859818,0,1.87792717443648,2.82842712474619,0.551149835962157,"F4_R25",-0.472075815456155,0.706508810356395,0.0523490600394965,0.271391979495859,-1.3423754352168,-0.784201400781205,0.387218045112782,567,"easy",5,3,15,2,4,5,3,15,2,4,1,7,0.466666666666667,FALSE,FALSE,TRUE,0.137691749447388,-0.921893150228593
607,"-2:-1|-1:-1|0:-2|2:-2",4,TRUE,1,2,1,"mixed",2.11967716615477,2.82842712474619,2.75,4,2,1.87792717443648,1,8,1,25,0,TRUE,25,33554432,0,1,25,25,0.833333333333333,2,0.666666666666667,0.166666666666667,0.688332449299089,8.33333333333333,6,10,1.37666489859818,9,8,10,1.01015254455221,8.33333333333333,6,10,1.37666489859818,0,1.87792717443648,2.82842712474619,0.551149835962157,"F4_R25",-0.472075815456155,0.706508810356395,0.0523490600394965,0.271391979495859,-1.3423754352168,-0.784201400781205,0.387218045112782,567,"easy",3,5,15,2,4,3,5,15,2,4,1,7,0.466666666666667,FALSE,FALSE,TRUE,0.137691749447388,-0.921893150228593
686,"-2:-1|-1:-1|2:-2|2:0",4,TRUE,1,2,1,"mixed",2.11967716615477,2.82842712474619,2.75,4,2,1.87792717443648,1,8,1,25,0,TRUE,25,33554432,0,1,25,25,0.833333333333333,2,0.666666666666667,0.166666666666667,0.688332449299089,8.33333333333333,6,10,1.37666489859818,9,8,10,1.01015254455221,8.33333333333333,6,10,1.37666489859818,0,1.87792717443648,2.82842712474619,0.551149835962157,"F4_R25",-0.472075815456155,0.706508810356395,0.0523490600394965,0.271391979495859,-1.3423754352168,-0.784201400781205,0.387218045112782,567,"easy",3,5,15,2,4,3,5,15,2,4,1,7,0.466666666666667,FALSE,FALSE,TRUE,0.137691749447388,-0.921893150228593
732,"-2:-1|-1:-2|0:-1|2:-2",4,TRUE,1,1,2,"mixed",2.07514076993644,2.82842712474619,2.75,4,2,1.87792717443648,1,8,1,25,0,TRUE,25,33554432,0,1,25,25,0.833333333333333,2,0.666666666666667,0.166666666666667,0.688332449299089,8.33333333333333,6,10,1.37666489859818,9,8,10,1.01015254455221,8.33333333333333,6,10,1.37666489859818,0,1.87792717443648,2.82842712474619,0.551149835962157,"F4_R25",-0.472075815456155,0.706508810356395,0.0523490600394965,0.271391979495859,-1.3423754352168,-0.784201400781205,0.387218045112782,567,"easy",3,5,15,2,4,3,5,15,2,4,1,7,0.466666666666667,FALSE,FALSE,TRUE,0.137691749447388,-0.921893150228593
1379,"-2:-1|-1:-1|0:-2|2:0",4,TRUE,2,1,1,"mixed",1.91257038496822,2.23606797749979,2.25,3,2,1.87792717443648,1,8,1,25,0,TRUE,25,33554432,0,1,25,25,0.833333333333333,2,0.666666666666667,0.166666666666667,0.688332449299089,8.33333333333333,6,10,1.37666489859818,9,8,10,1.01015254455221,8.33333333333333,6,10,1.37666489859818,0,1.87792717443648,2.82842712474619,0.551149835962157,"F4_R25",-0.472075815456155,0.706508810356395,0.0523490600394965,0.271391979495859,-1.3423754352168,-0.784201400781205,0.387218045112782,567,"easy",3,5,15,2,3,3,5,15,2,4,1,7,0.466666666666667,FALSE,FALSE,TRUE,0.137691749447388,-0.921893150228593
1626,"-1:-1|-1:2|0:-2|1:0",4,TRUE,2,1,1,"mixed",1.66257038496822,2.23606797749979,2,3,2,1.87792717443648,1,8,1,25,0,TRUE,25,33554432,0,1,25,25,0.833333333333333,2,0.666666666666667,0.166666666666667,0.688332449299089,8.33333333333333,6,10,1.37666489859818,9,8,10,1.01015254455221,8.33333333333333,6,10,1.37666489859818,0,1.87792717443648,2.82842712474619,0.551149835962157,"F4_R25",-0.472075815456155,0.706508810356395,0.0523490600394965,0.271391979495859,-1.3423754352168,-0.784201400781205,0.387218045112782,567,"easy",5,3,15,2,3,5,3,15,2,4,1,7,0.466666666666667,FALSE,FALSE,TRUE,0.137691749447388,-0.921893150228593
595,"-1:0|0:-2|0:-1|2:-2",4,TRUE,3,1,0,"mixed",1.70710678118655,2.82842712474619,2,4,2,1.85432037668651,2,8,1,25,0,TRUE,25,33554432,0,1,25,25,0.833333333333333,2,0.75,0.0833333333333333,0.553694392684741,8.33333333333333,6,10,1.10738878536948,7,6,8,1.01015254455221,8.33333333333333,6,10,1.10738878536948,0,1.85432037668651,2.82842712474619,0.716081885917476,"F4_R25",-0.624073088295979,-1.39051734012819,-1.2876990647278,0.271391979495859,-0.134755835195509,-3.16565334885162,0.174006444683136,768,"very_easy",3,4,12,2,4,3,4,12,1,4,1,6,0.5,FALSE,FALSE,TRUE,-2.23756203622485,-0.928091312626772
748,"-1:-2|-1:-1|-1:0|2:-2",4,TRUE,1,2,1,"mixed",1.86967716615477,2.82842712474619,2.5,4,2,1.85432037668651,2,8,1,25,0,TRUE,25,33554432,0,1,25,25,0.833333333333333,2,0.75,0.0833333333333333,0.553694392684741,8.33333333333333,6,10,1.10738878536948,7,6,8,1.01015254455221,8.33333333333333,6,10,1.10738878536948,0,1.85432037668651,2.82842712474619,0.716081885917476,"F4_R25",-0.624073088295979,-1.39051734012819,-1.2876990647278,0.271391979495859,-0.134755835195509,-3.16565334885162,0.174006444683136,768,"very_easy",3,4,12,2,4,3,4,12,1,4,1,6,0.5,FALSE,FALSE,TRUE,-2.23756203622485,-0.928091312626772
1602,"-1:-1|-1:0|1:0|1:2",4,TRUE,2,1,1,"mixed",1.41257038496822,2.23606797749979,1.75,3,2,1.85432037668651,2,8,1,25,0,TRUE,25,33554432,0,1,25,25,0.833333333333333,2,0.75,0.0833333333333333,0.553694392684741,8.33333333333333,6,10,1.10738878536948,7,6,8,1.01015254455221,8.33333333333333,6,10,1.10738878536948,0,1.85432037668651,2.82842712474619,0.716081885917476,"F4_R25",-0.624073088295979,-1.39051734012819,-1.2876990647278,0.271391979495859,-0.134755835195509,-3.16565334885162,0.174006444683136,768,"very_easy",4,3,12,2,3,4,3,12,1,4,1,6,0.5,FALSE,FALSE,TRUE,-2.23756203622485,-0.928091312626772
386,"-2:-2|-2:-1|-1:-2|-1:0",4,TRUE,1,1,2,"mixed",2.07514076993644,2.82842712474619,2.75,4,2,1.73650581819918,1,8,1,25,0,TRUE,25,33554432,0,1,25,25,0.833333333333333,2,0.666666666666667,0.166666666666667,0.688332449299089,8.33333333333333,6,10,1.37666489859818,7,6,8,1.01015254455221,8.33333333333333,6,10,1.37666489859818,0,1.73650581819918,2.82842712474619,0.653662793937545,"F4_R25",-1.38264660515165,-1.39051734012819,0.0523490600394965,0.271391979495859,-1.3423754352168,-3.79179834096129,0.0934479054779807,843,"very_easy",3,3,9,2,4,3,3,9,1,4,1,6,0.666666666666667,FALSE,FALSE,TRUE,-2.83170920084297,-0.960089140118323
414,"-2:-2|-1:-2|-1:0|0:-1",4,TRUE,2,1,1,"mixed",1.76612377556149,2.82842712474619,2.25,4,2,1.73650581819918,1,8,1,25,0,TRUE,25,33554432,0,1,25,25,0.833333333333333,2,0.666666666666667,0.166666666666667,0.688332449299089,8.33333333333333,6,10,1.37666489859818,7,6,8,1.01015254455221,8.33333333333333,6,10,1.37666489859818,0,1.73650581819918,2.82842712474619,0.653662793937545,"F4_R25",-1.38264660515165,-1.39051734012819,0.0523490600394965,0.271391979495859,-1.3423754352168,-3.79179834096129,0.0934479054779807,843,"very_easy",3,3,9,2,4,3,3,9,1,4,1,6,0.666666666666667,FALSE,FALSE,TRUE,-2.83170920084297,-0.960089140118323
1104,"-1:-2|-1:-1|0:-2|1:0",4,TRUE,2,1,1,"mixed",1.66257038496822,2.23606797749979,2,3,2,1.73650581819918,1,8,1,25,0,TRUE,25,33554432,0,1,25,25,0.833333333333333,2,0.666666666666667,0.166666666666667,0.688332449299089,8.33333333333333,6,10,1.37666489859818,7,6,8,1.01015254455221,8.33333333333333,6,10,1.37666489859818,0,1.73650581819918,2.82842712474619,0.653662793937545,"F4_R25",-1.38264660515165,-1.39051734012819,0.0523490600394965,0.271391979495859,-1.3423754352168,-3.79179834096129,0.0934479054779807,843,"very_easy",3,3,9,2,3,3,3,9,1,4,1,6,0.666666666666667,FALSE,FALSE,TRUE,-2.83170920084297,-0.960089140118323
762,"-2:-1|-2:0|-1:-2|2:-2",4,TRUE,1,1,2,"mixed",2.32514076993644,2.82842712474619,3,4,2,1.96011261594915,2,8,1,25,0,TRUE,25,33554432,0,1,25,25,0.833333333333333,2,0.666666666666667,0.166666666666667,0.688332449299089,8.33333333333333,6,10,1.37666489859818,9,8,10,1.01015254455221,8.33333333333333,6,10,1.37666489859818,0,1.96011261594915,2.82842712474619,0.535369584489657,"F4_R25",0.0570922279763234,0.706508810356395,0.0523490600394965,0.271391979495859,-0.134755835195509,0.952586242672566,0.633727175080559,340,"hard",3,5,15,2,4,3,5,15,3,4,1,8,0.533333333333333,FALSE,FALSE,TRUE,1.91879837050151,-0.966212127828944
729,"-1:-2|-1:2|1:-1|2:-2",4,TRUE,0,2,2,"off_axis",2.17869416052972,2.82842712474619,3,4,2,2.04295532842377,2,8,1,25,0,TRUE,25,33554432,0,1,25,25,0.833333333333333,2,0.75,0.0833333333333333,0.553694392684741,8.33333333333333,6,10,1.10738878536948,9,8,10,1.01015254455221,8.33333333333333,6,10,1.10738878536948,0,2.04295532842377,2.82842712474619,0.60215679580886,"F4_R25",0.590492247079168,0.706508810356395,-1.2876990647278,0.271391979495859,-0.134755835195509,0.145938137008112,0.510741138560687,452,"medium",5,4,20,2,4,5,4,20,2,4,1,7,0.35,FALSE,FALSE,TRUE,1.12793702381092,-0.981998886802806
915,"-1:-2|0:-2|1:1|2:2",4,TRUE,1,2,1,"mixed",2.11967716615477,2.82842712474619,2.75,4,2,2.04295532842377,2,8,1,25,0,TRUE,25,33554432,0,1,25,25,0.833333333333333,2,0.75,0.0833333333333333,0.553694392684741,8.33333333333333,6,10,1.10738878536948,9,8,10,1.01015254455221,8.33333333333333,6,10,1.10738878536948,0,2.04295532842377,2.82842712474619,0.60215679580886,"F4_R25",0.590492247079168,0.706508810356395,-1.2876990647278,0.271391979495859,-0.134755835195509,0.145938137008112,0.510741138560687,452,"medium",5,4,20,2,4,5,4,20,2,4,1,7,0.35,FALSE,FALSE,TRUE,1.12793702381092,-0.981998886802806
938,"-1:-1|1:-2|1:0|2:2",4,TRUE,1,2,1,"mixed",1.86967716615477,2.82842712474619,2.5,4,2,2.04295532842377,2,8,1,25,0,TRUE,25,33554432,0,1,25,25,0.833333333333333,2,0.75,0.0833333333333333,0.553694392684741,8.33333333333333,6,10,1.10738878536948,9,8,10,1.01015254455221,8.33333333333333,6,10,1.10738878536948,0,2.04295532842377,2.82842712474619,0.60215679580886,"F4_R25",0.590492247079168,0.706508810356395,-1.2876990647278,0.271391979495859,-0.134755835195509,0.145938137008112,0.510741138560687,452,"medium",5,4,20,2,4,5,4,20,2,4,1,7,0.35,FALSE,FALSE,TRUE,1.12793702381092,-0.981998886802806
1046,"-1:-2|-1:-1|1:-2|2:2",4,TRUE,0,2,2,"off_axis",2.17869416052972,2.82842712474619,3,4,2,2.04295532842377,2,8,1,25,0,TRUE,25,33554432,0,1,25,25,0.833333333333333,2,0.75,0.0833333333333333,0.553694392684741,8.33333333333333,6,10,1.10738878536948,9,8,10,1.01015254455221,8.33333333333333,6,10,1.10738878536948,0,2.04295532842377,2.82842712474619,0.60215679580886,"F4_R25",0.590492247079168,0.706508810356395,-1.2876990647278,0.271391979495859,-0.134755835195509,0.145938137008112,0.510741138560687,452,"medium",5,4,20,2,4,5,4,20,2,4,1,7,0.35,FALSE,FALSE,TRUE,1.12793702381092,-0.981998886802806
1327,"-1:0|0:-2|1:2|2:1",4,TRUE,2,0,2,"mixed",1.86803398874989,2.23606797749979,2.25,3,2,2.04295532842377,2,8,1,25,0,TRUE,25,33554432,0,1,25,25,0.833333333333333,2,0.75,0.0833333333333333,0.553694392684741,8.33333333333333,6,10,1.10738878536948,9,8,10,1.01015254455221,8.33333333333333,6,10,1.10738878536948,0,2.04295532842377,2.82842712474619,0.60215679580886,"F4_R25",0.590492247079168,0.706508810356395,-1.2876990647278,0.271391979495859,-0.134755835195509,0.145938137008112,0.510741138560687,452,"medium",5,4,20,2,3,5,4,20,2,4,1,7,0.35,FALSE,FALSE,TRUE,1.12793702381092,-0.981998886802806
1607,"-1:-2|-1:0|0:1|2:0",4,TRUE,3,0,1,"mixed",1.55901699437495,2.23606797749979,1.75,3,2,1.89508446196187,3,8,1,25,0,TRUE,25,33554432,0,1,25,25,0.833333333333333,2,0.75,0.0833333333333333,0.553694392684741,8.33333333333333,6,10,1.10738878536948,8,8,8,0,8.33333333333333,6,10,1.10738878536948,0,1.89508446196187,2.82842712474619,0.585619218368906,"F4_R25",-0.361605054414923,-0.342004264885899,-1.2876990647278,0.271391979495859,1.07286376482578,-0.64705263970698,0.402792696025779,555,"medium",4,4,16,2,3,4,4,16,2,4,1,7,0.4375,FALSE,FALSE,TRUE,0.335740804320094,-0.982793444027075
1613,"-1:-1|-1:0|-1:2|2:-1",4,TRUE,1,1,2,"mixed",1.72158737934317,2.23606797749979,2.25,3,2,1.89508446196187,3,8,1,25,0,TRUE,25,33554432,0,1,25,25,0.833333333333333,2,0.75,0.0833333333333333,0.553694392684741,8.33333333333333,6,10,1.10738878536948,8,8,8,0,8.33333333333333,6,10,1.10738878536948,0,1.89508446196187,2.82842712474619,0.585619218368906,"F4_R25",-0.361605054414923,-0.342004264885899,-1.2876990647278,0.271391979495859,1.07286376482578,-0.64705263970698,0.402792696025779,555,"medium",4,4,16,2,3,4,4,16,2,4,1,7,0.4375,FALSE,FALSE,TRUE,0.335740804320094,-0.982793444027075
1693,"-1:-1|-1:0|0:2|2:0",4,TRUE,3,1,0,"mixed",1.60355339059327,2,1.75,2,2,1.89508446196187,3,8,1,25,0,TRUE,25,33554432,0,1,25,25,0.833333333333333,2,0.75,0.0833333333333333,0.553694392684741,8.33333333333333,6,10,1.10738878536948,8,8,8,0,8.33333333333333,6,10,1.10738878536948,0,1.89508446196187,2.82842712474619,0.585619218368906,"F4_R25",-0.361605054414923,-0.342004264885899,-1.2876990647278,0.271391979495859,1.07286376482578,-0.64705263970698,0.402792696025779,555,"medium",4,4,16,2,2,4,4,16,2,4,1,7,0.4375,FALSE,FALSE,TRUE,0.335740804320094,-0.982793444027075
876,"-2:-1|0:-1|1:-1|2:-2",4,TRUE,1,2,1,"mixed",1.86967716615477,2.82842712474619,2.5,4,2,1.75432037668651,1,8,1,25,0,TRUE,25,33554432,0,1,25,25,0.833333333333333,2,0.666666666666667,0.166666666666667,0.688332449299089,8.33333333333333,6,10,1.37666489859818,8,8,8,0,8.33333333333333,6,10,1.37666489859818,0,1.75432037668651,2.82842712474619,0.598479569819794,"F4_R25",-1.26794386844006,-0.342004264885899,0.0523490600394965,0.271391979495859,-1.3423754352168,-2.6285825290074,0.19656283566058,747,"very_easy",3,5,15,2,4,3,5,15,1,4,1,6,0.4,FALSE,FALSE,TRUE,-1.64341487160673,-0.985167657400668
338,"-1:0|2:-2|2:-1|2:0",4,TRUE,2,1,1,"mixed",2.01612377556149,2.82842712474619,2.5,4,2,1.9128990204492,2,8,1,25,0,TRUE,25,33554432,0,1,25,25,0.833333333333333,2,0.666666666666667,0.166666666666667,0.688332449299089,8.33333333333333,6,10,1.37666489859818,7,6,8,1.01015254455221,8.33333333333333,6,10,1.37666489859818,0,1.9128990204492,2.82842712474619,0.699855014798309,"F4_R25",-0.246902317703324,-1.39051734012819,0.0523490600394965,0.271391979495859,-0.134755835195509,-1.44843445349167,0.306122448979592,647,"easy",3,4,12,2,4,3,4,12,2,4,1,7,0.583333333333333,FALSE,FALSE,TRUE,-0.45645541517073,-0.991979038320941
705,"-2:-1|0:-2|0:2|2:2",4,TRUE,2,1,1,"mixed",2.26612377556149,2.82842712474619,2.75,4,2,2.16011261594915,4,8,1,25,0,TRUE,25,33554432,0,1,25,25,0.833333333333333,2,0.666666666666667,0.166666666666667,0.688332449299089,8.33333333333333,6,10,1.37666489859818,9,8,10,1.01015254455221,8.33333333333333,6,10,1.37666489859818,0,2.16011261594915,2.82842712474619,0.509807683148267,"F4_R25",1.34483378826448,0.706508810356395,0.0523490600394965,0.271391979495859,2.28048336484708,4.6555670030033,0.958109559613319,38,"very_hard",5,5,25,2,4,5,5,25,4,4,1,9,0.36,FALSE,FALSE,TRUE,5.68039554028269,-1.02482853727939
1095,"-1:-2|1:2|2:0|2:1",4,TRUE,1,0,3,"mixed",2.17705098312484,2.23606797749979,2.75,3,2,2.12514076993644,3,8,1,25,0,TRUE,25,33554432,0,1,25,25,0.833333333333333,2,0.75,0.0833333333333333,0.553694392684741,8.33333333333333,6,10,1.10738878536948,9,8,10,1.01015254455221,8.33333333333333,6,10,1.10738878536948,0,2.12514076993644,2.82842712474619,0.561522442367321,"F4_R25",1.11966029051165,0.706508810356395,-1.2876990647278,0.271391979495859,1.07286376482578,1.88272578046188,0.728249194414608,252,"hard",5,4,20,2,3,5,4,20,3,4,1,8,0.4,FALSE,FALSE,TRUE,2.90904364486504,-1.02631786440316
514,"-2:-1|-1:-1|2:-2|2:-1",4,TRUE,0,2,2,"off_axis",2.17869416052972,2.82842712474619,3,4,2,1.73650581819918,1,8,1,25,0,TRUE,25,33554432,0,1,25,25,0.833333333333333,2,0.583333333333333,0.25,0.800640769025436,8.33333333333333,6,10,1.60128153805087,7,6,8,1.01015254455221,8.33333333333333,6,10,1.60128153805087,0,1.73650581819918,2.82842712474619,0.653662793937545,"F4_R25",-1.38264660515165,-1.39051734012819,1.17015005204386,0.271391979495859,-1.3423754352168,-2.67399734895693,0.191192266380236,752,"very_easy",3,5,15,2,4,3,5,15,1,4,1,6,0.4,FALSE,FALSE,TRUE,-1.64341487160673,-1.0305824773502
921,"-2:-1|-1:-1|0:-1|2:-2",4,TRUE,1,2,1,"mixed",1.86967716615477,2.82842712474619,2.5,4,2,1.73650581819918,1,8,1,25,0,TRUE,25,33554432,0,1,25,25,0.833333333333333,2,0.583333333333333,0.25,0.800640769025436,8.33333333333333,6,10,1.60128153805087,7,6,8,1.01015254455221,8.33333333333333,6,10,1.60128153805087,0,1.73650581819918,2.82842712474619,0.653662793937545,"F4_R25",-1.38264660515165,-1.39051734012819,1.17015005204386,0.271391979495859,-1.3423754352168,-2.67399734895693,0.191192266380236,752,"very_easy",3,5,15,2,4,3,5,15,1,4,1,6,0.4,FALSE,FALSE,TRUE,-1.64341487160673,-1.0305824773502
1628,"-1:-2|0:1|0:2|1:0",4,TRUE,3,0,1,"mixed",1.55901699437495,2.23606797749979,1.75,3,2,1.73650581819918,1,8,1,25,0,TRUE,25,33554432,0,1,25,25,0.833333333333333,2,0.583333333333333,0.25,0.800640769025436,8.33333333333333,6,10,1.60128153805087,7,6,8,1.01015254455221,8.33333333333333,6,10,1.60128153805087,0,1.73650581819918,2.82842712474619,0.653662793937545,"F4_R25",-1.38264660515165,-1.39051734012819,1.17015005204386,0.271391979495859,-1.3423754352168,-2.67399734895693,0.191192266380236,752,"very_easy",5,3,15,2,3,5,3,15,1,4,1,6,0.4,FALSE,FALSE,TRUE,-1.64341487160673,-1.0305824773502
1570,"-1:-1|0:-2|0:-1|2:-1",4,TRUE,2,1,1,"mixed",1.66257038496822,2.23606797749979,2,3,2,1.63005630797458,2,8,1,25,0,TRUE,25,33554432,0,1,25,25,0.833333333333333,2,0.666666666666667,0.166666666666667,0.688332449299089,8.33333333333333,6,10,1.37666489859818,7,6,8,1.01015254455221,8.33333333333333,6,10,1.37666489859818,0,1.63005630797458,2.23606797749979,0.519525887315959,"F4_R25",-2.06804389709432,-1.39051734012819,0.0523490600394965,0.271391979495859,-0.134755835195509,-3.26957603288267,0.156820622986037,786,"very_easy",3,4,12,2,3,3,4,12,1,4,1,6,0.5,FALSE,FALSE,TRUE,-2.23756203622485,-1.03201399665782
418,"-1:-1|1:0|2:-2|2:-1",4,TRUE,1,2,1,"mixed",1.86967716615477,2.82842712474619,2.5,4,2,1.86011261594915,1,8,1,25,0,TRUE,25,33554432,0,1,25,25,0.833333333333333,2,0.75,0.0833333333333333,0.553694392684741,8.33333333333333,6,10,1.10738878536948,8,8,8,0,8.33333333333333,6,10,1.10738878536948,0,1.86011261594915,2.82842712474619,0.614619173858266,"F4_R25",-0.586778552167754,-0.342004264885899,-1.2876990647278,0.271391979495859,-1.3423754352168,-3.2874653375024,0.15359828141783,787,"very_easy",3,4,12,2,4,3,4,12,1,4,1,6,0.5,FALSE,FALSE,TRUE,-2.23756203622485,-1.04990330127754
1363,"-1:-2|-1:-1|1:0|2:-1",4,TRUE,1,1,2,"mixed",1.72158737934317,2.23606797749979,2.25,3,2,1.86011261594915,1,8,1,25,0,TRUE,25,33554432,0,1,25,25,0.833333333333333,2,0.75,0.0833333333333333,0.553694392684741,8.33333333333333,6,10,1.10738878536948,8,8,8,0,8.33333333333333,6,10,1.10738878536948,0,1.86011261594915,2.82842712474619,0.614619173858266,"F4_R25",-0.586778552167754,-0.342004264885899,-1.2876990647278,0.271391979495859,-1.3423754352168,-3.2874653375024,0.15359828141783,787,"very_easy",3,4,12,2,3,3,4,12,1,4,1,6,0.5,FALSE,FALSE,TRUE,-2.23756203622485,-1.04990330127754
1350,"-1:-1|1:-2|1:-1|1:0",4,TRUE,1,2,1,"mixed",1.51612377556149,2.23606797749979,2,3,2,1.65366310572456,1,8,1,25,0,TRUE,25,33554432,0,1,25,25,0.833333333333333,2,0.75,0.0833333333333333,0.553694392684741,8.33333333333333,6,10,1.10738878536948,7,6,8,1.01015254455221,8.33333333333333,6,10,1.10738878536948,0,1.65366310572456,2.23606797749979,0.543035023185446,"F4_R25",-1.9160466242545,-1.39051734012819,-1.2876990647278,0.271391979495859,-1.3423754352168,-5.66524648483144,0.0182599355531686,913,"very_easy",3,3,9,2,3,3,3,9,0,4,1,5,0.555555555555556,FALSE,FALSE,TRUE,-4.61281582189709,-1.05243066293434
942,"-2:-1|-1:2|0:-1|2:-2",4,TRUE,1,1,2,"mixed",2.07514076993644,2.82842712474619,2.75,4,2,2.0659048552118,3,8,1,25,0,TRUE,25,33554432,0,1,25,25,0.833333333333333,2,0.666666666666667,0.166666666666667,0.688332449299089,8.33333333333333,6,10,1.37666489859818,9,8,10,1.01015254455221,8.33333333333333,6,10,1.37666489859818,0,2.0659048552118,2.82842712474619,0.507758832969072,"F4_R25",0.738257544248626,0.706508810356395,0.0523490600394965,0.271391979495859,1.07286376482578,2.84137115896616,0.809344790547798,174,"very_hard",5,5,25,2,4,5,5,25,3,4,1,8,0.32,FALSE,FALSE,TRUE,3.89928891922857,-1.05791776026241
465,"-2:-1|0:-2|2:-2|2:-1",4,TRUE,1,1,2,"mixed",2.32514076993644,2.82842712474619,3,4,2,1.91869125971184,3,8,1,25,0,TRUE,25,33554432,0,1,25,25,0.833333333333333,2,0.666666666666667,0.166666666666667,0.688332449299089,8.33333333333333,6,10,1.37666489859818,8,8,8,0,8.33333333333333,6,10,1.37666489859818,0,1.91869125971184,2.82842712474619,0.595001260414515,"F4_R25",-0.209607781575099,-0.342004264885899,0.0523490600394965,0.271391979495859,1.07286376482578,0.844992757900142,0.604726100966702,362,"hard",3,5,15,2,4,3,5,15,3,4,1,8,0.533333333333333,FALSE,FALSE,TRUE,1.91879837050151,-1.07380561260137
588,"-2:-2|-1:-1|0:-2|0:2",4,TRUE,2,2,0,"mixed",2.06066017177982,2.82842712474619,2.5,4,2,1.85432037668651,1,8,1,25,0,TRUE,25,33554432,0,1,25,25,0.833333333333333,2,0.666666666666667,0.166666666666667,0.688332449299089,8.33333333333333,6,10,1.37666489859818,9,8,10,1.01015254455221,8.33333333333333,6,10,1.37666489859818,0,1.85432037668651,2.82842712474619,0.539027870445404,"F4_R25",-0.624073088295979,0.706508810356395,0.0523490600394965,0.271391979495859,-1.3423754352168,-0.936198673621029,0.37593984962406,580,"easy",5,3,15,2,4,5,3,15,2,4,1,7,0.466666666666667,FALSE,FALSE,TRUE,0.137691749447388,-1.07389042306842
1305,"-2:-1|-1:-2|-1:0|2:0",4,TRUE,2,0,2,"mixed",1.86803398874989,2.23606797749979,2.25,3,2,1.85432037668651,1,8,1,25,0,TRUE,25,33554432,0,1,25,25,0.833333333333333,2,0.666666666666667,0.166666666666667,0.688332449299089,8.33333333333333,6,10,1.37666489859818,9,8,10,1.01015254455221,8.33333333333333,6,10,1.37666489859818,0,1.85432037668651,2.82842712474619,0.539027870445404,"F4_R25",-0.624073088295979,0.706508810356395,0.0523490600394965,0.271391979495859,-1.3423754352168,-0.936198673621029,0.37593984962406,580,"easy",3,5,15,2,3,3,5,15,2,4,1,7,0.466666666666667,FALSE,FALSE,TRUE,0.137691749447388,-1.07389042306842
955,"-1:-2|-1:0|0:1|2:2",4,TRUE,2,1,1,"mixed",1.76612377556149,2.82842712474619,2.25,4,2,2.00153397218646,3,8,1,25,0,TRUE,25,33554432,0,1,25,25,0.833333333333333,2,0.75,0.0833333333333333,0.553694392684741,8.33333333333333,6,10,1.10738878536948,8,8,8,0,8.33333333333333,6,10,1.10738878536948,0,2.00153397218646,2.82842712474619,0.661531689157382,"F4_R25",0.323792237527746,-0.342004264885899,-1.2876990647278,0.271391979495859,1.07286376482578,0.0383446522356881,0.496240601503759,468,"medium",5,4,20,2,4,5,4,20,2,4,1,7,0.35,FALSE,FALSE,TRUE,1.12793702381092,-1.08959237157523
1002,"-1:-1|-1:0|0:2|2:-2",4,TRUE,2,2,0,"mixed",1.81066017177982,2.82842712474619,2.25,4,2,2.00153397218646,3,8,1,25,0,TRUE,25,33554432,0,1,25,25,0.833333333333333,2,0.75,0.0833333333333333,0.553694392684741,8.33333333333333,6,10,1.10738878536948,8,8,8,0,8.33333333333333,6,10,1.10738878536948,0,2.00153397218646,2.82842712474619,0.661531689157382,"F4_R25",0.323792237527746,-0.342004264885899,-1.2876990647278,0.271391979495859,1.07286376482578,0.0383446522356881,0.496240601503759,468,"medium",5,4,20,2,4,5,4,20,2,4,1,7,0.35,FALSE,FALSE,TRUE,1.12793702381092,-1.08959237157523
1346,"-1:-2|-1:-1|0:-1|0:2",4,TRUE,2,1,1,"mixed",1.66257038496822,2.23606797749979,2,3,2,1.57147766421189,1,8,1,25,0,TRUE,25,33554432,0,1,25,25,0.833333333333333,2,0.583333333333333,0.25,0.800640769025436,8.33333333333333,6,10,1.60128153805087,7,6,8,1.01015254455221,8.33333333333333,6,10,1.60128153805087,0,1.57147766421189,2.23606797749979,0.506028052453785,"F4_R25",-2.44521466768698,-1.39051734012819,1.17015005204386,0.271391979495859,-1.3423754352168,-3.73656541149225,0.101503759398496,833,"very_easy",5,2,10,2,3,5,2,10,1,4,1,6,0.6,FALSE,FALSE,TRUE,-2.63366014597026,-1.10290526552199
1637,"-1:-1|-1:2|0:-2|0:-1",4,TRUE,2,1,1,"mixed",1.66257038496822,2.23606797749979,2,3,2,1.57147766421189,1,8,1,25,0,TRUE,25,33554432,0,1,25,25,0.833333333333333,2,0.583333333333333,0.25,0.800640769025436,8.33333333333333,6,10,1.60128153805087,7,6,8,1.01015254455221,8.33333333333333,6,10,1.60128153805087,0,1.57147766421189,2.23606797749979,0.506028052453785,"F4_R25",-2.44521466768698,-1.39051734012819,1.17015005204386,0.271391979495859,-1.3423754352168,-3.73656541149225,0.101503759398496,833,"very_easy",5,2,10,2,3,5,2,10,1,4,1,6,0.6,FALSE,FALSE,TRUE,-2.63366014597026,-1.10290526552199
649,"-2:-1|0:-1|2:-2|2:0",4,TRUE,2,1,1,"mixed",2.01612377556149,2.82842712474619,2.5,4,2,1.93650581819917,2,8,1,25,0,TRUE,25,33554432,0,1,25,25,0.833333333333333,2,0.666666666666667,0.166666666666667,0.688332449299089,8.33333333333333,6,10,1.37666489859818,9,8,10,1.01015254455221,8.33333333333333,6,10,1.37666489859818,0,1.93650581819917,2.82842712474619,0.526988526209425,"F4_R25",-0.0949050448635005,0.706508810356395,0.0523490600394965,0.271391979495859,-0.134755835195509,0.800588969832742,0.593984962406015,377,"medium",3,5,15,2,4,3,5,15,3,4,1,8,0.533333333333333,FALSE,FALSE,TRUE,1.91879837050151,-1.11820940066877
1271,"-1:-2|-1:0|0:2|1:-2",4,TRUE,2,0,2,"mixed",1.86803398874989,2.23606797749979,2.25,3,2,1.93650581819917,2,8,1,25,0,TRUE,25,33554432,0,1,25,25,0.833333333333333,2,0.666666666666667,0.166666666666667,0.688332449299089,8.33333333333333,6,10,1.37666489859818,9,8,10,1.01015254455221,8.33333333333333,6,10,1.37666489859818,0,1.93650581819917,2.82842712474619,0.526988526209425,"F4_R25",-0.0949050448635005,0.706508810356395,0.0523490600394965,0.271391979495859,-0.134755835195509,0.800588969832742,0.593984962406015,377,"medium",5,3,15,2,3,5,3,15,3,4,1,8,0.533333333333333,FALSE,FALSE,TRUE,1.91879837050151,-1.11820940066877
701,"-1:-2|-1:-1|0:2|2:2",4,TRUE,1,2,1,"mixed",2.11967716615477,2.82842712474619,2.75,4,2,2.01934853067379,2,8,1,25,0,TRUE,25,33554432,0,1,25,25,0.833333333333333,2,0.75,0.0833333333333333,0.553694392684741,8.33333333333333,6,10,1.10738878536948,9,8,10,1.01015254455221,8.33333333333333,6,10,1.10738878536948,0,2.01934853067379,2.82842712474619,0.598360270206642,"F4_R25",0.438494974239344,0.706508810356395,-1.2876990647278,0.271391979495859,-0.134755835195509,-0.00605913583171158,0.488184747583244,473,"medium",5,4,20,2,4,5,4,20,2,4,1,7,0.35,FALSE,FALSE,TRUE,1.12793702381092,-1.13399615964263
1405,"-1:-2|-1:-1|0:2|2:0",4,TRUE,2,1,1,"mixed",1.91257038496822,2.23606797749979,2.25,3,2,2.01934853067379,2,8,1,25,0,TRUE,25,33554432,0,1,25,25,0.833333333333333,2,0.75,0.0833333333333333,0.553694392684741,8.33333333333333,6,10,1.10738878536948,9,8,10,1.01015254455221,8.33333333333333,6,10,1.10738878536948,0,2.01934853067379,2.82842712474619,0.598360270206642,"F4_R25",0.438494974239344,0.706508810356395,-1.2876990647278,0.271391979495859,-0.134755835195509,-0.00605913583171158,0.488184747583244,473,"medium",5,4,20,2,3,5,4,20,2,4,1,7,0.35,FALSE,FALSE,TRUE,1.12793702381092,-1.13399615964263
397,"-2:-2|-2:-1|-1:-1|0:-2",4,TRUE,1,2,1,"mixed",2.11967716615477,2.82842712474619,2.75,4,2,1.75432037668651,1,8,1,25,0,TRUE,25,33554432,0,1,25,25,0.833333333333333,2,0.75,0.0833333333333333,0.553694392684741,8.33333333333333,6,10,1.10738878536948,8,8,8,0,8.33333333333333,6,10,1.10738878536948,0,1.75432037668651,2.82842712474619,0.598479569819794,"F4_R25",-1.26794386844006,-0.342004264885899,-1.2876990647278,0.271391979495859,-1.3423754352168,-3.9686306537747,0.0730397422126745,862,"very_easy",3,3,9,2,4,3,3,9,1,4,1,6,0.666666666666667,FALSE,FALSE,TRUE,-2.83170920084297,-1.13692145293173
578,"-2:-2|-1:-1|-1:0|0:-2",4,TRUE,2,2,0,"mixed",1.81066017177982,2.82842712474619,2.25,4,2,1.75432037668651,1,8,1,25,0,TRUE,25,33554432,0,1,25,25,0.833333333333333,2,0.75,0.0833333333333333,0.553694392684741,8.33333333333333,6,10,1.10738878536948,8,8,8,0,8.33333333333333,6,10,1.10738878536948,0,1.75432037668651,2.82842712474619,0.598479569819794,"F4_R25",-1.26794386844006,-0.342004264885899,-1.2876990647278,0.271391979495859,-1.3423754352168,-3.9686306537747,0.0730397422126745,862,"very_easy",3,3,9,2,4,3,3,9,1,4,1,6,0.666666666666667,FALSE,FALSE,TRUE,-2.83170920084297,-1.13692145293173
375,"-1:-2|2:-2|2:-1|2:2",4,TRUE,0,2,2,"off_axis",2.53224755112299,2.82842712474619,3.5,4,2,2.06011261594915,3,8,1,25,0,TRUE,25,33554432,0,1,25,25,0.833333333333333,2,0.666666666666667,0.166666666666667,0.688332449299089,8.33333333333333,6,10,1.37666489859818,8,6,10,2.02030508910442,8.33333333333333,6,10,1.37666489859818,0,2.06011261594915,2.82842712474619,0.628875548196174,"F4_R25",0.7009630081204,-0.342004264885899,0.0523490600394965,0.271391979495859,1.07286376482578,1.75556354759564,0.716433941997852,262,"hard",5,4,20,2,4,5,4,20,3,4,1,8,0.4,FALSE,FALSE,TRUE,2.90904364486504,-1.1534800972694
1066,"-1:-2|-1:0|0:-2|2:2",4,TRUE,2,1,1,"mixed",2.01612377556149,2.82842712474619,2.5,4,2,2.06011261594915,3,8,1,25,0,TRUE,25,33554432,0,1,25,25,0.833333333333333,2,0.666666666666667,0.166666666666667,0.688332449299089,8.33333333333333,6,10,1.37666489859818,8,6,10,2.02030508910442,8.33333333333333,6,10,1.37666489859818,0,2.06011261594915,2.82842712474619,0.628875548196174,"F4_R25",0.7009630081204,-0.342004264885899,0.0523490600394965,0.271391979495859,1.07286376482578,1.75556354759564,0.716433941997852,262,"hard",5,4,20,2,4,5,4,20,3,4,1,8,0.4,FALSE,FALSE,TRUE,2.90904364486504,-1.1534800972694
935,"-2:-1|-2:0|0:-1|2:-2",4,TRUE,2,1,1,"mixed",2.01612377556149,2.82842712474619,2.5,4,2,1.91869125971184,2,8,1,25,0,TRUE,25,33554432,0,1,25,25,0.833333333333333,2,0.583333333333333,0.25,0.800640769025436,8.33333333333333,6,10,1.60128153805087,8,6,10,2.02030508910442,8.33333333333333,6,10,1.60128153805087,0,1.91869125971184,2.82842712474619,0.595001260414515,"F4_R25",-0.209607781575099,-0.342004264885899,1.17015005204386,0.271391979495859,-0.134755835195509,0.755174149883212,0.588614393125671,382,"medium",3,5,15,2,4,3,5,15,3,4,1,8,0.533333333333333,FALSE,FALSE,TRUE,1.91879837050151,-1.1636242206183
1172,"-1:-2|-1:0|0:-2|1:2",4,TRUE,2,0,2,"mixed",1.86803398874989,2.23606797749979,2.25,3,2,1.91869125971184,2,8,1,25,0,TRUE,25,33554432,0,1,25,25,0.833333333333333,2,0.583333333333333,0.25,0.800640769025436,8.33333333333333,6,10,1.60128153805087,8,6,10,2.02030508910442,8.33333333333333,6,10,1.60128153805087,0,1.91869125971184,2.82842712474619,0.595001260414515,"F4_R25",-0.209607781575099,-0.342004264885899,1.17015005204386,0.271391979495859,-0.134755835195509,0.755174149883212,0.588614393125671,382,"medium",5,3,15,2,3,5,3,15,3,4,1,8,0.533333333333333,FALSE,FALSE,TRUE,1.91879837050151,-1.1636242206183
1470,"-1:-2|0:-1|1:0|2:0",4,TRUE,3,0,1,"mixed",1.55901699437495,2.23606797749979,1.75,3,2,1.79574173292382,1,8,1,25,0,TRUE,25,33554432,0,1,25,25,0.833333333333333,2,0.666666666666667,0.166666666666667,0.688332449299089,8.33333333333333,6,10,1.37666489859818,7,6,8,1.01015254455221,8.33333333333333,6,10,1.37666489859818,0,1.79574173292382,2.82842712474619,0.726721426557334,"F4_R25",-1.00124385888863,-1.39051734012819,0.0523490600394965,0.271391979495859,-1.3423754352168,-3.41039559469827,0.14500537056928,795,"very_easy",3,4,12,2,3,3,4,12,1,4,1,6,0.5,FALSE,FALSE,TRUE,-2.23756203622485,-1.17283355847342
492,"-1:-2|0:2|2:-2|2:-1",4,TRUE,1,1,2,"mixed",2.32514076993644,2.82842712474619,3,4,2,2.10153397218646,3,8,1,25,0,TRUE,25,33554432,0,1,25,25,0.833333333333333,2,0.75,0.0833333333333333,0.553694392684741,8.33333333333333,6,10,1.10738878536948,9,8,10,1.01015254455221,8.33333333333333,6,10,1.10738878536948,0,2.10153397218646,2.82842712474619,0.561303011598098,"F4_R25",0.967663017671823,0.706508810356395,-1.2876990647278,0.271391979495859,1.07286376482578,1.73072850762206,0.707303974221267,269,"hard",5,4,20,2,4,5,4,20,3,4,1,8,0.4,FALSE,FALSE,TRUE,2.90904364486504,-1.17831513724298
780,"-1:-2|1:0|1:2|2:-2",4,TRUE,1,1,2,"mixed",2.07514076993644,2.82842712474619,2.75,4,2,2.10153397218646,3,8,1,25,0,TRUE,25,33554432,0,1,25,25,0.833333333333333,2,0.75,0.0833333333333333,0.553694392684741,8.33333333333333,6,10,1.10738878536948,9,8,10,1.01015254455221,8.33333333333333,6,10,1.10738878536948,0,2.10153397218646,2.82842712474619,0.561303011598098,"F4_R25",0.967663017671823,0.706508810356395,-1.2876990647278,0.271391979495859,1.07286376482578,1.73072850762206,0.707303974221267,269,"hard",5,4,20,2,4,5,4,20,3,4,1,8,0.4,FALSE,FALSE,TRUE,2.90904364486504,-1.17831513724298
781,"-1:-2|0:2|1:0|2:-2",4,TRUE,2,1,1,"mixed",2.01612377556149,2.82842712474619,2.5,4,2,2.10153397218646,3,8,1,25,0,TRUE,25,33554432,0,1,25,25,0.833333333333333,2,0.75,0.0833333333333333,0.553694392684741,8.33333333333333,6,10,1.10738878536948,9,8,10,1.01015254455221,8.33333333333333,6,10,1.10738878536948,0,2.10153397218646,2.82842712474619,0.561303011598098,"F4_R25",0.967663017671823,0.706508810356395,-1.2876990647278,0.271391979495859,1.07286376482578,1.73072850762206,0.707303974221267,269,"hard",5,4,20,2,4,5,4,20,3,4,1,8,0.4,FALSE,FALSE,TRUE,2.90904364486504,-1.17831513724298
789,"-1:-2|0:-1|2:-1|2:2",4,TRUE,1,1,2,"mixed",2.07514076993644,2.82842712474619,2.75,4,2,2.10153397218646,3,8,1,25,0,TRUE,25,33554432,0,1,25,25,0.833333333333333,2,0.75,0.0833333333333333,0.553694392684741,8.33333333333333,6,10,1.10738878536948,9,8,10,1.01015254455221,8.33333333333333,6,10,1.10738878536948,0,2.10153397218646,2.82842712474619,0.561303011598098,"F4_R25",0.967663017671823,0.706508810356395,-1.2876990647278,0.271391979495859,1.07286376482578,1.73072850762206,0.707303974221267,269,"hard",5,4,20,2,4,5,4,20,3,4,1,8,0.4,FALSE,FALSE,TRUE,2.90904364486504,-1.17831513724298
1109,"-1:-1|0:2|1:1|1:2",4,TRUE,1,2,1,"mixed",1.76612377556149,2.23606797749979,2.25,3,2,1.83716308916112,1,8,1,25,0,TRUE,25,33554432,0,1,25,25,0.833333333333333,2,0.75,0.0833333333333333,0.553694392684741,8.33333333333333,6,10,1.10738878536948,8,8,8,0,8.33333333333333,6,10,1.10738878536948,0,1.83716308916112,2.82842712474619,0.687048262758847,"F4_R25",-0.734543849337212,-0.342004264885899,-1.2876990647278,0.271391979495859,-1.3423754352168,-3.43523063467185,0.139634801288937,800,"very_easy",4,3,12,2,3,4,3,12,1,4,1,6,0.5,FALSE,FALSE,TRUE,-2.23756203622485,-1.197668598447
1301,"-1:0|1:-2|1:0|2:-1",4,TRUE,2,0,2,"mixed",1.61803398874989,2.23606797749979,2,3,2,1.83650581819917,1,8,1,25,0,TRUE,25,33554432,0,1,25,25,0.833333333333333,2,0.75,0.0833333333333333,0.553694392684741,8.33333333333333,6,10,1.10738878536948,8,6,10,2.02030508910442,8.33333333333333,6,10,1.10738878536948,0,1.83650581819917,2.82842712474619,0.602998415071235,"F4_R25",-0.738775825007578,-0.342004264885899,-1.2876990647278,0.271391979495859,-1.3423754352168,-3.43946261034222,0.131578947368421,805,"very_easy",3,4,12,2,3,3,4,12,1,4,1,6,0.5,FALSE,FALSE,TRUE,-2.23756203622485,-1.20190057411737
1372,"-1:0|1:-2|1:-1|2:0",4,TRUE,2,1,1,"mixed",1.66257038496822,2.23606797749979,2,3,2,1.83650581819917,1,8,1,25,0,TRUE,25,33554432,0,1,25,25,0.833333333333333,2,0.75,0.0833333333333333,0.553694392684741,8.33333333333333,6,10,1.10738878536948,8,8,8,0,8.33333333333333,6,10,1.10738878536948,0,1.83650581819917,2.82842712474619,0.602998415071235,"F4_R25",-0.738775825007578,-0.342004264885899,-1.2876990647278,0.271391979495859,-1.3423754352168,-3.43946261034222,0.131578947368421,805,"very_easy",3,4,12,2,3,3,4,12,1,4,1,6,0.5,FALSE,FALSE,TRUE,-2.23756203622485,-1.20190057411737
1663,"-1:-1|0:-2|1:0|2:0",4,TRUE,3,1,0,"mixed",1.60355339059327,2,1.75,2,2,1.83650581819917,1,8,1,25,0,TRUE,25,33554432,0,1,25,25,0.833333333333333,2,0.75,0.0833333333333333,0.553694392684741,8.33333333333333,6,10,1.10738878536948,8,6,10,2.02030508910442,8.33333333333333,6,10,1.10738878536948,0,1.83650581819917,2.82842712474619,0.602998415071235,"F4_R25",-0.738775825007578,-0.342004264885899,-1.2876990647278,0.271391979495859,-1.3423754352168,-3.43946261034222,0.131578947368421,805,"very_easy",3,4,12,2,2,3,4,12,1,4,1,6,0.5,FALSE,FALSE,TRUE,-2.23756203622485,-1.20190057411737
1177,"-1:-1|-1:0|0:2|1:2",4,TRUE,2,1,1,"mixed",1.66257038496822,2.23606797749979,2,3,2,1.87792717443648,2,8,1,25,0,TRUE,25,33554432,0,1,25,25,0.833333333333333,2,0.666666666666667,0.166666666666667,0.688332449299089,8.33333333333333,6,10,1.37666489859818,7,6,8,1.01015254455221,8.33333333333333,6,10,1.37666489859818,0,1.87792717443648,2.82842712474619,0.725250552501227,"F4_R25",-0.472075815456155,-1.39051734012819,0.0523490600394965,0.271391979495859,-0.134755835195509,-1.6736079512445,0.291084854994629,659,"easy",4,3,12,2,3,4,3,12,2,4,1,7,0.583333333333333,FALSE,FALSE,TRUE,-0.45645541517073,-1.21715253607377
805,"-1:-2|-1:2|2:-1|2:2",4,TRUE,0,1,3,"off_axis",2.38415776431139,2.82842712474619,3.25,4,2,2.18371941369913,4,8,1,25,0,TRUE,25,33554432,0,1,25,25,0.833333333333333,2,0.75,0.0833333333333333,0.553694392684741,8.33333333333333,6,10,1.10738878536948,9,8,10,1.01015254455221,8.33333333333333,6,10,1.10738878536948,0,2.18371941369913,2.82842712474619,0.507027856163868,"F4_R25",1.4968310611043,0.706508810356395,-1.2876990647278,0.271391979495859,2.28048336484708,3.46751615107583,0.883995703544576,107,"very_hard",5,4,20,2,4,5,4,20,4,4,1,9,0.45,FALSE,FALSE,TRUE,4.69015026591916,-1.22263411484333
477,"-2:-1|0:-1|2:-2|2:-1",4,TRUE,1,1,2,"mixed",2.07514076993644,2.82842712474619,2.75,4,2,1.79508446196187,2,8,1,25,0,TRUE,25,33554432,0,1,25,25,0.833333333333333,2,0.583333333333333,0.25,0.800640769025436,8.33333333333333,6,10,1.60128153805087,7,6,8,1.01015254455221,8.33333333333333,6,10,1.60128153805087,0,1.79508446196187,2.82842712474619,0.647792640367682,"F4_R25",-1.005475834559,-1.39051734012819,1.17015005204386,0.271391979495859,-0.134755835195509,-1.08920697834298,0.361976369495166,593,"easy",3,5,15,2,4,3,5,15,2,4,1,7,0.466666666666667,FALSE,FALSE,TRUE,0.137691749447388,-1.22689872779037
1010,"-2:-1|0:-2|1:-1|2:2",4,TRUE,1,2,1,"mixed",2.11967716615477,2.82842712474619,2.75,4,2,2.08371941369913,3,8,1,25,0,TRUE,25,33554432,0,1,25,25,0.833333333333333,2,0.75,0.0833333333333333,0.553694392684741,8.33333333333333,6,10,1.10738878536948,10,10,10,0,8.33333333333333,6,10,1.10738878536948,0,2.08371941369913,2.82842712474619,0.419143842948326,"F4_R25",0.852960280960224,1.75502188559869,-1.2876990647278,0.271391979495859,1.07286376482578,2.66453884615276,0.790547798066595,194,"hard",5,5,25,2,4,5,5,25,3,4,1,8,0.32,FALSE,FALSE,TRUE,3.89928891922857,-1.23475007307581
1036,"-1:0|0:-2|1:-2|2:2",4,TRUE,2,1,1,"mixed",2.01612377556149,2.82842712474619,2.5,4,2,2.0607698869111,2,8,1,25,0,TRUE,25,33554432,0,1,25,25,0.833333333333333,2,0.583333333333333,0.25,0.800640769025436,8.33333333333333,6,10,1.60128153805087,8,6,10,2.02030508910442,8.33333333333333,6,10,1.60128153805087,0,2.0607698869111,2.82842712474619,0.709637993158325,"F4_R25",0.705194983790766,-0.342004264885899,1.17015005204386,0.271391979495859,-0.134755835195509,1.66997691524908,0.697099892588614,281,"hard",5,4,20,2,4,5,4,20,3,4,1,8,0.4,FALSE,FALSE,TRUE,2.90904364486504,-1.23906672961596
954,"-1:0|0:-1|0:2|2:-2",4,TRUE,3,1,0,"mixed",1.70710678118655,2.82842712474619,2,4,2,1.97792717443648,3,8,1,25,0,TRUE,25,33554432,0,1,25,25,0.833333333333333,2,0.75,0.0833333333333333,0.553694392684741,8.33333333333333,6,10,1.10738878536948,8,8,8,0,8.33333333333333,6,10,1.10738878536948,0,1.97792717443648,2.82842712474619,0.656424737689541,"F4_R25",0.171794964687922,-0.342004264885899,-1.2876990647278,0.271391979495859,1.07286376482578,-0.113652620604136,0.474758324382385,488,"medium",5,4,20,2,4,5,4,20,2,4,1,7,0.35,FALSE,FALSE,TRUE,1.12793702381092,-1.24158964441505
1003,"-1:-1|-1:0|-1:2|2:-2",4,TRUE,1,2,1,"mixed",1.86967716615477,2.82842712474619,2.5,4,2,1.97792717443648,3,8,1,25,0,TRUE,25,33554432,0,1,25,25,0.833333333333333,2,0.75,0.0833333333333333,0.553694392684741,8.33333333333333,6,10,1.10738878536948,8,8,8,0,8.33333333333333,6,10,1.10738878536948,0,1.97792717443648,2.82842712474619,0.656424737689541,"F4_R25",0.171794964687922,-0.342004264885899,-1.2876990647278,0.271391979495859,1.07286376482578,-0.113652620604136,0.474758324382385,488,"medium",5,4,20,2,4,5,4,20,2,4,1,7,0.35,FALSE,FALSE,TRUE,1.12793702381092,-1.24158964441505
733,"-1:-2|0:-1|1:0|2:-2",4,TRUE,2,1,1,"mixed",1.76612377556149,2.82842712474619,2.25,4,2,1.91934853067379,2,8,1,25,0,TRUE,25,33554432,0,1,25,25,0.833333333333333,2,0.75,0.0833333333333333,0.553694392684741,8.33333333333333,6,10,1.10738878536948,8,8,8,0,8.33333333333333,6,10,1.10738878536948,0,1.91934853067379,2.82842712474619,0.679951973631102,"F4_R25",-0.205375805904733,-0.342004264885899,-1.2876990647278,0.271391979495859,-0.134755835195509,-1.69844299121808,0.283029001074114,664,"easy",3,4,12,2,4,3,4,12,2,4,1,7,0.583333333333333,FALSE,FALSE,TRUE,-0.45645541517073,-1.24198757604735
1093,"-1:0|1:-2|2:-1|2:0",4,TRUE,2,0,2,"mixed",1.86803398874989,2.23606797749979,2.25,3,2,1.91869125971184,2,8,1,25,0,TRUE,25,33554432,0,1,25,25,0.833333333333333,2,0.75,0.0833333333333333,0.553694392684741,8.33333333333333,6,10,1.10738878536948,8,8,8,0,8.33333333333333,6,10,1.10738878536948,0,1.91869125971184,2.82842712474619,0.595001260414515,"F4_R25",-0.209607781575099,-0.342004264885899,-1.2876990647278,0.271391979495859,-0.134755835195509,-1.70267496688845,0.272287862513426,674,"easy",3,4,12,2,3,3,4,12,2,4,1,7,0.583333333333333,FALSE,FALSE,TRUE,-0.45645541517073,-1.24621955171772
532,"-2:-1|-1:2|2:-2|2:-1",4,TRUE,0,1,3,"off_axis",2.38415776431139,2.82842712474619,3.25,4,2,2.02514076993644,3,8,1,25,0,TRUE,25,33554432,0,1,25,25,0.833333333333333,2,0.583333333333333,0.25,0.800640769025436,8.33333333333333,6,10,1.60128153805087,8,8,8,0,8.33333333333333,6,10,1.60128153805087,0,2.02514076993644,2.82842712474619,0.665669973236015,"F4_R25",0.47578951036757,-0.342004264885899,1.17015005204386,0.271391979495859,1.07286376482578,2.64819104184717,0.785177228786251,199,"hard",5,5,25,2,4,5,5,25,3,4,1,8,0.32,FALSE,FALSE,TRUE,3.89928891922857,-1.2510978773814
759,"-2:-1|-2:2|-1:-1|2:-2",4,TRUE,0,3,1,"off_axis",2.32678394734132,2.82842712474619,3.25,4,2,1.9607698869111,1,8,1,25,0,TRUE,25,33554432,0,1,25,25,0.833333333333333,2,0.583333333333333,0.25,0.800640769025436,8.33333333333333,6,10,1.60128153805087,9,8,10,1.01015254455221,8.33333333333333,6,10,1.60128153805087,0,1.9607698869111,2.82842712474619,0.628385453702687,"F4_R25",0.0613242036466893,0.706508810356395,1.17015005204386,0.271391979495859,-1.3423754352168,0.866999610326002,0.61546723952739,357,"hard",5,5,25,2,4,5,5,25,2,4,1,7,0.28,FALSE,FALSE,TRUE,2.11818229817445,-1.25118268784845
520,"-2:-2|-1:0|2:-2|2:-1",4,TRUE,1,2,1,"mixed",2.22323055674804,2.82842712474619,3,4,2,1.9607698869111,2,8,1,25,0,TRUE,25,33554432,0,1,25,25,0.833333333333333,2,0.666666666666667,0.166666666666667,0.688332449299089,8.33333333333333,6,10,1.37666489859818,7,6,8,1.01015254455221,8.33333333333333,6,10,1.37666489859818,0,1.9607698869111,2.82842712474619,0.785551080864481,"F4_R25",0.0613242036466893,-1.39051734012819,0.0523490600394965,0.271391979495859,-0.134755835195509,-1.14020793214166,0.356605800214823,598,"easy",3,5,15,2,4,3,5,15,2,4,1,7,0.466666666666667,FALSE,FALSE,TRUE,0.137691749447388,-1.27789968158905
850,"-2:-2|-1:0|0:-1|2:-2",4,TRUE,2,2,0,"mixed",1.9142135623731,2.82842712474619,2.5,4,2,1.9607698869111,2,8,1,25,0,TRUE,25,33554432,0,1,25,25,0.833333333333333,2,0.666666666666667,0.166666666666667,0.688332449299089,8.33333333333333,6,10,1.37666489859818,7,6,8,1.01015254455221,8.33333333333333,6,10,1.37666489859818,0,1.9607698869111,2.82842712474619,0.785551080864481,"F4_R25",0.0613242036466893,-1.39051734012819,0.0523490600394965,0.271391979495859,-0.134755835195509,-1.14020793214166,0.356605800214823,598,"easy",3,5,15,2,4,3,5,15,2,4,1,7,0.466666666666667,FALSE,FALSE,TRUE,0.137691749447388,-1.27789968158905
1529,"-1:-1|-1:0|1:-2|1:2",4,TRUE,1,1,2,"mixed",1.72158737934317,2.23606797749979,2.25,3,2,1.9607698869111,2,8,1,25,0,TRUE,25,33554432,0,1,25,25,0.833333333333333,2,0.666666666666667,0.166666666666667,0.688332449299089,8.33333333333333,6,10,1.37666489859818,7,6,8,1.01015254455221,8.33333333333333,6,10,1.37666489859818,0,1.9607698869111,2.82842712474619,0.785551080864481,"F4_R25",0.0613242036466893,-1.39051734012819,0.0523490600394965,0.271391979495859,-0.134755835195509,-1.14020793214166,0.356605800214823,598,"easy",5,3,15,2,3,5,3,15,2,4,1,7,0.466666666666667,FALSE,FALSE,TRUE,0.137691749447388,-1.27789968158905
1193,"-1:-2|-1:2|2:-1|2:0",4,TRUE,1,0,3,"mixed",2.17705098312484,2.23606797749979,2.75,3,2,2.14295532842377,3,8,1,25,0,TRUE,25,33554432,0,1,25,25,0.833333333333333,2,0.583333333333333,0.25,0.800640769025436,8.33333333333333,6,10,1.60128153805087,8,6,10,2.02030508910442,8.33333333333333,6,10,1.60128153805087,0,2.14295532842377,2.82842712474619,0.67308779382795,"F4_R25",1.23436302722325,-0.342004264885899,1.17015005204386,0.271391979495859,1.07286376482578,3.40676455870285,0.873254564983888,117,"very_hard",5,4,20,2,3,5,4,20,4,4,1,9,0.45,FALSE,FALSE,TRUE,4.69015026591916,-1.28338570721631
1557,"-2:-1|-1:2|0:-2|2:0",4,TRUE,2,0,2,"mixed",2.11803398874989,2.23606797749979,2.5,3,2,2.14295532842377,3,8,1,25,0,TRUE,25,33554432,0,1,25,25,0.833333333333333,2,0.666666666666667,0.166666666666667,0.688332449299089,8.33333333333333,6,10,1.37666489859818,10,10,10,0,8.33333333333333,6,10,1.37666489859818,0,2.14295532842377,2.82842712474619,0.480442458550402,"F4_R25",1.23436302722325,1.75502188559869,0.0523490600394965,0.271391979495859,1.07286376482578,4.38598971718307,0.951664876476907,43,"very_hard",5,5,25,2,3,5,5,25,4,4,1,9,0.36,FALSE,FALSE,TRUE,5.68039554028269,-1.29440582309962
1690,"-1:-1|-1:1|1:0|2:0",4,TRUE,2,2,0,"mixed",1.45710678118655,2,1.75,2,2,1.77726990347453,1,4,2,25,0,TRUE,25,33554432,0,1,25,25,0.833333333333333,2,0.583333333333333,0.25,0.800640769025436,8.33333333333333,6,10,1.60128153805087,8,6,10,2.02030508910442,8.33333333333333,6,10,1.60128153805087,0,1.77726990347453,2.23606797749979,0.517807010599742,"F4_R25",-1.1201785712706,-0.342004264885899,1.17015005204386,-3.68075372191259,-1.3423754352168,-5.31516194124203,0.0343716433941998,899,"very_easy",3,4,12,2,2,3,4,12,0,4,1,5,0.416666666666667,FALSE,FALSE,TRUE,-4.01866865727897,-1.29649328396306
1245,"-1:-2|-1:-1|0:2|1:-2",4,TRUE,1,1,2,"mixed",1.97158737934317,2.23606797749979,2.5,3,2,1.81869125971184,1,8,1,25,0,TRUE,25,33554432,0,1,25,25,0.833333333333333,2,0.666666666666667,0.166666666666667,0.688332449299089,8.33333333333333,6,10,1.37666489859818,9,8,10,1.01015254455221,8.33333333333333,6,10,1.37666489859818,0,1.81869125971184,2.23606797749979,0.46231555102518,"F4_R25",-0.853478561719174,0.706508810356395,0.0523490600394965,0.271391979495859,-1.3423754352168,-1.16560414704422,0.345864661654135,608,"easy",5,3,15,2,3,5,3,15,2,4,1,7,0.466666666666667,FALSE,FALSE,TRUE,0.137691749447388,-1.30329589649161
943,"-1:0|0:-1|1:0|2:-2",4,TRUE,3,1,0,"mixed",1.45710678118655,2.82842712474619,1.75,4,2,1.79574173292382,2,8,1,25,0,TRUE,25,33554432,0,1,25,25,0.833333333333333,2,0.75,0.0833333333333333,0.553694392684741,8.33333333333333,6,10,1.10738878536948,7,6,8,1.01015254455221,8.33333333333333,6,10,1.10738878536948,0,1.79574173292382,2.82842712474619,0.726721426557334,"F4_R25",-1.00124385888863,-1.39051734012819,-1.2876990647278,0.271391979495859,-0.134755835195509,-3.54282411944428,0.120300751879699,818,"very_easy",3,4,12,2,4,3,4,12,1,4,1,6,0.5,FALSE,FALSE,TRUE,-2.23756203622485,-1.30526208321943
1524,"-1:-2|1:-1|1:0|2:0",4,TRUE,2,1,1,"mixed",1.66257038496822,2.23606797749979,2,3,2,1.79574173292382,2,8,1,25,0,TRUE,25,33554432,0,1,25,25,0.833333333333333,2,0.75,0.0833333333333333,0.553694392684741,8.33333333333333,6,10,1.10738878536948,7,6,8,1.01015254455221,8.33333333333333,6,10,1.10738878536948,0,1.79574173292382,2.82842712474619,0.726721426557334,"F4_R25",-1.00124385888863,-1.39051734012819,-1.2876990647278,0.271391979495859,-0.134755835195509,-3.54282411944428,0.120300751879699,818,"very_easy",3,4,12,2,3,3,4,12,1,4,1,6,0.5,FALSE,FALSE,TRUE,-2.23756203622485,-1.30526208321943
1528,"-1:-1|-1:0|-1:1|1:-2",4,TRUE,1,2,1,"mixed",1.51612377556149,2.23606797749979,2,3,2,1.79574173292382,2,8,1,25,0,TRUE,25,33554432,0,1,25,25,0.833333333333333,2,0.75,0.0833333333333333,0.553694392684741,8.33333333333333,6,10,1.10738878536948,7,6,8,1.01015254455221,8.33333333333333,6,10,1.10738878536948,0,1.79574173292382,2.82842712474619,0.726721426557334,"F4_R25",-1.00124385888863,-1.39051734012819,-1.2876990647278,0.271391979495859,-0.134755835195509,-3.54282411944428,0.120300751879699,818,"very_easy",4,3,12,2,3,4,3,12,1,4,1,6,0.5,FALSE,FALSE,TRUE,-2.23756203622485,-1.30526208321943
416,"-2:-2|-1:-2|0:-1|2:0",4,TRUE,2,1,1,"mixed",2.01612377556149,2.82842712474619,2.5,4,2,2.00153397218646,2,8,1,25,0,TRUE,25,33554432,0,1,25,25,0.833333333333333,2,0.75,0.0833333333333333,0.553694392684741,8.33333333333333,6,10,1.10738878536948,8,8,8,0,8.33333333333333,6,10,1.10738878536948,0,2.00153397218646,2.82842712474619,0.661531689157382,"F4_R25",0.323792237527746,-0.342004264885899,-1.2876990647278,0.271391979495859,-0.134755835195509,-1.1692749477856,0.340494092373792,613,"easy",3,5,15,2,4,3,5,15,2,4,1,7,0.466666666666667,FALSE,FALSE,TRUE,0.137691749447388,-1.30696669723299
438,"-1:-1|1:-2|1:2|2:-2",4,TRUE,0,2,2,"off_axis",2.17869416052972,2.82842712474619,3,4,2,1.94295532842377,2,8,1,25,0,TRUE,25,33554432,0,1,25,25,0.833333333333333,2,0.666666666666667,0.166666666666667,0.688332449299089,8.33333333333333,6,10,1.37666489859818,8,8,8,0,8.33333333333333,6,10,1.37666489859818,0,1.94295532842377,2.82842712474619,0.68712330427472,"F4_R25",-0.053378533064909,-0.342004264885899,0.0523490600394965,0.271391979495859,-0.134755835195509,-0.206397593610961,0.462943071965628,498,"medium",5,4,20,2,4,5,4,20,2,4,1,7,0.35,FALSE,FALSE,TRUE,1.12793702381092,-1.33433461742188
929,"-1:-1|0:-1|1:2|2:-2",4,TRUE,1,2,1,"mixed",1.86967716615477,2.82842712474619,2.5,4,2,1.94295532842377,2,8,1,25,0,TRUE,25,33554432,0,1,25,25,0.833333333333333,2,0.666666666666667,0.166666666666667,0.688332449299089,8.33333333333333,6,10,1.37666489859818,8,8,8,0,8.33333333333333,6,10,1.37666489859818,0,1.94295532842377,2.82842712474619,0.68712330427472,"F4_R25",-0.053378533064909,-0.342004264885899,0.0523490600394965,0.271391979495859,-0.134755835195509,-0.206397593610961,0.462943071965628,498,"medium",5,4,20,2,4,5,4,20,2,4,1,7,0.35,FALSE,FALSE,TRUE,1.12793702381092,-1.33433461742188
1053,"-2:-1|-1:2|0:2|2:-2",4,TRUE,1,1,2,"mixed",2.32514076993644,2.82842712474619,3,4,2,2.12514076993644,3,8,1,25,0,TRUE,25,33554432,0,1,25,25,0.833333333333333,2,0.583333333333333,0.25,0.800640769025436,8.33333333333333,6,10,1.60128153805087,9,8,10,1.01015254455221,8.33333333333333,6,10,1.60128153805087,0,2.12514076993644,2.82842712474619,0.561522442367321,"F4_R25",1.11966029051165,0.706508810356395,1.17015005204386,0.271391979495859,1.07286376482578,4.34057489723354,0.942534908700322,50,"very_hard",5,5,25,2,4,5,5,25,4,4,1,9,0.36,FALSE,FALSE,TRUE,5.68039554028269,-1.33982064304915
1304,"-2:-1|-1:-2|-1:0|2:-1",4,TRUE,1,0,3,"mixed",1.92705098312484,2.23606797749979,2.5,3,2,1.80087670122451,1,8,1,25,0,TRUE,25,33554432,0,1,25,25,0.833333333333333,2,0.583333333333333,0.25,0.800640769025436,8.33333333333333,6,10,1.60128153805087,8,6,10,2.02030508910442,8.33333333333333,6,10,1.60128153805087,0,1.80087670122451,2.23606797749979,0.534210847873044,"F4_R25",-0.968181298430773,-0.342004264885899,1.17015005204386,0.271391979495859,-1.3423754352168,-1.21101896699375,0.335123523093448,618,"easy",3,5,15,2,3,3,5,15,2,4,1,7,0.466666666666667,FALSE,FALSE,TRUE,0.137691749447388,-1.34871071644114
1306,"-1:-2|0:1|1:2|2:1",4,TRUE,1,0,3,"mixed",1.92705098312484,2.23606797749979,2.5,3,2,1.98371941369913,2,8,1,25,0,TRUE,25,33554432,0,1,25,25,0.833333333333333,2,0.75,0.0833333333333333,0.553694392684741,8.33333333333333,6,10,1.10738878536948,9,8,10,1.01015254455221,8.33333333333333,6,10,1.10738878536948,0,1.98371941369913,2.82842712474619,0.542481221091435,"F4_R25",0.209089500816147,0.706508810356395,-1.2876990647278,0.271391979495859,-0.134755835195509,-0.235464609254908,0.456498388829216,505,"medium",5,4,20,2,3,5,4,20,2,4,1,7,0.35,FALSE,FALSE,TRUE,1.12793702381092,-1.36340163306583
411,"-1:-1|0:-1|1:-2|2:-2",4,TRUE,1,2,1,"mixed",1.86967716615477,2.82842712474619,2.5,4,2,1.76011261594915,1,8,1,25,0,TRUE,25,33554432,0,1,25,25,0.833333333333333,2,0.666666666666667,0.166666666666667,0.688332449299089,8.33333333333333,6,10,1.37666489859818,7,6,8,1.01015254455221,8.33333333333333,6,10,1.37666489859818,0,1.76011261594915,2.82842712474619,0.668334230403909,"F4_R25",-1.23064933231183,-1.39051734012819,0.0523490600394965,0.271391979495859,-1.3423754352168,-3.63980106812147,0.109559613319012,828,"very_easy",3,4,12,2,4,3,4,12,1,4,1,6,0.5,FALSE,FALSE,TRUE,-2.23756203622485,-1.40223903189662
524,"-2:-2|-1:-2|0:1|2:2",4,TRUE,1,2,1,"mixed",2.22323055674804,2.82842712474619,3,4,2,2.08437668466108,2,8,1,25,0,TRUE,25,33554432,0,1,25,25,0.833333333333333,2,0.666666666666667,0.166666666666667,0.688332449299089,8.33333333333333,6,10,1.37666489859818,8,8,8,0,8.33333333333333,6,10,1.37666489859818,0,2.08437668466108,2.82842712474619,0.711316335661704,"F4_R25",0.85719225663059,-0.342004264885899,0.0523490600394965,0.271391979495859,-0.134755835195509,0.704173196084538,0.582169709989259,388,"medium",5,5,25,2,4,5,5,25,2,4,1,7,0.28,FALSE,FALSE,TRUE,2.11818229817445,-1.41400910208991
818,"-1:-2|0:1|1:2|2:-2",4,TRUE,1,1,2,"mixed",2.07514076993644,2.82842712474619,2.75,4,2,2.04295532842377,2,8,1,25,0,TRUE,25,33554432,0,1,25,25,0.833333333333333,2,0.666666666666667,0.166666666666667,0.688332449299089,8.33333333333333,6,10,1.37666489859818,9,8,10,1.01015254455221,8.33333333333333,6,10,1.37666489859818,0,2.04295532842377,2.82842712474619,0.60215679580886,"F4_R25",0.590492247079168,0.706508810356395,0.0523490600394965,0.271391979495859,-0.134755835195509,1.48598626177541,0.672395273899033,294,"hard",5,4,20,2,4,5,4,20,3,4,1,8,0.4,FALSE,FALSE,TRUE,2.90904364486504,-1.42305738308963
1214,"-1:-2|0:-2|1:2|2:1",4,TRUE,1,0,3,"mixed",2.17705098312484,2.23606797749979,2.75,3,2,2.04295532842377,2,8,1,25,0,TRUE,25,33554432,0,1,25,25,0.833333333333333,2,0.666666666666667,0.166666666666667,0.688332449299089,8.33333333333333,6,10,1.37666489859818,9,8,10,1.01015254455221,8.33333333333333,6,10,1.37666489859818,0,2.04295532842377,2.82842712474619,0.60215679580886,"F4_R25",0.590492247079168,0.706508810356395,0.0523490600394965,0.271391979495859,-0.134755835195509,1.48598626177541,0.672395273899033,294,"hard",5,4,20,2,3,5,4,20,3,4,1,8,0.4,FALSE,FALSE,TRUE,2.90904364486504,-1.42305738308963
1088,"-2:-1|-1:-2|-1:0|0:-2",4,TRUE,2,0,2,"mixed",1.86803398874989,2.23606797749979,2.25,3,2,1.77726990347453,1,8,1,25,0,TRUE,25,33554432,0,1,25,25,0.833333333333333,2,0.666666666666667,0.166666666666667,0.688332449299089,8.33333333333333,6,10,1.37666489859818,8,6,10,2.02030508910442,8.33333333333333,6,10,1.37666489859818,0,1.77726990347453,2.23606797749979,0.517807010599742,"F4_R25",-1.1201785712706,-0.342004264885899,0.0523490600394965,0.271391979495859,-1.3423754352168,-2.48081723183794,0.216970998925886,727,"easy",3,3,9,2,3,3,3,9,2,4,1,7,0.777777777777778,FALSE,FALSE,TRUE,-1.05060257978885,-1.43021465204909
1130,"-1:-1|0:-2|1:-2|1:0",4,TRUE,2,1,1,"mixed",1.66257038496822,2.23606797749979,2,3,2,1.77726990347453,1,8,1,25,0,TRUE,25,33554432,0,1,25,25,0.833333333333333,2,0.666666666666667,0.166666666666667,0.688332449299089,8.33333333333333,6,10,1.37666489859818,8,6,10,2.02030508910442,8.33333333333333,6,10,1.37666489859818,0,1.77726990347453,2.23606797749979,0.517807010599742,"F4_R25",-1.1201785712706,-0.342004264885899,0.0523490600394965,0.271391979495859,-1.3423754352168,-2.48081723183794,0.216970998925886,727,"easy",3,3,9,2,3,3,3,9,2,4,1,7,0.777777777777778,FALSE,FALSE,TRUE,-1.05060257978885,-1.43021465204909
388,"-2:-1|1:-2|2:-2|2:-1",4,TRUE,0,1,3,"off_axis",2.38415776431139,2.82842712474619,3.25,4,2,1.76011261594915,2,8,1,25,0,TRUE,25,33554432,0,1,25,25,0.833333333333333,2,0.583333333333333,0.25,0.800640769025436,8.33333333333333,6,10,1.60128153805087,7,6,8,1.01015254455221,8.33333333333333,6,10,1.60128153805087,0,1.76011261594915,2.82842712474619,0.668334230403909,"F4_R25",-1.23064933231183,-1.39051734012819,1.17015005204386,0.271391979495859,-0.134755835195509,-1.31438047609581,0.32438238453276,628,"easy",3,5,15,2,4,3,5,15,2,4,1,7,0.466666666666667,FALSE,FALSE,TRUE,0.137691749447388,-1.4520722255432
931,"-1:-1|-1:2|0:-1|2:-2",4,TRUE,1,2,1,"mixed",1.86967716615477,2.82842712474619,2.5,4,2,1.94229805746182,3,8,1,25,0,TRUE,25,33554432,0,1,25,25,0.833333333333333,2,0.75,0.0833333333333333,0.553694392684741,8.33333333333333,6,10,1.10738878536948,8,8,8,0,8.33333333333333,6,10,1.10738878536948,0,1.94229805746182,2.82842712474619,0.603212009882676,"F4_R25",-0.0576105087352749,-0.342004264885899,-1.2876990647278,0.271391979495859,1.07286376482578,-0.343058094027333,0.445757250268528,515,"medium",5,4,20,2,4,5,4,20,2,4,1,7,0.35,FALSE,FALSE,TRUE,1.12793702381092,-1.47099511783825
605,"-1:-2|0:1|0:2|2:2",4,TRUE,2,1,1,"mixed",2.01612377556149,2.82842712474619,2.5,4,2,1.91869125971184,2,8,1,25,0,TRUE,25,33554432,0,1,25,25,0.833333333333333,2,0.666666666666667,0.166666666666667,0.688332449299089,8.33333333333333,6,10,1.37666489859818,8,6,10,2.02030508910442,8.33333333333333,6,10,1.37666489859818,0,1.91869125971184,2.82842712474619,0.595001260414515,"F4_R25",-0.209607781575099,-0.342004264885899,0.0523490600394965,0.271391979495859,-0.134755835195509,-0.362626842121151,0.437701396348013,520,"medium",5,4,20,2,4,5,4,20,2,4,1,7,0.35,FALSE,FALSE,TRUE,1.12793702381092,-1.49056386593207
1368,"-1:-2|-1:-1|-1:2|2:-1",4,TRUE,0,1,3,"off_axis",2.03060437371812,2.23606797749979,2.75,3,2,1.91869125971184,2,8,1,25,0,TRUE,25,33554432,0,1,25,25,0.833333333333333,2,0.666666666666667,0.166666666666667,0.688332449299089,8.33333333333333,6,10,1.37666489859818,8,6,10,2.02030508910442,8.33333333333333,6,10,1.37666489859818,0,1.91869125971184,2.82842712474619,0.595001260414515,"F4_R25",-0.209607781575099,-0.342004264885899,0.0523490600394965,0.271391979495859,-0.134755835195509,-0.362626842121151,0.437701396348013,520,"medium",5,4,20,2,3,5,4,20,2,4,1,7,0.35,FALSE,FALSE,TRUE,1.12793702381092,-1.49056386593207
1378,"-2:-1|-1:-1|0:-2|2:-1",4,TRUE,1,1,2,"mixed",1.97158737934317,2.23606797749979,2.5,3,2,1.77726990347453,1,8,1,25,0,TRUE,25,33554432,0,1,25,25,0.833333333333333,2,0.583333333333333,0.25,0.800640769025436,8.33333333333333,6,10,1.60128153805087,8,6,10,2.02030508910442,8.33333333333333,6,10,1.60128153805087,0,1.77726990347453,2.23606797749979,0.517807010599742,"F4_R25",-1.1201785712706,-0.342004264885899,1.17015005204386,0.271391979495859,-1.3423754352168,-1.36301623983358,0.310418904403867,643,"easy",3,5,15,2,3,3,5,15,2,4,1,7,0.466666666666667,FALSE,FALSE,TRUE,0.137691749447388,-1.50070798928097
648,"-2:-2|-2:0|0:-1|2:-2",4,TRUE,2,2,0,"mixed",2.16421356237309,2.82842712474619,2.75,4,2,2.06011261594915,3,8,1,25,0,TRUE,25,33554432,0,1,25,25,0.833333333333333,2,0.75,0.0833333333333333,0.553694392684741,8.33333333333333,6,10,1.10738878536948,8,8,8,0,8.33333333333333,6,10,1.10738878536948,0,2.06011261594915,2.82842712474619,0.628875548196174,"F4_R25",0.7009630081204,-0.342004264885899,-1.2876990647278,0.271391979495859,1.07286376482578,0.415515422828343,0.556390977443609,412,"medium",3,5,15,2,4,3,5,15,3,4,1,8,0.533333333333333,FALSE,FALSE,TRUE,1.91879837050151,-1.50328294767317
1272,"-1:-2|-1:0|1:-2|1:2",4,TRUE,1,0,3,"mixed",1.92705098312484,2.23606797749979,2.5,3,2,2.06011261594915,3,8,1,25,0,TRUE,25,33554432,0,1,25,25,0.833333333333333,2,0.75,0.0833333333333333,0.553694392684741,8.33333333333333,6,10,1.10738878536948,8,8,8,0,8.33333333333333,6,10,1.10738878536948,0,2.06011261594915,2.82842712474619,0.628875548196174,"F4_R25",0.7009630081204,-0.342004264885899,-1.2876990647278,0.271391979495859,1.07286376482578,0.415515422828343,0.556390977443609,412,"medium",5,3,15,2,3,5,3,15,3,4,1,8,0.533333333333333,FALSE,FALSE,TRUE,1.91879837050151,-1.50328294767317
757,"-1:-2|-1:-1|0:2|2:-2",4,TRUE,1,2,1,"mixed",2.11967716615477,2.82842712474619,2.75,4,2,1.96011261594915,2,8,1,25,0,TRUE,25,33554432,0,1,25,25,0.833333333333333,2,0.75,0.0833333333333333,0.553694392684741,8.33333333333333,6,10,1.10738878536948,9,8,10,1.01015254455221,8.33333333333333,6,10,1.10738878536948,0,1.96011261594915,2.82842712474619,0.535369584489657,"F4_R25",0.0570922279763234,0.706508810356395,-1.2876990647278,0.271391979495859,-0.134755835195509,-0.387461882094732,0.426960257787325,530,"medium",5,4,20,2,4,5,4,20,2,4,1,7,0.35,FALSE,FALSE,TRUE,1.12793702381092,-1.51539890590565
1369,"-1:-2|-1:-1|0:2|2:-1",4,TRUE,1,1,2,"mixed",1.97158737934317,2.23606797749979,2.5,3,2,1.96011261594915,2,8,1,25,0,TRUE,25,33554432,0,1,25,25,0.833333333333333,2,0.75,0.0833333333333333,0.553694392684741,8.33333333333333,6,10,1.10738878536948,9,8,10,1.01015254455221,8.33333333333333,6,10,1.10738878536948,0,1.96011261594915,2.82842712474619,0.535369584489657,"F4_R25",0.0570922279763234,0.706508810356395,-1.2876990647278,0.271391979495859,-0.134755835195509,-0.387461882094732,0.426960257787325,530,"medium",5,4,20,2,3,5,4,20,2,4,1,7,0.35,FALSE,FALSE,TRUE,1.12793702381092,-1.51539890590565
1371,"-2:-1|-1:-1|0:-2|0:-1",4,TRUE,2,1,1,"mixed",1.66257038496822,2.23606797749979,2,3,2,1.53005630797458,1,8,1,25,0,TRUE,25,33554432,0,1,25,25,0.833333333333333,2,0.666666666666667,0.166666666666667,0.688332449299089,8.33333333333333,6,10,1.37666489859818,6,6,6,0,8.33333333333333,6,10,1.37666489859818,0,1.53005630797458,2.23606797749979,0.536374345259402,"F4_R25",-2.7119146772384,-2.43903041537049,0.0523490600394965,0.271391979495859,-1.3423754352168,-6.16957948829033,0.0150375939849624,918,"very_easy",3,3,9,2,3,3,3,9,0,4,1,5,0.555555555555556,FALSE,FALSE,TRUE,-4.61281582189709,-1.55676366639324
926,"-1:-1|0:-1|0:1|2:-2",4,TRUE,2,2,0,"mixed",1.56066017177982,2.82842712474619,2,4,2,1.87792717443648,2,8,1,25,0,TRUE,25,33554432,0,1,25,25,0.833333333333333,2,0.75,0.0833333333333333,0.553694392684741,8.33333333333333,6,10,1.10738878536948,7,6,8,1.01015254455221,8.33333333333333,6,10,1.10738878536948,0,1.87792717443648,2.82842712474619,0.725250552501227,"F4_R25",-0.472075815456155,-1.39051734012819,-1.2876990647278,0.271391979495859,-0.134755835195509,-3.0136560760118,0.185821697099893,757,"very_easy",4,4,16,2,4,4,4,16,1,4,1,6,0.375,FALSE,FALSE,TRUE,-1.44536581673403,-1.56829025927777
1387,"-1:-2|-1:-1|-1:0|2:1",4,TRUE,1,1,2,"mixed",1.72158737934317,2.23606797749979,2.25,3,2,1.87792717443648,2,8,1,25,0,TRUE,25,33554432,0,1,25,25,0.833333333333333,2,0.75,0.0833333333333333,0.553694392684741,8.33333333333333,6,10,1.10738878536948,7,6,8,1.01015254455221,8.33333333333333,6,10,1.10738878536948,0,1.87792717443648,2.82842712474619,0.725250552501227,"F4_R25",-0.472075815456155,-1.39051734012819,-1.2876990647278,0.271391979495859,-0.134755835195509,-3.0136560760118,0.185821697099893,757,"very_easy",4,4,16,2,3,4,4,16,1,4,1,6,0.375,FALSE,FALSE,TRUE,-1.44536581673403,-1.56829025927777
1620,"-1:-2|0:1|1:0|2:0",4,TRUE,3,0,1,"mixed",1.55901699437495,2.23606797749979,1.75,3,2,1.87792717443648,2,8,1,25,0,TRUE,25,33554432,0,1,25,25,0.833333333333333,2,0.75,0.0833333333333333,0.553694392684741,8.33333333333333,6,10,1.10738878536948,7,6,8,1.01015254455221,8.33333333333333,6,10,1.10738878536948,0,1.87792717443648,2.82842712474619,0.725250552501227,"F4_R25",-0.472075815456155,-1.39051734012819,-1.2876990647278,0.271391979495859,-0.134755835195509,-3.0136560760118,0.185821697099893,757,"very_easy",4,4,16,2,3,4,4,16,1,4,1,6,0.375,FALSE,FALSE,TRUE,-1.44536581673403,-1.56829025927777
715,"-1:-2|0:-1|1:-1|2:-2",4,TRUE,1,2,1,"mixed",1.86967716615477,2.82842712474619,2.5,4,2,1.77792717443648,1,8,1,25,0,TRUE,25,33554432,0,1,25,25,0.833333333333333,2,0.75,0.0833333333333333,0.553694392684741,8.33333333333333,6,10,1.10738878536948,8,8,8,0,8.33333333333333,6,10,1.10738878536948,0,1.77792717443648,2.82842712474619,0.613709089969705,"F4_R25",-1.11594659560023,-0.342004264885899,-1.2876990647278,0.271391979495859,-1.3423754352168,-3.81663338093487,0.0853920515574651,848,"very_easy",3,4,12,2,4,3,4,12,1,4,1,6,0.5,FALSE,FALSE,TRUE,-2.23756203622485,-1.57907134471002
1298,"-1:0|0:-1|1:-2|2:-1",4,TRUE,2,0,2,"mixed",1.61803398874989,2.23606797749979,2,3,2,1.77792717443648,1,8,1,25,0,TRUE,25,33554432,0,1,25,25,0.833333333333333,2,0.75,0.0833333333333333,0.553694392684741,8.33333333333333,6,10,1.10738878536948,8,8,8,0,8.33333333333333,6,10,1.10738878536948,0,1.77792717443648,2.82842712474619,0.613709089969705,"F4_R25",-1.11594659560023,-0.342004264885899,-1.2876990647278,0.271391979495859,-1.3423754352168,-3.81663338093487,0.0853920515574651,848,"very_easy",3,4,12,2,3,3,4,12,1,4,1,6,0.5,FALSE,FALSE,TRUE,-2.23756203622485,-1.57907134471002
1434,"-1:-1|-1:2|0:1|1:1",4,TRUE,1,2,1,"mixed",1.51612377556149,2.23606797749979,2,3,2,1.77792717443648,1,8,1,25,0,TRUE,25,33554432,0,1,25,25,0.833333333333333,2,0.75,0.0833333333333333,0.553694392684741,8.33333333333333,6,10,1.10738878536948,8,8,8,0,8.33333333333333,6,10,1.10738878536948,0,1.77792717443648,2.82842712474619,0.613709089969705,"F4_R25",-1.11594659560023,-0.342004264885899,-1.2876990647278,0.271391979495859,-1.3423754352168,-3.81663338093487,0.0853920515574651,848,"very_easy",4,3,12,2,3,4,3,12,1,4,1,6,0.5,FALSE,FALSE,TRUE,-2.23756203622485,-1.57907134471002
1472,"-1:-1|-1:2|0:1|1:0",4,TRUE,2,1,1,"mixed",1.41257038496822,2.23606797749979,1.75,3,2,1.77792717443648,1,8,1,25,0,TRUE,25,33554432,0,1,25,25,0.833333333333333,2,0.75,0.0833333333333333,0.553694392684741,8.33333333333333,6,10,1.10738878536948,8,8,8,0,8.33333333333333,6,10,1.10738878536948,0,1.77792717443648,2.82842712474619,0.613709089969705,"F4_R25",-1.11594659560023,-0.342004264885899,-1.2876990647278,0.271391979495859,-1.3423754352168,-3.81663338093487,0.0853920515574651,848,"very_easy",4,3,12,2,3,4,3,12,1,4,1,6,0.5,FALSE,FALSE,TRUE,-2.23756203622485,-1.57907134471002
1666,"-1:-1|-1:0|0:2|1:1",4,TRUE,2,2,0,"mixed",1.45710678118655,2,1.75,2,2,1.77792717443648,1,8,1,25,0,TRUE,25,33554432,0,1,25,25,0.833333333333333,2,0.75,0.0833333333333333,0.553694392684741,8.33333333333333,6,10,1.10738878536948,8,8,8,0,8.33333333333333,6,10,1.10738878536948,0,1.77792717443648,2.82842712474619,0.613709089969705,"F4_R25",-1.11594659560023,-0.342004264885899,-1.2876990647278,0.271391979495859,-1.3423754352168,-3.81663338093487,0.0853920515574651,848,"very_easy",4,3,12,2,2,4,3,12,1,4,1,6,0.5,FALSE,FALSE,TRUE,-2.23756203622485,-1.57907134471002
945,"-1:-1|0:1|1:0|2:2",4,TRUE,2,2,0,"mixed",1.56066017177982,2.82842712474619,2,4,2,1.94295532842377,2,4,2,25,0,TRUE,25,33554432,0,1,25,25,0.833333333333333,2,0.583333333333333,0.25,0.800640769025436,8.33333333333333,6,10,1.60128153805087,8,8,8,0,8.33333333333333,6,10,1.60128153805087,0,1.94295532842377,2.82842712474619,0.68712330427472,"F4_R25",-0.053378533064909,-0.342004264885899,1.17015005204386,-3.68075372191259,-0.134755835195509,-3.04074230301505,0.178302900107411,765,"very_easy",4,4,16,2,4,4,4,16,1,4,1,6,0.375,FALSE,FALSE,TRUE,-1.44536581673403,-1.59537648628102
1597,"-1:-1|0:-2|1:2|2:0",4,TRUE,2,1,1,"mixed",1.91257038496822,2.23606797749979,2.25,3,2,2.0607698869111,2,8,1,25,0,TRUE,25,33554432,0,1,25,25,0.833333333333333,2,0.75,0.0833333333333333,0.553694392684741,8.33333333333333,6,10,1.10738878536948,10,10,10,0,8.33333333333333,6,10,1.10738878536948,0,2.0607698869111,2.82842712474619,0.530437422427522,"F4_R25",0.705194983790766,1.75502188559869,-1.2876990647278,0.271391979495859,-0.134755835195509,1.309153948962,0.64983888292159,325,"hard",5,4,20,2,3,5,4,20,3,4,1,8,0.4,FALSE,FALSE,TRUE,2.90904364486504,-1.59988969590303
1106,"-1:-2|1:-1|2:-1|2:0",4,TRUE,1,1,2,"mixed",1.97158737934317,2.23606797749979,2.5,3,2,1.86011261594915,2,8,1,25,0,TRUE,25,33554432,0,1,25,25,0.833333333333333,2,0.75,0.0833333333333333,0.553694392684741,8.33333333333333,6,10,1.10738878536948,8,8,8,0,8.33333333333333,6,10,1.10738878536948,0,1.86011261594915,2.82842712474619,0.614619173858266,"F4_R25",-0.586778552167754,-0.342004264885899,-1.2876990647278,0.271391979495859,-0.134755835195509,-2.0798457374811,0.247046186895811,700,"easy",3,4,12,2,3,3,4,12,2,4,1,7,0.583333333333333,FALSE,FALSE,TRUE,-0.45645541517073,-1.62339032231037
1103,"-1:-2|-1:-1|-1:0|0:-2",4,TRUE,2,1,1,"mixed",1.66257038496822,2.23606797749979,2,3,2,1.53005630797458,1,8,1,25,0,TRUE,25,33554432,0,1,25,25,0.833333333333333,2,0.583333333333333,0.25,0.800640769025436,8.33333333333333,6,10,1.60128153805087,6,6,6,0,8.33333333333333,6,10,1.60128153805087,0,1.53005630797458,2.23606797749979,0.536374345259402,"F4_R25",-2.7119146772384,-2.43903041537049,1.17015005204386,0.271391979495859,-1.3423754352168,-5.05177849628597,0.0370569280343716,897,"very_easy",3,2,6,2,3,3,2,6,1,4,1,6,1,FALSE,FALSE,TRUE,-3.42585636546109,-1.62592213082488
1117,"-1:-2|-1:0|0:-2|0:-1",4,TRUE,3,0,1,"mixed",1.55901699437495,2.23606797749979,1.75,3,2,1.53005630797458,1,8,1,25,0,TRUE,25,33554432,0,1,25,25,0.833333333333333,2,0.583333333333333,0.25,0.800640769025436,8.33333333333333,6,10,1.60128153805087,6,6,6,0,8.33333333333333,6,10,1.60128153805087,0,1.53005630797458,2.23606797749979,0.536374345259402,"F4_R25",-2.7119146772384,-2.43903041537049,1.17015005204386,0.271391979495859,-1.3423754352168,-5.05177849628597,0.0370569280343716,897,"very_easy",3,2,6,2,3,3,2,6,1,4,1,6,1,FALSE,FALSE,TRUE,-3.42585636546109,-1.62592213082488
1124,"-1:-2|0:-2|0:-1|2:1",4,TRUE,2,0,2,"mixed",1.86803398874989,2.23606797749979,2.25,3,2,1.93716308916112,2,8,1,25,0,TRUE,25,33554432,0,1,25,25,0.833333333333333,2,0.666666666666667,0.166666666666667,0.688332449299089,8.33333333333333,6,10,1.37666489859818,7,6,8,1.01015254455221,8.33333333333333,6,10,1.37666489859818,0,1.93716308916112,2.82842712474619,0.779885437449864,"F4_R25",-0.0906730691931347,-1.39051734012819,0.0523490600394965,0.271391979495859,-0.134755835195509,-1.29220520498148,0.329752953813104,623,"easy",4,4,16,2,3,4,4,16,2,4,1,7,0.4375,FALSE,FALSE,TRUE,0.335740804320094,-1.62794600930157
633,"-2:-1|0:-2|0:2|2:-2",4,TRUE,2,1,1,"mixed",2.26612377556149,2.82842712474619,2.75,4,2,2.07792717443648,3,8,1,25,0,TRUE,25,33554432,0,1,25,25,0.833333333333333,2,0.583333333333333,0.25,0.800640769025436,8.33333333333333,6,10,1.60128153805087,9,8,10,1.01015254455221,8.33333333333333,6,10,1.60128153805087,0,2.07792717443648,2.82842712474619,0.559978826721162,"F4_R25",0.815665744831999,0.706508810356395,1.17015005204386,0.271391979495859,1.07286376482578,4.0365803515539,0.932330827067669,62,"very_hard",5,5,25,2,4,5,5,25,4,4,1,9,0.36,FALSE,FALSE,TRUE,5.68039554028269,-1.64381518872879
1398,"-1:-2|-1:-1|0:2|1:0",4,TRUE,2,1,1,"mixed",1.66257038496822,2.23606797749979,2,3,2,1.86011261594915,1,8,1,25,0,TRUE,25,33554432,0,1,25,25,0.833333333333333,2,0.75,0.0833333333333333,0.553694392684741,8.33333333333333,6,10,1.10738878536948,8,8,8,0,8.33333333333333,6,10,1.10738878536948,0,1.86011261594915,2.82842712474619,0.614619173858266,"F4_R25",-0.586778552167754,-0.342004264885899,-1.2876990647278,0.271391979495859,-1.3423754352168,-3.2874653375024,0.15359828141783,787,"very_easy",5,3,15,2,3,5,3,15,1,4,1,6,0.4,FALSE,FALSE,TRUE,-1.64341487160673,-1.64405046589566
1110,"-1:-2|-1:-1|0:-2|2:1",4,TRUE,1,1,2,"mixed",1.97158737934317,2.23606797749979,2.5,3,2,1.97858444539843,2,8,1,25,0,TRUE,25,33554432,0,1,25,25,0.833333333333333,2,0.75,0.0833333333333333,0.553694392684741,8.33333333333333,6,10,1.10738878536948,8,8,8,0,8.33333333333333,6,10,1.10738878536948,0,1.97858444539843,2.82842712474619,0.734244579617092,"F4_R25",0.176026940358286,-0.342004264885899,-1.2876990647278,0.271391979495859,-0.134755835195509,-1.31704024495506,0.319011815252417,633,"easy",4,4,16,2,3,4,4,16,2,4,1,7,0.4375,FALSE,FALSE,TRUE,0.335740804320094,-1.65278104927516
738,"-1:-2|0:-1|0:1|2:-2",4,TRUE,2,1,1,"mixed",1.76612377556149,2.82842712474619,2.25,4,2,1.97792717443648,2,8,1,25,0,TRUE,25,33554432,0,1,25,25,0.833333333333333,2,0.75,0.0833333333333333,0.553694392684741,8.33333333333333,6,10,1.10738878536948,8,6,10,2.02030508910442,8.33333333333333,6,10,1.10738878536948,0,1.97792717443648,2.82842712474619,0.656424737689541,"F4_R25",0.171794964687922,-0.342004264885899,-1.2876990647278,0.271391979495859,-0.134755835195509,-1.32127222062543,0.313641245972073,638,"easy",4,4,16,2,4,4,4,16,2,4,1,7,0.4375,FALSE,FALSE,TRUE,0.335740804320094,-1.65701302494552
923,"-1:-1|-1:0|0:-1|2:-2",4,TRUE,2,2,0,"mixed",1.56066017177982,2.82842712474619,2,4,2,1.69574173292382,2,8,1,25,0,TRUE,25,33554432,0,1,25,25,0.833333333333333,2,0.666666666666667,0.166666666666667,0.688332449299089,8.33333333333333,6,10,1.37666489859818,6,6,6,0,8.33333333333333,6,10,1.37666489859818,0,1.69574173292382,2.82842712474619,0.763369704534177,"F4_R25",-1.64511463903271,-2.43903041537049,0.0523490600394965,0.271391979495859,-0.134755835195509,-3.89515985006335,0.0767991407089152,860,"very_easy",3,4,12,2,4,3,4,12,1,4,1,6,0.5,FALSE,FALSE,TRUE,-2.23756203622485,-1.6575978138385
1627,"-1:-1|-1:0|0:-1|1:2",4,TRUE,2,1,1,"mixed",1.41257038496822,2.23606797749979,1.75,3,2,1.69574173292382,2,8,1,25,0,TRUE,25,33554432,0,1,25,25,0.833333333333333,2,0.666666666666667,0.166666666666667,0.688332449299089,8.33333333333333,6,10,1.37666489859818,6,6,6,0,8.33333333333333,6,10,1.37666489859818,0,1.69574173292382,2.82842712474619,0.763369704534177,"F4_R25",-1.64511463903271,-2.43903041537049,0.0523490600394965,0.271391979495859,-0.134755835195509,-3.89515985006335,0.0767991407089152,860,"very_easy",4,3,12,2,3,4,3,12,1,4,1,6,0.5,FALSE,FALSE,TRUE,-2.23756203622485,-1.6575978138385
1129,"-1:-1|0:-2|1:-2|2:0",4,TRUE,2,1,1,"mixed",1.91257038496822,2.23606797749979,2.25,3,2,1.96011261594915,2,8,1,25,0,TRUE,25,33554432,0,1,25,25,0.833333333333333,2,0.75,0.0833333333333333,0.553694392684741,8.33333333333333,6,10,1.10738878536948,9,8,10,1.01015254455221,8.33333333333333,6,10,1.10738878536948,0,1.96011261594915,2.82842712474619,0.535369584489657,"F4_R25",0.0570922279763234,0.706508810356395,-1.2876990647278,0.271391979495859,-0.134755835195509,-0.387461882094732,0.426960257787325,530,"medium",3,4,12,2,3,3,4,12,3,4,1,8,0.666666666666667,FALSE,FALSE,TRUE,1.32465120588339,-1.71211308797812
606,"-2:-2|-2:0|-1:0|2:2",4,TRUE,2,2,0,"mixed",2.16421356237309,2.82842712474619,2.75,4,2,2.03716308916112,2,8,1,25,0,TRUE,25,33554432,0,1,25,25,0.833333333333333,2,0.666666666666667,0.166666666666667,0.688332449299089,8.33333333333333,6,10,1.37666489859818,8,6,10,2.02030508910442,8.33333333333333,6,10,1.37666489859818,0,2.03716308916112,2.82842712474619,0.707080498450027,"F4_R25",0.553197710950942,-0.342004264885899,0.0523490600394965,0.271391979495859,-0.134755835195509,0.40017865040489,0.551020408163265,417,"medium",5,5,25,2,4,5,5,25,2,4,1,7,0.28,FALSE,FALSE,TRUE,2.11818229817445,-1.71800364776956
1556,"-2:-1|-1:2|0:-2|2:-1",4,TRUE,1,0,3,"mixed",2.17705098312484,2.23606797749979,2.75,3,2,2.0659048552118,3,8,1,25,0,TRUE,25,33554432,0,1,25,25,0.833333333333333,2,0.583333333333333,0.25,0.800640769025436,8.33333333333333,6,10,1.60128153805087,9,8,10,1.01015254455221,8.33333333333333,6,10,1.60128153805087,0,2.0659048552118,2.82842712474619,0.507758832969072,"F4_R25",0.738257544248626,0.706508810356395,1.17015005204386,0.271391979495859,1.07286376482578,3.95917215097052,0.924274973147154,67,"very_hard",5,5,25,2,3,5,5,25,4,4,1,9,0.36,FALSE,FALSE,TRUE,5.68039554028269,-1.72122338931217
700,"-1:-1|0:-2|0:2|2:2",4,TRUE,2,2,0,"mixed",2.06066017177982,2.82842712474619,2.5,4,2,1.99574173292381,2,8,1,25,0,TRUE,25,33554432,0,1,25,25,0.833333333333333,2,0.666666666666667,0.166666666666667,0.688332449299089,8.33333333333333,6,10,1.37666489859818,9,8,10,1.01015254455221,8.33333333333333,6,10,1.37666489859818,0,1.99574173292381,2.82842712474619,0.593497107983451,"F4_R25",0.286497701399519,0.706508810356395,0.0523490600394965,0.271391979495859,-0.134755835195509,1.18199171609576,0.639097744360902,335,"hard",5,4,20,2,4,5,4,20,3,4,1,8,0.4,FALSE,FALSE,TRUE,2.90904364486504,-1.72705192876928
1484,"-1:-2|0:-1|0:2|2:0",4,TRUE,3,0,1,"mixed",1.80901699437495,2.23606797749979,2,3,2,1.99574173292381,2,8,1,25,0,TRUE,25,33554432,0,1,25,25,0.833333333333333,2,0.666666666666667,0.166666666666667,0.688332449299089,8.33333333333333,6,10,1.37666489859818,9,8,10,1.01015254455221,8.33333333333333,6,10,1.37666489859818,0,1.99574173292381,2.82842712474619,0.593497107983451,"F4_R25",0.286497701399519,0.706508810356395,0.0523490600394965,0.271391979495859,-0.134755835195509,1.18199171609576,0.639097744360902,335,"hard",5,4,20,2,3,5,4,20,3,4,1,8,0.4,FALSE,FALSE,TRUE,2.90904364486504,-1.72705192876928
1185,"-1:-1|0:-2|2:0|2:1",4,TRUE,2,1,1,"mixed",1.91257038496822,2.23606797749979,2.25,3,2,2.07858444539843,2,8,1,25,0,TRUE,25,33554432,0,1,25,25,0.833333333333333,2,0.75,0.0833333333333333,0.553694392684741,8.33333333333333,6,10,1.10738878536948,9,8,10,1.01015254455221,8.33333333333333,6,10,1.10738878536948,0,2.07858444539843,2.82842712474619,0.649347281975168,"F4_R25",0.819897720502362,0.706508810356395,-1.2876990647278,0.271391979495859,-0.134755835195509,0.375343610431306,0.545649838882922,422,"medium",4,4,16,2,3,4,4,16,3,4,1,8,0.5,FALSE,FALSE,TRUE,2.11684742537422,-1.74150381494291
367,"-2:-2|-1:-2|-1:-1|2:-2",4,TRUE,0,3,1,"off_axis",2.32678394734132,2.82842712474619,3.25,4,2,1.79574173292382,1,8,1,25,0,TRUE,25,33554432,0,1,25,25,0.833333333333333,2,0.666666666666667,0.166666666666667,0.688332449299089,8.33333333333333,6,10,1.37666489859818,7,6,8,1.01015254455221,8.33333333333333,6,10,1.37666489859818,0,1.79574173292382,2.82842712474619,0.726721426557334,"F4_R25",-1.00124385888863,-1.39051734012819,0.0523490600394965,0.271391979495859,-1.3423754352168,-3.41039559469827,0.14500537056928,795,"very_easy",3,5,15,2,4,3,5,15,1,4,1,6,0.4,FALSE,FALSE,TRUE,-1.64341487160673,-1.76698072309154
708,"-1:-2|0:2|2:-2|2:2",4,TRUE,1,2,1,"mixed",2.47323055674804,2.82842712474619,3.25,4,2,2.07792717443648,3,8,1,25,0,TRUE,25,33554432,0,1,25,25,0.833333333333333,2,0.666666666666667,0.166666666666667,0.688332449299089,8.33333333333333,6,10,1.37666489859818,9,8,10,1.01015254455221,8.33333333333333,6,10,1.37666489859818,0,2.07792717443648,2.82842712474619,0.559978826721162,"F4_R25",0.815665744831999,0.706508810356395,0.0523490600394965,0.271391979495859,1.07286376482578,2.91877935954953,0.821160042964554,163,"very_hard",5,4,20,2,4,5,4,20,4,4,1,9,0.45,FALSE,FALSE,TRUE,4.69015026591916,-1.77137090636963
499,"-2:-2|-1:-2|0:2|2:0",4,TRUE,2,1,1,"mixed",2.26612377556149,2.82842712474619,2.75,4,2,2.1607698869111,3,8,1,25,0,TRUE,25,33554432,0,1,25,25,0.833333333333333,2,0.75,0.0833333333333333,0.553694392684741,8.33333333333333,6,10,1.10738878536948,9,8,10,1.01015254455221,8.33333333333333,6,10,1.10738878536948,0,2.1607698869111,2.82842712474619,0.606514171143573,"F4_R25",1.34906576393484,0.706508810356395,-1.2876990647278,0.271391979495859,1.07286376482578,2.11213125388508,0.738453276047261,240,"hard",5,5,25,2,4,5,5,25,3,4,1,8,0.32,FALSE,FALSE,TRUE,3.89928891922857,-1.78715766534349
501,"-2:-2|-1:-2|2:0|2:2",4,TRUE,1,2,1,"mixed",2.47323055674804,2.82842712474619,3.25,4,2,2.1607698869111,3,8,1,25,0,TRUE,25,33554432,0,1,25,25,0.833333333333333,2,0.75,0.0833333333333333,0.553694392684741,8.33333333333333,6,10,1.10738878536948,9,8,10,1.01015254455221,8.33333333333333,6,10,1.10738878536948,0,2.1607698869111,2.82842712474619,0.606514171143573,"F4_R25",1.34906576393484,0.706508810356395,-1.2876990647278,0.271391979495859,1.07286376482578,2.11213125388508,0.738453276047261,240,"hard",5,5,25,2,4,5,5,25,3,4,1,8,0.32,FALSE,FALSE,TRUE,3.89928891922857,-1.78715766534349
652,"-2:-2|-1:0|0:-2|2:2",4,TRUE,2,2,0,"mixed",2.16421356237309,2.82842712474619,2.75,4,2,2.1607698869111,3,8,1,25,0,TRUE,25,33554432,0,1,25,25,0.833333333333333,2,0.75,0.0833333333333333,0.553694392684741,8.33333333333333,6,10,1.10738878536948,9,8,10,1.01015254455221,8.33333333333333,6,10,1.10738878536948,0,2.1607698869111,2.82842712474619,0.606514171143573,"F4_R25",1.34906576393484,0.706508810356395,-1.2876990647278,0.271391979495859,1.07286376482578,2.11213125388508,0.738453276047261,240,"hard",5,5,25,2,4,5,5,25,3,4,1,8,0.32,FALSE,FALSE,TRUE,3.89928891922857,-1.78715766534349
513,"-2:-2|-1:-1|2:-2|2:-1",4,TRUE,0,3,1,"off_axis",2.32678394734132,2.82842712474619,3.25,4,2,1.83716308916112,1,8,1,25,0,TRUE,25,33554432,0,1,25,25,0.833333333333333,2,0.75,0.0833333333333333,0.553694392684741,8.33333333333333,6,10,1.10738878536948,8,8,8,0,8.33333333333333,6,10,1.10738878536948,0,1.83716308916112,2.82842712474619,0.687048262758847,"F4_R25",-0.734543849337212,-0.342004264885899,-1.2876990647278,0.271391979495859,-1.3423754352168,-3.43523063467185,0.139634801288937,800,"very_easy",3,5,15,2,4,3,5,15,1,4,1,6,0.4,FALSE,FALSE,TRUE,-1.64341487160673,-1.79181576306512
1358,"-1:-1|1:-2|1:-1|1:2",4,TRUE,0,2,2,"off_axis",1.82514076993644,2.23606797749979,2.5,3,2,1.83650581819917,1,8,1,25,0,TRUE,25,33554432,0,1,25,25,0.833333333333333,2,0.75,0.0833333333333333,0.553694392684741,8.33333333333333,6,10,1.10738878536948,8,6,10,2.02030508910442,8.33333333333333,6,10,1.10738878536948,0,1.83650581819917,2.82842712474619,0.602998415071235,"F4_R25",-0.738775825007578,-0.342004264885899,-1.2876990647278,0.271391979495859,-1.3423754352168,-3.43946261034222,0.131578947368421,805,"very_easy",5,3,15,2,3,5,3,15,1,4,1,6,0.4,FALSE,FALSE,TRUE,-1.64341487160673,-1.79604773873549
476,"-2:-2|-2:-1|0:-1|2:-2",4,TRUE,1,2,1,"mixed",2.22323055674804,2.82842712474619,3,4,2,1.87792717443648,2,8,1,25,0,TRUE,25,33554432,0,1,25,25,0.833333333333333,2,0.666666666666667,0.166666666666667,0.688332449299089,8.33333333333333,6,10,1.37666489859818,7,6,8,1.01015254455221,8.33333333333333,6,10,1.37666489859818,0,1.87792717443648,2.82842712474619,0.725250552501227,"F4_R25",-0.472075815456155,-1.39051734012819,0.0523490600394965,0.271391979495859,-0.134755835195509,-1.6736079512445,0.291084854994629,659,"easy",3,5,15,2,4,3,5,15,2,4,1,7,0.466666666666667,FALSE,FALSE,TRUE,0.137691749447388,-1.81129970069189
1234,"-1:-2|-1:-1|1:-2|1:-1",4,TRUE,0,2,2,"off_axis",1.82514076993644,2.23606797749979,2.5,3,2,1.77726990347453,1,4,2,25,0,TRUE,25,33554432,0,1,25,25,0.833333333333333,2,0.666666666666667,0.166666666666667,0.688332449299089,8.33333333333333,6,10,1.37666489859818,8,6,10,2.02030508910442,8.33333333333333,6,10,1.37666489859818,0,1.77726990347453,2.23606797749979,0.517807010599742,"F4_R25",-1.1201785712706,-0.342004264885899,0.0523490600394965,-3.68075372191259,-1.3423754352168,-6.43296293324639,0.0139634801288937,919,"very_easy",3,3,9,2,3,3,3,9,0,4,1,5,0.555555555555556,FALSE,FALSE,TRUE,-4.61281582189709,-1.8201471113493
390,"-2:-2|-2:-1|-1:-2|0:2",4,TRUE,1,1,2,"mixed",2.32514076993644,2.82842712474619,3,4,2,1.91934853067379,2,8,1,25,0,TRUE,25,33554432,0,1,25,25,0.833333333333333,2,0.75,0.0833333333333333,0.553694392684741,8.33333333333333,6,10,1.10738878536948,8,8,8,0,8.33333333333333,6,10,1.10738878536948,0,1.91934853067379,2.82842712474619,0.679951973631102,"F4_R25",-0.205375805904733,-0.342004264885899,-1.2876990647278,0.271391979495859,-0.134755835195509,-1.69844299121808,0.283029001074114,664,"easy",5,3,15,2,4,5,3,15,2,4,1,7,0.466666666666667,FALSE,FALSE,TRUE,0.137691749447388,-1.83613474066547
591,"-1:-1|0:-2|0:-1|2:-2",4,TRUE,2,2,0,"mixed",1.81066017177982,2.82842712474619,2.25,4,2,1.7128990204492,2,8,1,25,0,TRUE,25,33554432,0,1,25,25,0.833333333333333,2,0.75,0.0833333333333333,0.553694392684741,8.33333333333333,6,10,1.10738878536948,7,6,8,1.01015254455221,8.33333333333333,6,10,1.10738878536948,0,1.7128990204492,2.82842712474619,0.637684130919746,"F4_R25",-1.53464387799148,-1.39051734012819,-1.2876990647278,0.271391979495859,-0.134755835195509,-4.07622413854712,0.0676691729323308,867,"very_easy",3,4,12,2,4,3,4,12,1,4,1,6,0.5,FALSE,FALSE,TRUE,-2.23756203622485,-1.83866210232227
1601,"-1:-2|-1:0|0:1|1:0",4,TRUE,3,0,1,"mixed",1.30901699437495,2.23606797749979,1.5,3,2,1.7128990204492,2,8,1,25,0,TRUE,25,33554432,0,1,25,25,0.833333333333333,2,0.75,0.0833333333333333,0.553694392684741,8.33333333333333,6,10,1.10738878536948,7,6,8,1.01015254455221,8.33333333333333,6,10,1.10738878536948,0,1.7128990204492,2.82842712474619,0.637684130919746,"F4_R25",-1.53464387799148,-1.39051734012819,-1.2876990647278,0.271391979495859,-0.134755835195509,-4.07622413854712,0.0676691729323308,867,"very_easy",4,3,12,2,3,4,3,12,1,4,1,6,0.5,FALSE,FALSE,TRUE,-2.23756203622485,-1.83866210232227
1636,"-1:-1|-1:0|-1:1|2:-1",4,TRUE,1,2,1,"mixed",1.51612377556149,2.23606797749979,2,3,2,1.7128990204492,2,8,1,25,0,TRUE,25,33554432,0,1,25,25,0.833333333333333,2,0.75,0.0833333333333333,0.553694392684741,8.33333333333333,6,10,1.10738878536948,7,6,8,1.01015254455221,8.33333333333333,6,10,1.10738878536948,0,1.7128990204492,2.82842712474619,0.637684130919746,"F4_R25",-1.53464387799148,-1.39051734012819,-1.2876990647278,0.271391979495859,-0.134755835195509,-4.07622413854712,0.0676691729323308,867,"very_easy",3,4,12,2,3,3,4,12,1,4,1,6,0.5,FALSE,FALSE,TRUE,-2.23756203622485,-1.83866210232227
1644,"-1:-1|0:-2|0:-1|2:0",4,TRUE,3,1,0,"mixed",1.60355339059327,2,1.75,2,2,1.7128990204492,2,8,1,25,0,TRUE,25,33554432,0,1,25,25,0.833333333333333,2,0.75,0.0833333333333333,0.553694392684741,8.33333333333333,6,10,1.10738878536948,7,6,8,1.01015254455221,8.33333333333333,6,10,1.10738878536948,0,1.7128990204492,2.82842712474619,0.637684130919746,"F4_R25",-1.53464387799148,-1.39051734012819,-1.2876990647278,0.271391979495859,-0.134755835195509,-4.07622413854712,0.0676691729323308,867,"very_easy",3,4,12,2,2,3,4,12,1,4,1,6,0.5,FALSE,FALSE,TRUE,-2.23756203622485,-1.83866210232227
1521,"-1:-1|1:-2|1:0|1:2",4,TRUE,1,1,2,"mixed",1.72158737934317,2.23606797749979,2.25,3,2,1.91869125971184,2,8,1,25,0,TRUE,25,33554432,0,1,25,25,0.833333333333333,2,0.75,0.0833333333333333,0.553694392684741,8.33333333333333,6,10,1.10738878536948,8,8,8,0,8.33333333333333,6,10,1.10738878536948,0,1.91869125971184,2.82842712474619,0.595001260414515,"F4_R25",-0.209607781575099,-0.342004264885899,-1.2876990647278,0.271391979495859,-0.134755835195509,-1.70267496688845,0.272287862513426,674,"easy",5,3,15,2,3,5,3,15,2,4,1,7,0.466666666666667,FALSE,FALSE,TRUE,0.137691749447388,-1.84036671633584
1184,"-1:-2|0:-2|0:1|2:0",4,TRUE,3,0,1,"mixed",1.80901699437495,2.23606797749979,2,3,2,2.03650581819918,3,8,1,25,0,TRUE,25,33554432,0,1,25,25,0.833333333333333,2,0.75,0.0833333333333333,0.553694392684741,8.33333333333333,6,10,1.10738878536948,8,8,8,0,8.33333333333333,6,10,1.10738878536948,0,2.03650581819918,2.82842712474619,0.625960641681523,"F4_R25",0.548965735280577,-0.342004264885899,-1.2876990647278,0.271391979495859,1.07286376482578,0.263518149988519,0.524167561761547,442,"medium",4,4,16,2,3,4,4,16,3,4,1,8,0.5,FALSE,FALSE,TRUE,2.11684742537422,-1.8533292753857
1204,"-1:-2|-1:0|2:0|2:1",4,TRUE,2,0,2,"mixed",1.86803398874989,2.23606797749979,2.25,3,2,2.03650581819918,3,8,1,25,0,TRUE,25,33554432,0,1,25,25,0.833333333333333,2,0.75,0.0833333333333333,0.553694392684741,8.33333333333333,6,10,1.10738878536948,8,8,8,0,8.33333333333333,6,10,1.10738878536948,0,2.03650581819918,2.82842712474619,0.625960641681523,"F4_R25",0.548965735280577,-0.342004264885899,-1.2876990647278,0.271391979495859,1.07286376482578,0.263518149988519,0.524167561761547,442,"medium",4,4,16,2,3,4,4,16,3,4,1,8,0.5,FALSE,FALSE,TRUE,2.11684742537422,-1.8533292753857
1083,"-2:-1|-1:-2|-1:-1|0:-2",4,TRUE,1,1,2,"mixed",1.97158737934317,2.23606797749979,2.5,3,2,1.59508446196187,1,8,1,25,0,TRUE,25,33554432,0,1,25,25,0.833333333333333,2,0.666666666666667,0.166666666666667,0.688332449299089,8.33333333333333,6,10,1.37666489859818,7,6,8,1.01015254455221,8.33333333333333,6,10,1.37666489859818,0,1.59508446196187,2.23606797749979,0.533026535932964,"F4_R25",-2.29321739484715,-1.39051734012819,0.0523490600394965,0.271391979495859,-1.3423754352168,-4.70236913065679,0.041890440386681,891,"very_easy",3,3,9,2,3,3,3,9,1,4,1,6,0.666666666666667,FALSE,FALSE,TRUE,-2.83170920084297,-1.87065992981382
1233,"-1:-2|-1:-1|0:-1|1:-2",4,TRUE,1,1,2,"mixed",1.72158737934317,2.23606797749979,2.25,3,2,1.59508446196187,1,8,1,25,0,TRUE,25,33554432,0,1,25,25,0.833333333333333,2,0.666666666666667,0.166666666666667,0.688332449299089,8.33333333333333,6,10,1.37666489859818,7,6,8,1.01015254455221,8.33333333333333,6,10,1.37666489859818,0,1.59508446196187,2.23606797749979,0.533026535932964,"F4_R25",-2.29321739484715,-1.39051734012819,0.0523490600394965,0.271391979495859,-1.3423754352168,-4.70236913065679,0.041890440386681,891,"very_easy",3,3,9,2,3,3,3,9,1,4,1,6,0.666666666666667,FALSE,FALSE,TRUE,-2.83170920084297,-1.87065992981382
1336,"-2:-1|-1:-1|-1:0|0:-2",4,TRUE,2,1,1,"mixed",1.66257038496822,2.23606797749979,2,3,2,1.59508446196187,1,8,1,25,0,TRUE,25,33554432,0,1,25,25,0.833333333333333,2,0.666666666666667,0.166666666666667,0.688332449299089,8.33333333333333,6,10,1.37666489859818,7,6,8,1.01015254455221,8.33333333333333,6,10,1.37666489859818,0,1.59508446196187,2.23606797749979,0.533026535932964,"F4_R25",-2.29321739484715,-1.39051734012819,0.0523490600394965,0.271391979495859,-1.3423754352168,-4.70236913065679,0.041890440386681,891,"very_easy",3,3,9,2,3,3,3,9,1,4,1,6,0.666666666666667,FALSE,FALSE,TRUE,-2.83170920084297,-1.87065992981382
1430,"-1:-1|0:-1|1:-2|1:0",4,TRUE,2,1,1,"mixed",1.41257038496822,2.23606797749979,1.75,3,2,1.59508446196187,1,8,1,25,0,TRUE,25,33554432,0,1,25,25,0.833333333333333,2,0.666666666666667,0.166666666666667,0.688332449299089,8.33333333333333,6,10,1.37666489859818,7,6,8,1.01015254455221,8.33333333333333,6,10,1.37666489859818,0,1.59508446196187,2.23606797749979,0.533026535932964,"F4_R25",-2.29321739484715,-1.39051734012819,0.0523490600394965,0.271391979495859,-1.3423754352168,-4.70236913065679,0.041890440386681,891,"very_easy",3,3,9,2,3,3,3,9,1,4,1,6,0.666666666666667,FALSE,FALSE,TRUE,-2.83170920084297,-1.87065992981382
586,"-2:-2|-2:0|-1:-1|2:-2",4,TRUE,1,3,0,"mixed",2.26776695296637,2.82842712474619,3,4,2,1.93716308916112,1,8,1,25,0,TRUE,25,33554432,0,1,25,25,0.833333333333333,2,0.75,0.0833333333333333,0.553694392684741,8.33333333333333,6,10,1.10738878536948,9,8,10,1.01015254455221,8.33333333333333,6,10,1.10738878536948,0,1.93716308916112,2.82842712474619,0.621288236911133,"F4_R25",-0.0906730691931347,0.706508810356395,-1.2876990647278,0.271391979495859,-1.3423754352168,-1.74284677928548,0.264232008592911,684,"easy",3,5,15,2,4,3,5,15,2,4,1,7,0.466666666666667,FALSE,FALSE,TRUE,0.137691749447388,-1.88053852873287
761,"-2:-1|-1:-2|-1:0|2:-2",4,TRUE,1,1,2,"mixed",2.07514076993644,2.82842712474619,2.75,4,2,1.93716308916112,1,8,1,25,0,TRUE,25,33554432,0,1,25,25,0.833333333333333,2,0.75,0.0833333333333333,0.553694392684741,8.33333333333333,6,10,1.10738878536948,9,8,10,1.01015254455221,8.33333333333333,6,10,1.10738878536948,0,1.93716308916112,2.82842712474619,0.621288236911133,"F4_R25",-0.0906730691931347,0.706508810356395,-1.2876990647278,0.271391979495859,-1.3423754352168,-1.74284677928548,0.264232008592911,684,"easy",3,5,15,2,4,3,5,15,2,4,1,7,0.466666666666667,FALSE,FALSE,TRUE,0.137691749447388,-1.88053852873287
1433,"-1:-1|0:-1|1:-2|2:1",4,TRUE,1,1,2,"mixed",1.72158737934317,2.23606797749979,2.25,3,2,1.94295532842377,2,8,1,25,0,TRUE,25,33554432,0,1,25,25,0.833333333333333,2,0.75,0.0833333333333333,0.553694392684741,8.33333333333333,6,10,1.10738878536948,8,8,8,0,8.33333333333333,6,10,1.10738878536948,0,1.94295532842377,2.82842712474619,0.68712330427472,"F4_R25",-0.053378533064909,-0.342004264885899,-1.2876990647278,0.271391979495859,-0.134755835195509,-1.54644571837826,0.302900107411386,648,"easy",4,4,16,2,3,4,4,16,2,4,1,7,0.4375,FALSE,FALSE,TRUE,0.335740804320094,-1.88218652269835
422,"-2:-2|-2:-1|-1:0|2:-2",4,TRUE,1,2,1,"mixed",2.22323055674804,2.82842712474619,3,4,2,1.87858444539843,1,8,1,25,0,TRUE,25,33554432,0,1,25,25,0.833333333333333,2,0.583333333333333,0.25,0.800640769025436,8.33333333333333,6,10,1.60128153805087,7,6,8,1.01015254455221,8.33333333333333,6,10,1.60128153805087,0,1.87858444539843,2.82842712474619,0.796464745336163,"F4_R25",-0.467843839785789,-1.39051734012819,1.17015005204386,0.271391979495859,-1.3423754352168,-1.75919458359107,0.258861439312567,689,"easy",3,5,15,2,4,3,5,15,2,4,1,7,0.466666666666667,FALSE,FALSE,TRUE,0.137691749447388,-1.89688633303845
996,"-2:-2|-1:1|0:1|0:2",4,TRUE,2,2,0,"mixed",1.81066017177982,2.82842712474619,2.25,4,2,1.79574173292382,2,8,1,25,0,TRUE,25,33554432,0,1,25,25,0.833333333333333,2,0.75,0.0833333333333333,0.553694392684741,8.33333333333333,6,10,1.10738878536948,7,6,8,1.01015254455221,8.33333333333333,6,10,1.10738878536948,0,1.79574173292382,2.82842712474619,0.726721426557334,"F4_R25",-1.00124385888863,-1.39051734012819,-1.2876990647278,0.271391979495859,-0.134755835195509,-3.54282411944428,0.120300751879699,818,"very_easy",5,3,15,2,4,5,3,15,1,4,1,6,0.4,FALSE,FALSE,TRUE,-1.64341487160673,-1.89940924783755
624,"-2:-1|-1:0|0:-2|2:-2",4,TRUE,2,1,1,"mixed",2.01612377556149,2.82842712474619,2.5,4,2,2.01934853067379,2,8,1,25,0,TRUE,25,33554432,0,1,25,25,0.833333333333333,2,0.75,0.0833333333333333,0.553694392684741,8.33333333333333,6,10,1.10738878536948,9,8,10,1.01015254455221,8.33333333333333,6,10,1.10738878536948,0,2.01934853067379,2.82842712474619,0.598360270206642,"F4_R25",0.438494974239344,0.706508810356395,-1.2876990647278,0.271391979495859,-0.134755835195509,-0.00605913583171158,0.488184747583244,473,"medium",3,5,15,2,4,3,5,15,3,4,1,8,0.533333333333333,FALSE,FALSE,TRUE,1.91879837050151,-1.92485750633322
1090,"-2:-1|-1:-2|0:-2|2:0",4,TRUE,2,0,2,"mixed",2.11803398874989,2.23606797749979,2.5,3,2,2.01934853067379,2,8,1,25,0,TRUE,25,33554432,0,1,25,25,0.833333333333333,2,0.75,0.0833333333333333,0.553694392684741,8.33333333333333,6,10,1.10738878536948,9,8,10,1.01015254455221,8.33333333333333,6,10,1.10738878536948,0,2.01934853067379,2.82842712474619,0.598360270206642,"F4_R25",0.438494974239344,0.706508810356395,-1.2876990647278,0.271391979495859,-0.134755835195509,-0.00605913583171158,0.488184747583244,473,"medium",3,5,15,2,3,3,5,15,3,4,1,8,0.533333333333333,FALSE,FALSE,TRUE,1.91879837050151,-1.92485750633322
548,"-1:-2|-1:-1|0:-2|2:-2",4,TRUE,1,2,1,"mixed",2.11967716615477,2.82842712474619,2.75,4,2,1.8128990204492,2,8,1,25,0,TRUE,25,33554432,0,1,25,25,0.833333333333333,2,0.75,0.0833333333333333,0.553694392684741,8.33333333333333,6,10,1.10738878536948,8,8,8,0,8.33333333333333,6,10,1.10738878536948,0,1.8128990204492,2.82842712474619,0.590100878056122,"F4_R25",-0.890773097847402,-0.342004264885899,-1.2876990647278,0.271391979495859,-0.134755835195509,-2.38384028316075,0.234156820622986,712,"easy",3,4,12,2,4,3,4,12,2,4,1,7,0.583333333333333,FALSE,FALSE,TRUE,-0.45645541517073,-1.92738486799002
1462,"-1:-2|-1:0|0:-1|2:0",4,TRUE,3,0,1,"mixed",1.55901699437495,2.23606797749979,1.75,3,2,1.8128990204492,2,8,1,25,0,TRUE,25,33554432,0,1,25,25,0.833333333333333,2,0.75,0.0833333333333333,0.553694392684741,8.33333333333333,6,10,1.10738878536948,8,8,8,0,8.33333333333333,6,10,1.10738878536948,0,1.8128990204492,2.82842712474619,0.590100878056122,"F4_R25",-0.890773097847402,-0.342004264885899,-1.2876990647278,0.271391979495859,-0.134755835195509,-2.38384028316075,0.234156820622986,712,"easy",3,4,12,2,3,3,4,12,2,4,1,7,0.583333333333333,FALSE,FALSE,TRUE,-0.45645541517073,-1.92738486799002
1658,"-1:-1|-1:0|0:-2|2:0",4,TRUE,3,1,0,"mixed",1.60355339059327,2,1.75,2,2,1.8128990204492,2,8,1,25,0,TRUE,25,33554432,0,1,25,25,0.833333333333333,2,0.75,0.0833333333333333,0.553694392684741,8.33333333333333,6,10,1.10738878536948,8,8,8,0,8.33333333333333,6,10,1.10738878536948,0,1.8128990204492,2.82842712474619,0.590100878056122,"F4_R25",-0.890773097847402,-0.342004264885899,-1.2876990647278,0.271391979495859,-0.134755835195509,-2.38384028316075,0.234156820622986,712,"easy",3,4,12,2,2,3,4,12,2,4,1,7,0.583333333333333,FALSE,FALSE,TRUE,-0.45645541517073,-1.92738486799002
1383,"-1:-2|0:-1|1:-1|2:-1",4,TRUE,1,1,2,"mixed",1.72158737934317,2.23606797749979,2.25,3,2,1.67726990347453,1,8,1,25,0,TRUE,25,33554432,0,1,25,25,0.833333333333333,2,0.666666666666667,0.166666666666667,0.688332449299089,8.33333333333333,6,10,1.37666489859818,7,6,8,1.01015254455221,8.33333333333333,6,10,1.37666489859818,0,1.67726990347453,2.23606797749979,0.564471897635819,"F4_R25",-1.76404935141467,-1.39051734012819,0.0523490600394965,0.271391979495859,-1.3423754352168,-4.17320108722431,0.0612244897959184,873,"very_easy",3,4,12,2,3,3,4,12,1,4,1,6,0.5,FALSE,FALSE,TRUE,-2.23756203622485,-1.93563905099946
1435,"-1:-1|0:-1|0:1|1:-2",4,TRUE,2,1,1,"mixed",1.41257038496822,2.23606797749979,1.75,3,2,1.67726990347453,1,8,1,25,0,TRUE,25,33554432,0,1,25,25,0.833333333333333,2,0.666666666666667,0.166666666666667,0.688332449299089,8.33333333333333,6,10,1.37666489859818,7,6,8,1.01015254455221,8.33333333333333,6,10,1.37666489859818,0,1.67726990347453,2.23606797749979,0.564471897635819,"F4_R25",-1.76404935141467,-1.39051734012819,0.0523490600394965,0.271391979495859,-1.3423754352168,-4.17320108722431,0.0612244897959184,873,"very_easy",4,3,12,2,3,4,3,12,1,4,1,6,0.5,FALSE,FALSE,TRUE,-2.23756203622485,-1.93563905099946
391,"-1:-1|1:2|2:1|2:2",4,TRUE,0,2,2,"off_axis",2.17869416052972,2.82842712474619,3,4,2,2.06142715787305,2,4,2,25,0,TRUE,25,33554432,0,1,25,25,0.833333333333333,2,0.666666666666667,0.166666666666667,0.688332449299089,8.33333333333333,6,10,1.37666489859818,8,8,8,0,8.33333333333333,6,10,1.37666489859818,0,2.06142715787305,2.82842712474619,0.782104051605118,"F4_R25",0.709426959461129,-0.342004264885899,0.0523490600394965,-3.68075372191259,-0.134755835195509,-3.39573780249337,0.149301825993555,792,"very_easy",4,4,16,2,4,4,4,16,1,4,1,6,0.375,FALSE,FALSE,TRUE,-1.44536581673403,-1.95037198575935
1140,"-1:-1|-1:2|0:-2|1:-2",4,TRUE,1,1,2,"mixed",1.97158737934317,2.23606797749979,2.5,3,2,1.81869125971184,1,8,1,25,0,TRUE,25,33554432,0,1,25,25,0.833333333333333,2,0.583333333333333,0.25,0.800640769025436,8.33333333333333,6,10,1.60128153805087,9,8,10,1.01015254455221,8.33333333333333,6,10,1.60128153805087,0,1.81869125971184,2.23606797749979,0.46231555102518,"F4_R25",-0.853478561719174,0.706508810356395,1.17015005204386,0.271391979495859,-1.3423754352168,-0.0478031550398619,0.480128893662728,483,"medium",5,3,15,2,3,5,3,15,3,4,1,8,0.533333333333333,FALSE,FALSE,TRUE,1.91879837050151,-1.96660152554137
517,"-2:-2|-1:-2|-1:1|2:2",4,TRUE,0,3,1,"off_axis",2.32678394734132,2.82842712474619,3.25,4,2,2.04295532842377,2,8,1,25,0,TRUE,25,33554432,0,1,25,25,0.833333333333333,2,0.75,0.0833333333333333,0.553694392684741,8.33333333333333,6,10,1.10738878536948,9,8,10,1.01015254455221,8.33333333333333,6,10,1.10738878536948,0,2.04295532842377,2.82842712474619,0.60215679580886,"F4_R25",0.590492247079168,0.706508810356395,-1.2876990647278,0.271391979495859,-0.134755835195509,0.145938137008112,0.510741138560687,452,"medium",5,5,25,2,4,5,5,25,2,4,1,7,0.28,FALSE,FALSE,TRUE,2.11818229817445,-1.97224416116634
419,"-1:0|1:0|2:-2|2:-1",4,TRUE,2,1,1,"mixed",1.76612377556149,2.82842712474619,2.25,4,2,1.87792717443648,1,8,1,25,0,TRUE,25,33554432,0,1,25,25,0.833333333333333,2,0.75,0.0833333333333333,0.553694392684741,8.33333333333333,6,10,1.10738878536948,7,6,8,1.01015254455221,8.33333333333333,6,10,1.10738878536948,0,1.87792717443648,2.82842712474619,0.725250552501227,"F4_R25",-0.472075815456155,-1.39051734012819,-1.2876990647278,0.271391979495859,-1.3423754352168,-4.22127567603309,0.0558539205155747,878,"very_easy",3,4,12,2,4,3,4,12,1,4,1,6,0.5,FALSE,FALSE,TRUE,-2.23756203622485,-1.98371363980824
543,"-1:-2|0:-2|1:2|2:2",4,TRUE,1,1,2,"mixed",2.32514076993644,2.82842712474619,3,4,2,1.94229805746182,2,8,1,25,0,TRUE,25,33554432,0,1,25,25,0.833333333333333,2,0.583333333333333,0.25,0.800640769025436,8.33333333333333,6,10,1.60128153805087,8,6,10,2.02030508910442,8.33333333333333,6,10,1.60128153805087,0,1.94229805746182,2.82842712474619,0.603212009882676,"F4_R25",-0.0576105087352749,-0.342004264885899,1.17015005204386,0.271391979495859,-0.134755835195509,0.907171422723036,0.623523093447905,347,"hard",5,4,20,2,4,5,4,20,3,4,1,8,0.4,FALSE,FALSE,TRUE,2.90904364486504,-2.001872222142
744,"-1:-2|-1:2|0:-1|2:-2",4,TRUE,1,1,2,"mixed",2.07514076993644,2.82842712474619,2.75,4,2,1.94229805746182,2,8,1,25,0,TRUE,25,33554432,0,1,25,25,0.833333333333333,2,0.583333333333333,0.25,0.800640769025436,8.33333333333333,6,10,1.60128153805087,8,6,10,2.02030508910442,8.33333333333333,6,10,1.60128153805087,0,1.94229805746182,2.82842712474619,0.603212009882676,"F4_R25",-0.0576105087352749,-0.342004264885899,1.17015005204386,0.271391979495859,-0.134755835195509,0.907171422723036,0.623523093447905,347,"hard",5,4,20,2,4,5,4,20,3,4,1,8,0.4,FALSE,FALSE,TRUE,2.90904364486504,-2.001872222142
1448,"-1:-2|-1:2|0:-1|2:-1",4,TRUE,1,0,3,"mixed",1.92705098312484,2.23606797749979,2.5,3,2,1.94229805746182,2,8,1,25,0,TRUE,25,33554432,0,1,25,25,0.833333333333333,2,0.583333333333333,0.25,0.800640769025436,8.33333333333333,6,10,1.60128153805087,8,6,10,2.02030508910442,8.33333333333333,6,10,1.60128153805087,0,1.94229805746182,2.82842712474619,0.603212009882676,"F4_R25",-0.0576105087352749,-0.342004264885899,1.17015005204386,0.271391979495859,-0.134755835195509,0.907171422723036,0.623523093447905,347,"hard",5,4,20,2,3,5,4,20,3,4,1,8,0.4,FALSE,FALSE,TRUE,2.90904364486504,-2.001872222142
1429,"-1:-1|0:-1|1:-2|2:0",4,TRUE,2,1,1,"mixed",1.66257038496822,2.23606797749979,2,3,2,1.80087670122451,2,8,1,25,0,TRUE,25,33554432,0,1,25,25,0.833333333333333,2,0.75,0.0833333333333333,0.553694392684741,8.33333333333333,6,10,1.10738878536948,8,8,8,0,8.33333333333333,6,10,1.10738878536948,0,1.80087670122451,2.23606797749979,0.534210847873044,"F4_R25",-0.968181298430773,-0.342004264885899,-1.2876990647278,0.271391979495859,-0.134755835195509,-2.46124848374412,0.228786251342642,717,"easy",3,4,12,2,3,3,4,12,2,4,1,7,0.583333333333333,FALSE,FALSE,TRUE,-0.45645541517073,-2.00479306857339
1064,"-2:-1|-1:0|0:-2|2:2",4,TRUE,2,1,1,"mixed",2.01612377556149,2.82842712474619,2.5,4,2,2.12514076993644,3,8,1,25,0,TRUE,25,33554432,0,1,25,25,0.833333333333333,2,0.75,0.0833333333333333,0.553694392684741,8.33333333333333,6,10,1.10738878536948,9,8,10,1.01015254455221,8.33333333333333,6,10,1.10738878536948,0,2.12514076993644,2.82842712474619,0.561522442367321,"F4_R25",1.11966029051165,0.706508810356395,-1.2876990647278,0.271391979495859,1.07286376482578,1.88272578046188,0.728249194414608,252,"hard",5,5,25,2,4,5,5,25,3,4,1,8,0.32,FALSE,FALSE,TRUE,3.89928891922857,-2.01656313876669
1432,"-1:-2|0:-1|1:-1|2:0",4,TRUE,2,1,1,"mixed",1.66257038496822,2.23606797749979,2,3,2,1.77792717443648,1,8,1,25,0,TRUE,25,33554432,0,1,25,25,0.833333333333333,2,0.666666666666667,0.166666666666667,0.688332449299089,8.33333333333333,6,10,1.37666489859818,8,8,8,0,8.33333333333333,6,10,1.37666489859818,0,1.77792717443648,2.82842712474619,0.613709089969705,"F4_R25",-1.11594659560023,-0.342004264885899,0.0523490600394965,0.271391979495859,-1.3423754352168,-2.47658525616758,0.223415682062299,722,"easy",3,4,12,2,3,3,4,12,2,4,1,7,0.583333333333333,FALSE,FALSE,TRUE,-0.45645541517073,-2.02012984099685
1135,"-1:-1|0:-2|0:1|1:-2",4,TRUE,2,1,1,"mixed",1.66257038496822,2.23606797749979,2,3,2,1.77726990347453,1,8,1,25,0,TRUE,25,33554432,0,1,25,25,0.833333333333333,2,0.666666666666667,0.166666666666667,0.688332449299089,8.33333333333333,6,10,1.37666489859818,8,8,8,0,8.33333333333333,6,10,1.37666489859818,0,1.77726990347453,2.23606797749979,0.517807010599742,"F4_R25",-1.1201785712706,-0.342004264885899,0.0523490600394965,0.271391979495859,-1.3423754352168,-2.48081723183794,0.216970998925886,727,"easy",4,3,12,2,3,4,3,12,2,4,1,7,0.583333333333333,FALSE,FALSE,TRUE,-0.45645541517073,-2.02436181666721
1278,"-1:-2|0:2|1:-2|2:1",4,TRUE,1,0,3,"mixed",2.17705098312484,2.23606797749979,2.75,3,2,2.08371941369913,3,8,1,25,0,TRUE,25,33554432,0,1,25,25,0.833333333333333,2,0.75,0.0833333333333333,0.553694392684741,8.33333333333333,6,10,1.10738878536948,10,10,10,0,8.33333333333333,6,10,1.10738878536948,0,2.08371941369913,2.82842712474619,0.419143842948326,"F4_R25",0.852960280960224,1.75502188559869,-1.2876990647278,0.271391979495859,1.07286376482578,2.66453884615276,0.790547798066595,194,"hard",5,4,20,2,3,5,4,20,4,4,1,9,0.45,FALSE,FALSE,TRUE,4.69015026591916,-2.02561141976641
1439,"-1:-1|0:-1|0:2|1:-2",4,TRUE,2,1,1,"mixed",1.66257038496822,2.23606797749979,2,3,2,1.69508446196187,1,8,1,25,0,TRUE,25,33554432,0,1,25,25,0.833333333333333,2,0.583333333333333,0.25,0.800640769025436,8.33333333333333,6,10,1.60128153805087,8,8,8,0,8.33333333333333,6,10,1.60128153805087,0,1.69508446196187,2.23606797749979,0.501872789122517,"F4_R25",-1.64934661470308,-0.342004264885899,1.17015005204386,0.271391979495859,-1.3423754352168,-1.89218428326606,0.253490870032223,694,"easy",5,3,15,2,3,5,3,15,2,4,1,7,0.466666666666667,FALSE,FALSE,TRUE,0.137691749447388,-2.02987603271345
426,"-2:-2|-1:-2|0:-1|2:2",4,TRUE,1,2,1,"mixed",2.22323055674804,2.82842712474619,3,4,2,2.00219124314841,1,8,1,25,0,TRUE,25,33554432,0,1,25,25,0.833333333333333,2,0.583333333333333,0.25,0.800640769025436,8.33333333333333,6,10,1.60128153805087,8,8,8,0,8.33333333333333,6,10,1.60128153805087,0,2.00219124314841,2.82842712474619,0.738790472371199,"F4_R25",0.328024213198112,-0.342004264885899,1.17015005204386,0.271391979495859,-1.3423754352168,0.0851865446351296,0.501611170784103,463,"medium",5,5,25,2,4,5,5,25,2,4,1,7,0.28,FALSE,FALSE,TRUE,2.11818229817445,-2.03299575353932
866,"-2:-1|-1:-1|2:-2|2:2",4,TRUE,0,3,1,"off_axis",2.32678394734132,2.82842712474619,3.25,4,2,2.00219124314841,1,8,1,25,0,TRUE,25,33554432,0,1,25,25,0.833333333333333,2,0.583333333333333,0.25,0.800640769025436,8.33333333333333,6,10,1.60128153805087,8,8,8,0,8.33333333333333,6,10,1.60128153805087,0,2.00219124314841,2.82842712474619,0.738790472371199,"F4_R25",0.328024213198112,-0.342004264885899,1.17015005204386,0.271391979495859,-1.3423754352168,0.0851865446351296,0.501611170784103,463,"medium",5,5,25,2,4,5,5,25,2,4,1,7,0.28,FALSE,FALSE,TRUE,2.11818229817445,-2.03299575353932
1466,"-1:-2|-1:0|0:-1|2:1",4,TRUE,2,0,2,"mixed",1.61803398874989,2.23606797749979,2,3,2,1.91934853067379,2,8,1,25,0,TRUE,25,33554432,0,1,25,25,0.833333333333333,2,0.75,0.0833333333333333,0.553694392684741,8.33333333333333,6,10,1.10738878536948,8,8,8,0,8.33333333333333,6,10,1.10738878536948,0,1.91934853067379,2.82842712474619,0.679951973631102,"F4_R25",-0.205375805904733,-0.342004264885899,-1.2876990647278,0.271391979495859,-0.134755835195509,-1.69844299121808,0.283029001074114,664,"easy",4,4,16,2,3,4,4,16,2,4,1,7,0.4375,FALSE,FALSE,TRUE,0.335740804320094,-2.03418379553818
1633,"-1:-1|-1:0|0:-2|2:1",4,TRUE,2,1,1,"mixed",1.66257038496822,2.23606797749979,2,3,2,1.91934853067379,2,8,1,25,0,TRUE,25,33554432,0,1,25,25,0.833333333333333,2,0.75,0.0833333333333333,0.553694392684741,8.33333333333333,6,10,1.10738878536948,8,8,8,0,8.33333333333333,6,10,1.10738878536948,0,1.91934853067379,2.82842712474619,0.679951973631102,"F4_R25",-0.205375805904733,-0.342004264885899,-1.2876990647278,0.271391979495859,-0.134755835195509,-1.69844299121808,0.283029001074114,664,"easy",4,4,16,2,3,4,4,16,2,4,1,7,0.4375,FALSE,FALSE,TRUE,0.335740804320094,-2.03418379553818
1481,"-1:-2|0:-1|0:1|2:0",4,TRUE,3,0,1,"mixed",1.55901699437495,2.23606797749979,1.75,3,2,1.91869125971184,2,8,1,25,0,TRUE,25,33554432,0,1,25,25,0.833333333333333,2,0.75,0.0833333333333333,0.553694392684741,8.33333333333333,6,10,1.10738878536948,8,6,10,2.02030508910442,8.33333333333333,6,10,1.10738878536948,0,1.91869125971184,2.82842712474619,0.595001260414515,"F4_R25",-0.209607781575099,-0.342004264885899,-1.2876990647278,0.271391979495859,-0.134755835195509,-1.70267496688845,0.272287862513426,674,"easy",4,4,16,2,3,4,4,16,2,4,1,7,0.4375,FALSE,FALSE,TRUE,0.335740804320094,-2.03841577120854
1037,"-1:-1|0:-2|1:-2|2:2",4,TRUE,1,2,1,"mixed",2.11967716615477,2.82842712474619,2.75,4,2,1.9607698869111,1,8,1,25,0,TRUE,25,33554432,0,1,25,25,0.833333333333333,2,0.583333333333333,0.25,0.800640769025436,8.33333333333333,6,10,1.60128153805087,9,8,10,1.01015254455221,8.33333333333333,6,10,1.60128153805087,0,1.9607698869111,2.82842712474619,0.628385453702687,"F4_R25",0.0613242036466893,0.706508810356395,1.17015005204386,0.271391979495859,-1.3423754352168,0.866999610326002,0.61546723952739,357,"hard",5,4,20,2,4,5,4,20,3,4,1,8,0.4,FALSE,FALSE,TRUE,2.90904364486504,-2.04204403453904
1431,"-1:-1|-1:0|0:-1|1:-2",4,TRUE,2,1,1,"mixed",1.41257038496822,2.23606797749979,1.75,3,2,1.55432037668651,1,8,1,25,0,TRUE,25,33554432,0,1,25,25,0.833333333333333,2,0.583333333333333,0.25,0.800640769025436,8.33333333333333,6,10,1.60128153805087,6,6,6,0,8.33333333333333,6,10,1.60128153805087,0,1.55432037668651,2.82842712474619,0.653272247669054,"F4_R25",-2.55568542872821,-2.43903041537049,1.17015005204386,0.271391979495859,-1.3423754352168,-4.89554924777578,0.0386680988184748,896,"very_easy",3,3,9,2,3,3,3,9,1,4,1,6,0.666666666666667,FALSE,FALSE,TRUE,-2.83170920084297,-2.06384004693281
362,"-1:-2|1:-2|1:2|2:-2",4,TRUE,0,1,3,"off_axis",2.38415776431139,2.82842712474619,3.25,4,2,1.91869125971184,3,8,1,25,0,TRUE,25,33554432,0,1,25,25,0.833333333333333,2,0.666666666666667,0.166666666666667,0.688332449299089,8.33333333333333,6,10,1.37666489859818,8,8,8,0,8.33333333333333,6,10,1.37666489859818,0,1.91869125971184,2.82842712474619,0.595001260414515,"F4_R25",-0.209607781575099,-0.342004264885899,0.0523490600394965,0.271391979495859,1.07286376482578,0.844992757900142,0.604726100966702,362,"hard",5,4,20,2,4,5,4,20,3,4,1,8,0.4,FALSE,FALSE,TRUE,2.90904364486504,-2.0640508869649
712,"-2:-1|-2:2|2:-2|2:0",4,TRUE,1,2,1,"mixed",2.47323055674804,2.82842712474619,3.25,4,2,2.03716308916112,2,8,1,25,0,TRUE,25,33554432,0,1,25,25,0.833333333333333,2,0.583333333333333,0.25,0.800640769025436,8.33333333333333,6,10,1.60128153805087,10,10,10,0,8.33333333333333,6,10,1.60128153805087,0,2.03716308916112,2.82842712474619,0.527011014179131,"F4_R25",0.553197710950942,1.75502188559869,1.17015005204386,0.271391979495859,-0.134755835195509,3.61500579289384,0.892051557465091,97,"very_hard",5,5,25,2,4,5,5,25,4,4,1,9,0.36,FALSE,FALSE,TRUE,5.68039554028269,-2.06538974738885
1473,"-1:-2|0:-1|0:1|1:0",4,TRUE,3,0,1,"mixed",1.30901699437495,2.23606797749979,1.5,3,2,1.65432037668651,1,8,1,25,0,TRUE,25,33554432,0,1,25,25,0.833333333333333,2,0.666666666666667,0.166666666666667,0.688332449299089,8.33333333333333,6,10,1.37666489859818,7,6,8,1.01015254455221,8.33333333333333,6,10,1.37666489859818,0,1.65432037668651,2.82842712474619,0.63528129489561,"F4_R25",-1.91181464858413,-1.39051734012819,0.0523490600394965,0.271391979495859,-1.3423754352168,-4.32096638439377,0.0504833512352309,883,"very_easy",4,3,12,2,3,4,3,12,1,4,1,6,0.5,FALSE,FALSE,TRUE,-2.23756203622485,-2.08340434816892
497,"-2:-2|-2:-1|0:2|2:-2",4,TRUE,1,2,1,"mixed",2.47323055674804,2.82842712474619,3.25,4,2,2.0607698869111,3,8,1,25,0,TRUE,25,33554432,0,1,25,25,0.833333333333333,2,0.666666666666667,0.166666666666667,0.688332449299089,8.33333333333333,6,10,1.37666489859818,8,8,8,0,8.33333333333333,6,10,1.37666489859818,0,2.0607698869111,2.82842712474619,0.709637993158325,"F4_R25",0.705194983790766,-0.342004264885899,0.0523490600394965,0.271391979495859,1.07286376482578,1.75979552326601,0.722878625134264,257,"hard",5,5,25,2,4,5,5,25,3,4,1,8,0.32,FALSE,FALSE,TRUE,3.89928891922857,-2.13949339596256
498,"-2:-1|0:2|2:-2|2:-1",4,TRUE,1,1,2,"mixed",2.32514076993644,2.82842712474619,3,4,2,2.0607698869111,3,8,1,25,0,TRUE,25,33554432,0,1,25,25,0.833333333333333,2,0.666666666666667,0.166666666666667,0.688332449299089,8.33333333333333,6,10,1.37666489859818,8,8,8,0,8.33333333333333,6,10,1.37666489859818,0,2.0607698869111,2.82842712474619,0.709637993158325,"F4_R25",0.705194983790766,-0.342004264885899,0.0523490600394965,0.271391979495859,1.07286376482578,1.75979552326601,0.722878625134264,257,"hard",5,5,25,2,4,5,5,25,3,4,1,8,0.32,FALSE,FALSE,TRUE,3.89928891922857,-2.13949339596256
1078,"-1:-2|0:-2|1:-2|2:1",4,TRUE,1,0,3,"mixed",2.17705098312484,2.23606797749979,2.75,3,2,2.06011261594915,3,8,1,25,0,TRUE,25,33554432,0,1,25,25,0.833333333333333,2,0.666666666666667,0.166666666666667,0.688332449299089,8.33333333333333,6,10,1.37666489859818,8,6,10,2.02030508910442,8.33333333333333,6,10,1.37666489859818,0,2.06011261594915,2.82842712474619,0.628875548196174,"F4_R25",0.7009630081204,-0.342004264885899,0.0523490600394965,0.271391979495859,1.07286376482578,1.75556354759564,0.716433941997852,262,"hard",4,4,16,2,3,4,4,16,4,4,1,9,0.5625,FALSE,FALSE,TRUE,3.89795404642834,-2.1423904988327
523,"-1:-2|0:-1|1:2|2:2",4,TRUE,1,1,2,"mixed",2.07514076993644,2.82842712474619,2.75,4,2,2.02514076993644,2,8,1,25,0,TRUE,25,33554432,0,1,25,25,0.833333333333333,2,0.75,0.0833333333333333,0.553694392684741,8.33333333333333,6,10,1.10738878536948,8,8,8,0,8.33333333333333,6,10,1.10738878536948,0,2.02514076993644,2.82842712474619,0.665669973236015,"F4_R25",0.47578951036757,-0.342004264885899,-1.2876990647278,0.271391979495859,-0.134755835195509,-1.01727767494578,0.370569280343716,585,"easy",5,4,20,2,4,5,4,20,2,4,1,7,0.35,FALSE,FALSE,TRUE,1.12793702381092,-2.1452146987567
1318,"-1:0|1:-2|1:2|2:-1",4,TRUE,1,0,3,"mixed",1.92705098312484,2.23606797749979,2.5,3,2,2.02514076993644,2,8,1,25,0,TRUE,25,33554432,0,1,25,25,0.833333333333333,2,0.75,0.0833333333333333,0.553694392684741,8.33333333333333,6,10,1.10738878536948,8,8,8,0,8.33333333333333,6,10,1.10738878536948,0,2.02514076993644,2.82842712474619,0.665669973236015,"F4_R25",0.47578951036757,-0.342004264885899,-1.2876990647278,0.271391979495859,-0.134755835195509,-1.01727767494578,0.370569280343716,585,"easy",5,4,20,2,3,5,4,20,2,4,1,7,0.35,FALSE,FALSE,TRUE,1.12793702381092,-2.1452146987567
1409,"-1:-2|-1:2|1:-1|2:-1",4,TRUE,0,1,3,"off_axis",2.03060437371812,2.23606797749979,2.75,3,2,2.02514076993644,2,8,1,25,0,TRUE,25,33554432,0,1,25,25,0.833333333333333,2,0.75,0.0833333333333333,0.553694392684741,8.33333333333333,6,10,1.10738878536948,8,8,8,0,8.33333333333333,6,10,1.10738878536948,0,2.02514076993644,2.82842712474619,0.665669973236015,"F4_R25",0.47578951036757,-0.342004264885899,-1.2876990647278,0.271391979495859,-0.134755835195509,-1.01727767494578,0.370569280343716,585,"easy",5,4,20,2,3,5,4,20,2,4,1,7,0.35,FALSE,FALSE,TRUE,1.12793702381092,-2.1452146987567
1101,"-1:-2|-1:-1|0:-2|2:-1",4,TRUE,1,1,2,"mixed",1.97158737934317,2.23606797749979,2.5,3,2,1.77726990347453,2,8,1,25,0,TRUE,25,33554432,0,1,25,25,0.833333333333333,2,0.75,0.0833333333333333,0.553694392684741,8.33333333333333,6,10,1.10738878536948,8,8,8,0,8.33333333333333,6,10,1.10738878536948,0,1.77726990347453,2.23606797749979,0.517807010599742,"F4_R25",-1.1201785712706,-0.342004264885899,-1.2876990647278,0.271391979495859,-0.134755835195509,-2.61324575658395,0.201933404940924,742,"easy",3,4,12,2,3,3,4,12,2,4,1,7,0.583333333333333,FALSE,FALSE,TRUE,-0.45645541517073,-2.15679034141322
1442,"-1:-2|-1:0|0:-1|2:-1",4,TRUE,2,0,2,"mixed",1.61803398874989,2.23606797749979,2,3,2,1.77726990347453,2,8,1,25,0,TRUE,25,33554432,0,1,25,25,0.833333333333333,2,0.75,0.0833333333333333,0.553694392684741,8.33333333333333,6,10,1.10738878536948,8,8,8,0,8.33333333333333,6,10,1.10738878536948,0,1.77726990347453,2.23606797749979,0.517807010599742,"F4_R25",-1.1201785712706,-0.342004264885899,-1.2876990647278,0.271391979495859,-0.134755835195509,-2.61324575658395,0.201933404940924,742,"easy",3,4,12,2,3,3,4,12,2,4,1,7,0.583333333333333,FALSE,FALSE,TRUE,-0.45645541517073,-2.15679034141322
1590,"-1:-1|-1:0|0:-2|2:-1",4,TRUE,2,1,1,"mixed",1.66257038496822,2.23606797749979,2,3,2,1.77726990347453,2,8,1,25,0,TRUE,25,33554432,0,1,25,25,0.833333333333333,2,0.75,0.0833333333333333,0.553694392684741,8.33333333333333,6,10,1.10738878536948,8,8,8,0,8.33333333333333,6,10,1.10738878536948,0,1.77726990347453,2.23606797749979,0.517807010599742,"F4_R25",-1.1201785712706,-0.342004264885899,-1.2876990647278,0.271391979495859,-0.134755835195509,-2.61324575658395,0.201933404940924,742,"easy",3,4,12,2,3,3,4,12,2,4,1,7,0.583333333333333,FALSE,FALSE,TRUE,-0.45645541517073,-2.15679034141322
408,"-2:-2|-1:-2|-1:-1|0:2",4,TRUE,1,2,1,"mixed",2.11967716615477,2.82842712474619,2.75,4,2,1.77792717443648,1,8,1,25,0,TRUE,25,33554432,0,1,25,25,0.833333333333333,2,0.75,0.0833333333333333,0.553694392684741,8.33333333333333,6,10,1.10738878536948,8,8,8,0,8.33333333333333,6,10,1.10738878536948,0,1.77792717443648,2.82842712474619,0.613709089969705,"F4_R25",-1.11594659560023,-0.342004264885899,-1.2876990647278,0.271391979495859,-1.3423754352168,-3.81663338093487,0.0853920515574651,848,"very_easy",5,3,15,2,4,5,3,15,1,4,1,6,0.4,FALSE,FALSE,TRUE,-1.64341487160673,-2.17321850932814
884,"-2:-1|1:-1|1:0|2:-2",4,TRUE,1,2,1,"mixed",1.86967716615477,2.82842712474619,2.5,4,2,1.77792717443648,1,8,1,25,0,TRUE,25,33554432,0,1,25,25,0.833333333333333,2,0.75,0.0833333333333333,0.553694392684741,8.33333333333333,6,10,1.10738878536948,8,8,8,0,8.33333333333333,6,10,1.10738878536948,0,1.77792717443648,2.82842712474619,0.613709089969705,"F4_R25",-1.11594659560023,-0.342004264885899,-1.2876990647278,0.271391979495859,-1.3423754352168,-3.81663338093487,0.0853920515574651,848,"very_easy",3,5,15,2,4,3,5,15,1,4,1,6,0.4,FALSE,FALSE,TRUE,-1.64341487160673,-2.17321850932814
1292,"-2:-1|-1:-2|-1:-1|0:2",4,TRUE,1,1,2,"mixed",1.97158737934317,2.23606797749979,2.5,3,2,1.77792717443648,1,8,1,25,0,TRUE,25,33554432,0,1,25,25,0.833333333333333,2,0.75,0.0833333333333333,0.553694392684741,8.33333333333333,6,10,1.10738878536948,8,8,8,0,8.33333333333333,6,10,1.10738878536948,0,1.77792717443648,2.82842712474619,0.613709089969705,"F4_R25",-1.11594659560023,-0.342004264885899,-1.2876990647278,0.271391979495859,-1.3423754352168,-3.81663338093487,0.0853920515574651,848,"very_easy",5,3,15,2,3,5,3,15,1,4,1,6,0.4,FALSE,FALSE,TRUE,-1.64341487160673,-2.17321850932814
464,"-2:-2|-2:-1|0:-2|2:-2",4,TRUE,1,2,1,"mixed",2.47323055674804,2.82842712474619,3.25,4,2,1.95432037668651,3,8,1,25,0,TRUE,25,33554432,0,1,25,25,0.833333333333333,2,0.75,0.0833333333333333,0.553694392684741,8.33333333333333,6,10,1.10738878536948,8,8,8,0,8.33333333333333,6,10,1.10738878536948,0,1.95432037668651,2.82842712474619,0.650326298670236,"F4_R25",0.0197976918480978,-0.342004264885899,-1.2876990647278,0.271391979495859,1.07286376482578,-0.26564989344396,0.451127819548872,510,"medium",3,5,15,2,4,3,5,15,3,4,1,8,0.533333333333333,FALSE,FALSE,TRUE,1.91879837050151,-2.18444826394547
1488,"-1:-2|-1:2|1:0|2:-1",4,TRUE,1,0,3,"mixed",1.92705098312484,2.23606797749979,2.5,3,2,2.08437668466108,2,8,1,25,0,TRUE,25,33554432,0,1,25,25,0.833333333333333,2,0.666666666666667,0.166666666666667,0.688332449299089,8.33333333333333,6,10,1.37666489859818,8,8,8,0,8.33333333333333,6,10,1.37666489859818,0,2.08437668466108,2.82842712474619,0.711316335661704,"F4_R25",0.85719225663059,-0.342004264885899,0.0523490600394965,0.271391979495859,-0.134755835195509,0.704173196084538,0.582169709989259,388,"medium",5,4,20,2,3,5,4,20,3,4,1,8,0.4,FALSE,FALSE,TRUE,2.90904364486504,-2.2048704487805
1070,"-2:-1|-2:0|0:-2|2:2",4,TRUE,2,1,1,"mixed",2.26612377556149,2.82842712474619,2.75,4,2,2.18371941369913,4,8,1,25,0,TRUE,25,33554432,0,1,25,25,0.833333333333333,2,0.75,0.0833333333333333,0.553694392684741,8.33333333333333,6,10,1.10738878536948,9,8,10,1.01015254455221,8.33333333333333,6,10,1.10738878536948,0,2.18371941369913,2.82842712474619,0.507027856163868,"F4_R25",1.4968310611043,0.706508810356395,-1.2876990647278,0.271391979495859,2.28048336484708,3.46751615107583,0.883995703544576,107,"very_hard",5,5,25,2,4,5,5,25,4,4,1,9,0.36,FALSE,FALSE,TRUE,5.68039554028269,-2.21287938920686
506,"-2:-1|-1:-2|2:-2|2:-1",4,TRUE,0,1,3,"off_axis",2.38415776431139,2.82842712474619,3.25,4,2,1.86011261594915,2,8,1,25,0,TRUE,25,33554432,0,1,25,25,0.833333333333333,2,0.75,0.0833333333333333,0.553694392684741,8.33333333333333,6,10,1.10738878536948,8,8,8,0,8.33333333333333,6,10,1.10738878536948,0,1.86011261594915,2.82842712474619,0.614619173858266,"F4_R25",-0.586778552167754,-0.342004264885899,-1.2876990647278,0.271391979495859,-0.134755835195509,-2.0798457374811,0.247046186895811,700,"easy",3,5,15,2,4,3,5,15,2,4,1,7,0.466666666666667,FALSE,FALSE,TRUE,0.137691749447388,-2.21753748692849
924,"-2:-2|-1:0|-1:1|0:2",4,TRUE,2,2,0,"mixed",1.81066017177982,2.82842712474619,2.25,4,2,1.86011261594915,2,8,1,25,0,TRUE,25,33554432,0,1,25,25,0.833333333333333,2,0.75,0.0833333333333333,0.553694392684741,8.33333333333333,6,10,1.10738878536948,8,8,8,0,8.33333333333333,6,10,1.10738878536948,0,1.86011261594915,2.82842712474619,0.614619173858266,"F4_R25",-0.586778552167754,-0.342004264885899,-1.2876990647278,0.271391979495859,-0.134755835195509,-2.0798457374811,0.247046186895811,700,"easy",5,3,15,2,4,5,3,15,2,4,1,7,0.466666666666667,FALSE,FALSE,TRUE,0.137691749447388,-2.21753748692849
1469,"-1:-2|-1:0|0:-1|1:2",4,TRUE,2,0,2,"mixed",1.61803398874989,2.23606797749979,2,3,2,1.86011261594915,2,8,1,25,0,TRUE,25,33554432,0,1,25,25,0.833333333333333,2,0.75,0.0833333333333333,0.553694392684741,8.33333333333333,6,10,1.10738878536948,8,8,8,0,8.33333333333333,6,10,1.10738878536948,0,1.86011261594915,2.82842712474619,0.614619173858266,"F4_R25",-0.586778552167754,-0.342004264885899,-1.2876990647278,0.271391979495859,-0.134755835195509,-2.0798457374811,0.247046186895811,700,"easy",5,3,15,2,3,5,3,15,2,4,1,7,0.466666666666667,FALSE,FALSE,TRUE,0.137691749447388,-2.21753748692849
703,"-2:-1|0:2|2:-2|2:2",4,TRUE,1,2,1,"mixed",2.47323055674804,2.82842712474619,3.25,4,2,2.1607698869111,3,8,1,25,0,TRUE,25,33554432,0,1,25,25,0.833333333333333,2,0.666666666666667,0.166666666666667,0.688332449299089,8.33333333333333,6,10,1.37666489859818,9,8,10,1.01015254455221,8.33333333333333,6,10,1.37666489859818,0,2.1607698869111,2.82842712474619,0.606514171143573,"F4_R25",1.34906576393484,0.706508810356395,0.0523490600394965,0.271391979495859,1.07286376482578,3.45217937865238,0.878625134264232,112,"very_hard",5,5,25,2,4,5,5,25,4,4,1,9,0.36,FALSE,FALSE,TRUE,5.68039554028269,-2.22821616163032
1040,"-2:-1|-2:0|0:2|2:-2",4,TRUE,2,1,1,"mixed",2.26612377556149,2.82842712474619,2.75,4,2,2.1607698869111,3,8,1,25,0,TRUE,25,33554432,0,1,25,25,0.833333333333333,2,0.666666666666667,0.166666666666667,0.688332449299089,8.33333333333333,6,10,1.37666489859818,9,8,10,1.01015254455221,8.33333333333333,6,10,1.37666489859818,0,2.1607698869111,2.82842712474619,0.606514171143573,"F4_R25",1.34906576393484,0.706508810356395,0.0523490600394965,0.271391979495859,1.07286376482578,3.45217937865238,0.878625134264232,112,"very_hard",5,5,25,2,4,5,5,25,4,4,1,9,0.36,FALSE,FALSE,TRUE,5.68039554028269,-2.22821616163032
1670,"-1:-1|0:-2|1:1|2:0",4,TRUE,2,2,0,"mixed",1.70710678118655,2,2,2,2,1.97858444539843,1,4,2,25,0,TRUE,25,33554432,0,1,25,25,0.833333333333333,2,0.583333333333333,0.25,0.800640769025436,8.33333333333333,6,10,1.60128153805087,10,10,10,0,8.33333333333333,6,10,1.60128153805087,0,1.97858444539843,2.82842712474619,0.562932394231188,"F4_R25",0.176026940358286,1.75502188559869,1.17015005204386,-3.68075372191259,-1.3423754352168,-1.92193027912856,0.250268528464017,699,"easy",4,4,16,2,2,4,4,16,2,4,1,7,0.4375,FALSE,FALSE,TRUE,0.335740804320094,-2.25767108344865
521,"-2:-1|-1:0|2:-2|2:-1",4,TRUE,1,1,2,"mixed",2.07514076993644,2.82842712474619,2.75,4,2,1.81934853067379,1,8,1,25,0,TRUE,25,33554432,0,1,25,25,0.833333333333333,2,0.583333333333333,0.25,0.800640769025436,8.33333333333333,6,10,1.60128153805087,7,6,8,1.01015254455221,8.33333333333333,6,10,1.60128153805087,0,1.81934853067379,2.82842712474619,0.737842895002503,"F4_R25",-0.84924658604881,-1.39051734012819,1.17015005204386,0.271391979495859,-1.3423754352168,-2.14059732985409,0.241675617615467,705,"easy",3,5,15,2,4,3,5,15,2,4,1,7,0.466666666666667,FALSE,FALSE,TRUE,0.137691749447388,-2.27828907930147
1476,"-1:-2|-1:2|0:-1|1:0",4,TRUE,2,0,2,"mixed",1.61803398874989,2.23606797749979,2,3,2,1.81934853067379,1,8,1,25,0,TRUE,25,33554432,0,1,25,25,0.833333333333333,2,0.583333333333333,0.25,0.800640769025436,8.33333333333333,6,10,1.60128153805087,7,6,8,1.01015254455221,8.33333333333333,6,10,1.60128153805087,0,1.81934853067379,2.82842712474619,0.737842895002503,"F4_R25",-0.84924658604881,-1.39051734012819,1.17015005204386,0.271391979495859,-1.3423754352168,-2.14059732985409,0.241675617615467,705,"easy",5,3,15,2,3,5,3,15,2,4,1,7,0.466666666666667,FALSE,FALSE,TRUE,0.137691749447388,-2.27828907930147
331,"-2:-1|0:-2|1:-2|2:-2",4,TRUE,1,1,2,"mixed",2.32514076993644,2.82842712474619,3,4,2,1.91869125971184,2,8,1,25,0,TRUE,25,33554432,0,1,25,25,0.833333333333333,2,0.666666666666667,0.166666666666667,0.688332449299089,8.33333333333333,6,10,1.37666489859818,8,6,10,2.02030508910442,8.33333333333333,6,10,1.37666489859818,0,1.91869125971184,2.82842712474619,0.595001260414515,"F4_R25",-0.209607781575099,-0.342004264885899,0.0523490600394965,0.271391979495859,-0.134755835195509,-0.362626842121151,0.437701396348013,520,"medium",3,5,15,2,4,3,5,15,3,4,1,8,0.533333333333333,FALSE,FALSE,TRUE,1.91879837050151,-2.28142521262266
908,"-1:0|0:-1|1:1|2:2",4,TRUE,2,2,0,"mixed",1.56066017177982,2.82842712474619,2,4,2,1.92000580163574,1,4,2,25,0,TRUE,25,33554432,0,1,25,25,0.833333333333333,2,0.666666666666667,0.166666666666667,0.688332449299089,8.33333333333333,6,10,1.37666489859818,8,8,8,0,8.33333333333333,6,10,1.37666489859818,0,1.92000580163574,2.82842712474619,0.755408441165062,"F4_R25",-0.201143830234369,-0.342004264885899,0.0523490600394965,-3.68075372191259,-1.3423754352168,-5.51392819221016,0.0225563909774436,910,"very_easy",4,4,16,2,4,4,4,16,0,4,1,5,0.3125,FALSE,FALSE,TRUE,-3.22647243778815,-2.28745575442201
1293,"-1:-1|1:1|1:2|2:1",4,TRUE,0,2,2,"off_axis",1.82514076993644,2.23606797749979,2.5,3,2,1.92000580163574,1,4,2,25,0,TRUE,25,33554432,0,1,25,25,0.833333333333333,2,0.666666666666667,0.166666666666667,0.688332449299089,8.33333333333333,6,10,1.37666489859818,8,8,8,0,8.33333333333333,6,10,1.37666489859818,0,1.92000580163574,2.82842712474619,0.755408441165062,"F4_R25",-0.201143830234369,-0.342004264885899,0.0523490600394965,-3.68075372191259,-1.3423754352168,-5.51392819221016,0.0225563909774436,910,"very_easy",4,4,16,2,3,4,4,16,0,4,1,5,0.3125,FALSE,FALSE,TRUE,-3.22647243778815,-2.28745575442201
437,"-1:-1|1:-2|2:-2|2:2",4,TRUE,0,3,1,"off_axis",2.32678394734132,2.82842712474619,3.25,4,2,2.00219124314841,2,8,1,25,0,TRUE,25,33554432,0,1,25,25,0.833333333333333,2,0.75,0.0833333333333333,0.553694392684741,8.33333333333333,6,10,1.10738878536948,8,8,8,0,8.33333333333333,6,10,1.10738878536948,0,2.00219124314841,2.82842712474619,0.738790472371199,"F4_R25",0.328024213198112,-0.342004264885899,-1.2876990647278,0.271391979495859,-0.134755835195509,-1.16504297211524,0.351235230934479,603,"easy",5,4,20,2,4,5,4,20,2,4,1,7,0.35,FALSE,FALSE,TRUE,1.12793702381092,-2.29297999592616
527,"-1:-1|1:-2|1:2|2:2",4,TRUE,0,2,2,"off_axis",2.17869416052972,2.82842712474619,3,4,2,2.00219124314841,2,8,1,25,0,TRUE,25,33554432,0,1,25,25,0.833333333333333,2,0.75,0.0833333333333333,0.553694392684741,8.33333333333333,6,10,1.10738878536948,8,8,8,0,8.33333333333333,6,10,1.10738878536948,0,2.00219124314841,2.82842712474619,0.738790472371199,"F4_R25",0.328024213198112,-0.342004264885899,-1.2876990647278,0.271391979495859,-0.134755835195509,-1.16504297211524,0.351235230934479,603,"easy",5,4,20,2,4,5,4,20,2,4,1,7,0.35,FALSE,FALSE,TRUE,1.12793702381092,-2.29297999592616
953,"-1:0|0:-1|1:2|2:-2",4,TRUE,2,1,1,"mixed",1.76612377556149,2.82842712474619,2.25,4,2,2.00219124314841,2,8,1,25,0,TRUE,25,33554432,0,1,25,25,0.833333333333333,2,0.75,0.0833333333333333,0.553694392684741,8.33333333333333,6,10,1.10738878536948,8,8,8,0,8.33333333333333,6,10,1.10738878536948,0,2.00219124314841,2.82842712474619,0.738790472371199,"F4_R25",0.328024213198112,-0.342004264885899,-1.2876990647278,0.271391979495859,-0.134755835195509,-1.16504297211524,0.351235230934479,603,"easy",5,4,20,2,4,5,4,20,2,4,1,7,0.35,FALSE,FALSE,TRUE,1.12793702381092,-2.29297999592616
442,"-2:-1|1:-2|2:-2|2:0",4,TRUE,1,1,2,"mixed",2.32514076993644,2.82842712474619,3,4,2,1.96011261594915,2,8,1,25,0,TRUE,25,33554432,0,1,25,25,0.833333333333333,2,0.75,0.0833333333333333,0.553694392684741,8.33333333333333,6,10,1.10738878536948,9,8,10,1.01015254455221,8.33333333333333,6,10,1.10738878536948,0,1.96011261594915,2.82842712474619,0.535369584489657,"F4_R25",0.0570922279763234,0.706508810356395,-1.2876990647278,0.271391979495859,-0.134755835195509,-0.387461882094732,0.426960257787325,530,"medium",3,5,15,2,4,3,5,15,3,4,1,8,0.533333333333333,FALSE,FALSE,TRUE,1.91879837050151,-2.30626025259624
640,"-2:-2|-2:0|0:-2|2:2",4,TRUE,2,2,0,"mixed",2.41421356237309,2.82842712474619,3,4,2,2.23716308916112,4,4,2,25,0,TRUE,25,33554432,0,1,25,25,0.833333333333333,2,0.583333333333333,0.25,0.800640769025436,8.33333333333333,6,10,1.60128153805087,10,10,10,0,8.33333333333333,6,10,1.60128153805087,0,2.23716308916112,2.82842712474619,0.4655955713982,"F4_R25",1.84093927123909,1.75502188559869,1.17015005204386,-3.68075372191259,2.28048336484708,3.36584085181613,0.868958109559613,122,"very_hard",5,5,25,2,4,5,5,25,4,4,1,9,0.36,FALSE,FALSE,TRUE,5.68039554028269,-2.31455468846656
1141,"-2:-1|-2:0|-1:2|0:-2",4,TRUE,2,0,2,"mixed",2.11803398874989,2.23606797749979,2.5,3,2,2.04229805746182,3,8,1,25,0,TRUE,25,33554432,0,1,25,25,0.833333333333333,2,0.75,0.0833333333333333,0.553694392684741,8.33333333333333,6,10,1.10738878536948,9,8,10,1.01015254455221,8.33333333333333,6,10,1.10738878536948,0,2.04229805746182,2.82842712474619,0.504445398969847,"F4_R25",0.586260271408802,0.706508810356395,-1.2876990647278,0.271391979495859,1.07286376482578,1.34932576135904,0.655209452201933,320,"hard",5,3,15,2,3,5,3,15,4,4,1,9,0.6,FALSE,FALSE,TRUE,3.69990499155563,-2.35057923019659
1200,"-1:-2|-1:-1|-1:2|0:2",4,TRUE,1,1,2,"mixed",1.97158737934317,2.23606797749979,2.5,3,2,1.65366310572456,1,8,1,25,0,TRUE,25,33554432,0,1,25,25,0.833333333333333,2,0.583333333333333,0.25,0.800640769025436,8.33333333333333,6,10,1.60128153805087,7,6,8,1.01015254455221,8.33333333333333,6,10,1.60128153805087,0,1.65366310572456,2.23606797749979,0.543035023185446,"F4_R25",-1.9160466242545,-1.39051734012819,1.17015005204386,0.271391979495859,-1.3423754352168,-3.20739736805977,0.165950590762621,773,"very_easy",5,2,10,2,3,5,2,10,2,4,1,7,0.7,FALSE,FALSE,TRUE,-0.852553524916142,-2.35484384314363
1467,"-1:-2|-1:0|-1:2|0:-1",4,TRUE,2,0,2,"mixed",1.61803398874989,2.23606797749979,2,3,2,1.65366310572456,1,8,1,25,0,TRUE,25,33554432,0,1,25,25,0.833333333333333,2,0.583333333333333,0.25,0.800640769025436,8.33333333333333,6,10,1.60128153805087,7,6,8,1.01015254455221,8.33333333333333,6,10,1.60128153805087,0,1.65366310572456,2.23606797749979,0.543035023185446,"F4_R25",-1.9160466242545,-1.39051734012819,1.17015005204386,0.271391979495859,-1.3423754352168,-3.20739736805977,0.165950590762621,773,"very_easy",5,2,10,2,3,5,2,10,2,4,1,7,0.7,FALSE,FALSE,TRUE,-0.852553524916142,-2.35484384314363
1662,"-1:-1|-1:0|0:-2|0:2",4,TRUE,3,1,0,"mixed",1.60355339059327,2,1.75,2,2,1.65366310572456,1,8,1,25,0,TRUE,25,33554432,0,1,25,25,0.833333333333333,2,0.583333333333333,0.25,0.800640769025436,8.33333333333333,6,10,1.60128153805087,7,6,8,1.01015254455221,8.33333333333333,6,10,1.60128153805087,0,1.65366310572456,2.23606797749979,0.543035023185446,"F4_R25",-1.9160466242545,-1.39051734012819,1.17015005204386,0.271391979495859,-1.3423754352168,-3.20739736805977,0.165950590762621,773,"very_easy",5,2,10,2,2,5,2,10,2,4,1,7,0.7,FALSE,FALSE,TRUE,-0.852553524916142,-2.35484384314363
741,"-1:-2|0:-1|2:-2|2:2",4,TRUE,1,2,1,"mixed",2.22323055674804,2.82842712474619,3,4,2,2.0607698869111,2,8,1,25,0,TRUE,25,33554432,0,1,25,25,0.833333333333333,2,0.666666666666667,0.166666666666667,0.688332449299089,8.33333333333333,6,10,1.37666489859818,8,6,10,2.02030508910442,8.33333333333333,6,10,1.37666489859818,0,2.0607698869111,2.82842712474619,0.709637993158325,"F4_R25",0.705194983790766,-0.342004264885899,0.0523490600394965,0.271391979495859,-0.134755835195509,0.552175923244714,0.570354457572503,399,"medium",5,4,20,2,4,5,4,20,3,4,1,8,0.4,FALSE,FALSE,TRUE,2.90904364486504,-2.35686772162033
1588,"-2:-1|0:-2|0:2|2:0",4,TRUE,3,0,1,"mixed",2.05901699437495,2.23606797749979,2.25,3,2,2.13716308916112,3,8,1,25,0,TRUE,25,33554432,0,1,25,25,0.833333333333333,2,0.666666666666667,0.166666666666667,0.688332449299089,8.33333333333333,6,10,1.37666489859818,9,8,10,1.01015254455221,8.33333333333333,6,10,1.37666489859818,0,2.13716308916112,2.82842712474619,0.607850429635522,"F4_R25",1.19706849109502,0.706508810356395,0.0523490600394965,0.271391979495859,1.07286376482578,3.30018210581255,0.864661654135338,125,"very_hard",5,5,25,2,3,5,5,25,4,4,1,9,0.36,FALSE,FALSE,TRUE,5.68039554028269,-2.38021343447014
1536,"-1:-2|-1:2|1:-1|2:0",4,TRUE,1,1,2,"mixed",1.97158737934317,2.23606797749979,2.5,3,2,2.10219124314841,2,8,1,25,0,TRUE,25,33554432,0,1,25,25,0.833333333333333,2,0.75,0.0833333333333333,0.553694392684741,8.33333333333333,6,10,1.10738878536948,9,8,10,1.01015254455221,8.33333333333333,6,10,1.10738878536948,0,2.10219124314841,2.82842712474619,0.650463063457386,"F4_R25",0.971894993342186,0.706508810356395,-1.2876990647278,0.271391979495859,-0.134755835195509,0.52734088327113,0.564983888292159,404,"medium",5,4,20,2,3,5,4,20,3,4,1,8,0.4,FALSE,FALSE,TRUE,2.90904364486504,-2.38170276159391
455,"-2:-1|-2:2|1:-2|2:-2",4,TRUE,0,2,2,"off_axis",2.53224755112299,2.82842712474619,3.5,4,2,2.04295532842377,2,8,1,25,0,TRUE,25,33554432,0,1,25,25,0.833333333333333,2,0.666666666666667,0.166666666666667,0.688332449299089,8.33333333333333,6,10,1.37666489859818,9,8,10,1.01015254455221,8.33333333333333,6,10,1.37666489859818,0,2.04295532842377,2.82842712474619,0.60215679580886,"F4_R25",0.590492247079168,0.706508810356395,0.0523490600394965,0.271391979495859,-0.134755835195509,1.48598626177541,0.672395273899033,294,"hard",5,5,25,2,4,5,5,25,3,4,1,8,0.32,FALSE,FALSE,TRUE,3.89928891922857,-2.41330265745316
509,"-2:-1|-2:2|-1:2|2:-2",4,TRUE,0,2,2,"off_axis",2.53224755112299,2.82842712474619,3.5,4,2,2.04295532842377,2,8,1,25,0,TRUE,25,33554432,0,1,25,25,0.833333333333333,2,0.666666666666667,0.166666666666667,0.688332449299089,8.33333333333333,6,10,1.37666489859818,9,8,10,1.01015254455221,8.33333333333333,6,10,1.37666489859818,0,2.04295532842377,2.82842712474619,0.60215679580886,"F4_R25",0.590492247079168,0.706508810356395,0.0523490600394965,0.271391979495859,-0.134755835195509,1.48598626177541,0.672395273899033,294,"hard",5,5,25,2,4,5,5,25,3,4,1,8,0.32,FALSE,FALSE,TRUE,3.89928891922857,-2.41330265745316
768,"-2:-1|-1:-2|2:-2|2:2",4,TRUE,0,2,2,"off_axis",2.53224755112299,2.82842712474619,3.5,4,2,2.04295532842377,2,8,1,25,0,TRUE,25,33554432,0,1,25,25,0.833333333333333,2,0.666666666666667,0.166666666666667,0.688332449299089,8.33333333333333,6,10,1.37666489859818,9,8,10,1.01015254455221,8.33333333333333,6,10,1.37666489859818,0,2.04295532842377,2.82842712474619,0.60215679580886,"F4_R25",0.590492247079168,0.706508810356395,0.0523490600394965,0.271391979495859,-0.134755835195509,1.48598626177541,0.672395273899033,294,"hard",5,5,25,2,4,5,5,25,3,4,1,8,0.32,FALSE,FALSE,TRUE,3.89928891922857,-2.41330265745316
1035,"-2:-1|-1:0|-1:2|2:-2",4,TRUE,1,1,2,"mixed",2.07514076993644,2.82842712474619,2.75,4,2,2.04295532842377,2,8,1,25,0,TRUE,25,33554432,0,1,25,25,0.833333333333333,2,0.666666666666667,0.166666666666667,0.688332449299089,8.33333333333333,6,10,1.37666489859818,9,8,10,1.01015254455221,8.33333333333333,6,10,1.37666489859818,0,2.04295532842377,2.82842712474619,0.60215679580886,"F4_R25",0.590492247079168,0.706508810356395,0.0523490600394965,0.271391979495859,-0.134755835195509,1.48598626177541,0.672395273899033,294,"hard",5,5,25,2,4,5,5,25,3,4,1,8,0.32,FALSE,FALSE,TRUE,3.89928891922857,-2.41330265745316
1321,"-2:-1|-1:-2|-1:2|2:0",4,TRUE,1,0,3,"mixed",2.17705098312484,2.23606797749979,2.75,3,2,2.04295532842377,2,8,1,25,0,TRUE,25,33554432,0,1,25,25,0.833333333333333,2,0.666666666666667,0.166666666666667,0.688332449299089,8.33333333333333,6,10,1.37666489859818,9,8,10,1.01015254455221,8.33333333333333,6,10,1.37666489859818,0,2.04295532842377,2.82842712474619,0.60215679580886,"F4_R25",0.590492247079168,0.706508810356395,0.0523490600394965,0.271391979495859,-0.134755835195509,1.48598626177541,0.672395273899033,294,"hard",5,5,25,2,3,5,5,25,3,4,1,8,0.32,FALSE,FALSE,TRUE,3.89928891922857,-2.41330265745316
1652,"-1:-1|0:-2|0:1|1:-1",4,TRUE,2,2,0,"mixed",1.45710678118655,2,1.75,2,2,1.7128990204492,1,4,2,25,0,TRUE,25,33554432,0,1,25,25,0.833333333333333,2,0.583333333333333,0.25,0.800640769025436,8.33333333333333,6,10,1.60128153805087,9,8,10,1.01015254455221,8.33333333333333,6,10,1.60128153805087,0,1.7128990204492,2.23606797749979,0.429440133900699,"F4_R25",-1.53464387799148,0.706508810356395,1.17015005204386,-3.68075372191259,-1.3423754352168,-4.68111417272061,0.046186895810956,888,"very_easy",4,3,12,2,2,4,3,12,1,4,1,6,0.5,FALSE,FALSE,TRUE,-2.23756203622485,-2.44355213649576
1060,"-1:-2|-1:0|0:-1|2:2",4,TRUE,2,1,1,"mixed",1.76612377556149,2.82842712474619,2.25,4,2,1.97858444539843,2,8,1,25,0,TRUE,25,33554432,0,1,25,25,0.833333333333333,2,0.75,0.0833333333333333,0.553694392684741,8.33333333333333,6,10,1.10738878536948,8,8,8,0,8.33333333333333,6,10,1.10738878536948,0,1.97858444539843,2.82842712474619,0.734244579617092,"F4_R25",0.176026940358286,-0.342004264885899,-1.2876990647278,0.271391979495859,-0.134755835195509,-1.31704024495506,0.319011815252417,633,"easy",5,4,20,2,4,5,4,20,2,4,1,7,0.35,FALSE,FALSE,TRUE,1.12793702381092,-2.44497726876598
1062,"-1:-1|-1:0|0:-2|2:2",4,TRUE,2,2,0,"mixed",1.81066017177982,2.82842712474619,2.25,4,2,1.97858444539843,2,8,1,25,0,TRUE,25,33554432,0,1,25,25,0.833333333333333,2,0.75,0.0833333333333333,0.553694392684741,8.33333333333333,6,10,1.10738878536948,8,8,8,0,8.33333333333333,6,10,1.10738878536948,0,1.97858444539843,2.82842712474619,0.734244579617092,"F4_R25",0.176026940358286,-0.342004264885899,-1.2876990647278,0.271391979495859,-0.134755835195509,-1.31704024495506,0.319011815252417,633,"easy",5,4,20,2,4,5,4,20,2,4,1,7,0.35,FALSE,FALSE,TRUE,1.12793702381092,-2.44497726876598
819,"-1:-2|0:1|0:2|2:-2",4,TRUE,2,1,1,"mixed",2.01612377556149,2.82842712474619,2.5,4,2,1.97792717443648,2,8,1,25,0,TRUE,25,33554432,0,1,25,25,0.833333333333333,2,0.75,0.0833333333333333,0.553694392684741,8.33333333333333,6,10,1.10738878536948,8,6,10,2.02030508910442,8.33333333333333,6,10,1.10738878536948,0,1.97792717443648,2.82842712474619,0.656424737689541,"F4_R25",0.171794964687922,-0.342004264885899,-1.2876990647278,0.271391979495859,-0.134755835195509,-1.32127222062543,0.313641245972073,638,"easy",5,4,20,2,4,5,4,20,2,4,1,7,0.35,FALSE,FALSE,TRUE,1.12793702381092,-2.44920924443635
1404,"-1:-2|-1:-1|-1:2|2:0",4,TRUE,1,1,2,"mixed",1.97158737934317,2.23606797749979,2.5,3,2,1.97792717443648,2,8,1,25,0,TRUE,25,33554432,0,1,25,25,0.833333333333333,2,0.75,0.0833333333333333,0.553694392684741,8.33333333333333,6,10,1.10738878536948,8,6,10,2.02030508910442,8.33333333333333,6,10,1.10738878536948,0,1.97792717443648,2.82842712474619,0.656424737689541,"F4_R25",0.171794964687922,-0.342004264885899,-1.2876990647278,0.271391979495859,-0.134755835195509,-1.32127222062543,0.313641245972073,638,"easy",5,4,20,2,3,5,4,20,2,4,1,7,0.35,FALSE,FALSE,TRUE,1.12793702381092,-2.44920924443635
549,"-2:-1|-1:-2|0:-2|2:-2",4,TRUE,1,1,2,"mixed",2.32514076993644,2.82842712474619,3,4,2,1.93650581819917,2,8,1,25,0,TRUE,25,33554432,0,1,25,25,0.833333333333333,2,0.75,0.0833333333333333,0.553694392684741,8.33333333333333,6,10,1.10738878536948,9,8,10,1.01015254455221,8.33333333333333,6,10,1.10738878536948,0,1.93650581819917,2.82842712474619,0.526988526209425,"F4_R25",-0.0949050448635005,0.706508810356395,-1.2876990647278,0.271391979495859,-0.134755835195509,-0.539459154934556,0.416219119226638,540,"medium",3,5,15,2,4,3,5,15,3,4,1,8,0.533333333333333,FALSE,FALSE,TRUE,1.91879837050151,-2.45825752543607
687,"-2:-2|-1:1|0:-2|0:2",4,TRUE,2,2,0,"mixed",2.06066017177982,2.82842712474619,2.5,4,2,1.93650581819917,2,8,1,25,0,TRUE,25,33554432,0,1,25,25,0.833333333333333,2,0.75,0.0833333333333333,0.553694392684741,8.33333333333333,6,10,1.10738878536948,9,8,10,1.01015254455221,8.33333333333333,6,10,1.10738878536948,0,1.93650581819917,2.82842712474619,0.526988526209425,"F4_R25",-0.0949050448635005,0.706508810356395,-1.2876990647278,0.271391979495859,-0.134755835195509,-0.539459154934556,0.416219119226638,540,"medium",5,3,15,2,4,5,3,15,3,4,1,8,0.533333333333333,FALSE,FALSE,TRUE,1.91879837050151,-2.45825752543607
1459,"-2:-1|-1:0|0:-2|2:0",4,TRUE,3,0,1,"mixed",1.80901699437495,2.23606797749979,2,3,2,1.93650581819917,2,8,1,25,0,TRUE,25,33554432,0,1,25,25,0.833333333333333,2,0.75,0.0833333333333333,0.553694392684741,8.33333333333333,6,10,1.10738878536948,9,8,10,1.01015254455221,8.33333333333333,6,10,1.10738878536948,0,1.93650581819917,2.82842712474619,0.526988526209425,"F4_R25",-0.0949050448635005,0.706508810356395,-1.2876990647278,0.271391979495859,-0.134755835195509,-0.539459154934556,0.416219119226638,540,"medium",3,5,15,2,3,3,5,15,3,4,1,8,0.533333333333333,FALSE,FALSE,TRUE,1.91879837050151,-2.45825752543607
327,"-2:-2|-2:-1|-1:-2|0:-2",4,TRUE,1,1,2,"mixed",2.32514076993644,2.82842712474619,3,4,2,1.79508446196187,2,8,1,25,0,TRUE,25,33554432,0,1,25,25,0.833333333333333,2,0.75,0.0833333333333333,0.553694392684741,8.33333333333333,6,10,1.10738878536948,7,6,8,1.01015254455221,8.33333333333333,6,10,1.10738878536948,0,1.79508446196187,2.82842712474619,0.647792640367682,"F4_R25",-1.005475834559,-1.39051734012819,-1.2876990647278,0.271391979495859,-0.134755835195509,-3.54705609511464,0.114930182599356,823,"very_easy",3,3,9,2,4,3,3,9,2,4,1,7,0.777777777777778,FALSE,FALSE,TRUE,-1.05060257978885,-2.49645351532579
1116,"-2:-1|-2:0|-1:0|0:-2",4,TRUE,3,0,1,"mixed",1.80901699437495,2.23606797749979,2,3,2,1.79508446196187,2,8,1,25,0,TRUE,25,33554432,0,1,25,25,0.833333333333333,2,0.75,0.0833333333333333,0.553694392684741,8.33333333333333,6,10,1.10738878536948,7,6,8,1.01015254455221,8.33333333333333,6,10,1.10738878536948,0,1.79508446196187,2.82842712474619,0.647792640367682,"F4_R25",-1.005475834559,-1.39051734012819,-1.2876990647278,0.271391979495859,-0.134755835195509,-3.54705609511464,0.114930182599356,823,"very_easy",3,3,9,2,3,3,3,9,2,4,1,7,0.777777777777778,FALSE,FALSE,TRUE,-1.05060257978885,-2.49645351532579
1290,"-2:-1|-1:-2|-1:-1|-1:2",4,TRUE,0,1,3,"off_axis",2.03060437371812,2.23606797749979,2.75,3,2,1.67726990347453,1,8,1,25,0,TRUE,25,33554432,0,1,25,25,0.833333333333333,2,0.666666666666667,0.166666666666667,0.688332449299089,8.33333333333333,6,10,1.37666489859818,7,6,8,1.01015254455221,8.33333333333333,6,10,1.37666489859818,0,1.67726990347453,2.23606797749979,0.564471897635819,"F4_R25",-1.76404935141467,-1.39051734012819,0.0523490600394965,0.271391979495859,-1.3423754352168,-4.17320108722431,0.0612244897959184,873,"very_easy",5,3,15,2,3,5,3,15,1,4,1,6,0.4,FALSE,FALSE,TRUE,-1.64341487160673,-2.52978621561758
617,"-1:-1|0:-2|2:-2|2:2",4,TRUE,1,3,0,"mixed",2.26776695296637,2.82842712474619,3,4,2,2.07858444539843,2,8,1,25,0,TRUE,25,33554432,0,1,25,25,0.833333333333333,2,0.75,0.0833333333333333,0.553694392684741,8.33333333333333,6,10,1.10738878536948,9,8,10,1.01015254455221,8.33333333333333,6,10,1.10738878536948,0,2.07858444539843,2.82842712474619,0.649347281975168,"F4_R25",0.819897720502362,0.706508810356395,-1.2876990647278,0.271391979495859,-0.134755835195509,0.375343610431306,0.545649838882922,422,"medium",5,4,20,2,4,5,4,20,3,4,1,8,0.4,FALSE,FALSE,TRUE,2.90904364486504,-2.53370003443373
660,"-1:0|0:-2|1:2|2:-2",4,TRUE,2,1,1,"mixed",2.01612377556149,2.82842712474619,2.5,4,2,2.07858444539843,2,8,1,25,0,TRUE,25,33554432,0,1,25,25,0.833333333333333,2,0.75,0.0833333333333333,0.553694392684741,8.33333333333333,6,10,1.10738878536948,9,8,10,1.01015254455221,8.33333333333333,6,10,1.10738878536948,0,2.07858444539843,2.82842712474619,0.649347281975168,"F4_R25",0.819897720502362,0.706508810356395,-1.2876990647278,0.271391979495859,-0.134755835195509,0.375343610431306,0.545649838882922,422,"medium",5,4,20,2,4,5,4,20,3,4,1,8,0.4,FALSE,FALSE,TRUE,2.90904364486504,-2.53370003443373
711,"-1:-2|0:2|1:-2|2:2",4,TRUE,1,1,2,"mixed",2.32514076993644,2.82842712474619,3,4,2,1.97792717443648,2,8,1,25,0,TRUE,25,33554432,0,1,25,25,0.833333333333333,2,0.666666666666667,0.166666666666667,0.688332449299089,8.33333333333333,6,10,1.37666489859818,10,10,10,0,8.33333333333333,6,10,1.37666489859818,0,1.97792717443648,2.82842712474619,0.456805444394614,"F4_R25",0.171794964687922,1.75502188559869,0.0523490600394965,0.271391979495859,-0.134755835195509,2.11580205462646,0.746509129967777,235,"hard",5,4,20,2,4,5,4,20,4,4,1,9,0.45,FALSE,FALSE,TRUE,4.69015026591916,-2.5743482112927
522,"-2:-2|-1:-2|0:1|0:2",4,TRUE,2,1,1,"mixed",2.01612377556149,2.82842712474619,2.5,4,2,1.87792717443648,1,8,1,25,0,TRUE,25,33554432,0,1,25,25,0.833333333333333,2,0.75,0.0833333333333333,0.553694392684741,8.33333333333333,6,10,1.10738878536948,7,6,8,1.01015254455221,8.33333333333333,6,10,1.10738878536948,0,1.87792717443648,2.82842712474619,0.725250552501227,"F4_R25",-0.472075815456155,-1.39051734012819,-1.2876990647278,0.271391979495859,-1.3423754352168,-4.22127567603309,0.0558539205155747,878,"very_easy",5,3,15,2,4,5,3,15,1,4,1,6,0.4,FALSE,FALSE,TRUE,-1.64341487160673,-2.57786080442636
1397,"-1:-2|-1:-1|-1:2|1:0",4,TRUE,1,1,2,"mixed",1.72158737934317,2.23606797749979,2.25,3,2,1.87792717443648,1,8,1,25,0,TRUE,25,33554432,0,1,25,25,0.833333333333333,2,0.75,0.0833333333333333,0.553694392684741,8.33333333333333,6,10,1.10738878536948,7,6,8,1.01015254455221,8.33333333333333,6,10,1.10738878536948,0,1.87792717443648,2.82842712474619,0.725250552501227,"F4_R25",-0.472075815456155,-1.39051734012819,-1.2876990647278,0.271391979495859,-1.3423754352168,-4.22127567603309,0.0558539205155747,878,"very_easy",5,3,15,2,3,5,3,15,1,4,1,6,0.4,FALSE,FALSE,TRUE,-1.64341487160673,-2.57786080442636
1159,"-1:-2|0:2|2:0|2:1",4,TRUE,2,0,2,"mixed",2.11803398874989,2.23606797749979,2.5,3,2,2.1607698869111,3,8,1,25,0,TRUE,25,33554432,0,1,25,25,0.833333333333333,2,0.75,0.0833333333333333,0.553694392684741,8.33333333333333,6,10,1.10738878536948,9,8,10,1.01015254455221,8.33333333333333,6,10,1.10738878536948,0,2.1607698869111,2.82842712474619,0.606514171143573,"F4_R25",1.34906576393484,0.706508810356395,-1.2876990647278,0.271391979495859,1.07286376482578,2.11213125388508,0.738453276047261,240,"hard",5,4,20,2,3,5,4,20,4,4,1,9,0.45,FALSE,FALSE,TRUE,4.69015026591916,-2.57801901203408
1114,"-1:-1|0:-2|0:-1|1:-2",4,TRUE,2,1,1,"mixed",1.66257038496822,2.23606797749979,2,3,2,1.47147766421189,1,8,1,25,0,TRUE,25,33554432,0,1,25,25,0.833333333333333,2,0.583333333333333,0.25,0.800640769025436,8.33333333333333,6,10,1.60128153805087,6,6,6,0,8.33333333333333,6,10,1.60128153805087,0,1.47147766421189,2.23606797749979,0.510722237756962,"F4_R25",-3.08908544783105,-2.43903041537049,1.17015005204386,0.271391979495859,-1.3423754352168,-5.42894926687862,0.0268528464017186,905,"very_easy",3,3,9,2,3,3,3,9,1,4,1,6,0.666666666666667,FALSE,FALSE,TRUE,-2.83170920084297,-2.59724006603565
1440,"-1:-1|-1:2|0:-1|1:-2",4,TRUE,1,1,2,"mixed",1.72158737934317,2.23606797749979,2.25,3,2,1.80087670122451,2,8,1,25,0,TRUE,25,33554432,0,1,25,25,0.833333333333333,2,0.75,0.0833333333333333,0.553694392684741,8.33333333333333,6,10,1.10738878536948,8,8,8,0,8.33333333333333,6,10,1.10738878536948,0,1.80087670122451,2.23606797749979,0.534210847873044,"F4_R25",-0.968181298430773,-0.342004264885899,-1.2876990647278,0.271391979495859,-0.134755835195509,-2.46124848374412,0.228786251342642,717,"easy",5,3,15,2,3,5,3,15,2,4,1,7,0.466666666666667,FALSE,FALSE,TRUE,0.137691749447388,-2.59894023319151
531,"-2:-1|1:2|2:-2|2:2",4,TRUE,0,2,2,"off_axis",2.53224755112299,2.82842712474619,3.5,4,2,2.00219124314841,2,8,1,25,0,TRUE,25,33554432,0,1,25,25,0.833333333333333,2,0.583333333333333,0.25,0.800640769025436,8.33333333333333,6,10,1.60128153805087,8,8,8,0,8.33333333333333,6,10,1.60128153805087,0,2.00219124314841,2.82842712474619,0.738790472371199,"F4_R25",0.328024213198112,-0.342004264885899,1.17015005204386,0.271391979495859,-0.134755835195509,1.29280614465642,0.644468313641246,330,"hard",5,5,25,2,4,5,5,25,3,4,1,8,0.32,FALSE,FALSE,TRUE,3.89928891922857,-2.60648277457215
988,"-2:-1|-2:0|-1:-1|2:-2",4,TRUE,1,2,1,"mixed",2.11967716615477,2.82842712474619,2.75,4,2,1.77792717443648,1,8,1,25,0,TRUE,25,33554432,0,1,25,25,0.833333333333333,2,0.666666666666667,0.166666666666667,0.688332449299089,8.33333333333333,6,10,1.37666489859818,8,8,8,0,8.33333333333333,6,10,1.37666489859818,0,1.77792717443648,2.82842712474619,0.613709089969705,"F4_R25",-1.11594659560023,-0.342004264885899,0.0523490600394965,0.271391979495859,-1.3423754352168,-2.47658525616758,0.223415682062299,722,"easy",3,5,15,2,4,3,5,15,2,4,1,7,0.466666666666667,FALSE,FALSE,TRUE,0.137691749447388,-2.61427700561496
1296,"-2:-1|-1:-2|-1:0|-1:2",4,TRUE,1,0,3,"mixed",1.92705098312484,2.23606797749979,2.5,3,2,1.77726990347453,1,8,1,25,0,TRUE,25,33554432,0,1,25,25,0.833333333333333,2,0.666666666666667,0.166666666666667,0.688332449299089,8.33333333333333,6,10,1.37666489859818,8,8,8,0,8.33333333333333,6,10,1.37666489859818,0,1.77726990347453,2.23606797749979,0.517807010599742,"F4_R25",-1.1201785712706,-0.342004264885899,0.0523490600394965,0.271391979495859,-1.3423754352168,-2.48081723183794,0.216970998925886,727,"easy",5,3,15,2,3,5,3,15,2,4,1,7,0.466666666666667,FALSE,FALSE,TRUE,0.137691749447388,-2.61850898128533
1667,"-1:-1|0:-2|0:2|1:0",4,TRUE,3,1,0,"mixed",1.60355339059327,2,1.75,2,2,1.77726990347453,1,8,1,25,0,TRUE,25,33554432,0,1,25,25,0.833333333333333,2,0.666666666666667,0.166666666666667,0.688332449299089,8.33333333333333,6,10,1.37666489859818,8,8,8,0,8.33333333333333,6,10,1.37666489859818,0,1.77726990347453,2.23606797749979,0.517807010599742,"F4_R25",-1.1201785712706,-0.342004264885899,0.0523490600394965,0.271391979495859,-1.3423754352168,-2.48081723183794,0.216970998925886,727,"easy",5,3,15,2,2,5,3,15,2,4,1,7,0.466666666666667,FALSE,FALSE,TRUE,0.137691749447388,-2.61850898128533
704,"-2:-1|-1:2|2:-2|2:0",4,TRUE,1,1,2,"mixed",2.32514076993644,2.82842712474619,3,4,2,2.14295532842377,3,8,1,25,0,TRUE,25,33554432,0,1,25,25,0.833333333333333,2,0.75,0.0833333333333333,0.553694392684741,8.33333333333333,6,10,1.10738878536948,10,10,10,0,8.33333333333333,6,10,1.10738878536948,0,2.14295532842377,2.82842712474619,0.480442458550402,"F4_R25",1.23436302722325,1.75502188559869,-1.2876990647278,0.271391979495859,1.07286376482578,3.04594159241578,0.835660580021482,152,"very_hard",5,5,25,2,4,5,5,25,4,4,1,9,0.36,FALSE,FALSE,TRUE,5.68039554028269,-2.63445394786691
661,"-1:0|0:-2|0:2|2:-2",4,TRUE,3,1,0,"mixed",1.95710678118655,2.82842712474619,2.25,4,2,2.03650581819918,3,8,1,25,0,TRUE,25,33554432,0,1,25,25,0.833333333333333,2,0.75,0.0833333333333333,0.553694392684741,8.33333333333333,6,10,1.10738878536948,8,8,8,0,8.33333333333333,6,10,1.10738878536948,0,2.03650581819918,2.82842712474619,0.625960641681523,"F4_R25",0.548965735280577,-0.342004264885899,-1.2876990647278,0.271391979495859,1.07286376482578,0.263518149988519,0.524167561761547,442,"medium",5,4,20,2,4,5,4,20,3,4,1,8,0.4,FALSE,FALSE,TRUE,2.90904364486504,-2.64552549487652
793,"-1:-2|-1:0|-1:2|2:-2",4,TRUE,1,1,2,"mixed",2.07514076993644,2.82842712474619,2.75,4,2,2.03650581819918,3,8,1,25,0,TRUE,25,33554432,0,1,25,25,0.833333333333333,2,0.75,0.0833333333333333,0.553694392684741,8.33333333333333,6,10,1.10738878536948,8,8,8,0,8.33333333333333,6,10,1.10738878536948,0,2.03650581819918,2.82842712474619,0.625960641681523,"F4_R25",0.548965735280577,-0.342004264885899,-1.2876990647278,0.271391979495859,1.07286376482578,0.263518149988519,0.524167561761547,442,"medium",5,4,20,2,4,5,4,20,3,4,1,8,0.4,FALSE,FALSE,TRUE,2.90904364486504,-2.64552549487652
1209,"-1:-1|0:2|1:-2|1:2",4,TRUE,1,1,2,"mixed",1.97158737934317,2.23606797749979,2.5,3,2,1.86011261594915,2,8,1,25,0,TRUE,25,33554432,0,1,25,25,0.833333333333333,2,0.666666666666667,0.166666666666667,0.688332449299089,8.33333333333333,6,10,1.37666489859818,8,8,8,0,8.33333333333333,6,10,1.37666489859818,0,1.86011261594915,2.82842712474619,0.614619173858266,"F4_R25",-0.586778552167754,-0.342004264885899,0.0523490600394965,0.271391979495859,-0.134755835195509,-0.739797612713806,0.395273899033298,562,"easy",5,3,15,2,3,5,3,15,3,4,1,8,0.533333333333333,FALSE,FALSE,TRUE,1.91879837050151,-2.65859598321531
1000,"-1:-2|0:-1|1:-1|2:2",4,TRUE,1,2,1,"mixed",1.86967716615477,2.82842712474619,2.5,4,2,1.94295532842377,2,8,1,25,0,TRUE,25,33554432,0,1,25,25,0.833333333333333,2,0.75,0.0833333333333333,0.553694392684741,8.33333333333333,6,10,1.10738878536948,8,8,8,0,8.33333333333333,6,10,1.10738878536948,0,1.94295532842377,2.82842712474619,0.68712330427472,"F4_R25",-0.053378533064909,-0.342004264885899,-1.2876990647278,0.271391979495859,-0.134755835195509,-1.54644571837826,0.302900107411386,648,"easy",5,4,20,2,4,5,4,20,2,4,1,7,0.35,FALSE,FALSE,TRUE,1.12793702381092,-2.67438274218918
407,"-2:-1|1:-1|2:-2|2:-1",4,TRUE,0,2,2,"off_axis",2.17869416052972,2.82842712474619,3,4,2,1.65432037668651,1,8,1,25,0,TRUE,25,33554432,0,1,25,25,0.833333333333333,2,0.666666666666667,0.166666666666667,0.688332449299089,8.33333333333333,6,10,1.37666489859818,7,6,8,1.01015254455221,8.33333333333333,6,10,1.37666489859818,0,1.65432037668651,2.82842712474619,0.63528129489561,"F4_R25",-1.91181464858413,-1.39051734012819,0.0523490600394965,0.271391979495859,-1.3423754352168,-4.32096638439377,0.0504833512352309,883,"very_easy",3,5,15,2,4,3,5,15,1,4,1,6,0.4,FALSE,FALSE,TRUE,-1.64341487160673,-2.67755151278704
1639,"-1:-1|0:-2|0:-1|1:2",4,TRUE,2,1,1,"mixed",1.66257038496822,2.23606797749979,2,3,2,1.65432037668651,1,8,1,25,0,TRUE,25,33554432,0,1,25,25,0.833333333333333,2,0.666666666666667,0.166666666666667,0.688332449299089,8.33333333333333,6,10,1.37666489859818,7,6,8,1.01015254455221,8.33333333333333,6,10,1.37666489859818,0,1.65432037668651,2.82842712474619,0.63528129489561,"F4_R25",-1.91181464858413,-1.39051734012819,0.0523490600394965,0.271391979495859,-1.3423754352168,-4.32096638439377,0.0504833512352309,883,"very_easy",5,3,15,2,3,5,3,15,1,4,1,6,0.4,FALSE,FALSE,TRUE,-1.64341487160673,-2.67755151278704
1031,"-1:-1|0:-1|1:-2|2:2",4,TRUE,1,2,1,"mixed",1.86967716615477,2.82842712474619,2.5,4,2,1.92000580163574,1,8,1,25,0,TRUE,25,33554432,0,1,25,25,0.833333333333333,2,0.666666666666667,0.166666666666667,0.688332449299089,8.33333333333333,6,10,1.37666489859818,8,8,8,0,8.33333333333333,6,10,1.37666489859818,0,1.92000580163574,2.82842712474619,0.755408441165062,"F4_R25",-0.201143830234369,-0.342004264885899,0.0523490600394965,0.271391979495859,-1.3423754352168,-1.56178249080171,0.299677765843179,653,"easy",5,4,20,2,4,5,4,20,2,4,1,7,0.35,FALSE,FALSE,TRUE,1.12793702381092,-2.68971951461263
1144,"-1:-2|0:-2|2:-1|2:0",4,TRUE,2,0,2,"mixed",2.11803398874989,2.23606797749979,2.5,3,2,2.06011261594915,3,8,1,25,0,TRUE,25,33554432,0,1,25,25,0.833333333333333,2,0.75,0.0833333333333333,0.553694392684741,8.33333333333333,6,10,1.10738878536948,8,8,8,0,8.33333333333333,6,10,1.10738878536948,0,2.06011261594915,2.82842712474619,0.628875548196174,"F4_R25",0.7009630081204,-0.342004264885899,-1.2876990647278,0.271391979495859,1.07286376482578,0.415515422828343,0.556390977443609,412,"medium",3,4,12,2,3,3,4,12,4,4,1,9,0.75,FALSE,FALSE,TRUE,3.10575782693751,-2.69024240410917
1039,"-2:-1|-2:0|1:2|2:-2",4,TRUE,1,1,2,"mixed",2.32514076993644,2.82842712474619,3,4,2,2.10219124314841,2,8,1,25,0,TRUE,25,33554432,0,1,25,25,0.833333333333333,2,0.583333333333333,0.25,0.800640769025436,8.33333333333333,6,10,1.60128153805087,9,8,10,1.01015254455221,8.33333333333333,6,10,1.60128153805087,0,2.10219124314841,2.82842712474619,0.650463063457386,"F4_R25",0.971894993342186,0.706508810356395,1.17015005204386,0.271391979495859,-0.134755835195509,2.98519000004279,0.82921589688507,158,"very_hard",5,5,25,2,4,5,5,25,4,4,1,9,0.36,FALSE,FALSE,TRUE,5.68039554028269,-2.6952055402399
1119,"-1:-2|0:-2|0:-1|2:0",4,TRUE,3,0,1,"mixed",1.80901699437495,2.23606797749979,2,3,2,1.85432037668651,2,8,1,25,0,TRUE,25,33554432,0,1,25,25,0.833333333333333,2,0.75,0.0833333333333333,0.553694392684741,8.33333333333333,6,10,1.10738878536948,7,6,8,1.01015254455221,8.33333333333333,6,10,1.10738878536948,0,1.85432037668651,2.82842712474619,0.716081885917476,"F4_R25",-0.624073088295979,-1.39051734012819,-1.2876990647278,0.271391979495859,-0.134755835195509,-3.16565334885162,0.174006444683136,768,"very_easy",3,4,12,2,3,3,4,12,2,4,1,7,0.583333333333333,FALSE,FALSE,TRUE,-0.45645541517073,-2.70919793368089
1324,"-1:0|0:-1|1:2|2:1",4,TRUE,2,0,2,"mixed",1.61803398874989,2.23606797749979,2,3,2,1.94295532842377,2,4,2,25,0,TRUE,25,33554432,0,1,25,25,0.833333333333333,2,0.666666666666667,0.166666666666667,0.688332449299089,8.33333333333333,6,10,1.37666489859818,8,8,8,0,8.33333333333333,6,10,1.37666489859818,0,1.94295532842377,2.82842712474619,0.68712330427472,"F4_R25",-0.053378533064909,-0.342004264885899,0.0523490600394965,-3.68075372191259,-0.134755835195509,-4.15854329501941,0.0644468313641246,872,"very_easy",4,4,16,2,3,4,4,16,1,4,1,6,0.375,FALSE,FALSE,TRUE,-1.44536581673403,-2.71317747828538
1377,"-1:-2|0:2|1:1|2:1",4,TRUE,1,1,2,"mixed",1.97158737934317,2.23606797749979,2.5,3,2,1.9607698869111,1,8,1,25,0,TRUE,25,33554432,0,1,25,25,0.833333333333333,2,0.75,0.0833333333333333,0.553694392684741,8.33333333333333,6,10,1.10738878536948,9,8,10,1.01015254455221,8.33333333333333,6,10,1.10738878536948,0,1.9607698869111,2.82842712474619,0.628385453702687,"F4_R25",0.0613242036466893,0.706508810356395,-1.2876990647278,0.271391979495859,-1.3423754352168,-1.59084950644566,0.296455424274973,654,"easy",5,4,20,2,3,5,4,20,2,4,1,7,0.35,FALSE,FALSE,TRUE,1.12793702381092,-2.71878653025658
820,"-1:-2|-1:2|0:-1|2:2",4,TRUE,1,1,2,"mixed",2.07514076993644,2.82842712474619,2.75,4,2,2.00153397218646,2,8,1,25,0,TRUE,25,33554432,0,1,25,25,0.833333333333333,2,0.666666666666667,0.166666666666667,0.688332449299089,8.33333333333333,6,10,1.37666489859818,8,6,10,2.02030508910442,8.33333333333333,6,10,1.37666489859818,0,2.00153397218646,2.82842712474619,0.661531689157382,"F4_R25",0.323792237527746,-0.342004264885899,0.0523490600394965,0.271391979495859,-0.134755835195509,0.170773176981694,0.518796992481203,447,"medium",5,4,20,2,4,5,4,20,3,4,1,8,0.4,FALSE,FALSE,TRUE,2.90904364486504,-2.73827046788335
1483,"-1:-2|-1:2|0:-1|2:0",4,TRUE,2,0,2,"mixed",1.86803398874989,2.23606797749979,2.25,3,2,2.00153397218646,2,8,1,25,0,TRUE,25,33554432,0,1,25,25,0.833333333333333,2,0.666666666666667,0.166666666666667,0.688332449299089,8.33333333333333,6,10,1.37666489859818,8,6,10,2.02030508910442,8.33333333333333,6,10,1.37666489859818,0,2.00153397218646,2.82842712474619,0.661531689157382,"F4_R25",0.323792237527746,-0.342004264885899,0.0523490600394965,0.271391979495859,-0.134755835195509,0.170773176981694,0.518796992481203,447,"medium",5,4,20,2,3,5,4,20,3,4,1,8,0.4,FALSE,FALSE,TRUE,2.90904364486504,-2.73827046788335
1131,"-1:-1|-1:0|0:-2|1:-2",4,TRUE,2,1,1,"mixed",1.66257038496822,2.23606797749979,2,3,2,1.73650581819918,1,8,1,25,0,TRUE,25,33554432,0,1,25,25,0.833333333333333,2,0.666666666666667,0.166666666666667,0.688332449299089,8.33333333333333,6,10,1.37666489859818,7,6,8,1.01015254455221,8.33333333333333,6,10,1.37666489859818,0,1.73650581819918,2.82842712474619,0.653662793937545,"F4_R25",-1.38264660515165,-1.39051734012819,0.0523490600394965,0.271391979495859,-1.3423754352168,-3.79179834096129,0.0934479054779807,843,"very_easy",3,3,9,2,3,3,3,9,2,4,1,7,0.777777777777778,FALSE,FALSE,TRUE,-1.05060257978885,-2.74119576117244
1457,"-1:-2|0:2|1:0|2:1",4,TRUE,2,0,2,"mixed",1.86803398874989,2.23606797749979,2.25,3,2,2.04295532842377,2,8,1,25,0,TRUE,25,33554432,0,1,25,25,0.833333333333333,2,0.75,0.0833333333333333,0.553694392684741,8.33333333333333,6,10,1.10738878536948,9,8,10,1.01015254455221,8.33333333333333,6,10,1.10738878536948,0,2.04295532842377,2.82842712474619,0.60215679580886,"F4_R25",0.590492247079168,0.706508810356395,-1.2876990647278,0.271391979495859,-0.134755835195509,0.145938137008112,0.510741138560687,452,"medium",5,4,20,2,3,5,4,20,3,4,1,8,0.4,FALSE,FALSE,TRUE,2.90904364486504,-2.76310550785693
1477,"-1:-2|0:-1|0:2|1:0",4,TRUE,3,0,1,"mixed",1.55901699437495,2.23606797749979,1.75,3,2,1.75432037668651,1,8,1,25,0,TRUE,25,33554432,0,1,25,25,0.833333333333333,2,0.666666666666667,0.166666666666667,0.688332449299089,8.33333333333333,6,10,1.37666489859818,8,8,8,0,8.33333333333333,6,10,1.37666489859818,0,1.75432037668651,2.82842712474619,0.598479569819794,"F4_R25",-1.26794386844006,-0.342004264885899,0.0523490600394965,0.271391979495859,-1.3423754352168,-2.6285825290074,0.19656283566058,747,"very_easy",5,3,15,2,3,5,3,15,2,4,1,7,0.466666666666667,FALSE,FALSE,TRUE,0.137691749447388,-2.76627427845479
1067,"-1:-2|-1:-1|0:-2|2:2",4,TRUE,1,2,1,"mixed",2.11967716615477,2.82842712474619,2.75,4,2,1.91934853067379,2,8,1,25,0,TRUE,25,33554432,0,1,25,25,0.833333333333333,2,0.75,0.0833333333333333,0.553694392684741,8.33333333333333,6,10,1.10738878536948,8,8,8,0,8.33333333333333,6,10,1.10738878536948,0,1.91934853067379,2.82842712474619,0.679951973631102,"F4_R25",-0.205375805904733,-0.342004264885899,-1.2876990647278,0.271391979495859,-0.134755835195509,-1.69844299121808,0.283029001074114,664,"easy",5,4,20,2,4,5,4,20,2,4,1,7,0.35,FALSE,FALSE,TRUE,1.12793702381092,-2.826380015029
758,"-1:-2|-1:-1|-1:2|2:-2",4,TRUE,0,2,2,"off_axis",2.17869416052972,2.82842712474619,3,4,2,1.91869125971184,2,8,1,25,0,TRUE,25,33554432,0,1,25,25,0.833333333333333,2,0.75,0.0833333333333333,0.553694392684741,8.33333333333333,6,10,1.10738878536948,8,6,10,2.02030508910442,8.33333333333333,6,10,1.10738878536948,0,1.91869125971184,2.82842712474619,0.595001260414515,"F4_R25",-0.209607781575099,-0.342004264885899,-1.2876990647278,0.271391979495859,-0.134755835195509,-1.70267496688845,0.272287862513426,674,"easy",5,4,20,2,4,5,4,20,2,4,1,7,0.35,FALSE,FALSE,TRUE,1.12793702381092,-2.83061199069937
1573,"-1:-2|0:1|0:2|2:1",4,TRUE,2,0,2,"mixed",1.86803398874989,2.23606797749979,2.25,3,2,1.91869125971184,2,8,1,25,0,TRUE,25,33554432,0,1,25,25,0.833333333333333,2,0.75,0.0833333333333333,0.553694392684741,8.33333333333333,6,10,1.10738878536948,8,6,10,2.02030508910442,8.33333333333333,6,10,1.10738878536948,0,1.91869125971184,2.82842712474619,0.595001260414515,"F4_R25",-0.209607781575099,-0.342004264885899,-1.2876990647278,0.271391979495859,-0.134755835195509,-1.70267496688845,0.272287862513426,674,"easy",5,4,20,2,3,5,4,20,2,4,1,7,0.35,FALSE,FALSE,TRUE,1.12793702381092,-2.83061199069937
1084,"-2:-1|-1:-2|0:-2|0:-1",4,TRUE,2,0,2,"mixed",1.86803398874989,2.23606797749979,2.25,3,2,1.65366310572456,1,8,1,25,0,TRUE,25,33554432,0,1,25,25,0.833333333333333,2,0.75,0.0833333333333333,0.553694392684741,8.33333333333333,6,10,1.10738878536948,7,6,8,1.01015254455221,8.33333333333333,6,10,1.10738878536948,0,1.65366310572456,2.23606797749979,0.543035023185446,"F4_R25",-1.9160466242545,-1.39051734012819,-1.2876990647278,0.271391979495859,-1.3423754352168,-5.66524648483144,0.0182599355531686,913,"very_easy",3,3,9,2,3,3,3,9,1,4,1,6,0.666666666666667,FALSE,FALSE,TRUE,-2.83170920084297,-2.83353728398847
1451,"-2:-1|-1:0|0:-2|0:-1",4,TRUE,3,0,1,"mixed",1.55901699437495,2.23606797749979,1.75,3,2,1.65366310572456,1,8,1,25,0,TRUE,25,33554432,0,1,25,25,0.833333333333333,2,0.75,0.0833333333333333,0.553694392684741,8.33333333333333,6,10,1.10738878536948,7,6,8,1.01015254455221,8.33333333333333,6,10,1.10738878536948,0,1.65366310572456,2.23606797749979,0.543035023185446,"F4_R25",-1.9160466242545,-1.39051734012819,-1.2876990647278,0.271391979495859,-1.3423754352168,-5.66524648483144,0.0182599355531686,913,"very_easy",3,3,9,2,3,3,3,9,1,4,1,6,0.666666666666667,FALSE,FALSE,TRUE,-2.83170920084297,-2.83353728398847
1657,"-1:-1|-1:0|0:-2|1:0",4,TRUE,3,1,0,"mixed",1.35355339059327,2,1.5,2,2,1.65366310572456,1,8,1,25,0,TRUE,25,33554432,0,1,25,25,0.833333333333333,2,0.75,0.0833333333333333,0.553694392684741,8.33333333333333,6,10,1.10738878536948,7,6,8,1.01015254455221,8.33333333333333,6,10,1.10738878536948,0,1.65366310572456,2.23606797749979,0.543035023185446,"F4_R25",-1.9160466242545,-1.39051734012819,-1.2876990647278,0.271391979495859,-1.3423754352168,-5.66524648483144,0.0182599355531686,913,"very_easy",3,3,9,2,2,3,3,9,1,4,1,6,0.666666666666667,FALSE,FALSE,TRUE,-2.83170920084297,-2.83353728398847
1041,"-2:-1|-2:0|-1:2|2:-2",4,TRUE,1,1,2,"mixed",2.32514076993644,2.82842712474619,3,4,2,2.0659048552118,3,8,1,25,0,TRUE,25,33554432,0,1,25,25,0.833333333333333,2,0.666666666666667,0.166666666666667,0.688332449299089,8.33333333333333,6,10,1.37666489859818,9,8,10,1.01015254455221,8.33333333333333,6,10,1.37666489859818,0,2.0659048552118,2.82842712474619,0.507758832969072,"F4_R25",0.738257544248626,0.706508810356395,0.0523490600394965,0.271391979495859,1.07286376482578,2.84137115896616,0.809344790547798,174,"very_hard",5,5,25,2,4,5,5,25,4,4,1,9,0.36,FALSE,FALSE,TRUE,5.68039554028269,-2.83902438131653
1160,"-2:-1|-2:0|0:-2|2:-1",4,TRUE,2,0,2,"mixed",2.11803398874989,2.23606797749979,2.5,3,2,1.91869125971184,3,8,1,25,0,TRUE,25,33554432,0,1,25,25,0.833333333333333,2,0.666666666666667,0.166666666666667,0.688332449299089,8.33333333333333,6,10,1.37666489859818,8,8,8,0,8.33333333333333,6,10,1.37666489859818,0,1.91869125971184,2.82842712474619,0.595001260414515,"F4_R25",-0.209607781575099,-0.342004264885899,0.0523490600394965,0.271391979495859,1.07286376482578,0.844992757900142,0.604726100966702,362,"hard",3,5,15,2,3,3,5,15,4,4,1,9,0.6,FALSE,FALSE,TRUE,3.69990499155563,-2.85491223365549
1195,"-2:-1|-1:2|0:-2|0:2",4,TRUE,2,0,2,"mixed",2.11803398874989,2.23606797749979,2.5,3,2,1.91869125971184,3,8,1,25,0,TRUE,25,33554432,0,1,25,25,0.833333333333333,2,0.666666666666667,0.166666666666667,0.688332449299089,8.33333333333333,6,10,1.37666489859818,8,8,8,0,8.33333333333333,6,10,1.37666489859818,0,1.91869125971184,2.82842712474619,0.595001260414515,"F4_R25",-0.209607781575099,-0.342004264885899,0.0523490600394965,0.271391979495859,1.07286376482578,0.844992757900142,0.604726100966702,362,"hard",5,3,15,2,3,5,3,15,4,4,1,9,0.6,FALSE,FALSE,TRUE,3.69990499155563,-2.85491223365549
538,"-1:-2|1:2|2:-2|2:2",4,TRUE,0,2,2,"off_axis",2.53224755112299,2.82842712474619,3.5,4,2,2.00153397218646,3,8,1,25,0,TRUE,25,33554432,0,1,25,25,0.833333333333333,2,0.75,0.0833333333333333,0.553694392684741,8.33333333333333,6,10,1.10738878536948,8,8,8,0,8.33333333333333,6,10,1.10738878536948,0,2.00153397218646,2.82842712474619,0.661531689157382,"F4_R25",0.323792237527746,-0.342004264885899,-1.2876990647278,0.271391979495859,1.07286376482578,0.0383446522356881,0.496240601503759,468,"medium",5,4,20,2,4,5,4,20,3,4,1,8,0.4,FALSE,FALSE,TRUE,2.90904364486504,-2.87069899262935
1111,"-1:-2|-1:-1|-1:2|0:-2",4,TRUE,1,1,2,"mixed",1.97158737934317,2.23606797749979,2.5,3,2,1.57147766421189,1,8,1,25,0,TRUE,25,33554432,0,1,25,25,0.833333333333333,2,0.583333333333333,0.25,0.800640769025436,8.33333333333333,6,10,1.60128153805087,7,6,8,1.01015254455221,8.33333333333333,6,10,1.60128153805087,0,1.57147766421189,2.23606797749979,0.506028052453785,"F4_R25",-2.44521466768698,-1.39051734012819,1.17015005204386,0.271391979495859,-1.3423754352168,-3.73656541149225,0.101503759398496,833,"very_easy",5,2,10,2,3,5,2,10,2,4,1,7,0.7,FALSE,FALSE,TRUE,-0.852553524916142,-2.88401188657611
1112,"-1:-2|-1:-1|0:-2|0:2",4,TRUE,2,1,1,"mixed",1.91257038496822,2.23606797749979,2.25,3,2,1.57147766421189,1,8,1,25,0,TRUE,25,33554432,0,1,25,25,0.833333333333333,2,0.583333333333333,0.25,0.800640769025436,8.33333333333333,6,10,1.60128153805087,7,6,8,1.01015254455221,8.33333333333333,6,10,1.60128153805087,0,1.57147766421189,2.23606797749979,0.506028052453785,"F4_R25",-2.44521466768698,-1.39051734012819,1.17015005204386,0.271391979495859,-1.3423754352168,-3.73656541149225,0.101503759398496,833,"very_easy",5,2,10,2,3,5,2,10,2,4,1,7,0.7,FALSE,FALSE,TRUE,-0.852553524916142,-2.88401188657611
1102,"-2:-1|-2:0|-1:-1|0:-2",4,TRUE,2,1,1,"mixed",1.91257038496822,2.23606797749979,2.25,3,2,1.75432037668651,1,8,1,25,0,TRUE,25,33554432,0,1,25,25,0.833333333333333,2,0.75,0.0833333333333333,0.553694392684741,8.33333333333333,6,10,1.10738878536948,8,8,8,0,8.33333333333333,6,10,1.10738878536948,0,1.75432037668651,2.82842712474619,0.598479569819794,"F4_R25",-1.26794386844006,-0.342004264885899,-1.2876990647278,0.271391979495859,-1.3423754352168,-3.9686306537747,0.0730397422126745,862,"very_easy",3,3,9,2,3,3,3,9,2,4,1,7,0.777777777777778,FALSE,FALSE,TRUE,-1.05060257978885,-2.91802807398585
1248,"-1:-2|-1:0|0:-1|1:-2",4,TRUE,2,0,2,"mixed",1.61803398874989,2.23606797749979,2,3,2,1.75432037668651,1,8,1,25,0,TRUE,25,33554432,0,1,25,25,0.833333333333333,2,0.75,0.0833333333333333,0.553694392684741,8.33333333333333,6,10,1.10738878536948,8,8,8,0,8.33333333333333,6,10,1.10738878536948,0,1.75432037668651,2.82842712474619,0.598479569819794,"F4_R25",-1.26794386844006,-0.342004264885899,-1.2876990647278,0.271391979495859,-1.3423754352168,-3.9686306537747,0.0730397422126745,862,"very_easy",3,3,9,2,3,3,3,9,2,4,1,7,0.777777777777778,FALSE,FALSE,TRUE,-1.05060257978885,-2.91802807398585
1189,"-1:-2|0:-2|1:2|2:0",4,TRUE,2,0,2,"mixed",2.11803398874989,2.23606797749979,2.5,3,2,2.10153397218646,3,8,1,25,0,TRUE,25,33554432,0,1,25,25,0.833333333333333,2,0.75,0.0833333333333333,0.553694392684741,8.33333333333333,6,10,1.10738878536948,9,8,10,1.01015254455221,8.33333333333333,6,10,1.10738878536948,0,2.10153397218646,2.82842712474619,0.561303011598098,"F4_R25",0.967663017671823,0.706508810356395,-1.2876990647278,0.271391979495859,1.07286376482578,1.73072850762206,0.707303974221267,269,"hard",5,4,20,2,3,5,4,20,4,4,1,9,0.45,FALSE,FALSE,TRUE,4.69015026591916,-2.9594217582971
330,"-1:-1|0:-2|1:-2|2:-2",4,TRUE,1,2,1,"mixed",2.11967716615477,2.82842712474619,2.75,4,2,1.83650581819917,1,8,1,25,0,TRUE,25,33554432,0,1,25,25,0.833333333333333,2,0.75,0.0833333333333333,0.553694392684741,8.33333333333333,6,10,1.10738878536948,8,6,10,2.02030508910442,8.33333333333333,6,10,1.10738878536948,0,1.83650581819917,2.82842712474619,0.602998415071235,"F4_R25",-0.738775825007578,-0.342004264885899,-1.2876990647278,0.271391979495859,-1.3423754352168,-3.43946261034222,0.131578947368421,805,"very_easy",3,4,12,2,4,3,4,12,2,4,1,7,0.583333333333333,FALSE,FALSE,TRUE,-0.45645541517073,-2.98300719517149
349,"-1:-2|0:-1|1:-2|2:-2",4,TRUE,1,1,2,"mixed",2.07514076993644,2.82842712474619,2.75,4,2,1.83650581819917,1,8,1,25,0,TRUE,25,33554432,0,1,25,25,0.833333333333333,2,0.75,0.0833333333333333,0.553694392684741,8.33333333333333,6,10,1.10738878536948,8,8,8,0,8.33333333333333,6,10,1.10738878536948,0,1.83650581819917,2.82842712474619,0.602998415071235,"F4_R25",-0.738775825007578,-0.342004264885899,-1.2876990647278,0.271391979495859,-1.3423754352168,-3.43946261034222,0.131578947368421,805,"very_easy",3,4,12,2,4,3,4,12,2,4,1,7,0.583333333333333,FALSE,FALSE,TRUE,-0.45645541517073,-2.98300719517149
1180,"-1:-2|0:-2|0:2|1:0",4,TRUE,3,0,1,"mixed",1.80901699437495,2.23606797749979,2,3,2,1.79508446196187,2,8,1,25,0,TRUE,25,33554432,0,1,25,25,0.833333333333333,2,0.583333333333333,0.25,0.800640769025436,8.33333333333333,6,10,1.60128153805087,7,6,8,1.01015254455221,8.33333333333333,6,10,1.60128153805087,0,1.79508446196187,2.82842712474619,0.647792640367682,"F4_R25",-1.005475834559,-1.39051734012819,1.17015005204386,0.271391979495859,-0.134755835195509,-1.08920697834298,0.361976369495166,593,"easy",5,3,15,2,3,5,3,15,3,4,1,8,0.533333333333333,FALSE,FALSE,TRUE,1.91879837050151,-3.00800534884449
361,"-1:-2|1:-2|2:-2|2:2",4,TRUE,0,2,2,"off_axis",2.53224755112299,2.82842712474619,3.5,4,2,1.97792717443648,3,8,1,25,0,TRUE,25,33554432,0,1,25,25,0.833333333333333,2,0.75,0.0833333333333333,0.553694392684741,8.33333333333333,6,10,1.10738878536948,8,8,8,0,8.33333333333333,6,10,1.10738878536948,0,1.97792717443648,2.82842712474619,0.656424737689541,"F4_R25",0.171794964687922,-0.342004264885899,-1.2876990647278,0.271391979495859,1.07286376482578,-0.113652620604136,0.474758324382385,488,"medium",5,4,20,2,4,5,4,20,3,4,1,8,0.4,FALSE,FALSE,TRUE,2.90904364486504,-3.02269626546918
695,"-1:-2|0:-1|0:2|2:2",4,TRUE,2,1,1,"mixed",2.01612377556149,2.82842712474619,2.5,4,2,1.99574173292381,2,8,1,25,0,TRUE,25,33554432,0,1,25,25,0.833333333333333,2,0.75,0.0833333333333333,0.553694392684741,8.33333333333333,6,10,1.10738878536948,9,8,10,1.01015254455221,8.33333333333333,6,10,1.10738878536948,0,1.99574173292381,2.82842712474619,0.593497107983451,"F4_R25",0.286497701399519,0.706508810356395,-1.2876990647278,0.271391979495859,-0.134755835195509,-0.158056408671537,0.469387755102041,493,"medium",5,4,20,2,4,5,4,20,3,4,1,8,0.4,FALSE,FALSE,TRUE,2.90904364486504,-3.06710005353658
1671,"-1:-1|0:-2|0:2|2:0",4,TRUE,3,1,0,"mixed",1.85355339059327,2,2,2,2,1.99574173292381,2,8,1,25,0,TRUE,25,33554432,0,1,25,25,0.833333333333333,2,0.75,0.0833333333333333,0.553694392684741,8.33333333333333,6,10,1.10738878536948,9,8,10,1.01015254455221,8.33333333333333,6,10,1.10738878536948,0,1.99574173292381,2.82842712474619,0.593497107983451,"F4_R25",0.286497701399519,0.706508810356395,-1.2876990647278,0.271391979495859,-0.134755835195509,-0.158056408671537,0.469387755102041,493,"medium",5,4,20,2,2,5,4,20,3,4,1,8,0.4,FALSE,FALSE,TRUE,2.90904364486504,-3.06710005353658
1132,"-1:-2|0:-2|1:-1|2:0",4,TRUE,2,1,1,"mixed",1.91257038496822,2.23606797749979,2.25,3,2,1.93716308916112,1,8,1,25,0,TRUE,25,33554432,0,1,25,25,0.833333333333333,2,0.75,0.0833333333333333,0.553694392684741,8.33333333333333,6,10,1.10738878536948,9,8,10,1.01015254455221,8.33333333333333,6,10,1.10738878536948,0,1.93716308916112,2.82842712474619,0.621288236911133,"F4_R25",-0.0906730691931347,0.706508810356395,-1.2876990647278,0.271391979495859,-1.3423754352168,-1.74284677928548,0.264232008592911,684,"easy",3,4,12,2,3,3,4,12,3,4,1,8,0.666666666666667,FALSE,FALSE,TRUE,1.32465120588339,-3.06749798516887
445,"-2:-1|-2:0|1:-2|2:-2",4,TRUE,1,1,2,"mixed",2.32514076993644,2.82842712474619,3,4,2,2.00153397218646,2,8,1,25,0,TRUE,25,33554432,0,1,25,25,0.833333333333333,2,0.75,0.0833333333333333,0.553694392684741,8.33333333333333,6,10,1.10738878536948,8,8,8,0,8.33333333333333,6,10,1.10738878536948,0,2.00153397218646,2.82842712474619,0.661531689157382,"F4_R25",0.323792237527746,-0.342004264885899,-1.2876990647278,0.271391979495859,-0.134755835195509,-1.1692749477856,0.340494092373792,613,"easy",3,5,15,2,4,3,5,15,3,4,1,8,0.533333333333333,FALSE,FALSE,TRUE,1.91879837050151,-3.08807331828711
1252,"-1:-2|-1:2|0:-1|1:-2",4,TRUE,1,0,3,"mixed",1.92705098312484,2.23606797749979,2.5,3,2,1.80087670122451,1,8,1,25,0,TRUE,25,33554432,0,1,25,25,0.833333333333333,2,0.583333333333333,0.25,0.800640769025436,8.33333333333333,6,10,1.60128153805087,8,6,10,2.02030508910442,8.33333333333333,6,10,1.60128153805087,0,1.80087670122451,2.23606797749979,0.534210847873044,"F4_R25",-0.968181298430773,-0.342004264885899,1.17015005204386,0.271391979495859,-1.3423754352168,-1.21101896699375,0.335123523093448,618,"easy",5,3,15,2,3,5,3,15,3,4,1,8,0.533333333333333,FALSE,FALSE,TRUE,1.91879837050151,-3.12981733749526
1007,"-1:-2|0:-2|1:-1|2:2",4,TRUE,1,2,1,"mixed",2.11967716615477,2.82842712474619,2.75,4,2,1.98371941369913,2,8,1,25,0,TRUE,25,33554432,0,1,25,25,0.833333333333333,2,0.75,0.0833333333333333,0.553694392684741,8.33333333333333,6,10,1.10738878536948,9,8,10,1.01015254455221,8.33333333333333,6,10,1.10738878536948,0,1.98371941369913,2.82842712474619,0.542481221091435,"F4_R25",0.209089500816147,0.706508810356395,-1.2876990647278,0.271391979495859,-0.134755835195509,-0.235464609254908,0.456498388829216,505,"medium",5,4,20,2,4,5,4,20,3,4,1,8,0.4,FALSE,FALSE,TRUE,2.90904364486504,-3.14450825411995
541,"-1:-2|1:-2|1:2|2:2",4,TRUE,0,1,3,"off_axis",2.38415776431139,2.82842712474619,3.25,4,2,1.94229805746182,3,8,1,25,0,TRUE,25,33554432,0,1,25,25,0.833333333333333,2,0.75,0.0833333333333333,0.553694392684741,8.33333333333333,6,10,1.10738878536948,8,8,8,0,8.33333333333333,6,10,1.10738878536948,0,1.94229805746182,2.82842712474619,0.603212009882676,"F4_R25",-0.0576105087352749,-0.342004264885899,-1.2876990647278,0.271391979495859,1.07286376482578,-0.343058094027333,0.445757250268528,515,"medium",5,4,20,2,4,5,4,20,3,4,1,8,0.4,FALSE,FALSE,TRUE,2.90904364486504,-3.25210173889237
344,"-1:-2|0:2|1:2|2:2",4,TRUE,1,1,2,"mixed",2.32514076993644,2.82842712474619,3,4,2,1.91869125971184,2,8,1,25,0,TRUE,25,33554432,0,1,25,25,0.833333333333333,2,0.666666666666667,0.166666666666667,0.688332449299089,8.33333333333333,6,10,1.37666489859818,8,6,10,2.02030508910442,8.33333333333333,6,10,1.37666489859818,0,1.91869125971184,2.82842712474619,0.595001260414515,"F4_R25",-0.209607781575099,-0.342004264885899,0.0523490600394965,0.271391979495859,-0.134755835195509,-0.362626842121151,0.437701396348013,520,"medium",5,4,20,2,4,5,4,20,3,4,1,8,0.4,FALSE,FALSE,TRUE,2.90904364486504,-3.27167048698619
932,"-2:-2|-1:0|-1:1|2:2",4,TRUE,1,3,0,"mixed",2.01776695296637,2.82842712474619,2.75,4,2,2.00219124314841,2,8,1,25,0,TRUE,25,33554432,0,1,25,25,0.833333333333333,2,0.75,0.0833333333333333,0.553694392684741,8.33333333333333,6,10,1.10738878536948,8,8,8,0,8.33333333333333,6,10,1.10738878536948,0,2.00219124314841,2.82842712474619,0.738790472371199,"F4_R25",0.328024213198112,-0.342004264885899,-1.2876990647278,0.271391979495859,-0.134755835195509,-1.16504297211524,0.351235230934479,603,"easy",5,5,25,2,4,5,5,25,2,4,1,7,0.28,FALSE,FALSE,TRUE,2.11818229817445,-3.28322527028969
860,"-2:-1|0:-1|2:-2|2:2",4,TRUE,1,2,1,"mixed",2.22323055674804,2.82842712474619,3,4,2,2.0607698869111,2,8,1,25,0,TRUE,25,33554432,0,1,25,25,0.833333333333333,2,0.666666666666667,0.166666666666667,0.688332449299089,8.33333333333333,6,10,1.37666489859818,8,6,10,2.02030508910442,8.33333333333333,6,10,1.37666489859818,0,2.0607698869111,2.82842712474619,0.709637993158325,"F4_R25",0.705194983790766,-0.342004264885899,0.0523490600394965,0.271391979495859,-0.134755835195509,0.552175923244714,0.570354457572503,399,"medium",5,5,25,2,4,5,5,25,3,4,1,8,0.32,FALSE,FALSE,TRUE,3.89928891922857,-3.34711299598386
821,"-2:-1|-2:2|1:0|2:-2",4,TRUE,1,2,1,"mixed",2.22323055674804,2.82842712474619,3,4,2,2.10219124314841,2,8,1,25,0,TRUE,25,33554432,0,1,25,25,0.833333333333333,2,0.75,0.0833333333333333,0.553694392684741,8.33333333333333,6,10,1.10738878536948,9,8,10,1.01015254455221,8.33333333333333,6,10,1.10738878536948,0,2.10219124314841,2.82842712474619,0.650463063457386,"F4_R25",0.971894993342186,0.706508810356395,-1.2876990647278,0.271391979495859,-0.134755835195509,0.52734088327113,0.564983888292159,404,"medium",5,5,25,2,4,5,5,25,3,4,1,8,0.32,FALSE,FALSE,TRUE,3.89928891922857,-3.37194803595744
867,"-2:-2|-1:1|0:2|2:-2",4,TRUE,1,3,0,"mixed",2.26776695296637,2.82842712474619,3,4,2,2.10219124314841,2,8,1,25,0,TRUE,25,33554432,0,1,25,25,0.833333333333333,2,0.75,0.0833333333333333,0.553694392684741,8.33333333333333,6,10,1.10738878536948,9,8,10,1.01015254455221,8.33333333333333,6,10,1.10738878536948,0,2.10219124314841,2.82842712474619,0.650463063457386,"F4_R25",0.971894993342186,0.706508810356395,-1.2876990647278,0.271391979495859,-0.134755835195509,0.52734088327113,0.564983888292159,404,"medium",5,5,25,2,4,5,5,25,3,4,1,8,0.32,FALSE,FALSE,TRUE,3.89928891922857,-3.37194803595744
1656,"-1:-1|0:2|1:1|2:0",4,TRUE,2,2,0,"mixed",1.70710678118655,2,2,2,2,1.97858444539843,1,4,2,25,0,TRUE,25,33554432,0,1,25,25,0.833333333333333,2,0.666666666666667,0.166666666666667,0.688332449299089,8.33333333333333,6,10,1.37666489859818,10,10,10,0,8.33333333333333,6,10,1.37666489859818,0,1.97858444539843,2.82842712474619,0.562932394231188,"F4_R25",0.176026940358286,1.75502188559869,0.0523490600394965,-3.68075372191259,-1.3423754352168,-3.03973127113292,0.181525241675618,762,"very_easy",4,4,16,2,2,4,4,16,2,4,1,7,0.4375,FALSE,FALSE,TRUE,0.335740804320094,-3.37547207545301
1072,"-2:-1|-1:-2|-1:-1|2:2",4,TRUE,0,2,2,"off_axis",2.17869416052972,2.82842712474619,3,4,2,1.94295532842377,2,4,2,25,0,TRUE,25,33554432,0,1,25,25,0.833333333333333,2,0.583333333333333,0.25,0.800640769025436,8.33333333333333,6,10,1.60128153805087,8,8,8,0,8.33333333333333,6,10,1.60128153805087,0,1.94295532842377,2.82842712474619,0.68712330427472,"F4_R25",-0.053378533064909,-0.342004264885899,1.17015005204386,-3.68075372191259,-0.134755835195509,-3.04074230301505,0.178302900107411,765,"very_easy",5,5,25,2,4,5,5,25,1,4,1,6,0.24,FALSE,FALSE,TRUE,0.337075677120328,-3.37781798013538
412,"-2:-1|0:-1|1:-2|2:-2",4,TRUE,1,1,2,"mixed",2.07514076993644,2.82842712474619,2.75,4,2,1.86011261594915,1,8,1,25,0,TRUE,25,33554432,0,1,25,25,0.833333333333333,2,0.75,0.0833333333333333,0.553694392684741,8.33333333333333,6,10,1.10738878536948,8,8,8,0,8.33333333333333,6,10,1.10738878536948,0,1.86011261594915,2.82842712474619,0.614619173858266,"F4_R25",-0.586778552167754,-0.342004264885899,-1.2876990647278,0.271391979495859,-1.3423754352168,-3.2874653375024,0.15359828141783,787,"very_easy",3,5,15,2,4,3,5,15,2,4,1,7,0.466666666666667,FALSE,FALSE,TRUE,0.137691749447388,-3.42515708694978
1211,"-1:-2|-1:-1|0:2|1:2",4,TRUE,1,1,2,"mixed",1.97158737934317,2.23606797749979,2.5,3,2,1.86011261594915,1,8,1,25,0,TRUE,25,33554432,0,1,25,25,0.833333333333333,2,0.75,0.0833333333333333,0.553694392684741,8.33333333333333,6,10,1.10738878536948,8,8,8,0,8.33333333333333,6,10,1.10738878536948,0,1.86011261594915,2.82842712474619,0.614619173858266,"F4_R25",-0.586778552167754,-0.342004264885899,-1.2876990647278,0.271391979495859,-1.3423754352168,-3.2874653375024,0.15359828141783,787,"very_easy",5,3,15,2,3,5,3,15,2,4,1,7,0.466666666666667,FALSE,FALSE,TRUE,0.137691749447388,-3.42515708694978
870,"-2:-1|-1:0|2:-2|2:2",4,TRUE,1,2,1,"mixed",2.22323055674804,2.82842712474619,3,4,2,2.06142715787305,1,8,1,25,0,TRUE,25,33554432,0,1,25,25,0.833333333333333,2,0.583333333333333,0.25,0.800640769025436,8.33333333333333,6,10,1.60128153805087,8,8,8,0,8.33333333333333,6,10,1.60128153805087,0,2.06142715787305,2.82842712474619,0.782104051605118,"F4_R25",0.709426959461129,-0.342004264885899,1.17015005204386,0.271391979495859,-1.3423754352168,0.466589290898147,0.561224489795918,409,"medium",5,5,25,2,4,5,5,25,3,4,1,8,0.32,FALSE,FALSE,TRUE,3.89928891922857,-3.43269962833042
363,"-1:-2|0:2|1:-2|2:-2",4,TRUE,1,1,2,"mixed",2.32514076993644,2.82842712474619,3,4,2,1.93650581819917,2,8,1,25,0,TRUE,25,33554432,0,1,25,25,0.833333333333333,2,0.75,0.0833333333333333,0.553694392684741,8.33333333333333,6,10,1.10738878536948,9,8,10,1.01015254455221,8.33333333333333,6,10,1.10738878536948,0,1.93650581819917,2.82842712474619,0.526988526209425,"F4_R25",-0.0949050448635005,0.706508810356395,-1.2876990647278,0.271391979495859,-0.134755835195509,-0.539459154934556,0.416219119226638,540,"medium",5,4,20,2,4,5,4,20,3,4,1,8,0.4,FALSE,FALSE,TRUE,2.90904364486504,-3.4485027997996
743,"-1:-2|0:-1|0:2|2:-2",4,TRUE,2,1,1,"mixed",2.01612377556149,2.82842712474619,2.5,4,2,1.93650581819917,2,8,1,25,0,TRUE,25,33554432,0,1,25,25,0.833333333333333,2,0.75,0.0833333333333333,0.553694392684741,8.33333333333333,6,10,1.10738878536948,9,8,10,1.01015254455221,8.33333333333333,6,10,1.10738878536948,0,1.93650581819917,2.82842712474619,0.526988526209425,"F4_R25",-0.0949050448635005,0.706508810356395,-1.2876990647278,0.271391979495859,-0.134755835195509,-0.539459154934556,0.416219119226638,540,"medium",5,4,20,2,4,5,4,20,3,4,1,8,0.4,FALSE,FALSE,TRUE,2.90904364486504,-3.4485027997996
1584,"-1:-1|0:-2|0:2|2:-1",4,TRUE,2,1,1,"mixed",1.91257038496822,2.23606797749979,2.25,3,2,1.93650581819917,2,8,1,25,0,TRUE,25,33554432,0,1,25,25,0.833333333333333,2,0.75,0.0833333333333333,0.553694392684741,8.33333333333333,6,10,1.10738878536948,9,8,10,1.01015254455221,8.33333333333333,6,10,1.10738878536948,0,1.93650581819917,2.82842712474619,0.526988526209425,"F4_R25",-0.0949050448635005,0.706508810356395,-1.2876990647278,0.271391979495859,-0.134755835195509,-0.539459154934556,0.416219119226638,540,"medium",5,4,20,2,3,5,4,20,3,4,1,8,0.4,FALSE,FALSE,TRUE,2.90904364486504,-3.4485027997996
794,"-2:-1|-2:2|0:-1|2:-2",4,TRUE,1,2,1,"mixed",2.22323055674804,2.82842712474619,3,4,2,2.07858444539843,2,8,1,25,0,TRUE,25,33554432,0,1,25,25,0.833333333333333,2,0.75,0.0833333333333333,0.553694392684741,8.33333333333333,6,10,1.10738878536948,9,8,10,1.01015254455221,8.33333333333333,6,10,1.10738878536948,0,2.07858444539843,2.82842712474619,0.649347281975168,"F4_R25",0.819897720502362,0.706508810356395,-1.2876990647278,0.271391979495859,-0.134755835195509,0.375343610431306,0.545649838882922,422,"medium",5,5,25,2,4,5,5,25,3,4,1,8,0.32,FALSE,FALSE,TRUE,3.89928891922857,-3.52394530879726
853,"-2:-2|-2:2|-1:0|2:-2",4,TRUE,1,3,0,"mixed",2.37132034355964,2.82842712474619,3.25,4,2,2.02000580163574,2,8,1,25,0,TRUE,25,33554432,0,1,25,25,0.833333333333333,2,0.583333333333333,0.25,0.800640769025436,8.33333333333333,6,10,1.60128153805087,7,6,8,1.01015254455221,8.33333333333333,6,10,1.60128153805087,0,2.02000580163574,2.82842712474619,0.829709829704831,"F4_R25",0.442726949909707,-1.39051734012819,1.17015005204386,0.271391979495859,-0.134755835195509,0.358995806125723,0.540279269602578,427,"medium",5,5,25,2,4,5,5,25,3,4,1,8,0.32,FALSE,FALSE,TRUE,3.89928891922857,-3.54029311310285
1029,"-2:-1|-2:0|-1:0|2:-2",4,TRUE,2,1,1,"mixed",2.01612377556149,2.82842712474619,2.5,4,2,1.79574173292382,1,8,1,25,0,TRUE,25,33554432,0,1,25,25,0.833333333333333,2,0.666666666666667,0.166666666666667,0.688332449299089,8.33333333333333,6,10,1.37666489859818,7,6,8,1.01015254455221,8.33333333333333,6,10,1.37666489859818,0,1.79574173292382,2.82842712474619,0.726721426557334,"F4_R25",-1.00124385888863,-1.39051734012819,0.0523490600394965,0.271391979495859,-1.3423754352168,-3.41039559469827,0.14500537056928,795,"very_easy",3,5,15,2,4,3,5,15,2,4,1,7,0.466666666666667,FALSE,FALSE,TRUE,0.137691749447388,-3.54808734414566
934,"-2:-1|-1:0|0:-1|2:-2",4,TRUE,2,1,1,"mixed",1.76612377556149,2.82842712474619,2.25,4,2,1.83716308916112,1,8,1,25,0,TRUE,25,33554432,0,1,25,25,0.833333333333333,2,0.75,0.0833333333333333,0.553694392684741,8.33333333333333,6,10,1.10738878536948,8,8,8,0,8.33333333333333,6,10,1.10738878536948,0,1.83716308916112,2.82842712474619,0.687048262758847,"F4_R25",-0.734543849337212,-0.342004264885899,-1.2876990647278,0.271391979495859,-1.3423754352168,-3.43523063467185,0.139634801288937,800,"very_easy",3,5,15,2,4,3,5,15,2,4,1,7,0.466666666666667,FALSE,FALSE,TRUE,0.137691749447388,-3.57292238411924
1629,"-1:-1|-1:0|0:-2|1:2",4,TRUE,2,1,1,"mixed",1.66257038496822,2.23606797749979,2,3,2,1.83716308916112,1,8,1,25,0,TRUE,25,33554432,0,1,25,25,0.833333333333333,2,0.75,0.0833333333333333,0.553694392684741,8.33333333333333,6,10,1.10738878536948,8,8,8,0,8.33333333333333,6,10,1.10738878536948,0,1.83716308916112,2.82842712474619,0.687048262758847,"F4_R25",-0.734543849337212,-0.342004264885899,-1.2876990647278,0.271391979495859,-1.3423754352168,-3.43523063467185,0.139634801288937,800,"very_easy",5,3,15,2,3,5,3,15,2,4,1,7,0.466666666666667,FALSE,FALSE,TRUE,0.137691749447388,-3.57292238411924
424,"-2:-2|-1:-2|0:-1|0:2",4,TRUE,2,1,1,"mixed",2.01612377556149,2.82842712474619,2.5,4,2,1.83650581819917,1,8,1,25,0,TRUE,25,33554432,0,1,25,25,0.833333333333333,2,0.75,0.0833333333333333,0.553694392684741,8.33333333333333,6,10,1.10738878536948,8,8,8,0,8.33333333333333,6,10,1.10738878536948,0,1.83650581819917,2.82842712474619,0.602998415071235,"F4_R25",-0.738775825007578,-0.342004264885899,-1.2876990647278,0.271391979495859,-1.3423754352168,-3.43946261034222,0.131578947368421,805,"very_easy",5,3,15,2,4,5,3,15,2,4,1,7,0.466666666666667,FALSE,FALSE,TRUE,0.137691749447388,-3.57715435978961
603,"-2:-1|1:0|2:-2|2:0",4,TRUE,2,1,1,"mixed",2.01612377556149,2.82842712474619,2.5,4,2,1.83650581819917,1,8,1,25,0,TRUE,25,33554432,0,1,25,25,0.833333333333333,2,0.75,0.0833333333333333,0.553694392684741,8.33333333333333,6,10,1.10738878536948,8,6,10,2.02030508910442,8.33333333333333,6,10,1.10738878536948,0,1.83650581819917,2.82842712474619,0.602998415071235,"F4_R25",-0.738775825007578,-0.342004264885899,-1.2876990647278,0.271391979495859,-1.3423754352168,-3.43946261034222,0.131578947368421,805,"very_easy",3,5,15,2,4,3,5,15,2,4,1,7,0.466666666666667,FALSE,FALSE,TRUE,0.137691749447388,-3.57715435978961
1373,"-2:-1|-1:-1|0:-2|0:2",4,TRUE,2,1,1,"mixed",1.91257038496822,2.23606797749979,2.25,3,2,1.83650581819917,1,8,1,25,0,TRUE,25,33554432,0,1,25,25,0.833333333333333,2,0.75,0.0833333333333333,0.553694392684741,8.33333333333333,6,10,1.10738878536948,8,8,8,0,8.33333333333333,6,10,1.10738878536948,0,1.83650581819917,2.82842712474619,0.602998415071235,"F4_R25",-0.738775825007578,-0.342004264885899,-1.2876990647278,0.271391979495859,-1.3423754352168,-3.43946261034222,0.131578947368421,805,"very_easy",5,3,15,2,3,5,3,15,2,4,1,7,0.466666666666667,FALSE,FALSE,TRUE,0.137691749447388,-3.57715435978961
1179,"-1:-2|-1:2|0:-2|1:0",4,TRUE,2,0,2,"mixed",1.86803398874989,2.23606797749979,2.25,3,2,1.87792717443648,2,8,1,25,0,TRUE,25,33554432,0,1,25,25,0.833333333333333,2,0.666666666666667,0.166666666666667,0.688332449299089,8.33333333333333,6,10,1.37666489859818,7,6,8,1.01015254455221,8.33333333333333,6,10,1.37666489859818,0,1.87792717443648,2.82842712474619,0.725250552501227,"F4_R25",-0.472075815456155,-1.39051734012819,0.0523490600394965,0.271391979495859,-0.134755835195509,-1.6736079512445,0.291084854994629,659,"easy",5,3,15,2,3,5,3,15,3,4,1,8,0.533333333333333,FALSE,FALSE,TRUE,1.91879837050151,-3.59240632174601
984,"-2:-1|-2:0|1:0|2:-2",4,TRUE,2,1,1,"mixed",2.01612377556149,2.82842712474619,2.5,4,2,1.91869125971184,2,8,1,25,0,TRUE,25,33554432,0,1,25,25,0.833333333333333,2,0.75,0.0833333333333333,0.553694392684741,8.33333333333333,6,10,1.10738878536948,8,8,8,0,8.33333333333333,6,10,1.10738878536948,0,1.91869125971184,2.82842712474619,0.595001260414515,"F4_R25",-0.209607781575099,-0.342004264885899,-1.2876990647278,0.271391979495859,-0.134755835195509,-1.70267496688845,0.272287862513426,674,"easy",3,5,15,2,4,3,5,15,3,4,1,8,0.533333333333333,FALSE,FALSE,TRUE,1.91879837050151,-3.62147333738996
1453,"-2:-1|-1:0|0:-2|0:2",4,TRUE,3,0,1,"mixed",1.80901699437495,2.23606797749979,2,3,2,1.91869125971184,2,8,1,25,0,TRUE,25,33554432,0,1,25,25,0.833333333333333,2,0.75,0.0833333333333333,0.553694392684741,8.33333333333333,6,10,1.10738878536948,8,8,8,0,8.33333333333333,6,10,1.10738878536948,0,1.91869125971184,2.82842712474619,0.595001260414515,"F4_R25",-0.209607781575099,-0.342004264885899,-1.2876990647278,0.271391979495859,-0.134755835195509,-1.70267496688845,0.272287862513426,674,"easy",5,3,15,2,3,5,3,15,3,4,1,8,0.533333333333333,FALSE,FALSE,TRUE,1.91879837050151,-3.62147333738996
366,"-2:-2|-2:-1|-1:-2|2:-2",4,TRUE,0,2,2,"off_axis",2.53224755112299,2.82842712474619,3.5,4,2,1.79574173292382,2,8,1,25,0,TRUE,25,33554432,0,1,25,25,0.833333333333333,2,0.75,0.0833333333333333,0.553694392684741,8.33333333333333,6,10,1.10738878536948,7,6,8,1.01015254455221,8.33333333333333,6,10,1.10738878536948,0,1.79574173292382,2.82842712474619,0.726721426557334,"F4_R25",-1.00124385888863,-1.39051734012819,-1.2876990647278,0.271391979495859,-0.134755835195509,-3.54282411944428,0.120300751879699,818,"very_easy",3,5,15,2,4,3,5,15,2,4,1,7,0.466666666666667,FALSE,FALSE,TRUE,0.137691749447388,-3.68051586889167
846,"-2:-1|1:-1|2:-2|2:2",4,TRUE,0,3,1,"off_axis",2.32678394734132,2.82842712474619,3.25,4,2,1.9607698869111,1,8,1,25,0,TRUE,25,33554432,0,1,25,25,0.833333333333333,2,0.75,0.0833333333333333,0.553694392684741,8.33333333333333,6,10,1.10738878536948,9,8,10,1.01015254455221,8.33333333333333,6,10,1.10738878536948,0,1.9607698869111,2.82842712474619,0.628385453702687,"F4_R25",0.0613242036466893,0.706508810356395,-1.2876990647278,0.271391979495859,-1.3423754352168,-1.59084950644566,0.296455424274973,654,"easy",5,5,25,2,4,5,5,25,2,4,1,7,0.28,FALSE,FALSE,TRUE,2.11818229817445,-3.70903180462011
940,"-2:-1|0:-1|1:2|2:-2",4,TRUE,1,1,2,"mixed",2.07514076993644,2.82842712474619,2.75,4,2,2.04295532842377,2,8,1,25,0,TRUE,25,33554432,0,1,25,25,0.833333333333333,2,0.75,0.0833333333333333,0.553694392684741,8.33333333333333,6,10,1.10738878536948,9,8,10,1.01015254455221,8.33333333333333,6,10,1.10738878536948,0,2.04295532842377,2.82842712474619,0.60215679580886,"F4_R25",0.590492247079168,0.706508810356395,-1.2876990647278,0.271391979495859,-0.134755835195509,0.145938137008112,0.510741138560687,452,"medium",5,5,25,2,4,5,5,25,3,4,1,8,0.32,FALSE,FALSE,TRUE,3.89928891922857,-3.75335078222046
423,"-2:-1|1:0|2:-2|2:-1",4,TRUE,1,1,2,"mixed",2.07514076993644,2.82842712474619,2.75,4,2,1.76011261594915,1,8,1,25,0,TRUE,25,33554432,0,1,25,25,0.833333333333333,2,0.666666666666667,0.166666666666667,0.688332449299089,8.33333333333333,6,10,1.37666489859818,7,6,8,1.01015254455221,8.33333333333333,6,10,1.37666489859818,0,1.76011261594915,2.82842712474619,0.668334230403909,"F4_R25",-1.23064933231183,-1.39051734012819,0.0523490600394965,0.271391979495859,-1.3423754352168,-3.63980106812147,0.109559613319012,828,"very_easy",3,5,15,2,4,3,5,15,2,4,1,7,0.466666666666667,FALSE,FALSE,TRUE,0.137691749447388,-3.77749281756886
1438,"-1:-1|0:-1|1:-2|1:2",4,TRUE,1,1,2,"mixed",1.72158737934317,2.23606797749979,2.25,3,2,1.76011261594915,1,8,1,25,0,TRUE,25,33554432,0,1,25,25,0.833333333333333,2,0.666666666666667,0.166666666666667,0.688332449299089,8.33333333333333,6,10,1.37666489859818,7,6,8,1.01015254455221,8.33333333333333,6,10,1.37666489859818,0,1.76011261594915,2.82842712474619,0.668334230403909,"F4_R25",-1.23064933231183,-1.39051734012819,0.0523490600394965,0.271391979495859,-1.3423754352168,-3.63980106812147,0.109559613319012,828,"very_easy",5,3,15,2,3,5,3,15,2,4,1,7,0.466666666666667,FALSE,FALSE,TRUE,0.137691749447388,-3.77749281756886
828,"-2:-1|-1:2|2:-2|2:2",4,TRUE,0,2,2,"off_axis",2.53224755112299,2.82842712474619,3.5,4,2,2.12514076993644,3,8,1,25,0,TRUE,25,33554432,0,1,25,25,0.833333333333333,2,0.75,0.0833333333333333,0.553694392684741,8.33333333333333,6,10,1.10738878536948,9,8,10,1.01015254455221,8.33333333333333,6,10,1.10738878536948,0,2.12514076993644,2.82842712474619,0.561522442367321,"F4_R25",1.11966029051165,0.706508810356395,-1.2876990647278,0.271391979495859,1.07286376482578,1.88272578046188,0.728249194414608,252,"hard",5,5,25,2,4,5,5,25,4,4,1,9,0.36,FALSE,FALSE,TRUE,5.68039554028269,-3.79766975982081
1139,"-1:-1|0:-2|0:2|1:-2",4,TRUE,2,1,1,"mixed",1.91257038496822,2.23606797749979,2.25,3,2,1.69508446196187,1,8,1,25,0,TRUE,25,33554432,0,1,25,25,0.833333333333333,2,0.583333333333333,0.25,0.800640769025436,8.33333333333333,6,10,1.60128153805087,8,8,8,0,8.33333333333333,6,10,1.60128153805087,0,1.69508446196187,2.23606797749979,0.501872789122517,"F4_R25",-1.64934661470308,-0.342004264885899,1.17015005204386,0.271391979495859,-1.3423754352168,-1.89218428326606,0.253490870032223,694,"easy",5,3,15,2,3,5,3,15,3,4,1,8,0.533333333333333,FALSE,FALSE,TRUE,1.91879837050151,-3.81098265376757
1151,"-1:-2|0:-2|0:2|2:-1",4,TRUE,2,0,2,"mixed",2.11803398874989,2.23606797749979,2.5,3,2,1.91869125971184,3,8,1,25,0,TRUE,25,33554432,0,1,25,25,0.833333333333333,2,0.666666666666667,0.166666666666667,0.688332449299089,8.33333333333333,6,10,1.37666489859818,8,8,8,0,8.33333333333333,6,10,1.37666489859818,0,1.91869125971184,2.82842712474619,0.595001260414515,"F4_R25",-0.209607781575099,-0.342004264885899,0.0523490600394965,0.271391979495859,1.07286376482578,0.844992757900142,0.604726100966702,362,"hard",5,4,20,2,3,5,4,20,4,4,1,9,0.45,FALSE,FALSE,TRUE,4.69015026591916,-3.84515750801902
544,"-2:-2|-1:-2|0:2|2:2",4,TRUE,1,2,1,"mixed",2.47323055674804,2.82842712474619,3.25,4,2,2.01934853067379,2,8,1,25,0,TRUE,25,33554432,0,1,25,25,0.833333333333333,2,0.75,0.0833333333333333,0.553694392684741,8.33333333333333,6,10,1.10738878536948,9,8,10,1.01015254455221,8.33333333333333,6,10,1.10738878536948,0,2.01934853067379,2.82842712474619,0.598360270206642,"F4_R25",0.438494974239344,0.706508810356395,-1.2876990647278,0.271391979495859,-0.134755835195509,-0.00605913583171158,0.488184747583244,473,"medium",5,5,25,2,4,5,5,25,3,4,1,8,0.32,FALSE,FALSE,TRUE,3.89928891922857,-3.90534805506028
631,"-2:-1|0:-2|2:-2|2:2",4,TRUE,1,2,1,"mixed",2.47323055674804,2.82842712474619,3.25,4,2,2.10153397218646,3,8,1,25,0,TRUE,25,33554432,0,1,25,25,0.833333333333333,2,0.75,0.0833333333333333,0.553694392684741,8.33333333333333,6,10,1.10738878536948,9,8,10,1.01015254455221,8.33333333333333,6,10,1.10738878536948,0,2.10153397218646,2.82842712474619,0.561303011598098,"F4_R25",0.967663017671823,0.706508810356395,-1.2876990647278,0.271391979495859,1.07286376482578,1.73072850762206,0.707303974221267,269,"hard",5,5,25,2,4,5,5,25,4,4,1,9,0.36,FALSE,FALSE,TRUE,5.68039554028269,-3.94966703266063
1161,"-2:-1|-2:0|0:-2|2:0",4,TRUE,3,0,1,"mixed",2.05901699437495,2.23606797749979,2.25,3,2,1.95432037668651,3,8,1,25,0,TRUE,25,33554432,0,1,25,25,0.833333333333333,2,0.75,0.0833333333333333,0.553694392684741,8.33333333333333,6,10,1.10738878536948,8,8,8,0,8.33333333333333,6,10,1.10738878536948,0,1.95432037668651,2.82842712474619,0.650326298670236,"F4_R25",0.0197976918480978,-0.342004264885899,-1.2876990647278,0.271391979495859,1.07286376482578,-0.26564989344396,0.451127819548872,510,"medium",3,5,15,2,3,3,5,15,4,4,1,9,0.6,FALSE,FALSE,TRUE,3.69990499155563,-3.96555488499959
1581,"-1:0|1:-2|1:2|2:0",4,TRUE,2,0,2,"mixed",1.86803398874989,2.23606797749979,2.25,3,2,2.06011261594915,3,4,2,25,0,TRUE,25,33554432,0,1,25,25,0.833333333333333,2,0.583333333333333,0.25,0.800640769025436,8.33333333333333,6,10,1.60128153805087,8,8,8,0,8.33333333333333,6,10,1.60128153805087,0,2.06011261594915,2.82842712474619,0.628875548196174,"F4_R25",0.7009630081204,-0.342004264885899,1.17015005204386,-3.68075372191259,1.07286376482578,-1.07878116180845,0.366272824919441,590,"easy",5,4,20,2,3,5,4,20,3,4,1,8,0.4,FALSE,FALSE,TRUE,2.90904364486504,-3.98782480667349
452,"-2:-1|1:-2|1:2|2:-2",4,TRUE,0,1,3,"off_axis",2.38415776431139,2.82842712474619,3.25,4,2,1.94295532842377,2,8,1,25,0,TRUE,25,33554432,0,1,25,25,0.833333333333333,2,0.666666666666667,0.166666666666667,0.688332449299089,8.33333333333333,6,10,1.37666489859818,8,8,8,0,8.33333333333333,6,10,1.37666489859818,0,1.94295532842377,2.82842712474619,0.68712330427472,"F4_R25",-0.053378533064909,-0.342004264885899,0.0523490600394965,0.271391979495859,-0.134755835195509,-0.206397593610961,0.462943071965628,498,"medium",5,5,25,2,4,5,5,25,3,4,1,8,0.32,FALSE,FALSE,TRUE,3.89928891922857,-4.10568651283953
771,"-2:-1|-1:-2|-1:2|2:-2",4,TRUE,0,1,3,"off_axis",2.38415776431139,2.82842712474619,3.25,4,2,1.98371941369913,2,8,1,25,0,TRUE,25,33554432,0,1,25,25,0.833333333333333,2,0.75,0.0833333333333333,0.553694392684741,8.33333333333333,6,10,1.10738878536948,9,8,10,1.01015254455221,8.33333333333333,6,10,1.10738878536948,0,1.98371941369913,2.82842712474619,0.542481221091435,"F4_R25",0.209089500816147,0.706508810356395,-1.2876990647278,0.271391979495859,-0.134755835195509,-0.235464609254908,0.456498388829216,505,"medium",5,5,25,2,4,5,5,25,3,4,1,8,0.32,FALSE,FALSE,TRUE,3.89928891922857,-4.13475352848348
1205,"-1:-2|-1:2|0:-1|0:2",4,TRUE,2,0,2,"mixed",1.86803398874989,2.23606797749979,2.25,3,2,1.65366310572456,1,8,1,25,0,TRUE,25,33554432,0,1,25,25,0.833333333333333,2,0.583333333333333,0.25,0.800640769025436,8.33333333333333,6,10,1.60128153805087,7,6,8,1.01015254455221,8.33333333333333,6,10,1.60128153805087,0,1.65366310572456,2.23606797749979,0.543035023185446,"F4_R25",-1.9160466242545,-1.39051734012819,1.17015005204386,0.271391979495859,-1.3423754352168,-3.20739736805977,0.165950590762621,773,"very_easy",5,2,10,2,3,5,2,10,3,4,1,8,0.8,FALSE,FALSE,TRUE,0.928553096137979,-4.13595046419775
1056,"-1:-2|0:-2|0:-1|2:2",4,TRUE,2,1,1,"mixed",2.01612377556149,2.82842712474619,2.5,4,2,1.87792717443648,2,8,1,25,0,TRUE,25,33554432,0,1,25,25,0.833333333333333,2,0.75,0.0833333333333333,0.553694392684741,8.33333333333333,6,10,1.10738878536948,7,6,8,1.01015254455221,8.33333333333333,6,10,1.10738878536948,0,1.87792717443648,2.82842712474619,0.725250552501227,"F4_R25",-0.472075815456155,-1.39051734012819,-1.2876990647278,0.271391979495859,-0.134755835195509,-3.0136560760118,0.185821697099893,757,"very_easy",5,4,20,2,4,5,4,20,2,4,1,7,0.35,FALSE,FALSE,TRUE,1.12793702381092,-4.14159309982272
385,"-2:-2|-2:-1|-1:-2|-1:-1",4,TRUE,0,2,2,"off_axis",2.17869416052972,2.82842712474619,3,4,2,1.55432037668651,1,4,2,25,0,TRUE,25,33554432,0,1,25,25,0.833333333333333,2,0.583333333333333,0.25,0.800640769025436,8.33333333333333,6,10,1.60128153805087,6,6,6,0,8.33333333333333,6,10,1.60128153805087,0,1.55432037668651,2.82842712474619,0.653272247669054,"F4_R25",-2.55568542872821,-2.43903041537049,1.17015005204386,-3.68075372191259,-1.3423754352168,-8.84769494918423,0.00537056928034372,926,"very_easy",3,3,9,2,4,3,3,9,0,4,1,5,0.555555555555556,FALSE,FALSE,TRUE,-4.61281582189709,-4.23487912728714
877,"-2:-2|-1:-1|-1:0|0:-1",4,TRUE,2,2,0,"mixed",1.56066017177982,2.82842712474619,2,4,2,1.55432037668651,1,4,2,25,0,TRUE,25,33554432,0,1,25,25,0.833333333333333,2,0.583333333333333,0.25,0.800640769025436,8.33333333333333,6,10,1.60128153805087,6,6,6,0,8.33333333333333,6,10,1.60128153805087,0,1.55432037668651,2.82842712474619,0.653272247669054,"F4_R25",-2.55568542872821,-2.43903041537049,1.17015005204386,-3.68075372191259,-1.3423754352168,-8.84769494918423,0.00537056928034372,926,"very_easy",3,3,9,2,4,3,3,9,0,4,1,5,0.555555555555556,FALSE,FALSE,TRUE,-4.61281582189709,-4.23487912728714
1127,"-1:-2|0:-2|0:-1|1:2",4,TRUE,2,0,2,"mixed",1.86803398874989,2.23606797749979,2.25,3,2,1.67726990347453,1,8,1,25,0,TRUE,25,33554432,0,1,25,25,0.833333333333333,2,0.666666666666667,0.166666666666667,0.688332449299089,8.33333333333333,6,10,1.37666489859818,7,6,8,1.01015254455221,8.33333333333333,6,10,1.37666489859818,0,1.67726990347453,2.23606797749979,0.564471897635819,"F4_R25",-1.76404935141467,-1.39051734012819,0.0523490600394965,0.271391979495859,-1.3423754352168,-4.17320108722431,0.0612244897959184,873,"very_easy",5,3,15,2,3,5,3,15,2,4,1,7,0.466666666666667,FALSE,FALSE,TRUE,0.137691749447388,-4.3108928366717
852,"-1:0|1:0|2:-2|2:2",4,TRUE,2,2,0,"mixed",1.9142135623731,2.82842712474619,2.5,4,2,2.07858444539843,2,4,2,25,0,TRUE,25,33554432,0,1,25,25,0.833333333333333,2,0.583333333333333,0.25,0.800640769025436,8.33333333333333,6,10,1.60128153805087,7,6,8,1.01015254455221,8.33333333333333,6,10,1.60128153805087,0,2.07858444539843,2.82842712474619,0.802417668568409,"F4_R25",0.819897720502362,-1.39051734012819,1.17015005204386,-3.68075372191259,-0.134755835195509,-3.21597912469007,0.158968850698174,783,"very_easy",5,4,20,2,4,5,4,20,2,4,1,7,0.35,FALSE,FALSE,TRUE,1.12793702381092,-4.34391614850099
1622,"-1:-2|-1:2|1:0|2:0",4,TRUE,2,0,2,"mixed",1.86803398874989,2.23606797749979,2.25,3,2,2.07858444539843,2,4,2,25,0,TRUE,25,33554432,0,1,25,25,0.833333333333333,2,0.583333333333333,0.25,0.800640769025436,8.33333333333333,6,10,1.60128153805087,7,6,8,1.01015254455221,8.33333333333333,6,10,1.60128153805087,0,2.07858444539843,2.82842712474619,0.802417668568409,"F4_R25",0.819897720502362,-1.39051734012819,1.17015005204386,-3.68075372191259,-0.134755835195509,-3.21597912469007,0.158968850698174,783,"very_easy",5,4,20,2,3,5,4,20,2,4,1,7,0.35,FALSE,FALSE,TRUE,1.12793702381092,-4.34391614850099
368,"-2:-2|-1:-2|0:-1|2:-2",4,TRUE,1,2,1,"mixed",2.22323055674804,2.82842712474619,3,4,2,1.87792717443648,1,8,1,25,0,TRUE,25,33554432,0,1,25,25,0.833333333333333,2,0.75,0.0833333333333333,0.553694392684741,8.33333333333333,6,10,1.10738878536948,7,6,8,1.01015254455221,8.33333333333333,6,10,1.10738878536948,0,1.87792717443648,2.82842712474619,0.725250552501227,"F4_R25",-0.472075815456155,-1.39051734012819,-1.2876990647278,0.271391979495859,-1.3423754352168,-4.22127567603309,0.0558539205155747,878,"very_easy",3,5,15,2,4,3,5,15,2,4,1,7,0.466666666666667,FALSE,FALSE,TRUE,0.137691749447388,-4.35896742548048
632,"-2:-1|0:-2|1:2|2:-2",4,TRUE,1,1,2,"mixed",2.32514076993644,2.82842712474619,3,4,2,2.0607698869111,2,8,1,25,0,TRUE,25,33554432,0,1,25,25,0.833333333333333,2,0.75,0.0833333333333333,0.553694392684741,8.33333333333333,6,10,1.10738878536948,10,10,10,0,8.33333333333333,6,10,1.10738878536948,0,2.0607698869111,2.82842712474619,0.530437422427522,"F4_R25",0.705194983790766,1.75502188559869,-1.2876990647278,0.271391979495859,-0.134755835195509,1.309153948962,0.64983888292159,325,"hard",5,5,25,2,4,5,5,25,4,4,1,9,0.36,FALSE,FALSE,TRUE,5.68039554028269,-4.37124159132069
1096,"-2:-1|-1:-2|-1:2|0:-2",4,TRUE,1,0,3,"mixed",2.17705098312484,2.23606797749979,2.75,3,2,1.80087670122451,2,8,1,25,0,TRUE,25,33554432,0,1,25,25,0.833333333333333,2,0.75,0.0833333333333333,0.553694392684741,8.33333333333333,6,10,1.10738878536948,8,8,8,0,8.33333333333333,6,10,1.10738878536948,0,1.80087670122451,2.23606797749979,0.534210847873044,"F4_R25",-0.968181298430773,-0.342004264885899,-1.2876990647278,0.271391979495859,-0.134755835195509,-2.46124848374412,0.228786251342642,717,"easy",5,3,15,2,3,5,3,15,3,4,1,8,0.533333333333333,FALSE,FALSE,TRUE,1.91879837050151,-4.38004685424563
956,"-2:-2|-1:0|0:1|2:2",4,TRUE,2,2,0,"mixed",1.9142135623731,2.82842712474619,2.5,4,2,2.06142715787305,2,4,2,25,0,TRUE,25,33554432,0,1,25,25,0.833333333333333,2,0.583333333333333,0.25,0.800640769025436,8.33333333333333,6,10,1.60128153805087,8,8,8,0,8.33333333333333,6,10,1.60128153805087,0,2.06142715787305,2.82842712474619,0.782104051605118,"F4_R25",0.709426959461129,-0.342004264885899,1.17015005204386,-3.68075372191259,-0.134755835195509,-2.27793681048901,0.237379162191192,711,"easy",5,5,25,2,4,5,5,25,2,4,1,7,0.28,FALSE,FALSE,TRUE,2.11818229817445,-4.39611910866346
1207,"-1:-2|0:-1|0:2|1:2",4,TRUE,2,0,2,"mixed",1.86803398874989,2.23606797749979,2.25,3,2,1.77726990347453,1,8,1,25,0,TRUE,25,33554432,0,1,25,25,0.833333333333333,2,0.666666666666667,0.166666666666667,0.688332449299089,8.33333333333333,6,10,1.37666489859818,8,8,8,0,8.33333333333333,6,10,1.37666489859818,0,1.77726990347453,2.23606797749979,0.517807010599742,"F4_R25",-1.1201785712706,-0.342004264885899,0.0523490600394965,0.271391979495859,-1.3423754352168,-2.48081723183794,0.216970998925886,727,"easy",5,3,15,2,3,5,3,15,3,4,1,8,0.533333333333333,FALSE,FALSE,TRUE,1.91879837050151,-4.39961560233945
1187,"-1:-2|-1:2|0:-2|2:0",4,TRUE,2,0,2,"mixed",2.11803398874989,2.23606797749979,2.5,3,2,2.03716308916112,3,8,1,25,0,TRUE,25,33554432,0,1,25,25,0.833333333333333,2,0.75,0.0833333333333333,0.553694392684741,8.33333333333333,6,10,1.10738878536948,8,8,8,0,8.33333333333333,6,10,1.10738878536948,0,2.03716308916112,2.82842712474619,0.707080498450027,"F4_R25",0.553197710950942,-0.342004264885899,-1.2876990647278,0.271391979495859,1.07286376482578,0.267750125658885,0.52953813104189,437,"medium",5,4,20,2,3,5,4,20,4,4,1,9,0.45,FALSE,FALSE,TRUE,4.69015026591916,-4.42240014026028
559,"-1:-2|0:-2|2:-2|2:2",4,TRUE,1,2,1,"mixed",2.47323055674804,2.82842712474619,3.25,4,2,2.03650581819918,3,8,1,25,0,TRUE,25,33554432,0,1,25,25,0.833333333333333,2,0.75,0.0833333333333333,0.553694392684741,8.33333333333333,6,10,1.10738878536948,8,8,8,0,8.33333333333333,6,10,1.10738878536948,0,2.03650581819918,2.82842712474619,0.625960641681523,"F4_R25",0.548965735280577,-0.342004264885899,-1.2876990647278,0.271391979495859,1.07286376482578,0.263518149988519,0.524167561761547,442,"medium",5,4,20,2,4,5,4,20,4,4,1,9,0.45,FALSE,FALSE,TRUE,4.69015026591916,-4.42663211593064
539,"-2:-2|-2:-1|2:-2|2:2",4,TRUE,0,3,1,"off_axis",2.68033733793459,2.82842712474619,3.75,4,2,1.87858444539843,2,8,1,25,0,TRUE,25,33554432,0,1,25,25,0.833333333333333,2,0.583333333333333,0.25,0.800640769025436,8.33333333333333,6,10,1.60128153805087,7,6,8,1.01015254455221,8.33333333333333,6,10,1.60128153805087,0,1.87858444539843,2.82842712474619,0.796464745336163,"F4_R25",-0.467843839785789,-1.39051734012819,1.17015005204386,0.271391979495859,-0.134755835195509,-0.551574983569773,0.408163265306122,550,"medium",5,5,25,2,4,5,5,25,3,4,1,8,0.32,FALSE,FALSE,TRUE,3.89928891922857,-4.45086390279834
563,"-2:-1|-2:0|-2:2|2:-2",4,TRUE,1,2,1,"mixed",2.47323055674804,2.82842712474619,3.25,4,2,1.99574173292381,2,8,1,25,0,TRUE,25,33554432,0,1,25,25,0.833333333333333,2,0.666666666666667,0.166666666666667,0.688332449299089,8.33333333333333,6,10,1.37666489859818,9,8,10,1.01015254455221,8.33333333333333,6,10,1.37666489859818,0,1.99574173292381,2.82842712474619,0.593497107983451,"F4_R25",0.286497701399519,0.706508810356395,0.0523490600394965,0.271391979495859,-0.134755835195509,1.18199171609576,0.639097744360902,335,"hard",5,5,25,2,4,5,5,25,4,4,1,9,0.36,FALSE,FALSE,TRUE,5.68039554028269,-4.49840382418693
1032,"-1:-2|0:-1|1:-2|2:2",4,TRUE,1,1,2,"mixed",2.07514076993644,2.82842712474619,2.75,4,2,1.9607698869111,1,8,1,25,0,TRUE,25,33554432,0,1,25,25,0.833333333333333,2,0.75,0.0833333333333333,0.553694392684741,8.33333333333333,6,10,1.10738878536948,9,8,10,1.01015254455221,8.33333333333333,6,10,1.10738878536948,0,1.9607698869111,2.82842712474619,0.628385453702687,"F4_R25",0.0613242036466893,0.706508810356395,-1.2876990647278,0.271391979495859,-1.3423754352168,-1.59084950644566,0.296455424274973,654,"easy",5,4,20,2,4,5,4,20,3,4,1,8,0.4,FALSE,FALSE,TRUE,2.90904364486504,-4.4998931513107
540,"-2:-1|-2:0|2:-2|2:-1",4,TRUE,1,1,2,"mixed",2.32514076993644,2.82842712474619,3,4,2,1.73650581819918,2,8,1,25,0,TRUE,25,33554432,0,1,25,25,0.833333333333333,2,0.666666666666667,0.166666666666667,0.688332449299089,8.33333333333333,6,10,1.37666489859818,7,6,8,1.01015254455221,8.33333333333333,6,10,1.37666489859818,0,1.73650581819918,2.82842712474619,0.653662793937545,"F4_R25",-1.38264660515165,-1.39051734012819,0.0523490600394965,0.271391979495859,-0.134755835195509,-2.58417874094,0.207303974221267,737,"easy",3,5,15,2,4,3,5,15,3,4,1,8,0.533333333333333,FALSE,FALSE,TRUE,1.91879837050151,-4.50297711144151
1210,"-1:-1|0:-2|0:2|1:2",4,TRUE,2,1,1,"mixed",1.91257038496822,2.23606797749979,2.25,3,2,1.75432037668651,1,8,1,25,0,TRUE,25,33554432,0,1,25,25,0.833333333333333,2,0.666666666666667,0.166666666666667,0.688332449299089,8.33333333333333,6,10,1.37666489859818,8,8,8,0,8.33333333333333,6,10,1.37666489859818,0,1.75432037668651,2.82842712474619,0.598479569819794,"F4_R25",-1.26794386844006,-0.342004264885899,0.0523490600394965,0.271391979495859,-1.3423754352168,-2.6285825290074,0.19656283566058,747,"very_easy",5,3,15,2,3,5,3,15,3,4,1,8,0.533333333333333,FALSE,FALSE,TRUE,1.91879837050151,-4.54738089950891
772,"-2:-1|-2:2|-1:-2|2:-2",4,TRUE,0,2,2,"off_axis",2.53224755112299,2.82842712474619,3.5,4,2,1.97858444539843,2,4,2,25,0,TRUE,25,33554432,0,1,25,25,0.833333333333333,2,0.583333333333333,0.25,0.800640769025436,8.33333333333333,6,10,1.60128153805087,10,10,10,0,8.33333333333333,6,10,1.60128153805087,0,1.97858444539843,2.82842712474619,0.562932394231188,"F4_R25",0.176026940358286,1.75502188559869,1.17015005204386,-3.68075372191259,-0.134755835195509,-0.714310679107265,0.399570354457572,560,"easy",5,5,25,2,4,5,5,25,3,4,1,8,0.32,FALSE,FALSE,TRUE,3.89928891922857,-4.61359959833583
1074,"-1:-2|-1:-1|0:-2|1:-2",4,TRUE,1,1,2,"mixed",1.97158737934317,2.23606797749979,2.5,3,2,1.65366310572456,1,8,1,25,0,TRUE,25,33554432,0,1,25,25,0.833333333333333,2,0.75,0.0833333333333333,0.553694392684741,8.33333333333333,6,10,1.10738878536948,7,6,8,1.01015254455221,8.33333333333333,6,10,1.10738878536948,0,1.65366310572456,2.23606797749979,0.543035023185446,"F4_R25",-1.9160466242545,-1.39051734012819,-1.2876990647278,0.271391979495859,-1.3423754352168,-5.66524648483144,0.0182599355531686,913,"very_easy",3,3,9,2,3,3,3,9,2,4,1,7,0.777777777777778,FALSE,FALSE,TRUE,-1.05060257978885,-4.61464390504259
1212,"-1:-2|-1:2|0:-2|2:1",4,TRUE,1,0,3,"mixed",2.17705098312484,2.23606797749979,2.75,3,2,2.00153397218646,3,8,1,25,0,TRUE,25,33554432,0,1,25,25,0.833333333333333,2,0.75,0.0833333333333333,0.553694392684741,8.33333333333333,6,10,1.10738878536948,8,8,8,0,8.33333333333333,6,10,1.10738878536948,0,2.00153397218646,2.82842712474619,0.661531689157382,"F4_R25",0.323792237527746,-0.342004264885899,-1.2876990647278,0.271391979495859,1.07286376482578,0.0383446522356881,0.496240601503759,468,"medium",5,4,20,2,3,5,4,20,4,4,1,9,0.45,FALSE,FALSE,TRUE,4.69015026591916,-4.65180561368347
1297,"-2:-1|-1:-2|-1:0|0:-1",4,TRUE,2,0,2,"mixed",1.61803398874989,2.23606797749979,2,3,2,1.6128990204492,1,4,2,25,0,TRUE,25,33554432,0,1,25,25,0.833333333333333,2,0.666666666666667,0.166666666666667,0.688332449299089,8.33333333333333,6,10,1.37666489859818,8,8,8,0,8.33333333333333,6,10,1.37666489859818,0,1.6128990204492,2.23606797749979,0.469700554530962,"F4_R25",-2.17851465813555,-0.342004264885899,0.0523490600394965,-3.68075372191259,-1.3423754352168,-7.49129902011135,0.00966702470461869,923,"very_easy",3,3,9,2,3,3,3,9,1,4,1,6,0.666666666666667,FALSE,FALSE,TRUE,-2.83170920084297,-4.65958981926838
1213,"-1:-2|0:-2|0:2|2:1",4,TRUE,2,0,2,"mixed",2.11803398874989,2.23606797749979,2.5,3,2,1.97792717443648,3,8,1,25,0,TRUE,25,33554432,0,1,25,25,0.833333333333333,2,0.75,0.0833333333333333,0.553694392684741,8.33333333333333,6,10,1.10738878536948,8,8,8,0,8.33333333333333,6,10,1.10738878536948,0,1.97792717443648,2.82842712474619,0.656424737689541,"F4_R25",0.171794964687922,-0.342004264885899,-1.2876990647278,0.271391979495859,1.07286376482578,-0.113652620604136,0.474758324382385,488,"medium",5,4,20,2,3,5,4,20,4,4,1,9,0.45,FALSE,FALSE,TRUE,4.69015026591916,-4.8038028865233
1653,"-1:-1|0:-2|0:2|1:-1",4,TRUE,2,2,0,"mixed",1.70710678118655,2,2,2,2,1.7128990204492,1,4,2,25,0,TRUE,25,33554432,0,1,25,25,0.833333333333333,2,0.583333333333333,0.25,0.800640769025436,8.33333333333333,6,10,1.60128153805087,9,8,10,1.01015254455221,8.33333333333333,6,10,1.60128153805087,0,1.7128990204492,2.23606797749979,0.429440133900699,"F4_R25",-1.53464387799148,0.706508810356395,1.17015005204386,-3.68075372191259,-1.3423754352168,-4.68111417272061,0.046186895810956,888,"very_easy",5,3,15,2,2,5,3,15,2,4,1,7,0.466666666666667,FALSE,FALSE,TRUE,0.137691749447388,-4.818805922168
1068,"-2:-2|0:2|1:1|2:0",4,TRUE,2,2,0,"mixed",2.06066017177982,2.82842712474619,2.5,4,2,2.12000580163574,2,4,2,25,0,TRUE,25,33554432,0,1,25,25,0.833333333333333,2,0.666666666666667,0.166666666666667,0.688332449299089,8.33333333333333,6,10,1.37666489859818,10,10,10,0,8.33333333333333,6,10,1.37666489859818,0,2.12000580163574,2.82842712474619,0.582690503927722,"F4_R25",1.08659773005378,1.75502188559869,0.0523490600394965,-3.68075372191259,-0.134755835195509,-0.92154088141613,0.380236305048335,577,"easy",5,5,25,2,4,5,5,25,3,4,1,8,0.32,FALSE,FALSE,TRUE,3.89928891922857,-4.8208298006447
1251,"-1:-2|0:-1|0:1|1:-2",4,TRUE,2,0,2,"mixed",1.61803398874989,2.23606797749979,2,3,2,1.77726990347453,1,4,2,25,0,TRUE,25,33554432,0,1,25,25,0.833333333333333,2,0.583333333333333,0.25,0.800640769025436,8.33333333333333,6,10,1.60128153805087,8,6,10,2.02030508910442,8.33333333333333,6,10,1.60128153805087,0,1.77726990347453,2.23606797749979,0.517807010599742,"F4_R25",-1.1201785712706,-0.342004264885899,1.17015005204386,-3.68075372191259,-1.3423754352168,-5.31516194124203,0.0343716433941998,899,"very_easy",4,3,12,2,3,4,3,12,2,4,1,7,0.583333333333333,FALSE,FALSE,TRUE,-0.45645541517073,-4.8587065260713
854,"-2:-1|1:0|2:-2|2:2",4,TRUE,1,2,1,"mixed",2.22323055674804,2.82842712474619,3,4,2,2.02514076993644,2,8,1,25,0,TRUE,25,33554432,0,1,25,25,0.833333333333333,2,0.75,0.0833333333333333,0.553694392684741,8.33333333333333,6,10,1.10738878536948,8,8,8,0,8.33333333333333,6,10,1.10738878536948,0,2.02514076993644,2.82842712474619,0.665669973236015,"F4_R25",0.47578951036757,-0.342004264885899,-1.2876990647278,0.271391979495859,-0.134755835195509,-1.01727767494578,0.370569280343716,585,"easy",5,5,25,2,4,5,5,25,3,4,1,8,0.32,FALSE,FALSE,TRUE,3.89928891922857,-4.91656659417435
855,"-2:-2|-2:2|-1:0|2:0",4,TRUE,2,2,0,"mixed",2.16421356237309,2.82842712474619,2.75,4,2,2.06011261594915,3,4,2,25,0,TRUE,25,33554432,0,1,25,25,0.833333333333333,2,0.583333333333333,0.25,0.800640769025436,8.33333333333333,6,10,1.60128153805087,8,8,8,0,8.33333333333333,6,10,1.60128153805087,0,2.06011261594915,2.82842712474619,0.628875548196174,"F4_R25",0.7009630081204,-0.342004264885899,1.17015005204386,-3.68075372191259,1.07286376482578,-1.07878116180845,0.366272824919441,590,"easy",5,5,25,2,4,5,5,25,3,4,1,8,0.32,FALSE,FALSE,TRUE,3.89928891922857,-4.97807008103702
1697,"-1:0|0:-1|0:1|2:0",4,TRUE,4,0,0,"axis_only",1.25,2,1.25,2,2,1.63005630797458,2,4,2,25,0,TRUE,25,33554432,0,1,25,25,0.833333333333333,2,0.666666666666667,0.166666666666667,0.688332449299089,8.33333333333333,6,10,1.37666489859818,7,6,8,1.01015254455221,8.33333333333333,6,10,1.37666489859818,0,1.63005630797458,2.23606797749979,0.519525887315959,"F4_R25",-2.06804389709432,-1.39051734012819,0.0523490600394965,-3.68075372191259,-0.134755835195509,-7.22172173429112,0.0118152524167562,920,"very_easy",3,4,12,2,2,3,4,12,1,4,1,6,0.5,FALSE,FALSE,TRUE,-2.23756203622485,-4.98415969806627
1702,"-1:-1|-1:0|-1:1|2:0",4,TRUE,2,2,0,"mixed",1.45710678118655,2,1.75,2,2,1.63005630797458,2,4,2,25,0,TRUE,25,33554432,0,1,25,25,0.833333333333333,2,0.666666666666667,0.166666666666667,0.688332449299089,8.33333333333333,6,10,1.37666489859818,7,6,8,1.01015254455221,8.33333333333333,6,10,1.37666489859818,0,1.63005630797458,2.23606797749979,0.519525887315959,"F4_R25",-2.06804389709432,-1.39051734012819,0.0523490600394965,-3.68075372191259,-0.134755835195509,-7.22172173429112,0.0118152524167562,920,"very_easy",3,4,12,2,2,3,4,12,1,4,1,6,0.5,FALSE,FALSE,TRUE,-2.23756203622485,-4.98415969806627
1150,"-1:-2|-1:2|0:-2|2:-1",4,TRUE,1,0,3,"mixed",2.17705098312484,2.23606797749979,2.75,3,2,1.94229805746182,3,8,1,25,0,TRUE,25,33554432,0,1,25,25,0.833333333333333,2,0.75,0.0833333333333333,0.553694392684741,8.33333333333333,6,10,1.10738878536948,8,8,8,0,8.33333333333333,6,10,1.10738878536948,0,1.94229805746182,2.82842712474619,0.603212009882676,"F4_R25",-0.0576105087352749,-0.342004264885899,-1.2876990647278,0.271391979495859,1.07286376482578,-0.343058094027333,0.445757250268528,515,"medium",5,4,20,2,3,5,4,20,4,4,1,9,0.45,FALSE,FALSE,TRUE,4.69015026591916,-5.03320835994649
834,"-1:-2|0:2|1:2|2:-2",4,TRUE,1,1,2,"mixed",2.32514076993644,2.82842712474619,3,4,2,1.96011261594915,2,8,1,25,0,TRUE,25,33554432,0,1,25,25,0.833333333333333,2,0.75,0.0833333333333333,0.553694392684741,8.33333333333333,6,10,1.10738878536948,9,8,10,1.01015254455221,8.33333333333333,6,10,1.10738878536948,0,1.96011261594915,2.82842712474619,0.535369584489657,"F4_R25",0.0570922279763234,0.706508810356395,-1.2876990647278,0.271391979495859,-0.134755835195509,-0.387461882094732,0.426960257787325,530,"medium",5,4,20,2,4,5,4,20,4,4,1,9,0.45,FALSE,FALSE,TRUE,4.69015026591916,-5.07761214801389
707,"-2:-2|-2:0|2:-2|2:0",4,TRUE,2,2,0,"mixed",2.41421356237309,2.82842712474619,3,4,2,2.0128990204492,3,4,2,25,0,TRUE,25,33554432,0,1,25,25,0.833333333333333,2,0.583333333333333,0.25,0.800640769025436,8.33333333333333,6,10,1.60128153805087,8,6,10,2.02030508910442,8.33333333333333,6,10,1.60128153805087,0,2.0128990204492,2.82842712474619,0.622037452851217,"F4_R25",0.396968462440753,-0.342004264885899,1.17015005204386,-3.68075372191259,1.07286376482578,-1.3827757074881,0.308807733619764,644,"easy",3,5,15,2,4,3,5,15,4,4,1,9,0.6,FALSE,FALSE,TRUE,3.69990499155563,-5.08268069904372
341,"-2:-2|-2:-1|-2:0|2:-2",4,TRUE,1,2,1,"mixed",2.47323055674804,2.82842712474619,3.25,4,2,1.85432037668651,2,8,1,25,0,TRUE,25,33554432,0,1,25,25,0.833333333333333,2,0.75,0.0833333333333333,0.553694392684741,8.33333333333333,6,10,1.10738878536948,7,6,8,1.01015254455221,8.33333333333333,6,10,1.10738878536948,0,1.85432037668651,2.82842712474619,0.716081885917476,"F4_R25",-0.624073088295979,-1.39051734012819,-1.2876990647278,0.271391979495859,-0.134755835195509,-3.16565334885162,0.174006444683136,768,"very_easy",3,5,15,2,4,3,5,15,3,4,1,8,0.533333333333333,FALSE,FALSE,TRUE,1.91879837050151,-5.08445171935313
904,"-2:-1|1:-1|1:2|2:-2",4,TRUE,0,2,2,"off_axis",2.17869416052972,2.82842712474619,3,4,2,1.97858444539843,1,4,2,25,0,TRUE,25,33554432,0,1,25,25,0.833333333333333,2,0.666666666666667,0.166666666666667,0.688332449299089,8.33333333333333,6,10,1.37666489859818,10,10,10,0,8.33333333333333,6,10,1.37666489859818,0,1.97858444539843,2.82842712474619,0.562932394231188,"F4_R25",0.176026940358286,1.75502188559869,0.0523490600394965,-3.68075372191259,-1.3423754352168,-3.03973127113292,0.181525241675618,762,"very_easy",5,5,25,2,4,5,5,25,2,4,1,7,0.28,FALSE,FALSE,TRUE,2.11818229817445,-5.15791356930737
393,"-2:-2|-2:-1|-1:-2|2:2",4,TRUE,0,2,2,"off_axis",2.53224755112299,2.82842712474619,3.5,4,2,1.94295532842377,2,4,2,25,0,TRUE,25,33554432,0,1,25,25,0.833333333333333,2,0.583333333333333,0.25,0.800640769025436,8.33333333333333,6,10,1.60128153805087,8,8,8,0,8.33333333333333,6,10,1.60128153805087,0,1.94295532842377,2.82842712474619,0.68712330427472,"F4_R25",-0.053378533064909,-0.342004264885899,1.17015005204386,-3.68075372191259,-0.134755835195509,-3.04074230301505,0.178302900107411,765,"very_easy",5,5,25,2,4,5,5,25,2,4,1,7,0.28,FALSE,FALSE,TRUE,2.11818229817445,-5.1589246011895
384,"-2:-2|-1:-2|2:-2|2:2",4,TRUE,0,3,1,"off_axis",2.68033733793459,2.82842712474619,3.75,4,2,1.93716308916112,2,8,1,25,0,TRUE,25,33554432,0,1,25,25,0.833333333333333,2,0.666666666666667,0.166666666666667,0.688332449299089,8.33333333333333,6,10,1.37666489859818,7,6,8,1.01015254455221,8.33333333333333,6,10,1.37666489859818,0,1.93716308916112,2.82842712474619,0.779885437449864,"F4_R25",-0.0906730691931347,-1.39051734012819,0.0523490600394965,0.271391979495859,-0.134755835195509,-1.29220520498148,0.329752953813104,623,"easy",5,5,25,2,4,5,5,25,3,4,1,8,0.32,FALSE,FALSE,TRUE,3.89928891922857,-5.19149412421005
382,"-2:-2|-1:-2|0:2|2:-2",4,TRUE,1,2,1,"mixed",2.47323055674804,2.82842712474619,3.25,4,2,1.97792717443648,2,8,1,25,0,TRUE,25,33554432,0,1,25,25,0.833333333333333,2,0.75,0.0833333333333333,0.553694392684741,8.33333333333333,6,10,1.10738878536948,8,6,10,2.02030508910442,8.33333333333333,6,10,1.10738878536948,0,1.97792717443648,2.82842712474619,0.656424737689541,"F4_R25",0.171794964687922,-0.342004264885899,-1.2876990647278,0.271391979495859,-0.134755835195509,-1.32127222062543,0.313641245972073,638,"easy",5,5,25,2,4,5,5,25,3,4,1,8,0.32,FALSE,FALSE,TRUE,3.89928891922857,-5.220561139854
1598,"-2:-1|0:-2|1:2|2:0",4,TRUE,2,0,2,"mixed",2.11803398874989,2.23606797749979,2.5,3,2,2.14295532842377,3,4,2,25,0,TRUE,25,33554432,0,1,25,25,0.833333333333333,2,0.666666666666667,0.166666666666667,0.688332449299089,8.33333333333333,6,10,1.37666489859818,10,10,10,0,8.33333333333333,6,10,1.37666489859818,0,2.14295532842377,2.82842712474619,0.480442458550402,"F4_R25",1.23436302722325,1.75502188559869,0.0523490600394965,-3.68075372191259,1.07286376482578,0.433844015774624,0.559613319011815,411,"medium",5,5,25,2,3,5,5,25,4,4,1,9,0.36,FALSE,FALSE,TRUE,5.68039554028269,-5.24655152450807
1186,"-1:-2|0:-2|2:0|2:1",4,TRUE,2,0,2,"mixed",2.11803398874989,2.23606797749979,2.5,3,2,2.17858444539843,3,4,2,25,0,TRUE,25,33554432,0,1,25,25,0.833333333333333,2,0.666666666666667,0.166666666666667,0.688332449299089,8.33333333333333,6,10,1.37666489859818,8,8,8,0,8.33333333333333,6,10,1.37666489859818,0,2.17858444539843,2.82842712474619,0.710062449732415,"F4_R25",1.46376850064644,-0.342004264885899,0.0523490600394965,-3.68075372191259,1.07286376482578,-1.43377666128677,0.307196562835661,646,"easy",4,4,16,2,3,4,4,16,4,4,1,9,0.5625,FALSE,FALSE,TRUE,3.89795404642834,-5.33173070771511
871,"-2:-2|-2:2|1:0|2:0",4,TRUE,2,2,0,"mixed",2.16421356237309,2.82842712474619,2.75,4,2,2.07858444539843,2,4,2,25,0,TRUE,25,33554432,0,1,25,25,0.833333333333333,2,0.583333333333333,0.25,0.800640769025436,8.33333333333333,6,10,1.60128153805087,7,6,8,1.01015254455221,8.33333333333333,6,10,1.60128153805087,0,2.07858444539843,2.82842712474619,0.802417668568409,"F4_R25",0.819897720502362,-1.39051734012819,1.17015005204386,-3.68075372191259,-0.134755835195509,-3.21597912469007,0.158968850698174,783,"very_easy",5,5,25,2,4,5,5,25,2,4,1,7,0.28,FALSE,FALSE,TRUE,2.11818229817445,-5.33416142286452
562,"-1:-2|-1:2|0:-2|2:-2",4,TRUE,1,1,2,"mixed",2.32514076993644,2.82842712474619,3,4,2,1.89508446196187,3,8,1,25,0,TRUE,25,33554432,0,1,25,25,0.833333333333333,2,0.75,0.0833333333333333,0.553694392684741,8.33333333333333,6,10,1.10738878536948,8,8,8,0,8.33333333333333,6,10,1.10738878536948,0,1.89508446196187,2.82842712474619,0.585619218368906,"F4_R25",-0.361605054414923,-0.342004264885899,-1.2876990647278,0.271391979495859,1.07286376482578,-0.64705263970698,0.402792696025779,555,"medium",5,4,20,2,4,5,4,20,4,4,1,9,0.45,FALSE,FALSE,TRUE,4.69015026591916,-5.33720290562614
713,"-1:-2|0:-2|0:2|2:2",4,TRUE,2,1,1,"mixed",2.26612377556149,2.82842712474619,2.75,4,2,1.89508446196187,3,8,1,25,0,TRUE,25,33554432,0,1,25,25,0.833333333333333,2,0.75,0.0833333333333333,0.553694392684741,8.33333333333333,6,10,1.10738878536948,8,8,8,0,8.33333333333333,6,10,1.10738878536948,0,1.89508446196187,2.82842712474619,0.585619218368906,"F4_R25",-0.361605054414923,-0.342004264885899,-1.2876990647278,0.271391979495859,1.07286376482578,-0.64705263970698,0.402792696025779,555,"medium",5,4,20,2,4,5,4,20,4,4,1,9,0.45,FALSE,FALSE,TRUE,4.69015026591916,-5.33720290562614
1609,"-1:-2|-1:0|-1:2|2:0",4,TRUE,2,0,2,"mixed",1.86803398874989,2.23606797749979,2.25,3,2,2.0128990204492,3,4,2,25,0,TRUE,25,33554432,0,1,25,25,0.833333333333333,2,0.666666666666667,0.166666666666667,0.688332449299089,8.33333333333333,6,10,1.37666489859818,8,8,8,0,8.33333333333333,6,10,1.37666489859818,0,2.0128990204492,2.82842712474619,0.622037452851217,"F4_R25",0.396968462440753,-0.342004264885899,0.0523490600394965,-3.68075372191259,1.07286376482578,-2.50057669949246,0.211600429645542,734,"easy",5,4,20,2,3,5,4,20,3,4,1,8,0.4,FALSE,FALSE,TRUE,2.90904364486504,-5.4096203443575
1694,"-1:0|0:-2|0:2|2:0",4,TRUE,4,0,0,"axis_only",1.75,2,1.75,2,2,2.0128990204492,3,4,2,25,0,TRUE,25,33554432,0,1,25,25,0.833333333333333,2,0.666666666666667,0.166666666666667,0.688332449299089,8.33333333333333,6,10,1.37666489859818,8,8,8,0,8.33333333333333,6,10,1.37666489859818,0,2.0128990204492,2.82842712474619,0.622037452851217,"F4_R25",0.396968462440753,-0.342004264885899,0.0523490600394965,-3.68075372191259,1.07286376482578,-2.50057669949246,0.211600429645542,734,"easy",5,4,20,2,2,5,4,20,3,4,1,8,0.4,FALSE,FALSE,TRUE,2.90904364486504,-5.4096203443575
709,"-2:-2|-2:0|2:-2|2:2",4,TRUE,1,3,0,"mixed",2.62132034355964,2.82842712474619,3.5,4,2,2.03716308916112,3,8,1,25,0,TRUE,25,33554432,0,1,25,25,0.833333333333333,2,0.75,0.0833333333333333,0.553694392684741,8.33333333333333,6,10,1.10738878536948,8,8,8,0,8.33333333333333,6,10,1.10738878536948,0,2.03716308916112,2.82842712474619,0.707080498450027,"F4_R25",0.553197710950942,-0.342004264885899,-1.2876990647278,0.271391979495859,1.07286376482578,0.267750125658885,0.52953813104189,437,"medium",5,5,25,2,4,5,5,25,4,4,1,9,0.36,FALSE,FALSE,TRUE,5.68039554028269,-5.41264541462381
451,"-2:-1|1:-2|2:-2|2:2",4,TRUE,0,2,2,"off_axis",2.53224755112299,2.82842712474619,3.5,4,2,1.94295532842377,2,8,1,25,0,TRUE,25,33554432,0,1,25,25,0.833333333333333,2,0.75,0.0833333333333333,0.553694392684741,8.33333333333333,6,10,1.10738878536948,8,8,8,0,8.33333333333333,6,10,1.10738878536948,0,1.94295532842377,2.82842712474619,0.68712330427472,"F4_R25",-0.053378533064909,-0.342004264885899,-1.2876990647278,0.271391979495859,-0.134755835195509,-1.54644571837826,0.302900107411386,648,"easy",5,5,25,2,4,5,5,25,3,4,1,8,0.32,FALSE,FALSE,TRUE,3.89928891922857,-5.44573463760683
1286,"-1:-2|0:1|0:2|1:-2",4,TRUE,2,0,2,"mixed",1.86803398874989,2.23606797749979,2.25,3,2,1.77726990347453,1,4,2,25,0,TRUE,25,33554432,0,1,25,25,0.833333333333333,2,0.583333333333333,0.25,0.800640769025436,8.33333333333333,6,10,1.60128153805087,8,6,10,2.02030508910442,8.33333333333333,6,10,1.60128153805087,0,1.77726990347453,2.23606797749979,0.517807010599742,"F4_R25",-1.1201785712706,-0.342004264885899,1.17015005204386,-3.68075372191259,-1.3423754352168,-5.31516194124203,0.0343716433941998,899,"very_easy",5,3,15,2,3,5,3,15,2,4,1,7,0.466666666666667,FALSE,FALSE,TRUE,0.137691749447388,-5.45285369068942
1684,"-1:0|0:-2|0:-1|1:0",4,TRUE,4,0,0,"axis_only",1.25,2,1.25,2,2,1.53005630797458,1,4,2,25,0,TRUE,25,33554432,0,1,25,25,0.833333333333333,2,0.666666666666667,0.166666666666667,0.688332449299089,8.33333333333333,6,10,1.37666489859818,6,6,6,0,8.33333333333333,6,10,1.37666489859818,0,1.53005630797458,2.23606797749979,0.536374345259402,"F4_R25",-2.7119146772384,-2.43903041537049,0.0523490600394965,-3.68075372191259,-1.3423754352168,-10.1217251896988,0.00107411385606874,930,"very_easy",3,3,9,2,2,3,3,9,0,4,1,5,0.555555555555556,FALSE,FALSE,TRUE,-4.61281582189709,-5.50890936780169
873,"-2:-1|-2:0|2:-2|2:2",4,TRUE,1,2,1,"mixed",2.47323055674804,2.82842712474619,3.25,4,2,2.00153397218646,2,8,1,25,0,TRUE,25,33554432,0,1,25,25,0.833333333333333,2,0.666666666666667,0.166666666666667,0.688332449299089,8.33333333333333,6,10,1.37666489859818,8,6,10,2.02030508910442,8.33333333333333,6,10,1.37666489859818,0,2.00153397218646,2.82842712474619,0.661531689157382,"F4_R25",0.323792237527746,-0.342004264885899,0.0523490600394965,0.271391979495859,-0.134755835195509,0.170773176981694,0.518796992481203,447,"medium",5,5,25,2,4,5,5,25,4,4,1,9,0.36,FALSE,FALSE,TRUE,5.68039554028269,-5.509622363301
947,"-2:-2|-1:0|0:-1|2:2",4,TRUE,2,2,0,"mixed",1.9142135623731,2.82842712474619,2.5,4,2,2.06142715787305,2,4,2,25,0,TRUE,25,33554432,0,1,25,25,0.833333333333333,2,0.666666666666667,0.166666666666667,0.688332449299089,8.33333333333333,6,10,1.37666489859818,8,8,8,0,8.33333333333333,6,10,1.37666489859818,0,2.06142715787305,2.82842712474619,0.782104051605118,"F4_R25",0.709426959461129,-0.342004264885899,0.0523490600394965,-3.68075372191259,-0.134755835195509,-3.39573780249337,0.149301825993555,792,"very_easy",5,5,25,2,4,5,5,25,2,4,1,7,0.28,FALSE,FALSE,TRUE,2.11818229817445,-5.51392010066782
565,"-2:-2|-2:0|-2:2|-1:0",4,TRUE,2,2,0,"mixed",2.16421356237309,2.82842712474619,2.75,4,2,1.9128990204492,2,4,2,25,0,TRUE,25,33554432,0,1,25,25,0.833333333333333,2,0.666666666666667,0.166666666666667,0.688332449299089,8.33333333333333,6,10,1.37666489859818,7,6,8,1.01015254455221,8.33333333333333,6,10,1.37666489859818,0,1.9128990204492,2.82842712474619,0.699855014798309,"F4_R25",-0.246902317703324,-1.39051734012819,0.0523490600394965,-3.68075372191259,-0.134755835195509,-5.40058015490012,0.0311493018259936,902,"very_easy",5,3,15,2,4,5,3,15,2,4,1,7,0.466666666666667,FALSE,FALSE,TRUE,0.137691749447388,-5.53827190434751
1603,"-1:-2|-1:0|-1:2|1:0",4,TRUE,2,0,2,"mixed",1.61803398874989,2.23606797749979,2,3,2,1.9128990204492,2,4,2,25,0,TRUE,25,33554432,0,1,25,25,0.833333333333333,2,0.666666666666667,0.166666666666667,0.688332449299089,8.33333333333333,6,10,1.37666489859818,7,6,8,1.01015254455221,8.33333333333333,6,10,1.37666489859818,0,1.9128990204492,2.82842712474619,0.699855014798309,"F4_R25",-0.246902317703324,-1.39051734012819,0.0523490600394965,-3.68075372191259,-0.134755835195509,-5.40058015490012,0.0311493018259936,902,"very_easy",5,3,15,2,3,5,3,15,2,4,1,7,0.466666666666667,FALSE,FALSE,TRUE,0.137691749447388,-5.53827190434751
1680,"-2:0|-1:0|0:-2|0:2",4,TRUE,4,0,0,"axis_only",1.75,2,1.75,2,2,1.9128990204492,2,4,2,25,0,TRUE,25,33554432,0,1,25,25,0.833333333333333,2,0.666666666666667,0.166666666666667,0.688332449299089,8.33333333333333,6,10,1.37666489859818,7,6,8,1.01015254455221,8.33333333333333,6,10,1.37666489859818,0,1.9128990204492,2.82842712474619,0.699855014798309,"F4_R25",-0.246902317703324,-1.39051734012819,0.0523490600394965,-3.68075372191259,-0.134755835195509,-5.40058015490012,0.0311493018259936,902,"very_easy",5,3,15,2,2,5,3,15,2,4,1,7,0.466666666666667,FALSE,FALSE,TRUE,0.137691749447388,-5.53827190434751
542,"-2:-1|-2:2|2:-2|2:-1",4,TRUE,0,2,2,"off_axis",2.53224755112299,2.82842712474619,3.5,4,2,1.91934853067379,2,8,1,25,0,TRUE,25,33554432,0,1,25,25,0.833333333333333,2,0.75,0.0833333333333333,0.553694392684741,8.33333333333333,6,10,1.10738878536948,8,8,8,0,8.33333333333333,6,10,1.10738878536948,0,1.91934853067379,2.82842712474619,0.679951973631102,"F4_R25",-0.205375805904733,-0.342004264885899,-1.2876990647278,0.271391979495859,-0.134755835195509,-1.69844299121808,0.283029001074114,664,"easy",5,5,25,2,4,5,5,25,3,4,1,8,0.32,FALSE,FALSE,TRUE,3.89928891922857,-5.59773191044665
1138,"-1:-1|0:-2|1:-2|1:2",4,TRUE,1,1,2,"mixed",1.97158737934317,2.23606797749979,2.5,3,2,1.77792717443648,1,8,1,25,0,TRUE,25,33554432,0,1,25,25,0.833333333333333,2,0.75,0.0833333333333333,0.553694392684741,8.33333333333333,6,10,1.10738878536948,8,8,8,0,8.33333333333333,6,10,1.10738878536948,0,1.77792717443648,2.82842712474619,0.613709089969705,"F4_R25",-1.11594659560023,-0.342004264885899,-1.2876990647278,0.271391979495859,-1.3423754352168,-3.81663338093487,0.0853920515574651,848,"very_easy",5,3,15,2,3,5,3,15,3,4,1,8,0.533333333333333,FALSE,FALSE,TRUE,1.91879837050151,-5.73543175143638
572,"-2:-1|2:-2|2:0|2:2",4,TRUE,1,2,1,"mixed",2.47323055674804,2.82842712474619,3.25,4,2,1.99574173292381,2,8,1,25,0,TRUE,25,33554432,0,1,25,25,0.833333333333333,2,0.75,0.0833333333333333,0.553694392684741,8.33333333333333,6,10,1.10738878536948,9,8,10,1.01015254455221,8.33333333333333,6,10,1.10738878536948,0,1.99574173292381,2.82842712474619,0.593497107983451,"F4_R25",0.286497701399519,0.706508810356395,-1.2876990647278,0.271391979495859,-0.134755835195509,-0.158056408671537,0.469387755102041,493,"medium",5,5,25,2,4,5,5,25,4,4,1,9,0.36,FALSE,FALSE,TRUE,5.68039554028269,-5.83845194895423
342,"-2:-1|2:-2|2:-1|2:0",4,TRUE,1,1,2,"mixed",2.32514076993644,2.82842712474619,3,4,2,1.7128990204492,2,8,1,25,0,TRUE,25,33554432,0,1,25,25,0.833333333333333,2,0.75,0.0833333333333333,0.553694392684741,8.33333333333333,6,10,1.10738878536948,7,6,8,1.01015254455221,8.33333333333333,6,10,1.10738878536948,0,1.7128990204492,2.82842712474619,0.637684130919746,"F4_R25",-1.53464387799148,-1.39051734012819,-1.2876990647278,0.271391979495859,-0.134755835195509,-4.07622413854712,0.0676691729323308,867,"very_easy",3,5,15,2,4,3,5,15,3,4,1,8,0.533333333333333,FALSE,FALSE,TRUE,1.91879837050151,-5.99502250904863
710,"-2:-1|-2:0|2:-2|2:0",4,TRUE,2,1,1,"mixed",2.26612377556149,2.82842712474619,2.75,4,2,1.8128990204492,2,8,1,25,0,TRUE,25,33554432,0,1,25,25,0.833333333333333,2,0.75,0.0833333333333333,0.553694392684741,8.33333333333333,6,10,1.10738878536948,8,8,8,0,8.33333333333333,6,10,1.10738878536948,0,1.8128990204492,2.82842712474619,0.590100878056122,"F4_R25",-0.890773097847402,-0.342004264885899,-1.2876990647278,0.271391979495859,-0.134755835195509,-2.38384028316075,0.234156820622986,712,"easy",3,5,15,2,4,3,5,15,4,4,1,9,0.6,FALSE,FALSE,TRUE,3.69990499155563,-6.08374527471638
1216,"-1:-2|-1:2|0:-2|1:2",4,TRUE,1,0,3,"mixed",2.17705098312484,2.23606797749979,2.75,3,2,1.77726990347453,2,8,1,25,0,TRUE,25,33554432,0,1,25,25,0.833333333333333,2,0.75,0.0833333333333333,0.553694392684741,8.33333333333333,6,10,1.10738878536948,8,8,8,0,8.33333333333333,6,10,1.10738878536948,0,1.77726990347453,2.23606797749979,0.517807010599742,"F4_R25",-1.1201785712706,-0.342004264885899,-1.2876990647278,0.271391979495859,-0.134755835195509,-2.61324575658395,0.201933404940924,742,"easy",5,3,15,2,3,5,3,15,4,4,1,9,0.6,FALSE,FALSE,TRUE,3.69990499155563,-6.31315074813958
1038,"-1:-2|0:-2|1:-2|2:2",4,TRUE,1,1,2,"mixed",2.32514076993644,2.82842712474619,3,4,2,1.91869125971184,2,8,1,25,0,TRUE,25,33554432,0,1,25,25,0.833333333333333,2,0.75,0.0833333333333333,0.553694392684741,8.33333333333333,6,10,1.10738878536948,8,6,10,2.02030508910442,8.33333333333333,6,10,1.10738878536948,0,1.91869125971184,2.82842712474619,0.595001260414515,"F4_R25",-0.209607781575099,-0.342004264885899,-1.2876990647278,0.271391979495859,-0.134755835195509,-1.70267496688845,0.272287862513426,674,"easy",5,4,20,2,4,5,4,20,4,4,1,9,0.45,FALSE,FALSE,TRUE,4.69015026591916,-6.39282523280761
1253,"-1:-2|0:-1|0:2|1:-2",4,TRUE,2,0,2,"mixed",1.86803398874989,2.23606797749979,2.25,3,2,1.7128990204492,1,4,2,25,0,TRUE,25,33554432,0,1,25,25,0.833333333333333,2,0.583333333333333,0.25,0.800640769025436,8.33333333333333,6,10,1.60128153805087,9,8,10,1.01015254455221,8.33333333333333,6,10,1.60128153805087,0,1.7128990204492,2.23606797749979,0.429440133900699,"F4_R25",-1.53464387799148,0.706508810356395,1.17015005204386,-3.68075372191259,-1.3423754352168,-4.68111417272061,0.046186895810956,888,"very_easy",5,3,15,2,3,5,3,15,3,4,1,8,0.533333333333333,FALSE,FALSE,TRUE,1.91879837050151,-6.59991254322212
806,"-2:-1|-2:2|1:2|2:-2",4,TRUE,0,2,2,"off_axis",2.53224755112299,2.82842712474619,3.5,4,2,2.12000580163574,2,4,2,25,0,TRUE,25,33554432,0,1,25,25,0.833333333333333,2,0.666666666666667,0.166666666666667,0.688332449299089,8.33333333333333,6,10,1.37666489859818,10,10,10,0,8.33333333333333,6,10,1.37666489859818,0,2.12000580163574,2.82842712474619,0.582690503927722,"F4_R25",1.08659773005378,1.75502188559869,0.0523490600394965,-3.68075372191259,-0.134755835195509,-0.92154088141613,0.380236305048335,577,"easy",5,5,25,2,4,5,5,25,4,4,1,9,0.36,FALSE,FALSE,TRUE,5.68039554028269,-6.60193642169882
1587,"-2:-1|0:-2|0:2|2:-1",4,TRUE,2,0,2,"mixed",2.11803398874989,2.23606797749979,2.5,3,2,2.06011261594915,3,4,2,25,0,TRUE,25,33554432,0,1,25,25,0.833333333333333,2,0.583333333333333,0.25,0.800640769025436,8.33333333333333,6,10,1.60128153805087,8,8,8,0,8.33333333333333,6,10,1.60128153805087,0,2.06011261594915,2.82842712474619,0.628875548196174,"F4_R25",0.7009630081204,-0.342004264885899,1.17015005204386,-3.68075372191259,1.07286376482578,-1.07878116180845,0.366272824919441,590,"easy",5,5,25,2,3,5,5,25,4,4,1,9,0.36,FALSE,FALSE,TRUE,5.68039554028269,-6.75917670209114
832,"-1:-2|-1:2|2:-2|2:2",4,TRUE,0,2,2,"off_axis",2.53224755112299,2.82842712474619,3.5,4,2,2.06011261594915,3,4,2,25,0,TRUE,25,33554432,0,1,25,25,0.833333333333333,2,0.666666666666667,0.166666666666667,0.688332449299089,8.33333333333333,6,10,1.37666489859818,8,6,10,2.02030508910442,8.33333333333333,6,10,1.37666489859818,0,2.06011261594915,2.82842712474619,0.628875548196174,"F4_R25",0.7009630081204,-0.342004264885899,0.0523490600394965,-3.68075372191259,1.07286376482578,-2.19658215381281,0.238453276047261,710,"easy",5,4,20,2,4,5,4,20,4,4,1,9,0.45,FALSE,FALSE,TRUE,4.69015026591916,-6.88673241973197
381,"-2:-1|2:-2|2:-1|2:2",4,TRUE,0,2,2,"off_axis",2.53224755112299,2.82842712474619,3.5,4,2,1.87792717443648,2,8,1,25,0,TRUE,25,33554432,0,1,25,25,0.833333333333333,2,0.75,0.0833333333333333,0.553694392684741,8.33333333333333,6,10,1.10738878536948,7,6,8,1.01015254455221,8.33333333333333,6,10,1.10738878536948,0,1.87792717443648,2.82842712474619,0.725250552501227,"F4_R25",-0.472075815456155,-1.39051734012819,-1.2876990647278,0.271391979495859,-0.134755835195509,-3.0136560760118,0.185821697099893,757,"very_easy",5,5,25,2,4,5,5,25,3,4,1,8,0.32,FALSE,FALSE,TRUE,3.89928891922857,-6.91294499524037
833,"-2:-1|-2:2|2:-2|2:2",4,TRUE,0,3,1,"off_axis",2.68033733793459,2.82842712474619,3.75,4,2,1.97858444539843,2,8,1,25,0,TRUE,25,33554432,0,1,25,25,0.833333333333333,2,0.75,0.0833333333333333,0.553694392684741,8.33333333333333,6,10,1.10738878536948,8,8,8,0,8.33333333333333,6,10,1.10738878536948,0,1.97858444539843,2.82842712474619,0.734244579617092,"F4_R25",0.176026940358286,-0.342004264885899,-1.2876990647278,0.271391979495859,-0.134755835195509,-1.31704024495506,0.319011815252417,633,"easy",5,5,25,2,4,5,5,25,4,4,1,9,0.36,FALSE,FALSE,TRUE,5.68039554028269,-6.99743578523775
869,"-2:-2|-1:1|2:-2|2:2",4,TRUE,0,4,0,"diagonal_only",2.47487373415292,2.82842712474619,3.5,4,2,2.06142715787305,2,4,2,25,0,TRUE,25,33554432,0,1,25,25,0.833333333333333,2,0.666666666666667,0.166666666666667,0.688332449299089,8.33333333333333,6,10,1.37666489859818,8,8,8,0,8.33333333333333,6,10,1.37666489859818,0,2.06142715787305,2.82842712474619,0.782104051605118,"F4_R25",0.709426959461129,-0.342004264885899,0.0523490600394965,-3.68075372191259,-0.134755835195509,-3.39573780249337,0.149301825993555,792,"very_easy",5,5,25,2,4,5,5,25,3,4,1,8,0.32,FALSE,FALSE,TRUE,3.89928891922857,-7.29502672172194
845,"-2:-2|-2:2|-1:-1|2:-2",4,TRUE,0,4,0,"diagonal_only",2.47487373415292,2.82842712474619,3.5,4,2,1.92000580163574,1,4,2,25,0,TRUE,25,33554432,0,1,25,25,0.833333333333333,2,0.666666666666667,0.166666666666667,0.688332449299089,8.33333333333333,6,10,1.37666489859818,8,8,8,0,8.33333333333333,6,10,1.37666489859818,0,1.92000580163574,2.82842712474619,0.755408441165062,"F4_R25",-0.201143830234369,-0.342004264885899,0.0523490600394965,-3.68075372191259,-1.3423754352168,-5.51392819221016,0.0225563909774436,910,"very_easy",5,5,25,2,4,5,5,25,2,4,1,7,0.28,FALSE,FALSE,TRUE,2.11818229817445,-7.63211049038461
536,"-2:-2|-2:-1|2:-2|2:-1",4,TRUE,0,2,2,"off_axis",2.53224755112299,2.82842712474619,3.5,4,2,1.69574173292382,2,4,2,25,0,TRUE,25,33554432,0,1,25,25,0.833333333333333,2,0.666666666666667,0.166666666666667,0.688332449299089,8.33333333333333,6,10,1.37666489859818,6,6,6,0,8.33333333333333,6,10,1.37666489859818,0,1.69574173292382,2.82842712474619,0.763369704534177,"F4_R25",-1.64511463903271,-2.43903041537049,0.0523490600394965,-3.68075372191259,-0.134755835195509,-7.8473055514718,0.0075187969924812,925,"very_easy",3,5,15,2,4,3,5,15,2,4,1,7,0.466666666666667,FALSE,FALSE,TRUE,0.137691749447388,-7.98499730091919
573,"-2:-2|-2:0|-2:2|2:0",4,TRUE,2,2,0,"mixed",2.41421356237309,2.82842712474619,3,4,2,2.0128990204492,3,4,2,25,0,TRUE,25,33554432,0,1,25,25,0.833333333333333,2,0.666666666666667,0.166666666666667,0.688332449299089,8.33333333333333,6,10,1.37666489859818,8,8,8,0,8.33333333333333,6,10,1.37666489859818,0,2.0128990204492,2.82842712474619,0.622037452851217,"F4_R25",0.396968462440753,-0.342004264885899,0.0523490600394965,-3.68075372191259,1.07286376482578,-2.50057669949246,0.211600429645542,734,"easy",5,5,25,2,4,5,5,25,4,4,1,9,0.36,FALSE,FALSE,TRUE,5.68039554028269,-8.18097223977515
1075,"-1:-2|0:-2|0:-1|1:-2",4,TRUE,2,0,2,"mixed",1.86803398874989,2.23606797749979,2.25,3,2,1.53005630797458,1,4,2,25,0,TRUE,25,33554432,0,1,25,25,0.833333333333333,2,0.666666666666667,0.166666666666667,0.688332449299089,8.33333333333333,6,10,1.37666489859818,6,6,6,0,8.33333333333333,6,10,1.37666489859818,0,1.53005630797458,2.23606797749979,0.536374345259402,"F4_R25",-2.7119146772384,-2.43903041537049,0.0523490600394965,-3.68075372191259,-1.3423754352168,-10.1217251896988,0.00107411385606874,930,"very_easy",3,3,9,2,3,3,3,9,2,4,1,7,0.777777777777778,FALSE,FALSE,TRUE,-1.05060257978885,-9.07112260990993
1215,"-1:-2|-1:2|0:-2|0:2",4,TRUE,2,0,2,"mixed",2.11803398874989,2.23606797749979,2.5,3,2,1.53005630797458,2,4,2,25,0,TRUE,25,33554432,0,1,25,25,0.833333333333333,2,0.583333333333333,0.25,0.800640769025436,8.33333333333333,6,10,1.60128153805087,6,6,6,0,8.33333333333333,6,10,1.60128153805087,0,1.53005630797458,2.23606797749979,0.536374345259402,"F4_R25",-2.7119146772384,-2.43903041537049,1.17015005204386,-3.68075372191259,-0.134755835195509,-7.79630459767313,0.00859291084854995,924,"very_easy",5,2,10,2,3,5,2,10,4,4,1,9,0.9,FALSE,FALSE,TRUE,2.7096597171921,-10.5059643148652
1082,"-1:-2|0:-2|0:2|1:-2",4,TRUE,2,0,2,"mixed",2.11803398874989,2.23606797749979,2.5,3,2,1.63005630797458,2,4,2,25,0,TRUE,25,33554432,0,1,25,25,0.833333333333333,2,0.666666666666667,0.166666666666667,0.688332449299089,8.33333333333333,6,10,1.37666489859818,7,6,8,1.01015254455221,8.33333333333333,6,10,1.37666489859818,0,1.63005630797458,2.23606797749979,0.519525887315959,"F4_R25",-2.06804389709432,-1.39051734012819,0.0523490600394965,-3.68075372191259,-0.134755835195509,-7.22172173429112,0.0118152524167562,920,"very_easy",5,3,15,2,3,5,3,15,4,4,1,9,0.6,FALSE,FALSE,TRUE,3.69990499155563,-10.9216267258467
