"family_id","canonical_key","n_flippers","valid","n_axis","n_diagonal","n_oblique","geometry_class","mean_distance_from_s","max_distance_from_s","mean_manhattan_from_s","max_manhattan_from_s","max_chebyshev_from_s","mean_pairwise_distance","adjacent_components","n_orientations","symmetry_count"
1,"-2:-2",1,TRUE,0,1,0,"diagonal_only",2.82842712474619,2.82842712474619,4,4,2,2.82842712474619,2,4,2
2,"-1:-2",1,TRUE,0,0,1,"off_axis",2.23606797749979,2.23606797749979,3,3,2,2.23606797749979,2,8,1
3,"-2:0",1,TRUE,1,0,0,"axis_only",2,2,2,2,2,2,2,4,2
4,"-1:-1",1,TRUE,0,1,0,"diagonal_only",1.4142135623731,1.4142135623731,2,2,1,1.4142135623731,1,4,2
5,"-1:0",1,TRUE,1,0,0,"axis_only",1,1,1,1,1,1,1,4,2
6,"-2:-2|-1:-2",2,TRUE,0,1,1,"off_axis",2.53224755112299,2.82842712474619,3.5,4,2,2.02149836741533,2,8,1
7,"-2:-2|-2:0",2,TRUE,1,1,0,"mixed",2.41421356237309,2.82842712474619,3,4,2,2.2761423749154,3,8,1
8,"-1:-2|2:-2",2,TRUE,0,1,1,"off_axis",2.53224755112299,2.82842712474619,3.5,4,2,2.35483170074866,3,8,1
9,"-2:-2|-2:2",2,TRUE,0,2,0,"diagonal_only",2.82842712474619,2.82842712474619,4,4,2,2.21895141649746,2,4,2
10,"-2:-2|-1:-1",2,TRUE,0,2,0,"diagonal_only",2.12132034355964,2.82842712474619,3,4,2,1.88561808316413,1,4,2
11,"-2:-2|-1:0",2,TRUE,1,1,0,"mixed",1.9142135623731,2.82842712474619,2.5,4,2,2.02149836741533,2,8,1
12,"-1:-1|2:-2",2,TRUE,0,2,0,"diagonal_only",2.12132034355964,2.82842712474619,3,4,2,2.15956955487303,2,8,1
13,"-2:-1|2:-2",2,TRUE,0,1,1,"off_axis",2.53224755112299,2.82842712474619,3.5,4,2,2.15956955487303,2,8,1
14,"-1:0|2:-2",2,TRUE,1,1,0,"mixed",1.9142135623731,2.82842712474619,2.5,4,2,2.21895141649746,2,8,1
15,"-2:-2|0:2",2,TRUE,1,1,0,"mixed",2.41421356237309,2.82842712474619,3,4,2,2.35483170074866,3,8,1
16,"-1:-1|2:2",2,TRUE,0,2,0,"diagonal_only",2.12132034355964,2.82842712474619,3,4,2,2.35702260395516,2,4,2
17,"-1:-2|2:2",2,TRUE,0,1,1,"off_axis",2.53224755112299,2.82842712474619,3.5,4,2,2.43352102658192,3,8,1
18,"-2:-2|2:2",2,TRUE,0,2,0,"diagonal_only",2.82842712474619,2.82842712474619,4,4,2,2.35702260395516,2,2,4
19,"-1:-2|0:-2",2,TRUE,1,0,1,"mixed",2.11803398874989,2.23606797749979,2.5,3,2,1.74535599249993,2,8,1
20,"-1:-2|1:-2",2,TRUE,0,0,2,"off_axis",2.23606797749979,2.23606797749979,3,3,2,2.15737865166653,3,4,2
21,"-2:-1|-1:-2",2,TRUE,0,0,2,"off_axis",2.23606797749979,2.23606797749979,3,3,2,1.96211650579089,2,4,2
22,"-1:-2|-1:-1",2,TRUE,0,1,1,"off_axis",1.82514076993644,2.23606797749979,2.5,3,2,1.5500938466243,1,8,1
23,"-1:-2|0:-1",2,TRUE,1,0,1,"mixed",1.61803398874989,2.23606797749979,2,3,2,1.5500938466243,1,8,1
24,"-1:-1|1:-2",2,TRUE,0,1,1,"off_axis",1.82514076993644,2.23606797749979,2.5,3,2,1.96211650579089,2,8,1
25,"-1:-2|2:-1",2,TRUE,0,0,2,"off_axis",2.23606797749979,2.23606797749979,3,3,2,2.23606797749979,3,8,1
26,"-2:-1|0:-2",2,TRUE,1,0,1,"mixed",2.11803398874989,2.23606797749979,2.5,3,2,2.15737865166653,3,8,1
27,"-1:-2|-1:0",2,TRUE,1,0,1,"mixed",1.61803398874989,2.23606797749979,2,3,2,1.74535599249993,2,8,1
28,"-1:-2|1:0",2,TRUE,1,0,1,"mixed",1.61803398874989,2.23606797749979,2,3,2,2.02149836741533,2,8,1
29,"-1:-2|2:0",2,TRUE,1,0,1,"mixed",2.11803398874989,2.23606797749979,2.5,3,2,2.35483170074866,3,8,1
30,"-1:-1|-1:2",2,TRUE,0,1,1,"off_axis",1.82514076993644,2.23606797749979,2.5,3,2,1.88342717995763,2,8,1
31,"-1:-2|0:1",2,TRUE,1,0,1,"mixed",1.61803398874989,2.23606797749979,2,3,2,1.82404531833319,2,8,1
32,"-1:-1|1:2",2,TRUE,0,1,1,"off_axis",1.82514076993644,2.23606797749979,2.5,3,2,2.15956955487303,2,8,1
33,"-1:-2|2:1",2,TRUE,0,0,2,"off_axis",2.23606797749979,2.23606797749979,3,3,2,2.43352102658192,3,4,2
34,"-1:-2|-1:2",2,TRUE,0,0,2,"off_axis",2.23606797749979,2.23606797749979,3,3,2,1.82404531833319,2,4,2
35,"-1:-2|0:2",2,TRUE,1,0,1,"mixed",2.11803398874989,2.23606797749979,2.5,3,2,1.88342717995763,2,8,1
36,"-1:-2|1:2",2,TRUE,0,0,2,"off_axis",2.23606797749979,2.23606797749979,3,3,2,2.23606797749979,3,4,2
37,"-1:-1|0:-2",2,TRUE,1,1,0,"mixed",1.70710678118655,2,2,2,2,1.60947570824873,1,8,1
38,"-2:0|-1:0",2,TRUE,2,0,0,"axis_only",1.5,2,1.5,2,2,1.33333333333333,1,4,2
39,"-2:0|0:-2",2,TRUE,2,0,0,"axis_only",2,2,2,2,2,2.2761423749154,3,4,2
40,"-1:0|0:-2",2,TRUE,2,0,0,"axis_only",1.5,2,1.5,2,2,1.74535599249993,2,8,1
41,"-1:-1|0:2",2,TRUE,1,1,0,"mixed",1.70710678118655,2,2,2,2,1.88342717995763,2,8,1
42,"-1:0|2:0",2,TRUE,2,0,0,"axis_only",1.5,2,1.5,2,2,1.66666666666667,2,4,2
43,"-2:0|2:0",2,TRUE,2,0,0,"axis_only",2,2,2,2,2,1.66666666666667,2,2,4
44,"-1:-1|-1:0",2,TRUE,1,1,0,"mixed",1.20710678118655,1.4142135623731,1.5,2,1,1.1380711874577,1,8,1
45,"-1:-1|-1:1",2,TRUE,0,2,0,"diagonal_only",1.4142135623731,1.4142135623731,2,2,1,1.60947570824873,1,4,2
46,"-1:-1|0:1",2,TRUE,1,1,0,"mixed",1.20710678118655,1.4142135623731,1.5,2,1,1.5500938466243,1,8,1
47,"-1:-1|1:1",2,TRUE,0,2,0,"diagonal_only",1.4142135623731,1.4142135623731,2,2,1,1.88561808316413,1,2,4
48,"-1:0|0:-1",2,TRUE,2,0,0,"axis_only",1,1,1,1,1,1.1380711874577,1,4,2
49,"-1:0|1:0",2,TRUE,2,0,0,"axis_only",1,1,1,1,1,1.33333333333333,1,2,4
50,"-2:-2|-1:-2|0:-2",3,TRUE,1,1,1,"mixed",2.35483170074866,2.82842712474619,3,4,2,1.844082517041,2,8,1
51,"-1:-2|1:-2|2:-2",3,TRUE,0,1,2,"off_axis",2.43352102658192,2.82842712474619,3.33333333333333,4,2,2.0500938466243,3,8,1
52,"-2:-2|-1:-2|2:-2",3,TRUE,0,2,1,"off_axis",2.63097407566406,2.82842712474619,3.66666666666667,4,2,1.98215370449869,2,8,1
53,"-2:-2|-2:-1|-1:-2",3,TRUE,0,1,2,"off_axis",2.43352102658192,2.82842712474619,3.33333333333333,4,2,1.78579610701981,2,4,2
54,"-2:-2|-1:-2|-1:-1",3,TRUE,0,2,1,"off_axis",2.15956955487303,2.82842712474619,3,4,2,1.64882037116536,1,8,1
55,"-2:-2|-1:-2|0:-1",3,TRUE,1,1,1,"mixed",2.02149836741533,2.82842712474619,2.66666666666667,4,2,1.78579610701981,1,8,1
56,"-1:-1|1:-2|2:-2",3,TRUE,0,2,1,"off_axis",2.15956955487303,2.82842712474619,3,4,2,1.99180743660311,2,8,1
57,"-2:-1|1:-2|2:-2",3,TRUE,0,1,2,"off_axis",2.43352102658192,2.82842712474619,3.33333333333333,4,2,1.99180743660311,2,8,1
58,"-2:-2|-2:-1|0:-2",3,TRUE,1,1,1,"mixed",2.35483170074866,2.82842712474619,3,4,2,2.0500938466243,3,8,1
59,"-2:-2|-1:-2|-1:0",3,TRUE,1,1,1,"mixed",2.02149836741533,2.82842712474619,2.66666666666667,4,2,1.88342717995763,2,8,1
60,"-1:0|1:-2|2:-2",3,TRUE,1,1,1,"mixed",2.02149836741533,2.82842712474619,2.66666666666667,4,2,2.12022489195639,2,8,1
61,"-2:-2|-1:-2|2:0",3,TRUE,1,1,1,"mixed",2.35483170074866,2.82842712474619,3,4,2,2.18816503408199,3,8,1
62,"-1:-2|2:-2|2:-1",3,TRUE,0,1,2,"off_axis",2.43352102658192,2.82842712474619,3.33333333333333,4,2,2.08943850954093,3,8,1
63,"-1:-1|2:-2|2:-1",3,TRUE,0,2,1,"off_axis",2.15956955487303,2.82842712474619,3,4,2,1.95246277368648,2,8,1
64,"-1:0|2:-2|2:-1",3,TRUE,1,1,1,"mixed",2.02149836741533,2.82842712474619,2.66666666666667,4,2,2.02149836741533,2,8,1
65,"-1:-1|1:2|2:2",3,TRUE,0,2,1,"off_axis",2.15956955487303,2.82842712474619,3,4,2,2.18926048568524,2,8,1
66,"-1:-2|2:1|2:2",3,TRUE,0,1,2,"off_axis",2.43352102658192,2.82842712474619,3.33333333333333,4,2,2.22750969699862,3,8,1
67,"-2:-2|-2:-1|2:-2",3,TRUE,0,2,1,"off_axis",2.63097407566406,2.82842712474619,3.66666666666667,4,2,1.88452263156088,2,8,1
68,"-2:-1|2:-2|2:-1",3,TRUE,0,1,2,"off_axis",2.43352102658192,2.82842712474619,3.33333333333333,4,2,1.78579610701981,2,8,1
69,"-2:-2|-1:-2|0:2",3,TRUE,1,1,1,"mixed",2.35483170074866,2.82842712474619,3,4,2,1.95246277368648,2,8,1
70,"-1:-2|1:2|2:2",3,TRUE,0,1,2,"off_axis",2.43352102658192,2.82842712474619,3.33333333333333,4,2,2.12878317245756,3,8,1
71,"-2:-2|-1:-2|2:2",3,TRUE,0,2,1,"off_axis",2.63097407566406,2.82842712474619,3.66666666666667,4,2,2.09053396114418,2,8,1
72,"-1:-2|0:-2|2:-2",3,TRUE,1,1,1,"mixed",2.35483170074866,2.82842712474619,3,4,2,2.01074918370766,3,8,1
73,"-2:-2|-2:0|-2:2",3,TRUE,1,2,0,"mixed",2.55228474983079,2.82842712474619,3.33333333333333,4,2,2.10947570824873,3,4,2
74,"-2:-2|-1:-1|0:-2",3,TRUE,1,2,0,"mixed",2.08088022903976,2.82842712474619,2.66666666666667,4,2,1.84517796864425,1,8,1
75,"-2:-2|-2:0|-1:0",3,TRUE,2,1,0,"mixed",1.94280904158206,2.82842712474619,2.33333333333333,4,2,1.844082517041,2,8,1
76,"-1:-1|0:-2|2:-2",3,TRUE,1,2,0,"mixed",2.08088022903976,2.82842712474619,2.66666666666667,4,2,1.98215370449869,2,8,1
77,"-2:-1|0:-2|2:-2",3,TRUE,1,1,1,"mixed",2.35483170074866,2.82842712474619,3,4,2,2.11912944035314,3,8,1
78,"-2:-2|-2:0|0:-2",3,TRUE,2,1,0,"mixed",2.2761423749154,2.82842712474619,2.66666666666667,4,2,2.2761423749154,4,4,2
79,"-2:-2|-1:0|0:-2",3,TRUE,2,1,0,"mixed",1.94280904158206,2.82842712474619,2.33333333333333,4,2,2.0500938466243,3,8,1
80,"-1:0|0:-2|2:-2",3,TRUE,2,1,0,"mixed",1.94280904158206,2.82842712474619,2.33333333333333,4,2,2.14882037116536,3,8,1
81,"-2:-2|-2:0|0:2",3,TRUE,2,1,0,"mixed",2.2761423749154,2.82842712474619,2.66666666666667,4,2,2.31548703783203,4,8,1
82,"-1:-2|2:-2|2:0",3,TRUE,1,1,1,"mixed",2.35483170074866,2.82842712474619,3,4,2,2.31548703783203,4,8,1
83,"-1:-1|2:-2|2:0",3,TRUE,1,2,0,"mixed",2.08088022903976,2.82842712474619,2.66666666666667,4,2,2.11912944035314,3,8,1
84,"-1:0|2:-2|2:0",3,TRUE,2,1,0,"mixed",1.94280904158206,2.82842712474619,2.33333333333333,4,2,2.10947570824873,3,8,1
85,"-1:-1|0:2|2:2",3,TRUE,1,2,0,"mixed",2.08088022903976,2.82842712474619,2.66666666666667,4,2,2.21785596489421,3,8,1
86,"-1:-2|2:0|2:2",3,TRUE,1,1,1,"mixed",2.35483170074866,2.82842712474619,3,4,2,2.35483170074866,4,8,1
87,"-2:-2|-2:0|2:-2",3,TRUE,1,2,0,"mixed",2.55228474983079,2.82842712474619,3.33333333333333,4,2,2.14882037116536,3,8,1
88,"-2:-1|2:-2|2:0",3,TRUE,1,1,1,"mixed",2.35483170074866,2.82842712474619,3,4,2,1.98215370449869,2,8,1
89,"-2:-2|-2:0|2:0",3,TRUE,2,1,0,"mixed",2.2761423749154,2.82842712474619,2.66666666666667,4,2,2.01074918370766,3,8,1
90,"-1:-2|0:2|2:2",3,TRUE,1,1,1,"mixed",2.35483170074866,2.82842712474619,3,4,2,2.11912944035314,3,8,1
91,"-2:-2|-2:0|2:2",3,TRUE,1,2,0,"mixed",2.55228474983079,2.82842712474619,3.33333333333333,4,2,2.21785596489421,3,8,1
92,"-1:-2|1:-1|2:-2",3,TRUE,0,2,1,"off_axis",2.15956955487303,2.82842712474619,3,4,2,2.02149836741533,2,8,1
93,"-1:-2|0:-1|2:-2",3,TRUE,1,1,1,"mixed",2.02149836741533,2.82842712474619,2.66666666666667,4,2,1.95246277368648,2,8,1
94,"-1:-2|-1:-1|2:-2",3,TRUE,0,2,1,"off_axis",2.15956955487303,2.82842712474619,3,4,2,1.95246277368648,2,8,1
95,"-2:-1|-1:-2|2:-2",3,TRUE,0,1,2,"off_axis",2.43352102658192,2.82842712474619,3.33333333333333,4,2,2.02149836741533,2,8,1
96,"-1:-2|1:0|2:-2",3,TRUE,1,1,1,"mixed",2.02149836741533,2.82842712474619,2.66666666666667,4,2,2.18816503408199,3,8,1
97,"-1:-2|-1:0|2:-2",3,TRUE,1,1,1,"mixed",2.02149836741533,2.82842712474619,2.66666666666667,4,2,2.14882037116536,3,8,1
98,"-2:-1|-2:2|0:-2",3,TRUE,1,1,1,"mixed",2.35483170074866,2.82842712474619,3,4,2,2.25610517620759,4,8,1
99,"-1:-2|2:-2|2:1",3,TRUE,0,1,2,"off_axis",2.43352102658192,2.82842712474619,3.33333333333333,4,2,2.35483170074866,4,4,2
100,"-1:-1|2:-2|2:1",3,TRUE,0,2,1,"off_axis",2.15956955487303,2.82842712474619,3,4,2,2.25720062781084,3,8,1
101,"-1:-2|0:1|2:-2",3,TRUE,1,1,1,"mixed",2.02149836741533,2.82842712474619,2.66666666666667,4,2,2.18816503408199,3,8,1
102,"-1:-1|-1:2|2:2",3,TRUE,0,2,1,"off_axis",2.15956955487303,2.82842712474619,3,4,2,2.21785596489421,3,8,1
103,"-1:-2|2:-1|2:2",3,TRUE,0,1,2,"off_axis",2.43352102658192,2.82842712474619,3.33333333333333,4,2,2.29544983912422,4,8,1
104,"-1:-2|2:-2|2:2",3,TRUE,0,2,1,"off_axis",2.63097407566406,2.82842712474619,3.66666666666667,4,2,2.18816503408199,3,8,1
105,"-1:-2|1:2|2:-2",3,TRUE,0,1,2,"off_axis",2.43352102658192,2.82842712474619,3.33333333333333,4,2,2.15847410326978,3,8,1
106,"-1:-2|0:2|2:-2",3,TRUE,1,1,1,"mixed",2.35483170074866,2.82842712474619,3,4,2,2.11912944035314,3,8,1
107,"-1:-2|-1:2|2:-2",3,TRUE,0,1,2,"off_axis",2.43352102658192,2.82842712474619,3.33333333333333,4,2,2.08943850954093,3,8,1
108,"-2:-1|-2:2|2:-2",3,TRUE,0,2,1,"off_axis",2.63097407566406,2.82842712474619,3.66666666666667,4,2,2.12022489195639,2,8,1
109,"-2:-2|-1:-1|2:-2",3,TRUE,0,3,0,"diagonal_only",2.35702260395516,2.82842712474619,3.33333333333333,4,2,1.95355822528973,1,8,1
110,"-2:-2|-2:2|-1:0",3,TRUE,1,2,0,"mixed",2.21895141649746,2.82842712474619,3,4,2,2.02149836741533,2,4,2
111,"-2:-2|-1:0|2:-2",3,TRUE,1,2,0,"mixed",2.21895141649746,2.82842712474619,3,4,2,2.12022489195639,2,8,1
112,"-1:-1|2:-2|2:2",3,TRUE,0,3,0,"diagonal_only",2.35702260395516,2.82842712474619,3.33333333333333,4,2,2.18926048568524,2,8,1
113,"-1:0|2:-2|2:2",3,TRUE,1,2,0,"mixed",2.21895141649746,2.82842712474619,3,4,2,2.21895141649746,2,4,2
114,"-2:-2|-2:2|2:-2",3,TRUE,0,3,0,"diagonal_only",2.82842712474619,2.82842712474619,4,4,2,1.98324915610194,2,4,2
115,"-2:-1|2:-2|2:2",3,TRUE,0,2,1,"off_axis",2.63097407566406,2.82842712474619,3.66666666666667,4,2,2.09053396114418,2,8,1
116,"-2:-2|-2:2|2:0",3,TRUE,1,2,0,"mixed",2.55228474983079,2.82842712474619,3.33333333333333,4,2,2.18816503408199,3,4,2
117,"-2:-2|-1:-1|-1:0",3,TRUE,1,2,0,"mixed",1.74754689570643,2.82842712474619,2.33333333333333,4,2,1.64882037116536,1,8,1
118,"-1:-1|1:-1|2:-2",3,TRUE,0,3,0,"diagonal_only",1.88561808316413,2.82842712474619,2.66666666666667,4,2,1.88452263156088,1,8,1
119,"-2:-1|1:-1|2:-2",3,TRUE,0,2,1,"off_axis",2.15956955487303,2.82842712474619,3,4,2,1.88452263156088,1,8,1
120,"-1:0|1:-1|2:-2",3,TRUE,1,2,0,"mixed",1.74754689570643,2.82842712474619,2.33333333333333,4,2,1.95355822528973,1,8,1
121,"-2:-2|-1:-1|0:2",3,TRUE,1,2,0,"mixed",2.08088022903976,2.82842712474619,2.66666666666667,4,2,2.02149836741533,2,8,1
122,"-1:-1|1:1|2:2",3,TRUE,0,3,0,"diagonal_only",1.88561808316413,2.82842712474619,2.66666666666667,4,2,2.12132034355964,1,4,2
123,"-1:-2|1:1|2:2",3,TRUE,0,2,1,"off_axis",2.15956955487303,2.82842712474619,3,4,2,2.15956955487303,2,8,1
124,"-2:-2|-1:-1|2:2",3,TRUE,0,3,0,"diagonal_only",2.35702260395516,2.82842712474619,3.33333333333333,4,2,2.12132034355964,1,4,2
125,"-1:-1|0:-1|2:-2",3,TRUE,1,2,0,"mixed",1.74754689570643,2.82842712474619,2.33333333333333,4,2,1.78579610701981,2,8,1
126,"-2:-1|0:-1|2:-2",3,TRUE,1,1,1,"mixed",2.02149836741533,2.82842712474619,2.66666666666667,4,2,1.95246277368648,2,8,1
127,"-2:-2|-1:0|0:-1",3,TRUE,2,1,0,"mixed",1.60947570824873,2.82842712474619,2,4,2,1.78579610701981,2,4,2
128,"-1:0|0:-1|2:-2",3,TRUE,2,1,0,"mixed",1.60947570824873,2.82842712474619,2,4,2,1.88452263156088,2,8,1
129,"-2:-2|-1:0|0:2",3,TRUE,2,1,0,"mixed",1.94280904158206,2.82842712474619,2.33333333333333,4,2,2.08943850954093,3,8,1
130,"-1:-1|1:0|2:-2",3,TRUE,1,2,0,"mixed",1.74754689570643,2.82842712474619,2.33333333333333,4,2,1.99180743660311,2,8,1
131,"-1:0|1:0|2:-2",3,TRUE,2,1,0,"mixed",1.60947570824873,2.82842712474619,2,4,2,1.98215370449869,2,8,1
132,"-1:-1|0:1|2:2",3,TRUE,1,2,0,"mixed",1.74754689570643,2.82842712474619,2.33333333333333,4,2,2.09053396114418,2,8,1
133,"-1:-2|1:0|2:2",3,TRUE,1,1,1,"mixed",2.02149836741533,2.82842712474619,2.66666666666667,4,2,2.22750969699862,3,8,1
134,"-2:-1|1:0|2:-2",3,TRUE,1,1,1,"mixed",2.02149836741533,2.82842712474619,2.66666666666667,4,2,1.99180743660311,2,8,1
135,"-2:-2|-1:0|2:0",3,TRUE,2,1,0,"mixed",1.94280904158206,2.82842712474619,2.33333333333333,4,2,2.0500938466243,3,8,1
136,"-1:-2|0:1|2:2",3,TRUE,1,1,1,"mixed",2.02149836741533,2.82842712474619,2.66666666666667,4,2,2.12878317245756,3,8,1
137,"-2:-2|-1:0|2:2",3,TRUE,1,2,0,"mixed",2.21895141649746,2.82842712474619,3,4,2,2.18926048568524,2,8,1
138,"-2:-1|-1:-1|2:-2",3,TRUE,0,2,1,"off_axis",2.15956955487303,2.82842712474619,3,4,2,1.85483170074866,1,8,1
139,"-1:-1|-1:0|2:-2",3,TRUE,1,2,0,"mixed",1.74754689570643,2.82842712474619,2.33333333333333,4,2,1.88452263156088,2,8,1
140,"-2:-2|-1:1|0:2",3,TRUE,1,2,0,"mixed",2.08088022903976,2.82842712474619,2.66666666666667,4,2,2.02149836741533,2,8,1
141,"-1:-1|1:1|2:-2",3,TRUE,0,3,0,"diagonal_only",1.88561808316413,2.82842712474619,2.66666666666667,4,2,2.15956955487303,2,4,2
142,"-1:-1|0:1|2:-2",3,TRUE,1,2,0,"mixed",1.74754689570643,2.82842712474619,2.33333333333333,4,2,2.09053396114418,2,8,1
143,"-1:-1|-1:1|2:-2",3,TRUE,0,3,0,"diagonal_only",1.88561808316413,2.82842712474619,2.66666666666667,4,2,2.12022489195639,2,8,1
144,"-1:-2|1:-1|2:2",3,TRUE,0,2,1,"off_axis",2.15956955487303,2.82842712474619,3,4,2,2.19781876618641,3,8,1
145,"-1:-1|1:2|2:-2",3,TRUE,0,2,1,"off_axis",2.15956955487303,2.82842712474619,3,4,2,2.15956955487303,2,8,1
146,"-1:-1|0:2|2:-2",3,TRUE,1,2,0,"mixed",2.08088022903976,2.82842712474619,2.66666666666667,4,2,2.15847410326978,3,8,1
147,"-1:-1|-1:2|2:-2",3,TRUE,0,2,1,"off_axis",2.15956955487303,2.82842712474619,3,4,2,2.15847410326978,3,8,1
148,"-2:-2|-1:1|2:2",3,TRUE,0,3,0,"diagonal_only",2.35702260395516,2.82842712474619,3.33333333333333,4,2,2.15956955487303,2,4,2
149,"-2:-1|-1:0|2:-2",3,TRUE,1,1,1,"mixed",2.02149836741533,2.82842712474619,2.66666666666667,4,2,1.95355822528973,1,8,1
150,"-2:-1|-2:0|2:-2",3,TRUE,1,1,1,"mixed",2.35483170074866,2.82842712474619,3,4,2,1.95246277368648,2,8,1
151,"-1:0|1:-2|2:2",3,TRUE,1,1,1,"mixed",2.02149836741533,2.82842712474619,2.66666666666667,4,2,2.18926048568524,2,8,1
152,"-1:-1|1:-2|2:2",3,TRUE,0,2,1,"off_axis",2.15956955487303,2.82842712474619,3,4,2,2.15956955487303,2,8,1
153,"-1:-2|1:-2|2:2",3,TRUE,0,1,2,"off_axis",2.43352102658192,2.82842712474619,3.33333333333333,4,2,2.15847410326978,3,8,1
154,"-2:-1|1:2|2:-2",3,TRUE,0,1,2,"off_axis",2.43352102658192,2.82842712474619,3.33333333333333,4,2,2.15956955487303,2,4,2
155,"-2:-1|0:2|2:-2",3,TRUE,1,1,1,"mixed",2.35483170074866,2.82842712474619,3,4,2,2.25720062781084,3,8,1
156,"-2:-1|-1:2|2:-2",3,TRUE,0,1,2,"off_axis",2.43352102658192,2.82842712474619,3.33333333333333,4,2,2.19781876618641,3,8,1
157,"-2:-2|0:1|0:2",3,TRUE,2,1,0,"mixed",1.94280904158206,2.82842712474619,2.33333333333333,4,2,1.98215370449869,2,8,1
158,"-1:0|0:-1|2:2",3,TRUE,2,1,0,"mixed",1.60947570824873,2.82842712474619,2,4,2,1.98324915610194,2,4,2
159,"-1:-1|-1:0|2:2",3,TRUE,1,2,0,"mixed",1.74754689570643,2.82842712474619,2.33333333333333,4,2,1.98324915610194,2,8,1
160,"-1:-2|0:-1|2:2",3,TRUE,1,1,1,"mixed",2.02149836741533,2.82842712474619,2.66666666666667,4,2,2.09053396114418,2,8,1
161,"-1:0|0:-2|2:2",3,TRUE,2,1,0,"mixed",1.94280904158206,2.82842712474619,2.33333333333333,4,2,2.18816503408199,3,8,1
162,"-1:-2|-1:0|2:2",3,TRUE,1,1,1,"mixed",2.02149836741533,2.82842712474619,2.66666666666667,4,2,2.18816503408199,3,8,1
163,"-1:-1|0:-2|2:2",3,TRUE,1,2,0,"mixed",2.08088022903976,2.82842712474619,2.66666666666667,4,2,2.12022489195639,2,8,1
164,"-1:-2|0:-2|2:2",3,TRUE,1,1,1,"mixed",2.35483170074866,2.82842712474619,3,4,2,2.08943850954093,3,8,1
165,"-2:-2|0:2|2:0",3,TRUE,2,1,0,"mixed",2.2761423749154,2.82842712474619,2.66666666666667,4,2,2.35483170074866,4,4,2
166,"-2:-1|0:-2|2:2",3,TRUE,1,1,1,"mixed",2.35483170074866,2.82842712474619,3,4,2,2.29544983912422,4,8,1
167,"-1:-2|-1:-1|2:2",3,TRUE,0,2,1,"off_axis",2.15956955487303,2.82842712474619,3,4,2,2.09053396114418,2,8,1
168,"-2:-1|-1:-2|2:2",3,TRUE,0,1,2,"off_axis",2.43352102658192,2.82842712474619,3.33333333333333,4,2,2.19781876618641,3,4,2
169,"-1:-2|0:-2|1:-2",3,TRUE,1,0,2,"mixed",2.15737865166653,2.23606797749979,2.66666666666667,3,2,1.74535599249993,2,4,2
170,"-2:-1|-1:-2|0:-2",3,TRUE,1,0,2,"mixed",2.15737865166653,2.23606797749979,2.66666666666667,3,2,1.85373624914541,2,8,1
171,"-1:-2|-1:-1|0:-2",3,TRUE,1,1,1,"mixed",1.88342717995763,2.23606797749979,2.33333333333333,3,2,1.51074918370766,1,8,1
172,"-1:-2|0:-2|0:-1",3,TRUE,2,0,1,"mixed",1.74535599249993,2.23606797749979,2,3,2,1.44171358997881,1,8,1
173,"-1:-1|0:-2|1:-2",3,TRUE,1,1,1,"mixed",1.88342717995763,2.23606797749979,2.33333333333333,3,2,1.71676051329096,1,8,1
174,"-1:-2|0:-2|2:-1",3,TRUE,1,0,2,"mixed",2.15737865166653,2.23606797749979,2.66666666666667,3,2,1.99071198499986,3,8,1
175,"-2:-1|-2:0|0:-2",3,TRUE,2,0,1,"mixed",2.07868932583326,2.23606797749979,2.33333333333333,3,2,2.0500938466243,3,8,1
176,"-1:-2|-1:0|0:-2",3,TRUE,2,0,1,"mixed",1.74535599249993,2.23606797749979,2,3,2,1.74535599249993,2,8,1
177,"-1:-2|0:-2|1:0",3,TRUE,2,0,1,"mixed",1.74535599249993,2.23606797749979,2,3,2,1.88342717995763,2,8,1
178,"-1:-2|0:-2|2:0",3,TRUE,2,0,1,"mixed",2.07868932583326,2.23606797749979,2.33333333333333,3,2,2.14882037116536,3,8,1
179,"-1:-2|2:-1|2:0",3,TRUE,1,0,2,"mixed",2.15737865166653,2.23606797749979,2.66666666666667,3,2,2.08943850954093,3,8,1
180,"-1:-1|-1:2|0:2",3,TRUE,1,1,1,"mixed",1.88342717995763,2.23606797749979,2.33333333333333,3,2,1.81439158622878,2,8,1
181,"-1:-2|0:-2|0:1",3,TRUE,2,0,1,"mixed",1.74535599249993,2.23606797749979,2,3,2,1.74535599249993,2,8,1
182,"-1:-1|0:2|1:2",3,TRUE,1,1,1,"mixed",1.88342717995763,2.23606797749979,2.33333333333333,3,2,1.95246277368648,2,8,1
183,"-1:-2|0:-2|2:1",3,TRUE,1,0,2,"mixed",2.15737865166653,2.23606797749979,2.66666666666667,3,2,2.18816503408199,3,8,1
184,"-1:-2|-1:2|0:-2",3,TRUE,1,0,2,"mixed",2.15737865166653,2.23606797749979,2.66666666666667,3,2,1.64772491956211,2,8,1
185,"-1:-2|0:-2|0:2",3,TRUE,2,0,1,"mixed",2.07868932583326,2.23606797749979,2.33333333333333,3,2,1.60838025664548,2,8,1
186,"-1:-2|0:-2|1:2",3,TRUE,1,0,2,"mixed",2.15737865166653,2.23606797749979,2.66666666666667,3,2,1.85373624914541,2,8,1
187,"-1:-2|1:-2|2:-1",3,TRUE,0,0,3,"off_axis",2.23606797749979,2.23606797749979,3,3,2,2.05974757872871,3,8,1
188,"-1:-2|-1:-1|1:-2",3,TRUE,0,1,2,"off_axis",1.96211650579089,2.23606797749979,2.66666666666667,3,2,1.85373624914541,2,8,1
189,"-1:-2|0:-1|1:-2",3,TRUE,1,0,2,"mixed",1.82404531833319,2.23606797749979,2.33333333333333,3,2,1.71676051329096,1,4,2
190,"-1:-2|1:-2|2:0",3,TRUE,1,0,2,"mixed",2.15737865166653,2.23606797749979,2.66666666666667,3,2,2.25610517620759,4,8,1
191,"-1:-2|-1:0|1:-2",3,TRUE,1,0,2,"mixed",1.82404531833319,2.23606797749979,2.33333333333333,3,2,2.0500938466243,3,8,1
192,"-1:-2|1:-2|2:1",3,TRUE,0,0,3,"off_axis",2.23606797749979,2.23606797749979,3,3,2,2.29544983912422,4,8,1
193,"-1:-1|-1:2|1:2",3,TRUE,0,1,2,"off_axis",1.96211650579089,2.23606797749979,2.66666666666667,3,2,2.11912944035314,3,8,1
194,"-1:-2|0:1|1:-2",3,TRUE,1,0,2,"mixed",1.82404531833319,2.23606797749979,2.33333333333333,3,2,1.99071198499986,3,4,2
195,"-1:-2|-1:2|1:-2",3,TRUE,0,0,3,"off_axis",2.23606797749979,2.23606797749979,3,3,2,1.99071198499986,3,8,1
196,"-1:-2|0:2|1:-2",3,TRUE,1,0,2,"mixed",2.15737865166653,2.23606797749979,2.66666666666667,3,2,1.88342717995763,2,4,2
197,"-2:-1|-1:-2|-1:-1",3,TRUE,0,1,2,"off_axis",1.96211650579089,2.23606797749979,2.66666666666667,3,2,1.5500938466243,1,4,2
198,"-2:-1|-1:-2|-1:0",3,TRUE,1,0,2,"mixed",1.82404531833319,2.23606797749979,2.33333333333333,3,2,1.71676051329096,1,8,1
199,"-1:-1|1:-2|2:-1",3,TRUE,0,1,2,"off_axis",1.96211650579089,2.23606797749979,2.66666666666667,3,2,1.92277184287426,2,8,1
200,"-2:-1|-1:-2|-1:2",3,TRUE,0,0,3,"off_axis",2.23606797749979,2.23606797749979,3,3,2,1.89308091206204,2,8,1
201,"-1:0|1:-2|2:-1",3,TRUE,1,0,2,"mixed",1.82404531833319,2.23606797749979,2.33333333333333,3,2,1.99180743660311,2,8,1
202,"-2:-1|-1:-2|0:2",3,TRUE,1,0,2,"mixed",2.15737865166653,2.23606797749979,2.66666666666667,3,2,2.02149836741533,2,8,1
203,"-1:-1|1:2|2:1",3,TRUE,0,1,2,"off_axis",1.96211650579089,2.23606797749979,2.66666666666667,3,2,2.15956955487303,2,4,2
204,"-1:-2|1:2|2:1",3,TRUE,0,0,3,"off_axis",2.23606797749979,2.23606797749979,3,3,2,2.19781876618641,3,8,1
205,"-1:-2|-1:-1|0:-1",3,TRUE,1,1,1,"mixed",1.5500938466243,2.23606797749979,2,3,2,1.344082517041,1,8,1
206,"-1:-1|1:-2|1:-1",3,TRUE,0,2,1,"off_axis",1.68816503408199,2.23606797749979,2.33333333333333,3,2,1.71676051329096,1,8,1
207,"-1:-2|-1:-1|2:-1",3,TRUE,0,1,2,"off_axis",1.96211650579089,2.23606797749979,2.66666666666667,3,2,1.85373624914541,2,8,1
208,"-2:-1|-1:-1|0:-2",3,TRUE,1,1,1,"mixed",1.88342717995763,2.23606797749979,2.33333333333333,3,2,1.71676051329096,1,8,1
209,"-1:-2|-1:-1|-1:0",3,TRUE,1,1,1,"mixed",1.5500938466243,2.23606797749979,2,3,2,1.44171358997881,1,8,1
210,"-1:-2|-1:-1|1:0",3,TRUE,1,1,1,"mixed",1.5500938466243,2.23606797749979,2,3,2,1.78579610701981,1,8,1
211,"-1:-2|-1:-1|2:0",3,TRUE,1,1,1,"mixed",1.88342717995763,2.23606797749979,2.33333333333333,3,2,1.95246277368648,2,8,1
212,"-1:-2|1:-1|2:-1",3,TRUE,0,1,2,"off_axis",1.96211650579089,2.23606797749979,2.66666666666667,3,2,1.89308091206204,2,8,1
213,"-1:-1|-1:1|-1:2",3,TRUE,0,2,1,"off_axis",1.68816503408199,2.23606797749979,2.33333333333333,3,2,1.67741585037433,1,8,1
214,"-1:-2|-1:-1|0:1",3,TRUE,1,1,1,"mixed",1.5500938466243,2.23606797749979,2,3,2,1.68706958247874,1,8,1
215,"-1:-1|1:1|1:2",3,TRUE,0,2,1,"off_axis",1.68816503408199,2.23606797749979,2.33333333333333,3,2,1.95355822528973,1,8,1
216,"-1:-2|-1:-1|2:1",3,TRUE,0,1,2,"off_axis",1.96211650579089,2.23606797749979,2.66666666666667,3,2,2.09053396114418,2,8,1
217,"-1:-2|-1:-1|-1:2",3,TRUE,0,1,2,"off_axis",1.96211650579089,2.23606797749979,2.66666666666667,3,2,1.64772491956211,1,8,1
218,"-1:-2|-1:-1|0:2",3,TRUE,1,1,1,"mixed",1.88342717995763,2.23606797749979,2.33333333333333,3,2,1.71676051329096,1,8,1
219,"-1:-2|-1:-1|1:2",3,TRUE,0,1,2,"off_axis",1.96211650579089,2.23606797749979,2.66666666666667,3,2,1.99180743660311,2,8,1
220,"-1:-1|0:-1|1:-2",3,TRUE,1,1,1,"mixed",1.5500938466243,2.23606797749979,2,3,2,1.5500938466243,1,8,1
221,"-1:-2|0:-1|2:-1",3,TRUE,1,0,2,"mixed",1.82404531833319,2.23606797749979,2.33333333333333,3,2,1.85373624914541,2,8,1
222,"-2:-1|-1:0|0:-2",3,TRUE,2,0,1,"mixed",1.74535599249993,2.23606797749979,2,3,2,1.85373624914541,2,8,1
223,"-1:-2|-1:0|0:-1",3,TRUE,2,0,1,"mixed",1.4120226591666,2.23606797749979,1.66666666666667,3,2,1.51074918370766,1,8,1
224,"-1:-2|0:-1|1:0",3,TRUE,2,0,1,"mixed",1.4120226591666,2.23606797749979,1.66666666666667,3,2,1.64882037116536,1,8,1
225,"-1:-2|0:-1|2:0",3,TRUE,2,0,1,"mixed",1.74535599249993,2.23606797749979,2,3,2,1.95246277368648,2,8,1
226,"-1:-2|1:0|2:-1",3,TRUE,1,0,2,"mixed",1.82404531833319,2.23606797749979,2.33333333333333,3,2,1.99180743660311,2,8,1
227,"-1:-1|-1:2|0:1",3,TRUE,1,1,1,"mixed",1.5500938466243,2.23606797749979,2,3,2,1.71676051329096,1,8,1
228,"-1:-2|0:-1|0:1",3,TRUE,2,0,1,"mixed",1.4120226591666,2.23606797749979,1.66666666666667,3,2,1.64772491956211,1,8,1
229,"-1:-1|0:1|1:2",3,TRUE,1,1,1,"mixed",1.5500938466243,2.23606797749979,2,3,2,1.85483170074866,1,8,1
230,"-1:-2|0:-1|2:1",3,TRUE,1,0,2,"mixed",1.82404531833319,2.23606797749979,2.33333333333333,3,2,2.09053396114418,2,8,1
231,"-1:-2|-1:2|0:-1",3,TRUE,1,0,2,"mixed",1.82404531833319,2.23606797749979,2.33333333333333,3,2,1.68706958247874,1,8,1
232,"-1:-2|0:-1|0:2",3,TRUE,2,0,1,"mixed",1.74535599249993,2.23606797749979,2,3,2,1.67741585037433,1,8,1
233,"-1:-2|0:-1|1:2",3,TRUE,1,0,2,"mixed",1.82404531833319,2.23606797749979,2.33333333333333,3,2,1.89308091206204,2,8,1
234,"-1:-1|1:-2|2:0",3,TRUE,1,1,1,"mixed",1.88342717995763,2.23606797749979,2.33333333333333,3,2,2.05974757872871,3,8,1
235,"-1:-1|1:-2|1:0",3,TRUE,1,1,1,"mixed",1.5500938466243,2.23606797749979,2,3,2,1.85373624914541,2,8,1
236,"-1:-1|-1:0|1:-2",3,TRUE,1,1,1,"mixed",1.5500938466243,2.23606797749979,2,3,2,1.78579610701981,2,8,1
237,"-1:-2|1:-1|2:0",3,TRUE,1,1,1,"mixed",1.88342717995763,2.23606797749979,2.33333333333333,3,2,2.02149836741533,2,8,1
238,"-1:-1|1:-2|2:1",3,TRUE,0,1,2,"off_axis",1.96211650579089,2.23606797749979,2.66666666666667,3,2,2.19781876618641,3,8,1
239,"-1:-1|-1:2|1:1",3,TRUE,0,2,1,"off_axis",1.68816503408199,2.23606797749979,2.33333333333333,3,2,2.02149836741533,2,8,1
240,"-1:-1|0:1|1:-2",3,TRUE,1,1,1,"mixed",1.5500938466243,2.23606797749979,2,3,2,1.89308091206204,2,8,1
241,"-1:-1|-1:1|1:-2",3,TRUE,0,2,1,"off_axis",1.68816503408199,2.23606797749979,2.33333333333333,3,2,2.02149836741533,2,8,1
242,"-1:-2|1:-1|2:1",3,TRUE,0,1,2,"off_axis",1.96211650579089,2.23606797749979,2.66666666666667,3,2,2.19781876618641,3,4,2
243,"-1:-1|1:-2|1:2",3,TRUE,0,1,2,"off_axis",1.96211650579089,2.23606797749979,2.66666666666667,3,2,1.99180743660311,2,8,1
244,"-1:-1|0:2|1:-2",3,TRUE,1,1,1,"mixed",1.88342717995763,2.23606797749979,2.33333333333333,3,2,1.92277184287426,2,8,1
245,"-1:-1|-1:2|1:-2",3,TRUE,0,1,2,"off_axis",1.96211650579089,2.23606797749979,2.66666666666667,3,2,2.05974757872871,3,8,1
246,"-2:-1|-1:2|0:-2",3,TRUE,1,0,2,"mixed",2.15737865166653,2.23606797749979,2.66666666666667,3,2,2.05974757872871,3,8,1
247,"-1:-2|-1:0|2:-1",3,TRUE,1,0,2,"mixed",1.82404531833319,2.23606797749979,2.33333333333333,3,2,1.99071198499986,3,8,1
248,"-1:-2|1:2|2:-1",3,TRUE,0,0,3,"off_axis",2.23606797749979,2.23606797749979,3,3,2,2.23606797749979,4,8,1
249,"-1:-1|-1:2|2:1",3,TRUE,0,1,2,"off_axis",1.96211650579089,2.23606797749979,2.66666666666667,3,2,2.15847410326978,3,8,1
250,"-1:-2|0:1|2:-1",3,TRUE,1,0,2,"mixed",1.82404531833319,2.23606797749979,2.33333333333333,3,2,2.12878317245756,3,8,1
251,"-1:-2|-1:2|2:-1",3,TRUE,0,0,3,"off_axis",2.23606797749979,2.23606797749979,3,3,2,2.12878317245756,3,8,1
252,"-1:-2|0:2|2:-1",3,TRUE,1,0,2,"mixed",2.15737865166653,2.23606797749979,2.66666666666667,3,2,2.15847410326978,3,8,1
253,"-2:-1|0:-2|0:-1",3,TRUE,2,0,1,"mixed",1.74535599249993,2.23606797749979,2,3,2,1.74535599249993,2,8,1
254,"-1:0|1:-2|2:0",3,TRUE,2,0,1,"mixed",1.74535599249993,2.23606797749979,2,3,2,2.0500938466243,3,8,1
255,"-2:-1|0:-2|0:2",3,TRUE,2,0,1,"mixed",2.07868932583326,2.23606797749979,2.33333333333333,3,2,2.0500938466243,3,8,1
256,"-1:-1|0:-2|2:-1",3,TRUE,1,1,1,"mixed",1.88342717995763,2.23606797749979,2.33333333333333,3,2,1.88342717995763,2,8,1
257,"-1:0|0:-2|2:-1",3,TRUE,2,0,1,"mixed",1.74535599249993,2.23606797749979,2,3,2,1.99071198499986,3,8,1
258,"-1:-1|0:2|2:1",3,TRUE,1,1,1,"mixed",1.88342717995763,2.23606797749979,2.33333333333333,3,2,2.15847410326978,3,8,1
259,"-1:-2|0:2|2:1",3,TRUE,1,0,2,"mixed",2.15737865166653,2.23606797749979,2.66666666666667,3,2,2.15847410326978,3,8,1
260,"-2:-1|0:-2|2:-1",3,TRUE,1,0,2,"mixed",2.15737865166653,2.23606797749979,2.66666666666667,3,2,1.99071198499986,3,4,2
261,"-2:-1|0:-2|2:0",3,TRUE,2,0,1,"mixed",2.07868932583326,2.23606797749979,2.33333333333333,3,2,2.11912944035314,3,8,1
262,"-1:-2|1:2|2:0",3,TRUE,1,0,2,"mixed",2.15737865166653,2.23606797749979,2.66666666666667,3,2,2.29544983912422,4,8,1
263,"-1:-2|-1:0|1:0",3,TRUE,2,0,1,"mixed",1.4120226591666,2.23606797749979,1.66666666666667,3,2,1.844082517041,2,8,1
264,"-1:-2|-1:0|2:0",3,TRUE,2,0,1,"mixed",1.74535599249993,2.23606797749979,2,3,2,2.01074918370766,3,8,1
265,"-1:-1|-1:0|-1:2",3,TRUE,1,1,1,"mixed",1.5500938466243,2.23606797749979,2,3,2,1.60838025664548,2,8,1
266,"-1:-2|-1:0|0:1",3,TRUE,2,0,1,"mixed",1.4120226591666,2.23606797749979,1.66666666666667,3,2,1.64772491956211,2,8,1
267,"-1:-1|0:1|2:1",3,TRUE,1,1,1,"mixed",1.5500938466243,2.23606797749979,2,3,2,1.95246277368648,2,8,1
268,"-1:-2|-1:0|2:1",3,TRUE,1,0,2,"mixed",1.82404531833319,2.23606797749979,2.33333333333333,3,2,2.08943850954093,3,8,1
269,"-1:-2|-1:0|-1:2",3,TRUE,1,0,2,"mixed",1.82404531833319,2.23606797749979,2.33333333333333,3,2,1.74535599249993,2,4,2
270,"-1:-2|-1:0|0:2",3,TRUE,2,0,1,"mixed",1.74535599249993,2.23606797749979,2,3,2,1.81439158622878,2,8,1
271,"-1:-2|-1:0|1:2",3,TRUE,1,0,2,"mixed",1.82404531833319,2.23606797749979,2.33333333333333,3,2,2.08943850954093,3,8,1
272,"-1:-2|1:0|2:0",3,TRUE,2,0,1,"mixed",1.74535599249993,2.23606797749979,2,3,2,1.98215370449869,2,8,1
273,"-1:-1|-1:2|1:0",3,TRUE,1,1,1,"mixed",1.5500938466243,2.23606797749979,2,3,2,1.95246277368648,2,8,1
274,"-1:-2|0:1|1:0",3,TRUE,2,0,1,"mixed",1.4120226591666,2.23606797749979,1.66666666666667,3,2,1.78579610701981,2,8,1
275,"-1:-1|-1:0|1:2",3,TRUE,1,1,1,"mixed",1.5500938466243,2.23606797749979,2,3,2,1.88452263156088,2,8,1
276,"-1:-2|-1:2|1:0",3,TRUE,1,0,2,"mixed",1.82404531833319,2.23606797749979,2.33333333333333,3,2,2.02149836741533,2,4,2
277,"-1:-2|0:2|1:0",3,TRUE,2,0,1,"mixed",1.74535599249993,2.23606797749979,2,3,2,1.95246277368648,2,8,1
278,"-1:-1|-1:2|2:0",3,TRUE,1,1,1,"mixed",1.88342717995763,2.23606797749979,2.33333333333333,3,2,2.11912944035314,3,8,1
279,"-1:-2|0:1|2:0",3,TRUE,2,0,1,"mixed",1.74535599249993,2.23606797749979,2,3,2,2.08943850954093,3,8,1
280,"-1:-1|0:-2|2:1",3,TRUE,1,1,1,"mixed",1.88342717995763,2.23606797749979,2.33333333333333,3,2,2.12022489195639,2,8,1
281,"-1:-2|-1:2|2:0",3,TRUE,1,0,2,"mixed",2.15737865166653,2.23606797749979,2.66666666666667,3,2,2.18816503408199,3,4,2
282,"-1:-2|0:2|2:0",3,TRUE,2,0,1,"mixed",2.07868932583326,2.23606797749979,2.33333333333333,3,2,2.21785596489421,3,8,1
283,"-1:-1|-1:0|2:-1",3,TRUE,1,1,1,"mixed",1.5500938466243,2.23606797749979,2,3,2,1.64772491956211,2,8,1
284,"-1:-1|-1:1|2:-1",3,TRUE,0,2,1,"off_axis",1.68816503408199,2.23606797749979,2.33333333333333,3,2,1.98215370449869,2,8,1
285,"-1:-1|-1:2|2:-1",3,TRUE,0,1,2,"off_axis",1.96211650579089,2.23606797749979,2.66666666666667,3,2,2.11912944035314,3,4,2
286,"-1:-1|-1:2|0:-2",3,TRUE,1,1,1,"mixed",1.88342717995763,2.23606797749979,2.33333333333333,3,2,1.74645144410318,1,8,1
287,"-1:-1|-1:0|2:1",3,TRUE,1,1,1,"mixed",1.5500938466243,2.23606797749979,2,3,2,1.78579610701981,2,8,1
288,"-1:-2|0:1|0:2",3,TRUE,2,0,1,"mixed",1.74535599249993,2.23606797749979,2,3,2,1.64772491956211,1,8,1
289,"-1:-1|0:-2|1:2",3,TRUE,1,1,1,"mixed",1.88342717995763,2.23606797749979,2.33333333333333,3,2,1.88452263156088,1,8,1
290,"-1:-1|0:-2|0:-1",3,TRUE,2,1,0,"mixed",1.47140452079103,2,1.66666666666667,2,2,1.30473785412437,1,8,1
291,"-1:-1|0:-2|1:-1",3,TRUE,1,2,0,"mixed",1.60947570824873,2,2,2,2,1.60947570824873,1,4,2
292,"-2:0|-1:-1|0:-2",3,TRUE,2,1,0,"mixed",1.80473785412437,2,2,2,2,1.84517796864425,1,4,2
293,"-1:-1|-1:0|0:-2",3,TRUE,2,1,0,"mixed",1.47140452079103,2,1.66666666666667,2,2,1.51074918370766,1,8,1
294,"-1:-1|0:-2|1:0",3,TRUE,2,1,0,"mixed",1.47140452079103,2,1.66666666666667,2,2,1.71676051329096,1,8,1
295,"-1:-1|0:-2|2:0",3,TRUE,2,1,0,"mixed",1.80473785412437,2,2,2,2,1.98215370449869,2,8,1
296,"-1:-1|-1:1|0:-2",3,TRUE,1,2,0,"mixed",1.60947570824873,2,2,2,2,1.74645144410318,1,8,1
297,"-1:-1|0:-2|0:1",3,TRUE,2,1,0,"mixed",1.47140452079103,2,1.66666666666667,2,2,1.67741585037433,1,8,1
298,"-1:-1|0:-2|1:1",3,TRUE,1,2,0,"mixed",1.60947570824873,2,2,2,2,1.88452263156088,1,8,1
299,"-1:-1|0:-2|0:2",3,TRUE,2,1,0,"mixed",1.80473785412437,2,2,2,2,1.67741585037433,1,8,1
300,"-2:0|-1:0|0:-2",3,TRUE,3,0,0,"axis_only",1.66666666666667,2,1.66666666666667,2,2,1.844082517041,2,8,1
301,"-1:0|0:-2|0:-1",3,TRUE,3,0,0,"axis_only",1.33333333333333,2,1.33333333333333,2,2,1.44171358997881,1,8,1
302,"-1:-1|0:1|0:2",3,TRUE,2,1,0,"mixed",1.47140452079103,2,1.66666666666667,2,2,1.64772491956211,1,8,1
303,"-1:0|1:0|2:0",3,TRUE,3,0,0,"axis_only",1.33333333333333,2,1.33333333333333,2,2,1.5,1,4,2
304,"-2:0|-1:0|2:0",3,TRUE,3,0,0,"axis_only",1.66666666666667,2,1.66666666666667,2,2,1.5,1,4,2
305,"-1:0|0:-2|2:0",3,TRUE,3,0,0,"axis_only",1.66666666666667,2,1.66666666666667,2,2,2.01074918370766,3,8,1
306,"-2:0|0:-2|0:2",3,TRUE,3,0,0,"axis_only",2,2,2,2,2,2.10947570824873,3,4,2
307,"-1:-1|0:2|2:0",3,TRUE,2,1,0,"mixed",1.80473785412437,2,2,2,2,2.11912944035314,3,4,2
308,"-1:0|0:-2|1:0",3,TRUE,3,0,0,"axis_only",1.33333333333333,2,1.33333333333333,2,2,1.74535599249993,2,4,2
309,"-1:-1|-1:0|0:2",3,TRUE,2,1,0,"mixed",1.47140452079103,2,1.66666666666667,2,2,1.64772491956211,2,8,1
310,"-1:0|0:-1|0:2",3,TRUE,3,0,0,"axis_only",1.33333333333333,2,1.33333333333333,2,2,1.60838025664548,2,8,1
311,"-1:-1|0:1|2:0",3,TRUE,2,1,0,"mixed",1.47140452079103,2,1.66666666666667,2,2,1.85373624914541,2,8,1
312,"-1:0|0:-2|0:2",3,TRUE,3,0,0,"axis_only",1.66666666666667,2,1.66666666666667,2,2,1.74535599249993,2,4,2
313,"-1:-1|-1:0|2:0",3,TRUE,2,1,0,"mixed",1.47140452079103,2,1.66666666666667,2,2,1.60838025664548,2,8,1
314,"-1:-1|-1:1|2:0",3,TRUE,1,2,0,"mixed",1.60947570824873,2,2,2,2,1.88342717995763,2,4,2
315,"-1:-1|-1:0|-1:1",3,TRUE,1,2,0,"mixed",1.2761423749154,1.4142135623731,1.66666666666667,2,1,1.30473785412437,1,4,2
316,"-1:-1|-1:0|0:-1",3,TRUE,2,1,0,"mixed",1.1380711874577,1.4142135623731,1.33333333333333,2,1,1.1380711874577,1,4,2
317,"-1:-1|-1:0|0:1",3,TRUE,2,1,0,"mixed",1.1380711874577,1.4142135623731,1.33333333333333,2,1,1.344082517041,1,8,1
318,"-1:-1|-1:0|1:-1",3,TRUE,1,2,0,"mixed",1.2761423749154,1.4142135623731,1.66666666666667,2,1,1.51074918370766,1,8,1
319,"-1:-1|-1:0|1:0",3,TRUE,2,1,0,"mixed",1.1380711874577,1.4142135623731,1.33333333333333,2,1,1.44171358997881,1,8,1
320,"-1:-1|-1:0|1:1",3,TRUE,1,2,0,"mixed",1.2761423749154,1.4142135623731,1.66666666666667,2,1,1.64882037116536,1,8,1
321,"-1:-1|-1:1|1:-1",3,TRUE,0,3,0,"diagonal_only",1.4142135623731,1.4142135623731,2,2,1,1.84517796864425,1,4,2
322,"-1:-1|-1:1|1:0",3,TRUE,1,2,0,"mixed",1.2761423749154,1.4142135623731,1.66666666666667,2,1,1.71676051329096,1,4,2
323,"-1:-1|0:1|1:0",3,TRUE,2,1,0,"mixed",1.1380711874577,1.4142135623731,1.33333333333333,2,1,1.5500938466243,1,4,2
324,"-1:0|0:-1|0:1",3,TRUE,3,0,0,"axis_only",1,1,1,1,1,1.30473785412437,1,4,2
325,"-1:-2|0:-2|1:-2|2:-2",4,TRUE,1,1,2,"mixed",2.32514076993644,2.82842712474619,3,4,2,1.83005630797458,2,8,1
326,"-2:-2|-1:-2|0:-2|2:-2",4,TRUE,1,2,1,"mixed",2.47323055674804,2.82842712474619,3.25,4,2,1.88929222269922,2,8,1
327,"-2:-2|-2:-1|-1:-2|0:-2",4,TRUE,1,1,2,"mixed",2.32514076993644,2.82842712474619,3,4,2,1.79508446196187,2,8,1
328,"-2:-2|-1:-2|-1:-1|0:-2",4,TRUE,1,2,1,"mixed",2.11967716615477,2.82842712474619,2.75,4,2,1.63071357893653,1,8,1
329,"-2:-2|-1:-2|0:-2|0:-1",4,TRUE,2,1,1,"mixed",2.01612377556149,2.82842712474619,2.5,4,2,1.67147766421189,1,8,1
330,"-1:-1|0:-2|1:-2|2:-2",4,TRUE,1,2,1,"mixed",2.11967716615477,2.82842712474619,2.75,4,2,1.83650581819917,1,8,1
331,"-2:-1|0:-2|1:-2|2:-2",4,TRUE,1,1,2,"mixed",2.32514076993644,2.82842712474619,3,4,2,1.91869125971184,2,8,1
332,"-2:-2|-2:-1|-2:0|0:-2",4,TRUE,2,1,1,"mixed",2.26612377556149,2.82842712474619,2.75,4,2,2.0128990204492,3,8,1
333,"-2:-2|-1:-2|-1:0|0:-2",4,TRUE,2,1,1,"mixed",2.01612377556149,2.82842712474619,2.5,4,2,1.85366310572456,2,8,1
334,"-1:0|0:-2|1:-2|2:-2",4,TRUE,2,1,1,"mixed",2.01612377556149,2.82842712474619,2.5,4,2,1.99574173292381,2,8,1
335,"-2:-2|-1:-2|0:-2|2:0",4,TRUE,2,1,1,"mixed",2.26612377556149,2.82842712474619,2.75,4,2,2.09574173292382,3,8,1
336,"-1:-2|2:-2|2:-1|2:0",4,TRUE,1,1,2,"mixed",2.32514076993644,2.82842712474619,3,4,2,2.03650581819918,3,8,1
337,"-1:-1|2:-2|2:-1|2:0",4,TRUE,1,2,1,"mixed",2.11967716615477,2.82842712474619,2.75,4,2,1.89508446196187,2,8,1
338,"-1:0|2:-2|2:-1|2:0",4,TRUE,2,1,1,"mixed",2.01612377556149,2.82842712474619,2.5,4,2,1.9128990204492,2,8,1
339,"-1:-1|0:2|1:2|2:2",4,TRUE,1,2,1,"mixed",2.11967716615477,2.82842712474619,2.75,4,2,2.03716308916112,2,8,1
340,"-1:-2|2:0|2:1|2:2",4,TRUE,1,1,2,"mixed",2.32514076993644,2.82842712474619,3,4,2,2.11934853067379,3,8,1
341,"-2:-2|-2:-1|-2:0|2:-2",4,TRUE,1,2,1,"mixed",2.47323055674804,2.82842712474619,3.25,4,2,1.85432037668651,2,8,1
342,"-2:-1|2:-2|2:-1|2:0",4,TRUE,1,1,2,"mixed",2.32514076993644,2.82842712474619,3,4,2,1.7128990204492,2,8,1
343,"-2:-2|-1:-2|0:-2|0:2",4,TRUE,2,1,1,"mixed",2.26612377556149,2.82842712474619,2.75,4,2,1.77147766421189,2,8,1
344,"-1:-2|0:2|1:2|2:2",4,TRUE,1,1,2,"mixed",2.32514076993644,2.82842712474619,3,4,2,1.91869125971184,2,8,1
345,"-2:-2|-1:-2|0:-2|2:2",4,TRUE,1,2,1,"mixed",2.47323055674804,2.82842712474619,3.25,4,2,1.97792717443648,2,8,1
346,"-2:-2|-1:-2|1:-2|2:-2",4,TRUE,0,2,2,"off_axis",2.53224755112299,2.82842712474619,3.5,4,2,1.9128990204492,2,4,2
347,"-1:-2|1:-2|2:-2|2:-1",4,TRUE,0,1,3,"off_axis",2.38415776431139,2.82842712474619,3.25,4,2,1.91869125971184,3,8,1
348,"-1:-2|1:-2|1:-1|2:-2",4,TRUE,0,2,2,"off_axis",2.17869416052972,2.82842712474619,3,4,2,1.83650581819917,2,8,1
349,"-1:-2|0:-1|1:-2|2:-2",4,TRUE,1,1,2,"mixed",2.07514076993644,2.82842712474619,2.75,4,2,1.83650581819917,1,8,1
350,"-1:-2|-1:-1|1:-2|2:-2",4,TRUE,0,2,2,"off_axis",2.17869416052972,2.82842712474619,3,4,2,1.91869125971184,2,8,1
351,"-2:-1|-1:-2|1:-2|2:-2",4,TRUE,0,1,3,"off_axis",2.38415776431139,2.82842712474619,3.25,4,2,1.96011261594915,2,8,1
352,"-1:-2|1:-2|2:-2|2:0",4,TRUE,1,1,2,"mixed",2.32514076993644,2.82842712474619,3,4,2,2.13650581819918,4,8,1
353,"-1:-2|1:-2|1:0|2:-2",4,TRUE,1,1,2,"mixed",2.07514076993644,2.82842712474619,2.75,4,2,2.03650581819918,3,8,1
354,"-1:-2|-1:0|1:-2|2:-2",4,TRUE,1,1,2,"mixed",2.07514076993644,2.82842712474619,2.75,4,2,2.09574173292382,3,8,1
355,"-2:-1|-2:1|-2:2|0:-2",4,TRUE,1,1,2,"mixed",2.32514076993644,2.82842712474619,3,4,2,2.16011261594915,4,8,1
356,"-1:-2|1:-2|2:-2|2:1",4,TRUE,0,1,3,"off_axis",2.38415776431139,2.82842712474619,3.25,4,2,2.16011261594915,4,8,1
357,"-1:-1|2:-2|2:-1|2:1",4,TRUE,0,2,2,"off_axis",2.17869416052972,2.82842712474619,3,4,2,2.07792717443648,3,8,1
358,"-1:-2|0:1|1:-2|2:-2",4,TRUE,1,1,2,"mixed",2.07514076993644,2.82842712474619,2.75,4,2,2.06011261594915,3,8,1
359,"-1:-1|-1:2|1:2|2:2",4,TRUE,0,2,2,"off_axis",2.17869416052972,2.82842712474619,3,4,2,2.13716308916112,3,8,1
360,"-1:-2|2:-1|2:1|2:2",4,TRUE,0,1,3,"off_axis",2.38415776431139,2.82842712474619,3.25,4,2,2.18371941369913,4,8,1
361,"-1:-2|1:-2|2:-2|2:2",4,TRUE,0,2,2,"off_axis",2.53224755112299,2.82842712474619,3.5,4,2,1.97792717443648,3,8,1
362,"-1:-2|1:-2|1:2|2:-2",4,TRUE,0,1,3,"off_axis",2.38415776431139,2.82842712474619,3.25,4,2,1.91869125971184,3,8,1
363,"-1:-2|0:2|1:-2|2:-2",4,TRUE,1,1,2,"mixed",2.32514076993644,2.82842712474619,3,4,2,1.93650581819917,2,8,1
364,"-1:-2|-1:2|1:-2|2:-2",4,TRUE,0,1,3,"off_axis",2.38415776431139,2.82842712474619,3.25,4,2,2.00087670122451,3,8,1
365,"-2:-1|-2:1|-2:2|2:-2",4,TRUE,0,2,2,"off_axis",2.53224755112299,2.82842712474619,3.5,4,2,2.01934853067379,2,8,1
366,"-2:-2|-2:-1|-1:-2|2:-2",4,TRUE,0,2,2,"off_axis",2.53224755112299,2.82842712474619,3.5,4,2,1.79574173292382,2,8,1
367,"-2:-2|-1:-2|-1:-1|2:-2",4,TRUE,0,3,1,"off_axis",2.32678394734132,2.82842712474619,3.25,4,2,1.79574173292382,1,8,1
368,"-2:-2|-1:-2|0:-1|2:-2",4,TRUE,1,2,1,"mixed",2.22323055674804,2.82842712474619,3,4,2,1.87792717443648,1,8,1
369,"-2:-2|-1:-1|1:-2|2:-2",4,TRUE,0,3,1,"off_axis",2.32678394734132,2.82842712474619,3.25,4,2,1.91934853067379,1,8,1
370,"-2:-2|-1:-2|2:-2|2:-1",4,TRUE,0,2,2,"off_axis",2.53224755112299,2.82842712474619,3.5,4,2,1.87792717443648,2,8,1
371,"-2:-2|-2:-1|-2:2|0:-2",4,TRUE,1,2,1,"mixed",2.47323055674804,2.82842712474619,3.25,4,2,2.03650581819918,3,8,1
372,"-2:-2|-1:-2|-1:0|2:-2",4,TRUE,1,2,1,"mixed",2.22323055674804,2.82842712474619,3,4,2,1.99574173292381,2,8,1
373,"-2:-2|-1:-2|1:0|2:-2",4,TRUE,1,2,1,"mixed",2.22323055674804,2.82842712474619,3,4,2,2.07858444539843,2,8,1
374,"-2:-2|-1:-2|2:-2|2:0",4,TRUE,1,2,1,"mixed",2.47323055674804,2.82842712474619,3.25,4,2,2.09574173292382,3,8,1
375,"-1:-2|2:-2|2:-1|2:2",4,TRUE,0,2,2,"off_axis",2.53224755112299,2.82842712474619,3.5,4,2,2.06011261594915,3,8,1
376,"-1:-1|2:-2|2:-1|2:2",4,TRUE,0,3,1,"off_axis",2.32678394734132,2.82842712474619,3.25,4,2,2.03716308916112,2,8,1
377,"-1:0|2:-2|2:-1|2:2",4,TRUE,1,2,1,"mixed",2.22323055674804,2.82842712474619,3,4,2,2.07858444539843,2,8,1
378,"-1:-1|2:-2|2:1|2:2",4,TRUE,0,3,1,"off_axis",2.32678394734132,2.82842712474619,3.25,4,2,2.12000580163574,2,8,1
379,"-1:-2|2:-2|2:1|2:2",4,TRUE,0,2,2,"off_axis",2.53224755112299,2.82842712474619,3.5,4,2,2.11934853067379,3,8,1
380,"-2:-2|-2:-1|-2:2|2:-2",4,TRUE,0,3,1,"off_axis",2.68033733793459,2.82842712474619,3.75,4,2,1.85497764764846,2,8,1
381,"-2:-1|2:-2|2:-1|2:2",4,TRUE,0,2,2,"off_axis",2.53224755112299,2.82842712474619,3.5,4,2,1.87792717443648,2,8,1
382,"-2:-2|-1:-2|0:2|2:-2",4,TRUE,1,2,1,"mixed",2.47323055674804,2.82842712474619,3.25,4,2,1.97792717443648,2,8,1
383,"-2:-1|2:-2|2:1|2:2",4,TRUE,0,2,2,"off_axis",2.53224755112299,2.82842712474619,3.5,4,2,2.00153397218646,2,8,1
384,"-2:-2|-1:-2|2:-2|2:2",4,TRUE,0,3,1,"off_axis",2.68033733793459,2.82842712474619,3.75,4,2,1.93716308916112,2,8,1
385,"-2:-2|-2:-1|-1:-2|-1:-1",4,TRUE,0,2,2,"off_axis",2.17869416052972,2.82842712474619,3,4,2,1.55432037668651,1,4,2
386,"-2:-2|-2:-1|-1:-2|-1:0",4,TRUE,1,1,2,"mixed",2.07514076993644,2.82842712474619,2.75,4,2,1.73650581819918,1,8,1
387,"-1:-1|1:-2|2:-2|2:-1",4,TRUE,0,2,2,"off_axis",2.17869416052972,2.82842712474619,3,4,2,1.86011261594915,2,8,1
388,"-2:-1|1:-2|2:-2|2:-1",4,TRUE,0,1,3,"off_axis",2.38415776431139,2.82842712474619,3.25,4,2,1.76011261594915,2,8,1
389,"-1:0|1:-2|2:-2|2:-1",4,TRUE,1,1,2,"mixed",2.07514076993644,2.82842712474619,2.75,4,2,1.9607698869111,2,8,1
390,"-2:-2|-2:-1|-1:-2|0:2",4,TRUE,1,1,2,"mixed",2.32514076993644,2.82842712474619,3,4,2,1.91934853067379,2,8,1
391,"-1:-1|1:2|2:1|2:2",4,TRUE,0,2,2,"off_axis",2.17869416052972,2.82842712474619,3,4,2,2.06142715787305,2,4,2
392,"-1:-2|1:2|2:1|2:2",4,TRUE,0,1,3,"off_axis",2.38415776431139,2.82842712474619,3.25,4,2,2.02514076993644,3,8,1
393,"-2:-2|-2:-1|-1:-2|2:2",4,TRUE,0,2,2,"off_axis",2.53224755112299,2.82842712474619,3.5,4,2,1.94295532842377,2,4,2
394,"-2:-2|-1:-2|-1:-1|0:-1",4,TRUE,1,2,1,"mixed",1.86967716615477,2.82842712474619,2.5,4,2,1.55432037668651,1,8,1
395,"-1:-1|1:-2|1:-1|2:-2",4,TRUE,0,3,1,"off_axis",1.97323055674804,2.82842712474619,2.75,4,2,1.77792717443648,1,8,1
396,"-2:-1|1:-2|1:-1|2:-2",4,TRUE,0,2,2,"off_axis",2.17869416052972,2.82842712474619,3,4,2,1.77792717443648,1,8,1
397,"-2:-2|-2:-1|-1:-1|0:-2",4,TRUE,1,2,1,"mixed",2.11967716615477,2.82842712474619,2.75,4,2,1.75432037668651,1,8,1
398,"-2:-2|-1:-2|-1:-1|-1:0",4,TRUE,1,2,1,"mixed",1.86967716615477,2.82842712474619,2.5,4,2,1.6128990204492,1,8,1
399,"-1:0|1:-2|1:-1|2:-2",4,TRUE,1,2,1,"mixed",1.86967716615477,2.82842712474619,2.5,4,2,1.87858444539843,1,8,1
400,"-2:-2|-1:-2|-1:-1|2:0",4,TRUE,1,2,1,"mixed",2.11967716615477,2.82842712474619,2.75,4,2,1.91934853067379,2,8,1
401,"-1:-2|1:-1|2:-2|2:-1",4,TRUE,0,2,2,"off_axis",2.17869416052972,2.82842712474619,3,4,2,1.86011261594915,2,8,1
402,"-1:-1|1:-1|2:-2|2:-1",4,TRUE,0,3,1,"off_axis",1.97323055674804,2.82842712474619,2.75,4,2,1.75432037668651,1,8,1
403,"-1:0|1:-1|2:-2|2:-1",4,TRUE,1,2,1,"mixed",1.86967716615477,2.82842712474619,2.5,4,2,1.81934853067379,1,8,1
404,"-1:-1|1:1|1:2|2:2",4,TRUE,0,3,1,"off_axis",1.97323055674804,2.82842712474619,2.75,4,2,1.97924171636038,1,8,1
405,"-1:-2|1:1|2:1|2:2",4,TRUE,0,2,2,"off_axis",2.17869416052972,2.82842712474619,3,4,2,2.00219124314841,2,8,1
406,"-2:-2|-2:-1|-1:-1|2:-2",4,TRUE,0,3,1,"off_axis",2.32678394734132,2.82842712474619,3.25,4,2,1.73716308916112,1,8,1
407,"-2:-1|1:-1|2:-2|2:-1",4,TRUE,0,2,2,"off_axis",2.17869416052972,2.82842712474619,3,4,2,1.65432037668651,1,8,1
408,"-2:-2|-1:-2|-1:-1|0:2",4,TRUE,1,2,1,"mixed",2.11967716615477,2.82842712474619,2.75,4,2,1.77792717443648,1,8,1
409,"-1:-2|1:1|1:2|2:2",4,TRUE,0,2,2,"off_axis",2.17869416052972,2.82842712474619,3,4,2,1.94295532842377,2,8,1
410,"-2:-2|-1:-2|-1:-1|2:2",4,TRUE,0,3,1,"off_axis",2.32678394734132,2.82842712474619,3.25,4,2,1.92000580163574,1,8,1
411,"-1:-1|0:-1|1:-2|2:-2",4,TRUE,1,2,1,"mixed",1.86967716615477,2.82842712474619,2.5,4,2,1.76011261594915,1,8,1
412,"-2:-1|0:-1|1:-2|2:-2",4,TRUE,1,1,2,"mixed",2.07514076993644,2.82842712474619,2.75,4,2,1.86011261594915,1,8,1
413,"-2:-2|-2:-1|-1:0|0:-2",4,TRUE,2,1,1,"mixed",2.01612377556149,2.82842712474619,2.5,4,2,1.91869125971184,2,8,1
414,"-2:-2|-1:-2|-1:0|0:-1",4,TRUE,2,1,1,"mixed",1.76612377556149,2.82842712474619,2.25,4,2,1.73650581819918,1,8,1
415,"-1:0|0:-1|1:-2|2:-2",4,TRUE,2,1,1,"mixed",1.76612377556149,2.82842712474619,2.25,4,2,1.87858444539843,1,8,1
416,"-2:-2|-1:-2|0:-1|2:0",4,TRUE,2,1,1,"mixed",2.01612377556149,2.82842712474619,2.5,4,2,2.00153397218646,2,8,1
417,"-1:-2|1:0|2:-2|2:-1",4,TRUE,1,1,2,"mixed",2.07514076993644,2.82842712474619,2.75,4,2,2.00153397218646,2,8,1
418,"-1:-1|1:0|2:-2|2:-1",4,TRUE,1,2,1,"mixed",1.86967716615477,2.82842712474619,2.5,4,2,1.86011261594915,1,8,1
419,"-1:0|1:0|2:-2|2:-1",4,TRUE,2,1,1,"mixed",1.76612377556149,2.82842712474619,2.25,4,2,1.87792717443648,1,8,1
420,"-1:-1|0:1|1:2|2:2",4,TRUE,1,2,1,"mixed",1.86967716615477,2.82842712474619,2.5,4,2,2.00219124314841,1,8,1
421,"-1:-2|1:0|2:1|2:2",4,TRUE,1,1,2,"mixed",2.07514076993644,2.82842712474619,2.75,4,2,2.08437668466108,2,8,1
422,"-2:-2|-2:-1|-1:0|2:-2",4,TRUE,1,2,1,"mixed",2.22323055674804,2.82842712474619,3,4,2,1.87858444539843,1,8,1
423,"-2:-1|1:0|2:-2|2:-1",4,TRUE,1,1,2,"mixed",2.07514076993644,2.82842712474619,2.75,4,2,1.76011261594915,1,8,1
424,"-2:-2|-1:-2|0:-1|0:2",4,TRUE,2,1,1,"mixed",2.01612377556149,2.82842712474619,2.5,4,2,1.83650581819917,1,8,1
425,"-1:-2|0:1|1:2|2:2",4,TRUE,1,1,2,"mixed",2.07514076993644,2.82842712474619,2.75,4,2,1.9659048552118,2,8,1
426,"-2:-2|-1:-2|0:-1|2:2",4,TRUE,1,2,1,"mixed",2.22323055674804,2.82842712474619,3,4,2,2.00219124314841,1,8,1
427,"-2:-1|-1:-1|1:-2|2:-2",4,TRUE,0,2,2,"off_axis",2.17869416052972,2.82842712474619,3,4,2,1.88371941369913,1,8,1
428,"-1:-1|1:-2|2:-2|2:0",4,TRUE,1,2,1,"mixed",2.11967716615477,2.82842712474619,2.75,4,2,2.04229805746182,3,8,1
429,"-1:-1|1:-2|1:0|2:-2",4,TRUE,1,2,1,"mixed",1.86967716615477,2.82842712474619,2.5,4,2,1.94229805746182,2,8,1
430,"-1:-1|-1:0|1:-2|2:-2",4,TRUE,1,2,1,"mixed",1.86967716615477,2.82842712474619,2.5,4,2,1.9607698869111,2,8,1
431,"-2:-2|-1:-2|1:-1|2:0",4,TRUE,1,2,1,"mixed",2.11967716615477,2.82842712474619,2.75,4,2,2.04295532842377,2,8,1
432,"-1:-1|1:-2|2:-2|2:1",4,TRUE,0,2,2,"off_axis",2.17869416052972,2.82842712474619,3,4,2,2.12514076993644,3,8,1
433,"-1:-1|1:-2|1:1|2:-2",4,TRUE,0,3,1,"off_axis",1.97323055674804,2.82842712474619,2.75,4,2,2.04295532842377,2,8,1
434,"-1:-1|0:1|1:-2|2:-2",4,TRUE,1,2,1,"mixed",1.86967716615477,2.82842712474619,2.5,4,2,2.02514076993644,2,8,1
435,"-1:-1|-1:1|1:-2|2:-2",4,TRUE,0,3,1,"off_axis",1.97323055674804,2.82842712474619,2.75,4,2,2.10219124314841,2,8,1
436,"-1:-2|1:-1|2:1|2:2",4,TRUE,0,2,2,"off_axis",2.17869416052972,2.82842712474619,3,4,2,2.14874756768642,3,8,1
437,"-1:-1|1:-2|2:-2|2:2",4,TRUE,0,3,1,"off_axis",2.32678394734132,2.82842712474619,3.25,4,2,2.00219124314841,2,8,1
438,"-1:-1|1:-2|1:2|2:-2",4,TRUE,0,2,2,"off_axis",2.17869416052972,2.82842712474619,3,4,2,1.94295532842377,2,8,1
439,"-1:-1|0:2|1:-2|2:-2",4,TRUE,1,2,1,"mixed",2.11967716615477,2.82842712474619,2.75,4,2,1.98371941369913,2,8,1
440,"-1:-1|-1:2|1:-2|2:-2",4,TRUE,0,2,2,"off_axis",2.17869416052972,2.82842712474619,3,4,2,2.0659048552118,3,8,1
441,"-2:-2|-1:-2|1:-1|2:2",4,TRUE,0,3,1,"off_axis",2.32678394734132,2.82842712474619,3.25,4,2,2.06656212617375,2,8,1
442,"-2:-1|1:-2|2:-2|2:0",4,TRUE,1,1,2,"mixed",2.32514076993644,2.82842712474619,3,4,2,1.96011261594915,2,8,1
443,"-2:-1|1:-2|1:0|2:-2",4,TRUE,1,1,2,"mixed",2.07514076993644,2.82842712474619,2.75,4,2,1.94229805746182,2,8,1
444,"-2:-1|-1:0|1:-2|2:-2",4,TRUE,1,1,2,"mixed",2.07514076993644,2.82842712474619,2.75,4,2,2.00219124314841,1,8,1
445,"-2:-1|-2:0|1:-2|2:-2",4,TRUE,1,1,2,"mixed",2.32514076993644,2.82842712474619,3,4,2,2.00153397218646,2,8,1
446,"-1:-2|1:2|2:-2|2:-1",4,TRUE,0,1,3,"off_axis",2.38415776431139,2.82842712474619,3.25,4,2,2.0659048552118,3,8,1
447,"-1:-1|1:2|2:-2|2:-1",4,TRUE,0,2,2,"off_axis",2.17869416052972,2.82842712474619,3,4,2,2.04295532842377,2,8,1
448,"-1:0|1:-2|2:1|2:2",4,TRUE,1,1,2,"mixed",2.07514076993644,2.82842712474619,2.75,4,2,2.08437668466108,2,8,1
449,"-1:-1|1:-2|2:1|2:2",4,TRUE,0,2,2,"off_axis",2.17869416052972,2.82842712474619,3,4,2,2.12579804089839,2,8,1
450,"-1:-2|1:-2|2:1|2:2",4,TRUE,0,1,3,"off_axis",2.38415776431139,2.82842712474619,3.25,4,2,2.12514076993644,3,8,1
451,"-2:-1|1:-2|2:-2|2:2",4,TRUE,0,2,2,"off_axis",2.53224755112299,2.82842712474619,3.5,4,2,1.94295532842377,2,8,1
452,"-2:-1|1:-2|1:2|2:-2",4,TRUE,0,1,3,"off_axis",2.38415776431139,2.82842712474619,3.25,4,2,1.94295532842377,2,8,1
453,"-2:-1|0:2|1:-2|2:-2",4,TRUE,1,1,2,"mixed",2.32514076993644,2.82842712474619,3,4,2,2.04295532842377,2,8,1
454,"-2:-1|-1:2|1:-2|2:-2",4,TRUE,0,1,3,"off_axis",2.38415776431139,2.82842712474619,3.25,4,2,2.08951165296178,3,8,1
455,"-2:-1|-2:2|1:-2|2:-2",4,TRUE,0,2,2,"off_axis",2.53224755112299,2.82842712474619,3.5,4,2,2.04295532842377,2,8,1
456,"-2:-2|-2:-1|0:-2|0:-1",4,TRUE,2,1,1,"mixed",2.01612377556149,2.82842712474619,2.5,4,2,1.85366310572456,2,8,1
457,"-1:0|1:-2|2:-2|2:0",4,TRUE,2,1,1,"mixed",2.01612377556149,2.82842712474619,2.5,4,2,2.09574173292382,3,8,1
458,"-2:-2|-2:-1|0:-2|0:2",4,TRUE,2,1,1,"mixed",2.26612377556149,2.82842712474619,2.75,4,2,2.03650581819918,3,8,1
459,"-1:-2|0:-2|2:-2|2:-1",4,TRUE,1,1,2,"mixed",2.32514076993644,2.82842712474619,3,4,2,1.97726990347453,3,8,1
460,"-1:-1|0:-2|2:-2|2:-1",4,TRUE,1,2,1,"mixed",2.11967716615477,2.82842712474619,2.75,4,2,1.93650581819917,2,8,1
461,"-1:0|0:-2|2:-2|2:-1",4,TRUE,2,1,1,"mixed",2.01612377556149,2.82842712474619,2.5,4,2,2.06011261594915,3,8,1
462,"-1:-1|0:2|2:1|2:2",4,TRUE,1,2,1,"mixed",2.11967716615477,2.82842712474619,2.75,4,2,2.1607698869111,3,8,1
463,"-1:-2|0:2|2:1|2:2",4,TRUE,1,1,2,"mixed",2.32514076993644,2.82842712474619,3,4,2,2.10153397218646,3,8,1
464,"-2:-2|-2:-1|0:-2|2:-2",4,TRUE,1,2,1,"mixed",2.47323055674804,2.82842712474619,3.25,4,2,1.95432037668651,3,8,1
465,"-2:-1|0:-2|2:-2|2:-1",4,TRUE,1,1,2,"mixed",2.32514076993644,2.82842712474619,3,4,2,1.91869125971184,3,8,1
466,"-2:-2|-2:-1|0:-2|2:0",4,TRUE,2,1,1,"mixed",2.26612377556149,2.82842712474619,2.75,4,2,2.07792717443648,3,8,1
467,"-1:-2|1:2|2:0|2:2",4,TRUE,1,1,2,"mixed",2.32514076993644,2.82842712474619,3,4,2,2.18371941369913,4,8,1
468,"-2:-2|-2:-1|0:-2|2:2",4,TRUE,1,2,1,"mixed",2.47323055674804,2.82842712474619,3.25,4,2,2.10153397218646,3,8,1
469,"-1:0|1:-2|1:0|2:-2",4,TRUE,2,1,1,"mixed",1.76612377556149,2.82842712474619,2.25,4,2,1.99574173292381,2,8,1
470,"-2:-2|-1:-2|-1:0|2:0",4,TRUE,2,1,1,"mixed",2.01612377556149,2.82842712474619,2.5,4,2,2.03650581819918,3,8,1
471,"-1:-2|0:-1|2:-2|2:-1",4,TRUE,1,1,2,"mixed",2.07514076993644,2.82842712474619,2.75,4,2,1.91869125971184,2,8,1
472,"-1:-1|0:-1|2:-2|2:-1",4,TRUE,1,2,1,"mixed",1.86967716615477,2.82842712474619,2.5,4,2,1.79508446196187,2,8,1
473,"-1:0|0:-1|2:-2|2:-1",4,TRUE,2,1,1,"mixed",1.76612377556149,2.82842712474619,2.25,4,2,1.87792717443648,2,8,1
474,"-1:-1|0:1|2:1|2:2",4,TRUE,1,2,1,"mixed",1.86967716615477,2.82842712474619,2.5,4,2,2.0607698869111,2,8,1
475,"-1:-2|0:1|2:1|2:2",4,TRUE,1,1,2,"mixed",2.07514076993644,2.82842712474619,2.75,4,2,2.08371941369913,3,8,1
476,"-2:-2|-2:-1|0:-1|2:-2",4,TRUE,1,2,1,"mixed",2.22323055674804,2.82842712474619,3,4,2,1.87792717443648,2,8,1
477,"-2:-1|0:-1|2:-2|2:-1",4,TRUE,1,1,2,"mixed",2.07514076993644,2.82842712474619,2.75,4,2,1.79508446196187,2,8,1
478,"-2:-2|-1:-2|-1:0|0:2",4,TRUE,2,1,1,"mixed",2.01612377556149,2.82842712474619,2.5,4,2,1.91869125971184,2,8,1
479,"-1:-2|1:0|1:2|2:2",4,TRUE,1,1,2,"mixed",2.07514076993644,2.82842712474619,2.75,4,2,2.08371941369913,3,8,1
480,"-2:-2|-1:-2|-1:0|2:2",4,TRUE,1,2,1,"mixed",2.22323055674804,2.82842712474619,3,4,2,2.0607698869111,2,8,1
481,"-2:-2|-1:-2|1:0|2:0",4,TRUE,2,1,1,"mixed",2.01612377556149,2.82842712474619,2.5,4,2,2.07858444539843,2,8,1
482,"-1:-2|0:1|2:-2|2:-1",4,TRUE,1,1,2,"mixed",2.07514076993644,2.82842712474619,2.75,4,2,2.14295532842377,3,8,1
483,"-1:-1|0:1|2:-2|2:-1",4,TRUE,1,2,1,"mixed",1.86967716615477,2.82842712474619,2.5,4,2,2.0607698869111,2,8,1
484,"-1:0|0:-1|1:2|2:2",4,TRUE,2,1,1,"mixed",1.76612377556149,2.82842712474619,2.25,4,2,2.02000580163574,2,8,1
485,"-1:-1|-1:0|1:2|2:2",4,TRUE,1,2,1,"mixed",1.86967716615477,2.82842712474619,2.5,4,2,2.07924171636038,2,8,1
486,"-1:-2|0:-1|2:1|2:2",4,TRUE,1,1,2,"mixed",2.07514076993644,2.82842712474619,2.75,4,2,2.14361259938572,2,8,1
487,"-1:0|1:-2|2:-2|2:2",4,TRUE,1,2,1,"mixed",2.22323055674804,2.82842712474619,3,4,2,2.07924171636038,2,8,1
488,"-1:0|1:-2|1:2|2:-2",4,TRUE,1,1,2,"mixed",2.07514076993644,2.82842712474619,2.75,4,2,2.02000580163574,2,8,1
489,"-1:0|0:-2|1:2|2:2",4,TRUE,2,1,1,"mixed",2.01612377556149,2.82842712474619,2.5,4,2,2.0607698869111,2,8,1
490,"-1:-2|-1:0|1:2|2:2",4,TRUE,1,1,2,"mixed",2.07514076993644,2.82842712474619,2.75,4,2,2.14295532842377,3,8,1
491,"-2:-2|-1:-2|1:0|2:2",4,TRUE,1,2,1,"mixed",2.22323055674804,2.82842712474619,3,4,2,2.14361259938572,2,8,1
492,"-1:-2|0:2|2:-2|2:-1",4,TRUE,1,1,2,"mixed",2.32514076993644,2.82842712474619,3,4,2,2.10153397218646,3,8,1
493,"-1:-1|0:2|2:-2|2:-1",4,TRUE,1,2,1,"mixed",2.11967716615477,2.82842712474619,2.75,4,2,2.10153397218646,3,8,1
494,"-1:0|0:-2|2:1|2:2",4,TRUE,2,1,1,"mixed",2.01612377556149,2.82842712474619,2.5,4,2,2.14295532842377,3,8,1
495,"-1:-1|0:-2|2:1|2:2",4,TRUE,1,2,1,"mixed",2.11967716615477,2.82842712474619,2.75,4,2,2.16142715787305,2,8,1
496,"-1:-2|0:-2|2:1|2:2",4,TRUE,1,1,2,"mixed",2.32514076993644,2.82842712474619,3,4,2,2.14295532842377,3,8,1
497,"-2:-2|-2:-1|0:2|2:-2",4,TRUE,1,2,1,"mixed",2.47323055674804,2.82842712474619,3.25,4,2,2.0607698869111,3,8,1
498,"-2:-1|0:2|2:-2|2:-1",4,TRUE,1,1,2,"mixed",2.32514076993644,2.82842712474619,3,4,2,2.0607698869111,3,8,1
499,"-2:-2|-1:-2|0:2|2:0",4,TRUE,2,1,1,"mixed",2.26612377556149,2.82842712474619,2.75,4,2,2.1607698869111,3,8,1
500,"-2:-1|0:-2|2:1|2:2",4,TRUE,1,1,2,"mixed",2.32514076993644,2.82842712474619,3,4,2,2.20732621144911,4,8,1
501,"-2:-2|-1:-2|2:0|2:2",4,TRUE,1,2,1,"mixed",2.47323055674804,2.82842712474619,3.25,4,2,2.1607698869111,3,8,1
502,"-1:-2|-1:-1|2:-2|2:-1",4,TRUE,0,2,2,"off_axis",2.17869416052972,2.82842712474619,3,4,2,1.91869125971184,2,8,1
503,"-1:-2|-1:0|2:-2|2:-1",4,TRUE,1,1,2,"mixed",2.07514076993644,2.82842712474619,2.75,4,2,2.06011261594915,3,8,1
504,"-1:-1|-1:2|2:1|2:2",4,TRUE,0,2,2,"off_axis",2.17869416052972,2.82842712474619,3,4,2,2.1607698869111,3,8,1
505,"-1:-2|-1:2|2:-2|2:-1",4,TRUE,0,1,3,"off_axis",2.38415776431139,2.82842712474619,3.25,4,2,2.08371941369913,3,8,1
506,"-2:-1|-1:-2|2:-2|2:-1",4,TRUE,0,1,3,"off_axis",2.38415776431139,2.82842712474619,3.25,4,2,1.86011261594915,2,8,1
507,"-2:-1|-2:2|-1:2|0:-2",4,TRUE,1,1,2,"mixed",2.32514076993644,2.82842712474619,3,4,2,2.04229805746182,3,8,1
508,"-1:-2|1:2|2:-1|2:2",4,TRUE,0,1,3,"off_axis",2.38415776431139,2.82842712474619,3.25,4,2,2.14809029672447,4,8,1
509,"-2:-1|-2:2|-1:2|2:-2",4,TRUE,0,2,2,"off_axis",2.53224755112299,2.82842712474619,3.5,4,2,2.04295532842377,2,8,1
510,"-1:-1|-1:0|2:-2|2:-1",4,TRUE,1,2,1,"mixed",1.86967716615477,2.82842712474619,2.5,4,2,1.87792717443648,2,8,1
511,"-1:-1|-1:1|2:-2|2:-1",4,TRUE,0,3,1,"off_axis",1.97323055674804,2.82842712474619,2.75,4,2,2.07858444539843,2,8,1
512,"-1:-1|-1:2|2:-2|2:-1",4,TRUE,0,2,2,"off_axis",2.17869416052972,2.82842712474619,3,4,2,2.10153397218646,3,8,1
513,"-2:-2|-1:-1|2:-2|2:-1",4,TRUE,0,3,1,"off_axis",2.32678394734132,2.82842712474619,3.25,4,2,1.83716308916112,1,8,1
514,"-2:-1|-1:-1|2:-2|2:-1",4,TRUE,0,2,2,"off_axis",2.17869416052972,2.82842712474619,3,4,2,1.73650581819918,1,8,1
515,"-2:-2|-1:-2|-1:1|0:2",4,TRUE,1,2,1,"mixed",2.11967716615477,2.82842712474619,2.75,4,2,1.87792717443648,1,8,1
516,"-1:-2|1:-1|1:2|2:2",4,TRUE,0,2,2,"off_axis",2.17869416052972,2.82842712474619,3,4,2,2.0659048552118,3,8,1
517,"-2:-2|-1:-2|-1:1|2:2",4,TRUE,0,3,1,"off_axis",2.32678394734132,2.82842712474619,3.25,4,2,2.04295532842377,2,8,1
518,"-1:-1|-1:0|2:1|2:2",4,TRUE,1,2,1,"mixed",1.86967716615477,2.82842712474619,2.5,4,2,2.02000580163574,2,8,1
519,"-1:-2|-1:0|2:1|2:2",4,TRUE,1,1,2,"mixed",2.07514076993644,2.82842712474619,2.75,4,2,2.14295532842377,3,8,1
520,"-2:-2|-1:0|2:-2|2:-1",4,TRUE,1,2,1,"mixed",2.22323055674804,2.82842712474619,3,4,2,1.9607698869111,2,8,1
521,"-2:-1|-1:0|2:-2|2:-1",4,TRUE,1,1,2,"mixed",2.07514076993644,2.82842712474619,2.75,4,2,1.81934853067379,1,8,1
522,"-2:-2|-1:-2|0:1|0:2",4,TRUE,2,1,1,"mixed",2.01612377556149,2.82842712474619,2.5,4,2,1.87792717443648,1,8,1
523,"-1:-2|0:-1|1:2|2:2",4,TRUE,1,1,2,"mixed",2.07514076993644,2.82842712474619,2.75,4,2,2.02514076993644,2,8,1
524,"-2:-2|-1:-2|0:1|2:2",4,TRUE,1,2,1,"mixed",2.22323055674804,2.82842712474619,3,4,2,2.08437668466108,2,8,1
525,"-1:-2|-1:-1|2:1|2:2",4,TRUE,0,2,2,"off_axis",2.17869416052972,2.82842712474619,3,4,2,2.14361259938572,2,8,1
526,"-1:-1|1:2|2:-2|2:2",4,TRUE,0,3,1,"off_axis",2.32678394734132,2.82842712474619,3.25,4,2,2.06142715787305,2,8,1
527,"-1:-1|1:-2|1:2|2:2",4,TRUE,0,2,2,"off_axis",2.17869416052972,2.82842712474619,3,4,2,2.00219124314841,2,8,1
528,"-1:-1|0:-2|1:2|2:2",4,TRUE,1,2,1,"mixed",2.11967716615477,2.82842712474619,2.75,4,2,2.02000580163574,1,8,1
529,"-1:-2|-1:-1|1:2|2:2",4,TRUE,0,2,2,"off_axis",2.17869416052972,2.82842712474619,3,4,2,2.08437668466108,2,8,1
530,"-2:-2|-1:-1|1:2|2:2",4,TRUE,0,3,1,"off_axis",2.32678394734132,2.82842712474619,3.25,4,2,2.10284851411036,1,8,1
531,"-2:-1|1:2|2:-2|2:2",4,TRUE,0,2,2,"off_axis",2.53224755112299,2.82842712474619,3.5,4,2,2.00219124314841,2,8,1
532,"-2:-1|-1:2|2:-2|2:-1",4,TRUE,0,1,3,"off_axis",2.38415776431139,2.82842712474619,3.25,4,2,2.02514076993644,3,8,1
533,"-2:-1|0:-2|1:2|2:2",4,TRUE,1,1,2,"mixed",2.32514076993644,2.82842712474619,3,4,2,2.12514076993644,3,8,1
534,"-2:-1|-1:-2|1:2|2:2",4,TRUE,0,1,3,"off_axis",2.38415776431139,2.82842712474619,3.25,4,2,2.14874756768642,3,8,1
535,"-2:-2|-1:-2|2:1|2:2",4,TRUE,0,2,2,"off_axis",2.53224755112299,2.82842712474619,3.5,4,2,2.08437668466108,2,4,2
536,"-2:-2|-2:-1|2:-2|2:-1",4,TRUE,0,2,2,"off_axis",2.53224755112299,2.82842712474619,3.5,4,2,1.69574173292382,2,4,2
537,"-2:-2|-2:-1|2:-2|2:0",4,TRUE,1,2,1,"mixed",2.47323055674804,2.82842712474619,3.25,4,2,1.89574173292382,2,8,1
538,"-1:-2|1:2|2:-2|2:2",4,TRUE,0,2,2,"off_axis",2.53224755112299,2.82842712474619,3.5,4,2,2.00153397218646,3,8,1
539,"-2:-2|-2:-1|2:-2|2:2",4,TRUE,0,3,1,"off_axis",2.68033733793459,2.82842712474619,3.75,4,2,1.87858444539843,2,8,1
540,"-2:-1|-2:0|2:-2|2:-1",4,TRUE,1,1,2,"mixed",2.32514076993644,2.82842712474619,3,4,2,1.73650581819918,2,8,1
541,"-1:-2|1:-2|1:2|2:2",4,TRUE,0,1,3,"off_axis",2.38415776431139,2.82842712474619,3.25,4,2,1.94229805746182,3,8,1
542,"-2:-1|-2:2|2:-2|2:-1",4,TRUE,0,2,2,"off_axis",2.53224755112299,2.82842712474619,3.5,4,2,1.91934853067379,2,8,1
543,"-1:-2|0:-2|1:2|2:2",4,TRUE,1,1,2,"mixed",2.32514076993644,2.82842712474619,3,4,2,1.94229805746182,2,8,1
544,"-2:-2|-1:-2|0:2|2:2",4,TRUE,1,2,1,"mixed",2.47323055674804,2.82842712474619,3.25,4,2,2.01934853067379,2,8,1
545,"-2:-2|-1:-2|1:2|2:2",4,TRUE,0,2,2,"off_axis",2.53224755112299,2.82842712474619,3.5,4,2,2.02514076993644,2,4,2
546,"-1:-2|0:-2|1:-1|2:-2",4,TRUE,1,2,1,"mixed",2.11967716615477,2.82842712474619,2.75,4,2,1.85432037668651,1,8,1
547,"-1:-2|0:-2|0:-1|2:-2",4,TRUE,2,1,1,"mixed",2.01612377556149,2.82842712474619,2.5,4,2,1.77147766421189,2,8,1
548,"-1:-2|-1:-1|0:-2|2:-2",4,TRUE,1,2,1,"mixed",2.11967716615477,2.82842712474619,2.75,4,2,1.8128990204492,2,8,1
549,"-2:-1|-1:-2|0:-2|2:-2",4,TRUE,1,1,2,"mixed",2.32514076993644,2.82842712474619,3,4,2,1.93650581819917,2,8,1
550,"-1:-2|0:-2|2:-2|2:0",4,TRUE,2,1,1,"mixed",2.26612377556149,2.82842712474619,2.75,4,2,2.17213493517384,4,8,1
551,"-1:-2|0:-2|1:0|2:-2",4,TRUE,2,1,1,"mixed",2.01612377556149,2.82842712474619,2.5,4,2,2.03650581819918,3,8,1
552,"-1:-2|-1:0|0:-2|2:-2",4,TRUE,2,1,1,"mixed",2.01612377556149,2.82842712474619,2.5,4,2,2.0128990204492,3,8,1
553,"-2:-1|-2:0|-2:2|0:-2",4,TRUE,2,1,1,"mixed",2.26612377556149,2.82842712474619,2.75,4,2,2.13650581819918,4,8,1
554,"-1:-2|0:-2|2:-2|2:1",4,TRUE,1,1,2,"mixed",2.32514076993644,2.82842712474619,3,4,2,2.19574173292381,4,8,1
555,"-1:-1|2:-2|2:0|2:1",4,TRUE,1,2,1,"mixed",2.11967716615477,2.82842712474619,2.75,4,2,2.07792717443648,3,8,1
556,"-1:-2|0:-2|0:1|2:-2",4,TRUE,2,1,1,"mixed",2.01612377556149,2.82842712474619,2.5,4,2,2.0128990204492,3,8,1
557,"-1:-1|-1:2|0:2|2:2",4,TRUE,1,2,1,"mixed",2.11967716615477,2.82842712474619,2.75,4,2,2.05432037668651,3,8,1
558,"-1:-2|2:-1|2:0|2:2",4,TRUE,1,1,2,"mixed",2.32514076993644,2.82842712474619,3,4,2,2.16011261594915,4,8,1
559,"-1:-2|0:-2|2:-2|2:2",4,TRUE,1,2,1,"mixed",2.47323055674804,2.82842712474619,3.25,4,2,2.03650581819918,3,8,1
560,"-1:-2|0:-2|1:2|2:-2",4,TRUE,1,1,2,"mixed",2.32514076993644,2.82842712474619,3,4,2,1.93650581819917,2,8,1
561,"-1:-2|0:-2|0:2|2:-2",4,TRUE,2,1,1,"mixed",2.26612377556149,2.82842712474619,2.75,4,2,1.87147766421189,3,8,1
562,"-1:-2|-1:2|0:-2|2:-2",4,TRUE,1,1,2,"mixed",2.32514076993644,2.82842712474619,3,4,2,1.89508446196187,3,8,1
563,"-2:-1|-2:0|-2:2|2:-2",4,TRUE,1,2,1,"mixed",2.47323055674804,2.82842712474619,3.25,4,2,1.99574173292381,2,8,1
564,"-2:-2|-1:-1|0:-2|2:-2",4,TRUE,1,3,0,"mixed",2.26776695296637,2.82842712474619,3,4,2,1.91355629141115,1,8,1
565,"-2:-2|-2:0|-2:2|-1:0",4,TRUE,2,2,0,"mixed",2.16421356237309,2.82842712474619,2.75,4,2,1.9128990204492,2,4,2
566,"-2:-2|-2:0|-2:2|0:-2",4,TRUE,2,2,0,"mixed",2.41421356237309,2.82842712474619,3,4,2,2.17213493517384,4,8,1
567,"-2:-2|-1:0|0:-2|2:-2",4,TRUE,2,2,0,"mixed",2.16421356237309,2.82842712474619,2.75,4,2,2.09574173292382,3,8,1
568,"-1:-2|2:-2|2:0|2:2",4,TRUE,1,2,1,"mixed",2.47323055674804,2.82842712474619,3.25,4,2,2.19574173292381,4,8,1
569,"-1:-1|2:-2|2:0|2:2",4,TRUE,1,3,0,"mixed",2.26776695296637,2.82842712474619,3,4,2,2.13716308916112,3,8,1
570,"-1:0|2:-2|2:0|2:2",4,TRUE,2,2,0,"mixed",2.16421356237309,2.82842712474619,2.75,4,2,2.13137084989848,3,4,2
571,"-2:-2|-2:0|-2:2|2:-2",4,TRUE,1,3,0,"mixed",2.62132034355964,2.82842712474619,3.5,4,2,2.01355629141115,3,8,1
572,"-2:-1|2:-2|2:0|2:2",4,TRUE,1,2,1,"mixed",2.47323055674804,2.82842712474619,3.25,4,2,1.99574173292381,2,8,1
573,"-2:-2|-2:0|-2:2|2:0",4,TRUE,2,2,0,"mixed",2.41421356237309,2.82842712474619,3,4,2,2.0128990204492,3,4,2
574,"-2:-2|-1:-1|0:-2|0:-1",4,TRUE,2,2,0,"mixed",1.81066017177982,2.82842712474619,2.25,4,2,1.63071357893653,1,8,1
575,"-1:-1|0:-2|1:-1|2:-2",4,TRUE,1,3,0,"mixed",1.9142135623731,2.82842712474619,2.5,4,2,1.81355629141115,1,8,1
576,"-2:-1|0:-2|1:-1|2:-2",4,TRUE,1,2,1,"mixed",2.11967716615477,2.82842712474619,2.75,4,2,1.89574173292382,1,8,1
577,"-2:-2|-2:0|-1:-1|0:-2",4,TRUE,2,2,0,"mixed",2.06066017177982,2.82842712474619,2.5,4,2,1.93137084989848,1,4,2
578,"-2:-2|-1:-1|-1:0|0:-2",4,TRUE,2,2,0,"mixed",1.81066017177982,2.82842712474619,2.25,4,2,1.75432037668651,1,8,1
579,"-1:0|0:-2|1:-1|2:-2",4,TRUE,2,2,0,"mixed",1.81066017177982,2.82842712474619,2.25,4,2,1.93716308916112,1,8,1
580,"-2:-2|-1:-1|0:-2|2:0",4,TRUE,2,2,0,"mixed",2.06066017177982,2.82842712474619,2.5,4,2,2.03716308916112,2,8,1
581,"-1:-2|1:-1|2:-2|2:0",4,TRUE,1,2,1,"mixed",2.11967716615477,2.82842712474619,2.75,4,2,2.03716308916112,2,8,1
582,"-1:-1|1:-1|2:-2|2:0",4,TRUE,1,3,0,"mixed",1.9142135623731,2.82842712474619,2.5,4,2,1.89574173292382,1,8,1
583,"-1:0|1:-1|2:-2|2:0",4,TRUE,2,2,0,"mixed",1.81066017177982,2.82842712474619,2.25,4,2,1.91355629141115,1,8,1
584,"-1:-1|0:2|1:1|2:2",4,TRUE,1,3,0,"mixed",1.9142135623731,2.82842712474619,2.5,4,2,2.03782036012307,1,8,1
585,"-1:-2|1:1|2:0|2:2",4,TRUE,1,2,1,"mixed",2.11967716615477,2.82842712474619,2.75,4,2,2.12000580163574,2,8,1
586,"-2:-2|-2:0|-1:-1|2:-2",4,TRUE,1,3,0,"mixed",2.26776695296637,2.82842712474619,3,4,2,1.93716308916112,1,8,1
587,"-2:-1|1:-1|2:-2|2:0",4,TRUE,1,2,1,"mixed",2.11967716615477,2.82842712474619,2.75,4,2,1.81355629141115,1,8,1
588,"-2:-2|-1:-1|0:-2|0:2",4,TRUE,2,2,0,"mixed",2.06066017177982,2.82842712474619,2.5,4,2,1.85432037668651,1,8,1
589,"-1:-2|0:2|1:1|2:2",4,TRUE,1,2,1,"mixed",2.11967716615477,2.82842712474619,2.75,4,2,1.97858444539843,1,8,1
590,"-2:-2|-1:-1|0:-2|2:2",4,TRUE,1,3,0,"mixed",2.26776695296637,2.82842712474619,3,4,2,2.03782036012307,1,8,1
591,"-1:-1|0:-2|0:-1|2:-2",4,TRUE,2,2,0,"mixed",1.81066017177982,2.82842712474619,2.25,4,2,1.7128990204492,2,8,1
592,"-2:-1|0:-2|0:-1|2:-2",4,TRUE,2,1,1,"mixed",2.01612377556149,2.82842712474619,2.5,4,2,1.89508446196187,2,8,1
593,"-2:-2|-2:0|-1:0|0:-2",4,TRUE,3,1,0,"mixed",1.95710678118655,2.82842712474619,2.25,4,2,2.0128990204492,3,8,1
594,"-2:-2|-1:0|0:-2|0:-1",4,TRUE,3,1,0,"mixed",1.70710678118655,2.82842712474619,2,4,2,1.79508446196187,2,8,1
595,"-1:0|0:-2|0:-1|2:-2",4,TRUE,3,1,0,"mixed",1.70710678118655,2.82842712474619,2,4,2,1.85432037668651,2,8,1
596,"-2:-2|-2:0|-1:0|0:2",4,TRUE,3,1,0,"mixed",1.95710678118655,2.82842712474619,2.25,4,2,2.03650581819918,3,8,1
597,"-1:-2|1:0|2:-2|2:0",4,TRUE,2,1,1,"mixed",2.01612377556149,2.82842712474619,2.5,4,2,2.09574173292382,3,8,1
598,"-1:-1|1:0|2:-2|2:0",4,TRUE,2,2,0,"mixed",1.81066017177982,2.82842712474619,2.25,4,2,1.91869125971184,2,8,1
599,"-1:0|1:0|2:-2|2:0",4,TRUE,3,1,0,"mixed",1.70710678118655,2.82842712474619,2,4,2,1.88929222269922,2,8,1
600,"-1:-1|0:1|0:2|2:2",4,TRUE,2,2,0,"mixed",1.81066017177982,2.82842712474619,2.25,4,2,1.97792717443648,2,8,1
601,"-1:-2|1:0|2:0|2:2",4,TRUE,2,1,1,"mixed",2.01612377556149,2.82842712474619,2.5,4,2,2.11934853067379,3,8,1
602,"-2:-2|-2:0|-1:0|2:-2",4,TRUE,2,2,0,"mixed",2.16421356237309,2.82842712474619,2.75,4,2,1.99574173292381,2,8,1
603,"-2:-1|1:0|2:-2|2:0",4,TRUE,2,1,1,"mixed",2.01612377556149,2.82842712474619,2.5,4,2,1.83650581819917,1,8,1
604,"-2:-2|-2:0|-1:0|2:0",4,TRUE,3,1,0,"mixed",1.95710678118655,2.82842712474619,2.25,4,2,1.83005630797458,2,8,1
605,"-1:-2|0:1|0:2|2:2",4,TRUE,2,1,1,"mixed",2.01612377556149,2.82842712474619,2.5,4,2,1.91869125971184,2,8,1
606,"-2:-2|-2:0|-1:0|2:2",4,TRUE,2,2,0,"mixed",2.16421356237309,2.82842712474619,2.75,4,2,2.03716308916112,2,8,1
607,"-2:-1|-1:-1|0:-2|2:-2",4,TRUE,1,2,1,"mixed",2.11967716615477,2.82842712474619,2.75,4,2,1.87792717443648,1,8,1
608,"-1:-1|0:-2|2:-2|2:0",4,TRUE,2,2,0,"mixed",2.06066017177982,2.82842712474619,2.5,4,2,2.09574173292382,3,8,1
609,"-1:-1|0:-2|1:0|2:-2",4,TRUE,2,2,0,"mixed",1.81066017177982,2.82842712474619,2.25,4,2,1.96011261594915,2,8,1
610,"-1:-1|-1:0|0:-2|2:-2",4,TRUE,2,2,0,"mixed",1.81066017177982,2.82842712474619,2.25,4,2,1.89574173292382,2,8,1
611,"-2:-2|-2:0|-1:1|0:2",4,TRUE,2,2,0,"mixed",2.06066017177982,2.82842712474619,2.5,4,2,2.03716308916112,2,8,1
612,"-1:-1|0:-2|2:-2|2:1",4,TRUE,1,2,1,"mixed",2.11967716615477,2.82842712474619,2.75,4,2,2.17858444539843,3,8,1
613,"-1:-1|0:-2|1:1|2:-2",4,TRUE,1,3,0,"mixed",1.9142135623731,2.82842712474619,2.5,4,2,2.0607698869111,2,8,1
614,"-1:-1|0:-2|0:1|2:-2",4,TRUE,2,2,0,"mixed",1.81066017177982,2.82842712474619,2.25,4,2,1.99574173292381,2,8,1
615,"-1:-1|-1:1|0:-2|2:-2",4,TRUE,1,3,0,"mixed",1.9142135623731,2.82842712474619,2.5,4,2,2.03716308916112,2,8,1
616,"-1:-2|1:-1|2:0|2:2",4,TRUE,1,2,1,"mixed",2.11967716615477,2.82842712474619,2.75,4,2,2.14295532842377,3,8,1
617,"-1:-1|0:-2|2:-2|2:2",4,TRUE,1,3,0,"mixed",2.26776695296637,2.82842712474619,3,4,2,2.07858444539843,2,8,1
618,"-1:-1|0:-2|1:2|2:-2",4,TRUE,1,2,1,"mixed",2.11967716615477,2.82842712474619,2.75,4,2,1.97858444539843,1,8,1
619,"-1:-1|0:-2|0:2|2:-2",4,TRUE,2,2,0,"mixed",2.06066017177982,2.82842712474619,2.5,4,2,1.93650581819917,2,8,1
620,"-1:-1|-1:2|0:-2|2:-2",4,TRUE,1,2,1,"mixed",2.11967716615477,2.82842712474619,2.75,4,2,1.97792717443648,2,8,1
621,"-2:-2|-1:1|0:2|2:2",4,TRUE,1,3,0,"mixed",2.26776695296637,2.82842712474619,3,4,2,2.0607698869111,2,8,1
622,"-2:-1|0:-2|2:-2|2:0",4,TRUE,2,1,1,"mixed",2.26612377556149,2.82842712474619,2.75,4,2,2.09574173292382,3,8,1
623,"-2:-1|0:-2|1:0|2:-2",4,TRUE,2,1,1,"mixed",2.01612377556149,2.82842712474619,2.5,4,2,2.04229805746182,3,8,1
624,"-2:-1|-1:0|0:-2|2:-2",4,TRUE,2,1,1,"mixed",2.01612377556149,2.82842712474619,2.5,4,2,2.01934853067379,2,8,1
625,"-2:-1|-2:0|0:-2|2:-2",4,TRUE,2,1,1,"mixed",2.26612377556149,2.82842712474619,2.75,4,2,2.07792717443648,3,8,1
626,"-1:-2|1:2|2:-2|2:0",4,TRUE,1,1,2,"mixed",2.32514076993644,2.82842712474619,3,4,2,2.20153397218646,4,8,1
627,"-1:-1|1:2|2:-2|2:0",4,TRUE,1,2,1,"mixed",2.11967716615477,2.82842712474619,2.75,4,2,2.14295532842377,3,8,1
628,"-1:0|1:-2|2:0|2:2",4,TRUE,2,1,1,"mixed",2.01612377556149,2.82842712474619,2.5,4,2,2.13716308916112,3,8,1
629,"-1:-1|1:-2|2:0|2:2",4,TRUE,1,2,1,"mixed",2.11967716615477,2.82842712474619,2.75,4,2,2.14295532842377,3,8,1
630,"-1:-2|1:-2|2:0|2:2",4,TRUE,1,1,2,"mixed",2.32514076993644,2.82842712474619,3,4,2,2.20153397218646,4,8,1
631,"-2:-1|0:-2|2:-2|2:2",4,TRUE,1,2,1,"mixed",2.47323055674804,2.82842712474619,3.25,4,2,2.10153397218646,3,8,1
632,"-2:-1|0:-2|1:2|2:-2",4,TRUE,1,1,2,"mixed",2.32514076993644,2.82842712474619,3,4,2,2.0607698869111,2,8,1
633,"-2:-1|0:-2|0:2|2:-2",4,TRUE,2,1,1,"mixed",2.26612377556149,2.82842712474619,2.75,4,2,2.07792717443648,3,8,1
634,"-2:-1|-1:2|0:-2|2:-2",4,TRUE,1,1,2,"mixed",2.32514076993644,2.82842712474619,3,4,2,2.08371941369913,3,8,1
635,"-2:-1|-2:2|0:-2|2:-2",4,TRUE,1,2,1,"mixed",2.47323055674804,2.82842712474619,3.25,4,2,2.11934853067379,3,8,1
636,"-1:0|0:-2|2:-2|2:0",4,TRUE,3,1,0,"mixed",1.95710678118655,2.82842712474619,2.25,4,2,2.17213493517384,4,8,1
637,"-2:-2|-2:0|0:-2|0:2",4,TRUE,3,1,0,"mixed",2.20710678118655,2.82842712474619,2.5,4,2,2.17213493517384,4,8,1
638,"-1:-1|0:2|2:0|2:2",4,TRUE,2,2,0,"mixed",2.06066017177982,2.82842712474619,2.5,4,2,2.23716308916112,4,4,2
639,"-1:-2|0:2|2:0|2:2",4,TRUE,2,1,1,"mixed",2.26612377556149,2.82842712474619,2.75,4,2,2.23716308916112,4,8,1
640,"-2:-2|-2:0|0:-2|2:2",4,TRUE,2,2,0,"mixed",2.41421356237309,2.82842712474619,3,4,2,2.23716308916112,4,4,2
641,"-1:0|0:-2|1:0|2:-2",4,TRUE,3,1,0,"mixed",1.70710678118655,2.82842712474619,2,4,2,2.03650581819918,3,8,1
642,"-2:-2|-1:0|0:-2|2:0",4,TRUE,3,1,0,"mixed",1.95710678118655,2.82842712474619,2.25,4,2,2.13650581819918,4,8,1
643,"-1:-2|0:-1|2:-2|2:0",4,TRUE,2,1,1,"mixed",2.01612377556149,2.82842712474619,2.5,4,2,2.07792717443648,3,8,1
644,"-1:-1|0:-1|2:-2|2:0",4,TRUE,2,2,0,"mixed",1.81066017177982,2.82842712474619,2.25,4,2,1.91869125971184,3,8,1
645,"-1:0|0:-1|2:-2|2:0",4,TRUE,3,1,0,"mixed",1.70710678118655,2.82842712474619,2,4,2,1.95432037668651,3,8,1
646,"-1:-1|0:1|2:0|2:2",4,TRUE,2,2,0,"mixed",1.81066017177982,2.82842712474619,2.25,4,2,2.10153397218646,3,8,1
647,"-1:-2|0:1|2:0|2:2",4,TRUE,2,1,1,"mixed",2.01612377556149,2.82842712474619,2.5,4,2,2.18371941369913,4,8,1
648,"-2:-2|-2:0|0:-1|2:-2",4,TRUE,2,2,0,"mixed",2.16421356237309,2.82842712474619,2.75,4,2,2.06011261594915,3,8,1
649,"-2:-1|0:-1|2:-2|2:0",4,TRUE,2,1,1,"mixed",2.01612377556149,2.82842712474619,2.5,4,2,1.93650581819917,2,8,1
650,"-2:-2|-1:0|0:-2|0:2",4,TRUE,3,1,0,"mixed",1.95710678118655,2.82842712474619,2.25,4,2,1.97726990347453,3,8,1
651,"-1:-2|0:2|1:0|2:2",4,TRUE,2,1,1,"mixed",2.01612377556149,2.82842712474619,2.5,4,2,2.10153397218646,3,8,1
652,"-2:-2|-1:0|0:-2|2:2",4,TRUE,2,2,0,"mixed",2.16421356237309,2.82842712474619,2.75,4,2,2.1607698869111,3,8,1
653,"-2:-2|-2:0|0:1|0:2",4,TRUE,3,1,0,"mixed",1.95710678118655,2.82842712474619,2.25,4,2,2.09574173292382,3,8,1
654,"-1:-2|0:1|2:-2|2:0",4,TRUE,2,1,1,"mixed",2.01612377556149,2.82842712474619,2.5,4,2,2.21934853067379,4,8,1
655,"-1:-1|0:1|2:-2|2:0",4,TRUE,2,2,0,"mixed",1.81066017177982,2.82842712474619,2.25,4,2,2.10153397218646,3,8,1
656,"-1:0|0:-1|0:2|2:2",4,TRUE,3,1,0,"mixed",1.70710678118655,2.82842712474619,2,4,2,2.01355629141115,3,8,1
657,"-1:-1|-1:0|0:2|2:2",4,TRUE,2,2,0,"mixed",1.81066017177982,2.82842712474619,2.25,4,2,2.03716308916112,3,8,1
658,"-1:-2|0:-1|2:0|2:2",4,TRUE,2,1,1,"mixed",2.01612377556149,2.82842712474619,2.5,4,2,2.1607698869111,3,8,1
659,"-1:0|0:-2|2:-2|2:2",4,TRUE,2,2,0,"mixed",2.16421356237309,2.82842712474619,2.75,4,2,2.17858444539843,3,8,1
660,"-1:0|0:-2|1:2|2:-2",4,TRUE,2,1,1,"mixed",2.01612377556149,2.82842712474619,2.5,4,2,2.07858444539843,2,8,1
661,"-1:0|0:-2|0:2|2:-2",4,TRUE,3,1,0,"mixed",1.95710678118655,2.82842712474619,2.25,4,2,2.03650581819918,3,8,1
662,"-1:-2|-1:0|0:2|2:2",4,TRUE,2,1,1,"mixed",2.01612377556149,2.82842712474619,2.5,4,2,2.07792717443648,3,8,1
663,"-2:-2|-1:0|0:2|2:2",4,TRUE,2,2,0,"mixed",2.16421356237309,2.82842712474619,2.75,4,2,2.1607698869111,3,8,1
664,"-1:-2|0:2|2:-2|2:0",4,TRUE,2,1,1,"mixed",2.26612377556149,2.82842712474619,2.75,4,2,2.23716308916112,4,8,1
665,"-1:-1|0:2|2:-2|2:0",4,TRUE,2,2,0,"mixed",2.06066017177982,2.82842712474619,2.5,4,2,2.20153397218646,4,8,1
666,"-1:0|0:-2|2:0|2:2",4,TRUE,3,1,0,"mixed",1.95710678118655,2.82842712474619,2.25,4,2,2.19574173292381,4,8,1
667,"-1:-1|0:-2|2:0|2:2",4,TRUE,2,2,0,"mixed",2.06066017177982,2.82842712474619,2.5,4,2,2.17858444539843,3,8,1
668,"-1:-2|0:-2|2:0|2:2",4,TRUE,2,1,1,"mixed",2.26612377556149,2.82842712474619,2.75,4,2,2.21934853067379,4,8,1
669,"-2:-2|-2:0|0:2|2:-2",4,TRUE,2,2,0,"mixed",2.41421356237309,2.82842712474619,3,4,2,2.21934853067379,4,8,1
670,"-2:-1|0:2|2:-2|2:0",4,TRUE,2,1,1,"mixed",2.26612377556149,2.82842712474619,2.75,4,2,2.17858444539843,3,8,1
671,"-2:-2|-2:0|0:2|2:0",4,TRUE,3,1,0,"mixed",2.20710678118655,2.82842712474619,2.5,4,2,2.19574173292381,4,8,1
672,"-2:-1|0:-2|2:0|2:2",4,TRUE,2,1,1,"mixed",2.26612377556149,2.82842712474619,2.75,4,2,2.20153397218646,4,8,1
673,"-2:-2|-2:0|0:2|2:2",4,TRUE,2,2,0,"mixed",2.41421356237309,2.82842712474619,3,4,2,2.23716308916112,4,4,2
674,"-1:-2|-1:-1|2:-2|2:0",4,TRUE,1,2,1,"mixed",2.11967716615477,2.82842712474619,2.75,4,2,2.07792717443648,3,8,1
675,"-1:-2|-1:0|2:-2|2:0",4,TRUE,2,1,1,"mixed",2.01612377556149,2.82842712474619,2.5,4,2,2.17213493517384,4,8,1
676,"-1:-1|-1:2|2:0|2:2",4,TRUE,1,2,1,"mixed",2.11967716615477,2.82842712474619,2.75,4,2,2.23716308916112,4,8,1
677,"-1:-2|-1:2|2:-2|2:0",4,TRUE,1,1,2,"mixed",2.32514076993644,2.82842712474619,3,4,2,2.21934853067379,4,8,1
678,"-2:-1|-1:-2|2:-2|2:0",4,TRUE,1,1,2,"mixed",2.32514076993644,2.82842712474619,3,4,2,2.03716308916112,2,8,1
679,"-2:-1|-2:2|0:-2|0:2",4,TRUE,2,1,1,"mixed",2.26612377556149,2.82842712474619,2.75,4,2,2.13650581819918,4,8,1
680,"-1:-2|0:2|2:-1|2:2",4,TRUE,1,1,2,"mixed",2.32514076993644,2.82842712474619,3,4,2,2.20153397218646,4,8,1
681,"-2:-1|-2:2|0:2|2:-2",4,TRUE,1,2,1,"mixed",2.47323055674804,2.82842712474619,3.25,4,2,2.17858444539843,3,8,1
682,"-1:-1|-1:0|2:-2|2:0",4,TRUE,2,2,0,"mixed",1.81066017177982,2.82842712474619,2.25,4,2,1.95432037668651,3,8,1
683,"-1:-1|-1:1|2:-2|2:0",4,TRUE,1,3,0,"mixed",1.9142135623731,2.82842712474619,2.5,4,2,2.11934853067379,3,8,1
684,"-1:-1|-1:2|2:-2|2:0",4,TRUE,1,2,1,"mixed",2.11967716615477,2.82842712474619,2.75,4,2,2.20153397218646,4,8,1
685,"-2:-2|-1:-1|2:-2|2:0",4,TRUE,1,3,0,"mixed",2.26776695296637,2.82842712474619,3,4,2,2.01934853067379,2,8,1
686,"-2:-1|-1:-1|2:-2|2:0",4,TRUE,1,2,1,"mixed",2.11967716615477,2.82842712474619,2.75,4,2,1.87792717443648,1,8,1
687,"-2:-2|-1:1|0:-2|0:2",4,TRUE,2,2,0,"mixed",2.06066017177982,2.82842712474619,2.5,4,2,1.93650581819917,2,8,1
688,"-1:-2|0:2|1:-1|2:2",4,TRUE,1,2,1,"mixed",2.11967716615477,2.82842712474619,2.75,4,2,2.08371941369913,3,8,1
689,"-2:-2|-1:1|0:-2|2:2",4,TRUE,1,3,0,"mixed",2.26776695296637,2.82842712474619,3,4,2,2.14295532842377,3,8,1
690,"-1:-1|-1:0|2:0|2:2",4,TRUE,2,2,0,"mixed",1.81066017177982,2.82842712474619,2.25,4,2,2.01355629141115,3,8,1
691,"-1:-2|-1:0|2:0|2:2",4,TRUE,2,1,1,"mixed",2.01612377556149,2.82842712474619,2.5,4,2,2.19574173292381,4,8,1
692,"-2:-2|-1:0|2:-2|2:0",4,TRUE,2,2,0,"mixed",2.16421356237309,2.82842712474619,2.75,4,2,2.09574173292382,3,8,1
693,"-2:-1|-1:0|2:-2|2:0",4,TRUE,2,1,1,"mixed",2.01612377556149,2.82842712474619,2.5,4,2,1.91355629141115,1,8,1
694,"-2:-2|-2:0|1:0|2:0",4,TRUE,3,1,0,"mixed",1.95710678118655,2.82842712474619,2.25,4,2,1.88929222269922,2,8,1
695,"-1:-2|0:-1|0:2|2:2",4,TRUE,2,1,1,"mixed",2.01612377556149,2.82842712474619,2.5,4,2,1.99574173292381,2,8,1
696,"-2:-2|-1:0|2:0|2:2",4,TRUE,2,2,0,"mixed",2.16421356237309,2.82842712474619,2.75,4,2,2.13716308916112,3,8,1
697,"-1:-2|-1:-1|2:0|2:2",4,TRUE,1,2,1,"mixed",2.11967716615477,2.82842712474619,2.75,4,2,2.1607698869111,3,8,1
698,"-1:-1|0:2|2:-2|2:2",4,TRUE,1,3,0,"mixed",2.26776695296637,2.82842712474619,3,4,2,2.1607698869111,3,8,1
699,"-1:-1|0:2|1:-2|2:2",4,TRUE,1,2,1,"mixed",2.11967716615477,2.82842712474619,2.75,4,2,2.0607698869111,2,8,1
700,"-1:-1|0:-2|0:2|2:2",4,TRUE,2,2,0,"mixed",2.06066017177982,2.82842712474619,2.5,4,2,1.99574173292381,2,8,1
701,"-1:-2|-1:-1|0:2|2:2",4,TRUE,1,2,1,"mixed",2.11967716615477,2.82842712474619,2.75,4,2,2.01934853067379,2,8,1
702,"-2:-2|-1:-1|0:2|2:2",4,TRUE,1,3,0,"mixed",2.26776695296637,2.82842712474619,3,4,2,2.12000580163574,2,8,1
703,"-2:-1|0:2|2:-2|2:2",4,TRUE,1,2,1,"mixed",2.47323055674804,2.82842712474619,3.25,4,2,2.1607698869111,3,8,1
704,"-2:-1|-1:2|2:-2|2:0",4,TRUE,1,1,2,"mixed",2.32514076993644,2.82842712474619,3,4,2,2.14295532842377,3,8,1
705,"-2:-1|0:-2|0:2|2:2",4,TRUE,2,1,1,"mixed",2.26612377556149,2.82842712474619,2.75,4,2,2.16011261594915,4,8,1
706,"-2:-1|-1:-2|0:2|2:2",4,TRUE,1,1,2,"mixed",2.32514076993644,2.82842712474619,3,4,2,2.14295532842377,3,8,1
707,"-2:-2|-2:0|2:-2|2:0",4,TRUE,2,2,0,"mixed",2.41421356237309,2.82842712474619,3,4,2,2.0128990204492,3,4,2
708,"-1:-2|0:2|2:-2|2:2",4,TRUE,1,2,1,"mixed",2.47323055674804,2.82842712474619,3.25,4,2,2.07792717443648,3,8,1
709,"-2:-2|-2:0|2:-2|2:2",4,TRUE,1,3,0,"mixed",2.62132034355964,2.82842712474619,3.5,4,2,2.03716308916112,3,8,1
710,"-2:-1|-2:0|2:-2|2:0",4,TRUE,2,1,1,"mixed",2.26612377556149,2.82842712474619,2.75,4,2,1.8128990204492,2,8,1
711,"-1:-2|0:2|1:-2|2:2",4,TRUE,1,1,2,"mixed",2.32514076993644,2.82842712474619,3,4,2,1.97792717443648,2,8,1
712,"-2:-1|-2:2|2:-2|2:0",4,TRUE,1,2,1,"mixed",2.47323055674804,2.82842712474619,3.25,4,2,2.03716308916112,2,8,1
713,"-1:-2|0:-2|0:2|2:2",4,TRUE,2,1,1,"mixed",2.26612377556149,2.82842712474619,2.75,4,2,1.89508446196187,3,8,1
714,"-2:-2|-2:0|2:0|2:2",4,TRUE,2,2,0,"mixed",2.41421356237309,2.82842712474619,3,4,2,2.05432037668651,3,4,2
715,"-1:-2|0:-1|1:-1|2:-2",4,TRUE,1,2,1,"mixed",1.86967716615477,2.82842712474619,2.5,4,2,1.77792717443648,1,8,1
716,"-1:-2|-1:-1|1:-1|2:-2",4,TRUE,0,3,1,"off_axis",1.97323055674804,2.82842712474619,2.75,4,2,1.87792717443648,1,8,1
717,"-2:-1|-1:-2|1:-1|2:-2",4,TRUE,0,2,2,"off_axis",2.17869416052972,2.82842712474619,3,4,2,1.91934853067379,1,8,1
718,"-1:-2|1:-1|1:0|2:-2",4,TRUE,1,2,1,"mixed",1.86967716615477,2.82842712474619,2.5,4,2,1.91934853067379,2,8,1
719,"-1:-2|-1:0|1:-1|2:-2",4,TRUE,1,2,1,"mixed",1.86967716615477,2.82842712474619,2.5,4,2,2.01934853067379,2,8,1
720,"-2:-1|-2:2|-1:1|0:-2",4,TRUE,1,2,1,"mixed",2.11967716615477,2.82842712474619,2.75,4,2,2.08371941369913,3,8,1
721,"-1:-2|1:-1|2:-2|2:1",4,TRUE,0,2,2,"off_axis",2.17869416052972,2.82842712474619,3,4,2,2.14295532842377,3,4,2
722,"-1:-1|1:-1|2:-2|2:1",4,TRUE,0,3,1,"off_axis",1.97323055674804,2.82842712474619,2.75,4,2,2.0607698869111,2,8,1
723,"-1:-2|0:1|1:-1|2:-2",4,TRUE,1,2,1,"mixed",1.86967716615477,2.82842712474619,2.5,4,2,2.04295532842377,2,8,1
724,"-1:-1|-1:2|1:1|2:2",4,TRUE,0,3,1,"off_axis",1.97323055674804,2.82842712474619,2.75,4,2,2.12000580163574,2,8,1
725,"-1:-2|1:1|2:-1|2:2",4,TRUE,0,2,2,"off_axis",2.17869416052972,2.82842712474619,3,4,2,2.16656212617375,3,8,1
726,"-1:-2|1:-1|2:-2|2:2",4,TRUE,0,3,1,"off_axis",2.32678394734132,2.82842712474619,3.25,4,2,2.04295532842377,2,8,1
727,"-1:-2|1:-1|1:2|2:-2",4,TRUE,0,2,2,"off_axis",2.17869416052972,2.82842712474619,3,4,2,2.00153397218646,2,8,1
728,"-1:-2|0:2|1:-1|2:-2",4,TRUE,1,2,1,"mixed",2.11967716615477,2.82842712474619,2.75,4,2,2.00153397218646,2,8,1
729,"-1:-2|-1:2|1:-1|2:-2",4,TRUE,0,2,2,"off_axis",2.17869416052972,2.82842712474619,3,4,2,2.04295532842377,2,8,1
730,"-2:-1|-2:2|-1:1|2:-2",4,TRUE,0,3,1,"off_axis",2.32678394734132,2.82842712474619,3.25,4,2,2.06142715787305,1,8,1
731,"-1:-2|-1:-1|0:-1|2:-2",4,TRUE,1,2,1,"mixed",1.86967716615477,2.82842712474619,2.5,4,2,1.73650581819918,2,8,1
732,"-2:-1|-1:-2|0:-1|2:-2",4,TRUE,1,1,2,"mixed",2.07514076993644,2.82842712474619,2.75,4,2,1.87792717443648,1,8,1
733,"-1:-2|0:-1|1:0|2:-2",4,TRUE,2,1,1,"mixed",1.76612377556149,2.82842712474619,2.25,4,2,1.91934853067379,2,8,1
734,"-1:-2|-1:0|0:-1|2:-2",4,TRUE,2,1,1,"mixed",1.76612377556149,2.82842712474619,2.25,4,2,1.89574173292382,2,8,1
735,"-2:-1|-2:2|-1:0|0:-2",4,TRUE,2,1,1,"mixed",2.01612377556149,2.82842712474619,2.5,4,2,2.04229805746182,3,8,1
736,"-1:-2|0:-1|2:-2|2:1",4,TRUE,1,1,2,"mixed",2.07514076993644,2.82842712474619,2.75,4,2,2.1607698869111,3,8,1
737,"-1:-1|1:0|2:-2|2:1",4,TRUE,1,2,1,"mixed",1.86967716615477,2.82842712474619,2.5,4,2,2.04295532842377,2,8,1
738,"-1:-2|0:-1|0:1|2:-2",4,TRUE,2,1,1,"mixed",1.76612377556149,2.82842712474619,2.25,4,2,1.97792717443648,2,8,1
739,"-1:-1|-1:2|0:1|2:2",4,TRUE,1,2,1,"mixed",1.86967716615477,2.82842712474619,2.5,4,2,2.01934853067379,2,8,1
740,"-1:-2|1:0|2:-1|2:2",4,TRUE,1,1,2,"mixed",2.07514076993644,2.82842712474619,2.75,4,2,2.12514076993644,3,8,1
741,"-1:-2|0:-1|2:-2|2:2",4,TRUE,1,2,1,"mixed",2.22323055674804,2.82842712474619,3,4,2,2.0607698869111,2,8,1
742,"-1:-2|0:-1|1:2|2:-2",4,TRUE,1,1,2,"mixed",2.07514076993644,2.82842712474619,2.75,4,2,1.98371941369913,2,8,1
743,"-1:-2|0:-1|0:2|2:-2",4,TRUE,2,1,1,"mixed",2.01612377556149,2.82842712474619,2.5,4,2,1.93650581819917,2,8,1
744,"-1:-2|-1:2|0:-1|2:-2",4,TRUE,1,1,2,"mixed",2.07514076993644,2.82842712474619,2.75,4,2,1.94229805746182,2,8,1
745,"-2:-1|-2:2|-1:0|2:-2",4,TRUE,1,2,1,"mixed",2.22323055674804,2.82842712474619,3,4,2,2.02000580163574,1,8,1
746,"-2:-1|-1:-2|-1:-1|2:-2",4,TRUE,0,2,2,"off_axis",2.17869416052972,2.82842712474619,3,4,2,1.77792717443648,1,8,1
747,"-1:-2|-1:-1|1:0|2:-2",4,TRUE,1,2,1,"mixed",1.86967716615477,2.82842712474619,2.5,4,2,2.00153397218646,2,8,1
748,"-1:-2|-1:-1|-1:0|2:-2",4,TRUE,1,2,1,"mixed",1.86967716615477,2.82842712474619,2.5,4,2,1.85432037668651,2,8,1
749,"-2:-1|-2:2|-1:-1|0:-2",4,TRUE,1,2,1,"mixed",2.11967716615477,2.82842712474619,2.75,4,2,1.96011261594915,2,8,1
750,"-1:-2|-1:-1|2:-2|2:1",4,TRUE,0,2,2,"off_axis",2.17869416052972,2.82842712474619,3,4,2,2.1607698869111,3,8,1
751,"-1:-1|1:1|2:-2|2:1",4,TRUE,0,3,1,"off_axis",1.97323055674804,2.82842712474619,2.75,4,2,2.10219124314841,2,8,1
752,"-1:-2|-1:-1|0:1|2:-2",4,TRUE,1,2,1,"mixed",1.86967716615477,2.82842712474619,2.5,4,2,2.00153397218646,2,8,1
753,"-1:-1|-1:1|-1:2|2:2",4,TRUE,0,3,1,"off_axis",1.97323055674804,2.82842712474619,2.75,4,2,1.99574173292381,2,8,1
754,"-1:-2|1:-1|2:-1|2:2",4,TRUE,0,2,2,"off_axis",2.17869416052972,2.82842712474619,3,4,2,2.0659048552118,3,8,1
755,"-1:-2|-1:-1|2:-2|2:2",4,TRUE,0,3,1,"off_axis",2.32678394734132,2.82842712474619,3.25,4,2,2.0607698869111,2,8,1
756,"-1:-2|-1:-1|1:2|2:-2",4,TRUE,0,2,2,"off_axis",2.17869416052972,2.82842712474619,3,4,2,2.04295532842377,2,8,1
757,"-1:-2|-1:-1|0:2|2:-2",4,TRUE,1,2,1,"mixed",2.11967716615477,2.82842712474619,2.75,4,2,1.96011261594915,2,8,1
758,"-1:-2|-1:-1|-1:2|2:-2",4,TRUE,0,2,2,"off_axis",2.17869416052972,2.82842712474619,3,4,2,1.91869125971184,2,8,1
759,"-2:-1|-2:2|-1:-1|2:-2",4,TRUE,0,3,1,"off_axis",2.32678394734132,2.82842712474619,3.25,4,2,1.9607698869111,1,8,1
760,"-2:-1|-1:-2|1:0|2:-2",4,TRUE,1,1,2,"mixed",2.07514076993644,2.82842712474619,2.75,4,2,2.04295532842377,2,8,1
761,"-2:-1|-1:-2|-1:0|2:-2",4,TRUE,1,1,2,"mixed",2.07514076993644,2.82842712474619,2.75,4,2,1.93716308916112,1,8,1
762,"-2:-1|-2:0|-1:-2|2:-2",4,TRUE,1,1,2,"mixed",2.32514076993644,2.82842712474619,3,4,2,1.96011261594915,2,8,1
763,"-1:-2|1:2|2:-2|2:1",4,TRUE,0,1,3,"off_axis",2.38415776431139,2.82842712474619,3.25,4,2,2.14295532842377,3,8,1
764,"-1:-1|1:2|2:-2|2:1",4,TRUE,0,2,2,"off_axis",2.17869416052972,2.82842712474619,3,4,2,2.14361259938572,2,8,1
765,"-1:0|1:-2|2:-1|2:2",4,TRUE,1,1,2,"mixed",2.07514076993644,2.82842712474619,2.75,4,2,2.10219124314841,2,8,1
766,"-1:-1|1:-2|2:-1|2:2",4,TRUE,0,2,2,"off_axis",2.17869416052972,2.82842712474619,3,4,2,2.0607698869111,2,8,1
767,"-1:-2|1:-2|2:-1|2:2",4,TRUE,0,1,3,"off_axis",2.38415776431139,2.82842712474619,3.25,4,2,2.08371941369913,3,8,1
768,"-2:-1|-1:-2|2:-2|2:2",4,TRUE,0,2,2,"off_axis",2.53224755112299,2.82842712474619,3.5,4,2,2.04295532842377,2,8,1
769,"-2:-1|-1:-2|1:2|2:-2",4,TRUE,0,1,3,"off_axis",2.38415776431139,2.82842712474619,3.25,4,2,2.08437668466108,2,8,1
770,"-2:-1|-1:-2|0:2|2:-2",4,TRUE,1,1,2,"mixed",2.32514076993644,2.82842712474619,3,4,2,2.0607698869111,2,8,1
771,"-2:-1|-1:-2|-1:2|2:-2",4,TRUE,0,1,3,"off_axis",2.38415776431139,2.82842712474619,3.25,4,2,1.98371941369913,2,8,1
772,"-2:-1|-2:2|-1:-2|2:-2",4,TRUE,0,2,2,"off_axis",2.53224755112299,2.82842712474619,3.5,4,2,1.97858444539843,2,4,2
773,"-1:-2|-1:0|1:0|2:-2",4,TRUE,2,1,1,"mixed",1.76612377556149,2.82842712474619,2.25,4,2,2.09574173292382,3,8,1
774,"-2:-1|-2:2|0:-2|0:1",4,TRUE,2,1,1,"mixed",2.01612377556149,2.82842712474619,2.5,4,2,2.16011261594915,4,8,1
775,"-1:-1|0:-1|2:-2|2:1",4,TRUE,1,2,1,"mixed",1.86967716615477,2.82842712474619,2.5,4,2,2.0607698869111,3,8,1
776,"-1:-2|0:1|1:0|2:-2",4,TRUE,2,1,1,"mixed",1.76612377556149,2.82842712474619,2.25,4,2,2.0607698869111,3,8,1
777,"-1:-1|-1:2|1:0|2:2",4,TRUE,1,2,1,"mixed",1.86967716615477,2.82842712474619,2.5,4,2,2.1607698869111,3,8,1
778,"-1:-2|0:1|2:-1|2:2",4,TRUE,1,1,2,"mixed",2.07514076993644,2.82842712474619,2.75,4,2,2.20732621144911,4,8,1
779,"-1:-2|1:0|2:-2|2:2",4,TRUE,1,2,1,"mixed",2.22323055674804,2.82842712474619,3,4,2,2.14295532842377,3,8,1
780,"-1:-2|1:0|1:2|2:-2",4,TRUE,1,1,2,"mixed",2.07514076993644,2.82842712474619,2.75,4,2,2.10153397218646,3,8,1
781,"-1:-2|0:2|1:0|2:-2",4,TRUE,2,1,1,"mixed",2.01612377556149,2.82842712474619,2.5,4,2,2.10153397218646,3,8,1
782,"-1:-2|-1:2|1:0|2:-2",4,TRUE,1,1,2,"mixed",2.07514076993644,2.82842712474619,2.75,4,2,2.14295532842377,3,8,1
783,"-2:-1|-2:2|0:1|2:-2",4,TRUE,1,2,1,"mixed",2.22323055674804,2.82842712474619,3,4,2,2.16142715787305,2,8,1
784,"-2:-1|-2:2|0:-2|0:-1",4,TRUE,2,1,1,"mixed",2.01612377556149,2.82842712474619,2.5,4,2,2.03650581819918,3,8,1
785,"-1:-2|-1:0|2:-2|2:1",4,TRUE,1,1,2,"mixed",2.07514076993644,2.82842712474619,2.75,4,2,2.21934853067379,4,8,1
786,"-1:-1|0:1|2:-2|2:1",4,TRUE,1,2,1,"mixed",1.86967716615477,2.82842712474619,2.5,4,2,2.1607698869111,3,8,1
787,"-1:-2|-1:0|0:1|2:-2",4,TRUE,2,1,1,"mixed",1.76612377556149,2.82842712474619,2.25,4,2,2.03716308916112,3,8,1
788,"-1:-1|-1:0|-1:2|2:2",4,TRUE,1,2,1,"mixed",1.86967716615477,2.82842712474619,2.5,4,2,2.01355629141115,3,8,1
789,"-1:-2|0:-1|2:-1|2:2",4,TRUE,1,1,2,"mixed",2.07514076993644,2.82842712474619,2.75,4,2,2.10153397218646,3,8,1
790,"-1:-2|-1:0|2:-2|2:2",4,TRUE,1,2,1,"mixed",2.22323055674804,2.82842712474619,3,4,2,2.17858444539843,3,8,1
791,"-1:-2|-1:0|1:2|2:-2",4,TRUE,1,1,2,"mixed",2.07514076993644,2.82842712474619,2.75,4,2,2.1607698869111,3,8,1
792,"-1:-2|-1:0|0:2|2:-2",4,TRUE,2,1,1,"mixed",2.01612377556149,2.82842712474619,2.5,4,2,2.07792717443648,3,8,1
793,"-1:-2|-1:0|-1:2|2:-2",4,TRUE,1,1,2,"mixed",2.07514076993644,2.82842712474619,2.75,4,2,2.03650581819918,3,8,1
794,"-2:-1|-2:2|0:-1|2:-2",4,TRUE,1,2,1,"mixed",2.22323055674804,2.82842712474619,3,4,2,2.07858444539843,2,8,1
795,"-1:-2|0:2|2:-2|2:1",4,TRUE,1,1,2,"mixed",2.32514076993644,2.82842712474619,3,4,2,2.20153397218646,4,8,1
796,"-1:-1|0:2|2:-2|2:1",4,TRUE,1,2,1,"mixed",2.11967716615477,2.82842712474619,2.75,4,2,2.22514076993644,4,8,1
797,"-1:0|0:-2|2:-1|2:2",4,TRUE,2,1,1,"mixed",2.01612377556149,2.82842712474619,2.5,4,2,2.18371941369913,4,8,1
798,"-1:-1|0:-2|2:-1|2:2",4,TRUE,1,2,1,"mixed",2.11967716615477,2.82842712474619,2.75,4,2,2.11934853067379,3,8,1
799,"-1:-2|0:-2|2:-1|2:2",4,TRUE,1,1,2,"mixed",2.32514076993644,2.82842712474619,3,4,2,2.12448349897449,4,8,1
800,"-2:-1|-2:2|0:-2|2:2",4,TRUE,1,2,1,"mixed",2.47323055674804,2.82842712474619,3.25,4,2,2.18371941369913,4,8,1
801,"-2:-1|-2:2|0:-2|2:1",4,TRUE,1,1,2,"mixed",2.32514076993644,2.82842712474619,3,4,2,2.22514076993644,4,8,1
802,"-2:-1|-2:2|0:-2|2:0",4,TRUE,2,1,1,"mixed",2.26612377556149,2.82842712474619,2.75,4,2,2.20153397218646,4,8,1
803,"-2:-1|-2:2|0:-2|2:-1",4,TRUE,1,1,2,"mixed",2.32514076993644,2.82842712474619,3,4,2,2.12448349897449,4,8,1
804,"-1:-1|-1:2|2:-1|2:2",4,TRUE,0,2,2,"off_axis",2.17869416052972,2.82842712474619,3,4,2,2.23716308916112,4,4,2
805,"-1:-2|-1:2|2:-1|2:2",4,TRUE,0,1,3,"off_axis",2.38415776431139,2.82842712474619,3.25,4,2,2.18371941369913,4,8,1
806,"-2:-1|-2:2|1:2|2:-2",4,TRUE,0,2,2,"off_axis",2.53224755112299,2.82842712474619,3.5,4,2,2.12000580163574,2,4,2
807,"-1:-1|-1:0|2:-2|2:1",4,TRUE,1,2,1,"mixed",1.86967716615477,2.82842712474619,2.5,4,2,2.0607698869111,3,8,1
808,"-1:-1|-1:1|2:-1|2:2",4,TRUE,0,3,1,"off_axis",1.97323055674804,2.82842712474619,2.75,4,2,2.17858444539843,3,8,1
809,"-1:-1|-1:2|2:-2|2:1",4,TRUE,0,2,2,"off_axis",2.17869416052972,2.82842712474619,3,4,2,2.22514076993644,4,8,1
810,"-1:-2|1:1|2:-2|2:2",4,TRUE,0,3,1,"off_axis",2.32678394734132,2.82842712474619,3.25,4,2,2.10219124314841,2,8,1
811,"-1:-2|1:1|1:2|2:-2",4,TRUE,0,2,2,"off_axis",2.17869416052972,2.82842712474619,3,4,2,2.04295532842377,2,8,1
812,"-1:-2|0:2|1:1|2:-2",4,TRUE,1,2,1,"mixed",2.11967716615477,2.82842712474619,2.75,4,2,2.0607698869111,2,8,1
813,"-1:-2|-1:2|1:-1|2:2",4,TRUE,0,2,2,"off_axis",2.17869416052972,2.82842712474619,3,4,2,2.12514076993644,3,8,1
814,"-2:-1|-2:2|1:1|2:-2",4,TRUE,0,3,1,"off_axis",2.32678394734132,2.82842712474619,3.25,4,2,2.14361259938572,2,8,1
815,"-1:-1|-1:0|2:-1|2:2",4,TRUE,1,2,1,"mixed",1.86967716615477,2.82842712474619,2.5,4,2,2.03716308916112,3,8,1
816,"-1:-2|-1:0|2:-1|2:2",4,TRUE,1,1,2,"mixed",2.07514076993644,2.82842712474619,2.75,4,2,2.18371941369913,4,8,1
817,"-1:-2|0:1|2:-2|2:2",4,TRUE,1,2,1,"mixed",2.22323055674804,2.82842712474619,3,4,2,2.14295532842377,3,8,1
818,"-1:-2|0:1|1:2|2:-2",4,TRUE,1,1,2,"mixed",2.07514076993644,2.82842712474619,2.75,4,2,2.04295532842377,2,8,1
819,"-1:-2|0:1|0:2|2:-2",4,TRUE,2,1,1,"mixed",2.01612377556149,2.82842712474619,2.5,4,2,1.97792717443648,2,8,1
820,"-1:-2|-1:2|0:-1|2:2",4,TRUE,1,1,2,"mixed",2.07514076993644,2.82842712474619,2.75,4,2,2.00153397218646,2,8,1
821,"-2:-1|-2:2|1:0|2:-2",4,TRUE,1,2,1,"mixed",2.22323055674804,2.82842712474619,3,4,2,2.10219124314841,2,8,1
822,"-1:-2|-1:-1|2:-1|2:2",4,TRUE,0,2,2,"off_axis",2.17869416052972,2.82842712474619,3,4,2,2.10153397218646,3,8,1
823,"-1:-1|-1:2|2:-2|2:2",4,TRUE,0,3,1,"off_axis",2.32678394734132,2.82842712474619,3.25,4,2,2.1607698869111,3,8,1
824,"-1:-1|-1:2|1:-2|2:2",4,TRUE,0,2,2,"off_axis",2.17869416052972,2.82842712474619,3,4,2,2.14295532842377,3,8,1
825,"-1:-1|-1:2|0:-2|2:2",4,TRUE,1,2,1,"mixed",2.11967716615477,2.82842712474619,2.75,4,2,2.03716308916112,2,8,1
826,"-1:-2|-1:-1|-1:2|2:2",4,TRUE,0,2,2,"off_axis",2.17869416052972,2.82842712474619,3,4,2,1.97792717443648,2,8,1
827,"-2:-1|-2:2|1:-1|2:-2",4,TRUE,0,3,1,"off_axis",2.32678394734132,2.82842712474619,3.25,4,2,2.03782036012307,1,8,1
828,"-2:-1|-1:2|2:-2|2:2",4,TRUE,0,2,2,"off_axis",2.53224755112299,2.82842712474619,3.5,4,2,2.12514076993644,3,8,1
829,"-2:-1|-1:2|1:-2|2:2",4,TRUE,0,1,3,"off_axis",2.38415776431139,2.82842712474619,3.25,4,2,2.18951165296178,4,8,1
830,"-2:-1|-1:2|0:-2|2:2",4,TRUE,1,1,2,"mixed",2.32514076993644,2.82842712474619,3,4,2,2.1659048552118,4,8,1
831,"-2:-1|-1:-2|-1:2|2:2",4,TRUE,0,1,3,"off_axis",2.38415776431139,2.82842712474619,3.25,4,2,2.0659048552118,3,8,1
832,"-1:-2|-1:2|2:-2|2:2",4,TRUE,0,2,2,"off_axis",2.53224755112299,2.82842712474619,3.5,4,2,2.06011261594915,3,4,2
833,"-2:-1|-2:2|2:-2|2:2",4,TRUE,0,3,1,"off_axis",2.68033733793459,2.82842712474619,3.75,4,2,1.97858444539843,2,8,1
834,"-1:-2|0:2|1:2|2:-2",4,TRUE,1,1,2,"mixed",2.32514076993644,2.82842712474619,3,4,2,1.96011261594915,2,8,1
835,"-1:-2|-1:2|1:-2|2:2",4,TRUE,0,1,3,"off_axis",2.38415776431139,2.82842712474619,3.25,4,2,2.04229805746182,3,8,1
836,"-2:-1|-2:2|2:-2|2:1",4,TRUE,0,2,2,"off_axis",2.53224755112299,2.82842712474619,3.5,4,2,2.0607698869111,2,4,2
837,"-1:-2|-1:2|0:-2|2:2",4,TRUE,1,1,2,"mixed",2.32514076993644,2.82842712474619,3,4,2,1.91869125971184,3,8,1
838,"-2:-2|-1:-1|0:-1|2:-2",4,TRUE,1,3,0,"mixed",2.01776695296637,2.82842712474619,2.75,4,2,1.81934853067379,1,8,1
839,"-2:-2|-1:-1|1:-1|2:-2",4,TRUE,0,4,0,"diagonal_only",2.12132034355964,2.82842712474619,3,4,2,1.87858444539843,1,4,2
840,"-2:-2|-1:-1|-1:0|2:-2",4,TRUE,1,3,0,"mixed",2.01776695296637,2.82842712474619,2.75,4,2,1.87858444539843,1,8,1
841,"-2:-2|-1:-1|1:0|2:-2",4,TRUE,1,3,0,"mixed",2.01776695296637,2.82842712474619,2.75,4,2,2.00219124314841,1,8,1
842,"-1:-1|1:-1|2:-2|2:2",4,TRUE,0,4,0,"diagonal_only",2.12132034355964,2.82842712474619,3,4,2,2.02000580163574,1,8,1
843,"-1:0|1:-1|2:-2|2:2",4,TRUE,1,3,0,"mixed",2.01776695296637,2.82842712474619,2.75,4,2,2.06142715787305,1,8,1
844,"-1:-1|1:1|2:-2|2:2",4,TRUE,0,4,0,"diagonal_only",2.12132034355964,2.82842712474619,3,4,2,2.10284851411036,1,8,1
845,"-2:-2|-2:2|-1:-1|2:-2",4,TRUE,0,4,0,"diagonal_only",2.47487373415292,2.82842712474619,3.5,4,2,1.92000580163574,1,4,2
846,"-2:-1|1:-1|2:-2|2:2",4,TRUE,0,3,1,"off_axis",2.32678394734132,2.82842712474619,3.25,4,2,1.9607698869111,1,8,1
847,"-2:-2|-1:-1|0:2|2:-2",4,TRUE,1,3,0,"mixed",2.26776695296637,2.82842712474619,3,4,2,2.04295532842377,2,8,1
848,"-2:-1|1:1|2:-2|2:2",4,TRUE,0,3,1,"off_axis",2.32678394734132,2.82842712474619,3.25,4,2,2.04361259938572,1,8,1
849,"-2:-2|-1:-1|2:-2|2:2",4,TRUE,0,4,0,"diagonal_only",2.47487373415292,2.82842712474619,3.5,4,2,1.97924171636038,1,8,1
850,"-2:-2|-1:0|0:-1|2:-2",4,TRUE,2,2,0,"mixed",1.9142135623731,2.82842712474619,2.5,4,2,1.9607698869111,2,8,1
851,"-1:-1|1:0|2:-2|2:2",4,TRUE,1,3,0,"mixed",2.01776695296637,2.82842712474619,2.75,4,2,2.08437668466108,2,8,1
852,"-1:0|1:0|2:-2|2:2",4,TRUE,2,2,0,"mixed",1.9142135623731,2.82842712474619,2.5,4,2,2.07858444539843,2,4,2
853,"-2:-2|-2:2|-1:0|2:-2",4,TRUE,1,3,0,"mixed",2.37132034355964,2.82842712474619,3.25,4,2,2.02000580163574,2,8,1
854,"-2:-1|1:0|2:-2|2:2",4,TRUE,1,2,1,"mixed",2.22323055674804,2.82842712474619,3,4,2,2.02514076993644,2,8,1
855,"-2:-2|-2:2|-1:0|2:0",4,TRUE,2,2,0,"mixed",2.16421356237309,2.82842712474619,2.75,4,2,2.06011261594915,3,4,2
856,"-2:-2|-1:0|1:0|2:-2",4,TRUE,2,2,0,"mixed",1.9142135623731,2.82842712474619,2.5,4,2,2.07858444539843,2,4,2
857,"-1:-1|0:-1|2:-2|2:2",4,TRUE,1,3,0,"mixed",2.01776695296637,2.82842712474619,2.75,4,2,2.02000580163574,2,8,1
858,"-1:0|0:-1|2:-2|2:2",4,TRUE,2,2,0,"mixed",1.9142135623731,2.82842712474619,2.5,4,2,2.07924171636038,2,8,1
859,"-1:-1|0:1|2:-2|2:2",4,TRUE,1,3,0,"mixed",2.01776695296637,2.82842712474619,2.75,4,2,2.14361259938572,2,8,1
860,"-2:-1|0:-1|2:-2|2:2",4,TRUE,1,2,1,"mixed",2.22323055674804,2.82842712474619,3,4,2,2.0607698869111,2,8,1
861,"-2:-2|-1:0|0:2|2:-2",4,TRUE,2,2,0,"mixed",2.16421356237309,2.82842712474619,2.75,4,2,2.14295532842377,3,8,1
862,"-2:-1|0:1|2:-2|2:2",4,TRUE,1,2,1,"mixed",2.22323055674804,2.82842712474619,3,4,2,2.14361259938572,2,8,1
863,"-2:-2|-1:0|2:-2|2:2",4,TRUE,1,3,0,"mixed",2.37132034355964,2.82842712474619,3.25,4,2,2.07924171636038,2,8,1
864,"-1:-1|-1:0|2:-2|2:2",4,TRUE,1,3,0,"mixed",2.01776695296637,2.82842712474619,2.75,4,2,2.07924171636038,2,8,1
865,"-1:-1|-1:1|2:-2|2:2",4,TRUE,0,4,0,"diagonal_only",2.12132034355964,2.82842712474619,3,4,2,2.16142715787305,2,4,2
866,"-2:-1|-1:-1|2:-2|2:2",4,TRUE,0,3,1,"off_axis",2.32678394734132,2.82842712474619,3.25,4,2,2.00219124314841,1,8,1
867,"-2:-2|-1:1|0:2|2:-2",4,TRUE,1,3,0,"mixed",2.26776695296637,2.82842712474619,3,4,2,2.10219124314841,2,8,1
868,"-2:-1|-1:1|2:-2|2:2",4,TRUE,0,3,1,"off_axis",2.32678394734132,2.82842712474619,3.25,4,2,2.12579804089839,2,8,1
869,"-2:-2|-1:1|2:-2|2:2",4,TRUE,0,4,0,"diagonal_only",2.47487373415292,2.82842712474619,3.5,4,2,2.06142715787305,2,4,2
870,"-2:-1|-1:0|2:-2|2:2",4,TRUE,1,2,1,"mixed",2.22323055674804,2.82842712474619,3,4,2,2.06142715787305,1,8,1
871,"-2:-2|-2:2|1:0|2:0",4,TRUE,2,2,0,"mixed",2.16421356237309,2.82842712474619,2.75,4,2,2.07858444539843,2,4,2
872,"-2:-2|-2:2|2:-2|2:2",4,TRUE,0,4,0,"diagonal_only",2.82842712474619,2.82842712474619,4,4,2,1.8142135623731,2,1,8
873,"-2:-1|-2:0|2:-2|2:2",4,TRUE,1,2,1,"mixed",2.47323055674804,2.82842712474619,3.25,4,2,2.00153397218646,2,8,1
874,"-2:-1|-2:1|2:-2|2:2",4,TRUE,0,2,2,"off_axis",2.53224755112299,2.82842712474619,3.5,4,2,2.04295532842377,2,4,2
875,"-1:-1|0:-1|1:-1|2:-2",4,TRUE,1,3,0,"mixed",1.6642135623731,2.82842712474619,2.25,4,2,1.65432037668651,1,8,1
876,"-2:-1|0:-1|1:-1|2:-2",4,TRUE,1,2,1,"mixed",1.86967716615477,2.82842712474619,2.5,4,2,1.75432037668651,1,8,1
877,"-2:-2|-1:-1|-1:0|0:-1",4,TRUE,2,2,0,"mixed",1.56066017177982,2.82842712474619,2,4,2,1.55432037668651,1,4,2
878,"-1:0|0:-1|1:-1|2:-2",4,TRUE,2,2,0,"mixed",1.56066017177982,2.82842712474619,2,4,2,1.73716308916112,1,8,1
879,"-2:-2|-1:-1|-1:0|0:2",4,TRUE,2,2,0,"mixed",1.81066017177982,2.82842712474619,2.25,4,2,1.86011261594915,2,8,1
880,"-1:-1|1:-1|1:0|2:-2",4,TRUE,1,3,0,"mixed",1.6642135623731,2.82842712474619,2.25,4,2,1.77792717443648,1,8,1
881,"-1:0|1:-1|1:0|2:-2",4,TRUE,2,2,0,"mixed",1.56066017177982,2.82842712474619,2,4,2,1.79574173292382,1,8,1
882,"-1:-1|0:1|1:1|2:2",4,TRUE,1,3,0,"mixed",1.6642135623731,2.82842712474619,2.25,4,2,1.92000580163574,1,8,1
883,"-1:-2|1:0|1:1|2:2",4,TRUE,1,2,1,"mixed",1.86967716615477,2.82842712474619,2.5,4,2,2.00219124314841,2,8,1
884,"-2:-1|1:-1|1:0|2:-2",4,TRUE,1,2,1,"mixed",1.86967716615477,2.82842712474619,2.5,4,2,1.77792717443648,1,8,1
885,"-2:-2|-1:-1|-1:0|2:0",4,TRUE,2,2,0,"mixed",1.81066017177982,2.82842712474619,2.25,4,2,1.83650581819917,2,8,1
886,"-1:-2|0:1|1:1|2:2",4,TRUE,1,2,1,"mixed",1.86967716615477,2.82842712474619,2.5,4,2,1.94295532842377,2,8,1
887,"-2:-2|-1:-1|-1:0|2:2",4,TRUE,1,3,0,"mixed",2.01776695296637,2.82842712474619,2.75,4,2,1.97924171636038,1,8,1
888,"-2:-1|-1:-1|1:-1|2:-2",4,TRUE,0,3,1,"off_axis",1.97323055674804,2.82842712474619,2.75,4,2,1.79574173292382,1,8,1
889,"-1:-1|-1:0|1:-1|2:-2",4,TRUE,1,3,0,"mixed",1.6642135623731,2.82842712474619,2.25,4,2,1.83716308916112,1,8,1
890,"-2:-2|-1:-1|-1:1|0:2",4,TRUE,1,3,0,"mixed",1.9142135623731,2.82842712474619,2.5,4,2,1.91934853067379,1,8,1
891,"-1:-1|1:-1|1:1|2:-2",4,TRUE,0,4,0,"diagonal_only",1.76776695296637,2.82842712474619,2.5,4,2,1.97858444539843,1,4,2
892,"-1:-1|0:1|1:-1|2:-2",4,TRUE,1,3,0,"mixed",1.6642135623731,2.82842712474619,2.25,4,2,1.9607698869111,1,8,1
893,"-1:-1|-1:1|1:-1|2:-2",4,TRUE,0,4,0,"diagonal_only",1.76776695296637,2.82842712474619,2.5,4,2,2.03782036012307,1,8,1
894,"-1:-2|1:-1|1:1|2:2",4,TRUE,0,3,1,"off_axis",1.97323055674804,2.82842712474619,2.75,4,2,2.08437668466108,2,8,1
895,"-1:-1|1:-1|1:2|2:-2",4,TRUE,0,3,1,"off_axis",1.97323055674804,2.82842712474619,2.75,4,2,1.97858444539843,1,8,1
896,"-1:-1|0:2|1:-1|2:-2",4,TRUE,1,3,0,"mixed",1.9142135623731,2.82842712474619,2.5,4,2,2.00153397218646,2,8,1
897,"-1:-1|-1:2|1:-1|2:-2",4,TRUE,0,3,1,"off_axis",1.97323055674804,2.82842712474619,2.75,4,2,2.0607698869111,2,8,1
898,"-2:-2|-1:-1|-1:1|2:2",4,TRUE,0,4,0,"diagonal_only",2.12132034355964,2.82842712474619,3,4,2,2.06142715787305,1,8,1
899,"-2:-1|-1:0|1:-1|2:-2",4,TRUE,1,2,1,"mixed",1.86967716615477,2.82842712474619,2.5,4,2,1.87858444539843,1,8,1
900,"-2:-1|-2:0|1:-1|2:-2",4,TRUE,1,2,1,"mixed",2.11967716615477,2.82842712474619,2.75,4,2,1.87792717443648,1,8,1
901,"-1:0|1:-1|1:2|2:-2",4,TRUE,1,2,1,"mixed",1.86967716615477,2.82842712474619,2.5,4,2,2.02000580163574,1,8,1
902,"-1:-1|1:-2|1:1|2:2",4,TRUE,0,3,1,"off_axis",1.97323055674804,2.82842712474619,2.75,4,2,2.06142715787305,1,8,1
903,"-1:-2|1:-2|1:1|2:2",4,TRUE,0,2,2,"off_axis",2.17869416052972,2.82842712474619,3,4,2,2.0607698869111,2,8,1
904,"-2:-1|1:-1|1:2|2:-2",4,TRUE,0,2,2,"off_axis",2.17869416052972,2.82842712474619,3,4,2,1.97858444539843,1,4,2
905,"-2:-1|0:2|1:-1|2:-2",4,TRUE,1,2,1,"mixed",2.11967716615477,2.82842712474619,2.75,4,2,2.0607698869111,2,8,1
906,"-2:-1|-1:2|1:-1|2:-2",4,TRUE,0,2,2,"off_axis",2.17869416052972,2.82842712474619,3,4,2,2.08437668466108,2,8,1
907,"-2:-2|-1:-1|0:1|0:2",4,TRUE,2,2,0,"mixed",1.81066017177982,2.82842712474619,2.25,4,2,1.91934853067379,1,8,1
908,"-1:0|0:-1|1:1|2:2",4,TRUE,2,2,0,"mixed",1.56066017177982,2.82842712474619,2,4,2,1.92000580163574,1,4,2
909,"-1:-1|-1:0|1:1|2:2",4,TRUE,1,3,0,"mixed",1.6642135623731,2.82842712474619,2.25,4,2,1.97924171636038,1,8,1
910,"-1:-2|0:-1|1:1|2:2",4,TRUE,1,2,1,"mixed",1.86967716615477,2.82842712474619,2.5,4,2,2.04361259938572,1,8,1
911,"-1:0|0:-2|1:1|2:2",4,TRUE,2,2,0,"mixed",1.81066017177982,2.82842712474619,2.25,4,2,2.04295532842377,2,8,1
912,"-1:-2|-1:0|1:1|2:2",4,TRUE,1,2,1,"mixed",1.86967716615477,2.82842712474619,2.5,4,2,2.10219124314841,2,8,1
913,"-2:-2|-1:-1|0:1|2:2",4,TRUE,1,3,0,"mixed",2.01776695296637,2.82842712474619,2.75,4,2,2.10284851411036,1,8,1
914,"-1:-1|0:-2|1:1|2:2",4,TRUE,1,3,0,"mixed",1.9142135623731,2.82842712474619,2.5,4,2,2.06142715787305,1,8,1
915,"-1:-2|0:-2|1:1|2:2",4,TRUE,1,2,1,"mixed",2.11967716615477,2.82842712474619,2.75,4,2,2.04295532842377,2,8,1
916,"-2:-2|-1:-1|0:2|2:0",4,TRUE,2,2,0,"mixed",2.06066017177982,2.82842712474619,2.5,4,2,2.14295532842377,3,4,2
917,"-2:-1|0:-2|1:1|2:2",4,TRUE,1,2,1,"mixed",2.11967716615477,2.82842712474619,2.75,4,2,2.16656212617375,3,8,1
918,"-1:-2|-1:-1|1:1|2:2",4,TRUE,0,3,1,"off_axis",1.97323055674804,2.82842712474619,2.75,4,2,2.10284851411036,1,8,1
919,"-2:-2|-1:-1|1:1|2:2",4,TRUE,0,4,0,"diagonal_only",2.12132034355964,2.82842712474619,3,4,2,2.12132034355964,1,2,4
920,"-2:-1|-1:-2|1:1|2:2",4,TRUE,0,2,2,"off_axis",2.17869416052972,2.82842712474619,3,4,2,2.1672193971357,2,4,2
921,"-2:-1|-1:-1|0:-1|2:-2",4,TRUE,1,2,1,"mixed",1.86967716615477,2.82842712474619,2.5,4,2,1.73650581819918,1,8,1
922,"-1:-1|0:-1|1:0|2:-2",4,TRUE,2,2,0,"mixed",1.56066017177982,2.82842712474619,2,4,2,1.76011261594915,2,8,1
923,"-1:-1|-1:0|0:-1|2:-2",4,TRUE,2,2,0,"mixed",1.56066017177982,2.82842712474619,2,4,2,1.69574173292382,2,8,1
924,"-2:-2|-1:0|-1:1|0:2",4,TRUE,2,2,0,"mixed",1.81066017177982,2.82842712474619,2.25,4,2,1.86011261594915,2,8,1
925,"-1:-1|0:-1|1:1|2:-2",4,TRUE,1,3,0,"mixed",1.6642135623731,2.82842712474619,2.25,4,2,1.94295532842377,2,8,1
926,"-1:-1|0:-1|0:1|2:-2",4,TRUE,2,2,0,"mixed",1.56066017177982,2.82842712474619,2,4,2,1.87792717443648,2,8,1
927,"-1:-1|-1:1|0:-1|2:-2",4,TRUE,1,3,0,"mixed",1.6642135623731,2.82842712474619,2.25,4,2,1.91934853067379,2,8,1
928,"-1:-2|1:-1|1:0|2:2",4,TRUE,1,2,1,"mixed",1.86967716615477,2.82842712474619,2.5,4,2,2.02514076993644,3,8,1
929,"-1:-1|0:-1|1:2|2:-2",4,TRUE,1,2,1,"mixed",1.86967716615477,2.82842712474619,2.5,4,2,1.94295532842377,2,8,1
930,"-1:-1|0:-1|0:2|2:-2",4,TRUE,2,2,0,"mixed",1.81066017177982,2.82842712474619,2.25,4,2,1.91869125971184,3,8,1
931,"-1:-1|-1:2|0:-1|2:-2",4,TRUE,1,2,1,"mixed",1.86967716615477,2.82842712474619,2.5,4,2,1.94229805746182,3,8,1
932,"-2:-2|-1:0|-1:1|2:2",4,TRUE,1,3,0,"mixed",2.01776695296637,2.82842712474619,2.75,4,2,2.00219124314841,2,8,1
933,"-2:-1|0:-1|1:0|2:-2",4,TRUE,2,1,1,"mixed",1.76612377556149,2.82842712474619,2.25,4,2,1.86011261594915,2,8,1
934,"-2:-1|-1:0|0:-1|2:-2",4,TRUE,2,1,1,"mixed",1.76612377556149,2.82842712474619,2.25,4,2,1.83716308916112,1,8,1
935,"-2:-1|-2:0|0:-1|2:-2",4,TRUE,2,1,1,"mixed",2.01612377556149,2.82842712474619,2.5,4,2,1.91869125971184,2,8,1
936,"-1:-1|1:0|1:2|2:-2",4,TRUE,1,2,1,"mixed",1.86967716615477,2.82842712474619,2.5,4,2,2.04295532842377,2,8,1
937,"-1:0|1:-2|1:0|2:2",4,TRUE,2,1,1,"mixed",1.76612377556149,2.82842712474619,2.25,4,2,2.03716308916112,2,8,1
938,"-1:-1|1:-2|1:0|2:2",4,TRUE,1,2,1,"mixed",1.86967716615477,2.82842712474619,2.5,4,2,2.04295532842377,2,8,1
939,"-1:-2|1:-2|1:0|2:2",4,TRUE,1,1,2,"mixed",2.07514076993644,2.82842712474619,2.75,4,2,2.10153397218646,3,8,1
940,"-2:-1|0:-1|1:2|2:-2",4,TRUE,1,1,2,"mixed",2.07514076993644,2.82842712474619,2.75,4,2,2.04295532842377,2,8,1
941,"-2:-1|0:-1|0:2|2:-2",4,TRUE,2,1,1,"mixed",2.01612377556149,2.82842712474619,2.5,4,2,2.07792717443648,3,8,1
942,"-2:-1|-1:2|0:-1|2:-2",4,TRUE,1,1,2,"mixed",2.07514076993644,2.82842712474619,2.75,4,2,2.0659048552118,3,8,1
943,"-1:0|0:-1|1:0|2:-2",4,TRUE,3,1,0,"mixed",1.45710678118655,2.82842712474619,1.75,4,2,1.79574173292382,2,8,1
944,"-2:-2|-1:0|0:-1|0:2",4,TRUE,3,1,0,"mixed",1.70710678118655,2.82842712474619,2,4,2,1.91869125971184,3,8,1
945,"-1:-1|0:1|1:0|2:2",4,TRUE,2,2,0,"mixed",1.56066017177982,2.82842712474619,2,4,2,1.94295532842377,2,4,2
946,"-1:-2|0:1|1:0|2:2",4,TRUE,2,1,1,"mixed",1.76612377556149,2.82842712474619,2.25,4,2,2.02514076993644,3,8,1
947,"-2:-2|-1:0|0:-1|2:2",4,TRUE,2,2,0,"mixed",1.9142135623731,2.82842712474619,2.5,4,2,2.06142715787305,2,4,2
948,"-2:-2|-1:0|0:1|0:2",4,TRUE,3,1,0,"mixed",1.70710678118655,2.82842712474619,2,4,2,1.87792717443648,2,8,1
949,"-1:-1|0:1|1:0|2:-2",4,TRUE,2,2,0,"mixed",1.56066017177982,2.82842712474619,2,4,2,1.94295532842377,2,8,1
950,"-1:0|0:-1|0:1|2:-2",4,TRUE,3,1,0,"mixed",1.45710678118655,2.82842712474619,1.75,4,2,1.85497764764846,2,8,1
951,"-1:-1|-1:0|0:1|2:2",4,TRUE,2,2,0,"mixed",1.56066017177982,2.82842712474619,2,4,2,1.87858444539843,2,8,1
952,"-1:-2|0:-1|1:0|2:2",4,TRUE,2,1,1,"mixed",1.76612377556149,2.82842712474619,2.25,4,2,2.00219124314841,2,8,1
953,"-1:0|0:-1|1:2|2:-2",4,TRUE,2,1,1,"mixed",1.76612377556149,2.82842712474619,2.25,4,2,2.00219124314841,2,8,1
954,"-1:0|0:-1|0:2|2:-2",4,TRUE,3,1,0,"mixed",1.70710678118655,2.82842712474619,2,4,2,1.97792717443648,3,8,1
955,"-1:-2|-1:0|0:1|2:2",4,TRUE,2,1,1,"mixed",1.76612377556149,2.82842712474619,2.25,4,2,2.00153397218646,3,8,1
956,"-2:-2|-1:0|0:1|2:2",4,TRUE,2,2,0,"mixed",1.9142135623731,2.82842712474619,2.5,4,2,2.06142715787305,2,4,2
957,"-1:-1|0:2|1:0|2:-2",4,TRUE,2,2,0,"mixed",1.81066017177982,2.82842712474619,2.25,4,2,2.0659048552118,3,8,1
958,"-1:0|0:-2|1:0|2:2",4,TRUE,3,1,0,"mixed",1.70710678118655,2.82842712474619,2,4,2,2.06011261594915,3,8,1
959,"-1:-1|0:-2|1:0|2:2",4,TRUE,2,2,0,"mixed",1.81066017177982,2.82842712474619,2.25,4,2,2.04295532842377,2,8,1
960,"-1:-2|0:-2|1:0|2:2",4,TRUE,2,1,1,"mixed",2.01612377556149,2.82842712474619,2.5,4,2,2.08371941369913,3,8,1
961,"-2:-1|0:2|1:0|2:-2",4,TRUE,2,1,1,"mixed",2.01612377556149,2.82842712474619,2.5,4,2,2.12514076993644,3,8,1
962,"-2:-2|-1:0|0:2|2:0",4,TRUE,3,1,0,"mixed",1.95710678118655,2.82842712474619,2.25,4,2,2.16011261594915,4,8,1
963,"-2:-1|0:-2|1:0|2:2",4,TRUE,2,1,1,"mixed",2.01612377556149,2.82842712474619,2.5,4,2,2.14809029672447,4,8,1
964,"-1:-1|-1:0|1:0|2:-2",4,TRUE,2,2,0,"mixed",1.56066017177982,2.82842712474619,2,4,2,1.87792717443648,2,8,1
965,"-1:-1|-1:1|1:0|2:-2",4,TRUE,1,3,0,"mixed",1.6642135623731,2.82842712474619,2.25,4,2,2.04295532842377,2,8,1
966,"-1:-1|-1:2|1:0|2:-2",4,TRUE,1,2,1,"mixed",1.86967716615477,2.82842712474619,2.5,4,2,2.12514076993644,3,8,1
967,"-2:-1|-1:-1|1:0|2:-2",4,TRUE,1,2,1,"mixed",1.86967716615477,2.82842712474619,2.5,4,2,1.88371941369913,1,8,1
968,"-2:-2|-1:0|1:-1|2:0",4,TRUE,2,2,0,"mixed",1.81066017177982,2.82842712474619,2.25,4,2,1.96011261594915,2,8,1
969,"-1:-2|0:1|1:-1|2:2",4,TRUE,1,2,1,"mixed",1.86967716615477,2.82842712474619,2.5,4,2,2.08951165296178,3,8,1
970,"-2:-2|-1:0|1:-1|2:2",4,TRUE,1,3,0,"mixed",2.01776695296637,2.82842712474619,2.75,4,2,2.12579804089839,2,8,1
971,"-1:-1|-1:0|1:0|2:2",4,TRUE,2,2,0,"mixed",1.56066017177982,2.82842712474619,2,4,2,1.93716308916112,2,8,1
972,"-1:-2|-1:0|1:0|2:2",4,TRUE,2,1,1,"mixed",1.76612377556149,2.82842712474619,2.25,4,2,2.11934853067379,3,8,1
973,"-2:-1|-1:0|1:0|2:-2",4,TRUE,2,1,1,"mixed",1.76612377556149,2.82842712474619,2.25,4,2,1.91934853067379,1,8,1
974,"-2:-2|-1:0|1:0|2:0",4,TRUE,3,1,0,"mixed",1.70710678118655,2.82842712474619,2,4,2,1.9128990204492,2,8,1
975,"-1:-2|0:-1|0:1|2:2",4,TRUE,2,1,1,"mixed",1.76612377556149,2.82842712474619,2.25,4,2,2.00153397218646,2,8,1
976,"-2:-2|-1:0|1:0|2:2",4,TRUE,2,2,0,"mixed",1.9142135623731,2.82842712474619,2.5,4,2,2.12000580163574,2,4,2
977,"-1:-2|-1:-1|1:0|2:2",4,TRUE,1,2,1,"mixed",1.86967716615477,2.82842712474619,2.5,4,2,2.08437668466108,2,8,1
978,"-1:-1|0:1|1:-2|2:2",4,TRUE,1,2,1,"mixed",1.86967716615477,2.82842712474619,2.5,4,2,2.06656212617375,2,8,1
979,"-1:-1|0:-2|0:1|2:2",4,TRUE,2,2,0,"mixed",1.81066017177982,2.82842712474619,2.25,4,2,2.01934853067379,2,8,1
980,"-1:-2|-1:-1|0:1|2:2",4,TRUE,1,2,1,"mixed",1.86967716615477,2.82842712474619,2.5,4,2,2.02514076993644,2,8,1
981,"-2:-1|-1:2|1:0|2:-2",4,TRUE,1,1,2,"mixed",2.07514076993644,2.82842712474619,2.75,4,2,2.14874756768642,3,8,1
982,"-2:-1|0:-2|0:1|2:2",4,TRUE,2,1,1,"mixed",2.01612377556149,2.82842712474619,2.5,4,2,2.18371941369913,4,8,1
983,"-2:-1|-1:-2|0:1|2:2",4,TRUE,1,1,2,"mixed",2.07514076993644,2.82842712474619,2.75,4,2,2.14874756768642,3,8,1
984,"-2:-1|-2:0|1:0|2:-2",4,TRUE,2,1,1,"mixed",2.01612377556149,2.82842712474619,2.5,4,2,1.91869125971184,2,8,1
985,"-1:-2|0:1|1:-2|2:2",4,TRUE,1,1,2,"mixed",2.07514076993644,2.82842712474619,2.75,4,2,2.0659048552118,3,8,1
986,"-1:-2|0:-2|0:1|2:2",4,TRUE,2,1,1,"mixed",2.01612377556149,2.82842712474619,2.5,4,2,2.00087670122451,3,8,1
987,"-2:-1|-1:-1|-1:0|2:-2",4,TRUE,1,2,1,"mixed",1.86967716615477,2.82842712474619,2.5,4,2,1.73716308916112,1,8,1
988,"-2:-1|-2:0|-1:-1|2:-2",4,TRUE,1,2,1,"mixed",2.11967716615477,2.82842712474619,2.75,4,2,1.77792717443648,1,8,1
989,"-1:-1|1:1|1:2|2:-2",4,TRUE,0,3,1,"off_axis",1.97323055674804,2.82842712474619,2.75,4,2,2.04361259938572,1,8,1
990,"-1:0|1:-2|1:-1|2:2",4,TRUE,1,2,1,"mixed",1.86967716615477,2.82842712474619,2.5,4,2,2.00219124314841,1,8,1
991,"-1:-1|1:-2|1:-1|2:2",4,TRUE,0,3,1,"off_axis",1.97323055674804,2.82842712474619,2.75,4,2,1.9607698869111,1,8,1
992,"-1:-2|1:-2|1:-1|2:2",4,TRUE,0,2,2,"off_axis",2.17869416052972,2.82842712474619,3,4,2,1.98371941369913,2,8,1
993,"-2:-1|-1:-1|1:2|2:-2",4,TRUE,0,2,2,"off_axis",2.17869416052972,2.82842712474619,3,4,2,2.04361259938572,1,8,1
994,"-2:-1|-1:-1|0:2|2:-2",4,TRUE,1,2,1,"mixed",2.11967716615477,2.82842712474619,2.75,4,2,2.04295532842377,2,8,1
995,"-2:-1|-1:-1|-1:2|2:-2",4,TRUE,0,2,2,"off_axis",2.17869416052972,2.82842712474619,3,4,2,1.98371941369913,2,8,1
996,"-2:-2|-1:1|0:1|0:2",4,TRUE,2,2,0,"mixed",1.81066017177982,2.82842712474619,2.25,4,2,1.79574173292382,2,8,1
997,"-1:-1|-1:0|1:1|2:-2",4,TRUE,1,3,0,"mixed",1.6642135623731,2.82842712474619,2.25,4,2,2.00219124314841,2,8,1
998,"-1:-1|-1:0|0:1|2:-2",4,TRUE,2,2,0,"mixed",1.56066017177982,2.82842712474619,2,4,2,1.87858444539843,2,8,1
999,"-1:-1|-1:0|-1:1|2:-2",4,TRUE,1,3,0,"mixed",1.6642135623731,2.82842712474619,2.25,4,2,1.85497764764846,2,8,1
1000,"-1:-2|0:-1|1:-1|2:2",4,TRUE,1,2,1,"mixed",1.86967716615477,2.82842712474619,2.5,4,2,1.94295532842377,2,8,1
1001,"-1:-1|-1:0|1:2|2:-2",4,TRUE,1,2,1,"mixed",1.86967716615477,2.82842712474619,2.5,4,2,2.06142715787305,2,8,1
1002,"-1:-1|-1:0|0:2|2:-2",4,TRUE,2,2,0,"mixed",1.81066017177982,2.82842712474619,2.25,4,2,2.00153397218646,3,8,1
1003,"-1:-1|-1:0|-1:2|2:-2",4,TRUE,1,2,1,"mixed",1.86967716615477,2.82842712474619,2.5,4,2,1.97792717443648,3,8,1
1004,"-1:-1|0:2|1:1|2:-2",4,TRUE,1,3,0,"mixed",1.9142135623731,2.82842712474619,2.5,4,2,2.08437668466108,2,8,1
1005,"-1:0|0:-2|1:-1|2:2",4,TRUE,2,2,0,"mixed",1.81066017177982,2.82842712474619,2.25,4,2,2.04295532842377,2,8,1
1006,"-1:-1|0:-2|1:-1|2:2",4,TRUE,1,3,0,"mixed",1.9142135623731,2.82842712474619,2.5,4,2,1.97858444539843,2,8,1
1007,"-1:-2|0:-2|1:-1|2:2",4,TRUE,1,2,1,"mixed",2.11967716615477,2.82842712474619,2.75,4,2,1.98371941369913,2,8,1
1008,"-2:-1|0:2|1:1|2:-2",4,TRUE,1,2,1,"mixed",2.11967716615477,2.82842712474619,2.75,4,2,2.14361259938572,2,8,1
1009,"-2:-2|-1:1|0:2|2:0",4,TRUE,2,2,0,"mixed",2.06066017177982,2.82842712474619,2.5,4,2,2.14295532842377,3,8,1
1010,"-2:-1|0:-2|1:-1|2:2",4,TRUE,1,2,1,"mixed",2.11967716615477,2.82842712474619,2.75,4,2,2.08371941369913,3,8,1
1011,"-1:-1|-1:1|1:-1|2:2",4,TRUE,0,4,0,"diagonal_only",1.76776695296637,2.82842712474619,2.5,4,2,2.12000580163574,2,4,2
1012,"-1:-1|-1:2|1:1|2:-2",4,TRUE,0,3,1,"off_axis",1.97323055674804,2.82842712474619,2.75,4,2,2.16656212617375,3,8,1
1013,"-2:-2|-1:1|1:-1|2:2",4,TRUE,0,4,0,"diagonal_only",2.12132034355964,2.82842712474619,3,4,2,2.1672193971357,2,2,4
1014,"-1:-1|-1:0|1:-1|2:2",4,TRUE,1,3,0,"mixed",1.6642135623731,2.82842712474619,2.25,4,2,1.97858444539843,2,8,1
1015,"-1:-2|-1:0|1:-1|2:2",4,TRUE,1,2,1,"mixed",1.86967716615477,2.82842712474619,2.5,4,2,2.12514076993644,3,8,1
1016,"-1:-1|0:1|1:2|2:-2",4,TRUE,1,2,1,"mixed",1.86967716615477,2.82842712474619,2.5,4,2,2.04361259938572,1,8,1
1017,"-1:-1|0:1|0:2|2:-2",4,TRUE,2,2,0,"mixed",1.81066017177982,2.82842712474619,2.25,4,2,2.00153397218646,2,8,1
1018,"-1:-1|-1:2|0:1|2:-2",4,TRUE,1,2,1,"mixed",1.86967716615477,2.82842712474619,2.5,4,2,2.04295532842377,2,8,1
1019,"-1:-2|-1:-1|1:-1|2:2",4,TRUE,0,3,1,"off_axis",1.97323055674804,2.82842712474619,2.75,4,2,2.04295532842377,2,8,1
1020,"-1:-1|-1:1|1:-2|2:2",4,TRUE,0,3,1,"off_axis",1.97323055674804,2.82842712474619,2.75,4,2,2.14361259938572,2,8,1
1021,"-1:-1|-1:1|0:-2|2:2",4,TRUE,1,3,0,"mixed",1.9142135623731,2.82842712474619,2.5,4,2,2.0607698869111,2,8,1
1022,"-1:-1|-1:1|-1:2|2:-2",4,TRUE,0,3,1,"off_axis",1.97323055674804,2.82842712474619,2.75,4,2,2.01934853067379,2,8,1
1023,"-2:-1|-1:1|1:-2|2:2",4,TRUE,0,2,2,"off_axis",2.17869416052972,2.82842712474619,3,4,2,2.19016892392373,3,8,1
1024,"-2:-1|-1:1|0:-2|2:2",4,TRUE,1,2,1,"mixed",2.11967716615477,2.82842712474619,2.75,4,2,2.18951165296178,4,8,1
1025,"-2:-1|-1:-2|-1:1|2:2",4,TRUE,0,2,2,"off_axis",2.17869416052972,2.82842712474619,3,4,2,2.10732621144911,3,8,1
1026,"-1:-1|0:2|1:2|2:-2",4,TRUE,1,2,1,"mixed",2.11967716615477,2.82842712474619,2.75,4,2,2.04295532842377,2,8,1
1027,"-1:-1|-1:2|1:2|2:-2",4,TRUE,0,2,2,"off_axis",2.17869416052972,2.82842712474619,3,4,2,2.14295532842377,3,8,1
1028,"-1:-1|-1:2|0:2|2:-2",4,TRUE,1,2,1,"mixed",2.11967716615477,2.82842712474619,2.75,4,2,2.04229805746182,3,8,1
1029,"-2:-1|-2:0|-1:0|2:-2",4,TRUE,2,1,1,"mixed",2.01612377556149,2.82842712474619,2.5,4,2,1.79574173292382,1,8,1
1030,"-1:0|0:-1|1:-2|2:2",4,TRUE,2,1,1,"mixed",1.76612377556149,2.82842712474619,2.25,4,2,1.97924171636038,1,8,1
1031,"-1:-1|0:-1|1:-2|2:2",4,TRUE,1,2,1,"mixed",1.86967716615477,2.82842712474619,2.5,4,2,1.92000580163574,1,8,1
1032,"-1:-2|0:-1|1:-2|2:2",4,TRUE,1,1,2,"mixed",2.07514076993644,2.82842712474619,2.75,4,2,1.9607698869111,1,8,1
1033,"-2:-1|-1:0|1:2|2:-2",4,TRUE,1,1,2,"mixed",2.07514076993644,2.82842712474619,2.75,4,2,2.10284851411036,1,8,1
1034,"-2:-1|-1:0|0:2|2:-2",4,TRUE,2,1,1,"mixed",2.01612377556149,2.82842712474619,2.5,4,2,2.10219124314841,2,8,1
1035,"-2:-1|-1:0|-1:2|2:-2",4,TRUE,1,1,2,"mixed",2.07514076993644,2.82842712474619,2.75,4,2,2.04295532842377,2,8,1
1036,"-1:0|0:-2|1:-2|2:2",4,TRUE,2,1,1,"mixed",2.01612377556149,2.82842712474619,2.5,4,2,2.0607698869111,2,8,1
1037,"-1:-1|0:-2|1:-2|2:2",4,TRUE,1,2,1,"mixed",2.11967716615477,2.82842712474619,2.75,4,2,1.9607698869111,1,8,1
1038,"-1:-2|0:-2|1:-2|2:2",4,TRUE,1,1,2,"mixed",2.32514076993644,2.82842712474619,3,4,2,1.91869125971184,2,8,1
1039,"-2:-1|-2:0|1:2|2:-2",4,TRUE,1,1,2,"mixed",2.32514076993644,2.82842712474619,3,4,2,2.10219124314841,2,8,1
1040,"-2:-1|-2:0|0:2|2:-2",4,TRUE,2,1,1,"mixed",2.26612377556149,2.82842712474619,2.75,4,2,2.1607698869111,3,8,1
1041,"-2:-1|-2:0|-1:2|2:-2",4,TRUE,1,1,2,"mixed",2.32514076993644,2.82842712474619,3,4,2,2.0659048552118,3,8,1
1042,"-1:-1|-1:0|1:-2|2:2",4,TRUE,1,2,1,"mixed",1.86967716615477,2.82842712474619,2.5,4,2,2.06142715787305,2,8,1
1043,"-1:-2|-1:0|1:-2|2:2",4,TRUE,1,1,2,"mixed",2.07514076993644,2.82842712474619,2.75,4,2,2.1607698869111,3,8,1
1044,"-2:-1|0:1|0:2|2:-2",4,TRUE,2,1,1,"mixed",2.01612377556149,2.82842712474619,2.5,4,2,2.12000580163574,2,8,1
1045,"-2:-1|-1:0|1:-2|2:2",4,TRUE,1,1,2,"mixed",2.07514076993644,2.82842712474619,2.75,4,2,2.12579804089839,2,8,1
1046,"-1:-2|-1:-1|1:-2|2:2",4,TRUE,0,2,2,"off_axis",2.17869416052972,2.82842712474619,3,4,2,2.04295532842377,2,8,1
1047,"-2:-1|-1:1|1:2|2:-2",4,TRUE,0,2,2,"off_axis",2.17869416052972,2.82842712474619,3,4,2,2.1672193971357,2,4,2
1048,"-2:-1|-1:1|0:2|2:-2",4,TRUE,1,2,1,"mixed",2.11967716615477,2.82842712474619,2.75,4,2,2.14361259938572,2,8,1
1049,"-2:-1|-1:-1|1:-2|2:2",4,TRUE,0,2,2,"off_axis",2.17869416052972,2.82842712474619,3,4,2,2.06656212617375,2,8,1
1050,"-2:-1|-1:2|1:2|2:-2",4,TRUE,0,1,3,"off_axis",2.38415776431139,2.82842712474619,3.25,4,2,2.16656212617375,3,8,1
1051,"-2:-1|-2:1|0:-2|2:2",4,TRUE,1,1,2,"mixed",2.32514076993644,2.82842712474619,3,4,2,2.22514076993644,4,8,1
1052,"-2:-1|-1:-2|1:-2|2:2",4,TRUE,0,1,3,"off_axis",2.38415776431139,2.82842712474619,3.25,4,2,2.10732621144911,3,8,1
1053,"-2:-1|-1:2|0:2|2:-2",4,TRUE,1,1,2,"mixed",2.32514076993644,2.82842712474619,3,4,2,2.12514076993644,3,8,1
1054,"-1:0|0:-2|0:-1|2:2",4,TRUE,3,1,0,"mixed",1.70710678118655,2.82842712474619,2,4,2,1.93716308916112,2,8,1
1055,"-1:-1|0:-2|0:-1|2:2",4,TRUE,2,2,0,"mixed",1.81066017177982,2.82842712474619,2.25,4,2,1.85497764764846,2,8,1
1056,"-1:-2|0:-2|0:-1|2:2",4,TRUE,2,1,1,"mixed",2.01612377556149,2.82842712474619,2.5,4,2,1.87792717443648,2,8,1
1057,"-2:-2|0:1|0:2|2:0",4,TRUE,3,1,0,"mixed",1.95710678118655,2.82842712474619,2.25,4,2,2.11934853067379,3,8,1
1058,"-2:-1|0:-2|0:-1|2:2",4,TRUE,2,1,1,"mixed",2.01612377556149,2.82842712474619,2.5,4,2,2.06011261594915,3,8,1
1059,"-1:-1|-1:0|0:-1|2:2",4,TRUE,2,2,0,"mixed",1.56066017177982,2.82842712474619,2,4,2,1.8142135623731,2,4,2
1060,"-1:-2|-1:0|0:-1|2:2",4,TRUE,2,1,1,"mixed",1.76612377556149,2.82842712474619,2.25,4,2,1.97858444539843,2,8,1
1061,"-1:-2|-1:-1|0:-1|2:2",4,TRUE,1,2,1,"mixed",1.86967716615477,2.82842712474619,2.5,4,2,1.87858444539843,2,8,1
1062,"-1:-1|-1:0|0:-2|2:2",4,TRUE,2,2,0,"mixed",1.81066017177982,2.82842712474619,2.25,4,2,1.97858444539843,2,8,1
1063,"-1:-2|-1:-1|-1:0|2:2",4,TRUE,1,2,1,"mixed",1.86967716615477,2.82842712474619,2.5,4,2,1.93716308916112,2,8,1
1064,"-2:-1|-1:0|0:-2|2:2",4,TRUE,2,1,1,"mixed",2.01612377556149,2.82842712474619,2.5,4,2,2.12514076993644,3,8,1
1065,"-2:-1|-1:-2|-1:0|2:2",4,TRUE,1,1,2,"mixed",2.07514076993644,2.82842712474619,2.75,4,2,2.04295532842377,2,8,1
1066,"-1:-2|-1:0|0:-2|2:2",4,TRUE,2,1,1,"mixed",2.01612377556149,2.82842712474619,2.5,4,2,2.06011261594915,3,8,1
1067,"-1:-2|-1:-1|0:-2|2:2",4,TRUE,1,2,1,"mixed",2.11967716615477,2.82842712474619,2.75,4,2,1.91934853067379,2,8,1
1068,"-2:-2|0:2|1:1|2:0",4,TRUE,2,2,0,"mixed",2.06066017177982,2.82842712474619,2.5,4,2,2.12000580163574,2,4,2
1069,"-2:-1|-1:-1|0:-2|2:2",4,TRUE,1,2,1,"mixed",2.11967716615477,2.82842712474619,2.75,4,2,2.04295532842377,2,8,1
1070,"-2:-1|-2:0|0:-2|2:2",4,TRUE,2,1,1,"mixed",2.26612377556149,2.82842712474619,2.75,4,2,2.18371941369913,4,8,1
1071,"-2:-1|-1:-2|0:-2|2:2",4,TRUE,1,1,2,"mixed",2.32514076993644,2.82842712474619,3,4,2,2.0659048552118,3,8,1
1072,"-2:-1|-1:-2|-1:-1|2:2",4,TRUE,0,2,2,"off_axis",2.17869416052972,2.82842712474619,3,4,2,1.94295532842377,2,4,2
1073,"-1:-2|0:-2|1:-2|2:-1",4,TRUE,1,0,3,"mixed",2.17705098312484,2.23606797749979,2.75,3,2,1.8594553449872,2,8,1
1074,"-1:-2|-1:-1|0:-2|1:-2",4,TRUE,1,1,2,"mixed",1.97158737934317,2.23606797749979,2.5,3,2,1.65366310572456,1,8,1
1075,"-1:-2|0:-2|0:-1|1:-2",4,TRUE,2,0,2,"mixed",1.86803398874989,2.23606797749979,2.25,3,2,1.53005630797458,1,4,2
1076,"-1:-2|0:-2|1:-2|2:0",4,TRUE,2,0,2,"mixed",2.11803398874989,2.23606797749979,2.5,3,2,2.03650581819918,3,8,1
1077,"-1:-2|-1:0|0:-2|1:-2",4,TRUE,2,0,2,"mixed",1.86803398874989,2.23606797749979,2.25,3,2,1.85366310572456,2,8,1
1078,"-1:-2|0:-2|1:-2|2:1",4,TRUE,1,0,3,"mixed",2.17705098312484,2.23606797749979,2.75,3,2,2.06011261594915,3,8,1
1079,"-1:-1|-1:2|0:2|1:2",4,TRUE,1,1,2,"mixed",1.97158737934317,2.23606797749979,2.5,3,2,1.89508446196187,2,8,1
1080,"-1:-2|0:-2|0:1|1:-2",4,TRUE,2,0,2,"mixed",1.86803398874989,2.23606797749979,2.25,3,2,1.79442719099992,2,4,2
1081,"-1:-2|-1:2|0:-2|1:-2",4,TRUE,1,0,3,"mixed",2.17705098312484,2.23606797749979,2.75,3,2,1.73584854723723,2,8,1
1082,"-1:-2|0:-2|0:2|1:-2",4,TRUE,2,0,2,"mixed",2.11803398874989,2.23606797749979,2.5,3,2,1.63005630797458,2,4,2
1083,"-2:-1|-1:-2|-1:-1|0:-2",4,TRUE,1,1,2,"mixed",1.97158737934317,2.23606797749979,2.5,3,2,1.59508446196187,1,8,1
1084,"-2:-1|-1:-2|0:-2|0:-1",4,TRUE,2,0,2,"mixed",1.86803398874989,2.23606797749979,2.25,3,2,1.65366310572456,1,8,1
1085,"-1:-1|0:-2|1:-2|2:-1",4,TRUE,1,1,2,"mixed",1.97158737934317,2.23606797749979,2.5,3,2,1.81869125971184,1,8,1
1086,"-2:-1|-1:-2|0:-2|2:-1",4,TRUE,1,0,3,"mixed",2.17705098312484,2.23606797749979,2.75,3,2,1.88306214273718,2,8,1
1087,"-2:-1|-2:0|-1:-2|0:-2",4,TRUE,2,0,2,"mixed",2.11803398874989,2.23606797749979,2.5,3,2,1.91869125971184,2,4,2
1088,"-2:-1|-1:-2|-1:0|0:-2",4,TRUE,2,0,2,"mixed",1.86803398874989,2.23606797749979,2.25,3,2,1.77726990347453,1,8,1
1089,"-1:0|0:-2|1:-2|2:-1",4,TRUE,2,0,2,"mixed",1.86803398874989,2.23606797749979,2.25,3,2,1.94229805746182,2,8,1
1090,"-2:-1|-1:-2|0:-2|2:0",4,TRUE,2,0,2,"mixed",2.11803398874989,2.23606797749979,2.5,3,2,2.01934853067379,2,8,1
1091,"-1:-2|1:-2|2:-1|2:0",4,TRUE,1,0,3,"mixed",2.17705098312484,2.23606797749979,2.75,3,2,2.04229805746182,3,8,1
1092,"-1:-1|1:-2|2:-1|2:0",4,TRUE,1,1,2,"mixed",1.97158737934317,2.23606797749979,2.5,3,2,1.90087670122451,2,8,1
1093,"-1:0|1:-2|2:-1|2:0",4,TRUE,2,0,2,"mixed",1.86803398874989,2.23606797749979,2.25,3,2,1.91869125971184,2,8,1
1094,"-1:-1|0:2|1:2|2:1",4,TRUE,1,1,2,"mixed",1.97158737934317,2.23606797749979,2.5,3,2,2.04295532842377,2,8,1
1095,"-1:-2|1:2|2:0|2:1",4,TRUE,1,0,3,"mixed",2.17705098312484,2.23606797749979,2.75,3,2,2.12514076993644,3,8,1
1096,"-2:-1|-1:-2|-1:2|0:-2",4,TRUE,1,0,3,"mixed",2.17705098312484,2.23606797749979,2.75,3,2,1.80087670122451,2,8,1
1097,"-2:-1|-1:-2|0:-2|0:2",4,TRUE,2,0,2,"mixed",2.11803398874989,2.23606797749979,2.5,3,2,1.83650581819917,2,8,1
1098,"-1:-2|0:2|1:2|2:1",4,TRUE,1,0,3,"mixed",2.17705098312484,2.23606797749979,2.75,3,2,1.98371941369913,2,8,1
1099,"-1:-2|-1:-1|0:-2|0:-1",4,TRUE,2,1,1,"mixed",1.66257038496822,2.23606797749979,2,3,2,1.34787086646191,1,8,1
1100,"-1:-1|0:-2|1:-2|1:-1",4,TRUE,1,2,1,"mixed",1.76612377556149,2.23606797749979,2.25,3,2,1.6128990204492,1,8,1
1101,"-1:-2|-1:-1|0:-2|2:-1",4,TRUE,1,1,2,"mixed",1.97158737934317,2.23606797749979,2.5,3,2,1.77726990347453,2,8,1
1102,"-2:-1|-2:0|-1:-1|0:-2",4,TRUE,2,1,1,"mixed",1.91257038496822,2.23606797749979,2.25,3,2,1.75432037668651,1,8,1
1103,"-1:-2|-1:-1|-1:0|0:-2",4,TRUE,2,1,1,"mixed",1.66257038496822,2.23606797749979,2,3,2,1.53005630797458,1,8,1
1104,"-1:-2|-1:-1|0:-2|1:0",4,TRUE,2,1,1,"mixed",1.66257038496822,2.23606797749979,2,3,2,1.73650581819918,1,8,1
1105,"-1:-2|-1:-1|0:-2|2:0",4,TRUE,2,1,1,"mixed",1.91257038496822,2.23606797749979,2.25,3,2,1.89574173292382,2,8,1
1106,"-1:-2|1:-1|2:-1|2:0",4,TRUE,1,1,2,"mixed",1.97158737934317,2.23606797749979,2.5,3,2,1.86011261594915,2,8,1
1107,"-1:-1|-1:1|-1:2|0:2",4,TRUE,1,2,1,"mixed",1.76612377556149,2.23606797749979,2.25,3,2,1.67147766421189,1,8,1
1108,"-1:-2|-1:-1|0:-2|0:1",4,TRUE,2,1,1,"mixed",1.66257038496822,2.23606797749979,2,3,2,1.65366310572456,1,8,1
1109,"-1:-1|0:2|1:1|1:2",4,TRUE,1,2,1,"mixed",1.76612377556149,2.23606797749979,2.25,3,2,1.83716308916112,1,8,1
1110,"-1:-2|-1:-1|0:-2|2:1",4,TRUE,1,1,2,"mixed",1.97158737934317,2.23606797749979,2.5,3,2,1.97858444539843,2,8,1
1111,"-1:-2|-1:-1|-1:2|0:-2",4,TRUE,1,1,2,"mixed",1.97158737934317,2.23606797749979,2.5,3,2,1.57147766421189,1,8,1
1112,"-1:-2|-1:-1|0:-2|0:2",4,TRUE,2,1,1,"mixed",1.91257038496822,2.23606797749979,2.25,3,2,1.57147766421189,1,8,1
1113,"-1:-2|-1:-1|0:-2|1:2",4,TRUE,1,1,2,"mixed",1.97158737934317,2.23606797749979,2.5,3,2,1.77792717443648,1,8,1
1114,"-1:-1|0:-2|0:-1|1:-2",4,TRUE,2,1,1,"mixed",1.66257038496822,2.23606797749979,2,3,2,1.47147766421189,1,8,1
1115,"-1:-2|0:-2|0:-1|2:-1",4,TRUE,2,0,2,"mixed",1.86803398874989,2.23606797749979,2.25,3,2,1.73584854723723,2,8,1
1116,"-2:-1|-2:0|-1:0|0:-2",4,TRUE,3,0,1,"mixed",1.80901699437495,2.23606797749979,2,3,2,1.79508446196187,2,8,1
1117,"-1:-2|-1:0|0:-2|0:-1",4,TRUE,3,0,1,"mixed",1.55901699437495,2.23606797749979,1.75,3,2,1.53005630797458,1,8,1
1118,"-1:-2|0:-2|0:-1|1:0",4,TRUE,3,0,1,"mixed",1.55901699437495,2.23606797749979,1.75,3,2,1.6128990204492,1,8,1
1119,"-1:-2|0:-2|0:-1|2:0",4,TRUE,3,0,1,"mixed",1.80901699437495,2.23606797749979,2,3,2,1.85432037668651,2,8,1
1120,"-1:-2|1:0|2:-1|2:0",4,TRUE,2,0,2,"mixed",1.86803398874989,2.23606797749979,2.25,3,2,1.87792717443648,2,8,1
1121,"-1:-1|-1:2|0:1|0:2",4,TRUE,2,1,1,"mixed",1.66257038496822,2.23606797749979,2,3,2,1.65366310572456,1,8,1
1122,"-1:-2|0:-2|0:-1|0:1",4,TRUE,3,0,1,"mixed",1.55901699437495,2.23606797749979,1.75,3,2,1.58863495173727,1,8,1
1123,"-1:-1|0:1|0:2|1:2",4,TRUE,2,1,1,"mixed",1.66257038496822,2.23606797749979,2,3,2,1.73650581819918,1,8,1
1124,"-1:-2|0:-2|0:-1|2:1",4,TRUE,2,0,2,"mixed",1.86803398874989,2.23606797749979,2.25,3,2,1.93716308916112,2,8,1
1125,"-1:-2|-1:2|0:-2|0:-1",4,TRUE,2,0,2,"mixed",1.86803398874989,2.23606797749979,2.25,3,2,1.55366310572456,1,8,1
1126,"-1:-2|0:-2|0:-1|0:2",4,TRUE,3,0,1,"mixed",1.80901699437495,2.23606797749979,2,3,2,1.5064495102246,1,8,1
1127,"-1:-2|0:-2|0:-1|1:2",4,TRUE,2,0,2,"mixed",1.86803398874989,2.23606797749979,2.25,3,2,1.67726990347453,1,8,1
1128,"-1:-2|0:-2|1:-1|2:-1",4,TRUE,1,1,2,"mixed",1.97158737934317,2.23606797749979,2.5,3,2,1.80087670122451,1,8,1
1129,"-1:-1|0:-2|1:-2|2:0",4,TRUE,2,1,1,"mixed",1.91257038496822,2.23606797749979,2.25,3,2,1.96011261594915,2,8,1
1130,"-1:-1|0:-2|1:-2|1:0",4,TRUE,2,1,1,"mixed",1.66257038496822,2.23606797749979,2,3,2,1.77726990347453,1,8,1
1131,"-1:-1|-1:0|0:-2|1:-2",4,TRUE,2,1,1,"mixed",1.66257038496822,2.23606797749979,2,3,2,1.73650581819918,1,8,1
1132,"-1:-2|0:-2|1:-1|2:0",4,TRUE,2,1,1,"mixed",1.91257038496822,2.23606797749979,2.25,3,2,1.93716308916112,1,8,1
1133,"-1:-1|0:-2|1:-2|2:1",4,TRUE,1,1,2,"mixed",1.97158737934317,2.23606797749979,2.5,3,2,2.04295532842377,2,8,1
1134,"-1:-1|-1:2|0:2|1:1",4,TRUE,1,2,1,"mixed",1.76612377556149,2.23606797749979,2.25,3,2,1.87792717443648,1,8,1
1135,"-1:-1|0:-2|0:1|1:-2",4,TRUE,2,1,1,"mixed",1.66257038496822,2.23606797749979,2,3,2,1.77726990347453,1,8,1
1136,"-1:-1|-1:1|0:-2|1:-2",4,TRUE,1,2,1,"mixed",1.76612377556149,2.23606797749979,2.25,3,2,1.87792717443648,1,8,1
1137,"-1:-2|0:-2|1:-1|2:1",4,TRUE,1,1,2,"mixed",1.97158737934317,2.23606797749979,2.5,3,2,2.04295532842377,2,8,1
1138,"-1:-1|0:-2|1:-2|1:2",4,TRUE,1,1,2,"mixed",1.97158737934317,2.23606797749979,2.5,3,2,1.77792717443648,1,8,1
1139,"-1:-1|0:-2|0:2|1:-2",4,TRUE,2,1,1,"mixed",1.91257038496822,2.23606797749979,2.25,3,2,1.69508446196187,1,8,1
1140,"-1:-1|-1:2|0:-2|1:-2",4,TRUE,1,1,2,"mixed",1.97158737934317,2.23606797749979,2.5,3,2,1.81869125971184,1,8,1
1141,"-2:-1|-2:0|-1:2|0:-2",4,TRUE,2,0,2,"mixed",2.11803398874989,2.23606797749979,2.5,3,2,2.04229805746182,3,8,1
1142,"-1:-2|-1:0|0:-2|2:-1",4,TRUE,2,0,2,"mixed",1.86803398874989,2.23606797749979,2.25,3,2,1.94164078649987,3,8,1
1143,"-1:-2|0:-2|1:0|2:-1",4,TRUE,2,0,2,"mixed",1.86803398874989,2.23606797749979,2.25,3,2,1.94229805746182,2,8,1
1144,"-1:-2|0:-2|2:-1|2:0",4,TRUE,2,0,2,"mixed",2.11803398874989,2.23606797749979,2.5,3,2,2.06011261594915,3,8,1
1145,"-1:-2|1:2|2:-1|2:0",4,TRUE,1,0,3,"mixed",2.17705098312484,2.23606797749979,2.75,3,2,2.14809029672447,4,8,1
1146,"-1:-1|-1:2|0:2|2:1",4,TRUE,1,1,2,"mixed",1.97158737934317,2.23606797749979,2.5,3,2,2.04229805746182,3,8,1
1147,"-1:-2|0:-2|0:1|2:-1",4,TRUE,2,0,2,"mixed",1.86803398874989,2.23606797749979,2.25,3,2,2.00087670122451,3,8,1
1148,"-1:-1|1:-2|2:0|2:1",4,TRUE,1,1,2,"mixed",1.97158737934317,2.23606797749979,2.5,3,2,2.0659048552118,3,8,1
1149,"-1:-2|0:-2|2:-1|2:1",4,TRUE,1,0,3,"mixed",2.17705098312484,2.23606797749979,2.75,3,2,2.18371941369913,4,8,1
1150,"-1:-2|-1:2|0:-2|2:-1",4,TRUE,1,0,3,"mixed",2.17705098312484,2.23606797749979,2.75,3,2,1.94229805746182,3,8,1
1151,"-1:-2|0:-2|0:2|2:-1",4,TRUE,2,0,2,"mixed",2.11803398874989,2.23606797749979,2.5,3,2,1.91869125971184,3,8,1
1152,"-1:-2|0:-2|1:2|2:-1",4,TRUE,1,0,3,"mixed",2.17705098312484,2.23606797749979,2.75,3,2,2.00666894048716,3,8,1
1153,"-2:-1|-2:0|0:-2|0:-1",4,TRUE,3,0,1,"mixed",1.80901699437495,2.23606797749979,2,3,2,1.85366310572456,2,8,1
1154,"-1:0|0:-2|1:-2|2:0",4,TRUE,3,0,1,"mixed",1.80901699437495,2.23606797749979,2,3,2,2.03650581819918,3,8,1
1155,"-2:-1|-2:0|0:-2|0:2",4,TRUE,3,0,1,"mixed",2.05901699437495,2.23606797749979,2.25,3,2,2.09574173292382,3,8,1
1156,"-1:-1|0:-2|2:-1|2:0",4,TRUE,2,1,1,"mixed",1.91257038496822,2.23606797749979,2.25,3,2,1.93650581819917,2,8,1
1157,"-1:0|0:-2|2:-1|2:0",4,TRUE,3,0,1,"mixed",1.80901699437495,2.23606797749979,2,3,2,1.97726990347453,3,8,1
1158,"-1:-1|0:2|1:2|2:0",4,TRUE,2,1,1,"mixed",1.91257038496822,2.23606797749979,2.25,3,2,2.10153397218646,3,8,1
1159,"-1:-2|0:2|2:0|2:1",4,TRUE,2,0,2,"mixed",2.11803398874989,2.23606797749979,2.5,3,2,2.1607698869111,3,8,1
1160,"-2:-1|-2:0|0:-2|2:-1",4,TRUE,2,0,2,"mixed",2.11803398874989,2.23606797749979,2.5,3,2,1.91869125971184,3,8,1
1161,"-2:-1|-2:0|0:-2|2:0",4,TRUE,3,0,1,"mixed",2.05901699437495,2.23606797749979,2.25,3,2,1.95432037668651,3,8,1
1162,"-1:-2|0:2|1:2|2:0",4,TRUE,2,0,2,"mixed",2.11803398874989,2.23606797749979,2.5,3,2,2.10153397218646,3,8,1
1163,"-1:-2|-1:0|0:-2|1:0",4,TRUE,3,0,1,"mixed",1.55901699437495,2.23606797749979,1.75,3,2,1.85366310572456,2,8,1
1164,"-1:-2|-1:0|0:-2|2:0",4,TRUE,3,0,1,"mixed",1.80901699437495,2.23606797749979,2,3,2,2.0128990204492,3,8,1
1165,"-1:-2|0:-1|2:-1|2:0",4,TRUE,2,0,2,"mixed",1.86803398874989,2.23606797749979,2.25,3,2,1.91869125971184,2,8,1
1166,"-1:-1|-1:0|-1:2|0:2",4,TRUE,2,1,1,"mixed",1.66257038496822,2.23606797749979,2,3,2,1.71224174948725,2,8,1
1167,"-1:-2|-1:0|0:-2|0:1",4,TRUE,3,0,1,"mixed",1.55901699437495,2.23606797749979,1.75,3,2,1.71224174948725,2,8,1
1168,"-1:-1|0:1|2:0|2:1",4,TRUE,2,1,1,"mixed",1.66257038496822,2.23606797749979,2,3,2,1.91869125971184,2,8,1
1169,"-1:-2|-1:0|0:-2|2:1",4,TRUE,2,0,2,"mixed",1.86803398874989,2.23606797749979,2.25,3,2,2.06011261594915,3,8,1
1170,"-1:-2|-1:0|-1:2|0:-2",4,TRUE,2,0,2,"mixed",1.86803398874989,2.23606797749979,2.25,3,2,1.71224174948725,2,8,1
1171,"-1:-2|-1:0|0:-2|0:2",4,TRUE,3,0,1,"mixed",1.80901699437495,2.23606797749979,2,3,2,1.71224174948725,2,8,1
1172,"-1:-2|-1:0|0:-2|1:2",4,TRUE,2,0,2,"mixed",1.86803398874989,2.23606797749979,2.25,3,2,1.91869125971184,2,8,1
1173,"-1:-2|0:-2|1:0|2:0",4,TRUE,3,0,1,"mixed",1.80901699437495,2.23606797749979,2,3,2,1.99574173292381,2,8,1
1174,"-1:-2|0:1|2:-1|2:0",4,TRUE,2,0,2,"mixed",1.86803398874989,2.23606797749979,2.25,3,2,2.08371941369913,3,8,1
1175,"-1:-1|-1:2|0:2|1:0",4,TRUE,2,1,1,"mixed",1.66257038496822,2.23606797749979,2,3,2,1.91869125971184,2,8,1
1176,"-1:-2|0:-2|0:1|1:0",4,TRUE,3,0,1,"mixed",1.55901699437495,2.23606797749979,1.75,3,2,1.79508446196187,2,8,1
1177,"-1:-1|-1:0|0:2|1:2",4,TRUE,2,1,1,"mixed",1.66257038496822,2.23606797749979,2,3,2,1.87792717443648,2,8,1
1178,"-1:-2|0:-1|2:0|2:1",4,TRUE,2,0,2,"mixed",1.86803398874989,2.23606797749979,2.25,3,2,2.0607698869111,2,8,1
1179,"-1:-2|-1:2|0:-2|1:0",4,TRUE,2,0,2,"mixed",1.86803398874989,2.23606797749979,2.25,3,2,1.87792717443648,2,8,1
1180,"-1:-2|0:-2|0:2|1:0",4,TRUE,3,0,1,"mixed",1.80901699437495,2.23606797749979,2,3,2,1.79508446196187,2,8,1
1181,"-1:-2|-1:0|0:2|1:2",4,TRUE,2,0,2,"mixed",1.86803398874989,2.23606797749979,2.25,3,2,1.91869125971184,2,8,1
1182,"-1:-2|0:2|2:-1|2:0",4,TRUE,2,0,2,"mixed",2.11803398874989,2.23606797749979,2.5,3,2,2.1607698869111,3,8,1
1183,"-1:-1|-1:2|0:2|2:0",4,TRUE,2,1,1,"mixed",1.91257038496822,2.23606797749979,2.25,3,2,2.07792717443648,3,8,1
1184,"-1:-2|0:-2|0:1|2:0",4,TRUE,3,0,1,"mixed",1.80901699437495,2.23606797749979,2,3,2,2.03650581819918,3,8,1
1185,"-1:-1|0:-2|2:0|2:1",4,TRUE,2,1,1,"mixed",1.91257038496822,2.23606797749979,2.25,3,2,2.07858444539843,2,8,1
1186,"-1:-2|0:-2|2:0|2:1",4,TRUE,2,0,2,"mixed",2.11803398874989,2.23606797749979,2.5,3,2,2.17858444539843,3,4,2
1187,"-1:-2|-1:2|0:-2|2:0",4,TRUE,2,0,2,"mixed",2.11803398874989,2.23606797749979,2.5,3,2,2.03716308916112,3,8,1
1188,"-1:-2|0:-2|0:2|2:0",4,TRUE,3,0,1,"mixed",2.05901699437495,2.23606797749979,2.25,3,2,2.01355629141115,3,8,1
1189,"-1:-2|0:-2|1:2|2:0",4,TRUE,2,0,2,"mixed",2.11803398874989,2.23606797749979,2.5,3,2,2.10153397218646,3,8,1
1190,"-1:-2|-1:-1|2:-1|2:0",4,TRUE,1,1,2,"mixed",1.97158737934317,2.23606797749979,2.5,3,2,1.91869125971184,2,8,1
1191,"-1:-2|-1:0|2:-1|2:0",4,TRUE,2,0,2,"mixed",1.86803398874989,2.23606797749979,2.25,3,2,1.97726990347453,3,8,1
1192,"-1:-1|-1:2|2:0|2:1",4,TRUE,1,1,2,"mixed",1.97158737934317,2.23606797749979,2.5,3,2,2.10153397218646,3,8,1
1193,"-1:-2|-1:2|2:-1|2:0",4,TRUE,1,0,3,"mixed",2.17705098312484,2.23606797749979,2.75,3,2,2.14295532842377,3,8,1
1194,"-2:-1|-1:-2|-1:2|0:2",4,TRUE,1,0,3,"mixed",2.17705098312484,2.23606797749979,2.75,3,2,1.86011261594915,2,8,1
1195,"-2:-1|-1:2|0:-2|0:2",4,TRUE,2,0,2,"mixed",2.11803398874989,2.23606797749979,2.5,3,2,1.91869125971184,3,8,1
1196,"-1:-2|0:2|1:2|2:-1",4,TRUE,1,0,3,"mixed",2.17705098312484,2.23606797749979,2.75,3,2,2.0659048552118,3,8,1
1197,"-1:-1|-1:0|2:-1|2:0",4,TRUE,2,1,1,"mixed",1.66257038496822,2.23606797749979,2,3,2,1.71224174948725,2,8,1
1198,"-1:-1|-1:1|2:-1|2:0",4,TRUE,1,2,1,"mixed",1.76612377556149,2.23606797749979,2.25,3,2,1.93650581819917,2,8,1
1199,"-1:-1|-1:2|0:2|2:-1",4,TRUE,1,1,2,"mixed",1.97158737934317,2.23606797749979,2.5,3,2,2.07792717443648,3,8,1
1200,"-1:-2|-1:-1|-1:2|0:2",4,TRUE,1,1,2,"mixed",1.97158737934317,2.23606797749979,2.5,3,2,1.65366310572456,1,8,1
1201,"-1:-1|-1:2|0:-2|0:2",4,TRUE,2,1,1,"mixed",1.91257038496822,2.23606797749979,2.25,3,2,1.67147766421189,1,8,1
1202,"-1:-1|-1:2|0:2|1:-2",4,TRUE,1,1,2,"mixed",1.97158737934317,2.23606797749979,2.5,3,2,1.90087670122451,2,8,1
1203,"-1:-1|-1:0|2:0|2:1",4,TRUE,2,1,1,"mixed",1.66257038496822,2.23606797749979,2,3,2,1.79508446196187,2,8,1
1204,"-1:-2|-1:0|2:0|2:1",4,TRUE,2,0,2,"mixed",1.86803398874989,2.23606797749979,2.25,3,2,2.03650581819918,3,8,1
1205,"-1:-2|-1:2|0:-1|0:2",4,TRUE,2,0,2,"mixed",1.86803398874989,2.23606797749979,2.25,3,2,1.65366310572456,1,8,1
1206,"-1:-2|0:-2|0:1|0:2",4,TRUE,3,0,1,"mixed",1.80901699437495,2.23606797749979,2,3,2,1.58863495173727,1,8,1
1207,"-1:-2|0:-1|0:2|1:2",4,TRUE,2,0,2,"mixed",1.86803398874989,2.23606797749979,2.25,3,2,1.77726990347453,1,8,1
1208,"-1:-2|-1:-1|2:0|2:1",4,TRUE,1,1,2,"mixed",1.97158737934317,2.23606797749979,2.5,3,2,2.0607698869111,2,8,1
1209,"-1:-1|0:2|1:-2|1:2",4,TRUE,1,1,2,"mixed",1.97158737934317,2.23606797749979,2.5,3,2,1.86011261594915,2,8,1
1210,"-1:-1|0:-2|0:2|1:2",4,TRUE,2,1,1,"mixed",1.91257038496822,2.23606797749979,2.25,3,2,1.75432037668651,1,8,1
1211,"-1:-2|-1:-1|0:2|1:2",4,TRUE,1,1,2,"mixed",1.97158737934317,2.23606797749979,2.5,3,2,1.86011261594915,1,8,1
1212,"-1:-2|-1:2|0:-2|2:1",4,TRUE,1,0,3,"mixed",2.17705098312484,2.23606797749979,2.75,3,2,2.00153397218646,3,8,1
1213,"-1:-2|0:-2|0:2|2:1",4,TRUE,2,0,2,"mixed",2.11803398874989,2.23606797749979,2.5,3,2,1.97792717443648,3,8,1
1214,"-1:-2|0:-2|1:2|2:1",4,TRUE,1,0,3,"mixed",2.17705098312484,2.23606797749979,2.75,3,2,2.04295532842377,2,8,1
1215,"-1:-2|-1:2|0:-2|0:2",4,TRUE,2,0,2,"mixed",2.11803398874989,2.23606797749979,2.5,3,2,1.53005630797458,2,4,2
1216,"-1:-2|-1:2|0:-2|1:2",4,TRUE,1,0,3,"mixed",2.17705098312484,2.23606797749979,2.75,3,2,1.77726990347453,2,8,1
1217,"-1:-2|0:-2|0:2|1:2",4,TRUE,2,0,2,"mixed",2.11803398874989,2.23606797749979,2.5,3,2,1.65366310572456,2,4,2
1218,"-1:-2|1:-2|1:-1|2:-1",4,TRUE,0,1,3,"off_axis",2.03060437371812,2.23606797749979,2.75,3,2,1.80087670122451,2,8,1
1219,"-1:-2|0:-1|1:-2|2:-1",4,TRUE,1,0,3,"mixed",1.92705098312484,2.23606797749979,2.5,3,2,1.81869125971184,1,8,1
1220,"-1:-2|-1:-1|1:-2|2:-1",4,TRUE,0,1,3,"off_axis",2.03060437371812,2.23606797749979,2.75,3,2,1.90087670122451,2,8,1
1221,"-2:-1|-1:-2|1:-2|2:-1",4,TRUE,0,0,4,"off_axis",2.23606797749979,2.23606797749979,3,3,2,1.92448349897449,2,4,2
1222,"-1:-2|1:-2|1:0|2:-1",4,TRUE,1,0,3,"mixed",1.92705098312484,2.23606797749979,2.5,3,2,1.96011261594915,2,8,1
1223,"-1:-2|-1:0|1:-2|2:-1",4,TRUE,1,0,3,"mixed",1.92705098312484,2.23606797749979,2.5,3,2,2.04229805746182,3,8,1
1224,"-2:-1|-1:-2|1:-2|2:0",4,TRUE,1,0,3,"mixed",2.17705098312484,2.23606797749979,2.75,3,2,2.08371941369913,3,8,1
1225,"-1:-2|1:-2|2:-1|2:1",4,TRUE,0,0,4,"off_axis",2.23606797749979,2.23606797749979,3,3,2,2.1659048552118,4,4,2
1226,"-1:-1|1:-2|2:-1|2:1",4,TRUE,0,1,3,"off_axis",2.03060437371812,2.23606797749979,2.75,3,2,2.08371941369913,3,8,1
1227,"-1:-2|0:1|1:-2|2:-1",4,TRUE,1,0,3,"mixed",1.92705098312484,2.23606797749979,2.5,3,2,2.0659048552118,3,8,1
1228,"-1:-1|-1:2|1:2|2:1",4,TRUE,0,1,3,"off_axis",2.03060437371812,2.23606797749979,2.75,3,2,2.14295532842377,3,8,1
1229,"-1:-2|1:2|2:-1|2:1",4,TRUE,0,0,4,"off_axis",2.23606797749979,2.23606797749979,3,3,2,2.18951165296178,4,8,1
1230,"-1:-2|1:-2|1:2|2:-1",4,TRUE,0,0,4,"off_axis",2.23606797749979,2.23606797749979,3,3,2,2.00666894048716,3,8,1
1231,"-1:-2|0:2|1:-2|2:-1",4,TRUE,1,0,3,"mixed",2.17705098312484,2.23606797749979,2.75,3,2,2.00153397218646,2,8,1
1232,"-1:-2|-1:2|1:-2|2:-1",4,TRUE,0,0,4,"off_axis",2.23606797749979,2.23606797749979,3,3,2,2.0659048552118,3,8,1
1233,"-1:-2|-1:-1|0:-1|1:-2",4,TRUE,1,1,2,"mixed",1.72158737934317,2.23606797749979,2.25,3,2,1.59508446196187,1,8,1
1234,"-1:-2|-1:-1|1:-2|1:-1",4,TRUE,0,2,2,"off_axis",1.82514076993644,2.23606797749979,2.5,3,2,1.77726990347453,1,4,2
1235,"-1:-2|1:-2|1:-1|2:0",4,TRUE,1,1,2,"mixed",1.97158737934317,2.23606797749979,2.5,3,2,1.96011261594915,2,8,1
1236,"-1:-2|-1:-1|-1:0|1:-2",4,TRUE,1,1,2,"mixed",1.72158737934317,2.23606797749979,2.25,3,2,1.79508446196187,2,8,1
1237,"-1:-2|-1:-1|1:-2|1:0",4,TRUE,1,1,2,"mixed",1.72158737934317,2.23606797749979,2.25,3,2,1.91869125971184,2,8,1
1238,"-1:-2|-1:-1|1:-2|2:0",4,TRUE,1,1,2,"mixed",1.97158737934317,2.23606797749979,2.5,3,2,2.04229805746182,3,8,1
1239,"-1:-2|1:-1|2:-1|2:1",4,TRUE,0,1,3,"off_axis",2.03060437371812,2.23606797749979,2.75,3,2,2.0659048552118,3,8,1
1240,"-1:-1|-1:1|-1:2|1:2",4,TRUE,0,2,2,"off_axis",1.82514076993644,2.23606797749979,2.5,3,2,1.93650581819917,2,8,1
1241,"-1:-2|-1:-1|0:1|1:-2",4,TRUE,1,1,2,"mixed",1.72158737934317,2.23606797749979,2.25,3,2,1.88306214273718,2,8,1
1242,"-1:-1|-1:2|1:1|1:2",4,TRUE,0,2,2,"off_axis",1.82514076993644,2.23606797749979,2.5,3,2,2.01934853067379,2,8,1
1243,"-1:-2|-1:-1|1:-2|2:1",4,TRUE,0,1,3,"off_axis",2.03060437371812,2.23606797749979,2.75,3,2,2.12514076993644,3,8,1
1244,"-1:-2|-1:-1|-1:2|1:-2",4,TRUE,0,1,3,"off_axis",2.03060437371812,2.23606797749979,2.75,3,2,1.8594553449872,2,8,1
1245,"-1:-2|-1:-1|0:2|1:-2",4,TRUE,1,1,2,"mixed",1.97158737934317,2.23606797749979,2.5,3,2,1.81869125971184,1,8,1
1246,"-1:-2|-1:-1|1:-2|1:2",4,TRUE,0,1,3,"off_axis",2.03060437371812,2.23606797749979,2.75,3,2,1.94229805746182,2,8,1
1247,"-1:-2|0:-1|1:-2|2:0",4,TRUE,2,0,2,"mixed",1.86803398874989,2.23606797749979,2.25,3,2,1.96011261594915,2,8,1
1248,"-1:-2|-1:0|0:-1|1:-2",4,TRUE,2,0,2,"mixed",1.61803398874989,2.23606797749979,2,3,2,1.75432037668651,1,8,1
1249,"-1:-2|0:-1|1:-2|2:1",4,TRUE,1,0,3,"mixed",1.92705098312484,2.23606797749979,2.5,3,2,2.04295532842377,2,8,1
1250,"-1:-1|-1:2|0:1|1:2",4,TRUE,1,1,2,"mixed",1.72158737934317,2.23606797749979,2.25,3,2,1.87792717443648,1,8,1
1251,"-1:-2|0:-1|0:1|1:-2",4,TRUE,2,0,2,"mixed",1.61803398874989,2.23606797749979,2,3,2,1.77726990347453,1,4,2
1252,"-1:-2|-1:2|0:-1|1:-2",4,TRUE,1,0,3,"mixed",1.92705098312484,2.23606797749979,2.5,3,2,1.80087670122451,1,8,1
1253,"-1:-2|0:-1|0:2|1:-2",4,TRUE,2,0,2,"mixed",1.86803398874989,2.23606797749979,2.25,3,2,1.7128990204492,1,4,2
1254,"-1:-2|1:-2|1:0|2:0",4,TRUE,2,0,2,"mixed",1.86803398874989,2.23606797749979,2.25,3,2,2.03650581819918,3,8,1
1255,"-1:-2|-1:0|1:-2|2:0",4,TRUE,2,0,2,"mixed",1.86803398874989,2.23606797749979,2.25,3,2,2.13650581819918,4,8,1
1256,"-2:-1|-2:1|0:-2|0:2",4,TRUE,2,0,2,"mixed",2.11803398874989,2.23606797749979,2.5,3,2,2.16011261594915,4,4,2
1257,"-1:-1|0:-2|2:-1|2:1",4,TRUE,1,1,2,"mixed",1.97158737934317,2.23606797749979,2.5,3,2,2.11934853067379,3,8,1
1258,"-1:-2|0:1|1:-2|2:0",4,TRUE,2,0,2,"mixed",1.86803398874989,2.23606797749979,2.25,3,2,2.12448349897449,4,8,1
1259,"-1:-1|-1:2|1:2|2:0",4,TRUE,1,1,2,"mixed",1.97158737934317,2.23606797749979,2.5,3,2,2.20153397218646,4,8,1
1260,"-1:-2|0:2|2:-1|2:1",4,TRUE,1,0,3,"mixed",2.17705098312484,2.23606797749979,2.75,3,2,2.22514076993644,4,8,1
1261,"-1:-2|1:-2|1:2|2:0",4,TRUE,1,0,3,"mixed",2.17705098312484,2.23606797749979,2.75,3,2,2.12448349897449,4,8,1
1262,"-1:-2|0:2|1:-2|2:0",4,TRUE,2,0,2,"mixed",2.11803398874989,2.23606797749979,2.5,3,2,2.11934853067379,3,8,1
1263,"-1:-2|-1:2|1:-2|2:0",4,TRUE,1,0,3,"mixed",2.17705098312484,2.23606797749979,2.75,3,2,2.18371941369913,4,8,1
1264,"-1:-2|-1:0|1:-2|1:0",4,TRUE,2,0,2,"mixed",1.61803398874989,2.23606797749979,2,3,2,2.0128990204492,3,4,2
1265,"-1:-2|0:-1|2:-1|2:1",4,TRUE,1,0,3,"mixed",1.92705098312484,2.23606797749979,2.5,3,2,2.10153397218646,3,8,1
1266,"-1:-1|-1:0|-1:2|1:2",4,TRUE,1,1,2,"mixed",1.72158737934317,2.23606797749979,2.25,3,2,1.95432037668651,3,8,1
1267,"-1:-2|-1:0|0:1|1:-2",4,TRUE,2,0,2,"mixed",1.61803398874989,2.23606797749979,2,3,2,1.91869125971184,3,8,1
1268,"-1:-1|-1:2|1:0|1:2",4,TRUE,1,1,2,"mixed",1.72158737934317,2.23606797749979,2.25,3,2,2.07792717443648,3,8,1
1269,"-1:-2|-1:0|1:-2|2:1",4,TRUE,1,0,3,"mixed",1.92705098312484,2.23606797749979,2.5,3,2,2.18371941369913,4,8,1
1270,"-1:-2|-1:0|-1:2|1:-2",4,TRUE,1,0,3,"mixed",1.92705098312484,2.23606797749979,2.5,3,2,1.97726990347453,3,8,1
1271,"-1:-2|-1:0|0:2|1:-2",4,TRUE,2,0,2,"mixed",1.86803398874989,2.23606797749979,2.25,3,2,1.93650581819917,2,8,1
1272,"-1:-2|-1:0|1:-2|1:2",4,TRUE,1,0,3,"mixed",1.92705098312484,2.23606797749979,2.5,3,2,2.06011261594915,3,8,1
1273,"-1:-2|-1:-1|2:-1|2:1",4,TRUE,0,1,3,"off_axis",2.03060437371812,2.23606797749979,2.75,3,2,2.10153397218646,3,8,1
1274,"-1:-2|-1:0|2:-1|2:1",4,TRUE,1,0,3,"mixed",1.92705098312484,2.23606797749979,2.5,3,2,2.12448349897449,4,8,1
1275,"-1:-1|-1:2|1:2|2:-1",4,TRUE,0,1,3,"off_axis",2.03060437371812,2.23606797749979,2.75,3,2,2.20153397218646,4,8,1
1276,"-1:-2|-1:2|2:-1|2:1",4,TRUE,0,0,4,"off_axis",2.23606797749979,2.23606797749979,3,3,2,2.20732621144911,4,4,2
1277,"-1:-2|1:-2|1:2|2:1",4,TRUE,0,0,4,"off_axis",2.23606797749979,2.23606797749979,3,3,2,2.0659048552118,3,8,1
1278,"-1:-2|0:2|1:-2|2:1",4,TRUE,1,0,3,"mixed",2.17705098312484,2.23606797749979,2.75,3,2,2.08371941369913,3,8,1
1279,"-1:-2|-1:2|1:-2|2:1",4,TRUE,0,0,4,"off_axis",2.23606797749979,2.23606797749979,3,3,2,2.14809029672447,4,8,1
1280,"-1:-1|-1:0|2:-1|2:1",4,TRUE,1,1,2,"mixed",1.72158737934317,2.23606797749979,2.25,3,2,1.91869125971184,3,8,1
1281,"-1:-1|-1:1|2:-1|2:1",4,TRUE,0,2,2,"off_axis",1.82514076993644,2.23606797749979,2.5,3,2,2.09574173292382,3,4,2
1282,"-1:-2|-1:-1|-1:2|1:2",4,TRUE,0,1,3,"off_axis",2.03060437371812,2.23606797749979,2.75,3,2,1.91869125971184,2,8,1
1283,"-1:-1|-1:2|0:-2|1:2",4,TRUE,1,1,2,"mixed",1.97158737934317,2.23606797749979,2.5,3,2,1.89574173292382,1,8,1
1284,"-1:-1|-1:2|1:-2|1:2",4,TRUE,0,1,3,"off_axis",2.03060437371812,2.23606797749979,2.75,3,2,2.04229805746182,3,8,1
1285,"-1:-2|-1:2|0:-1|1:2",4,TRUE,1,0,3,"mixed",1.92705098312484,2.23606797749979,2.5,3,2,1.88306214273718,2,8,1
1286,"-1:-2|0:1|0:2|1:-2",4,TRUE,2,0,2,"mixed",1.86803398874989,2.23606797749979,2.25,3,2,1.77726990347453,1,4,2
1287,"-1:-2|-1:2|1:-2|1:2",4,TRUE,0,0,4,"off_axis",2.23606797749979,2.23606797749979,3,3,2,1.94164078649987,3,2,4
1288,"-2:-1|-1:-2|-1:-1|-1:0",4,TRUE,1,1,2,"mixed",1.72158737934317,2.23606797749979,2.25,3,2,1.47147766421189,1,8,1
1289,"-1:-1|1:-2|1:-1|2:-1",4,TRUE,0,2,2,"off_axis",1.82514076993644,2.23606797749979,2.5,3,2,1.69508446196187,1,8,1
1290,"-2:-1|-1:-2|-1:-1|-1:2",4,TRUE,0,1,3,"off_axis",2.03060437371812,2.23606797749979,2.75,3,2,1.67726990347453,1,8,1
1291,"-1:0|1:-2|1:-1|2:-1",4,TRUE,1,1,2,"mixed",1.72158737934317,2.23606797749979,2.25,3,2,1.76011261594915,1,8,1
1292,"-2:-1|-1:-2|-1:-1|0:2",4,TRUE,1,1,2,"mixed",1.97158737934317,2.23606797749979,2.5,3,2,1.77792717443648,1,8,1
1293,"-1:-1|1:1|1:2|2:1",4,TRUE,0,2,2,"off_axis",1.82514076993644,2.23606797749979,2.5,3,2,1.92000580163574,1,4,2
1294,"-1:-2|1:1|1:2|2:1",4,TRUE,0,1,3,"off_axis",2.03060437371812,2.23606797749979,2.75,3,2,1.94295532842377,2,8,1
1295,"-1:-1|0:-1|1:-2|2:-1",4,TRUE,1,1,2,"mixed",1.72158737934317,2.23606797749979,2.25,3,2,1.69508446196187,1,8,1
1296,"-2:-1|-1:-2|-1:0|-1:2",4,TRUE,1,0,3,"mixed",1.92705098312484,2.23606797749979,2.5,3,2,1.77726990347453,1,8,1
1297,"-2:-1|-1:-2|-1:0|0:-1",4,TRUE,2,0,2,"mixed",1.61803398874989,2.23606797749979,2,3,2,1.6128990204492,1,4,2
1298,"-1:0|0:-1|1:-2|2:-1",4,TRUE,2,0,2,"mixed",1.61803398874989,2.23606797749979,2,3,2,1.77792717443648,1,8,1
1299,"-2:-1|-1:-2|-1:0|0:2",4,TRUE,2,0,2,"mixed",1.86803398874989,2.23606797749979,2.25,3,2,1.87792717443648,1,8,1
1300,"-1:-1|1:-2|1:0|2:-1",4,TRUE,1,1,2,"mixed",1.72158737934317,2.23606797749979,2.25,3,2,1.81869125971184,1,8,1
1301,"-1:0|1:-2|1:0|2:-1",4,TRUE,2,0,2,"mixed",1.61803398874989,2.23606797749979,2,3,2,1.83650581819917,1,8,1
1302,"-1:-1|0:1|1:2|2:1",4,TRUE,1,1,2,"mixed",1.72158737934317,2.23606797749979,2.25,3,2,1.9607698869111,1,8,1
1303,"-1:-2|1:0|1:2|2:1",4,TRUE,1,0,3,"mixed",1.92705098312484,2.23606797749979,2.5,3,2,2.04295532842377,2,8,1
1304,"-2:-1|-1:-2|-1:0|2:-1",4,TRUE,1,0,3,"mixed",1.92705098312484,2.23606797749979,2.5,3,2,1.80087670122451,1,8,1
1305,"-2:-1|-1:-2|-1:0|2:0",4,TRUE,2,0,2,"mixed",1.86803398874989,2.23606797749979,2.25,3,2,1.85432037668651,1,8,1
1306,"-1:-2|0:1|1:2|2:1",4,TRUE,1,0,3,"mixed",1.92705098312484,2.23606797749979,2.5,3,2,1.98371941369913,2,8,1
1307,"-2:-1|-1:-1|1:-2|2:-1",4,TRUE,0,1,3,"off_axis",2.03060437371812,2.23606797749979,2.75,3,2,1.80087670122451,1,8,1
1308,"-1:-1|-1:0|1:-2|2:-1",4,TRUE,1,1,2,"mixed",1.72158737934317,2.23606797749979,2.25,3,2,1.86011261594915,2,8,1
1309,"-2:-1|-1:-2|-1:1|0:2",4,TRUE,1,1,2,"mixed",1.97158737934317,2.23606797749979,2.5,3,2,1.91934853067379,1,8,1
1310,"-1:-1|1:-2|1:1|2:-1",4,TRUE,0,2,2,"off_axis",1.82514076993644,2.23606797749979,2.5,3,2,2.00153397218646,2,4,2
1311,"-1:-1|0:1|1:-2|2:-1",4,TRUE,1,1,2,"mixed",1.72158737934317,2.23606797749979,2.25,3,2,1.98371941369913,2,8,1
1312,"-1:-1|-1:1|1:-2|2:-1",4,TRUE,0,2,2,"off_axis",1.82514076993644,2.23606797749979,2.5,3,2,2.0607698869111,2,8,1
1313,"-1:-2|1:-1|1:2|2:1",4,TRUE,0,1,3,"off_axis",2.03060437371812,2.23606797749979,2.75,3,2,2.10732621144911,3,8,1
1314,"-1:-1|1:-2|1:2|2:-1",4,TRUE,0,1,3,"off_axis",2.03060437371812,2.23606797749979,2.75,3,2,1.98371941369913,2,8,1
1315,"-1:-1|0:2|1:-2|2:-1",4,TRUE,1,1,2,"mixed",1.97158737934317,2.23606797749979,2.5,3,2,2.00153397218646,2,8,1
1316,"-1:-1|-1:2|1:-2|2:-1",4,TRUE,0,1,3,"off_axis",2.03060437371812,2.23606797749979,2.75,3,2,2.08371941369913,3,8,1
1317,"-2:-1|-1:-2|-1:2|0:1",4,TRUE,1,0,3,"mixed",1.92705098312484,2.23606797749979,2.5,3,2,1.88371941369913,1,8,1
1318,"-1:0|1:-2|1:2|2:-1",4,TRUE,1,0,3,"mixed",1.92705098312484,2.23606797749979,2.5,3,2,2.02514076993644,2,8,1
1319,"-1:-1|1:-2|1:2|2:1",4,TRUE,0,1,3,"off_axis",2.03060437371812,2.23606797749979,2.75,3,2,2.06656212617375,2,8,1
1320,"-2:-1|-1:-2|-1:2|2:-1",4,TRUE,0,0,4,"off_axis",2.23606797749979,2.23606797749979,3,3,2,1.9659048552118,2,4,2
1321,"-2:-1|-1:-2|-1:2|2:0",4,TRUE,1,0,3,"mixed",2.17705098312484,2.23606797749979,2.75,3,2,2.04295532842377,2,8,1
1322,"-2:-1|-1:-2|-1:2|2:1",4,TRUE,0,0,4,"off_axis",2.23606797749979,2.23606797749979,3,3,2,2.08951165296178,3,8,1
1323,"-2:-1|-1:-2|0:1|0:2",4,TRUE,2,0,2,"mixed",1.86803398874989,2.23606797749979,2.25,3,2,1.91934853067379,1,8,1
1324,"-1:0|0:-1|1:2|2:1",4,TRUE,2,0,2,"mixed",1.61803398874989,2.23606797749979,2,3,2,1.94295532842377,2,4,2
1325,"-1:-1|-1:0|1:2|2:1",4,TRUE,1,1,2,"mixed",1.72158737934317,2.23606797749979,2.25,3,2,2.00219124314841,2,8,1
1326,"-1:-2|0:-1|1:2|2:1",4,TRUE,1,0,3,"mixed",1.92705098312484,2.23606797749979,2.5,3,2,2.06656212617375,2,8,1
1327,"-1:0|0:-2|1:2|2:1",4,TRUE,2,0,2,"mixed",1.86803398874989,2.23606797749979,2.25,3,2,2.04295532842377,2,8,1
1328,"-1:-2|-1:0|1:2|2:1",4,TRUE,1,0,3,"mixed",1.92705098312484,2.23606797749979,2.5,3,2,2.12514076993644,3,8,1
1329,"-1:-1|0:-2|1:2|2:1",4,TRUE,1,1,2,"mixed",1.97158737934317,2.23606797749979,2.5,3,2,2.06142715787305,1,8,1
1330,"-2:-1|-1:-2|0:2|2:0",4,TRUE,2,0,2,"mixed",2.11803398874989,2.23606797749979,2.5,3,2,2.12000580163574,2,4,2
1331,"-2:-1|-1:-2|0:2|2:1",4,TRUE,1,0,3,"mixed",2.17705098312484,2.23606797749979,2.75,3,2,2.16656212617375,3,8,1
1332,"-1:-2|-1:-1|1:2|2:1",4,TRUE,0,1,3,"off_axis",2.03060437371812,2.23606797749979,2.75,3,2,2.12579804089839,2,8,1
1333,"-2:-1|-1:-2|1:2|2:1",4,TRUE,0,0,4,"off_axis",2.23606797749979,2.23606797749979,3,3,2,2.19016892392373,3,2,4
1334,"-1:-1|0:-1|1:-2|1:-1",4,TRUE,1,2,1,"mixed",1.51612377556149,2.23606797749979,2,3,2,1.47147766421189,1,8,1
1335,"-1:-2|-1:-1|0:-1|2:-1",4,TRUE,1,1,2,"mixed",1.72158737934317,2.23606797749979,2.25,3,2,1.65366310572456,2,8,1
1336,"-2:-1|-1:-1|-1:0|0:-2",4,TRUE,2,1,1,"mixed",1.66257038496822,2.23606797749979,2,3,2,1.59508446196187,1,8,1
1337,"-1:-2|-1:-1|-1:0|0:-1",4,TRUE,2,1,1,"mixed",1.41257038496822,2.23606797749979,1.75,3,2,1.34787086646191,1,8,1
1338,"-1:-2|-1:-1|0:-1|1:0",4,TRUE,2,1,1,"mixed",1.41257038496822,2.23606797749979,1.75,3,2,1.55432037668651,1,8,1
1339,"-1:-2|-1:-1|0:-1|2:0",4,TRUE,2,1,1,"mixed",1.66257038496822,2.23606797749979,2,3,2,1.73650581819918,2,8,1
1340,"-1:-2|1:-1|1:0|2:-1",4,TRUE,1,1,2,"mixed",1.72158737934317,2.23606797749979,2.25,3,2,1.76011261594915,2,8,1
1341,"-1:-1|-1:1|-1:2|0:1",4,TRUE,1,2,1,"mixed",1.51612377556149,2.23606797749979,2,3,2,1.57147766421189,1,8,1
1342,"-1:-2|-1:-1|0:-1|0:1",4,TRUE,2,1,1,"mixed",1.41257038496822,2.23606797749979,1.75,3,2,1.55366310572456,1,8,1
1343,"-1:-1|0:1|1:1|1:2",4,TRUE,1,2,1,"mixed",1.51612377556149,2.23606797749979,2,3,2,1.73716308916112,1,8,1
1344,"-1:-2|-1:-1|0:-1|2:1",4,TRUE,1,1,2,"mixed",1.72158737934317,2.23606797749979,2.25,3,2,1.87858444539843,2,8,1
1345,"-1:-2|-1:-1|-1:2|0:-1",4,TRUE,1,1,2,"mixed",1.72158737934317,2.23606797749979,2.25,3,2,1.55366310572456,1,8,1
1346,"-1:-2|-1:-1|0:-1|0:2",4,TRUE,2,1,1,"mixed",1.66257038496822,2.23606797749979,2,3,2,1.57147766421189,1,8,1
1347,"-1:-2|-1:-1|0:-1|1:2",4,TRUE,1,1,2,"mixed",1.72158737934317,2.23606797749979,2.25,3,2,1.76011261594915,2,8,1
1348,"-1:-2|-1:-1|1:-1|2:-1",4,TRUE,0,2,2,"off_axis",1.82514076993644,2.23606797749979,2.5,3,2,1.77726990347453,1,8,1
1349,"-1:-1|1:-2|1:-1|2:0",4,TRUE,1,2,1,"mixed",1.76612377556149,2.23606797749979,2.25,3,2,1.81869125971184,1,8,1
1350,"-1:-1|1:-2|1:-1|1:0",4,TRUE,1,2,1,"mixed",1.51612377556149,2.23606797749979,2,3,2,1.65366310572456,1,8,1
1351,"-1:-1|-1:0|1:-2|1:-1",4,TRUE,1,2,1,"mixed",1.51612377556149,2.23606797749979,2,3,2,1.73650581819918,1,8,1
1352,"-1:-2|-1:-1|1:-1|2:0",4,TRUE,1,2,1,"mixed",1.76612377556149,2.23606797749979,2.25,3,2,1.87792717443648,1,8,1
1353,"-1:-1|1:-2|1:-1|2:1",4,TRUE,0,2,2,"off_axis",1.82514076993644,2.23606797749979,2.5,3,2,1.98371941369913,2,8,1
1354,"-1:-1|-1:1|-1:2|1:1",4,TRUE,0,3,1,"off_axis",1.61967716615477,2.23606797749979,2.25,3,2,1.85432037668651,1,8,1
1355,"-1:-1|0:1|1:-2|1:-1",4,TRUE,1,2,1,"mixed",1.51612377556149,2.23606797749979,2,3,2,1.80087670122451,1,8,1
1356,"-1:-1|-1:1|1:-2|1:-1",4,TRUE,0,3,1,"off_axis",1.61967716615477,2.23606797749979,2.25,3,2,1.93716308916112,1,8,1
1357,"-1:-2|-1:-1|1:-1|2:1",4,TRUE,0,2,2,"off_axis",1.82514076993644,2.23606797749979,2.5,3,2,2.04295532842377,2,8,1
1358,"-1:-1|1:-2|1:-1|1:2",4,TRUE,0,2,2,"off_axis",1.82514076993644,2.23606797749979,2.5,3,2,1.83650581819917,1,8,1
1359,"-1:-1|0:2|1:-2|1:-1",4,TRUE,1,2,1,"mixed",1.76612377556149,2.23606797749979,2.25,3,2,1.81869125971184,1,8,1
1360,"-1:-1|-1:2|1:-2|1:-1",4,TRUE,0,2,2,"off_axis",1.82514076993644,2.23606797749979,2.5,3,2,1.96011261594915,2,8,1
1361,"-2:-1|-1:-1|-1:2|0:-2",4,TRUE,1,1,2,"mixed",1.97158737934317,2.23606797749979,2.5,3,2,1.81869125971184,1,8,1
1362,"-1:-2|-1:-1|-1:0|2:-1",4,TRUE,1,1,2,"mixed",1.72158737934317,2.23606797749979,2.25,3,2,1.73584854723723,2,8,1
1363,"-1:-2|-1:-1|1:0|2:-1",4,TRUE,1,1,2,"mixed",1.72158737934317,2.23606797749979,2.25,3,2,1.86011261594915,1,8,1
1364,"-1:-2|1:-1|1:2|2:-1",4,TRUE,0,1,3,"off_axis",2.03060437371812,2.23606797749979,2.75,3,2,2.00666894048716,3,8,1
1365,"-1:-1|-1:1|-1:2|2:1",4,TRUE,0,2,2,"off_axis",1.82514076993644,2.23606797749979,2.5,3,2,1.93650581819917,2,8,1
1366,"-1:-2|-1:-1|0:1|2:-1",4,TRUE,1,1,2,"mixed",1.72158737934317,2.23606797749979,2.25,3,2,1.94229805746182,2,8,1
1367,"-1:-1|1:-2|1:1|2:1",4,TRUE,0,2,2,"off_axis",1.82514076993644,2.23606797749979,2.5,3,2,2.04295532842377,2,8,1
1368,"-1:-2|-1:-1|-1:2|2:-1",4,TRUE,0,1,3,"off_axis",2.03060437371812,2.23606797749979,2.75,3,2,1.91869125971184,2,8,1
1369,"-1:-2|-1:-1|0:2|2:-1",4,TRUE,1,1,2,"mixed",1.97158737934317,2.23606797749979,2.5,3,2,1.96011261594915,2,8,1
1370,"-1:-2|-1:-1|1:2|2:-1",4,TRUE,0,1,3,"off_axis",2.03060437371812,2.23606797749979,2.75,3,2,2.0659048552118,3,8,1
1371,"-2:-1|-1:-1|0:-2|0:-1",4,TRUE,2,1,1,"mixed",1.66257038496822,2.23606797749979,2,3,2,1.53005630797458,1,8,1
1372,"-1:0|1:-2|1:-1|2:0",4,TRUE,2,1,1,"mixed",1.66257038496822,2.23606797749979,2,3,2,1.83650581819917,1,8,1
1373,"-2:-1|-1:-1|0:-2|0:2",4,TRUE,2,1,1,"mixed",1.91257038496822,2.23606797749979,2.25,3,2,1.83650581819917,1,8,1
1374,"-1:-1|0:-2|1:-1|2:-1",4,TRUE,1,2,1,"mixed",1.76612377556149,2.23606797749979,2.25,3,2,1.7128990204492,1,8,1
1375,"-1:0|0:-2|1:-1|2:-1",4,TRUE,2,1,1,"mixed",1.66257038496822,2.23606797749979,2,3,2,1.80087670122451,1,8,1
1376,"-1:-1|0:2|1:1|2:1",4,TRUE,1,2,1,"mixed",1.76612377556149,2.23606797749979,2.25,3,2,1.9607698869111,1,8,1
1377,"-1:-2|0:2|1:1|2:1",4,TRUE,1,1,2,"mixed",1.97158737934317,2.23606797749979,2.5,3,2,1.9607698869111,1,8,1
1378,"-2:-1|-1:-1|0:-2|2:-1",4,TRUE,1,1,2,"mixed",1.97158737934317,2.23606797749979,2.5,3,2,1.77726990347453,1,8,1
1379,"-2:-1|-1:-1|0:-2|2:0",4,TRUE,2,1,1,"mixed",1.91257038496822,2.23606797749979,2.25,3,2,1.87792717443648,1,8,1
1380,"-1:-2|1:1|1:2|2:0",4,TRUE,1,1,2,"mixed",1.97158737934317,2.23606797749979,2.5,3,2,2.04295532842377,2,8,1
1381,"-1:-2|-1:-1|-1:0|1:0",4,TRUE,2,1,1,"mixed",1.41257038496822,2.23606797749979,1.75,3,2,1.67147766421189,1,8,1
1382,"-1:-2|-1:-1|-1:0|2:0",4,TRUE,2,1,1,"mixed",1.66257038496822,2.23606797749979,2,3,2,1.77147766421189,2,8,1
1383,"-1:-2|0:-1|1:-1|2:-1",4,TRUE,1,1,2,"mixed",1.72158737934317,2.23606797749979,2.25,3,2,1.67726990347453,1,8,1
1384,"-1:-1|-1:0|-1:1|-1:2",4,TRUE,1,2,1,"mixed",1.51612377556149,2.23606797749979,2,3,2,1.5064495102246,1,8,1
1385,"-1:-2|-1:-1|-1:0|0:1",4,TRUE,2,1,1,"mixed",1.41257038496822,2.23606797749979,1.75,3,2,1.55366310572456,1,8,1
1386,"-1:-1|0:1|1:1|2:1",4,TRUE,1,2,1,"mixed",1.51612377556149,2.23606797749979,2,3,2,1.79574173292382,1,8,1
1387,"-1:-2|-1:-1|-1:0|2:1",4,TRUE,1,1,2,"mixed",1.72158737934317,2.23606797749979,2.25,3,2,1.87792717443648,2,8,1
1388,"-1:-2|-1:-1|-1:0|-1:2",4,TRUE,1,1,2,"mixed",1.72158737934317,2.23606797749979,2.25,3,2,1.58863495173727,1,8,1
1389,"-1:-2|-1:-1|-1:0|0:2",4,TRUE,2,1,1,"mixed",1.66257038496822,2.23606797749979,2,3,2,1.65366310572456,1,8,1
1390,"-1:-2|-1:-1|-1:0|1:2",4,TRUE,1,1,2,"mixed",1.72158737934317,2.23606797749979,2.25,3,2,1.87792717443648,2,8,1
1391,"-1:-2|-1:-1|1:0|2:0",4,TRUE,2,1,1,"mixed",1.66257038496822,2.23606797749979,2,3,2,1.87792717443648,1,8,1
1392,"-1:-2|0:1|1:-1|2:-1",4,TRUE,1,1,2,"mixed",1.72158737934317,2.23606797749979,2.25,3,2,1.9659048552118,2,8,1
1393,"-1:-1|-1:1|-1:2|1:0",4,TRUE,1,2,1,"mixed",1.51612377556149,2.23606797749979,2,3,2,1.83650581819917,1,8,1
1394,"-1:-2|-1:-1|0:1|1:0",4,TRUE,2,1,1,"mixed",1.41257038496822,2.23606797749979,1.75,3,2,1.76011261594915,1,8,1
1395,"-1:-1|-1:0|1:1|1:2",4,TRUE,1,2,1,"mixed",1.51612377556149,2.23606797749979,2,3,2,1.87858444539843,1,8,1
1396,"-1:-2|-1:-1|1:0|2:1",4,TRUE,1,1,2,"mixed",1.72158737934317,2.23606797749979,2.25,3,2,2.00219124314841,1,8,1
1397,"-1:-2|-1:-1|-1:2|1:0",4,TRUE,1,1,2,"mixed",1.72158737934317,2.23606797749979,2.25,3,2,1.87792717443648,1,8,1
1398,"-1:-2|-1:-1|0:2|1:0",4,TRUE,2,1,1,"mixed",1.66257038496822,2.23606797749979,2,3,2,1.86011261594915,1,8,1
1399,"-1:-2|-1:-1|1:0|1:2",4,TRUE,1,1,2,"mixed",1.72158737934317,2.23606797749979,2.25,3,2,2.00153397218646,2,8,1
1400,"-1:-2|0:2|1:-1|2:-1",4,TRUE,1,1,2,"mixed",1.97158737934317,2.23606797749979,2.5,3,2,1.98371941369913,2,8,1
1401,"-1:-1|-1:1|-1:2|2:0",4,TRUE,1,2,1,"mixed",1.76612377556149,2.23606797749979,2.25,3,2,1.93650581819917,2,8,1
1402,"-1:-2|-1:-1|0:1|2:0",4,TRUE,2,1,1,"mixed",1.66257038496822,2.23606797749979,2,3,2,1.94229805746182,2,8,1
1403,"-1:-1|0:-2|1:1|2:1",4,TRUE,1,2,1,"mixed",1.76612377556149,2.23606797749979,2.25,3,2,2.02000580163574,1,8,1
1404,"-1:-2|-1:-1|-1:2|2:0",4,TRUE,1,1,2,"mixed",1.97158737934317,2.23606797749979,2.5,3,2,1.97792717443648,2,8,1
1405,"-1:-2|-1:-1|0:2|2:0",4,TRUE,2,1,1,"mixed",1.91257038496822,2.23606797749979,2.25,3,2,2.01934853067379,2,8,1
1406,"-1:-2|-1:-1|1:2|2:0",4,TRUE,1,1,2,"mixed",1.97158737934317,2.23606797749979,2.5,3,2,2.12514076993644,3,8,1
1407,"-1:-2|-1:0|1:-1|2:-1",4,TRUE,1,1,2,"mixed",1.72158737934317,2.23606797749979,2.25,3,2,1.88306214273718,2,8,1
1408,"-1:-1|-1:2|1:1|2:1",4,TRUE,0,2,2,"off_axis",1.82514076993644,2.23606797749979,2.5,3,2,2.04295532842377,2,8,1
1409,"-1:-2|-1:2|1:-1|2:-1",4,TRUE,0,1,3,"off_axis",2.03060437371812,2.23606797749979,2.75,3,2,2.02514076993644,2,8,1
1410,"-2:-1|-1:-1|1:-2|2:0",4,TRUE,1,1,2,"mixed",1.97158737934317,2.23606797749979,2.5,3,2,1.92448349897449,2,8,1
1411,"-1:-2|1:1|1:2|2:-1",4,TRUE,0,1,3,"off_axis",2.03060437371812,2.23606797749979,2.75,3,2,2.08951165296178,3,8,1
1412,"-1:-1|-1:0|1:-1|2:-1",4,TRUE,1,2,1,"mixed",1.51612377556149,2.23606797749979,2,3,2,1.65366310572456,1,8,1
1413,"-1:-1|-1:1|-1:2|1:-1",4,TRUE,0,3,1,"off_axis",1.61967716615477,2.23606797749979,2.25,3,2,1.91355629141115,1,8,1
1414,"-1:-1|-1:1|-1:2|2:-1",4,TRUE,0,2,2,"off_axis",1.82514076993644,2.23606797749979,2.5,3,2,1.99574173292381,2,8,1
1415,"-1:-2|-1:-1|-1:1|-1:2",4,TRUE,0,2,2,"off_axis",1.82514076993644,2.23606797749979,2.5,3,2,1.63005630797458,1,4,2
1416,"-1:-1|-1:1|-1:2|0:-2",4,TRUE,1,2,1,"mixed",1.76612377556149,2.23606797749979,2.25,3,2,1.7128990204492,1,8,1
1417,"-1:-1|-1:1|-1:2|1:-2",4,TRUE,0,2,2,"off_axis",1.82514076993644,2.23606797749979,2.5,3,2,1.96011261594915,2,8,1
1418,"-1:-1|-1:0|1:1|2:1",4,TRUE,1,2,1,"mixed",1.51612377556149,2.23606797749979,2,3,2,1.81934853067379,1,8,1
1419,"-1:-2|-1:-1|0:1|2:1",4,TRUE,1,1,2,"mixed",1.72158737934317,2.23606797749979,2.25,3,2,2.00153397218646,2,8,1
1420,"-1:-2|-1:-1|-1:2|0:1",4,TRUE,1,1,2,"mixed",1.72158737934317,2.23606797749979,2.25,3,2,1.67726990347453,1,8,1
1421,"-1:-2|-1:-1|0:1|0:2",4,TRUE,2,1,1,"mixed",1.66257038496822,2.23606797749979,2,3,2,1.67726990347453,1,8,1
1422,"-1:-2|-1:-1|0:1|1:2",4,TRUE,1,1,2,"mixed",1.72158737934317,2.23606797749979,2.25,3,2,1.88371941369913,1,8,1
1423,"-1:-2|-1:-1|1:1|2:1",4,TRUE,0,2,2,"off_axis",1.82514076993644,2.23606797749979,2.5,3,2,2.06142715787305,1,4,2
1424,"-1:-1|1:-2|1:1|1:2",4,TRUE,0,2,2,"off_axis",1.82514076993644,2.23606797749979,2.5,3,2,1.91934853067379,1,8,1
1425,"-1:-1|0:-2|1:1|1:2",4,TRUE,1,2,1,"mixed",1.76612377556149,2.23606797749979,2.25,3,2,1.87858444539843,1,8,1
1426,"-1:-2|-1:-1|1:1|1:2",4,TRUE,0,2,2,"off_axis",1.82514076993644,2.23606797749979,2.5,3,2,2.00219124314841,1,4,2
1427,"-1:-2|-1:-1|-1:2|2:1",4,TRUE,0,1,3,"off_axis",2.03060437371812,2.23606797749979,2.75,3,2,2.00153397218646,2,8,1
1428,"-1:-2|-1:-1|0:2|2:1",4,TRUE,1,1,2,"mixed",1.97158737934317,2.23606797749979,2.5,3,2,2.04295532842377,2,8,1
1429,"-1:-1|0:-1|1:-2|2:0",4,TRUE,2,1,1,"mixed",1.66257038496822,2.23606797749979,2,3,2,1.80087670122451,2,8,1
1430,"-1:-1|0:-1|1:-2|1:0",4,TRUE,2,1,1,"mixed",1.41257038496822,2.23606797749979,1.75,3,2,1.59508446196187,1,8,1
1431,"-1:-1|-1:0|0:-1|1:-2",4,TRUE,2,1,1,"mixed",1.41257038496822,2.23606797749979,1.75,3,2,1.55432037668651,1,8,1
1432,"-1:-2|0:-1|1:-1|2:0",4,TRUE,2,1,1,"mixed",1.66257038496822,2.23606797749979,2,3,2,1.77792717443648,1,8,1
1433,"-1:-1|0:-1|1:-2|2:1",4,TRUE,1,1,2,"mixed",1.72158737934317,2.23606797749979,2.25,3,2,1.94295532842377,2,8,1
1434,"-1:-1|-1:2|0:1|1:1",4,TRUE,1,2,1,"mixed",1.51612377556149,2.23606797749979,2,3,2,1.77792717443648,1,8,1
1435,"-1:-1|0:-1|0:1|1:-2",4,TRUE,2,1,1,"mixed",1.41257038496822,2.23606797749979,1.75,3,2,1.67726990347453,1,8,1
1436,"-1:-1|-1:1|0:-1|1:-2",4,TRUE,1,2,1,"mixed",1.51612377556149,2.23606797749979,2,3,2,1.77792717443648,1,8,1
1437,"-1:-2|0:-1|1:-1|2:1",4,TRUE,1,1,2,"mixed",1.72158737934317,2.23606797749979,2.25,3,2,1.94295532842377,2,8,1
1438,"-1:-1|0:-1|1:-2|1:2",4,TRUE,1,1,2,"mixed",1.72158737934317,2.23606797749979,2.25,3,2,1.76011261594915,1,8,1
1439,"-1:-1|0:-1|0:2|1:-2",4,TRUE,2,1,1,"mixed",1.66257038496822,2.23606797749979,2,3,2,1.69508446196187,1,8,1
1440,"-1:-1|-1:2|0:-1|1:-2",4,TRUE,1,1,2,"mixed",1.72158737934317,2.23606797749979,2.25,3,2,1.80087670122451,2,8,1
1441,"-2:-1|-1:0|-1:2|0:-2",4,TRUE,2,0,2,"mixed",1.86803398874989,2.23606797749979,2.25,3,2,1.90087670122451,2,8,1
1442,"-1:-2|-1:0|0:-1|2:-1",4,TRUE,2,0,2,"mixed",1.61803398874989,2.23606797749979,2,3,2,1.77726990347453,2,8,1
1443,"-1:-2|0:-1|1:0|2:-1",4,TRUE,2,0,2,"mixed",1.61803398874989,2.23606797749979,2,3,2,1.77792717443648,1,8,1
1444,"-1:-2|1:0|1:2|2:-1",4,TRUE,1,0,3,"mixed",1.92705098312484,2.23606797749979,2.5,3,2,2.0659048552118,3,8,1
1445,"-1:-1|-1:2|0:1|2:1",4,TRUE,1,1,2,"mixed",1.72158737934317,2.23606797749979,2.25,3,2,1.96011261594915,2,8,1
1446,"-1:-2|0:-1|0:1|2:-1",4,TRUE,2,0,2,"mixed",1.61803398874989,2.23606797749979,2,3,2,1.91869125971184,2,8,1
1447,"-1:-1|1:-2|1:0|2:1",4,TRUE,1,1,2,"mixed",1.72158737934317,2.23606797749979,2.25,3,2,1.98371941369913,2,8,1
1448,"-1:-2|-1:2|0:-1|2:-1",4,TRUE,1,0,3,"mixed",1.92705098312484,2.23606797749979,2.5,3,2,1.94229805746182,2,8,1
1449,"-1:-2|0:-1|0:2|2:-1",4,TRUE,2,0,2,"mixed",1.86803398874989,2.23606797749979,2.25,3,2,1.93650581819917,2,8,1
1450,"-1:-2|0:-1|1:2|2:-1",4,TRUE,1,0,3,"mixed",1.92705098312484,2.23606797749979,2.5,3,2,2.00666894048716,3,8,1
1451,"-2:-1|-1:0|0:-2|0:-1",4,TRUE,3,0,1,"mixed",1.55901699437495,2.23606797749979,1.75,3,2,1.65366310572456,1,8,1
1452,"-1:0|0:-1|1:-2|2:0",4,TRUE,3,0,1,"mixed",1.55901699437495,2.23606797749979,1.75,3,2,1.83650581819917,2,8,1
1453,"-2:-1|-1:0|0:-2|0:2",4,TRUE,3,0,1,"mixed",1.80901699437495,2.23606797749979,2,3,2,1.91869125971184,2,8,1
1454,"-1:-1|0:-2|1:0|2:-1",4,TRUE,2,1,1,"mixed",1.66257038496822,2.23606797749979,2,3,2,1.81869125971184,1,8,1
1455,"-1:0|0:-2|1:0|2:-1",4,TRUE,3,0,1,"mixed",1.55901699437495,2.23606797749979,1.75,3,2,1.8594553449872,2,8,1
1456,"-1:-1|0:1|1:2|2:0",4,TRUE,2,1,1,"mixed",1.66257038496822,2.23606797749979,2,3,2,1.98371941369913,2,8,1
1457,"-1:-2|0:2|1:0|2:1",4,TRUE,2,0,2,"mixed",1.86803398874989,2.23606797749979,2.25,3,2,2.04295532842377,2,8,1
1458,"-2:-1|-1:0|0:-2|2:-1",4,TRUE,2,0,2,"mixed",1.86803398874989,2.23606797749979,2.25,3,2,1.88306214273718,2,8,1
1459,"-2:-1|-1:0|0:-2|2:0",4,TRUE,3,0,1,"mixed",1.80901699437495,2.23606797749979,2,3,2,1.93650581819917,2,8,1
1460,"-1:-2|0:1|1:2|2:0",4,TRUE,2,0,2,"mixed",1.86803398874989,2.23606797749979,2.25,3,2,2.0659048552118,3,8,1
1461,"-1:-2|-1:0|0:-1|1:0",4,TRUE,3,0,1,"mixed",1.30901699437495,2.23606797749979,1.5,3,2,1.63071357893653,1,8,1
1462,"-1:-2|-1:0|0:-1|2:0",4,TRUE,3,0,1,"mixed",1.55901699437495,2.23606797749979,1.75,3,2,1.8128990204492,2,8,1
1463,"-1:-1|-1:0|-1:2|0:1",4,TRUE,2,1,1,"mixed",1.41257038496822,2.23606797749979,1.75,3,2,1.57147766421189,1,8,1
1464,"-1:-2|-1:0|0:-1|0:1",4,TRUE,3,0,1,"mixed",1.30901699437495,2.23606797749979,1.5,3,2,1.57147766421189,1,8,1
1465,"-1:-1|0:1|1:0|1:2",4,TRUE,2,1,1,"mixed",1.41257038496822,2.23606797749979,1.75,3,2,1.77792717443648,1,8,1
1466,"-1:-2|-1:0|0:-1|2:1",4,TRUE,2,0,2,"mixed",1.61803398874989,2.23606797749979,2,3,2,1.91934853067379,2,8,1
1467,"-1:-2|-1:0|-1:2|0:-1",4,TRUE,2,0,2,"mixed",1.61803398874989,2.23606797749979,2,3,2,1.65366310572456,1,8,1
1468,"-1:-2|-1:0|0:-1|0:2",4,TRUE,3,0,1,"mixed",1.55901699437495,2.23606797749979,1.75,3,2,1.67147766421189,1,8,1
1469,"-1:-2|-1:0|0:-1|1:2",4,TRUE,2,0,2,"mixed",1.61803398874989,2.23606797749979,2,3,2,1.86011261594915,2,8,1
1470,"-1:-2|0:-1|1:0|2:0",4,TRUE,3,0,1,"mixed",1.55901699437495,2.23606797749979,1.75,3,2,1.79574173292382,1,8,1
1471,"-1:-2|0:1|1:0|2:-1",4,TRUE,2,0,2,"mixed",1.61803398874989,2.23606797749979,2,3,2,1.94295532842377,2,8,1
1472,"-1:-1|-1:2|0:1|1:0",4,TRUE,2,1,1,"mixed",1.41257038496822,2.23606797749979,1.75,3,2,1.77792717443648,1,8,1
1473,"-1:-2|0:-1|0:1|1:0",4,TRUE,3,0,1,"mixed",1.30901699437495,2.23606797749979,1.5,3,2,1.65432037668651,1,8,1
1474,"-1:-1|-1:0|0:1|1:2",4,TRUE,2,1,1,"mixed",1.41257038496822,2.23606797749979,1.75,3,2,1.73716308916112,1,8,1
1475,"-1:-2|0:-1|1:0|2:1",4,TRUE,2,0,2,"mixed",1.61803398874989,2.23606797749979,2,3,2,1.92000580163574,1,4,2
1476,"-1:-2|-1:2|0:-1|1:0",4,TRUE,2,0,2,"mixed",1.61803398874989,2.23606797749979,2,3,2,1.81934853067379,1,8,1
1477,"-1:-2|0:-1|0:2|1:0",4,TRUE,3,0,1,"mixed",1.55901699437495,2.23606797749979,1.75,3,2,1.75432037668651,1,8,1
1478,"-1:-2|-1:0|0:1|1:2",4,TRUE,2,0,2,"mixed",1.61803398874989,2.23606797749979,2,3,2,1.86011261594915,2,8,1
1479,"-1:-2|0:2|1:0|2:-1",4,TRUE,2,0,2,"mixed",1.86803398874989,2.23606797749979,2.25,3,2,2.04295532842377,2,8,1
1480,"-1:-1|-1:2|0:1|2:0",4,TRUE,2,1,1,"mixed",1.66257038496822,2.23606797749979,2,3,2,1.96011261594915,2,8,1
1481,"-1:-2|0:-1|0:1|2:0",4,TRUE,3,0,1,"mixed",1.55901699437495,2.23606797749979,1.75,3,2,1.91869125971184,2,8,1
1482,"-1:-1|0:-2|1:0|2:1",4,TRUE,2,1,1,"mixed",1.66257038496822,2.23606797749979,2,3,2,1.9607698869111,1,8,1
1483,"-1:-2|-1:2|0:-1|2:0",4,TRUE,2,0,2,"mixed",1.86803398874989,2.23606797749979,2.25,3,2,2.00153397218646,2,8,1
1484,"-1:-2|0:-1|0:2|2:0",4,TRUE,3,0,1,"mixed",1.80901699437495,2.23606797749979,2,3,2,1.99574173292381,2,8,1
1485,"-1:-2|0:-1|1:2|2:0",4,TRUE,2,0,2,"mixed",1.86803398874989,2.23606797749979,2.25,3,2,2.0659048552118,3,8,1
1486,"-1:-2|-1:0|1:0|2:-1",4,TRUE,2,0,2,"mixed",1.61803398874989,2.23606797749979,2,3,2,1.91869125971184,2,8,1
1487,"-1:-1|-1:2|1:0|2:1",4,TRUE,1,1,2,"mixed",1.72158737934317,2.23606797749979,2.25,3,2,2.04295532842377,2,8,1
1488,"-1:-2|-1:2|1:0|2:-1",4,TRUE,1,0,3,"mixed",1.92705098312484,2.23606797749979,2.5,3,2,2.08437668466108,2,8,1
1489,"-2:-1|-1:0|1:-2|2:0",4,TRUE,2,0,2,"mixed",1.86803398874989,2.23606797749979,2.25,3,2,1.96011261594915,2,8,1
1490,"-1:-2|0:1|1:2|2:-1",4,TRUE,1,0,3,"mixed",1.92705098312484,2.23606797749979,2.5,3,2,2.08951165296178,3,8,1
1491,"-1:-1|-1:0|1:0|2:-1",4,TRUE,2,1,1,"mixed",1.41257038496822,2.23606797749979,1.75,3,2,1.65366310572456,1,8,1
1492,"-1:-1|-1:1|1:0|2:-1",4,TRUE,1,2,1,"mixed",1.51612377556149,2.23606797749979,2,3,2,1.87792717443648,1,8,1
1493,"-1:-1|-1:2|0:1|2:-1",4,TRUE,1,1,2,"mixed",1.72158737934317,2.23606797749979,2.25,3,2,2.01934853067379,2,8,1
1494,"-1:-1|-1:2|0:-2|0:1",4,TRUE,2,1,1,"mixed",1.66257038496822,2.23606797749979,2,3,2,1.7128990204492,1,8,1
1495,"-1:-1|-1:2|0:1|1:-2",4,TRUE,1,1,2,"mixed",1.72158737934317,2.23606797749979,2.25,3,2,1.92448349897449,2,8,1
1496,"-1:-1|-1:0|1:0|2:1",4,TRUE,2,1,1,"mixed",1.41257038496822,2.23606797749979,1.75,3,2,1.73650581819918,1,8,1
1497,"-1:-2|-1:0|1:0|2:1",4,TRUE,2,0,2,"mixed",1.61803398874989,2.23606797749979,2,3,2,1.97792717443648,2,8,1
1498,"-1:-2|-1:2|0:-1|0:1",4,TRUE,2,0,2,"mixed",1.61803398874989,2.23606797749979,2,3,2,1.67726990347453,1,4,2
1499,"-1:-2|0:-1|0:1|0:2",4,TRUE,3,0,1,"mixed",1.55901699437495,2.23606797749979,1.75,3,2,1.63005630797458,1,8,1
1500,"-1:-2|0:-1|0:1|1:2",4,TRUE,2,0,2,"mixed",1.61803398874989,2.23606797749979,2,3,2,1.80087670122451,1,4,2
1501,"-1:-1|0:1|1:-2|1:2",4,TRUE,1,1,2,"mixed",1.72158737934317,2.23606797749979,2.25,3,2,1.88371941369913,1,8,1
1502,"-1:-1|0:-2|0:1|1:2",4,TRUE,2,1,1,"mixed",1.66257038496822,2.23606797749979,2,3,2,1.79574173292382,1,8,1
1503,"-1:-2|-1:2|0:-1|2:1",4,TRUE,1,0,3,"mixed",1.92705098312484,2.23606797749979,2.5,3,2,2.02514076993644,2,8,1
1504,"-1:-2|0:-1|0:2|2:1",4,TRUE,2,0,2,"mixed",1.86803398874989,2.23606797749979,2.25,3,2,2.01934853067379,2,8,1
1505,"-1:-1|1:-2|1:0|2:0",4,TRUE,2,1,1,"mixed",1.66257038496822,2.23606797749979,2,3,2,1.8594553449872,2,8,1
1506,"-1:-1|-1:0|1:-2|2:0",4,TRUE,2,1,1,"mixed",1.66257038496822,2.23606797749979,2,3,2,1.91869125971184,3,8,1
1507,"-2:-1|-1:1|0:-2|0:2",4,TRUE,2,1,1,"mixed",1.91257038496822,2.23606797749979,2.25,3,2,1.96011261594915,2,8,1
1508,"-1:-1|0:-2|1:1|2:-1",4,TRUE,1,2,1,"mixed",1.76612377556149,2.23606797749979,2.25,3,2,2.00153397218646,2,8,1
1509,"-1:-1|0:1|1:-2|2:0",4,TRUE,2,1,1,"mixed",1.66257038496822,2.23606797749979,2,3,2,2.00666894048716,3,8,1
1510,"-1:-1|-1:1|1:-2|2:0",4,TRUE,1,2,1,"mixed",1.76612377556149,2.23606797749979,2.25,3,2,2.08371941369913,3,8,1
1511,"-1:-2|0:2|1:-1|2:1",4,TRUE,1,1,2,"mixed",1.97158737934317,2.23606797749979,2.5,3,2,2.10732621144911,3,8,1
1512,"-1:-1|1:-2|1:2|2:0",4,TRUE,1,1,2,"mixed",1.97158737934317,2.23606797749979,2.5,3,2,2.0659048552118,3,8,1
1513,"-1:-1|0:2|1:-2|2:0",4,TRUE,2,1,1,"mixed",1.91257038496822,2.23606797749979,2.25,3,2,2.08371941369913,3,8,1
1514,"-1:-1|-1:2|1:-2|2:0",4,TRUE,1,1,2,"mixed",1.97158737934317,2.23606797749979,2.5,3,2,2.1659048552118,4,8,1
1515,"-1:-1|-1:0|1:-2|1:0",4,TRUE,2,1,1,"mixed",1.41257038496822,2.23606797749979,1.75,3,2,1.79508446196187,2,8,1
1516,"-1:-2|-1:0|1:-1|2:0",4,TRUE,2,1,1,"mixed",1.66257038496822,2.23606797749979,2,3,2,1.93650581819917,2,8,1
1517,"-1:-1|-1:0|-1:2|1:1",4,TRUE,1,2,1,"mixed",1.51612377556149,2.23606797749979,2,3,2,1.83650581819917,2,8,1
1518,"-1:-1|0:1|1:-2|1:0",4,TRUE,2,1,1,"mixed",1.41257038496822,2.23606797749979,1.75,3,2,1.80087670122451,2,8,1
1519,"-1:-1|-1:1|1:-2|1:0",4,TRUE,1,2,1,"mixed",1.51612377556149,2.23606797749979,2,3,2,1.96011261594915,2,8,1
1520,"-1:-2|-1:0|1:-1|2:1",4,TRUE,1,1,2,"mixed",1.72158737934317,2.23606797749979,2.25,3,2,2.0659048552118,3,8,1
1521,"-1:-1|1:-2|1:0|1:2",4,TRUE,1,1,2,"mixed",1.72158737934317,2.23606797749979,2.25,3,2,1.91869125971184,2,8,1
1522,"-1:-1|0:2|1:-2|1:0",4,TRUE,2,1,1,"mixed",1.66257038496822,2.23606797749979,2,3,2,1.90087670122451,2,8,1
1523,"-1:-1|-1:2|1:-2|1:0",4,TRUE,1,1,2,"mixed",1.72158737934317,2.23606797749979,2.25,3,2,2.04229805746182,3,8,1
1524,"-1:-2|1:-1|1:0|2:0",4,TRUE,2,1,1,"mixed",1.66257038496822,2.23606797749979,2,3,2,1.79574173292382,2,8,1
1525,"-1:-1|-1:0|1:-2|2:1",4,TRUE,1,1,2,"mixed",1.72158737934317,2.23606797749979,2.25,3,2,2.02514076993644,3,8,1
1526,"-1:-1|-1:0|1:-2|1:1",4,TRUE,1,2,1,"mixed",1.51612377556149,2.23606797749979,2,3,2,1.91934853067379,2,8,1
1527,"-1:-1|-1:0|0:1|1:-2",4,TRUE,2,1,1,"mixed",1.41257038496822,2.23606797749979,1.75,3,2,1.76011261594915,2,8,1
1528,"-1:-1|-1:0|-1:1|1:-2",4,TRUE,1,2,1,"mixed",1.51612377556149,2.23606797749979,2,3,2,1.79574173292382,2,8,1
1529,"-1:-1|-1:0|1:-2|1:2",4,TRUE,1,1,2,"mixed",1.72158737934317,2.23606797749979,2.25,3,2,1.9607698869111,2,8,1
1530,"-1:-1|-1:0|0:2|1:-2",4,TRUE,2,1,1,"mixed",1.66257038496822,2.23606797749979,2,3,2,1.86011261594915,2,8,1
1531,"-1:-1|-1:0|-1:2|1:-2",4,TRUE,1,1,2,"mixed",1.72158737934317,2.23606797749979,2.25,3,2,1.91869125971184,3,8,1
1532,"-1:-2|0:2|1:1|2:-1",4,TRUE,1,1,2,"mixed",1.97158737934317,2.23606797749979,2.5,3,2,2.08437668466108,2,8,1
1533,"-1:-1|-1:2|1:1|2:0",4,TRUE,1,2,1,"mixed",1.76612377556149,2.23606797749979,2.25,3,2,2.0607698869111,2,8,1
1534,"-1:-2|0:1|1:-1|2:0",4,TRUE,2,1,1,"mixed",1.66257038496822,2.23606797749979,2,3,2,1.98371941369913,2,8,1
1535,"-1:-1|0:-2|1:-1|2:1",4,TRUE,1,2,1,"mixed",1.76612377556149,2.23606797749979,2.25,3,2,1.97858444539843,2,8,1
1536,"-1:-2|-1:2|1:-1|2:0",4,TRUE,1,1,2,"mixed",1.97158737934317,2.23606797749979,2.5,3,2,2.10219124314841,2,8,1
1537,"-1:-2|0:2|1:-1|2:0",4,TRUE,2,1,1,"mixed",1.91257038496822,2.23606797749979,2.25,3,2,2.0607698869111,2,8,1
1538,"-1:-2|1:-1|1:2|2:0",4,TRUE,1,1,2,"mixed",1.97158737934317,2.23606797749979,2.5,3,2,2.08371941369913,3,8,1
1539,"-1:-1|0:1|1:-2|2:1",4,TRUE,1,1,2,"mixed",1.72158737934317,2.23606797749979,2.25,3,2,2.0659048552118,3,8,1
1540,"-1:-1|-1:1|1:-2|2:1",4,TRUE,0,2,2,"off_axis",1.82514076993644,2.23606797749979,2.5,3,2,2.14295532842377,3,8,1
1541,"-1:-2|-1:2|1:-1|2:1",4,TRUE,0,1,3,"off_axis",2.03060437371812,2.23606797749979,2.75,3,2,2.14874756768642,3,8,1
1542,"-1:-1|0:2|1:-2|2:1",4,TRUE,1,1,2,"mixed",1.97158737934317,2.23606797749979,2.5,3,2,2.10732621144911,3,8,1
1543,"-1:-1|-1:2|1:-2|2:1",4,TRUE,0,1,3,"off_axis",2.03060437371812,2.23606797749979,2.75,3,2,2.18951165296178,4,8,1
1544,"-1:-1|-1:0|1:1|2:-1",4,TRUE,1,2,1,"mixed",1.51612377556149,2.23606797749979,2,3,2,1.86011261594915,2,8,1
1545,"-1:-1|-1:1|1:-1|1:2",4,TRUE,0,3,1,"off_axis",1.61967716615477,2.23606797749979,2.25,3,2,2.03716308916112,2,8,1
1546,"-1:-1|-1:2|1:1|2:-1",4,TRUE,0,2,2,"off_axis",1.82514076993644,2.23606797749979,2.5,3,2,2.14295532842377,3,4,2
1547,"-1:-1|-1:2|0:-2|1:1",4,TRUE,1,2,1,"mixed",1.76612377556149,2.23606797749979,2.25,3,2,1.91934853067379,1,8,1
1548,"-1:-1|-1:2|1:-2|1:1",4,TRUE,0,2,2,"off_axis",1.82514076993644,2.23606797749979,2.5,3,2,2.08371941369913,3,4,2
1549,"-1:-1|-1:0|1:-1|2:1",4,TRUE,1,2,1,"mixed",1.51612377556149,2.23606797749979,2,3,2,1.86011261594915,2,8,1
1550,"-1:-1|0:1|0:2|1:-2",4,TRUE,2,1,1,"mixed",1.66257038496822,2.23606797749979,2,3,2,1.80087670122451,1,8,1
1551,"-1:-1|-1:1|1:-2|1:2",4,TRUE,0,2,2,"off_axis",1.82514076993644,2.23606797749979,2.5,3,2,2.04295532842377,2,4,2
1552,"-1:-1|-1:1|0:-2|1:2",4,TRUE,1,2,1,"mixed",1.76612377556149,2.23606797749979,2.25,3,2,1.91934853067379,1,8,1
1553,"-2:-1|-1:2|0:-2|0:-1",4,TRUE,2,0,2,"mixed",1.86803398874989,2.23606797749979,2.25,3,2,1.8594553449872,2,8,1
1554,"-1:-1|0:-2|1:2|2:-1",4,TRUE,1,1,2,"mixed",1.97158737934317,2.23606797749979,2.5,3,2,2.00153397218646,2,8,1
1555,"-1:0|0:-2|1:2|2:-1",4,TRUE,2,0,2,"mixed",1.86803398874989,2.23606797749979,2.25,3,2,2.0659048552118,3,8,1
1556,"-2:-1|-1:2|0:-2|2:-1",4,TRUE,1,0,3,"mixed",2.17705098312484,2.23606797749979,2.75,3,2,2.0659048552118,3,8,1
1557,"-2:-1|-1:2|0:-2|2:0",4,TRUE,2,0,2,"mixed",2.11803398874989,2.23606797749979,2.5,3,2,2.14295532842377,3,8,1
1558,"-2:-1|-1:2|0:-2|2:1",4,TRUE,1,0,3,"mixed",2.17705098312484,2.23606797749979,2.75,3,2,2.18951165296178,4,8,1
1559,"-1:-1|-1:0|-1:2|2:1",4,TRUE,1,1,2,"mixed",1.72158737934317,2.23606797749979,2.25,3,2,1.91869125971184,3,8,1
1560,"-1:-2|-1:0|0:1|2:-1",4,TRUE,2,0,2,"mixed",1.61803398874989,2.23606797749979,2,3,2,1.94229805746182,3,8,1
1561,"-1:-2|-1:0|-1:2|2:-1",4,TRUE,1,0,3,"mixed",1.92705098312484,2.23606797749979,2.5,3,2,2.00087670122451,3,8,1
1562,"-1:-2|-1:0|0:2|2:-1",4,TRUE,2,0,2,"mixed",1.86803398874989,2.23606797749979,2.25,3,2,2.04229805746182,3,8,1
1563,"-1:-2|-1:0|1:2|2:-1",4,TRUE,1,0,3,"mixed",1.92705098312484,2.23606797749979,2.5,3,2,2.14809029672447,4,8,1
1564,"-2:-1|-1:2|1:-2|2:1",4,TRUE,0,0,4,"off_axis",2.23606797749979,2.23606797749979,3,3,2,2.23606797749979,5,2,4
1565,"-1:-1|-1:0|1:2|2:-1",4,TRUE,1,1,2,"mixed",1.72158737934317,2.23606797749979,2.25,3,2,2.00153397218646,3,8,1
1566,"-1:-1|-1:2|0:-2|2:1",4,TRUE,1,1,2,"mixed",1.97158737934317,2.23606797749979,2.5,3,2,2.0607698869111,2,8,1
1567,"-1:-2|0:1|0:2|2:-1",4,TRUE,2,0,2,"mixed",1.86803398874989,2.23606797749979,2.25,3,2,2.00153397218646,2,8,1
1568,"-1:0|1:-2|1:0|2:0",4,TRUE,3,0,1,"mixed",1.55901699437495,2.23606797749979,1.75,3,2,1.83005630797458,2,8,1
1569,"-2:-1|0:-2|0:-1|0:2",4,TRUE,3,0,1,"mixed",1.80901699437495,2.23606797749979,2,3,2,1.83005630797458,2,8,1
1570,"-1:-1|0:-2|0:-1|2:-1",4,TRUE,2,1,1,"mixed",1.66257038496822,2.23606797749979,2,3,2,1.63005630797458,2,8,1
1571,"-1:0|0:-2|0:-1|2:-1",4,TRUE,3,0,1,"mixed",1.55901699437495,2.23606797749979,1.75,3,2,1.73584854723723,2,8,1
1572,"-1:-1|0:1|0:2|2:1",4,TRUE,2,1,1,"mixed",1.66257038496822,2.23606797749979,2,3,2,1.91869125971184,2,8,1
1573,"-1:-2|0:1|0:2|2:1",4,TRUE,2,0,2,"mixed",1.86803398874989,2.23606797749979,2.25,3,2,1.91869125971184,2,8,1
1574,"-2:-1|0:-2|0:-1|2:-1",4,TRUE,2,0,2,"mixed",1.86803398874989,2.23606797749979,2.25,3,2,1.79442719099992,2,4,2
1575,"-2:-1|0:-2|0:-1|2:0",4,TRUE,3,0,1,"mixed",1.80901699437495,2.23606797749979,2,3,2,1.89508446196187,2,8,1
1576,"-1:-2|1:0|1:2|2:0",4,TRUE,2,0,2,"mixed",1.86803398874989,2.23606797749979,2.25,3,2,2.06011261594915,3,8,1
1577,"-2:-1|0:-2|0:1|0:2",4,TRUE,3,0,1,"mixed",1.80901699437495,2.23606797749979,2,3,2,1.9128990204492,2,8,1
1578,"-1:-1|0:-2|0:1|2:-1",4,TRUE,2,1,1,"mixed",1.66257038496822,2.23606797749979,2,3,2,1.93650581819917,2,8,1
1579,"-1:0|0:-1|0:2|2:1",4,TRUE,3,0,1,"mixed",1.55901699437495,2.23606797749979,1.75,3,2,1.91869125971184,3,8,1
1580,"-1:-1|-1:0|1:2|2:0",4,TRUE,2,1,1,"mixed",1.66257038496822,2.23606797749979,2,3,2,1.97792717443648,3,8,1
1581,"-1:0|1:-2|1:2|2:0",4,TRUE,2,0,2,"mixed",1.86803398874989,2.23606797749979,2.25,3,2,2.06011261594915,3,4,2
1582,"-1:0|0:-2|1:2|2:0",4,TRUE,3,0,1,"mixed",1.80901699437495,2.23606797749979,2,3,2,2.07792717443648,3,8,1
1583,"-1:-2|-1:0|1:2|2:0",4,TRUE,2,0,2,"mixed",1.86803398874989,2.23606797749979,2.25,3,2,2.16011261594915,4,8,1
1584,"-1:-1|0:-2|0:2|2:-1",4,TRUE,2,1,1,"mixed",1.91257038496822,2.23606797749979,2.25,3,2,1.93650581819917,2,8,1
1585,"-1:0|0:-2|0:2|2:-1",4,TRUE,3,0,1,"mixed",1.80901699437495,2.23606797749979,2,3,2,2.00087670122451,3,8,1
1586,"-1:-1|0:-2|0:2|2:1",4,TRUE,2,1,1,"mixed",1.91257038496822,2.23606797749979,2.25,3,2,2.01934853067379,2,8,1
1587,"-2:-1|0:-2|0:2|2:-1",4,TRUE,2,0,2,"mixed",2.11803398874989,2.23606797749979,2.5,3,2,2.06011261594915,3,4,2
1588,"-2:-1|0:-2|0:2|2:0",4,TRUE,3,0,1,"mixed",2.05901699437495,2.23606797749979,2.25,3,2,2.13716308916112,3,8,1
1589,"-2:-1|0:-2|0:2|2:1",4,TRUE,2,0,2,"mixed",2.11803398874989,2.23606797749979,2.5,3,2,2.18371941369913,4,4,2
1590,"-1:-1|-1:0|0:-2|2:-1",4,TRUE,2,1,1,"mixed",1.66257038496822,2.23606797749979,2,3,2,1.77726990347453,2,8,1
1591,"-1:-1|-1:1|0:-2|2:-1",4,TRUE,1,2,1,"mixed",1.76612377556149,2.23606797749979,2.25,3,2,1.97792717443648,2,8,1
1592,"-1:-1|-1:2|0:-2|2:-1",4,TRUE,1,1,2,"mixed",1.97158737934317,2.23606797749979,2.5,3,2,1.97792717443648,2,8,1
1593,"-2:-1|0:-2|1:-1|2:0",4,TRUE,2,1,1,"mixed",1.91257038496822,2.23606797749979,2.25,3,2,1.89574173292382,1,8,1
1594,"-1:-1|-1:0|0:2|2:1",4,TRUE,2,1,1,"mixed",1.66257038496822,2.23606797749979,2,3,2,1.94229805746182,3,8,1
1595,"-1:-2|-1:0|0:2|2:1",4,TRUE,2,0,2,"mixed",1.86803398874989,2.23606797749979,2.25,3,2,2.04229805746182,3,8,1
1596,"-2:-1|0:-2|1:0|2:0",4,TRUE,3,0,1,"mixed",1.80901699437495,2.23606797749979,2,3,2,1.91869125971184,2,8,1
1597,"-1:-1|0:-2|1:2|2:0",4,TRUE,2,1,1,"mixed",1.91257038496822,2.23606797749979,2.25,3,2,2.0607698869111,2,8,1
1598,"-2:-1|0:-2|1:2|2:0",4,TRUE,2,0,2,"mixed",2.11803398874989,2.23606797749979,2.5,3,2,2.14295532842377,3,4,2
1599,"-1:-2|-1:0|1:0|2:0",4,TRUE,3,0,1,"mixed",1.55901699437495,2.23606797749979,1.75,3,2,1.88929222269922,2,8,1
1600,"-1:-1|-1:0|-1:2|1:0",4,TRUE,2,1,1,"mixed",1.41257038496822,2.23606797749979,1.75,3,2,1.77147766421189,2,8,1
1601,"-1:-2|-1:0|0:1|1:0",4,TRUE,3,0,1,"mixed",1.30901699437495,2.23606797749979,1.5,3,2,1.7128990204492,2,8,1
1602,"-1:-1|-1:0|1:0|1:2",4,TRUE,2,1,1,"mixed",1.41257038496822,2.23606797749979,1.75,3,2,1.85432037668651,2,8,1
1603,"-1:-2|-1:0|-1:2|1:0",4,TRUE,2,0,2,"mixed",1.61803398874989,2.23606797749979,2,3,2,1.9128990204492,2,4,2
1604,"-1:-2|-1:0|0:2|1:0",4,TRUE,3,0,1,"mixed",1.55901699437495,2.23606797749979,1.75,3,2,1.89508446196187,2,8,1
1605,"-1:-2|-1:0|1:0|1:2",4,TRUE,2,0,2,"mixed",1.61803398874989,2.23606797749979,2,3,2,2.03650581819918,3,4,2
1606,"-1:-1|-1:0|-1:2|2:0",4,TRUE,2,1,1,"mixed",1.66257038496822,2.23606797749979,2,3,2,1.87147766421189,3,8,1
1607,"-1:-2|-1:0|0:1|2:0",4,TRUE,3,0,1,"mixed",1.55901699437495,2.23606797749979,1.75,3,2,1.89508446196187,3,8,1
1608,"-1:-1|0:-2|0:1|2:1",4,TRUE,2,1,1,"mixed",1.66257038496822,2.23606797749979,2,3,2,1.99574173292381,2,8,1
1609,"-1:-2|-1:0|-1:2|2:0",4,TRUE,2,0,2,"mixed",1.86803398874989,2.23606797749979,2.25,3,2,2.0128990204492,3,4,2
1610,"-1:-2|-1:0|0:2|2:0",4,TRUE,3,0,1,"mixed",1.80901699437495,2.23606797749979,2,3,2,2.05432037668651,3,8,1
1611,"-1:-1|-1:0|-1:2|0:-1",4,TRUE,2,1,1,"mixed",1.41257038496822,2.23606797749979,1.75,3,2,1.53005630797458,2,8,1
1612,"-1:-1|-1:0|-1:2|1:-1",4,TRUE,1,2,1,"mixed",1.51612377556149,2.23606797749979,2,3,2,1.8128990204492,2,8,1
1613,"-1:-1|-1:0|-1:2|2:-1",4,TRUE,1,1,2,"mixed",1.72158737934317,2.23606797749979,2.25,3,2,1.89508446196187,3,8,1
1614,"-1:-1|-1:0|-1:2|0:-2",4,TRUE,2,1,1,"mixed",1.66257038496822,2.23606797749979,2,3,2,1.67147766421189,1,8,1
1615,"-1:-1|-1:0|0:1|2:1",4,TRUE,2,1,1,"mixed",1.41257038496822,2.23606797749979,1.75,3,2,1.73650581819918,2,8,1
1616,"-1:-2|-1:0|0:1|2:1",4,TRUE,2,0,2,"mixed",1.61803398874989,2.23606797749979,2,3,2,1.91869125971184,3,4,2
1617,"-1:-2|-1:0|0:1|0:2",4,TRUE,3,0,1,"mixed",1.55901699437495,2.23606797749979,1.75,3,2,1.65366310572456,1,8,1
1618,"-1:-1|0:-2|1:0|1:2",4,TRUE,2,1,1,"mixed",1.66257038496822,2.23606797749979,2,3,2,1.87792717443648,1,8,1
1619,"-1:-1|-1:2|1:0|2:0",4,TRUE,2,1,1,"mixed",1.66257038496822,2.23606797749979,2,3,2,1.97792717443648,2,8,1
1620,"-1:-2|0:1|1:0|2:0",4,TRUE,3,0,1,"mixed",1.55901699437495,2.23606797749979,1.75,3,2,1.87792717443648,2,8,1
1621,"-1:-1|0:-2|0:-1|2:1",4,TRUE,2,1,1,"mixed",1.66257038496822,2.23606797749979,2,3,2,1.85497764764846,2,8,1
1622,"-1:-2|-1:2|1:0|2:0",4,TRUE,2,0,2,"mixed",1.86803398874989,2.23606797749979,2.25,3,2,2.07858444539843,2,4,2
1623,"-1:-2|0:2|1:0|2:0",4,TRUE,3,0,1,"mixed",1.80901699437495,2.23606797749979,2,3,2,2.03716308916112,2,8,1
1624,"-1:-1|-1:0|0:1|2:-1",4,TRUE,2,1,1,"mixed",1.41257038496822,2.23606797749979,1.75,3,2,1.73650581819918,2,8,1
1625,"-1:-1|-1:0|1:-1|1:2",4,TRUE,1,2,1,"mixed",1.51612377556149,2.23606797749979,2,3,2,1.89574173292382,2,8,1
1626,"-1:-1|-1:2|0:-2|1:0",4,TRUE,2,1,1,"mixed",1.66257038496822,2.23606797749979,2,3,2,1.87792717443648,1,8,1
1627,"-1:-1|-1:0|0:-1|1:2",4,TRUE,2,1,1,"mixed",1.41257038496822,2.23606797749979,1.75,3,2,1.69574173292382,2,8,1
1628,"-1:-2|0:1|0:2|1:0",4,TRUE,3,0,1,"mixed",1.55901699437495,2.23606797749979,1.75,3,2,1.73650581819918,1,8,1
1629,"-1:-1|-1:0|0:-2|1:2",4,TRUE,2,1,1,"mixed",1.66257038496822,2.23606797749979,2,3,2,1.83716308916112,1,8,1
1630,"-1:-1|-1:0|0:2|2:-1",4,TRUE,2,1,1,"mixed",1.66257038496822,2.23606797749979,2,3,2,1.91869125971184,3,8,1
1631,"-1:-1|-1:1|0:-2|2:1",4,TRUE,1,2,1,"mixed",1.76612377556149,2.23606797749979,2.25,3,2,2.03716308916112,2,8,1
1632,"-1:-1|-1:2|0:-2|2:0",4,TRUE,2,1,1,"mixed",1.91257038496822,2.23606797749979,2.25,3,2,2.03716308916112,2,8,1
1633,"-1:-1|-1:0|0:-2|2:1",4,TRUE,2,1,1,"mixed",1.66257038496822,2.23606797749979,2,3,2,1.91934853067379,2,8,1
1634,"-1:-2|0:1|0:2|2:0",4,TRUE,3,0,1,"mixed",1.80901699437495,2.23606797749979,2,3,2,1.97792717443648,2,8,1
1635,"-1:-2|0:2|1:1|2:0",4,TRUE,2,1,1,"mixed",1.91257038496822,2.23606797749979,2.25,3,2,2.03782036012307,1,8,1
1636,"-1:-1|-1:0|-1:1|2:-1",4,TRUE,1,2,1,"mixed",1.51612377556149,2.23606797749979,2,3,2,1.7128990204492,2,8,1
1637,"-1:-1|-1:2|0:-2|0:-1",4,TRUE,2,1,1,"mixed",1.66257038496822,2.23606797749979,2,3,2,1.57147766421189,1,8,1
1638,"-1:-1|-1:2|0:-2|1:-1",4,TRUE,1,2,1,"mixed",1.76612377556149,2.23606797749979,2.25,3,2,1.81355629141115,1,8,1
1639,"-1:-1|0:-2|0:-1|1:2",4,TRUE,2,1,1,"mixed",1.66257038496822,2.23606797749979,2,3,2,1.65432037668651,1,8,1
1640,"-1:-1|0:-2|0:-1|1:-1",4,TRUE,2,2,0,"mixed",1.45710678118655,2,1.75,2,2,1.36568542494924,1,4,2
1641,"-2:0|-1:-1|-1:0|0:-2",4,TRUE,3,1,0,"mixed",1.60355339059327,2,1.75,2,2,1.63071357893653,1,8,1
1642,"-1:-1|-1:0|0:-2|0:-1",4,TRUE,3,1,0,"mixed",1.35355339059327,2,1.5,2,2,1.34787086646191,1,8,1
1643,"-1:-1|0:-2|0:-1|1:0",4,TRUE,3,1,0,"mixed",1.35355339059327,2,1.5,2,2,1.47147766421189,1,8,1
1644,"-1:-1|0:-2|0:-1|2:0",4,TRUE,3,1,0,"mixed",1.60355339059327,2,1.75,2,2,1.7128990204492,2,8,1
1645,"-1:-1|-1:1|0:-2|0:-1",4,TRUE,2,2,0,"mixed",1.45710678118655,2,1.75,2,2,1.57147766421189,1,8,1
1646,"-1:-1|0:-2|0:-1|0:1",4,TRUE,3,1,0,"mixed",1.35355339059327,2,1.5,2,2,1.5064495102246,1,8,1
1647,"-1:-1|0:-2|0:-1|1:1",4,TRUE,2,2,0,"mixed",1.45710678118655,2,1.75,2,2,1.65432037668651,1,8,1
1648,"-1:-1|0:-2|0:-1|0:2",4,TRUE,3,1,0,"mixed",1.60355339059327,2,1.75,2,2,1.5064495102246,1,8,1
1649,"-1:-1|0:-2|1:-1|2:0",4,TRUE,2,2,0,"mixed",1.70710678118655,2,2,2,2,1.81355629141115,1,8,1
1650,"-1:-1|-1:0|0:-2|1:-1",4,TRUE,2,2,0,"mixed",1.45710678118655,2,1.75,2,2,1.6128990204492,1,8,1
1651,"-1:-1|-1:1|0:-2|1:-1",4,TRUE,1,3,0,"mixed",1.56066017177982,2,2,2,2,1.81355629141115,1,8,1
1652,"-1:-1|0:-2|0:1|1:-1",4,TRUE,2,2,0,"mixed",1.45710678118655,2,1.75,2,2,1.7128990204492,1,4,2
1653,"-1:-1|0:-2|0:2|1:-1",4,TRUE,2,2,0,"mixed",1.70710678118655,2,2,2,2,1.7128990204492,1,4,2
1654,"-1:0|0:-2|1:-1|2:0",4,TRUE,3,1,0,"mixed",1.60355339059327,2,1.75,2,2,1.85432037668651,1,8,1
1655,"-2:0|-1:-1|0:-2|0:2",4,TRUE,3,1,0,"mixed",1.85355339059327,2,2,2,2,1.91355629141115,1,8,1
1656,"-1:-1|0:2|1:1|2:0",4,TRUE,2,2,0,"mixed",1.70710678118655,2,2,2,2,1.97858444539843,1,4,2
1657,"-1:-1|-1:0|0:-2|1:0",4,TRUE,3,1,0,"mixed",1.35355339059327,2,1.5,2,2,1.65366310572456,1,8,1
1658,"-1:-1|-1:0|0:-2|2:0",4,TRUE,3,1,0,"mixed",1.60355339059327,2,1.75,2,2,1.8128990204492,2,8,1
1659,"-1:-1|-1:0|-1:1|0:-2",4,TRUE,2,2,0,"mixed",1.45710678118655,2,1.75,2,2,1.57147766421189,1,8,1
1660,"-1:-1|-1:0|0:-2|0:1",4,TRUE,3,1,0,"mixed",1.35355339059327,2,1.5,2,2,1.57147766421189,1,8,1
1661,"-1:-1|-1:0|0:-2|1:1",4,TRUE,2,2,0,"mixed",1.45710678118655,2,1.75,2,2,1.77792717443648,1,8,1
1662,"-1:-1|-1:0|0:-2|0:2",4,TRUE,3,1,0,"mixed",1.60355339059327,2,1.75,2,2,1.65366310572456,1,8,1
1663,"-1:-1|0:-2|1:0|2:0",4,TRUE,3,1,0,"mixed",1.60355339059327,2,1.75,2,2,1.83650581819917,1,8,1
1664,"-1:-1|-1:1|0:-2|1:0",4,TRUE,2,2,0,"mixed",1.45710678118655,2,1.75,2,2,1.81869125971184,1,8,1
1665,"-1:-1|0:-2|0:1|1:0",4,TRUE,3,1,0,"mixed",1.35355339059327,2,1.5,2,2,1.69508446196187,1,8,1
1666,"-1:-1|-1:0|0:2|1:1",4,TRUE,2,2,0,"mixed",1.45710678118655,2,1.75,2,2,1.77792717443648,1,8,1
1667,"-1:-1|0:-2|0:2|1:0",4,TRUE,3,1,0,"mixed",1.60355339059327,2,1.75,2,2,1.77726990347453,1,8,1
1668,"-1:-1|-1:1|0:-2|2:0",4,TRUE,2,2,0,"mixed",1.70710678118655,2,2,2,2,1.97792717443648,2,8,1
1669,"-1:-1|0:-2|0:1|2:0",4,TRUE,3,1,0,"mixed",1.60355339059327,2,1.75,2,2,1.93650581819917,2,8,1
1670,"-1:-1|0:-2|1:1|2:0",4,TRUE,2,2,0,"mixed",1.70710678118655,2,2,2,2,1.97858444539843,1,4,2
1671,"-1:-1|0:-2|0:2|2:0",4,TRUE,3,1,0,"mixed",1.85355339059327,2,2,2,2,1.99574173292381,2,8,1
1672,"-1:-1|-1:0|1:-1|2:0",4,TRUE,2,2,0,"mixed",1.45710678118655,2,1.75,2,2,1.67147766421189,1,8,1
1673,"-1:-1|-1:1|0:-2|1:1",4,TRUE,1,3,0,"mixed",1.56066017177982,2,2,2,2,1.89574173292382,1,8,1
1674,"-1:-1|-1:1|0:-2|0:2",4,TRUE,2,2,0,"mixed",1.70710678118655,2,2,2,2,1.7128990204492,1,4,2
1675,"-1:-1|-1:0|1:1|2:0",4,TRUE,2,2,0,"mixed",1.45710678118655,2,1.75,2,2,1.75432037668651,1,8,1
1676,"-1:-1|0:-2|0:1|0:2",4,TRUE,3,1,0,"mixed",1.60355339059327,2,1.75,2,2,1.63005630797458,1,8,1
1677,"-1:-1|0:-2|0:2|1:1",4,TRUE,2,2,0,"mixed",1.70710678118655,2,2,2,2,1.79574173292382,1,4,2
1678,"-2:0|-1:0|0:-2|0:-1",4,TRUE,4,0,0,"axis_only",1.5,2,1.5,2,2,1.67147766421189,1,4,2
1679,"-1:0|0:-2|0:-1|2:0",4,TRUE,4,0,0,"axis_only",1.5,2,1.5,2,2,1.77147766421189,2,8,1
1680,"-2:0|-1:0|0:-2|0:2",4,TRUE,4,0,0,"axis_only",1.75,2,1.75,2,2,1.9128990204492,2,4,2
1681,"-1:0|0:-2|1:0|2:0",4,TRUE,4,0,0,"axis_only",1.5,2,1.5,2,2,1.83005630797458,2,8,1
1682,"-1:-1|0:1|0:2|2:0",4,TRUE,3,1,0,"mixed",1.60355339059327,2,1.75,2,2,1.91869125971184,2,8,1
1683,"-2:0|-1:0|0:-2|2:0",4,TRUE,4,0,0,"axis_only",1.75,2,1.75,2,2,1.88929222269922,2,8,1
1684,"-1:0|0:-2|0:-1|1:0",4,TRUE,4,0,0,"axis_only",1.25,2,1.25,2,2,1.53005630797458,1,4,2
1685,"-1:-1|-1:0|0:1|0:2",4,TRUE,3,1,0,"mixed",1.35355339059327,2,1.5,2,2,1.55366310572456,1,8,1
1686,"-1:0|0:-1|0:1|0:2",4,TRUE,4,0,0,"axis_only",1.25,2,1.25,2,2,1.5064495102246,1,8,1
1687,"-1:-1|0:1|0:2|1:0",4,TRUE,3,1,0,"mixed",1.35355339059327,2,1.5,2,2,1.67726990347453,1,8,1
1688,"-1:0|0:-2|0:-1|0:2",4,TRUE,4,0,0,"axis_only",1.5,2,1.5,2,2,1.58863495173727,1,8,1
1689,"-1:-1|-1:0|1:0|2:0",4,TRUE,3,1,0,"mixed",1.35355339059327,2,1.5,2,2,1.58863495173727,1,8,1
1690,"-1:-1|-1:1|1:0|2:0",4,TRUE,2,2,0,"mixed",1.45710678118655,2,1.75,2,2,1.77726990347453,1,4,2
1691,"-2:0|-1:0|1:0|2:0",4,TRUE,4,0,0,"axis_only",1.5,2,1.5,2,2,1.5,1,2,4
1692,"-1:0|0:-1|0:2|2:0",4,TRUE,4,0,0,"axis_only",1.5,2,1.5,2,2,1.87147766421189,3,4,2
1693,"-1:-1|-1:0|0:2|2:0",4,TRUE,3,1,0,"mixed",1.60355339059327,2,1.75,2,2,1.89508446196187,3,8,1
1694,"-1:0|0:-2|0:2|2:0",4,TRUE,4,0,0,"axis_only",1.75,2,1.75,2,2,2.0128990204492,3,4,2
1695,"-2:0|0:-2|0:2|2:0",4,TRUE,4,0,0,"axis_only",2,2,2,2,2,2.13137084989848,3,1,8
1696,"-1:-1|-1:0|0:2|1:0",4,TRUE,3,1,0,"mixed",1.35355339059327,2,1.5,2,2,1.73584854723723,2,8,1
1697,"-1:0|0:-1|0:1|2:0",4,TRUE,4,0,0,"axis_only",1.25,2,1.25,2,2,1.63005630797458,2,4,2
1698,"-1:0|0:-2|0:2|1:0",4,TRUE,4,0,0,"axis_only",1.5,2,1.5,2,2,1.79442719099992,2,2,4
1699,"-1:-1|-1:0|0:-1|0:2",4,TRUE,3,1,0,"mixed",1.35355339059327,2,1.5,2,2,1.53005630797458,2,8,1
1700,"-1:-1|-1:0|0:2|1:-1",4,TRUE,2,2,0,"mixed",1.45710678118655,2,1.75,2,2,1.77726990347453,2,8,1
1701,"-1:-1|-1:0|0:1|2:0",4,TRUE,3,1,0,"mixed",1.35355339059327,2,1.5,2,2,1.65366310572456,2,8,1
1702,"-1:-1|-1:0|-1:1|2:0",4,TRUE,2,2,0,"mixed",1.45710678118655,2,1.75,2,2,1.63005630797458,2,4,2
1703,"-1:-1|-1:0|-1:1|0:-1",4,TRUE,2,2,0,"mixed",1.20710678118655,1.4142135623731,1.5,2,1,1.34787086646191,1,8,1
1704,"-1:-1|-1:0|-1:1|1:-1",4,TRUE,1,3,0,"mixed",1.31066017177982,1.4142135623731,1.75,2,1,1.63071357893653,1,8,1
1705,"-1:-1|-1:0|-1:1|1:0",4,TRUE,2,2,0,"mixed",1.20710678118655,1.4142135623731,1.5,2,1,1.53005630797458,1,4,2
1706,"-1:-1|-1:0|0:-1|0:1",4,TRUE,3,1,0,"mixed",1.10355339059327,1.4142135623731,1.25,2,1,1.34787086646191,1,8,1
1707,"-1:-1|-1:0|0:-1|1:1",4,TRUE,2,2,0,"mixed",1.20710678118655,1.4142135623731,1.5,2,1,1.55432037668651,1,4,2
1708,"-1:-1|-1:0|0:1|1:-1",4,TRUE,2,2,0,"mixed",1.20710678118655,1.4142135623731,1.5,2,1,1.59508446196187,1,8,1
1709,"-1:-1|-1:0|0:1|1:0",4,TRUE,3,1,0,"mixed",1.10355339059327,1.4142135623731,1.25,2,1,1.47147766421189,1,8,1
1710,"-1:-1|-1:0|0:1|1:1",4,TRUE,2,2,0,"mixed",1.20710678118655,1.4142135623731,1.5,2,1,1.55432037668651,1,4,2
1711,"-1:-1|-1:0|1:-1|1:0",4,TRUE,2,2,0,"mixed",1.20710678118655,1.4142135623731,1.5,2,1,1.53005630797458,1,4,2
1712,"-1:-1|-1:0|1:-1|1:1",4,TRUE,1,3,0,"mixed",1.31066017177982,1.4142135623731,1.75,2,1,1.75432037668651,1,8,1
1713,"-1:-1|-1:0|1:0|1:1",4,TRUE,2,2,0,"mixed",1.20710678118655,1.4142135623731,1.5,2,1,1.6128990204492,1,4,2
1714,"-1:-1|-1:1|1:-1|1:1",4,TRUE,0,4,0,"diagonal_only",1.4142135623731,1.4142135623731,2,2,1,1.93137084989848,1,1,8
1715,"-1:0|0:-1|0:1|1:0",4,TRUE,4,0,0,"axis_only",1,1,1,1,1,1.36568542494924,1,1,8
