"family_id","canonical_key","n_flippers","valid","n_axis","n_diagonal","n_oblique","geometry_class","mean_distance_from_s","max_distance_from_s","mean_manhattan_from_s","max_manhattan_from_s","max_chebyshev_from_s","mean_pairwise_distance","adjacent_components","n_orientations","symmetry_count","gf2_rank","nullity","full_rank","reachable_states_log2","reachable_states","solutions_per_reachable_log2","solutions_per_reachable","distinct_move_rows","distinct_move_columns"
1,"-2:-2",1,TRUE,0,1,0,"diagonal_only",2.82842712474619,2.82842712474619,4,4,2,2.82842712474619,2,4,2,20,5,FALSE,20,1048576,5,32,25,25
2,"-1:-2",1,TRUE,0,0,1,"off_axis",2.23606797749979,2.23606797749979,3,3,2,2.23606797749979,2,8,1,20,5,FALSE,20,1048576,5,32,25,25
3,"-2:0",1,TRUE,1,0,0,"axis_only",2,2,2,2,2,2,2,4,2,20,5,FALSE,20,1048576,5,32,25,25
4,"-1:-1",1,TRUE,0,1,0,"diagonal_only",1.4142135623731,1.4142135623731,2,2,1,1.4142135623731,1,4,2,20,5,FALSE,20,1048576,5,32,25,25
5,"-1:0",1,TRUE,1,0,0,"axis_only",1,1,1,1,1,1,1,4,2,20,5,FALSE,20,1048576,5,32,25,25
6,"-2:-2|-1:-2",2,TRUE,0,1,1,"off_axis",2.53224755112299,2.82842712474619,3.5,4,2,2.02149836741533,2,8,1,25,0,TRUE,25,33554432,0,1,25,25
7,"-2:-2|-2:0",2,TRUE,1,1,0,"mixed",2.41421356237309,2.82842712474619,3,4,2,2.2761423749154,3,8,1,25,0,TRUE,25,33554432,0,1,25,25
8,"-1:-2|2:-2",2,TRUE,0,1,1,"off_axis",2.53224755112299,2.82842712474619,3.5,4,2,2.35483170074866,3,8,1,25,0,TRUE,25,33554432,0,1,25,25
9,"-2:-2|-2:2",2,TRUE,0,2,0,"diagonal_only",2.82842712474619,2.82842712474619,4,4,2,2.21895141649746,2,4,2,25,0,TRUE,25,33554432,0,1,25,25
10,"-2:-2|-1:-1",2,TRUE,0,2,0,"diagonal_only",2.12132034355964,2.82842712474619,3,4,2,1.88561808316413,1,4,2,25,0,TRUE,25,33554432,0,1,25,25
11,"-2:-2|-1:0",2,TRUE,1,1,0,"mixed",1.9142135623731,2.82842712474619,2.5,4,2,2.02149836741533,2,8,1,25,0,TRUE,25,33554432,0,1,25,25
12,"-1:-1|2:-2",2,TRUE,0,2,0,"diagonal_only",2.12132034355964,2.82842712474619,3,4,2,2.15956955487303,2,8,1,25,0,TRUE,25,33554432,0,1,25,25
13,"-2:-1|2:-2",2,TRUE,0,1,1,"off_axis",2.53224755112299,2.82842712474619,3.5,4,2,2.15956955487303,2,8,1,25,0,TRUE,25,33554432,0,1,25,25
14,"-1:0|2:-2",2,TRUE,1,1,0,"mixed",1.9142135623731,2.82842712474619,2.5,4,2,2.21895141649746,2,8,1,25,0,TRUE,25,33554432,0,1,25,25
15,"-2:-2|0:2",2,TRUE,1,1,0,"mixed",2.41421356237309,2.82842712474619,3,4,2,2.35483170074866,3,8,1,25,0,TRUE,25,33554432,0,1,25,25
16,"-1:-1|2:2",2,TRUE,0,2,0,"diagonal_only",2.12132034355964,2.82842712474619,3,4,2,2.35702260395516,2,4,2,25,0,TRUE,25,33554432,0,1,25,25
17,"-1:-2|2:2",2,TRUE,0,1,1,"off_axis",2.53224755112299,2.82842712474619,3.5,4,2,2.43352102658192,3,8,1,25,0,TRUE,25,33554432,0,1,25,25
18,"-2:-2|2:2",2,TRUE,0,2,0,"diagonal_only",2.82842712474619,2.82842712474619,4,4,2,2.35702260395516,2,2,4,25,0,TRUE,25,33554432,0,1,25,25
19,"-1:-2|0:-2",2,TRUE,1,0,1,"mixed",2.11803398874989,2.23606797749979,2.5,3,2,1.74535599249993,2,8,1,25,0,TRUE,25,33554432,0,1,25,25
20,"-1:-2|1:-2",2,TRUE,0,0,2,"off_axis",2.23606797749979,2.23606797749979,3,3,2,2.15737865166653,3,4,2,25,0,TRUE,25,33554432,0,1,25,25
21,"-2:-1|-1:-2",2,TRUE,0,0,2,"off_axis",2.23606797749979,2.23606797749979,3,3,2,1.96211650579089,2,4,2,25,0,TRUE,25,33554432,0,1,25,25
22,"-1:-2|-1:-1",2,TRUE,0,1,1,"off_axis",1.82514076993644,2.23606797749979,2.5,3,2,1.5500938466243,1,8,1,25,0,TRUE,25,33554432,0,1,25,25
23,"-1:-2|0:-1",2,TRUE,1,0,1,"mixed",1.61803398874989,2.23606797749979,2,3,2,1.5500938466243,1,8,1,25,0,TRUE,25,33554432,0,1,25,25
24,"-1:-1|1:-2",2,TRUE,0,1,1,"off_axis",1.82514076993644,2.23606797749979,2.5,3,2,1.96211650579089,2,8,1,25,0,TRUE,25,33554432,0,1,25,25
25,"-1:-2|2:-1",2,TRUE,0,0,2,"off_axis",2.23606797749979,2.23606797749979,3,3,2,2.23606797749979,3,8,1,25,0,TRUE,25,33554432,0,1,25,25
26,"-2:-1|0:-2",2,TRUE,1,0,1,"mixed",2.11803398874989,2.23606797749979,2.5,3,2,2.15737865166653,3,8,1,25,0,TRUE,25,33554432,0,1,25,25
27,"-1:-2|-1:0",2,TRUE,1,0,1,"mixed",1.61803398874989,2.23606797749979,2,3,2,1.74535599249993,2,8,1,25,0,TRUE,25,33554432,0,1,25,25
28,"-1:-2|1:0",2,TRUE,1,0,1,"mixed",1.61803398874989,2.23606797749979,2,3,2,2.02149836741533,2,8,1,25,0,TRUE,25,33554432,0,1,25,25
29,"-1:-2|2:0",2,TRUE,1,0,1,"mixed",2.11803398874989,2.23606797749979,2.5,3,2,2.35483170074866,3,8,1,25,0,TRUE,25,33554432,0,1,25,25
30,"-1:-1|-1:2",2,TRUE,0,1,1,"off_axis",1.82514076993644,2.23606797749979,2.5,3,2,1.88342717995763,2,8,1,25,0,TRUE,25,33554432,0,1,25,25
31,"-1:-2|0:1",2,TRUE,1,0,1,"mixed",1.61803398874989,2.23606797749979,2,3,2,1.82404531833319,2,8,1,25,0,TRUE,25,33554432,0,1,25,25
32,"-1:-1|1:2",2,TRUE,0,1,1,"off_axis",1.82514076993644,2.23606797749979,2.5,3,2,2.15956955487303,2,8,1,25,0,TRUE,25,33554432,0,1,25,25
33,"-1:-2|2:1",2,TRUE,0,0,2,"off_axis",2.23606797749979,2.23606797749979,3,3,2,2.43352102658192,3,4,2,25,0,TRUE,25,33554432,0,1,25,25
34,"-1:-2|-1:2",2,TRUE,0,0,2,"off_axis",2.23606797749979,2.23606797749979,3,3,2,1.82404531833319,2,4,2,25,0,TRUE,25,33554432,0,1,25,25
35,"-1:-2|0:2",2,TRUE,1,0,1,"mixed",2.11803398874989,2.23606797749979,2.5,3,2,1.88342717995763,2,8,1,25,0,TRUE,25,33554432,0,1,25,25
36,"-1:-2|1:2",2,TRUE,0,0,2,"off_axis",2.23606797749979,2.23606797749979,3,3,2,2.23606797749979,3,4,2,25,0,TRUE,25,33554432,0,1,25,25
37,"-1:-1|0:-2",2,TRUE,1,1,0,"mixed",1.70710678118655,2,2,2,2,1.60947570824873,1,8,1,25,0,TRUE,25,33554432,0,1,25,25
38,"-2:0|-1:0",2,TRUE,2,0,0,"axis_only",1.5,2,1.5,2,2,1.33333333333333,1,4,2,25,0,TRUE,25,33554432,0,1,25,25
39,"-2:0|0:-2",2,TRUE,2,0,0,"axis_only",2,2,2,2,2,2.2761423749154,3,4,2,25,0,TRUE,25,33554432,0,1,25,25
40,"-1:0|0:-2",2,TRUE,2,0,0,"axis_only",1.5,2,1.5,2,2,1.74535599249993,2,8,1,25,0,TRUE,25,33554432,0,1,25,25
41,"-1:-1|0:2",2,TRUE,1,1,0,"mixed",1.70710678118655,2,2,2,2,1.88342717995763,2,8,1,25,0,TRUE,25,33554432,0,1,25,25
42,"-1:0|2:0",2,TRUE,2,0,0,"axis_only",1.5,2,1.5,2,2,1.66666666666667,2,4,2,25,0,TRUE,25,33554432,0,1,25,25
43,"-2:0|2:0",2,TRUE,2,0,0,"axis_only",2,2,2,2,2,1.66666666666667,2,2,4,25,0,TRUE,25,33554432,0,1,25,25
44,"-1:-1|-1:0",2,TRUE,1,1,0,"mixed",1.20710678118655,1.4142135623731,1.5,2,1,1.1380711874577,1,8,1,25,0,TRUE,25,33554432,0,1,25,25
45,"-1:-1|-1:1",2,TRUE,0,2,0,"diagonal_only",1.4142135623731,1.4142135623731,2,2,1,1.60947570824873,1,4,2,25,0,TRUE,25,33554432,0,1,25,25
46,"-1:-1|0:1",2,TRUE,1,1,0,"mixed",1.20710678118655,1.4142135623731,1.5,2,1,1.5500938466243,1,8,1,25,0,TRUE,25,33554432,0,1,25,25
47,"-1:-1|1:1",2,TRUE,0,2,0,"diagonal_only",1.4142135623731,1.4142135623731,2,2,1,1.88561808316413,1,2,4,25,0,TRUE,25,33554432,0,1,25,25
48,"-1:0|0:-1",2,TRUE,2,0,0,"axis_only",1,1,1,1,1,1.1380711874577,1,4,2,25,0,TRUE,25,33554432,0,1,25,25
49,"-1:0|1:0",2,TRUE,2,0,0,"axis_only",1,1,1,1,1,1.33333333333333,1,2,4,25,0,TRUE,25,33554432,0,1,25,25
50,"-2:-2|-1:-2|0:-2",3,TRUE,1,1,1,"mixed",2.35483170074866,2.82842712474619,3,4,2,1.844082517041,2,8,1,24,1,FALSE,24,16777216,1,2,25,25
51,"-1:-2|1:-2|2:-2",3,TRUE,0,1,2,"off_axis",2.43352102658192,2.82842712474619,3.33333333333333,4,2,2.0500938466243,3,8,1,24,1,FALSE,24,16777216,1,2,25,25
52,"-2:-2|-1:-2|2:-2",3,TRUE,0,2,1,"off_axis",2.63097407566406,2.82842712474619,3.66666666666667,4,2,1.98215370449869,2,8,1,24,1,FALSE,24,16777216,1,2,25,25
53,"-2:-2|-2:-1|-1:-2",3,TRUE,0,1,2,"off_axis",2.43352102658192,2.82842712474619,3.33333333333333,4,2,1.78579610701981,2,4,2,24,1,FALSE,24,16777216,1,2,25,25
54,"-2:-2|-1:-2|-1:-1",3,TRUE,0,2,1,"off_axis",2.15956955487303,2.82842712474619,3,4,2,1.64882037116536,1,8,1,24,1,FALSE,24,16777216,1,2,25,25
55,"-2:-2|-1:-2|0:-1",3,TRUE,1,1,1,"mixed",2.02149836741533,2.82842712474619,2.66666666666667,4,2,1.78579610701981,1,8,1,20,5,FALSE,20,1048576,5,32,25,25
56,"-1:-1|1:-2|2:-2",3,TRUE,0,2,1,"off_axis",2.15956955487303,2.82842712474619,3,4,2,1.99180743660311,2,8,1,20,5,FALSE,20,1048576,5,32,25,25
57,"-2:-1|1:-2|2:-2",3,TRUE,0,1,2,"off_axis",2.43352102658192,2.82842712474619,3.33333333333333,4,2,1.99180743660311,2,8,1,24,1,FALSE,24,16777216,1,2,25,25
58,"-2:-2|-2:-1|0:-2",3,TRUE,1,1,1,"mixed",2.35483170074866,2.82842712474619,3,4,2,2.0500938466243,3,8,1,20,5,FALSE,20,1048576,5,32,25,25
59,"-2:-2|-1:-2|-1:0",3,TRUE,1,1,1,"mixed",2.02149836741533,2.82842712474619,2.66666666666667,4,2,1.88342717995763,2,8,1,16,9,FALSE,16,65536,9,512,25,25
60,"-1:0|1:-2|2:-2",3,TRUE,1,1,1,"mixed",2.02149836741533,2.82842712474619,2.66666666666667,4,2,2.12022489195639,2,8,1,16,9,FALSE,16,65536,9,512,25,25
61,"-2:-2|-1:-2|2:0",3,TRUE,1,1,1,"mixed",2.35483170074866,2.82842712474619,3,4,2,2.18816503408199,3,8,1,20,5,FALSE,20,1048576,5,32,25,25
62,"-1:-2|2:-2|2:-1",3,TRUE,0,1,2,"off_axis",2.43352102658192,2.82842712474619,3.33333333333333,4,2,2.08943850954093,3,8,1,24,1,FALSE,24,16777216,1,2,25,25
63,"-1:-1|2:-2|2:-1",3,TRUE,0,2,1,"off_axis",2.15956955487303,2.82842712474619,3,4,2,1.95246277368648,2,8,1,24,1,FALSE,24,16777216,1,2,25,25
64,"-1:0|2:-2|2:-1",3,TRUE,1,1,1,"mixed",2.02149836741533,2.82842712474619,2.66666666666667,4,2,2.02149836741533,2,8,1,24,1,FALSE,24,16777216,1,2,25,25
65,"-1:-1|1:2|2:2",3,TRUE,0,2,1,"off_axis",2.15956955487303,2.82842712474619,3,4,2,2.18926048568524,2,8,1,24,1,FALSE,24,16777216,1,2,25,25
66,"-1:-2|2:1|2:2",3,TRUE,0,1,2,"off_axis",2.43352102658192,2.82842712474619,3.33333333333333,4,2,2.22750969699862,3,8,1,16,9,FALSE,16,65536,9,512,25,25
67,"-2:-2|-2:-1|2:-2",3,TRUE,0,2,1,"off_axis",2.63097407566406,2.82842712474619,3.66666666666667,4,2,1.88452263156088,2,8,1,20,5,FALSE,20,1048576,5,32,25,25
68,"-2:-1|2:-2|2:-1",3,TRUE,0,1,2,"off_axis",2.43352102658192,2.82842712474619,3.33333333333333,4,2,1.78579610701981,2,8,1,24,1,FALSE,24,16777216,1,2,25,25
69,"-2:-2|-1:-2|0:2",3,TRUE,1,1,1,"mixed",2.35483170074866,2.82842712474619,3,4,2,1.95246277368648,2,8,1,20,5,FALSE,20,1048576,5,32,25,25
70,"-1:-2|1:2|2:2",3,TRUE,0,1,2,"off_axis",2.43352102658192,2.82842712474619,3.33333333333333,4,2,2.12878317245756,3,8,1,24,1,FALSE,24,16777216,1,2,25,25
71,"-2:-2|-1:-2|2:2",3,TRUE,0,2,1,"off_axis",2.63097407566406,2.82842712474619,3.66666666666667,4,2,2.09053396114418,2,8,1,24,1,FALSE,24,16777216,1,2,25,25
72,"-1:-2|0:-2|2:-2",3,TRUE,1,1,1,"mixed",2.35483170074866,2.82842712474619,3,4,2,2.01074918370766,3,8,1,24,1,FALSE,24,16777216,1,2,25,25
73,"-2:-2|-2:0|-2:2",3,TRUE,1,2,0,"mixed",2.55228474983079,2.82842712474619,3.33333333333333,4,2,2.10947570824873,3,4,2,24,1,FALSE,24,16777216,1,2,25,25
74,"-2:-2|-1:-1|0:-2",3,TRUE,1,2,0,"mixed",2.08088022903976,2.82842712474619,2.66666666666667,4,2,1.84517796864425,1,8,1,24,1,FALSE,24,16777216,1,2,25,25
75,"-2:-2|-2:0|-1:0",3,TRUE,2,1,0,"mixed",1.94280904158206,2.82842712474619,2.33333333333333,4,2,1.844082517041,2,8,1,24,1,FALSE,24,16777216,1,2,25,25
76,"-1:-1|0:-2|2:-2",3,TRUE,1,2,0,"mixed",2.08088022903976,2.82842712474619,2.66666666666667,4,2,1.98215370449869,2,8,1,20,5,FALSE,20,1048576,5,32,25,25
77,"-2:-1|0:-2|2:-2",3,TRUE,1,1,1,"mixed",2.35483170074866,2.82842712474619,3,4,2,2.11912944035314,3,8,1,24,1,FALSE,24,16777216,1,2,25,25
78,"-2:-2|-2:0|0:-2",3,TRUE,2,1,0,"mixed",2.2761423749154,2.82842712474619,2.66666666666667,4,2,2.2761423749154,4,4,2,16,9,FALSE,16,65536,9,512,25,25
79,"-2:-2|-1:0|0:-2",3,TRUE,2,1,0,"mixed",1.94280904158206,2.82842712474619,2.33333333333333,4,2,2.0500938466243,3,8,1,20,5,FALSE,20,1048576,5,32,25,25
80,"-1:0|0:-2|2:-2",3,TRUE,2,1,0,"mixed",1.94280904158206,2.82842712474619,2.33333333333333,4,2,2.14882037116536,3,8,1,20,5,FALSE,20,1048576,5,32,25,25
81,"-2:-2|-2:0|0:2",3,TRUE,2,1,0,"mixed",2.2761423749154,2.82842712474619,2.66666666666667,4,2,2.31548703783203,4,8,1,16,9,FALSE,16,65536,9,512,25,25
82,"-1:-2|2:-2|2:0",3,TRUE,1,1,1,"mixed",2.35483170074866,2.82842712474619,3,4,2,2.31548703783203,4,8,1,16,9,FALSE,16,65536,9,512,25,25
83,"-1:-1|2:-2|2:0",3,TRUE,1,2,0,"mixed",2.08088022903976,2.82842712474619,2.66666666666667,4,2,2.11912944035314,3,8,1,24,1,FALSE,24,16777216,1,2,25,25
84,"-1:0|2:-2|2:0",3,TRUE,2,1,0,"mixed",1.94280904158206,2.82842712474619,2.33333333333333,4,2,2.10947570824873,3,8,1,24,1,FALSE,24,16777216,1,2,25,25
85,"-1:-1|0:2|2:2",3,TRUE,1,2,0,"mixed",2.08088022903976,2.82842712474619,2.66666666666667,4,2,2.21785596489421,3,8,1,24,1,FALSE,24,16777216,1,2,25,25
86,"-1:-2|2:0|2:2",3,TRUE,1,1,1,"mixed",2.35483170074866,2.82842712474619,3,4,2,2.35483170074866,4,8,1,24,1,FALSE,24,16777216,1,2,25,25
87,"-2:-2|-2:0|2:-2",3,TRUE,1,2,0,"mixed",2.55228474983079,2.82842712474619,3.33333333333333,4,2,2.14882037116536,3,8,1,20,5,FALSE,20,1048576,5,32,25,25
88,"-2:-1|2:-2|2:0",3,TRUE,1,1,1,"mixed",2.35483170074866,2.82842712474619,3,4,2,1.98215370449869,2,8,1,20,5,FALSE,20,1048576,5,32,25,25
89,"-2:-2|-2:0|2:0",3,TRUE,2,1,0,"mixed",2.2761423749154,2.82842712474619,2.66666666666667,4,2,2.01074918370766,3,8,1,24,1,FALSE,24,16777216,1,2,25,25
90,"-1:-2|0:2|2:2",3,TRUE,1,1,1,"mixed",2.35483170074866,2.82842712474619,3,4,2,2.11912944035314,3,8,1,24,1,FALSE,24,16777216,1,2,25,25
91,"-2:-2|-2:0|2:2",3,TRUE,1,2,0,"mixed",2.55228474983079,2.82842712474619,3.33333333333333,4,2,2.21785596489421,3,8,1,24,1,FALSE,24,16777216,1,2,25,25
92,"-1:-2|1:-1|2:-2",3,TRUE,0,2,1,"off_axis",2.15956955487303,2.82842712474619,3,4,2,2.02149836741533,2,8,1,24,1,FALSE,24,16777216,1,2,25,25
93,"-1:-2|0:-1|2:-2",3,TRUE,1,1,1,"mixed",2.02149836741533,2.82842712474619,2.66666666666667,4,2,1.95246277368648,2,8,1,20,5,FALSE,20,1048576,5,32,25,25
94,"-1:-2|-1:-1|2:-2",3,TRUE,0,2,1,"off_axis",2.15956955487303,2.82842712474619,3,4,2,1.95246277368648,2,8,1,24,1,FALSE,24,16777216,1,2,25,25
95,"-2:-1|-1:-2|2:-2",3,TRUE,0,1,2,"off_axis",2.43352102658192,2.82842712474619,3.33333333333333,4,2,2.02149836741533,2,8,1,20,5,FALSE,20,1048576,5,32,25,25
96,"-1:-2|1:0|2:-2",3,TRUE,1,1,1,"mixed",2.02149836741533,2.82842712474619,2.66666666666667,4,2,2.18816503408199,3,8,1,20,5,FALSE,20,1048576,5,32,25,25
97,"-1:-2|-1:0|2:-2",3,TRUE,1,1,1,"mixed",2.02149836741533,2.82842712474619,2.66666666666667,4,2,2.14882037116536,3,8,1,20,5,FALSE,20,1048576,5,32,25,25
98,"-2:-1|-2:2|0:-2",3,TRUE,1,1,1,"mixed",2.35483170074866,2.82842712474619,3,4,2,2.25610517620759,4,8,1,16,9,FALSE,16,65536,9,512,25,25
99,"-1:-2|2:-2|2:1",3,TRUE,0,1,2,"off_axis",2.43352102658192,2.82842712474619,3.33333333333333,4,2,2.35483170074866,4,4,2,24,1,FALSE,24,16777216,1,2,25,25
100,"-1:-1|2:-2|2:1",3,TRUE,0,2,1,"off_axis",2.15956955487303,2.82842712474619,3,4,2,2.25720062781084,3,8,1,16,9,FALSE,16,65536,9,512,25,25
101,"-1:-2|0:1|2:-2",3,TRUE,1,1,1,"mixed",2.02149836741533,2.82842712474619,2.66666666666667,4,2,2.18816503408199,3,8,1,24,1,FALSE,24,16777216,1,2,25,25
102,"-1:-1|-1:2|2:2",3,TRUE,0,2,1,"off_axis",2.15956955487303,2.82842712474619,3,4,2,2.21785596489421,3,8,1,24,1,FALSE,24,16777216,1,2,25,25
103,"-1:-2|2:-1|2:2",3,TRUE,0,1,2,"off_axis",2.43352102658192,2.82842712474619,3.33333333333333,4,2,2.29544983912422,4,8,1,24,1,FALSE,24,16777216,1,2,25,25
104,"-1:-2|2:-2|2:2",3,TRUE,0,2,1,"off_axis",2.63097407566406,2.82842712474619,3.66666666666667,4,2,2.18816503408199,3,8,1,24,1,FALSE,24,16777216,1,2,25,25
105,"-1:-2|1:2|2:-2",3,TRUE,0,1,2,"off_axis",2.43352102658192,2.82842712474619,3.33333333333333,4,2,2.15847410326978,3,8,1,24,1,FALSE,24,16777216,1,2,25,25
106,"-1:-2|0:2|2:-2",3,TRUE,1,1,1,"mixed",2.35483170074866,2.82842712474619,3,4,2,2.11912944035314,3,8,1,20,5,FALSE,20,1048576,5,32,25,25
107,"-1:-2|-1:2|2:-2",3,TRUE,0,1,2,"off_axis",2.43352102658192,2.82842712474619,3.33333333333333,4,2,2.08943850954093,3,8,1,20,5,FALSE,20,1048576,5,32,25,25
108,"-2:-1|-2:2|2:-2",3,TRUE,0,2,1,"off_axis",2.63097407566406,2.82842712474619,3.66666666666667,4,2,2.12022489195639,2,8,1,24,1,FALSE,24,16777216,1,2,25,25
109,"-2:-2|-1:-1|2:-2",3,TRUE,0,3,0,"diagonal_only",2.35702260395516,2.82842712474619,3.33333333333333,4,2,1.95355822528973,1,8,1,24,1,FALSE,24,16777216,1,2,25,25
110,"-2:-2|-2:2|-1:0",3,TRUE,1,2,0,"mixed",2.21895141649746,2.82842712474619,3,4,2,2.02149836741533,2,4,2,24,1,FALSE,24,16777216,1,2,25,25
111,"-2:-2|-1:0|2:-2",3,TRUE,1,2,0,"mixed",2.21895141649746,2.82842712474619,3,4,2,2.12022489195639,2,8,1,16,9,FALSE,16,65536,9,512,25,25
112,"-1:-1|2:-2|2:2",3,TRUE,0,3,0,"diagonal_only",2.35702260395516,2.82842712474619,3.33333333333333,4,2,2.18926048568524,2,8,1,24,1,FALSE,24,16777216,1,2,25,25
113,"-1:0|2:-2|2:2",3,TRUE,1,2,0,"mixed",2.21895141649746,2.82842712474619,3,4,2,2.21895141649746,2,4,2,16,9,FALSE,16,65536,9,512,25,25
114,"-2:-2|-2:2|2:-2",3,TRUE,0,3,0,"diagonal_only",2.82842712474619,2.82842712474619,4,4,2,1.98324915610194,2,4,2,24,1,FALSE,24,16777216,1,2,25,25
115,"-2:-1|2:-2|2:2",3,TRUE,0,2,1,"off_axis",2.63097407566406,2.82842712474619,3.66666666666667,4,2,2.09053396114418,2,8,1,20,5,FALSE,20,1048576,5,32,25,25
116,"-2:-2|-2:2|2:0",3,TRUE,1,2,0,"mixed",2.55228474983079,2.82842712474619,3.33333333333333,4,2,2.18816503408199,3,4,2,24,1,FALSE,24,16777216,1,2,25,25
117,"-2:-2|-1:-1|-1:0",3,TRUE,1,2,0,"mixed",1.74754689570643,2.82842712474619,2.33333333333333,4,2,1.64882037116536,1,8,1,24,1,FALSE,24,16777216,1,2,25,25
118,"-1:-1|1:-1|2:-2",3,TRUE,0,3,0,"diagonal_only",1.88561808316413,2.82842712474619,2.66666666666667,4,2,1.88452263156088,1,8,1,24,1,FALSE,24,16777216,1,2,25,25
119,"-2:-1|1:-1|2:-2",3,TRUE,0,2,1,"off_axis",2.15956955487303,2.82842712474619,3,4,2,1.88452263156088,1,8,1,24,1,FALSE,24,16777216,1,2,25,25
120,"-1:0|1:-1|2:-2",3,TRUE,1,2,0,"mixed",1.74754689570643,2.82842712474619,2.33333333333333,4,2,1.95355822528973,1,8,1,24,1,FALSE,24,16777216,1,2,25,25
121,"-2:-2|-1:-1|0:2",3,TRUE,1,2,0,"mixed",2.08088022903976,2.82842712474619,2.66666666666667,4,2,2.02149836741533,2,8,1,24,1,FALSE,24,16777216,1,2,25,25
122,"-1:-1|1:1|2:2",3,TRUE,0,3,0,"diagonal_only",1.88561808316413,2.82842712474619,2.66666666666667,4,2,2.12132034355964,1,4,2,20,5,FALSE,20,1048576,5,32,25,25
123,"-1:-2|1:1|2:2",3,TRUE,0,2,1,"off_axis",2.15956955487303,2.82842712474619,3,4,2,2.15956955487303,2,8,1,24,1,FALSE,24,16777216,1,2,25,25
124,"-2:-2|-1:-1|2:2",3,TRUE,0,3,0,"diagonal_only",2.35702260395516,2.82842712474619,3.33333333333333,4,2,2.12132034355964,1,4,2,20,5,FALSE,20,1048576,5,32,25,25
125,"-1:-1|0:-1|2:-2",3,TRUE,1,2,0,"mixed",1.74754689570643,2.82842712474619,2.33333333333333,4,2,1.78579610701981,2,8,1,24,1,FALSE,24,16777216,1,2,25,25
126,"-2:-1|0:-1|2:-2",3,TRUE,1,1,1,"mixed",2.02149836741533,2.82842712474619,2.66666666666667,4,2,1.95246277368648,2,8,1,24,1,FALSE,24,16777216,1,2,25,25
127,"-2:-2|-1:0|0:-1",3,TRUE,2,1,0,"mixed",1.60947570824873,2.82842712474619,2,4,2,1.78579610701981,2,4,2,24,1,FALSE,24,16777216,1,2,25,25
128,"-1:0|0:-1|2:-2",3,TRUE,2,1,0,"mixed",1.60947570824873,2.82842712474619,2,4,2,1.88452263156088,2,8,1,20,5,FALSE,20,1048576,5,32,25,25
129,"-2:-2|-1:0|0:2",3,TRUE,2,1,0,"mixed",1.94280904158206,2.82842712474619,2.33333333333333,4,2,2.08943850954093,3,8,1,24,1,FALSE,24,16777216,1,2,25,25
130,"-1:-1|1:0|2:-2",3,TRUE,1,2,0,"mixed",1.74754689570643,2.82842712474619,2.33333333333333,4,2,1.99180743660311,2,8,1,24,1,FALSE,24,16777216,1,2,25,25
131,"-1:0|1:0|2:-2",3,TRUE,2,1,0,"mixed",1.60947570824873,2.82842712474619,2,4,2,1.98215370449869,2,8,1,24,1,FALSE,24,16777216,1,2,25,25
132,"-1:-1|0:1|2:2",3,TRUE,1,2,0,"mixed",1.74754689570643,2.82842712474619,2.33333333333333,4,2,2.09053396114418,2,8,1,24,1,FALSE,24,16777216,1,2,25,25
133,"-1:-2|1:0|2:2",3,TRUE,1,1,1,"mixed",2.02149836741533,2.82842712474619,2.66666666666667,4,2,2.22750969699862,3,8,1,16,9,FALSE,16,65536,9,512,25,25
134,"-2:-1|1:0|2:-2",3,TRUE,1,1,1,"mixed",2.02149836741533,2.82842712474619,2.66666666666667,4,2,1.99180743660311,2,8,1,20,5,FALSE,20,1048576,5,32,25,25
135,"-2:-2|-1:0|2:0",3,TRUE,2,1,0,"mixed",1.94280904158206,2.82842712474619,2.33333333333333,4,2,2.0500938466243,3,8,1,24,1,FALSE,24,16777216,1,2,25,25
136,"-1:-2|0:1|2:2",3,TRUE,1,1,1,"mixed",2.02149836741533,2.82842712474619,2.66666666666667,4,2,2.12878317245756,3,8,1,24,1,FALSE,24,16777216,1,2,25,25
137,"-2:-2|-1:0|2:2",3,TRUE,1,2,0,"mixed",2.21895141649746,2.82842712474619,3,4,2,2.18926048568524,2,8,1,24,1,FALSE,24,16777216,1,2,25,25
138,"-2:-1|-1:-1|2:-2",3,TRUE,0,2,1,"off_axis",2.15956955487303,2.82842712474619,3,4,2,1.85483170074866,1,8,1,16,9,FALSE,16,65536,9,512,25,25
139,"-1:-1|-1:0|2:-2",3,TRUE,1,2,0,"mixed",1.74754689570643,2.82842712474619,2.33333333333333,4,2,1.88452263156088,2,8,1,20,5,FALSE,20,1048576,5,32,25,25
140,"-2:-2|-1:1|0:2",3,TRUE,1,2,0,"mixed",2.08088022903976,2.82842712474619,2.66666666666667,4,2,2.02149836741533,2,8,1,20,5,FALSE,20,1048576,5,32,25,25
141,"-1:-1|1:1|2:-2",3,TRUE,0,3,0,"diagonal_only",1.88561808316413,2.82842712474619,2.66666666666667,4,2,2.15956955487303,2,4,2,24,1,FALSE,24,16777216,1,2,25,25
142,"-1:-1|0:1|2:-2",3,TRUE,1,2,0,"mixed",1.74754689570643,2.82842712474619,2.33333333333333,4,2,2.09053396114418,2,8,1,20,5,FALSE,20,1048576,5,32,25,25
143,"-1:-1|-1:1|2:-2",3,TRUE,0,3,0,"diagonal_only",1.88561808316413,2.82842712474619,2.66666666666667,4,2,2.12022489195639,2,8,1,24,1,FALSE,24,16777216,1,2,25,25
144,"-1:-2|1:-1|2:2",3,TRUE,0,2,1,"off_axis",2.15956955487303,2.82842712474619,3,4,2,2.19781876618641,3,8,1,24,1,FALSE,24,16777216,1,2,25,25
145,"-1:-1|1:2|2:-2",3,TRUE,0,2,1,"off_axis",2.15956955487303,2.82842712474619,3,4,2,2.15956955487303,2,8,1,16,9,FALSE,16,65536,9,512,25,25
146,"-1:-1|0:2|2:-2",3,TRUE,1,2,0,"mixed",2.08088022903976,2.82842712474619,2.66666666666667,4,2,2.15847410326978,3,8,1,24,1,FALSE,24,16777216,1,2,25,25
147,"-1:-1|-1:2|2:-2",3,TRUE,0,2,1,"off_axis",2.15956955487303,2.82842712474619,3,4,2,2.15847410326978,3,8,1,20,5,FALSE,20,1048576,5,32,25,25
148,"-2:-2|-1:1|2:2",3,TRUE,0,3,0,"diagonal_only",2.35702260395516,2.82842712474619,3.33333333333333,4,2,2.15956955487303,2,4,2,24,1,FALSE,24,16777216,1,2,25,25
149,"-2:-1|-1:0|2:-2",3,TRUE,1,1,1,"mixed",2.02149836741533,2.82842712474619,2.66666666666667,4,2,1.95355822528973,1,8,1,24,1,FALSE,24,16777216,1,2,25,25
150,"-2:-1|-2:0|2:-2",3,TRUE,1,1,1,"mixed",2.35483170074866,2.82842712474619,3,4,2,1.95246277368648,2,8,1,24,1,FALSE,24,16777216,1,2,25,25
151,"-1:0|1:-2|2:2",3,TRUE,1,1,1,"mixed",2.02149836741533,2.82842712474619,2.66666666666667,4,2,2.18926048568524,2,8,1,24,1,FALSE,24,16777216,1,2,25,25
152,"-1:-1|1:-2|2:2",3,TRUE,0,2,1,"off_axis",2.15956955487303,2.82842712474619,3,4,2,2.15956955487303,2,8,1,24,1,FALSE,24,16777216,1,2,25,25
153,"-1:-2|1:-2|2:2",3,TRUE,0,1,2,"off_axis",2.43352102658192,2.82842712474619,3.33333333333333,4,2,2.15847410326978,3,8,1,20,5,FALSE,20,1048576,5,32,25,25
154,"-2:-1|1:2|2:-2",3,TRUE,0,1,2,"off_axis",2.43352102658192,2.82842712474619,3.33333333333333,4,2,2.15956955487303,2,4,2,24,1,FALSE,24,16777216,1,2,25,25
155,"-2:-1|0:2|2:-2",3,TRUE,1,1,1,"mixed",2.35483170074866,2.82842712474619,3,4,2,2.25720062781084,3,8,1,16,9,FALSE,16,65536,9,512,25,25
156,"-2:-1|-1:2|2:-2",3,TRUE,0,1,2,"off_axis",2.43352102658192,2.82842712474619,3.33333333333333,4,2,2.19781876618641,3,8,1,24,1,FALSE,24,16777216,1,2,25,25
157,"-2:-2|0:1|0:2",3,TRUE,2,1,0,"mixed",1.94280904158206,2.82842712474619,2.33333333333333,4,2,1.98215370449869,2,8,1,24,1,FALSE,24,16777216,1,2,25,25
158,"-1:0|0:-1|2:2",3,TRUE,2,1,0,"mixed",1.60947570824873,2.82842712474619,2,4,2,1.98324915610194,2,4,2,24,1,FALSE,24,16777216,1,2,25,25
159,"-1:-1|-1:0|2:2",3,TRUE,1,2,0,"mixed",1.74754689570643,2.82842712474619,2.33333333333333,4,2,1.98324915610194,2,8,1,24,1,FALSE,24,16777216,1,2,25,25
160,"-1:-2|0:-1|2:2",3,TRUE,1,1,1,"mixed",2.02149836741533,2.82842712474619,2.66666666666667,4,2,2.09053396114418,2,8,1,20,5,FALSE,20,1048576,5,32,25,25
161,"-1:0|0:-2|2:2",3,TRUE,2,1,0,"mixed",1.94280904158206,2.82842712474619,2.33333333333333,4,2,2.18816503408199,3,8,1,24,1,FALSE,24,16777216,1,2,25,25
162,"-1:-2|-1:0|2:2",3,TRUE,1,1,1,"mixed",2.02149836741533,2.82842712474619,2.66666666666667,4,2,2.18816503408199,3,8,1,24,1,FALSE,24,16777216,1,2,25,25
163,"-1:-1|0:-2|2:2",3,TRUE,1,2,0,"mixed",2.08088022903976,2.82842712474619,2.66666666666667,4,2,2.12022489195639,2,8,1,24,1,FALSE,24,16777216,1,2,25,25
164,"-1:-2|0:-2|2:2",3,TRUE,1,1,1,"mixed",2.35483170074866,2.82842712474619,3,4,2,2.08943850954093,3,8,1,20,5,FALSE,20,1048576,5,32,25,25
165,"-2:-2|0:2|2:0",3,TRUE,2,1,0,"mixed",2.2761423749154,2.82842712474619,2.66666666666667,4,2,2.35483170074866,4,4,2,24,1,FALSE,24,16777216,1,2,25,25
166,"-2:-1|0:-2|2:2",3,TRUE,1,1,1,"mixed",2.35483170074866,2.82842712474619,3,4,2,2.29544983912422,4,8,1,24,1,FALSE,24,16777216,1,2,25,25
167,"-1:-2|-1:-1|2:2",3,TRUE,0,2,1,"off_axis",2.15956955487303,2.82842712474619,3,4,2,2.09053396114418,2,8,1,24,1,FALSE,24,16777216,1,2,25,25
168,"-2:-1|-1:-2|2:2",3,TRUE,0,1,2,"off_axis",2.43352102658192,2.82842712474619,3.33333333333333,4,2,2.19781876618641,3,4,2,16,9,FALSE,16,65536,9,512,25,25
169,"-1:-2|0:-2|1:-2",3,TRUE,1,0,2,"mixed",2.15737865166653,2.23606797749979,2.66666666666667,3,2,1.74535599249993,2,4,2,24,1,FALSE,24,16777216,1,2,25,25
170,"-2:-1|-1:-2|0:-2",3,TRUE,1,0,2,"mixed",2.15737865166653,2.23606797749979,2.66666666666667,3,2,1.85373624914541,2,8,1,20,5,FALSE,20,1048576,5,32,25,25
171,"-1:-2|-1:-1|0:-2",3,TRUE,1,1,1,"mixed",1.88342717995763,2.23606797749979,2.33333333333333,3,2,1.51074918370766,1,8,1,20,5,FALSE,20,1048576,5,32,25,25
172,"-1:-2|0:-2|0:-1",3,TRUE,2,0,1,"mixed",1.74535599249993,2.23606797749979,2,3,2,1.44171358997881,1,8,1,24,1,FALSE,24,16777216,1,2,25,25
173,"-1:-1|0:-2|1:-2",3,TRUE,1,1,1,"mixed",1.88342717995763,2.23606797749979,2.33333333333333,3,2,1.71676051329096,1,8,1,24,1,FALSE,24,16777216,1,2,25,25
174,"-1:-2|0:-2|2:-1",3,TRUE,1,0,2,"mixed",2.15737865166653,2.23606797749979,2.66666666666667,3,2,1.99071198499986,3,8,1,24,1,FALSE,24,16777216,1,2,25,25
175,"-2:-1|-2:0|0:-2",3,TRUE,2,0,1,"mixed",2.07868932583326,2.23606797749979,2.33333333333333,3,2,2.0500938466243,3,8,1,20,5,FALSE,20,1048576,5,32,25,25
176,"-1:-2|-1:0|0:-2",3,TRUE,2,0,1,"mixed",1.74535599249993,2.23606797749979,2,3,2,1.74535599249993,2,8,1,16,9,FALSE,16,65536,9,512,25,25
177,"-1:-2|0:-2|1:0",3,TRUE,2,0,1,"mixed",1.74535599249993,2.23606797749979,2,3,2,1.88342717995763,2,8,1,16,9,FALSE,16,65536,9,512,25,25
178,"-1:-2|0:-2|2:0",3,TRUE,2,0,1,"mixed",2.07868932583326,2.23606797749979,2.33333333333333,3,2,2.14882037116536,3,8,1,20,5,FALSE,20,1048576,5,32,25,25
179,"-1:-2|2:-1|2:0",3,TRUE,1,0,2,"mixed",2.15737865166653,2.23606797749979,2.66666666666667,3,2,2.08943850954093,3,8,1,24,1,FALSE,24,16777216,1,2,25,25
180,"-1:-1|-1:2|0:2",3,TRUE,1,1,1,"mixed",1.88342717995763,2.23606797749979,2.33333333333333,3,2,1.81439158622878,2,8,1,16,9,FALSE,16,65536,9,512,25,25
181,"-1:-2|0:-2|0:1",3,TRUE,2,0,1,"mixed",1.74535599249993,2.23606797749979,2,3,2,1.74535599249993,2,8,1,24,1,FALSE,24,16777216,1,2,25,25
182,"-1:-1|0:2|1:2",3,TRUE,1,1,1,"mixed",1.88342717995763,2.23606797749979,2.33333333333333,3,2,1.95246277368648,2,8,1,24,1,FALSE,24,16777216,1,2,25,25
183,"-1:-2|0:-2|2:1",3,TRUE,1,0,2,"mixed",2.15737865166653,2.23606797749979,2.66666666666667,3,2,2.18816503408199,3,8,1,24,1,FALSE,24,16777216,1,2,25,25
184,"-1:-2|-1:2|0:-2",3,TRUE,1,0,2,"mixed",2.15737865166653,2.23606797749979,2.66666666666667,3,2,1.64772491956211,2,8,1,20,5,FALSE,20,1048576,5,32,25,25
185,"-1:-2|0:-2|0:2",3,TRUE,2,0,1,"mixed",2.07868932583326,2.23606797749979,2.33333333333333,3,2,1.60838025664548,2,8,1,24,1,FALSE,24,16777216,1,2,25,25
186,"-1:-2|0:-2|1:2",3,TRUE,1,0,2,"mixed",2.15737865166653,2.23606797749979,2.66666666666667,3,2,1.85373624914541,2,8,1,24,1,FALSE,24,16777216,1,2,25,25
187,"-1:-2|1:-2|2:-1",3,TRUE,0,0,3,"off_axis",2.23606797749979,2.23606797749979,3,3,2,2.05974757872871,3,8,1,24,1,FALSE,24,16777216,1,2,25,25
188,"-1:-2|-1:-1|1:-2",3,TRUE,0,1,2,"off_axis",1.96211650579089,2.23606797749979,2.66666666666667,3,2,1.85373624914541,2,8,1,20,5,FALSE,20,1048576,5,32,25,25
189,"-1:-2|0:-1|1:-2",3,TRUE,1,0,2,"mixed",1.82404531833319,2.23606797749979,2.33333333333333,3,2,1.71676051329096,1,4,2,24,1,FALSE,24,16777216,1,2,25,25
190,"-1:-2|1:-2|2:0",3,TRUE,1,0,2,"mixed",2.15737865166653,2.23606797749979,2.66666666666667,3,2,2.25610517620759,4,8,1,16,9,FALSE,16,65536,9,512,25,25
191,"-1:-2|-1:0|1:-2",3,TRUE,1,0,2,"mixed",1.82404531833319,2.23606797749979,2.33333333333333,3,2,2.0500938466243,3,8,1,20,5,FALSE,20,1048576,5,32,25,25
192,"-1:-2|1:-2|2:1",3,TRUE,0,0,3,"off_axis",2.23606797749979,2.23606797749979,3,3,2,2.29544983912422,4,8,1,24,1,FALSE,24,16777216,1,2,25,25
193,"-1:-1|-1:2|1:2",3,TRUE,0,1,2,"off_axis",1.96211650579089,2.23606797749979,2.66666666666667,3,2,2.11912944035314,3,8,1,24,1,FALSE,24,16777216,1,2,25,25
194,"-1:-2|0:1|1:-2",3,TRUE,1,0,2,"mixed",1.82404531833319,2.23606797749979,2.33333333333333,3,2,1.99071198499986,3,4,2,16,9,FALSE,16,65536,9,512,25,25
195,"-1:-2|-1:2|1:-2",3,TRUE,0,0,3,"off_axis",2.23606797749979,2.23606797749979,3,3,2,1.99071198499986,3,8,1,24,1,FALSE,24,16777216,1,2,25,25
196,"-1:-2|0:2|1:-2",3,TRUE,1,0,2,"mixed",2.15737865166653,2.23606797749979,2.66666666666667,3,2,1.88342717995763,2,4,2,24,1,FALSE,24,16777216,1,2,25,25
197,"-2:-1|-1:-2|-1:-1",3,TRUE,0,1,2,"off_axis",1.96211650579089,2.23606797749979,2.66666666666667,3,2,1.5500938466243,1,4,2,24,1,FALSE,24,16777216,1,2,25,25
198,"-2:-1|-1:-2|-1:0",3,TRUE,1,0,2,"mixed",1.82404531833319,2.23606797749979,2.33333333333333,3,2,1.71676051329096,1,8,1,24,1,FALSE,24,16777216,1,2,25,25
199,"-1:-1|1:-2|2:-1",3,TRUE,0,1,2,"off_axis",1.96211650579089,2.23606797749979,2.66666666666667,3,2,1.92277184287426,2,8,1,16,9,FALSE,16,65536,9,512,25,25
200,"-2:-1|-1:-2|-1:2",3,TRUE,0,0,3,"off_axis",2.23606797749979,2.23606797749979,3,3,2,1.89308091206204,2,8,1,24,1,FALSE,24,16777216,1,2,25,25
201,"-1:0|1:-2|2:-1",3,TRUE,1,0,2,"mixed",1.82404531833319,2.23606797749979,2.33333333333333,3,2,1.99180743660311,2,8,1,20,5,FALSE,20,1048576,5,32,25,25
202,"-2:-1|-1:-2|0:2",3,TRUE,1,0,2,"mixed",2.15737865166653,2.23606797749979,2.66666666666667,3,2,2.02149836741533,2,8,1,24,1,FALSE,24,16777216,1,2,25,25
203,"-1:-1|1:2|2:1",3,TRUE,0,1,2,"off_axis",1.96211650579089,2.23606797749979,2.66666666666667,3,2,2.15956955487303,2,4,2,24,1,FALSE,24,16777216,1,2,25,25
204,"-1:-2|1:2|2:1",3,TRUE,0,0,3,"off_axis",2.23606797749979,2.23606797749979,3,3,2,2.19781876618641,3,8,1,24,1,FALSE,24,16777216,1,2,25,25
205,"-1:-2|-1:-1|0:-1",3,TRUE,1,1,1,"mixed",1.5500938466243,2.23606797749979,2,3,2,1.344082517041,1,8,1,16,9,FALSE,16,65536,9,512,25,25
206,"-1:-1|1:-2|1:-1",3,TRUE,0,2,1,"off_axis",1.68816503408199,2.23606797749979,2.33333333333333,3,2,1.71676051329096,1,8,1,24,1,FALSE,24,16777216,1,2,25,25
207,"-1:-2|-1:-1|2:-1",3,TRUE,0,1,2,"off_axis",1.96211650579089,2.23606797749979,2.66666666666667,3,2,1.85373624914541,2,8,1,24,1,FALSE,24,16777216,1,2,25,25
208,"-2:-1|-1:-1|0:-2",3,TRUE,1,1,1,"mixed",1.88342717995763,2.23606797749979,2.33333333333333,3,2,1.71676051329096,1,8,1,24,1,FALSE,24,16777216,1,2,25,25
209,"-1:-2|-1:-1|-1:0",3,TRUE,1,1,1,"mixed",1.5500938466243,2.23606797749979,2,3,2,1.44171358997881,1,8,1,24,1,FALSE,24,16777216,1,2,25,25
210,"-1:-2|-1:-1|1:0",3,TRUE,1,1,1,"mixed",1.5500938466243,2.23606797749979,2,3,2,1.78579610701981,1,8,1,20,5,FALSE,20,1048576,5,32,25,25
211,"-1:-2|-1:-1|2:0",3,TRUE,1,1,1,"mixed",1.88342717995763,2.23606797749979,2.33333333333333,3,2,1.95246277368648,2,8,1,20,5,FALSE,20,1048576,5,32,25,25
212,"-1:-2|1:-1|2:-1",3,TRUE,0,1,2,"off_axis",1.96211650579089,2.23606797749979,2.66666666666667,3,2,1.89308091206204,2,8,1,24,1,FALSE,24,16777216,1,2,25,25
213,"-1:-1|-1:1|-1:2",3,TRUE,0,2,1,"off_axis",1.68816503408199,2.23606797749979,2.33333333333333,3,2,1.67741585037433,1,8,1,24,1,FALSE,24,16777216,1,2,25,25
214,"-1:-2|-1:-1|0:1",3,TRUE,1,1,1,"mixed",1.5500938466243,2.23606797749979,2,3,2,1.68706958247874,1,8,1,16,9,FALSE,16,65536,9,512,25,25
215,"-1:-1|1:1|1:2",3,TRUE,0,2,1,"off_axis",1.68816503408199,2.23606797749979,2.33333333333333,3,2,1.95355822528973,1,8,1,24,1,FALSE,24,16777216,1,2,25,25
216,"-1:-2|-1:-1|2:1",3,TRUE,0,1,2,"off_axis",1.96211650579089,2.23606797749979,2.66666666666667,3,2,2.09053396114418,2,8,1,20,5,FALSE,20,1048576,5,32,25,25
217,"-1:-2|-1:-1|-1:2",3,TRUE,0,1,2,"off_axis",1.96211650579089,2.23606797749979,2.66666666666667,3,2,1.64772491956211,1,8,1,24,1,FALSE,24,16777216,1,2,25,25
218,"-1:-2|-1:-1|0:2",3,TRUE,1,1,1,"mixed",1.88342717995763,2.23606797749979,2.33333333333333,3,2,1.71676051329096,1,8,1,20,5,FALSE,20,1048576,5,32,25,25
219,"-1:-2|-1:-1|1:2",3,TRUE,0,1,2,"off_axis",1.96211650579089,2.23606797749979,2.66666666666667,3,2,1.99180743660311,2,8,1,24,1,FALSE,24,16777216,1,2,25,25
220,"-1:-1|0:-1|1:-2",3,TRUE,1,1,1,"mixed",1.5500938466243,2.23606797749979,2,3,2,1.5500938466243,1,8,1,24,1,FALSE,24,16777216,1,2,25,25
221,"-1:-2|0:-1|2:-1",3,TRUE,1,0,2,"mixed",1.82404531833319,2.23606797749979,2.33333333333333,3,2,1.85373624914541,2,8,1,24,1,FALSE,24,16777216,1,2,25,25
222,"-2:-1|-1:0|0:-2",3,TRUE,2,0,1,"mixed",1.74535599249993,2.23606797749979,2,3,2,1.85373624914541,2,8,1,20,5,FALSE,20,1048576,5,32,25,25
223,"-1:-2|-1:0|0:-1",3,TRUE,2,0,1,"mixed",1.4120226591666,2.23606797749979,1.66666666666667,3,2,1.51074918370766,1,8,1,20,5,FALSE,20,1048576,5,32,25,25
224,"-1:-2|0:-1|1:0",3,TRUE,2,0,1,"mixed",1.4120226591666,2.23606797749979,1.66666666666667,3,2,1.64882037116536,1,8,1,24,1,FALSE,24,16777216,1,2,25,25
225,"-1:-2|0:-1|2:0",3,TRUE,2,0,1,"mixed",1.74535599249993,2.23606797749979,2,3,2,1.95246277368648,2,8,1,24,1,FALSE,24,16777216,1,2,25,25
226,"-1:-2|1:0|2:-1",3,TRUE,1,0,2,"mixed",1.82404531833319,2.23606797749979,2.33333333333333,3,2,1.99180743660311,2,8,1,24,1,FALSE,24,16777216,1,2,25,25
227,"-1:-1|-1:2|0:1",3,TRUE,1,1,1,"mixed",1.5500938466243,2.23606797749979,2,3,2,1.71676051329096,1,8,1,20,5,FALSE,20,1048576,5,32,25,25
228,"-1:-2|0:-1|0:1",3,TRUE,2,0,1,"mixed",1.4120226591666,2.23606797749979,1.66666666666667,3,2,1.64772491956211,1,8,1,24,1,FALSE,24,16777216,1,2,25,25
229,"-1:-1|0:1|1:2",3,TRUE,1,1,1,"mixed",1.5500938466243,2.23606797749979,2,3,2,1.85483170074866,1,8,1,16,9,FALSE,16,65536,9,512,25,25
230,"-1:-2|0:-1|2:1",3,TRUE,1,0,2,"mixed",1.82404531833319,2.23606797749979,2.33333333333333,3,2,2.09053396114418,2,8,1,24,1,FALSE,24,16777216,1,2,25,25
231,"-1:-2|-1:2|0:-1",3,TRUE,1,0,2,"mixed",1.82404531833319,2.23606797749979,2.33333333333333,3,2,1.68706958247874,1,8,1,16,9,FALSE,16,65536,9,512,25,25
232,"-1:-2|0:-1|0:2",3,TRUE,2,0,1,"mixed",1.74535599249993,2.23606797749979,2,3,2,1.67741585037433,1,8,1,24,1,FALSE,24,16777216,1,2,25,25
233,"-1:-2|0:-1|1:2",3,TRUE,1,0,2,"mixed",1.82404531833319,2.23606797749979,2.33333333333333,3,2,1.89308091206204,2,8,1,24,1,FALSE,24,16777216,1,2,25,25
234,"-1:-1|1:-2|2:0",3,TRUE,1,1,1,"mixed",1.88342717995763,2.23606797749979,2.33333333333333,3,2,2.05974757872871,3,8,1,24,1,FALSE,24,16777216,1,2,25,25
235,"-1:-1|1:-2|1:0",3,TRUE,1,1,1,"mixed",1.5500938466243,2.23606797749979,2,3,2,1.85373624914541,2,8,1,20,5,FALSE,20,1048576,5,32,25,25
236,"-1:-1|-1:0|1:-2",3,TRUE,1,1,1,"mixed",1.5500938466243,2.23606797749979,2,3,2,1.78579610701981,2,8,1,24,1,FALSE,24,16777216,1,2,25,25
237,"-1:-2|1:-1|2:0",3,TRUE,1,1,1,"mixed",1.88342717995763,2.23606797749979,2.33333333333333,3,2,2.02149836741533,2,8,1,20,5,FALSE,20,1048576,5,32,25,25
238,"-1:-1|1:-2|2:1",3,TRUE,0,1,2,"off_axis",1.96211650579089,2.23606797749979,2.66666666666667,3,2,2.19781876618641,3,8,1,24,1,FALSE,24,16777216,1,2,25,25
239,"-1:-1|-1:2|1:1",3,TRUE,0,2,1,"off_axis",1.68816503408199,2.23606797749979,2.33333333333333,3,2,2.02149836741533,2,8,1,24,1,FALSE,24,16777216,1,2,25,25
240,"-1:-1|0:1|1:-2",3,TRUE,1,1,1,"mixed",1.5500938466243,2.23606797749979,2,3,2,1.89308091206204,2,8,1,24,1,FALSE,24,16777216,1,2,25,25
241,"-1:-1|-1:1|1:-2",3,TRUE,0,2,1,"off_axis",1.68816503408199,2.23606797749979,2.33333333333333,3,2,2.02149836741533,2,8,1,20,5,FALSE,20,1048576,5,32,25,25
242,"-1:-2|1:-1|2:1",3,TRUE,0,1,2,"off_axis",1.96211650579089,2.23606797749979,2.66666666666667,3,2,2.19781876618641,3,4,2,16,9,FALSE,16,65536,9,512,25,25
243,"-1:-1|1:-2|1:2",3,TRUE,0,1,2,"off_axis",1.96211650579089,2.23606797749979,2.66666666666667,3,2,1.99180743660311,2,8,1,20,5,FALSE,20,1048576,5,32,25,25
244,"-1:-1|0:2|1:-2",3,TRUE,1,1,1,"mixed",1.88342717995763,2.23606797749979,2.33333333333333,3,2,1.92277184287426,2,8,1,16,9,FALSE,16,65536,9,512,25,25
245,"-1:-1|-1:2|1:-2",3,TRUE,0,1,2,"off_axis",1.96211650579089,2.23606797749979,2.66666666666667,3,2,2.05974757872871,3,8,1,24,1,FALSE,24,16777216,1,2,25,25
246,"-2:-1|-1:2|0:-2",3,TRUE,1,0,2,"mixed",2.15737865166653,2.23606797749979,2.66666666666667,3,2,2.05974757872871,3,8,1,24,1,FALSE,24,16777216,1,2,25,25
247,"-1:-2|-1:0|2:-1",3,TRUE,1,0,2,"mixed",1.82404531833319,2.23606797749979,2.33333333333333,3,2,1.99071198499986,3,8,1,24,1,FALSE,24,16777216,1,2,25,25
248,"-1:-2|1:2|2:-1",3,TRUE,0,0,3,"off_axis",2.23606797749979,2.23606797749979,3,3,2,2.23606797749979,4,8,1,20,5,FALSE,20,1048576,5,32,25,25
249,"-1:-1|-1:2|2:1",3,TRUE,0,1,2,"off_axis",1.96211650579089,2.23606797749979,2.66666666666667,3,2,2.15847410326978,3,8,1,24,1,FALSE,24,16777216,1,2,25,25
250,"-1:-2|0:1|2:-1",3,TRUE,1,0,2,"mixed",1.82404531833319,2.23606797749979,2.33333333333333,3,2,2.12878317245756,3,8,1,24,1,FALSE,24,16777216,1,2,25,25
251,"-1:-2|-1:2|2:-1",3,TRUE,0,0,3,"off_axis",2.23606797749979,2.23606797749979,3,3,2,2.12878317245756,3,8,1,24,1,FALSE,24,16777216,1,2,25,25
252,"-1:-2|0:2|2:-1",3,TRUE,1,0,2,"mixed",2.15737865166653,2.23606797749979,2.66666666666667,3,2,2.15847410326978,3,8,1,24,1,FALSE,24,16777216,1,2,25,25
253,"-2:-1|0:-2|0:-1",3,TRUE,2,0,1,"mixed",1.74535599249993,2.23606797749979,2,3,2,1.74535599249993,2,8,1,24,1,FALSE,24,16777216,1,2,25,25
254,"-1:0|1:-2|2:0",3,TRUE,2,0,1,"mixed",1.74535599249993,2.23606797749979,2,3,2,2.0500938466243,3,8,1,24,1,FALSE,24,16777216,1,2,25,25
255,"-2:-1|0:-2|0:2",3,TRUE,2,0,1,"mixed",2.07868932583326,2.23606797749979,2.33333333333333,3,2,2.0500938466243,3,8,1,24,1,FALSE,24,16777216,1,2,25,25
256,"-1:-1|0:-2|2:-1",3,TRUE,1,1,1,"mixed",1.88342717995763,2.23606797749979,2.33333333333333,3,2,1.88342717995763,2,8,1,24,1,FALSE,24,16777216,1,2,25,25
257,"-1:0|0:-2|2:-1",3,TRUE,2,0,1,"mixed",1.74535599249993,2.23606797749979,2,3,2,1.99071198499986,3,8,1,24,1,FALSE,24,16777216,1,2,25,25
258,"-1:-1|0:2|2:1",3,TRUE,1,1,1,"mixed",1.88342717995763,2.23606797749979,2.33333333333333,3,2,2.15847410326978,3,8,1,20,5,FALSE,20,1048576,5,32,25,25
259,"-1:-2|0:2|2:1",3,TRUE,1,0,2,"mixed",2.15737865166653,2.23606797749979,2.66666666666667,3,2,2.15847410326978,3,8,1,20,5,FALSE,20,1048576,5,32,25,25
260,"-2:-1|0:-2|2:-1",3,TRUE,1,0,2,"mixed",2.15737865166653,2.23606797749979,2.66666666666667,3,2,1.99071198499986,3,4,2,16,9,FALSE,16,65536,9,512,25,25
261,"-2:-1|0:-2|2:0",3,TRUE,2,0,1,"mixed",2.07868932583326,2.23606797749979,2.33333333333333,3,2,2.11912944035314,3,8,1,24,1,FALSE,24,16777216,1,2,25,25
262,"-1:-2|1:2|2:0",3,TRUE,1,0,2,"mixed",2.15737865166653,2.23606797749979,2.66666666666667,3,2,2.29544983912422,4,8,1,24,1,FALSE,24,16777216,1,2,25,25
263,"-1:-2|-1:0|1:0",3,TRUE,2,0,1,"mixed",1.4120226591666,2.23606797749979,1.66666666666667,3,2,1.844082517041,2,8,1,24,1,FALSE,24,16777216,1,2,25,25
264,"-1:-2|-1:0|2:0",3,TRUE,2,0,1,"mixed",1.74535599249993,2.23606797749979,2,3,2,2.01074918370766,3,8,1,24,1,FALSE,24,16777216,1,2,25,25
265,"-1:-1|-1:0|-1:2",3,TRUE,1,1,1,"mixed",1.5500938466243,2.23606797749979,2,3,2,1.60838025664548,2,8,1,24,1,FALSE,24,16777216,1,2,25,25
266,"-1:-2|-1:0|0:1",3,TRUE,2,0,1,"mixed",1.4120226591666,2.23606797749979,1.66666666666667,3,2,1.64772491956211,2,8,1,20,5,FALSE,20,1048576,5,32,25,25
267,"-1:-1|0:1|2:1",3,TRUE,1,1,1,"mixed",1.5500938466243,2.23606797749979,2,3,2,1.95246277368648,2,8,1,24,1,FALSE,24,16777216,1,2,25,25
268,"-1:-2|-1:0|2:1",3,TRUE,1,0,2,"mixed",1.82404531833319,2.23606797749979,2.33333333333333,3,2,2.08943850954093,3,8,1,20,5,FALSE,20,1048576,5,32,25,25
269,"-1:-2|-1:0|-1:2",3,TRUE,1,0,2,"mixed",1.82404531833319,2.23606797749979,2.33333333333333,3,2,1.74535599249993,2,4,2,24,1,FALSE,24,16777216,1,2,25,25
270,"-1:-2|-1:0|0:2",3,TRUE,2,0,1,"mixed",1.74535599249993,2.23606797749979,2,3,2,1.81439158622878,2,8,1,16,9,FALSE,16,65536,9,512,25,25
271,"-1:-2|-1:0|1:2",3,TRUE,1,0,2,"mixed",1.82404531833319,2.23606797749979,2.33333333333333,3,2,2.08943850954093,3,8,1,24,1,FALSE,24,16777216,1,2,25,25
272,"-1:-2|1:0|2:0",3,TRUE,2,0,1,"mixed",1.74535599249993,2.23606797749979,2,3,2,1.98215370449869,2,8,1,24,1,FALSE,24,16777216,1,2,25,25
273,"-1:-1|-1:2|1:0",3,TRUE,1,1,1,"mixed",1.5500938466243,2.23606797749979,2,3,2,1.95246277368648,2,8,1,20,5,FALSE,20,1048576,5,32,25,25
274,"-1:-2|0:1|1:0",3,TRUE,2,0,1,"mixed",1.4120226591666,2.23606797749979,1.66666666666667,3,2,1.78579610701981,2,8,1,24,1,FALSE,24,16777216,1,2,25,25
275,"-1:-1|-1:0|1:2",3,TRUE,1,1,1,"mixed",1.5500938466243,2.23606797749979,2,3,2,1.88452263156088,2,8,1,20,5,FALSE,20,1048576,5,32,25,25
276,"-1:-2|-1:2|1:0",3,TRUE,1,0,2,"mixed",1.82404531833319,2.23606797749979,2.33333333333333,3,2,2.02149836741533,2,4,2,24,1,FALSE,24,16777216,1,2,25,25
277,"-1:-2|0:2|1:0",3,TRUE,2,0,1,"mixed",1.74535599249993,2.23606797749979,2,3,2,1.95246277368648,2,8,1,24,1,FALSE,24,16777216,1,2,25,25
278,"-1:-1|-1:2|2:0",3,TRUE,1,1,1,"mixed",1.88342717995763,2.23606797749979,2.33333333333333,3,2,2.11912944035314,3,8,1,20,5,FALSE,20,1048576,5,32,25,25
279,"-1:-2|0:1|2:0",3,TRUE,2,0,1,"mixed",1.74535599249993,2.23606797749979,2,3,2,2.08943850954093,3,8,1,20,5,FALSE,20,1048576,5,32,25,25
280,"-1:-1|0:-2|2:1",3,TRUE,1,1,1,"mixed",1.88342717995763,2.23606797749979,2.33333333333333,3,2,2.12022489195639,2,8,1,24,1,FALSE,24,16777216,1,2,25,25
281,"-1:-2|-1:2|2:0",3,TRUE,1,0,2,"mixed",2.15737865166653,2.23606797749979,2.66666666666667,3,2,2.18816503408199,3,4,2,24,1,FALSE,24,16777216,1,2,25,25
282,"-1:-2|0:2|2:0",3,TRUE,2,0,1,"mixed",2.07868932583326,2.23606797749979,2.33333333333333,3,2,2.21785596489421,3,8,1,24,1,FALSE,24,16777216,1,2,25,25
283,"-1:-1|-1:0|2:-1",3,TRUE,1,1,1,"mixed",1.5500938466243,2.23606797749979,2,3,2,1.64772491956211,2,8,1,20,5,FALSE,20,1048576,5,32,25,25
284,"-1:-1|-1:1|2:-1",3,TRUE,0,2,1,"off_axis",1.68816503408199,2.23606797749979,2.33333333333333,3,2,1.98215370449869,2,8,1,20,5,FALSE,20,1048576,5,32,25,25
285,"-1:-1|-1:2|2:-1",3,TRUE,0,1,2,"off_axis",1.96211650579089,2.23606797749979,2.66666666666667,3,2,2.11912944035314,3,4,2,24,1,FALSE,24,16777216,1,2,25,25
286,"-1:-1|-1:2|0:-2",3,TRUE,1,1,1,"mixed",1.88342717995763,2.23606797749979,2.33333333333333,3,2,1.74645144410318,1,8,1,16,9,FALSE,16,65536,9,512,25,25
287,"-1:-1|-1:0|2:1",3,TRUE,1,1,1,"mixed",1.5500938466243,2.23606797749979,2,3,2,1.78579610701981,2,8,1,24,1,FALSE,24,16777216,1,2,25,25
288,"-1:-2|0:1|0:2",3,TRUE,2,0,1,"mixed",1.74535599249993,2.23606797749979,2,3,2,1.64772491956211,1,8,1,24,1,FALSE,24,16777216,1,2,25,25
289,"-1:-1|0:-2|1:2",3,TRUE,1,1,1,"mixed",1.88342717995763,2.23606797749979,2.33333333333333,3,2,1.88452263156088,1,8,1,24,1,FALSE,24,16777216,1,2,25,25
290,"-1:-1|0:-2|0:-1",3,TRUE,2,1,0,"mixed",1.47140452079103,2,1.66666666666667,2,2,1.30473785412437,1,8,1,24,1,FALSE,24,16777216,1,2,25,25
291,"-1:-1|0:-2|1:-1",3,TRUE,1,2,0,"mixed",1.60947570824873,2,2,2,2,1.60947570824873,1,4,2,16,9,FALSE,16,65536,9,512,25,25
292,"-2:0|-1:-1|0:-2",3,TRUE,2,1,0,"mixed",1.80473785412437,2,2,2,2,1.84517796864425,1,4,2,24,1,FALSE,24,16777216,1,2,25,25
293,"-1:-1|-1:0|0:-2",3,TRUE,2,1,0,"mixed",1.47140452079103,2,1.66666666666667,2,2,1.51074918370766,1,8,1,20,5,FALSE,20,1048576,5,32,25,25
294,"-1:-1|0:-2|1:0",3,TRUE,2,1,0,"mixed",1.47140452079103,2,1.66666666666667,2,2,1.71676051329096,1,8,1,24,1,FALSE,24,16777216,1,2,25,25
295,"-1:-1|0:-2|2:0",3,TRUE,2,1,0,"mixed",1.80473785412437,2,2,2,2,1.98215370449869,2,8,1,20,5,FALSE,20,1048576,5,32,25,25
296,"-1:-1|-1:1|0:-2",3,TRUE,1,2,0,"mixed",1.60947570824873,2,2,2,2,1.74645144410318,1,8,1,16,9,FALSE,16,65536,9,512,25,25
297,"-1:-1|0:-2|0:1",3,TRUE,2,1,0,"mixed",1.47140452079103,2,1.66666666666667,2,2,1.67741585037433,1,8,1,24,1,FALSE,24,16777216,1,2,25,25
298,"-1:-1|0:-2|1:1",3,TRUE,1,2,0,"mixed",1.60947570824873,2,2,2,2,1.88452263156088,1,8,1,24,1,FALSE,24,16777216,1,2,25,25
299,"-1:-1|0:-2|0:2",3,TRUE,2,1,0,"mixed",1.80473785412437,2,2,2,2,1.67741585037433,1,8,1,24,1,FALSE,24,16777216,1,2,25,25
300,"-2:0|-1:0|0:-2",3,TRUE,3,0,0,"axis_only",1.66666666666667,2,1.66666666666667,2,2,1.844082517041,2,8,1,24,1,FALSE,24,16777216,1,2,25,25
301,"-1:0|0:-2|0:-1",3,TRUE,3,0,0,"axis_only",1.33333333333333,2,1.33333333333333,2,2,1.44171358997881,1,8,1,24,1,FALSE,24,16777216,1,2,25,25
302,"-1:-1|0:1|0:2",3,TRUE,2,1,0,"mixed",1.47140452079103,2,1.66666666666667,2,2,1.64772491956211,1,8,1,24,1,FALSE,24,16777216,1,2,25,25
303,"-1:0|1:0|2:0",3,TRUE,3,0,0,"axis_only",1.33333333333333,2,1.33333333333333,2,2,1.5,1,4,2,20,5,FALSE,20,1048576,5,32,25,25
304,"-2:0|-1:0|2:0",3,TRUE,3,0,0,"axis_only",1.66666666666667,2,1.66666666666667,2,2,1.5,1,4,2,20,5,FALSE,20,1048576,5,32,25,25
305,"-1:0|0:-2|2:0",3,TRUE,3,0,0,"axis_only",1.66666666666667,2,1.66666666666667,2,2,2.01074918370766,3,8,1,24,1,FALSE,24,16777216,1,2,25,25
306,"-2:0|0:-2|0:2",3,TRUE,3,0,0,"axis_only",2,2,2,2,2,2.10947570824873,3,4,2,24,1,FALSE,24,16777216,1,2,25,25
307,"-1:-1|0:2|2:0",3,TRUE,2,1,0,"mixed",1.80473785412437,2,2,2,2,2.11912944035314,3,4,2,24,1,FALSE,24,16777216,1,2,25,25
308,"-1:0|0:-2|1:0",3,TRUE,3,0,0,"axis_only",1.33333333333333,2,1.33333333333333,2,2,1.74535599249993,2,4,2,24,1,FALSE,24,16777216,1,2,25,25
309,"-1:-1|-1:0|0:2",3,TRUE,2,1,0,"mixed",1.47140452079103,2,1.66666666666667,2,2,1.64772491956211,2,8,1,20,5,FALSE,20,1048576,5,32,25,25
310,"-1:0|0:-1|0:2",3,TRUE,3,0,0,"axis_only",1.33333333333333,2,1.33333333333333,2,2,1.60838025664548,2,8,1,24,1,FALSE,24,16777216,1,2,25,25
311,"-1:-1|0:1|2:0",3,TRUE,2,1,0,"mixed",1.47140452079103,2,1.66666666666667,2,2,1.85373624914541,2,8,1,24,1,FALSE,24,16777216,1,2,25,25
312,"-1:0|0:-2|0:2",3,TRUE,3,0,0,"axis_only",1.66666666666667,2,1.66666666666667,2,2,1.74535599249993,2,4,2,24,1,FALSE,24,16777216,1,2,25,25
313,"-1:-1|-1:0|2:0",3,TRUE,2,1,0,"mixed",1.47140452079103,2,1.66666666666667,2,2,1.60838025664548,2,8,1,24,1,FALSE,24,16777216,1,2,25,25
314,"-1:-1|-1:1|2:0",3,TRUE,1,2,0,"mixed",1.60947570824873,2,2,2,2,1.88342717995763,2,4,2,24,1,FALSE,24,16777216,1,2,25,25
315,"-1:-1|-1:0|-1:1",3,TRUE,1,2,0,"mixed",1.2761423749154,1.4142135623731,1.66666666666667,2,1,1.30473785412437,1,4,2,24,1,FALSE,24,16777216,1,2,25,25
316,"-1:-1|-1:0|0:-1",3,TRUE,2,1,0,"mixed",1.1380711874577,1.4142135623731,1.33333333333333,2,1,1.1380711874577,1,4,2,16,9,FALSE,16,65536,9,512,25,25
317,"-1:-1|-1:0|0:1",3,TRUE,2,1,0,"mixed",1.1380711874577,1.4142135623731,1.33333333333333,2,1,1.344082517041,1,8,1,16,9,FALSE,16,65536,9,512,25,25
318,"-1:-1|-1:0|1:-1",3,TRUE,1,2,0,"mixed",1.2761423749154,1.4142135623731,1.66666666666667,2,1,1.51074918370766,1,8,1,20,5,FALSE,20,1048576,5,32,25,25
319,"-1:-1|-1:0|1:0",3,TRUE,2,1,0,"mixed",1.1380711874577,1.4142135623731,1.33333333333333,2,1,1.44171358997881,1,8,1,24,1,FALSE,24,16777216,1,2,25,25
320,"-1:-1|-1:0|1:1",3,TRUE,1,2,0,"mixed",1.2761423749154,1.4142135623731,1.66666666666667,2,1,1.64882037116536,1,8,1,24,1,FALSE,24,16777216,1,2,25,25
321,"-1:-1|-1:1|1:-1",3,TRUE,0,3,0,"diagonal_only",1.4142135623731,1.4142135623731,2,2,1,1.84517796864425,1,4,2,24,1,FALSE,24,16777216,1,2,25,25
322,"-1:-1|-1:1|1:0",3,TRUE,1,2,0,"mixed",1.2761423749154,1.4142135623731,1.66666666666667,2,1,1.71676051329096,1,4,2,24,1,FALSE,24,16777216,1,2,25,25
323,"-1:-1|0:1|1:0",3,TRUE,2,1,0,"mixed",1.1380711874577,1.4142135623731,1.33333333333333,2,1,1.5500938466243,1,4,2,24,1,FALSE,24,16777216,1,2,25,25
324,"-1:0|0:-1|0:1",3,TRUE,3,0,0,"axis_only",1,1,1,1,1,1.30473785412437,1,4,2,24,1,FALSE,24,16777216,1,2,25,25
325,"-1:-2|0:-2|1:-2|2:-2",4,TRUE,1,1,2,"mixed",2.32514076993644,2.82842712474619,3,4,2,1.83005630797458,2,8,1,21,4,FALSE,21,2097152,4,16,25,25
326,"-2:-2|-1:-2|0:-2|2:-2",4,TRUE,1,2,1,"mixed",2.47323055674804,2.82842712474619,3.25,4,2,1.88929222269922,2,8,1,21,4,FALSE,21,2097152,4,16,25,25
327,"-2:-2|-2:-1|-1:-2|0:-2",4,TRUE,1,1,2,"mixed",2.32514076993644,2.82842712474619,3,4,2,1.79508446196187,2,8,1,25,0,TRUE,25,33554432,0,1,25,25
328,"-2:-2|-1:-2|-1:-1|0:-2",4,TRUE,1,2,1,"mixed",2.11967716615477,2.82842712474619,2.75,4,2,1.63071357893653,1,8,1,21,4,FALSE,21,2097152,4,16,25,25
329,"-2:-2|-1:-2|0:-2|0:-1",4,TRUE,2,1,1,"mixed",2.01612377556149,2.82842712474619,2.5,4,2,1.67147766421189,1,8,1,21,4,FALSE,21,2097152,4,16,25,25
330,"-1:-1|0:-2|1:-2|2:-2",4,TRUE,1,2,1,"mixed",2.11967716615477,2.82842712474619,2.75,4,2,1.83650581819917,1,8,1,25,0,TRUE,25,33554432,0,1,25,25
331,"-2:-1|0:-2|1:-2|2:-2",4,TRUE,1,1,2,"mixed",2.32514076993644,2.82842712474619,3,4,2,1.91869125971184,2,8,1,25,0,TRUE,25,33554432,0,1,25,25
332,"-2:-2|-2:-1|-2:0|0:-2",4,TRUE,2,1,1,"mixed",2.26612377556149,2.82842712474619,2.75,4,2,2.0128990204492,3,8,1,25,0,TRUE,25,33554432,0,1,25,25
333,"-2:-2|-1:-2|-1:0|0:-2",4,TRUE,2,1,1,"mixed",2.01612377556149,2.82842712474619,2.5,4,2,1.85366310572456,2,8,1,21,4,FALSE,21,2097152,4,16,25,25
334,"-1:0|0:-2|1:-2|2:-2",4,TRUE,2,1,1,"mixed",2.01612377556149,2.82842712474619,2.5,4,2,1.99574173292381,2,8,1,21,4,FALSE,21,2097152,4,16,25,25
335,"-2:-2|-1:-2|0:-2|2:0",4,TRUE,2,1,1,"mixed",2.26612377556149,2.82842712474619,2.75,4,2,2.09574173292382,3,8,1,25,0,TRUE,25,33554432,0,1,25,25
336,"-1:-2|2:-2|2:-1|2:0",4,TRUE,1,1,2,"mixed",2.32514076993644,2.82842712474619,3,4,2,2.03650581819918,3,8,1,17,8,FALSE,17,131072,8,256,25,25
337,"-1:-1|2:-2|2:-1|2:0",4,TRUE,1,2,1,"mixed",2.11967716615477,2.82842712474619,2.75,4,2,1.89508446196187,2,8,1,25,0,TRUE,25,33554432,0,1,25,25
338,"-1:0|2:-2|2:-1|2:0",4,TRUE,2,1,1,"mixed",2.01612377556149,2.82842712474619,2.5,4,2,1.9128990204492,2,8,1,25,0,TRUE,25,33554432,0,1,25,25
339,"-1:-1|0:2|1:2|2:2",4,TRUE,1,2,1,"mixed",2.11967716615477,2.82842712474619,2.75,4,2,2.03716308916112,2,8,1,25,0,TRUE,25,33554432,0,1,25,25
340,"-1:-2|2:0|2:1|2:2",4,TRUE,1,1,2,"mixed",2.32514076993644,2.82842712474619,3,4,2,2.11934853067379,3,8,1,25,0,TRUE,25,33554432,0,1,25,25
341,"-2:-2|-2:-1|-2:0|2:-2",4,TRUE,1,2,1,"mixed",2.47323055674804,2.82842712474619,3.25,4,2,1.85432037668651,2,8,1,25,0,TRUE,25,33554432,0,1,25,25
342,"-2:-1|2:-2|2:-1|2:0",4,TRUE,1,1,2,"mixed",2.32514076993644,2.82842712474619,3,4,2,1.7128990204492,2,8,1,25,0,TRUE,25,33554432,0,1,25,25
343,"-2:-2|-1:-2|0:-2|0:2",4,TRUE,2,1,1,"mixed",2.26612377556149,2.82842712474619,2.75,4,2,1.77147766421189,2,8,1,21,4,FALSE,21,2097152,4,16,25,25
344,"-1:-2|0:2|1:2|2:2",4,TRUE,1,1,2,"mixed",2.32514076993644,2.82842712474619,3,4,2,1.91869125971184,2,8,1,25,0,TRUE,25,33554432,0,1,25,25
345,"-2:-2|-1:-2|0:-2|2:2",4,TRUE,1,2,1,"mixed",2.47323055674804,2.82842712474619,3.25,4,2,1.97792717443648,2,8,1,21,4,FALSE,21,2097152,4,16,25,25
346,"-2:-2|-1:-2|1:-2|2:-2",4,TRUE,0,2,2,"off_axis",2.53224755112299,2.82842712474619,3.5,4,2,1.9128990204492,2,4,2,21,4,FALSE,21,2097152,4,16,25,25
347,"-1:-2|1:-2|2:-2|2:-1",4,TRUE,0,1,3,"off_axis",2.38415776431139,2.82842712474619,3.25,4,2,1.91869125971184,3,8,1,25,0,TRUE,25,33554432,0,1,25,25
348,"-1:-2|1:-2|1:-1|2:-2",4,TRUE,0,2,2,"off_axis",2.17869416052972,2.82842712474619,3,4,2,1.83650581819917,2,8,1,21,4,FALSE,21,2097152,4,16,25,25
349,"-1:-2|0:-1|1:-2|2:-2",4,TRUE,1,1,2,"mixed",2.07514076993644,2.82842712474619,2.75,4,2,1.83650581819917,1,8,1,25,0,TRUE,25,33554432,0,1,25,25
350,"-1:-2|-1:-1|1:-2|2:-2",4,TRUE,0,2,2,"off_axis",2.17869416052972,2.82842712474619,3,4,2,1.91869125971184,2,8,1,25,0,TRUE,25,33554432,0,1,25,25
351,"-2:-1|-1:-2|1:-2|2:-2",4,TRUE,0,1,3,"off_axis",2.38415776431139,2.82842712474619,3.25,4,2,1.96011261594915,2,8,1,21,4,FALSE,21,2097152,4,16,25,25
352,"-1:-2|1:-2|2:-2|2:0",4,TRUE,1,1,2,"mixed",2.32514076993644,2.82842712474619,3,4,2,2.13650581819918,4,8,1,21,4,FALSE,21,2097152,4,16,25,25
353,"-1:-2|1:-2|1:0|2:-2",4,TRUE,1,1,2,"mixed",2.07514076993644,2.82842712474619,2.75,4,2,2.03650581819918,3,8,1,25,0,TRUE,25,33554432,0,1,25,25
354,"-1:-2|-1:0|1:-2|2:-2",4,TRUE,1,1,2,"mixed",2.07514076993644,2.82842712474619,2.75,4,2,2.09574173292382,3,8,1,25,0,TRUE,25,33554432,0,1,25,25
355,"-2:-1|-2:1|-2:2|0:-2",4,TRUE,1,1,2,"mixed",2.32514076993644,2.82842712474619,3,4,2,2.16011261594915,4,8,1,21,4,FALSE,21,2097152,4,16,25,25
356,"-1:-2|1:-2|2:-2|2:1",4,TRUE,0,1,3,"off_axis",2.38415776431139,2.82842712474619,3.25,4,2,2.16011261594915,4,8,1,25,0,TRUE,25,33554432,0,1,25,25
357,"-1:-1|2:-2|2:-1|2:1",4,TRUE,0,2,2,"off_axis",2.17869416052972,2.82842712474619,3,4,2,2.07792717443648,3,8,1,25,0,TRUE,25,33554432,0,1,25,25
358,"-1:-2|0:1|1:-2|2:-2",4,TRUE,1,1,2,"mixed",2.07514076993644,2.82842712474619,2.75,4,2,2.06011261594915,3,8,1,25,0,TRUE,25,33554432,0,1,25,25
359,"-1:-1|-1:2|1:2|2:2",4,TRUE,0,2,2,"off_axis",2.17869416052972,2.82842712474619,3,4,2,2.13716308916112,3,8,1,25,0,TRUE,25,33554432,0,1,25,25
360,"-1:-2|2:-1|2:1|2:2",4,TRUE,0,1,3,"off_axis",2.38415776431139,2.82842712474619,3.25,4,2,2.18371941369913,4,8,1,17,8,FALSE,17,131072,8,256,25,25
361,"-1:-2|1:-2|2:-2|2:2",4,TRUE,0,2,2,"off_axis",2.53224755112299,2.82842712474619,3.5,4,2,1.97792717443648,3,8,1,25,0,TRUE,25,33554432,0,1,25,25
362,"-1:-2|1:-2|1:2|2:-2",4,TRUE,0,1,3,"off_axis",2.38415776431139,2.82842712474619,3.25,4,2,1.91869125971184,3,8,1,25,0,TRUE,25,33554432,0,1,25,25
363,"-1:-2|0:2|1:-2|2:-2",4,TRUE,1,1,2,"mixed",2.32514076993644,2.82842712474619,3,4,2,1.93650581819917,2,8,1,25,0,TRUE,25,33554432,0,1,25,25
364,"-1:-2|-1:2|1:-2|2:-2",4,TRUE,0,1,3,"off_axis",2.38415776431139,2.82842712474619,3.25,4,2,2.00087670122451,3,8,1,21,4,FALSE,21,2097152,4,16,25,25
365,"-2:-1|-2:1|-2:2|2:-2",4,TRUE,0,2,2,"off_axis",2.53224755112299,2.82842712474619,3.5,4,2,2.01934853067379,2,8,1,21,4,FALSE,21,2097152,4,16,25,25
366,"-2:-2|-2:-1|-1:-2|2:-2",4,TRUE,0,2,2,"off_axis",2.53224755112299,2.82842712474619,3.5,4,2,1.79574173292382,2,8,1,25,0,TRUE,25,33554432,0,1,25,25
367,"-2:-2|-1:-2|-1:-1|2:-2",4,TRUE,0,3,1,"off_axis",2.32678394734132,2.82842712474619,3.25,4,2,1.79574173292382,1,8,1,25,0,TRUE,25,33554432,0,1,25,25
368,"-2:-2|-1:-2|0:-1|2:-2",4,TRUE,1,2,1,"mixed",2.22323055674804,2.82842712474619,3,4,2,1.87792717443648,1,8,1,25,0,TRUE,25,33554432,0,1,25,25
369,"-2:-2|-1:-1|1:-2|2:-2",4,TRUE,0,3,1,"off_axis",2.32678394734132,2.82842712474619,3.25,4,2,1.91934853067379,1,8,1,21,4,FALSE,21,2097152,4,16,25,25
370,"-2:-2|-1:-2|2:-2|2:-1",4,TRUE,0,2,2,"off_axis",2.53224755112299,2.82842712474619,3.5,4,2,1.87792717443648,2,8,1,21,4,FALSE,21,2097152,4,16,25,25
371,"-2:-2|-2:-1|-2:2|0:-2",4,TRUE,1,2,1,"mixed",2.47323055674804,2.82842712474619,3.25,4,2,2.03650581819918,3,8,1,25,0,TRUE,25,33554432,0,1,25,25
372,"-2:-2|-1:-2|-1:0|2:-2",4,TRUE,1,2,1,"mixed",2.22323055674804,2.82842712474619,3,4,2,1.99574173292381,2,8,1,21,4,FALSE,21,2097152,4,16,25,25
373,"-2:-2|-1:-2|1:0|2:-2",4,TRUE,1,2,1,"mixed",2.22323055674804,2.82842712474619,3,4,2,2.07858444539843,2,8,1,21,4,FALSE,21,2097152,4,16,25,25
374,"-2:-2|-1:-2|2:-2|2:0",4,TRUE,1,2,1,"mixed",2.47323055674804,2.82842712474619,3.25,4,2,2.09574173292382,3,8,1,25,0,TRUE,25,33554432,0,1,25,25
375,"-1:-2|2:-2|2:-1|2:2",4,TRUE,0,2,2,"off_axis",2.53224755112299,2.82842712474619,3.5,4,2,2.06011261594915,3,8,1,25,0,TRUE,25,33554432,0,1,25,25
376,"-1:-1|2:-2|2:-1|2:2",4,TRUE,0,3,1,"off_axis",2.32678394734132,2.82842712474619,3.25,4,2,2.03716308916112,2,8,1,25,0,TRUE,25,33554432,0,1,25,25
377,"-1:0|2:-2|2:-1|2:2",4,TRUE,1,2,1,"mixed",2.22323055674804,2.82842712474619,3,4,2,2.07858444539843,2,8,1,25,0,TRUE,25,33554432,0,1,25,25
378,"-1:-1|2:-2|2:1|2:2",4,TRUE,0,3,1,"off_axis",2.32678394734132,2.82842712474619,3.25,4,2,2.12000580163574,2,8,1,17,8,FALSE,17,131072,8,256,25,25
379,"-1:-2|2:-2|2:1|2:2",4,TRUE,0,2,2,"off_axis",2.53224755112299,2.82842712474619,3.5,4,2,2.11934853067379,3,8,1,25,0,TRUE,25,33554432,0,1,25,25
380,"-2:-2|-2:-1|-2:2|2:-2",4,TRUE,0,3,1,"off_axis",2.68033733793459,2.82842712474619,3.75,4,2,1.85497764764846,2,8,1,21,4,FALSE,21,2097152,4,16,25,25
381,"-2:-1|2:-2|2:-1|2:2",4,TRUE,0,2,2,"off_axis",2.53224755112299,2.82842712474619,3.5,4,2,1.87792717443648,2,8,1,25,0,TRUE,25,33554432,0,1,25,25
382,"-2:-2|-1:-2|0:2|2:-2",4,TRUE,1,2,1,"mixed",2.47323055674804,2.82842712474619,3.25,4,2,1.97792717443648,2,8,1,25,0,TRUE,25,33554432,0,1,25,25
383,"-2:-1|2:-2|2:1|2:2",4,TRUE,0,2,2,"off_axis",2.53224755112299,2.82842712474619,3.5,4,2,2.00153397218646,2,8,1,21,4,FALSE,21,2097152,4,16,25,25
384,"-2:-2|-1:-2|2:-2|2:2",4,TRUE,0,3,1,"off_axis",2.68033733793459,2.82842712474619,3.75,4,2,1.93716308916112,2,8,1,25,0,TRUE,25,33554432,0,1,25,25
385,"-2:-2|-2:-1|-1:-2|-1:-1",4,TRUE,0,2,2,"off_axis",2.17869416052972,2.82842712474619,3,4,2,1.55432037668651,1,4,2,25,0,TRUE,25,33554432,0,1,25,25
386,"-2:-2|-2:-1|-1:-2|-1:0",4,TRUE,1,1,2,"mixed",2.07514076993644,2.82842712474619,2.75,4,2,1.73650581819918,1,8,1,25,0,TRUE,25,33554432,0,1,25,25
387,"-1:-1|1:-2|2:-2|2:-1",4,TRUE,0,2,2,"off_axis",2.17869416052972,2.82842712474619,3,4,2,1.86011261594915,2,8,1,25,0,TRUE,25,33554432,0,1,25,25
388,"-2:-1|1:-2|2:-2|2:-1",4,TRUE,0,1,3,"off_axis",2.38415776431139,2.82842712474619,3.25,4,2,1.76011261594915,2,8,1,25,0,TRUE,25,33554432,0,1,25,25
389,"-1:0|1:-2|2:-2|2:-1",4,TRUE,1,1,2,"mixed",2.07514076993644,2.82842712474619,2.75,4,2,1.9607698869111,2,8,1,25,0,TRUE,25,33554432,0,1,25,25
390,"-2:-2|-2:-1|-1:-2|0:2",4,TRUE,1,1,2,"mixed",2.32514076993644,2.82842712474619,3,4,2,1.91934853067379,2,8,1,25,0,TRUE,25,33554432,0,1,25,25
391,"-1:-1|1:2|2:1|2:2",4,TRUE,0,2,2,"off_axis",2.17869416052972,2.82842712474619,3,4,2,2.06142715787305,2,4,2,25,0,TRUE,25,33554432,0,1,25,25
392,"-1:-2|1:2|2:1|2:2",4,TRUE,0,1,3,"off_axis",2.38415776431139,2.82842712474619,3.25,4,2,2.02514076993644,3,8,1,25,0,TRUE,25,33554432,0,1,25,25
393,"-2:-2|-2:-1|-1:-2|2:2",4,TRUE,0,2,2,"off_axis",2.53224755112299,2.82842712474619,3.5,4,2,1.94295532842377,2,4,2,25,0,TRUE,25,33554432,0,1,25,25
394,"-2:-2|-1:-2|-1:-1|0:-1",4,TRUE,1,2,1,"mixed",1.86967716615477,2.82842712474619,2.5,4,2,1.55432037668651,1,8,1,21,4,FALSE,21,2097152,4,16,25,25
395,"-1:-1|1:-2|1:-1|2:-2",4,TRUE,0,3,1,"off_axis",1.97323055674804,2.82842712474619,2.75,4,2,1.77792717443648,1,8,1,25,0,TRUE,25,33554432,0,1,25,25
396,"-2:-1|1:-2|1:-1|2:-2",4,TRUE,0,2,2,"off_axis",2.17869416052972,2.82842712474619,3,4,2,1.77792717443648,1,8,1,21,4,FALSE,21,2097152,4,16,25,25
397,"-2:-2|-2:-1|-1:-1|0:-2",4,TRUE,1,2,1,"mixed",2.11967716615477,2.82842712474619,2.75,4,2,1.75432037668651,1,8,1,25,0,TRUE,25,33554432,0,1,25,25
398,"-2:-2|-1:-2|-1:-1|-1:0",4,TRUE,1,2,1,"mixed",1.86967716615477,2.82842712474619,2.5,4,2,1.6128990204492,1,8,1,17,8,FALSE,17,131072,8,256,25,25
399,"-1:0|1:-2|1:-1|2:-2",4,TRUE,1,2,1,"mixed",1.86967716615477,2.82842712474619,2.5,4,2,1.87858444539843,1,8,1,25,0,TRUE,25,33554432,0,1,25,25
400,"-2:-2|-1:-2|-1:-1|2:0",4,TRUE,1,2,1,"mixed",2.11967716615477,2.82842712474619,2.75,4,2,1.91934853067379,2,8,1,25,0,TRUE,25,33554432,0,1,25,25
401,"-1:-2|1:-1|2:-2|2:-1",4,TRUE,0,2,2,"off_axis",2.17869416052972,2.82842712474619,3,4,2,1.86011261594915,2,8,1,21,4,FALSE,21,2097152,4,16,25,25
402,"-1:-1|1:-1|2:-2|2:-1",4,TRUE,0,3,1,"off_axis",1.97323055674804,2.82842712474619,2.75,4,2,1.75432037668651,1,8,1,25,0,TRUE,25,33554432,0,1,25,25
403,"-1:0|1:-1|2:-2|2:-1",4,TRUE,1,2,1,"mixed",1.86967716615477,2.82842712474619,2.5,4,2,1.81934853067379,1,8,1,25,0,TRUE,25,33554432,0,1,25,25
404,"-1:-1|1:1|1:2|2:2",4,TRUE,0,3,1,"off_axis",1.97323055674804,2.82842712474619,2.75,4,2,1.97924171636038,1,8,1,21,4,FALSE,21,2097152,4,16,25,25
405,"-1:-2|1:1|2:1|2:2",4,TRUE,0,2,2,"off_axis",2.17869416052972,2.82842712474619,3,4,2,2.00219124314841,2,8,1,25,0,TRUE,25,33554432,0,1,25,25
406,"-2:-2|-2:-1|-1:-1|2:-2",4,TRUE,0,3,1,"off_axis",2.32678394734132,2.82842712474619,3.25,4,2,1.73716308916112,1,8,1,21,4,FALSE,21,2097152,4,16,25,25
407,"-2:-1|1:-1|2:-2|2:-1",4,TRUE,0,2,2,"off_axis",2.17869416052972,2.82842712474619,3,4,2,1.65432037668651,1,8,1,25,0,TRUE,25,33554432,0,1,25,25
408,"-2:-2|-1:-2|-1:-1|0:2",4,TRUE,1,2,1,"mixed",2.11967716615477,2.82842712474619,2.75,4,2,1.77792717443648,1,8,1,25,0,TRUE,25,33554432,0,1,25,25
409,"-1:-2|1:1|1:2|2:2",4,TRUE,0,2,2,"off_axis",2.17869416052972,2.82842712474619,3,4,2,1.94295532842377,2,8,1,25,0,TRUE,25,33554432,0,1,25,25
410,"-2:-2|-1:-2|-1:-1|2:2",4,TRUE,0,3,1,"off_axis",2.32678394734132,2.82842712474619,3.25,4,2,1.92000580163574,1,8,1,21,4,FALSE,21,2097152,4,16,25,25
411,"-1:-1|0:-1|1:-2|2:-2",4,TRUE,1,2,1,"mixed",1.86967716615477,2.82842712474619,2.5,4,2,1.76011261594915,1,8,1,25,0,TRUE,25,33554432,0,1,25,25
412,"-2:-1|0:-1|1:-2|2:-2",4,TRUE,1,1,2,"mixed",2.07514076993644,2.82842712474619,2.75,4,2,1.86011261594915,1,8,1,25,0,TRUE,25,33554432,0,1,25,25
413,"-2:-2|-2:-1|-1:0|0:-2",4,TRUE,2,1,1,"mixed",2.01612377556149,2.82842712474619,2.5,4,2,1.91869125971184,2,8,1,21,4,FALSE,21,2097152,4,16,25,25
414,"-2:-2|-1:-2|-1:0|0:-1",4,TRUE,2,1,1,"mixed",1.76612377556149,2.82842712474619,2.25,4,2,1.73650581819918,1,8,1,25,0,TRUE,25,33554432,0,1,25,25
415,"-1:0|0:-1|1:-2|2:-2",4,TRUE,2,1,1,"mixed",1.76612377556149,2.82842712474619,2.25,4,2,1.87858444539843,1,8,1,25,0,TRUE,25,33554432,0,1,25,25
416,"-2:-2|-1:-2|0:-1|2:0",4,TRUE,2,1,1,"mixed",2.01612377556149,2.82842712474619,2.5,4,2,2.00153397218646,2,8,1,25,0,TRUE,25,33554432,0,1,25,25
417,"-1:-2|1:0|2:-2|2:-1",4,TRUE,1,1,2,"mixed",2.07514076993644,2.82842712474619,2.75,4,2,2.00153397218646,2,8,1,25,0,TRUE,25,33554432,0,1,25,25
418,"-1:-1|1:0|2:-2|2:-1",4,TRUE,1,2,1,"mixed",1.86967716615477,2.82842712474619,2.5,4,2,1.86011261594915,1,8,1,25,0,TRUE,25,33554432,0,1,25,25
419,"-1:0|1:0|2:-2|2:-1",4,TRUE,2,1,1,"mixed",1.76612377556149,2.82842712474619,2.25,4,2,1.87792717443648,1,8,1,25,0,TRUE,25,33554432,0,1,25,25
420,"-1:-1|0:1|1:2|2:2",4,TRUE,1,2,1,"mixed",1.86967716615477,2.82842712474619,2.5,4,2,2.00219124314841,1,8,1,25,0,TRUE,25,33554432,0,1,25,25
421,"-1:-2|1:0|2:1|2:2",4,TRUE,1,1,2,"mixed",2.07514076993644,2.82842712474619,2.75,4,2,2.08437668466108,2,8,1,21,4,FALSE,21,2097152,4,16,25,25
422,"-2:-2|-2:-1|-1:0|2:-2",4,TRUE,1,2,1,"mixed",2.22323055674804,2.82842712474619,3,4,2,1.87858444539843,1,8,1,25,0,TRUE,25,33554432,0,1,25,25
423,"-2:-1|1:0|2:-2|2:-1",4,TRUE,1,1,2,"mixed",2.07514076993644,2.82842712474619,2.75,4,2,1.76011261594915,1,8,1,25,0,TRUE,25,33554432,0,1,25,25
424,"-2:-2|-1:-2|0:-1|0:2",4,TRUE,2,1,1,"mixed",2.01612377556149,2.82842712474619,2.5,4,2,1.83650581819917,1,8,1,25,0,TRUE,25,33554432,0,1,25,25
425,"-1:-2|0:1|1:2|2:2",4,TRUE,1,1,2,"mixed",2.07514076993644,2.82842712474619,2.75,4,2,1.9659048552118,2,8,1,21,4,FALSE,21,2097152,4,16,25,25
426,"-2:-2|-1:-2|0:-1|2:2",4,TRUE,1,2,1,"mixed",2.22323055674804,2.82842712474619,3,4,2,2.00219124314841,1,8,1,25,0,TRUE,25,33554432,0,1,25,25
427,"-2:-1|-1:-1|1:-2|2:-2",4,TRUE,0,2,2,"off_axis",2.17869416052972,2.82842712474619,3,4,2,1.88371941369913,1,8,1,21,4,FALSE,21,2097152,4,16,25,25
428,"-1:-1|1:-2|2:-2|2:0",4,TRUE,1,2,1,"mixed",2.11967716615477,2.82842712474619,2.75,4,2,2.04229805746182,3,8,1,25,0,TRUE,25,33554432,0,1,25,25
429,"-1:-1|1:-2|1:0|2:-2",4,TRUE,1,2,1,"mixed",1.86967716615477,2.82842712474619,2.5,4,2,1.94229805746182,2,8,1,25,0,TRUE,25,33554432,0,1,25,25
430,"-1:-1|-1:0|1:-2|2:-2",4,TRUE,1,2,1,"mixed",1.86967716615477,2.82842712474619,2.5,4,2,1.9607698869111,2,8,1,25,0,TRUE,25,33554432,0,1,25,25
431,"-2:-2|-1:-2|1:-1|2:0",4,TRUE,1,2,1,"mixed",2.11967716615477,2.82842712474619,2.75,4,2,2.04295532842377,2,8,1,21,4,FALSE,21,2097152,4,16,25,25
432,"-1:-1|1:-2|2:-2|2:1",4,TRUE,0,2,2,"off_axis",2.17869416052972,2.82842712474619,3,4,2,2.12514076993644,3,8,1,25,0,TRUE,25,33554432,0,1,25,25
433,"-1:-1|1:-2|1:1|2:-2",4,TRUE,0,3,1,"off_axis",1.97323055674804,2.82842712474619,2.75,4,2,2.04295532842377,2,8,1,25,0,TRUE,25,33554432,0,1,25,25
434,"-1:-1|0:1|1:-2|2:-2",4,TRUE,1,2,1,"mixed",1.86967716615477,2.82842712474619,2.5,4,2,2.02514076993644,2,8,1,25,0,TRUE,25,33554432,0,1,25,25
435,"-1:-1|-1:1|1:-2|2:-2",4,TRUE,0,3,1,"off_axis",1.97323055674804,2.82842712474619,2.75,4,2,2.10219124314841,2,8,1,25,0,TRUE,25,33554432,0,1,25,25
436,"-1:-2|1:-1|2:1|2:2",4,TRUE,0,2,2,"off_axis",2.17869416052972,2.82842712474619,3,4,2,2.14874756768642,3,8,1,21,4,FALSE,21,2097152,4,16,25,25
437,"-1:-1|1:-2|2:-2|2:2",4,TRUE,0,3,1,"off_axis",2.32678394734132,2.82842712474619,3.25,4,2,2.00219124314841,2,8,1,25,0,TRUE,25,33554432,0,1,25,25
438,"-1:-1|1:-2|1:2|2:-2",4,TRUE,0,2,2,"off_axis",2.17869416052972,2.82842712474619,3,4,2,1.94295532842377,2,8,1,25,0,TRUE,25,33554432,0,1,25,25
439,"-1:-1|0:2|1:-2|2:-2",4,TRUE,1,2,1,"mixed",2.11967716615477,2.82842712474619,2.75,4,2,1.98371941369913,2,8,1,25,0,TRUE,25,33554432,0,1,25,25
440,"-1:-1|-1:2|1:-2|2:-2",4,TRUE,0,2,2,"off_axis",2.17869416052972,2.82842712474619,3,4,2,2.0659048552118,3,8,1,25,0,TRUE,25,33554432,0,1,25,25
441,"-2:-2|-1:-2|1:-1|2:2",4,TRUE,0,3,1,"off_axis",2.32678394734132,2.82842712474619,3.25,4,2,2.06656212617375,2,8,1,21,4,FALSE,21,2097152,4,16,25,25
442,"-2:-1|1:-2|2:-2|2:0",4,TRUE,1,1,2,"mixed",2.32514076993644,2.82842712474619,3,4,2,1.96011261594915,2,8,1,25,0,TRUE,25,33554432,0,1,25,25
443,"-2:-1|1:-2|1:0|2:-2",4,TRUE,1,1,2,"mixed",2.07514076993644,2.82842712474619,2.75,4,2,1.94229805746182,2,8,1,25,0,TRUE,25,33554432,0,1,25,25
444,"-2:-1|-1:0|1:-2|2:-2",4,TRUE,1,1,2,"mixed",2.07514076993644,2.82842712474619,2.75,4,2,2.00219124314841,1,8,1,17,8,FALSE,17,131072,8,256,25,25
445,"-2:-1|-2:0|1:-2|2:-2",4,TRUE,1,1,2,"mixed",2.32514076993644,2.82842712474619,3,4,2,2.00153397218646,2,8,1,25,0,TRUE,25,33554432,0,1,25,25
446,"-1:-2|1:2|2:-2|2:-1",4,TRUE,0,1,3,"off_axis",2.38415776431139,2.82842712474619,3.25,4,2,2.0659048552118,3,8,1,21,4,FALSE,21,2097152,4,16,25,25
447,"-1:-1|1:2|2:-2|2:-1",4,TRUE,0,2,2,"off_axis",2.17869416052972,2.82842712474619,3,4,2,2.04295532842377,2,8,1,25,0,TRUE,25,33554432,0,1,25,25
448,"-1:0|1:-2|2:1|2:2",4,TRUE,1,1,2,"mixed",2.07514076993644,2.82842712474619,2.75,4,2,2.08437668466108,2,8,1,25,0,TRUE,25,33554432,0,1,25,25
449,"-1:-1|1:-2|2:1|2:2",4,TRUE,0,2,2,"off_axis",2.17869416052972,2.82842712474619,3,4,2,2.12579804089839,2,8,1,21,4,FALSE,21,2097152,4,16,25,25
450,"-1:-2|1:-2|2:1|2:2",4,TRUE,0,1,3,"off_axis",2.38415776431139,2.82842712474619,3.25,4,2,2.12514076993644,3,8,1,25,0,TRUE,25,33554432,0,1,25,25
451,"-2:-1|1:-2|2:-2|2:2",4,TRUE,0,2,2,"off_axis",2.53224755112299,2.82842712474619,3.5,4,2,1.94295532842377,2,8,1,25,0,TRUE,25,33554432,0,1,25,25
452,"-2:-1|1:-2|1:2|2:-2",4,TRUE,0,1,3,"off_axis",2.38415776431139,2.82842712474619,3.25,4,2,1.94295532842377,2,8,1,25,0,TRUE,25,33554432,0,1,25,25
453,"-2:-1|0:2|1:-2|2:-2",4,TRUE,1,1,2,"mixed",2.32514076993644,2.82842712474619,3,4,2,2.04295532842377,2,8,1,21,4,FALSE,21,2097152,4,16,25,25
454,"-2:-1|-1:2|1:-2|2:-2",4,TRUE,0,1,3,"off_axis",2.38415776431139,2.82842712474619,3.25,4,2,2.08951165296178,3,8,1,21,4,FALSE,21,2097152,4,16,25,25
455,"-2:-1|-2:2|1:-2|2:-2",4,TRUE,0,2,2,"off_axis",2.53224755112299,2.82842712474619,3.5,4,2,2.04295532842377,2,8,1,25,0,TRUE,25,33554432,0,1,25,25
456,"-2:-2|-2:-1|0:-2|0:-1",4,TRUE,2,1,1,"mixed",2.01612377556149,2.82842712474619,2.5,4,2,1.85366310572456,2,8,1,21,4,FALSE,21,2097152,4,16,25,25
457,"-1:0|1:-2|2:-2|2:0",4,TRUE,2,1,1,"mixed",2.01612377556149,2.82842712474619,2.5,4,2,2.09574173292382,3,8,1,25,0,TRUE,25,33554432,0,1,25,25
458,"-2:-2|-2:-1|0:-2|0:2",4,TRUE,2,1,1,"mixed",2.26612377556149,2.82842712474619,2.75,4,2,2.03650581819918,3,8,1,25,0,TRUE,25,33554432,0,1,25,25
459,"-1:-2|0:-2|2:-2|2:-1",4,TRUE,1,1,2,"mixed",2.32514076993644,2.82842712474619,3,4,2,1.97726990347453,3,8,1,21,4,FALSE,21,2097152,4,16,25,25
460,"-1:-1|0:-2|2:-2|2:-1",4,TRUE,1,2,1,"mixed",2.11967716615477,2.82842712474619,2.75,4,2,1.93650581819917,2,8,1,25,0,TRUE,25,33554432,0,1,25,25
461,"-1:0|0:-2|2:-2|2:-1",4,TRUE,2,1,1,"mixed",2.01612377556149,2.82842712474619,2.5,4,2,2.06011261594915,3,8,1,25,0,TRUE,25,33554432,0,1,25,25
462,"-1:-1|0:2|2:1|2:2",4,TRUE,1,2,1,"mixed",2.11967716615477,2.82842712474619,2.75,4,2,2.1607698869111,3,8,1,25,0,TRUE,25,33554432,0,1,25,25
463,"-1:-2|0:2|2:1|2:2",4,TRUE,1,1,2,"mixed",2.32514076993644,2.82842712474619,3,4,2,2.10153397218646,3,8,1,25,0,TRUE,25,33554432,0,1,25,25
464,"-2:-2|-2:-1|0:-2|2:-2",4,TRUE,1,2,1,"mixed",2.47323055674804,2.82842712474619,3.25,4,2,1.95432037668651,3,8,1,25,0,TRUE,25,33554432,0,1,25,25
465,"-2:-1|0:-2|2:-2|2:-1",4,TRUE,1,1,2,"mixed",2.32514076993644,2.82842712474619,3,4,2,1.91869125971184,3,8,1,25,0,TRUE,25,33554432,0,1,25,25
466,"-2:-2|-2:-1|0:-2|2:0",4,TRUE,2,1,1,"mixed",2.26612377556149,2.82842712474619,2.75,4,2,2.07792717443648,3,8,1,25,0,TRUE,25,33554432,0,1,25,25
467,"-1:-2|1:2|2:0|2:2",4,TRUE,1,1,2,"mixed",2.32514076993644,2.82842712474619,3,4,2,2.18371941369913,4,8,1,25,0,TRUE,25,33554432,0,1,25,25
468,"-2:-2|-2:-1|0:-2|2:2",4,TRUE,1,2,1,"mixed",2.47323055674804,2.82842712474619,3.25,4,2,2.10153397218646,3,8,1,21,4,FALSE,21,2097152,4,16,25,25
469,"-1:0|1:-2|1:0|2:-2",4,TRUE,2,1,1,"mixed",1.76612377556149,2.82842712474619,2.25,4,2,1.99574173292381,2,8,1,21,4,FALSE,21,2097152,4,16,25,25
470,"-2:-2|-1:-2|-1:0|2:0",4,TRUE,2,1,1,"mixed",2.01612377556149,2.82842712474619,2.5,4,2,2.03650581819918,3,8,1,25,0,TRUE,25,33554432,0,1,25,25
471,"-1:-2|0:-1|2:-2|2:-1",4,TRUE,1,1,2,"mixed",2.07514076993644,2.82842712474619,2.75,4,2,1.91869125971184,2,8,1,21,4,FALSE,21,2097152,4,16,25,25
472,"-1:-1|0:-1|2:-2|2:-1",4,TRUE,1,2,1,"mixed",1.86967716615477,2.82842712474619,2.5,4,2,1.79508446196187,2,8,1,25,0,TRUE,25,33554432,0,1,25,25
473,"-1:0|0:-1|2:-2|2:-1",4,TRUE,2,1,1,"mixed",1.76612377556149,2.82842712474619,2.25,4,2,1.87792717443648,2,8,1,25,0,TRUE,25,33554432,0,1,25,25
474,"-1:-1|0:1|2:1|2:2",4,TRUE,1,2,1,"mixed",1.86967716615477,2.82842712474619,2.5,4,2,2.0607698869111,2,8,1,25,0,TRUE,25,33554432,0,1,25,25
475,"-1:-2|0:1|2:1|2:2",4,TRUE,1,1,2,"mixed",2.07514076993644,2.82842712474619,2.75,4,2,2.08371941369913,3,8,1,21,4,FALSE,21,2097152,4,16,25,25
476,"-2:-2|-2:-1|0:-1|2:-2",4,TRUE,1,2,1,"mixed",2.22323055674804,2.82842712474619,3,4,2,1.87792717443648,2,8,1,25,0,TRUE,25,33554432,0,1,25,25
477,"-2:-1|0:-1|2:-2|2:-1",4,TRUE,1,1,2,"mixed",2.07514076993644,2.82842712474619,2.75,4,2,1.79508446196187,2,8,1,25,0,TRUE,25,33554432,0,1,25,25
478,"-2:-2|-1:-2|-1:0|0:2",4,TRUE,2,1,1,"mixed",2.01612377556149,2.82842712474619,2.5,4,2,1.91869125971184,2,8,1,21,4,FALSE,21,2097152,4,16,25,25
479,"-1:-2|1:0|1:2|2:2",4,TRUE,1,1,2,"mixed",2.07514076993644,2.82842712474619,2.75,4,2,2.08371941369913,3,8,1,21,4,FALSE,21,2097152,4,16,25,25
480,"-2:-2|-1:-2|-1:0|2:2",4,TRUE,1,2,1,"mixed",2.22323055674804,2.82842712474619,3,4,2,2.0607698869111,2,8,1,25,0,TRUE,25,33554432,0,1,25,25
481,"-2:-2|-1:-2|1:0|2:0",4,TRUE,2,1,1,"mixed",2.01612377556149,2.82842712474619,2.5,4,2,2.07858444539843,2,8,1,21,4,FALSE,21,2097152,4,16,25,25
482,"-1:-2|0:1|2:-2|2:-1",4,TRUE,1,1,2,"mixed",2.07514076993644,2.82842712474619,2.75,4,2,2.14295532842377,3,8,1,25,0,TRUE,25,33554432,0,1,25,25
483,"-1:-1|0:1|2:-2|2:-1",4,TRUE,1,2,1,"mixed",1.86967716615477,2.82842712474619,2.5,4,2,2.0607698869111,2,8,1,25,0,TRUE,25,33554432,0,1,25,25
484,"-1:0|0:-1|1:2|2:2",4,TRUE,2,1,1,"mixed",1.76612377556149,2.82842712474619,2.25,4,2,2.02000580163574,2,8,1,25,0,TRUE,25,33554432,0,1,25,25
485,"-1:-1|-1:0|1:2|2:2",4,TRUE,1,2,1,"mixed",1.86967716615477,2.82842712474619,2.5,4,2,2.07924171636038,2,8,1,21,4,FALSE,21,2097152,4,16,25,25
486,"-1:-2|0:-1|2:1|2:2",4,TRUE,1,1,2,"mixed",2.07514076993644,2.82842712474619,2.75,4,2,2.14361259938572,2,8,1,21,4,FALSE,21,2097152,4,16,25,25
487,"-1:0|1:-2|2:-2|2:2",4,TRUE,1,2,1,"mixed",2.22323055674804,2.82842712474619,3,4,2,2.07924171636038,2,8,1,21,4,FALSE,21,2097152,4,16,25,25
488,"-1:0|1:-2|1:2|2:-2",4,TRUE,1,1,2,"mixed",2.07514076993644,2.82842712474619,2.75,4,2,2.02000580163574,2,8,1,25,0,TRUE,25,33554432,0,1,25,25
489,"-1:0|0:-2|1:2|2:2",4,TRUE,2,1,1,"mixed",2.01612377556149,2.82842712474619,2.5,4,2,2.0607698869111,2,8,1,25,0,TRUE,25,33554432,0,1,25,25
490,"-1:-2|-1:0|1:2|2:2",4,TRUE,1,1,2,"mixed",2.07514076993644,2.82842712474619,2.75,4,2,2.14295532842377,3,8,1,25,0,TRUE,25,33554432,0,1,25,25
491,"-2:-2|-1:-2|1:0|2:2",4,TRUE,1,2,1,"mixed",2.22323055674804,2.82842712474619,3,4,2,2.14361259938572,2,8,1,21,4,FALSE,21,2097152,4,16,25,25
492,"-1:-2|0:2|2:-2|2:-1",4,TRUE,1,1,2,"mixed",2.32514076993644,2.82842712474619,3,4,2,2.10153397218646,3,8,1,25,0,TRUE,25,33554432,0,1,25,25
493,"-1:-1|0:2|2:-2|2:-1",4,TRUE,1,2,1,"mixed",2.11967716615477,2.82842712474619,2.75,4,2,2.10153397218646,3,8,1,25,0,TRUE,25,33554432,0,1,25,25
494,"-1:0|0:-2|2:1|2:2",4,TRUE,2,1,1,"mixed",2.01612377556149,2.82842712474619,2.5,4,2,2.14295532842377,3,8,1,25,0,TRUE,25,33554432,0,1,25,25
495,"-1:-1|0:-2|2:1|2:2",4,TRUE,1,2,1,"mixed",2.11967716615477,2.82842712474619,2.75,4,2,2.16142715787305,2,8,1,21,4,FALSE,21,2097152,4,16,25,25
496,"-1:-2|0:-2|2:1|2:2",4,TRUE,1,1,2,"mixed",2.32514076993644,2.82842712474619,3,4,2,2.14295532842377,3,8,1,25,0,TRUE,25,33554432,0,1,25,25
497,"-2:-2|-2:-1|0:2|2:-2",4,TRUE,1,2,1,"mixed",2.47323055674804,2.82842712474619,3.25,4,2,2.0607698869111,3,8,1,25,0,TRUE,25,33554432,0,1,25,25
498,"-2:-1|0:2|2:-2|2:-1",4,TRUE,1,1,2,"mixed",2.32514076993644,2.82842712474619,3,4,2,2.0607698869111,3,8,1,25,0,TRUE,25,33554432,0,1,25,25
499,"-2:-2|-1:-2|0:2|2:0",4,TRUE,2,1,1,"mixed",2.26612377556149,2.82842712474619,2.75,4,2,2.1607698869111,3,8,1,25,0,TRUE,25,33554432,0,1,25,25
500,"-2:-1|0:-2|2:1|2:2",4,TRUE,1,1,2,"mixed",2.32514076993644,2.82842712474619,3,4,2,2.20732621144911,4,8,1,21,4,FALSE,21,2097152,4,16,25,25
501,"-2:-2|-1:-2|2:0|2:2",4,TRUE,1,2,1,"mixed",2.47323055674804,2.82842712474619,3.25,4,2,2.1607698869111,3,8,1,25,0,TRUE,25,33554432,0,1,25,25
502,"-1:-2|-1:-1|2:-2|2:-1",4,TRUE,0,2,2,"off_axis",2.17869416052972,2.82842712474619,3,4,2,1.91869125971184,2,8,1,25,0,TRUE,25,33554432,0,1,25,25
503,"-1:-2|-1:0|2:-2|2:-1",4,TRUE,1,1,2,"mixed",2.07514076993644,2.82842712474619,2.75,4,2,2.06011261594915,3,8,1,25,0,TRUE,25,33554432,0,1,25,25
504,"-1:-1|-1:2|2:1|2:2",4,TRUE,0,2,2,"off_axis",2.17869416052972,2.82842712474619,3,4,2,2.1607698869111,3,8,1,21,4,FALSE,21,2097152,4,16,25,25
505,"-1:-2|-1:2|2:-2|2:-1",4,TRUE,0,1,3,"off_axis",2.38415776431139,2.82842712474619,3.25,4,2,2.08371941369913,3,8,1,21,4,FALSE,21,2097152,4,16,25,25
506,"-2:-1|-1:-2|2:-2|2:-1",4,TRUE,0,1,3,"off_axis",2.38415776431139,2.82842712474619,3.25,4,2,1.86011261594915,2,8,1,25,0,TRUE,25,33554432,0,1,25,25
507,"-2:-1|-2:2|-1:2|0:-2",4,TRUE,1,1,2,"mixed",2.32514076993644,2.82842712474619,3,4,2,2.04229805746182,3,8,1,25,0,TRUE,25,33554432,0,1,25,25
508,"-1:-2|1:2|2:-1|2:2",4,TRUE,0,1,3,"off_axis",2.38415776431139,2.82842712474619,3.25,4,2,2.14809029672447,4,8,1,21,4,FALSE,21,2097152,4,16,25,25
509,"-2:-1|-2:2|-1:2|2:-2",4,TRUE,0,2,2,"off_axis",2.53224755112299,2.82842712474619,3.5,4,2,2.04295532842377,2,8,1,25,0,TRUE,25,33554432,0,1,25,25
510,"-1:-1|-1:0|2:-2|2:-1",4,TRUE,1,2,1,"mixed",1.86967716615477,2.82842712474619,2.5,4,2,1.87792717443648,2,8,1,25,0,TRUE,25,33554432,0,1,25,25
511,"-1:-1|-1:1|2:-2|2:-1",4,TRUE,0,3,1,"off_axis",1.97323055674804,2.82842712474619,2.75,4,2,2.07858444539843,2,8,1,25,0,TRUE,25,33554432,0,1,25,25
512,"-1:-1|-1:2|2:-2|2:-1",4,TRUE,0,2,2,"off_axis",2.17869416052972,2.82842712474619,3,4,2,2.10153397218646,3,8,1,25,0,TRUE,25,33554432,0,1,25,25
513,"-2:-2|-1:-1|2:-2|2:-1",4,TRUE,0,3,1,"off_axis",2.32678394734132,2.82842712474619,3.25,4,2,1.83716308916112,1,8,1,25,0,TRUE,25,33554432,0,1,25,25
514,"-2:-1|-1:-1|2:-2|2:-1",4,TRUE,0,2,2,"off_axis",2.17869416052972,2.82842712474619,3,4,2,1.73650581819918,1,8,1,25,0,TRUE,25,33554432,0,1,25,25
515,"-2:-2|-1:-2|-1:1|0:2",4,TRUE,1,2,1,"mixed",2.11967716615477,2.82842712474619,2.75,4,2,1.87792717443648,1,8,1,25,0,TRUE,25,33554432,0,1,25,25
516,"-1:-2|1:-1|1:2|2:2",4,TRUE,0,2,2,"off_axis",2.17869416052972,2.82842712474619,3,4,2,2.0659048552118,3,8,1,25,0,TRUE,25,33554432,0,1,25,25
517,"-2:-2|-1:-2|-1:1|2:2",4,TRUE,0,3,1,"off_axis",2.32678394734132,2.82842712474619,3.25,4,2,2.04295532842377,2,8,1,25,0,TRUE,25,33554432,0,1,25,25
518,"-1:-1|-1:0|2:1|2:2",4,TRUE,1,2,1,"mixed",1.86967716615477,2.82842712474619,2.5,4,2,2.02000580163574,2,8,1,25,0,TRUE,25,33554432,0,1,25,25
519,"-1:-2|-1:0|2:1|2:2",4,TRUE,1,1,2,"mixed",2.07514076993644,2.82842712474619,2.75,4,2,2.14295532842377,3,8,1,25,0,TRUE,25,33554432,0,1,25,25
520,"-2:-2|-1:0|2:-2|2:-1",4,TRUE,1,2,1,"mixed",2.22323055674804,2.82842712474619,3,4,2,1.9607698869111,2,8,1,25,0,TRUE,25,33554432,0,1,25,25
521,"-2:-1|-1:0|2:-2|2:-1",4,TRUE,1,1,2,"mixed",2.07514076993644,2.82842712474619,2.75,4,2,1.81934853067379,1,8,1,25,0,TRUE,25,33554432,0,1,25,25
522,"-2:-2|-1:-2|0:1|0:2",4,TRUE,2,1,1,"mixed",2.01612377556149,2.82842712474619,2.5,4,2,1.87792717443648,1,8,1,25,0,TRUE,25,33554432,0,1,25,25
523,"-1:-2|0:-1|1:2|2:2",4,TRUE,1,1,2,"mixed",2.07514076993644,2.82842712474619,2.75,4,2,2.02514076993644,2,8,1,25,0,TRUE,25,33554432,0,1,25,25
524,"-2:-2|-1:-2|0:1|2:2",4,TRUE,1,2,1,"mixed",2.22323055674804,2.82842712474619,3,4,2,2.08437668466108,2,8,1,25,0,TRUE,25,33554432,0,1,25,25
525,"-1:-2|-1:-1|2:1|2:2",4,TRUE,0,2,2,"off_axis",2.17869416052972,2.82842712474619,3,4,2,2.14361259938572,2,8,1,21,4,FALSE,21,2097152,4,16,25,25
526,"-1:-1|1:2|2:-2|2:2",4,TRUE,0,3,1,"off_axis",2.32678394734132,2.82842712474619,3.25,4,2,2.06142715787305,2,8,1,25,0,TRUE,25,33554432,0,1,25,25
527,"-1:-1|1:-2|1:2|2:2",4,TRUE,0,2,2,"off_axis",2.17869416052972,2.82842712474619,3,4,2,2.00219124314841,2,8,1,25,0,TRUE,25,33554432,0,1,25,25
528,"-1:-1|0:-2|1:2|2:2",4,TRUE,1,2,1,"mixed",2.11967716615477,2.82842712474619,2.75,4,2,2.02000580163574,1,8,1,21,4,FALSE,21,2097152,4,16,25,25
529,"-1:-2|-1:-1|1:2|2:2",4,TRUE,0,2,2,"off_axis",2.17869416052972,2.82842712474619,3,4,2,2.08437668466108,2,8,1,25,0,TRUE,25,33554432,0,1,25,25
530,"-2:-2|-1:-1|1:2|2:2",4,TRUE,0,3,1,"off_axis",2.32678394734132,2.82842712474619,3.25,4,2,2.10284851411036,1,8,1,21,4,FALSE,21,2097152,4,16,25,25
531,"-2:-1|1:2|2:-2|2:2",4,TRUE,0,2,2,"off_axis",2.53224755112299,2.82842712474619,3.5,4,2,2.00219124314841,2,8,1,25,0,TRUE,25,33554432,0,1,25,25
532,"-2:-1|-1:2|2:-2|2:-1",4,TRUE,0,1,3,"off_axis",2.38415776431139,2.82842712474619,3.25,4,2,2.02514076993644,3,8,1,25,0,TRUE,25,33554432,0,1,25,25
533,"-2:-1|0:-2|1:2|2:2",4,TRUE,1,1,2,"mixed",2.32514076993644,2.82842712474619,3,4,2,2.12514076993644,3,8,1,25,0,TRUE,25,33554432,0,1,25,25
534,"-2:-1|-1:-2|1:2|2:2",4,TRUE,0,1,3,"off_axis",2.38415776431139,2.82842712474619,3.25,4,2,2.14874756768642,3,8,1,21,4,FALSE,21,2097152,4,16,25,25
535,"-2:-2|-1:-2|2:1|2:2",4,TRUE,0,2,2,"off_axis",2.53224755112299,2.82842712474619,3.5,4,2,2.08437668466108,2,4,2,21,4,FALSE,21,2097152,4,16,25,25
536,"-2:-2|-2:-1|2:-2|2:-1",4,TRUE,0,2,2,"off_axis",2.53224755112299,2.82842712474619,3.5,4,2,1.69574173292382,2,4,2,25,0,TRUE,25,33554432,0,1,25,25
537,"-2:-2|-2:-1|2:-2|2:0",4,TRUE,1,2,1,"mixed",2.47323055674804,2.82842712474619,3.25,4,2,1.89574173292382,2,8,1,21,4,FALSE,21,2097152,4,16,25,25
538,"-1:-2|1:2|2:-2|2:2",4,TRUE,0,2,2,"off_axis",2.53224755112299,2.82842712474619,3.5,4,2,2.00153397218646,3,8,1,25,0,TRUE,25,33554432,0,1,25,25
539,"-2:-2|-2:-1|2:-2|2:2",4,TRUE,0,3,1,"off_axis",2.68033733793459,2.82842712474619,3.75,4,2,1.87858444539843,2,8,1,25,0,TRUE,25,33554432,0,1,25,25
540,"-2:-1|-2:0|2:-2|2:-1",4,TRUE,1,1,2,"mixed",2.32514076993644,2.82842712474619,3,4,2,1.73650581819918,2,8,1,25,0,TRUE,25,33554432,0,1,25,25
541,"-1:-2|1:-2|1:2|2:2",4,TRUE,0,1,3,"off_axis",2.38415776431139,2.82842712474619,3.25,4,2,1.94229805746182,3,8,1,25,0,TRUE,25,33554432,0,1,25,25
542,"-2:-1|-2:2|2:-2|2:-1",4,TRUE,0,2,2,"off_axis",2.53224755112299,2.82842712474619,3.5,4,2,1.91934853067379,2,8,1,25,0,TRUE,25,33554432,0,1,25,25
543,"-1:-2|0:-2|1:2|2:2",4,TRUE,1,1,2,"mixed",2.32514076993644,2.82842712474619,3,4,2,1.94229805746182,2,8,1,25,0,TRUE,25,33554432,0,1,25,25
544,"-2:-2|-1:-2|0:2|2:2",4,TRUE,1,2,1,"mixed",2.47323055674804,2.82842712474619,3.25,4,2,2.01934853067379,2,8,1,25,0,TRUE,25,33554432,0,1,25,25
545,"-2:-2|-1:-2|1:2|2:2",4,TRUE,0,2,2,"off_axis",2.53224755112299,2.82842712474619,3.5,4,2,2.02514076993644,2,4,2,17,8,FALSE,17,131072,8,256,25,25
546,"-1:-2|0:-2|1:-1|2:-2",4,TRUE,1,2,1,"mixed",2.11967716615477,2.82842712474619,2.75,4,2,1.85432037668651,1,8,1,25,0,TRUE,25,33554432,0,1,25,25
547,"-1:-2|0:-2|0:-1|2:-2",4,TRUE,2,1,1,"mixed",2.01612377556149,2.82842712474619,2.5,4,2,1.77147766421189,2,8,1,21,4,FALSE,21,2097152,4,16,25,25
548,"-1:-2|-1:-1|0:-2|2:-2",4,TRUE,1,2,1,"mixed",2.11967716615477,2.82842712474619,2.75,4,2,1.8128990204492,2,8,1,25,0,TRUE,25,33554432,0,1,25,25
549,"-2:-1|-1:-2|0:-2|2:-2",4,TRUE,1,1,2,"mixed",2.32514076993644,2.82842712474619,3,4,2,1.93650581819917,2,8,1,25,0,TRUE,25,33554432,0,1,25,25
550,"-1:-2|0:-2|2:-2|2:0",4,TRUE,2,1,1,"mixed",2.26612377556149,2.82842712474619,2.75,4,2,2.17213493517384,4,8,1,21,4,FALSE,21,2097152,4,16,25,25
551,"-1:-2|0:-2|1:0|2:-2",4,TRUE,2,1,1,"mixed",2.01612377556149,2.82842712474619,2.5,4,2,2.03650581819918,3,8,1,25,0,TRUE,25,33554432,0,1,25,25
552,"-1:-2|-1:0|0:-2|2:-2",4,TRUE,2,1,1,"mixed",2.01612377556149,2.82842712474619,2.5,4,2,2.0128990204492,3,8,1,25,0,TRUE,25,33554432,0,1,25,25
553,"-2:-1|-2:0|-2:2|0:-2",4,TRUE,2,1,1,"mixed",2.26612377556149,2.82842712474619,2.75,4,2,2.13650581819918,4,8,1,21,4,FALSE,21,2097152,4,16,25,25
554,"-1:-2|0:-2|2:-2|2:1",4,TRUE,1,1,2,"mixed",2.32514076993644,2.82842712474619,3,4,2,2.19574173292381,4,8,1,25,0,TRUE,25,33554432,0,1,25,25
555,"-1:-1|2:-2|2:0|2:1",4,TRUE,1,2,1,"mixed",2.11967716615477,2.82842712474619,2.75,4,2,2.07792717443648,3,8,1,25,0,TRUE,25,33554432,0,1,25,25
556,"-1:-2|0:-2|0:1|2:-2",4,TRUE,2,1,1,"mixed",2.01612377556149,2.82842712474619,2.5,4,2,2.0128990204492,3,8,1,25,0,TRUE,25,33554432,0,1,25,25
557,"-1:-1|-1:2|0:2|2:2",4,TRUE,1,2,1,"mixed",2.11967716615477,2.82842712474619,2.75,4,2,2.05432037668651,3,8,1,17,8,FALSE,17,131072,8,256,25,25
558,"-1:-2|2:-1|2:0|2:2",4,TRUE,1,1,2,"mixed",2.32514076993644,2.82842712474619,3,4,2,2.16011261594915,4,8,1,25,0,TRUE,25,33554432,0,1,25,25
559,"-1:-2|0:-2|2:-2|2:2",4,TRUE,1,2,1,"mixed",2.47323055674804,2.82842712474619,3.25,4,2,2.03650581819918,3,8,1,25,0,TRUE,25,33554432,0,1,25,25
560,"-1:-2|0:-2|1:2|2:-2",4,TRUE,1,1,2,"mixed",2.32514076993644,2.82842712474619,3,4,2,1.93650581819917,2,8,1,21,4,FALSE,21,2097152,4,16,25,25
561,"-1:-2|0:-2|0:2|2:-2",4,TRUE,2,1,1,"mixed",2.26612377556149,2.82842712474619,2.75,4,2,1.87147766421189,3,8,1,21,4,FALSE,21,2097152,4,16,25,25
562,"-1:-2|-1:2|0:-2|2:-2",4,TRUE,1,1,2,"mixed",2.32514076993644,2.82842712474619,3,4,2,1.89508446196187,3,8,1,25,0,TRUE,25,33554432,0,1,25,25
563,"-2:-1|-2:0|-2:2|2:-2",4,TRUE,1,2,1,"mixed",2.47323055674804,2.82842712474619,3.25,4,2,1.99574173292381,2,8,1,25,0,TRUE,25,33554432,0,1,25,25
564,"-2:-2|-1:-1|0:-2|2:-2",4,TRUE,1,3,0,"mixed",2.26776695296637,2.82842712474619,3,4,2,1.91355629141115,1,8,1,21,4,FALSE,21,2097152,4,16,25,25
565,"-2:-2|-2:0|-2:2|-1:0",4,TRUE,2,2,0,"mixed",2.16421356237309,2.82842712474619,2.75,4,2,1.9128990204492,2,4,2,25,0,TRUE,25,33554432,0,1,25,25
566,"-2:-2|-2:0|-2:2|0:-2",4,TRUE,2,2,0,"mixed",2.41421356237309,2.82842712474619,3,4,2,2.17213493517384,4,8,1,21,4,FALSE,21,2097152,4,16,25,25
567,"-2:-2|-1:0|0:-2|2:-2",4,TRUE,2,2,0,"mixed",2.16421356237309,2.82842712474619,2.75,4,2,2.09574173292382,3,8,1,25,0,TRUE,25,33554432,0,1,25,25
568,"-1:-2|2:-2|2:0|2:2",4,TRUE,1,2,1,"mixed",2.47323055674804,2.82842712474619,3.25,4,2,2.19574173292381,4,8,1,25,0,TRUE,25,33554432,0,1,25,25
569,"-1:-1|2:-2|2:0|2:2",4,TRUE,1,3,0,"mixed",2.26776695296637,2.82842712474619,3,4,2,2.13716308916112,3,8,1,25,0,TRUE,25,33554432,0,1,25,25
570,"-1:0|2:-2|2:0|2:2",4,TRUE,2,2,0,"mixed",2.16421356237309,2.82842712474619,2.75,4,2,2.13137084989848,3,4,2,17,8,FALSE,17,131072,8,256,25,25
571,"-2:-2|-2:0|-2:2|2:-2",4,TRUE,1,3,0,"mixed",2.62132034355964,2.82842712474619,3.5,4,2,2.01355629141115,3,8,1,21,4,FALSE,21,2097152,4,16,25,25
572,"-2:-1|2:-2|2:0|2:2",4,TRUE,1,2,1,"mixed",2.47323055674804,2.82842712474619,3.25,4,2,1.99574173292381,2,8,1,25,0,TRUE,25,33554432,0,1,25,25
573,"-2:-2|-2:0|-2:2|2:0",4,TRUE,2,2,0,"mixed",2.41421356237309,2.82842712474619,3,4,2,2.0128990204492,3,4,2,25,0,TRUE,25,33554432,0,1,25,25
574,"-2:-2|-1:-1|0:-2|0:-1",4,TRUE,2,2,0,"mixed",1.81066017177982,2.82842712474619,2.25,4,2,1.63071357893653,1,8,1,21,4,FALSE,21,2097152,4,16,25,25
575,"-1:-1|0:-2|1:-1|2:-2",4,TRUE,1,3,0,"mixed",1.9142135623731,2.82842712474619,2.5,4,2,1.81355629141115,1,8,1,21,4,FALSE,21,2097152,4,16,25,25
576,"-2:-1|0:-2|1:-1|2:-2",4,TRUE,1,2,1,"mixed",2.11967716615477,2.82842712474619,2.75,4,2,1.89574173292382,1,8,1,25,0,TRUE,25,33554432,0,1,25,25
577,"-2:-2|-2:0|-1:-1|0:-2",4,TRUE,2,2,0,"mixed",2.06066017177982,2.82842712474619,2.5,4,2,1.93137084989848,1,4,2,17,8,FALSE,17,131072,8,256,25,25
578,"-2:-2|-1:-1|-1:0|0:-2",4,TRUE,2,2,0,"mixed",1.81066017177982,2.82842712474619,2.25,4,2,1.75432037668651,1,8,1,25,0,TRUE,25,33554432,0,1,25,25
579,"-1:0|0:-2|1:-1|2:-2",4,TRUE,2,2,0,"mixed",1.81066017177982,2.82842712474619,2.25,4,2,1.93716308916112,1,8,1,25,0,TRUE,25,33554432,0,1,25,25
580,"-2:-2|-1:-1|0:-2|2:0",4,TRUE,2,2,0,"mixed",2.06066017177982,2.82842712474619,2.5,4,2,2.03716308916112,2,8,1,25,0,TRUE,25,33554432,0,1,25,25
581,"-1:-2|1:-1|2:-2|2:0",4,TRUE,1,2,1,"mixed",2.11967716615477,2.82842712474619,2.75,4,2,2.03716308916112,2,8,1,25,0,TRUE,25,33554432,0,1,25,25
582,"-1:-1|1:-1|2:-2|2:0",4,TRUE,1,3,0,"mixed",1.9142135623731,2.82842712474619,2.5,4,2,1.89574173292382,1,8,1,25,0,TRUE,25,33554432,0,1,25,25
583,"-1:0|1:-1|2:-2|2:0",4,TRUE,2,2,0,"mixed",1.81066017177982,2.82842712474619,2.25,4,2,1.91355629141115,1,8,1,21,4,FALSE,21,2097152,4,16,25,25
584,"-1:-1|0:2|1:1|2:2",4,TRUE,1,3,0,"mixed",1.9142135623731,2.82842712474619,2.5,4,2,2.03782036012307,1,8,1,21,4,FALSE,21,2097152,4,16,25,25
585,"-1:-2|1:1|2:0|2:2",4,TRUE,1,2,1,"mixed",2.11967716615477,2.82842712474619,2.75,4,2,2.12000580163574,2,8,1,25,0,TRUE,25,33554432,0,1,25,25
586,"-2:-2|-2:0|-1:-1|2:-2",4,TRUE,1,3,0,"mixed",2.26776695296637,2.82842712474619,3,4,2,1.93716308916112,1,8,1,25,0,TRUE,25,33554432,0,1,25,25
587,"-2:-1|1:-1|2:-2|2:0",4,TRUE,1,2,1,"mixed",2.11967716615477,2.82842712474619,2.75,4,2,1.81355629141115,1,8,1,21,4,FALSE,21,2097152,4,16,25,25
588,"-2:-2|-1:-1|0:-2|0:2",4,TRUE,2,2,0,"mixed",2.06066017177982,2.82842712474619,2.5,4,2,1.85432037668651,1,8,1,25,0,TRUE,25,33554432,0,1,25,25
589,"-1:-2|0:2|1:1|2:2",4,TRUE,1,2,1,"mixed",2.11967716615477,2.82842712474619,2.75,4,2,1.97858444539843,1,8,1,25,0,TRUE,25,33554432,0,1,25,25
590,"-2:-2|-1:-1|0:-2|2:2",4,TRUE,1,3,0,"mixed",2.26776695296637,2.82842712474619,3,4,2,2.03782036012307,1,8,1,21,4,FALSE,21,2097152,4,16,25,25
591,"-1:-1|0:-2|0:-1|2:-2",4,TRUE,2,2,0,"mixed",1.81066017177982,2.82842712474619,2.25,4,2,1.7128990204492,2,8,1,25,0,TRUE,25,33554432,0,1,25,25
592,"-2:-1|0:-2|0:-1|2:-2",4,TRUE,2,1,1,"mixed",2.01612377556149,2.82842712474619,2.5,4,2,1.89508446196187,2,8,1,25,0,TRUE,25,33554432,0,1,25,25
593,"-2:-2|-2:0|-1:0|0:-2",4,TRUE,3,1,0,"mixed",1.95710678118655,2.82842712474619,2.25,4,2,2.0128990204492,3,8,1,25,0,TRUE,25,33554432,0,1,25,25
594,"-2:-2|-1:0|0:-2|0:-1",4,TRUE,3,1,0,"mixed",1.70710678118655,2.82842712474619,2,4,2,1.79508446196187,2,8,1,25,0,TRUE,25,33554432,0,1,25,25
595,"-1:0|0:-2|0:-1|2:-2",4,TRUE,3,1,0,"mixed",1.70710678118655,2.82842712474619,2,4,2,1.85432037668651,2,8,1,25,0,TRUE,25,33554432,0,1,25,25
596,"-2:-2|-2:0|-1:0|0:2",4,TRUE,3,1,0,"mixed",1.95710678118655,2.82842712474619,2.25,4,2,2.03650581819918,3,8,1,17,8,FALSE,17,131072,8,256,25,25
597,"-1:-2|1:0|2:-2|2:0",4,TRUE,2,1,1,"mixed",2.01612377556149,2.82842712474619,2.5,4,2,2.09574173292382,3,8,1,25,0,TRUE,25,33554432,0,1,25,25
598,"-1:-1|1:0|2:-2|2:0",4,TRUE,2,2,0,"mixed",1.81066017177982,2.82842712474619,2.25,4,2,1.91869125971184,2,8,1,25,0,TRUE,25,33554432,0,1,25,25
599,"-1:0|1:0|2:-2|2:0",4,TRUE,3,1,0,"mixed",1.70710678118655,2.82842712474619,2,4,2,1.88929222269922,2,8,1,21,4,FALSE,21,2097152,4,16,25,25
600,"-1:-1|0:1|0:2|2:2",4,TRUE,2,2,0,"mixed",1.81066017177982,2.82842712474619,2.25,4,2,1.97792717443648,2,8,1,21,4,FALSE,21,2097152,4,16,25,25
601,"-1:-2|1:0|2:0|2:2",4,TRUE,2,1,1,"mixed",2.01612377556149,2.82842712474619,2.5,4,2,2.11934853067379,3,8,1,25,0,TRUE,25,33554432,0,1,25,25
602,"-2:-2|-2:0|-1:0|2:-2",4,TRUE,2,2,0,"mixed",2.16421356237309,2.82842712474619,2.75,4,2,1.99574173292381,2,8,1,21,4,FALSE,21,2097152,4,16,25,25
603,"-2:-1|1:0|2:-2|2:0",4,TRUE,2,1,1,"mixed",2.01612377556149,2.82842712474619,2.5,4,2,1.83650581819917,1,8,1,25,0,TRUE,25,33554432,0,1,25,25
604,"-2:-2|-2:0|-1:0|2:0",4,TRUE,3,1,0,"mixed",1.95710678118655,2.82842712474619,2.25,4,2,1.83005630797458,2,8,1,21,4,FALSE,21,2097152,4,16,25,25
605,"-1:-2|0:1|0:2|2:2",4,TRUE,2,1,1,"mixed",2.01612377556149,2.82842712474619,2.5,4,2,1.91869125971184,2,8,1,25,0,TRUE,25,33554432,0,1,25,25
606,"-2:-2|-2:0|-1:0|2:2",4,TRUE,2,2,0,"mixed",2.16421356237309,2.82842712474619,2.75,4,2,2.03716308916112,2,8,1,25,0,TRUE,25,33554432,0,1,25,25
607,"-2:-1|-1:-1|0:-2|2:-2",4,TRUE,1,2,1,"mixed",2.11967716615477,2.82842712474619,2.75,4,2,1.87792717443648,1,8,1,25,0,TRUE,25,33554432,0,1,25,25
608,"-1:-1|0:-2|2:-2|2:0",4,TRUE,2,2,0,"mixed",2.06066017177982,2.82842712474619,2.5,4,2,2.09574173292382,3,8,1,25,0,TRUE,25,33554432,0,1,25,25
609,"-1:-1|0:-2|1:0|2:-2",4,TRUE,2,2,0,"mixed",1.81066017177982,2.82842712474619,2.25,4,2,1.96011261594915,2,8,1,25,0,TRUE,25,33554432,0,1,25,25
610,"-1:-1|-1:0|0:-2|2:-2",4,TRUE,2,2,0,"mixed",1.81066017177982,2.82842712474619,2.25,4,2,1.89574173292382,2,8,1,21,4,FALSE,21,2097152,4,16,25,25
611,"-2:-2|-2:0|-1:1|0:2",4,TRUE,2,2,0,"mixed",2.06066017177982,2.82842712474619,2.5,4,2,2.03716308916112,2,8,1,25,0,TRUE,25,33554432,0,1,25,25
612,"-1:-1|0:-2|2:-2|2:1",4,TRUE,1,2,1,"mixed",2.11967716615477,2.82842712474619,2.75,4,2,2.17858444539843,3,8,1,21,4,FALSE,21,2097152,4,16,25,25
613,"-1:-1|0:-2|1:1|2:-2",4,TRUE,1,3,0,"mixed",1.9142135623731,2.82842712474619,2.5,4,2,2.0607698869111,2,8,1,25,0,TRUE,25,33554432,0,1,25,25
614,"-1:-1|0:-2|0:1|2:-2",4,TRUE,2,2,0,"mixed",1.81066017177982,2.82842712474619,2.25,4,2,1.99574173292381,2,8,1,25,0,TRUE,25,33554432,0,1,25,25
615,"-1:-1|-1:1|0:-2|2:-2",4,TRUE,1,3,0,"mixed",1.9142135623731,2.82842712474619,2.5,4,2,2.03716308916112,2,8,1,25,0,TRUE,25,33554432,0,1,25,25
616,"-1:-2|1:-1|2:0|2:2",4,TRUE,1,2,1,"mixed",2.11967716615477,2.82842712474619,2.75,4,2,2.14295532842377,3,8,1,25,0,TRUE,25,33554432,0,1,25,25
617,"-1:-1|0:-2|2:-2|2:2",4,TRUE,1,3,0,"mixed",2.26776695296637,2.82842712474619,3,4,2,2.07858444539843,2,8,1,25,0,TRUE,25,33554432,0,1,25,25
618,"-1:-1|0:-2|1:2|2:-2",4,TRUE,1,2,1,"mixed",2.11967716615477,2.82842712474619,2.75,4,2,1.97858444539843,1,8,1,25,0,TRUE,25,33554432,0,1,25,25
619,"-1:-1|0:-2|0:2|2:-2",4,TRUE,2,2,0,"mixed",2.06066017177982,2.82842712474619,2.5,4,2,1.93650581819917,2,8,1,21,4,FALSE,21,2097152,4,16,25,25
620,"-1:-1|-1:2|0:-2|2:-2",4,TRUE,1,2,1,"mixed",2.11967716615477,2.82842712474619,2.75,4,2,1.97792717443648,2,8,1,25,0,TRUE,25,33554432,0,1,25,25
621,"-2:-2|-1:1|0:2|2:2",4,TRUE,1,3,0,"mixed",2.26776695296637,2.82842712474619,3,4,2,2.0607698869111,2,8,1,25,0,TRUE,25,33554432,0,1,25,25
622,"-2:-1|0:-2|2:-2|2:0",4,TRUE,2,1,1,"mixed",2.26612377556149,2.82842712474619,2.75,4,2,2.09574173292382,3,8,1,25,0,TRUE,25,33554432,0,1,25,25
623,"-2:-1|0:-2|1:0|2:-2",4,TRUE,2,1,1,"mixed",2.01612377556149,2.82842712474619,2.5,4,2,2.04229805746182,3,8,1,25,0,TRUE,25,33554432,0,1,25,25
624,"-2:-1|-1:0|0:-2|2:-2",4,TRUE,2,1,1,"mixed",2.01612377556149,2.82842712474619,2.5,4,2,2.01934853067379,2,8,1,25,0,TRUE,25,33554432,0,1,25,25
625,"-2:-1|-2:0|0:-2|2:-2",4,TRUE,2,1,1,"mixed",2.26612377556149,2.82842712474619,2.75,4,2,2.07792717443648,3,8,1,25,0,TRUE,25,33554432,0,1,25,25
626,"-1:-2|1:2|2:-2|2:0",4,TRUE,1,1,2,"mixed",2.32514076993644,2.82842712474619,3,4,2,2.20153397218646,4,8,1,25,0,TRUE,25,33554432,0,1,25,25
627,"-1:-1|1:2|2:-2|2:0",4,TRUE,1,2,1,"mixed",2.11967716615477,2.82842712474619,2.75,4,2,2.14295532842377,3,8,1,25,0,TRUE,25,33554432,0,1,25,25
628,"-1:0|1:-2|2:0|2:2",4,TRUE,2,1,1,"mixed",2.01612377556149,2.82842712474619,2.5,4,2,2.13716308916112,3,8,1,25,0,TRUE,25,33554432,0,1,25,25
629,"-1:-1|1:-2|2:0|2:2",4,TRUE,1,2,1,"mixed",2.11967716615477,2.82842712474619,2.75,4,2,2.14295532842377,3,8,1,25,0,TRUE,25,33554432,0,1,25,25
630,"-1:-2|1:-2|2:0|2:2",4,TRUE,1,1,2,"mixed",2.32514076993644,2.82842712474619,3,4,2,2.20153397218646,4,8,1,25,0,TRUE,25,33554432,0,1,25,25
631,"-2:-1|0:-2|2:-2|2:2",4,TRUE,1,2,1,"mixed",2.47323055674804,2.82842712474619,3.25,4,2,2.10153397218646,3,8,1,25,0,TRUE,25,33554432,0,1,25,25
632,"-2:-1|0:-2|1:2|2:-2",4,TRUE,1,1,2,"mixed",2.32514076993644,2.82842712474619,3,4,2,2.0607698869111,2,8,1,25,0,TRUE,25,33554432,0,1,25,25
633,"-2:-1|0:-2|0:2|2:-2",4,TRUE,2,1,1,"mixed",2.26612377556149,2.82842712474619,2.75,4,2,2.07792717443648,3,8,1,25,0,TRUE,25,33554432,0,1,25,25
634,"-2:-1|-1:2|0:-2|2:-2",4,TRUE,1,1,2,"mixed",2.32514076993644,2.82842712474619,3,4,2,2.08371941369913,3,8,1,25,0,TRUE,25,33554432,0,1,25,25
635,"-2:-1|-2:2|0:-2|2:-2",4,TRUE,1,2,1,"mixed",2.47323055674804,2.82842712474619,3.25,4,2,2.11934853067379,3,8,1,25,0,TRUE,25,33554432,0,1,25,25
636,"-1:0|0:-2|2:-2|2:0",4,TRUE,3,1,0,"mixed",1.95710678118655,2.82842712474619,2.25,4,2,2.17213493517384,4,8,1,21,4,FALSE,21,2097152,4,16,25,25
637,"-2:-2|-2:0|0:-2|0:2",4,TRUE,3,1,0,"mixed",2.20710678118655,2.82842712474619,2.5,4,2,2.17213493517384,4,8,1,21,4,FALSE,21,2097152,4,16,25,25
638,"-1:-1|0:2|2:0|2:2",4,TRUE,2,2,0,"mixed",2.06066017177982,2.82842712474619,2.5,4,2,2.23716308916112,4,4,2,25,0,TRUE,25,33554432,0,1,25,25
639,"-1:-2|0:2|2:0|2:2",4,TRUE,2,1,1,"mixed",2.26612377556149,2.82842712474619,2.75,4,2,2.23716308916112,4,8,1,25,0,TRUE,25,33554432,0,1,25,25
640,"-2:-2|-2:0|0:-2|2:2",4,TRUE,2,2,0,"mixed",2.41421356237309,2.82842712474619,3,4,2,2.23716308916112,4,4,2,25,0,TRUE,25,33554432,0,1,25,25
641,"-1:0|0:-2|1:0|2:-2",4,TRUE,3,1,0,"mixed",1.70710678118655,2.82842712474619,2,4,2,2.03650581819918,3,8,1,25,0,TRUE,25,33554432,0,1,25,25
642,"-2:-2|-1:0|0:-2|2:0",4,TRUE,3,1,0,"mixed",1.95710678118655,2.82842712474619,2.25,4,2,2.13650581819918,4,8,1,21,4,FALSE,21,2097152,4,16,25,25
643,"-1:-2|0:-1|2:-2|2:0",4,TRUE,2,1,1,"mixed",2.01612377556149,2.82842712474619,2.5,4,2,2.07792717443648,3,8,1,25,0,TRUE,25,33554432,0,1,25,25
644,"-1:-1|0:-1|2:-2|2:0",4,TRUE,2,2,0,"mixed",1.81066017177982,2.82842712474619,2.25,4,2,1.91869125971184,3,8,1,25,0,TRUE,25,33554432,0,1,25,25
645,"-1:0|0:-1|2:-2|2:0",4,TRUE,3,1,0,"mixed",1.70710678118655,2.82842712474619,2,4,2,1.95432037668651,3,8,1,25,0,TRUE,25,33554432,0,1,25,25
646,"-1:-1|0:1|2:0|2:2",4,TRUE,2,2,0,"mixed",1.81066017177982,2.82842712474619,2.25,4,2,2.10153397218646,3,8,1,21,4,FALSE,21,2097152,4,16,25,25
647,"-1:-2|0:1|2:0|2:2",4,TRUE,2,1,1,"mixed",2.01612377556149,2.82842712474619,2.5,4,2,2.18371941369913,4,8,1,25,0,TRUE,25,33554432,0,1,25,25
648,"-2:-2|-2:0|0:-1|2:-2",4,TRUE,2,2,0,"mixed",2.16421356237309,2.82842712474619,2.75,4,2,2.06011261594915,3,8,1,25,0,TRUE,25,33554432,0,1,25,25
649,"-2:-1|0:-1|2:-2|2:0",4,TRUE,2,1,1,"mixed",2.01612377556149,2.82842712474619,2.5,4,2,1.93650581819917,2,8,1,25,0,TRUE,25,33554432,0,1,25,25
650,"-2:-2|-1:0|0:-2|0:2",4,TRUE,3,1,0,"mixed",1.95710678118655,2.82842712474619,2.25,4,2,1.97726990347453,3,8,1,21,4,FALSE,21,2097152,4,16,25,25
651,"-1:-2|0:2|1:0|2:2",4,TRUE,2,1,1,"mixed",2.01612377556149,2.82842712474619,2.5,4,2,2.10153397218646,3,8,1,25,0,TRUE,25,33554432,0,1,25,25
652,"-2:-2|-1:0|0:-2|2:2",4,TRUE,2,2,0,"mixed",2.16421356237309,2.82842712474619,2.75,4,2,2.1607698869111,3,8,1,25,0,TRUE,25,33554432,0,1,25,25
653,"-2:-2|-2:0|0:1|0:2",4,TRUE,3,1,0,"mixed",1.95710678118655,2.82842712474619,2.25,4,2,2.09574173292382,3,8,1,25,0,TRUE,25,33554432,0,1,25,25
654,"-1:-2|0:1|2:-2|2:0",4,TRUE,2,1,1,"mixed",2.01612377556149,2.82842712474619,2.5,4,2,2.21934853067379,4,8,1,25,0,TRUE,25,33554432,0,1,25,25
655,"-1:-1|0:1|2:-2|2:0",4,TRUE,2,2,0,"mixed",1.81066017177982,2.82842712474619,2.25,4,2,2.10153397218646,3,8,1,25,0,TRUE,25,33554432,0,1,25,25
656,"-1:0|0:-1|0:2|2:2",4,TRUE,3,1,0,"mixed",1.70710678118655,2.82842712474619,2,4,2,2.01355629141115,3,8,1,21,4,FALSE,21,2097152,4,16,25,25
657,"-1:-1|-1:0|0:2|2:2",4,TRUE,2,2,0,"mixed",1.81066017177982,2.82842712474619,2.25,4,2,2.03716308916112,3,8,1,25,0,TRUE,25,33554432,0,1,25,25
658,"-1:-2|0:-1|2:0|2:2",4,TRUE,2,1,1,"mixed",2.01612377556149,2.82842712474619,2.5,4,2,2.1607698869111,3,8,1,25,0,TRUE,25,33554432,0,1,25,25
659,"-1:0|0:-2|2:-2|2:2",4,TRUE,2,2,0,"mixed",2.16421356237309,2.82842712474619,2.75,4,2,2.17858444539843,3,8,1,25,0,TRUE,25,33554432,0,1,25,25
660,"-1:0|0:-2|1:2|2:-2",4,TRUE,2,1,1,"mixed",2.01612377556149,2.82842712474619,2.5,4,2,2.07858444539843,2,8,1,25,0,TRUE,25,33554432,0,1,25,25
661,"-1:0|0:-2|0:2|2:-2",4,TRUE,3,1,0,"mixed",1.95710678118655,2.82842712474619,2.25,4,2,2.03650581819918,3,8,1,25,0,TRUE,25,33554432,0,1,25,25
662,"-1:-2|-1:0|0:2|2:2",4,TRUE,2,1,1,"mixed",2.01612377556149,2.82842712474619,2.5,4,2,2.07792717443648,3,8,1,25,0,TRUE,25,33554432,0,1,25,25
663,"-2:-2|-1:0|0:2|2:2",4,TRUE,2,2,0,"mixed",2.16421356237309,2.82842712474619,2.75,4,2,2.1607698869111,3,8,1,21,4,FALSE,21,2097152,4,16,25,25
664,"-1:-2|0:2|2:-2|2:0",4,TRUE,2,1,1,"mixed",2.26612377556149,2.82842712474619,2.75,4,2,2.23716308916112,4,8,1,21,4,FALSE,21,2097152,4,16,25,25
665,"-1:-1|0:2|2:-2|2:0",4,TRUE,2,2,0,"mixed",2.06066017177982,2.82842712474619,2.5,4,2,2.20153397218646,4,8,1,25,0,TRUE,25,33554432,0,1,25,25
666,"-1:0|0:-2|2:0|2:2",4,TRUE,3,1,0,"mixed",1.95710678118655,2.82842712474619,2.25,4,2,2.19574173292381,4,8,1,25,0,TRUE,25,33554432,0,1,25,25
667,"-1:-1|0:-2|2:0|2:2",4,TRUE,2,2,0,"mixed",2.06066017177982,2.82842712474619,2.5,4,2,2.17858444539843,3,8,1,21,4,FALSE,21,2097152,4,16,25,25
668,"-1:-2|0:-2|2:0|2:2",4,TRUE,2,1,1,"mixed",2.26612377556149,2.82842712474619,2.75,4,2,2.21934853067379,4,8,1,25,0,TRUE,25,33554432,0,1,25,25
669,"-2:-2|-2:0|0:2|2:-2",4,TRUE,2,2,0,"mixed",2.41421356237309,2.82842712474619,3,4,2,2.21934853067379,4,8,1,25,0,TRUE,25,33554432,0,1,25,25
670,"-2:-1|0:2|2:-2|2:0",4,TRUE,2,1,1,"mixed",2.26612377556149,2.82842712474619,2.75,4,2,2.17858444539843,3,8,1,21,4,FALSE,21,2097152,4,16,25,25
671,"-2:-2|-2:0|0:2|2:0",4,TRUE,3,1,0,"mixed",2.20710678118655,2.82842712474619,2.5,4,2,2.19574173292381,4,8,1,25,0,TRUE,25,33554432,0,1,25,25
672,"-2:-1|0:-2|2:0|2:2",4,TRUE,2,1,1,"mixed",2.26612377556149,2.82842712474619,2.75,4,2,2.20153397218646,4,8,1,25,0,TRUE,25,33554432,0,1,25,25
673,"-2:-2|-2:0|0:2|2:2",4,TRUE,2,2,0,"mixed",2.41421356237309,2.82842712474619,3,4,2,2.23716308916112,4,4,2,21,4,FALSE,21,2097152,4,16,25,25
674,"-1:-2|-1:-1|2:-2|2:0",4,TRUE,1,2,1,"mixed",2.11967716615477,2.82842712474619,2.75,4,2,2.07792717443648,3,8,1,25,0,TRUE,25,33554432,0,1,25,25
675,"-1:-2|-1:0|2:-2|2:0",4,TRUE,2,1,1,"mixed",2.01612377556149,2.82842712474619,2.5,4,2,2.17213493517384,4,8,1,21,4,FALSE,21,2097152,4,16,25,25
676,"-1:-1|-1:2|2:0|2:2",4,TRUE,1,2,1,"mixed",2.11967716615477,2.82842712474619,2.75,4,2,2.23716308916112,4,8,1,21,4,FALSE,21,2097152,4,16,25,25
677,"-1:-2|-1:2|2:-2|2:0",4,TRUE,1,1,2,"mixed",2.32514076993644,2.82842712474619,3,4,2,2.21934853067379,4,8,1,25,0,TRUE,25,33554432,0,1,25,25
678,"-2:-1|-1:-2|2:-2|2:0",4,TRUE,1,1,2,"mixed",2.32514076993644,2.82842712474619,3,4,2,2.03716308916112,2,8,1,25,0,TRUE,25,33554432,0,1,25,25
679,"-2:-1|-2:2|0:-2|0:2",4,TRUE,2,1,1,"mixed",2.26612377556149,2.82842712474619,2.75,4,2,2.13650581819918,4,8,1,21,4,FALSE,21,2097152,4,16,25,25
680,"-1:-2|0:2|2:-1|2:2",4,TRUE,1,1,2,"mixed",2.32514076993644,2.82842712474619,3,4,2,2.20153397218646,4,8,1,25,0,TRUE,25,33554432,0,1,25,25
681,"-2:-1|-2:2|0:2|2:-2",4,TRUE,1,2,1,"mixed",2.47323055674804,2.82842712474619,3.25,4,2,2.17858444539843,3,8,1,21,4,FALSE,21,2097152,4,16,25,25
682,"-1:-1|-1:0|2:-2|2:0",4,TRUE,2,2,0,"mixed",1.81066017177982,2.82842712474619,2.25,4,2,1.95432037668651,3,8,1,25,0,TRUE,25,33554432,0,1,25,25
683,"-1:-1|-1:1|2:-2|2:0",4,TRUE,1,3,0,"mixed",1.9142135623731,2.82842712474619,2.5,4,2,2.11934853067379,3,8,1,25,0,TRUE,25,33554432,0,1,25,25
684,"-1:-1|-1:2|2:-2|2:0",4,TRUE,1,2,1,"mixed",2.11967716615477,2.82842712474619,2.75,4,2,2.20153397218646,4,8,1,25,0,TRUE,25,33554432,0,1,25,25
685,"-2:-2|-1:-1|2:-2|2:0",4,TRUE,1,3,0,"mixed",2.26776695296637,2.82842712474619,3,4,2,2.01934853067379,2,8,1,25,0,TRUE,25,33554432,0,1,25,25
686,"-2:-1|-1:-1|2:-2|2:0",4,TRUE,1,2,1,"mixed",2.11967716615477,2.82842712474619,2.75,4,2,1.87792717443648,1,8,1,25,0,TRUE,25,33554432,0,1,25,25
687,"-2:-2|-1:1|0:-2|0:2",4,TRUE,2,2,0,"mixed",2.06066017177982,2.82842712474619,2.5,4,2,1.93650581819917,2,8,1,25,0,TRUE,25,33554432,0,1,25,25
688,"-1:-2|0:2|1:-1|2:2",4,TRUE,1,2,1,"mixed",2.11967716615477,2.82842712474619,2.75,4,2,2.08371941369913,3,8,1,25,0,TRUE,25,33554432,0,1,25,25
689,"-2:-2|-1:1|0:-2|2:2",4,TRUE,1,3,0,"mixed",2.26776695296637,2.82842712474619,3,4,2,2.14295532842377,3,8,1,25,0,TRUE,25,33554432,0,1,25,25
690,"-1:-1|-1:0|2:0|2:2",4,TRUE,2,2,0,"mixed",1.81066017177982,2.82842712474619,2.25,4,2,2.01355629141115,3,8,1,21,4,FALSE,21,2097152,4,16,25,25
691,"-1:-2|-1:0|2:0|2:2",4,TRUE,2,1,1,"mixed",2.01612377556149,2.82842712474619,2.5,4,2,2.19574173292381,4,8,1,25,0,TRUE,25,33554432,0,1,25,25
692,"-2:-2|-1:0|2:-2|2:0",4,TRUE,2,2,0,"mixed",2.16421356237309,2.82842712474619,2.75,4,2,2.09574173292382,3,8,1,25,0,TRUE,25,33554432,0,1,25,25
693,"-2:-1|-1:0|2:-2|2:0",4,TRUE,2,1,1,"mixed",2.01612377556149,2.82842712474619,2.5,4,2,1.91355629141115,1,8,1,21,4,FALSE,21,2097152,4,16,25,25
694,"-2:-2|-2:0|1:0|2:0",4,TRUE,3,1,0,"mixed",1.95710678118655,2.82842712474619,2.25,4,2,1.88929222269922,2,8,1,21,4,FALSE,21,2097152,4,16,25,25
695,"-1:-2|0:-1|0:2|2:2",4,TRUE,2,1,1,"mixed",2.01612377556149,2.82842712474619,2.5,4,2,1.99574173292381,2,8,1,25,0,TRUE,25,33554432,0,1,25,25
696,"-2:-2|-1:0|2:0|2:2",4,TRUE,2,2,0,"mixed",2.16421356237309,2.82842712474619,2.75,4,2,2.13716308916112,3,8,1,25,0,TRUE,25,33554432,0,1,25,25
697,"-1:-2|-1:-1|2:0|2:2",4,TRUE,1,2,1,"mixed",2.11967716615477,2.82842712474619,2.75,4,2,2.1607698869111,3,8,1,25,0,TRUE,25,33554432,0,1,25,25
698,"-1:-1|0:2|2:-2|2:2",4,TRUE,1,3,0,"mixed",2.26776695296637,2.82842712474619,3,4,2,2.1607698869111,3,8,1,21,4,FALSE,21,2097152,4,16,25,25
699,"-1:-1|0:2|1:-2|2:2",4,TRUE,1,2,1,"mixed",2.11967716615477,2.82842712474619,2.75,4,2,2.0607698869111,2,8,1,25,0,TRUE,25,33554432,0,1,25,25
700,"-1:-1|0:-2|0:2|2:2",4,TRUE,2,2,0,"mixed",2.06066017177982,2.82842712474619,2.5,4,2,1.99574173292381,2,8,1,25,0,TRUE,25,33554432,0,1,25,25
701,"-1:-2|-1:-1|0:2|2:2",4,TRUE,1,2,1,"mixed",2.11967716615477,2.82842712474619,2.75,4,2,2.01934853067379,2,8,1,25,0,TRUE,25,33554432,0,1,25,25
702,"-2:-2|-1:-1|0:2|2:2",4,TRUE,1,3,0,"mixed",2.26776695296637,2.82842712474619,3,4,2,2.12000580163574,2,8,1,21,4,FALSE,21,2097152,4,16,25,25
703,"-2:-1|0:2|2:-2|2:2",4,TRUE,1,2,1,"mixed",2.47323055674804,2.82842712474619,3.25,4,2,2.1607698869111,3,8,1,25,0,TRUE,25,33554432,0,1,25,25
704,"-2:-1|-1:2|2:-2|2:0",4,TRUE,1,1,2,"mixed",2.32514076993644,2.82842712474619,3,4,2,2.14295532842377,3,8,1,25,0,TRUE,25,33554432,0,1,25,25
705,"-2:-1|0:-2|0:2|2:2",4,TRUE,2,1,1,"mixed",2.26612377556149,2.82842712474619,2.75,4,2,2.16011261594915,4,8,1,25,0,TRUE,25,33554432,0,1,25,25
706,"-2:-1|-1:-2|0:2|2:2",4,TRUE,1,1,2,"mixed",2.32514076993644,2.82842712474619,3,4,2,2.14295532842377,3,8,1,25,0,TRUE,25,33554432,0,1,25,25
707,"-2:-2|-2:0|2:-2|2:0",4,TRUE,2,2,0,"mixed",2.41421356237309,2.82842712474619,3,4,2,2.0128990204492,3,4,2,25,0,TRUE,25,33554432,0,1,25,25
708,"-1:-2|0:2|2:-2|2:2",4,TRUE,1,2,1,"mixed",2.47323055674804,2.82842712474619,3.25,4,2,2.07792717443648,3,8,1,25,0,TRUE,25,33554432,0,1,25,25
709,"-2:-2|-2:0|2:-2|2:2",4,TRUE,1,3,0,"mixed",2.62132034355964,2.82842712474619,3.5,4,2,2.03716308916112,3,8,1,25,0,TRUE,25,33554432,0,1,25,25
710,"-2:-1|-2:0|2:-2|2:0",4,TRUE,2,1,1,"mixed",2.26612377556149,2.82842712474619,2.75,4,2,1.8128990204492,2,8,1,25,0,TRUE,25,33554432,0,1,25,25
711,"-1:-2|0:2|1:-2|2:2",4,TRUE,1,1,2,"mixed",2.32514076993644,2.82842712474619,3,4,2,1.97792717443648,2,8,1,25,0,TRUE,25,33554432,0,1,25,25
712,"-2:-1|-2:2|2:-2|2:0",4,TRUE,1,2,1,"mixed",2.47323055674804,2.82842712474619,3.25,4,2,2.03716308916112,2,8,1,25,0,TRUE,25,33554432,0,1,25,25
713,"-1:-2|0:-2|0:2|2:2",4,TRUE,2,1,1,"mixed",2.26612377556149,2.82842712474619,2.75,4,2,1.89508446196187,3,8,1,25,0,TRUE,25,33554432,0,1,25,25
714,"-2:-2|-2:0|2:0|2:2",4,TRUE,2,2,0,"mixed",2.41421356237309,2.82842712474619,3,4,2,2.05432037668651,3,4,2,17,8,FALSE,17,131072,8,256,25,25
715,"-1:-2|0:-1|1:-1|2:-2",4,TRUE,1,2,1,"mixed",1.86967716615477,2.82842712474619,2.5,4,2,1.77792717443648,1,8,1,25,0,TRUE,25,33554432,0,1,25,25
716,"-1:-2|-1:-1|1:-1|2:-2",4,TRUE,0,3,1,"off_axis",1.97323055674804,2.82842712474619,2.75,4,2,1.87792717443648,1,8,1,25,0,TRUE,25,33554432,0,1,25,25
717,"-2:-1|-1:-2|1:-1|2:-2",4,TRUE,0,2,2,"off_axis",2.17869416052972,2.82842712474619,3,4,2,1.91934853067379,1,8,1,21,4,FALSE,21,2097152,4,16,25,25
718,"-1:-2|1:-1|1:0|2:-2",4,TRUE,1,2,1,"mixed",1.86967716615477,2.82842712474619,2.5,4,2,1.91934853067379,2,8,1,25,0,TRUE,25,33554432,0,1,25,25
719,"-1:-2|-1:0|1:-1|2:-2",4,TRUE,1,2,1,"mixed",1.86967716615477,2.82842712474619,2.5,4,2,2.01934853067379,2,8,1,25,0,TRUE,25,33554432,0,1,25,25
720,"-2:-1|-2:2|-1:1|0:-2",4,TRUE,1,2,1,"mixed",2.11967716615477,2.82842712474619,2.75,4,2,2.08371941369913,3,8,1,17,8,FALSE,17,131072,8,256,25,25
721,"-1:-2|1:-1|2:-2|2:1",4,TRUE,0,2,2,"off_axis",2.17869416052972,2.82842712474619,3,4,2,2.14295532842377,3,4,2,25,0,TRUE,25,33554432,0,1,25,25
722,"-1:-1|1:-1|2:-2|2:1",4,TRUE,0,3,1,"off_axis",1.97323055674804,2.82842712474619,2.75,4,2,2.0607698869111,2,8,1,25,0,TRUE,25,33554432,0,1,25,25
723,"-1:-2|0:1|1:-1|2:-2",4,TRUE,1,2,1,"mixed",1.86967716615477,2.82842712474619,2.5,4,2,2.04295532842377,2,8,1,25,0,TRUE,25,33554432,0,1,25,25
724,"-1:-1|-1:2|1:1|2:2",4,TRUE,0,3,1,"off_axis",1.97323055674804,2.82842712474619,2.75,4,2,2.12000580163574,2,8,1,21,4,FALSE,21,2097152,4,16,25,25
725,"-1:-2|1:1|2:-1|2:2",4,TRUE,0,2,2,"off_axis",2.17869416052972,2.82842712474619,3,4,2,2.16656212617375,3,8,1,21,4,FALSE,21,2097152,4,16,25,25
726,"-1:-2|1:-1|2:-2|2:2",4,TRUE,0,3,1,"off_axis",2.32678394734132,2.82842712474619,3.25,4,2,2.04295532842377,2,8,1,25,0,TRUE,25,33554432,0,1,25,25
727,"-1:-2|1:-1|1:2|2:-2",4,TRUE,0,2,2,"off_axis",2.17869416052972,2.82842712474619,3,4,2,2.00153397218646,2,8,1,25,0,TRUE,25,33554432,0,1,25,25
728,"-1:-2|0:2|1:-1|2:-2",4,TRUE,1,2,1,"mixed",2.11967716615477,2.82842712474619,2.75,4,2,2.00153397218646,2,8,1,21,4,FALSE,21,2097152,4,16,25,25
729,"-1:-2|-1:2|1:-1|2:-2",4,TRUE,0,2,2,"off_axis",2.17869416052972,2.82842712474619,3,4,2,2.04295532842377,2,8,1,25,0,TRUE,25,33554432,0,1,25,25
730,"-2:-1|-2:2|-1:1|2:-2",4,TRUE,0,3,1,"off_axis",2.32678394734132,2.82842712474619,3.25,4,2,2.06142715787305,1,8,1,21,4,FALSE,21,2097152,4,16,25,25
731,"-1:-2|-1:-1|0:-1|2:-2",4,TRUE,1,2,1,"mixed",1.86967716615477,2.82842712474619,2.5,4,2,1.73650581819918,2,8,1,25,0,TRUE,25,33554432,0,1,25,25
732,"-2:-1|-1:-2|0:-1|2:-2",4,TRUE,1,1,2,"mixed",2.07514076993644,2.82842712474619,2.75,4,2,1.87792717443648,1,8,1,25,0,TRUE,25,33554432,0,1,25,25
733,"-1:-2|0:-1|1:0|2:-2",4,TRUE,2,1,1,"mixed",1.76612377556149,2.82842712474619,2.25,4,2,1.91934853067379,2,8,1,25,0,TRUE,25,33554432,0,1,25,25
734,"-1:-2|-1:0|0:-1|2:-2",4,TRUE,2,1,1,"mixed",1.76612377556149,2.82842712474619,2.25,4,2,1.89574173292382,2,8,1,21,4,FALSE,21,2097152,4,16,25,25
735,"-2:-1|-2:2|-1:0|0:-2",4,TRUE,2,1,1,"mixed",2.01612377556149,2.82842712474619,2.5,4,2,2.04229805746182,3,8,1,25,0,TRUE,25,33554432,0,1,25,25
736,"-1:-2|0:-1|2:-2|2:1",4,TRUE,1,1,2,"mixed",2.07514076993644,2.82842712474619,2.75,4,2,2.1607698869111,3,8,1,25,0,TRUE,25,33554432,0,1,25,25
737,"-1:-1|1:0|2:-2|2:1",4,TRUE,1,2,1,"mixed",1.86967716615477,2.82842712474619,2.5,4,2,2.04295532842377,2,8,1,21,4,FALSE,21,2097152,4,16,25,25
738,"-1:-2|0:-1|0:1|2:-2",4,TRUE,2,1,1,"mixed",1.76612377556149,2.82842712474619,2.25,4,2,1.97792717443648,2,8,1,25,0,TRUE,25,33554432,0,1,25,25
739,"-1:-1|-1:2|0:1|2:2",4,TRUE,1,2,1,"mixed",1.86967716615477,2.82842712474619,2.5,4,2,2.01934853067379,2,8,1,25,0,TRUE,25,33554432,0,1,25,25
740,"-1:-2|1:0|2:-1|2:2",4,TRUE,1,1,2,"mixed",2.07514076993644,2.82842712474619,2.75,4,2,2.12514076993644,3,8,1,25,0,TRUE,25,33554432,0,1,25,25
741,"-1:-2|0:-1|2:-2|2:2",4,TRUE,1,2,1,"mixed",2.22323055674804,2.82842712474619,3,4,2,2.0607698869111,2,8,1,25,0,TRUE,25,33554432,0,1,25,25
742,"-1:-2|0:-1|1:2|2:-2",4,TRUE,1,1,2,"mixed",2.07514076993644,2.82842712474619,2.75,4,2,1.98371941369913,2,8,1,25,0,TRUE,25,33554432,0,1,25,25
743,"-1:-2|0:-1|0:2|2:-2",4,TRUE,2,1,1,"mixed",2.01612377556149,2.82842712474619,2.5,4,2,1.93650581819917,2,8,1,25,0,TRUE,25,33554432,0,1,25,25
744,"-1:-2|-1:2|0:-1|2:-2",4,TRUE,1,1,2,"mixed",2.07514076993644,2.82842712474619,2.75,4,2,1.94229805746182,2,8,1,25,0,TRUE,25,33554432,0,1,25,25
745,"-2:-1|-2:2|-1:0|2:-2",4,TRUE,1,2,1,"mixed",2.22323055674804,2.82842712474619,3,4,2,2.02000580163574,1,8,1,21,4,FALSE,21,2097152,4,16,25,25
746,"-2:-1|-1:-2|-1:-1|2:-2",4,TRUE,0,2,2,"off_axis",2.17869416052972,2.82842712474619,3,4,2,1.77792717443648,1,8,1,25,0,TRUE,25,33554432,0,1,25,25
747,"-1:-2|-1:-1|1:0|2:-2",4,TRUE,1,2,1,"mixed",1.86967716615477,2.82842712474619,2.5,4,2,2.00153397218646,2,8,1,25,0,TRUE,25,33554432,0,1,25,25
748,"-1:-2|-1:-1|-1:0|2:-2",4,TRUE,1,2,1,"mixed",1.86967716615477,2.82842712474619,2.5,4,2,1.85432037668651,2,8,1,25,0,TRUE,25,33554432,0,1,25,25
749,"-2:-1|-2:2|-1:-1|0:-2",4,TRUE,1,2,1,"mixed",2.11967716615477,2.82842712474619,2.75,4,2,1.96011261594915,2,8,1,25,0,TRUE,25,33554432,0,1,25,25
750,"-1:-2|-1:-1|2:-2|2:1",4,TRUE,0,2,2,"off_axis",2.17869416052972,2.82842712474619,3,4,2,2.1607698869111,3,8,1,25,0,TRUE,25,33554432,0,1,25,25
751,"-1:-1|1:1|2:-2|2:1",4,TRUE,0,3,1,"off_axis",1.97323055674804,2.82842712474619,2.75,4,2,2.10219124314841,2,8,1,25,0,TRUE,25,33554432,0,1,25,25
752,"-1:-2|-1:-1|0:1|2:-2",4,TRUE,1,2,1,"mixed",1.86967716615477,2.82842712474619,2.5,4,2,2.00153397218646,2,8,1,25,0,TRUE,25,33554432,0,1,25,25
753,"-1:-1|-1:1|-1:2|2:2",4,TRUE,0,3,1,"off_axis",1.97323055674804,2.82842712474619,2.75,4,2,1.99574173292381,2,8,1,25,0,TRUE,25,33554432,0,1,25,25
754,"-1:-2|1:-1|2:-1|2:2",4,TRUE,0,2,2,"off_axis",2.17869416052972,2.82842712474619,3,4,2,2.0659048552118,3,8,1,25,0,TRUE,25,33554432,0,1,25,25
755,"-1:-2|-1:-1|2:-2|2:2",4,TRUE,0,3,1,"off_axis",2.32678394734132,2.82842712474619,3.25,4,2,2.0607698869111,2,8,1,25,0,TRUE,25,33554432,0,1,25,25
756,"-1:-2|-1:-1|1:2|2:-2",4,TRUE,0,2,2,"off_axis",2.17869416052972,2.82842712474619,3,4,2,2.04295532842377,2,8,1,25,0,TRUE,25,33554432,0,1,25,25
757,"-1:-2|-1:-1|0:2|2:-2",4,TRUE,1,2,1,"mixed",2.11967716615477,2.82842712474619,2.75,4,2,1.96011261594915,2,8,1,25,0,TRUE,25,33554432,0,1,25,25
758,"-1:-2|-1:-1|-1:2|2:-2",4,TRUE,0,2,2,"off_axis",2.17869416052972,2.82842712474619,3,4,2,1.91869125971184,2,8,1,25,0,TRUE,25,33554432,0,1,25,25
759,"-2:-1|-2:2|-1:-1|2:-2",4,TRUE,0,3,1,"off_axis",2.32678394734132,2.82842712474619,3.25,4,2,1.9607698869111,1,8,1,25,0,TRUE,25,33554432,0,1,25,25
760,"-2:-1|-1:-2|1:0|2:-2",4,TRUE,1,1,2,"mixed",2.07514076993644,2.82842712474619,2.75,4,2,2.04295532842377,2,8,1,21,4,FALSE,21,2097152,4,16,25,25
761,"-2:-1|-1:-2|-1:0|2:-2",4,TRUE,1,1,2,"mixed",2.07514076993644,2.82842712474619,2.75,4,2,1.93716308916112,1,8,1,25,0,TRUE,25,33554432,0,1,25,25
762,"-2:-1|-2:0|-1:-2|2:-2",4,TRUE,1,1,2,"mixed",2.32514076993644,2.82842712474619,3,4,2,1.96011261594915,2,8,1,25,0,TRUE,25,33554432,0,1,25,25
763,"-1:-2|1:2|2:-2|2:1",4,TRUE,0,1,3,"off_axis",2.38415776431139,2.82842712474619,3.25,4,2,2.14295532842377,3,8,1,25,0,TRUE,25,33554432,0,1,25,25
764,"-1:-1|1:2|2:-2|2:1",4,TRUE,0,2,2,"off_axis",2.17869416052972,2.82842712474619,3,4,2,2.14361259938572,2,8,1,21,4,FALSE,21,2097152,4,16,25,25
765,"-1:0|1:-2|2:-1|2:2",4,TRUE,1,1,2,"mixed",2.07514076993644,2.82842712474619,2.75,4,2,2.10219124314841,2,8,1,25,0,TRUE,25,33554432,0,1,25,25
766,"-1:-1|1:-2|2:-1|2:2",4,TRUE,0,2,2,"off_axis",2.17869416052972,2.82842712474619,3,4,2,2.0607698869111,2,8,1,25,0,TRUE,25,33554432,0,1,25,25
767,"-1:-2|1:-2|2:-1|2:2",4,TRUE,0,1,3,"off_axis",2.38415776431139,2.82842712474619,3.25,4,2,2.08371941369913,3,8,1,25,0,TRUE,25,33554432,0,1,25,25
768,"-2:-1|-1:-2|2:-2|2:2",4,TRUE,0,2,2,"off_axis",2.53224755112299,2.82842712474619,3.5,4,2,2.04295532842377,2,8,1,25,0,TRUE,25,33554432,0,1,25,25
769,"-2:-1|-1:-2|1:2|2:-2",4,TRUE,0,1,3,"off_axis",2.38415776431139,2.82842712474619,3.25,4,2,2.08437668466108,2,8,1,21,4,FALSE,21,2097152,4,16,25,25
770,"-2:-1|-1:-2|0:2|2:-2",4,TRUE,1,1,2,"mixed",2.32514076993644,2.82842712474619,3,4,2,2.0607698869111,2,8,1,25,0,TRUE,25,33554432,0,1,25,25
771,"-2:-1|-1:-2|-1:2|2:-2",4,TRUE,0,1,3,"off_axis",2.38415776431139,2.82842712474619,3.25,4,2,1.98371941369913,2,8,1,25,0,TRUE,25,33554432,0,1,25,25
772,"-2:-1|-2:2|-1:-2|2:-2",4,TRUE,0,2,2,"off_axis",2.53224755112299,2.82842712474619,3.5,4,2,1.97858444539843,2,4,2,25,0,TRUE,25,33554432,0,1,25,25
773,"-1:-2|-1:0|1:0|2:-2",4,TRUE,2,1,1,"mixed",1.76612377556149,2.82842712474619,2.25,4,2,2.09574173292382,3,8,1,25,0,TRUE,25,33554432,0,1,25,25
774,"-2:-1|-2:2|0:-2|0:1",4,TRUE,2,1,1,"mixed",2.01612377556149,2.82842712474619,2.5,4,2,2.16011261594915,4,8,1,21,4,FALSE,21,2097152,4,16,25,25
775,"-1:-1|0:-1|2:-2|2:1",4,TRUE,1,2,1,"mixed",1.86967716615477,2.82842712474619,2.5,4,2,2.0607698869111,3,8,1,25,0,TRUE,25,33554432,0,1,25,25
776,"-1:-2|0:1|1:0|2:-2",4,TRUE,2,1,1,"mixed",1.76612377556149,2.82842712474619,2.25,4,2,2.0607698869111,3,8,1,25,0,TRUE,25,33554432,0,1,25,25
777,"-1:-1|-1:2|1:0|2:2",4,TRUE,1,2,1,"mixed",1.86967716615477,2.82842712474619,2.5,4,2,2.1607698869111,3,8,1,25,0,TRUE,25,33554432,0,1,25,25
778,"-1:-2|0:1|2:-1|2:2",4,TRUE,1,1,2,"mixed",2.07514076993644,2.82842712474619,2.75,4,2,2.20732621144911,4,8,1,21,4,FALSE,21,2097152,4,16,25,25
779,"-1:-2|1:0|2:-2|2:2",4,TRUE,1,2,1,"mixed",2.22323055674804,2.82842712474619,3,4,2,2.14295532842377,3,8,1,25,0,TRUE,25,33554432,0,1,25,25
780,"-1:-2|1:0|1:2|2:-2",4,TRUE,1,1,2,"mixed",2.07514076993644,2.82842712474619,2.75,4,2,2.10153397218646,3,8,1,25,0,TRUE,25,33554432,0,1,25,25
781,"-1:-2|0:2|1:0|2:-2",4,TRUE,2,1,1,"mixed",2.01612377556149,2.82842712474619,2.5,4,2,2.10153397218646,3,8,1,25,0,TRUE,25,33554432,0,1,25,25
782,"-1:-2|-1:2|1:0|2:-2",4,TRUE,1,1,2,"mixed",2.07514076993644,2.82842712474619,2.75,4,2,2.14295532842377,3,8,1,25,0,TRUE,25,33554432,0,1,25,25
783,"-2:-1|-2:2|0:1|2:-2",4,TRUE,1,2,1,"mixed",2.22323055674804,2.82842712474619,3,4,2,2.16142715787305,2,8,1,21,4,FALSE,21,2097152,4,16,25,25
784,"-2:-1|-2:2|0:-2|0:-1",4,TRUE,2,1,1,"mixed",2.01612377556149,2.82842712474619,2.5,4,2,2.03650581819918,3,8,1,25,0,TRUE,25,33554432,0,1,25,25
785,"-1:-2|-1:0|2:-2|2:1",4,TRUE,1,1,2,"mixed",2.07514076993644,2.82842712474619,2.75,4,2,2.21934853067379,4,8,1,25,0,TRUE,25,33554432,0,1,25,25
786,"-1:-1|0:1|2:-2|2:1",4,TRUE,1,2,1,"mixed",1.86967716615477,2.82842712474619,2.5,4,2,2.1607698869111,3,8,1,25,0,TRUE,25,33554432,0,1,25,25
787,"-1:-2|-1:0|0:1|2:-2",4,TRUE,2,1,1,"mixed",1.76612377556149,2.82842712474619,2.25,4,2,2.03716308916112,3,8,1,25,0,TRUE,25,33554432,0,1,25,25
788,"-1:-1|-1:0|-1:2|2:2",4,TRUE,1,2,1,"mixed",1.86967716615477,2.82842712474619,2.5,4,2,2.01355629141115,3,8,1,21,4,FALSE,21,2097152,4,16,25,25
789,"-1:-2|0:-1|2:-1|2:2",4,TRUE,1,1,2,"mixed",2.07514076993644,2.82842712474619,2.75,4,2,2.10153397218646,3,8,1,25,0,TRUE,25,33554432,0,1,25,25
790,"-1:-2|-1:0|2:-2|2:2",4,TRUE,1,2,1,"mixed",2.22323055674804,2.82842712474619,3,4,2,2.17858444539843,3,8,1,25,0,TRUE,25,33554432,0,1,25,25
791,"-1:-2|-1:0|1:2|2:-2",4,TRUE,1,1,2,"mixed",2.07514076993644,2.82842712474619,2.75,4,2,2.1607698869111,3,8,1,21,4,FALSE,21,2097152,4,16,25,25
792,"-1:-2|-1:0|0:2|2:-2",4,TRUE,2,1,1,"mixed",2.01612377556149,2.82842712474619,2.5,4,2,2.07792717443648,3,8,1,25,0,TRUE,25,33554432,0,1,25,25
793,"-1:-2|-1:0|-1:2|2:-2",4,TRUE,1,1,2,"mixed",2.07514076993644,2.82842712474619,2.75,4,2,2.03650581819918,3,8,1,25,0,TRUE,25,33554432,0,1,25,25
794,"-2:-1|-2:2|0:-1|2:-2",4,TRUE,1,2,1,"mixed",2.22323055674804,2.82842712474619,3,4,2,2.07858444539843,2,8,1,25,0,TRUE,25,33554432,0,1,25,25
795,"-1:-2|0:2|2:-2|2:1",4,TRUE,1,1,2,"mixed",2.32514076993644,2.82842712474619,3,4,2,2.20153397218646,4,8,1,25,0,TRUE,25,33554432,0,1,25,25
796,"-1:-1|0:2|2:-2|2:1",4,TRUE,1,2,1,"mixed",2.11967716615477,2.82842712474619,2.75,4,2,2.22514076993644,4,8,1,21,4,FALSE,21,2097152,4,16,25,25
797,"-1:0|0:-2|2:-1|2:2",4,TRUE,2,1,1,"mixed",2.01612377556149,2.82842712474619,2.5,4,2,2.18371941369913,4,8,1,25,0,TRUE,25,33554432,0,1,25,25
798,"-1:-1|0:-2|2:-1|2:2",4,TRUE,1,2,1,"mixed",2.11967716615477,2.82842712474619,2.75,4,2,2.11934853067379,3,8,1,25,0,TRUE,25,33554432,0,1,25,25
799,"-1:-2|0:-2|2:-1|2:2",4,TRUE,1,1,2,"mixed",2.32514076993644,2.82842712474619,3,4,2,2.12448349897449,4,8,1,21,4,FALSE,21,2097152,4,16,25,25
800,"-2:-1|-2:2|0:-2|2:2",4,TRUE,1,2,1,"mixed",2.47323055674804,2.82842712474619,3.25,4,2,2.18371941369913,4,8,1,25,0,TRUE,25,33554432,0,1,25,25
801,"-2:-1|-2:2|0:-2|2:1",4,TRUE,1,1,2,"mixed",2.32514076993644,2.82842712474619,3,4,2,2.22514076993644,4,8,1,21,4,FALSE,21,2097152,4,16,25,25
802,"-2:-1|-2:2|0:-2|2:0",4,TRUE,2,1,1,"mixed",2.26612377556149,2.82842712474619,2.75,4,2,2.20153397218646,4,8,1,25,0,TRUE,25,33554432,0,1,25,25
803,"-2:-1|-2:2|0:-2|2:-1",4,TRUE,1,1,2,"mixed",2.32514076993644,2.82842712474619,3,4,2,2.12448349897449,4,8,1,21,4,FALSE,21,2097152,4,16,25,25
804,"-1:-1|-1:2|2:-1|2:2",4,TRUE,0,2,2,"off_axis",2.17869416052972,2.82842712474619,3,4,2,2.23716308916112,4,4,2,25,0,TRUE,25,33554432,0,1,25,25
805,"-1:-2|-1:2|2:-1|2:2",4,TRUE,0,1,3,"off_axis",2.38415776431139,2.82842712474619,3.25,4,2,2.18371941369913,4,8,1,25,0,TRUE,25,33554432,0,1,25,25
806,"-2:-1|-2:2|1:2|2:-2",4,TRUE,0,2,2,"off_axis",2.53224755112299,2.82842712474619,3.5,4,2,2.12000580163574,2,4,2,25,0,TRUE,25,33554432,0,1,25,25
807,"-1:-1|-1:0|2:-2|2:1",4,TRUE,1,2,1,"mixed",1.86967716615477,2.82842712474619,2.5,4,2,2.0607698869111,3,8,1,25,0,TRUE,25,33554432,0,1,25,25
808,"-1:-1|-1:1|2:-1|2:2",4,TRUE,0,3,1,"off_axis",1.97323055674804,2.82842712474619,2.75,4,2,2.17858444539843,3,8,1,21,4,FALSE,21,2097152,4,16,25,25
809,"-1:-1|-1:2|2:-2|2:1",4,TRUE,0,2,2,"off_axis",2.17869416052972,2.82842712474619,3,4,2,2.22514076993644,4,8,1,21,4,FALSE,21,2097152,4,16,25,25
810,"-1:-2|1:1|2:-2|2:2",4,TRUE,0,3,1,"off_axis",2.32678394734132,2.82842712474619,3.25,4,2,2.10219124314841,2,8,1,25,0,TRUE,25,33554432,0,1,25,25
811,"-1:-2|1:1|1:2|2:-2",4,TRUE,0,2,2,"off_axis",2.17869416052972,2.82842712474619,3,4,2,2.04295532842377,2,8,1,21,4,FALSE,21,2097152,4,16,25,25
812,"-1:-2|0:2|1:1|2:-2",4,TRUE,1,2,1,"mixed",2.11967716615477,2.82842712474619,2.75,4,2,2.0607698869111,2,8,1,25,0,TRUE,25,33554432,0,1,25,25
813,"-1:-2|-1:2|1:-1|2:2",4,TRUE,0,2,2,"off_axis",2.17869416052972,2.82842712474619,3,4,2,2.12514076993644,3,8,1,25,0,TRUE,25,33554432,0,1,25,25
814,"-2:-1|-2:2|1:1|2:-2",4,TRUE,0,3,1,"off_axis",2.32678394734132,2.82842712474619,3.25,4,2,2.14361259938572,2,8,1,21,4,FALSE,21,2097152,4,16,25,25
815,"-1:-1|-1:0|2:-1|2:2",4,TRUE,1,2,1,"mixed",1.86967716615477,2.82842712474619,2.5,4,2,2.03716308916112,3,8,1,25,0,TRUE,25,33554432,0,1,25,25
816,"-1:-2|-1:0|2:-1|2:2",4,TRUE,1,1,2,"mixed",2.07514076993644,2.82842712474619,2.75,4,2,2.18371941369913,4,8,1,25,0,TRUE,25,33554432,0,1,25,25
817,"-1:-2|0:1|2:-2|2:2",4,TRUE,1,2,1,"mixed",2.22323055674804,2.82842712474619,3,4,2,2.14295532842377,3,8,1,25,0,TRUE,25,33554432,0,1,25,25
818,"-1:-2|0:1|1:2|2:-2",4,TRUE,1,1,2,"mixed",2.07514076993644,2.82842712474619,2.75,4,2,2.04295532842377,2,8,1,25,0,TRUE,25,33554432,0,1,25,25
819,"-1:-2|0:1|0:2|2:-2",4,TRUE,2,1,1,"mixed",2.01612377556149,2.82842712474619,2.5,4,2,1.97792717443648,2,8,1,25,0,TRUE,25,33554432,0,1,25,25
820,"-1:-2|-1:2|0:-1|2:2",4,TRUE,1,1,2,"mixed",2.07514076993644,2.82842712474619,2.75,4,2,2.00153397218646,2,8,1,25,0,TRUE,25,33554432,0,1,25,25
821,"-2:-1|-2:2|1:0|2:-2",4,TRUE,1,2,1,"mixed",2.22323055674804,2.82842712474619,3,4,2,2.10219124314841,2,8,1,25,0,TRUE,25,33554432,0,1,25,25
822,"-1:-2|-1:-1|2:-1|2:2",4,TRUE,0,2,2,"off_axis",2.17869416052972,2.82842712474619,3,4,2,2.10153397218646,3,8,1,21,4,FALSE,21,2097152,4,16,25,25
823,"-1:-1|-1:2|2:-2|2:2",4,TRUE,0,3,1,"off_axis",2.32678394734132,2.82842712474619,3.25,4,2,2.1607698869111,3,8,1,25,0,TRUE,25,33554432,0,1,25,25
824,"-1:-1|-1:2|1:-2|2:2",4,TRUE,0,2,2,"off_axis",2.17869416052972,2.82842712474619,3,4,2,2.14295532842377,3,8,1,25,0,TRUE,25,33554432,0,1,25,25
825,"-1:-1|-1:2|0:-2|2:2",4,TRUE,1,2,1,"mixed",2.11967716615477,2.82842712474619,2.75,4,2,2.03716308916112,2,8,1,25,0,TRUE,25,33554432,0,1,25,25
826,"-1:-2|-1:-1|-1:2|2:2",4,TRUE,0,2,2,"off_axis",2.17869416052972,2.82842712474619,3,4,2,1.97792717443648,2,8,1,21,4,FALSE,21,2097152,4,16,25,25
827,"-2:-1|-2:2|1:-1|2:-2",4,TRUE,0,3,1,"off_axis",2.32678394734132,2.82842712474619,3.25,4,2,2.03782036012307,1,8,1,21,4,FALSE,21,2097152,4,16,25,25
828,"-2:-1|-1:2|2:-2|2:2",4,TRUE,0,2,2,"off_axis",2.53224755112299,2.82842712474619,3.5,4,2,2.12514076993644,3,8,1,25,0,TRUE,25,33554432,0,1,25,25
829,"-2:-1|-1:2|1:-2|2:2",4,TRUE,0,1,3,"off_axis",2.38415776431139,2.82842712474619,3.25,4,2,2.18951165296178,4,8,1,21,4,FALSE,21,2097152,4,16,25,25
830,"-2:-1|-1:2|0:-2|2:2",4,TRUE,1,1,2,"mixed",2.32514076993644,2.82842712474619,3,4,2,2.1659048552118,4,8,1,21,4,FALSE,21,2097152,4,16,25,25
831,"-2:-1|-1:-2|-1:2|2:2",4,TRUE,0,1,3,"off_axis",2.38415776431139,2.82842712474619,3.25,4,2,2.0659048552118,3,8,1,25,0,TRUE,25,33554432,0,1,25,25
832,"-1:-2|-1:2|2:-2|2:2",4,TRUE,0,2,2,"off_axis",2.53224755112299,2.82842712474619,3.5,4,2,2.06011261594915,3,4,2,25,0,TRUE,25,33554432,0,1,25,25
833,"-2:-1|-2:2|2:-2|2:2",4,TRUE,0,3,1,"off_axis",2.68033733793459,2.82842712474619,3.75,4,2,1.97858444539843,2,8,1,25,0,TRUE,25,33554432,0,1,25,25
834,"-1:-2|0:2|1:2|2:-2",4,TRUE,1,1,2,"mixed",2.32514076993644,2.82842712474619,3,4,2,1.96011261594915,2,8,1,25,0,TRUE,25,33554432,0,1,25,25
835,"-1:-2|-1:2|1:-2|2:2",4,TRUE,0,1,3,"off_axis",2.38415776431139,2.82842712474619,3.25,4,2,2.04229805746182,3,8,1,25,0,TRUE,25,33554432,0,1,25,25
836,"-2:-1|-2:2|2:-2|2:1",4,TRUE,0,2,2,"off_axis",2.53224755112299,2.82842712474619,3.5,4,2,2.0607698869111,2,4,2,17,8,FALSE,17,131072,8,256,25,25
837,"-1:-2|-1:2|0:-2|2:2",4,TRUE,1,1,2,"mixed",2.32514076993644,2.82842712474619,3,4,2,1.91869125971184,3,8,1,21,4,FALSE,21,2097152,4,16,25,25
838,"-2:-2|-1:-1|0:-1|2:-2",4,TRUE,1,3,0,"mixed",2.01776695296637,2.82842712474619,2.75,4,2,1.81934853067379,1,8,1,25,0,TRUE,25,33554432,0,1,25,25
839,"-2:-2|-1:-1|1:-1|2:-2",4,TRUE,0,4,0,"diagonal_only",2.12132034355964,2.82842712474619,3,4,2,1.87858444539843,1,4,2,21,4,FALSE,21,2097152,4,16,25,25
840,"-2:-2|-1:-1|-1:0|2:-2",4,TRUE,1,3,0,"mixed",2.01776695296637,2.82842712474619,2.75,4,2,1.87858444539843,1,8,1,25,0,TRUE,25,33554432,0,1,25,25
841,"-2:-2|-1:-1|1:0|2:-2",4,TRUE,1,3,0,"mixed",2.01776695296637,2.82842712474619,2.75,4,2,2.00219124314841,1,8,1,17,8,FALSE,17,131072,8,256,25,25
842,"-1:-1|1:-1|2:-2|2:2",4,TRUE,0,4,0,"diagonal_only",2.12132034355964,2.82842712474619,3,4,2,2.02000580163574,1,8,1,21,4,FALSE,21,2097152,4,16,25,25
843,"-1:0|1:-1|2:-2|2:2",4,TRUE,1,3,0,"mixed",2.01776695296637,2.82842712474619,2.75,4,2,2.06142715787305,1,8,1,25,0,TRUE,25,33554432,0,1,25,25
844,"-1:-1|1:1|2:-2|2:2",4,TRUE,0,4,0,"diagonal_only",2.12132034355964,2.82842712474619,3,4,2,2.10284851411036,1,8,1,21,4,FALSE,21,2097152,4,16,25,25
845,"-2:-2|-2:2|-1:-1|2:-2",4,TRUE,0,4,0,"diagonal_only",2.47487373415292,2.82842712474619,3.5,4,2,1.92000580163574,1,4,2,25,0,TRUE,25,33554432,0,1,25,25
846,"-2:-1|1:-1|2:-2|2:2",4,TRUE,0,3,1,"off_axis",2.32678394734132,2.82842712474619,3.25,4,2,1.9607698869111,1,8,1,25,0,TRUE,25,33554432,0,1,25,25
847,"-2:-2|-1:-1|0:2|2:-2",4,TRUE,1,3,0,"mixed",2.26776695296637,2.82842712474619,3,4,2,2.04295532842377,2,8,1,25,0,TRUE,25,33554432,0,1,25,25
848,"-2:-1|1:1|2:-2|2:2",4,TRUE,0,3,1,"off_axis",2.32678394734132,2.82842712474619,3.25,4,2,2.04361259938572,1,8,1,21,4,FALSE,21,2097152,4,16,25,25
849,"-2:-2|-1:-1|2:-2|2:2",4,TRUE,0,4,0,"diagonal_only",2.47487373415292,2.82842712474619,3.5,4,2,1.97924171636038,1,8,1,21,4,FALSE,21,2097152,4,16,25,25
850,"-2:-2|-1:0|0:-1|2:-2",4,TRUE,2,2,0,"mixed",1.9142135623731,2.82842712474619,2.5,4,2,1.9607698869111,2,8,1,25,0,TRUE,25,33554432,0,1,25,25
851,"-1:-1|1:0|2:-2|2:2",4,TRUE,1,3,0,"mixed",2.01776695296637,2.82842712474619,2.75,4,2,2.08437668466108,2,8,1,25,0,TRUE,25,33554432,0,1,25,25
852,"-1:0|1:0|2:-2|2:2",4,TRUE,2,2,0,"mixed",1.9142135623731,2.82842712474619,2.5,4,2,2.07858444539843,2,4,2,25,0,TRUE,25,33554432,0,1,25,25
853,"-2:-2|-2:2|-1:0|2:-2",4,TRUE,1,3,0,"mixed",2.37132034355964,2.82842712474619,3.25,4,2,2.02000580163574,2,8,1,25,0,TRUE,25,33554432,0,1,25,25
854,"-2:-1|1:0|2:-2|2:2",4,TRUE,1,2,1,"mixed",2.22323055674804,2.82842712474619,3,4,2,2.02514076993644,2,8,1,25,0,TRUE,25,33554432,0,1,25,25
855,"-2:-2|-2:2|-1:0|2:0",4,TRUE,2,2,0,"mixed",2.16421356237309,2.82842712474619,2.75,4,2,2.06011261594915,3,4,2,25,0,TRUE,25,33554432,0,1,25,25
856,"-2:-2|-1:0|1:0|2:-2",4,TRUE,2,2,0,"mixed",1.9142135623731,2.82842712474619,2.5,4,2,2.07858444539843,2,4,2,21,4,FALSE,21,2097152,4,16,25,25
857,"-1:-1|0:-1|2:-2|2:2",4,TRUE,1,3,0,"mixed",2.01776695296637,2.82842712474619,2.75,4,2,2.02000580163574,2,8,1,25,0,TRUE,25,33554432,0,1,25,25
858,"-1:0|0:-1|2:-2|2:2",4,TRUE,2,2,0,"mixed",1.9142135623731,2.82842712474619,2.5,4,2,2.07924171636038,2,8,1,21,4,FALSE,21,2097152,4,16,25,25
859,"-1:-1|0:1|2:-2|2:2",4,TRUE,1,3,0,"mixed",2.01776695296637,2.82842712474619,2.75,4,2,2.14361259938572,2,8,1,21,4,FALSE,21,2097152,4,16,25,25
860,"-2:-1|0:-1|2:-2|2:2",4,TRUE,1,2,1,"mixed",2.22323055674804,2.82842712474619,3,4,2,2.0607698869111,2,8,1,25,0,TRUE,25,33554432,0,1,25,25
861,"-2:-2|-1:0|0:2|2:-2",4,TRUE,2,2,0,"mixed",2.16421356237309,2.82842712474619,2.75,4,2,2.14295532842377,3,8,1,25,0,TRUE,25,33554432,0,1,25,25
862,"-2:-1|0:1|2:-2|2:2",4,TRUE,1,2,1,"mixed",2.22323055674804,2.82842712474619,3,4,2,2.14361259938572,2,8,1,21,4,FALSE,21,2097152,4,16,25,25
863,"-2:-2|-1:0|2:-2|2:2",4,TRUE,1,3,0,"mixed",2.37132034355964,2.82842712474619,3.25,4,2,2.07924171636038,2,8,1,21,4,FALSE,21,2097152,4,16,25,25
864,"-1:-1|-1:0|2:-2|2:2",4,TRUE,1,3,0,"mixed",2.01776695296637,2.82842712474619,2.75,4,2,2.07924171636038,2,8,1,21,4,FALSE,21,2097152,4,16,25,25
865,"-1:-1|-1:1|2:-2|2:2",4,TRUE,0,4,0,"diagonal_only",2.12132034355964,2.82842712474619,3,4,2,2.16142715787305,2,4,2,21,4,FALSE,21,2097152,4,16,25,25
866,"-2:-1|-1:-1|2:-2|2:2",4,TRUE,0,3,1,"off_axis",2.32678394734132,2.82842712474619,3.25,4,2,2.00219124314841,1,8,1,25,0,TRUE,25,33554432,0,1,25,25
867,"-2:-2|-1:1|0:2|2:-2",4,TRUE,1,3,0,"mixed",2.26776695296637,2.82842712474619,3,4,2,2.10219124314841,2,8,1,25,0,TRUE,25,33554432,0,1,25,25
868,"-2:-1|-1:1|2:-2|2:2",4,TRUE,0,3,1,"off_axis",2.32678394734132,2.82842712474619,3.25,4,2,2.12579804089839,2,8,1,21,4,FALSE,21,2097152,4,16,25,25
869,"-2:-2|-1:1|2:-2|2:2",4,TRUE,0,4,0,"diagonal_only",2.47487373415292,2.82842712474619,3.5,4,2,2.06142715787305,2,4,2,25,0,TRUE,25,33554432,0,1,25,25
870,"-2:-1|-1:0|2:-2|2:2",4,TRUE,1,2,1,"mixed",2.22323055674804,2.82842712474619,3,4,2,2.06142715787305,1,8,1,25,0,TRUE,25,33554432,0,1,25,25
871,"-2:-2|-2:2|1:0|2:0",4,TRUE,2,2,0,"mixed",2.16421356237309,2.82842712474619,2.75,4,2,2.07858444539843,2,4,2,25,0,TRUE,25,33554432,0,1,25,25
872,"-2:-2|-2:2|2:-2|2:2",4,TRUE,0,4,0,"diagonal_only",2.82842712474619,2.82842712474619,4,4,2,1.8142135623731,2,1,8,17,8,FALSE,17,131072,8,256,25,25
873,"-2:-1|-2:0|2:-2|2:2",4,TRUE,1,2,1,"mixed",2.47323055674804,2.82842712474619,3.25,4,2,2.00153397218646,2,8,1,25,0,TRUE,25,33554432,0,1,25,25
874,"-2:-1|-2:1|2:-2|2:2",4,TRUE,0,2,2,"off_axis",2.53224755112299,2.82842712474619,3.5,4,2,2.04295532842377,2,4,2,21,4,FALSE,21,2097152,4,16,25,25
875,"-1:-1|0:-1|1:-1|2:-2",4,TRUE,1,3,0,"mixed",1.6642135623731,2.82842712474619,2.25,4,2,1.65432037668651,1,8,1,25,0,TRUE,25,33554432,0,1,25,25
876,"-2:-1|0:-1|1:-1|2:-2",4,TRUE,1,2,1,"mixed",1.86967716615477,2.82842712474619,2.5,4,2,1.75432037668651,1,8,1,25,0,TRUE,25,33554432,0,1,25,25
877,"-2:-2|-1:-1|-1:0|0:-1",4,TRUE,2,2,0,"mixed",1.56066017177982,2.82842712474619,2,4,2,1.55432037668651,1,4,2,25,0,TRUE,25,33554432,0,1,25,25
878,"-1:0|0:-1|1:-1|2:-2",4,TRUE,2,2,0,"mixed",1.56066017177982,2.82842712474619,2,4,2,1.73716308916112,1,8,1,21,4,FALSE,21,2097152,4,16,25,25
879,"-2:-2|-1:-1|-1:0|0:2",4,TRUE,2,2,0,"mixed",1.81066017177982,2.82842712474619,2.25,4,2,1.86011261594915,2,8,1,21,4,FALSE,21,2097152,4,16,25,25
880,"-1:-1|1:-1|1:0|2:-2",4,TRUE,1,3,0,"mixed",1.6642135623731,2.82842712474619,2.25,4,2,1.77792717443648,1,8,1,21,4,FALSE,21,2097152,4,16,25,25
881,"-1:0|1:-1|1:0|2:-2",4,TRUE,2,2,0,"mixed",1.56066017177982,2.82842712474619,2,4,2,1.79574173292382,1,8,1,25,0,TRUE,25,33554432,0,1,25,25
882,"-1:-1|0:1|1:1|2:2",4,TRUE,1,3,0,"mixed",1.6642135623731,2.82842712474619,2.25,4,2,1.92000580163574,1,8,1,21,4,FALSE,21,2097152,4,16,25,25
883,"-1:-2|1:0|1:1|2:2",4,TRUE,1,2,1,"mixed",1.86967716615477,2.82842712474619,2.5,4,2,2.00219124314841,2,8,1,25,0,TRUE,25,33554432,0,1,25,25
884,"-2:-1|1:-1|1:0|2:-2",4,TRUE,1,2,1,"mixed",1.86967716615477,2.82842712474619,2.5,4,2,1.77792717443648,1,8,1,25,0,TRUE,25,33554432,0,1,25,25
885,"-2:-2|-1:-1|-1:0|2:0",4,TRUE,2,2,0,"mixed",1.81066017177982,2.82842712474619,2.25,4,2,1.83650581819917,2,8,1,21,4,FALSE,21,2097152,4,16,25,25
886,"-1:-2|0:1|1:1|2:2",4,TRUE,1,2,1,"mixed",1.86967716615477,2.82842712474619,2.5,4,2,1.94295532842377,2,8,1,25,0,TRUE,25,33554432,0,1,25,25
887,"-2:-2|-1:-1|-1:0|2:2",4,TRUE,1,3,0,"mixed",2.01776695296637,2.82842712474619,2.75,4,2,1.97924171636038,1,8,1,21,4,FALSE,21,2097152,4,16,25,25
888,"-2:-1|-1:-1|1:-1|2:-2",4,TRUE,0,3,1,"off_axis",1.97323055674804,2.82842712474619,2.75,4,2,1.79574173292382,1,8,1,17,8,FALSE,17,131072,8,256,25,25
889,"-1:-1|-1:0|1:-1|2:-2",4,TRUE,1,3,0,"mixed",1.6642135623731,2.82842712474619,2.25,4,2,1.83716308916112,1,8,1,25,0,TRUE,25,33554432,0,1,25,25
890,"-2:-2|-1:-1|-1:1|0:2",4,TRUE,1,3,0,"mixed",1.9142135623731,2.82842712474619,2.5,4,2,1.91934853067379,1,8,1,21,4,FALSE,21,2097152,4,16,25,25
891,"-1:-1|1:-1|1:1|2:-2",4,TRUE,0,4,0,"diagonal_only",1.76776695296637,2.82842712474619,2.5,4,2,1.97858444539843,1,4,2,25,0,TRUE,25,33554432,0,1,25,25
892,"-1:-1|0:1|1:-1|2:-2",4,TRUE,1,3,0,"mixed",1.6642135623731,2.82842712474619,2.25,4,2,1.9607698869111,1,8,1,25,0,TRUE,25,33554432,0,1,25,25
893,"-1:-1|-1:1|1:-1|2:-2",4,TRUE,0,4,0,"diagonal_only",1.76776695296637,2.82842712474619,2.5,4,2,2.03782036012307,1,8,1,21,4,FALSE,21,2097152,4,16,25,25
894,"-1:-2|1:-1|1:1|2:2",4,TRUE,0,3,1,"off_axis",1.97323055674804,2.82842712474619,2.75,4,2,2.08437668466108,2,8,1,21,4,FALSE,21,2097152,4,16,25,25
895,"-1:-1|1:-1|1:2|2:-2",4,TRUE,0,3,1,"off_axis",1.97323055674804,2.82842712474619,2.75,4,2,1.97858444539843,1,8,1,25,0,TRUE,25,33554432,0,1,25,25
896,"-1:-1|0:2|1:-1|2:-2",4,TRUE,1,3,0,"mixed",1.9142135623731,2.82842712474619,2.5,4,2,2.00153397218646,2,8,1,25,0,TRUE,25,33554432,0,1,25,25
897,"-1:-1|-1:2|1:-1|2:-2",4,TRUE,0,3,1,"off_axis",1.97323055674804,2.82842712474619,2.75,4,2,2.0607698869111,2,8,1,25,0,TRUE,25,33554432,0,1,25,25
898,"-2:-2|-1:-1|-1:1|2:2",4,TRUE,0,4,0,"diagonal_only",2.12132034355964,2.82842712474619,3,4,2,2.06142715787305,1,8,1,21,4,FALSE,21,2097152,4,16,25,25
899,"-2:-1|-1:0|1:-1|2:-2",4,TRUE,1,2,1,"mixed",1.86967716615477,2.82842712474619,2.5,4,2,1.87858444539843,1,8,1,21,4,FALSE,21,2097152,4,16,25,25
900,"-2:-1|-2:0|1:-1|2:-2",4,TRUE,1,2,1,"mixed",2.11967716615477,2.82842712474619,2.75,4,2,1.87792717443648,1,8,1,25,0,TRUE,25,33554432,0,1,25,25
901,"-1:0|1:-1|1:2|2:-2",4,TRUE,1,2,1,"mixed",1.86967716615477,2.82842712474619,2.5,4,2,2.02000580163574,1,8,1,21,4,FALSE,21,2097152,4,16,25,25
902,"-1:-1|1:-2|1:1|2:2",4,TRUE,0,3,1,"off_axis",1.97323055674804,2.82842712474619,2.75,4,2,2.06142715787305,1,8,1,21,4,FALSE,21,2097152,4,16,25,25
903,"-1:-2|1:-2|1:1|2:2",4,TRUE,0,2,2,"off_axis",2.17869416052972,2.82842712474619,3,4,2,2.0607698869111,2,8,1,25,0,TRUE,25,33554432,0,1,25,25
904,"-2:-1|1:-1|1:2|2:-2",4,TRUE,0,2,2,"off_axis",2.17869416052972,2.82842712474619,3,4,2,1.97858444539843,1,4,2,25,0,TRUE,25,33554432,0,1,25,25
905,"-2:-1|0:2|1:-1|2:-2",4,TRUE,1,2,1,"mixed",2.11967716615477,2.82842712474619,2.75,4,2,2.0607698869111,2,8,1,25,0,TRUE,25,33554432,0,1,25,25
906,"-2:-1|-1:2|1:-1|2:-2",4,TRUE,0,2,2,"off_axis",2.17869416052972,2.82842712474619,3,4,2,2.08437668466108,2,8,1,21,4,FALSE,21,2097152,4,16,25,25
907,"-2:-2|-1:-1|0:1|0:2",4,TRUE,2,2,0,"mixed",1.81066017177982,2.82842712474619,2.25,4,2,1.91934853067379,1,8,1,21,4,FALSE,21,2097152,4,16,25,25
908,"-1:0|0:-1|1:1|2:2",4,TRUE,2,2,0,"mixed",1.56066017177982,2.82842712474619,2,4,2,1.92000580163574,1,4,2,25,0,TRUE,25,33554432,0,1,25,25
909,"-1:-1|-1:0|1:1|2:2",4,TRUE,1,3,0,"mixed",1.6642135623731,2.82842712474619,2.25,4,2,1.97924171636038,1,8,1,21,4,FALSE,21,2097152,4,16,25,25
910,"-1:-2|0:-1|1:1|2:2",4,TRUE,1,2,1,"mixed",1.86967716615477,2.82842712474619,2.5,4,2,2.04361259938572,1,8,1,21,4,FALSE,21,2097152,4,16,25,25
911,"-1:0|0:-2|1:1|2:2",4,TRUE,2,2,0,"mixed",1.81066017177982,2.82842712474619,2.25,4,2,2.04295532842377,2,8,1,25,0,TRUE,25,33554432,0,1,25,25
912,"-1:-2|-1:0|1:1|2:2",4,TRUE,1,2,1,"mixed",1.86967716615477,2.82842712474619,2.5,4,2,2.10219124314841,2,8,1,25,0,TRUE,25,33554432,0,1,25,25
913,"-2:-2|-1:-1|0:1|2:2",4,TRUE,1,3,0,"mixed",2.01776695296637,2.82842712474619,2.75,4,2,2.10284851411036,1,8,1,21,4,FALSE,21,2097152,4,16,25,25
914,"-1:-1|0:-2|1:1|2:2",4,TRUE,1,3,0,"mixed",1.9142135623731,2.82842712474619,2.5,4,2,2.06142715787305,1,8,1,21,4,FALSE,21,2097152,4,16,25,25
915,"-1:-2|0:-2|1:1|2:2",4,TRUE,1,2,1,"mixed",2.11967716615477,2.82842712474619,2.75,4,2,2.04295532842377,2,8,1,25,0,TRUE,25,33554432,0,1,25,25
916,"-2:-2|-1:-1|0:2|2:0",4,TRUE,2,2,0,"mixed",2.06066017177982,2.82842712474619,2.5,4,2,2.14295532842377,3,4,2,25,0,TRUE,25,33554432,0,1,25,25
917,"-2:-1|0:-2|1:1|2:2",4,TRUE,1,2,1,"mixed",2.11967716615477,2.82842712474619,2.75,4,2,2.16656212617375,3,8,1,21,4,FALSE,21,2097152,4,16,25,25
918,"-1:-2|-1:-1|1:1|2:2",4,TRUE,0,3,1,"off_axis",1.97323055674804,2.82842712474619,2.75,4,2,2.10284851411036,1,8,1,21,4,FALSE,21,2097152,4,16,25,25
919,"-2:-2|-1:-1|1:1|2:2",4,TRUE,0,4,0,"diagonal_only",2.12132034355964,2.82842712474619,3,4,2,2.12132034355964,1,2,4,5,20,FALSE,5,32,20,1048576,5,5
920,"-2:-1|-1:-2|1:1|2:2",4,TRUE,0,2,2,"off_axis",2.17869416052972,2.82842712474619,3,4,2,2.1672193971357,2,4,2,17,8,FALSE,17,131072,8,256,25,25
921,"-2:-1|-1:-1|0:-1|2:-2",4,TRUE,1,2,1,"mixed",1.86967716615477,2.82842712474619,2.5,4,2,1.73650581819918,1,8,1,25,0,TRUE,25,33554432,0,1,25,25
922,"-1:-1|0:-1|1:0|2:-2",4,TRUE,2,2,0,"mixed",1.56066017177982,2.82842712474619,2,4,2,1.76011261594915,2,8,1,25,0,TRUE,25,33554432,0,1,25,25
923,"-1:-1|-1:0|0:-1|2:-2",4,TRUE,2,2,0,"mixed",1.56066017177982,2.82842712474619,2,4,2,1.69574173292382,2,8,1,25,0,TRUE,25,33554432,0,1,25,25
924,"-2:-2|-1:0|-1:1|0:2",4,TRUE,2,2,0,"mixed",1.81066017177982,2.82842712474619,2.25,4,2,1.86011261594915,2,8,1,25,0,TRUE,25,33554432,0,1,25,25
925,"-1:-1|0:-1|1:1|2:-2",4,TRUE,1,3,0,"mixed",1.6642135623731,2.82842712474619,2.25,4,2,1.94295532842377,2,8,1,25,0,TRUE,25,33554432,0,1,25,25
926,"-1:-1|0:-1|0:1|2:-2",4,TRUE,2,2,0,"mixed",1.56066017177982,2.82842712474619,2,4,2,1.87792717443648,2,8,1,25,0,TRUE,25,33554432,0,1,25,25
927,"-1:-1|-1:1|0:-1|2:-2",4,TRUE,1,3,0,"mixed",1.6642135623731,2.82842712474619,2.25,4,2,1.91934853067379,2,8,1,25,0,TRUE,25,33554432,0,1,25,25
928,"-1:-2|1:-1|1:0|2:2",4,TRUE,1,2,1,"mixed",1.86967716615477,2.82842712474619,2.5,4,2,2.02514076993644,3,8,1,25,0,TRUE,25,33554432,0,1,25,25
929,"-1:-1|0:-1|1:2|2:-2",4,TRUE,1,2,1,"mixed",1.86967716615477,2.82842712474619,2.5,4,2,1.94295532842377,2,8,1,25,0,TRUE,25,33554432,0,1,25,25
930,"-1:-1|0:-1|0:2|2:-2",4,TRUE,2,2,0,"mixed",1.81066017177982,2.82842712474619,2.25,4,2,1.91869125971184,3,8,1,25,0,TRUE,25,33554432,0,1,25,25
931,"-1:-1|-1:2|0:-1|2:-2",4,TRUE,1,2,1,"mixed",1.86967716615477,2.82842712474619,2.5,4,2,1.94229805746182,3,8,1,25,0,TRUE,25,33554432,0,1,25,25
932,"-2:-2|-1:0|-1:1|2:2",4,TRUE,1,3,0,"mixed",2.01776695296637,2.82842712474619,2.75,4,2,2.00219124314841,2,8,1,25,0,TRUE,25,33554432,0,1,25,25
933,"-2:-1|0:-1|1:0|2:-2",4,TRUE,2,1,1,"mixed",1.76612377556149,2.82842712474619,2.25,4,2,1.86011261594915,2,8,1,25,0,TRUE,25,33554432,0,1,25,25
934,"-2:-1|-1:0|0:-1|2:-2",4,TRUE,2,1,1,"mixed",1.76612377556149,2.82842712474619,2.25,4,2,1.83716308916112,1,8,1,25,0,TRUE,25,33554432,0,1,25,25
935,"-2:-1|-2:0|0:-1|2:-2",4,TRUE,2,1,1,"mixed",2.01612377556149,2.82842712474619,2.5,4,2,1.91869125971184,2,8,1,25,0,TRUE,25,33554432,0,1,25,25
936,"-1:-1|1:0|1:2|2:-2",4,TRUE,1,2,1,"mixed",1.86967716615477,2.82842712474619,2.5,4,2,2.04295532842377,2,8,1,25,0,TRUE,25,33554432,0,1,25,25
937,"-1:0|1:-2|1:0|2:2",4,TRUE,2,1,1,"mixed",1.76612377556149,2.82842712474619,2.25,4,2,2.03716308916112,2,8,1,25,0,TRUE,25,33554432,0,1,25,25
938,"-1:-1|1:-2|1:0|2:2",4,TRUE,1,2,1,"mixed",1.86967716615477,2.82842712474619,2.5,4,2,2.04295532842377,2,8,1,25,0,TRUE,25,33554432,0,1,25,25
939,"-1:-2|1:-2|1:0|2:2",4,TRUE,1,1,2,"mixed",2.07514076993644,2.82842712474619,2.75,4,2,2.10153397218646,3,8,1,25,0,TRUE,25,33554432,0,1,25,25
940,"-2:-1|0:-1|1:2|2:-2",4,TRUE,1,1,2,"mixed",2.07514076993644,2.82842712474619,2.75,4,2,2.04295532842377,2,8,1,25,0,TRUE,25,33554432,0,1,25,25
941,"-2:-1|0:-1|0:2|2:-2",4,TRUE,2,1,1,"mixed",2.01612377556149,2.82842712474619,2.5,4,2,2.07792717443648,3,8,1,25,0,TRUE,25,33554432,0,1,25,25
942,"-2:-1|-1:2|0:-1|2:-2",4,TRUE,1,1,2,"mixed",2.07514076993644,2.82842712474619,2.75,4,2,2.0659048552118,3,8,1,25,0,TRUE,25,33554432,0,1,25,25
943,"-1:0|0:-1|1:0|2:-2",4,TRUE,3,1,0,"mixed",1.45710678118655,2.82842712474619,1.75,4,2,1.79574173292382,2,8,1,25,0,TRUE,25,33554432,0,1,25,25
944,"-2:-2|-1:0|0:-1|0:2",4,TRUE,3,1,0,"mixed",1.70710678118655,2.82842712474619,2,4,2,1.91869125971184,3,8,1,25,0,TRUE,25,33554432,0,1,25,25
945,"-1:-1|0:1|1:0|2:2",4,TRUE,2,2,0,"mixed",1.56066017177982,2.82842712474619,2,4,2,1.94295532842377,2,4,2,25,0,TRUE,25,33554432,0,1,25,25
946,"-1:-2|0:1|1:0|2:2",4,TRUE,2,1,1,"mixed",1.76612377556149,2.82842712474619,2.25,4,2,2.02514076993644,3,8,1,25,0,TRUE,25,33554432,0,1,25,25
947,"-2:-2|-1:0|0:-1|2:2",4,TRUE,2,2,0,"mixed",1.9142135623731,2.82842712474619,2.5,4,2,2.06142715787305,2,4,2,25,0,TRUE,25,33554432,0,1,25,25
948,"-2:-2|-1:0|0:1|0:2",4,TRUE,3,1,0,"mixed",1.70710678118655,2.82842712474619,2,4,2,1.87792717443648,2,8,1,21,4,FALSE,21,2097152,4,16,25,25
949,"-1:-1|0:1|1:0|2:-2",4,TRUE,2,2,0,"mixed",1.56066017177982,2.82842712474619,2,4,2,1.94295532842377,2,8,1,25,0,TRUE,25,33554432,0,1,25,25
950,"-1:0|0:-1|0:1|2:-2",4,TRUE,3,1,0,"mixed",1.45710678118655,2.82842712474619,1.75,4,2,1.85497764764846,2,8,1,21,4,FALSE,21,2097152,4,16,25,25
951,"-1:-1|-1:0|0:1|2:2",4,TRUE,2,2,0,"mixed",1.56066017177982,2.82842712474619,2,4,2,1.87858444539843,2,8,1,25,0,TRUE,25,33554432,0,1,25,25
952,"-1:-2|0:-1|1:0|2:2",4,TRUE,2,1,1,"mixed",1.76612377556149,2.82842712474619,2.25,4,2,2.00219124314841,2,8,1,25,0,TRUE,25,33554432,0,1,25,25
953,"-1:0|0:-1|1:2|2:-2",4,TRUE,2,1,1,"mixed",1.76612377556149,2.82842712474619,2.25,4,2,2.00219124314841,2,8,1,25,0,TRUE,25,33554432,0,1,25,25
954,"-1:0|0:-1|0:2|2:-2",4,TRUE,3,1,0,"mixed",1.70710678118655,2.82842712474619,2,4,2,1.97792717443648,3,8,1,25,0,TRUE,25,33554432,0,1,25,25
955,"-1:-2|-1:0|0:1|2:2",4,TRUE,2,1,1,"mixed",1.76612377556149,2.82842712474619,2.25,4,2,2.00153397218646,3,8,1,25,0,TRUE,25,33554432,0,1,25,25
956,"-2:-2|-1:0|0:1|2:2",4,TRUE,2,2,0,"mixed",1.9142135623731,2.82842712474619,2.5,4,2,2.06142715787305,2,4,2,25,0,TRUE,25,33554432,0,1,25,25
957,"-1:-1|0:2|1:0|2:-2",4,TRUE,2,2,0,"mixed",1.81066017177982,2.82842712474619,2.25,4,2,2.0659048552118,3,8,1,21,4,FALSE,21,2097152,4,16,25,25
958,"-1:0|0:-2|1:0|2:2",4,TRUE,3,1,0,"mixed",1.70710678118655,2.82842712474619,2,4,2,2.06011261594915,3,8,1,25,0,TRUE,25,33554432,0,1,25,25
959,"-1:-1|0:-2|1:0|2:2",4,TRUE,2,2,0,"mixed",1.81066017177982,2.82842712474619,2.25,4,2,2.04295532842377,2,8,1,25,0,TRUE,25,33554432,0,1,25,25
960,"-1:-2|0:-2|1:0|2:2",4,TRUE,2,1,1,"mixed",2.01612377556149,2.82842712474619,2.5,4,2,2.08371941369913,3,8,1,21,4,FALSE,21,2097152,4,16,25,25
961,"-2:-1|0:2|1:0|2:-2",4,TRUE,2,1,1,"mixed",2.01612377556149,2.82842712474619,2.5,4,2,2.12514076993644,3,8,1,25,0,TRUE,25,33554432,0,1,25,25
962,"-2:-2|-1:0|0:2|2:0",4,TRUE,3,1,0,"mixed",1.95710678118655,2.82842712474619,2.25,4,2,2.16011261594915,4,8,1,25,0,TRUE,25,33554432,0,1,25,25
963,"-2:-1|0:-2|1:0|2:2",4,TRUE,2,1,1,"mixed",2.01612377556149,2.82842712474619,2.5,4,2,2.14809029672447,4,8,1,21,4,FALSE,21,2097152,4,16,25,25
964,"-1:-1|-1:0|1:0|2:-2",4,TRUE,2,2,0,"mixed",1.56066017177982,2.82842712474619,2,4,2,1.87792717443648,2,8,1,21,4,FALSE,21,2097152,4,16,25,25
965,"-1:-1|-1:1|1:0|2:-2",4,TRUE,1,3,0,"mixed",1.6642135623731,2.82842712474619,2.25,4,2,2.04295532842377,2,8,1,25,0,TRUE,25,33554432,0,1,25,25
966,"-1:-1|-1:2|1:0|2:-2",4,TRUE,1,2,1,"mixed",1.86967716615477,2.82842712474619,2.5,4,2,2.12514076993644,3,8,1,25,0,TRUE,25,33554432,0,1,25,25
967,"-2:-1|-1:-1|1:0|2:-2",4,TRUE,1,2,1,"mixed",1.86967716615477,2.82842712474619,2.5,4,2,1.88371941369913,1,8,1,21,4,FALSE,21,2097152,4,16,25,25
968,"-2:-2|-1:0|1:-1|2:0",4,TRUE,2,2,0,"mixed",1.81066017177982,2.82842712474619,2.25,4,2,1.96011261594915,2,8,1,21,4,FALSE,21,2097152,4,16,25,25
969,"-1:-2|0:1|1:-1|2:2",4,TRUE,1,2,1,"mixed",1.86967716615477,2.82842712474619,2.5,4,2,2.08951165296178,3,8,1,21,4,FALSE,21,2097152,4,16,25,25
970,"-2:-2|-1:0|1:-1|2:2",4,TRUE,1,3,0,"mixed",2.01776695296637,2.82842712474619,2.75,4,2,2.12579804089839,2,8,1,21,4,FALSE,21,2097152,4,16,25,25
971,"-1:-1|-1:0|1:0|2:2",4,TRUE,2,2,0,"mixed",1.56066017177982,2.82842712474619,2,4,2,1.93716308916112,2,8,1,25,0,TRUE,25,33554432,0,1,25,25
972,"-1:-2|-1:0|1:0|2:2",4,TRUE,2,1,1,"mixed",1.76612377556149,2.82842712474619,2.25,4,2,2.11934853067379,3,8,1,25,0,TRUE,25,33554432,0,1,25,25
973,"-2:-1|-1:0|1:0|2:-2",4,TRUE,2,1,1,"mixed",1.76612377556149,2.82842712474619,2.25,4,2,1.91934853067379,1,8,1,21,4,FALSE,21,2097152,4,16,25,25
974,"-2:-2|-1:0|1:0|2:0",4,TRUE,3,1,0,"mixed",1.70710678118655,2.82842712474619,2,4,2,1.9128990204492,2,8,1,21,4,FALSE,21,2097152,4,16,25,25
975,"-1:-2|0:-1|0:1|2:2",4,TRUE,2,1,1,"mixed",1.76612377556149,2.82842712474619,2.25,4,2,2.00153397218646,2,8,1,21,4,FALSE,21,2097152,4,16,25,25
976,"-2:-2|-1:0|1:0|2:2",4,TRUE,2,2,0,"mixed",1.9142135623731,2.82842712474619,2.5,4,2,2.12000580163574,2,4,2,17,8,FALSE,17,131072,8,256,25,25
977,"-1:-2|-1:-1|1:0|2:2",4,TRUE,1,2,1,"mixed",1.86967716615477,2.82842712474619,2.5,4,2,2.08437668466108,2,8,1,21,4,FALSE,21,2097152,4,16,25,25
978,"-1:-1|0:1|1:-2|2:2",4,TRUE,1,2,1,"mixed",1.86967716615477,2.82842712474619,2.5,4,2,2.06656212617375,2,8,1,21,4,FALSE,21,2097152,4,16,25,25
979,"-1:-1|0:-2|0:1|2:2",4,TRUE,2,2,0,"mixed",1.81066017177982,2.82842712474619,2.25,4,2,2.01934853067379,2,8,1,21,4,FALSE,21,2097152,4,16,25,25
980,"-1:-2|-1:-1|0:1|2:2",4,TRUE,1,2,1,"mixed",1.86967716615477,2.82842712474619,2.5,4,2,2.02514076993644,2,8,1,17,8,FALSE,17,131072,8,256,25,25
981,"-2:-1|-1:2|1:0|2:-2",4,TRUE,1,1,2,"mixed",2.07514076993644,2.82842712474619,2.75,4,2,2.14874756768642,3,8,1,21,4,FALSE,21,2097152,4,16,25,25
982,"-2:-1|0:-2|0:1|2:2",4,TRUE,2,1,1,"mixed",2.01612377556149,2.82842712474619,2.5,4,2,2.18371941369913,4,8,1,17,8,FALSE,17,131072,8,256,25,25
983,"-2:-1|-1:-2|0:1|2:2",4,TRUE,1,1,2,"mixed",2.07514076993644,2.82842712474619,2.75,4,2,2.14874756768642,3,8,1,21,4,FALSE,21,2097152,4,16,25,25
984,"-2:-1|-2:0|1:0|2:-2",4,TRUE,2,1,1,"mixed",2.01612377556149,2.82842712474619,2.5,4,2,1.91869125971184,2,8,1,25,0,TRUE,25,33554432,0,1,25,25
985,"-1:-2|0:1|1:-2|2:2",4,TRUE,1,1,2,"mixed",2.07514076993644,2.82842712474619,2.75,4,2,2.0659048552118,3,8,1,25,0,TRUE,25,33554432,0,1,25,25
986,"-1:-2|0:-2|0:1|2:2",4,TRUE,2,1,1,"mixed",2.01612377556149,2.82842712474619,2.5,4,2,2.00087670122451,3,8,1,21,4,FALSE,21,2097152,4,16,25,25
987,"-2:-1|-1:-1|-1:0|2:-2",4,TRUE,1,2,1,"mixed",1.86967716615477,2.82842712474619,2.5,4,2,1.73716308916112,1,8,1,21,4,FALSE,21,2097152,4,16,25,25
988,"-2:-1|-2:0|-1:-1|2:-2",4,TRUE,1,2,1,"mixed",2.11967716615477,2.82842712474619,2.75,4,2,1.77792717443648,1,8,1,25,0,TRUE,25,33554432,0,1,25,25
989,"-1:-1|1:1|1:2|2:-2",4,TRUE,0,3,1,"off_axis",1.97323055674804,2.82842712474619,2.75,4,2,2.04361259938572,1,8,1,21,4,FALSE,21,2097152,4,16,25,25
990,"-1:0|1:-2|1:-1|2:2",4,TRUE,1,2,1,"mixed",1.86967716615477,2.82842712474619,2.5,4,2,2.00219124314841,1,8,1,25,0,TRUE,25,33554432,0,1,25,25
991,"-1:-1|1:-2|1:-1|2:2",4,TRUE,0,3,1,"off_axis",1.97323055674804,2.82842712474619,2.75,4,2,1.9607698869111,1,8,1,25,0,TRUE,25,33554432,0,1,25,25
992,"-1:-2|1:-2|1:-1|2:2",4,TRUE,0,2,2,"off_axis",2.17869416052972,2.82842712474619,3,4,2,1.98371941369913,2,8,1,25,0,TRUE,25,33554432,0,1,25,25
993,"-2:-1|-1:-1|1:2|2:-2",4,TRUE,0,2,2,"off_axis",2.17869416052972,2.82842712474619,3,4,2,2.04361259938572,1,8,1,21,4,FALSE,21,2097152,4,16,25,25
994,"-2:-1|-1:-1|0:2|2:-2",4,TRUE,1,2,1,"mixed",2.11967716615477,2.82842712474619,2.75,4,2,2.04295532842377,2,8,1,21,4,FALSE,21,2097152,4,16,25,25
995,"-2:-1|-1:-1|-1:2|2:-2",4,TRUE,0,2,2,"off_axis",2.17869416052972,2.82842712474619,3,4,2,1.98371941369913,2,8,1,25,0,TRUE,25,33554432,0,1,25,25
996,"-2:-2|-1:1|0:1|0:2",4,TRUE,2,2,0,"mixed",1.81066017177982,2.82842712474619,2.25,4,2,1.79574173292382,2,8,1,25,0,TRUE,25,33554432,0,1,25,25
997,"-1:-1|-1:0|1:1|2:-2",4,TRUE,1,3,0,"mixed",1.6642135623731,2.82842712474619,2.25,4,2,2.00219124314841,2,8,1,25,0,TRUE,25,33554432,0,1,25,25
998,"-1:-1|-1:0|0:1|2:-2",4,TRUE,2,2,0,"mixed",1.56066017177982,2.82842712474619,2,4,2,1.87858444539843,2,8,1,25,0,TRUE,25,33554432,0,1,25,25
999,"-1:-1|-1:0|-1:1|2:-2",4,TRUE,1,3,0,"mixed",1.6642135623731,2.82842712474619,2.25,4,2,1.85497764764846,2,8,1,21,4,FALSE,21,2097152,4,16,25,25
1000,"-1:-2|0:-1|1:-1|2:2",4,TRUE,1,2,1,"mixed",1.86967716615477,2.82842712474619,2.5,4,2,1.94295532842377,2,8,1,25,0,TRUE,25,33554432,0,1,25,25
1001,"-1:-1|-1:0|1:2|2:-2",4,TRUE,1,2,1,"mixed",1.86967716615477,2.82842712474619,2.5,4,2,2.06142715787305,2,8,1,25,0,TRUE,25,33554432,0,1,25,25
1002,"-1:-1|-1:0|0:2|2:-2",4,TRUE,2,2,0,"mixed",1.81066017177982,2.82842712474619,2.25,4,2,2.00153397218646,3,8,1,25,0,TRUE,25,33554432,0,1,25,25
1003,"-1:-1|-1:0|-1:2|2:-2",4,TRUE,1,2,1,"mixed",1.86967716615477,2.82842712474619,2.5,4,2,1.97792717443648,3,8,1,25,0,TRUE,25,33554432,0,1,25,25
1004,"-1:-1|0:2|1:1|2:-2",4,TRUE,1,3,0,"mixed",1.9142135623731,2.82842712474619,2.5,4,2,2.08437668466108,2,8,1,21,4,FALSE,21,2097152,4,16,25,25
1005,"-1:0|0:-2|1:-1|2:2",4,TRUE,2,2,0,"mixed",1.81066017177982,2.82842712474619,2.25,4,2,2.04295532842377,2,8,1,25,0,TRUE,25,33554432,0,1,25,25
1006,"-1:-1|0:-2|1:-1|2:2",4,TRUE,1,3,0,"mixed",1.9142135623731,2.82842712474619,2.5,4,2,1.97858444539843,2,8,1,25,0,TRUE,25,33554432,0,1,25,25
1007,"-1:-2|0:-2|1:-1|2:2",4,TRUE,1,2,1,"mixed",2.11967716615477,2.82842712474619,2.75,4,2,1.98371941369913,2,8,1,25,0,TRUE,25,33554432,0,1,25,25
1008,"-2:-1|0:2|1:1|2:-2",4,TRUE,1,2,1,"mixed",2.11967716615477,2.82842712474619,2.75,4,2,2.14361259938572,2,8,1,21,4,FALSE,21,2097152,4,16,25,25
1009,"-2:-2|-1:1|0:2|2:0",4,TRUE,2,2,0,"mixed",2.06066017177982,2.82842712474619,2.5,4,2,2.14295532842377,3,8,1,25,0,TRUE,25,33554432,0,1,25,25
1010,"-2:-1|0:-2|1:-1|2:2",4,TRUE,1,2,1,"mixed",2.11967716615477,2.82842712474619,2.75,4,2,2.08371941369913,3,8,1,25,0,TRUE,25,33554432,0,1,25,25
1011,"-1:-1|-1:1|1:-1|2:2",4,TRUE,0,4,0,"diagonal_only",1.76776695296637,2.82842712474619,2.5,4,2,2.12000580163574,2,4,2,25,0,TRUE,25,33554432,0,1,25,25
1012,"-1:-1|-1:2|1:1|2:-2",4,TRUE,0,3,1,"off_axis",1.97323055674804,2.82842712474619,2.75,4,2,2.16656212617375,3,8,1,21,4,FALSE,21,2097152,4,16,25,25
1013,"-2:-2|-1:1|1:-1|2:2",4,TRUE,0,4,0,"diagonal_only",2.12132034355964,2.82842712474619,3,4,2,2.1672193971357,2,2,4,17,8,FALSE,17,131072,8,256,25,25
1014,"-1:-1|-1:0|1:-1|2:2",4,TRUE,1,3,0,"mixed",1.6642135623731,2.82842712474619,2.25,4,2,1.97858444539843,2,8,1,25,0,TRUE,25,33554432,0,1,25,25
1015,"-1:-2|-1:0|1:-1|2:2",4,TRUE,1,2,1,"mixed",1.86967716615477,2.82842712474619,2.5,4,2,2.12514076993644,3,8,1,25,0,TRUE,25,33554432,0,1,25,25
1016,"-1:-1|0:1|1:2|2:-2",4,TRUE,1,2,1,"mixed",1.86967716615477,2.82842712474619,2.5,4,2,2.04361259938572,1,8,1,21,4,FALSE,21,2097152,4,16,25,25
1017,"-1:-1|0:1|0:2|2:-2",4,TRUE,2,2,0,"mixed",1.81066017177982,2.82842712474619,2.25,4,2,2.00153397218646,2,8,1,21,4,FALSE,21,2097152,4,16,25,25
1018,"-1:-1|-1:2|0:1|2:-2",4,TRUE,1,2,1,"mixed",1.86967716615477,2.82842712474619,2.5,4,2,2.04295532842377,2,8,1,21,4,FALSE,21,2097152,4,16,25,25
1019,"-1:-2|-1:-1|1:-1|2:2",4,TRUE,0,3,1,"off_axis",1.97323055674804,2.82842712474619,2.75,4,2,2.04295532842377,2,8,1,25,0,TRUE,25,33554432,0,1,25,25
1020,"-1:-1|-1:1|1:-2|2:2",4,TRUE,0,3,1,"off_axis",1.97323055674804,2.82842712474619,2.75,4,2,2.14361259938572,2,8,1,21,4,FALSE,21,2097152,4,16,25,25
1021,"-1:-1|-1:1|0:-2|2:2",4,TRUE,1,3,0,"mixed",1.9142135623731,2.82842712474619,2.5,4,2,2.0607698869111,2,8,1,17,8,FALSE,17,131072,8,256,25,25
1022,"-1:-1|-1:1|-1:2|2:-2",4,TRUE,0,3,1,"off_axis",1.97323055674804,2.82842712474619,2.75,4,2,2.01934853067379,2,8,1,21,4,FALSE,21,2097152,4,16,25,25
1023,"-2:-1|-1:1|1:-2|2:2",4,TRUE,0,2,2,"off_axis",2.17869416052972,2.82842712474619,3,4,2,2.19016892392373,3,8,1,17,8,FALSE,17,131072,8,256,25,25
1024,"-2:-1|-1:1|0:-2|2:2",4,TRUE,1,2,1,"mixed",2.11967716615477,2.82842712474619,2.75,4,2,2.18951165296178,4,8,1,21,4,FALSE,21,2097152,4,16,25,25
1025,"-2:-1|-1:-2|-1:1|2:2",4,TRUE,0,2,2,"off_axis",2.17869416052972,2.82842712474619,3,4,2,2.10732621144911,3,8,1,21,4,FALSE,21,2097152,4,16,25,25
1026,"-1:-1|0:2|1:2|2:-2",4,TRUE,1,2,1,"mixed",2.11967716615477,2.82842712474619,2.75,4,2,2.04295532842377,2,8,1,25,0,TRUE,25,33554432,0,1,25,25
1027,"-1:-1|-1:2|1:2|2:-2",4,TRUE,0,2,2,"off_axis",2.17869416052972,2.82842712474619,3,4,2,2.14295532842377,3,8,1,25,0,TRUE,25,33554432,0,1,25,25
1028,"-1:-1|-1:2|0:2|2:-2",4,TRUE,1,2,1,"mixed",2.11967716615477,2.82842712474619,2.75,4,2,2.04229805746182,3,8,1,25,0,TRUE,25,33554432,0,1,25,25
1029,"-2:-1|-2:0|-1:0|2:-2",4,TRUE,2,1,1,"mixed",2.01612377556149,2.82842712474619,2.5,4,2,1.79574173292382,1,8,1,25,0,TRUE,25,33554432,0,1,25,25
1030,"-1:0|0:-1|1:-2|2:2",4,TRUE,2,1,1,"mixed",1.76612377556149,2.82842712474619,2.25,4,2,1.97924171636038,1,8,1,21,4,FALSE,21,2097152,4,16,25,25
1031,"-1:-1|0:-1|1:-2|2:2",4,TRUE,1,2,1,"mixed",1.86967716615477,2.82842712474619,2.5,4,2,1.92000580163574,1,8,1,25,0,TRUE,25,33554432,0,1,25,25
1032,"-1:-2|0:-1|1:-2|2:2",4,TRUE,1,1,2,"mixed",2.07514076993644,2.82842712474619,2.75,4,2,1.9607698869111,1,8,1,25,0,TRUE,25,33554432,0,1,25,25
1033,"-2:-1|-1:0|1:2|2:-2",4,TRUE,1,1,2,"mixed",2.07514076993644,2.82842712474619,2.75,4,2,2.10284851411036,1,8,1,21,4,FALSE,21,2097152,4,16,25,25
1034,"-2:-1|-1:0|0:2|2:-2",4,TRUE,2,1,1,"mixed",2.01612377556149,2.82842712474619,2.5,4,2,2.10219124314841,2,8,1,25,0,TRUE,25,33554432,0,1,25,25
1035,"-2:-1|-1:0|-1:2|2:-2",4,TRUE,1,1,2,"mixed",2.07514076993644,2.82842712474619,2.75,4,2,2.04295532842377,2,8,1,25,0,TRUE,25,33554432,0,1,25,25
1036,"-1:0|0:-2|1:-2|2:2",4,TRUE,2,1,1,"mixed",2.01612377556149,2.82842712474619,2.5,4,2,2.0607698869111,2,8,1,25,0,TRUE,25,33554432,0,1,25,25
1037,"-1:-1|0:-2|1:-2|2:2",4,TRUE,1,2,1,"mixed",2.11967716615477,2.82842712474619,2.75,4,2,1.9607698869111,1,8,1,25,0,TRUE,25,33554432,0,1,25,25
1038,"-1:-2|0:-2|1:-2|2:2",4,TRUE,1,1,2,"mixed",2.32514076993644,2.82842712474619,3,4,2,1.91869125971184,2,8,1,25,0,TRUE,25,33554432,0,1,25,25
1039,"-2:-1|-2:0|1:2|2:-2",4,TRUE,1,1,2,"mixed",2.32514076993644,2.82842712474619,3,4,2,2.10219124314841,2,8,1,25,0,TRUE,25,33554432,0,1,25,25
1040,"-2:-1|-2:0|0:2|2:-2",4,TRUE,2,1,1,"mixed",2.26612377556149,2.82842712474619,2.75,4,2,2.1607698869111,3,8,1,25,0,TRUE,25,33554432,0,1,25,25
1041,"-2:-1|-2:0|-1:2|2:-2",4,TRUE,1,1,2,"mixed",2.32514076993644,2.82842712474619,3,4,2,2.0659048552118,3,8,1,25,0,TRUE,25,33554432,0,1,25,25
1042,"-1:-1|-1:0|1:-2|2:2",4,TRUE,1,2,1,"mixed",1.86967716615477,2.82842712474619,2.5,4,2,2.06142715787305,2,8,1,25,0,TRUE,25,33554432,0,1,25,25
1043,"-1:-2|-1:0|1:-2|2:2",4,TRUE,1,1,2,"mixed",2.07514076993644,2.82842712474619,2.75,4,2,2.1607698869111,3,8,1,25,0,TRUE,25,33554432,0,1,25,25
1044,"-2:-1|0:1|0:2|2:-2",4,TRUE,2,1,1,"mixed",2.01612377556149,2.82842712474619,2.5,4,2,2.12000580163574,2,8,1,17,8,FALSE,17,131072,8,256,25,25
1045,"-2:-1|-1:0|1:-2|2:2",4,TRUE,1,1,2,"mixed",2.07514076993644,2.82842712474619,2.75,4,2,2.12579804089839,2,8,1,21,4,FALSE,21,2097152,4,16,25,25
1046,"-1:-2|-1:-1|1:-2|2:2",4,TRUE,0,2,2,"off_axis",2.17869416052972,2.82842712474619,3,4,2,2.04295532842377,2,8,1,25,0,TRUE,25,33554432,0,1,25,25
1047,"-2:-1|-1:1|1:2|2:-2",4,TRUE,0,2,2,"off_axis",2.17869416052972,2.82842712474619,3,4,2,2.1672193971357,2,4,2,17,8,FALSE,17,131072,8,256,25,25
1048,"-2:-1|-1:1|0:2|2:-2",4,TRUE,1,2,1,"mixed",2.11967716615477,2.82842712474619,2.75,4,2,2.14361259938572,2,8,1,21,4,FALSE,21,2097152,4,16,25,25
1049,"-2:-1|-1:-1|1:-2|2:2",4,TRUE,0,2,2,"off_axis",2.17869416052972,2.82842712474619,3,4,2,2.06656212617375,2,8,1,21,4,FALSE,21,2097152,4,16,25,25
1050,"-2:-1|-1:2|1:2|2:-2",4,TRUE,0,1,3,"off_axis",2.38415776431139,2.82842712474619,3.25,4,2,2.16656212617375,3,8,1,21,4,FALSE,21,2097152,4,16,25,25
1051,"-2:-1|-2:1|0:-2|2:2",4,TRUE,1,1,2,"mixed",2.32514076993644,2.82842712474619,3,4,2,2.22514076993644,4,8,1,21,4,FALSE,21,2097152,4,16,25,25
1052,"-2:-1|-1:-2|1:-2|2:2",4,TRUE,0,1,3,"off_axis",2.38415776431139,2.82842712474619,3.25,4,2,2.10732621144911,3,8,1,21,4,FALSE,21,2097152,4,16,25,25
1053,"-2:-1|-1:2|0:2|2:-2",4,TRUE,1,1,2,"mixed",2.32514076993644,2.82842712474619,3,4,2,2.12514076993644,3,8,1,25,0,TRUE,25,33554432,0,1,25,25
1054,"-1:0|0:-2|0:-1|2:2",4,TRUE,3,1,0,"mixed",1.70710678118655,2.82842712474619,2,4,2,1.93716308916112,2,8,1,25,0,TRUE,25,33554432,0,1,25,25
1055,"-1:-1|0:-2|0:-1|2:2",4,TRUE,2,2,0,"mixed",1.81066017177982,2.82842712474619,2.25,4,2,1.85497764764846,2,8,1,21,4,FALSE,21,2097152,4,16,25,25
1056,"-1:-2|0:-2|0:-1|2:2",4,TRUE,2,1,1,"mixed",2.01612377556149,2.82842712474619,2.5,4,2,1.87792717443648,2,8,1,25,0,TRUE,25,33554432,0,1,25,25
1057,"-2:-2|0:1|0:2|2:0",4,TRUE,3,1,0,"mixed",1.95710678118655,2.82842712474619,2.25,4,2,2.11934853067379,3,8,1,25,0,TRUE,25,33554432,0,1,25,25
1058,"-2:-1|0:-2|0:-1|2:2",4,TRUE,2,1,1,"mixed",2.01612377556149,2.82842712474619,2.5,4,2,2.06011261594915,3,8,1,25,0,TRUE,25,33554432,0,1,25,25
1059,"-1:-1|-1:0|0:-1|2:2",4,TRUE,2,2,0,"mixed",1.56066017177982,2.82842712474619,2,4,2,1.8142135623731,2,4,2,17,8,FALSE,17,131072,8,256,25,25
1060,"-1:-2|-1:0|0:-1|2:2",4,TRUE,2,1,1,"mixed",1.76612377556149,2.82842712474619,2.25,4,2,1.97858444539843,2,8,1,25,0,TRUE,25,33554432,0,1,25,25
1061,"-1:-2|-1:-1|0:-1|2:2",4,TRUE,1,2,1,"mixed",1.86967716615477,2.82842712474619,2.5,4,2,1.87858444539843,2,8,1,25,0,TRUE,25,33554432,0,1,25,25
1062,"-1:-1|-1:0|0:-2|2:2",4,TRUE,2,2,0,"mixed",1.81066017177982,2.82842712474619,2.25,4,2,1.97858444539843,2,8,1,25,0,TRUE,25,33554432,0,1,25,25
1063,"-1:-2|-1:-1|-1:0|2:2",4,TRUE,1,2,1,"mixed",1.86967716615477,2.82842712474619,2.5,4,2,1.93716308916112,2,8,1,25,0,TRUE,25,33554432,0,1,25,25
1064,"-2:-1|-1:0|0:-2|2:2",4,TRUE,2,1,1,"mixed",2.01612377556149,2.82842712474619,2.5,4,2,2.12514076993644,3,8,1,25,0,TRUE,25,33554432,0,1,25,25
1065,"-2:-1|-1:-2|-1:0|2:2",4,TRUE,1,1,2,"mixed",2.07514076993644,2.82842712474619,2.75,4,2,2.04295532842377,2,8,1,25,0,TRUE,25,33554432,0,1,25,25
1066,"-1:-2|-1:0|0:-2|2:2",4,TRUE,2,1,1,"mixed",2.01612377556149,2.82842712474619,2.5,4,2,2.06011261594915,3,8,1,25,0,TRUE,25,33554432,0,1,25,25
1067,"-1:-2|-1:-1|0:-2|2:2",4,TRUE,1,2,1,"mixed",2.11967716615477,2.82842712474619,2.75,4,2,1.91934853067379,2,8,1,25,0,TRUE,25,33554432,0,1,25,25
1068,"-2:-2|0:2|1:1|2:0",4,TRUE,2,2,0,"mixed",2.06066017177982,2.82842712474619,2.5,4,2,2.12000580163574,2,4,2,25,0,TRUE,25,33554432,0,1,25,25
1069,"-2:-1|-1:-1|0:-2|2:2",4,TRUE,1,2,1,"mixed",2.11967716615477,2.82842712474619,2.75,4,2,2.04295532842377,2,8,1,25,0,TRUE,25,33554432,0,1,25,25
1070,"-2:-1|-2:0|0:-2|2:2",4,TRUE,2,1,1,"mixed",2.26612377556149,2.82842712474619,2.75,4,2,2.18371941369913,4,8,1,25,0,TRUE,25,33554432,0,1,25,25
1071,"-2:-1|-1:-2|0:-2|2:2",4,TRUE,1,1,2,"mixed",2.32514076993644,2.82842712474619,3,4,2,2.0659048552118,3,8,1,25,0,TRUE,25,33554432,0,1,25,25
1072,"-2:-1|-1:-2|-1:-1|2:2",4,TRUE,0,2,2,"off_axis",2.17869416052972,2.82842712474619,3,4,2,1.94295532842377,2,4,2,25,0,TRUE,25,33554432,0,1,25,25
1073,"-1:-2|0:-2|1:-2|2:-1",4,TRUE,1,0,3,"mixed",2.17705098312484,2.23606797749979,2.75,3,2,1.8594553449872,2,8,1,21,4,FALSE,21,2097152,4,16,25,25
1074,"-1:-2|-1:-1|0:-2|1:-2",4,TRUE,1,1,2,"mixed",1.97158737934317,2.23606797749979,2.5,3,2,1.65366310572456,1,8,1,25,0,TRUE,25,33554432,0,1,25,25
1075,"-1:-2|0:-2|0:-1|1:-2",4,TRUE,2,0,2,"mixed",1.86803398874989,2.23606797749979,2.25,3,2,1.53005630797458,1,4,2,25,0,TRUE,25,33554432,0,1,25,25
1076,"-1:-2|0:-2|1:-2|2:0",4,TRUE,2,0,2,"mixed",2.11803398874989,2.23606797749979,2.5,3,2,2.03650581819918,3,8,1,25,0,TRUE,25,33554432,0,1,25,25
1077,"-1:-2|-1:0|0:-2|1:-2",4,TRUE,2,0,2,"mixed",1.86803398874989,2.23606797749979,2.25,3,2,1.85366310572456,2,8,1,21,4,FALSE,21,2097152,4,16,25,25
1078,"-1:-2|0:-2|1:-2|2:1",4,TRUE,1,0,3,"mixed",2.17705098312484,2.23606797749979,2.75,3,2,2.06011261594915,3,8,1,25,0,TRUE,25,33554432,0,1,25,25
1079,"-1:-1|-1:2|0:2|1:2",4,TRUE,1,1,2,"mixed",1.97158737934317,2.23606797749979,2.5,3,2,1.89508446196187,2,8,1,25,0,TRUE,25,33554432,0,1,25,25
1080,"-1:-2|0:-2|0:1|1:-2",4,TRUE,2,0,2,"mixed",1.86803398874989,2.23606797749979,2.25,3,2,1.79442719099992,2,4,2,17,8,FALSE,17,131072,8,256,25,25
1081,"-1:-2|-1:2|0:-2|1:-2",4,TRUE,1,0,3,"mixed",2.17705098312484,2.23606797749979,2.75,3,2,1.73584854723723,2,8,1,21,4,FALSE,21,2097152,4,16,25,25
1082,"-1:-2|0:-2|0:2|1:-2",4,TRUE,2,0,2,"mixed",2.11803398874989,2.23606797749979,2.5,3,2,1.63005630797458,2,4,2,25,0,TRUE,25,33554432,0,1,25,25
1083,"-2:-1|-1:-2|-1:-1|0:-2",4,TRUE,1,1,2,"mixed",1.97158737934317,2.23606797749979,2.5,3,2,1.59508446196187,1,8,1,25,0,TRUE,25,33554432,0,1,25,25
1084,"-2:-1|-1:-2|0:-2|0:-1",4,TRUE,2,0,2,"mixed",1.86803398874989,2.23606797749979,2.25,3,2,1.65366310572456,1,8,1,25,0,TRUE,25,33554432,0,1,25,25
1085,"-1:-1|0:-2|1:-2|2:-1",4,TRUE,1,1,2,"mixed",1.97158737934317,2.23606797749979,2.5,3,2,1.81869125971184,1,8,1,25,0,TRUE,25,33554432,0,1,25,25
1086,"-2:-1|-1:-2|0:-2|2:-1",4,TRUE,1,0,3,"mixed",2.17705098312484,2.23606797749979,2.75,3,2,1.88306214273718,2,8,1,21,4,FALSE,21,2097152,4,16,25,25
1087,"-2:-1|-2:0|-1:-2|0:-2",4,TRUE,2,0,2,"mixed",2.11803398874989,2.23606797749979,2.5,3,2,1.91869125971184,2,4,2,21,4,FALSE,21,2097152,4,16,25,25
1088,"-2:-1|-1:-2|-1:0|0:-2",4,TRUE,2,0,2,"mixed",1.86803398874989,2.23606797749979,2.25,3,2,1.77726990347453,1,8,1,25,0,TRUE,25,33554432,0,1,25,25
1089,"-1:0|0:-2|1:-2|2:-1",4,TRUE,2,0,2,"mixed",1.86803398874989,2.23606797749979,2.25,3,2,1.94229805746182,2,8,1,25,0,TRUE,25,33554432,0,1,25,25
1090,"-2:-1|-1:-2|0:-2|2:0",4,TRUE,2,0,2,"mixed",2.11803398874989,2.23606797749979,2.5,3,2,2.01934853067379,2,8,1,25,0,TRUE,25,33554432,0,1,25,25
1091,"-1:-2|1:-2|2:-1|2:0",4,TRUE,1,0,3,"mixed",2.17705098312484,2.23606797749979,2.75,3,2,2.04229805746182,3,8,1,25,0,TRUE,25,33554432,0,1,25,25
1092,"-1:-1|1:-2|2:-1|2:0",4,TRUE,1,1,2,"mixed",1.97158737934317,2.23606797749979,2.5,3,2,1.90087670122451,2,8,1,21,4,FALSE,21,2097152,4,16,25,25
1093,"-1:0|1:-2|2:-1|2:0",4,TRUE,2,0,2,"mixed",1.86803398874989,2.23606797749979,2.25,3,2,1.91869125971184,2,8,1,25,0,TRUE,25,33554432,0,1,25,25
1094,"-1:-1|0:2|1:2|2:1",4,TRUE,1,1,2,"mixed",1.97158737934317,2.23606797749979,2.5,3,2,2.04295532842377,2,8,1,25,0,TRUE,25,33554432,0,1,25,25
1095,"-1:-2|1:2|2:0|2:1",4,TRUE,1,0,3,"mixed",2.17705098312484,2.23606797749979,2.75,3,2,2.12514076993644,3,8,1,25,0,TRUE,25,33554432,0,1,25,25
1096,"-2:-1|-1:-2|-1:2|0:-2",4,TRUE,1,0,3,"mixed",2.17705098312484,2.23606797749979,2.75,3,2,1.80087670122451,2,8,1,25,0,TRUE,25,33554432,0,1,25,25
1097,"-2:-1|-1:-2|0:-2|0:2",4,TRUE,2,0,2,"mixed",2.11803398874989,2.23606797749979,2.5,3,2,1.83650581819917,2,8,1,21,4,FALSE,21,2097152,4,16,25,25
1098,"-1:-2|0:2|1:2|2:1",4,TRUE,1,0,3,"mixed",2.17705098312484,2.23606797749979,2.75,3,2,1.98371941369913,2,8,1,25,0,TRUE,25,33554432,0,1,25,25
1099,"-1:-2|-1:-1|0:-2|0:-1",4,TRUE,2,1,1,"mixed",1.66257038496822,2.23606797749979,2,3,2,1.34787086646191,1,8,1,21,4,FALSE,21,2097152,4,16,25,25
1100,"-1:-1|0:-2|1:-2|1:-1",4,TRUE,1,2,1,"mixed",1.76612377556149,2.23606797749979,2.25,3,2,1.6128990204492,1,8,1,25,0,TRUE,25,33554432,0,1,25,25
1101,"-1:-2|-1:-1|0:-2|2:-1",4,TRUE,1,1,2,"mixed",1.97158737934317,2.23606797749979,2.5,3,2,1.77726990347453,2,8,1,25,0,TRUE,25,33554432,0,1,25,25
1102,"-2:-1|-2:0|-1:-1|0:-2",4,TRUE,2,1,1,"mixed",1.91257038496822,2.23606797749979,2.25,3,2,1.75432037668651,1,8,1,25,0,TRUE,25,33554432,0,1,25,25
1103,"-1:-2|-1:-1|-1:0|0:-2",4,TRUE,2,1,1,"mixed",1.66257038496822,2.23606797749979,2,3,2,1.53005630797458,1,8,1,25,0,TRUE,25,33554432,0,1,25,25
1104,"-1:-2|-1:-1|0:-2|1:0",4,TRUE,2,1,1,"mixed",1.66257038496822,2.23606797749979,2,3,2,1.73650581819918,1,8,1,25,0,TRUE,25,33554432,0,1,25,25
1105,"-1:-2|-1:-1|0:-2|2:0",4,TRUE,2,1,1,"mixed",1.91257038496822,2.23606797749979,2.25,3,2,1.89574173292382,2,8,1,21,4,FALSE,21,2097152,4,16,25,25
1106,"-1:-2|1:-1|2:-1|2:0",4,TRUE,1,1,2,"mixed",1.97158737934317,2.23606797749979,2.5,3,2,1.86011261594915,2,8,1,25,0,TRUE,25,33554432,0,1,25,25
1107,"-1:-1|-1:1|-1:2|0:2",4,TRUE,1,2,1,"mixed",1.76612377556149,2.23606797749979,2.25,3,2,1.67147766421189,1,8,1,21,4,FALSE,21,2097152,4,16,25,25
1108,"-1:-2|-1:-1|0:-2|0:1",4,TRUE,2,1,1,"mixed",1.66257038496822,2.23606797749979,2,3,2,1.65366310572456,1,8,1,25,0,TRUE,25,33554432,0,1,25,25
1109,"-1:-1|0:2|1:1|1:2",4,TRUE,1,2,1,"mixed",1.76612377556149,2.23606797749979,2.25,3,2,1.83716308916112,1,8,1,25,0,TRUE,25,33554432,0,1,25,25
1110,"-1:-2|-1:-1|0:-2|2:1",4,TRUE,1,1,2,"mixed",1.97158737934317,2.23606797749979,2.5,3,2,1.97858444539843,2,8,1,25,0,TRUE,25,33554432,0,1,25,25
1111,"-1:-2|-1:-1|-1:2|0:-2",4,TRUE,1,1,2,"mixed",1.97158737934317,2.23606797749979,2.5,3,2,1.57147766421189,1,8,1,25,0,TRUE,25,33554432,0,1,25,25
1112,"-1:-2|-1:-1|0:-2|0:2",4,TRUE,2,1,1,"mixed",1.91257038496822,2.23606797749979,2.25,3,2,1.57147766421189,1,8,1,25,0,TRUE,25,33554432,0,1,25,25
1113,"-1:-2|-1:-1|0:-2|1:2",4,TRUE,1,1,2,"mixed",1.97158737934317,2.23606797749979,2.5,3,2,1.77792717443648,1,8,1,21,4,FALSE,21,2097152,4,16,25,25
1114,"-1:-1|0:-2|0:-1|1:-2",4,TRUE,2,1,1,"mixed",1.66257038496822,2.23606797749979,2,3,2,1.47147766421189,1,8,1,25,0,TRUE,25,33554432,0,1,25,25
1115,"-1:-2|0:-2|0:-1|2:-1",4,TRUE,2,0,2,"mixed",1.86803398874989,2.23606797749979,2.25,3,2,1.73584854723723,2,8,1,21,4,FALSE,21,2097152,4,16,25,25
1116,"-2:-1|-2:0|-1:0|0:-2",4,TRUE,3,0,1,"mixed",1.80901699437495,2.23606797749979,2,3,2,1.79508446196187,2,8,1,25,0,TRUE,25,33554432,0,1,25,25
1117,"-1:-2|-1:0|0:-2|0:-1",4,TRUE,3,0,1,"mixed",1.55901699437495,2.23606797749979,1.75,3,2,1.53005630797458,1,8,1,25,0,TRUE,25,33554432,0,1,25,25
1118,"-1:-2|0:-2|0:-1|1:0",4,TRUE,3,0,1,"mixed",1.55901699437495,2.23606797749979,1.75,3,2,1.6128990204492,1,8,1,17,8,FALSE,17,131072,8,256,25,25
1119,"-1:-2|0:-2|0:-1|2:0",4,TRUE,3,0,1,"mixed",1.80901699437495,2.23606797749979,2,3,2,1.85432037668651,2,8,1,25,0,TRUE,25,33554432,0,1,25,25
1120,"-1:-2|1:0|2:-1|2:0",4,TRUE,2,0,2,"mixed",1.86803398874989,2.23606797749979,2.25,3,2,1.87792717443648,2,8,1,21,4,FALSE,21,2097152,4,16,25,25
1121,"-1:-1|-1:2|0:1|0:2",4,TRUE,2,1,1,"mixed",1.66257038496822,2.23606797749979,2,3,2,1.65366310572456,1,8,1,25,0,TRUE,25,33554432,0,1,25,25
1122,"-1:-2|0:-2|0:-1|0:1",4,TRUE,3,0,1,"mixed",1.55901699437495,2.23606797749979,1.75,3,2,1.58863495173727,1,8,1,21,4,FALSE,21,2097152,4,16,25,25
1123,"-1:-1|0:1|0:2|1:2",4,TRUE,2,1,1,"mixed",1.66257038496822,2.23606797749979,2,3,2,1.73650581819918,1,8,1,25,0,TRUE,25,33554432,0,1,25,25
1124,"-1:-2|0:-2|0:-1|2:1",4,TRUE,2,0,2,"mixed",1.86803398874989,2.23606797749979,2.25,3,2,1.93716308916112,2,8,1,25,0,TRUE,25,33554432,0,1,25,25
1125,"-1:-2|-1:2|0:-2|0:-1",4,TRUE,2,0,2,"mixed",1.86803398874989,2.23606797749979,2.25,3,2,1.55366310572456,1,8,1,21,4,FALSE,21,2097152,4,16,25,25
1126,"-1:-2|0:-2|0:-1|0:2",4,TRUE,3,0,1,"mixed",1.80901699437495,2.23606797749979,2,3,2,1.5064495102246,1,8,1,21,4,FALSE,21,2097152,4,16,25,25
1127,"-1:-2|0:-2|0:-1|1:2",4,TRUE,2,0,2,"mixed",1.86803398874989,2.23606797749979,2.25,3,2,1.67726990347453,1,8,1,25,0,TRUE,25,33554432,0,1,25,25
1128,"-1:-2|0:-2|1:-1|2:-1",4,TRUE,1,1,2,"mixed",1.97158737934317,2.23606797749979,2.5,3,2,1.80087670122451,1,8,1,25,0,TRUE,25,33554432,0,1,25,25
1129,"-1:-1|0:-2|1:-2|2:0",4,TRUE,2,1,1,"mixed",1.91257038496822,2.23606797749979,2.25,3,2,1.96011261594915,2,8,1,25,0,TRUE,25,33554432,0,1,25,25
1130,"-1:-1|0:-2|1:-2|1:0",4,TRUE,2,1,1,"mixed",1.66257038496822,2.23606797749979,2,3,2,1.77726990347453,1,8,1,25,0,TRUE,25,33554432,0,1,25,25
1131,"-1:-1|-1:0|0:-2|1:-2",4,TRUE,2,1,1,"mixed",1.66257038496822,2.23606797749979,2,3,2,1.73650581819918,1,8,1,25,0,TRUE,25,33554432,0,1,25,25
1132,"-1:-2|0:-2|1:-1|2:0",4,TRUE,2,1,1,"mixed",1.91257038496822,2.23606797749979,2.25,3,2,1.93716308916112,1,8,1,25,0,TRUE,25,33554432,0,1,25,25
1133,"-1:-1|0:-2|1:-2|2:1",4,TRUE,1,1,2,"mixed",1.97158737934317,2.23606797749979,2.5,3,2,2.04295532842377,2,8,1,25,0,TRUE,25,33554432,0,1,25,25
1134,"-1:-1|-1:2|0:2|1:1",4,TRUE,1,2,1,"mixed",1.76612377556149,2.23606797749979,2.25,3,2,1.87792717443648,1,8,1,25,0,TRUE,25,33554432,0,1,25,25
1135,"-1:-1|0:-2|0:1|1:-2",4,TRUE,2,1,1,"mixed",1.66257038496822,2.23606797749979,2,3,2,1.77726990347453,1,8,1,25,0,TRUE,25,33554432,0,1,25,25
1136,"-1:-1|-1:1|0:-2|1:-2",4,TRUE,1,2,1,"mixed",1.76612377556149,2.23606797749979,2.25,3,2,1.87792717443648,1,8,1,25,0,TRUE,25,33554432,0,1,25,25
1137,"-1:-2|0:-2|1:-1|2:1",4,TRUE,1,1,2,"mixed",1.97158737934317,2.23606797749979,2.5,3,2,2.04295532842377,2,8,1,25,0,TRUE,25,33554432,0,1,25,25
1138,"-1:-1|0:-2|1:-2|1:2",4,TRUE,1,1,2,"mixed",1.97158737934317,2.23606797749979,2.5,3,2,1.77792717443648,1,8,1,25,0,TRUE,25,33554432,0,1,25,25
1139,"-1:-1|0:-2|0:2|1:-2",4,TRUE,2,1,1,"mixed",1.91257038496822,2.23606797749979,2.25,3,2,1.69508446196187,1,8,1,25,0,TRUE,25,33554432,0,1,25,25
1140,"-1:-1|-1:2|0:-2|1:-2",4,TRUE,1,1,2,"mixed",1.97158737934317,2.23606797749979,2.5,3,2,1.81869125971184,1,8,1,25,0,TRUE,25,33554432,0,1,25,25
1141,"-2:-1|-2:0|-1:2|0:-2",4,TRUE,2,0,2,"mixed",2.11803398874989,2.23606797749979,2.5,3,2,2.04229805746182,3,8,1,25,0,TRUE,25,33554432,0,1,25,25
1142,"-1:-2|-1:0|0:-2|2:-1",4,TRUE,2,0,2,"mixed",1.86803398874989,2.23606797749979,2.25,3,2,1.94164078649987,3,8,1,17,8,FALSE,17,131072,8,256,25,25
1143,"-1:-2|0:-2|1:0|2:-1",4,TRUE,2,0,2,"mixed",1.86803398874989,2.23606797749979,2.25,3,2,1.94229805746182,2,8,1,25,0,TRUE,25,33554432,0,1,25,25
1144,"-1:-2|0:-2|2:-1|2:0",4,TRUE,2,0,2,"mixed",2.11803398874989,2.23606797749979,2.5,3,2,2.06011261594915,3,8,1,25,0,TRUE,25,33554432,0,1,25,25
1145,"-1:-2|1:2|2:-1|2:0",4,TRUE,1,0,3,"mixed",2.17705098312484,2.23606797749979,2.75,3,2,2.14809029672447,4,8,1,21,4,FALSE,21,2097152,4,16,25,25
1146,"-1:-1|-1:2|0:2|2:1",4,TRUE,1,1,2,"mixed",1.97158737934317,2.23606797749979,2.5,3,2,2.04229805746182,3,8,1,25,0,TRUE,25,33554432,0,1,25,25
1147,"-1:-2|0:-2|0:1|2:-1",4,TRUE,2,0,2,"mixed",1.86803398874989,2.23606797749979,2.25,3,2,2.00087670122451,3,8,1,21,4,FALSE,21,2097152,4,16,25,25
1148,"-1:-1|1:-2|2:0|2:1",4,TRUE,1,1,2,"mixed",1.97158737934317,2.23606797749979,2.5,3,2,2.0659048552118,3,8,1,25,0,TRUE,25,33554432,0,1,25,25
1149,"-1:-2|0:-2|2:-1|2:1",4,TRUE,1,0,3,"mixed",2.17705098312484,2.23606797749979,2.75,3,2,2.18371941369913,4,8,1,25,0,TRUE,25,33554432,0,1,25,25
1150,"-1:-2|-1:2|0:-2|2:-1",4,TRUE,1,0,3,"mixed",2.17705098312484,2.23606797749979,2.75,3,2,1.94229805746182,3,8,1,25,0,TRUE,25,33554432,0,1,25,25
1151,"-1:-2|0:-2|0:2|2:-1",4,TRUE,2,0,2,"mixed",2.11803398874989,2.23606797749979,2.5,3,2,1.91869125971184,3,8,1,25,0,TRUE,25,33554432,0,1,25,25
1152,"-1:-2|0:-2|1:2|2:-1",4,TRUE,1,0,3,"mixed",2.17705098312484,2.23606797749979,2.75,3,2,2.00666894048716,3,8,1,21,4,FALSE,21,2097152,4,16,25,25
1153,"-2:-1|-2:0|0:-2|0:-1",4,TRUE,3,0,1,"mixed",1.80901699437495,2.23606797749979,2,3,2,1.85366310572456,2,8,1,21,4,FALSE,21,2097152,4,16,25,25
1154,"-1:0|0:-2|1:-2|2:0",4,TRUE,3,0,1,"mixed",1.80901699437495,2.23606797749979,2,3,2,2.03650581819918,3,8,1,25,0,TRUE,25,33554432,0,1,25,25
1155,"-2:-1|-2:0|0:-2|0:2",4,TRUE,3,0,1,"mixed",2.05901699437495,2.23606797749979,2.25,3,2,2.09574173292382,3,8,1,25,0,TRUE,25,33554432,0,1,25,25
1156,"-1:-1|0:-2|2:-1|2:0",4,TRUE,2,1,1,"mixed",1.91257038496822,2.23606797749979,2.25,3,2,1.93650581819917,2,8,1,25,0,TRUE,25,33554432,0,1,25,25
1157,"-1:0|0:-2|2:-1|2:0",4,TRUE,3,0,1,"mixed",1.80901699437495,2.23606797749979,2,3,2,1.97726990347453,3,8,1,21,4,FALSE,21,2097152,4,16,25,25
1158,"-1:-1|0:2|1:2|2:0",4,TRUE,2,1,1,"mixed",1.91257038496822,2.23606797749979,2.25,3,2,2.10153397218646,3,8,1,25,0,TRUE,25,33554432,0,1,25,25
1159,"-1:-2|0:2|2:0|2:1",4,TRUE,2,0,2,"mixed",2.11803398874989,2.23606797749979,2.5,3,2,2.1607698869111,3,8,1,25,0,TRUE,25,33554432,0,1,25,25
1160,"-2:-1|-2:0|0:-2|2:-1",4,TRUE,2,0,2,"mixed",2.11803398874989,2.23606797749979,2.5,3,2,1.91869125971184,3,8,1,25,0,TRUE,25,33554432,0,1,25,25
1161,"-2:-1|-2:0|0:-2|2:0",4,TRUE,3,0,1,"mixed",2.05901699437495,2.23606797749979,2.25,3,2,1.95432037668651,3,8,1,25,0,TRUE,25,33554432,0,1,25,25
1162,"-1:-2|0:2|1:2|2:0",4,TRUE,2,0,2,"mixed",2.11803398874989,2.23606797749979,2.5,3,2,2.10153397218646,3,8,1,21,4,FALSE,21,2097152,4,16,25,25
1163,"-1:-2|-1:0|0:-2|1:0",4,TRUE,3,0,1,"mixed",1.55901699437495,2.23606797749979,1.75,3,2,1.85366310572456,2,8,1,21,4,FALSE,21,2097152,4,16,25,25
1164,"-1:-2|-1:0|0:-2|2:0",4,TRUE,3,0,1,"mixed",1.80901699437495,2.23606797749979,2,3,2,2.0128990204492,3,8,1,25,0,TRUE,25,33554432,0,1,25,25
1165,"-1:-2|0:-1|2:-1|2:0",4,TRUE,2,0,2,"mixed",1.86803398874989,2.23606797749979,2.25,3,2,1.91869125971184,2,8,1,25,0,TRUE,25,33554432,0,1,25,25
1166,"-1:-1|-1:0|-1:2|0:2",4,TRUE,2,1,1,"mixed",1.66257038496822,2.23606797749979,2,3,2,1.71224174948725,2,8,1,21,4,FALSE,21,2097152,4,16,25,25
1167,"-1:-2|-1:0|0:-2|0:1",4,TRUE,3,0,1,"mixed",1.55901699437495,2.23606797749979,1.75,3,2,1.71224174948725,2,8,1,21,4,FALSE,21,2097152,4,16,25,25
1168,"-1:-1|0:1|2:0|2:1",4,TRUE,2,1,1,"mixed",1.66257038496822,2.23606797749979,2,3,2,1.91869125971184,2,8,1,25,0,TRUE,25,33554432,0,1,25,25
1169,"-1:-2|-1:0|0:-2|2:1",4,TRUE,2,0,2,"mixed",1.86803398874989,2.23606797749979,2.25,3,2,2.06011261594915,3,8,1,25,0,TRUE,25,33554432,0,1,25,25
1170,"-1:-2|-1:0|-1:2|0:-2",4,TRUE,2,0,2,"mixed",1.86803398874989,2.23606797749979,2.25,3,2,1.71224174948725,2,8,1,21,4,FALSE,21,2097152,4,16,25,25
1171,"-1:-2|-1:0|0:-2|0:2",4,TRUE,3,0,1,"mixed",1.80901699437495,2.23606797749979,2,3,2,1.71224174948725,2,8,1,21,4,FALSE,21,2097152,4,16,25,25
1172,"-1:-2|-1:0|0:-2|1:2",4,TRUE,2,0,2,"mixed",1.86803398874989,2.23606797749979,2.25,3,2,1.91869125971184,2,8,1,25,0,TRUE,25,33554432,0,1,25,25
1173,"-1:-2|0:-2|1:0|2:0",4,TRUE,3,0,1,"mixed",1.80901699437495,2.23606797749979,2,3,2,1.99574173292381,2,8,1,21,4,FALSE,21,2097152,4,16,25,25
1174,"-1:-2|0:1|2:-1|2:0",4,TRUE,2,0,2,"mixed",1.86803398874989,2.23606797749979,2.25,3,2,2.08371941369913,3,8,1,21,4,FALSE,21,2097152,4,16,25,25
1175,"-1:-1|-1:2|0:2|1:0",4,TRUE,2,1,1,"mixed",1.66257038496822,2.23606797749979,2,3,2,1.91869125971184,2,8,1,21,4,FALSE,21,2097152,4,16,25,25
1176,"-1:-2|0:-2|0:1|1:0",4,TRUE,3,0,1,"mixed",1.55901699437495,2.23606797749979,1.75,3,2,1.79508446196187,2,8,1,25,0,TRUE,25,33554432,0,1,25,25
1177,"-1:-1|-1:0|0:2|1:2",4,TRUE,2,1,1,"mixed",1.66257038496822,2.23606797749979,2,3,2,1.87792717443648,2,8,1,25,0,TRUE,25,33554432,0,1,25,25
1178,"-1:-2|0:-1|2:0|2:1",4,TRUE,2,0,2,"mixed",1.86803398874989,2.23606797749979,2.25,3,2,2.0607698869111,2,8,1,25,0,TRUE,25,33554432,0,1,25,25
1179,"-1:-2|-1:2|0:-2|1:0",4,TRUE,2,0,2,"mixed",1.86803398874989,2.23606797749979,2.25,3,2,1.87792717443648,2,8,1,25,0,TRUE,25,33554432,0,1,25,25
1180,"-1:-2|0:-2|0:2|1:0",4,TRUE,3,0,1,"mixed",1.80901699437495,2.23606797749979,2,3,2,1.79508446196187,2,8,1,25,0,TRUE,25,33554432,0,1,25,25
1181,"-1:-2|-1:0|0:2|1:2",4,TRUE,2,0,2,"mixed",1.86803398874989,2.23606797749979,2.25,3,2,1.91869125971184,2,8,1,21,4,FALSE,21,2097152,4,16,25,25
1182,"-1:-2|0:2|2:-1|2:0",4,TRUE,2,0,2,"mixed",2.11803398874989,2.23606797749979,2.5,3,2,2.1607698869111,3,8,1,21,4,FALSE,21,2097152,4,16,25,25
1183,"-1:-1|-1:2|0:2|2:0",4,TRUE,2,1,1,"mixed",1.91257038496822,2.23606797749979,2.25,3,2,2.07792717443648,3,8,1,25,0,TRUE,25,33554432,0,1,25,25
1184,"-1:-2|0:-2|0:1|2:0",4,TRUE,3,0,1,"mixed",1.80901699437495,2.23606797749979,2,3,2,2.03650581819918,3,8,1,25,0,TRUE,25,33554432,0,1,25,25
1185,"-1:-1|0:-2|2:0|2:1",4,TRUE,2,1,1,"mixed",1.91257038496822,2.23606797749979,2.25,3,2,2.07858444539843,2,8,1,25,0,TRUE,25,33554432,0,1,25,25
1186,"-1:-2|0:-2|2:0|2:1",4,TRUE,2,0,2,"mixed",2.11803398874989,2.23606797749979,2.5,3,2,2.17858444539843,3,4,2,25,0,TRUE,25,33554432,0,1,25,25
1187,"-1:-2|-1:2|0:-2|2:0",4,TRUE,2,0,2,"mixed",2.11803398874989,2.23606797749979,2.5,3,2,2.03716308916112,3,8,1,25,0,TRUE,25,33554432,0,1,25,25
1188,"-1:-2|0:-2|0:2|2:0",4,TRUE,3,0,1,"mixed",2.05901699437495,2.23606797749979,2.25,3,2,2.01355629141115,3,8,1,21,4,FALSE,21,2097152,4,16,25,25
1189,"-1:-2|0:-2|1:2|2:0",4,TRUE,2,0,2,"mixed",2.11803398874989,2.23606797749979,2.5,3,2,2.10153397218646,3,8,1,25,0,TRUE,25,33554432,0,1,25,25
1190,"-1:-2|-1:-1|2:-1|2:0",4,TRUE,1,1,2,"mixed",1.97158737934317,2.23606797749979,2.5,3,2,1.91869125971184,2,8,1,21,4,FALSE,21,2097152,4,16,25,25
1191,"-1:-2|-1:0|2:-1|2:0",4,TRUE,2,0,2,"mixed",1.86803398874989,2.23606797749979,2.25,3,2,1.97726990347453,3,8,1,21,4,FALSE,21,2097152,4,16,25,25
1192,"-1:-1|-1:2|2:0|2:1",4,TRUE,1,1,2,"mixed",1.97158737934317,2.23606797749979,2.5,3,2,2.10153397218646,3,8,1,25,0,TRUE,25,33554432,0,1,25,25
1193,"-1:-2|-1:2|2:-1|2:0",4,TRUE,1,0,3,"mixed",2.17705098312484,2.23606797749979,2.75,3,2,2.14295532842377,3,8,1,25,0,TRUE,25,33554432,0,1,25,25
1194,"-2:-1|-1:-2|-1:2|0:2",4,TRUE,1,0,3,"mixed",2.17705098312484,2.23606797749979,2.75,3,2,1.86011261594915,2,8,1,21,4,FALSE,21,2097152,4,16,25,25
1195,"-2:-1|-1:2|0:-2|0:2",4,TRUE,2,0,2,"mixed",2.11803398874989,2.23606797749979,2.5,3,2,1.91869125971184,3,8,1,25,0,TRUE,25,33554432,0,1,25,25
1196,"-1:-2|0:2|1:2|2:-1",4,TRUE,1,0,3,"mixed",2.17705098312484,2.23606797749979,2.75,3,2,2.0659048552118,3,8,1,21,4,FALSE,21,2097152,4,16,25,25
1197,"-1:-1|-1:0|2:-1|2:0",4,TRUE,2,1,1,"mixed",1.66257038496822,2.23606797749979,2,3,2,1.71224174948725,2,8,1,21,4,FALSE,21,2097152,4,16,25,25
1198,"-1:-1|-1:1|2:-1|2:0",4,TRUE,1,2,1,"mixed",1.76612377556149,2.23606797749979,2.25,3,2,1.93650581819917,2,8,1,25,0,TRUE,25,33554432,0,1,25,25
1199,"-1:-1|-1:2|0:2|2:-1",4,TRUE,1,1,2,"mixed",1.97158737934317,2.23606797749979,2.5,3,2,2.07792717443648,3,8,1,25,0,TRUE,25,33554432,0,1,25,25
1200,"-1:-2|-1:-1|-1:2|0:2",4,TRUE,1,1,2,"mixed",1.97158737934317,2.23606797749979,2.5,3,2,1.65366310572456,1,8,1,25,0,TRUE,25,33554432,0,1,25,25
1201,"-1:-1|-1:2|0:-2|0:2",4,TRUE,2,1,1,"mixed",1.91257038496822,2.23606797749979,2.25,3,2,1.67147766421189,1,8,1,21,4,FALSE,21,2097152,4,16,25,25
1202,"-1:-1|-1:2|0:2|1:-2",4,TRUE,1,1,2,"mixed",1.97158737934317,2.23606797749979,2.5,3,2,1.90087670122451,2,8,1,21,4,FALSE,21,2097152,4,16,25,25
1203,"-1:-1|-1:0|2:0|2:1",4,TRUE,2,1,1,"mixed",1.66257038496822,2.23606797749979,2,3,2,1.79508446196187,2,8,1,25,0,TRUE,25,33554432,0,1,25,25
1204,"-1:-2|-1:0|2:0|2:1",4,TRUE,2,0,2,"mixed",1.86803398874989,2.23606797749979,2.25,3,2,2.03650581819918,3,8,1,25,0,TRUE,25,33554432,0,1,25,25
1205,"-1:-2|-1:2|0:-1|0:2",4,TRUE,2,0,2,"mixed",1.86803398874989,2.23606797749979,2.25,3,2,1.65366310572456,1,8,1,25,0,TRUE,25,33554432,0,1,25,25
1206,"-1:-2|0:-2|0:1|0:2",4,TRUE,3,0,1,"mixed",1.80901699437495,2.23606797749979,2,3,2,1.58863495173727,1,8,1,21,4,FALSE,21,2097152,4,16,25,25
1207,"-1:-2|0:-1|0:2|1:2",4,TRUE,2,0,2,"mixed",1.86803398874989,2.23606797749979,2.25,3,2,1.77726990347453,1,8,1,25,0,TRUE,25,33554432,0,1,25,25
1208,"-1:-2|-1:-1|2:0|2:1",4,TRUE,1,1,2,"mixed",1.97158737934317,2.23606797749979,2.5,3,2,2.0607698869111,2,8,1,25,0,TRUE,25,33554432,0,1,25,25
1209,"-1:-1|0:2|1:-2|1:2",4,TRUE,1,1,2,"mixed",1.97158737934317,2.23606797749979,2.5,3,2,1.86011261594915,2,8,1,25,0,TRUE,25,33554432,0,1,25,25
1210,"-1:-1|0:-2|0:2|1:2",4,TRUE,2,1,1,"mixed",1.91257038496822,2.23606797749979,2.25,3,2,1.75432037668651,1,8,1,25,0,TRUE,25,33554432,0,1,25,25
1211,"-1:-2|-1:-1|0:2|1:2",4,TRUE,1,1,2,"mixed",1.97158737934317,2.23606797749979,2.5,3,2,1.86011261594915,1,8,1,25,0,TRUE,25,33554432,0,1,25,25
1212,"-1:-2|-1:2|0:-2|2:1",4,TRUE,1,0,3,"mixed",2.17705098312484,2.23606797749979,2.75,3,2,2.00153397218646,3,8,1,25,0,TRUE,25,33554432,0,1,25,25
1213,"-1:-2|0:-2|0:2|2:1",4,TRUE,2,0,2,"mixed",2.11803398874989,2.23606797749979,2.5,3,2,1.97792717443648,3,8,1,25,0,TRUE,25,33554432,0,1,25,25
1214,"-1:-2|0:-2|1:2|2:1",4,TRUE,1,0,3,"mixed",2.17705098312484,2.23606797749979,2.75,3,2,2.04295532842377,2,8,1,25,0,TRUE,25,33554432,0,1,25,25
1215,"-1:-2|-1:2|0:-2|0:2",4,TRUE,2,0,2,"mixed",2.11803398874989,2.23606797749979,2.5,3,2,1.53005630797458,2,4,2,25,0,TRUE,25,33554432,0,1,25,25
1216,"-1:-2|-1:2|0:-2|1:2",4,TRUE,1,0,3,"mixed",2.17705098312484,2.23606797749979,2.75,3,2,1.77726990347453,2,8,1,25,0,TRUE,25,33554432,0,1,25,25
1217,"-1:-2|0:-2|0:2|1:2",4,TRUE,2,0,2,"mixed",2.11803398874989,2.23606797749979,2.5,3,2,1.65366310572456,2,4,2,17,8,FALSE,17,131072,8,256,25,25
1218,"-1:-2|1:-2|1:-1|2:-1",4,TRUE,0,1,3,"off_axis",2.03060437371812,2.23606797749979,2.75,3,2,1.80087670122451,2,8,1,25,0,TRUE,25,33554432,0,1,25,25
1219,"-1:-2|0:-1|1:-2|2:-1",4,TRUE,1,0,3,"mixed",1.92705098312484,2.23606797749979,2.5,3,2,1.81869125971184,1,8,1,25,0,TRUE,25,33554432,0,1,25,25
1220,"-1:-2|-1:-1|1:-2|2:-1",4,TRUE,0,1,3,"off_axis",2.03060437371812,2.23606797749979,2.75,3,2,1.90087670122451,2,8,1,21,4,FALSE,21,2097152,4,16,25,25
1221,"-2:-1|-1:-2|1:-2|2:-1",4,TRUE,0,0,4,"off_axis",2.23606797749979,2.23606797749979,3,3,2,1.92448349897449,2,4,2,21,4,FALSE,21,2097152,4,16,25,25
1222,"-1:-2|1:-2|1:0|2:-1",4,TRUE,1,0,3,"mixed",1.92705098312484,2.23606797749979,2.5,3,2,1.96011261594915,2,8,1,25,0,TRUE,25,33554432,0,1,25,25
1223,"-1:-2|-1:0|1:-2|2:-1",4,TRUE,1,0,3,"mixed",1.92705098312484,2.23606797749979,2.5,3,2,2.04229805746182,3,8,1,25,0,TRUE,25,33554432,0,1,25,25
1224,"-2:-1|-1:-2|1:-2|2:0",4,TRUE,1,0,3,"mixed",2.17705098312484,2.23606797749979,2.75,3,2,2.08371941369913,3,8,1,17,8,FALSE,17,131072,8,256,25,25
1225,"-1:-2|1:-2|2:-1|2:1",4,TRUE,0,0,4,"off_axis",2.23606797749979,2.23606797749979,3,3,2,2.1659048552118,4,4,2,21,4,FALSE,21,2097152,4,16,25,25
1226,"-1:-1|1:-2|2:-1|2:1",4,TRUE,0,1,3,"off_axis",2.03060437371812,2.23606797749979,2.75,3,2,2.08371941369913,3,8,1,25,0,TRUE,25,33554432,0,1,25,25
1227,"-1:-2|0:1|1:-2|2:-1",4,TRUE,1,0,3,"mixed",1.92705098312484,2.23606797749979,2.5,3,2,2.0659048552118,3,8,1,25,0,TRUE,25,33554432,0,1,25,25
1228,"-1:-1|-1:2|1:2|2:1",4,TRUE,0,1,3,"off_axis",2.03060437371812,2.23606797749979,2.75,3,2,2.14295532842377,3,8,1,25,0,TRUE,25,33554432,0,1,25,25
1229,"-1:-2|1:2|2:-1|2:1",4,TRUE,0,0,4,"off_axis",2.23606797749979,2.23606797749979,3,3,2,2.18951165296178,4,8,1,21,4,FALSE,21,2097152,4,16,25,25
1230,"-1:-2|1:-2|1:2|2:-1",4,TRUE,0,0,4,"off_axis",2.23606797749979,2.23606797749979,3,3,2,2.00666894048716,3,8,1,21,4,FALSE,21,2097152,4,16,25,25
1231,"-1:-2|0:2|1:-2|2:-1",4,TRUE,1,0,3,"mixed",2.17705098312484,2.23606797749979,2.75,3,2,2.00153397218646,2,8,1,25,0,TRUE,25,33554432,0,1,25,25
1232,"-1:-2|-1:2|1:-2|2:-1",4,TRUE,0,0,4,"off_axis",2.23606797749979,2.23606797749979,3,3,2,2.0659048552118,3,8,1,25,0,TRUE,25,33554432,0,1,25,25
1233,"-1:-2|-1:-1|0:-1|1:-2",4,TRUE,1,1,2,"mixed",1.72158737934317,2.23606797749979,2.25,3,2,1.59508446196187,1,8,1,25,0,TRUE,25,33554432,0,1,25,25
1234,"-1:-2|-1:-1|1:-2|1:-1",4,TRUE,0,2,2,"off_axis",1.82514076993644,2.23606797749979,2.5,3,2,1.77726990347453,1,4,2,25,0,TRUE,25,33554432,0,1,25,25
1235,"-1:-2|1:-2|1:-1|2:0",4,TRUE,1,1,2,"mixed",1.97158737934317,2.23606797749979,2.5,3,2,1.96011261594915,2,8,1,25,0,TRUE,25,33554432,0,1,25,25
1236,"-1:-2|-1:-1|-1:0|1:-2",4,TRUE,1,1,2,"mixed",1.72158737934317,2.23606797749979,2.25,3,2,1.79508446196187,2,8,1,25,0,TRUE,25,33554432,0,1,25,25
1237,"-1:-2|-1:-1|1:-2|1:0",4,TRUE,1,1,2,"mixed",1.72158737934317,2.23606797749979,2.25,3,2,1.91869125971184,2,8,1,21,4,FALSE,21,2097152,4,16,25,25
1238,"-1:-2|-1:-1|1:-2|2:0",4,TRUE,1,1,2,"mixed",1.97158737934317,2.23606797749979,2.5,3,2,2.04229805746182,3,8,1,25,0,TRUE,25,33554432,0,1,25,25
1239,"-1:-2|1:-1|2:-1|2:1",4,TRUE,0,1,3,"off_axis",2.03060437371812,2.23606797749979,2.75,3,2,2.0659048552118,3,8,1,25,0,TRUE,25,33554432,0,1,25,25
1240,"-1:-1|-1:1|-1:2|1:2",4,TRUE,0,2,2,"off_axis",1.82514076993644,2.23606797749979,2.5,3,2,1.93650581819917,2,8,1,25,0,TRUE,25,33554432,0,1,25,25
1241,"-1:-2|-1:-1|0:1|1:-2",4,TRUE,1,1,2,"mixed",1.72158737934317,2.23606797749979,2.25,3,2,1.88306214273718,2,8,1,21,4,FALSE,21,2097152,4,16,25,25
1242,"-1:-1|-1:2|1:1|1:2",4,TRUE,0,2,2,"off_axis",1.82514076993644,2.23606797749979,2.5,3,2,2.01934853067379,2,8,1,25,0,TRUE,25,33554432,0,1,25,25
1243,"-1:-2|-1:-1|1:-2|2:1",4,TRUE,0,1,3,"off_axis",2.03060437371812,2.23606797749979,2.75,3,2,2.12514076993644,3,8,1,25,0,TRUE,25,33554432,0,1,25,25
1244,"-1:-2|-1:-1|-1:2|1:-2",4,TRUE,0,1,3,"off_axis",2.03060437371812,2.23606797749979,2.75,3,2,1.8594553449872,2,8,1,21,4,FALSE,21,2097152,4,16,25,25
1245,"-1:-2|-1:-1|0:2|1:-2",4,TRUE,1,1,2,"mixed",1.97158737934317,2.23606797749979,2.5,3,2,1.81869125971184,1,8,1,25,0,TRUE,25,33554432,0,1,25,25
1246,"-1:-2|-1:-1|1:-2|1:2",4,TRUE,0,1,3,"off_axis",2.03060437371812,2.23606797749979,2.75,3,2,1.94229805746182,2,8,1,25,0,TRUE,25,33554432,0,1,25,25
1247,"-1:-2|0:-1|1:-2|2:0",4,TRUE,2,0,2,"mixed",1.86803398874989,2.23606797749979,2.25,3,2,1.96011261594915,2,8,1,25,0,TRUE,25,33554432,0,1,25,25
1248,"-1:-2|-1:0|0:-1|1:-2",4,TRUE,2,0,2,"mixed",1.61803398874989,2.23606797749979,2,3,2,1.75432037668651,1,8,1,25,0,TRUE,25,33554432,0,1,25,25
1249,"-1:-2|0:-1|1:-2|2:1",4,TRUE,1,0,3,"mixed",1.92705098312484,2.23606797749979,2.5,3,2,2.04295532842377,2,8,1,25,0,TRUE,25,33554432,0,1,25,25
1250,"-1:-1|-1:2|0:1|1:2",4,TRUE,1,1,2,"mixed",1.72158737934317,2.23606797749979,2.25,3,2,1.87792717443648,1,8,1,25,0,TRUE,25,33554432,0,1,25,25
1251,"-1:-2|0:-1|0:1|1:-2",4,TRUE,2,0,2,"mixed",1.61803398874989,2.23606797749979,2,3,2,1.77726990347453,1,4,2,25,0,TRUE,25,33554432,0,1,25,25
1252,"-1:-2|-1:2|0:-1|1:-2",4,TRUE,1,0,3,"mixed",1.92705098312484,2.23606797749979,2.5,3,2,1.80087670122451,1,8,1,25,0,TRUE,25,33554432,0,1,25,25
1253,"-1:-2|0:-1|0:2|1:-2",4,TRUE,2,0,2,"mixed",1.86803398874989,2.23606797749979,2.25,3,2,1.7128990204492,1,4,2,25,0,TRUE,25,33554432,0,1,25,25
1254,"-1:-2|1:-2|1:0|2:0",4,TRUE,2,0,2,"mixed",1.86803398874989,2.23606797749979,2.25,3,2,2.03650581819918,3,8,1,25,0,TRUE,25,33554432,0,1,25,25
1255,"-1:-2|-1:0|1:-2|2:0",4,TRUE,2,0,2,"mixed",1.86803398874989,2.23606797749979,2.25,3,2,2.13650581819918,4,8,1,21,4,FALSE,21,2097152,4,16,25,25
1256,"-2:-1|-2:1|0:-2|0:2",4,TRUE,2,0,2,"mixed",2.11803398874989,2.23606797749979,2.5,3,2,2.16011261594915,4,4,2,21,4,FALSE,21,2097152,4,16,25,25
1257,"-1:-1|0:-2|2:-1|2:1",4,TRUE,1,1,2,"mixed",1.97158737934317,2.23606797749979,2.5,3,2,2.11934853067379,3,8,1,25,0,TRUE,25,33554432,0,1,25,25
1258,"-1:-2|0:1|1:-2|2:0",4,TRUE,2,0,2,"mixed",1.86803398874989,2.23606797749979,2.25,3,2,2.12448349897449,4,8,1,21,4,FALSE,21,2097152,4,16,25,25
1259,"-1:-1|-1:2|1:2|2:0",4,TRUE,1,1,2,"mixed",1.97158737934317,2.23606797749979,2.5,3,2,2.20153397218646,4,8,1,25,0,TRUE,25,33554432,0,1,25,25
1260,"-1:-2|0:2|2:-1|2:1",4,TRUE,1,0,3,"mixed",2.17705098312484,2.23606797749979,2.75,3,2,2.22514076993644,4,8,1,21,4,FALSE,21,2097152,4,16,25,25
1261,"-1:-2|1:-2|1:2|2:0",4,TRUE,1,0,3,"mixed",2.17705098312484,2.23606797749979,2.75,3,2,2.12448349897449,4,8,1,21,4,FALSE,21,2097152,4,16,25,25
1262,"-1:-2|0:2|1:-2|2:0",4,TRUE,2,0,2,"mixed",2.11803398874989,2.23606797749979,2.5,3,2,2.11934853067379,3,8,1,25,0,TRUE,25,33554432,0,1,25,25
1263,"-1:-2|-1:2|1:-2|2:0",4,TRUE,1,0,3,"mixed",2.17705098312484,2.23606797749979,2.75,3,2,2.18371941369913,4,8,1,25,0,TRUE,25,33554432,0,1,25,25
1264,"-1:-2|-1:0|1:-2|1:0",4,TRUE,2,0,2,"mixed",1.61803398874989,2.23606797749979,2,3,2,2.0128990204492,3,4,2,25,0,TRUE,25,33554432,0,1,25,25
1265,"-1:-2|0:-1|2:-1|2:1",4,TRUE,1,0,3,"mixed",1.92705098312484,2.23606797749979,2.5,3,2,2.10153397218646,3,8,1,21,4,FALSE,21,2097152,4,16,25,25
1266,"-1:-1|-1:0|-1:2|1:2",4,TRUE,1,1,2,"mixed",1.72158737934317,2.23606797749979,2.25,3,2,1.95432037668651,3,8,1,25,0,TRUE,25,33554432,0,1,25,25
1267,"-1:-2|-1:0|0:1|1:-2",4,TRUE,2,0,2,"mixed",1.61803398874989,2.23606797749979,2,3,2,1.91869125971184,3,8,1,25,0,TRUE,25,33554432,0,1,25,25
1268,"-1:-1|-1:2|1:0|1:2",4,TRUE,1,1,2,"mixed",1.72158737934317,2.23606797749979,2.25,3,2,2.07792717443648,3,8,1,25,0,TRUE,25,33554432,0,1,25,25
1269,"-1:-2|-1:0|1:-2|2:1",4,TRUE,1,0,3,"mixed",1.92705098312484,2.23606797749979,2.5,3,2,2.18371941369913,4,8,1,25,0,TRUE,25,33554432,0,1,25,25
1270,"-1:-2|-1:0|-1:2|1:-2",4,TRUE,1,0,3,"mixed",1.92705098312484,2.23606797749979,2.5,3,2,1.97726990347453,3,8,1,21,4,FALSE,21,2097152,4,16,25,25
1271,"-1:-2|-1:0|0:2|1:-2",4,TRUE,2,0,2,"mixed",1.86803398874989,2.23606797749979,2.25,3,2,1.93650581819917,2,8,1,25,0,TRUE,25,33554432,0,1,25,25
1272,"-1:-2|-1:0|1:-2|1:2",4,TRUE,1,0,3,"mixed",1.92705098312484,2.23606797749979,2.5,3,2,2.06011261594915,3,8,1,25,0,TRUE,25,33554432,0,1,25,25
1273,"-1:-2|-1:-1|2:-1|2:1",4,TRUE,0,1,3,"off_axis",2.03060437371812,2.23606797749979,2.75,3,2,2.10153397218646,3,8,1,25,0,TRUE,25,33554432,0,1,25,25
1274,"-1:-2|-1:0|2:-1|2:1",4,TRUE,1,0,3,"mixed",1.92705098312484,2.23606797749979,2.5,3,2,2.12448349897449,4,8,1,21,4,FALSE,21,2097152,4,16,25,25
1275,"-1:-1|-1:2|1:2|2:-1",4,TRUE,0,1,3,"off_axis",2.03060437371812,2.23606797749979,2.75,3,2,2.20153397218646,4,8,1,25,0,TRUE,25,33554432,0,1,25,25
1276,"-1:-2|-1:2|2:-1|2:1",4,TRUE,0,0,4,"off_axis",2.23606797749979,2.23606797749979,3,3,2,2.20732621144911,4,4,2,21,4,FALSE,21,2097152,4,16,25,25
1277,"-1:-2|1:-2|1:2|2:1",4,TRUE,0,0,4,"off_axis",2.23606797749979,2.23606797749979,3,3,2,2.0659048552118,3,8,1,25,0,TRUE,25,33554432,0,1,25,25
1278,"-1:-2|0:2|1:-2|2:1",4,TRUE,1,0,3,"mixed",2.17705098312484,2.23606797749979,2.75,3,2,2.08371941369913,3,8,1,25,0,TRUE,25,33554432,0,1,25,25
1279,"-1:-2|-1:2|1:-2|2:1",4,TRUE,0,0,4,"off_axis",2.23606797749979,2.23606797749979,3,3,2,2.14809029672447,4,8,1,21,4,FALSE,21,2097152,4,16,25,25
1280,"-1:-1|-1:0|2:-1|2:1",4,TRUE,1,1,2,"mixed",1.72158737934317,2.23606797749979,2.25,3,2,1.91869125971184,3,8,1,25,0,TRUE,25,33554432,0,1,25,25
1281,"-1:-1|-1:1|2:-1|2:1",4,TRUE,0,2,2,"off_axis",1.82514076993644,2.23606797749979,2.5,3,2,2.09574173292382,3,4,2,25,0,TRUE,25,33554432,0,1,25,25
1282,"-1:-2|-1:-1|-1:2|1:2",4,TRUE,0,1,3,"off_axis",2.03060437371812,2.23606797749979,2.75,3,2,1.91869125971184,2,8,1,25,0,TRUE,25,33554432,0,1,25,25
1283,"-1:-1|-1:2|0:-2|1:2",4,TRUE,1,1,2,"mixed",1.97158737934317,2.23606797749979,2.5,3,2,1.89574173292382,1,8,1,25,0,TRUE,25,33554432,0,1,25,25
1284,"-1:-1|-1:2|1:-2|1:2",4,TRUE,0,1,3,"off_axis",2.03060437371812,2.23606797749979,2.75,3,2,2.04229805746182,3,8,1,25,0,TRUE,25,33554432,0,1,25,25
1285,"-1:-2|-1:2|0:-1|1:2",4,TRUE,1,0,3,"mixed",1.92705098312484,2.23606797749979,2.5,3,2,1.88306214273718,2,8,1,21,4,FALSE,21,2097152,4,16,25,25
1286,"-1:-2|0:1|0:2|1:-2",4,TRUE,2,0,2,"mixed",1.86803398874989,2.23606797749979,2.25,3,2,1.77726990347453,1,4,2,25,0,TRUE,25,33554432,0,1,25,25
1287,"-1:-2|-1:2|1:-2|1:2",4,TRUE,0,0,4,"off_axis",2.23606797749979,2.23606797749979,3,3,2,1.94164078649987,3,2,4,17,8,FALSE,17,131072,8,256,25,25
1288,"-2:-1|-1:-2|-1:-1|-1:0",4,TRUE,1,1,2,"mixed",1.72158737934317,2.23606797749979,2.25,3,2,1.47147766421189,1,8,1,25,0,TRUE,25,33554432,0,1,25,25
1289,"-1:-1|1:-2|1:-1|2:-1",4,TRUE,0,2,2,"off_axis",1.82514076993644,2.23606797749979,2.5,3,2,1.69508446196187,1,8,1,25,0,TRUE,25,33554432,0,1,25,25
1290,"-2:-1|-1:-2|-1:-1|-1:2",4,TRUE,0,1,3,"off_axis",2.03060437371812,2.23606797749979,2.75,3,2,1.67726990347453,1,8,1,25,0,TRUE,25,33554432,0,1,25,25
1291,"-1:0|1:-2|1:-1|2:-1",4,TRUE,1,1,2,"mixed",1.72158737934317,2.23606797749979,2.25,3,2,1.76011261594915,1,8,1,25,0,TRUE,25,33554432,0,1,25,25
1292,"-2:-1|-1:-2|-1:-1|0:2",4,TRUE,1,1,2,"mixed",1.97158737934317,2.23606797749979,2.5,3,2,1.77792717443648,1,8,1,25,0,TRUE,25,33554432,0,1,25,25
1293,"-1:-1|1:1|1:2|2:1",4,TRUE,0,2,2,"off_axis",1.82514076993644,2.23606797749979,2.5,3,2,1.92000580163574,1,4,2,25,0,TRUE,25,33554432,0,1,25,25
1294,"-1:-2|1:1|1:2|2:1",4,TRUE,0,1,3,"off_axis",2.03060437371812,2.23606797749979,2.75,3,2,1.94295532842377,2,8,1,25,0,TRUE,25,33554432,0,1,25,25
1295,"-1:-1|0:-1|1:-2|2:-1",4,TRUE,1,1,2,"mixed",1.72158737934317,2.23606797749979,2.25,3,2,1.69508446196187,1,8,1,25,0,TRUE,25,33554432,0,1,25,25
1296,"-2:-1|-1:-2|-1:0|-1:2",4,TRUE,1,0,3,"mixed",1.92705098312484,2.23606797749979,2.5,3,2,1.77726990347453,1,8,1,25,0,TRUE,25,33554432,0,1,25,25
1297,"-2:-1|-1:-2|-1:0|0:-1",4,TRUE,2,0,2,"mixed",1.61803398874989,2.23606797749979,2,3,2,1.6128990204492,1,4,2,25,0,TRUE,25,33554432,0,1,25,25
1298,"-1:0|0:-1|1:-2|2:-1",4,TRUE,2,0,2,"mixed",1.61803398874989,2.23606797749979,2,3,2,1.77792717443648,1,8,1,25,0,TRUE,25,33554432,0,1,25,25
1299,"-2:-1|-1:-2|-1:0|0:2",4,TRUE,2,0,2,"mixed",1.86803398874989,2.23606797749979,2.25,3,2,1.87792717443648,1,8,1,25,0,TRUE,25,33554432,0,1,25,25
1300,"-1:-1|1:-2|1:0|2:-1",4,TRUE,1,1,2,"mixed",1.72158737934317,2.23606797749979,2.25,3,2,1.81869125971184,1,8,1,25,0,TRUE,25,33554432,0,1,25,25
1301,"-1:0|1:-2|1:0|2:-1",4,TRUE,2,0,2,"mixed",1.61803398874989,2.23606797749979,2,3,2,1.83650581819917,1,8,1,25,0,TRUE,25,33554432,0,1,25,25
1302,"-1:-1|0:1|1:2|2:1",4,TRUE,1,1,2,"mixed",1.72158737934317,2.23606797749979,2.25,3,2,1.9607698869111,1,8,1,25,0,TRUE,25,33554432,0,1,25,25
1303,"-1:-2|1:0|1:2|2:1",4,TRUE,1,0,3,"mixed",1.92705098312484,2.23606797749979,2.5,3,2,2.04295532842377,2,8,1,25,0,TRUE,25,33554432,0,1,25,25
1304,"-2:-1|-1:-2|-1:0|2:-1",4,TRUE,1,0,3,"mixed",1.92705098312484,2.23606797749979,2.5,3,2,1.80087670122451,1,8,1,25,0,TRUE,25,33554432,0,1,25,25
1305,"-2:-1|-1:-2|-1:0|2:0",4,TRUE,2,0,2,"mixed",1.86803398874989,2.23606797749979,2.25,3,2,1.85432037668651,1,8,1,25,0,TRUE,25,33554432,0,1,25,25
1306,"-1:-2|0:1|1:2|2:1",4,TRUE,1,0,3,"mixed",1.92705098312484,2.23606797749979,2.5,3,2,1.98371941369913,2,8,1,25,0,TRUE,25,33554432,0,1,25,25
1307,"-2:-1|-1:-1|1:-2|2:-1",4,TRUE,0,1,3,"off_axis",2.03060437371812,2.23606797749979,2.75,3,2,1.80087670122451,1,8,1,17,8,FALSE,17,131072,8,256,25,25
1308,"-1:-1|-1:0|1:-2|2:-1",4,TRUE,1,1,2,"mixed",1.72158737934317,2.23606797749979,2.25,3,2,1.86011261594915,2,8,1,25,0,TRUE,25,33554432,0,1,25,25
1309,"-2:-1|-1:-2|-1:1|0:2",4,TRUE,1,1,2,"mixed",1.97158737934317,2.23606797749979,2.5,3,2,1.91934853067379,1,8,1,21,4,FALSE,21,2097152,4,16,25,25
1310,"-1:-1|1:-2|1:1|2:-1",4,TRUE,0,2,2,"off_axis",1.82514076993644,2.23606797749979,2.5,3,2,2.00153397218646,2,4,2,21,4,FALSE,21,2097152,4,16,25,25
1311,"-1:-1|0:1|1:-2|2:-1",4,TRUE,1,1,2,"mixed",1.72158737934317,2.23606797749979,2.25,3,2,1.98371941369913,2,8,1,25,0,TRUE,25,33554432,0,1,25,25
1312,"-1:-1|-1:1|1:-2|2:-1",4,TRUE,0,2,2,"off_axis",1.82514076993644,2.23606797749979,2.5,3,2,2.0607698869111,2,8,1,25,0,TRUE,25,33554432,0,1,25,25
1313,"-1:-2|1:-1|1:2|2:1",4,TRUE,0,1,3,"off_axis",2.03060437371812,2.23606797749979,2.75,3,2,2.10732621144911,3,8,1,21,4,FALSE,21,2097152,4,16,25,25
1314,"-1:-1|1:-2|1:2|2:-1",4,TRUE,0,1,3,"off_axis",2.03060437371812,2.23606797749979,2.75,3,2,1.98371941369913,2,8,1,25,0,TRUE,25,33554432,0,1,25,25
1315,"-1:-1|0:2|1:-2|2:-1",4,TRUE,1,1,2,"mixed",1.97158737934317,2.23606797749979,2.5,3,2,2.00153397218646,2,8,1,21,4,FALSE,21,2097152,4,16,25,25
1316,"-1:-1|-1:2|1:-2|2:-1",4,TRUE,0,1,3,"off_axis",2.03060437371812,2.23606797749979,2.75,3,2,2.08371941369913,3,8,1,25,0,TRUE,25,33554432,0,1,25,25
1317,"-2:-1|-1:-2|-1:2|0:1",4,TRUE,1,0,3,"mixed",1.92705098312484,2.23606797749979,2.5,3,2,1.88371941369913,1,8,1,21,4,FALSE,21,2097152,4,16,25,25
1318,"-1:0|1:-2|1:2|2:-1",4,TRUE,1,0,3,"mixed",1.92705098312484,2.23606797749979,2.5,3,2,2.02514076993644,2,8,1,25,0,TRUE,25,33554432,0,1,25,25
1319,"-1:-1|1:-2|1:2|2:1",4,TRUE,0,1,3,"off_axis",2.03060437371812,2.23606797749979,2.75,3,2,2.06656212617375,2,8,1,21,4,FALSE,21,2097152,4,16,25,25
1320,"-2:-1|-1:-2|-1:2|2:-1",4,TRUE,0,0,4,"off_axis",2.23606797749979,2.23606797749979,3,3,2,1.9659048552118,2,4,2,21,4,FALSE,21,2097152,4,16,25,25
1321,"-2:-1|-1:-2|-1:2|2:0",4,TRUE,1,0,3,"mixed",2.17705098312484,2.23606797749979,2.75,3,2,2.04295532842377,2,8,1,25,0,TRUE,25,33554432,0,1,25,25
1322,"-2:-1|-1:-2|-1:2|2:1",4,TRUE,0,0,4,"off_axis",2.23606797749979,2.23606797749979,3,3,2,2.08951165296178,3,8,1,21,4,FALSE,21,2097152,4,16,25,25
1323,"-2:-1|-1:-2|0:1|0:2",4,TRUE,2,0,2,"mixed",1.86803398874989,2.23606797749979,2.25,3,2,1.91934853067379,1,8,1,21,4,FALSE,21,2097152,4,16,25,25
1324,"-1:0|0:-1|1:2|2:1",4,TRUE,2,0,2,"mixed",1.61803398874989,2.23606797749979,2,3,2,1.94295532842377,2,4,2,25,0,TRUE,25,33554432,0,1,25,25
1325,"-1:-1|-1:0|1:2|2:1",4,TRUE,1,1,2,"mixed",1.72158737934317,2.23606797749979,2.25,3,2,2.00219124314841,2,8,1,25,0,TRUE,25,33554432,0,1,25,25
1326,"-1:-2|0:-1|1:2|2:1",4,TRUE,1,0,3,"mixed",1.92705098312484,2.23606797749979,2.5,3,2,2.06656212617375,2,8,1,21,4,FALSE,21,2097152,4,16,25,25
1327,"-1:0|0:-2|1:2|2:1",4,TRUE,2,0,2,"mixed",1.86803398874989,2.23606797749979,2.25,3,2,2.04295532842377,2,8,1,25,0,TRUE,25,33554432,0,1,25,25
1328,"-1:-2|-1:0|1:2|2:1",4,TRUE,1,0,3,"mixed",1.92705098312484,2.23606797749979,2.5,3,2,2.12514076993644,3,8,1,25,0,TRUE,25,33554432,0,1,25,25
1329,"-1:-1|0:-2|1:2|2:1",4,TRUE,1,1,2,"mixed",1.97158737934317,2.23606797749979,2.5,3,2,2.06142715787305,1,8,1,21,4,FALSE,21,2097152,4,16,25,25
1330,"-2:-1|-1:-2|0:2|2:0",4,TRUE,2,0,2,"mixed",2.11803398874989,2.23606797749979,2.5,3,2,2.12000580163574,2,4,2,21,4,FALSE,21,2097152,4,16,25,25
1331,"-2:-1|-1:-2|0:2|2:1",4,TRUE,1,0,3,"mixed",2.17705098312484,2.23606797749979,2.75,3,2,2.16656212617375,3,8,1,21,4,FALSE,21,2097152,4,16,25,25
1332,"-1:-2|-1:-1|1:2|2:1",4,TRUE,0,1,3,"off_axis",2.03060437371812,2.23606797749979,2.75,3,2,2.12579804089839,2,8,1,21,4,FALSE,21,2097152,4,16,25,25
1333,"-2:-1|-1:-2|1:2|2:1",4,TRUE,0,0,4,"off_axis",2.23606797749979,2.23606797749979,3,3,2,2.19016892392373,3,2,4,17,8,FALSE,17,131072,8,256,25,25
1334,"-1:-1|0:-1|1:-2|1:-1",4,TRUE,1,2,1,"mixed",1.51612377556149,2.23606797749979,2,3,2,1.47147766421189,1,8,1,25,0,TRUE,25,33554432,0,1,25,25
1335,"-1:-2|-1:-1|0:-1|2:-1",4,TRUE,1,1,2,"mixed",1.72158737934317,2.23606797749979,2.25,3,2,1.65366310572456,2,8,1,17,8,FALSE,17,131072,8,256,25,25
1336,"-2:-1|-1:-1|-1:0|0:-2",4,TRUE,2,1,1,"mixed",1.66257038496822,2.23606797749979,2,3,2,1.59508446196187,1,8,1,25,0,TRUE,25,33554432,0,1,25,25
1337,"-1:-2|-1:-1|-1:0|0:-1",4,TRUE,2,1,1,"mixed",1.41257038496822,2.23606797749979,1.75,3,2,1.34787086646191,1,8,1,21,4,FALSE,21,2097152,4,16,25,25
1338,"-1:-2|-1:-1|0:-1|1:0",4,TRUE,2,1,1,"mixed",1.41257038496822,2.23606797749979,1.75,3,2,1.55432037668651,1,8,1,21,4,FALSE,21,2097152,4,16,25,25
1339,"-1:-2|-1:-1|0:-1|2:0",4,TRUE,2,1,1,"mixed",1.66257038496822,2.23606797749979,2,3,2,1.73650581819918,2,8,1,25,0,TRUE,25,33554432,0,1,25,25
1340,"-1:-2|1:-1|1:0|2:-1",4,TRUE,1,1,2,"mixed",1.72158737934317,2.23606797749979,2.25,3,2,1.76011261594915,2,8,1,25,0,TRUE,25,33554432,0,1,25,25
1341,"-1:-1|-1:1|-1:2|0:1",4,TRUE,1,2,1,"mixed",1.51612377556149,2.23606797749979,2,3,2,1.57147766421189,1,8,1,25,0,TRUE,25,33554432,0,1,25,25
1342,"-1:-2|-1:-1|0:-1|0:1",4,TRUE,2,1,1,"mixed",1.41257038496822,2.23606797749979,1.75,3,2,1.55366310572456,1,8,1,21,4,FALSE,21,2097152,4,16,25,25
1343,"-1:-1|0:1|1:1|1:2",4,TRUE,1,2,1,"mixed",1.51612377556149,2.23606797749979,2,3,2,1.73716308916112,1,8,1,21,4,FALSE,21,2097152,4,16,25,25
1344,"-1:-2|-1:-1|0:-1|2:1",4,TRUE,1,1,2,"mixed",1.72158737934317,2.23606797749979,2.25,3,2,1.87858444539843,2,8,1,25,0,TRUE,25,33554432,0,1,25,25
1345,"-1:-2|-1:-1|-1:2|0:-1",4,TRUE,1,1,2,"mixed",1.72158737934317,2.23606797749979,2.25,3,2,1.55366310572456,1,8,1,21,4,FALSE,21,2097152,4,16,25,25
1346,"-1:-2|-1:-1|0:-1|0:2",4,TRUE,2,1,1,"mixed",1.66257038496822,2.23606797749979,2,3,2,1.57147766421189,1,8,1,25,0,TRUE,25,33554432,0,1,25,25
1347,"-1:-2|-1:-1|0:-1|1:2",4,TRUE,1,1,2,"mixed",1.72158737934317,2.23606797749979,2.25,3,2,1.76011261594915,2,8,1,25,0,TRUE,25,33554432,0,1,25,25
1348,"-1:-2|-1:-1|1:-1|2:-1",4,TRUE,0,2,2,"off_axis",1.82514076993644,2.23606797749979,2.5,3,2,1.77726990347453,1,8,1,25,0,TRUE,25,33554432,0,1,25,25
1349,"-1:-1|1:-2|1:-1|2:0",4,TRUE,1,2,1,"mixed",1.76612377556149,2.23606797749979,2.25,3,2,1.81869125971184,1,8,1,25,0,TRUE,25,33554432,0,1,25,25
1350,"-1:-1|1:-2|1:-1|1:0",4,TRUE,1,2,1,"mixed",1.51612377556149,2.23606797749979,2,3,2,1.65366310572456,1,8,1,25,0,TRUE,25,33554432,0,1,25,25
1351,"-1:-1|-1:0|1:-2|1:-1",4,TRUE,1,2,1,"mixed",1.51612377556149,2.23606797749979,2,3,2,1.73650581819918,1,8,1,25,0,TRUE,25,33554432,0,1,25,25
1352,"-1:-2|-1:-1|1:-1|2:0",4,TRUE,1,2,1,"mixed",1.76612377556149,2.23606797749979,2.25,3,2,1.87792717443648,1,8,1,25,0,TRUE,25,33554432,0,1,25,25
1353,"-1:-1|1:-2|1:-1|2:1",4,TRUE,0,2,2,"off_axis",1.82514076993644,2.23606797749979,2.5,3,2,1.98371941369913,2,8,1,25,0,TRUE,25,33554432,0,1,25,25
1354,"-1:-1|-1:1|-1:2|1:1",4,TRUE,0,3,1,"off_axis",1.61967716615477,2.23606797749979,2.25,3,2,1.85432037668651,1,8,1,25,0,TRUE,25,33554432,0,1,25,25
1355,"-1:-1|0:1|1:-2|1:-1",4,TRUE,1,2,1,"mixed",1.51612377556149,2.23606797749979,2,3,2,1.80087670122451,1,8,1,25,0,TRUE,25,33554432,0,1,25,25
1356,"-1:-1|-1:1|1:-2|1:-1",4,TRUE,0,3,1,"off_axis",1.61967716615477,2.23606797749979,2.25,3,2,1.93716308916112,1,8,1,25,0,TRUE,25,33554432,0,1,25,25
1357,"-1:-2|-1:-1|1:-1|2:1",4,TRUE,0,2,2,"off_axis",1.82514076993644,2.23606797749979,2.5,3,2,2.04295532842377,2,8,1,25,0,TRUE,25,33554432,0,1,25,25
1358,"-1:-1|1:-2|1:-1|1:2",4,TRUE,0,2,2,"off_axis",1.82514076993644,2.23606797749979,2.5,3,2,1.83650581819917,1,8,1,25,0,TRUE,25,33554432,0,1,25,25
1359,"-1:-1|0:2|1:-2|1:-1",4,TRUE,1,2,1,"mixed",1.76612377556149,2.23606797749979,2.25,3,2,1.81869125971184,1,8,1,25,0,TRUE,25,33554432,0,1,25,25
1360,"-1:-1|-1:2|1:-2|1:-1",4,TRUE,0,2,2,"off_axis",1.82514076993644,2.23606797749979,2.5,3,2,1.96011261594915,2,8,1,25,0,TRUE,25,33554432,0,1,25,25
1361,"-2:-1|-1:-1|-1:2|0:-2",4,TRUE,1,1,2,"mixed",1.97158737934317,2.23606797749979,2.5,3,2,1.81869125971184,1,8,1,25,0,TRUE,25,33554432,0,1,25,25
1362,"-1:-2|-1:-1|-1:0|2:-1",4,TRUE,1,1,2,"mixed",1.72158737934317,2.23606797749979,2.25,3,2,1.73584854723723,2,8,1,21,4,FALSE,21,2097152,4,16,25,25
1363,"-1:-2|-1:-1|1:0|2:-1",4,TRUE,1,1,2,"mixed",1.72158737934317,2.23606797749979,2.25,3,2,1.86011261594915,1,8,1,25,0,TRUE,25,33554432,0,1,25,25
1364,"-1:-2|1:-1|1:2|2:-1",4,TRUE,0,1,3,"off_axis",2.03060437371812,2.23606797749979,2.75,3,2,2.00666894048716,3,8,1,21,4,FALSE,21,2097152,4,16,25,25
1365,"-1:-1|-1:1|-1:2|2:1",4,TRUE,0,2,2,"off_axis",1.82514076993644,2.23606797749979,2.5,3,2,1.93650581819917,2,8,1,21,4,FALSE,21,2097152,4,16,25,25
1366,"-1:-2|-1:-1|0:1|2:-1",4,TRUE,1,1,2,"mixed",1.72158737934317,2.23606797749979,2.25,3,2,1.94229805746182,2,8,1,25,0,TRUE,25,33554432,0,1,25,25
1367,"-1:-1|1:-2|1:1|2:1",4,TRUE,0,2,2,"off_axis",1.82514076993644,2.23606797749979,2.5,3,2,2.04295532842377,2,8,1,25,0,TRUE,25,33554432,0,1,25,25
1368,"-1:-2|-1:-1|-1:2|2:-1",4,TRUE,0,1,3,"off_axis",2.03060437371812,2.23606797749979,2.75,3,2,1.91869125971184,2,8,1,25,0,TRUE,25,33554432,0,1,25,25
1369,"-1:-2|-1:-1|0:2|2:-1",4,TRUE,1,1,2,"mixed",1.97158737934317,2.23606797749979,2.5,3,2,1.96011261594915,2,8,1,25,0,TRUE,25,33554432,0,1,25,25
1370,"-1:-2|-1:-1|1:2|2:-1",4,TRUE,0,1,3,"off_axis",2.03060437371812,2.23606797749979,2.75,3,2,2.0659048552118,3,8,1,21,4,FALSE,21,2097152,4,16,25,25
1371,"-2:-1|-1:-1|0:-2|0:-1",4,TRUE,2,1,1,"mixed",1.66257038496822,2.23606797749979,2,3,2,1.53005630797458,1,8,1,25,0,TRUE,25,33554432,0,1,25,25
1372,"-1:0|1:-2|1:-1|2:0",4,TRUE,2,1,1,"mixed",1.66257038496822,2.23606797749979,2,3,2,1.83650581819917,1,8,1,25,0,TRUE,25,33554432,0,1,25,25
1373,"-2:-1|-1:-1|0:-2|0:2",4,TRUE,2,1,1,"mixed",1.91257038496822,2.23606797749979,2.25,3,2,1.83650581819917,1,8,1,25,0,TRUE,25,33554432,0,1,25,25
1374,"-1:-1|0:-2|1:-1|2:-1",4,TRUE,1,2,1,"mixed",1.76612377556149,2.23606797749979,2.25,3,2,1.7128990204492,1,8,1,25,0,TRUE,25,33554432,0,1,25,25
1375,"-1:0|0:-2|1:-1|2:-1",4,TRUE,2,1,1,"mixed",1.66257038496822,2.23606797749979,2,3,2,1.80087670122451,1,8,1,25,0,TRUE,25,33554432,0,1,25,25
1376,"-1:-1|0:2|1:1|2:1",4,TRUE,1,2,1,"mixed",1.76612377556149,2.23606797749979,2.25,3,2,1.9607698869111,1,8,1,25,0,TRUE,25,33554432,0,1,25,25
1377,"-1:-2|0:2|1:1|2:1",4,TRUE,1,1,2,"mixed",1.97158737934317,2.23606797749979,2.5,3,2,1.9607698869111,1,8,1,25,0,TRUE,25,33554432,0,1,25,25
1378,"-2:-1|-1:-1|0:-2|2:-1",4,TRUE,1,1,2,"mixed",1.97158737934317,2.23606797749979,2.5,3,2,1.77726990347453,1,8,1,25,0,TRUE,25,33554432,0,1,25,25
1379,"-2:-1|-1:-1|0:-2|2:0",4,TRUE,2,1,1,"mixed",1.91257038496822,2.23606797749979,2.25,3,2,1.87792717443648,1,8,1,25,0,TRUE,25,33554432,0,1,25,25
1380,"-1:-2|1:1|1:2|2:0",4,TRUE,1,1,2,"mixed",1.97158737934317,2.23606797749979,2.5,3,2,2.04295532842377,2,8,1,25,0,TRUE,25,33554432,0,1,25,25
1381,"-1:-2|-1:-1|-1:0|1:0",4,TRUE,2,1,1,"mixed",1.41257038496822,2.23606797749979,1.75,3,2,1.67147766421189,1,8,1,21,4,FALSE,21,2097152,4,16,25,25
1382,"-1:-2|-1:-1|-1:0|2:0",4,TRUE,2,1,1,"mixed",1.66257038496822,2.23606797749979,2,3,2,1.77147766421189,2,8,1,21,4,FALSE,21,2097152,4,16,25,25
1383,"-1:-2|0:-1|1:-1|2:-1",4,TRUE,1,1,2,"mixed",1.72158737934317,2.23606797749979,2.25,3,2,1.67726990347453,1,8,1,25,0,TRUE,25,33554432,0,1,25,25
1384,"-1:-1|-1:0|-1:1|-1:2",4,TRUE,1,2,1,"mixed",1.51612377556149,2.23606797749979,2,3,2,1.5064495102246,1,8,1,21,4,FALSE,21,2097152,4,16,25,25
1385,"-1:-2|-1:-1|-1:0|0:1",4,TRUE,2,1,1,"mixed",1.41257038496822,2.23606797749979,1.75,3,2,1.55366310572456,1,8,1,21,4,FALSE,21,2097152,4,16,25,25
1386,"-1:-1|0:1|1:1|2:1",4,TRUE,1,2,1,"mixed",1.51612377556149,2.23606797749979,2,3,2,1.79574173292382,1,8,1,25,0,TRUE,25,33554432,0,1,25,25
1387,"-1:-2|-1:-1|-1:0|2:1",4,TRUE,1,1,2,"mixed",1.72158737934317,2.23606797749979,2.25,3,2,1.87792717443648,2,8,1,25,0,TRUE,25,33554432,0,1,25,25
1388,"-1:-2|-1:-1|-1:0|-1:2",4,TRUE,1,1,2,"mixed",1.72158737934317,2.23606797749979,2.25,3,2,1.58863495173727,1,8,1,21,4,FALSE,21,2097152,4,16,25,25
1389,"-1:-2|-1:-1|-1:0|0:2",4,TRUE,2,1,1,"mixed",1.66257038496822,2.23606797749979,2,3,2,1.65366310572456,1,8,1,25,0,TRUE,25,33554432,0,1,25,25
1390,"-1:-2|-1:-1|-1:0|1:2",4,TRUE,1,1,2,"mixed",1.72158737934317,2.23606797749979,2.25,3,2,1.87792717443648,2,8,1,21,4,FALSE,21,2097152,4,16,25,25
1391,"-1:-2|-1:-1|1:0|2:0",4,TRUE,2,1,1,"mixed",1.66257038496822,2.23606797749979,2,3,2,1.87792717443648,1,8,1,25,0,TRUE,25,33554432,0,1,25,25
1392,"-1:-2|0:1|1:-1|2:-1",4,TRUE,1,1,2,"mixed",1.72158737934317,2.23606797749979,2.25,3,2,1.9659048552118,2,8,1,21,4,FALSE,21,2097152,4,16,25,25
1393,"-1:-1|-1:1|-1:2|1:0",4,TRUE,1,2,1,"mixed",1.51612377556149,2.23606797749979,2,3,2,1.83650581819917,1,8,1,25,0,TRUE,25,33554432,0,1,25,25
1394,"-1:-2|-1:-1|0:1|1:0",4,TRUE,2,1,1,"mixed",1.41257038496822,2.23606797749979,1.75,3,2,1.76011261594915,1,8,1,25,0,TRUE,25,33554432,0,1,25,25
1395,"-1:-1|-1:0|1:1|1:2",4,TRUE,1,2,1,"mixed",1.51612377556149,2.23606797749979,2,3,2,1.87858444539843,1,8,1,25,0,TRUE,25,33554432,0,1,25,25
1396,"-1:-2|-1:-1|1:0|2:1",4,TRUE,1,1,2,"mixed",1.72158737934317,2.23606797749979,2.25,3,2,2.00219124314841,1,8,1,25,0,TRUE,25,33554432,0,1,25,25
1397,"-1:-2|-1:-1|-1:2|1:0",4,TRUE,1,1,2,"mixed",1.72158737934317,2.23606797749979,2.25,3,2,1.87792717443648,1,8,1,25,0,TRUE,25,33554432,0,1,25,25
1398,"-1:-2|-1:-1|0:2|1:0",4,TRUE,2,1,1,"mixed",1.66257038496822,2.23606797749979,2,3,2,1.86011261594915,1,8,1,25,0,TRUE,25,33554432,0,1,25,25
1399,"-1:-2|-1:-1|1:0|1:2",4,TRUE,1,1,2,"mixed",1.72158737934317,2.23606797749979,2.25,3,2,2.00153397218646,2,8,1,25,0,TRUE,25,33554432,0,1,25,25
1400,"-1:-2|0:2|1:-1|2:-1",4,TRUE,1,1,2,"mixed",1.97158737934317,2.23606797749979,2.5,3,2,1.98371941369913,2,8,1,25,0,TRUE,25,33554432,0,1,25,25
1401,"-1:-1|-1:1|-1:2|2:0",4,TRUE,1,2,1,"mixed",1.76612377556149,2.23606797749979,2.25,3,2,1.93650581819917,2,8,1,25,0,TRUE,25,33554432,0,1,25,25
1402,"-1:-2|-1:-1|0:1|2:0",4,TRUE,2,1,1,"mixed",1.66257038496822,2.23606797749979,2,3,2,1.94229805746182,2,8,1,25,0,TRUE,25,33554432,0,1,25,25
1403,"-1:-1|0:-2|1:1|2:1",4,TRUE,1,2,1,"mixed",1.76612377556149,2.23606797749979,2.25,3,2,2.02000580163574,1,8,1,21,4,FALSE,21,2097152,4,16,25,25
1404,"-1:-2|-1:-1|-1:2|2:0",4,TRUE,1,1,2,"mixed",1.97158737934317,2.23606797749979,2.5,3,2,1.97792717443648,2,8,1,25,0,TRUE,25,33554432,0,1,25,25
1405,"-1:-2|-1:-1|0:2|2:0",4,TRUE,2,1,1,"mixed",1.91257038496822,2.23606797749979,2.25,3,2,2.01934853067379,2,8,1,25,0,TRUE,25,33554432,0,1,25,25
1406,"-1:-2|-1:-1|1:2|2:0",4,TRUE,1,1,2,"mixed",1.97158737934317,2.23606797749979,2.5,3,2,2.12514076993644,3,8,1,25,0,TRUE,25,33554432,0,1,25,25
1407,"-1:-2|-1:0|1:-1|2:-1",4,TRUE,1,1,2,"mixed",1.72158737934317,2.23606797749979,2.25,3,2,1.88306214273718,2,8,1,21,4,FALSE,21,2097152,4,16,25,25
1408,"-1:-1|-1:2|1:1|2:1",4,TRUE,0,2,2,"off_axis",1.82514076993644,2.23606797749979,2.5,3,2,2.04295532842377,2,8,1,25,0,TRUE,25,33554432,0,1,25,25
1409,"-1:-2|-1:2|1:-1|2:-1",4,TRUE,0,1,3,"off_axis",2.03060437371812,2.23606797749979,2.75,3,2,2.02514076993644,2,8,1,25,0,TRUE,25,33554432,0,1,25,25
1410,"-2:-1|-1:-1|1:-2|2:0",4,TRUE,1,1,2,"mixed",1.97158737934317,2.23606797749979,2.5,3,2,1.92448349897449,2,8,1,21,4,FALSE,21,2097152,4,16,25,25
1411,"-1:-2|1:1|1:2|2:-1",4,TRUE,0,1,3,"off_axis",2.03060437371812,2.23606797749979,2.75,3,2,2.08951165296178,3,8,1,21,4,FALSE,21,2097152,4,16,25,25
1412,"-1:-1|-1:0|1:-1|2:-1",4,TRUE,1,2,1,"mixed",1.51612377556149,2.23606797749979,2,3,2,1.65366310572456,1,8,1,25,0,TRUE,25,33554432,0,1,25,25
1413,"-1:-1|-1:1|-1:2|1:-1",4,TRUE,0,3,1,"off_axis",1.61967716615477,2.23606797749979,2.25,3,2,1.91355629141115,1,8,1,21,4,FALSE,21,2097152,4,16,25,25
1414,"-1:-1|-1:1|-1:2|2:-1",4,TRUE,0,2,2,"off_axis",1.82514076993644,2.23606797749979,2.5,3,2,1.99574173292381,2,8,1,25,0,TRUE,25,33554432,0,1,25,25
1415,"-1:-2|-1:-1|-1:1|-1:2",4,TRUE,0,2,2,"off_axis",1.82514076993644,2.23606797749979,2.5,3,2,1.63005630797458,1,4,2,21,4,FALSE,21,2097152,4,16,25,25
1416,"-1:-1|-1:1|-1:2|0:-2",4,TRUE,1,2,1,"mixed",1.76612377556149,2.23606797749979,2.25,3,2,1.7128990204492,1,8,1,21,4,FALSE,21,2097152,4,16,25,25
1417,"-1:-1|-1:1|-1:2|1:-2",4,TRUE,0,2,2,"off_axis",1.82514076993644,2.23606797749979,2.5,3,2,1.96011261594915,2,8,1,21,4,FALSE,21,2097152,4,16,25,25
1418,"-1:-1|-1:0|1:1|2:1",4,TRUE,1,2,1,"mixed",1.51612377556149,2.23606797749979,2,3,2,1.81934853067379,1,8,1,25,0,TRUE,25,33554432,0,1,25,25
1419,"-1:-2|-1:-1|0:1|2:1",4,TRUE,1,1,2,"mixed",1.72158737934317,2.23606797749979,2.25,3,2,2.00153397218646,2,8,1,25,0,TRUE,25,33554432,0,1,25,25
1420,"-1:-2|-1:-1|-1:2|0:1",4,TRUE,1,1,2,"mixed",1.72158737934317,2.23606797749979,2.25,3,2,1.67726990347453,1,8,1,21,4,FALSE,21,2097152,4,16,25,25
1421,"-1:-2|-1:-1|0:1|0:2",4,TRUE,2,1,1,"mixed",1.66257038496822,2.23606797749979,2,3,2,1.67726990347453,1,8,1,21,4,FALSE,21,2097152,4,16,25,25
1422,"-1:-2|-1:-1|0:1|1:2",4,TRUE,1,1,2,"mixed",1.72158737934317,2.23606797749979,2.25,3,2,1.88371941369913,1,8,1,21,4,FALSE,21,2097152,4,16,25,25
1423,"-1:-2|-1:-1|1:1|2:1",4,TRUE,0,2,2,"off_axis",1.82514076993644,2.23606797749979,2.5,3,2,2.06142715787305,1,4,2,25,0,TRUE,25,33554432,0,1,25,25
1424,"-1:-1|1:-2|1:1|1:2",4,TRUE,0,2,2,"off_axis",1.82514076993644,2.23606797749979,2.5,3,2,1.91934853067379,1,8,1,21,4,FALSE,21,2097152,4,16,25,25
1425,"-1:-1|0:-2|1:1|1:2",4,TRUE,1,2,1,"mixed",1.76612377556149,2.23606797749979,2.25,3,2,1.87858444539843,1,8,1,21,4,FALSE,21,2097152,4,16,25,25
1426,"-1:-2|-1:-1|1:1|1:2",4,TRUE,0,2,2,"off_axis",1.82514076993644,2.23606797749979,2.5,3,2,2.00219124314841,1,4,2,17,8,FALSE,17,131072,8,256,25,25
1427,"-1:-2|-1:-1|-1:2|2:1",4,TRUE,0,1,3,"off_axis",2.03060437371812,2.23606797749979,2.75,3,2,2.00153397218646,2,8,1,21,4,FALSE,21,2097152,4,16,25,25
1428,"-1:-2|-1:-1|0:2|2:1",4,TRUE,1,1,2,"mixed",1.97158737934317,2.23606797749979,2.5,3,2,2.04295532842377,2,8,1,21,4,FALSE,21,2097152,4,16,25,25
1429,"-1:-1|0:-1|1:-2|2:0",4,TRUE,2,1,1,"mixed",1.66257038496822,2.23606797749979,2,3,2,1.80087670122451,2,8,1,25,0,TRUE,25,33554432,0,1,25,25
1430,"-1:-1|0:-1|1:-2|1:0",4,TRUE,2,1,1,"mixed",1.41257038496822,2.23606797749979,1.75,3,2,1.59508446196187,1,8,1,25,0,TRUE,25,33554432,0,1,25,25
1431,"-1:-1|-1:0|0:-1|1:-2",4,TRUE,2,1,1,"mixed",1.41257038496822,2.23606797749979,1.75,3,2,1.55432037668651,1,8,1,25,0,TRUE,25,33554432,0,1,25,25
1432,"-1:-2|0:-1|1:-1|2:0",4,TRUE,2,1,1,"mixed",1.66257038496822,2.23606797749979,2,3,2,1.77792717443648,1,8,1,25,0,TRUE,25,33554432,0,1,25,25
1433,"-1:-1|0:-1|1:-2|2:1",4,TRUE,1,1,2,"mixed",1.72158737934317,2.23606797749979,2.25,3,2,1.94295532842377,2,8,1,25,0,TRUE,25,33554432,0,1,25,25
1434,"-1:-1|-1:2|0:1|1:1",4,TRUE,1,2,1,"mixed",1.51612377556149,2.23606797749979,2,3,2,1.77792717443648,1,8,1,25,0,TRUE,25,33554432,0,1,25,25
1435,"-1:-1|0:-1|0:1|1:-2",4,TRUE,2,1,1,"mixed",1.41257038496822,2.23606797749979,1.75,3,2,1.67726990347453,1,8,1,25,0,TRUE,25,33554432,0,1,25,25
1436,"-1:-1|-1:1|0:-1|1:-2",4,TRUE,1,2,1,"mixed",1.51612377556149,2.23606797749979,2,3,2,1.77792717443648,1,8,1,25,0,TRUE,25,33554432,0,1,25,25
1437,"-1:-2|0:-1|1:-1|2:1",4,TRUE,1,1,2,"mixed",1.72158737934317,2.23606797749979,2.25,3,2,1.94295532842377,2,8,1,25,0,TRUE,25,33554432,0,1,25,25
1438,"-1:-1|0:-1|1:-2|1:2",4,TRUE,1,1,2,"mixed",1.72158737934317,2.23606797749979,2.25,3,2,1.76011261594915,1,8,1,25,0,TRUE,25,33554432,0,1,25,25
1439,"-1:-1|0:-1|0:2|1:-2",4,TRUE,2,1,1,"mixed",1.66257038496822,2.23606797749979,2,3,2,1.69508446196187,1,8,1,25,0,TRUE,25,33554432,0,1,25,25
1440,"-1:-1|-1:2|0:-1|1:-2",4,TRUE,1,1,2,"mixed",1.72158737934317,2.23606797749979,2.25,3,2,1.80087670122451,2,8,1,25,0,TRUE,25,33554432,0,1,25,25
1441,"-2:-1|-1:0|-1:2|0:-2",4,TRUE,2,0,2,"mixed",1.86803398874989,2.23606797749979,2.25,3,2,1.90087670122451,2,8,1,21,4,FALSE,21,2097152,4,16,25,25
1442,"-1:-2|-1:0|0:-1|2:-1",4,TRUE,2,0,2,"mixed",1.61803398874989,2.23606797749979,2,3,2,1.77726990347453,2,8,1,25,0,TRUE,25,33554432,0,1,25,25
1443,"-1:-2|0:-1|1:0|2:-1",4,TRUE,2,0,2,"mixed",1.61803398874989,2.23606797749979,2,3,2,1.77792717443648,1,8,1,21,4,FALSE,21,2097152,4,16,25,25
1444,"-1:-2|1:0|1:2|2:-1",4,TRUE,1,0,3,"mixed",1.92705098312484,2.23606797749979,2.5,3,2,2.0659048552118,3,8,1,21,4,FALSE,21,2097152,4,16,25,25
1445,"-1:-1|-1:2|0:1|2:1",4,TRUE,1,1,2,"mixed",1.72158737934317,2.23606797749979,2.25,3,2,1.96011261594915,2,8,1,25,0,TRUE,25,33554432,0,1,25,25
1446,"-1:-2|0:-1|0:1|2:-1",4,TRUE,2,0,2,"mixed",1.61803398874989,2.23606797749979,2,3,2,1.91869125971184,2,8,1,25,0,TRUE,25,33554432,0,1,25,25
1447,"-1:-1|1:-2|1:0|2:1",4,TRUE,1,1,2,"mixed",1.72158737934317,2.23606797749979,2.25,3,2,1.98371941369913,2,8,1,25,0,TRUE,25,33554432,0,1,25,25
1448,"-1:-2|-1:2|0:-1|2:-1",4,TRUE,1,0,3,"mixed",1.92705098312484,2.23606797749979,2.5,3,2,1.94229805746182,2,8,1,25,0,TRUE,25,33554432,0,1,25,25
1449,"-1:-2|0:-1|0:2|2:-1",4,TRUE,2,0,2,"mixed",1.86803398874989,2.23606797749979,2.25,3,2,1.93650581819917,2,8,1,21,4,FALSE,21,2097152,4,16,25,25
1450,"-1:-2|0:-1|1:2|2:-1",4,TRUE,1,0,3,"mixed",1.92705098312484,2.23606797749979,2.5,3,2,2.00666894048716,3,8,1,21,4,FALSE,21,2097152,4,16,25,25
1451,"-2:-1|-1:0|0:-2|0:-1",4,TRUE,3,0,1,"mixed",1.55901699437495,2.23606797749979,1.75,3,2,1.65366310572456,1,8,1,25,0,TRUE,25,33554432,0,1,25,25
1452,"-1:0|0:-1|1:-2|2:0",4,TRUE,3,0,1,"mixed",1.55901699437495,2.23606797749979,1.75,3,2,1.83650581819917,2,8,1,21,4,FALSE,21,2097152,4,16,25,25
1453,"-2:-1|-1:0|0:-2|0:2",4,TRUE,3,0,1,"mixed",1.80901699437495,2.23606797749979,2,3,2,1.91869125971184,2,8,1,25,0,TRUE,25,33554432,0,1,25,25
1454,"-1:-1|0:-2|1:0|2:-1",4,TRUE,2,1,1,"mixed",1.66257038496822,2.23606797749979,2,3,2,1.81869125971184,1,8,1,25,0,TRUE,25,33554432,0,1,25,25
1455,"-1:0|0:-2|1:0|2:-1",4,TRUE,3,0,1,"mixed",1.55901699437495,2.23606797749979,1.75,3,2,1.8594553449872,2,8,1,21,4,FALSE,21,2097152,4,16,25,25
1456,"-1:-1|0:1|1:2|2:0",4,TRUE,2,1,1,"mixed",1.66257038496822,2.23606797749979,2,3,2,1.98371941369913,2,8,1,25,0,TRUE,25,33554432,0,1,25,25
1457,"-1:-2|0:2|1:0|2:1",4,TRUE,2,0,2,"mixed",1.86803398874989,2.23606797749979,2.25,3,2,2.04295532842377,2,8,1,25,0,TRUE,25,33554432,0,1,25,25
1458,"-2:-1|-1:0|0:-2|2:-1",4,TRUE,2,0,2,"mixed",1.86803398874989,2.23606797749979,2.25,3,2,1.88306214273718,2,8,1,21,4,FALSE,21,2097152,4,16,25,25
1459,"-2:-1|-1:0|0:-2|2:0",4,TRUE,3,0,1,"mixed",1.80901699437495,2.23606797749979,2,3,2,1.93650581819917,2,8,1,25,0,TRUE,25,33554432,0,1,25,25
1460,"-1:-2|0:1|1:2|2:0",4,TRUE,2,0,2,"mixed",1.86803398874989,2.23606797749979,2.25,3,2,2.0659048552118,3,8,1,25,0,TRUE,25,33554432,0,1,25,25
1461,"-1:-2|-1:0|0:-1|1:0",4,TRUE,3,0,1,"mixed",1.30901699437495,2.23606797749979,1.5,3,2,1.63071357893653,1,8,1,21,4,FALSE,21,2097152,4,16,25,25
1462,"-1:-2|-1:0|0:-1|2:0",4,TRUE,3,0,1,"mixed",1.55901699437495,2.23606797749979,1.75,3,2,1.8128990204492,2,8,1,25,0,TRUE,25,33554432,0,1,25,25
1463,"-1:-1|-1:0|-1:2|0:1",4,TRUE,2,1,1,"mixed",1.41257038496822,2.23606797749979,1.75,3,2,1.57147766421189,1,8,1,25,0,TRUE,25,33554432,0,1,25,25
1464,"-1:-2|-1:0|0:-1|0:1",4,TRUE,3,0,1,"mixed",1.30901699437495,2.23606797749979,1.5,3,2,1.57147766421189,1,8,1,25,0,TRUE,25,33554432,0,1,25,25
1465,"-1:-1|0:1|1:0|1:2",4,TRUE,2,1,1,"mixed",1.41257038496822,2.23606797749979,1.75,3,2,1.77792717443648,1,8,1,25,0,TRUE,25,33554432,0,1,25,25
1466,"-1:-2|-1:0|0:-1|2:1",4,TRUE,2,0,2,"mixed",1.61803398874989,2.23606797749979,2,3,2,1.91934853067379,2,8,1,25,0,TRUE,25,33554432,0,1,25,25
1467,"-1:-2|-1:0|-1:2|0:-1",4,TRUE,2,0,2,"mixed",1.61803398874989,2.23606797749979,2,3,2,1.65366310572456,1,8,1,25,0,TRUE,25,33554432,0,1,25,25
1468,"-1:-2|-1:0|0:-1|0:2",4,TRUE,3,0,1,"mixed",1.55901699437495,2.23606797749979,1.75,3,2,1.67147766421189,1,8,1,21,4,FALSE,21,2097152,4,16,25,25
1469,"-1:-2|-1:0|0:-1|1:2",4,TRUE,2,0,2,"mixed",1.61803398874989,2.23606797749979,2,3,2,1.86011261594915,2,8,1,25,0,TRUE,25,33554432,0,1,25,25
1470,"-1:-2|0:-1|1:0|2:0",4,TRUE,3,0,1,"mixed",1.55901699437495,2.23606797749979,1.75,3,2,1.79574173292382,1,8,1,25,0,TRUE,25,33554432,0,1,25,25
1471,"-1:-2|0:1|1:0|2:-1",4,TRUE,2,0,2,"mixed",1.61803398874989,2.23606797749979,2,3,2,1.94295532842377,2,8,1,25,0,TRUE,25,33554432,0,1,25,25
1472,"-1:-1|-1:2|0:1|1:0",4,TRUE,2,1,1,"mixed",1.41257038496822,2.23606797749979,1.75,3,2,1.77792717443648,1,8,1,25,0,TRUE,25,33554432,0,1,25,25
1473,"-1:-2|0:-1|0:1|1:0",4,TRUE,3,0,1,"mixed",1.30901699437495,2.23606797749979,1.5,3,2,1.65432037668651,1,8,1,25,0,TRUE,25,33554432,0,1,25,25
1474,"-1:-1|-1:0|0:1|1:2",4,TRUE,2,1,1,"mixed",1.41257038496822,2.23606797749979,1.75,3,2,1.73716308916112,1,8,1,21,4,FALSE,21,2097152,4,16,25,25
1475,"-1:-2|0:-1|1:0|2:1",4,TRUE,2,0,2,"mixed",1.61803398874989,2.23606797749979,2,3,2,1.92000580163574,1,4,2,21,4,FALSE,21,2097152,4,16,25,25
1476,"-1:-2|-1:2|0:-1|1:0",4,TRUE,2,0,2,"mixed",1.61803398874989,2.23606797749979,2,3,2,1.81934853067379,1,8,1,25,0,TRUE,25,33554432,0,1,25,25
1477,"-1:-2|0:-1|0:2|1:0",4,TRUE,3,0,1,"mixed",1.55901699437495,2.23606797749979,1.75,3,2,1.75432037668651,1,8,1,25,0,TRUE,25,33554432,0,1,25,25
1478,"-1:-2|-1:0|0:1|1:2",4,TRUE,2,0,2,"mixed",1.61803398874989,2.23606797749979,2,3,2,1.86011261594915,2,8,1,21,4,FALSE,21,2097152,4,16,25,25
1479,"-1:-2|0:2|1:0|2:-1",4,TRUE,2,0,2,"mixed",1.86803398874989,2.23606797749979,2.25,3,2,2.04295532842377,2,8,1,25,0,TRUE,25,33554432,0,1,25,25
1480,"-1:-1|-1:2|0:1|2:0",4,TRUE,2,1,1,"mixed",1.66257038496822,2.23606797749979,2,3,2,1.96011261594915,2,8,1,25,0,TRUE,25,33554432,0,1,25,25
1481,"-1:-2|0:-1|0:1|2:0",4,TRUE,3,0,1,"mixed",1.55901699437495,2.23606797749979,1.75,3,2,1.91869125971184,2,8,1,25,0,TRUE,25,33554432,0,1,25,25
1482,"-1:-1|0:-2|1:0|2:1",4,TRUE,2,1,1,"mixed",1.66257038496822,2.23606797749979,2,3,2,1.9607698869111,1,8,1,25,0,TRUE,25,33554432,0,1,25,25
1483,"-1:-2|-1:2|0:-1|2:0",4,TRUE,2,0,2,"mixed",1.86803398874989,2.23606797749979,2.25,3,2,2.00153397218646,2,8,1,25,0,TRUE,25,33554432,0,1,25,25
1484,"-1:-2|0:-1|0:2|2:0",4,TRUE,3,0,1,"mixed",1.80901699437495,2.23606797749979,2,3,2,1.99574173292381,2,8,1,25,0,TRUE,25,33554432,0,1,25,25
1485,"-1:-2|0:-1|1:2|2:0",4,TRUE,2,0,2,"mixed",1.86803398874989,2.23606797749979,2.25,3,2,2.0659048552118,3,8,1,25,0,TRUE,25,33554432,0,1,25,25
1486,"-1:-2|-1:0|1:0|2:-1",4,TRUE,2,0,2,"mixed",1.61803398874989,2.23606797749979,2,3,2,1.91869125971184,2,8,1,25,0,TRUE,25,33554432,0,1,25,25
1487,"-1:-1|-1:2|1:0|2:1",4,TRUE,1,1,2,"mixed",1.72158737934317,2.23606797749979,2.25,3,2,2.04295532842377,2,8,1,21,4,FALSE,21,2097152,4,16,25,25
1488,"-1:-2|-1:2|1:0|2:-1",4,TRUE,1,0,3,"mixed",1.92705098312484,2.23606797749979,2.5,3,2,2.08437668466108,2,8,1,25,0,TRUE,25,33554432,0,1,25,25
1489,"-2:-1|-1:0|1:-2|2:0",4,TRUE,2,0,2,"mixed",1.86803398874989,2.23606797749979,2.25,3,2,1.96011261594915,2,8,1,21,4,FALSE,21,2097152,4,16,25,25
1490,"-1:-2|0:1|1:2|2:-1",4,TRUE,1,0,3,"mixed",1.92705098312484,2.23606797749979,2.5,3,2,2.08951165296178,3,8,1,21,4,FALSE,21,2097152,4,16,25,25
1491,"-1:-1|-1:0|1:0|2:-1",4,TRUE,2,1,1,"mixed",1.41257038496822,2.23606797749979,1.75,3,2,1.65366310572456,1,8,1,25,0,TRUE,25,33554432,0,1,25,25
1492,"-1:-1|-1:1|1:0|2:-1",4,TRUE,1,2,1,"mixed",1.51612377556149,2.23606797749979,2,3,2,1.87792717443648,1,8,1,25,0,TRUE,25,33554432,0,1,25,25
1493,"-1:-1|-1:2|0:1|2:-1",4,TRUE,1,1,2,"mixed",1.72158737934317,2.23606797749979,2.25,3,2,2.01934853067379,2,8,1,25,0,TRUE,25,33554432,0,1,25,25
1494,"-1:-1|-1:2|0:-2|0:1",4,TRUE,2,1,1,"mixed",1.66257038496822,2.23606797749979,2,3,2,1.7128990204492,1,8,1,21,4,FALSE,21,2097152,4,16,25,25
1495,"-1:-1|-1:2|0:1|1:-2",4,TRUE,1,1,2,"mixed",1.72158737934317,2.23606797749979,2.25,3,2,1.92448349897449,2,8,1,21,4,FALSE,21,2097152,4,16,25,25
1496,"-1:-1|-1:0|1:0|2:1",4,TRUE,2,1,1,"mixed",1.41257038496822,2.23606797749979,1.75,3,2,1.73650581819918,1,8,1,25,0,TRUE,25,33554432,0,1,25,25
1497,"-1:-2|-1:0|1:0|2:1",4,TRUE,2,0,2,"mixed",1.61803398874989,2.23606797749979,2,3,2,1.97792717443648,2,8,1,21,4,FALSE,21,2097152,4,16,25,25
1498,"-1:-2|-1:2|0:-1|0:1",4,TRUE,2,0,2,"mixed",1.61803398874989,2.23606797749979,2,3,2,1.67726990347453,1,4,2,21,4,FALSE,21,2097152,4,16,25,25
1499,"-1:-2|0:-1|0:1|0:2",4,TRUE,3,0,1,"mixed",1.55901699437495,2.23606797749979,1.75,3,2,1.63005630797458,1,8,1,21,4,FALSE,21,2097152,4,16,25,25
1500,"-1:-2|0:-1|0:1|1:2",4,TRUE,2,0,2,"mixed",1.61803398874989,2.23606797749979,2,3,2,1.80087670122451,1,4,2,17,8,FALSE,17,131072,8,256,25,25
1501,"-1:-1|0:1|1:-2|1:2",4,TRUE,1,1,2,"mixed",1.72158737934317,2.23606797749979,2.25,3,2,1.88371941369913,1,8,1,21,4,FALSE,21,2097152,4,16,25,25
1502,"-1:-1|0:-2|0:1|1:2",4,TRUE,2,1,1,"mixed",1.66257038496822,2.23606797749979,2,3,2,1.79574173292382,1,8,1,17,8,FALSE,17,131072,8,256,25,25
1503,"-1:-2|-1:2|0:-1|2:1",4,TRUE,1,0,3,"mixed",1.92705098312484,2.23606797749979,2.5,3,2,2.02514076993644,2,8,1,17,8,FALSE,17,131072,8,256,25,25
1504,"-1:-2|0:-1|0:2|2:1",4,TRUE,2,0,2,"mixed",1.86803398874989,2.23606797749979,2.25,3,2,2.01934853067379,2,8,1,21,4,FALSE,21,2097152,4,16,25,25
1505,"-1:-1|1:-2|1:0|2:0",4,TRUE,2,1,1,"mixed",1.66257038496822,2.23606797749979,2,3,2,1.8594553449872,2,8,1,21,4,FALSE,21,2097152,4,16,25,25
1506,"-1:-1|-1:0|1:-2|2:0",4,TRUE,2,1,1,"mixed",1.66257038496822,2.23606797749979,2,3,2,1.91869125971184,3,8,1,25,0,TRUE,25,33554432,0,1,25,25
1507,"-2:-1|-1:1|0:-2|0:2",4,TRUE,2,1,1,"mixed",1.91257038496822,2.23606797749979,2.25,3,2,1.96011261594915,2,8,1,21,4,FALSE,21,2097152,4,16,25,25
1508,"-1:-1|0:-2|1:1|2:-1",4,TRUE,1,2,1,"mixed",1.76612377556149,2.23606797749979,2.25,3,2,2.00153397218646,2,8,1,25,0,TRUE,25,33554432,0,1,25,25
1509,"-1:-1|0:1|1:-2|2:0",4,TRUE,2,1,1,"mixed",1.66257038496822,2.23606797749979,2,3,2,2.00666894048716,3,8,1,21,4,FALSE,21,2097152,4,16,25,25
1510,"-1:-1|-1:1|1:-2|2:0",4,TRUE,1,2,1,"mixed",1.76612377556149,2.23606797749979,2.25,3,2,2.08371941369913,3,8,1,25,0,TRUE,25,33554432,0,1,25,25
1511,"-1:-2|0:2|1:-1|2:1",4,TRUE,1,1,2,"mixed",1.97158737934317,2.23606797749979,2.5,3,2,2.10732621144911,3,8,1,21,4,FALSE,21,2097152,4,16,25,25
1512,"-1:-1|1:-2|1:2|2:0",4,TRUE,1,1,2,"mixed",1.97158737934317,2.23606797749979,2.5,3,2,2.0659048552118,3,8,1,25,0,TRUE,25,33554432,0,1,25,25
1513,"-1:-1|0:2|1:-2|2:0",4,TRUE,2,1,1,"mixed",1.91257038496822,2.23606797749979,2.25,3,2,2.08371941369913,3,8,1,25,0,TRUE,25,33554432,0,1,25,25
1514,"-1:-1|-1:2|1:-2|2:0",4,TRUE,1,1,2,"mixed",1.97158737934317,2.23606797749979,2.5,3,2,2.1659048552118,4,8,1,21,4,FALSE,21,2097152,4,16,25,25
1515,"-1:-1|-1:0|1:-2|1:0",4,TRUE,2,1,1,"mixed",1.41257038496822,2.23606797749979,1.75,3,2,1.79508446196187,2,8,1,25,0,TRUE,25,33554432,0,1,25,25
1516,"-1:-2|-1:0|1:-1|2:0",4,TRUE,2,1,1,"mixed",1.66257038496822,2.23606797749979,2,3,2,1.93650581819917,2,8,1,25,0,TRUE,25,33554432,0,1,25,25
1517,"-1:-1|-1:0|-1:2|1:1",4,TRUE,1,2,1,"mixed",1.51612377556149,2.23606797749979,2,3,2,1.83650581819917,2,8,1,21,4,FALSE,21,2097152,4,16,25,25
1518,"-1:-1|0:1|1:-2|1:0",4,TRUE,2,1,1,"mixed",1.41257038496822,2.23606797749979,1.75,3,2,1.80087670122451,2,8,1,25,0,TRUE,25,33554432,0,1,25,25
1519,"-1:-1|-1:1|1:-2|1:0",4,TRUE,1,2,1,"mixed",1.51612377556149,2.23606797749979,2,3,2,1.96011261594915,2,8,1,25,0,TRUE,25,33554432,0,1,25,25
1520,"-1:-2|-1:0|1:-1|2:1",4,TRUE,1,1,2,"mixed",1.72158737934317,2.23606797749979,2.25,3,2,2.0659048552118,3,8,1,25,0,TRUE,25,33554432,0,1,25,25
1521,"-1:-1|1:-2|1:0|1:2",4,TRUE,1,1,2,"mixed",1.72158737934317,2.23606797749979,2.25,3,2,1.91869125971184,2,8,1,25,0,TRUE,25,33554432,0,1,25,25
1522,"-1:-1|0:2|1:-2|1:0",4,TRUE,2,1,1,"mixed",1.66257038496822,2.23606797749979,2,3,2,1.90087670122451,2,8,1,21,4,FALSE,21,2097152,4,16,25,25
1523,"-1:-1|-1:2|1:-2|1:0",4,TRUE,1,1,2,"mixed",1.72158737934317,2.23606797749979,2.25,3,2,2.04229805746182,3,8,1,25,0,TRUE,25,33554432,0,1,25,25
1524,"-1:-2|1:-1|1:0|2:0",4,TRUE,2,1,1,"mixed",1.66257038496822,2.23606797749979,2,3,2,1.79574173292382,2,8,1,25,0,TRUE,25,33554432,0,1,25,25
1525,"-1:-1|-1:0|1:-2|2:1",4,TRUE,1,1,2,"mixed",1.72158737934317,2.23606797749979,2.25,3,2,2.02514076993644,3,8,1,25,0,TRUE,25,33554432,0,1,25,25
1526,"-1:-1|-1:0|1:-2|1:1",4,TRUE,1,2,1,"mixed",1.51612377556149,2.23606797749979,2,3,2,1.91934853067379,2,8,1,25,0,TRUE,25,33554432,0,1,25,25
1527,"-1:-1|-1:0|0:1|1:-2",4,TRUE,2,1,1,"mixed",1.41257038496822,2.23606797749979,1.75,3,2,1.76011261594915,2,8,1,25,0,TRUE,25,33554432,0,1,25,25
1528,"-1:-1|-1:0|-1:1|1:-2",4,TRUE,1,2,1,"mixed",1.51612377556149,2.23606797749979,2,3,2,1.79574173292382,2,8,1,25,0,TRUE,25,33554432,0,1,25,25
1529,"-1:-1|-1:0|1:-2|1:2",4,TRUE,1,1,2,"mixed",1.72158737934317,2.23606797749979,2.25,3,2,1.9607698869111,2,8,1,25,0,TRUE,25,33554432,0,1,25,25
1530,"-1:-1|-1:0|0:2|1:-2",4,TRUE,2,1,1,"mixed",1.66257038496822,2.23606797749979,2,3,2,1.86011261594915,2,8,1,25,0,TRUE,25,33554432,0,1,25,25
1531,"-1:-1|-1:0|-1:2|1:-2",4,TRUE,1,1,2,"mixed",1.72158737934317,2.23606797749979,2.25,3,2,1.91869125971184,3,8,1,25,0,TRUE,25,33554432,0,1,25,25
1532,"-1:-2|0:2|1:1|2:-1",4,TRUE,1,1,2,"mixed",1.97158737934317,2.23606797749979,2.5,3,2,2.08437668466108,2,8,1,21,4,FALSE,21,2097152,4,16,25,25
1533,"-1:-1|-1:2|1:1|2:0",4,TRUE,1,2,1,"mixed",1.76612377556149,2.23606797749979,2.25,3,2,2.0607698869111,2,8,1,25,0,TRUE,25,33554432,0,1,25,25
1534,"-1:-2|0:1|1:-1|2:0",4,TRUE,2,1,1,"mixed",1.66257038496822,2.23606797749979,2,3,2,1.98371941369913,2,8,1,25,0,TRUE,25,33554432,0,1,25,25
1535,"-1:-1|0:-2|1:-1|2:1",4,TRUE,1,2,1,"mixed",1.76612377556149,2.23606797749979,2.25,3,2,1.97858444539843,2,8,1,25,0,TRUE,25,33554432,0,1,25,25
1536,"-1:-2|-1:2|1:-1|2:0",4,TRUE,1,1,2,"mixed",1.97158737934317,2.23606797749979,2.5,3,2,2.10219124314841,2,8,1,25,0,TRUE,25,33554432,0,1,25,25
1537,"-1:-2|0:2|1:-1|2:0",4,TRUE,2,1,1,"mixed",1.91257038496822,2.23606797749979,2.25,3,2,2.0607698869111,2,8,1,25,0,TRUE,25,33554432,0,1,25,25
1538,"-1:-2|1:-1|1:2|2:0",4,TRUE,1,1,2,"mixed",1.97158737934317,2.23606797749979,2.5,3,2,2.08371941369913,3,8,1,25,0,TRUE,25,33554432,0,1,25,25
1539,"-1:-1|0:1|1:-2|2:1",4,TRUE,1,1,2,"mixed",1.72158737934317,2.23606797749979,2.25,3,2,2.0659048552118,3,8,1,25,0,TRUE,25,33554432,0,1,25,25
1540,"-1:-1|-1:1|1:-2|2:1",4,TRUE,0,2,2,"off_axis",1.82514076993644,2.23606797749979,2.5,3,2,2.14295532842377,3,8,1,25,0,TRUE,25,33554432,0,1,25,25
1541,"-1:-2|-1:2|1:-1|2:1",4,TRUE,0,1,3,"off_axis",2.03060437371812,2.23606797749979,2.75,3,2,2.14874756768642,3,8,1,21,4,FALSE,21,2097152,4,16,25,25
1542,"-1:-1|0:2|1:-2|2:1",4,TRUE,1,1,2,"mixed",1.97158737934317,2.23606797749979,2.5,3,2,2.10732621144911,3,8,1,21,4,FALSE,21,2097152,4,16,25,25
1543,"-1:-1|-1:2|1:-2|2:1",4,TRUE,0,1,3,"off_axis",2.03060437371812,2.23606797749979,2.75,3,2,2.18951165296178,4,8,1,21,4,FALSE,21,2097152,4,16,25,25
1544,"-1:-1|-1:0|1:1|2:-1",4,TRUE,1,2,1,"mixed",1.51612377556149,2.23606797749979,2,3,2,1.86011261594915,2,8,1,21,4,FALSE,21,2097152,4,16,25,25
1545,"-1:-1|-1:1|1:-1|1:2",4,TRUE,0,3,1,"off_axis",1.61967716615477,2.23606797749979,2.25,3,2,2.03716308916112,2,8,1,25,0,TRUE,25,33554432,0,1,25,25
1546,"-1:-1|-1:2|1:1|2:-1",4,TRUE,0,2,2,"off_axis",1.82514076993644,2.23606797749979,2.5,3,2,2.14295532842377,3,4,2,25,0,TRUE,25,33554432,0,1,25,25
1547,"-1:-1|-1:2|0:-2|1:1",4,TRUE,1,2,1,"mixed",1.76612377556149,2.23606797749979,2.25,3,2,1.91934853067379,1,8,1,21,4,FALSE,21,2097152,4,16,25,25
1548,"-1:-1|-1:2|1:-2|1:1",4,TRUE,0,2,2,"off_axis",1.82514076993644,2.23606797749979,2.5,3,2,2.08371941369913,3,4,2,17,8,FALSE,17,131072,8,256,25,25
1549,"-1:-1|-1:0|1:-1|2:1",4,TRUE,1,2,1,"mixed",1.51612377556149,2.23606797749979,2,3,2,1.86011261594915,2,8,1,25,0,TRUE,25,33554432,0,1,25,25
1550,"-1:-1|0:1|0:2|1:-2",4,TRUE,2,1,1,"mixed",1.66257038496822,2.23606797749979,2,3,2,1.80087670122451,1,8,1,17,8,FALSE,17,131072,8,256,25,25
1551,"-1:-1|-1:1|1:-2|1:2",4,TRUE,0,2,2,"off_axis",1.82514076993644,2.23606797749979,2.5,3,2,2.04295532842377,2,4,2,21,4,FALSE,21,2097152,4,16,25,25
1552,"-1:-1|-1:1|0:-2|1:2",4,TRUE,1,2,1,"mixed",1.76612377556149,2.23606797749979,2.25,3,2,1.91934853067379,1,8,1,21,4,FALSE,21,2097152,4,16,25,25
1553,"-2:-1|-1:2|0:-2|0:-1",4,TRUE,2,0,2,"mixed",1.86803398874989,2.23606797749979,2.25,3,2,1.8594553449872,2,8,1,21,4,FALSE,21,2097152,4,16,25,25
1554,"-1:-1|0:-2|1:2|2:-1",4,TRUE,1,1,2,"mixed",1.97158737934317,2.23606797749979,2.5,3,2,2.00153397218646,2,8,1,25,0,TRUE,25,33554432,0,1,25,25
1555,"-1:0|0:-2|1:2|2:-1",4,TRUE,2,0,2,"mixed",1.86803398874989,2.23606797749979,2.25,3,2,2.0659048552118,3,8,1,25,0,TRUE,25,33554432,0,1,25,25
1556,"-2:-1|-1:2|0:-2|2:-1",4,TRUE,1,0,3,"mixed",2.17705098312484,2.23606797749979,2.75,3,2,2.0659048552118,3,8,1,25,0,TRUE,25,33554432,0,1,25,25
1557,"-2:-1|-1:2|0:-2|2:0",4,TRUE,2,0,2,"mixed",2.11803398874989,2.23606797749979,2.5,3,2,2.14295532842377,3,8,1,25,0,TRUE,25,33554432,0,1,25,25
1558,"-2:-1|-1:2|0:-2|2:1",4,TRUE,1,0,3,"mixed",2.17705098312484,2.23606797749979,2.75,3,2,2.18951165296178,4,8,1,21,4,FALSE,21,2097152,4,16,25,25
1559,"-1:-1|-1:0|-1:2|2:1",4,TRUE,1,1,2,"mixed",1.72158737934317,2.23606797749979,2.25,3,2,1.91869125971184,3,8,1,25,0,TRUE,25,33554432,0,1,25,25
1560,"-1:-2|-1:0|0:1|2:-1",4,TRUE,2,0,2,"mixed",1.61803398874989,2.23606797749979,2,3,2,1.94229805746182,3,8,1,25,0,TRUE,25,33554432,0,1,25,25
1561,"-1:-2|-1:0|-1:2|2:-1",4,TRUE,1,0,3,"mixed",1.92705098312484,2.23606797749979,2.5,3,2,2.00087670122451,3,8,1,21,4,FALSE,21,2097152,4,16,25,25
1562,"-1:-2|-1:0|0:2|2:-1",4,TRUE,2,0,2,"mixed",1.86803398874989,2.23606797749979,2.25,3,2,2.04229805746182,3,8,1,25,0,TRUE,25,33554432,0,1,25,25
1563,"-1:-2|-1:0|1:2|2:-1",4,TRUE,1,0,3,"mixed",1.92705098312484,2.23606797749979,2.5,3,2,2.14809029672447,4,8,1,21,4,FALSE,21,2097152,4,16,25,25
1564,"-2:-1|-1:2|1:-2|2:1",4,TRUE,0,0,4,"off_axis",2.23606797749979,2.23606797749979,3,3,2,2.23606797749979,5,2,4,5,20,FALSE,5,32,20,1048576,5,5
1565,"-1:-1|-1:0|1:2|2:-1",4,TRUE,1,1,2,"mixed",1.72158737934317,2.23606797749979,2.25,3,2,2.00153397218646,3,8,1,25,0,TRUE,25,33554432,0,1,25,25
1566,"-1:-1|-1:2|0:-2|2:1",4,TRUE,1,1,2,"mixed",1.97158737934317,2.23606797749979,2.5,3,2,2.0607698869111,2,8,1,17,8,FALSE,17,131072,8,256,25,25
1567,"-1:-2|0:1|0:2|2:-1",4,TRUE,2,0,2,"mixed",1.86803398874989,2.23606797749979,2.25,3,2,2.00153397218646,2,8,1,21,4,FALSE,21,2097152,4,16,25,25
1568,"-1:0|1:-2|1:0|2:0",4,TRUE,3,0,1,"mixed",1.55901699437495,2.23606797749979,1.75,3,2,1.83005630797458,2,8,1,21,4,FALSE,21,2097152,4,16,25,25
1569,"-2:-1|0:-2|0:-1|0:2",4,TRUE,3,0,1,"mixed",1.80901699437495,2.23606797749979,2,3,2,1.83005630797458,2,8,1,21,4,FALSE,21,2097152,4,16,25,25
1570,"-1:-1|0:-2|0:-1|2:-1",4,TRUE,2,1,1,"mixed",1.66257038496822,2.23606797749979,2,3,2,1.63005630797458,2,8,1,25,0,TRUE,25,33554432,0,1,25,25
1571,"-1:0|0:-2|0:-1|2:-1",4,TRUE,3,0,1,"mixed",1.55901699437495,2.23606797749979,1.75,3,2,1.73584854723723,2,8,1,21,4,FALSE,21,2097152,4,16,25,25
1572,"-1:-1|0:1|0:2|2:1",4,TRUE,2,1,1,"mixed",1.66257038496822,2.23606797749979,2,3,2,1.91869125971184,2,8,1,25,0,TRUE,25,33554432,0,1,25,25
1573,"-1:-2|0:1|0:2|2:1",4,TRUE,2,0,2,"mixed",1.86803398874989,2.23606797749979,2.25,3,2,1.91869125971184,2,8,1,25,0,TRUE,25,33554432,0,1,25,25
1574,"-2:-1|0:-2|0:-1|2:-1",4,TRUE,2,0,2,"mixed",1.86803398874989,2.23606797749979,2.25,3,2,1.79442719099992,2,4,2,17,8,FALSE,17,131072,8,256,25,25
1575,"-2:-1|0:-2|0:-1|2:0",4,TRUE,3,0,1,"mixed",1.80901699437495,2.23606797749979,2,3,2,1.89508446196187,2,8,1,25,0,TRUE,25,33554432,0,1,25,25
1576,"-1:-2|1:0|1:2|2:0",4,TRUE,2,0,2,"mixed",1.86803398874989,2.23606797749979,2.25,3,2,2.06011261594915,3,8,1,25,0,TRUE,25,33554432,0,1,25,25
1577,"-2:-1|0:-2|0:1|0:2",4,TRUE,3,0,1,"mixed",1.80901699437495,2.23606797749979,2,3,2,1.9128990204492,2,8,1,21,4,FALSE,21,2097152,4,16,25,25
1578,"-1:-1|0:-2|0:1|2:-1",4,TRUE,2,1,1,"mixed",1.66257038496822,2.23606797749979,2,3,2,1.93650581819917,2,8,1,25,0,TRUE,25,33554432,0,1,25,25
1579,"-1:0|0:-1|0:2|2:1",4,TRUE,3,0,1,"mixed",1.55901699437495,2.23606797749979,1.75,3,2,1.91869125971184,3,8,1,25,0,TRUE,25,33554432,0,1,25,25
1580,"-1:-1|-1:0|1:2|2:0",4,TRUE,2,1,1,"mixed",1.66257038496822,2.23606797749979,2,3,2,1.97792717443648,3,8,1,25,0,TRUE,25,33554432,0,1,25,25
1581,"-1:0|1:-2|1:2|2:0",4,TRUE,2,0,2,"mixed",1.86803398874989,2.23606797749979,2.25,3,2,2.06011261594915,3,4,2,25,0,TRUE,25,33554432,0,1,25,25
1582,"-1:0|0:-2|1:2|2:0",4,TRUE,3,0,1,"mixed",1.80901699437495,2.23606797749979,2,3,2,2.07792717443648,3,8,1,25,0,TRUE,25,33554432,0,1,25,25
1583,"-1:-2|-1:0|1:2|2:0",4,TRUE,2,0,2,"mixed",1.86803398874989,2.23606797749979,2.25,3,2,2.16011261594915,4,8,1,25,0,TRUE,25,33554432,0,1,25,25
1584,"-1:-1|0:-2|0:2|2:-1",4,TRUE,2,1,1,"mixed",1.91257038496822,2.23606797749979,2.25,3,2,1.93650581819917,2,8,1,25,0,TRUE,25,33554432,0,1,25,25
1585,"-1:0|0:-2|0:2|2:-1",4,TRUE,3,0,1,"mixed",1.80901699437495,2.23606797749979,2,3,2,2.00087670122451,3,8,1,21,4,FALSE,21,2097152,4,16,25,25
1586,"-1:-1|0:-2|0:2|2:1",4,TRUE,2,1,1,"mixed",1.91257038496822,2.23606797749979,2.25,3,2,2.01934853067379,2,8,1,21,4,FALSE,21,2097152,4,16,25,25
1587,"-2:-1|0:-2|0:2|2:-1",4,TRUE,2,0,2,"mixed",2.11803398874989,2.23606797749979,2.5,3,2,2.06011261594915,3,4,2,25,0,TRUE,25,33554432,0,1,25,25
1588,"-2:-1|0:-2|0:2|2:0",4,TRUE,3,0,1,"mixed",2.05901699437495,2.23606797749979,2.25,3,2,2.13716308916112,3,8,1,25,0,TRUE,25,33554432,0,1,25,25
1589,"-2:-1|0:-2|0:2|2:1",4,TRUE,2,0,2,"mixed",2.11803398874989,2.23606797749979,2.5,3,2,2.18371941369913,4,4,2,17,8,FALSE,17,131072,8,256,25,25
1590,"-1:-1|-1:0|0:-2|2:-1",4,TRUE,2,1,1,"mixed",1.66257038496822,2.23606797749979,2,3,2,1.77726990347453,2,8,1,25,0,TRUE,25,33554432,0,1,25,25
1591,"-1:-1|-1:1|0:-2|2:-1",4,TRUE,1,2,1,"mixed",1.76612377556149,2.23606797749979,2.25,3,2,1.97792717443648,2,8,1,25,0,TRUE,25,33554432,0,1,25,25
1592,"-1:-1|-1:2|0:-2|2:-1",4,TRUE,1,1,2,"mixed",1.97158737934317,2.23606797749979,2.5,3,2,1.97792717443648,2,8,1,25,0,TRUE,25,33554432,0,1,25,25
1593,"-2:-1|0:-2|1:-1|2:0",4,TRUE,2,1,1,"mixed",1.91257038496822,2.23606797749979,2.25,3,2,1.89574173292382,1,8,1,25,0,TRUE,25,33554432,0,1,25,25
1594,"-1:-1|-1:0|0:2|2:1",4,TRUE,2,1,1,"mixed",1.66257038496822,2.23606797749979,2,3,2,1.94229805746182,3,8,1,25,0,TRUE,25,33554432,0,1,25,25
1595,"-1:-2|-1:0|0:2|2:1",4,TRUE,2,0,2,"mixed",1.86803398874989,2.23606797749979,2.25,3,2,2.04229805746182,3,8,1,25,0,TRUE,25,33554432,0,1,25,25
1596,"-2:-1|0:-2|1:0|2:0",4,TRUE,3,0,1,"mixed",1.80901699437495,2.23606797749979,2,3,2,1.91869125971184,2,8,1,25,0,TRUE,25,33554432,0,1,25,25
1597,"-1:-1|0:-2|1:2|2:0",4,TRUE,2,1,1,"mixed",1.91257038496822,2.23606797749979,2.25,3,2,2.0607698869111,2,8,1,25,0,TRUE,25,33554432,0,1,25,25
1598,"-2:-1|0:-2|1:2|2:0",4,TRUE,2,0,2,"mixed",2.11803398874989,2.23606797749979,2.5,3,2,2.14295532842377,3,4,2,25,0,TRUE,25,33554432,0,1,25,25
1599,"-1:-2|-1:0|1:0|2:0",4,TRUE,3,0,1,"mixed",1.55901699437495,2.23606797749979,1.75,3,2,1.88929222269922,2,8,1,21,4,FALSE,21,2097152,4,16,25,25
1600,"-1:-1|-1:0|-1:2|1:0",4,TRUE,2,1,1,"mixed",1.41257038496822,2.23606797749979,1.75,3,2,1.77147766421189,2,8,1,21,4,FALSE,21,2097152,4,16,25,25
1601,"-1:-2|-1:0|0:1|1:0",4,TRUE,3,0,1,"mixed",1.30901699437495,2.23606797749979,1.5,3,2,1.7128990204492,2,8,1,25,0,TRUE,25,33554432,0,1,25,25
1602,"-1:-1|-1:0|1:0|1:2",4,TRUE,2,1,1,"mixed",1.41257038496822,2.23606797749979,1.75,3,2,1.85432037668651,2,8,1,25,0,TRUE,25,33554432,0,1,25,25
1603,"-1:-2|-1:0|-1:2|1:0",4,TRUE,2,0,2,"mixed",1.61803398874989,2.23606797749979,2,3,2,1.9128990204492,2,4,2,25,0,TRUE,25,33554432,0,1,25,25
1604,"-1:-2|-1:0|0:2|1:0",4,TRUE,3,0,1,"mixed",1.55901699437495,2.23606797749979,1.75,3,2,1.89508446196187,2,8,1,25,0,TRUE,25,33554432,0,1,25,25
1605,"-1:-2|-1:0|1:0|1:2",4,TRUE,2,0,2,"mixed",1.61803398874989,2.23606797749979,2,3,2,2.03650581819918,3,4,2,17,8,FALSE,17,131072,8,256,25,25
1606,"-1:-1|-1:0|-1:2|2:0",4,TRUE,2,1,1,"mixed",1.66257038496822,2.23606797749979,2,3,2,1.87147766421189,3,8,1,21,4,FALSE,21,2097152,4,16,25,25
1607,"-1:-2|-1:0|0:1|2:0",4,TRUE,3,0,1,"mixed",1.55901699437495,2.23606797749979,1.75,3,2,1.89508446196187,3,8,1,25,0,TRUE,25,33554432,0,1,25,25
1608,"-1:-1|0:-2|0:1|2:1",4,TRUE,2,1,1,"mixed",1.66257038496822,2.23606797749979,2,3,2,1.99574173292381,2,8,1,25,0,TRUE,25,33554432,0,1,25,25
1609,"-1:-2|-1:0|-1:2|2:0",4,TRUE,2,0,2,"mixed",1.86803398874989,2.23606797749979,2.25,3,2,2.0128990204492,3,4,2,25,0,TRUE,25,33554432,0,1,25,25
1610,"-1:-2|-1:0|0:2|2:0",4,TRUE,3,0,1,"mixed",1.80901699437495,2.23606797749979,2,3,2,2.05432037668651,3,8,1,17,8,FALSE,17,131072,8,256,25,25
1611,"-1:-1|-1:0|-1:2|0:-1",4,TRUE,2,1,1,"mixed",1.41257038496822,2.23606797749979,1.75,3,2,1.53005630797458,2,8,1,25,0,TRUE,25,33554432,0,1,25,25
1612,"-1:-1|-1:0|-1:2|1:-1",4,TRUE,1,2,1,"mixed",1.51612377556149,2.23606797749979,2,3,2,1.8128990204492,2,8,1,25,0,TRUE,25,33554432,0,1,25,25
1613,"-1:-1|-1:0|-1:2|2:-1",4,TRUE,1,1,2,"mixed",1.72158737934317,2.23606797749979,2.25,3,2,1.89508446196187,3,8,1,25,0,TRUE,25,33554432,0,1,25,25
1614,"-1:-1|-1:0|-1:2|0:-2",4,TRUE,2,1,1,"mixed",1.66257038496822,2.23606797749979,2,3,2,1.67147766421189,1,8,1,21,4,FALSE,21,2097152,4,16,25,25
1615,"-1:-1|-1:0|0:1|2:1",4,TRUE,2,1,1,"mixed",1.41257038496822,2.23606797749979,1.75,3,2,1.73650581819918,2,8,1,25,0,TRUE,25,33554432,0,1,25,25
1616,"-1:-2|-1:0|0:1|2:1",4,TRUE,2,0,2,"mixed",1.61803398874989,2.23606797749979,2,3,2,1.91869125971184,3,4,2,21,4,FALSE,21,2097152,4,16,25,25
1617,"-1:-2|-1:0|0:1|0:2",4,TRUE,3,0,1,"mixed",1.55901699437495,2.23606797749979,1.75,3,2,1.65366310572456,1,8,1,25,0,TRUE,25,33554432,0,1,25,25
1618,"-1:-1|0:-2|1:0|1:2",4,TRUE,2,1,1,"mixed",1.66257038496822,2.23606797749979,2,3,2,1.87792717443648,1,8,1,25,0,TRUE,25,33554432,0,1,25,25
1619,"-1:-1|-1:2|1:0|2:0",4,TRUE,2,1,1,"mixed",1.66257038496822,2.23606797749979,2,3,2,1.97792717443648,2,8,1,25,0,TRUE,25,33554432,0,1,25,25
1620,"-1:-2|0:1|1:0|2:0",4,TRUE,3,0,1,"mixed",1.55901699437495,2.23606797749979,1.75,3,2,1.87792717443648,2,8,1,25,0,TRUE,25,33554432,0,1,25,25
1621,"-1:-1|0:-2|0:-1|2:1",4,TRUE,2,1,1,"mixed",1.66257038496822,2.23606797749979,2,3,2,1.85497764764846,2,8,1,21,4,FALSE,21,2097152,4,16,25,25
1622,"-1:-2|-1:2|1:0|2:0",4,TRUE,2,0,2,"mixed",1.86803398874989,2.23606797749979,2.25,3,2,2.07858444539843,2,4,2,25,0,TRUE,25,33554432,0,1,25,25
1623,"-1:-2|0:2|1:0|2:0",4,TRUE,3,0,1,"mixed",1.80901699437495,2.23606797749979,2,3,2,2.03716308916112,2,8,1,25,0,TRUE,25,33554432,0,1,25,25
1624,"-1:-1|-1:0|0:1|2:-1",4,TRUE,2,1,1,"mixed",1.41257038496822,2.23606797749979,1.75,3,2,1.73650581819918,2,8,1,25,0,TRUE,25,33554432,0,1,25,25
1625,"-1:-1|-1:0|1:-1|1:2",4,TRUE,1,2,1,"mixed",1.51612377556149,2.23606797749979,2,3,2,1.89574173292382,2,8,1,21,4,FALSE,21,2097152,4,16,25,25
1626,"-1:-1|-1:2|0:-2|1:0",4,TRUE,2,1,1,"mixed",1.66257038496822,2.23606797749979,2,3,2,1.87792717443648,1,8,1,25,0,TRUE,25,33554432,0,1,25,25
1627,"-1:-1|-1:0|0:-1|1:2",4,TRUE,2,1,1,"mixed",1.41257038496822,2.23606797749979,1.75,3,2,1.69574173292382,2,8,1,25,0,TRUE,25,33554432,0,1,25,25
1628,"-1:-2|0:1|0:2|1:0",4,TRUE,3,0,1,"mixed",1.55901699437495,2.23606797749979,1.75,3,2,1.73650581819918,1,8,1,25,0,TRUE,25,33554432,0,1,25,25
1629,"-1:-1|-1:0|0:-2|1:2",4,TRUE,2,1,1,"mixed",1.66257038496822,2.23606797749979,2,3,2,1.83716308916112,1,8,1,25,0,TRUE,25,33554432,0,1,25,25
1630,"-1:-1|-1:0|0:2|2:-1",4,TRUE,2,1,1,"mixed",1.66257038496822,2.23606797749979,2,3,2,1.91869125971184,3,8,1,21,4,FALSE,21,2097152,4,16,25,25
1631,"-1:-1|-1:1|0:-2|2:1",4,TRUE,1,2,1,"mixed",1.76612377556149,2.23606797749979,2.25,3,2,2.03716308916112,2,8,1,25,0,TRUE,25,33554432,0,1,25,25
1632,"-1:-1|-1:2|0:-2|2:0",4,TRUE,2,1,1,"mixed",1.91257038496822,2.23606797749979,2.25,3,2,2.03716308916112,2,8,1,25,0,TRUE,25,33554432,0,1,25,25
1633,"-1:-1|-1:0|0:-2|2:1",4,TRUE,2,1,1,"mixed",1.66257038496822,2.23606797749979,2,3,2,1.91934853067379,2,8,1,25,0,TRUE,25,33554432,0,1,25,25
1634,"-1:-2|0:1|0:2|2:0",4,TRUE,3,0,1,"mixed",1.80901699437495,2.23606797749979,2,3,2,1.97792717443648,2,8,1,21,4,FALSE,21,2097152,4,16,25,25
1635,"-1:-2|0:2|1:1|2:0",4,TRUE,2,1,1,"mixed",1.91257038496822,2.23606797749979,2.25,3,2,2.03782036012307,1,8,1,21,4,FALSE,21,2097152,4,16,25,25
1636,"-1:-1|-1:0|-1:1|2:-1",4,TRUE,1,2,1,"mixed",1.51612377556149,2.23606797749979,2,3,2,1.7128990204492,2,8,1,25,0,TRUE,25,33554432,0,1,25,25
1637,"-1:-1|-1:2|0:-2|0:-1",4,TRUE,2,1,1,"mixed",1.66257038496822,2.23606797749979,2,3,2,1.57147766421189,1,8,1,25,0,TRUE,25,33554432,0,1,25,25
1638,"-1:-1|-1:2|0:-2|1:-1",4,TRUE,1,2,1,"mixed",1.76612377556149,2.23606797749979,2.25,3,2,1.81355629141115,1,8,1,21,4,FALSE,21,2097152,4,16,25,25
1639,"-1:-1|0:-2|0:-1|1:2",4,TRUE,2,1,1,"mixed",1.66257038496822,2.23606797749979,2,3,2,1.65432037668651,1,8,1,25,0,TRUE,25,33554432,0,1,25,25
1640,"-1:-1|0:-2|0:-1|1:-1",4,TRUE,2,2,0,"mixed",1.45710678118655,2,1.75,2,2,1.36568542494924,1,4,2,17,8,FALSE,17,131072,8,256,25,25
1641,"-2:0|-1:-1|-1:0|0:-2",4,TRUE,3,1,0,"mixed",1.60355339059327,2,1.75,2,2,1.63071357893653,1,8,1,21,4,FALSE,21,2097152,4,16,25,25
1642,"-1:-1|-1:0|0:-2|0:-1",4,TRUE,3,1,0,"mixed",1.35355339059327,2,1.5,2,2,1.34787086646191,1,8,1,21,4,FALSE,21,2097152,4,16,25,25
1643,"-1:-1|0:-2|0:-1|1:0",4,TRUE,3,1,0,"mixed",1.35355339059327,2,1.5,2,2,1.47147766421189,1,8,1,25,0,TRUE,25,33554432,0,1,25,25
1644,"-1:-1|0:-2|0:-1|2:0",4,TRUE,3,1,0,"mixed",1.60355339059327,2,1.75,2,2,1.7128990204492,2,8,1,25,0,TRUE,25,33554432,0,1,25,25
1645,"-1:-1|-1:1|0:-2|0:-1",4,TRUE,2,2,0,"mixed",1.45710678118655,2,1.75,2,2,1.57147766421189,1,8,1,25,0,TRUE,25,33554432,0,1,25,25
1646,"-1:-1|0:-2|0:-1|0:1",4,TRUE,3,1,0,"mixed",1.35355339059327,2,1.5,2,2,1.5064495102246,1,8,1,21,4,FALSE,21,2097152,4,16,25,25
1647,"-1:-1|0:-2|0:-1|1:1",4,TRUE,2,2,0,"mixed",1.45710678118655,2,1.75,2,2,1.65432037668651,1,8,1,25,0,TRUE,25,33554432,0,1,25,25
1648,"-1:-1|0:-2|0:-1|0:2",4,TRUE,3,1,0,"mixed",1.60355339059327,2,1.75,2,2,1.5064495102246,1,8,1,21,4,FALSE,21,2097152,4,16,25,25
1649,"-1:-1|0:-2|1:-1|2:0",4,TRUE,2,2,0,"mixed",1.70710678118655,2,2,2,2,1.81355629141115,1,8,1,21,4,FALSE,21,2097152,4,16,25,25
1650,"-1:-1|-1:0|0:-2|1:-1",4,TRUE,2,2,0,"mixed",1.45710678118655,2,1.75,2,2,1.6128990204492,1,8,1,25,0,TRUE,25,33554432,0,1,25,25
1651,"-1:-1|-1:1|0:-2|1:-1",4,TRUE,1,3,0,"mixed",1.56066017177982,2,2,2,2,1.81355629141115,1,8,1,21,4,FALSE,21,2097152,4,16,25,25
1652,"-1:-1|0:-2|0:1|1:-1",4,TRUE,2,2,0,"mixed",1.45710678118655,2,1.75,2,2,1.7128990204492,1,4,2,25,0,TRUE,25,33554432,0,1,25,25
1653,"-1:-1|0:-2|0:2|1:-1",4,TRUE,2,2,0,"mixed",1.70710678118655,2,2,2,2,1.7128990204492,1,4,2,25,0,TRUE,25,33554432,0,1,25,25
1654,"-1:0|0:-2|1:-1|2:0",4,TRUE,3,1,0,"mixed",1.60355339059327,2,1.75,2,2,1.85432037668651,1,8,1,25,0,TRUE,25,33554432,0,1,25,25
1655,"-2:0|-1:-1|0:-2|0:2",4,TRUE,3,1,0,"mixed",1.85355339059327,2,2,2,2,1.91355629141115,1,8,1,21,4,FALSE,21,2097152,4,16,25,25
1656,"-1:-1|0:2|1:1|2:0",4,TRUE,2,2,0,"mixed",1.70710678118655,2,2,2,2,1.97858444539843,1,4,2,25,0,TRUE,25,33554432,0,1,25,25
1657,"-1:-1|-1:0|0:-2|1:0",4,TRUE,3,1,0,"mixed",1.35355339059327,2,1.5,2,2,1.65366310572456,1,8,1,25,0,TRUE,25,33554432,0,1,25,25
1658,"-1:-1|-1:0|0:-2|2:0",4,TRUE,3,1,0,"mixed",1.60355339059327,2,1.75,2,2,1.8128990204492,2,8,1,25,0,TRUE,25,33554432,0,1,25,25
1659,"-1:-1|-1:0|-1:1|0:-2",4,TRUE,2,2,0,"mixed",1.45710678118655,2,1.75,2,2,1.57147766421189,1,8,1,25,0,TRUE,25,33554432,0,1,25,25
1660,"-1:-1|-1:0|0:-2|0:1",4,TRUE,3,1,0,"mixed",1.35355339059327,2,1.5,2,2,1.57147766421189,1,8,1,25,0,TRUE,25,33554432,0,1,25,25
1661,"-1:-1|-1:0|0:-2|1:1",4,TRUE,2,2,0,"mixed",1.45710678118655,2,1.75,2,2,1.77792717443648,1,8,1,21,4,FALSE,21,2097152,4,16,25,25
1662,"-1:-1|-1:0|0:-2|0:2",4,TRUE,3,1,0,"mixed",1.60355339059327,2,1.75,2,2,1.65366310572456,1,8,1,25,0,TRUE,25,33554432,0,1,25,25
1663,"-1:-1|0:-2|1:0|2:0",4,TRUE,3,1,0,"mixed",1.60355339059327,2,1.75,2,2,1.83650581819917,1,8,1,25,0,TRUE,25,33554432,0,1,25,25
1664,"-1:-1|-1:1|0:-2|1:0",4,TRUE,2,2,0,"mixed",1.45710678118655,2,1.75,2,2,1.81869125971184,1,8,1,25,0,TRUE,25,33554432,0,1,25,25
1665,"-1:-1|0:-2|0:1|1:0",4,TRUE,3,1,0,"mixed",1.35355339059327,2,1.5,2,2,1.69508446196187,1,8,1,25,0,TRUE,25,33554432,0,1,25,25
1666,"-1:-1|-1:0|0:2|1:1",4,TRUE,2,2,0,"mixed",1.45710678118655,2,1.75,2,2,1.77792717443648,1,8,1,25,0,TRUE,25,33554432,0,1,25,25
1667,"-1:-1|0:-2|0:2|1:0",4,TRUE,3,1,0,"mixed",1.60355339059327,2,1.75,2,2,1.77726990347453,1,8,1,25,0,TRUE,25,33554432,0,1,25,25
1668,"-1:-1|-1:1|0:-2|2:0",4,TRUE,2,2,0,"mixed",1.70710678118655,2,2,2,2,1.97792717443648,2,8,1,25,0,TRUE,25,33554432,0,1,25,25
1669,"-1:-1|0:-2|0:1|2:0",4,TRUE,3,1,0,"mixed",1.60355339059327,2,1.75,2,2,1.93650581819917,2,8,1,21,4,FALSE,21,2097152,4,16,25,25
1670,"-1:-1|0:-2|1:1|2:0",4,TRUE,2,2,0,"mixed",1.70710678118655,2,2,2,2,1.97858444539843,1,4,2,25,0,TRUE,25,33554432,0,1,25,25
1671,"-1:-1|0:-2|0:2|2:0",4,TRUE,3,1,0,"mixed",1.85355339059327,2,2,2,2,1.99574173292381,2,8,1,25,0,TRUE,25,33554432,0,1,25,25
1672,"-1:-1|-1:0|1:-1|2:0",4,TRUE,2,2,0,"mixed",1.45710678118655,2,1.75,2,2,1.67147766421189,1,8,1,21,4,FALSE,21,2097152,4,16,25,25
1673,"-1:-1|-1:1|0:-2|1:1",4,TRUE,1,3,0,"mixed",1.56066017177982,2,2,2,2,1.89574173292382,1,8,1,25,0,TRUE,25,33554432,0,1,25,25
1674,"-1:-1|-1:1|0:-2|0:2",4,TRUE,2,2,0,"mixed",1.70710678118655,2,2,2,2,1.7128990204492,1,4,2,21,4,FALSE,21,2097152,4,16,25,25
1675,"-1:-1|-1:0|1:1|2:0",4,TRUE,2,2,0,"mixed",1.45710678118655,2,1.75,2,2,1.75432037668651,1,8,1,25,0,TRUE,25,33554432,0,1,25,25
1676,"-1:-1|0:-2|0:1|0:2",4,TRUE,3,1,0,"mixed",1.60355339059327,2,1.75,2,2,1.63005630797458,1,8,1,21,4,FALSE,21,2097152,4,16,25,25
1677,"-1:-1|0:-2|0:2|1:1",4,TRUE,2,2,0,"mixed",1.70710678118655,2,2,2,2,1.79574173292382,1,4,2,17,8,FALSE,17,131072,8,256,25,25
1678,"-2:0|-1:0|0:-2|0:-1",4,TRUE,4,0,0,"axis_only",1.5,2,1.5,2,2,1.67147766421189,1,4,2,21,4,FALSE,21,2097152,4,16,25,25
1679,"-1:0|0:-2|0:-1|2:0",4,TRUE,4,0,0,"axis_only",1.5,2,1.5,2,2,1.77147766421189,2,8,1,21,4,FALSE,21,2097152,4,16,25,25
1680,"-2:0|-1:0|0:-2|0:2",4,TRUE,4,0,0,"axis_only",1.75,2,1.75,2,2,1.9128990204492,2,4,2,25,0,TRUE,25,33554432,0,1,25,25
1681,"-1:0|0:-2|1:0|2:0",4,TRUE,4,0,0,"axis_only",1.5,2,1.5,2,2,1.83005630797458,2,8,1,21,4,FALSE,21,2097152,4,16,25,25
1682,"-1:-1|0:1|0:2|2:0",4,TRUE,3,1,0,"mixed",1.60355339059327,2,1.75,2,2,1.91869125971184,2,8,1,25,0,TRUE,25,33554432,0,1,25,25
1683,"-2:0|-1:0|0:-2|2:0",4,TRUE,4,0,0,"axis_only",1.75,2,1.75,2,2,1.88929222269922,2,8,1,21,4,FALSE,21,2097152,4,16,25,25
1684,"-1:0|0:-2|0:-1|1:0",4,TRUE,4,0,0,"axis_only",1.25,2,1.25,2,2,1.53005630797458,1,4,2,25,0,TRUE,25,33554432,0,1,25,25
1685,"-1:-1|-1:0|0:1|0:2",4,TRUE,3,1,0,"mixed",1.35355339059327,2,1.5,2,2,1.55366310572456,1,8,1,21,4,FALSE,21,2097152,4,16,25,25
1686,"-1:0|0:-1|0:1|0:2",4,TRUE,4,0,0,"axis_only",1.25,2,1.25,2,2,1.5064495102246,1,8,1,21,4,FALSE,21,2097152,4,16,25,25
1687,"-1:-1|0:1|0:2|1:0",4,TRUE,3,1,0,"mixed",1.35355339059327,2,1.5,2,2,1.67726990347453,1,8,1,25,0,TRUE,25,33554432,0,1,25,25
1688,"-1:0|0:-2|0:-1|0:2",4,TRUE,4,0,0,"axis_only",1.5,2,1.5,2,2,1.58863495173727,1,8,1,21,4,FALSE,21,2097152,4,16,25,25
1689,"-1:-1|-1:0|1:0|2:0",4,TRUE,3,1,0,"mixed",1.35355339059327,2,1.5,2,2,1.58863495173727,1,8,1,21,4,FALSE,21,2097152,4,16,25,25
1690,"-1:-1|-1:1|1:0|2:0",4,TRUE,2,2,0,"mixed",1.45710678118655,2,1.75,2,2,1.77726990347453,1,4,2,25,0,TRUE,25,33554432,0,1,25,25
1691,"-2:0|-1:0|1:0|2:0",4,TRUE,4,0,0,"axis_only",1.5,2,1.5,2,2,1.5,1,2,4,5,20,FALSE,5,32,20,1048576,5,5
1692,"-1:0|0:-1|0:2|2:0",4,TRUE,4,0,0,"axis_only",1.5,2,1.5,2,2,1.87147766421189,3,4,2,21,4,FALSE,21,2097152,4,16,25,25
1693,"-1:-1|-1:0|0:2|2:0",4,TRUE,3,1,0,"mixed",1.60355339059327,2,1.75,2,2,1.89508446196187,3,8,1,25,0,TRUE,25,33554432,0,1,25,25
1694,"-1:0|0:-2|0:2|2:0",4,TRUE,4,0,0,"axis_only",1.75,2,1.75,2,2,2.0128990204492,3,4,2,25,0,TRUE,25,33554432,0,1,25,25
1695,"-2:0|0:-2|0:2|2:0",4,TRUE,4,0,0,"axis_only",2,2,2,2,2,2.13137084989848,3,1,8,17,8,FALSE,17,131072,8,256,25,25
1696,"-1:-1|-1:0|0:2|1:0",4,TRUE,3,1,0,"mixed",1.35355339059327,2,1.5,2,2,1.73584854723723,2,8,1,21,4,FALSE,21,2097152,4,16,25,25
1697,"-1:0|0:-1|0:1|2:0",4,TRUE,4,0,0,"axis_only",1.25,2,1.25,2,2,1.63005630797458,2,4,2,25,0,TRUE,25,33554432,0,1,25,25
1698,"-1:0|0:-2|0:2|1:0",4,TRUE,4,0,0,"axis_only",1.5,2,1.5,2,2,1.79442719099992,2,2,4,17,8,FALSE,17,131072,8,256,25,25
1699,"-1:-1|-1:0|0:-1|0:2",4,TRUE,3,1,0,"mixed",1.35355339059327,2,1.5,2,2,1.53005630797458,2,8,1,25,0,TRUE,25,33554432,0,1,25,25
1700,"-1:-1|-1:0|0:2|1:-1",4,TRUE,2,2,0,"mixed",1.45710678118655,2,1.75,2,2,1.77726990347453,2,8,1,25,0,TRUE,25,33554432,0,1,25,25
1701,"-1:-1|-1:0|0:1|2:0",4,TRUE,3,1,0,"mixed",1.35355339059327,2,1.5,2,2,1.65366310572456,2,8,1,17,8,FALSE,17,131072,8,256,25,25
1702,"-1:-1|-1:0|-1:1|2:0",4,TRUE,2,2,0,"mixed",1.45710678118655,2,1.75,2,2,1.63005630797458,2,4,2,25,0,TRUE,25,33554432,0,1,25,25
1703,"-1:-1|-1:0|-1:1|0:-1",4,TRUE,2,2,0,"mixed",1.20710678118655,1.4142135623731,1.5,2,1,1.34787086646191,1,8,1,21,4,FALSE,21,2097152,4,16,25,25
1704,"-1:-1|-1:0|-1:1|1:-1",4,TRUE,1,3,0,"mixed",1.31066017177982,1.4142135623731,1.75,2,1,1.63071357893653,1,8,1,21,4,FALSE,21,2097152,4,16,25,25
1705,"-1:-1|-1:0|-1:1|1:0",4,TRUE,2,2,0,"mixed",1.20710678118655,1.4142135623731,1.5,2,1,1.53005630797458,1,4,2,25,0,TRUE,25,33554432,0,1,25,25
1706,"-1:-1|-1:0|0:-1|0:1",4,TRUE,3,1,0,"mixed",1.10355339059327,1.4142135623731,1.25,2,1,1.34787086646191,1,8,1,21,4,FALSE,21,2097152,4,16,25,25
1707,"-1:-1|-1:0|0:-1|1:1",4,TRUE,2,2,0,"mixed",1.20710678118655,1.4142135623731,1.5,2,1,1.55432037668651,1,4,2,25,0,TRUE,25,33554432,0,1,25,25
1708,"-1:-1|-1:0|0:1|1:-1",4,TRUE,2,2,0,"mixed",1.20710678118655,1.4142135623731,1.5,2,1,1.59508446196187,1,8,1,25,0,TRUE,25,33554432,0,1,25,25
1709,"-1:-1|-1:0|0:1|1:0",4,TRUE,3,1,0,"mixed",1.10355339059327,1.4142135623731,1.25,2,1,1.47147766421189,1,8,1,25,0,TRUE,25,33554432,0,1,25,25
1710,"-1:-1|-1:0|0:1|1:1",4,TRUE,2,2,0,"mixed",1.20710678118655,1.4142135623731,1.5,2,1,1.55432037668651,1,4,2,21,4,FALSE,21,2097152,4,16,25,25
1711,"-1:-1|-1:0|1:-1|1:0",4,TRUE,2,2,0,"mixed",1.20710678118655,1.4142135623731,1.5,2,1,1.53005630797458,1,4,2,25,0,TRUE,25,33554432,0,1,25,25
1712,"-1:-1|-1:0|1:-1|1:1",4,TRUE,1,3,0,"mixed",1.31066017177982,1.4142135623731,1.75,2,1,1.75432037668651,1,8,1,25,0,TRUE,25,33554432,0,1,25,25
1713,"-1:-1|-1:0|1:0|1:1",4,TRUE,2,2,0,"mixed",1.20710678118655,1.4142135623731,1.5,2,1,1.6128990204492,1,4,2,17,8,FALSE,17,131072,8,256,25,25
1714,"-1:-1|-1:1|1:-1|1:1",4,TRUE,0,4,0,"diagonal_only",1.4142135623731,1.4142135623731,2,2,1,1.93137084989848,1,1,8,17,8,FALSE,17,131072,8,256,25,25
1715,"-1:0|0:-1|0:1|1:0",4,TRUE,4,0,0,"axis_only",1,1,1,1,1,1.36568542494924,1,1,8,17,8,FALSE,17,131072,8,256,25,25
