"family_id","canonical_key","n_flippers","valid","n_axis","n_diagonal","n_oblique","geometry_class","mean_distance_from_s","max_distance_from_s","mean_manhattan_from_s","max_manhattan_from_s","max_chebyshev_from_s","mean_pairwise_distance","adjacent_components","n_orientations","symmetry_count","gf2_rank","nullity","full_rank","reachable_states_log2","reachable_states","solutions_per_reachable_log2","solutions_per_reachable","distinct_move_rows","distinct_move_columns","mean_move_overlap","max_move_overlap","prop_moves_overlap","prop_overlap_2plus","sd_move_overlap","mean_move_hamming","min_move_hamming","max_move_hamming","sd_move_hamming","mean_local_hamming","min_local_hamming","max_local_hamming","sd_local_hamming","mean_pair_effect","min_pair_effect","max_pair_effect","sd_pair_effect","prop_pair_effect_small","effect_mean_pair_distance","effect_max_pair_distance","effect_sd_pair_distance","exploratory_score"
638,"-1:-1|0:2|2:0|2:2",4,TRUE,2,2,0,"mixed",2.06066017177982,2.82842712474619,2.5,4,2,2.23716308916112,4,4,2,25,0,TRUE,25,33554432,0,1,25,25,0.833333333333333,2,0.583333333333333,0.25,0.800640769025436,8.33333333333333,6,10,1.60128153805087,10,10,10,0,8.33333333333333,6,10,1.60128153805087,0,2.23716308916112,2.82842712474619,0.4655955713982,4.49221645501224
639,"-1:-2|0:2|2:0|2:2",4,TRUE,2,1,1,"mixed",2.26612377556149,2.82842712474619,2.75,4,2,2.23716308916112,4,8,1,25,0,TRUE,25,33554432,0,1,25,25,0.833333333333333,2,0.583333333333333,0.25,0.800640769025436,8.33333333333333,6,10,1.60128153805087,10,10,10,0,8.33333333333333,6,10,1.60128153805087,0,2.23716308916112,2.82842712474619,0.4655955713982,4.49221645501224
640,"-2:-2|-2:0|0:-2|2:2",4,TRUE,2,2,0,"mixed",2.41421356237309,2.82842712474619,3,4,2,2.23716308916112,4,4,2,25,0,TRUE,25,33554432,0,1,25,25,0.833333333333333,2,0.583333333333333,0.25,0.800640769025436,8.33333333333333,6,10,1.60128153805087,10,10,10,0,8.33333333333333,6,10,1.60128153805087,0,2.23716308916112,2.82842712474619,0.4655955713982,4.49221645501224
804,"-1:-1|-1:2|2:-1|2:2",4,TRUE,0,2,2,"off_axis",2.17869416052972,2.82842712474619,3,4,2,2.23716308916112,4,4,2,25,0,TRUE,25,33554432,0,1,25,25,0.833333333333333,2,0.583333333333333,0.25,0.800640769025436,8.33333333333333,6,10,1.60128153805087,10,10,10,0,8.33333333333333,6,10,1.60128153805087,0,2.23716308916112,2.82842712474619,0.4655955713982,4.49221645501224
626,"-1:-2|1:2|2:-2|2:0",4,TRUE,1,1,2,"mixed",2.32514076993644,2.82842712474619,3,4,2,2.20153397218646,4,8,1,25,0,TRUE,25,33554432,0,1,25,25,0.833333333333333,2,0.583333333333333,0.25,0.800640769025436,8.33333333333333,6,10,1.60128153805087,10,10,10,0,8.33333333333333,6,10,1.60128153805087,0,2.20153397218646,2.82842712474619,0.412644815400057,4.28057951708835
665,"-1:-1|0:2|2:-2|2:0",4,TRUE,2,2,0,"mixed",2.06066017177982,2.82842712474619,2.5,4,2,2.20153397218646,4,8,1,25,0,TRUE,25,33554432,0,1,25,25,0.833333333333333,2,0.583333333333333,0.25,0.800640769025436,8.33333333333333,6,10,1.60128153805087,10,10,10,0,8.33333333333333,6,10,1.60128153805087,0,2.20153397218646,2.82842712474619,0.412644815400057,4.28057951708835
672,"-2:-1|0:-2|2:0|2:2",4,TRUE,2,1,1,"mixed",2.26612377556149,2.82842712474619,2.75,4,2,2.20153397218646,4,8,1,25,0,TRUE,25,33554432,0,1,25,25,0.833333333333333,2,0.583333333333333,0.25,0.800640769025436,8.33333333333333,6,10,1.60128153805087,10,10,10,0,8.33333333333333,6,10,1.60128153805087,0,2.20153397218646,2.82842712474619,0.412644815400057,4.28057951708835
680,"-1:-2|0:2|2:-1|2:2",4,TRUE,1,1,2,"mixed",2.32514076993644,2.82842712474619,3,4,2,2.20153397218646,4,8,1,25,0,TRUE,25,33554432,0,1,25,25,0.833333333333333,2,0.583333333333333,0.25,0.800640769025436,8.33333333333333,6,10,1.60128153805087,10,10,10,0,8.33333333333333,6,10,1.60128153805087,0,2.20153397218646,2.82842712474619,0.412644815400057,4.28057951708835
1275,"-1:-1|-1:2|1:2|2:-1",4,TRUE,0,1,3,"off_axis",2.03060437371812,2.23606797749979,2.75,3,2,2.20153397218646,4,8,1,25,0,TRUE,25,33554432,0,1,25,25,0.833333333333333,2,0.583333333333333,0.25,0.800640769025436,8.33333333333333,6,10,1.60128153805087,10,10,10,0,8.33333333333333,6,10,1.60128153805087,0,2.20153397218646,2.82842712474619,0.412644815400057,4.28057951708835
706,"-2:-1|-1:-2|0:2|2:2",4,TRUE,1,1,2,"mixed",2.32514076993644,2.82842712474619,3,4,2,2.14295532842377,3,8,1,25,0,TRUE,25,33554432,0,1,25,25,0.833333333333333,2,0.583333333333333,0.25,0.800640769025436,8.33333333333333,6,10,1.60128153805087,10,10,10,0,8.33333333333333,6,10,1.60128153805087,0,2.14295532842377,2.82842712474619,0.480442458550402,3.93262240093284
721,"-1:-2|1:-1|2:-2|2:1",4,TRUE,0,2,2,"off_axis",2.17869416052972,2.82842712474619,3,4,2,2.14295532842377,3,4,2,25,0,TRUE,25,33554432,0,1,25,25,0.833333333333333,2,0.583333333333333,0.25,0.800640769025436,8.33333333333333,6,10,1.60128153805087,10,10,10,0,8.33333333333333,6,10,1.60128153805087,0,2.14295532842377,2.82842712474619,0.480442458550402,3.93262240093284
916,"-2:-2|-1:-1|0:2|2:0",4,TRUE,2,2,0,"mixed",2.06066017177982,2.82842712474619,2.5,4,2,2.14295532842377,3,4,2,25,0,TRUE,25,33554432,0,1,25,25,0.833333333333333,2,0.583333333333333,0.25,0.800640769025436,8.33333333333333,6,10,1.60128153805087,10,10,10,0,8.33333333333333,6,10,1.60128153805087,0,2.14295532842377,2.82842712474619,0.480442458550402,3.93262240093284
1546,"-1:-1|-1:2|1:1|2:-1",4,TRUE,0,2,2,"off_axis",1.82514076993644,2.23606797749979,2.5,3,2,2.14295532842377,3,4,2,25,0,TRUE,25,33554432,0,1,25,25,0.833333333333333,2,0.583333333333333,0.25,0.800640769025436,8.33333333333333,6,10,1.60128153805087,10,10,10,0,8.33333333333333,6,10,1.60128153805087,0,2.14295532842377,2.82842712474619,0.480442458550402,3.93262240093284
635,"-2:-1|-2:2|0:-2|2:-2",4,TRUE,1,2,1,"mixed",2.47323055674804,2.82842712474619,3.25,4,2,2.11934853067379,3,8,1,25,0,TRUE,25,33554432,0,1,25,25,0.833333333333333,2,0.583333333333333,0.25,0.800640769025436,8.33333333333333,6,10,1.60128153805087,10,10,10,0,8.33333333333333,6,10,1.60128153805087,0,2.11934853067379,2.82842712474619,0.481158100063252,3.79239803349911
683,"-1:-1|-1:1|2:-2|2:0",4,TRUE,1,3,0,"mixed",1.9142135623731,2.82842712474619,2.5,4,2,2.11934853067379,3,8,1,25,0,TRUE,25,33554432,0,1,25,25,0.833333333333333,2,0.583333333333333,0.25,0.800640769025436,8.33333333333333,6,10,1.60128153805087,10,10,10,0,8.33333333333333,6,10,1.60128153805087,0,2.11934853067379,2.82842712474619,0.481158100063252,3.79239803349911
798,"-1:-1|0:-2|2:-1|2:2",4,TRUE,1,2,1,"mixed",2.11967716615477,2.82842712474619,2.75,4,2,2.11934853067379,3,8,1,25,0,TRUE,25,33554432,0,1,25,25,0.833333333333333,2,0.583333333333333,0.25,0.800640769025436,8.33333333333333,6,10,1.60128153805087,10,10,10,0,8.33333333333333,6,10,1.60128153805087,0,2.11934853067379,2.82842712474619,0.481158100063252,3.79239803349911
1257,"-1:-1|0:-2|2:-1|2:1",4,TRUE,1,1,2,"mixed",1.97158737934317,2.23606797749979,2.5,3,2,2.11934853067379,3,8,1,25,0,TRUE,25,33554432,0,1,25,25,0.833333333333333,2,0.583333333333333,0.25,0.800640769025436,8.33333333333333,6,10,1.60128153805087,10,10,10,0,8.33333333333333,6,10,1.60128153805087,0,2.11934853067379,2.82842712474619,0.481158100063252,3.79239803349911
1262,"-1:-2|0:2|1:-2|2:0",4,TRUE,2,0,2,"mixed",2.11803398874989,2.23606797749979,2.5,3,2,2.11934853067379,3,8,1,25,0,TRUE,25,33554432,0,1,25,25,0.833333333333333,2,0.583333333333333,0.25,0.800640769025436,8.33333333333333,6,10,1.60128153805087,10,10,10,0,8.33333333333333,6,10,1.60128153805087,0,2.11934853067379,2.82842712474619,0.481158100063252,3.79239803349911
634,"-2:-1|-1:2|0:-2|2:-2",4,TRUE,1,1,2,"mixed",2.32514076993644,2.82842712474619,3,4,2,2.08371941369913,3,8,1,25,0,TRUE,25,33554432,0,1,25,25,0.833333333333333,2,0.583333333333333,0.25,0.800640769025436,8.33333333333333,6,10,1.60128153805087,10,10,10,0,8.33333333333333,6,10,1.60128153805087,0,2.08371941369913,2.82842712474619,0.419143842948326,3.58076109557522
688,"-1:-2|0:2|1:-1|2:2",4,TRUE,1,2,1,"mixed",2.11967716615477,2.82842712474619,2.75,4,2,2.08371941369913,3,8,1,25,0,TRUE,25,33554432,0,1,25,25,0.833333333333333,2,0.583333333333333,0.25,0.800640769025436,8.33333333333333,6,10,1.60128153805087,10,10,10,0,8.33333333333333,6,10,1.60128153805087,0,2.08371941369913,2.82842712474619,0.419143842948326,3.58076109557522
1226,"-1:-1|1:-2|2:-1|2:1",4,TRUE,0,1,3,"off_axis",2.03060437371812,2.23606797749979,2.75,3,2,2.08371941369913,3,8,1,25,0,TRUE,25,33554432,0,1,25,25,0.833333333333333,2,0.583333333333333,0.25,0.800640769025436,8.33333333333333,6,10,1.60128153805087,10,10,10,0,8.33333333333333,6,10,1.60128153805087,0,2.08371941369913,2.82842712474619,0.419143842948326,3.58076109557522
1316,"-1:-1|-1:2|1:-2|2:-1",4,TRUE,0,1,3,"off_axis",2.03060437371812,2.23606797749979,2.75,3,2,2.08371941369913,3,8,1,25,0,TRUE,25,33554432,0,1,25,25,0.833333333333333,2,0.583333333333333,0.25,0.800640769025436,8.33333333333333,6,10,1.60128153805087,10,10,10,0,8.33333333333333,6,10,1.60128153805087,0,2.08371941369913,2.82842712474619,0.419143842948326,3.58076109557522
1513,"-1:-1|0:2|1:-2|2:0",4,TRUE,2,1,1,"mixed",1.91257038496822,2.23606797749979,2.25,3,2,2.08371941369913,3,8,1,25,0,TRUE,25,33554432,0,1,25,25,0.833333333333333,2,0.583333333333333,0.25,0.800640769025436,8.33333333333333,6,10,1.60128153805087,10,10,10,0,8.33333333333333,6,10,1.60128153805087,0,2.08371941369913,2.82842712474619,0.419143842948326,3.58076109557522
621,"-2:-2|-1:1|0:2|2:2",4,TRUE,1,3,0,"mixed",2.26776695296637,2.82842712474619,3,4,2,2.0607698869111,2,8,1,25,0,TRUE,25,33554432,0,1,25,25,0.833333333333333,2,0.583333333333333,0.25,0.800640769025436,8.33333333333333,6,10,1.60128153805087,10,10,10,0,8.33333333333333,6,10,1.60128153805087,0,2.0607698869111,2.82842712474619,0.530437422427522,3.44444091734361
699,"-1:-1|0:2|1:-2|2:2",4,TRUE,1,2,1,"mixed",2.11967716615477,2.82842712474619,2.75,4,2,2.0607698869111,2,8,1,25,0,TRUE,25,33554432,0,1,25,25,0.833333333333333,2,0.583333333333333,0.25,0.800640769025436,8.33333333333333,6,10,1.60128153805087,10,10,10,0,8.33333333333333,6,10,1.60128153805087,0,2.0607698869111,2.82842712474619,0.530437422427522,3.44444091734361
722,"-1:-1|1:-1|2:-2|2:1",4,TRUE,0,3,1,"off_axis",1.97323055674804,2.82842712474619,2.75,4,2,2.0607698869111,2,8,1,25,0,TRUE,25,33554432,0,1,25,25,0.833333333333333,2,0.583333333333333,0.25,0.800640769025436,8.33333333333333,6,10,1.60128153805087,10,10,10,0,8.33333333333333,6,10,1.60128153805087,0,2.0607698869111,2.82842712474619,0.530437422427522,3.44444091734361
766,"-1:-1|1:-2|2:-1|2:2",4,TRUE,0,2,2,"off_axis",2.17869416052972,2.82842712474619,3,4,2,2.0607698869111,2,8,1,25,0,TRUE,25,33554432,0,1,25,25,0.833333333333333,2,0.583333333333333,0.25,0.800640769025436,8.33333333333333,6,10,1.60128153805087,10,10,10,0,8.33333333333333,6,10,1.60128153805087,0,2.0607698869111,2.82842712474619,0.530437422427522,3.44444091734361
770,"-2:-1|-1:-2|0:2|2:-2",4,TRUE,1,1,2,"mixed",2.32514076993644,2.82842712474619,3,4,2,2.0607698869111,2,8,1,25,0,TRUE,25,33554432,0,1,25,25,0.833333333333333,2,0.583333333333333,0.25,0.800640769025436,8.33333333333333,6,10,1.60128153805087,10,10,10,0,8.33333333333333,6,10,1.60128153805087,0,2.0607698869111,2.82842712474619,0.530437422427522,3.44444091734361
812,"-1:-2|0:2|1:1|2:-2",4,TRUE,1,2,1,"mixed",2.11967716615477,2.82842712474619,2.75,4,2,2.0607698869111,2,8,1,25,0,TRUE,25,33554432,0,1,25,25,0.833333333333333,2,0.583333333333333,0.25,0.800640769025436,8.33333333333333,6,10,1.60128153805087,10,10,10,0,8.33333333333333,6,10,1.60128153805087,0,2.0607698869111,2.82842712474619,0.530437422427522,3.44444091734361
905,"-2:-1|0:2|1:-1|2:-2",4,TRUE,1,2,1,"mixed",2.11967716615477,2.82842712474619,2.75,4,2,2.0607698869111,2,8,1,25,0,TRUE,25,33554432,0,1,25,25,0.833333333333333,2,0.583333333333333,0.25,0.800640769025436,8.33333333333333,6,10,1.60128153805087,10,10,10,0,8.33333333333333,6,10,1.60128153805087,0,2.0607698869111,2.82842712474619,0.530437422427522,3.44444091734361
1312,"-1:-1|-1:1|1:-2|2:-1",4,TRUE,0,2,2,"off_axis",1.82514076993644,2.23606797749979,2.5,3,2,2.0607698869111,2,8,1,25,0,TRUE,25,33554432,0,1,25,25,0.833333333333333,2,0.583333333333333,0.25,0.800640769025436,8.33333333333333,6,10,1.60128153805087,10,10,10,0,8.33333333333333,6,10,1.60128153805087,0,2.0607698869111,2.82842712474619,0.530437422427522,3.44444091734361
1533,"-1:-1|-1:2|1:1|2:0",4,TRUE,1,2,1,"mixed",1.76612377556149,2.23606797749979,2.25,3,2,2.0607698869111,2,8,1,25,0,TRUE,25,33554432,0,1,25,25,0.833333333333333,2,0.583333333333333,0.25,0.800640769025436,8.33333333333333,6,10,1.60128153805087,10,10,10,0,8.33333333333333,6,10,1.60128153805087,0,2.0607698869111,2.82842712474619,0.530437422427522,3.44444091734361
1537,"-1:-2|0:2|1:-1|2:0",4,TRUE,2,1,1,"mixed",1.91257038496822,2.23606797749979,2.25,3,2,2.0607698869111,2,8,1,25,0,TRUE,25,33554432,0,1,25,25,0.833333333333333,2,0.583333333333333,0.25,0.800640769025436,8.33333333333333,6,10,1.60128153805087,10,10,10,0,8.33333333333333,6,10,1.60128153805087,0,2.0607698869111,2.82842712474619,0.530437422427522,3.44444091734361
554,"-1:-2|0:-2|2:-2|2:1",4,TRUE,1,1,2,"mixed",2.32514076993644,2.82842712474619,3,4,2,2.19574173292381,4,8,1,25,0,TRUE,25,33554432,0,1,25,25,0.833333333333333,2,0.583333333333333,0.25,0.800640769025436,8.33333333333333,6,10,1.60128153805087,9,8,10,1.01015254455221,8.33333333333333,6,10,1.60128153805087,0,2.19574173292381,2.82842712474619,0.556495225393037,3.34734197796472
568,"-1:-2|2:-2|2:0|2:2",4,TRUE,1,2,1,"mixed",2.47323055674804,2.82842712474619,3.25,4,2,2.19574173292381,4,8,1,25,0,TRUE,25,33554432,0,1,25,25,0.833333333333333,2,0.583333333333333,0.25,0.800640769025436,8.33333333333333,6,10,1.60128153805087,9,8,10,1.01015254455221,8.33333333333333,6,10,1.60128153805087,0,2.19574173292381,2.82842712474619,0.556495225393037,3.34734197796472
666,"-1:0|0:-2|2:0|2:2",4,TRUE,3,1,0,"mixed",1.95710678118655,2.82842712474619,2.25,4,2,2.19574173292381,4,8,1,25,0,TRUE,25,33554432,0,1,25,25,0.833333333333333,2,0.583333333333333,0.25,0.800640769025436,8.33333333333333,6,10,1.60128153805087,9,8,10,1.01015254455221,8.33333333333333,6,10,1.60128153805087,0,2.19574173292381,2.82842712474619,0.556495225393037,3.34734197796472
671,"-2:-2|-2:0|0:2|2:0",4,TRUE,3,1,0,"mixed",2.20710678118655,2.82842712474619,2.5,4,2,2.19574173292381,4,8,1,25,0,TRUE,25,33554432,0,1,25,25,0.833333333333333,2,0.583333333333333,0.25,0.800640769025436,8.33333333333333,6,10,1.60128153805087,9,8,10,1.01015254455221,8.33333333333333,6,10,1.60128153805087,0,2.19574173292381,2.82842712474619,0.556495225393037,3.34734197796472
691,"-1:-2|-1:0|2:0|2:2",4,TRUE,2,1,1,"mixed",2.01612377556149,2.82842712474619,2.5,4,2,2.19574173292381,4,8,1,25,0,TRUE,25,33554432,0,1,25,25,0.833333333333333,2,0.583333333333333,0.25,0.800640769025436,8.33333333333333,6,10,1.60128153805087,9,8,10,1.01015254455221,8.33333333333333,6,10,1.60128153805087,0,2.19574173292381,2.82842712474619,0.556495225393037,3.34734197796472
580,"-2:-2|-1:-1|0:-2|2:0",4,TRUE,2,2,0,"mixed",2.06066017177982,2.82842712474619,2.5,4,2,2.03716308916112,2,8,1,25,0,TRUE,25,33554432,0,1,25,25,0.833333333333333,2,0.583333333333333,0.25,0.800640769025436,8.33333333333333,6,10,1.60128153805087,10,10,10,0,8.33333333333333,6,10,1.60128153805087,0,2.03716308916112,2.82842712474619,0.527011014179131,3.30421654990988
581,"-1:-2|1:-1|2:-2|2:0",4,TRUE,1,2,1,"mixed",2.11967716615477,2.82842712474619,2.75,4,2,2.03716308916112,2,8,1,25,0,TRUE,25,33554432,0,1,25,25,0.833333333333333,2,0.583333333333333,0.25,0.800640769025436,8.33333333333333,6,10,1.60128153805087,10,10,10,0,8.33333333333333,6,10,1.60128153805087,0,2.03716308916112,2.82842712474619,0.527011014179131,3.30421654990988
611,"-2:-2|-2:0|-1:1|0:2",4,TRUE,2,2,0,"mixed",2.06066017177982,2.82842712474619,2.5,4,2,2.03716308916112,2,8,1,25,0,TRUE,25,33554432,0,1,25,25,0.833333333333333,2,0.583333333333333,0.25,0.800640769025436,8.33333333333333,6,10,1.60128153805087,10,10,10,0,8.33333333333333,6,10,1.60128153805087,0,2.03716308916112,2.82842712474619,0.527011014179131,3.30421654990988
615,"-1:-1|-1:1|0:-2|2:-2",4,TRUE,1,3,0,"mixed",1.9142135623731,2.82842712474619,2.5,4,2,2.03716308916112,2,8,1,25,0,TRUE,25,33554432,0,1,25,25,0.833333333333333,2,0.583333333333333,0.25,0.800640769025436,8.33333333333333,6,10,1.60128153805087,10,10,10,0,8.33333333333333,6,10,1.60128153805087,0,2.03716308916112,2.82842712474619,0.527011014179131,3.30421654990988
678,"-2:-1|-1:-2|2:-2|2:0",4,TRUE,1,1,2,"mixed",2.32514076993644,2.82842712474619,3,4,2,2.03716308916112,2,8,1,25,0,TRUE,25,33554432,0,1,25,25,0.833333333333333,2,0.583333333333333,0.25,0.800640769025436,8.33333333333333,6,10,1.60128153805087,10,10,10,0,8.33333333333333,6,10,1.60128153805087,0,2.03716308916112,2.82842712474619,0.527011014179131,3.30421654990988
712,"-2:-1|-2:2|2:-2|2:0",4,TRUE,1,2,1,"mixed",2.47323055674804,2.82842712474619,3.25,4,2,2.03716308916112,2,8,1,25,0,TRUE,25,33554432,0,1,25,25,0.833333333333333,2,0.583333333333333,0.25,0.800640769025436,8.33333333333333,6,10,1.60128153805087,10,10,10,0,8.33333333333333,6,10,1.60128153805087,0,2.03716308916112,2.82842712474619,0.527011014179131,3.30421654990988
825,"-1:-1|-1:2|0:-2|2:2",4,TRUE,1,2,1,"mixed",2.11967716615477,2.82842712474619,2.75,4,2,2.03716308916112,2,8,1,25,0,TRUE,25,33554432,0,1,25,25,0.833333333333333,2,0.583333333333333,0.25,0.800640769025436,8.33333333333333,6,10,1.60128153805087,10,10,10,0,8.33333333333333,6,10,1.60128153805087,0,2.03716308916112,2.82842712474619,0.527011014179131,3.30421654990988
1545,"-1:-1|-1:1|1:-1|1:2",4,TRUE,0,3,1,"off_axis",1.61967716615477,2.23606797749979,2.25,3,2,2.03716308916112,2,8,1,25,0,TRUE,25,33554432,0,1,25,25,0.833333333333333,2,0.583333333333333,0.25,0.800640769025436,8.33333333333333,6,10,1.60128153805087,10,10,10,0,8.33333333333333,6,10,1.60128153805087,0,2.03716308916112,2.82842712474619,0.527011014179131,3.30421654990988
1631,"-1:-1|-1:1|0:-2|2:1",4,TRUE,1,2,1,"mixed",1.76612377556149,2.23606797749979,2.25,3,2,2.03716308916112,2,8,1,25,0,TRUE,25,33554432,0,1,25,25,0.833333333333333,2,0.583333333333333,0.25,0.800640769025436,8.33333333333333,6,10,1.60128153805087,10,10,10,0,8.33333333333333,6,10,1.60128153805087,0,2.03716308916112,2.82842712474619,0.527011014179131,3.30421654990988
1632,"-1:-1|-1:2|0:-2|2:0",4,TRUE,2,1,1,"mixed",1.91257038496822,2.23606797749979,2.25,3,2,2.03716308916112,2,8,1,25,0,TRUE,25,33554432,0,1,25,25,0.833333333333333,2,0.583333333333333,0.25,0.800640769025436,8.33333333333333,6,10,1.60128153805087,10,10,10,0,8.33333333333333,6,10,1.60128153805087,0,2.03716308916112,2.82842712474619,0.527011014179131,3.30421654990988
797,"-1:0|0:-2|2:-1|2:2",4,TRUE,2,1,1,"mixed",2.01612377556149,2.82842712474619,2.5,4,2,2.18371941369913,4,8,1,25,0,TRUE,25,33554432,0,1,25,25,0.833333333333333,2,0.583333333333333,0.25,0.800640769025436,8.33333333333333,6,10,1.60128153805087,9,8,10,1.01015254455221,8.33333333333333,6,10,1.60128153805087,0,2.18371941369913,2.82842712474619,0.507027856163868,3.27592940747456
800,"-2:-1|-2:2|0:-2|2:2",4,TRUE,1,2,1,"mixed",2.47323055674804,2.82842712474619,3.25,4,2,2.18371941369913,4,8,1,25,0,TRUE,25,33554432,0,1,25,25,0.833333333333333,2,0.583333333333333,0.25,0.800640769025436,8.33333333333333,6,10,1.60128153805087,9,8,10,1.01015254455221,8.33333333333333,6,10,1.60128153805087,0,2.18371941369913,2.82842712474619,0.507027856163868,3.27592940747456
816,"-1:-2|-1:0|2:-1|2:2",4,TRUE,1,1,2,"mixed",2.07514076993644,2.82842712474619,2.75,4,2,2.18371941369913,4,8,1,25,0,TRUE,25,33554432,0,1,25,25,0.833333333333333,2,0.583333333333333,0.25,0.800640769025436,8.33333333333333,6,10,1.60128153805087,9,8,10,1.01015254455221,8.33333333333333,6,10,1.60128153805087,0,2.18371941369913,2.82842712474619,0.507027856163868,3.27592940747456
1149,"-1:-2|0:-2|2:-1|2:1",4,TRUE,1,0,3,"mixed",2.17705098312484,2.23606797749979,2.75,3,2,2.18371941369913,4,8,1,25,0,TRUE,25,33554432,0,1,25,25,0.833333333333333,2,0.583333333333333,0.25,0.800640769025436,8.33333333333333,6,10,1.60128153805087,9,8,10,1.01015254455221,8.33333333333333,6,10,1.60128153805087,0,2.18371941369913,2.82842712474619,0.507027856163868,3.27592940747456
1263,"-1:-2|-1:2|1:-2|2:0",4,TRUE,1,0,3,"mixed",2.17705098312484,2.23606797749979,2.75,3,2,2.18371941369913,4,8,1,25,0,TRUE,25,33554432,0,1,25,25,0.833333333333333,2,0.583333333333333,0.25,0.800640769025436,8.33333333333333,6,10,1.60128153805087,9,8,10,1.01015254455221,8.33333333333333,6,10,1.60128153805087,0,2.18371941369913,2.82842712474619,0.507027856163868,3.27592940747456
630,"-1:-2|1:-2|2:0|2:2",4,TRUE,1,1,2,"mixed",2.32514076993644,2.82842712474619,3,4,2,2.20153397218646,4,8,1,25,0,TRUE,25,33554432,0,1,25,25,0.833333333333333,2,0.666666666666667,0.166666666666667,0.688332449299089,8.33333333333333,6,10,1.37666489859818,10,10,10,0,8.33333333333333,6,10,1.37666489859818,0,2.20153397218646,2.82842712474619,0.412644815400057,3.24638469644779
684,"-1:-1|-1:2|2:-2|2:0",4,TRUE,1,2,1,"mixed",2.11967716615477,2.82842712474619,2.75,4,2,2.20153397218646,4,8,1,25,0,TRUE,25,33554432,0,1,25,25,0.833333333333333,2,0.666666666666667,0.166666666666667,0.688332449299089,8.33333333333333,6,10,1.37666489859818,10,10,10,0,8.33333333333333,6,10,1.37666489859818,0,2.20153397218646,2.82842712474619,0.412644815400057,3.24638469644779
795,"-1:-2|0:2|2:-2|2:1",4,TRUE,1,1,2,"mixed",2.32514076993644,2.82842712474619,3,4,2,2.20153397218646,4,8,1,25,0,TRUE,25,33554432,0,1,25,25,0.833333333333333,2,0.666666666666667,0.166666666666667,0.688332449299089,8.33333333333333,6,10,1.37666489859818,10,10,10,0,8.33333333333333,6,10,1.37666489859818,0,2.20153397218646,2.82842712474619,0.412644815400057,3.24638469644779
802,"-2:-1|-2:2|0:-2|2:0",4,TRUE,2,1,1,"mixed",2.26612377556149,2.82842712474619,2.75,4,2,2.20153397218646,4,8,1,25,0,TRUE,25,33554432,0,1,25,25,0.833333333333333,2,0.666666666666667,0.166666666666667,0.688332449299089,8.33333333333333,6,10,1.37666489859818,10,10,10,0,8.33333333333333,6,10,1.37666489859818,0,2.20153397218646,2.82842712474619,0.412644815400057,3.24638469644779
1259,"-1:-1|-1:2|1:2|2:0",4,TRUE,1,1,2,"mixed",1.97158737934317,2.23606797749979,2.5,3,2,2.20153397218646,4,8,1,25,0,TRUE,25,33554432,0,1,25,25,0.833333333333333,2,0.666666666666667,0.166666666666667,0.688332449299089,8.33333333333333,6,10,1.37666489859818,10,10,10,0,8.33333333333333,6,10,1.37666489859818,0,2.20153397218646,2.82842712474619,0.412644815400057,3.24638469644779
618,"-1:-1|0:-2|1:2|2:-2",4,TRUE,1,2,1,"mixed",2.11967716615477,2.82842712474619,2.75,4,2,1.97858444539843,1,8,1,25,0,TRUE,25,33554432,0,1,25,25,0.833333333333333,2,0.583333333333333,0.25,0.800640769025436,8.33333333333333,6,10,1.60128153805087,10,10,10,0,8.33333333333333,6,10,1.60128153805087,0,1.97858444539843,2.82842712474619,0.562932394231188,2.95625943375437
772,"-2:-1|-2:2|-1:-2|2:-2",4,TRUE,0,2,2,"off_axis",2.53224755112299,2.82842712474619,3.5,4,2,1.97858444539843,2,4,2,25,0,TRUE,25,33554432,0,1,25,25,0.833333333333333,2,0.583333333333333,0.25,0.800640769025436,8.33333333333333,6,10,1.60128153805087,10,10,10,0,8.33333333333333,6,10,1.60128153805087,0,1.97858444539843,2.82842712474619,0.562932394231188,2.95625943375437
895,"-1:-1|1:-1|1:2|2:-2",4,TRUE,0,3,1,"off_axis",1.97323055674804,2.82842712474619,2.75,4,2,1.97858444539843,1,8,1,25,0,TRUE,25,33554432,0,1,25,25,0.833333333333333,2,0.583333333333333,0.25,0.800640769025436,8.33333333333333,6,10,1.60128153805087,10,10,10,0,8.33333333333333,6,10,1.60128153805087,0,1.97858444539843,2.82842712474619,0.562932394231188,2.95625943375437
1006,"-1:-1|0:-2|1:-1|2:2",4,TRUE,1,3,0,"mixed",1.9142135623731,2.82842712474619,2.5,4,2,1.97858444539843,2,8,1,25,0,TRUE,25,33554432,0,1,25,25,0.833333333333333,2,0.583333333333333,0.25,0.800640769025436,8.33333333333333,6,10,1.60128153805087,10,10,10,0,8.33333333333333,6,10,1.60128153805087,0,1.97858444539843,2.82842712474619,0.562932394231188,2.95625943375437
1535,"-1:-1|0:-2|1:-1|2:1",4,TRUE,1,2,1,"mixed",1.76612377556149,2.23606797749979,2.25,3,2,1.97858444539843,2,8,1,25,0,TRUE,25,33554432,0,1,25,25,0.833333333333333,2,0.583333333333333,0.25,0.800640769025436,8.33333333333333,6,10,1.60128153805087,10,10,10,0,8.33333333333333,6,10,1.60128153805087,0,1.97858444539843,2.82842712474619,0.562932394231188,2.95625943375437
1670,"-1:-1|0:-2|1:1|2:0",4,TRUE,2,2,0,"mixed",1.70710678118655,2,2,2,2,1.97858444539843,1,4,2,25,0,TRUE,25,33554432,0,1,25,25,0.833333333333333,2,0.583333333333333,0.25,0.800640769025436,8.33333333333333,6,10,1.60128153805087,10,10,10,0,8.33333333333333,6,10,1.60128153805087,0,1.97858444539843,2.82842712474619,0.562932394231188,2.95625943375437
432,"-1:-1|1:-2|2:-2|2:1",4,TRUE,0,2,2,"off_axis",2.17869416052972,2.82842712474619,3,4,2,2.12514076993644,3,8,1,25,0,TRUE,25,33554432,0,1,25,25,0.833333333333333,2,0.583333333333333,0.25,0.800640769025436,8.33333333333333,6,10,1.60128153805087,9,8,10,1.01015254455221,8.33333333333333,6,10,1.60128153805087,0,2.12514076993644,2.82842712474619,0.561522442367321,2.92797229131905
450,"-1:-2|1:-2|2:1|2:2",4,TRUE,0,1,3,"off_axis",2.38415776431139,2.82842712474619,3.25,4,2,2.12514076993644,3,8,1,25,0,TRUE,25,33554432,0,1,25,25,0.833333333333333,2,0.583333333333333,0.25,0.800640769025436,8.33333333333333,6,10,1.60128153805087,9,8,10,1.01015254455221,8.33333333333333,6,10,1.60128153805087,0,2.12514076993644,2.82842712474619,0.561522442367321,2.92797229131905
533,"-2:-1|0:-2|1:2|2:2",4,TRUE,1,1,2,"mixed",2.32514076993644,2.82842712474619,3,4,2,2.12514076993644,3,8,1,25,0,TRUE,25,33554432,0,1,25,25,0.833333333333333,2,0.583333333333333,0.25,0.800640769025436,8.33333333333333,6,10,1.60128153805087,9,8,10,1.01015254455221,8.33333333333333,6,10,1.60128153805087,0,2.12514076993644,2.82842712474619,0.561522442367321,2.92797229131905
740,"-1:-2|1:0|2:-1|2:2",4,TRUE,1,1,2,"mixed",2.07514076993644,2.82842712474619,2.75,4,2,2.12514076993644,3,8,1,25,0,TRUE,25,33554432,0,1,25,25,0.833333333333333,2,0.583333333333333,0.25,0.800640769025436,8.33333333333333,6,10,1.60128153805087,9,8,10,1.01015254455221,8.33333333333333,6,10,1.60128153805087,0,2.12514076993644,2.82842712474619,0.561522442367321,2.92797229131905
813,"-1:-2|-1:2|1:-1|2:2",4,TRUE,0,2,2,"off_axis",2.17869416052972,2.82842712474619,3,4,2,2.12514076993644,3,8,1,25,0,TRUE,25,33554432,0,1,25,25,0.833333333333333,2,0.583333333333333,0.25,0.800640769025436,8.33333333333333,6,10,1.60128153805087,9,8,10,1.01015254455221,8.33333333333333,6,10,1.60128153805087,0,2.12514076993644,2.82842712474619,0.561522442367321,2.92797229131905
961,"-2:-1|0:2|1:0|2:-2",4,TRUE,2,1,1,"mixed",2.01612377556149,2.82842712474619,2.5,4,2,2.12514076993644,3,8,1,25,0,TRUE,25,33554432,0,1,25,25,0.833333333333333,2,0.583333333333333,0.25,0.800640769025436,8.33333333333333,6,10,1.60128153805087,9,8,10,1.01015254455221,8.33333333333333,6,10,1.60128153805087,0,2.12514076993644,2.82842712474619,0.561522442367321,2.92797229131905
966,"-1:-1|-1:2|1:0|2:-2",4,TRUE,1,2,1,"mixed",1.86967716615477,2.82842712474619,2.5,4,2,2.12514076993644,3,8,1,25,0,TRUE,25,33554432,0,1,25,25,0.833333333333333,2,0.583333333333333,0.25,0.800640769025436,8.33333333333333,6,10,1.60128153805087,9,8,10,1.01015254455221,8.33333333333333,6,10,1.60128153805087,0,2.12514076993644,2.82842712474619,0.561522442367321,2.92797229131905
1053,"-2:-1|-1:2|0:2|2:-2",4,TRUE,1,1,2,"mixed",2.32514076993644,2.82842712474619,3,4,2,2.12514076993644,3,8,1,25,0,TRUE,25,33554432,0,1,25,25,0.833333333333333,2,0.583333333333333,0.25,0.800640769025436,8.33333333333333,6,10,1.60128153805087,9,8,10,1.01015254455221,8.33333333333333,6,10,1.60128153805087,0,2.12514076993644,2.82842712474619,0.561522442367321,2.92797229131905
1328,"-1:-2|-1:0|1:2|2:1",4,TRUE,1,0,3,"mixed",1.92705098312484,2.23606797749979,2.5,3,2,2.12514076993644,3,8,1,25,0,TRUE,25,33554432,0,1,25,25,0.833333333333333,2,0.583333333333333,0.25,0.800640769025436,8.33333333333333,6,10,1.60128153805087,9,8,10,1.01015254455221,8.33333333333333,6,10,1.60128153805087,0,2.12514076993644,2.82842712474619,0.561522442367321,2.92797229131905
1406,"-1:-2|-1:-1|1:2|2:0",4,TRUE,1,1,2,"mixed",1.97158737934317,2.23606797749979,2.5,3,2,2.12514076993644,3,8,1,25,0,TRUE,25,33554432,0,1,25,25,0.833333333333333,2,0.583333333333333,0.25,0.800640769025436,8.33333333333333,6,10,1.60128153805087,9,8,10,1.01015254455221,8.33333333333333,6,10,1.60128153805087,0,2.12514076993644,2.82842712474619,0.561522442367321,2.92797229131905
627,"-1:-1|1:2|2:-2|2:0",4,TRUE,1,2,1,"mixed",2.11967716615477,2.82842712474619,2.75,4,2,2.14295532842377,3,8,1,25,0,TRUE,25,33554432,0,1,25,25,0.833333333333333,2,0.666666666666667,0.166666666666667,0.688332449299089,8.33333333333333,6,10,1.37666489859818,10,10,10,0,8.33333333333333,6,10,1.37666489859818,0,2.14295532842377,2.82842712474619,0.480442458550402,2.89842758029228
629,"-1:-1|1:-2|2:0|2:2",4,TRUE,1,2,1,"mixed",2.11967716615477,2.82842712474619,2.75,4,2,2.14295532842377,3,8,1,25,0,TRUE,25,33554432,0,1,25,25,0.833333333333333,2,0.666666666666667,0.166666666666667,0.688332449299089,8.33333333333333,6,10,1.37666489859818,10,10,10,0,8.33333333333333,6,10,1.37666489859818,0,2.14295532842377,2.82842712474619,0.480442458550402,2.89842758029228
689,"-2:-2|-1:1|0:-2|2:2",4,TRUE,1,3,0,"mixed",2.26776695296637,2.82842712474619,3,4,2,2.14295532842377,3,8,1,25,0,TRUE,25,33554432,0,1,25,25,0.833333333333333,2,0.666666666666667,0.166666666666667,0.688332449299089,8.33333333333333,6,10,1.37666489859818,10,10,10,0,8.33333333333333,6,10,1.37666489859818,0,2.14295532842377,2.82842712474619,0.480442458550402,2.89842758029228
824,"-1:-1|-1:2|1:-2|2:2",4,TRUE,0,2,2,"off_axis",2.17869416052972,2.82842712474619,3,4,2,2.14295532842377,3,8,1,25,0,TRUE,25,33554432,0,1,25,25,0.833333333333333,2,0.666666666666667,0.166666666666667,0.688332449299089,8.33333333333333,6,10,1.37666489859818,10,10,10,0,8.33333333333333,6,10,1.37666489859818,0,2.14295532842377,2.82842712474619,0.480442458550402,2.89842758029228
1027,"-1:-1|-1:2|1:2|2:-2",4,TRUE,0,2,2,"off_axis",2.17869416052972,2.82842712474619,3,4,2,2.14295532842377,3,8,1,25,0,TRUE,25,33554432,0,1,25,25,0.833333333333333,2,0.666666666666667,0.166666666666667,0.688332449299089,8.33333333333333,6,10,1.37666489859818,10,10,10,0,8.33333333333333,6,10,1.37666489859818,0,2.14295532842377,2.82842712474619,0.480442458550402,2.89842758029228
1228,"-1:-1|-1:2|1:2|2:1",4,TRUE,0,1,3,"off_axis",2.03060437371812,2.23606797749979,2.75,3,2,2.14295532842377,3,8,1,25,0,TRUE,25,33554432,0,1,25,25,0.833333333333333,2,0.666666666666667,0.166666666666667,0.688332449299089,8.33333333333333,6,10,1.37666489859818,10,10,10,0,8.33333333333333,6,10,1.37666489859818,0,2.14295532842377,2.82842712474619,0.480442458550402,2.89842758029228
1557,"-2:-1|-1:2|0:-2|2:0",4,TRUE,2,0,2,"mixed",2.11803398874989,2.23606797749979,2.5,3,2,2.14295532842377,3,8,1,25,0,TRUE,25,33554432,0,1,25,25,0.833333333333333,2,0.666666666666667,0.166666666666667,0.688332449299089,8.33333333333333,6,10,1.37666489859818,10,10,10,0,8.33333333333333,6,10,1.37666489859818,0,2.14295532842377,2.82842712474619,0.480442458550402,2.89842758029228
1598,"-2:-1|0:-2|1:2|2:0",4,TRUE,2,0,2,"mixed",2.11803398874989,2.23606797749979,2.5,3,2,2.14295532842377,3,4,2,25,0,TRUE,25,33554432,0,1,25,25,0.833333333333333,2,0.666666666666667,0.166666666666667,0.688332449299089,8.33333333333333,6,10,1.37666489859818,10,10,10,0,8.33333333333333,6,10,1.37666489859818,0,2.14295532842377,2.82842712474619,0.480442458550402,2.89842758029228
751,"-1:-1|1:1|2:-2|2:1",4,TRUE,0,3,1,"off_axis",1.97323055674804,2.82842712474619,2.75,4,2,2.10219124314841,2,8,1,25,0,TRUE,25,33554432,0,1,25,25,0.833333333333333,2,0.583333333333333,0.25,0.800640769025436,8.33333333333333,6,10,1.60128153805087,9,8,10,1.01015254455221,8.33333333333333,6,10,1.60128153805087,0,2.10219124314841,2.82842712474619,0.650463063457386,2.79165211308744
810,"-1:-2|1:1|2:-2|2:2",4,TRUE,0,3,1,"off_axis",2.32678394734132,2.82842712474619,3.25,4,2,2.10219124314841,2,8,1,25,0,TRUE,25,33554432,0,1,25,25,0.833333333333333,2,0.583333333333333,0.25,0.800640769025436,8.33333333333333,6,10,1.60128153805087,9,8,10,1.01015254455221,8.33333333333333,6,10,1.60128153805087,0,2.10219124314841,2.82842712474619,0.650463063457386,2.79165211308744
912,"-1:-2|-1:0|1:1|2:2",4,TRUE,1,2,1,"mixed",1.86967716615477,2.82842712474619,2.5,4,2,2.10219124314841,2,8,1,25,0,TRUE,25,33554432,0,1,25,25,0.833333333333333,2,0.583333333333333,0.25,0.800640769025436,8.33333333333333,6,10,1.60128153805087,9,8,10,1.01015254455221,8.33333333333333,6,10,1.60128153805087,0,2.10219124314841,2.82842712474619,0.650463063457386,2.79165211308744
1034,"-2:-1|-1:0|0:2|2:-2",4,TRUE,2,1,1,"mixed",2.01612377556149,2.82842712474619,2.5,4,2,2.10219124314841,2,8,1,25,0,TRUE,25,33554432,0,1,25,25,0.833333333333333,2,0.583333333333333,0.25,0.800640769025436,8.33333333333333,6,10,1.60128153805087,9,8,10,1.01015254455221,8.33333333333333,6,10,1.60128153805087,0,2.10219124314841,2.82842712474619,0.650463063457386,2.79165211308744
1039,"-2:-1|-2:0|1:2|2:-2",4,TRUE,1,1,2,"mixed",2.32514076993644,2.82842712474619,3,4,2,2.10219124314841,2,8,1,25,0,TRUE,25,33554432,0,1,25,25,0.833333333333333,2,0.583333333333333,0.25,0.800640769025436,8.33333333333333,6,10,1.60128153805087,9,8,10,1.01015254455221,8.33333333333333,6,10,1.60128153805087,0,2.10219124314841,2.82842712474619,0.650463063457386,2.79165211308744
585,"-1:-2|1:1|2:0|2:2",4,TRUE,1,2,1,"mixed",2.11967716615477,2.82842712474619,2.75,4,2,2.12000580163574,2,8,1,25,0,TRUE,25,33554432,0,1,25,25,0.833333333333333,2,0.666666666666667,0.166666666666667,0.688332449299089,8.33333333333333,6,10,1.37666489859818,10,10,10,0,8.33333333333333,6,10,1.37666489859818,0,2.12000580163574,2.82842712474619,0.582690503927722,2.76210740206066
806,"-2:-1|-2:2|1:2|2:-2",4,TRUE,0,2,2,"off_axis",2.53224755112299,2.82842712474619,3.5,4,2,2.12000580163574,2,4,2,25,0,TRUE,25,33554432,0,1,25,25,0.833333333333333,2,0.666666666666667,0.166666666666667,0.688332449299089,8.33333333333333,6,10,1.37666489859818,10,10,10,0,8.33333333333333,6,10,1.37666489859818,0,2.12000580163574,2.82842712474619,0.582690503927722,2.76210740206066
1011,"-1:-1|-1:1|1:-1|2:2",4,TRUE,0,4,0,"diagonal_only",1.76776695296637,2.82842712474619,2.5,4,2,2.12000580163574,2,4,2,25,0,TRUE,25,33554432,0,1,25,25,0.833333333333333,2,0.666666666666667,0.166666666666667,0.688332449299089,8.33333333333333,6,10,1.37666489859818,10,10,10,0,8.33333333333333,6,10,1.37666489859818,0,2.12000580163574,2.82842712474619,0.582690503927722,2.76210740206066
1068,"-2:-2|0:2|1:1|2:0",4,TRUE,2,2,0,"mixed",2.06066017177982,2.82842712474619,2.5,4,2,2.12000580163574,2,4,2,25,0,TRUE,25,33554432,0,1,25,25,0.833333333333333,2,0.666666666666667,0.166666666666667,0.688332449299089,8.33333333333333,6,10,1.37666489859818,10,10,10,0,8.33333333333333,6,10,1.37666489859818,0,2.12000580163574,2.82842712474619,0.582690503927722,2.76210740206066
357,"-1:-1|2:-2|2:-1|2:1",4,TRUE,0,2,2,"off_axis",2.17869416052972,2.82842712474619,3,4,2,2.07792717443648,3,8,1,25,0,TRUE,25,33554432,0,1,25,25,0.833333333333333,2,0.583333333333333,0.25,0.800640769025436,8.33333333333333,6,10,1.60128153805087,9,8,10,1.01015254455221,8.33333333333333,6,10,1.60128153805087,0,2.07792717443648,2.82842712474619,0.559978826721162,2.6475235564516
555,"-1:-1|2:-2|2:0|2:1",4,TRUE,1,2,1,"mixed",2.11967716615477,2.82842712474619,2.75,4,2,2.07792717443648,3,8,1,25,0,TRUE,25,33554432,0,1,25,25,0.833333333333333,2,0.583333333333333,0.25,0.800640769025436,8.33333333333333,6,10,1.60128153805087,9,8,10,1.01015254455221,8.33333333333333,6,10,1.60128153805087,0,2.07792717443648,2.82842712474619,0.559978826721162,2.6475235564516
633,"-2:-1|0:-2|0:2|2:-2",4,TRUE,2,1,1,"mixed",2.26612377556149,2.82842712474619,2.75,4,2,2.07792717443648,3,8,1,25,0,TRUE,25,33554432,0,1,25,25,0.833333333333333,2,0.583333333333333,0.25,0.800640769025436,8.33333333333333,6,10,1.60128153805087,9,8,10,1.01015254455221,8.33333333333333,6,10,1.60128153805087,0,2.07792717443648,2.82842712474619,0.559978826721162,2.6475235564516
941,"-2:-1|0:-1|0:2|2:-2",4,TRUE,2,1,1,"mixed",2.01612377556149,2.82842712474619,2.5,4,2,2.07792717443648,3,8,1,25,0,TRUE,25,33554432,0,1,25,25,0.833333333333333,2,0.583333333333333,0.25,0.800640769025436,8.33333333333333,6,10,1.60128153805087,9,8,10,1.01015254455221,8.33333333333333,6,10,1.60128153805087,0,2.07792717443648,2.82842712474619,0.559978826721162,2.6475235564516
1582,"-1:0|0:-2|1:2|2:0",4,TRUE,3,0,1,"mixed",1.80901699437495,2.23606797749979,2,3,2,2.07792717443648,3,8,1,25,0,TRUE,25,33554432,0,1,25,25,0.833333333333333,2,0.583333333333333,0.25,0.800640769025436,8.33333333333333,6,10,1.60128153805087,9,8,10,1.01015254455221,8.33333333333333,6,10,1.60128153805087,0,2.07792717443648,2.82842712474619,0.559978826721162,2.6475235564516
608,"-1:-1|0:-2|2:-2|2:0",4,TRUE,2,2,0,"mixed",2.06066017177982,2.82842712474619,2.5,4,2,2.09574173292382,3,8,1,25,0,TRUE,25,33554432,0,1,25,25,0.833333333333333,2,0.666666666666667,0.166666666666667,0.688332449299089,8.33333333333333,6,10,1.37666489859818,10,10,10,0,8.33333333333333,6,10,1.37666489859818,0,2.09574173292382,2.82842712474619,0.480585972053891,2.61797884542482
622,"-2:-1|0:-2|2:-2|2:0",4,TRUE,2,1,1,"mixed",2.26612377556149,2.82842712474619,2.75,4,2,2.09574173292382,3,8,1,25,0,TRUE,25,33554432,0,1,25,25,0.833333333333333,2,0.666666666666667,0.166666666666667,0.688332449299089,8.33333333333333,6,10,1.37666489859818,10,10,10,0,8.33333333333333,6,10,1.37666489859818,0,2.09574173292382,2.82842712474619,0.480585972053891,2.61797884542482
1281,"-1:-1|-1:1|2:-1|2:1",4,TRUE,0,2,2,"off_axis",1.82514076993644,2.23606797749979,2.5,3,2,2.09574173292382,3,4,2,25,0,TRUE,25,33554432,0,1,25,25,0.833333333333333,2,0.666666666666667,0.166666666666667,0.688332449299089,8.33333333333333,6,10,1.37666489859818,10,10,10,0,8.33333333333333,6,10,1.37666489859818,0,2.09574173292382,2.82842712474619,0.480585972053891,2.61797884542482
440,"-1:-1|-1:2|1:-2|2:-2",4,TRUE,0,2,2,"off_axis",2.17869416052972,2.82842712474619,3,4,2,2.0659048552118,3,8,1,25,0,TRUE,25,33554432,0,1,25,25,0.833333333333333,2,0.583333333333333,0.25,0.800640769025436,8.33333333333333,6,10,1.60128153805087,9,8,10,1.01015254455221,8.33333333333333,6,10,1.60128153805087,0,2.0659048552118,2.82842712474619,0.507758832969072,2.57611098596143
831,"-2:-1|-1:-2|-1:2|2:2",4,TRUE,0,1,3,"off_axis",2.38415776431139,2.82842712474619,3.25,4,2,2.0659048552118,3,8,1,25,0,TRUE,25,33554432,0,1,25,25,0.833333333333333,2,0.583333333333333,0.25,0.800640769025436,8.33333333333333,6,10,1.60128153805087,9,8,10,1.01015254455221,8.33333333333333,6,10,1.60128153805087,0,2.0659048552118,2.82842712474619,0.507758832969072,2.57611098596143
985,"-1:-2|0:1|1:-2|2:2",4,TRUE,1,1,2,"mixed",2.07514076993644,2.82842712474619,2.75,4,2,2.0659048552118,3,8,1,25,0,TRUE,25,33554432,0,1,25,25,0.833333333333333,2,0.583333333333333,0.25,0.800640769025436,8.33333333333333,6,10,1.60128153805087,9,8,10,1.01015254455221,8.33333333333333,6,10,1.60128153805087,0,2.0659048552118,2.82842712474619,0.507758832969072,2.57611098596143
1071,"-2:-1|-1:-2|0:-2|2:2",4,TRUE,1,1,2,"mixed",2.32514076993644,2.82842712474619,3,4,2,2.0659048552118,3,8,1,25,0,TRUE,25,33554432,0,1,25,25,0.833333333333333,2,0.583333333333333,0.25,0.800640769025436,8.33333333333333,6,10,1.60128153805087,9,8,10,1.01015254455221,8.33333333333333,6,10,1.60128153805087,0,2.0659048552118,2.82842712474619,0.507758832969072,2.57611098596143
1227,"-1:-2|0:1|1:-2|2:-1",4,TRUE,1,0,3,"mixed",1.92705098312484,2.23606797749979,2.5,3,2,2.0659048552118,3,8,1,25,0,TRUE,25,33554432,0,1,25,25,0.833333333333333,2,0.583333333333333,0.25,0.800640769025436,8.33333333333333,6,10,1.60128153805087,9,8,10,1.01015254455221,8.33333333333333,6,10,1.60128153805087,0,2.0659048552118,2.82842712474619,0.507758832969072,2.57611098596143
1239,"-1:-2|1:-1|2:-1|2:1",4,TRUE,0,1,3,"off_axis",2.03060437371812,2.23606797749979,2.75,3,2,2.0659048552118,3,8,1,25,0,TRUE,25,33554432,0,1,25,25,0.833333333333333,2,0.583333333333333,0.25,0.800640769025436,8.33333333333333,6,10,1.60128153805087,9,8,10,1.01015254455221,8.33333333333333,6,10,1.60128153805087,0,2.0659048552118,2.82842712474619,0.507758832969072,2.57611098596143
1460,"-1:-2|0:1|1:2|2:0",4,TRUE,2,0,2,"mixed",1.86803398874989,2.23606797749979,2.25,3,2,2.0659048552118,3,8,1,25,0,TRUE,25,33554432,0,1,25,25,0.833333333333333,2,0.583333333333333,0.25,0.800640769025436,8.33333333333333,6,10,1.60128153805087,9,8,10,1.01015254455221,8.33333333333333,6,10,1.60128153805087,0,2.0659048552118,2.82842712474619,0.507758832969072,2.57611098596143
1512,"-1:-1|1:-2|1:2|2:0",4,TRUE,1,1,2,"mixed",1.97158737934317,2.23606797749979,2.5,3,2,2.0659048552118,3,8,1,25,0,TRUE,25,33554432,0,1,25,25,0.833333333333333,2,0.583333333333333,0.25,0.800640769025436,8.33333333333333,6,10,1.60128153805087,9,8,10,1.01015254455221,8.33333333333333,6,10,1.60128153805087,0,2.0659048552118,2.82842712474619,0.507758832969072,2.57611098596143
1520,"-1:-2|-1:0|1:-1|2:1",4,TRUE,1,1,2,"mixed",1.72158737934317,2.23606797749979,2.25,3,2,2.0659048552118,3,8,1,25,0,TRUE,25,33554432,0,1,25,25,0.833333333333333,2,0.583333333333333,0.25,0.800640769025436,8.33333333333333,6,10,1.60128153805087,9,8,10,1.01015254455221,8.33333333333333,6,10,1.60128153805087,0,2.0659048552118,2.82842712474619,0.507758832969072,2.57611098596143
1556,"-2:-1|-1:2|0:-2|2:-1",4,TRUE,1,0,3,"mixed",2.17705098312484,2.23606797749979,2.75,3,2,2.0659048552118,3,8,1,25,0,TRUE,25,33554432,0,1,25,25,0.833333333333333,2,0.583333333333333,0.25,0.800640769025436,8.33333333333333,6,10,1.60128153805087,9,8,10,1.01015254455221,8.33333333333333,6,10,1.60128153805087,0,2.0659048552118,2.82842712474619,0.507758832969072,2.57611098596143
576,"-2:-1|0:-2|1:-1|2:-2",4,TRUE,1,2,1,"mixed",2.11967716615477,2.82842712474619,2.75,4,2,1.89574173292382,1,8,1,25,0,TRUE,25,33554432,0,1,25,25,0.833333333333333,2,0.583333333333333,0.25,0.800640769025436,8.33333333333333,6,10,1.60128153805087,10,10,10,0,8.33333333333333,6,10,1.60128153805087,0,1.89574173292382,2.82842712474619,0.478612905582384,2.46417376096302
582,"-1:-1|1:-1|2:-2|2:0",4,TRUE,1,3,0,"mixed",1.9142135623731,2.82842712474619,2.5,4,2,1.89574173292382,1,8,1,25,0,TRUE,25,33554432,0,1,25,25,0.833333333333333,2,0.583333333333333,0.25,0.800640769025436,8.33333333333333,6,10,1.60128153805087,10,10,10,0,8.33333333333333,6,10,1.60128153805087,0,1.89574173292382,2.82842712474619,0.478612905582384,2.46417376096302
1283,"-1:-1|-1:2|0:-2|1:2",4,TRUE,1,1,2,"mixed",1.97158737934317,2.23606797749979,2.5,3,2,1.89574173292382,1,8,1,25,0,TRUE,25,33554432,0,1,25,25,0.833333333333333,2,0.583333333333333,0.25,0.800640769025436,8.33333333333333,6,10,1.60128153805087,10,10,10,0,8.33333333333333,6,10,1.60128153805087,0,1.89574173292382,2.82842712474619,0.478612905582384,2.46417376096302
1593,"-2:-1|0:-2|1:-1|2:0",4,TRUE,2,1,1,"mixed",1.91257038496822,2.23606797749979,2.25,3,2,1.89574173292382,1,8,1,25,0,TRUE,25,33554432,0,1,25,25,0.833333333333333,2,0.583333333333333,0.25,0.800640769025436,8.33333333333333,6,10,1.60128153805087,10,10,10,0,8.33333333333333,6,10,1.60128153805087,0,1.89574173292382,2.82842712474619,0.478612905582384,2.46417376096302
1673,"-1:-1|-1:1|0:-2|1:1",4,TRUE,1,3,0,"mixed",1.56066017177982,2,2,2,2,1.89574173292382,1,8,1,25,0,TRUE,25,33554432,0,1,25,25,0.833333333333333,2,0.583333333333333,0.25,0.800640769025436,8.33333333333333,6,10,1.60128153805087,10,10,10,0,8.33333333333333,6,10,1.60128153805087,0,1.89574173292382,2.82842712474619,0.478612905582384,2.46417376096302
654,"-1:-2|0:1|2:-2|2:0",4,TRUE,2,1,1,"mixed",2.01612377556149,2.82842712474619,2.5,4,2,2.21934853067379,4,8,1,25,0,TRUE,25,33554432,0,1,25,25,0.833333333333333,2,0.666666666666667,0.166666666666667,0.688332449299089,8.33333333333333,6,10,1.37666489859818,9,8,10,1.01015254455221,8.33333333333333,6,10,1.37666489859818,0,2.21934853067379,2.82842712474619,0.552260103168055,2.45337152475789
668,"-1:-2|0:-2|2:0|2:2",4,TRUE,2,1,1,"mixed",2.26612377556149,2.82842712474619,2.75,4,2,2.21934853067379,4,8,1,25,0,TRUE,25,33554432,0,1,25,25,0.833333333333333,2,0.666666666666667,0.166666666666667,0.688332449299089,8.33333333333333,6,10,1.37666489859818,9,8,10,1.01015254455221,8.33333333333333,6,10,1.37666489859818,0,2.21934853067379,2.82842712474619,0.552260103168055,2.45337152475789
669,"-2:-2|-2:0|0:2|2:-2",4,TRUE,2,2,0,"mixed",2.41421356237309,2.82842712474619,3,4,2,2.21934853067379,4,8,1,25,0,TRUE,25,33554432,0,1,25,25,0.833333333333333,2,0.666666666666667,0.166666666666667,0.688332449299089,8.33333333333333,6,10,1.37666489859818,9,8,10,1.01015254455221,8.33333333333333,6,10,1.37666489859818,0,2.21934853067379,2.82842712474619,0.552260103168055,2.45337152475789
677,"-1:-2|-1:2|2:-2|2:0",4,TRUE,1,1,2,"mixed",2.32514076993644,2.82842712474619,3,4,2,2.21934853067379,4,8,1,25,0,TRUE,25,33554432,0,1,25,25,0.833333333333333,2,0.666666666666667,0.166666666666667,0.688332449299089,8.33333333333333,6,10,1.37666489859818,9,8,10,1.01015254455221,8.33333333333333,6,10,1.37666489859818,0,2.21934853067379,2.82842712474619,0.552260103168055,2.45337152475789
785,"-1:-2|-1:0|2:-2|2:1",4,TRUE,1,1,2,"mixed",2.07514076993644,2.82842712474619,2.75,4,2,2.21934853067379,4,8,1,25,0,TRUE,25,33554432,0,1,25,25,0.833333333333333,2,0.666666666666667,0.166666666666667,0.688332449299089,8.33333333333333,6,10,1.37666489859818,9,8,10,1.01015254455221,8.33333333333333,6,10,1.37666489859818,0,2.21934853067379,2.82842712474619,0.552260103168055,2.45337152475789
447,"-1:-1|1:2|2:-2|2:-1",4,TRUE,0,2,2,"off_axis",2.17869416052972,2.82842712474619,3,4,2,2.04295532842377,2,8,1,25,0,TRUE,25,33554432,0,1,25,25,0.833333333333333,2,0.583333333333333,0.25,0.800640769025436,8.33333333333333,6,10,1.60128153805087,9,8,10,1.01015254455221,8.33333333333333,6,10,1.60128153805087,0,2.04295532842377,2.82842712474619,0.60215679580886,2.43979080772982
756,"-1:-2|-1:-1|1:2|2:-2",4,TRUE,0,2,2,"off_axis",2.17869416052972,2.82842712474619,3,4,2,2.04295532842377,2,8,1,25,0,TRUE,25,33554432,0,1,25,25,0.833333333333333,2,0.583333333333333,0.25,0.800640769025436,8.33333333333333,6,10,1.60128153805087,9,8,10,1.01015254455221,8.33333333333333,6,10,1.60128153805087,0,2.04295532842377,2.82842712474619,0.60215679580886,2.43979080772982
936,"-1:-1|1:0|1:2|2:-2",4,TRUE,1,2,1,"mixed",1.86967716615477,2.82842712474619,2.5,4,2,2.04295532842377,2,8,1,25,0,TRUE,25,33554432,0,1,25,25,0.833333333333333,2,0.583333333333333,0.25,0.800640769025436,8.33333333333333,6,10,1.60128153805087,9,8,10,1.01015254455221,8.33333333333333,6,10,1.60128153805087,0,2.04295532842377,2.82842712474619,0.60215679580886,2.43979080772982
1026,"-1:-1|0:2|1:2|2:-2",4,TRUE,1,2,1,"mixed",2.11967716615477,2.82842712474619,2.75,4,2,2.04295532842377,2,8,1,25,0,TRUE,25,33554432,0,1,25,25,0.833333333333333,2,0.583333333333333,0.25,0.800640769025436,8.33333333333333,6,10,1.60128153805087,9,8,10,1.01015254455221,8.33333333333333,6,10,1.60128153805087,0,2.04295532842377,2.82842712474619,0.60215679580886,2.43979080772982
1479,"-1:-2|0:2|1:0|2:-1",4,TRUE,2,0,2,"mixed",1.86803398874989,2.23606797749979,2.25,3,2,2.04295532842377,2,8,1,25,0,TRUE,25,33554432,0,1,25,25,0.833333333333333,2,0.583333333333333,0.25,0.800640769025436,8.33333333333333,6,10,1.60128153805087,9,8,10,1.01015254455221,8.33333333333333,6,10,1.60128153805087,0,2.04295532842377,2.82842712474619,0.60215679580886,2.43979080772982
507,"-2:-1|-2:2|-1:2|0:-2",4,TRUE,1,1,2,"mixed",2.32514076993644,2.82842712474619,3,4,2,2.04229805746182,3,8,1,25,0,TRUE,25,33554432,0,1,25,25,0.833333333333333,2,0.583333333333333,0.25,0.800640769025436,8.33333333333333,6,10,1.60128153805087,9,8,10,1.01015254455221,8.33333333333333,6,10,1.60128153805087,0,2.04229805746182,2.82842712474619,0.504445398969847,2.4358866185277
735,"-2:-1|-2:2|-1:0|0:-2",4,TRUE,2,1,1,"mixed",2.01612377556149,2.82842712474619,2.5,4,2,2.04229805746182,3,8,1,25,0,TRUE,25,33554432,0,1,25,25,0.833333333333333,2,0.583333333333333,0.25,0.800640769025436,8.33333333333333,6,10,1.60128153805087,9,8,10,1.01015254455221,8.33333333333333,6,10,1.60128153805087,0,2.04229805746182,2.82842712474619,0.504445398969847,2.4358866185277
835,"-1:-2|-1:2|1:-2|2:2",4,TRUE,0,1,3,"off_axis",2.38415776431139,2.82842712474619,3.25,4,2,2.04229805746182,3,8,1,25,0,TRUE,25,33554432,0,1,25,25,0.833333333333333,2,0.583333333333333,0.25,0.800640769025436,8.33333333333333,6,10,1.60128153805087,9,8,10,1.01015254455221,8.33333333333333,6,10,1.60128153805087,0,2.04229805746182,2.82842712474619,0.504445398969847,2.4358866185277
1028,"-1:-1|-1:2|0:2|2:-2",4,TRUE,1,2,1,"mixed",2.11967716615477,2.82842712474619,2.75,4,2,2.04229805746182,3,8,1,25,0,TRUE,25,33554432,0,1,25,25,0.833333333333333,2,0.583333333333333,0.25,0.800640769025436,8.33333333333333,6,10,1.60128153805087,9,8,10,1.01015254455221,8.33333333333333,6,10,1.60128153805087,0,2.04229805746182,2.82842712474619,0.504445398969847,2.4358866185277
1091,"-1:-2|1:-2|2:-1|2:0",4,TRUE,1,0,3,"mixed",2.17705098312484,2.23606797749979,2.75,3,2,2.04229805746182,3,8,1,25,0,TRUE,25,33554432,0,1,25,25,0.833333333333333,2,0.583333333333333,0.25,0.800640769025436,8.33333333333333,6,10,1.60128153805087,9,8,10,1.01015254455221,8.33333333333333,6,10,1.60128153805087,0,2.04229805746182,2.82842712474619,0.504445398969847,2.4358866185277
1146,"-1:-1|-1:2|0:2|2:1",4,TRUE,1,1,2,"mixed",1.97158737934317,2.23606797749979,2.5,3,2,2.04229805746182,3,8,1,25,0,TRUE,25,33554432,0,1,25,25,0.833333333333333,2,0.583333333333333,0.25,0.800640769025436,8.33333333333333,6,10,1.60128153805087,9,8,10,1.01015254455221,8.33333333333333,6,10,1.60128153805087,0,2.04229805746182,2.82842712474619,0.504445398969847,2.4358866185277
1238,"-1:-2|-1:-1|1:-2|2:0",4,TRUE,1,1,2,"mixed",1.97158737934317,2.23606797749979,2.5,3,2,2.04229805746182,3,8,1,25,0,TRUE,25,33554432,0,1,25,25,0.833333333333333,2,0.583333333333333,0.25,0.800640769025436,8.33333333333333,6,10,1.60128153805087,9,8,10,1.01015254455221,8.33333333333333,6,10,1.60128153805087,0,2.04229805746182,2.82842712474619,0.504445398969847,2.4358866185277
1523,"-1:-1|-1:2|1:-2|1:0",4,TRUE,1,1,2,"mixed",1.72158737934317,2.23606797749979,2.25,3,2,2.04229805746182,3,8,1,25,0,TRUE,25,33554432,0,1,25,25,0.833333333333333,2,0.583333333333333,0.25,0.800640769025436,8.33333333333333,6,10,1.60128153805087,9,8,10,1.01015254455221,8.33333333333333,6,10,1.60128153805087,0,2.04229805746182,2.82842712474619,0.504445398969847,2.4358866185277
1562,"-1:-2|-1:0|0:2|2:-1",4,TRUE,2,0,2,"mixed",1.86803398874989,2.23606797749979,2.25,3,2,2.04229805746182,3,8,1,25,0,TRUE,25,33554432,0,1,25,25,0.833333333333333,2,0.583333333333333,0.25,0.800640769025436,8.33333333333333,6,10,1.60128153805087,9,8,10,1.01015254455221,8.33333333333333,6,10,1.60128153805087,0,2.04229805746182,2.82842712474619,0.504445398969847,2.4358866185277
1595,"-1:-2|-1:0|0:2|2:1",4,TRUE,2,0,2,"mixed",1.86803398874989,2.23606797749979,2.25,3,2,2.04229805746182,3,8,1,25,0,TRUE,25,33554432,0,1,25,25,0.833333333333333,2,0.583333333333333,0.25,0.800640769025436,8.33333333333333,6,10,1.60128153805087,9,8,10,1.01015254455221,8.33333333333333,6,10,1.60128153805087,0,2.04229805746182,2.82842712474619,0.504445398969847,2.4358866185277
482,"-1:-2|0:1|2:-2|2:-1",4,TRUE,1,1,2,"mixed",2.07514076993644,2.82842712474619,2.75,4,2,2.14295532842377,3,8,1,25,0,TRUE,25,33554432,0,1,25,25,0.833333333333333,2,0.583333333333333,0.25,0.800640769025436,8.33333333333333,6,10,1.60128153805087,8,6,10,2.02030508910442,8.33333333333333,6,10,1.60128153805087,0,2.14295532842377,2.82842712474619,0.67308779382795,2.13495911962915
490,"-1:-2|-1:0|1:2|2:2",4,TRUE,1,1,2,"mixed",2.07514076993644,2.82842712474619,2.75,4,2,2.14295532842377,3,8,1,25,0,TRUE,25,33554432,0,1,25,25,0.833333333333333,2,0.583333333333333,0.25,0.800640769025436,8.33333333333333,6,10,1.60128153805087,8,6,10,2.02030508910442,8.33333333333333,6,10,1.60128153805087,0,2.14295532842377,2.82842712474619,0.67308779382795,2.13495911962915
817,"-1:-2|0:1|2:-2|2:2",4,TRUE,1,2,1,"mixed",2.22323055674804,2.82842712474619,3,4,2,2.14295532842377,3,8,1,25,0,TRUE,25,33554432,0,1,25,25,0.833333333333333,2,0.583333333333333,0.25,0.800640769025436,8.33333333333333,6,10,1.60128153805087,8,6,10,2.02030508910442,8.33333333333333,6,10,1.60128153805087,0,2.14295532842377,2.82842712474619,0.67308779382795,2.13495911962915
861,"-2:-2|-1:0|0:2|2:-2",4,TRUE,2,2,0,"mixed",2.16421356237309,2.82842712474619,2.75,4,2,2.14295532842377,3,8,1,25,0,TRUE,25,33554432,0,1,25,25,0.833333333333333,2,0.583333333333333,0.25,0.800640769025436,8.33333333333333,6,10,1.60128153805087,8,6,10,2.02030508910442,8.33333333333333,6,10,1.60128153805087,0,2.14295532842377,2.82842712474619,0.67308779382795,2.13495911962915
1193,"-1:-2|-1:2|2:-1|2:0",4,TRUE,1,0,3,"mixed",2.17705098312484,2.23606797749979,2.75,3,2,2.14295532842377,3,8,1,25,0,TRUE,25,33554432,0,1,25,25,0.833333333333333,2,0.583333333333333,0.25,0.800640769025436,8.33333333333333,6,10,1.60128153805087,8,6,10,2.02030508910442,8.33333333333333,6,10,1.60128153805087,0,2.14295532842377,2.82842712474619,0.67308779382795,2.13495911962915
658,"-1:-2|0:-1|2:0|2:2",4,TRUE,2,1,1,"mixed",2.01612377556149,2.82842712474619,2.5,4,2,2.1607698869111,3,8,1,25,0,TRUE,25,33554432,0,1,25,25,0.833333333333333,2,0.666666666666667,0.166666666666667,0.688332449299089,8.33333333333333,6,10,1.37666489859818,9,8,10,1.01015254455221,8.33333333333333,6,10,1.37666489859818,0,2.1607698869111,2.82842712474619,0.606514171143573,2.10541440860238
703,"-2:-1|0:2|2:-2|2:2",4,TRUE,1,2,1,"mixed",2.47323055674804,2.82842712474619,3.25,4,2,2.1607698869111,3,8,1,25,0,TRUE,25,33554432,0,1,25,25,0.833333333333333,2,0.666666666666667,0.166666666666667,0.688332449299089,8.33333333333333,6,10,1.37666489859818,9,8,10,1.01015254455221,8.33333333333333,6,10,1.37666489859818,0,2.1607698869111,2.82842712474619,0.606514171143573,2.10541440860238
750,"-1:-2|-1:-1|2:-2|2:1",4,TRUE,0,2,2,"off_axis",2.17869416052972,2.82842712474619,3,4,2,2.1607698869111,3,8,1,25,0,TRUE,25,33554432,0,1,25,25,0.833333333333333,2,0.666666666666667,0.166666666666667,0.688332449299089,8.33333333333333,6,10,1.37666489859818,9,8,10,1.01015254455221,8.33333333333333,6,10,1.37666489859818,0,2.1607698869111,2.82842712474619,0.606514171143573,2.10541440860238
786,"-1:-1|0:1|2:-2|2:1",4,TRUE,1,2,1,"mixed",1.86967716615477,2.82842712474619,2.5,4,2,2.1607698869111,3,8,1,25,0,TRUE,25,33554432,0,1,25,25,0.833333333333333,2,0.666666666666667,0.166666666666667,0.688332449299089,8.33333333333333,6,10,1.37666489859818,9,8,10,1.01015254455221,8.33333333333333,6,10,1.37666489859818,0,2.1607698869111,2.82842712474619,0.606514171143573,2.10541440860238
1040,"-2:-1|-2:0|0:2|2:-2",4,TRUE,2,1,1,"mixed",2.26612377556149,2.82842712474619,2.75,4,2,2.1607698869111,3,8,1,25,0,TRUE,25,33554432,0,1,25,25,0.833333333333333,2,0.666666666666667,0.166666666666667,0.688332449299089,8.33333333333333,6,10,1.37666489859818,9,8,10,1.01015254455221,8.33333333333333,6,10,1.37666489859818,0,2.1607698869111,2.82842712474619,0.606514171143573,2.10541440860238
356,"-1:-2|1:-2|2:-2|2:1",4,TRUE,0,1,3,"off_axis",2.38415776431139,2.82842712474619,3.25,4,2,2.16011261594915,4,8,1,25,0,TRUE,25,33554432,0,1,25,25,0.833333333333333,2,0.666666666666667,0.166666666666667,0.688332449299089,8.33333333333333,6,10,1.37666489859818,9,8,10,1.01015254455221,8.33333333333333,6,10,1.37666489859818,0,2.16011261594915,2.82842712474619,0.509807683148267,2.10151021940027
558,"-1:-2|2:-1|2:0|2:2",4,TRUE,1,1,2,"mixed",2.32514076993644,2.82842712474619,3,4,2,2.16011261594915,4,8,1,25,0,TRUE,25,33554432,0,1,25,25,0.833333333333333,2,0.666666666666667,0.166666666666667,0.688332449299089,8.33333333333333,6,10,1.37666489859818,9,8,10,1.01015254455221,8.33333333333333,6,10,1.37666489859818,0,2.16011261594915,2.82842712474619,0.509807683148267,2.10151021940027
705,"-2:-1|0:-2|0:2|2:2",4,TRUE,2,1,1,"mixed",2.26612377556149,2.82842712474619,2.75,4,2,2.16011261594915,4,8,1,25,0,TRUE,25,33554432,0,1,25,25,0.833333333333333,2,0.666666666666667,0.166666666666667,0.688332449299089,8.33333333333333,6,10,1.37666489859818,9,8,10,1.01015254455221,8.33333333333333,6,10,1.37666489859818,0,2.16011261594915,2.82842712474619,0.509807683148267,2.10151021940027
962,"-2:-2|-1:0|0:2|2:0",4,TRUE,3,1,0,"mixed",1.95710678118655,2.82842712474619,2.25,4,2,2.16011261594915,4,8,1,25,0,TRUE,25,33554432,0,1,25,25,0.833333333333333,2,0.666666666666667,0.166666666666667,0.688332449299089,8.33333333333333,6,10,1.37666489859818,9,8,10,1.01015254455221,8.33333333333333,6,10,1.37666489859818,0,2.16011261594915,2.82842712474619,0.509807683148267,2.10151021940027
1583,"-1:-2|-1:0|1:2|2:0",4,TRUE,2,0,2,"mixed",1.86803398874989,2.23606797749979,2.25,3,2,2.16011261594915,4,8,1,25,0,TRUE,25,33554432,0,1,25,25,0.833333333333333,2,0.666666666666667,0.166666666666667,0.688332449299089,8.33333333333333,6,10,1.37666489859818,9,8,10,1.01015254455221,8.33333333333333,6,10,1.37666489859818,0,2.16011261594915,2.82842712474619,0.509807683148267,2.10151021940027
439,"-1:-1|0:2|1:-2|2:-2",4,TRUE,1,2,1,"mixed",2.11967716615477,2.82842712474619,2.75,4,2,1.98371941369913,2,8,1,25,0,TRUE,25,33554432,0,1,25,25,0.833333333333333,2,0.583333333333333,0.25,0.800640769025436,8.33333333333333,6,10,1.60128153805087,9,8,10,1.01015254455221,8.33333333333333,6,10,1.60128153805087,0,1.98371941369913,2.82842712474619,0.542481221091435,2.0879295023722
742,"-1:-2|0:-1|1:2|2:-2",4,TRUE,1,1,2,"mixed",2.07514076993644,2.82842712474619,2.75,4,2,1.98371941369913,2,8,1,25,0,TRUE,25,33554432,0,1,25,25,0.833333333333333,2,0.583333333333333,0.25,0.800640769025436,8.33333333333333,6,10,1.60128153805087,9,8,10,1.01015254455221,8.33333333333333,6,10,1.60128153805087,0,1.98371941369913,2.82842712474619,0.542481221091435,2.0879295023722
992,"-1:-2|1:-2|1:-1|2:2",4,TRUE,0,2,2,"off_axis",2.17869416052972,2.82842712474619,3,4,2,1.98371941369913,2,8,1,25,0,TRUE,25,33554432,0,1,25,25,0.833333333333333,2,0.583333333333333,0.25,0.800640769025436,8.33333333333333,6,10,1.60128153805087,9,8,10,1.01015254455221,8.33333333333333,6,10,1.60128153805087,0,1.98371941369913,2.82842712474619,0.542481221091435,2.0879295023722
995,"-2:-1|-1:-1|-1:2|2:-2",4,TRUE,0,2,2,"off_axis",2.17869416052972,2.82842712474619,3,4,2,1.98371941369913,2,8,1,25,0,TRUE,25,33554432,0,1,25,25,0.833333333333333,2,0.583333333333333,0.25,0.800640769025436,8.33333333333333,6,10,1.60128153805087,9,8,10,1.01015254455221,8.33333333333333,6,10,1.60128153805087,0,1.98371941369913,2.82842712474619,0.542481221091435,2.0879295023722
1098,"-1:-2|0:2|1:2|2:1",4,TRUE,1,0,3,"mixed",2.17705098312484,2.23606797749979,2.75,3,2,1.98371941369913,2,8,1,25,0,TRUE,25,33554432,0,1,25,25,0.833333333333333,2,0.583333333333333,0.25,0.800640769025436,8.33333333333333,6,10,1.60128153805087,9,8,10,1.01015254455221,8.33333333333333,6,10,1.60128153805087,0,1.98371941369913,2.82842712474619,0.542481221091435,2.0879295023722
1311,"-1:-1|0:1|1:-2|2:-1",4,TRUE,1,1,2,"mixed",1.72158737934317,2.23606797749979,2.25,3,2,1.98371941369913,2,8,1,25,0,TRUE,25,33554432,0,1,25,25,0.833333333333333,2,0.583333333333333,0.25,0.800640769025436,8.33333333333333,6,10,1.60128153805087,9,8,10,1.01015254455221,8.33333333333333,6,10,1.60128153805087,0,1.98371941369913,2.82842712474619,0.542481221091435,2.0879295023722
1314,"-1:-1|1:-2|1:2|2:-1",4,TRUE,0,1,3,"off_axis",2.03060437371812,2.23606797749979,2.75,3,2,1.98371941369913,2,8,1,25,0,TRUE,25,33554432,0,1,25,25,0.833333333333333,2,0.583333333333333,0.25,0.800640769025436,8.33333333333333,6,10,1.60128153805087,9,8,10,1.01015254455221,8.33333333333333,6,10,1.60128153805087,0,1.98371941369913,2.82842712474619,0.542481221091435,2.0879295023722
1400,"-1:-2|0:2|1:-1|2:-1",4,TRUE,1,1,2,"mixed",1.97158737934317,2.23606797749979,2.5,3,2,1.98371941369913,2,8,1,25,0,TRUE,25,33554432,0,1,25,25,0.833333333333333,2,0.583333333333333,0.25,0.800640769025436,8.33333333333333,6,10,1.60128153805087,9,8,10,1.01015254455221,8.33333333333333,6,10,1.60128153805087,0,1.98371941369913,2.82842712474619,0.542481221091435,2.0879295023722
1447,"-1:-1|1:-2|1:0|2:1",4,TRUE,1,1,2,"mixed",1.72158737934317,2.23606797749979,2.25,3,2,1.98371941369913,2,8,1,25,0,TRUE,25,33554432,0,1,25,25,0.833333333333333,2,0.583333333333333,0.25,0.800640769025436,8.33333333333333,6,10,1.60128153805087,9,8,10,1.01015254455221,8.33333333333333,6,10,1.60128153805087,0,1.98371941369913,2.82842712474619,0.542481221091435,2.0879295023722
1456,"-1:-1|0:1|1:2|2:0",4,TRUE,2,1,1,"mixed",1.66257038496822,2.23606797749979,2,3,2,1.98371941369913,2,8,1,25,0,TRUE,25,33554432,0,1,25,25,0.833333333333333,2,0.583333333333333,0.25,0.800640769025436,8.33333333333333,6,10,1.60128153805087,9,8,10,1.01015254455221,8.33333333333333,6,10,1.60128153805087,0,1.98371941369913,2.82842712474619,0.542481221091435,2.0879295023722
727,"-1:-2|1:-1|1:2|2:-2",4,TRUE,0,2,2,"off_axis",2.17869416052972,2.82842712474619,3,4,2,2.00153397218646,2,8,1,25,0,TRUE,25,33554432,0,1,25,25,0.833333333333333,2,0.666666666666667,0.166666666666667,0.688332449299089,8.33333333333333,6,10,1.37666489859818,10,10,10,0,8.33333333333333,6,10,1.37666489859818,0,2.00153397218646,2.82842712474619,0.464114160026601,2.05838479134542
896,"-1:-1|0:2|1:-1|2:-2",4,TRUE,1,3,0,"mixed",1.9142135623731,2.82842712474619,2.5,4,2,2.00153397218646,2,8,1,25,0,TRUE,25,33554432,0,1,25,25,0.833333333333333,2,0.666666666666667,0.166666666666667,0.688332449299089,8.33333333333333,6,10,1.37666489859818,10,10,10,0,8.33333333333333,6,10,1.37666489859818,0,2.00153397218646,2.82842712474619,0.464114160026601,2.05838479134542
1231,"-1:-2|0:2|1:-2|2:-1",4,TRUE,1,0,3,"mixed",2.17705098312484,2.23606797749979,2.75,3,2,2.00153397218646,2,8,1,25,0,TRUE,25,33554432,0,1,25,25,0.833333333333333,2,0.666666666666667,0.166666666666667,0.688332449299089,8.33333333333333,6,10,1.37666489859818,10,10,10,0,8.33333333333333,6,10,1.37666489859818,0,2.00153397218646,2.82842712474619,0.464114160026601,2.05838479134542
1508,"-1:-1|0:-2|1:1|2:-1",4,TRUE,1,2,1,"mixed",1.76612377556149,2.23606797749979,2.25,3,2,2.00153397218646,2,8,1,25,0,TRUE,25,33554432,0,1,25,25,0.833333333333333,2,0.666666666666667,0.166666666666667,0.688332449299089,8.33333333333333,6,10,1.37666489859818,10,10,10,0,8.33333333333333,6,10,1.37666489859818,0,2.00153397218646,2.82842712474619,0.464114160026601,2.05838479134542
1554,"-1:-1|0:-2|1:2|2:-1",4,TRUE,1,1,2,"mixed",1.97158737934317,2.23606797749979,2.5,3,2,2.00153397218646,2,8,1,25,0,TRUE,25,33554432,0,1,25,25,0.833333333333333,2,0.666666666666667,0.166666666666667,0.688332449299089,8.33333333333333,6,10,1.37666489859818,10,10,10,0,8.33333333333333,6,10,1.37666489859818,0,2.00153397218646,2.82842712474619,0.464114160026601,2.05838479134542
340,"-1:-2|2:0|2:1|2:2",4,TRUE,1,1,2,"mixed",2.32514076993644,2.82842712474619,3,4,2,2.11934853067379,3,8,1,25,0,TRUE,25,33554432,0,1,25,25,0.833333333333333,2,0.583333333333333,0.25,0.800640769025436,8.33333333333333,6,10,1.60128153805087,8,6,10,2.02030508910442,8.33333333333333,6,10,1.60128153805087,0,2.11934853067379,2.82842712474619,0.673598797117914,1.99473475219543
379,"-1:-2|2:-2|2:1|2:2",4,TRUE,0,2,2,"off_axis",2.53224755112299,2.82842712474619,3.5,4,2,2.11934853067379,3,8,1,25,0,TRUE,25,33554432,0,1,25,25,0.833333333333333,2,0.583333333333333,0.25,0.800640769025436,8.33333333333333,6,10,1.60128153805087,8,6,10,2.02030508910442,8.33333333333333,6,10,1.60128153805087,0,2.11934853067379,2.82842712474619,0.673598797117914,1.99473475219543
601,"-1:-2|1:0|2:0|2:2",4,TRUE,2,1,1,"mixed",2.01612377556149,2.82842712474619,2.5,4,2,2.11934853067379,3,8,1,25,0,TRUE,25,33554432,0,1,25,25,0.833333333333333,2,0.583333333333333,0.25,0.800640769025436,8.33333333333333,6,10,1.60128153805087,8,6,10,2.02030508910442,8.33333333333333,6,10,1.60128153805087,0,2.11934853067379,2.82842712474619,0.673598797117914,1.99473475219543
972,"-1:-2|-1:0|1:0|2:2",4,TRUE,2,1,1,"mixed",1.76612377556149,2.82842712474619,2.25,4,2,2.11934853067379,3,8,1,25,0,TRUE,25,33554432,0,1,25,25,0.833333333333333,2,0.583333333333333,0.25,0.800640769025436,8.33333333333333,6,10,1.60128153805087,8,6,10,2.02030508910442,8.33333333333333,6,10,1.60128153805087,0,2.11934853067379,2.82842712474619,0.673598797117914,1.99473475219543
1057,"-2:-2|0:1|0:2|2:0",4,TRUE,3,1,0,"mixed",1.95710678118655,2.82842712474619,2.25,4,2,2.11934853067379,3,8,1,25,0,TRUE,25,33554432,0,1,25,25,0.833333333333333,2,0.583333333333333,0.25,0.800640769025436,8.33333333333333,6,10,1.60128153805087,8,6,10,2.02030508910442,8.33333333333333,6,10,1.60128153805087,0,2.11934853067379,2.82842712474619,0.673598797117914,1.99473475219543
359,"-1:-1|-1:2|1:2|2:2",4,TRUE,0,2,2,"off_axis",2.17869416052972,2.82842712474619,3,4,2,2.13716308916112,3,8,1,25,0,TRUE,25,33554432,0,1,25,25,0.833333333333333,2,0.666666666666667,0.166666666666667,0.688332449299089,8.33333333333333,6,10,1.37666489859818,9,8,10,1.01015254455221,8.33333333333333,6,10,1.37666489859818,0,2.13716308916112,2.82842712474619,0.607850429635522,1.96519004116865
569,"-1:-1|2:-2|2:0|2:2",4,TRUE,1,3,0,"mixed",2.26776695296637,2.82842712474619,3,4,2,2.13716308916112,3,8,1,25,0,TRUE,25,33554432,0,1,25,25,0.833333333333333,2,0.666666666666667,0.166666666666667,0.688332449299089,8.33333333333333,6,10,1.37666489859818,9,8,10,1.01015254455221,8.33333333333333,6,10,1.37666489859818,0,2.13716308916112,2.82842712474619,0.607850429635522,1.96519004116865
628,"-1:0|1:-2|2:0|2:2",4,TRUE,2,1,1,"mixed",2.01612377556149,2.82842712474619,2.5,4,2,2.13716308916112,3,8,1,25,0,TRUE,25,33554432,0,1,25,25,0.833333333333333,2,0.666666666666667,0.166666666666667,0.688332449299089,8.33333333333333,6,10,1.37666489859818,9,8,10,1.01015254455221,8.33333333333333,6,10,1.37666489859818,0,2.13716308916112,2.82842712474619,0.607850429635522,1.96519004116865
696,"-2:-2|-1:0|2:0|2:2",4,TRUE,2,2,0,"mixed",2.16421356237309,2.82842712474619,2.75,4,2,2.13716308916112,3,8,1,25,0,TRUE,25,33554432,0,1,25,25,0.833333333333333,2,0.666666666666667,0.166666666666667,0.688332449299089,8.33333333333333,6,10,1.37666489859818,9,8,10,1.01015254455221,8.33333333333333,6,10,1.37666489859818,0,2.13716308916112,2.82842712474619,0.607850429635522,1.96519004116865
1588,"-2:-1|0:-2|0:2|2:0",4,TRUE,3,0,1,"mixed",2.05901699437495,2.23606797749979,2.25,3,2,2.13716308916112,3,8,1,25,0,TRUE,25,33554432,0,1,25,25,0.833333333333333,2,0.666666666666667,0.166666666666667,0.688332449299089,8.33333333333333,6,10,1.37666489859818,9,8,10,1.01015254455221,8.33333333333333,6,10,1.37666489859818,0,2.13716308916112,2.82842712474619,0.607850429635522,1.96519004116865
759,"-2:-1|-2:2|-1:-1|2:-2",4,TRUE,0,3,1,"off_axis",2.32678394734132,2.82842712474619,3.25,4,2,1.9607698869111,1,8,1,25,0,TRUE,25,33554432,0,1,25,25,0.833333333333333,2,0.583333333333333,0.25,0.800640769025436,8.33333333333333,6,10,1.60128153805087,9,8,10,1.01015254455221,8.33333333333333,6,10,1.60128153805087,0,1.9607698869111,2.82842712474619,0.628385453702687,1.95160932414058
991,"-1:-1|1:-2|1:-1|2:2",4,TRUE,0,3,1,"off_axis",1.97323055674804,2.82842712474619,2.75,4,2,1.9607698869111,1,8,1,25,0,TRUE,25,33554432,0,1,25,25,0.833333333333333,2,0.583333333333333,0.25,0.800640769025436,8.33333333333333,6,10,1.60128153805087,9,8,10,1.01015254455221,8.33333333333333,6,10,1.60128153805087,0,1.9607698869111,2.82842712474619,0.628385453702687,1.95160932414058
1037,"-1:-1|0:-2|1:-2|2:2",4,TRUE,1,2,1,"mixed",2.11967716615477,2.82842712474619,2.75,4,2,1.9607698869111,1,8,1,25,0,TRUE,25,33554432,0,1,25,25,0.833333333333333,2,0.583333333333333,0.25,0.800640769025436,8.33333333333333,6,10,1.60128153805087,9,8,10,1.01015254455221,8.33333333333333,6,10,1.60128153805087,0,1.9607698869111,2.82842712474619,0.628385453702687,1.95160932414058
1302,"-1:-1|0:1|1:2|2:1",4,TRUE,1,1,2,"mixed",1.72158737934317,2.23606797749979,2.25,3,2,1.9607698869111,1,8,1,25,0,TRUE,25,33554432,0,1,25,25,0.833333333333333,2,0.583333333333333,0.25,0.800640769025436,8.33333333333333,6,10,1.60128153805087,9,8,10,1.01015254455221,8.33333333333333,6,10,1.60128153805087,0,1.9607698869111,2.82842712474619,0.628385453702687,1.95160932414058
1482,"-1:-1|0:-2|1:0|2:1",4,TRUE,2,1,1,"mixed",1.66257038496822,2.23606797749979,2,3,2,1.9607698869111,1,8,1,25,0,TRUE,25,33554432,0,1,25,25,0.833333333333333,2,0.583333333333333,0.25,0.800640769025436,8.33333333333333,6,10,1.60128153805087,9,8,10,1.01015254455221,8.33333333333333,6,10,1.60128153805087,0,1.9607698869111,2.82842712474619,0.628385453702687,1.95160932414058
589,"-1:-2|0:2|1:1|2:2",4,TRUE,1,2,1,"mixed",2.11967716615477,2.82842712474619,2.75,4,2,1.97858444539843,1,8,1,25,0,TRUE,25,33554432,0,1,25,25,0.833333333333333,2,0.666666666666667,0.166666666666667,0.688332449299089,8.33333333333333,6,10,1.37666489859818,10,10,10,0,8.33333333333333,6,10,1.37666489859818,0,1.97858444539843,2.82842712474619,0.562932394231188,1.92206461311381
891,"-1:-1|1:-1|1:1|2:-2",4,TRUE,0,4,0,"diagonal_only",1.76776695296637,2.82842712474619,2.5,4,2,1.97858444539843,1,4,2,25,0,TRUE,25,33554432,0,1,25,25,0.833333333333333,2,0.666666666666667,0.166666666666667,0.688332449299089,8.33333333333333,6,10,1.37666489859818,10,10,10,0,8.33333333333333,6,10,1.37666489859818,0,1.97858444539843,2.82842712474619,0.562932394231188,1.92206461311381
904,"-2:-1|1:-1|1:2|2:-2",4,TRUE,0,2,2,"off_axis",2.17869416052972,2.82842712474619,3,4,2,1.97858444539843,1,4,2,25,0,TRUE,25,33554432,0,1,25,25,0.833333333333333,2,0.666666666666667,0.166666666666667,0.688332449299089,8.33333333333333,6,10,1.37666489859818,10,10,10,0,8.33333333333333,6,10,1.37666489859818,0,1.97858444539843,2.82842712474619,0.562932394231188,1.92206461311381
1656,"-1:-1|0:2|1:1|2:0",4,TRUE,2,2,0,"mixed",1.70710678118655,2,2,2,2,1.97858444539843,1,4,2,25,0,TRUE,25,33554432,0,1,25,25,0.833333333333333,2,0.666666666666667,0.166666666666667,0.688332449299089,8.33333333333333,6,10,1.37666489859818,10,10,10,0,8.33333333333333,6,10,1.37666489859818,0,1.97858444539843,2.82842712474619,0.562932394231188,1.92206461311381
620,"-1:-1|-1:2|0:-2|2:-2",4,TRUE,1,2,1,"mixed",2.11967716615477,2.82842712474619,2.75,4,2,1.97792717443648,2,8,1,25,0,TRUE,25,33554432,0,1,25,25,0.833333333333333,2,0.666666666666667,0.166666666666667,0.688332449299089,8.33333333333333,6,10,1.37666489859818,10,10,10,0,8.33333333333333,6,10,1.37666489859818,0,1.97792717443648,2.82842712474619,0.456805444394614,1.9181604239117
711,"-1:-2|0:2|1:-2|2:2",4,TRUE,1,1,2,"mixed",2.32514076993644,2.82842712474619,3,4,2,1.97792717443648,2,8,1,25,0,TRUE,25,33554432,0,1,25,25,0.833333333333333,2,0.666666666666667,0.166666666666667,0.688332449299089,8.33333333333333,6,10,1.37666489859818,10,10,10,0,8.33333333333333,6,10,1.37666489859818,0,1.97792717443648,2.82842712474619,0.456805444394614,1.9181604239117
1591,"-1:-1|-1:1|0:-2|2:-1",4,TRUE,1,2,1,"mixed",1.76612377556149,2.23606797749979,2.25,3,2,1.97792717443648,2,8,1,25,0,TRUE,25,33554432,0,1,25,25,0.833333333333333,2,0.666666666666667,0.166666666666667,0.688332449299089,8.33333333333333,6,10,1.37666489859818,10,10,10,0,8.33333333333333,6,10,1.37666489859818,0,1.97792717443648,2.82842712474619,0.456805444394614,1.9181604239117
1592,"-1:-1|-1:2|0:-2|2:-1",4,TRUE,1,1,2,"mixed",1.97158737934317,2.23606797749979,2.5,3,2,1.97792717443648,2,8,1,25,0,TRUE,25,33554432,0,1,25,25,0.833333333333333,2,0.666666666666667,0.166666666666667,0.688332449299089,8.33333333333333,6,10,1.37666489859818,10,10,10,0,8.33333333333333,6,10,1.37666489859818,0,1.97792717443648,2.82842712474619,0.456805444394614,1.9181604239117
1668,"-1:-1|-1:1|0:-2|2:0",4,TRUE,2,2,0,"mixed",1.70710678118655,2,2,2,2,1.97792717443648,2,8,1,25,0,TRUE,25,33554432,0,1,25,25,0.833333333333333,2,0.666666666666667,0.166666666666667,0.688332449299089,8.33333333333333,6,10,1.37666489859818,10,10,10,0,8.33333333333333,6,10,1.37666489859818,0,1.97792717443648,2.82842712474619,0.456805444394614,1.9181604239117
335,"-2:-2|-1:-2|0:-2|2:0",4,TRUE,2,1,1,"mixed",2.26612377556149,2.82842712474619,2.75,4,2,2.09574173292382,3,8,1,25,0,TRUE,25,33554432,0,1,25,25,0.833333333333333,2,0.583333333333333,0.25,0.800640769025436,8.33333333333333,6,10,1.60128153805087,8,6,10,2.02030508910442,8.33333333333333,6,10,1.60128153805087,0,2.09574173292382,2.82842712474619,0.673190239647906,1.8545103847617
354,"-1:-2|-1:0|1:-2|2:-2",4,TRUE,1,1,2,"mixed",2.07514076993644,2.82842712474619,2.75,4,2,2.09574173292382,3,8,1,25,0,TRUE,25,33554432,0,1,25,25,0.833333333333333,2,0.583333333333333,0.25,0.800640769025436,8.33333333333333,6,10,1.60128153805087,8,6,10,2.02030508910442,8.33333333333333,6,10,1.60128153805087,0,2.09574173292382,2.82842712474619,0.673190239647906,1.8545103847617
374,"-2:-2|-1:-2|2:-2|2:0",4,TRUE,1,2,1,"mixed",2.47323055674804,2.82842712474619,3.25,4,2,2.09574173292382,3,8,1,25,0,TRUE,25,33554432,0,1,25,25,0.833333333333333,2,0.583333333333333,0.25,0.800640769025436,8.33333333333333,6,10,1.60128153805087,8,6,10,2.02030508910442,8.33333333333333,6,10,1.60128153805087,0,2.09574173292382,2.82842712474619,0.673190239647906,1.8545103847617
457,"-1:0|1:-2|2:-2|2:0",4,TRUE,2,1,1,"mixed",2.01612377556149,2.82842712474619,2.5,4,2,2.09574173292382,3,8,1,25,0,TRUE,25,33554432,0,1,25,25,0.833333333333333,2,0.583333333333333,0.25,0.800640769025436,8.33333333333333,6,10,1.60128153805087,8,6,10,2.02030508910442,8.33333333333333,6,10,1.60128153805087,0,2.09574173292382,2.82842712474619,0.673190239647906,1.8545103847617
567,"-2:-2|-1:0|0:-2|2:-2",4,TRUE,2,2,0,"mixed",2.16421356237309,2.82842712474619,2.75,4,2,2.09574173292382,3,8,1,25,0,TRUE,25,33554432,0,1,25,25,0.833333333333333,2,0.583333333333333,0.25,0.800640769025436,8.33333333333333,6,10,1.60128153805087,8,6,10,2.02030508910442,8.33333333333333,6,10,1.60128153805087,0,2.09574173292382,2.82842712474619,0.673190239647906,1.8545103847617
597,"-1:-2|1:0|2:-2|2:0",4,TRUE,2,1,1,"mixed",2.01612377556149,2.82842712474619,2.5,4,2,2.09574173292382,3,8,1,25,0,TRUE,25,33554432,0,1,25,25,0.833333333333333,2,0.583333333333333,0.25,0.800640769025436,8.33333333333333,6,10,1.60128153805087,8,6,10,2.02030508910442,8.33333333333333,6,10,1.60128153805087,0,2.09574173292382,2.82842712474619,0.673190239647906,1.8545103847617
653,"-2:-2|-2:0|0:1|0:2",4,TRUE,3,1,0,"mixed",1.95710678118655,2.82842712474619,2.25,4,2,2.09574173292382,3,8,1,25,0,TRUE,25,33554432,0,1,25,25,0.833333333333333,2,0.583333333333333,0.25,0.800640769025436,8.33333333333333,6,10,1.60128153805087,8,6,10,2.02030508910442,8.33333333333333,6,10,1.60128153805087,0,2.09574173292382,2.82842712474619,0.673190239647906,1.8545103847617
692,"-2:-2|-1:0|2:-2|2:0",4,TRUE,2,2,0,"mixed",2.16421356237309,2.82842712474619,2.75,4,2,2.09574173292382,3,8,1,25,0,TRUE,25,33554432,0,1,25,25,0.833333333333333,2,0.583333333333333,0.25,0.800640769025436,8.33333333333333,6,10,1.60128153805087,8,6,10,2.02030508910442,8.33333333333333,6,10,1.60128153805087,0,2.09574173292382,2.82842712474619,0.673190239647906,1.8545103847617
773,"-1:-2|-1:0|1:0|2:-2",4,TRUE,2,1,1,"mixed",1.76612377556149,2.82842712474619,2.25,4,2,2.09574173292382,3,8,1,25,0,TRUE,25,33554432,0,1,25,25,0.833333333333333,2,0.583333333333333,0.25,0.800640769025436,8.33333333333333,6,10,1.60128153805087,8,6,10,2.02030508910442,8.33333333333333,6,10,1.60128153805087,0,2.09574173292382,2.82842712474619,0.673190239647906,1.8545103847617
1155,"-2:-1|-2:0|0:-2|0:2",4,TRUE,3,0,1,"mixed",2.05901699437495,2.23606797749979,2.25,3,2,2.09574173292382,3,8,1,25,0,TRUE,25,33554432,0,1,25,25,0.833333333333333,2,0.583333333333333,0.25,0.800640769025436,8.33333333333333,6,10,1.60128153805087,8,6,10,2.02030508910442,8.33333333333333,6,10,1.60128153805087,0,2.09574173292382,2.82842712474619,0.673190239647906,1.8545103847617
463,"-1:-2|0:2|2:1|2:2",4,TRUE,1,1,2,"mixed",2.32514076993644,2.82842712474619,3,4,2,2.10153397218646,3,8,1,25,0,TRUE,25,33554432,0,1,25,25,0.833333333333333,2,0.666666666666667,0.166666666666667,0.688332449299089,8.33333333333333,6,10,1.37666489859818,9,8,10,1.01015254455221,8.33333333333333,6,10,1.37666489859818,0,2.10153397218646,2.82842712474619,0.561303011598098,1.75355310324476
512,"-1:-1|-1:2|2:-2|2:-1",4,TRUE,0,2,2,"off_axis",2.17869416052972,2.82842712474619,3,4,2,2.10153397218646,3,8,1,25,0,TRUE,25,33554432,0,1,25,25,0.833333333333333,2,0.666666666666667,0.166666666666667,0.688332449299089,8.33333333333333,6,10,1.37666489859818,9,8,10,1.01015254455221,8.33333333333333,6,10,1.37666489859818,0,2.10153397218646,2.82842712474619,0.561303011598098,1.75355310324476
651,"-1:-2|0:2|1:0|2:2",4,TRUE,2,1,1,"mixed",2.01612377556149,2.82842712474619,2.5,4,2,2.10153397218646,3,8,1,25,0,TRUE,25,33554432,0,1,25,25,0.833333333333333,2,0.666666666666667,0.166666666666667,0.688332449299089,8.33333333333333,6,10,1.37666489859818,9,8,10,1.01015254455221,8.33333333333333,6,10,1.37666489859818,0,2.10153397218646,2.82842712474619,0.561303011598098,1.75355310324476
939,"-1:-2|1:-2|1:0|2:2",4,TRUE,1,1,2,"mixed",2.07514076993644,2.82842712474619,2.75,4,2,2.10153397218646,3,8,1,25,0,TRUE,25,33554432,0,1,25,25,0.833333333333333,2,0.666666666666667,0.166666666666667,0.688332449299089,8.33333333333333,6,10,1.37666489859818,9,8,10,1.01015254455221,8.33333333333333,6,10,1.37666489859818,0,2.10153397218646,2.82842712474619,0.561303011598098,1.75355310324476
1158,"-1:-1|0:2|1:2|2:0",4,TRUE,2,1,1,"mixed",1.91257038496822,2.23606797749979,2.25,3,2,2.10153397218646,3,8,1,25,0,TRUE,25,33554432,0,1,25,25,0.833333333333333,2,0.666666666666667,0.166666666666667,0.688332449299089,8.33333333333333,6,10,1.37666489859818,9,8,10,1.01015254455221,8.33333333333333,6,10,1.37666489859818,0,2.10153397218646,2.82842712474619,0.561303011598098,1.75355310324476
616,"-1:-2|1:-1|2:0|2:2",4,TRUE,1,2,1,"mixed",2.11967716615477,2.82842712474619,2.75,4,2,2.14295532842377,3,8,1,25,0,TRUE,25,33554432,0,1,25,25,0.833333333333333,2,0.75,0.0833333333333333,0.553694392684741,8.33333333333333,6,10,1.10738878536948,10,10,10,0,8.33333333333333,6,10,1.10738878536948,0,2.14295532842377,2.82842712474619,0.480442458550402,1.65860865012799
704,"-2:-1|-1:2|2:-2|2:0",4,TRUE,1,1,2,"mixed",2.32514076993644,2.82842712474619,3,4,2,2.14295532842377,3,8,1,25,0,TRUE,25,33554432,0,1,25,25,0.833333333333333,2,0.75,0.0833333333333333,0.553694392684741,8.33333333333333,6,10,1.10738878536948,10,10,10,0,8.33333333333333,6,10,1.10738878536948,0,2.14295532842377,2.82842712474619,0.480442458550402,1.65860865012799
763,"-1:-2|1:2|2:-2|2:1",4,TRUE,0,1,3,"off_axis",2.38415776431139,2.82842712474619,3.25,4,2,2.14295532842377,3,8,1,25,0,TRUE,25,33554432,0,1,25,25,0.833333333333333,2,0.75,0.0833333333333333,0.553694392684741,8.33333333333333,6,10,1.10738878536948,10,10,10,0,8.33333333333333,6,10,1.10738878536948,0,2.14295532842377,2.82842712474619,0.480442458550402,1.65860865012799
1009,"-2:-2|-1:1|0:2|2:0",4,TRUE,2,2,0,"mixed",2.06066017177982,2.82842712474619,2.5,4,2,2.14295532842377,3,8,1,25,0,TRUE,25,33554432,0,1,25,25,0.833333333333333,2,0.75,0.0833333333333333,0.553694392684741,8.33333333333333,6,10,1.10738878536948,10,10,10,0,8.33333333333333,6,10,1.10738878536948,0,2.14295532842377,2.82842712474619,0.480442458550402,1.65860865012799
1540,"-1:-1|-1:1|1:-2|2:1",4,TRUE,0,2,2,"off_axis",1.82514076993644,2.23606797749979,2.5,3,2,2.14295532842377,3,8,1,25,0,TRUE,25,33554432,0,1,25,25,0.833333333333333,2,0.75,0.0833333333333333,0.553694392684741,8.33333333333333,6,10,1.10738878536948,10,10,10,0,8.33333333333333,6,10,1.10738878536948,0,2.14295532842377,2.82842712474619,0.480442458550402,1.65860865012799
526,"-1:-1|1:2|2:-2|2:2",4,TRUE,0,3,1,"off_axis",2.32678394734132,2.82842712474619,3.25,4,2,2.06142715787305,2,8,1,25,0,TRUE,25,33554432,0,1,25,25,0.833333333333333,2,0.583333333333333,0.25,0.800640769025436,8.33333333333333,6,10,1.60128153805087,8,8,8,0,8.33333333333333,6,10,1.60128153805087,0,2.06142715787305,2.82842712474619,0.782104051605118,1.65068182524203
843,"-1:0|1:-1|2:-2|2:2",4,TRUE,1,3,0,"mixed",2.01776695296637,2.82842712474619,2.75,4,2,2.06142715787305,1,8,1,25,0,TRUE,25,33554432,0,1,25,25,0.833333333333333,2,0.583333333333333,0.25,0.800640769025436,8.33333333333333,6,10,1.60128153805087,8,8,8,0,8.33333333333333,6,10,1.60128153805087,0,2.06142715787305,2.82842712474619,0.782104051605118,1.65068182524203
870,"-2:-1|-1:0|2:-2|2:2",4,TRUE,1,2,1,"mixed",2.22323055674804,2.82842712474619,3,4,2,2.06142715787305,1,8,1,25,0,TRUE,25,33554432,0,1,25,25,0.833333333333333,2,0.583333333333333,0.25,0.800640769025436,8.33333333333333,6,10,1.60128153805087,8,8,8,0,8.33333333333333,6,10,1.60128153805087,0,2.06142715787305,2.82842712474619,0.782104051605118,1.65068182524203
956,"-2:-2|-1:0|0:1|2:2",4,TRUE,2,2,0,"mixed",1.9142135623731,2.82842712474619,2.5,4,2,2.06142715787305,2,4,2,25,0,TRUE,25,33554432,0,1,25,25,0.833333333333333,2,0.583333333333333,0.25,0.800640769025436,8.33333333333333,6,10,1.60128153805087,8,8,8,0,8.33333333333333,6,10,1.60128153805087,0,2.06142715787305,2.82842712474619,0.782104051605118,1.65068182524203
1001,"-1:-1|-1:0|1:2|2:-2",4,TRUE,1,2,1,"mixed",1.86967716615477,2.82842712474619,2.5,4,2,2.06142715787305,2,8,1,25,0,TRUE,25,33554432,0,1,25,25,0.833333333333333,2,0.583333333333333,0.25,0.800640769025436,8.33333333333333,6,10,1.60128153805087,8,8,8,0,8.33333333333333,6,10,1.60128153805087,0,2.06142715787305,2.82842712474619,0.782104051605118,1.65068182524203
1423,"-1:-2|-1:-1|1:1|2:1",4,TRUE,0,2,2,"off_axis",1.82514076993644,2.23606797749979,2.5,3,2,2.06142715787305,1,4,2,25,0,TRUE,25,33554432,0,1,25,25,0.833333333333333,2,0.583333333333333,0.25,0.800640769025436,8.33333333333333,6,10,1.60128153805087,8,8,8,0,8.33333333333333,6,10,1.60128153805087,0,2.06142715787305,2.82842712474619,0.782104051605118,1.65068182524203
474,"-1:-1|0:1|2:1|2:2",4,TRUE,1,2,1,"mixed",1.86967716615477,2.82842712474619,2.5,4,2,2.0607698869111,2,8,1,25,0,TRUE,25,33554432,0,1,25,25,0.833333333333333,2,0.583333333333333,0.25,0.800640769025436,8.33333333333333,6,10,1.60128153805087,8,6,10,2.02030508910442,8.33333333333333,6,10,1.60128153805087,0,2.0607698869111,2.82842712474619,0.709637993158325,1.64677763603992
480,"-2:-2|-1:-2|-1:0|2:2",4,TRUE,1,2,1,"mixed",2.22323055674804,2.82842712474619,3,4,2,2.0607698869111,2,8,1,25,0,TRUE,25,33554432,0,1,25,25,0.833333333333333,2,0.583333333333333,0.25,0.800640769025436,8.33333333333333,6,10,1.60128153805087,8,6,10,2.02030508910442,8.33333333333333,6,10,1.60128153805087,0,2.0607698869111,2.82842712474619,0.709637993158325,1.64677763603992
755,"-1:-2|-1:-1|2:-2|2:2",4,TRUE,0,3,1,"off_axis",2.32678394734132,2.82842712474619,3.25,4,2,2.0607698869111,2,8,1,25,0,TRUE,25,33554432,0,1,25,25,0.833333333333333,2,0.583333333333333,0.25,0.800640769025436,8.33333333333333,6,10,1.60128153805087,8,6,10,2.02030508910442,8.33333333333333,6,10,1.60128153805087,0,2.0607698869111,2.82842712474619,0.709637993158325,1.64677763603992
1036,"-1:0|0:-2|1:-2|2:2",4,TRUE,2,1,1,"mixed",2.01612377556149,2.82842712474619,2.5,4,2,2.0607698869111,2,8,1,25,0,TRUE,25,33554432,0,1,25,25,0.833333333333333,2,0.583333333333333,0.25,0.800640769025436,8.33333333333333,6,10,1.60128153805087,8,6,10,2.02030508910442,8.33333333333333,6,10,1.60128153805087,0,2.0607698869111,2.82842712474619,0.709637993158325,1.64677763603992
1178,"-1:-2|0:-1|2:0|2:1",4,TRUE,2,0,2,"mixed",1.86803398874989,2.23606797749979,2.25,3,2,2.0607698869111,2,8,1,25,0,TRUE,25,33554432,0,1,25,25,0.833333333333333,2,0.583333333333333,0.25,0.800640769025436,8.33333333333333,6,10,1.60128153805087,8,6,10,2.02030508910442,8.33333333333333,6,10,1.60128153805087,0,2.0607698869111,2.82842712474619,0.709637993158325,1.64677763603992
358,"-1:-2|0:1|1:-2|2:-2",4,TRUE,1,1,2,"mixed",2.07514076993644,2.82842712474619,2.75,4,2,2.06011261594915,3,8,1,25,0,TRUE,25,33554432,0,1,25,25,0.833333333333333,2,0.583333333333333,0.25,0.800640769025436,8.33333333333333,6,10,1.60128153805087,8,8,8,0,8.33333333333333,6,10,1.60128153805087,0,2.06011261594915,2.82842712474619,0.628875548196174,1.6428734468378
855,"-2:-2|-2:2|-1:0|2:0",4,TRUE,2,2,0,"mixed",2.16421356237309,2.82842712474619,2.75,4,2,2.06011261594915,3,4,2,25,0,TRUE,25,33554432,0,1,25,25,0.833333333333333,2,0.583333333333333,0.25,0.800640769025436,8.33333333333333,6,10,1.60128153805087,8,8,8,0,8.33333333333333,6,10,1.60128153805087,0,2.06011261594915,2.82842712474619,0.628875548196174,1.6428734468378
1581,"-1:0|1:-2|1:2|2:0",4,TRUE,2,0,2,"mixed",1.86803398874989,2.23606797749979,2.25,3,2,2.06011261594915,3,4,2,25,0,TRUE,25,33554432,0,1,25,25,0.833333333333333,2,0.583333333333333,0.25,0.800640769025436,8.33333333333333,6,10,1.60128153805087,8,8,8,0,8.33333333333333,6,10,1.60128153805087,0,2.06011261594915,2.82842712474619,0.628875548196174,1.6428734468378
1587,"-2:-1|0:-2|0:2|2:-1",4,TRUE,2,0,2,"mixed",2.11803398874989,2.23606797749979,2.5,3,2,2.06011261594915,3,4,2,25,0,TRUE,25,33554432,0,1,25,25,0.833333333333333,2,0.583333333333333,0.25,0.800640769025436,8.33333333333333,6,10,1.60128153805087,8,8,8,0,8.33333333333333,6,10,1.60128153805087,0,2.06011261594915,2.82842712474619,0.628875548196174,1.6428734468378
466,"-2:-2|-2:-1|0:-2|2:0",4,TRUE,2,1,1,"mixed",2.26612377556149,2.82842712474619,2.75,4,2,2.07792717443648,3,8,1,25,0,TRUE,25,33554432,0,1,25,25,0.833333333333333,2,0.666666666666667,0.166666666666667,0.688332449299089,8.33333333333333,6,10,1.37666489859818,9,8,10,1.01015254455221,8.33333333333333,6,10,1.37666489859818,0,2.07792717443648,2.82842712474619,0.559978826721162,1.61332873581103
625,"-2:-1|-2:0|0:-2|2:-2",4,TRUE,2,1,1,"mixed",2.26612377556149,2.82842712474619,2.75,4,2,2.07792717443648,3,8,1,25,0,TRUE,25,33554432,0,1,25,25,0.833333333333333,2,0.666666666666667,0.166666666666667,0.688332449299089,8.33333333333333,6,10,1.37666489859818,9,8,10,1.01015254455221,8.33333333333333,6,10,1.37666489859818,0,2.07792717443648,2.82842712474619,0.559978826721162,1.61332873581103
643,"-1:-2|0:-1|2:-2|2:0",4,TRUE,2,1,1,"mixed",2.01612377556149,2.82842712474619,2.5,4,2,2.07792717443648,3,8,1,25,0,TRUE,25,33554432,0,1,25,25,0.833333333333333,2,0.666666666666667,0.166666666666667,0.688332449299089,8.33333333333333,6,10,1.37666489859818,9,8,10,1.01015254455221,8.33333333333333,6,10,1.37666489859818,0,2.07792717443648,2.82842712474619,0.559978826721162,1.61332873581103
662,"-1:-2|-1:0|0:2|2:2",4,TRUE,2,1,1,"mixed",2.01612377556149,2.82842712474619,2.5,4,2,2.07792717443648,3,8,1,25,0,TRUE,25,33554432,0,1,25,25,0.833333333333333,2,0.666666666666667,0.166666666666667,0.688332449299089,8.33333333333333,6,10,1.37666489859818,9,8,10,1.01015254455221,8.33333333333333,6,10,1.37666489859818,0,2.07792717443648,2.82842712474619,0.559978826721162,1.61332873581103
674,"-1:-2|-1:-1|2:-2|2:0",4,TRUE,1,2,1,"mixed",2.11967716615477,2.82842712474619,2.75,4,2,2.07792717443648,3,8,1,25,0,TRUE,25,33554432,0,1,25,25,0.833333333333333,2,0.666666666666667,0.166666666666667,0.688332449299089,8.33333333333333,6,10,1.37666489859818,9,8,10,1.01015254455221,8.33333333333333,6,10,1.37666489859818,0,2.07792717443648,2.82842712474619,0.559978826721162,1.61332873581103
708,"-1:-2|0:2|2:-2|2:2",4,TRUE,1,2,1,"mixed",2.47323055674804,2.82842712474619,3.25,4,2,2.07792717443648,3,8,1,25,0,TRUE,25,33554432,0,1,25,25,0.833333333333333,2,0.666666666666667,0.166666666666667,0.688332449299089,8.33333333333333,6,10,1.37666489859818,9,8,10,1.01015254455221,8.33333333333333,6,10,1.37666489859818,0,2.07792717443648,2.82842712474619,0.559978826721162,1.61332873581103
792,"-1:-2|-1:0|0:2|2:-2",4,TRUE,2,1,1,"mixed",2.01612377556149,2.82842712474619,2.5,4,2,2.07792717443648,3,8,1,25,0,TRUE,25,33554432,0,1,25,25,0.833333333333333,2,0.666666666666667,0.166666666666667,0.688332449299089,8.33333333333333,6,10,1.37666489859818,9,8,10,1.01015254455221,8.33333333333333,6,10,1.37666489859818,0,2.07792717443648,2.82842712474619,0.559978826721162,1.61332873581103
1183,"-1:-1|-1:2|0:2|2:0",4,TRUE,2,1,1,"mixed",1.91257038496822,2.23606797749979,2.25,3,2,2.07792717443648,3,8,1,25,0,TRUE,25,33554432,0,1,25,25,0.833333333333333,2,0.666666666666667,0.166666666666667,0.688332449299089,8.33333333333333,6,10,1.37666489859818,9,8,10,1.01015254455221,8.33333333333333,6,10,1.37666489859818,0,2.07792717443648,2.82842712474619,0.559978826721162,1.61332873581103
1199,"-1:-1|-1:2|0:2|2:-1",4,TRUE,1,1,2,"mixed",1.97158737934317,2.23606797749979,2.5,3,2,2.07792717443648,3,8,1,25,0,TRUE,25,33554432,0,1,25,25,0.833333333333333,2,0.666666666666667,0.166666666666667,0.688332449299089,8.33333333333333,6,10,1.37666489859818,9,8,10,1.01015254455221,8.33333333333333,6,10,1.37666489859818,0,2.07792717443648,2.82842712474619,0.559978826721162,1.61332873581103
1268,"-1:-1|-1:2|1:0|1:2",4,TRUE,1,1,2,"mixed",1.72158737934317,2.23606797749979,2.25,3,2,2.07792717443648,3,8,1,25,0,TRUE,25,33554432,0,1,25,25,0.833333333333333,2,0.666666666666667,0.166666666666667,0.688332449299089,8.33333333333333,6,10,1.37666489859818,9,8,10,1.01015254455221,8.33333333333333,6,10,1.37666489859818,0,2.07792717443648,2.82842712474619,0.559978826721162,1.61332873581103
516,"-1:-2|1:-1|1:2|2:2",4,TRUE,0,2,2,"off_axis",2.17869416052972,2.82842712474619,3,4,2,2.0659048552118,3,8,1,25,0,TRUE,25,33554432,0,1,25,25,0.833333333333333,2,0.666666666666667,0.166666666666667,0.688332449299089,8.33333333333333,6,10,1.37666489859818,9,8,10,1.01015254455221,8.33333333333333,6,10,1.37666489859818,0,2.0659048552118,2.82842712474619,0.507758832969072,1.54191616532087
754,"-1:-2|1:-1|2:-1|2:2",4,TRUE,0,2,2,"off_axis",2.17869416052972,2.82842712474619,3,4,2,2.0659048552118,3,8,1,25,0,TRUE,25,33554432,0,1,25,25,0.833333333333333,2,0.666666666666667,0.166666666666667,0.688332449299089,8.33333333333333,6,10,1.37666489859818,9,8,10,1.01015254455221,8.33333333333333,6,10,1.37666489859818,0,2.0659048552118,2.82842712474619,0.507758832969072,1.54191616532087
942,"-2:-1|-1:2|0:-1|2:-2",4,TRUE,1,1,2,"mixed",2.07514076993644,2.82842712474619,2.75,4,2,2.0659048552118,3,8,1,25,0,TRUE,25,33554432,0,1,25,25,0.833333333333333,2,0.666666666666667,0.166666666666667,0.688332449299089,8.33333333333333,6,10,1.37666489859818,9,8,10,1.01015254455221,8.33333333333333,6,10,1.37666489859818,0,2.0659048552118,2.82842712474619,0.507758832969072,1.54191616532087
1041,"-2:-1|-2:0|-1:2|2:-2",4,TRUE,1,1,2,"mixed",2.32514076993644,2.82842712474619,3,4,2,2.0659048552118,3,8,1,25,0,TRUE,25,33554432,0,1,25,25,0.833333333333333,2,0.666666666666667,0.166666666666667,0.688332449299089,8.33333333333333,6,10,1.37666489859818,9,8,10,1.01015254455221,8.33333333333333,6,10,1.37666489859818,0,2.0659048552118,2.82842712474619,0.507758832969072,1.54191616532087
1148,"-1:-1|1:-2|2:0|2:1",4,TRUE,1,1,2,"mixed",1.97158737934317,2.23606797749979,2.5,3,2,2.0659048552118,3,8,1,25,0,TRUE,25,33554432,0,1,25,25,0.833333333333333,2,0.666666666666667,0.166666666666667,0.688332449299089,8.33333333333333,6,10,1.37666489859818,9,8,10,1.01015254455221,8.33333333333333,6,10,1.37666489859818,0,2.0659048552118,2.82842712474619,0.507758832969072,1.54191616532087
1232,"-1:-2|-1:2|1:-2|2:-1",4,TRUE,0,0,4,"off_axis",2.23606797749979,2.23606797749979,3,3,2,2.0659048552118,3,8,1,25,0,TRUE,25,33554432,0,1,25,25,0.833333333333333,2,0.666666666666667,0.166666666666667,0.688332449299089,8.33333333333333,6,10,1.37666489859818,9,8,10,1.01015254455221,8.33333333333333,6,10,1.37666489859818,0,2.0659048552118,2.82842712474619,0.507758832969072,1.54191616532087
1277,"-1:-2|1:-2|1:2|2:1",4,TRUE,0,0,4,"off_axis",2.23606797749979,2.23606797749979,3,3,2,2.0659048552118,3,8,1,25,0,TRUE,25,33554432,0,1,25,25,0.833333333333333,2,0.666666666666667,0.166666666666667,0.688332449299089,8.33333333333333,6,10,1.37666489859818,9,8,10,1.01015254455221,8.33333333333333,6,10,1.37666489859818,0,2.0659048552118,2.82842712474619,0.507758832969072,1.54191616532087
1485,"-1:-2|0:-1|1:2|2:0",4,TRUE,2,0,2,"mixed",1.86803398874989,2.23606797749979,2.25,3,2,2.0659048552118,3,8,1,25,0,TRUE,25,33554432,0,1,25,25,0.833333333333333,2,0.666666666666667,0.166666666666667,0.688332449299089,8.33333333333333,6,10,1.37666489859818,9,8,10,1.01015254455221,8.33333333333333,6,10,1.37666489859818,0,2.0659048552118,2.82842712474619,0.507758832969072,1.54191616532087
1539,"-1:-1|0:1|1:-2|2:1",4,TRUE,1,1,2,"mixed",1.72158737934317,2.23606797749979,2.25,3,2,2.0659048552118,3,8,1,25,0,TRUE,25,33554432,0,1,25,25,0.833333333333333,2,0.666666666666667,0.166666666666667,0.688332449299089,8.33333333333333,6,10,1.37666489859818,9,8,10,1.01015254455221,8.33333333333333,6,10,1.37666489859818,0,2.0659048552118,2.82842712474619,0.507758832969072,1.54191616532087
1555,"-1:0|0:-2|1:2|2:-1",4,TRUE,2,0,2,"mixed",1.86803398874989,2.23606797749979,2.25,3,2,2.0659048552118,3,8,1,25,0,TRUE,25,33554432,0,1,25,25,0.833333333333333,2,0.666666666666667,0.166666666666667,0.688332449299089,8.33333333333333,6,10,1.37666489859818,9,8,10,1.01015254455221,8.33333333333333,6,10,1.37666489859818,0,2.0659048552118,2.82842712474619,0.507758832969072,1.54191616532087
353,"-1:-2|1:-2|1:0|2:-2",4,TRUE,1,1,2,"mixed",2.07514076993644,2.82842712474619,2.75,4,2,2.03650581819918,3,8,1,25,0,TRUE,25,33554432,0,1,25,25,0.833333333333333,2,0.583333333333333,0.25,0.800640769025436,8.33333333333333,6,10,1.60128153805087,8,6,10,2.02030508910442,8.33333333333333,6,10,1.60128153805087,0,2.03650581819918,2.82842712474619,0.625960641681523,1.50264907940408
371,"-2:-2|-2:-1|-2:2|0:-2",4,TRUE,1,2,1,"mixed",2.47323055674804,2.82842712474619,3.25,4,2,2.03650581819918,3,8,1,25,0,TRUE,25,33554432,0,1,25,25,0.833333333333333,2,0.583333333333333,0.25,0.800640769025436,8.33333333333333,6,10,1.60128153805087,8,6,10,2.02030508910442,8.33333333333333,6,10,1.60128153805087,0,2.03650581819918,2.82842712474619,0.625960641681523,1.50264907940408
458,"-2:-2|-2:-1|0:-2|0:2",4,TRUE,2,1,1,"mixed",2.26612377556149,2.82842712474619,2.75,4,2,2.03650581819918,3,8,1,25,0,TRUE,25,33554432,0,1,25,25,0.833333333333333,2,0.583333333333333,0.25,0.800640769025436,8.33333333333333,6,10,1.60128153805087,8,6,10,2.02030508910442,8.33333333333333,6,10,1.60128153805087,0,2.03650581819918,2.82842712474619,0.625960641681523,1.50264907940408
470,"-2:-2|-1:-2|-1:0|2:0",4,TRUE,2,1,1,"mixed",2.01612377556149,2.82842712474619,2.5,4,2,2.03650581819918,3,8,1,25,0,TRUE,25,33554432,0,1,25,25,0.833333333333333,2,0.583333333333333,0.25,0.800640769025436,8.33333333333333,6,10,1.60128153805087,8,6,10,2.02030508910442,8.33333333333333,6,10,1.60128153805087,0,2.03650581819918,2.82842712474619,0.625960641681523,1.50264907940408
551,"-1:-2|0:-2|1:0|2:-2",4,TRUE,2,1,1,"mixed",2.01612377556149,2.82842712474619,2.5,4,2,2.03650581819918,3,8,1,25,0,TRUE,25,33554432,0,1,25,25,0.833333333333333,2,0.583333333333333,0.25,0.800640769025436,8.33333333333333,6,10,1.60128153805087,8,6,10,2.02030508910442,8.33333333333333,6,10,1.60128153805087,0,2.03650581819918,2.82842712474619,0.625960641681523,1.50264907940408
641,"-1:0|0:-2|1:0|2:-2",4,TRUE,3,1,0,"mixed",1.70710678118655,2.82842712474619,2,4,2,2.03650581819918,3,8,1,25,0,TRUE,25,33554432,0,1,25,25,0.833333333333333,2,0.583333333333333,0.25,0.800640769025436,8.33333333333333,6,10,1.60128153805087,8,6,10,2.02030508910442,8.33333333333333,6,10,1.60128153805087,0,2.03650581819918,2.82842712474619,0.625960641681523,1.50264907940408
784,"-2:-1|-2:2|0:-2|0:-1",4,TRUE,2,1,1,"mixed",2.01612377556149,2.82842712474619,2.5,4,2,2.03650581819918,3,8,1,25,0,TRUE,25,33554432,0,1,25,25,0.833333333333333,2,0.583333333333333,0.25,0.800640769025436,8.33333333333333,6,10,1.60128153805087,8,6,10,2.02030508910442,8.33333333333333,6,10,1.60128153805087,0,2.03650581819918,2.82842712474619,0.625960641681523,1.50264907940408
1076,"-1:-2|0:-2|1:-2|2:0",4,TRUE,2,0,2,"mixed",2.11803398874989,2.23606797749979,2.5,3,2,2.03650581819918,3,8,1,25,0,TRUE,25,33554432,0,1,25,25,0.833333333333333,2,0.583333333333333,0.25,0.800640769025436,8.33333333333333,6,10,1.60128153805087,8,6,10,2.02030508910442,8.33333333333333,6,10,1.60128153805087,0,2.03650581819918,2.82842712474619,0.625960641681523,1.50264907940408
1154,"-1:0|0:-2|1:-2|2:0",4,TRUE,3,0,1,"mixed",1.80901699437495,2.23606797749979,2,3,2,2.03650581819918,3,8,1,25,0,TRUE,25,33554432,0,1,25,25,0.833333333333333,2,0.583333333333333,0.25,0.800640769025436,8.33333333333333,6,10,1.60128153805087,8,6,10,2.02030508910442,8.33333333333333,6,10,1.60128153805087,0,2.03650581819918,2.82842712474619,0.625960641681523,1.50264907940408
1254,"-1:-2|1:-2|1:0|2:0",4,TRUE,2,0,2,"mixed",1.86803398874989,2.23606797749979,2.25,3,2,2.03650581819918,3,8,1,25,0,TRUE,25,33554432,0,1,25,25,0.833333333333333,2,0.583333333333333,0.25,0.800640769025436,8.33333333333333,6,10,1.60128153805087,8,6,10,2.02030508910442,8.33333333333333,6,10,1.60128153805087,0,2.03650581819918,2.82842712474619,0.625960641681523,1.50264907940408
716,"-1:-2|-1:-1|1:-1|2:-2",4,TRUE,0,3,1,"off_axis",1.97323055674804,2.82842712474619,2.75,4,2,1.87792717443648,1,8,1,25,0,TRUE,25,33554432,0,1,25,25,0.833333333333333,2,0.583333333333333,0.25,0.800640769025436,8.33333333333333,6,10,1.60128153805087,9,8,10,1.01015254455221,8.33333333333333,6,10,1.60128153805087,0,1.87792717443648,2.82842712474619,0.551149835962157,1.45952365134923
900,"-2:-1|-2:0|1:-1|2:-2",4,TRUE,1,2,1,"mixed",2.11967716615477,2.82842712474619,2.75,4,2,1.87792717443648,1,8,1,25,0,TRUE,25,33554432,0,1,25,25,0.833333333333333,2,0.583333333333333,0.25,0.800640769025436,8.33333333333333,6,10,1.60128153805087,9,8,10,1.01015254455221,8.33333333333333,6,10,1.60128153805087,0,1.87792717443648,2.82842712474619,0.551149835962157,1.45952365134923
1134,"-1:-1|-1:2|0:2|1:1",4,TRUE,1,2,1,"mixed",1.76612377556149,2.23606797749979,2.25,3,2,1.87792717443648,1,8,1,25,0,TRUE,25,33554432,0,1,25,25,0.833333333333333,2,0.583333333333333,0.25,0.800640769025436,8.33333333333333,6,10,1.60128153805087,9,8,10,1.01015254455221,8.33333333333333,6,10,1.60128153805087,0,1.87792717443648,2.82842712474619,0.551149835962157,1.45952365134923
1299,"-2:-1|-1:-2|-1:0|0:2",4,TRUE,2,0,2,"mixed",1.86803398874989,2.23606797749979,2.25,3,2,1.87792717443648,1,8,1,25,0,TRUE,25,33554432,0,1,25,25,0.833333333333333,2,0.583333333333333,0.25,0.800640769025436,8.33333333333333,6,10,1.60128153805087,9,8,10,1.01015254455221,8.33333333333333,6,10,1.60128153805087,0,1.87792717443648,2.82842712474619,0.551149835962157,1.45952365134923
1618,"-1:-1|0:-2|1:0|1:2",4,TRUE,2,1,1,"mixed",1.66257038496822,2.23606797749979,2,3,2,1.87792717443648,1,8,1,25,0,TRUE,25,33554432,0,1,25,25,0.833333333333333,2,0.583333333333333,0.25,0.800640769025436,8.33333333333333,6,10,1.60128153805087,9,8,10,1.01015254455221,8.33333333333333,6,10,1.60128153805087,0,1.87792717443648,2.82842712474619,0.551149835962157,1.45952365134923
392,"-1:-2|1:2|2:1|2:2",4,TRUE,0,1,3,"off_axis",2.38415776431139,2.82842712474619,3.25,4,2,2.02514076993644,3,8,1,25,0,TRUE,25,33554432,0,1,25,25,0.833333333333333,2,0.583333333333333,0.25,0.800640769025436,8.33333333333333,6,10,1.60128153805087,8,8,8,0,8.33333333333333,6,10,1.60128153805087,0,2.02514076993644,2.82842712474619,0.665669973236015,1.43514069811603
532,"-2:-1|-1:2|2:-2|2:-1",4,TRUE,0,1,3,"off_axis",2.38415776431139,2.82842712474619,3.25,4,2,2.02514076993644,3,8,1,25,0,TRUE,25,33554432,0,1,25,25,0.833333333333333,2,0.583333333333333,0.25,0.800640769025436,8.33333333333333,6,10,1.60128153805087,8,8,8,0,8.33333333333333,6,10,1.60128153805087,0,2.02514076993644,2.82842712474619,0.665669973236015,1.43514069811603
928,"-1:-2|1:-1|1:0|2:2",4,TRUE,1,2,1,"mixed",1.86967716615477,2.82842712474619,2.5,4,2,2.02514076993644,3,8,1,25,0,TRUE,25,33554432,0,1,25,25,0.833333333333333,2,0.583333333333333,0.25,0.800640769025436,8.33333333333333,6,10,1.60128153805087,8,8,8,0,8.33333333333333,6,10,1.60128153805087,0,2.02514076993644,2.82842712474619,0.665669973236015,1.43514069811603
946,"-1:-2|0:1|1:0|2:2",4,TRUE,2,1,1,"mixed",1.76612377556149,2.82842712474619,2.25,4,2,2.02514076993644,3,8,1,25,0,TRUE,25,33554432,0,1,25,25,0.833333333333333,2,0.583333333333333,0.25,0.800640769025436,8.33333333333333,6,10,1.60128153805087,8,8,8,0,8.33333333333333,6,10,1.60128153805087,0,2.02514076993644,2.82842712474619,0.665669973236015,1.43514069811603
1525,"-1:-1|-1:0|1:-2|2:1",4,TRUE,1,1,2,"mixed",1.72158737934317,2.23606797749979,2.25,3,2,2.02514076993644,3,8,1,25,0,TRUE,25,33554432,0,1,25,25,0.833333333333333,2,0.583333333333333,0.25,0.800640769025436,8.33333333333333,6,10,1.60128153805087,8,8,8,0,8.33333333333333,6,10,1.60128153805087,0,2.02514076993644,2.82842712474619,0.665669973236015,1.43514069811603
455,"-2:-1|-2:2|1:-2|2:-2",4,TRUE,0,2,2,"off_axis",2.53224755112299,2.82842712474619,3.5,4,2,2.04295532842377,2,8,1,25,0,TRUE,25,33554432,0,1,25,25,0.833333333333333,2,0.666666666666667,0.166666666666667,0.688332449299089,8.33333333333333,6,10,1.37666489859818,9,8,10,1.01015254455221,8.33333333333333,6,10,1.37666489859818,0,2.04295532842377,2.82842712474619,0.60215679580886,1.40559598708925
509,"-2:-1|-2:2|-1:2|2:-2",4,TRUE,0,2,2,"off_axis",2.53224755112299,2.82842712474619,3.5,4,2,2.04295532842377,2,8,1,25,0,TRUE,25,33554432,0,1,25,25,0.833333333333333,2,0.666666666666667,0.166666666666667,0.688332449299089,8.33333333333333,6,10,1.37666489859818,9,8,10,1.01015254455221,8.33333333333333,6,10,1.37666489859818,0,2.04295532842377,2.82842712474619,0.60215679580886,1.40559598708925
723,"-1:-2|0:1|1:-1|2:-2",4,TRUE,1,2,1,"mixed",1.86967716615477,2.82842712474619,2.5,4,2,2.04295532842377,2,8,1,25,0,TRUE,25,33554432,0,1,25,25,0.833333333333333,2,0.666666666666667,0.166666666666667,0.688332449299089,8.33333333333333,6,10,1.37666489859818,9,8,10,1.01015254455221,8.33333333333333,6,10,1.37666489859818,0,2.04295532842377,2.82842712474619,0.60215679580886,1.40559598708925
726,"-1:-2|1:-1|2:-2|2:2",4,TRUE,0,3,1,"off_axis",2.32678394734132,2.82842712474619,3.25,4,2,2.04295532842377,2,8,1,25,0,TRUE,25,33554432,0,1,25,25,0.833333333333333,2,0.666666666666667,0.166666666666667,0.688332449299089,8.33333333333333,6,10,1.37666489859818,9,8,10,1.01015254455221,8.33333333333333,6,10,1.37666489859818,0,2.04295532842377,2.82842712474619,0.60215679580886,1.40559598708925
768,"-2:-1|-1:-2|2:-2|2:2",4,TRUE,0,2,2,"off_axis",2.53224755112299,2.82842712474619,3.5,4,2,2.04295532842377,2,8,1,25,0,TRUE,25,33554432,0,1,25,25,0.833333333333333,2,0.666666666666667,0.166666666666667,0.688332449299089,8.33333333333333,6,10,1.37666489859818,9,8,10,1.01015254455221,8.33333333333333,6,10,1.37666489859818,0,2.04295532842377,2.82842712474619,0.60215679580886,1.40559598708925
818,"-1:-2|0:1|1:2|2:-2",4,TRUE,1,1,2,"mixed",2.07514076993644,2.82842712474619,2.75,4,2,2.04295532842377,2,8,1,25,0,TRUE,25,33554432,0,1,25,25,0.833333333333333,2,0.666666666666667,0.166666666666667,0.688332449299089,8.33333333333333,6,10,1.37666489859818,9,8,10,1.01015254455221,8.33333333333333,6,10,1.37666489859818,0,2.04295532842377,2.82842712474619,0.60215679580886,1.40559598708925
847,"-2:-2|-1:-1|0:2|2:-2",4,TRUE,1,3,0,"mixed",2.26776695296637,2.82842712474619,3,4,2,2.04295532842377,2,8,1,25,0,TRUE,25,33554432,0,1,25,25,0.833333333333333,2,0.666666666666667,0.166666666666667,0.688332449299089,8.33333333333333,6,10,1.37666489859818,9,8,10,1.01015254455221,8.33333333333333,6,10,1.37666489859818,0,2.04295532842377,2.82842712474619,0.60215679580886,1.40559598708925
911,"-1:0|0:-2|1:1|2:2",4,TRUE,2,2,0,"mixed",1.81066017177982,2.82842712474619,2.25,4,2,2.04295532842377,2,8,1,25,0,TRUE,25,33554432,0,1,25,25,0.833333333333333,2,0.666666666666667,0.166666666666667,0.688332449299089,8.33333333333333,6,10,1.37666489859818,9,8,10,1.01015254455221,8.33333333333333,6,10,1.37666489859818,0,2.04295532842377,2.82842712474619,0.60215679580886,1.40559598708925
959,"-1:-1|0:-2|1:0|2:2",4,TRUE,2,2,0,"mixed",1.81066017177982,2.82842712474619,2.25,4,2,2.04295532842377,2,8,1,25,0,TRUE,25,33554432,0,1,25,25,0.833333333333333,2,0.666666666666667,0.166666666666667,0.688332449299089,8.33333333333333,6,10,1.37666489859818,9,8,10,1.01015254455221,8.33333333333333,6,10,1.37666489859818,0,2.04295532842377,2.82842712474619,0.60215679580886,1.40559598708925
965,"-1:-1|-1:1|1:0|2:-2",4,TRUE,1,3,0,"mixed",1.6642135623731,2.82842712474619,2.25,4,2,2.04295532842377,2,8,1,25,0,TRUE,25,33554432,0,1,25,25,0.833333333333333,2,0.666666666666667,0.166666666666667,0.688332449299089,8.33333333333333,6,10,1.37666489859818,9,8,10,1.01015254455221,8.33333333333333,6,10,1.37666489859818,0,2.04295532842377,2.82842712474619,0.60215679580886,1.40559598708925
1005,"-1:0|0:-2|1:-1|2:2",4,TRUE,2,2,0,"mixed",1.81066017177982,2.82842712474619,2.25,4,2,2.04295532842377,2,8,1,25,0,TRUE,25,33554432,0,1,25,25,0.833333333333333,2,0.666666666666667,0.166666666666667,0.688332449299089,8.33333333333333,6,10,1.37666489859818,9,8,10,1.01015254455221,8.33333333333333,6,10,1.37666489859818,0,2.04295532842377,2.82842712474619,0.60215679580886,1.40559598708925
1019,"-1:-2|-1:-1|1:-1|2:2",4,TRUE,0,3,1,"off_axis",1.97323055674804,2.82842712474619,2.75,4,2,2.04295532842377,2,8,1,25,0,TRUE,25,33554432,0,1,25,25,0.833333333333333,2,0.666666666666667,0.166666666666667,0.688332449299089,8.33333333333333,6,10,1.37666489859818,9,8,10,1.01015254455221,8.33333333333333,6,10,1.37666489859818,0,2.04295532842377,2.82842712474619,0.60215679580886,1.40559598708925
1035,"-2:-1|-1:0|-1:2|2:-2",4,TRUE,1,1,2,"mixed",2.07514076993644,2.82842712474619,2.75,4,2,2.04295532842377,2,8,1,25,0,TRUE,25,33554432,0,1,25,25,0.833333333333333,2,0.666666666666667,0.166666666666667,0.688332449299089,8.33333333333333,6,10,1.37666489859818,9,8,10,1.01015254455221,8.33333333333333,6,10,1.37666489859818,0,2.04295532842377,2.82842712474619,0.60215679580886,1.40559598708925
1065,"-2:-1|-1:-2|-1:0|2:2",4,TRUE,1,1,2,"mixed",2.07514076993644,2.82842712474619,2.75,4,2,2.04295532842377,2,8,1,25,0,TRUE,25,33554432,0,1,25,25,0.833333333333333,2,0.666666666666667,0.166666666666667,0.688332449299089,8.33333333333333,6,10,1.37666489859818,9,8,10,1.01015254455221,8.33333333333333,6,10,1.37666489859818,0,2.04295532842377,2.82842712474619,0.60215679580886,1.40559598708925
1069,"-2:-1|-1:-1|0:-2|2:2",4,TRUE,1,2,1,"mixed",2.11967716615477,2.82842712474619,2.75,4,2,2.04295532842377,2,8,1,25,0,TRUE,25,33554432,0,1,25,25,0.833333333333333,2,0.666666666666667,0.166666666666667,0.688332449299089,8.33333333333333,6,10,1.37666489859818,9,8,10,1.01015254455221,8.33333333333333,6,10,1.37666489859818,0,2.04295532842377,2.82842712474619,0.60215679580886,1.40559598708925
1133,"-1:-1|0:-2|1:-2|2:1",4,TRUE,1,1,2,"mixed",1.97158737934317,2.23606797749979,2.5,3,2,2.04295532842377,2,8,1,25,0,TRUE,25,33554432,0,1,25,25,0.833333333333333,2,0.666666666666667,0.166666666666667,0.688332449299089,8.33333333333333,6,10,1.37666489859818,9,8,10,1.01015254455221,8.33333333333333,6,10,1.37666489859818,0,2.04295532842377,2.82842712474619,0.60215679580886,1.40559598708925
1137,"-1:-2|0:-2|1:-1|2:1",4,TRUE,1,1,2,"mixed",1.97158737934317,2.23606797749979,2.5,3,2,2.04295532842377,2,8,1,25,0,TRUE,25,33554432,0,1,25,25,0.833333333333333,2,0.666666666666667,0.166666666666667,0.688332449299089,8.33333333333333,6,10,1.37666489859818,9,8,10,1.01015254455221,8.33333333333333,6,10,1.37666489859818,0,2.04295532842377,2.82842712474619,0.60215679580886,1.40559598708925
1214,"-1:-2|0:-2|1:2|2:1",4,TRUE,1,0,3,"mixed",2.17705098312484,2.23606797749979,2.75,3,2,2.04295532842377,2,8,1,25,0,TRUE,25,33554432,0,1,25,25,0.833333333333333,2,0.666666666666667,0.166666666666667,0.688332449299089,8.33333333333333,6,10,1.37666489859818,9,8,10,1.01015254455221,8.33333333333333,6,10,1.37666489859818,0,2.04295532842377,2.82842712474619,0.60215679580886,1.40559598708925
1249,"-1:-2|0:-1|1:-2|2:1",4,TRUE,1,0,3,"mixed",1.92705098312484,2.23606797749979,2.5,3,2,2.04295532842377,2,8,1,25,0,TRUE,25,33554432,0,1,25,25,0.833333333333333,2,0.666666666666667,0.166666666666667,0.688332449299089,8.33333333333333,6,10,1.37666489859818,9,8,10,1.01015254455221,8.33333333333333,6,10,1.37666489859818,0,2.04295532842377,2.82842712474619,0.60215679580886,1.40559598708925
1303,"-1:-2|1:0|1:2|2:1",4,TRUE,1,0,3,"mixed",1.92705098312484,2.23606797749979,2.5,3,2,2.04295532842377,2,8,1,25,0,TRUE,25,33554432,0,1,25,25,0.833333333333333,2,0.666666666666667,0.166666666666667,0.688332449299089,8.33333333333333,6,10,1.37666489859818,9,8,10,1.01015254455221,8.33333333333333,6,10,1.37666489859818,0,2.04295532842377,2.82842712474619,0.60215679580886,1.40559598708925
1321,"-2:-1|-1:-2|-1:2|2:0",4,TRUE,1,0,3,"mixed",2.17705098312484,2.23606797749979,2.75,3,2,2.04295532842377,2,8,1,25,0,TRUE,25,33554432,0,1,25,25,0.833333333333333,2,0.666666666666667,0.166666666666667,0.688332449299089,8.33333333333333,6,10,1.37666489859818,9,8,10,1.01015254455221,8.33333333333333,6,10,1.37666489859818,0,2.04295532842377,2.82842712474619,0.60215679580886,1.40559598708925
1357,"-1:-2|-1:-1|1:-1|2:1",4,TRUE,0,2,2,"off_axis",1.82514076993644,2.23606797749979,2.5,3,2,2.04295532842377,2,8,1,25,0,TRUE,25,33554432,0,1,25,25,0.833333333333333,2,0.666666666666667,0.166666666666667,0.688332449299089,8.33333333333333,6,10,1.37666489859818,9,8,10,1.01015254455221,8.33333333333333,6,10,1.37666489859818,0,2.04295532842377,2.82842712474619,0.60215679580886,1.40559598708925
1367,"-1:-1|1:-2|1:1|2:1",4,TRUE,0,2,2,"off_axis",1.82514076993644,2.23606797749979,2.5,3,2,2.04295532842377,2,8,1,25,0,TRUE,25,33554432,0,1,25,25,0.833333333333333,2,0.666666666666667,0.166666666666667,0.688332449299089,8.33333333333333,6,10,1.37666489859818,9,8,10,1.01015254455221,8.33333333333333,6,10,1.37666489859818,0,2.04295532842377,2.82842712474619,0.60215679580886,1.40559598708925
1380,"-1:-2|1:1|1:2|2:0",4,TRUE,1,1,2,"mixed",1.97158737934317,2.23606797749979,2.5,3,2,2.04295532842377,2,8,1,25,0,TRUE,25,33554432,0,1,25,25,0.833333333333333,2,0.666666666666667,0.166666666666667,0.688332449299089,8.33333333333333,6,10,1.37666489859818,9,8,10,1.01015254455221,8.33333333333333,6,10,1.37666489859818,0,2.04295532842377,2.82842712474619,0.60215679580886,1.40559598708925
1408,"-1:-1|-1:2|1:1|2:1",4,TRUE,0,2,2,"off_axis",1.82514076993644,2.23606797749979,2.5,3,2,2.04295532842377,2,8,1,25,0,TRUE,25,33554432,0,1,25,25,0.833333333333333,2,0.666666666666667,0.166666666666667,0.688332449299089,8.33333333333333,6,10,1.37666489859818,9,8,10,1.01015254455221,8.33333333333333,6,10,1.37666489859818,0,2.04295532842377,2.82842712474619,0.60215679580886,1.40559598708925
332,"-2:-2|-2:-1|-2:0|0:-2",4,TRUE,2,1,1,"mixed",2.26612377556149,2.82842712474619,2.75,4,2,2.0128990204492,3,8,1,25,0,TRUE,25,33554432,0,1,25,25,0.833333333333333,2,0.583333333333333,0.25,0.800640769025436,8.33333333333333,6,10,1.60128153805087,8,6,10,2.02030508910442,8.33333333333333,6,10,1.60128153805087,0,2.0128990204492,2.82842712474619,0.622037452851217,1.36242471197035
552,"-1:-2|-1:0|0:-2|2:-2",4,TRUE,2,1,1,"mixed",2.01612377556149,2.82842712474619,2.5,4,2,2.0128990204492,3,8,1,25,0,TRUE,25,33554432,0,1,25,25,0.833333333333333,2,0.583333333333333,0.25,0.800640769025436,8.33333333333333,6,10,1.60128153805087,8,6,10,2.02030508910442,8.33333333333333,6,10,1.60128153805087,0,2.0128990204492,2.82842712474619,0.622037452851217,1.36242471197035
593,"-2:-2|-2:0|-1:0|0:-2",4,TRUE,3,1,0,"mixed",1.95710678118655,2.82842712474619,2.25,4,2,2.0128990204492,3,8,1,25,0,TRUE,25,33554432,0,1,25,25,0.833333333333333,2,0.583333333333333,0.25,0.800640769025436,8.33333333333333,6,10,1.60128153805087,8,6,10,2.02030508910442,8.33333333333333,6,10,1.60128153805087,0,2.0128990204492,2.82842712474619,0.622037452851217,1.36242471197035
707,"-2:-2|-2:0|2:-2|2:0",4,TRUE,2,2,0,"mixed",2.41421356237309,2.82842712474619,3,4,2,2.0128990204492,3,4,2,25,0,TRUE,25,33554432,0,1,25,25,0.833333333333333,2,0.583333333333333,0.25,0.800640769025436,8.33333333333333,6,10,1.60128153805087,8,6,10,2.02030508910442,8.33333333333333,6,10,1.60128153805087,0,2.0128990204492,2.82842712474619,0.622037452851217,1.36242471197035
1164,"-1:-2|-1:0|0:-2|2:0",4,TRUE,3,0,1,"mixed",1.80901699437495,2.23606797749979,2,3,2,2.0128990204492,3,8,1,25,0,TRUE,25,33554432,0,1,25,25,0.833333333333333,2,0.583333333333333,0.25,0.800640769025436,8.33333333333333,6,10,1.60128153805087,8,6,10,2.02030508910442,8.33333333333333,6,10,1.60128153805087,0,2.0128990204492,2.82842712474619,0.622037452851217,1.36242471197035
1264,"-1:-2|-1:0|1:-2|1:0",4,TRUE,2,0,2,"mixed",1.61803398874989,2.23606797749979,2,3,2,2.0128990204492,3,4,2,25,0,TRUE,25,33554432,0,1,25,25,0.833333333333333,2,0.583333333333333,0.25,0.800640769025436,8.33333333333333,6,10,1.60128153805087,8,6,10,2.02030508910442,8.33333333333333,6,10,1.60128153805087,0,2.0128990204492,2.82842712474619,0.622037452851217,1.36242471197035
659,"-1:0|0:-2|2:-2|2:2",4,TRUE,2,2,0,"mixed",2.16421356237309,2.82842712474619,2.75,4,2,2.17858444539843,3,8,1,25,0,TRUE,25,33554432,0,1,25,25,0.833333333333333,2,0.666666666666667,0.166666666666667,0.688332449299089,8.33333333333333,6,10,1.37666489859818,8,8,8,0,8.33333333333333,6,10,1.37666489859818,0,2.17858444539843,2.82842712474619,0.710062449732415,1.31240123691248
790,"-1:-2|-1:0|2:-2|2:2",4,TRUE,1,2,1,"mixed",2.22323055674804,2.82842712474619,3,4,2,2.17858444539843,3,8,1,25,0,TRUE,25,33554432,0,1,25,25,0.833333333333333,2,0.666666666666667,0.166666666666667,0.688332449299089,8.33333333333333,6,10,1.37666489859818,8,8,8,0,8.33333333333333,6,10,1.37666489859818,0,2.17858444539843,2.82842712474619,0.710062449732415,1.31240123691248
1186,"-1:-2|0:-2|2:0|2:1",4,TRUE,2,0,2,"mixed",2.11803398874989,2.23606797749979,2.5,3,2,2.17858444539843,3,4,2,25,0,TRUE,25,33554432,0,1,25,25,0.833333333333333,2,0.666666666666667,0.166666666666667,0.688332449299089,8.33333333333333,6,10,1.37666489859818,8,8,8,0,8.33333333333333,6,10,1.37666489859818,0,2.17858444539843,2.82842712474619,0.710062449732415,1.31240123691248
767,"-1:-2|1:-2|2:-1|2:2",4,TRUE,0,1,3,"off_axis",2.38415776431139,2.82842712474619,3.25,4,2,2.08371941369913,3,8,1,25,0,TRUE,25,33554432,0,1,25,25,0.833333333333333,2,0.75,0.0833333333333333,0.553694392684741,8.33333333333333,6,10,1.10738878536948,10,10,10,0,8.33333333333333,6,10,1.10738878536948,0,2.08371941369913,2.82842712474619,0.419143842948326,1.30674734477036
1010,"-2:-1|0:-2|1:-1|2:2",4,TRUE,1,2,1,"mixed",2.11967716615477,2.82842712474619,2.75,4,2,2.08371941369913,3,8,1,25,0,TRUE,25,33554432,0,1,25,25,0.833333333333333,2,0.75,0.0833333333333333,0.553694392684741,8.33333333333333,6,10,1.10738878536948,10,10,10,0,8.33333333333333,6,10,1.10738878536948,0,2.08371941369913,2.82842712474619,0.419143842948326,1.30674734477036
1278,"-1:-2|0:2|1:-2|2:1",4,TRUE,1,0,3,"mixed",2.17705098312484,2.23606797749979,2.75,3,2,2.08371941369913,3,8,1,25,0,TRUE,25,33554432,0,1,25,25,0.833333333333333,2,0.75,0.0833333333333333,0.553694392684741,8.33333333333333,6,10,1.10738878536948,10,10,10,0,8.33333333333333,6,10,1.10738878536948,0,2.08371941369913,2.82842712474619,0.419143842948326,1.30674734477036
1510,"-1:-1|-1:1|1:-2|2:0",4,TRUE,1,2,1,"mixed",1.76612377556149,2.23606797749979,2.25,3,2,2.08371941369913,3,8,1,25,0,TRUE,25,33554432,0,1,25,25,0.833333333333333,2,0.75,0.0833333333333333,0.553694392684741,8.33333333333333,6,10,1.10738878536948,10,10,10,0,8.33333333333333,6,10,1.10738878536948,0,2.08371941369913,2.82842712474619,0.419143842948326,1.30674734477036
1538,"-1:-2|1:-1|1:2|2:0",4,TRUE,1,1,2,"mixed",1.97158737934317,2.23606797749979,2.5,3,2,2.08371941369913,3,8,1,25,0,TRUE,25,33554432,0,1,25,25,0.833333333333333,2,0.75,0.0833333333333333,0.553694392684741,8.33333333333333,6,10,1.10738878536948,10,10,10,0,8.33333333333333,6,10,1.10738878536948,0,2.08371941369913,2.82842712474619,0.419143842948326,1.30674734477036
405,"-1:-2|1:1|2:1|2:2",4,TRUE,0,2,2,"off_axis",2.17869416052972,2.82842712474619,3,4,2,2.00219124314841,2,8,1,25,0,TRUE,25,33554432,0,1,25,25,0.833333333333333,2,0.583333333333333,0.25,0.800640769025436,8.33333333333333,6,10,1.60128153805087,8,8,8,0,8.33333333333333,6,10,1.60128153805087,0,2.00219124314841,2.82842712474619,0.738790472371199,1.29882051988441
420,"-1:-1|0:1|1:2|2:2",4,TRUE,1,2,1,"mixed",1.86967716615477,2.82842712474619,2.5,4,2,2.00219124314841,1,8,1,25,0,TRUE,25,33554432,0,1,25,25,0.833333333333333,2,0.583333333333333,0.25,0.800640769025436,8.33333333333333,6,10,1.60128153805087,8,8,8,0,8.33333333333333,6,10,1.60128153805087,0,2.00219124314841,2.82842712474619,0.738790472371199,1.29882051988441
426,"-2:-2|-1:-2|0:-1|2:2",4,TRUE,1,2,1,"mixed",2.22323055674804,2.82842712474619,3,4,2,2.00219124314841,1,8,1,25,0,TRUE,25,33554432,0,1,25,25,0.833333333333333,2,0.583333333333333,0.25,0.800640769025436,8.33333333333333,6,10,1.60128153805087,8,8,8,0,8.33333333333333,6,10,1.60128153805087,0,2.00219124314841,2.82842712474619,0.738790472371199,1.29882051988441
531,"-2:-1|1:2|2:-2|2:2",4,TRUE,0,2,2,"off_axis",2.53224755112299,2.82842712474619,3.5,4,2,2.00219124314841,2,8,1,25,0,TRUE,25,33554432,0,1,25,25,0.833333333333333,2,0.583333333333333,0.25,0.800640769025436,8.33333333333333,6,10,1.60128153805087,8,8,8,0,8.33333333333333,6,10,1.60128153805087,0,2.00219124314841,2.82842712474619,0.738790472371199,1.29882051988441
866,"-2:-1|-1:-1|2:-2|2:2",4,TRUE,0,3,1,"off_axis",2.32678394734132,2.82842712474619,3.25,4,2,2.00219124314841,1,8,1,25,0,TRUE,25,33554432,0,1,25,25,0.833333333333333,2,0.583333333333333,0.25,0.800640769025436,8.33333333333333,6,10,1.60128153805087,8,8,8,0,8.33333333333333,6,10,1.60128153805087,0,2.00219124314841,2.82842712474619,0.738790472371199,1.29882051988441
883,"-1:-2|1:0|1:1|2:2",4,TRUE,1,2,1,"mixed",1.86967716615477,2.82842712474619,2.5,4,2,2.00219124314841,2,8,1,25,0,TRUE,25,33554432,0,1,25,25,0.833333333333333,2,0.583333333333333,0.25,0.800640769025436,8.33333333333333,6,10,1.60128153805087,8,8,8,0,8.33333333333333,6,10,1.60128153805087,0,2.00219124314841,2.82842712474619,0.738790472371199,1.29882051988441
952,"-1:-2|0:-1|1:0|2:2",4,TRUE,2,1,1,"mixed",1.76612377556149,2.82842712474619,2.25,4,2,2.00219124314841,2,8,1,25,0,TRUE,25,33554432,0,1,25,25,0.833333333333333,2,0.583333333333333,0.25,0.800640769025436,8.33333333333333,6,10,1.60128153805087,8,8,8,0,8.33333333333333,6,10,1.60128153805087,0,2.00219124314841,2.82842712474619,0.738790472371199,1.29882051988441
990,"-1:0|1:-2|1:-1|2:2",4,TRUE,1,2,1,"mixed",1.86967716615477,2.82842712474619,2.5,4,2,2.00219124314841,1,8,1,25,0,TRUE,25,33554432,0,1,25,25,0.833333333333333,2,0.583333333333333,0.25,0.800640769025436,8.33333333333333,6,10,1.60128153805087,8,8,8,0,8.33333333333333,6,10,1.60128153805087,0,2.00219124314841,2.82842712474619,0.738790472371199,1.29882051988441
997,"-1:-1|-1:0|1:1|2:-2",4,TRUE,1,3,0,"mixed",1.6642135623731,2.82842712474619,2.25,4,2,2.00219124314841,2,8,1,25,0,TRUE,25,33554432,0,1,25,25,0.833333333333333,2,0.583333333333333,0.25,0.800640769025436,8.33333333333333,6,10,1.60128153805087,8,8,8,0,8.33333333333333,6,10,1.60128153805087,0,2.00219124314841,2.82842712474619,0.738790472371199,1.29882051988441
1396,"-1:-2|-1:-1|1:0|2:1",4,TRUE,1,1,2,"mixed",1.72158737934317,2.23606797749979,2.25,3,2,2.00219124314841,1,8,1,25,0,TRUE,25,33554432,0,1,25,25,0.833333333333333,2,0.583333333333333,0.25,0.800640769025436,8.33333333333333,6,10,1.60128153805087,8,8,8,0,8.33333333333333,6,10,1.60128153805087,0,2.00219124314841,2.82842712474619,0.738790472371199,1.29882051988441
613,"-1:-1|0:-2|1:1|2:-2",4,TRUE,1,3,0,"mixed",1.9142135623731,2.82842712474619,2.5,4,2,2.0607698869111,2,8,1,25,0,TRUE,25,33554432,0,1,25,25,0.833333333333333,2,0.75,0.0833333333333333,0.553694392684741,8.33333333333333,6,10,1.10738878536948,10,10,10,0,8.33333333333333,6,10,1.10738878536948,0,2.0607698869111,2.82842712474619,0.530437422427522,1.17042716653875
632,"-2:-1|0:-2|1:2|2:-2",4,TRUE,1,1,2,"mixed",2.32514076993644,2.82842712474619,3,4,2,2.0607698869111,2,8,1,25,0,TRUE,25,33554432,0,1,25,25,0.833333333333333,2,0.75,0.0833333333333333,0.553694392684741,8.33333333333333,6,10,1.10738878536948,10,10,10,0,8.33333333333333,6,10,1.10738878536948,0,2.0607698869111,2.82842712474619,0.530437422427522,1.17042716653875
897,"-1:-1|-1:2|1:-1|2:-2",4,TRUE,0,3,1,"off_axis",1.97323055674804,2.82842712474619,2.75,4,2,2.0607698869111,2,8,1,25,0,TRUE,25,33554432,0,1,25,25,0.833333333333333,2,0.75,0.0833333333333333,0.553694392684741,8.33333333333333,6,10,1.10738878536948,10,10,10,0,8.33333333333333,6,10,1.10738878536948,0,2.0607698869111,2.82842712474619,0.530437422427522,1.17042716653875
903,"-1:-2|1:-2|1:1|2:2",4,TRUE,0,2,2,"off_axis",2.17869416052972,2.82842712474619,3,4,2,2.0607698869111,2,8,1,25,0,TRUE,25,33554432,0,1,25,25,0.833333333333333,2,0.75,0.0833333333333333,0.553694392684741,8.33333333333333,6,10,1.10738878536948,10,10,10,0,8.33333333333333,6,10,1.10738878536948,0,2.0607698869111,2.82842712474619,0.530437422427522,1.17042716653875
1597,"-1:-1|0:-2|1:2|2:0",4,TRUE,2,1,1,"mixed",1.91257038496822,2.23606797749979,2.25,3,2,2.0607698869111,2,8,1,25,0,TRUE,25,33554432,0,1,25,25,0.833333333333333,2,0.75,0.0833333333333333,0.553694392684741,8.33333333333333,6,10,1.10738878536948,10,10,10,0,8.33333333333333,6,10,1.10738878536948,0,2.0607698869111,2.82842712474619,0.530437422427522,1.17042716653875
563,"-2:-1|-2:0|-2:2|2:-2",4,TRUE,1,2,1,"mixed",2.47323055674804,2.82842712474619,3.25,4,2,1.99574173292381,2,8,1,25,0,TRUE,25,33554432,0,1,25,25,0.833333333333333,2,0.666666666666667,0.166666666666667,0.688332449299089,8.33333333333333,6,10,1.37666489859818,9,8,10,1.01015254455221,8.33333333333333,6,10,1.37666489859818,0,1.99574173292381,2.82842712474619,0.593497107983451,1.1251472522218
700,"-1:-1|0:-2|0:2|2:2",4,TRUE,2,2,0,"mixed",2.06066017177982,2.82842712474619,2.5,4,2,1.99574173292381,2,8,1,25,0,TRUE,25,33554432,0,1,25,25,0.833333333333333,2,0.666666666666667,0.166666666666667,0.688332449299089,8.33333333333333,6,10,1.37666489859818,9,8,10,1.01015254455221,8.33333333333333,6,10,1.37666489859818,0,1.99574173292381,2.82842712474619,0.593497107983451,1.1251472522218
753,"-1:-1|-1:1|-1:2|2:2",4,TRUE,0,3,1,"off_axis",1.97323055674804,2.82842712474619,2.75,4,2,1.99574173292381,2,8,1,25,0,TRUE,25,33554432,0,1,25,25,0.833333333333333,2,0.666666666666667,0.166666666666667,0.688332449299089,8.33333333333333,6,10,1.37666489859818,9,8,10,1.01015254455221,8.33333333333333,6,10,1.37666489859818,0,1.99574173292381,2.82842712474619,0.593497107983451,1.1251472522218
1484,"-1:-2|0:-1|0:2|2:0",4,TRUE,3,0,1,"mixed",1.80901699437495,2.23606797749979,2,3,2,1.99574173292381,2,8,1,25,0,TRUE,25,33554432,0,1,25,25,0.833333333333333,2,0.666666666666667,0.166666666666667,0.688332449299089,8.33333333333333,6,10,1.37666489859818,9,8,10,1.01015254455221,8.33333333333333,6,10,1.37666489859818,0,1.99574173292381,2.82842712474619,0.593497107983451,1.1251472522218
1608,"-1:-1|0:-2|0:1|2:1",4,TRUE,2,1,1,"mixed",1.66257038496822,2.23606797749979,2,3,2,1.99574173292381,2,8,1,25,0,TRUE,25,33554432,0,1,25,25,0.833333333333333,2,0.666666666666667,0.166666666666667,0.688332449299089,8.33333333333333,6,10,1.37666489859818,9,8,10,1.01015254455221,8.33333333333333,6,10,1.37666489859818,0,1.99574173292381,2.82842712474619,0.593497107983451,1.1251472522218
1140,"-1:-1|-1:2|0:-2|1:-2",4,TRUE,1,1,2,"mixed",1.97158737934317,2.23606797749979,2.5,3,2,1.81869125971184,1,8,1,25,0,TRUE,25,33554432,0,1,25,25,0.833333333333333,2,0.583333333333333,0.25,0.800640769025436,8.33333333333333,6,10,1.60128153805087,9,8,10,1.01015254455221,8.33333333333333,6,10,1.60128153805087,0,1.81869125971184,2.23606797749979,0.46231555102518,1.10766234599161
1219,"-1:-2|0:-1|1:-2|2:-1",4,TRUE,1,0,3,"mixed",1.92705098312484,2.23606797749979,2.5,3,2,1.81869125971184,1,8,1,25,0,TRUE,25,33554432,0,1,25,25,0.833333333333333,2,0.583333333333333,0.25,0.800640769025436,8.33333333333333,6,10,1.60128153805087,9,8,10,1.01015254455221,8.33333333333333,6,10,1.60128153805087,0,1.81869125971184,2.23606797749979,0.46231555102518,1.10766234599161
1349,"-1:-1|1:-2|1:-1|2:0",4,TRUE,1,2,1,"mixed",1.76612377556149,2.23606797749979,2.25,3,2,1.81869125971184,1,8,1,25,0,TRUE,25,33554432,0,1,25,25,0.833333333333333,2,0.583333333333333,0.25,0.800640769025436,8.33333333333333,6,10,1.60128153805087,9,8,10,1.01015254455221,8.33333333333333,6,10,1.60128153805087,0,1.81869125971184,2.23606797749979,0.46231555102518,1.10766234599161
1361,"-2:-1|-1:-1|-1:2|0:-2",4,TRUE,1,1,2,"mixed",1.97158737934317,2.23606797749979,2.5,3,2,1.81869125971184,1,8,1,25,0,TRUE,25,33554432,0,1,25,25,0.833333333333333,2,0.583333333333333,0.25,0.800640769025436,8.33333333333333,6,10,1.60128153805087,9,8,10,1.01015254455221,8.33333333333333,6,10,1.60128153805087,0,1.81869125971184,2.23606797749979,0.46231555102518,1.10766234599161
1664,"-1:-1|-1:1|0:-2|1:0",4,TRUE,2,2,0,"mixed",1.45710678118655,2,1.75,2,2,1.81869125971184,1,8,1,25,0,TRUE,25,33554432,0,1,25,25,0.833333333333333,2,0.583333333333333,0.25,0.800640769025436,8.33333333333333,6,10,1.60128153805087,9,8,10,1.01015254455221,8.33333333333333,6,10,1.60128153805087,0,1.81869125971184,2.23606797749979,0.46231555102518,1.10766234599161
494,"-1:0|0:-2|2:1|2:2",4,TRUE,2,1,1,"mixed",2.01612377556149,2.82842712474619,2.5,4,2,2.14295532842377,3,8,1,25,0,TRUE,25,33554432,0,1,25,25,0.833333333333333,2,0.666666666666667,0.166666666666667,0.688332449299089,8.33333333333333,6,10,1.37666489859818,8,8,8,0,8.33333333333333,6,10,1.37666489859818,0,2.14295532842377,2.82842712474619,0.67308779382795,1.10076429898859
496,"-1:-2|0:-2|2:1|2:2",4,TRUE,1,1,2,"mixed",2.32514076993644,2.82842712474619,3,4,2,2.14295532842377,3,8,1,25,0,TRUE,25,33554432,0,1,25,25,0.833333333333333,2,0.666666666666667,0.166666666666667,0.688332449299089,8.33333333333333,6,10,1.37666489859818,8,8,8,0,8.33333333333333,6,10,1.37666489859818,0,2.14295532842377,2.82842712474619,0.67308779382795,1.10076429898859
519,"-1:-2|-1:0|2:1|2:2",4,TRUE,1,1,2,"mixed",2.07514076993644,2.82842712474619,2.75,4,2,2.14295532842377,3,8,1,25,0,TRUE,25,33554432,0,1,25,25,0.833333333333333,2,0.666666666666667,0.166666666666667,0.688332449299089,8.33333333333333,6,10,1.37666489859818,8,8,8,0,8.33333333333333,6,10,1.37666489859818,0,2.14295532842377,2.82842712474619,0.67308779382795,1.10076429898859
779,"-1:-2|1:0|2:-2|2:2",4,TRUE,1,2,1,"mixed",2.22323055674804,2.82842712474619,3,4,2,2.14295532842377,3,8,1,25,0,TRUE,25,33554432,0,1,25,25,0.833333333333333,2,0.666666666666667,0.166666666666667,0.688332449299089,8.33333333333333,6,10,1.37666489859818,8,8,8,0,8.33333333333333,6,10,1.37666489859818,0,2.14295532842377,2.82842712474619,0.67308779382795,1.10076429898859
782,"-1:-2|-1:2|1:0|2:-2",4,TRUE,1,1,2,"mixed",2.07514076993644,2.82842712474619,2.75,4,2,2.14295532842377,3,8,1,25,0,TRUE,25,33554432,0,1,25,25,0.833333333333333,2,0.666666666666667,0.166666666666667,0.688332449299089,8.33333333333333,6,10,1.37666489859818,8,8,8,0,8.33333333333333,6,10,1.37666489859818,0,2.14295532842377,2.82842712474619,0.67308779382795,1.10076429898859
467,"-1:-2|1:2|2:0|2:2",4,TRUE,1,1,2,"mixed",2.32514076993644,2.82842712474619,3,4,2,2.18371941369913,4,8,1,25,0,TRUE,25,33554432,0,1,25,25,0.833333333333333,2,0.75,0.0833333333333333,0.553694392684741,8.33333333333333,6,10,1.10738878536948,9,8,10,1.01015254455221,8.33333333333333,6,10,1.10738878536948,0,2.18371941369913,2.82842712474619,0.507027856163868,1.0019156566697
647,"-1:-2|0:1|2:0|2:2",4,TRUE,2,1,1,"mixed",2.01612377556149,2.82842712474619,2.5,4,2,2.18371941369913,4,8,1,25,0,TRUE,25,33554432,0,1,25,25,0.833333333333333,2,0.75,0.0833333333333333,0.553694392684741,8.33333333333333,6,10,1.10738878536948,9,8,10,1.01015254455221,8.33333333333333,6,10,1.10738878536948,0,2.18371941369913,2.82842712474619,0.507027856163868,1.0019156566697
805,"-1:-2|-1:2|2:-1|2:2",4,TRUE,0,1,3,"off_axis",2.38415776431139,2.82842712474619,3.25,4,2,2.18371941369913,4,8,1,25,0,TRUE,25,33554432,0,1,25,25,0.833333333333333,2,0.75,0.0833333333333333,0.553694392684741,8.33333333333333,6,10,1.10738878536948,9,8,10,1.01015254455221,8.33333333333333,6,10,1.10738878536948,0,2.18371941369913,2.82842712474619,0.507027856163868,1.0019156566697
1070,"-2:-1|-2:0|0:-2|2:2",4,TRUE,2,1,1,"mixed",2.26612377556149,2.82842712474619,2.75,4,2,2.18371941369913,4,8,1,25,0,TRUE,25,33554432,0,1,25,25,0.833333333333333,2,0.75,0.0833333333333333,0.553694392684741,8.33333333333333,6,10,1.10738878536948,9,8,10,1.01015254455221,8.33333333333333,6,10,1.10738878536948,0,2.18371941369913,2.82842712474619,0.507027856163868,1.0019156566697
1269,"-1:-2|-1:0|1:-2|2:1",4,TRUE,1,0,3,"mixed",1.92705098312484,2.23606797749979,2.5,3,2,2.18371941369913,4,8,1,25,0,TRUE,25,33554432,0,1,25,25,0.833333333333333,2,0.75,0.0833333333333333,0.553694392684741,8.33333333333333,6,10,1.10738878536948,9,8,10,1.01015254455221,8.33333333333333,6,10,1.10738878536948,0,2.18371941369913,2.82842712474619,0.507027856163868,1.0019156566697
393,"-2:-2|-2:-1|-1:-2|2:2",4,TRUE,0,2,2,"off_axis",2.53224755112299,2.82842712474619,3.5,4,2,1.94295532842377,2,4,2,25,0,TRUE,25,33554432,0,1,25,25,0.833333333333333,2,0.583333333333333,0.25,0.800640769025436,8.33333333333333,6,10,1.60128153805087,8,8,8,0,8.33333333333333,6,10,1.60128153805087,0,1.94295532842377,2.82842712474619,0.68712330427472,0.94695921452679
945,"-1:-1|0:1|1:0|2:2",4,TRUE,2,2,0,"mixed",1.56066017177982,2.82842712474619,2,4,2,1.94295532842377,2,4,2,25,0,TRUE,25,33554432,0,1,25,25,0.833333333333333,2,0.583333333333333,0.25,0.800640769025436,8.33333333333333,6,10,1.60128153805087,8,8,8,0,8.33333333333333,6,10,1.60128153805087,0,1.94295532842377,2.82842712474619,0.68712330427472,0.94695921452679
1072,"-2:-1|-1:-2|-1:-1|2:2",4,TRUE,0,2,2,"off_axis",2.17869416052972,2.82842712474619,3,4,2,1.94295532842377,2,4,2,25,0,TRUE,25,33554432,0,1,25,25,0.833333333333333,2,0.583333333333333,0.25,0.800640769025436,8.33333333333333,6,10,1.60128153805087,8,8,8,0,8.33333333333333,6,10,1.60128153805087,0,1.94295532842377,2.82842712474619,0.68712330427472,0.94695921452679
1437,"-1:-2|0:-1|1:-1|2:1",4,TRUE,1,1,2,"mixed",1.72158737934317,2.23606797749979,2.25,3,2,1.94295532842377,2,8,1,25,0,TRUE,25,33554432,0,1,25,25,0.833333333333333,2,0.583333333333333,0.25,0.800640769025436,8.33333333333333,6,10,1.60128153805087,8,8,8,0,8.33333333333333,6,10,1.60128153805087,0,1.94295532842377,2.82842712474619,0.68712330427472,0.94695921452679
429,"-1:-1|1:-2|1:0|2:-2",4,TRUE,1,2,1,"mixed",1.86967716615477,2.82842712474619,2.5,4,2,1.94229805746182,2,8,1,25,0,TRUE,25,33554432,0,1,25,25,0.833333333333333,2,0.583333333333333,0.25,0.800640769025436,8.33333333333333,6,10,1.60128153805087,8,6,10,2.02030508910442,8.33333333333333,6,10,1.60128153805087,0,1.94229805746182,2.82842712474619,0.603212009882676,0.943055025324676
443,"-2:-1|1:-2|1:0|2:-2",4,TRUE,1,1,2,"mixed",2.07514076993644,2.82842712474619,2.75,4,2,1.94229805746182,2,8,1,25,0,TRUE,25,33554432,0,1,25,25,0.833333333333333,2,0.583333333333333,0.25,0.800640769025436,8.33333333333333,6,10,1.60128153805087,8,6,10,2.02030508910442,8.33333333333333,6,10,1.60128153805087,0,1.94229805746182,2.82842712474619,0.603212009882676,0.943055025324676
543,"-1:-2|0:-2|1:2|2:2",4,TRUE,1,1,2,"mixed",2.32514076993644,2.82842712474619,3,4,2,1.94229805746182,2,8,1,25,0,TRUE,25,33554432,0,1,25,25,0.833333333333333,2,0.583333333333333,0.25,0.800640769025436,8.33333333333333,6,10,1.60128153805087,8,6,10,2.02030508910442,8.33333333333333,6,10,1.60128153805087,0,1.94229805746182,2.82842712474619,0.603212009882676,0.943055025324676
744,"-1:-2|-1:2|0:-1|2:-2",4,TRUE,1,1,2,"mixed",2.07514076993644,2.82842712474619,2.75,4,2,1.94229805746182,2,8,1,25,0,TRUE,25,33554432,0,1,25,25,0.833333333333333,2,0.583333333333333,0.25,0.800640769025436,8.33333333333333,6,10,1.60128153805087,8,6,10,2.02030508910442,8.33333333333333,6,10,1.60128153805087,0,1.94229805746182,2.82842712474619,0.603212009882676,0.943055025324676
1089,"-1:0|0:-2|1:-2|2:-1",4,TRUE,2,0,2,"mixed",1.86803398874989,2.23606797749979,2.25,3,2,1.94229805746182,2,8,1,25,0,TRUE,25,33554432,0,1,25,25,0.833333333333333,2,0.583333333333333,0.25,0.800640769025436,8.33333333333333,6,10,1.60128153805087,8,6,10,2.02030508910442,8.33333333333333,6,10,1.60128153805087,0,1.94229805746182,2.82842712474619,0.603212009882676,0.943055025324676
1143,"-1:-2|0:-2|1:0|2:-1",4,TRUE,2,0,2,"mixed",1.86803398874989,2.23606797749979,2.25,3,2,1.94229805746182,2,8,1,25,0,TRUE,25,33554432,0,1,25,25,0.833333333333333,2,0.583333333333333,0.25,0.800640769025436,8.33333333333333,6,10,1.60128153805087,8,6,10,2.02030508910442,8.33333333333333,6,10,1.60128153805087,0,1.94229805746182,2.82842712474619,0.603212009882676,0.943055025324676
1246,"-1:-2|-1:-1|1:-2|1:2",4,TRUE,0,1,3,"off_axis",2.03060437371812,2.23606797749979,2.75,3,2,1.94229805746182,2,8,1,25,0,TRUE,25,33554432,0,1,25,25,0.833333333333333,2,0.583333333333333,0.25,0.800640769025436,8.33333333333333,6,10,1.60128153805087,8,6,10,2.02030508910442,8.33333333333333,6,10,1.60128153805087,0,1.94229805746182,2.82842712474619,0.603212009882676,0.943055025324676
1366,"-1:-2|-1:-1|0:1|2:-1",4,TRUE,1,1,2,"mixed",1.72158737934317,2.23606797749979,2.25,3,2,1.94229805746182,2,8,1,25,0,TRUE,25,33554432,0,1,25,25,0.833333333333333,2,0.583333333333333,0.25,0.800640769025436,8.33333333333333,6,10,1.60128153805087,8,6,10,2.02030508910442,8.33333333333333,6,10,1.60128153805087,0,1.94229805746182,2.82842712474619,0.603212009882676,0.943055025324676
1402,"-1:-2|-1:-1|0:1|2:0",4,TRUE,2,1,1,"mixed",1.66257038496822,2.23606797749979,2,3,2,1.94229805746182,2,8,1,25,0,TRUE,25,33554432,0,1,25,25,0.833333333333333,2,0.583333333333333,0.25,0.800640769025436,8.33333333333333,6,10,1.60128153805087,8,6,10,2.02030508910442,8.33333333333333,6,10,1.60128153805087,0,1.94229805746182,2.82842712474619,0.603212009882676,0.943055025324676
1448,"-1:-2|-1:2|0:-1|2:-1",4,TRUE,1,0,3,"mixed",1.92705098312484,2.23606797749979,2.5,3,2,1.94229805746182,2,8,1,25,0,TRUE,25,33554432,0,1,25,25,0.833333333333333,2,0.583333333333333,0.25,0.800640769025436,8.33333333333333,6,10,1.60128153805087,8,6,10,2.02030508910442,8.33333333333333,6,10,1.60128153805087,0,1.94229805746182,2.82842712474619,0.603212009882676,0.943055025324676
749,"-2:-1|-2:2|-1:-1|0:-2",4,TRUE,1,2,1,"mixed",2.11967716615477,2.82842712474619,2.75,4,2,1.96011261594915,2,8,1,25,0,TRUE,25,33554432,0,1,25,25,0.833333333333333,2,0.666666666666667,0.166666666666667,0.688332449299089,8.33333333333333,6,10,1.37666489859818,9,8,10,1.01015254455221,8.33333333333333,6,10,1.37666489859818,0,1.96011261594915,2.82842712474619,0.535369584489657,0.913510314297904
762,"-2:-1|-2:0|-1:-2|2:-2",4,TRUE,1,1,2,"mixed",2.32514076993644,2.82842712474619,3,4,2,1.96011261594915,2,8,1,25,0,TRUE,25,33554432,0,1,25,25,0.833333333333333,2,0.666666666666667,0.166666666666667,0.688332449299089,8.33333333333333,6,10,1.37666489859818,9,8,10,1.01015254455221,8.33333333333333,6,10,1.37666489859818,0,1.96011261594915,2.82842712474619,0.535369584489657,0.913510314297904
1235,"-1:-2|1:-2|1:-1|2:0",4,TRUE,1,1,2,"mixed",1.97158737934317,2.23606797749979,2.5,3,2,1.96011261594915,2,8,1,25,0,TRUE,25,33554432,0,1,25,25,0.833333333333333,2,0.666666666666667,0.166666666666667,0.688332449299089,8.33333333333333,6,10,1.37666489859818,9,8,10,1.01015254455221,8.33333333333333,6,10,1.37666489859818,0,1.96011261594915,2.82842712474619,0.535369584489657,0.913510314297904
1247,"-1:-2|0:-1|1:-2|2:0",4,TRUE,2,0,2,"mixed",1.86803398874989,2.23606797749979,2.25,3,2,1.96011261594915,2,8,1,25,0,TRUE,25,33554432,0,1,25,25,0.833333333333333,2,0.666666666666667,0.166666666666667,0.688332449299089,8.33333333333333,6,10,1.37666489859818,9,8,10,1.01015254455221,8.33333333333333,6,10,1.37666489859818,0,1.96011261594915,2.82842712474619,0.535369584489657,0.913510314297904
1519,"-1:-1|-1:1|1:-2|1:0",4,TRUE,1,2,1,"mixed",1.51612377556149,2.23606797749979,2,3,2,1.96011261594915,2,8,1,25,0,TRUE,25,33554432,0,1,25,25,0.833333333333333,2,0.666666666666667,0.166666666666667,0.688332449299089,8.33333333333333,6,10,1.37666489859818,9,8,10,1.01015254455221,8.33333333333333,6,10,1.37666489859818,0,1.96011261594915,2.82842712474619,0.535369584489657,0.913510314297904
462,"-1:-1|0:2|2:1|2:2",4,TRUE,1,2,1,"mixed",2.11967716615477,2.82842712474619,2.75,4,2,2.1607698869111,3,8,1,25,0,TRUE,25,33554432,0,1,25,25,0.833333333333333,2,0.75,0.0833333333333333,0.553694392684741,8.33333333333333,6,10,1.10738878536948,9,8,10,1.01015254455221,8.33333333333333,6,10,1.10738878536948,0,2.1607698869111,2.82842712474619,0.606514171143573,0.865595478438085
499,"-2:-2|-1:-2|0:2|2:0",4,TRUE,2,1,1,"mixed",2.26612377556149,2.82842712474619,2.75,4,2,2.1607698869111,3,8,1,25,0,TRUE,25,33554432,0,1,25,25,0.833333333333333,2,0.75,0.0833333333333333,0.553694392684741,8.33333333333333,6,10,1.10738878536948,9,8,10,1.01015254455221,8.33333333333333,6,10,1.10738878536948,0,2.1607698869111,2.82842712474619,0.606514171143573,0.865595478438085
501,"-2:-2|-1:-2|2:0|2:2",4,TRUE,1,2,1,"mixed",2.47323055674804,2.82842712474619,3.25,4,2,2.1607698869111,3,8,1,25,0,TRUE,25,33554432,0,1,25,25,0.833333333333333,2,0.75,0.0833333333333333,0.553694392684741,8.33333333333333,6,10,1.10738878536948,9,8,10,1.01015254455221,8.33333333333333,6,10,1.10738878536948,0,2.1607698869111,2.82842712474619,0.606514171143573,0.865595478438085
652,"-2:-2|-1:0|0:-2|2:2",4,TRUE,2,2,0,"mixed",2.16421356237309,2.82842712474619,2.75,4,2,2.1607698869111,3,8,1,25,0,TRUE,25,33554432,0,1,25,25,0.833333333333333,2,0.75,0.0833333333333333,0.553694392684741,8.33333333333333,6,10,1.10738878536948,9,8,10,1.01015254455221,8.33333333333333,6,10,1.10738878536948,0,2.1607698869111,2.82842712474619,0.606514171143573,0.865595478438085
697,"-1:-2|-1:-1|2:0|2:2",4,TRUE,1,2,1,"mixed",2.11967716615477,2.82842712474619,2.75,4,2,2.1607698869111,3,8,1,25,0,TRUE,25,33554432,0,1,25,25,0.833333333333333,2,0.75,0.0833333333333333,0.553694392684741,8.33333333333333,6,10,1.10738878536948,9,8,10,1.01015254455221,8.33333333333333,6,10,1.10738878536948,0,2.1607698869111,2.82842712474619,0.606514171143573,0.865595478438085
736,"-1:-2|0:-1|2:-2|2:1",4,TRUE,1,1,2,"mixed",2.07514076993644,2.82842712474619,2.75,4,2,2.1607698869111,3,8,1,25,0,TRUE,25,33554432,0,1,25,25,0.833333333333333,2,0.75,0.0833333333333333,0.553694392684741,8.33333333333333,6,10,1.10738878536948,9,8,10,1.01015254455221,8.33333333333333,6,10,1.10738878536948,0,2.1607698869111,2.82842712474619,0.606514171143573,0.865595478438085
777,"-1:-1|-1:2|1:0|2:2",4,TRUE,1,2,1,"mixed",1.86967716615477,2.82842712474619,2.5,4,2,2.1607698869111,3,8,1,25,0,TRUE,25,33554432,0,1,25,25,0.833333333333333,2,0.75,0.0833333333333333,0.553694392684741,8.33333333333333,6,10,1.10738878536948,9,8,10,1.01015254455221,8.33333333333333,6,10,1.10738878536948,0,2.1607698869111,2.82842712474619,0.606514171143573,0.865595478438085
823,"-1:-1|-1:2|2:-2|2:2",4,TRUE,0,3,1,"off_axis",2.32678394734132,2.82842712474619,3.25,4,2,2.1607698869111,3,8,1,25,0,TRUE,25,33554432,0,1,25,25,0.833333333333333,2,0.75,0.0833333333333333,0.553694392684741,8.33333333333333,6,10,1.10738878536948,9,8,10,1.01015254455221,8.33333333333333,6,10,1.10738878536948,0,2.1607698869111,2.82842712474619,0.606514171143573,0.865595478438085
1043,"-1:-2|-1:0|1:-2|2:2",4,TRUE,1,1,2,"mixed",2.07514076993644,2.82842712474619,2.75,4,2,2.1607698869111,3,8,1,25,0,TRUE,25,33554432,0,1,25,25,0.833333333333333,2,0.75,0.0833333333333333,0.553694392684741,8.33333333333333,6,10,1.10738878536948,9,8,10,1.01015254455221,8.33333333333333,6,10,1.10738878536948,0,2.1607698869111,2.82842712474619,0.606514171143573,0.865595478438085
1159,"-1:-2|0:2|2:0|2:1",4,TRUE,2,0,2,"mixed",2.11803398874989,2.23606797749979,2.5,3,2,2.1607698869111,3,8,1,25,0,TRUE,25,33554432,0,1,25,25,0.833333333333333,2,0.75,0.0833333333333333,0.553694392684741,8.33333333333333,6,10,1.10738878536948,9,8,10,1.01015254455221,8.33333333333333,6,10,1.10738878536948,0,2.1607698869111,2.82842712474619,0.606514171143573,0.865595478438085
377,"-1:0|2:-2|2:-1|2:2",4,TRUE,1,2,1,"mixed",2.22323055674804,2.82842712474619,3,4,2,2.07858444539843,2,8,1,25,0,TRUE,25,33554432,0,1,25,25,0.833333333333333,2,0.583333333333333,0.25,0.800640769025436,8.33333333333333,6,10,1.60128153805087,7,6,8,1.01015254455221,8.33333333333333,6,10,1.60128153805087,0,2.07858444539843,2.82842712474619,0.802417668568409,0.853764464350018
852,"-1:0|1:0|2:-2|2:2",4,TRUE,2,2,0,"mixed",1.9142135623731,2.82842712474619,2.5,4,2,2.07858444539843,2,4,2,25,0,TRUE,25,33554432,0,1,25,25,0.833333333333333,2,0.583333333333333,0.25,0.800640769025436,8.33333333333333,6,10,1.60128153805087,7,6,8,1.01015254455221,8.33333333333333,6,10,1.60128153805087,0,2.07858444539843,2.82842712474619,0.802417668568409,0.853764464350018
871,"-2:-2|-2:2|1:0|2:0",4,TRUE,2,2,0,"mixed",2.16421356237309,2.82842712474619,2.75,4,2,2.07858444539843,2,4,2,25,0,TRUE,25,33554432,0,1,25,25,0.833333333333333,2,0.583333333333333,0.25,0.800640769025436,8.33333333333333,6,10,1.60128153805087,7,6,8,1.01015254455221,8.33333333333333,6,10,1.60128153805087,0,2.07858444539843,2.82842712474619,0.802417668568409,0.853764464350018
1622,"-1:-2|-1:2|1:0|2:0",4,TRUE,2,0,2,"mixed",1.86803398874989,2.23606797749979,2.25,3,2,2.07858444539843,2,4,2,25,0,TRUE,25,33554432,0,1,25,25,0.833333333333333,2,0.583333333333333,0.25,0.800640769025436,8.33333333333333,6,10,1.60128153805087,7,6,8,1.01015254455221,8.33333333333333,6,10,1.60128153805087,0,2.07858444539843,2.82842712474619,0.802417668568409,0.853764464350018
502,"-1:-2|-1:-1|2:-2|2:-1",4,TRUE,0,2,2,"off_axis",2.17869416052972,2.82842712474619,3,4,2,1.91869125971184,2,8,1,25,0,TRUE,25,33554432,0,1,25,25,0.833333333333333,2,0.583333333333333,0.25,0.800640769025436,8.33333333333333,6,10,1.60128153805087,8,6,10,2.02030508910442,8.33333333333333,6,10,1.60128153805087,0,1.91869125971184,2.82842712474619,0.595001260414515,0.802830657890947
935,"-2:-1|-2:0|0:-1|2:-2",4,TRUE,2,1,1,"mixed",2.01612377556149,2.82842712474619,2.5,4,2,1.91869125971184,2,8,1,25,0,TRUE,25,33554432,0,1,25,25,0.833333333333333,2,0.583333333333333,0.25,0.800640769025436,8.33333333333333,6,10,1.60128153805087,8,6,10,2.02030508910442,8.33333333333333,6,10,1.60128153805087,0,1.91869125971184,2.82842712474619,0.595001260414515,0.802830657890947
1165,"-1:-2|0:-1|2:-1|2:0",4,TRUE,2,0,2,"mixed",1.86803398874989,2.23606797749979,2.25,3,2,1.91869125971184,2,8,1,25,0,TRUE,25,33554432,0,1,25,25,0.833333333333333,2,0.583333333333333,0.25,0.800640769025436,8.33333333333333,6,10,1.60128153805087,8,6,10,2.02030508910442,8.33333333333333,6,10,1.60128153805087,0,1.91869125971184,2.82842712474619,0.595001260414515,0.802830657890947
1168,"-1:-1|0:1|2:0|2:1",4,TRUE,2,1,1,"mixed",1.66257038496822,2.23606797749979,2,3,2,1.91869125971184,2,8,1,25,0,TRUE,25,33554432,0,1,25,25,0.833333333333333,2,0.583333333333333,0.25,0.800640769025436,8.33333333333333,6,10,1.60128153805087,8,6,10,2.02030508910442,8.33333333333333,6,10,1.60128153805087,0,1.91869125971184,2.82842712474619,0.595001260414515,0.802830657890947
1172,"-1:-2|-1:0|0:-2|1:2",4,TRUE,2,0,2,"mixed",1.86803398874989,2.23606797749979,2.25,3,2,1.91869125971184,2,8,1,25,0,TRUE,25,33554432,0,1,25,25,0.833333333333333,2,0.583333333333333,0.25,0.800640769025436,8.33333333333333,6,10,1.60128153805087,8,6,10,2.02030508910442,8.33333333333333,6,10,1.60128153805087,0,1.91869125971184,2.82842712474619,0.595001260414515,0.802830657890947
460,"-1:-1|0:-2|2:-2|2:-1",4,TRUE,1,2,1,"mixed",2.11967716615477,2.82842712474619,2.75,4,2,1.93650581819917,2,8,1,25,0,TRUE,25,33554432,0,1,25,25,0.833333333333333,2,0.666666666666667,0.166666666666667,0.688332449299089,8.33333333333333,6,10,1.37666489859818,9,8,10,1.01015254455221,8.33333333333333,6,10,1.37666489859818,0,1.93650581819917,2.82842712474619,0.526988526209425,0.773285946864176
649,"-2:-1|0:-1|2:-2|2:0",4,TRUE,2,1,1,"mixed",2.01612377556149,2.82842712474619,2.5,4,2,1.93650581819917,2,8,1,25,0,TRUE,25,33554432,0,1,25,25,0.833333333333333,2,0.666666666666667,0.166666666666667,0.688332449299089,8.33333333333333,6,10,1.37666489859818,9,8,10,1.01015254455221,8.33333333333333,6,10,1.37666489859818,0,1.93650581819917,2.82842712474619,0.526988526209425,0.773285946864176
1156,"-1:-1|0:-2|2:-1|2:0",4,TRUE,2,1,1,"mixed",1.91257038496822,2.23606797749979,2.25,3,2,1.93650581819917,2,8,1,25,0,TRUE,25,33554432,0,1,25,25,0.833333333333333,2,0.666666666666667,0.166666666666667,0.688332449299089,8.33333333333333,6,10,1.37666489859818,9,8,10,1.01015254455221,8.33333333333333,6,10,1.37666489859818,0,1.93650581819917,2.82842712474619,0.526988526209425,0.773285946864176
1198,"-1:-1|-1:1|2:-1|2:0",4,TRUE,1,2,1,"mixed",1.76612377556149,2.23606797749979,2.25,3,2,1.93650581819917,2,8,1,25,0,TRUE,25,33554432,0,1,25,25,0.833333333333333,2,0.666666666666667,0.166666666666667,0.688332449299089,8.33333333333333,6,10,1.37666489859818,9,8,10,1.01015254455221,8.33333333333333,6,10,1.37666489859818,0,1.93650581819917,2.82842712474619,0.526988526209425,0.773285946864176
1271,"-1:-2|-1:0|0:2|1:-2",4,TRUE,2,0,2,"mixed",1.86803398874989,2.23606797749979,2.25,3,2,1.93650581819917,2,8,1,25,0,TRUE,25,33554432,0,1,25,25,0.833333333333333,2,0.666666666666667,0.166666666666667,0.688332449299089,8.33333333333333,6,10,1.37666489859818,9,8,10,1.01015254455221,8.33333333333333,6,10,1.37666489859818,0,1.93650581819917,2.82842712474619,0.526988526209425,0.773285946864176
448,"-1:0|1:-2|2:1|2:2",4,TRUE,1,1,2,"mixed",2.07514076993644,2.82842712474619,2.75,4,2,2.08437668466108,2,8,1,25,0,TRUE,25,33554432,0,1,25,25,0.833333333333333,2,0.666666666666667,0.166666666666667,0.688332449299089,8.33333333333333,6,10,1.37666489859818,8,8,8,0,8.33333333333333,6,10,1.37666489859818,0,2.08437668466108,2.82842712474619,0.711316335661704,0.752807182833085
524,"-2:-2|-1:-2|0:1|2:2",4,TRUE,1,2,1,"mixed",2.22323055674804,2.82842712474619,3,4,2,2.08437668466108,2,8,1,25,0,TRUE,25,33554432,0,1,25,25,0.833333333333333,2,0.666666666666667,0.166666666666667,0.688332449299089,8.33333333333333,6,10,1.37666489859818,8,8,8,0,8.33333333333333,6,10,1.37666489859818,0,2.08437668466108,2.82842712474619,0.711316335661704,0.752807182833085
529,"-1:-2|-1:-1|1:2|2:2",4,TRUE,0,2,2,"off_axis",2.17869416052972,2.82842712474619,3,4,2,2.08437668466108,2,8,1,25,0,TRUE,25,33554432,0,1,25,25,0.833333333333333,2,0.666666666666667,0.166666666666667,0.688332449299089,8.33333333333333,6,10,1.37666489859818,8,8,8,0,8.33333333333333,6,10,1.37666489859818,0,2.08437668466108,2.82842712474619,0.711316335661704,0.752807182833085
851,"-1:-1|1:0|2:-2|2:2",4,TRUE,1,3,0,"mixed",2.01776695296637,2.82842712474619,2.75,4,2,2.08437668466108,2,8,1,25,0,TRUE,25,33554432,0,1,25,25,0.833333333333333,2,0.666666666666667,0.166666666666667,0.688332449299089,8.33333333333333,6,10,1.37666489859818,8,8,8,0,8.33333333333333,6,10,1.37666489859818,0,2.08437668466108,2.82842712474619,0.711316335661704,0.752807182833085
1488,"-1:-2|-1:2|1:0|2:-1",4,TRUE,1,0,3,"mixed",1.92705098312484,2.23606797749979,2.5,3,2,2.08437668466108,2,8,1,25,0,TRUE,25,33554432,0,1,25,25,0.833333333333333,2,0.666666666666667,0.166666666666667,0.688332449299089,8.33333333333333,6,10,1.37666489859818,8,8,8,0,8.33333333333333,6,10,1.37666489859818,0,2.08437668466108,2.82842712474619,0.711316335661704,0.752807182833085
337,"-1:-1|2:-2|2:-1|2:0",4,TRUE,1,2,1,"mixed",2.11967716615477,2.82842712474619,2.75,4,2,1.89508446196187,2,8,1,25,0,TRUE,25,33554432,0,1,25,25,0.833333333333333,2,0.583333333333333,0.25,0.800640769025436,8.33333333333333,6,10,1.60128153805087,8,6,10,2.02030508910442,8.33333333333333,6,10,1.60128153805087,0,1.89508446196187,2.82842712474619,0.585619218368906,0.662606290457219
592,"-2:-1|0:-2|0:-1|2:-2",4,TRUE,2,1,1,"mixed",2.01612377556149,2.82842712474619,2.5,4,2,1.89508446196187,2,8,1,25,0,TRUE,25,33554432,0,1,25,25,0.833333333333333,2,0.583333333333333,0.25,0.800640769025436,8.33333333333333,6,10,1.60128153805087,8,6,10,2.02030508910442,8.33333333333333,6,10,1.60128153805087,0,1.89508446196187,2.82842712474619,0.585619218368906,0.662606290457219
1079,"-1:-1|-1:2|0:2|1:2",4,TRUE,1,1,2,"mixed",1.97158737934317,2.23606797749979,2.5,3,2,1.89508446196187,2,8,1,25,0,TRUE,25,33554432,0,1,25,25,0.833333333333333,2,0.583333333333333,0.25,0.800640769025436,8.33333333333333,6,10,1.60128153805087,8,6,10,2.02030508910442,8.33333333333333,6,10,1.60128153805087,0,1.89508446196187,2.82842712474619,0.585619218368906,0.662606290457219
1575,"-2:-1|0:-2|0:-1|2:0",4,TRUE,3,0,1,"mixed",1.80901699437495,2.23606797749979,2,3,2,1.89508446196187,2,8,1,25,0,TRUE,25,33554432,0,1,25,25,0.833333333333333,2,0.583333333333333,0.25,0.800640769025436,8.33333333333333,6,10,1.60128153805087,8,6,10,2.02030508910442,8.33333333333333,6,10,1.60128153805087,0,1.89508446196187,2.82842712474619,0.585619218368906,0.662606290457219
1604,"-1:-2|-1:0|0:2|1:0",4,TRUE,3,0,1,"mixed",1.55901699437495,2.23606797749979,1.75,3,2,1.89508446196187,2,8,1,25,0,TRUE,25,33554432,0,1,25,25,0.833333333333333,2,0.583333333333333,0.25,0.800640769025436,8.33333333333333,6,10,1.60128153805087,8,6,10,2.02030508910442,8.33333333333333,6,10,1.60128153805087,0,1.89508446196187,2.82842712474619,0.585619218368906,0.662606290457219
828,"-2:-1|-1:2|2:-2|2:2",4,TRUE,0,2,2,"off_axis",2.53224755112299,2.82842712474619,3.5,4,2,2.12514076993644,3,8,1,25,0,TRUE,25,33554432,0,1,25,25,0.833333333333333,2,0.75,0.0833333333333333,0.553694392684741,8.33333333333333,6,10,1.10738878536948,9,8,10,1.01015254455221,8.33333333333333,6,10,1.10738878536948,0,2.12514076993644,2.82842712474619,0.561522442367321,0.653958540514195
1015,"-1:-2|-1:0|1:-1|2:2",4,TRUE,1,2,1,"mixed",1.86967716615477,2.82842712474619,2.5,4,2,2.12514076993644,3,8,1,25,0,TRUE,25,33554432,0,1,25,25,0.833333333333333,2,0.75,0.0833333333333333,0.553694392684741,8.33333333333333,6,10,1.10738878536948,9,8,10,1.01015254455221,8.33333333333333,6,10,1.10738878536948,0,2.12514076993644,2.82842712474619,0.561522442367321,0.653958540514195
1064,"-2:-1|-1:0|0:-2|2:2",4,TRUE,2,1,1,"mixed",2.01612377556149,2.82842712474619,2.5,4,2,2.12514076993644,3,8,1,25,0,TRUE,25,33554432,0,1,25,25,0.833333333333333,2,0.75,0.0833333333333333,0.553694392684741,8.33333333333333,6,10,1.10738878536948,9,8,10,1.01015254455221,8.33333333333333,6,10,1.10738878536948,0,2.12514076993644,2.82842712474619,0.561522442367321,0.653958540514195
1095,"-1:-2|1:2|2:0|2:1",4,TRUE,1,0,3,"mixed",2.17705098312484,2.23606797749979,2.75,3,2,2.12514076993644,3,8,1,25,0,TRUE,25,33554432,0,1,25,25,0.833333333333333,2,0.75,0.0833333333333333,0.553694392684741,8.33333333333333,6,10,1.10738878536948,9,8,10,1.01015254455221,8.33333333333333,6,10,1.10738878536948,0,2.12514076993644,2.82842712474619,0.561522442367321,0.653958540514195
1243,"-1:-2|-1:-1|1:-2|2:1",4,TRUE,0,1,3,"off_axis",2.03060437371812,2.23606797749979,2.75,3,2,2.12514076993644,3,8,1,25,0,TRUE,25,33554432,0,1,25,25,0.833333333333333,2,0.75,0.0833333333333333,0.553694392684741,8.33333333333333,6,10,1.10738878536948,9,8,10,1.01015254455221,8.33333333333333,6,10,1.10738878536948,0,2.12514076993644,2.82842712474619,0.561522442367321,0.653958540514195
391,"-1:-1|1:2|2:1|2:2",4,TRUE,0,2,2,"off_axis",2.17869416052972,2.82842712474619,3,4,2,2.06142715787305,2,4,2,25,0,TRUE,25,33554432,0,1,25,25,0.833333333333333,2,0.666666666666667,0.166666666666667,0.688332449299089,8.33333333333333,6,10,1.37666489859818,8,8,8,0,8.33333333333333,6,10,1.37666489859818,0,2.06142715787305,2.82842712474619,0.782104051605118,0.616487004601467
869,"-2:-2|-1:1|2:-2|2:2",4,TRUE,0,4,0,"diagonal_only",2.47487373415292,2.82842712474619,3.5,4,2,2.06142715787305,2,4,2,25,0,TRUE,25,33554432,0,1,25,25,0.833333333333333,2,0.666666666666667,0.166666666666667,0.688332449299089,8.33333333333333,6,10,1.37666489859818,8,8,8,0,8.33333333333333,6,10,1.37666489859818,0,2.06142715787305,2.82842712474619,0.782104051605118,0.616487004601467
947,"-2:-2|-1:0|0:-1|2:2",4,TRUE,2,2,0,"mixed",1.9142135623731,2.82842712474619,2.5,4,2,2.06142715787305,2,4,2,25,0,TRUE,25,33554432,0,1,25,25,0.833333333333333,2,0.666666666666667,0.166666666666667,0.688332449299089,8.33333333333333,6,10,1.37666489859818,8,8,8,0,8.33333333333333,6,10,1.37666489859818,0,2.06142715787305,2.82842712474619,0.782104051605118,0.616487004601467
1042,"-1:-1|-1:0|1:-2|2:2",4,TRUE,1,2,1,"mixed",1.86967716615477,2.82842712474619,2.5,4,2,2.06142715787305,2,8,1,25,0,TRUE,25,33554432,0,1,25,25,0.833333333333333,2,0.666666666666667,0.166666666666667,0.688332449299089,8.33333333333333,6,10,1.37666489859818,8,8,8,0,8.33333333333333,6,10,1.37666489859818,0,2.06142715787305,2.82842712474619,0.782104051605118,0.616487004601467
483,"-1:-1|0:1|2:-2|2:-1",4,TRUE,1,2,1,"mixed",1.86967716615477,2.82842712474619,2.5,4,2,2.0607698869111,2,8,1,25,0,TRUE,25,33554432,0,1,25,25,0.833333333333333,2,0.666666666666667,0.166666666666667,0.688332449299089,8.33333333333333,6,10,1.37666489859818,8,6,10,2.02030508910442,8.33333333333333,6,10,1.37666489859818,0,2.0607698869111,2.82842712474619,0.709637993158325,0.612582815399356
489,"-1:0|0:-2|1:2|2:2",4,TRUE,2,1,1,"mixed",2.01612377556149,2.82842712474619,2.5,4,2,2.0607698869111,2,8,1,25,0,TRUE,25,33554432,0,1,25,25,0.833333333333333,2,0.666666666666667,0.166666666666667,0.688332449299089,8.33333333333333,6,10,1.37666489859818,8,6,10,2.02030508910442,8.33333333333333,6,10,1.37666489859818,0,2.0607698869111,2.82842712474619,0.709637993158325,0.612582815399356
497,"-2:-2|-2:-1|0:2|2:-2",4,TRUE,1,2,1,"mixed",2.47323055674804,2.82842712474619,3.25,4,2,2.0607698869111,3,8,1,25,0,TRUE,25,33554432,0,1,25,25,0.833333333333333,2,0.666666666666667,0.166666666666667,0.688332449299089,8.33333333333333,6,10,1.37666489859818,8,8,8,0,8.33333333333333,6,10,1.37666489859818,0,2.0607698869111,2.82842712474619,0.709637993158325,0.612582815399356
498,"-2:-1|0:2|2:-2|2:-1",4,TRUE,1,1,2,"mixed",2.32514076993644,2.82842712474619,3,4,2,2.0607698869111,3,8,1,25,0,TRUE,25,33554432,0,1,25,25,0.833333333333333,2,0.666666666666667,0.166666666666667,0.688332449299089,8.33333333333333,6,10,1.37666489859818,8,8,8,0,8.33333333333333,6,10,1.37666489859818,0,2.0607698869111,2.82842712474619,0.709637993158325,0.612582815399356
741,"-1:-2|0:-1|2:-2|2:2",4,TRUE,1,2,1,"mixed",2.22323055674804,2.82842712474619,3,4,2,2.0607698869111,2,8,1,25,0,TRUE,25,33554432,0,1,25,25,0.833333333333333,2,0.666666666666667,0.166666666666667,0.688332449299089,8.33333333333333,6,10,1.37666489859818,8,6,10,2.02030508910442,8.33333333333333,6,10,1.37666489859818,0,2.0607698869111,2.82842712474619,0.709637993158325,0.612582815399356
775,"-1:-1|0:-1|2:-2|2:1",4,TRUE,1,2,1,"mixed",1.86967716615477,2.82842712474619,2.5,4,2,2.0607698869111,3,8,1,25,0,TRUE,25,33554432,0,1,25,25,0.833333333333333,2,0.666666666666667,0.166666666666667,0.688332449299089,8.33333333333333,6,10,1.37666489859818,8,8,8,0,8.33333333333333,6,10,1.37666489859818,0,2.0607698869111,2.82842712474619,0.709637993158325,0.612582815399356
776,"-1:-2|0:1|1:0|2:-2",4,TRUE,2,1,1,"mixed",1.76612377556149,2.82842712474619,2.25,4,2,2.0607698869111,3,8,1,25,0,TRUE,25,33554432,0,1,25,25,0.833333333333333,2,0.666666666666667,0.166666666666667,0.688332449299089,8.33333333333333,6,10,1.37666489859818,8,8,8,0,8.33333333333333,6,10,1.37666489859818,0,2.0607698869111,2.82842712474619,0.709637993158325,0.612582815399356
807,"-1:-1|-1:0|2:-2|2:1",4,TRUE,1,2,1,"mixed",1.86967716615477,2.82842712474619,2.5,4,2,2.0607698869111,3,8,1,25,0,TRUE,25,33554432,0,1,25,25,0.833333333333333,2,0.666666666666667,0.166666666666667,0.688332449299089,8.33333333333333,6,10,1.37666489859818,8,8,8,0,8.33333333333333,6,10,1.37666489859818,0,2.0607698869111,2.82842712474619,0.709637993158325,0.612582815399356
860,"-2:-1|0:-1|2:-2|2:2",4,TRUE,1,2,1,"mixed",2.22323055674804,2.82842712474619,3,4,2,2.0607698869111,2,8,1,25,0,TRUE,25,33554432,0,1,25,25,0.833333333333333,2,0.666666666666667,0.166666666666667,0.688332449299089,8.33333333333333,6,10,1.37666489859818,8,6,10,2.02030508910442,8.33333333333333,6,10,1.37666489859818,0,2.0607698869111,2.82842712474619,0.709637993158325,0.612582815399356
1208,"-1:-2|-1:-1|2:0|2:1",4,TRUE,1,1,2,"mixed",1.97158737934317,2.23606797749979,2.5,3,2,2.0607698869111,2,8,1,25,0,TRUE,25,33554432,0,1,25,25,0.833333333333333,2,0.666666666666667,0.166666666666667,0.688332449299089,8.33333333333333,6,10,1.37666489859818,8,6,10,2.02030508910442,8.33333333333333,6,10,1.37666489859818,0,2.0607698869111,2.82842712474619,0.709637993158325,0.612582815399356
375,"-1:-2|2:-2|2:-1|2:2",4,TRUE,0,2,2,"off_axis",2.53224755112299,2.82842712474619,3.5,4,2,2.06011261594915,3,8,1,25,0,TRUE,25,33554432,0,1,25,25,0.833333333333333,2,0.666666666666667,0.166666666666667,0.688332449299089,8.33333333333333,6,10,1.37666489859818,8,6,10,2.02030508910442,8.33333333333333,6,10,1.37666489859818,0,2.06011261594915,2.82842712474619,0.628875548196174,0.608678626197242
832,"-1:-2|-1:2|2:-2|2:2",4,TRUE,0,2,2,"off_axis",2.53224755112299,2.82842712474619,3.5,4,2,2.06011261594915,3,4,2,25,0,TRUE,25,33554432,0,1,25,25,0.833333333333333,2,0.666666666666667,0.166666666666667,0.688332449299089,8.33333333333333,6,10,1.37666489859818,8,6,10,2.02030508910442,8.33333333333333,6,10,1.37666489859818,0,2.06011261594915,2.82842712474619,0.628875548196174,0.608678626197242
958,"-1:0|0:-2|1:0|2:2",4,TRUE,3,1,0,"mixed",1.70710678118655,2.82842712474619,2,4,2,2.06011261594915,3,8,1,25,0,TRUE,25,33554432,0,1,25,25,0.833333333333333,2,0.666666666666667,0.166666666666667,0.688332449299089,8.33333333333333,6,10,1.37666489859818,8,6,10,2.02030508910442,8.33333333333333,6,10,1.37666489859818,0,2.06011261594915,2.82842712474619,0.628875548196174,0.608678626197242
1058,"-2:-1|0:-2|0:-1|2:2",4,TRUE,2,1,1,"mixed",2.01612377556149,2.82842712474619,2.5,4,2,2.06011261594915,3,8,1,25,0,TRUE,25,33554432,0,1,25,25,0.833333333333333,2,0.666666666666667,0.166666666666667,0.688332449299089,8.33333333333333,6,10,1.37666489859818,8,6,10,2.02030508910442,8.33333333333333,6,10,1.37666489859818,0,2.06011261594915,2.82842712474619,0.628875548196174,0.608678626197242
1066,"-1:-2|-1:0|0:-2|2:2",4,TRUE,2,1,1,"mixed",2.01612377556149,2.82842712474619,2.5,4,2,2.06011261594915,3,8,1,25,0,TRUE,25,33554432,0,1,25,25,0.833333333333333,2,0.666666666666667,0.166666666666667,0.688332449299089,8.33333333333333,6,10,1.37666489859818,8,6,10,2.02030508910442,8.33333333333333,6,10,1.37666489859818,0,2.06011261594915,2.82842712474619,0.628875548196174,0.608678626197242
1078,"-1:-2|0:-2|1:-2|2:1",4,TRUE,1,0,3,"mixed",2.17705098312484,2.23606797749979,2.75,3,2,2.06011261594915,3,8,1,25,0,TRUE,25,33554432,0,1,25,25,0.833333333333333,2,0.666666666666667,0.166666666666667,0.688332449299089,8.33333333333333,6,10,1.37666489859818,8,6,10,2.02030508910442,8.33333333333333,6,10,1.37666489859818,0,2.06011261594915,2.82842712474619,0.628875548196174,0.608678626197242
1169,"-1:-2|-1:0|0:-2|2:1",4,TRUE,2,0,2,"mixed",1.86803398874989,2.23606797749979,2.25,3,2,2.06011261594915,3,8,1,25,0,TRUE,25,33554432,0,1,25,25,0.833333333333333,2,0.666666666666667,0.166666666666667,0.688332449299089,8.33333333333333,6,10,1.37666489859818,8,6,10,2.02030508910442,8.33333333333333,6,10,1.37666489859818,0,2.06011261594915,2.82842712474619,0.628875548196174,0.608678626197242
1576,"-1:-2|1:0|1:2|2:0",4,TRUE,2,0,2,"mixed",1.86803398874989,2.23606797749979,2.25,3,2,2.06011261594915,3,8,1,25,0,TRUE,25,33554432,0,1,25,25,0.833333333333333,2,0.666666666666667,0.166666666666667,0.688332449299089,8.33333333333333,6,10,1.37666489859818,8,6,10,2.02030508910442,8.33333333333333,6,10,1.37666489859818,0,2.06011261594915,2.82842712474619,0.628875548196174,0.608678626197242
435,"-1:-1|-1:1|1:-2|2:-2",4,TRUE,0,3,1,"off_axis",1.97323055674804,2.82842712474619,2.75,4,2,2.10219124314841,2,8,1,25,0,TRUE,25,33554432,0,1,25,25,0.833333333333333,2,0.75,0.0833333333333333,0.553694392684741,8.33333333333333,6,10,1.10738878536948,9,8,10,1.01015254455221,8.33333333333333,6,10,1.10738878536948,0,2.10219124314841,2.82842712474619,0.650463063457386,0.517638362282577
765,"-1:0|1:-2|2:-1|2:2",4,TRUE,1,1,2,"mixed",2.07514076993644,2.82842712474619,2.75,4,2,2.10219124314841,2,8,1,25,0,TRUE,25,33554432,0,1,25,25,0.833333333333333,2,0.75,0.0833333333333333,0.553694392684741,8.33333333333333,6,10,1.10738878536948,9,8,10,1.01015254455221,8.33333333333333,6,10,1.10738878536948,0,2.10219124314841,2.82842712474619,0.650463063457386,0.517638362282577
821,"-2:-1|-2:2|1:0|2:-2",4,TRUE,1,2,1,"mixed",2.22323055674804,2.82842712474619,3,4,2,2.10219124314841,2,8,1,25,0,TRUE,25,33554432,0,1,25,25,0.833333333333333,2,0.75,0.0833333333333333,0.553694392684741,8.33333333333333,6,10,1.10738878536948,9,8,10,1.01015254455221,8.33333333333333,6,10,1.10738878536948,0,2.10219124314841,2.82842712474619,0.650463063457386,0.517638362282577
867,"-2:-2|-1:1|0:2|2:-2",4,TRUE,1,3,0,"mixed",2.26776695296637,2.82842712474619,3,4,2,2.10219124314841,2,8,1,25,0,TRUE,25,33554432,0,1,25,25,0.833333333333333,2,0.75,0.0833333333333333,0.553694392684741,8.33333333333333,6,10,1.10738878536948,9,8,10,1.01015254455221,8.33333333333333,6,10,1.10738878536948,0,2.10219124314841,2.82842712474619,0.650463063457386,0.517638362282577
1536,"-1:-2|-1:2|1:-1|2:0",4,TRUE,1,1,2,"mixed",1.97158737934317,2.23606797749979,2.5,3,2,2.10219124314841,2,8,1,25,0,TRUE,25,33554432,0,1,25,25,0.833333333333333,2,0.75,0.0833333333333333,0.553694392684741,8.33333333333333,6,10,1.10738878536948,9,8,10,1.01015254455221,8.33333333333333,6,10,1.10738878536948,0,2.10219124314841,2.82842712474619,0.650463063457386,0.517638362282577
492,"-1:-2|0:2|2:-2|2:-1",4,TRUE,1,1,2,"mixed",2.32514076993644,2.82842712474619,3,4,2,2.10153397218646,3,8,1,25,0,TRUE,25,33554432,0,1,25,25,0.833333333333333,2,0.75,0.0833333333333333,0.553694392684741,8.33333333333333,6,10,1.10738878536948,9,8,10,1.01015254455221,8.33333333333333,6,10,1.10738878536948,0,2.10153397218646,2.82842712474619,0.561303011598098,0.513734173080466
493,"-1:-1|0:2|2:-2|2:-1",4,TRUE,1,2,1,"mixed",2.11967716615477,2.82842712474619,2.75,4,2,2.10153397218646,3,8,1,25,0,TRUE,25,33554432,0,1,25,25,0.833333333333333,2,0.75,0.0833333333333333,0.553694392684741,8.33333333333333,6,10,1.10738878536948,9,8,10,1.01015254455221,8.33333333333333,6,10,1.10738878536948,0,2.10153397218646,2.82842712474619,0.561303011598098,0.513734173080466
631,"-2:-1|0:-2|2:-2|2:2",4,TRUE,1,2,1,"mixed",2.47323055674804,2.82842712474619,3.25,4,2,2.10153397218646,3,8,1,25,0,TRUE,25,33554432,0,1,25,25,0.833333333333333,2,0.75,0.0833333333333333,0.553694392684741,8.33333333333333,6,10,1.10738878536948,9,8,10,1.01015254455221,8.33333333333333,6,10,1.10738878536948,0,2.10153397218646,2.82842712474619,0.561303011598098,0.513734173080466
655,"-1:-1|0:1|2:-2|2:0",4,TRUE,2,2,0,"mixed",1.81066017177982,2.82842712474619,2.25,4,2,2.10153397218646,3,8,1,25,0,TRUE,25,33554432,0,1,25,25,0.833333333333333,2,0.75,0.0833333333333333,0.553694392684741,8.33333333333333,6,10,1.10738878536948,9,8,10,1.01015254455221,8.33333333333333,6,10,1.10738878536948,0,2.10153397218646,2.82842712474619,0.561303011598098,0.513734173080466
780,"-1:-2|1:0|1:2|2:-2",4,TRUE,1,1,2,"mixed",2.07514076993644,2.82842712474619,2.75,4,2,2.10153397218646,3,8,1,25,0,TRUE,25,33554432,0,1,25,25,0.833333333333333,2,0.75,0.0833333333333333,0.553694392684741,8.33333333333333,6,10,1.10738878536948,9,8,10,1.01015254455221,8.33333333333333,6,10,1.10738878536948,0,2.10153397218646,2.82842712474619,0.561303011598098,0.513734173080466
781,"-1:-2|0:2|1:0|2:-2",4,TRUE,2,1,1,"mixed",2.01612377556149,2.82842712474619,2.5,4,2,2.10153397218646,3,8,1,25,0,TRUE,25,33554432,0,1,25,25,0.833333333333333,2,0.75,0.0833333333333333,0.553694392684741,8.33333333333333,6,10,1.10738878536948,9,8,10,1.01015254455221,8.33333333333333,6,10,1.10738878536948,0,2.10153397218646,2.82842712474619,0.561303011598098,0.513734173080466
789,"-1:-2|0:-1|2:-1|2:2",4,TRUE,1,1,2,"mixed",2.07514076993644,2.82842712474619,2.75,4,2,2.10153397218646,3,8,1,25,0,TRUE,25,33554432,0,1,25,25,0.833333333333333,2,0.75,0.0833333333333333,0.553694392684741,8.33333333333333,6,10,1.10738878536948,9,8,10,1.01015254455221,8.33333333333333,6,10,1.10738878536948,0,2.10153397218646,2.82842712474619,0.561303011598098,0.513734173080466
1189,"-1:-2|0:-2|1:2|2:0",4,TRUE,2,0,2,"mixed",2.11803398874989,2.23606797749979,2.5,3,2,2.10153397218646,3,8,1,25,0,TRUE,25,33554432,0,1,25,25,0.833333333333333,2,0.75,0.0833333333333333,0.553694392684741,8.33333333333333,6,10,1.10738878536948,9,8,10,1.01015254455221,8.33333333333333,6,10,1.10738878536948,0,2.10153397218646,2.82842712474619,0.561303011598098,0.513734173080466
1192,"-1:-1|-1:2|2:0|2:1",4,TRUE,1,1,2,"mixed",1.97158737934317,2.23606797749979,2.5,3,2,2.10153397218646,3,8,1,25,0,TRUE,25,33554432,0,1,25,25,0.833333333333333,2,0.75,0.0833333333333333,0.553694392684741,8.33333333333333,6,10,1.10738878536948,9,8,10,1.01015254455221,8.33333333333333,6,10,1.10738878536948,0,2.10153397218646,2.82842712474619,0.561303011598098,0.513734173080466
1273,"-1:-2|-1:-1|2:-1|2:1",4,TRUE,0,1,3,"off_axis",2.03060437371812,2.23606797749979,2.75,3,2,2.10153397218646,3,8,1,25,0,TRUE,25,33554432,0,1,25,25,0.833333333333333,2,0.75,0.0833333333333333,0.553694392684741,8.33333333333333,6,10,1.10738878536948,9,8,10,1.01015254455221,8.33333333333333,6,10,1.10738878536948,0,2.10153397218646,2.82842712474619,0.561303011598098,0.513734173080466
484,"-1:0|0:-1|1:2|2:2",4,TRUE,2,1,1,"mixed",1.76612377556149,2.82842712474619,2.25,4,2,2.02000580163574,2,8,1,25,0,TRUE,25,33554432,0,1,25,25,0.833333333333333,2,0.583333333333333,0.25,0.800640769025436,8.33333333333333,6,10,1.60128153805087,7,6,8,1.01015254455221,8.33333333333333,6,10,1.60128153805087,0,2.02000580163574,2.82842712474619,0.829709829704831,0.50580734819451
488,"-1:0|1:-2|1:2|2:-2",4,TRUE,1,1,2,"mixed",2.07514076993644,2.82842712474619,2.75,4,2,2.02000580163574,2,8,1,25,0,TRUE,25,33554432,0,1,25,25,0.833333333333333,2,0.583333333333333,0.25,0.800640769025436,8.33333333333333,6,10,1.60128153805087,7,6,8,1.01015254455221,8.33333333333333,6,10,1.60128153805087,0,2.02000580163574,2.82842712474619,0.829709829704831,0.50580734819451
518,"-1:-1|-1:0|2:1|2:2",4,TRUE,1,2,1,"mixed",1.86967716615477,2.82842712474619,2.5,4,2,2.02000580163574,2,8,1,25,0,TRUE,25,33554432,0,1,25,25,0.833333333333333,2,0.583333333333333,0.25,0.800640769025436,8.33333333333333,6,10,1.60128153805087,7,6,8,1.01015254455221,8.33333333333333,6,10,1.60128153805087,0,2.02000580163574,2.82842712474619,0.829709829704831,0.50580734819451
853,"-2:-2|-2:2|-1:0|2:-2",4,TRUE,1,3,0,"mixed",2.37132034355964,2.82842712474619,3.25,4,2,2.02000580163574,2,8,1,25,0,TRUE,25,33554432,0,1,25,25,0.833333333333333,2,0.583333333333333,0.25,0.800640769025436,8.33333333333333,6,10,1.60128153805087,7,6,8,1.01015254455221,8.33333333333333,6,10,1.60128153805087,0,2.02000580163574,2.82842712474619,0.829709829704831,0.50580734819451
857,"-1:-1|0:-1|2:-2|2:2",4,TRUE,1,3,0,"mixed",2.01776695296637,2.82842712474619,2.75,4,2,2.02000580163574,2,8,1,25,0,TRUE,25,33554432,0,1,25,25,0.833333333333333,2,0.583333333333333,0.25,0.800640769025436,8.33333333333333,6,10,1.60128153805087,7,6,8,1.01015254455221,8.33333333333333,6,10,1.60128153805087,0,2.02000580163574,2.82842712474619,0.829709829704831,0.50580734819451
1253,"-1:-2|0:-1|0:2|1:-2",4,TRUE,2,0,2,"mixed",1.86803398874989,2.23606797749979,2.25,3,2,1.7128990204492,1,4,2,25,0,TRUE,25,33554432,0,1,25,25,0.833333333333333,2,0.583333333333333,0.25,0.800640769025436,8.33333333333333,6,10,1.60128153805087,9,8,10,1.01015254455221,8.33333333333333,6,10,1.60128153805087,0,1.7128990204492,2.23606797749979,0.429440133900699,0.479256494968646
1374,"-1:-1|0:-2|1:-1|2:-1",4,TRUE,1,2,1,"mixed",1.76612377556149,2.23606797749979,2.25,3,2,1.7128990204492,1,8,1,25,0,TRUE,25,33554432,0,1,25,25,0.833333333333333,2,0.583333333333333,0.25,0.800640769025436,8.33333333333333,6,10,1.60128153805087,9,8,10,1.01015254455221,8.33333333333333,6,10,1.60128153805087,0,1.7128990204492,2.23606797749979,0.429440133900699,0.479256494968646
1652,"-1:-1|0:-2|0:1|1:-1",4,TRUE,2,2,0,"mixed",1.45710678118655,2,1.75,2,2,1.7128990204492,1,4,2,25,0,TRUE,25,33554432,0,1,25,25,0.833333333333333,2,0.583333333333333,0.25,0.800640769025436,8.33333333333333,6,10,1.60128153805087,9,8,10,1.01015254455221,8.33333333333333,6,10,1.60128153805087,0,1.7128990204492,2.23606797749979,0.429440133900699,0.479256494968646
1653,"-1:-1|0:-2|0:2|1:-1",4,TRUE,2,2,0,"mixed",1.70710678118655,2,2,2,2,1.7128990204492,1,4,2,25,0,TRUE,25,33554432,0,1,25,25,0.833333333333333,2,0.583333333333333,0.25,0.800640769025436,8.33333333333333,6,10,1.60128153805087,9,8,10,1.01015254455221,8.33333333333333,6,10,1.60128153805087,0,1.7128990204492,2.23606797749979,0.429440133900699,0.479256494968646
339,"-1:-1|0:2|1:2|2:2",4,TRUE,1,2,1,"mixed",2.11967716615477,2.82842712474619,2.75,4,2,2.03716308916112,2,8,1,25,0,TRUE,25,33554432,0,1,25,25,0.833333333333333,2,0.666666666666667,0.166666666666667,0.688332449299089,8.33333333333333,6,10,1.37666489859818,8,6,10,2.02030508910442,8.33333333333333,6,10,1.37666489859818,0,2.03716308916112,2.82842712474619,0.707080498450027,0.472358447965627
376,"-1:-1|2:-2|2:-1|2:2",4,TRUE,0,3,1,"off_axis",2.32678394734132,2.82842712474619,3.25,4,2,2.03716308916112,2,8,1,25,0,TRUE,25,33554432,0,1,25,25,0.833333333333333,2,0.666666666666667,0.166666666666667,0.688332449299089,8.33333333333333,6,10,1.37666489859818,8,6,10,2.02030508910442,8.33333333333333,6,10,1.37666489859818,0,2.03716308916112,2.82842712474619,0.707080498450027,0.472358447965627
606,"-2:-2|-2:0|-1:0|2:2",4,TRUE,2,2,0,"mixed",2.16421356237309,2.82842712474619,2.75,4,2,2.03716308916112,2,8,1,25,0,TRUE,25,33554432,0,1,25,25,0.833333333333333,2,0.666666666666667,0.166666666666667,0.688332449299089,8.33333333333333,6,10,1.37666489859818,8,6,10,2.02030508910442,8.33333333333333,6,10,1.37666489859818,0,2.03716308916112,2.82842712474619,0.707080498450027,0.472358447965627
937,"-1:0|1:-2|1:0|2:2",4,TRUE,2,1,1,"mixed",1.76612377556149,2.82842712474619,2.25,4,2,2.03716308916112,2,8,1,25,0,TRUE,25,33554432,0,1,25,25,0.833333333333333,2,0.666666666666667,0.166666666666667,0.688332449299089,8.33333333333333,6,10,1.37666489859818,8,6,10,2.02030508910442,8.33333333333333,6,10,1.37666489859818,0,2.03716308916112,2.82842712474619,0.707080498450027,0.472358447965627
1623,"-1:-2|0:2|1:0|2:0",4,TRUE,3,0,1,"mixed",1.80901699437495,2.23606797749979,2,3,2,2.03716308916112,2,8,1,25,0,TRUE,25,33554432,0,1,25,25,0.833333333333333,2,0.666666666666667,0.166666666666667,0.688332449299089,8.33333333333333,6,10,1.37666489859818,8,6,10,2.02030508910442,8.33333333333333,6,10,1.37666489859818,0,2.03716308916112,2.82842712474619,0.707080498450027,0.472358447965627
515,"-2:-2|-1:-2|-1:1|0:2",4,TRUE,1,2,1,"mixed",2.11967716615477,2.82842712474619,2.75,4,2,1.87792717443648,1,8,1,25,0,TRUE,25,33554432,0,1,25,25,0.833333333333333,2,0.666666666666667,0.166666666666667,0.688332449299089,8.33333333333333,6,10,1.37666489859818,9,8,10,1.01015254455221,8.33333333333333,6,10,1.37666489859818,0,1.87792717443648,2.82842712474619,0.551149835962157,0.425328830708668
607,"-2:-1|-1:-1|0:-2|2:-2",4,TRUE,1,2,1,"mixed",2.11967716615477,2.82842712474619,2.75,4,2,1.87792717443648,1,8,1,25,0,TRUE,25,33554432,0,1,25,25,0.833333333333333,2,0.666666666666667,0.166666666666667,0.688332449299089,8.33333333333333,6,10,1.37666489859818,9,8,10,1.01015254455221,8.33333333333333,6,10,1.37666489859818,0,1.87792717443648,2.82842712474619,0.551149835962157,0.425328830708668
686,"-2:-1|-1:-1|2:-2|2:0",4,TRUE,1,2,1,"mixed",2.11967716615477,2.82842712474619,2.75,4,2,1.87792717443648,1,8,1,25,0,TRUE,25,33554432,0,1,25,25,0.833333333333333,2,0.666666666666667,0.166666666666667,0.688332449299089,8.33333333333333,6,10,1.37666489859818,9,8,10,1.01015254455221,8.33333333333333,6,10,1.37666489859818,0,1.87792717443648,2.82842712474619,0.551149835962157,0.425328830708668
732,"-2:-1|-1:-2|0:-1|2:-2",4,TRUE,1,1,2,"mixed",2.07514076993644,2.82842712474619,2.75,4,2,1.87792717443648,1,8,1,25,0,TRUE,25,33554432,0,1,25,25,0.833333333333333,2,0.666666666666667,0.166666666666667,0.688332449299089,8.33333333333333,6,10,1.37666489859818,9,8,10,1.01015254455221,8.33333333333333,6,10,1.37666489859818,0,1.87792717443648,2.82842712474619,0.551149835962157,0.425328830708668
1136,"-1:-1|-1:1|0:-2|1:-2",4,TRUE,1,2,1,"mixed",1.76612377556149,2.23606797749979,2.25,3,2,1.87792717443648,1,8,1,25,0,TRUE,25,33554432,0,1,25,25,0.833333333333333,2,0.666666666666667,0.166666666666667,0.688332449299089,8.33333333333333,6,10,1.37666489859818,9,8,10,1.01015254455221,8.33333333333333,6,10,1.37666489859818,0,1.87792717443648,2.82842712474619,0.551149835962157,0.425328830708668
1250,"-1:-1|-1:2|0:1|1:2",4,TRUE,1,1,2,"mixed",1.72158737934317,2.23606797749979,2.25,3,2,1.87792717443648,1,8,1,25,0,TRUE,25,33554432,0,1,25,25,0.833333333333333,2,0.666666666666667,0.166666666666667,0.688332449299089,8.33333333333333,6,10,1.37666489859818,9,8,10,1.01015254455221,8.33333333333333,6,10,1.37666489859818,0,1.87792717443648,2.82842712474619,0.551149835962157,0.425328830708668
1352,"-1:-2|-1:-1|1:-1|2:0",4,TRUE,1,2,1,"mixed",1.76612377556149,2.23606797749979,2.25,3,2,1.87792717443648,1,8,1,25,0,TRUE,25,33554432,0,1,25,25,0.833333333333333,2,0.666666666666667,0.166666666666667,0.688332449299089,8.33333333333333,6,10,1.37666489859818,9,8,10,1.01015254455221,8.33333333333333,6,10,1.37666489859818,0,1.87792717443648,2.82842712474619,0.551149835962157,0.425328830708668
1379,"-2:-1|-1:-1|0:-2|2:0",4,TRUE,2,1,1,"mixed",1.91257038496822,2.23606797749979,2.25,3,2,1.87792717443648,1,8,1,25,0,TRUE,25,33554432,0,1,25,25,0.833333333333333,2,0.666666666666667,0.166666666666667,0.688332449299089,8.33333333333333,6,10,1.37666489859818,9,8,10,1.01015254455221,8.33333333333333,6,10,1.37666489859818,0,1.87792717443648,2.82842712474619,0.551149835962157,0.425328830708668
1492,"-1:-1|-1:1|1:0|2:-1",4,TRUE,1,2,1,"mixed",1.51612377556149,2.23606797749979,2,3,2,1.87792717443648,1,8,1,25,0,TRUE,25,33554432,0,1,25,25,0.833333333333333,2,0.666666666666667,0.166666666666667,0.688332449299089,8.33333333333333,6,10,1.37666489859818,9,8,10,1.01015254455221,8.33333333333333,6,10,1.37666489859818,0,1.87792717443648,2.82842712474619,0.551149835962157,0.425328830708668
1626,"-1:-1|-1:2|0:-2|1:0",4,TRUE,2,1,1,"mixed",1.66257038496822,2.23606797749979,2,3,2,1.87792717443648,1,8,1,25,0,TRUE,25,33554432,0,1,25,25,0.833333333333333,2,0.666666666666667,0.166666666666667,0.688332449299089,8.33333333333333,6,10,1.37666489859818,9,8,10,1.01015254455221,8.33333333333333,6,10,1.37666489859818,0,1.87792717443648,2.82842712474619,0.551149835962157,0.425328830708668
511,"-1:-1|-1:1|2:-2|2:-1",4,TRUE,0,3,1,"off_axis",1.97323055674804,2.82842712474619,2.75,4,2,2.07858444539843,2,8,1,25,0,TRUE,25,33554432,0,1,25,25,0.833333333333333,2,0.75,0.0833333333333333,0.553694392684741,8.33333333333333,6,10,1.10738878536948,9,8,10,1.01015254455221,8.33333333333333,6,10,1.10738878536948,0,2.07858444539843,2.82842712474619,0.649347281975168,0.377413994848848
617,"-1:-1|0:-2|2:-2|2:2",4,TRUE,1,3,0,"mixed",2.26776695296637,2.82842712474619,3,4,2,2.07858444539843,2,8,1,25,0,TRUE,25,33554432,0,1,25,25,0.833333333333333,2,0.75,0.0833333333333333,0.553694392684741,8.33333333333333,6,10,1.10738878536948,9,8,10,1.01015254455221,8.33333333333333,6,10,1.10738878536948,0,2.07858444539843,2.82842712474619,0.649347281975168,0.377413994848848
660,"-1:0|0:-2|1:2|2:-2",4,TRUE,2,1,1,"mixed",2.01612377556149,2.82842712474619,2.5,4,2,2.07858444539843,2,8,1,25,0,TRUE,25,33554432,0,1,25,25,0.833333333333333,2,0.75,0.0833333333333333,0.553694392684741,8.33333333333333,6,10,1.10738878536948,9,8,10,1.01015254455221,8.33333333333333,6,10,1.10738878536948,0,2.07858444539843,2.82842712474619,0.649347281975168,0.377413994848848
794,"-2:-1|-2:2|0:-1|2:-2",4,TRUE,1,2,1,"mixed",2.22323055674804,2.82842712474619,3,4,2,2.07858444539843,2,8,1,25,0,TRUE,25,33554432,0,1,25,25,0.833333333333333,2,0.75,0.0833333333333333,0.553694392684741,8.33333333333333,6,10,1.10738878536948,9,8,10,1.01015254455221,8.33333333333333,6,10,1.10738878536948,0,2.07858444539843,2.82842712474619,0.649347281975168,0.377413994848848
1185,"-1:-1|0:-2|2:0|2:1",4,TRUE,2,1,1,"mixed",1.91257038496822,2.23606797749979,2.25,3,2,2.07858444539843,2,8,1,25,0,TRUE,25,33554432,0,1,25,25,0.833333333333333,2,0.75,0.0833333333333333,0.553694392684741,8.33333333333333,6,10,1.10738878536948,9,8,10,1.01015254455221,8.33333333333333,6,10,1.10738878536948,0,2.07858444539843,2.82842712474619,0.649347281975168,0.377413994848848
556,"-1:-2|0:-2|0:1|2:-2",4,TRUE,2,1,1,"mixed",2.01612377556149,2.82842712474619,2.5,4,2,2.0128990204492,3,8,1,25,0,TRUE,25,33554432,0,1,25,25,0.833333333333333,2,0.666666666666667,0.166666666666667,0.688332449299089,8.33333333333333,6,10,1.37666489859818,8,8,8,0,8.33333333333333,6,10,1.37666489859818,0,2.0128990204492,2.82842712474619,0.622037452851217,0.328229891329785
573,"-2:-2|-2:0|-2:2|2:0",4,TRUE,2,2,0,"mixed",2.41421356237309,2.82842712474619,3,4,2,2.0128990204492,3,4,2,25,0,TRUE,25,33554432,0,1,25,25,0.833333333333333,2,0.666666666666667,0.166666666666667,0.688332449299089,8.33333333333333,6,10,1.37666489859818,8,8,8,0,8.33333333333333,6,10,1.37666489859818,0,2.0128990204492,2.82842712474619,0.622037452851217,0.328229891329785
1609,"-1:-2|-1:0|-1:2|2:0",4,TRUE,2,0,2,"mixed",1.86803398874989,2.23606797749979,2.25,3,2,2.0128990204492,3,4,2,25,0,TRUE,25,33554432,0,1,25,25,0.833333333333333,2,0.666666666666667,0.166666666666667,0.688332449299089,8.33333333333333,6,10,1.37666489859818,8,8,8,0,8.33333333333333,6,10,1.37666489859818,0,2.0128990204492,2.82842712474619,0.622037452851217,0.328229891329785
1694,"-1:0|0:-2|0:2|2:0",4,TRUE,4,0,0,"axis_only",1.75,2,1.75,2,2,2.0128990204492,3,4,2,25,0,TRUE,25,33554432,0,1,25,25,0.833333333333333,2,0.666666666666667,0.166666666666667,0.688332449299089,8.33333333333333,6,10,1.37666489859818,8,8,8,0,8.33333333333333,6,10,1.37666489859818,0,2.0128990204492,2.82842712474619,0.622037452851217,0.328229891329785
546,"-1:-2|0:-2|1:-1|2:-2",4,TRUE,1,2,1,"mixed",2.11967716615477,2.82842712474619,2.75,4,2,1.85432037668651,1,8,1,25,0,TRUE,25,33554432,0,1,25,25,0.833333333333333,2,0.666666666666667,0.166666666666667,0.688332449299089,8.33333333333333,6,10,1.37666489859818,9,8,10,1.01015254455221,8.33333333333333,6,10,1.37666489859818,0,1.85432037668651,2.82842712474619,0.539027870445404,0.28510446327494
588,"-2:-2|-1:-1|0:-2|0:2",4,TRUE,2,2,0,"mixed",2.06066017177982,2.82842712474619,2.5,4,2,1.85432037668651,1,8,1,25,0,TRUE,25,33554432,0,1,25,25,0.833333333333333,2,0.666666666666667,0.166666666666667,0.688332449299089,8.33333333333333,6,10,1.37666489859818,9,8,10,1.01015254455221,8.33333333333333,6,10,1.37666489859818,0,1.85432037668651,2.82842712474619,0.539027870445404,0.28510446327494
1305,"-2:-1|-1:-2|-1:0|2:0",4,TRUE,2,0,2,"mixed",1.86803398874989,2.23606797749979,2.25,3,2,1.85432037668651,1,8,1,25,0,TRUE,25,33554432,0,1,25,25,0.833333333333333,2,0.666666666666667,0.166666666666667,0.688332449299089,8.33333333333333,6,10,1.37666489859818,9,8,10,1.01015254455221,8.33333333333333,6,10,1.37666489859818,0,1.85432037668651,2.82842712474619,0.539027870445404,0.28510446327494
1354,"-1:-1|-1:1|-1:2|1:1",4,TRUE,0,3,1,"off_axis",1.61967716615477,2.23606797749979,2.25,3,2,1.85432037668651,1,8,1,25,0,TRUE,25,33554432,0,1,25,25,0.833333333333333,2,0.666666666666667,0.166666666666667,0.688332449299089,8.33333333333333,6,10,1.37666489859818,9,8,10,1.01015254455221,8.33333333333333,6,10,1.37666489859818,0,1.85432037668651,2.82842712474619,0.539027870445404,0.28510446327494
1654,"-1:0|0:-2|1:-1|2:0",4,TRUE,3,1,0,"mixed",1.60355339059327,2,1.75,2,2,1.85432037668651,1,8,1,25,0,TRUE,25,33554432,0,1,25,25,0.833333333333333,2,0.666666666666667,0.166666666666667,0.688332449299089,8.33333333333333,6,10,1.37666489859818,9,8,10,1.01015254455221,8.33333333333333,6,10,1.37666489859818,0,1.85432037668651,2.82842712474619,0.539027870445404,0.28510446327494
752,"-1:-2|-1:-1|0:1|2:-2",4,TRUE,1,2,1,"mixed",1.86967716615477,2.82842712474619,2.5,4,2,2.00153397218646,2,8,1,25,0,TRUE,25,33554432,0,1,25,25,0.833333333333333,2,0.666666666666667,0.166666666666667,0.688332449299089,8.33333333333333,6,10,1.37666489859818,8,6,10,2.02030508910442,8.33333333333333,6,10,1.37666489859818,0,2.00153397218646,2.82842712474619,0.661531689157382,0.260721510041735
820,"-1:-2|-1:2|0:-1|2:2",4,TRUE,1,1,2,"mixed",2.07514076993644,2.82842712474619,2.75,4,2,2.00153397218646,2,8,1,25,0,TRUE,25,33554432,0,1,25,25,0.833333333333333,2,0.666666666666667,0.166666666666667,0.688332449299089,8.33333333333333,6,10,1.37666489859818,8,6,10,2.02030508910442,8.33333333333333,6,10,1.37666489859818,0,2.00153397218646,2.82842712474619,0.661531689157382,0.260721510041735
873,"-2:-1|-2:0|2:-2|2:2",4,TRUE,1,2,1,"mixed",2.47323055674804,2.82842712474619,3.25,4,2,2.00153397218646,2,8,1,25,0,TRUE,25,33554432,0,1,25,25,0.833333333333333,2,0.666666666666667,0.166666666666667,0.688332449299089,8.33333333333333,6,10,1.37666489859818,8,6,10,2.02030508910442,8.33333333333333,6,10,1.37666489859818,0,2.00153397218646,2.82842712474619,0.661531689157382,0.260721510041735
1419,"-1:-2|-1:-1|0:1|2:1",4,TRUE,1,1,2,"mixed",1.72158737934317,2.23606797749979,2.25,3,2,2.00153397218646,2,8,1,25,0,TRUE,25,33554432,0,1,25,25,0.833333333333333,2,0.666666666666667,0.166666666666667,0.688332449299089,8.33333333333333,6,10,1.37666489859818,8,6,10,2.02030508910442,8.33333333333333,6,10,1.37666489859818,0,2.00153397218646,2.82842712474619,0.661531689157382,0.260721510041735
1483,"-1:-2|-1:2|0:-1|2:0",4,TRUE,2,0,2,"mixed",1.86803398874989,2.23606797749979,2.25,3,2,2.00153397218646,2,8,1,25,0,TRUE,25,33554432,0,1,25,25,0.833333333333333,2,0.666666666666667,0.166666666666667,0.688332449299089,8.33333333333333,6,10,1.37666489859818,8,6,10,2.02030508910442,8.33333333333333,6,10,1.37666489859818,0,2.00153397218646,2.82842712474619,0.661531689157382,0.260721510041735
433,"-1:-1|1:-2|1:1|2:-2",4,TRUE,0,3,1,"off_axis",1.97323055674804,2.82842712474619,2.75,4,2,2.04295532842377,2,8,1,25,0,TRUE,25,33554432,0,1,25,25,0.833333333333333,2,0.75,0.0833333333333333,0.553694392684741,8.33333333333333,6,10,1.10738878536948,9,8,10,1.01015254455221,8.33333333333333,6,10,1.10738878536948,0,2.04295532842377,2.82842712474619,0.60215679580886,0.165777056924958
517,"-2:-2|-1:-2|-1:1|2:2",4,TRUE,0,3,1,"off_axis",2.32678394734132,2.82842712474619,3.25,4,2,2.04295532842377,2,8,1,25,0,TRUE,25,33554432,0,1,25,25,0.833333333333333,2,0.75,0.0833333333333333,0.553694392684741,8.33333333333333,6,10,1.10738878536948,9,8,10,1.01015254455221,8.33333333333333,6,10,1.10738878536948,0,2.04295532842377,2.82842712474619,0.60215679580886,0.165777056924958
729,"-1:-2|-1:2|1:-1|2:-2",4,TRUE,0,2,2,"off_axis",2.17869416052972,2.82842712474619,3,4,2,2.04295532842377,2,8,1,25,0,TRUE,25,33554432,0,1,25,25,0.833333333333333,2,0.75,0.0833333333333333,0.553694392684741,8.33333333333333,6,10,1.10738878536948,9,8,10,1.01015254455221,8.33333333333333,6,10,1.10738878536948,0,2.04295532842377,2.82842712474619,0.60215679580886,0.165777056924958
915,"-1:-2|0:-2|1:1|2:2",4,TRUE,1,2,1,"mixed",2.11967716615477,2.82842712474619,2.75,4,2,2.04295532842377,2,8,1,25,0,TRUE,25,33554432,0,1,25,25,0.833333333333333,2,0.75,0.0833333333333333,0.553694392684741,8.33333333333333,6,10,1.10738878536948,9,8,10,1.01015254455221,8.33333333333333,6,10,1.10738878536948,0,2.04295532842377,2.82842712474619,0.60215679580886,0.165777056924958
938,"-1:-1|1:-2|1:0|2:2",4,TRUE,1,2,1,"mixed",1.86967716615477,2.82842712474619,2.5,4,2,2.04295532842377,2,8,1,25,0,TRUE,25,33554432,0,1,25,25,0.833333333333333,2,0.75,0.0833333333333333,0.553694392684741,8.33333333333333,6,10,1.10738878536948,9,8,10,1.01015254455221,8.33333333333333,6,10,1.10738878536948,0,2.04295532842377,2.82842712474619,0.60215679580886,0.165777056924958
940,"-2:-1|0:-1|1:2|2:-2",4,TRUE,1,1,2,"mixed",2.07514076993644,2.82842712474619,2.75,4,2,2.04295532842377,2,8,1,25,0,TRUE,25,33554432,0,1,25,25,0.833333333333333,2,0.75,0.0833333333333333,0.553694392684741,8.33333333333333,6,10,1.10738878536948,9,8,10,1.01015254455221,8.33333333333333,6,10,1.10738878536948,0,2.04295532842377,2.82842712474619,0.60215679580886,0.165777056924958
1046,"-1:-2|-1:-1|1:-2|2:2",4,TRUE,0,2,2,"off_axis",2.17869416052972,2.82842712474619,3,4,2,2.04295532842377,2,8,1,25,0,TRUE,25,33554432,0,1,25,25,0.833333333333333,2,0.75,0.0833333333333333,0.553694392684741,8.33333333333333,6,10,1.10738878536948,9,8,10,1.01015254455221,8.33333333333333,6,10,1.10738878536948,0,2.04295532842377,2.82842712474619,0.60215679580886,0.165777056924958
1094,"-1:-1|0:2|1:2|2:1",4,TRUE,1,1,2,"mixed",1.97158737934317,2.23606797749979,2.5,3,2,2.04295532842377,2,8,1,25,0,TRUE,25,33554432,0,1,25,25,0.833333333333333,2,0.75,0.0833333333333333,0.553694392684741,8.33333333333333,6,10,1.10738878536948,9,8,10,1.01015254455221,8.33333333333333,6,10,1.10738878536948,0,2.04295532842377,2.82842712474619,0.60215679580886,0.165777056924958
1327,"-1:0|0:-2|1:2|2:1",4,TRUE,2,0,2,"mixed",1.86803398874989,2.23606797749979,2.25,3,2,2.04295532842377,2,8,1,25,0,TRUE,25,33554432,0,1,25,25,0.833333333333333,2,0.75,0.0833333333333333,0.553694392684741,8.33333333333333,6,10,1.10738878536948,9,8,10,1.01015254455221,8.33333333333333,6,10,1.10738878536948,0,2.04295532842377,2.82842712474619,0.60215679580886,0.165777056924958
1457,"-1:-2|0:2|1:0|2:1",4,TRUE,2,0,2,"mixed",1.86803398874989,2.23606797749979,2.25,3,2,2.04295532842377,2,8,1,25,0,TRUE,25,33554432,0,1,25,25,0.833333333333333,2,0.75,0.0833333333333333,0.553694392684741,8.33333333333333,6,10,1.10738878536948,9,8,10,1.01015254455221,8.33333333333333,6,10,1.10738878536948,0,2.04295532842377,2.82842712474619,0.60215679580886,0.165777056924958
428,"-1:-1|1:-2|2:-2|2:0",4,TRUE,1,2,1,"mixed",2.11967716615477,2.82842712474619,2.75,4,2,2.04229805746182,3,8,1,25,0,TRUE,25,33554432,0,1,25,25,0.833333333333333,2,0.75,0.0833333333333333,0.553694392684741,8.33333333333333,6,10,1.10738878536948,9,8,10,1.01015254455221,8.33333333333333,6,10,1.10738878536948,0,2.04229805746182,2.82842712474619,0.504445398969847,0.161872867722844
623,"-2:-1|0:-2|1:0|2:-2",4,TRUE,2,1,1,"mixed",2.01612377556149,2.82842712474619,2.5,4,2,2.04229805746182,3,8,1,25,0,TRUE,25,33554432,0,1,25,25,0.833333333333333,2,0.75,0.0833333333333333,0.553694392684741,8.33333333333333,6,10,1.10738878536948,9,8,10,1.01015254455221,8.33333333333333,6,10,1.10738878536948,0,2.04229805746182,2.82842712474619,0.504445398969847,0.161872867722844
1141,"-2:-1|-2:0|-1:2|0:-2",4,TRUE,2,0,2,"mixed",2.11803398874989,2.23606797749979,2.5,3,2,2.04229805746182,3,8,1,25,0,TRUE,25,33554432,0,1,25,25,0.833333333333333,2,0.75,0.0833333333333333,0.553694392684741,8.33333333333333,6,10,1.10738878536948,9,8,10,1.01015254455221,8.33333333333333,6,10,1.10738878536948,0,2.04229805746182,2.82842712474619,0.504445398969847,0.161872867722844
1223,"-1:-2|-1:0|1:-2|2:-1",4,TRUE,1,0,3,"mixed",1.92705098312484,2.23606797749979,2.5,3,2,2.04229805746182,3,8,1,25,0,TRUE,25,33554432,0,1,25,25,0.833333333333333,2,0.75,0.0833333333333333,0.553694392684741,8.33333333333333,6,10,1.10738878536948,9,8,10,1.01015254455221,8.33333333333333,6,10,1.10738878536948,0,2.04229805746182,2.82842712474619,0.504445398969847,0.161872867722844
1284,"-1:-1|-1:2|1:-2|1:2",4,TRUE,0,1,3,"off_axis",2.03060437371812,2.23606797749979,2.75,3,2,2.04229805746182,3,8,1,25,0,TRUE,25,33554432,0,1,25,25,0.833333333333333,2,0.75,0.0833333333333333,0.553694392684741,8.33333333333333,6,10,1.10738878536948,9,8,10,1.01015254455221,8.33333333333333,6,10,1.10738878536948,0,2.04229805746182,2.82842712474619,0.504445398969847,0.161872867722844
1128,"-1:-2|0:-2|1:-1|2:-1",4,TRUE,1,1,2,"mixed",1.97158737934317,2.23606797749979,2.5,3,2,1.80087670122451,1,8,1,25,0,TRUE,25,33554432,0,1,25,25,0.833333333333333,2,0.583333333333333,0.25,0.800640769025436,8.33333333333333,6,10,1.60128153805087,8,6,10,2.02030508910442,8.33333333333333,6,10,1.60128153805087,0,1.80087670122451,2.23606797749979,0.534210847873044,0.10301223637782
1252,"-1:-2|-1:2|0:-1|1:-2",4,TRUE,1,0,3,"mixed",1.92705098312484,2.23606797749979,2.5,3,2,1.80087670122451,1,8,1,25,0,TRUE,25,33554432,0,1,25,25,0.833333333333333,2,0.583333333333333,0.25,0.800640769025436,8.33333333333333,6,10,1.60128153805087,8,6,10,2.02030508910442,8.33333333333333,6,10,1.60128153805087,0,1.80087670122451,2.23606797749979,0.534210847873044,0.10301223637782
1304,"-2:-1|-1:-2|-1:0|2:-1",4,TRUE,1,0,3,"mixed",1.92705098312484,2.23606797749979,2.5,3,2,1.80087670122451,1,8,1,25,0,TRUE,25,33554432,0,1,25,25,0.833333333333333,2,0.583333333333333,0.25,0.800640769025436,8.33333333333333,6,10,1.60128153805087,8,6,10,2.02030508910442,8.33333333333333,6,10,1.60128153805087,0,1.80087670122451,2.23606797749979,0.534210847873044,0.10301223637782
1355,"-1:-1|0:1|1:-2|1:-1",4,TRUE,1,2,1,"mixed",1.51612377556149,2.23606797749979,2,3,2,1.80087670122451,1,8,1,25,0,TRUE,25,33554432,0,1,25,25,0.833333333333333,2,0.583333333333333,0.25,0.800640769025436,8.33333333333333,6,10,1.60128153805087,8,6,10,2.02030508910442,8.33333333333333,6,10,1.60128153805087,0,1.80087670122451,2.23606797749979,0.534210847873044,0.10301223637782
1375,"-1:0|0:-2|1:-1|2:-1",4,TRUE,2,1,1,"mixed",1.66257038496822,2.23606797749979,2,3,2,1.80087670122451,1,8,1,25,0,TRUE,25,33554432,0,1,25,25,0.833333333333333,2,0.583333333333333,0.25,0.800640769025436,8.33333333333333,6,10,1.60128153805087,8,6,10,2.02030508910442,8.33333333333333,6,10,1.60128153805087,0,1.80087670122451,2.23606797749979,0.534210847873044,0.10301223637782
1085,"-1:-1|0:-2|1:-2|2:-1",4,TRUE,1,1,2,"mixed",1.97158737934317,2.23606797749979,2.5,3,2,1.81869125971184,1,8,1,25,0,TRUE,25,33554432,0,1,25,25,0.833333333333333,2,0.666666666666667,0.166666666666667,0.688332449299089,8.33333333333333,6,10,1.37666489859818,9,8,10,1.01015254455221,8.33333333333333,6,10,1.37666489859818,0,1.81869125971184,2.23606797749979,0.46231555102518,0.0734675253510483
1245,"-1:-2|-1:-1|0:2|1:-2",4,TRUE,1,1,2,"mixed",1.97158737934317,2.23606797749979,2.5,3,2,1.81869125971184,1,8,1,25,0,TRUE,25,33554432,0,1,25,25,0.833333333333333,2,0.666666666666667,0.166666666666667,0.688332449299089,8.33333333333333,6,10,1.37666489859818,9,8,10,1.01015254455221,8.33333333333333,6,10,1.37666489859818,0,1.81869125971184,2.23606797749979,0.46231555102518,0.0734675253510483
1300,"-1:-1|1:-2|1:0|2:-1",4,TRUE,1,1,2,"mixed",1.72158737934317,2.23606797749979,2.25,3,2,1.81869125971184,1,8,1,25,0,TRUE,25,33554432,0,1,25,25,0.833333333333333,2,0.666666666666667,0.166666666666667,0.688332449299089,8.33333333333333,6,10,1.37666489859818,9,8,10,1.01015254455221,8.33333333333333,6,10,1.37666489859818,0,1.81869125971184,2.23606797749979,0.46231555102518,0.0734675253510483
1359,"-1:-1|0:2|1:-2|1:-1",4,TRUE,1,2,1,"mixed",1.76612377556149,2.23606797749979,2.25,3,2,1.81869125971184,1,8,1,25,0,TRUE,25,33554432,0,1,25,25,0.833333333333333,2,0.666666666666667,0.166666666666667,0.688332449299089,8.33333333333333,6,10,1.37666489859818,9,8,10,1.01015254455221,8.33333333333333,6,10,1.37666489859818,0,1.81869125971184,2.23606797749979,0.46231555102518,0.0734675253510483
1454,"-1:-1|0:-2|1:0|2:-1",4,TRUE,2,1,1,"mixed",1.66257038496822,2.23606797749979,2,3,2,1.81869125971184,1,8,1,25,0,TRUE,25,33554432,0,1,25,25,0.833333333333333,2,0.666666666666667,0.166666666666667,0.688332449299089,8.33333333333333,6,10,1.37666489859818,9,8,10,1.01015254455221,8.33333333333333,6,10,1.37666489859818,0,1.81869125971184,2.23606797749979,0.46231555102518,0.0734675253510483
544,"-2:-2|-1:-2|0:2|2:2",4,TRUE,1,2,1,"mixed",2.47323055674804,2.82842712474619,3.25,4,2,2.01934853067379,2,8,1,25,0,TRUE,25,33554432,0,1,25,25,0.833333333333333,2,0.75,0.0833333333333333,0.553694392684741,8.33333333333333,6,10,1.10738878536948,9,8,10,1.01015254455221,8.33333333333333,6,10,1.10738878536948,0,2.01934853067379,2.82842712474619,0.598360270206642,0.0255526894912297
624,"-2:-1|-1:0|0:-2|2:-2",4,TRUE,2,1,1,"mixed",2.01612377556149,2.82842712474619,2.5,4,2,2.01934853067379,2,8,1,25,0,TRUE,25,33554432,0,1,25,25,0.833333333333333,2,0.75,0.0833333333333333,0.553694392684741,8.33333333333333,6,10,1.10738878536948,9,8,10,1.01015254455221,8.33333333333333,6,10,1.10738878536948,0,2.01934853067379,2.82842712474619,0.598360270206642,0.0255526894912297
685,"-2:-2|-1:-1|2:-2|2:0",4,TRUE,1,3,0,"mixed",2.26776695296637,2.82842712474619,3,4,2,2.01934853067379,2,8,1,25,0,TRUE,25,33554432,0,1,25,25,0.833333333333333,2,0.75,0.0833333333333333,0.553694392684741,8.33333333333333,6,10,1.10738878536948,9,8,10,1.01015254455221,8.33333333333333,6,10,1.10738878536948,0,2.01934853067379,2.82842712474619,0.598360270206642,0.0255526894912297
701,"-1:-2|-1:-1|0:2|2:2",4,TRUE,1,2,1,"mixed",2.11967716615477,2.82842712474619,2.75,4,2,2.01934853067379,2,8,1,25,0,TRUE,25,33554432,0,1,25,25,0.833333333333333,2,0.75,0.0833333333333333,0.553694392684741,8.33333333333333,6,10,1.10738878536948,9,8,10,1.01015254455221,8.33333333333333,6,10,1.10738878536948,0,2.01934853067379,2.82842712474619,0.598360270206642,0.0255526894912297
719,"-1:-2|-1:0|1:-1|2:-2",4,TRUE,1,2,1,"mixed",1.86967716615477,2.82842712474619,2.5,4,2,2.01934853067379,2,8,1,25,0,TRUE,25,33554432,0,1,25,25,0.833333333333333,2,0.75,0.0833333333333333,0.553694392684741,8.33333333333333,6,10,1.10738878536948,9,8,10,1.01015254455221,8.33333333333333,6,10,1.10738878536948,0,2.01934853067379,2.82842712474619,0.598360270206642,0.0255526894912297
739,"-1:-1|-1:2|0:1|2:2",4,TRUE,1,2,1,"mixed",1.86967716615477,2.82842712474619,2.5,4,2,2.01934853067379,2,8,1,25,0,TRUE,25,33554432,0,1,25,25,0.833333333333333,2,0.75,0.0833333333333333,0.553694392684741,8.33333333333333,6,10,1.10738878536948,9,8,10,1.01015254455221,8.33333333333333,6,10,1.10738878536948,0,2.01934853067379,2.82842712474619,0.598360270206642,0.0255526894912297
1090,"-2:-1|-1:-2|0:-2|2:0",4,TRUE,2,0,2,"mixed",2.11803398874989,2.23606797749979,2.5,3,2,2.01934853067379,2,8,1,25,0,TRUE,25,33554432,0,1,25,25,0.833333333333333,2,0.75,0.0833333333333333,0.553694392684741,8.33333333333333,6,10,1.10738878536948,9,8,10,1.01015254455221,8.33333333333333,6,10,1.10738878536948,0,2.01934853067379,2.82842712474619,0.598360270206642,0.0255526894912297
1242,"-1:-1|-1:2|1:1|1:2",4,TRUE,0,2,2,"off_axis",1.82514076993644,2.23606797749979,2.5,3,2,2.01934853067379,2,8,1,25,0,TRUE,25,33554432,0,1,25,25,0.833333333333333,2,0.75,0.0833333333333333,0.553694392684741,8.33333333333333,6,10,1.10738878536948,9,8,10,1.01015254455221,8.33333333333333,6,10,1.10738878536948,0,2.01934853067379,2.82842712474619,0.598360270206642,0.0255526894912297
1405,"-1:-2|-1:-1|0:2|2:0",4,TRUE,2,1,1,"mixed",1.91257038496822,2.23606797749979,2.25,3,2,2.01934853067379,2,8,1,25,0,TRUE,25,33554432,0,1,25,25,0.833333333333333,2,0.75,0.0833333333333333,0.553694392684741,8.33333333333333,6,10,1.10738878536948,9,8,10,1.01015254455221,8.33333333333333,6,10,1.10738878536948,0,2.01934853067379,2.82842712474619,0.598360270206642,0.0255526894912297
1493,"-1:-1|-1:2|0:1|2:-1",4,TRUE,1,1,2,"mixed",1.72158737934317,2.23606797749979,2.25,3,2,2.01934853067379,2,8,1,25,0,TRUE,25,33554432,0,1,25,25,0.833333333333333,2,0.75,0.0833333333333333,0.553694392684741,8.33333333333333,6,10,1.10738878536948,9,8,10,1.01015254455221,8.33333333333333,6,10,1.10738878536948,0,2.01934853067379,2.82842712474619,0.598360270206642,0.0255526894912297
1251,"-1:-2|0:-1|0:1|1:-2",4,TRUE,2,0,2,"mixed",1.61803398874989,2.23606797749979,2,3,2,1.77726990347453,1,4,2,25,0,TRUE,25,33554432,0,1,25,25,0.833333333333333,2,0.583333333333333,0.25,0.800640769025436,8.33333333333333,6,10,1.60128153805087,8,6,10,2.02030508910442,8.33333333333333,6,10,1.60128153805087,0,1.77726990347453,2.23606797749979,0.517807010599742,-0.037212131055909
1286,"-1:-2|0:1|0:2|1:-2",4,TRUE,2,0,2,"mixed",1.86803398874989,2.23606797749979,2.25,3,2,1.77726990347453,1,4,2,25,0,TRUE,25,33554432,0,1,25,25,0.833333333333333,2,0.583333333333333,0.25,0.800640769025436,8.33333333333333,6,10,1.60128153805087,8,6,10,2.02030508910442,8.33333333333333,6,10,1.60128153805087,0,1.77726990347453,2.23606797749979,0.517807010599742,-0.037212131055909
1378,"-2:-1|-1:-1|0:-2|2:-1",4,TRUE,1,1,2,"mixed",1.97158737934317,2.23606797749979,2.5,3,2,1.77726990347453,1,8,1,25,0,TRUE,25,33554432,0,1,25,25,0.833333333333333,2,0.583333333333333,0.25,0.800640769025436,8.33333333333333,6,10,1.60128153805087,8,6,10,2.02030508910442,8.33333333333333,6,10,1.60128153805087,0,1.77726990347453,2.23606797749979,0.517807010599742,-0.037212131055909
1690,"-1:-1|-1:1|1:0|2:0",4,TRUE,2,2,0,"mixed",1.45710678118655,2,1.75,2,2,1.77726990347453,1,4,2,25,0,TRUE,25,33554432,0,1,25,25,0.833333333333333,2,0.583333333333333,0.25,0.800640769025436,8.33333333333333,6,10,1.60128153805087,8,6,10,2.02030508910442,8.33333333333333,6,10,1.60128153805087,0,1.77726990347453,2.23606797749979,0.517807010599742,-0.037212131055909
409,"-1:-2|1:1|1:2|2:2",4,TRUE,0,2,2,"off_axis",2.17869416052972,2.82842712474619,3,4,2,1.94295532842377,2,8,1,25,0,TRUE,25,33554432,0,1,25,25,0.833333333333333,2,0.666666666666667,0.166666666666667,0.688332449299089,8.33333333333333,6,10,1.37666489859818,8,8,8,0,8.33333333333333,6,10,1.37666489859818,0,1.94295532842377,2.82842712474619,0.68712330427472,-0.0872356061137727
438,"-1:-1|1:-2|1:2|2:-2",4,TRUE,0,2,2,"off_axis",2.17869416052972,2.82842712474619,3,4,2,1.94295532842377,2,8,1,25,0,TRUE,25,33554432,0,1,25,25,0.833333333333333,2,0.666666666666667,0.166666666666667,0.688332449299089,8.33333333333333,6,10,1.37666489859818,8,8,8,0,8.33333333333333,6,10,1.37666489859818,0,1.94295532842377,2.82842712474619,0.68712330427472,-0.0872356061137727
452,"-2:-1|1:-2|1:2|2:-2",4,TRUE,0,1,3,"off_axis",2.38415776431139,2.82842712474619,3.25,4,2,1.94295532842377,2,8,1,25,0,TRUE,25,33554432,0,1,25,25,0.833333333333333,2,0.666666666666667,0.166666666666667,0.688332449299089,8.33333333333333,6,10,1.37666489859818,8,8,8,0,8.33333333333333,6,10,1.37666489859818,0,1.94295532842377,2.82842712474619,0.68712330427472,-0.0872356061137727
886,"-1:-2|0:1|1:1|2:2",4,TRUE,1,2,1,"mixed",1.86967716615477,2.82842712474619,2.5,4,2,1.94295532842377,2,8,1,25,0,TRUE,25,33554432,0,1,25,25,0.833333333333333,2,0.666666666666667,0.166666666666667,0.688332449299089,8.33333333333333,6,10,1.37666489859818,8,8,8,0,8.33333333333333,6,10,1.37666489859818,0,1.94295532842377,2.82842712474619,0.68712330427472,-0.0872356061137727
925,"-1:-1|0:-1|1:1|2:-2",4,TRUE,1,3,0,"mixed",1.6642135623731,2.82842712474619,2.25,4,2,1.94295532842377,2,8,1,25,0,TRUE,25,33554432,0,1,25,25,0.833333333333333,2,0.666666666666667,0.166666666666667,0.688332449299089,8.33333333333333,6,10,1.37666489859818,8,8,8,0,8.33333333333333,6,10,1.37666489859818,0,1.94295532842377,2.82842712474619,0.68712330427472,-0.0872356061137727
929,"-1:-1|0:-1|1:2|2:-2",4,TRUE,1,2,1,"mixed",1.86967716615477,2.82842712474619,2.5,4,2,1.94295532842377,2,8,1,25,0,TRUE,25,33554432,0,1,25,25,0.833333333333333,2,0.666666666666667,0.166666666666667,0.688332449299089,8.33333333333333,6,10,1.37666489859818,8,8,8,0,8.33333333333333,6,10,1.37666489859818,0,1.94295532842377,2.82842712474619,0.68712330427472,-0.0872356061137727
1324,"-1:0|0:-1|1:2|2:1",4,TRUE,2,0,2,"mixed",1.61803398874989,2.23606797749979,2,3,2,1.94295532842377,2,4,2,25,0,TRUE,25,33554432,0,1,25,25,0.833333333333333,2,0.666666666666667,0.166666666666667,0.688332449299089,8.33333333333333,6,10,1.37666489859818,8,8,8,0,8.33333333333333,6,10,1.37666489859818,0,1.94295532842377,2.82842712474619,0.68712330427472,-0.0872356061137727
1471,"-1:-2|0:1|1:0|2:-1",4,TRUE,2,0,2,"mixed",1.61803398874989,2.23606797749979,2,3,2,1.94295532842377,2,8,1,25,0,TRUE,25,33554432,0,1,25,25,0.833333333333333,2,0.666666666666667,0.166666666666667,0.688332449299089,8.33333333333333,6,10,1.37666489859818,8,8,8,0,8.33333333333333,6,10,1.37666489859818,0,1.94295532842377,2.82842712474619,0.68712330427472,-0.0872356061137727
572,"-2:-1|2:-2|2:0|2:2",4,TRUE,1,2,1,"mixed",2.47323055674804,2.82842712474619,3.25,4,2,1.99574173292381,2,8,1,25,0,TRUE,25,33554432,0,1,25,25,0.833333333333333,2,0.75,0.0833333333333333,0.553694392684741,8.33333333333333,6,10,1.10738878536948,9,8,10,1.01015254455221,8.33333333333333,6,10,1.10738878536948,0,1.99574173292381,2.82842712474619,0.593497107983451,-0.1146716779425
614,"-1:-1|0:-2|0:1|2:-2",4,TRUE,2,2,0,"mixed",1.81066017177982,2.82842712474619,2.25,4,2,1.99574173292381,2,8,1,25,0,TRUE,25,33554432,0,1,25,25,0.833333333333333,2,0.75,0.0833333333333333,0.553694392684741,8.33333333333333,6,10,1.10738878536948,9,8,10,1.01015254455221,8.33333333333333,6,10,1.10738878536948,0,1.99574173292381,2.82842712474619,0.593497107983451,-0.1146716779425
695,"-1:-2|0:-1|0:2|2:2",4,TRUE,2,1,1,"mixed",2.01612377556149,2.82842712474619,2.5,4,2,1.99574173292381,2,8,1,25,0,TRUE,25,33554432,0,1,25,25,0.833333333333333,2,0.75,0.0833333333333333,0.553694392684741,8.33333333333333,6,10,1.10738878536948,9,8,10,1.01015254455221,8.33333333333333,6,10,1.10738878536948,0,1.99574173292381,2.82842712474619,0.593497107983451,-0.1146716779425
1414,"-1:-1|-1:1|-1:2|2:-1",4,TRUE,0,2,2,"off_axis",1.82514076993644,2.23606797749979,2.5,3,2,1.99574173292381,2,8,1,25,0,TRUE,25,33554432,0,1,25,25,0.833333333333333,2,0.75,0.0833333333333333,0.553694392684741,8.33333333333333,6,10,1.10738878536948,9,8,10,1.01015254455221,8.33333333333333,6,10,1.10738878536948,0,1.99574173292381,2.82842712474619,0.593497107983451,-0.1146716779425
1671,"-1:-1|0:-2|0:2|2:0",4,TRUE,3,1,0,"mixed",1.85355339059327,2,2,2,2,1.99574173292381,2,8,1,25,0,TRUE,25,33554432,0,1,25,25,0.833333333333333,2,0.75,0.0833333333333333,0.553694392684741,8.33333333333333,6,10,1.10738878536948,9,8,10,1.01015254455221,8.33333333333333,6,10,1.10738878536948,0,1.99574173292381,2.82842712474619,0.593497107983451,-0.1146716779425
771,"-2:-1|-1:-2|-1:2|2:-2",4,TRUE,0,1,3,"off_axis",2.38415776431139,2.82842712474619,3.25,4,2,1.98371941369913,2,8,1,25,0,TRUE,25,33554432,0,1,25,25,0.833333333333333,2,0.75,0.0833333333333333,0.553694392684741,8.33333333333333,6,10,1.10738878536948,9,8,10,1.01015254455221,8.33333333333333,6,10,1.10738878536948,0,1.98371941369913,2.82842712474619,0.542481221091435,-0.186084248432663
1007,"-1:-2|0:-2|1:-1|2:2",4,TRUE,1,2,1,"mixed",2.11967716615477,2.82842712474619,2.75,4,2,1.98371941369913,2,8,1,25,0,TRUE,25,33554432,0,1,25,25,0.833333333333333,2,0.75,0.0833333333333333,0.553694392684741,8.33333333333333,6,10,1.10738878536948,9,8,10,1.01015254455221,8.33333333333333,6,10,1.10738878536948,0,1.98371941369913,2.82842712474619,0.542481221091435,-0.186084248432663
1306,"-1:-2|0:1|1:2|2:1",4,TRUE,1,0,3,"mixed",1.92705098312484,2.23606797749979,2.5,3,2,1.98371941369913,2,8,1,25,0,TRUE,25,33554432,0,1,25,25,0.833333333333333,2,0.75,0.0833333333333333,0.553694392684741,8.33333333333333,6,10,1.10738878536948,9,8,10,1.01015254455221,8.33333333333333,6,10,1.10738878536948,0,1.98371941369913,2.82842712474619,0.542481221091435,-0.186084248432663
1353,"-1:-1|1:-2|1:-1|2:1",4,TRUE,0,2,2,"off_axis",1.82514076993644,2.23606797749979,2.5,3,2,1.98371941369913,2,8,1,25,0,TRUE,25,33554432,0,1,25,25,0.833333333333333,2,0.75,0.0833333333333333,0.553694392684741,8.33333333333333,6,10,1.10738878536948,9,8,10,1.01015254455221,8.33333333333333,6,10,1.10738878536948,0,1.98371941369913,2.82842712474619,0.542481221091435,-0.186084248432663
1534,"-1:-2|0:1|1:-1|2:0",4,TRUE,2,1,1,"mixed",1.66257038496822,2.23606797749979,2,3,2,1.98371941369913,2,8,1,25,0,TRUE,25,33554432,0,1,25,25,0.833333333333333,2,0.75,0.0833333333333333,0.553694392684741,8.33333333333333,6,10,1.10738878536948,9,8,10,1.01015254455221,8.33333333333333,6,10,1.10738878536948,0,1.98371941369913,2.82842712474619,0.542481221091435,-0.186084248432663
845,"-2:-2|-2:2|-1:-1|2:-2",4,TRUE,0,4,0,"diagonal_only",2.47487373415292,2.82842712474619,3.5,4,2,1.92000580163574,1,4,2,25,0,TRUE,25,33554432,0,1,25,25,0.833333333333333,2,0.666666666666667,0.166666666666667,0.688332449299089,8.33333333333333,6,10,1.37666489859818,8,8,8,0,8.33333333333333,6,10,1.37666489859818,0,1.92000580163574,2.82842712474619,0.755408441165062,-0.223555784345389
908,"-1:0|0:-1|1:1|2:2",4,TRUE,2,2,0,"mixed",1.56066017177982,2.82842712474619,2,4,2,1.92000580163574,1,4,2,25,0,TRUE,25,33554432,0,1,25,25,0.833333333333333,2,0.666666666666667,0.166666666666667,0.688332449299089,8.33333333333333,6,10,1.37666489859818,8,8,8,0,8.33333333333333,6,10,1.37666489859818,0,1.92000580163574,2.82842712474619,0.755408441165062,-0.223555784345389
1031,"-1:-1|0:-1|1:-2|2:2",4,TRUE,1,2,1,"mixed",1.86967716615477,2.82842712474619,2.5,4,2,1.92000580163574,1,8,1,25,0,TRUE,25,33554432,0,1,25,25,0.833333333333333,2,0.666666666666667,0.166666666666667,0.688332449299089,8.33333333333333,6,10,1.37666489859818,8,8,8,0,8.33333333333333,6,10,1.37666489859818,0,1.92000580163574,2.82842712474619,0.755408441165062,-0.223555784345389
1293,"-1:-1|1:1|1:2|2:1",4,TRUE,0,2,2,"off_axis",1.82514076993644,2.23606797749979,2.5,3,2,1.92000580163574,1,4,2,25,0,TRUE,25,33554432,0,1,25,25,0.833333333333333,2,0.666666666666667,0.166666666666667,0.688332449299089,8.33333333333333,6,10,1.37666489859818,8,8,8,0,8.33333333333333,6,10,1.37666489859818,0,1.92000580163574,2.82842712474619,0.755408441165062,-0.223555784345389
331,"-2:-1|0:-2|1:-2|2:-2",4,TRUE,1,1,2,"mixed",2.32514076993644,2.82842712474619,3,4,2,1.91869125971184,2,8,1,25,0,TRUE,25,33554432,0,1,25,25,0.833333333333333,2,0.666666666666667,0.166666666666667,0.688332449299089,8.33333333333333,6,10,1.37666489859818,8,6,10,2.02030508910442,8.33333333333333,6,10,1.37666489859818,0,1.91869125971184,2.82842712474619,0.595001260414515,-0.231364162749615
344,"-1:-2|0:2|1:2|2:2",4,TRUE,1,1,2,"mixed",2.32514076993644,2.82842712474619,3,4,2,1.91869125971184,2,8,1,25,0,TRUE,25,33554432,0,1,25,25,0.833333333333333,2,0.666666666666667,0.166666666666667,0.688332449299089,8.33333333333333,6,10,1.37666489859818,8,6,10,2.02030508910442,8.33333333333333,6,10,1.37666489859818,0,1.91869125971184,2.82842712474619,0.595001260414515,-0.231364162749615
347,"-1:-2|1:-2|2:-2|2:-1",4,TRUE,0,1,3,"off_axis",2.38415776431139,2.82842712474619,3.25,4,2,1.91869125971184,3,8,1,25,0,TRUE,25,33554432,0,1,25,25,0.833333333333333,2,0.666666666666667,0.166666666666667,0.688332449299089,8.33333333333333,6,10,1.37666489859818,8,8,8,0,8.33333333333333,6,10,1.37666489859818,0,1.91869125971184,2.82842712474619,0.595001260414515,-0.231364162749615
362,"-1:-2|1:-2|1:2|2:-2",4,TRUE,0,1,3,"off_axis",2.38415776431139,2.82842712474619,3.25,4,2,1.91869125971184,3,8,1,25,0,TRUE,25,33554432,0,1,25,25,0.833333333333333,2,0.666666666666667,0.166666666666667,0.688332449299089,8.33333333333333,6,10,1.37666489859818,8,8,8,0,8.33333333333333,6,10,1.37666489859818,0,1.91869125971184,2.82842712474619,0.595001260414515,-0.231364162749615
465,"-2:-1|0:-2|2:-2|2:-1",4,TRUE,1,1,2,"mixed",2.32514076993644,2.82842712474619,3,4,2,1.91869125971184,3,8,1,25,0,TRUE,25,33554432,0,1,25,25,0.833333333333333,2,0.666666666666667,0.166666666666667,0.688332449299089,8.33333333333333,6,10,1.37666489859818,8,8,8,0,8.33333333333333,6,10,1.37666489859818,0,1.91869125971184,2.82842712474619,0.595001260414515,-0.231364162749615
598,"-1:-1|1:0|2:-2|2:0",4,TRUE,2,2,0,"mixed",1.81066017177982,2.82842712474619,2.25,4,2,1.91869125971184,2,8,1,25,0,TRUE,25,33554432,0,1,25,25,0.833333333333333,2,0.666666666666667,0.166666666666667,0.688332449299089,8.33333333333333,6,10,1.37666489859818,8,6,10,2.02030508910442,8.33333333333333,6,10,1.37666489859818,0,1.91869125971184,2.82842712474619,0.595001260414515,-0.231364162749615
605,"-1:-2|0:1|0:2|2:2",4,TRUE,2,1,1,"mixed",2.01612377556149,2.82842712474619,2.5,4,2,1.91869125971184,2,8,1,25,0,TRUE,25,33554432,0,1,25,25,0.833333333333333,2,0.666666666666667,0.166666666666667,0.688332449299089,8.33333333333333,6,10,1.37666489859818,8,6,10,2.02030508910442,8.33333333333333,6,10,1.37666489859818,0,1.91869125971184,2.82842712474619,0.595001260414515,-0.231364162749615
644,"-1:-1|0:-1|2:-2|2:0",4,TRUE,2,2,0,"mixed",1.81066017177982,2.82842712474619,2.25,4,2,1.91869125971184,3,8,1,25,0,TRUE,25,33554432,0,1,25,25,0.833333333333333,2,0.666666666666667,0.166666666666667,0.688332449299089,8.33333333333333,6,10,1.37666489859818,8,8,8,0,8.33333333333333,6,10,1.37666489859818,0,1.91869125971184,2.82842712474619,0.595001260414515,-0.231364162749615
930,"-1:-1|0:-1|0:2|2:-2",4,TRUE,2,2,0,"mixed",1.81066017177982,2.82842712474619,2.25,4,2,1.91869125971184,3,8,1,25,0,TRUE,25,33554432,0,1,25,25,0.833333333333333,2,0.666666666666667,0.166666666666667,0.688332449299089,8.33333333333333,6,10,1.37666489859818,8,8,8,0,8.33333333333333,6,10,1.37666489859818,0,1.91869125971184,2.82842712474619,0.595001260414515,-0.231364162749615
944,"-2:-2|-1:0|0:-1|0:2",4,TRUE,3,1,0,"mixed",1.70710678118655,2.82842712474619,2,4,2,1.91869125971184,3,8,1,25,0,TRUE,25,33554432,0,1,25,25,0.833333333333333,2,0.666666666666667,0.166666666666667,0.688332449299089,8.33333333333333,6,10,1.37666489859818,8,8,8,0,8.33333333333333,6,10,1.37666489859818,0,1.91869125971184,2.82842712474619,0.595001260414515,-0.231364162749615
1151,"-1:-2|0:-2|0:2|2:-1",4,TRUE,2,0,2,"mixed",2.11803398874989,2.23606797749979,2.5,3,2,1.91869125971184,3,8,1,25,0,TRUE,25,33554432,0,1,25,25,0.833333333333333,2,0.666666666666667,0.166666666666667,0.688332449299089,8.33333333333333,6,10,1.37666489859818,8,8,8,0,8.33333333333333,6,10,1.37666489859818,0,1.91869125971184,2.82842712474619,0.595001260414515,-0.231364162749615
1160,"-2:-1|-2:0|0:-2|2:-1",4,TRUE,2,0,2,"mixed",2.11803398874989,2.23606797749979,2.5,3,2,1.91869125971184,3,8,1,25,0,TRUE,25,33554432,0,1,25,25,0.833333333333333,2,0.666666666666667,0.166666666666667,0.688332449299089,8.33333333333333,6,10,1.37666489859818,8,8,8,0,8.33333333333333,6,10,1.37666489859818,0,1.91869125971184,2.82842712474619,0.595001260414515,-0.231364162749615
1195,"-2:-1|-1:2|0:-2|0:2",4,TRUE,2,0,2,"mixed",2.11803398874989,2.23606797749979,2.5,3,2,1.91869125971184,3,8,1,25,0,TRUE,25,33554432,0,1,25,25,0.833333333333333,2,0.666666666666667,0.166666666666667,0.688332449299089,8.33333333333333,6,10,1.37666489859818,8,8,8,0,8.33333333333333,6,10,1.37666489859818,0,1.91869125971184,2.82842712474619,0.595001260414515,-0.231364162749615
1267,"-1:-2|-1:0|0:1|1:-2",4,TRUE,2,0,2,"mixed",1.61803398874989,2.23606797749979,2,3,2,1.91869125971184,3,8,1,25,0,TRUE,25,33554432,0,1,25,25,0.833333333333333,2,0.666666666666667,0.166666666666667,0.688332449299089,8.33333333333333,6,10,1.37666489859818,8,8,8,0,8.33333333333333,6,10,1.37666489859818,0,1.91869125971184,2.82842712474619,0.595001260414515,-0.231364162749615
1280,"-1:-1|-1:0|2:-1|2:1",4,TRUE,1,1,2,"mixed",1.72158737934317,2.23606797749979,2.25,3,2,1.91869125971184,3,8,1,25,0,TRUE,25,33554432,0,1,25,25,0.833333333333333,2,0.666666666666667,0.166666666666667,0.688332449299089,8.33333333333333,6,10,1.37666489859818,8,8,8,0,8.33333333333333,6,10,1.37666489859818,0,1.91869125971184,2.82842712474619,0.595001260414515,-0.231364162749615
1282,"-1:-2|-1:-1|-1:2|1:2",4,TRUE,0,1,3,"off_axis",2.03060437371812,2.23606797749979,2.75,3,2,1.91869125971184,2,8,1,25,0,TRUE,25,33554432,0,1,25,25,0.833333333333333,2,0.666666666666667,0.166666666666667,0.688332449299089,8.33333333333333,6,10,1.37666489859818,8,6,10,2.02030508910442,8.33333333333333,6,10,1.37666489859818,0,1.91869125971184,2.82842712474619,0.595001260414515,-0.231364162749615
1368,"-1:-2|-1:-1|-1:2|2:-1",4,TRUE,0,1,3,"off_axis",2.03060437371812,2.23606797749979,2.75,3,2,1.91869125971184,2,8,1,25,0,TRUE,25,33554432,0,1,25,25,0.833333333333333,2,0.666666666666667,0.166666666666667,0.688332449299089,8.33333333333333,6,10,1.37666489859818,8,6,10,2.02030508910442,8.33333333333333,6,10,1.37666489859818,0,1.91869125971184,2.82842712474619,0.595001260414515,-0.231364162749615
1446,"-1:-2|0:-1|0:1|2:-1",4,TRUE,2,0,2,"mixed",1.61803398874989,2.23606797749979,2,3,2,1.91869125971184,2,8,1,25,0,TRUE,25,33554432,0,1,25,25,0.833333333333333,2,0.666666666666667,0.166666666666667,0.688332449299089,8.33333333333333,6,10,1.37666489859818,8,6,10,2.02030508910442,8.33333333333333,6,10,1.37666489859818,0,1.91869125971184,2.82842712474619,0.595001260414515,-0.231364162749615
1486,"-1:-2|-1:0|1:0|2:-1",4,TRUE,2,0,2,"mixed",1.61803398874989,2.23606797749979,2,3,2,1.91869125971184,2,8,1,25,0,TRUE,25,33554432,0,1,25,25,0.833333333333333,2,0.666666666666667,0.166666666666667,0.688332449299089,8.33333333333333,6,10,1.37666489859818,8,6,10,2.02030508910442,8.33333333333333,6,10,1.37666489859818,0,1.91869125971184,2.82842712474619,0.595001260414515,-0.231364162749615
1506,"-1:-1|-1:0|1:-2|2:0",4,TRUE,2,1,1,"mixed",1.66257038496822,2.23606797749979,2,3,2,1.91869125971184,3,8,1,25,0,TRUE,25,33554432,0,1,25,25,0.833333333333333,2,0.666666666666667,0.166666666666667,0.688332449299089,8.33333333333333,6,10,1.37666489859818,8,8,8,0,8.33333333333333,6,10,1.37666489859818,0,1.91869125971184,2.82842712474619,0.595001260414515,-0.231364162749615
1531,"-1:-1|-1:0|-1:2|1:-2",4,TRUE,1,1,2,"mixed",1.72158737934317,2.23606797749979,2.25,3,2,1.91869125971184,3,8,1,25,0,TRUE,25,33554432,0,1,25,25,0.833333333333333,2,0.666666666666667,0.166666666666667,0.688332449299089,8.33333333333333,6,10,1.37666489859818,8,8,8,0,8.33333333333333,6,10,1.37666489859818,0,1.91869125971184,2.82842712474619,0.595001260414515,-0.231364162749615
1559,"-1:-1|-1:0|-1:2|2:1",4,TRUE,1,1,2,"mixed",1.72158737934317,2.23606797749979,2.25,3,2,1.91869125971184,3,8,1,25,0,TRUE,25,33554432,0,1,25,25,0.833333333333333,2,0.666666666666667,0.166666666666667,0.688332449299089,8.33333333333333,6,10,1.37666489859818,8,8,8,0,8.33333333333333,6,10,1.37666489859818,0,1.91869125971184,2.82842712474619,0.595001260414515,-0.231364162749615
1579,"-1:0|0:-1|0:2|2:1",4,TRUE,3,0,1,"mixed",1.55901699437495,2.23606797749979,1.75,3,2,1.91869125971184,3,8,1,25,0,TRUE,25,33554432,0,1,25,25,0.833333333333333,2,0.666666666666667,0.166666666666667,0.688332449299089,8.33333333333333,6,10,1.37666489859818,8,8,8,0,8.33333333333333,6,10,1.37666489859818,0,1.91869125971184,2.82842712474619,0.595001260414515,-0.231364162749615
1596,"-2:-1|0:-2|1:0|2:0",4,TRUE,3,0,1,"mixed",1.80901699437495,2.23606797749979,2,3,2,1.91869125971184,2,8,1,25,0,TRUE,25,33554432,0,1,25,25,0.833333333333333,2,0.666666666666667,0.166666666666667,0.688332449299089,8.33333333333333,6,10,1.37666489859818,8,6,10,2.02030508910442,8.33333333333333,6,10,1.37666489859818,0,1.91869125971184,2.82842712474619,0.595001260414515,-0.231364162749615
1682,"-1:-1|0:1|0:2|2:0",4,TRUE,3,1,0,"mixed",1.60355339059327,2,1.75,2,2,1.91869125971184,2,8,1,25,0,TRUE,25,33554432,0,1,25,25,0.833333333333333,2,0.666666666666667,0.166666666666667,0.688332449299089,8.33333333333333,6,10,1.37666489859818,8,6,10,2.02030508910442,8.33333333333333,6,10,1.37666489859818,0,1.91869125971184,2.82842712474619,0.595001260414515,-0.231364162749615
16,"-1:-1|2:2",2,TRUE,0,2,0,"diagonal_only",2.12132034355964,2.82842712474619,3,4,2,2.35702260395516,2,4,2,25,0,TRUE,25,33554432,0,1,25,25,0.25,2,0.166666666666667,0.0833333333333333,0.596113387342175,5.5,2,6,1.19222677468435,6,6,6,0,5.5,2,6,1.19222677468435,0.166666666666667,2.35702260395516,2.82842712474619,0.816496580927726,-0.274541703294764
18,"-2:-2|2:2",2,TRUE,0,2,0,"diagonal_only",2.82842712474619,2.82842712474619,4,4,2,2.35702260395516,2,2,4,25,0,TRUE,25,33554432,0,1,25,25,0.25,2,0.166666666666667,0.0833333333333333,0.596113387342175,5.5,2,6,1.19222677468435,6,6,6,0,5.5,2,6,1.19222677468435,0.166666666666667,2.35702260395516,2.82842712474619,0.816496580927726,-0.274541703294764
846,"-2:-1|1:-1|2:-2|2:2",4,TRUE,0,3,1,"off_axis",2.32678394734132,2.82842712474619,3.25,4,2,1.9607698869111,1,8,1,25,0,TRUE,25,33554432,0,1,25,25,0.833333333333333,2,0.75,0.0833333333333333,0.553694392684741,8.33333333333333,6,10,1.10738878536948,9,8,10,1.01015254455221,8.33333333333333,6,10,1.10738878536948,0,1.9607698869111,2.82842712474619,0.628385453702687,-0.322404426664278
892,"-1:-1|0:1|1:-1|2:-2",4,TRUE,1,3,0,"mixed",1.6642135623731,2.82842712474619,2.25,4,2,1.9607698869111,1,8,1,25,0,TRUE,25,33554432,0,1,25,25,0.833333333333333,2,0.75,0.0833333333333333,0.553694392684741,8.33333333333333,6,10,1.10738878536948,9,8,10,1.01015254455221,8.33333333333333,6,10,1.10738878536948,0,1.9607698869111,2.82842712474619,0.628385453702687,-0.322404426664278
1032,"-1:-2|0:-1|1:-2|2:2",4,TRUE,1,1,2,"mixed",2.07514076993644,2.82842712474619,2.75,4,2,1.9607698869111,1,8,1,25,0,TRUE,25,33554432,0,1,25,25,0.833333333333333,2,0.75,0.0833333333333333,0.553694392684741,8.33333333333333,6,10,1.10738878536948,9,8,10,1.01015254455221,8.33333333333333,6,10,1.10738878536948,0,1.9607698869111,2.82842712474619,0.628385453702687,-0.322404426664278
1376,"-1:-1|0:2|1:1|2:1",4,TRUE,1,2,1,"mixed",1.76612377556149,2.23606797749979,2.25,3,2,1.9607698869111,1,8,1,25,0,TRUE,25,33554432,0,1,25,25,0.833333333333333,2,0.75,0.0833333333333333,0.553694392684741,8.33333333333333,6,10,1.10738878536948,9,8,10,1.01015254455221,8.33333333333333,6,10,1.10738878536948,0,1.9607698869111,2.82842712474619,0.628385453702687,-0.322404426664278
1377,"-1:-2|0:2|1:1|2:1",4,TRUE,1,1,2,"mixed",1.97158737934317,2.23606797749979,2.5,3,2,1.9607698869111,1,8,1,25,0,TRUE,25,33554432,0,1,25,25,0.833333333333333,2,0.75,0.0833333333333333,0.553694392684741,8.33333333333333,6,10,1.10738878536948,9,8,10,1.01015254455221,8.33333333333333,6,10,1.10738878536948,0,1.9607698869111,2.82842712474619,0.628385453702687,-0.322404426664278
442,"-2:-1|1:-2|2:-2|2:0",4,TRUE,1,1,2,"mixed",2.32514076993644,2.82842712474619,3,4,2,1.96011261594915,2,8,1,25,0,TRUE,25,33554432,0,1,25,25,0.833333333333333,2,0.75,0.0833333333333333,0.553694392684741,8.33333333333333,6,10,1.10738878536948,9,8,10,1.01015254455221,8.33333333333333,6,10,1.10738878536948,0,1.96011261594915,2.82842712474619,0.535369584489657,-0.326308615866392
609,"-1:-1|0:-2|1:0|2:-2",4,TRUE,2,2,0,"mixed",1.81066017177982,2.82842712474619,2.25,4,2,1.96011261594915,2,8,1,25,0,TRUE,25,33554432,0,1,25,25,0.833333333333333,2,0.75,0.0833333333333333,0.553694392684741,8.33333333333333,6,10,1.10738878536948,9,8,10,1.01015254455221,8.33333333333333,6,10,1.10738878536948,0,1.96011261594915,2.82842712474619,0.535369584489657,-0.326308615866392
757,"-1:-2|-1:-1|0:2|2:-2",4,TRUE,1,2,1,"mixed",2.11967716615477,2.82842712474619,2.75,4,2,1.96011261594915,2,8,1,25,0,TRUE,25,33554432,0,1,25,25,0.833333333333333,2,0.75,0.0833333333333333,0.553694392684741,8.33333333333333,6,10,1.10738878536948,9,8,10,1.01015254455221,8.33333333333333,6,10,1.10738878536948,0,1.96011261594915,2.82842712474619,0.535369584489657,-0.326308615866392
834,"-1:-2|0:2|1:2|2:-2",4,TRUE,1,1,2,"mixed",2.32514076993644,2.82842712474619,3,4,2,1.96011261594915,2,8,1,25,0,TRUE,25,33554432,0,1,25,25,0.833333333333333,2,0.75,0.0833333333333333,0.553694392684741,8.33333333333333,6,10,1.10738878536948,9,8,10,1.01015254455221,8.33333333333333,6,10,1.10738878536948,0,1.96011261594915,2.82842712474619,0.535369584489657,-0.326308615866392
1129,"-1:-1|0:-2|1:-2|2:0",4,TRUE,2,1,1,"mixed",1.91257038496822,2.23606797749979,2.25,3,2,1.96011261594915,2,8,1,25,0,TRUE,25,33554432,0,1,25,25,0.833333333333333,2,0.75,0.0833333333333333,0.553694392684741,8.33333333333333,6,10,1.10738878536948,9,8,10,1.01015254455221,8.33333333333333,6,10,1.10738878536948,0,1.96011261594915,2.82842712474619,0.535369584489657,-0.326308615866392
1222,"-1:-2|1:-2|1:0|2:-1",4,TRUE,1,0,3,"mixed",1.92705098312484,2.23606797749979,2.5,3,2,1.96011261594915,2,8,1,25,0,TRUE,25,33554432,0,1,25,25,0.833333333333333,2,0.75,0.0833333333333333,0.553694392684741,8.33333333333333,6,10,1.10738878536948,9,8,10,1.01015254455221,8.33333333333333,6,10,1.10738878536948,0,1.96011261594915,2.82842712474619,0.535369584489657,-0.326308615866392
1360,"-1:-1|-1:2|1:-2|1:-1",4,TRUE,0,2,2,"off_axis",1.82514076993644,2.23606797749979,2.5,3,2,1.96011261594915,2,8,1,25,0,TRUE,25,33554432,0,1,25,25,0.833333333333333,2,0.75,0.0833333333333333,0.553694392684741,8.33333333333333,6,10,1.10738878536948,9,8,10,1.01015254455221,8.33333333333333,6,10,1.10738878536948,0,1.96011261594915,2.82842712474619,0.535369584489657,-0.326308615866392
1369,"-1:-2|-1:-1|0:2|2:-1",4,TRUE,1,1,2,"mixed",1.97158737934317,2.23606797749979,2.5,3,2,1.96011261594915,2,8,1,25,0,TRUE,25,33554432,0,1,25,25,0.833333333333333,2,0.75,0.0833333333333333,0.553694392684741,8.33333333333333,6,10,1.10738878536948,9,8,10,1.01015254455221,8.33333333333333,6,10,1.10738878536948,0,1.96011261594915,2.82842712474619,0.535369584489657,-0.326308615866392
1445,"-1:-1|-1:2|0:1|2:1",4,TRUE,1,1,2,"mixed",1.72158737934317,2.23606797749979,2.25,3,2,1.96011261594915,2,8,1,25,0,TRUE,25,33554432,0,1,25,25,0.833333333333333,2,0.75,0.0833333333333333,0.553694392684741,8.33333333333333,6,10,1.10738878536948,9,8,10,1.01015254455221,8.33333333333333,6,10,1.10738878536948,0,1.96011261594915,2.82842712474619,0.535369584489657,-0.326308615866392
1480,"-1:-1|-1:2|0:1|2:0",4,TRUE,2,1,1,"mixed",1.66257038496822,2.23606797749979,2,3,2,1.96011261594915,2,8,1,25,0,TRUE,25,33554432,0,1,25,25,0.833333333333333,2,0.75,0.0833333333333333,0.553694392684741,8.33333333333333,6,10,1.10738878536948,9,8,10,1.01015254455221,8.33333333333333,6,10,1.10738878536948,0,1.96011261594915,2.82842712474619,0.535369584489657,-0.326308615866392
399,"-1:0|1:-2|1:-1|2:-2",4,TRUE,1,2,1,"mixed",1.86967716615477,2.82842712474619,2.5,4,2,1.87858444539843,1,8,1,25,0,TRUE,25,33554432,0,1,25,25,0.833333333333333,2,0.583333333333333,0.25,0.800640769025436,8.33333333333333,6,10,1.60128153805087,7,6,8,1.01015254455221,8.33333333333333,6,10,1.60128153805087,0,1.87858444539843,2.82842712474619,0.796464745336163,-0.334235440752345
415,"-1:0|0:-1|1:-2|2:-2",4,TRUE,2,1,1,"mixed",1.76612377556149,2.82842712474619,2.25,4,2,1.87858444539843,1,8,1,25,0,TRUE,25,33554432,0,1,25,25,0.833333333333333,2,0.583333333333333,0.25,0.800640769025436,8.33333333333333,6,10,1.60128153805087,7,6,8,1.01015254455221,8.33333333333333,6,10,1.60128153805087,0,1.87858444539843,2.82842712474619,0.796464745336163,-0.334235440752345
422,"-2:-2|-2:-1|-1:0|2:-2",4,TRUE,1,2,1,"mixed",2.22323055674804,2.82842712474619,3,4,2,1.87858444539843,1,8,1,25,0,TRUE,25,33554432,0,1,25,25,0.833333333333333,2,0.583333333333333,0.25,0.800640769025436,8.33333333333333,6,10,1.60128153805087,7,6,8,1.01015254455221,8.33333333333333,6,10,1.60128153805087,0,1.87858444539843,2.82842712474619,0.796464745336163,-0.334235440752345
539,"-2:-2|-2:-1|2:-2|2:2",4,TRUE,0,3,1,"off_axis",2.68033733793459,2.82842712474619,3.75,4,2,1.87858444539843,2,8,1,25,0,TRUE,25,33554432,0,1,25,25,0.833333333333333,2,0.583333333333333,0.25,0.800640769025436,8.33333333333333,6,10,1.60128153805087,7,6,8,1.01015254455221,8.33333333333333,6,10,1.60128153805087,0,1.87858444539843,2.82842712474619,0.796464745336163,-0.334235440752345
840,"-2:-2|-1:-1|-1:0|2:-2",4,TRUE,1,3,0,"mixed",2.01776695296637,2.82842712474619,2.75,4,2,1.87858444539843,1,8,1,25,0,TRUE,25,33554432,0,1,25,25,0.833333333333333,2,0.583333333333333,0.25,0.800640769025436,8.33333333333333,6,10,1.60128153805087,7,6,8,1.01015254455221,8.33333333333333,6,10,1.60128153805087,0,1.87858444539843,2.82842712474619,0.796464745336163,-0.334235440752345
951,"-1:-1|-1:0|0:1|2:2",4,TRUE,2,2,0,"mixed",1.56066017177982,2.82842712474619,2,4,2,1.87858444539843,2,8,1,25,0,TRUE,25,33554432,0,1,25,25,0.833333333333333,2,0.583333333333333,0.25,0.800640769025436,8.33333333333333,6,10,1.60128153805087,7,6,8,1.01015254455221,8.33333333333333,6,10,1.60128153805087,0,1.87858444539843,2.82842712474619,0.796464745336163,-0.334235440752345
998,"-1:-1|-1:0|0:1|2:-2",4,TRUE,2,2,0,"mixed",1.56066017177982,2.82842712474619,2,4,2,1.87858444539843,2,8,1,25,0,TRUE,25,33554432,0,1,25,25,0.833333333333333,2,0.583333333333333,0.25,0.800640769025436,8.33333333333333,6,10,1.60128153805087,7,6,8,1.01015254455221,8.33333333333333,6,10,1.60128153805087,0,1.87858444539843,2.82842712474619,0.796464745336163,-0.334235440752345
1061,"-1:-2|-1:-1|0:-1|2:2",4,TRUE,1,2,1,"mixed",1.86967716615477,2.82842712474619,2.5,4,2,1.87858444539843,2,8,1,25,0,TRUE,25,33554432,0,1,25,25,0.833333333333333,2,0.583333333333333,0.25,0.800640769025436,8.33333333333333,6,10,1.60128153805087,7,6,8,1.01015254455221,8.33333333333333,6,10,1.60128153805087,0,1.87858444539843,2.82842712474619,0.796464745336163,-0.334235440752345
1344,"-1:-2|-1:-1|0:-1|2:1",4,TRUE,1,1,2,"mixed",1.72158737934317,2.23606797749979,2.25,3,2,1.87858444539843,2,8,1,25,0,TRUE,25,33554432,0,1,25,25,0.833333333333333,2,0.583333333333333,0.25,0.800640769025436,8.33333333333333,6,10,1.60128153805087,7,6,8,1.01015254455221,8.33333333333333,6,10,1.60128153805087,0,1.87858444539843,2.82842712474619,0.796464745336163,-0.334235440752345
1395,"-1:-1|-1:0|1:1|1:2",4,TRUE,1,2,1,"mixed",1.51612377556149,2.23606797749979,2,3,2,1.87858444539843,1,8,1,25,0,TRUE,25,33554432,0,1,25,25,0.833333333333333,2,0.583333333333333,0.25,0.800640769025436,8.33333333333333,6,10,1.60128153805087,7,6,8,1.01015254455221,8.33333333333333,6,10,1.60128153805087,0,1.87858444539843,2.82842712474619,0.796464745336163,-0.334235440752345
579,"-1:0|0:-2|1:-1|2:-2",4,TRUE,2,2,0,"mixed",1.81066017177982,2.82842712474619,2.25,4,2,1.93716308916112,1,8,1,25,0,TRUE,25,33554432,0,1,25,25,0.833333333333333,2,0.75,0.0833333333333333,0.553694392684741,8.33333333333333,6,10,1.10738878536948,9,8,10,1.01015254455221,8.33333333333333,6,10,1.10738878536948,0,1.93716308916112,2.82842712474619,0.621288236911133,-0.462628794098007
586,"-2:-2|-2:0|-1:-1|2:-2",4,TRUE,1,3,0,"mixed",2.26776695296637,2.82842712474619,3,4,2,1.93716308916112,1,8,1,25,0,TRUE,25,33554432,0,1,25,25,0.833333333333333,2,0.75,0.0833333333333333,0.553694392684741,8.33333333333333,6,10,1.10738878536948,9,8,10,1.01015254455221,8.33333333333333,6,10,1.10738878536948,0,1.93716308916112,2.82842712474619,0.621288236911133,-0.462628794098007
761,"-2:-1|-1:-2|-1:0|2:-2",4,TRUE,1,1,2,"mixed",2.07514076993644,2.82842712474619,2.75,4,2,1.93716308916112,1,8,1,25,0,TRUE,25,33554432,0,1,25,25,0.833333333333333,2,0.75,0.0833333333333333,0.553694392684741,8.33333333333333,6,10,1.10738878536948,9,8,10,1.01015254455221,8.33333333333333,6,10,1.10738878536948,0,1.93716308916112,2.82842712474619,0.621288236911133,-0.462628794098007
1132,"-1:-2|0:-2|1:-1|2:0",4,TRUE,2,1,1,"mixed",1.91257038496822,2.23606797749979,2.25,3,2,1.93716308916112,1,8,1,25,0,TRUE,25,33554432,0,1,25,25,0.833333333333333,2,0.75,0.0833333333333333,0.553694392684741,8.33333333333333,6,10,1.10738878536948,9,8,10,1.01015254455221,8.33333333333333,6,10,1.10738878536948,0,1.93716308916112,2.82842712474619,0.621288236911133,-0.462628794098007
1356,"-1:-1|-1:1|1:-2|1:-1",4,TRUE,0,3,1,"off_axis",1.61967716615477,2.23606797749979,2.25,3,2,1.93716308916112,1,8,1,25,0,TRUE,25,33554432,0,1,25,25,0.833333333333333,2,0.75,0.0833333333333333,0.553694392684741,8.33333333333333,6,10,1.10738878536948,9,8,10,1.01015254455221,8.33333333333333,6,10,1.10738878536948,0,1.93716308916112,2.82842712474619,0.621288236911133,-0.462628794098007
363,"-1:-2|0:2|1:-2|2:-2",4,TRUE,1,1,2,"mixed",2.32514076993644,2.82842712474619,3,4,2,1.93650581819917,2,8,1,25,0,TRUE,25,33554432,0,1,25,25,0.833333333333333,2,0.75,0.0833333333333333,0.553694392684741,8.33333333333333,6,10,1.10738878536948,9,8,10,1.01015254455221,8.33333333333333,6,10,1.10738878536948,0,1.93650581819917,2.82842712474619,0.526988526209425,-0.46653298330012
549,"-2:-1|-1:-2|0:-2|2:-2",4,TRUE,1,1,2,"mixed",2.32514076993644,2.82842712474619,3,4,2,1.93650581819917,2,8,1,25,0,TRUE,25,33554432,0,1,25,25,0.833333333333333,2,0.75,0.0833333333333333,0.553694392684741,8.33333333333333,6,10,1.10738878536948,9,8,10,1.01015254455221,8.33333333333333,6,10,1.10738878536948,0,1.93650581819917,2.82842712474619,0.526988526209425,-0.46653298330012
687,"-2:-2|-1:1|0:-2|0:2",4,TRUE,2,2,0,"mixed",2.06066017177982,2.82842712474619,2.5,4,2,1.93650581819917,2,8,1,25,0,TRUE,25,33554432,0,1,25,25,0.833333333333333,2,0.75,0.0833333333333333,0.553694392684741,8.33333333333333,6,10,1.10738878536948,9,8,10,1.01015254455221,8.33333333333333,6,10,1.10738878536948,0,1.93650581819917,2.82842712474619,0.526988526209425,-0.46653298330012
743,"-1:-2|0:-1|0:2|2:-2",4,TRUE,2,1,1,"mixed",2.01612377556149,2.82842712474619,2.5,4,2,1.93650581819917,2,8,1,25,0,TRUE,25,33554432,0,1,25,25,0.833333333333333,2,0.75,0.0833333333333333,0.553694392684741,8.33333333333333,6,10,1.10738878536948,9,8,10,1.01015254455221,8.33333333333333,6,10,1.10738878536948,0,1.93650581819917,2.82842712474619,0.526988526209425,-0.46653298330012
1240,"-1:-1|-1:1|-1:2|1:2",4,TRUE,0,2,2,"off_axis",1.82514076993644,2.23606797749979,2.5,3,2,1.93650581819917,2,8,1,25,0,TRUE,25,33554432,0,1,25,25,0.833333333333333,2,0.75,0.0833333333333333,0.553694392684741,8.33333333333333,6,10,1.10738878536948,9,8,10,1.01015254455221,8.33333333333333,6,10,1.10738878536948,0,1.93650581819917,2.82842712474619,0.526988526209425,-0.46653298330012
1401,"-1:-1|-1:1|-1:2|2:0",4,TRUE,1,2,1,"mixed",1.76612377556149,2.23606797749979,2.25,3,2,1.93650581819917,2,8,1,25,0,TRUE,25,33554432,0,1,25,25,0.833333333333333,2,0.75,0.0833333333333333,0.553694392684741,8.33333333333333,6,10,1.10738878536948,9,8,10,1.01015254455221,8.33333333333333,6,10,1.10738878536948,0,1.93650581819917,2.82842712474619,0.526988526209425,-0.46653298330012
1459,"-2:-1|-1:0|0:-2|2:0",4,TRUE,3,0,1,"mixed",1.80901699437495,2.23606797749979,2,3,2,1.93650581819917,2,8,1,25,0,TRUE,25,33554432,0,1,25,25,0.833333333333333,2,0.75,0.0833333333333333,0.553694392684741,8.33333333333333,6,10,1.10738878536948,9,8,10,1.01015254455221,8.33333333333333,6,10,1.10738878536948,0,1.93650581819917,2.82842712474619,0.526988526209425,-0.46653298330012
1516,"-1:-2|-1:0|1:-1|2:0",4,TRUE,2,1,1,"mixed",1.66257038496822,2.23606797749979,2,3,2,1.93650581819917,2,8,1,25,0,TRUE,25,33554432,0,1,25,25,0.833333333333333,2,0.75,0.0833333333333333,0.553694392684741,8.33333333333333,6,10,1.10738878536948,9,8,10,1.01015254455221,8.33333333333333,6,10,1.10738878536948,0,1.93650581819917,2.82842712474619,0.526988526209425,-0.46653298330012
1578,"-1:-1|0:-2|0:1|2:-1",4,TRUE,2,1,1,"mixed",1.66257038496822,2.23606797749979,2,3,2,1.93650581819917,2,8,1,25,0,TRUE,25,33554432,0,1,25,25,0.833333333333333,2,0.75,0.0833333333333333,0.553694392684741,8.33333333333333,6,10,1.10738878536948,9,8,10,1.01015254455221,8.33333333333333,6,10,1.10738878536948,0,1.93650581819917,2.82842712474619,0.526988526209425,-0.46653298330012
1584,"-1:-1|0:-2|0:2|2:-1",4,TRUE,2,1,1,"mixed",1.91257038496822,2.23606797749979,2.25,3,2,1.93650581819917,2,8,1,25,0,TRUE,25,33554432,0,1,25,25,0.833333333333333,2,0.75,0.0833333333333333,0.553694392684741,8.33333333333333,6,10,1.10738878536948,9,8,10,1.01015254455221,8.33333333333333,6,10,1.10738878536948,0,1.93650581819917,2.82842712474619,0.526988526209425,-0.46653298330012
1139,"-1:-1|0:-2|0:2|1:-2",4,TRUE,2,1,1,"mixed",1.91257038496822,2.23606797749979,2.25,3,2,1.69508446196187,1,8,1,25,0,TRUE,25,33554432,0,1,25,25,0.833333333333333,2,0.583333333333333,0.25,0.800640769025436,8.33333333333333,6,10,1.60128153805087,8,8,8,0,8.33333333333333,6,10,1.60128153805087,0,1.69508446196187,2.23606797749979,0.501872789122517,-0.525393614645145
1289,"-1:-1|1:-2|1:-1|2:-1",4,TRUE,0,2,2,"off_axis",1.82514076993644,2.23606797749979,2.5,3,2,1.69508446196187,1,8,1,25,0,TRUE,25,33554432,0,1,25,25,0.833333333333333,2,0.583333333333333,0.25,0.800640769025436,8.33333333333333,6,10,1.60128153805087,8,8,8,0,8.33333333333333,6,10,1.60128153805087,0,1.69508446196187,2.23606797749979,0.501872789122517,-0.525393614645145
1295,"-1:-1|0:-1|1:-2|2:-1",4,TRUE,1,1,2,"mixed",1.72158737934317,2.23606797749979,2.25,3,2,1.69508446196187,1,8,1,25,0,TRUE,25,33554432,0,1,25,25,0.833333333333333,2,0.583333333333333,0.25,0.800640769025436,8.33333333333333,6,10,1.60128153805087,8,8,8,0,8.33333333333333,6,10,1.60128153805087,0,1.69508446196187,2.23606797749979,0.501872789122517,-0.525393614645145
1439,"-1:-1|0:-1|0:2|1:-2",4,TRUE,2,1,1,"mixed",1.66257038496822,2.23606797749979,2,3,2,1.69508446196187,1,8,1,25,0,TRUE,25,33554432,0,1,25,25,0.833333333333333,2,0.583333333333333,0.25,0.800640769025436,8.33333333333333,6,10,1.60128153805087,8,8,8,0,8.33333333333333,6,10,1.60128153805087,0,1.69508446196187,2.23606797749979,0.501872789122517,-0.525393614645145
1665,"-1:-1|0:-2|0:1|1:0",4,TRUE,3,1,0,"mixed",1.35355339059327,2,1.5,2,2,1.69508446196187,1,8,1,25,0,TRUE,25,33554432,0,1,25,25,0.833333333333333,2,0.583333333333333,0.25,0.800640769025436,8.33333333333333,6,10,1.60128153805087,8,8,8,0,8.33333333333333,6,10,1.60128153805087,0,1.69508446196187,2.23606797749979,0.501872789122517,-0.525393614645145
387,"-1:-1|1:-2|2:-2|2:-1",4,TRUE,0,2,2,"off_axis",2.17869416052972,2.82842712474619,3,4,2,1.86011261594915,2,8,1,25,0,TRUE,25,33554432,0,1,25,25,0.833333333333333,2,0.666666666666667,0.166666666666667,0.688332449299089,8.33333333333333,6,10,1.37666489859818,8,8,8,0,8.33333333333333,6,10,1.37666489859818,0,1.86011261594915,2.82842712474619,0.614619173858266,-0.579321278905123
933,"-2:-1|0:-1|1:0|2:-2",4,TRUE,2,1,1,"mixed",1.76612377556149,2.82842712474619,2.25,4,2,1.86011261594915,2,8,1,25,0,TRUE,25,33554432,0,1,25,25,0.833333333333333,2,0.666666666666667,0.166666666666667,0.688332449299089,8.33333333333333,6,10,1.37666489859818,8,8,8,0,8.33333333333333,6,10,1.37666489859818,0,1.86011261594915,2.82842712474619,0.614619173858266,-0.579321278905123
1209,"-1:-1|0:2|1:-2|1:2",4,TRUE,1,1,2,"mixed",1.97158737934317,2.23606797749979,2.5,3,2,1.86011261594915,2,8,1,25,0,TRUE,25,33554432,0,1,25,25,0.833333333333333,2,0.666666666666667,0.166666666666667,0.688332449299089,8.33333333333333,6,10,1.37666489859818,8,8,8,0,8.33333333333333,6,10,1.37666489859818,0,1.86011261594915,2.82842712474619,0.614619173858266,-0.579321278905123
1308,"-1:-1|-1:0|1:-2|2:-1",4,TRUE,1,1,2,"mixed",1.72158737934317,2.23606797749979,2.25,3,2,1.86011261594915,2,8,1,25,0,TRUE,25,33554432,0,1,25,25,0.833333333333333,2,0.666666666666667,0.166666666666667,0.688332449299089,8.33333333333333,6,10,1.37666489859818,8,8,8,0,8.33333333333333,6,10,1.37666489859818,0,1.86011261594915,2.82842712474619,0.614619173858266,-0.579321278905123
1530,"-1:-1|-1:0|0:2|1:-2",4,TRUE,2,1,1,"mixed",1.66257038496822,2.23606797749979,2,3,2,1.86011261594915,2,8,1,25,0,TRUE,25,33554432,0,1,25,25,0.833333333333333,2,0.666666666666667,0.166666666666667,0.688332449299089,8.33333333333333,6,10,1.37666489859818,8,8,8,0,8.33333333333333,6,10,1.37666489859818,0,1.86011261594915,2.82842712474619,0.614619173858266,-0.579321278905123
461,"-1:0|0:-2|2:-2|2:-1",4,TRUE,2,1,1,"mixed",2.01612377556149,2.82842712474619,2.5,4,2,2.06011261594915,3,8,1,25,0,TRUE,25,33554432,0,1,25,25,0.833333333333333,2,0.75,0.0833333333333333,0.553694392684741,8.33333333333333,6,10,1.10738878536948,8,8,8,0,8.33333333333333,6,10,1.10738878536948,0,2.06011261594915,2.82842712474619,0.628875548196174,-0.631140303967054
503,"-1:-2|-1:0|2:-2|2:-1",4,TRUE,1,1,2,"mixed",2.07514076993644,2.82842712474619,2.75,4,2,2.06011261594915,3,8,1,25,0,TRUE,25,33554432,0,1,25,25,0.833333333333333,2,0.75,0.0833333333333333,0.553694392684741,8.33333333333333,6,10,1.10738878536948,8,8,8,0,8.33333333333333,6,10,1.10738878536948,0,2.06011261594915,2.82842712474619,0.628875548196174,-0.631140303967054
648,"-2:-2|-2:0|0:-1|2:-2",4,TRUE,2,2,0,"mixed",2.16421356237309,2.82842712474619,2.75,4,2,2.06011261594915,3,8,1,25,0,TRUE,25,33554432,0,1,25,25,0.833333333333333,2,0.75,0.0833333333333333,0.553694392684741,8.33333333333333,6,10,1.10738878536948,8,8,8,0,8.33333333333333,6,10,1.10738878536948,0,2.06011261594915,2.82842712474619,0.628875548196174,-0.631140303967054
1144,"-1:-2|0:-2|2:-1|2:0",4,TRUE,2,0,2,"mixed",2.11803398874989,2.23606797749979,2.5,3,2,2.06011261594915,3,8,1,25,0,TRUE,25,33554432,0,1,25,25,0.833333333333333,2,0.75,0.0833333333333333,0.553694392684741,8.33333333333333,6,10,1.10738878536948,8,8,8,0,8.33333333333333,6,10,1.10738878536948,0,2.06011261594915,2.82842712474619,0.628875548196174,-0.631140303967054
1272,"-1:-2|-1:0|1:-2|1:2",4,TRUE,1,0,3,"mixed",1.92705098312484,2.23606797749979,2.5,3,2,2.06011261594915,3,8,1,25,0,TRUE,25,33554432,0,1,25,25,0.833333333333333,2,0.75,0.0833333333333333,0.553694392684741,8.33333333333333,6,10,1.10738878536948,8,8,8,0,8.33333333333333,6,10,1.10738878536948,0,2.06011261594915,2.82842712474619,0.628875548196174,-0.631140303967054
403,"-1:0|1:-1|2:-2|2:-1",4,TRUE,1,2,1,"mixed",1.86967716615477,2.82842712474619,2.5,4,2,1.81934853067379,1,8,1,25,0,TRUE,25,33554432,0,1,25,25,0.833333333333333,2,0.583333333333333,0.25,0.800640769025436,8.33333333333333,6,10,1.60128153805087,7,6,8,1.01015254455221,8.33333333333333,6,10,1.60128153805087,0,1.81934853067379,2.82842712474619,0.737842895002503,-0.686096746109966
521,"-2:-1|-1:0|2:-2|2:-1",4,TRUE,1,1,2,"mixed",2.07514076993644,2.82842712474619,2.75,4,2,1.81934853067379,1,8,1,25,0,TRUE,25,33554432,0,1,25,25,0.833333333333333,2,0.583333333333333,0.25,0.800640769025436,8.33333333333333,6,10,1.60128153805087,7,6,8,1.01015254455221,8.33333333333333,6,10,1.60128153805087,0,1.81934853067379,2.82842712474619,0.737842895002503,-0.686096746109966
838,"-2:-2|-1:-1|0:-1|2:-2",4,TRUE,1,3,0,"mixed",2.01776695296637,2.82842712474619,2.75,4,2,1.81934853067379,1,8,1,25,0,TRUE,25,33554432,0,1,25,25,0.833333333333333,2,0.583333333333333,0.25,0.800640769025436,8.33333333333333,6,10,1.60128153805087,7,6,8,1.01015254455221,8.33333333333333,6,10,1.60128153805087,0,1.81934853067379,2.82842712474619,0.737842895002503,-0.686096746109966
1418,"-1:-1|-1:0|1:1|2:1",4,TRUE,1,2,1,"mixed",1.51612377556149,2.23606797749979,2,3,2,1.81934853067379,1,8,1,25,0,TRUE,25,33554432,0,1,25,25,0.833333333333333,2,0.583333333333333,0.25,0.800640769025436,8.33333333333333,6,10,1.60128153805087,7,6,8,1.01015254455221,8.33333333333333,6,10,1.60128153805087,0,1.81934853067379,2.82842712474619,0.737842895002503,-0.686096746109966
1476,"-1:-2|-1:2|0:-1|1:0",4,TRUE,2,0,2,"mixed",1.61803398874989,2.23606797749979,2,3,2,1.81934853067379,1,8,1,25,0,TRUE,25,33554432,0,1,25,25,0.833333333333333,2,0.583333333333333,0.25,0.800640769025436,8.33333333333333,6,10,1.60128153805087,7,6,8,1.01015254455221,8.33333333333333,6,10,1.60128153805087,0,1.81934853067379,2.82842712474619,0.737842895002503,-0.686096746109966
657,"-1:-1|-1:0|0:2|2:2",4,TRUE,2,2,0,"mixed",1.81066017177982,2.82842712474619,2.25,4,2,2.03716308916112,3,8,1,25,0,TRUE,25,33554432,0,1,25,25,0.833333333333333,2,0.75,0.0833333333333333,0.553694392684741,8.33333333333333,6,10,1.10738878536948,8,8,8,0,8.33333333333333,6,10,1.10738878536948,0,2.03716308916112,2.82842712474619,0.707080498450027,-0.767460482198669
709,"-2:-2|-2:0|2:-2|2:2",4,TRUE,1,3,0,"mixed",2.62132034355964,2.82842712474619,3.5,4,2,2.03716308916112,3,8,1,25,0,TRUE,25,33554432,0,1,25,25,0.833333333333333,2,0.75,0.0833333333333333,0.553694392684741,8.33333333333333,6,10,1.10738878536948,8,8,8,0,8.33333333333333,6,10,1.10738878536948,0,2.03716308916112,2.82842712474619,0.707080498450027,-0.767460482198669
787,"-1:-2|-1:0|0:1|2:-2",4,TRUE,2,1,1,"mixed",1.76612377556149,2.82842712474619,2.25,4,2,2.03716308916112,3,8,1,25,0,TRUE,25,33554432,0,1,25,25,0.833333333333333,2,0.75,0.0833333333333333,0.553694392684741,8.33333333333333,6,10,1.10738878536948,8,8,8,0,8.33333333333333,6,10,1.10738878536948,0,2.03716308916112,2.82842712474619,0.707080498450027,-0.767460482198669
815,"-1:-1|-1:0|2:-1|2:2",4,TRUE,1,2,1,"mixed",1.86967716615477,2.82842712474619,2.5,4,2,2.03716308916112,3,8,1,25,0,TRUE,25,33554432,0,1,25,25,0.833333333333333,2,0.75,0.0833333333333333,0.553694392684741,8.33333333333333,6,10,1.10738878536948,8,8,8,0,8.33333333333333,6,10,1.10738878536948,0,2.03716308916112,2.82842712474619,0.707080498450027,-0.767460482198669
1187,"-1:-2|-1:2|0:-2|2:0",4,TRUE,2,0,2,"mixed",2.11803398874989,2.23606797749979,2.5,3,2,2.03716308916112,3,8,1,25,0,TRUE,25,33554432,0,1,25,25,0.833333333333333,2,0.75,0.0833333333333333,0.553694392684741,8.33333333333333,6,10,1.10738878536948,8,8,8,0,8.33333333333333,6,10,1.10738878536948,0,2.03716308916112,2.82842712474619,0.707080498450027,-0.767460482198669
559,"-1:-2|0:-2|2:-2|2:2",4,TRUE,1,2,1,"mixed",2.47323055674804,2.82842712474619,3.25,4,2,2.03650581819918,3,8,1,25,0,TRUE,25,33554432,0,1,25,25,0.833333333333333,2,0.75,0.0833333333333333,0.553694392684741,8.33333333333333,6,10,1.10738878536948,8,8,8,0,8.33333333333333,6,10,1.10738878536948,0,2.03650581819918,2.82842712474619,0.625960641681523,-0.771364671400782
661,"-1:0|0:-2|0:2|2:-2",4,TRUE,3,1,0,"mixed",1.95710678118655,2.82842712474619,2.25,4,2,2.03650581819918,3,8,1,25,0,TRUE,25,33554432,0,1,25,25,0.833333333333333,2,0.75,0.0833333333333333,0.553694392684741,8.33333333333333,6,10,1.10738878536948,8,8,8,0,8.33333333333333,6,10,1.10738878536948,0,2.03650581819918,2.82842712474619,0.625960641681523,-0.771364671400782
793,"-1:-2|-1:0|-1:2|2:-2",4,TRUE,1,1,2,"mixed",2.07514076993644,2.82842712474619,2.75,4,2,2.03650581819918,3,8,1,25,0,TRUE,25,33554432,0,1,25,25,0.833333333333333,2,0.75,0.0833333333333333,0.553694392684741,8.33333333333333,6,10,1.10738878536948,8,8,8,0,8.33333333333333,6,10,1.10738878536948,0,2.03650581819918,2.82842712474619,0.625960641681523,-0.771364671400782
1184,"-1:-2|0:-2|0:1|2:0",4,TRUE,3,0,1,"mixed",1.80901699437495,2.23606797749979,2,3,2,2.03650581819918,3,8,1,25,0,TRUE,25,33554432,0,1,25,25,0.833333333333333,2,0.75,0.0833333333333333,0.553694392684741,8.33333333333333,6,10,1.10738878536948,8,8,8,0,8.33333333333333,6,10,1.10738878536948,0,2.03650581819918,2.82842712474619,0.625960641681523,-0.771364671400782
1204,"-1:-2|-1:0|2:0|2:1",4,TRUE,2,0,2,"mixed",1.86803398874989,2.23606797749979,2.25,3,2,2.03650581819918,3,8,1,25,0,TRUE,25,33554432,0,1,25,25,0.833333333333333,2,0.75,0.0833333333333333,0.553694392684741,8.33333333333333,6,10,1.10738878536948,8,8,8,0,8.33333333333333,6,10,1.10738878536948,0,2.03650581819918,2.82842712474619,0.625960641681523,-0.771364671400782
472,"-1:-1|0:-1|2:-2|2:-1",4,TRUE,1,2,1,"mixed",1.86967716615477,2.82842712474619,2.5,4,2,1.79508446196187,2,8,1,25,0,TRUE,25,33554432,0,1,25,25,0.833333333333333,2,0.583333333333333,0.25,0.800640769025436,8.33333333333333,6,10,1.60128153805087,7,6,8,1.01015254455221,8.33333333333333,6,10,1.60128153805087,0,1.79508446196187,2.82842712474619,0.647792640367682,-0.830225302745807
477,"-2:-1|0:-1|2:-2|2:-1",4,TRUE,1,1,2,"mixed",2.07514076993644,2.82842712474619,2.75,4,2,1.79508446196187,2,8,1,25,0,TRUE,25,33554432,0,1,25,25,0.833333333333333,2,0.583333333333333,0.25,0.800640769025436,8.33333333333333,6,10,1.60128153805087,7,6,8,1.01015254455221,8.33333333333333,6,10,1.60128153805087,0,1.79508446196187,2.82842712474619,0.647792640367682,-0.830225302745807
1176,"-1:-2|0:-2|0:1|1:0",4,TRUE,3,0,1,"mixed",1.55901699437495,2.23606797749979,1.75,3,2,1.79508446196187,2,8,1,25,0,TRUE,25,33554432,0,1,25,25,0.833333333333333,2,0.583333333333333,0.25,0.800640769025436,8.33333333333333,6,10,1.60128153805087,7,6,8,1.01015254455221,8.33333333333333,6,10,1.60128153805087,0,1.79508446196187,2.82842712474619,0.647792640367682,-0.830225302745807
1180,"-1:-2|0:-2|0:2|1:0",4,TRUE,3,0,1,"mixed",1.80901699437495,2.23606797749979,2,3,2,1.79508446196187,2,8,1,25,0,TRUE,25,33554432,0,1,25,25,0.833333333333333,2,0.583333333333333,0.25,0.800640769025436,8.33333333333333,6,10,1.60128153805087,7,6,8,1.01015254455221,8.33333333333333,6,10,1.60128153805087,0,1.79508446196187,2.82842712474619,0.647792640367682,-0.830225302745807
1203,"-1:-1|-1:0|2:0|2:1",4,TRUE,2,1,1,"mixed",1.66257038496822,2.23606797749979,2,3,2,1.79508446196187,2,8,1,25,0,TRUE,25,33554432,0,1,25,25,0.833333333333333,2,0.583333333333333,0.25,0.800640769025436,8.33333333333333,6,10,1.60128153805087,7,6,8,1.01015254455221,8.33333333333333,6,10,1.60128153805087,0,1.79508446196187,2.82842712474619,0.647792640367682,-0.830225302745807
434,"-1:-1|0:1|1:-2|2:-2",4,TRUE,1,2,1,"mixed",1.86967716615477,2.82842712474619,2.5,4,2,2.02514076993644,2,8,1,25,0,TRUE,25,33554432,0,1,25,25,0.833333333333333,2,0.75,0.0833333333333333,0.553694392684741,8.33333333333333,6,10,1.10738878536948,8,8,8,0,8.33333333333333,6,10,1.10738878536948,0,2.02514076993644,2.82842712474619,0.665669973236015,-0.838873052688833
523,"-1:-2|0:-1|1:2|2:2",4,TRUE,1,1,2,"mixed",2.07514076993644,2.82842712474619,2.75,4,2,2.02514076993644,2,8,1,25,0,TRUE,25,33554432,0,1,25,25,0.833333333333333,2,0.75,0.0833333333333333,0.553694392684741,8.33333333333333,6,10,1.10738878536948,8,8,8,0,8.33333333333333,6,10,1.10738878536948,0,2.02514076993644,2.82842712474619,0.665669973236015,-0.838873052688833
854,"-2:-1|1:0|2:-2|2:2",4,TRUE,1,2,1,"mixed",2.22323055674804,2.82842712474619,3,4,2,2.02514076993644,2,8,1,25,0,TRUE,25,33554432,0,1,25,25,0.833333333333333,2,0.75,0.0833333333333333,0.553694392684741,8.33333333333333,6,10,1.10738878536948,8,8,8,0,8.33333333333333,6,10,1.10738878536948,0,2.02514076993644,2.82842712474619,0.665669973236015,-0.838873052688833
1318,"-1:0|1:-2|1:2|2:-1",4,TRUE,1,0,3,"mixed",1.92705098312484,2.23606797749979,2.5,3,2,2.02514076993644,2,8,1,25,0,TRUE,25,33554432,0,1,25,25,0.833333333333333,2,0.75,0.0833333333333333,0.553694392684741,8.33333333333333,6,10,1.10738878536948,8,8,8,0,8.33333333333333,6,10,1.10738878536948,0,2.02514076993644,2.82842712474619,0.665669973236015,-0.838873052688833
1409,"-1:-2|-1:2|1:-1|2:-1",4,TRUE,0,1,3,"off_axis",2.03060437371812,2.23606797749979,2.75,3,2,2.02514076993644,2,8,1,25,0,TRUE,25,33554432,0,1,25,25,0.833333333333333,2,0.75,0.0833333333333333,0.553694392684741,8.33333333333333,6,10,1.10738878536948,8,8,8,0,8.33333333333333,6,10,1.10738878536948,0,2.02514076993644,2.82842712474619,0.665669973236015,-0.838873052688833
389,"-1:0|1:-2|2:-2|2:-1",4,TRUE,1,1,2,"mixed",2.07514076993644,2.82842712474619,2.75,4,2,1.9607698869111,2,8,1,25,0,TRUE,25,33554432,0,1,25,25,0.833333333333333,2,0.666666666666667,0.166666666666667,0.688332449299089,8.33333333333333,6,10,1.37666489859818,7,6,8,1.01015254455221,8.33333333333333,6,10,1.37666489859818,0,1.9607698869111,2.82842712474619,0.785551080864481,-0.880248777803671
430,"-1:-1|-1:0|1:-2|2:-2",4,TRUE,1,2,1,"mixed",1.86967716615477,2.82842712474619,2.5,4,2,1.9607698869111,2,8,1,25,0,TRUE,25,33554432,0,1,25,25,0.833333333333333,2,0.666666666666667,0.166666666666667,0.688332449299089,8.33333333333333,6,10,1.37666489859818,7,6,8,1.01015254455221,8.33333333333333,6,10,1.37666489859818,0,1.9607698869111,2.82842712474619,0.785551080864481,-0.880248777803671
520,"-2:-2|-1:0|2:-2|2:-1",4,TRUE,1,2,1,"mixed",2.22323055674804,2.82842712474619,3,4,2,1.9607698869111,2,8,1,25,0,TRUE,25,33554432,0,1,25,25,0.833333333333333,2,0.666666666666667,0.166666666666667,0.688332449299089,8.33333333333333,6,10,1.37666489859818,7,6,8,1.01015254455221,8.33333333333333,6,10,1.37666489859818,0,1.9607698869111,2.82842712474619,0.785551080864481,-0.880248777803671
850,"-2:-2|-1:0|0:-1|2:-2",4,TRUE,2,2,0,"mixed",1.9142135623731,2.82842712474619,2.5,4,2,1.9607698869111,2,8,1,25,0,TRUE,25,33554432,0,1,25,25,0.833333333333333,2,0.666666666666667,0.166666666666667,0.688332449299089,8.33333333333333,6,10,1.37666489859818,7,6,8,1.01015254455221,8.33333333333333,6,10,1.37666489859818,0,1.9607698869111,2.82842712474619,0.785551080864481,-0.880248777803671
1529,"-1:-1|-1:0|1:-2|1:2",4,TRUE,1,1,2,"mixed",1.72158737934317,2.23606797749979,2.25,3,2,1.9607698869111,2,8,1,25,0,TRUE,25,33554432,0,1,25,25,0.833333333333333,2,0.666666666666667,0.166666666666667,0.688332449299089,8.33333333333333,6,10,1.37666489859818,7,6,8,1.01015254455221,8.33333333333333,6,10,1.37666489859818,0,1.9607698869111,2.82842712474619,0.785551080864481,-0.880248777803671
437,"-1:-1|1:-2|2:-2|2:2",4,TRUE,0,3,1,"off_axis",2.32678394734132,2.82842712474619,3.25,4,2,2.00219124314841,2,8,1,25,0,TRUE,25,33554432,0,1,25,25,0.833333333333333,2,0.75,0.0833333333333333,0.553694392684741,8.33333333333333,6,10,1.10738878536948,8,8,8,0,8.33333333333333,6,10,1.10738878536948,0,2.00219124314841,2.82842712474619,0.738790472371199,-0.975193230920448
527,"-1:-1|1:-2|1:2|2:2",4,TRUE,0,2,2,"off_axis",2.17869416052972,2.82842712474619,3,4,2,2.00219124314841,2,8,1,25,0,TRUE,25,33554432,0,1,25,25,0.833333333333333,2,0.75,0.0833333333333333,0.553694392684741,8.33333333333333,6,10,1.10738878536948,8,8,8,0,8.33333333333333,6,10,1.10738878536948,0,2.00219124314841,2.82842712474619,0.738790472371199,-0.975193230920448
932,"-2:-2|-1:0|-1:1|2:2",4,TRUE,1,3,0,"mixed",2.01776695296637,2.82842712474619,2.75,4,2,2.00219124314841,2,8,1,25,0,TRUE,25,33554432,0,1,25,25,0.833333333333333,2,0.75,0.0833333333333333,0.553694392684741,8.33333333333333,6,10,1.10738878536948,8,8,8,0,8.33333333333333,6,10,1.10738878536948,0,2.00219124314841,2.82842712474619,0.738790472371199,-0.975193230920448
953,"-1:0|0:-1|1:2|2:-2",4,TRUE,2,1,1,"mixed",1.76612377556149,2.82842712474619,2.25,4,2,2.00219124314841,2,8,1,25,0,TRUE,25,33554432,0,1,25,25,0.833333333333333,2,0.75,0.0833333333333333,0.553694392684741,8.33333333333333,6,10,1.10738878536948,8,8,8,0,8.33333333333333,6,10,1.10738878536948,0,2.00219124314841,2.82842712474619,0.738790472371199,-0.975193230920448
1325,"-1:-1|-1:0|1:2|2:1",4,TRUE,1,1,2,"mixed",1.72158737934317,2.23606797749979,2.25,3,2,2.00219124314841,2,8,1,25,0,TRUE,25,33554432,0,1,25,25,0.833333333333333,2,0.75,0.0833333333333333,0.553694392684741,8.33333333333333,6,10,1.10738878536948,8,8,8,0,8.33333333333333,6,10,1.10738878536948,0,2.00219124314841,2.82842712474619,0.738790472371199,-0.975193230920448
416,"-2:-2|-1:-2|0:-1|2:0",4,TRUE,2,1,1,"mixed",2.01612377556149,2.82842712474619,2.5,4,2,2.00153397218646,2,8,1,25,0,TRUE,25,33554432,0,1,25,25,0.833333333333333,2,0.75,0.0833333333333333,0.553694392684741,8.33333333333333,6,10,1.10738878536948,8,8,8,0,8.33333333333333,6,10,1.10738878536948,0,2.00153397218646,2.82842712474619,0.661531689157382,-0.979097420122561
417,"-1:-2|1:0|2:-2|2:-1",4,TRUE,1,1,2,"mixed",2.07514076993644,2.82842712474619,2.75,4,2,2.00153397218646,2,8,1,25,0,TRUE,25,33554432,0,1,25,25,0.833333333333333,2,0.75,0.0833333333333333,0.553694392684741,8.33333333333333,6,10,1.10738878536948,8,8,8,0,8.33333333333333,6,10,1.10738878536948,0,2.00153397218646,2.82842712474619,0.661531689157382,-0.979097420122561
445,"-2:-1|-2:0|1:-2|2:-2",4,TRUE,1,1,2,"mixed",2.32514076993644,2.82842712474619,3,4,2,2.00153397218646,2,8,1,25,0,TRUE,25,33554432,0,1,25,25,0.833333333333333,2,0.75,0.0833333333333333,0.553694392684741,8.33333333333333,6,10,1.10738878536948,8,8,8,0,8.33333333333333,6,10,1.10738878536948,0,2.00153397218646,2.82842712474619,0.661531689157382,-0.979097420122561
538,"-1:-2|1:2|2:-2|2:2",4,TRUE,0,2,2,"off_axis",2.53224755112299,2.82842712474619,3.5,4,2,2.00153397218646,3,8,1,25,0,TRUE,25,33554432,0,1,25,25,0.833333333333333,2,0.75,0.0833333333333333,0.553694392684741,8.33333333333333,6,10,1.10738878536948,8,8,8,0,8.33333333333333,6,10,1.10738878536948,0,2.00153397218646,2.82842712474619,0.661531689157382,-0.979097420122561
747,"-1:-2|-1:-1|1:0|2:-2",4,TRUE,1,2,1,"mixed",1.86967716615477,2.82842712474619,2.5,4,2,2.00153397218646,2,8,1,25,0,TRUE,25,33554432,0,1,25,25,0.833333333333333,2,0.75,0.0833333333333333,0.553694392684741,8.33333333333333,6,10,1.10738878536948,8,8,8,0,8.33333333333333,6,10,1.10738878536948,0,2.00153397218646,2.82842712474619,0.661531689157382,-0.979097420122561
955,"-1:-2|-1:0|0:1|2:2",4,TRUE,2,1,1,"mixed",1.76612377556149,2.82842712474619,2.25,4,2,2.00153397218646,3,8,1,25,0,TRUE,25,33554432,0,1,25,25,0.833333333333333,2,0.75,0.0833333333333333,0.553694392684741,8.33333333333333,6,10,1.10738878536948,8,8,8,0,8.33333333333333,6,10,1.10738878536948,0,2.00153397218646,2.82842712474619,0.661531689157382,-0.979097420122561
1002,"-1:-1|-1:0|0:2|2:-2",4,TRUE,2,2,0,"mixed",1.81066017177982,2.82842712474619,2.25,4,2,2.00153397218646,3,8,1,25,0,TRUE,25,33554432,0,1,25,25,0.833333333333333,2,0.75,0.0833333333333333,0.553694392684741,8.33333333333333,6,10,1.10738878536948,8,8,8,0,8.33333333333333,6,10,1.10738878536948,0,2.00153397218646,2.82842712474619,0.661531689157382,-0.979097420122561
1212,"-1:-2|-1:2|0:-2|2:1",4,TRUE,1,0,3,"mixed",2.17705098312484,2.23606797749979,2.75,3,2,2.00153397218646,3,8,1,25,0,TRUE,25,33554432,0,1,25,25,0.833333333333333,2,0.75,0.0833333333333333,0.553694392684741,8.33333333333333,6,10,1.10738878536948,8,8,8,0,8.33333333333333,6,10,1.10738878536948,0,2.00153397218646,2.82842712474619,0.661531689157382,-0.979097420122561
1399,"-1:-2|-1:-1|1:0|1:2",4,TRUE,1,1,2,"mixed",1.72158737934317,2.23606797749979,2.25,3,2,2.00153397218646,2,8,1,25,0,TRUE,25,33554432,0,1,25,25,0.833333333333333,2,0.75,0.0833333333333333,0.553694392684741,8.33333333333333,6,10,1.10738878536948,8,8,8,0,8.33333333333333,6,10,1.10738878536948,0,2.00153397218646,2.82842712474619,0.661531689157382,-0.979097420122561
1565,"-1:-1|-1:0|1:2|2:-1",4,TRUE,1,1,2,"mixed",1.72158737934317,2.23606797749979,2.25,3,2,2.00153397218646,3,8,1,25,0,TRUE,25,33554432,0,1,25,25,0.833333333333333,2,0.75,0.0833333333333333,0.553694392684741,8.33333333333333,6,10,1.10738878536948,8,8,8,0,8.33333333333333,6,10,1.10738878536948,0,2.00153397218646,2.82842712474619,0.661531689157382,-0.979097420122561
25,"-1:-2|2:-1",2,TRUE,0,0,2,"off_axis",2.23606797749979,2.23606797749979,3,3,2,2.23606797749979,3,8,1,25,0,TRUE,25,33554432,0,1,25,25,0.25,2,0.166666666666667,0.0833333333333333,0.596113387342175,5.5,2,6,1.19222677468435,6,6,6,0,5.5,2,6,1.19222677468435,0.166666666666667,2.23606797749979,2.23606797749979,0,-0.993012127048114
36,"-1:-2|1:2",2,TRUE,0,0,2,"off_axis",2.23606797749979,2.23606797749979,3,3,2,2.23606797749979,3,4,2,25,0,TRUE,25,33554432,0,1,25,25,0.25,2,0.166666666666667,0.0833333333333333,0.596113387342175,5.5,2,6,1.19222677468435,6,6,6,0,5.5,2,6,1.19222677468435,0.166666666666667,2.23606797749979,2.23606797749979,0,-0.993012127048114
384,"-2:-2|-1:-2|2:-2|2:2",4,TRUE,0,3,1,"off_axis",2.68033733793459,2.82842712474619,3.75,4,2,1.93716308916112,2,8,1,25,0,TRUE,25,33554432,0,1,25,25,0.833333333333333,2,0.666666666666667,0.166666666666667,0.688332449299089,8.33333333333333,6,10,1.37666489859818,7,6,8,1.01015254455221,8.33333333333333,6,10,1.37666489859818,0,1.93716308916112,2.82842712474619,0.779885437449864,-1.0204731452374
971,"-1:-1|-1:0|1:0|2:2",4,TRUE,2,2,0,"mixed",1.56066017177982,2.82842712474619,2,4,2,1.93716308916112,2,8,1,25,0,TRUE,25,33554432,0,1,25,25,0.833333333333333,2,0.666666666666667,0.166666666666667,0.688332449299089,8.33333333333333,6,10,1.37666489859818,7,6,8,1.01015254455221,8.33333333333333,6,10,1.37666489859818,0,1.93716308916112,2.82842712474619,0.779885437449864,-1.0204731452374
1054,"-1:0|0:-2|0:-1|2:2",4,TRUE,3,1,0,"mixed",1.70710678118655,2.82842712474619,2,4,2,1.93716308916112,2,8,1,25,0,TRUE,25,33554432,0,1,25,25,0.833333333333333,2,0.666666666666667,0.166666666666667,0.688332449299089,8.33333333333333,6,10,1.37666489859818,7,6,8,1.01015254455221,8.33333333333333,6,10,1.37666489859818,0,1.93716308916112,2.82842712474619,0.779885437449864,-1.0204731452374
1063,"-1:-2|-1:-1|-1:0|2:2",4,TRUE,1,2,1,"mixed",1.86967716615477,2.82842712474619,2.5,4,2,1.93716308916112,2,8,1,25,0,TRUE,25,33554432,0,1,25,25,0.833333333333333,2,0.666666666666667,0.166666666666667,0.688332449299089,8.33333333333333,6,10,1.37666489859818,7,6,8,1.01015254455221,8.33333333333333,6,10,1.37666489859818,0,1.93716308916112,2.82842712474619,0.779885437449864,-1.0204731452374
1124,"-1:-2|0:-2|0:-1|2:1",4,TRUE,2,0,2,"mixed",1.86803398874989,2.23606797749979,2.25,3,2,1.93716308916112,2,8,1,25,0,TRUE,25,33554432,0,1,25,25,0.833333333333333,2,0.666666666666667,0.166666666666667,0.688332449299089,8.33333333333333,6,10,1.37666489859818,7,6,8,1.01015254455221,8.33333333333333,6,10,1.37666489859818,0,1.93716308916112,2.82842712474619,0.779885437449864,-1.0204731452374
388,"-2:-1|1:-2|2:-2|2:-1",4,TRUE,0,1,3,"off_axis",2.38415776431139,2.82842712474619,3.25,4,2,1.76011261594915,2,8,1,25,0,TRUE,25,33554432,0,1,25,25,0.833333333333333,2,0.583333333333333,0.25,0.800640769025436,8.33333333333333,6,10,1.60128153805087,7,6,8,1.01015254455221,8.33333333333333,6,10,1.60128153805087,0,1.76011261594915,2.82842712474619,0.668334230403909,-1.03795805146759
922,"-1:-1|0:-1|1:0|2:-2",4,TRUE,2,2,0,"mixed",1.56066017177982,2.82842712474619,2,4,2,1.76011261594915,2,8,1,25,0,TRUE,25,33554432,0,1,25,25,0.833333333333333,2,0.583333333333333,0.25,0.800640769025436,8.33333333333333,6,10,1.60128153805087,7,6,8,1.01015254455221,8.33333333333333,6,10,1.60128153805087,0,1.76011261594915,2.82842712474619,0.668334230403909,-1.03795805146759
1340,"-1:-2|1:-1|1:0|2:-1",4,TRUE,1,1,2,"mixed",1.72158737934317,2.23606797749979,2.25,3,2,1.76011261594915,2,8,1,25,0,TRUE,25,33554432,0,1,25,25,0.833333333333333,2,0.583333333333333,0.25,0.800640769025436,8.33333333333333,6,10,1.60128153805087,7,6,8,1.01015254455221,8.33333333333333,6,10,1.60128153805087,0,1.76011261594915,2.82842712474619,0.668334230403909,-1.03795805146759
1347,"-1:-2|-1:-1|0:-1|1:2",4,TRUE,1,1,2,"mixed",1.72158737934317,2.23606797749979,2.25,3,2,1.76011261594915,2,8,1,25,0,TRUE,25,33554432,0,1,25,25,0.833333333333333,2,0.583333333333333,0.25,0.800640769025436,8.33333333333333,6,10,1.60128153805087,7,6,8,1.01015254455221,8.33333333333333,6,10,1.60128153805087,0,1.76011261594915,2.82842712474619,0.668334230403909,-1.03795805146759
1527,"-1:-1|-1:0|0:1|1:-2",4,TRUE,2,1,1,"mixed",1.41257038496822,2.23606797749979,1.75,3,2,1.76011261594915,2,8,1,25,0,TRUE,25,33554432,0,1,25,25,0.833333333333333,2,0.583333333333333,0.25,0.800640769025436,8.33333333333333,6,10,1.60128153805087,7,6,8,1.01015254455221,8.33333333333333,6,10,1.60128153805087,0,1.76011261594915,2.82842712474619,0.668334230403909,-1.03795805146759
746,"-2:-1|-1:-2|-1:-1|2:-2",4,TRUE,0,2,2,"off_axis",2.17869416052972,2.82842712474619,3,4,2,1.77792717443648,1,8,1,25,0,TRUE,25,33554432,0,1,25,25,0.833333333333333,2,0.666666666666667,0.166666666666667,0.688332449299089,8.33333333333333,6,10,1.37666489859818,8,8,8,0,8.33333333333333,6,10,1.37666489859818,0,1.77792717443648,2.82842712474619,0.613709089969705,-1.06750276249436
988,"-2:-1|-2:0|-1:-1|2:-2",4,TRUE,1,2,1,"mixed",2.11967716615477,2.82842712474619,2.75,4,2,1.77792717443648,1,8,1,25,0,TRUE,25,33554432,0,1,25,25,0.833333333333333,2,0.666666666666667,0.166666666666667,0.688332449299089,8.33333333333333,6,10,1.37666489859818,8,8,8,0,8.33333333333333,6,10,1.37666489859818,0,1.77792717443648,2.82842712474619,0.613709089969705,-1.06750276249436
1432,"-1:-2|0:-1|1:-1|2:0",4,TRUE,2,1,1,"mixed",1.66257038496822,2.23606797749979,2,3,2,1.77792717443648,1,8,1,25,0,TRUE,25,33554432,0,1,25,25,0.833333333333333,2,0.666666666666667,0.166666666666667,0.688332449299089,8.33333333333333,6,10,1.37666489859818,8,8,8,0,8.33333333333333,6,10,1.37666489859818,0,1.77792717443648,2.82842712474619,0.613709089969705,-1.06750276249436
1436,"-1:-1|-1:1|0:-1|1:-2",4,TRUE,1,2,1,"mixed",1.51612377556149,2.23606797749979,2,3,2,1.77792717443648,1,8,1,25,0,TRUE,25,33554432,0,1,25,25,0.833333333333333,2,0.666666666666667,0.166666666666667,0.688332449299089,8.33333333333333,6,10,1.37666489859818,8,8,8,0,8.33333333333333,6,10,1.37666489859818,0,1.77792717443648,2.82842712474619,0.613709089969705,-1.06750276249436
1465,"-1:-1|0:1|1:0|1:2",4,TRUE,2,1,1,"mixed",1.41257038496822,2.23606797749979,1.75,3,2,1.77792717443648,1,8,1,25,0,TRUE,25,33554432,0,1,25,25,0.833333333333333,2,0.666666666666667,0.166666666666667,0.688332449299089,8.33333333333333,6,10,1.37666489859818,8,8,8,0,8.33333333333333,6,10,1.37666489859818,0,1.77792717443648,2.82842712474619,0.613709089969705,-1.06750276249436
1088,"-2:-1|-1:-2|-1:0|0:-2",4,TRUE,2,0,2,"mixed",1.86803398874989,2.23606797749979,2.25,3,2,1.77726990347453,1,8,1,25,0,TRUE,25,33554432,0,1,25,25,0.833333333333333,2,0.666666666666667,0.166666666666667,0.688332449299089,8.33333333333333,6,10,1.37666489859818,8,6,10,2.02030508910442,8.33333333333333,6,10,1.37666489859818,0,1.77726990347453,2.23606797749979,0.517807010599742,-1.07140695169647
1130,"-1:-1|0:-2|1:-2|1:0",4,TRUE,2,1,1,"mixed",1.66257038496822,2.23606797749979,2,3,2,1.77726990347453,1,8,1,25,0,TRUE,25,33554432,0,1,25,25,0.833333333333333,2,0.666666666666667,0.166666666666667,0.688332449299089,8.33333333333333,6,10,1.37666489859818,8,6,10,2.02030508910442,8.33333333333333,6,10,1.37666489859818,0,1.77726990347453,2.23606797749979,0.517807010599742,-1.07140695169647
1135,"-1:-1|0:-2|0:1|1:-2",4,TRUE,2,1,1,"mixed",1.66257038496822,2.23606797749979,2,3,2,1.77726990347453,1,8,1,25,0,TRUE,25,33554432,0,1,25,25,0.833333333333333,2,0.666666666666667,0.166666666666667,0.688332449299089,8.33333333333333,6,10,1.37666489859818,8,8,8,0,8.33333333333333,6,10,1.37666489859818,0,1.77726990347453,2.23606797749979,0.517807010599742,-1.07140695169647
1207,"-1:-2|0:-1|0:2|1:2",4,TRUE,2,0,2,"mixed",1.86803398874989,2.23606797749979,2.25,3,2,1.77726990347453,1,8,1,25,0,TRUE,25,33554432,0,1,25,25,0.833333333333333,2,0.666666666666667,0.166666666666667,0.688332449299089,8.33333333333333,6,10,1.37666489859818,8,8,8,0,8.33333333333333,6,10,1.37666489859818,0,1.77726990347453,2.23606797749979,0.517807010599742,-1.07140695169647
1234,"-1:-2|-1:-1|1:-2|1:-1",4,TRUE,0,2,2,"off_axis",1.82514076993644,2.23606797749979,2.5,3,2,1.77726990347453,1,4,2,25,0,TRUE,25,33554432,0,1,25,25,0.833333333333333,2,0.666666666666667,0.166666666666667,0.688332449299089,8.33333333333333,6,10,1.37666489859818,8,6,10,2.02030508910442,8.33333333333333,6,10,1.37666489859818,0,1.77726990347453,2.23606797749979,0.517807010599742,-1.07140695169647
1296,"-2:-1|-1:-2|-1:0|-1:2",4,TRUE,1,0,3,"mixed",1.92705098312484,2.23606797749979,2.5,3,2,1.77726990347453,1,8,1,25,0,TRUE,25,33554432,0,1,25,25,0.833333333333333,2,0.666666666666667,0.166666666666667,0.688332449299089,8.33333333333333,6,10,1.37666489859818,8,8,8,0,8.33333333333333,6,10,1.37666489859818,0,1.77726990347453,2.23606797749979,0.517807010599742,-1.07140695169647
1348,"-1:-2|-1:-1|1:-1|2:-1",4,TRUE,0,2,2,"off_axis",1.82514076993644,2.23606797749979,2.5,3,2,1.77726990347453,1,8,1,25,0,TRUE,25,33554432,0,1,25,25,0.833333333333333,2,0.666666666666667,0.166666666666667,0.688332449299089,8.33333333333333,6,10,1.37666489859818,8,8,8,0,8.33333333333333,6,10,1.37666489859818,0,1.77726990347453,2.23606797749979,0.517807010599742,-1.07140695169647
1667,"-1:-1|0:-2|0:2|1:0",4,TRUE,3,1,0,"mixed",1.60355339059327,2,1.75,2,2,1.77726990347453,1,8,1,25,0,TRUE,25,33554432,0,1,25,25,0.833333333333333,2,0.666666666666667,0.166666666666667,0.688332449299089,8.33333333333333,6,10,1.37666489859818,8,8,8,0,8.33333333333333,6,10,1.37666489859818,0,1.77726990347453,2.23606797749979,0.517807010599742,-1.07140695169647
833,"-2:-1|-2:2|2:-2|2:2",4,TRUE,0,3,1,"off_axis",2.68033733793459,2.82842712474619,3.75,4,2,1.97858444539843,2,8,1,25,0,TRUE,25,33554432,0,1,25,25,0.833333333333333,2,0.75,0.0833333333333333,0.553694392684741,8.33333333333333,6,10,1.10738878536948,8,8,8,0,8.33333333333333,6,10,1.10738878536948,0,1.97858444539843,2.82842712474619,0.734244579617092,-1.11541759835418
1014,"-1:-1|-1:0|1:-1|2:2",4,TRUE,1,3,0,"mixed",1.6642135623731,2.82842712474619,2.25,4,2,1.97858444539843,2,8,1,25,0,TRUE,25,33554432,0,1,25,25,0.833333333333333,2,0.75,0.0833333333333333,0.553694392684741,8.33333333333333,6,10,1.10738878536948,8,8,8,0,8.33333333333333,6,10,1.10738878536948,0,1.97858444539843,2.82842712474619,0.734244579617092,-1.11541759835418
1060,"-1:-2|-1:0|0:-1|2:2",4,TRUE,2,1,1,"mixed",1.76612377556149,2.82842712474619,2.25,4,2,1.97858444539843,2,8,1,25,0,TRUE,25,33554432,0,1,25,25,0.833333333333333,2,0.75,0.0833333333333333,0.553694392684741,8.33333333333333,6,10,1.10738878536948,8,8,8,0,8.33333333333333,6,10,1.10738878536948,0,1.97858444539843,2.82842712474619,0.734244579617092,-1.11541759835418
1062,"-1:-1|-1:0|0:-2|2:2",4,TRUE,2,2,0,"mixed",1.81066017177982,2.82842712474619,2.25,4,2,1.97858444539843,2,8,1,25,0,TRUE,25,33554432,0,1,25,25,0.833333333333333,2,0.75,0.0833333333333333,0.553694392684741,8.33333333333333,6,10,1.10738878536948,8,8,8,0,8.33333333333333,6,10,1.10738878536948,0,1.97858444539843,2.82842712474619,0.734244579617092,-1.11541759835418
1110,"-1:-2|-1:-1|0:-2|2:1",4,TRUE,1,1,2,"mixed",1.97158737934317,2.23606797749979,2.5,3,2,1.97858444539843,2,8,1,25,0,TRUE,25,33554432,0,1,25,25,0.833333333333333,2,0.75,0.0833333333333333,0.553694392684741,8.33333333333333,6,10,1.10738878536948,8,8,8,0,8.33333333333333,6,10,1.10738878536948,0,1.97858444539843,2.82842712474619,0.734244579617092,-1.11541759835418
361,"-1:-2|1:-2|2:-2|2:2",4,TRUE,0,2,2,"off_axis",2.53224755112299,2.82842712474619,3.5,4,2,1.97792717443648,3,8,1,25,0,TRUE,25,33554432,0,1,25,25,0.833333333333333,2,0.75,0.0833333333333333,0.553694392684741,8.33333333333333,6,10,1.10738878536948,8,8,8,0,8.33333333333333,6,10,1.10738878536948,0,1.97792717443648,2.82842712474619,0.656424737689541,-1.11932178755629
382,"-2:-2|-1:-2|0:2|2:-2",4,TRUE,1,2,1,"mixed",2.47323055674804,2.82842712474619,3.25,4,2,1.97792717443648,2,8,1,25,0,TRUE,25,33554432,0,1,25,25,0.833333333333333,2,0.75,0.0833333333333333,0.553694392684741,8.33333333333333,6,10,1.10738878536948,8,6,10,2.02030508910442,8.33333333333333,6,10,1.10738878536948,0,1.97792717443648,2.82842712474619,0.656424737689541,-1.11932178755629
738,"-1:-2|0:-1|0:1|2:-2",4,TRUE,2,1,1,"mixed",1.76612377556149,2.82842712474619,2.25,4,2,1.97792717443648,2,8,1,25,0,TRUE,25,33554432,0,1,25,25,0.833333333333333,2,0.75,0.0833333333333333,0.553694392684741,8.33333333333333,6,10,1.10738878536948,8,6,10,2.02030508910442,8.33333333333333,6,10,1.10738878536948,0,1.97792717443648,2.82842712474619,0.656424737689541,-1.11932178755629
819,"-1:-2|0:1|0:2|2:-2",4,TRUE,2,1,1,"mixed",2.01612377556149,2.82842712474619,2.5,4,2,1.97792717443648,2,8,1,25,0,TRUE,25,33554432,0,1,25,25,0.833333333333333,2,0.75,0.0833333333333333,0.553694392684741,8.33333333333333,6,10,1.10738878536948,8,6,10,2.02030508910442,8.33333333333333,6,10,1.10738878536948,0,1.97792717443648,2.82842712474619,0.656424737689541,-1.11932178755629
954,"-1:0|0:-1|0:2|2:-2",4,TRUE,3,1,0,"mixed",1.70710678118655,2.82842712474619,2,4,2,1.97792717443648,3,8,1,25,0,TRUE,25,33554432,0,1,25,25,0.833333333333333,2,0.75,0.0833333333333333,0.553694392684741,8.33333333333333,6,10,1.10738878536948,8,8,8,0,8.33333333333333,6,10,1.10738878536948,0,1.97792717443648,2.82842712474619,0.656424737689541,-1.11932178755629
1003,"-1:-1|-1:0|-1:2|2:-2",4,TRUE,1,2,1,"mixed",1.86967716615477,2.82842712474619,2.5,4,2,1.97792717443648,3,8,1,25,0,TRUE,25,33554432,0,1,25,25,0.833333333333333,2,0.75,0.0833333333333333,0.553694392684741,8.33333333333333,6,10,1.10738878536948,8,8,8,0,8.33333333333333,6,10,1.10738878536948,0,1.97792717443648,2.82842712474619,0.656424737689541,-1.11932178755629
1213,"-1:-2|0:-2|0:2|2:1",4,TRUE,2,0,2,"mixed",2.11803398874989,2.23606797749979,2.5,3,2,1.97792717443648,3,8,1,25,0,TRUE,25,33554432,0,1,25,25,0.833333333333333,2,0.75,0.0833333333333333,0.553694392684741,8.33333333333333,6,10,1.10738878536948,8,8,8,0,8.33333333333333,6,10,1.10738878536948,0,1.97792717443648,2.82842712474619,0.656424737689541,-1.11932178755629
1404,"-1:-2|-1:-1|-1:2|2:0",4,TRUE,1,1,2,"mixed",1.97158737934317,2.23606797749979,2.5,3,2,1.97792717443648,2,8,1,25,0,TRUE,25,33554432,0,1,25,25,0.833333333333333,2,0.75,0.0833333333333333,0.553694392684741,8.33333333333333,6,10,1.10738878536948,8,6,10,2.02030508910442,8.33333333333333,6,10,1.10738878536948,0,1.97792717443648,2.82842712474619,0.656424737689541,-1.11932178755629
1580,"-1:-1|-1:0|1:2|2:0",4,TRUE,2,1,1,"mixed",1.66257038496822,2.23606797749979,2,3,2,1.97792717443648,3,8,1,25,0,TRUE,25,33554432,0,1,25,25,0.833333333333333,2,0.75,0.0833333333333333,0.553694392684741,8.33333333333333,6,10,1.10738878536948,8,8,8,0,8.33333333333333,6,10,1.10738878536948,0,1.97792717443648,2.82842712474619,0.656424737689541,-1.11932178755629
1619,"-1:-1|-1:2|1:0|2:0",4,TRUE,2,1,1,"mixed",1.66257038496822,2.23606797749979,2,3,2,1.97792717443648,2,8,1,25,0,TRUE,25,33554432,0,1,25,25,0.833333333333333,2,0.75,0.0833333333333333,0.553694392684741,8.33333333333333,6,10,1.10738878536948,8,6,10,2.02030508910442,8.33333333333333,6,10,1.10738878536948,0,1.97792717443648,2.82842712474619,0.656424737689541,-1.11932178755629
338,"-1:0|2:-2|2:-1|2:0",4,TRUE,2,1,1,"mixed",2.01612377556149,2.82842712474619,2.5,4,2,1.9128990204492,2,8,1,25,0,TRUE,25,33554432,0,1,25,25,0.833333333333333,2,0.666666666666667,0.166666666666667,0.688332449299089,8.33333333333333,6,10,1.37666489859818,7,6,8,1.01015254455221,8.33333333333333,6,10,1.37666489859818,0,1.9128990204492,2.82842712474619,0.699855014798309,-1.16460170187324
565,"-2:-2|-2:0|-2:2|-1:0",4,TRUE,2,2,0,"mixed",2.16421356237309,2.82842712474619,2.75,4,2,1.9128990204492,2,4,2,25,0,TRUE,25,33554432,0,1,25,25,0.833333333333333,2,0.666666666666667,0.166666666666667,0.688332449299089,8.33333333333333,6,10,1.37666489859818,7,6,8,1.01015254455221,8.33333333333333,6,10,1.37666489859818,0,1.9128990204492,2.82842712474619,0.699855014798309,-1.16460170187324
1603,"-1:-2|-1:0|-1:2|1:0",4,TRUE,2,0,2,"mixed",1.61803398874989,2.23606797749979,2,3,2,1.9128990204492,2,4,2,25,0,TRUE,25,33554432,0,1,25,25,0.833333333333333,2,0.666666666666667,0.166666666666667,0.688332449299089,8.33333333333333,6,10,1.37666489859818,7,6,8,1.01015254455221,8.33333333333333,6,10,1.37666489859818,0,1.9128990204492,2.82842712474619,0.699855014798309,-1.16460170187324
1680,"-2:0|-1:0|0:-2|0:2",4,TRUE,4,0,0,"axis_only",1.75,2,1.75,2,2,1.9128990204492,2,4,2,25,0,TRUE,25,33554432,0,1,25,25,0.833333333333333,2,0.666666666666667,0.166666666666667,0.688332449299089,8.33333333333333,6,10,1.37666489859818,7,6,8,1.01015254455221,8.33333333333333,6,10,1.37666489859818,0,1.9128990204492,2.82842712474619,0.699855014798309,-1.16460170187324
514,"-2:-1|-1:-1|2:-2|2:-1",4,TRUE,0,2,2,"off_axis",2.17869416052972,2.82842712474619,3,4,2,1.73650581819918,1,8,1,25,0,TRUE,25,33554432,0,1,25,25,0.833333333333333,2,0.583333333333333,0.25,0.800640769025436,8.33333333333333,6,10,1.60128153805087,7,6,8,1.01015254455221,8.33333333333333,6,10,1.60128153805087,0,1.73650581819918,2.82842712474619,0.653662793937545,-1.17818241890131
921,"-2:-1|-1:-1|0:-1|2:-2",4,TRUE,1,2,1,"mixed",1.86967716615477,2.82842712474619,2.5,4,2,1.73650581819918,1,8,1,25,0,TRUE,25,33554432,0,1,25,25,0.833333333333333,2,0.583333333333333,0.25,0.800640769025436,8.33333333333333,6,10,1.60128153805087,7,6,8,1.01015254455221,8.33333333333333,6,10,1.60128153805087,0,1.73650581819918,2.82842712474619,0.653662793937545,-1.17818241890131
1123,"-1:-1|0:1|0:2|1:2",4,TRUE,2,1,1,"mixed",1.66257038496822,2.23606797749979,2,3,2,1.73650581819918,1,8,1,25,0,TRUE,25,33554432,0,1,25,25,0.833333333333333,2,0.583333333333333,0.25,0.800640769025436,8.33333333333333,6,10,1.60128153805087,7,6,8,1.01015254455221,8.33333333333333,6,10,1.60128153805087,0,1.73650581819918,2.82842712474619,0.653662793937545,-1.17818241890131
1496,"-1:-1|-1:0|1:0|2:1",4,TRUE,2,1,1,"mixed",1.41257038496822,2.23606797749979,1.75,3,2,1.73650581819918,1,8,1,25,0,TRUE,25,33554432,0,1,25,25,0.833333333333333,2,0.583333333333333,0.25,0.800640769025436,8.33333333333333,6,10,1.60128153805087,7,6,8,1.01015254455221,8.33333333333333,6,10,1.60128153805087,0,1.73650581819918,2.82842712474619,0.653662793937545,-1.17818241890131
1628,"-1:-2|0:1|0:2|1:0",4,TRUE,3,0,1,"mixed",1.55901699437495,2.23606797749979,1.75,3,2,1.73650581819918,1,8,1,25,0,TRUE,25,33554432,0,1,25,25,0.833333333333333,2,0.583333333333333,0.25,0.800640769025436,8.33333333333333,6,10,1.60128153805087,7,6,8,1.01015254455221,8.33333333333333,6,10,1.60128153805087,0,1.73650581819918,2.82842712474619,0.653662793937545,-1.17818241890131
402,"-1:-1|1:-1|2:-2|2:-1",4,TRUE,0,3,1,"off_axis",1.97323055674804,2.82842712474619,2.75,4,2,1.75432037668651,1,8,1,25,0,TRUE,25,33554432,0,1,25,25,0.833333333333333,2,0.666666666666667,0.166666666666667,0.688332449299089,8.33333333333333,6,10,1.37666489859818,8,8,8,0,8.33333333333333,6,10,1.37666489859818,0,1.75432037668651,2.82842712474619,0.598479569819794,-1.20772712992809
876,"-2:-1|0:-1|1:-1|2:-2",4,TRUE,1,2,1,"mixed",1.86967716615477,2.82842712474619,2.5,4,2,1.75432037668651,1,8,1,25,0,TRUE,25,33554432,0,1,25,25,0.833333333333333,2,0.666666666666667,0.166666666666667,0.688332449299089,8.33333333333333,6,10,1.37666489859818,8,8,8,0,8.33333333333333,6,10,1.37666489859818,0,1.75432037668651,2.82842712474619,0.598479569819794,-1.20772712992809
1210,"-1:-1|0:-2|0:2|1:2",4,TRUE,2,1,1,"mixed",1.91257038496822,2.23606797749979,2.25,3,2,1.75432037668651,1,8,1,25,0,TRUE,25,33554432,0,1,25,25,0.833333333333333,2,0.666666666666667,0.166666666666667,0.688332449299089,8.33333333333333,6,10,1.37666489859818,8,8,8,0,8.33333333333333,6,10,1.37666489859818,0,1.75432037668651,2.82842712474619,0.598479569819794,-1.20772712992809
1477,"-1:-2|0:-1|0:2|1:0",4,TRUE,3,0,1,"mixed",1.55901699437495,2.23606797749979,1.75,3,2,1.75432037668651,1,8,1,25,0,TRUE,25,33554432,0,1,25,25,0.833333333333333,2,0.666666666666667,0.166666666666667,0.688332449299089,8.33333333333333,6,10,1.37666489859818,8,8,8,0,8.33333333333333,6,10,1.37666489859818,0,1.75432037668651,2.82842712474619,0.598479569819794,-1.20772712992809
1675,"-1:-1|-1:0|1:1|2:0",4,TRUE,2,2,0,"mixed",1.45710678118655,2,1.75,2,2,1.75432037668651,1,8,1,25,0,TRUE,25,33554432,0,1,25,25,0.833333333333333,2,0.666666666666667,0.166666666666667,0.688332449299089,8.33333333333333,6,10,1.37666489859818,8,8,8,0,8.33333333333333,6,10,1.37666489859818,0,1.75432037668651,2.82842712474619,0.598479569819794,-1.20772712992809
464,"-2:-2|-2:-1|0:-2|2:-2",4,TRUE,1,2,1,"mixed",2.47323055674804,2.82842712474619,3.25,4,2,1.95432037668651,3,8,1,25,0,TRUE,25,33554432,0,1,25,25,0.833333333333333,2,0.75,0.0833333333333333,0.553694392684741,8.33333333333333,6,10,1.10738878536948,8,8,8,0,8.33333333333333,6,10,1.10738878536948,0,1.95432037668651,2.82842712474619,0.650326298670236,-1.25954615499002
645,"-1:0|0:-1|2:-2|2:0",4,TRUE,3,1,0,"mixed",1.70710678118655,2.82842712474619,2,4,2,1.95432037668651,3,8,1,25,0,TRUE,25,33554432,0,1,25,25,0.833333333333333,2,0.75,0.0833333333333333,0.553694392684741,8.33333333333333,6,10,1.10738878536948,8,8,8,0,8.33333333333333,6,10,1.10738878536948,0,1.95432037668651,2.82842712474619,0.650326298670236,-1.25954615499002
682,"-1:-1|-1:0|2:-2|2:0",4,TRUE,2,2,0,"mixed",1.81066017177982,2.82842712474619,2.25,4,2,1.95432037668651,3,8,1,25,0,TRUE,25,33554432,0,1,25,25,0.833333333333333,2,0.75,0.0833333333333333,0.553694392684741,8.33333333333333,6,10,1.10738878536948,8,8,8,0,8.33333333333333,6,10,1.10738878536948,0,1.95432037668651,2.82842712474619,0.650326298670236,-1.25954615499002
1161,"-2:-1|-2:0|0:-2|2:0",4,TRUE,3,0,1,"mixed",2.05901699437495,2.23606797749979,2.25,3,2,1.95432037668651,3,8,1,25,0,TRUE,25,33554432,0,1,25,25,0.833333333333333,2,0.75,0.0833333333333333,0.553694392684741,8.33333333333333,6,10,1.10738878536948,8,8,8,0,8.33333333333333,6,10,1.10738878536948,0,1.95432037668651,2.82842712474619,0.650326298670236,-1.25954615499002
1266,"-1:-1|-1:0|-1:2|1:2",4,TRUE,1,1,2,"mixed",1.72158737934317,2.23606797749979,2.25,3,2,1.95432037668651,3,8,1,25,0,TRUE,25,33554432,0,1,25,25,0.833333333333333,2,0.75,0.0833333333333333,0.553694392684741,8.33333333333333,6,10,1.10738878536948,8,8,8,0,8.33333333333333,6,10,1.10738878536948,0,1.95432037668651,2.82842712474619,0.650326298670236,-1.25954615499002
17,"-1:-2|2:2",2,TRUE,0,1,1,"off_axis",2.53224755112299,2.82842712474619,3.5,4,2,2.43352102658192,3,8,1,25,0,TRUE,25,33554432,0,1,25,25,0.25,1,0.25,0,0.43373619897468,5.5,4,6,0.86747239794936,6,6,6,0,5.5,4,6,0.86747239794936,0.25,2.43352102658192,2.82842712474619,0.341998713119646,-1.315396737704
33,"-1:-2|2:1",2,TRUE,0,0,2,"off_axis",2.23606797749979,2.23606797749979,3,3,2,2.43352102658192,3,4,2,25,0,TRUE,25,33554432,0,1,25,25,0.25,1,0.25,0,0.43373619897468,5.5,4,6,0.86747239794936,6,6,6,0,5.5,4,6,0.86747239794936,0.25,2.43352102658192,2.82842712474619,0.341998713119646,-1.315396737704
451,"-2:-1|1:-2|2:-2|2:2",4,TRUE,0,2,2,"off_axis",2.53224755112299,2.82842712474619,3.5,4,2,1.94295532842377,2,8,1,25,0,TRUE,25,33554432,0,1,25,25,0.833333333333333,2,0.75,0.0833333333333333,0.553694392684741,8.33333333333333,6,10,1.10738878536948,8,8,8,0,8.33333333333333,6,10,1.10738878536948,0,1.94295532842377,2.82842712474619,0.68712330427472,-1.32705453627807
949,"-1:-1|0:1|1:0|2:-2",4,TRUE,2,2,0,"mixed",1.56066017177982,2.82842712474619,2,4,2,1.94295532842377,2,8,1,25,0,TRUE,25,33554432,0,1,25,25,0.833333333333333,2,0.75,0.0833333333333333,0.553694392684741,8.33333333333333,6,10,1.10738878536948,8,8,8,0,8.33333333333333,6,10,1.10738878536948,0,1.94295532842377,2.82842712474619,0.68712330427472,-1.32705453627807
1000,"-1:-2|0:-1|1:-1|2:2",4,TRUE,1,2,1,"mixed",1.86967716615477,2.82842712474619,2.5,4,2,1.94295532842377,2,8,1,25,0,TRUE,25,33554432,0,1,25,25,0.833333333333333,2,0.75,0.0833333333333333,0.553694392684741,8.33333333333333,6,10,1.10738878536948,8,8,8,0,8.33333333333333,6,10,1.10738878536948,0,1.94295532842377,2.82842712474619,0.68712330427472,-1.32705453627807
1294,"-1:-2|1:1|1:2|2:1",4,TRUE,0,1,3,"off_axis",2.03060437371812,2.23606797749979,2.75,3,2,1.94295532842377,2,8,1,25,0,TRUE,25,33554432,0,1,25,25,0.833333333333333,2,0.75,0.0833333333333333,0.553694392684741,8.33333333333333,6,10,1.10738878536948,8,8,8,0,8.33333333333333,6,10,1.10738878536948,0,1.94295532842377,2.82842712474619,0.68712330427472,-1.32705453627807
1433,"-1:-1|0:-1|1:-2|2:1",4,TRUE,1,1,2,"mixed",1.72158737934317,2.23606797749979,2.25,3,2,1.94295532842377,2,8,1,25,0,TRUE,25,33554432,0,1,25,25,0.833333333333333,2,0.75,0.0833333333333333,0.553694392684741,8.33333333333333,6,10,1.10738878536948,8,8,8,0,8.33333333333333,6,10,1.10738878536948,0,1.94295532842377,2.82842712474619,0.68712330427472,-1.32705453627807
541,"-1:-2|1:-2|1:2|2:2",4,TRUE,0,1,3,"off_axis",2.38415776431139,2.82842712474619,3.25,4,2,1.94229805746182,3,8,1,25,0,TRUE,25,33554432,0,1,25,25,0.833333333333333,2,0.75,0.0833333333333333,0.553694392684741,8.33333333333333,6,10,1.10738878536948,8,8,8,0,8.33333333333333,6,10,1.10738878536948,0,1.94229805746182,2.82842712474619,0.603212009882676,-1.33095872548018
931,"-1:-1|-1:2|0:-1|2:-2",4,TRUE,1,2,1,"mixed",1.86967716615477,2.82842712474619,2.5,4,2,1.94229805746182,3,8,1,25,0,TRUE,25,33554432,0,1,25,25,0.833333333333333,2,0.75,0.0833333333333333,0.553694392684741,8.33333333333333,6,10,1.10738878536948,8,8,8,0,8.33333333333333,6,10,1.10738878536948,0,1.94229805746182,2.82842712474619,0.603212009882676,-1.33095872548018
1150,"-1:-2|-1:2|0:-2|2:-1",4,TRUE,1,0,3,"mixed",2.17705098312484,2.23606797749979,2.75,3,2,1.94229805746182,3,8,1,25,0,TRUE,25,33554432,0,1,25,25,0.833333333333333,2,0.75,0.0833333333333333,0.553694392684741,8.33333333333333,6,10,1.10738878536948,8,8,8,0,8.33333333333333,6,10,1.10738878536948,0,1.94229805746182,2.82842712474619,0.603212009882676,-1.33095872548018
1560,"-1:-2|-1:0|0:1|2:-1",4,TRUE,2,0,2,"mixed",1.61803398874989,2.23606797749979,2,3,2,1.94229805746182,3,8,1,25,0,TRUE,25,33554432,0,1,25,25,0.833333333333333,2,0.75,0.0833333333333333,0.553694392684741,8.33333333333333,6,10,1.10738878536948,8,8,8,0,8.33333333333333,6,10,1.10738878536948,0,1.94229805746182,2.82842712474619,0.603212009882676,-1.33095872548018
1594,"-1:-1|-1:0|0:2|2:1",4,TRUE,2,1,1,"mixed",1.66257038496822,2.23606797749979,2,3,2,1.94229805746182,3,8,1,25,0,TRUE,25,33554432,0,1,25,25,0.833333333333333,2,0.75,0.0833333333333333,0.553694392684741,8.33333333333333,6,10,1.10738878536948,8,8,8,0,8.33333333333333,6,10,1.10738878536948,0,1.94229805746182,2.82842712474619,0.603212009882676,-1.33095872548018
473,"-1:0|0:-1|2:-2|2:-1",4,TRUE,2,1,1,"mixed",1.76612377556149,2.82842712474619,2.25,4,2,1.87792717443648,2,8,1,25,0,TRUE,25,33554432,0,1,25,25,0.833333333333333,2,0.666666666666667,0.166666666666667,0.688332449299089,8.33333333333333,6,10,1.37666489859818,7,6,8,1.01015254455221,8.33333333333333,6,10,1.37666489859818,0,1.87792717443648,2.82842712474619,0.725250552501227,-1.37233445059502
476,"-2:-2|-2:-1|0:-1|2:-2",4,TRUE,1,2,1,"mixed",2.22323055674804,2.82842712474619,3,4,2,1.87792717443648,2,8,1,25,0,TRUE,25,33554432,0,1,25,25,0.833333333333333,2,0.666666666666667,0.166666666666667,0.688332449299089,8.33333333333333,6,10,1.37666489859818,7,6,8,1.01015254455221,8.33333333333333,6,10,1.37666489859818,0,1.87792717443648,2.82842712474619,0.725250552501227,-1.37233445059502
510,"-1:-1|-1:0|2:-2|2:-1",4,TRUE,1,2,1,"mixed",1.86967716615477,2.82842712474619,2.5,4,2,1.87792717443648,2,8,1,25,0,TRUE,25,33554432,0,1,25,25,0.833333333333333,2,0.666666666666667,0.166666666666667,0.688332449299089,8.33333333333333,6,10,1.37666489859818,7,6,8,1.01015254455221,8.33333333333333,6,10,1.37666489859818,0,1.87792717443648,2.82842712474619,0.725250552501227,-1.37233445059502
1177,"-1:-1|-1:0|0:2|1:2",4,TRUE,2,1,1,"mixed",1.66257038496822,2.23606797749979,2,3,2,1.87792717443648,2,8,1,25,0,TRUE,25,33554432,0,1,25,25,0.833333333333333,2,0.666666666666667,0.166666666666667,0.688332449299089,8.33333333333333,6,10,1.37666489859818,7,6,8,1.01015254455221,8.33333333333333,6,10,1.37666489859818,0,1.87792717443648,2.82842712474619,0.725250552501227,-1.37233445059502
1179,"-1:-2|-1:2|0:-2|1:0",4,TRUE,2,0,2,"mixed",1.86803398874989,2.23606797749979,2.25,3,2,1.87792717443648,2,8,1,25,0,TRUE,25,33554432,0,1,25,25,0.833333333333333,2,0.666666666666667,0.166666666666667,0.688332449299089,8.33333333333333,6,10,1.37666489859818,7,6,8,1.01015254455221,8.33333333333333,6,10,1.37666489859818,0,1.87792717443648,2.82842712474619,0.725250552501227,-1.37233445059502
390,"-2:-2|-2:-1|-1:-2|0:2",4,TRUE,1,1,2,"mixed",2.32514076993644,2.82842712474619,3,4,2,1.91934853067379,2,8,1,25,0,TRUE,25,33554432,0,1,25,25,0.833333333333333,2,0.75,0.0833333333333333,0.553694392684741,8.33333333333333,6,10,1.10738878536948,8,8,8,0,8.33333333333333,6,10,1.10738878536948,0,1.91934853067379,2.82842712474619,0.679951973631102,-1.4672789037118
400,"-2:-2|-1:-2|-1:-1|2:0",4,TRUE,1,2,1,"mixed",2.11967716615477,2.82842712474619,2.75,4,2,1.91934853067379,2,8,1,25,0,TRUE,25,33554432,0,1,25,25,0.833333333333333,2,0.75,0.0833333333333333,0.553694392684741,8.33333333333333,6,10,1.10738878536948,8,8,8,0,8.33333333333333,6,10,1.10738878536948,0,1.91934853067379,2.82842712474619,0.679951973631102,-1.4672789037118
542,"-2:-1|-2:2|2:-2|2:-1",4,TRUE,0,2,2,"off_axis",2.53224755112299,2.82842712474619,3.5,4,2,1.91934853067379,2,8,1,25,0,TRUE,25,33554432,0,1,25,25,0.833333333333333,2,0.75,0.0833333333333333,0.553694392684741,8.33333333333333,6,10,1.10738878536948,8,8,8,0,8.33333333333333,6,10,1.10738878536948,0,1.91934853067379,2.82842712474619,0.679951973631102,-1.4672789037118
718,"-1:-2|1:-1|1:0|2:-2",4,TRUE,1,2,1,"mixed",1.86967716615477,2.82842712474619,2.5,4,2,1.91934853067379,2,8,1,25,0,TRUE,25,33554432,0,1,25,25,0.833333333333333,2,0.75,0.0833333333333333,0.553694392684741,8.33333333333333,6,10,1.10738878536948,8,8,8,0,8.33333333333333,6,10,1.10738878536948,0,1.91934853067379,2.82842712474619,0.679951973631102,-1.4672789037118
733,"-1:-2|0:-1|1:0|2:-2",4,TRUE,2,1,1,"mixed",1.76612377556149,2.82842712474619,2.25,4,2,1.91934853067379,2,8,1,25,0,TRUE,25,33554432,0,1,25,25,0.833333333333333,2,0.75,0.0833333333333333,0.553694392684741,8.33333333333333,6,10,1.10738878536948,8,8,8,0,8.33333333333333,6,10,1.10738878536948,0,1.91934853067379,2.82842712474619,0.679951973631102,-1.4672789037118
927,"-1:-1|-1:1|0:-1|2:-2",4,TRUE,1,3,0,"mixed",1.6642135623731,2.82842712474619,2.25,4,2,1.91934853067379,2,8,1,25,0,TRUE,25,33554432,0,1,25,25,0.833333333333333,2,0.75,0.0833333333333333,0.553694392684741,8.33333333333333,6,10,1.10738878536948,8,8,8,0,8.33333333333333,6,10,1.10738878536948,0,1.91934853067379,2.82842712474619,0.679951973631102,-1.4672789037118
1067,"-1:-2|-1:-1|0:-2|2:2",4,TRUE,1,2,1,"mixed",2.11967716615477,2.82842712474619,2.75,4,2,1.91934853067379,2,8,1,25,0,TRUE,25,33554432,0,1,25,25,0.833333333333333,2,0.75,0.0833333333333333,0.553694392684741,8.33333333333333,6,10,1.10738878536948,8,8,8,0,8.33333333333333,6,10,1.10738878536948,0,1.91934853067379,2.82842712474619,0.679951973631102,-1.4672789037118
1466,"-1:-2|-1:0|0:-1|2:1",4,TRUE,2,0,2,"mixed",1.61803398874989,2.23606797749979,2,3,2,1.91934853067379,2,8,1,25,0,TRUE,25,33554432,0,1,25,25,0.833333333333333,2,0.75,0.0833333333333333,0.553694392684741,8.33333333333333,6,10,1.10738878536948,8,8,8,0,8.33333333333333,6,10,1.10738878536948,0,1.91934853067379,2.82842712474619,0.679951973631102,-1.4672789037118
1526,"-1:-1|-1:0|1:-2|1:1",4,TRUE,1,2,1,"mixed",1.51612377556149,2.23606797749979,2,3,2,1.91934853067379,2,8,1,25,0,TRUE,25,33554432,0,1,25,25,0.833333333333333,2,0.75,0.0833333333333333,0.553694392684741,8.33333333333333,6,10,1.10738878536948,8,8,8,0,8.33333333333333,6,10,1.10738878536948,0,1.91934853067379,2.82842712474619,0.679951973631102,-1.4672789037118
1633,"-1:-1|-1:0|0:-2|2:1",4,TRUE,2,1,1,"mixed",1.66257038496822,2.23606797749979,2,3,2,1.91934853067379,2,8,1,25,0,TRUE,25,33554432,0,1,25,25,0.833333333333333,2,0.75,0.0833333333333333,0.553694392684741,8.33333333333333,6,10,1.10738878536948,8,8,8,0,8.33333333333333,6,10,1.10738878536948,0,1.91934853067379,2.82842712474619,0.679951973631102,-1.4672789037118
350,"-1:-2|-1:-1|1:-2|2:-2",4,TRUE,0,2,2,"off_axis",2.17869416052972,2.82842712474619,3,4,2,1.91869125971184,2,8,1,25,0,TRUE,25,33554432,0,1,25,25,0.833333333333333,2,0.75,0.0833333333333333,0.553694392684741,8.33333333333333,6,10,1.10738878536948,8,8,8,0,8.33333333333333,6,10,1.10738878536948,0,1.91869125971184,2.82842712474619,0.595001260414515,-1.47118309291391
758,"-1:-2|-1:-1|-1:2|2:-2",4,TRUE,0,2,2,"off_axis",2.17869416052972,2.82842712474619,3,4,2,1.91869125971184,2,8,1,25,0,TRUE,25,33554432,0,1,25,25,0.833333333333333,2,0.75,0.0833333333333333,0.553694392684741,8.33333333333333,6,10,1.10738878536948,8,6,10,2.02030508910442,8.33333333333333,6,10,1.10738878536948,0,1.91869125971184,2.82842712474619,0.595001260414515,-1.47118309291391
984,"-2:-1|-2:0|1:0|2:-2",4,TRUE,2,1,1,"mixed",2.01612377556149,2.82842712474619,2.5,4,2,1.91869125971184,2,8,1,25,0,TRUE,25,33554432,0,1,25,25,0.833333333333333,2,0.75,0.0833333333333333,0.553694392684741,8.33333333333333,6,10,1.10738878536948,8,8,8,0,8.33333333333333,6,10,1.10738878536948,0,1.91869125971184,2.82842712474619,0.595001260414515,-1.47118309291391
1038,"-1:-2|0:-2|1:-2|2:2",4,TRUE,1,1,2,"mixed",2.32514076993644,2.82842712474619,3,4,2,1.91869125971184,2,8,1,25,0,TRUE,25,33554432,0,1,25,25,0.833333333333333,2,0.75,0.0833333333333333,0.553694392684741,8.33333333333333,6,10,1.10738878536948,8,6,10,2.02030508910442,8.33333333333333,6,10,1.10738878536948,0,1.91869125971184,2.82842712474619,0.595001260414515,-1.47118309291391
1093,"-1:0|1:-2|2:-1|2:0",4,TRUE,2,0,2,"mixed",1.86803398874989,2.23606797749979,2.25,3,2,1.91869125971184,2,8,1,25,0,TRUE,25,33554432,0,1,25,25,0.833333333333333,2,0.75,0.0833333333333333,0.553694392684741,8.33333333333333,6,10,1.10738878536948,8,8,8,0,8.33333333333333,6,10,1.10738878536948,0,1.91869125971184,2.82842712474619,0.595001260414515,-1.47118309291391
1453,"-2:-1|-1:0|0:-2|0:2",4,TRUE,3,0,1,"mixed",1.80901699437495,2.23606797749979,2,3,2,1.91869125971184,2,8,1,25,0,TRUE,25,33554432,0,1,25,25,0.833333333333333,2,0.75,0.0833333333333333,0.553694392684741,8.33333333333333,6,10,1.10738878536948,8,8,8,0,8.33333333333333,6,10,1.10738878536948,0,1.91869125971184,2.82842712474619,0.595001260414515,-1.47118309291391
1481,"-1:-2|0:-1|0:1|2:0",4,TRUE,3,0,1,"mixed",1.55901699437495,2.23606797749979,1.75,3,2,1.91869125971184,2,8,1,25,0,TRUE,25,33554432,0,1,25,25,0.833333333333333,2,0.75,0.0833333333333333,0.553694392684741,8.33333333333333,6,10,1.10738878536948,8,6,10,2.02030508910442,8.33333333333333,6,10,1.10738878536948,0,1.91869125971184,2.82842712474619,0.595001260414515,-1.47118309291391
1521,"-1:-1|1:-2|1:0|1:2",4,TRUE,1,1,2,"mixed",1.72158737934317,2.23606797749979,2.25,3,2,1.91869125971184,2,8,1,25,0,TRUE,25,33554432,0,1,25,25,0.833333333333333,2,0.75,0.0833333333333333,0.553694392684741,8.33333333333333,6,10,1.10738878536948,8,8,8,0,8.33333333333333,6,10,1.10738878536948,0,1.91869125971184,2.82842712474619,0.595001260414515,-1.47118309291391
1572,"-1:-1|0:1|0:2|2:1",4,TRUE,2,1,1,"mixed",1.66257038496822,2.23606797749979,2,3,2,1.91869125971184,2,8,1,25,0,TRUE,25,33554432,0,1,25,25,0.833333333333333,2,0.75,0.0833333333333333,0.553694392684741,8.33333333333333,6,10,1.10738878536948,8,6,10,2.02030508910442,8.33333333333333,6,10,1.10738878536948,0,1.91869125971184,2.82842712474619,0.595001260414515,-1.47118309291391
1573,"-1:-2|0:1|0:2|2:1",4,TRUE,2,0,2,"mixed",1.86803398874989,2.23606797749979,2.25,3,2,1.91869125971184,2,8,1,25,0,TRUE,25,33554432,0,1,25,25,0.833333333333333,2,0.75,0.0833333333333333,0.553694392684741,8.33333333333333,6,10,1.10738878536948,8,6,10,2.02030508910442,8.33333333333333,6,10,1.10738878536948,0,1.91869125971184,2.82842712474619,0.595001260414515,-1.47118309291391
562,"-1:-2|-1:2|0:-2|2:-2",4,TRUE,1,1,2,"mixed",2.32514076993644,2.82842712474619,3,4,2,1.89508446196187,3,8,1,25,0,TRUE,25,33554432,0,1,25,25,0.833333333333333,2,0.75,0.0833333333333333,0.553694392684741,8.33333333333333,6,10,1.10738878536948,8,8,8,0,8.33333333333333,6,10,1.10738878536948,0,1.89508446196187,2.82842712474619,0.585619218368906,-1.61140746034764
713,"-1:-2|0:-2|0:2|2:2",4,TRUE,2,1,1,"mixed",2.26612377556149,2.82842712474619,2.75,4,2,1.89508446196187,3,8,1,25,0,TRUE,25,33554432,0,1,25,25,0.833333333333333,2,0.75,0.0833333333333333,0.553694392684741,8.33333333333333,6,10,1.10738878536948,8,8,8,0,8.33333333333333,6,10,1.10738878536948,0,1.89508446196187,2.82842712474619,0.585619218368906,-1.61140746034764
1607,"-1:-2|-1:0|0:1|2:0",4,TRUE,3,0,1,"mixed",1.55901699437495,2.23606797749979,1.75,3,2,1.89508446196187,3,8,1,25,0,TRUE,25,33554432,0,1,25,25,0.833333333333333,2,0.75,0.0833333333333333,0.553694392684741,8.33333333333333,6,10,1.10738878536948,8,8,8,0,8.33333333333333,6,10,1.10738878536948,0,1.89508446196187,2.82842712474619,0.585619218368906,-1.61140746034764
1613,"-1:-1|-1:0|-1:2|2:-1",4,TRUE,1,1,2,"mixed",1.72158737934317,2.23606797749979,2.25,3,2,1.89508446196187,3,8,1,25,0,TRUE,25,33554432,0,1,25,25,0.833333333333333,2,0.75,0.0833333333333333,0.553694392684741,8.33333333333333,6,10,1.10738878536948,8,8,8,0,8.33333333333333,6,10,1.10738878536948,0,1.89508446196187,2.82842712474619,0.585619218368906,-1.61140746034764
1693,"-1:-1|-1:0|0:2|2:0",4,TRUE,3,1,0,"mixed",1.60355339059327,2,1.75,2,2,1.89508446196187,3,8,1,25,0,TRUE,25,33554432,0,1,25,25,0.833333333333333,2,0.75,0.0833333333333333,0.553694392684741,8.33333333333333,6,10,1.10738878536948,8,8,8,0,8.33333333333333,6,10,1.10738878536948,0,1.89508446196187,2.82842712474619,0.585619218368906,-1.61140746034764
1108,"-1:-2|-1:-1|0:-2|0:1",4,TRUE,2,1,1,"mixed",1.66257038496822,2.23606797749979,2,3,2,1.65366310572456,1,8,1,25,0,TRUE,25,33554432,0,1,25,25,0.833333333333333,2,0.583333333333333,0.25,0.800640769025436,8.33333333333333,6,10,1.60128153805087,7,6,8,1.01015254455221,8.33333333333333,6,10,1.60128153805087,0,1.65366310572456,2.23606797749979,0.543035023185446,-1.67026809169266
1121,"-1:-1|-1:2|0:1|0:2",4,TRUE,2,1,1,"mixed",1.66257038496822,2.23606797749979,2,3,2,1.65366310572456,1,8,1,25,0,TRUE,25,33554432,0,1,25,25,0.833333333333333,2,0.583333333333333,0.25,0.800640769025436,8.33333333333333,6,10,1.60128153805087,7,6,8,1.01015254455221,8.33333333333333,6,10,1.60128153805087,0,1.65366310572456,2.23606797749979,0.543035023185446,-1.67026809169266
1200,"-1:-2|-1:-1|-1:2|0:2",4,TRUE,1,1,2,"mixed",1.97158737934317,2.23606797749979,2.5,3,2,1.65366310572456,1,8,1,25,0,TRUE,25,33554432,0,1,25,25,0.833333333333333,2,0.583333333333333,0.25,0.800640769025436,8.33333333333333,6,10,1.60128153805087,7,6,8,1.01015254455221,8.33333333333333,6,10,1.60128153805087,0,1.65366310572456,2.23606797749979,0.543035023185446,-1.67026809169266
1205,"-1:-2|-1:2|0:-1|0:2",4,TRUE,2,0,2,"mixed",1.86803398874989,2.23606797749979,2.25,3,2,1.65366310572456,1,8,1,25,0,TRUE,25,33554432,0,1,25,25,0.833333333333333,2,0.583333333333333,0.25,0.800640769025436,8.33333333333333,6,10,1.60128153805087,7,6,8,1.01015254455221,8.33333333333333,6,10,1.60128153805087,0,1.65366310572456,2.23606797749979,0.543035023185446,-1.67026809169266
1389,"-1:-2|-1:-1|-1:0|0:2",4,TRUE,2,1,1,"mixed",1.66257038496822,2.23606797749979,2,3,2,1.65366310572456,1,8,1,25,0,TRUE,25,33554432,0,1,25,25,0.833333333333333,2,0.583333333333333,0.25,0.800640769025436,8.33333333333333,6,10,1.60128153805087,7,6,8,1.01015254455221,8.33333333333333,6,10,1.60128153805087,0,1.65366310572456,2.23606797749979,0.543035023185446,-1.67026809169266
1412,"-1:-1|-1:0|1:-1|2:-1",4,TRUE,1,2,1,"mixed",1.51612377556149,2.23606797749979,2,3,2,1.65366310572456,1,8,1,25,0,TRUE,25,33554432,0,1,25,25,0.833333333333333,2,0.583333333333333,0.25,0.800640769025436,8.33333333333333,6,10,1.60128153805087,7,6,8,1.01015254455221,8.33333333333333,6,10,1.60128153805087,0,1.65366310572456,2.23606797749979,0.543035023185446,-1.67026809169266
1467,"-1:-2|-1:0|-1:2|0:-1",4,TRUE,2,0,2,"mixed",1.61803398874989,2.23606797749979,2,3,2,1.65366310572456,1,8,1,25,0,TRUE,25,33554432,0,1,25,25,0.833333333333333,2,0.583333333333333,0.25,0.800640769025436,8.33333333333333,6,10,1.60128153805087,7,6,8,1.01015254455221,8.33333333333333,6,10,1.60128153805087,0,1.65366310572456,2.23606797749979,0.543035023185446,-1.67026809169266
1491,"-1:-1|-1:0|1:0|2:-1",4,TRUE,2,1,1,"mixed",1.41257038496822,2.23606797749979,1.75,3,2,1.65366310572456,1,8,1,25,0,TRUE,25,33554432,0,1,25,25,0.833333333333333,2,0.583333333333333,0.25,0.800640769025436,8.33333333333333,6,10,1.60128153805087,7,6,8,1.01015254455221,8.33333333333333,6,10,1.60128153805087,0,1.65366310572456,2.23606797749979,0.543035023185446,-1.67026809169266
1617,"-1:-2|-1:0|0:1|0:2",4,TRUE,3,0,1,"mixed",1.55901699437495,2.23606797749979,1.75,3,2,1.65366310572456,1,8,1,25,0,TRUE,25,33554432,0,1,25,25,0.833333333333333,2,0.583333333333333,0.25,0.800640769025436,8.33333333333333,6,10,1.60128153805087,7,6,8,1.01015254455221,8.33333333333333,6,10,1.60128153805087,0,1.65366310572456,2.23606797749979,0.543035023185446,-1.67026809169266
1662,"-1:-1|-1:0|0:-2|0:2",4,TRUE,3,1,0,"mixed",1.60355339059327,2,1.75,2,2,1.65366310572456,1,8,1,25,0,TRUE,25,33554432,0,1,25,25,0.833333333333333,2,0.583333333333333,0.25,0.800640769025436,8.33333333333333,6,10,1.60128153805087,7,6,8,1.01015254455221,8.33333333333333,6,10,1.60128153805087,0,1.65366310572456,2.23606797749979,0.543035023185446,-1.67026809169266
8,"-1:-2|2:-2",2,TRUE,0,1,1,"off_axis",2.53224755112299,2.82842712474619,3.5,4,2,2.35483170074866,3,8,1,25,0,TRUE,25,33554432,0,1,25,25,0.25,1,0.25,0,0.43373619897468,5.5,4,6,0.86747239794936,6,6,6,0,5.5,4,6,0.86747239794936,0.25,2.35483170074866,2.82842712474619,0.426792094261082,-1.78281129581643
15,"-2:-2|0:2",2,TRUE,1,1,0,"mixed",2.41421356237309,2.82842712474619,3,4,2,2.35483170074866,3,8,1,25,0,TRUE,25,33554432,0,1,25,25,0.25,1,0.25,0,0.43373619897468,5.5,4,6,0.86747239794936,6,6,6,0,5.5,4,6,0.86747239794936,0.25,2.35483170074866,2.82842712474619,0.426792094261082,-1.78281129581643
29,"-1:-2|2:0",2,TRUE,1,0,1,"mixed",2.11803398874989,2.23606797749979,2.5,3,2,2.35483170074866,3,8,1,25,0,TRUE,25,33554432,0,1,25,25,0.25,1,0.25,0,0.43373619897468,5.5,4,6,0.86747239794936,6,6,6,0,5.5,4,6,0.86747239794936,0.25,2.35483170074866,2.82842712474619,0.426792094261082,-1.78281129581643
412,"-2:-1|0:-1|1:-2|2:-2",4,TRUE,1,1,2,"mixed",2.07514076993644,2.82842712474619,2.75,4,2,1.86011261594915,1,8,1,25,0,TRUE,25,33554432,0,1,25,25,0.833333333333333,2,0.75,0.0833333333333333,0.553694392684741,8.33333333333333,6,10,1.10738878536948,8,8,8,0,8.33333333333333,6,10,1.10738878536948,0,1.86011261594915,2.82842712474619,0.614619173858266,-1.81914020906942
418,"-1:-1|1:0|2:-2|2:-1",4,TRUE,1,2,1,"mixed",1.86967716615477,2.82842712474619,2.5,4,2,1.86011261594915,1,8,1,25,0,TRUE,25,33554432,0,1,25,25,0.833333333333333,2,0.75,0.0833333333333333,0.553694392684741,8.33333333333333,6,10,1.10738878536948,8,8,8,0,8.33333333333333,6,10,1.10738878536948,0,1.86011261594915,2.82842712474619,0.614619173858266,-1.81914020906942
506,"-2:-1|-1:-2|2:-2|2:-1",4,TRUE,0,1,3,"off_axis",2.38415776431139,2.82842712474619,3.25,4,2,1.86011261594915,2,8,1,25,0,TRUE,25,33554432,0,1,25,25,0.833333333333333,2,0.75,0.0833333333333333,0.553694392684741,8.33333333333333,6,10,1.10738878536948,8,8,8,0,8.33333333333333,6,10,1.10738878536948,0,1.86011261594915,2.82842712474619,0.614619173858266,-1.81914020906942
924,"-2:-2|-1:0|-1:1|0:2",4,TRUE,2,2,0,"mixed",1.81066017177982,2.82842712474619,2.25,4,2,1.86011261594915,2,8,1,25,0,TRUE,25,33554432,0,1,25,25,0.833333333333333,2,0.75,0.0833333333333333,0.553694392684741,8.33333333333333,6,10,1.10738878536948,8,8,8,0,8.33333333333333,6,10,1.10738878536948,0,1.86011261594915,2.82842712474619,0.614619173858266,-1.81914020906942
1106,"-1:-2|1:-1|2:-1|2:0",4,TRUE,1,1,2,"mixed",1.97158737934317,2.23606797749979,2.5,3,2,1.86011261594915,2,8,1,25,0,TRUE,25,33554432,0,1,25,25,0.833333333333333,2,0.75,0.0833333333333333,0.553694392684741,8.33333333333333,6,10,1.10738878536948,8,8,8,0,8.33333333333333,6,10,1.10738878536948,0,1.86011261594915,2.82842712474619,0.614619173858266,-1.81914020906942
1211,"-1:-2|-1:-1|0:2|1:2",4,TRUE,1,1,2,"mixed",1.97158737934317,2.23606797749979,2.5,3,2,1.86011261594915,1,8,1,25,0,TRUE,25,33554432,0,1,25,25,0.833333333333333,2,0.75,0.0833333333333333,0.553694392684741,8.33333333333333,6,10,1.10738878536948,8,8,8,0,8.33333333333333,6,10,1.10738878536948,0,1.86011261594915,2.82842712474619,0.614619173858266,-1.81914020906942
1363,"-1:-2|-1:-1|1:0|2:-1",4,TRUE,1,1,2,"mixed",1.72158737934317,2.23606797749979,2.25,3,2,1.86011261594915,1,8,1,25,0,TRUE,25,33554432,0,1,25,25,0.833333333333333,2,0.75,0.0833333333333333,0.553694392684741,8.33333333333333,6,10,1.10738878536948,8,8,8,0,8.33333333333333,6,10,1.10738878536948,0,1.86011261594915,2.82842712474619,0.614619173858266,-1.81914020906942
1398,"-1:-2|-1:-1|0:2|1:0",4,TRUE,2,1,1,"mixed",1.66257038496822,2.23606797749979,2,3,2,1.86011261594915,1,8,1,25,0,TRUE,25,33554432,0,1,25,25,0.833333333333333,2,0.75,0.0833333333333333,0.553694392684741,8.33333333333333,6,10,1.10738878536948,8,8,8,0,8.33333333333333,6,10,1.10738878536948,0,1.86011261594915,2.82842712474619,0.614619173858266,-1.81914020906942
1469,"-1:-2|-1:0|0:-1|1:2",4,TRUE,2,0,2,"mixed",1.61803398874989,2.23606797749979,2,3,2,1.86011261594915,2,8,1,25,0,TRUE,25,33554432,0,1,25,25,0.833333333333333,2,0.75,0.0833333333333333,0.553694392684741,8.33333333333333,6,10,1.10738878536948,8,8,8,0,8.33333333333333,6,10,1.10738878536948,0,1.86011261594915,2.82842712474619,0.614619173858266,-1.81914020906942
1549,"-1:-1|-1:0|1:-1|2:1",4,TRUE,1,2,1,"mixed",1.51612377556149,2.23606797749979,2,3,2,1.86011261594915,2,8,1,25,0,TRUE,25,33554432,0,1,25,25,0.833333333333333,2,0.75,0.0833333333333333,0.553694392684741,8.33333333333333,6,10,1.10738878536948,8,8,8,0,8.33333333333333,6,10,1.10738878536948,0,1.86011261594915,2.82842712474619,0.614619173858266,-1.81914020906942
367,"-2:-2|-1:-2|-1:-1|2:-2",4,TRUE,0,3,1,"off_axis",2.32678394734132,2.82842712474619,3.25,4,2,1.79574173292382,1,8,1,25,0,TRUE,25,33554432,0,1,25,25,0.833333333333333,2,0.666666666666667,0.166666666666667,0.688332449299089,8.33333333333333,6,10,1.37666489859818,7,6,8,1.01015254455221,8.33333333333333,6,10,1.37666489859818,0,1.79574173292382,2.82842712474619,0.726721426557334,-1.86051593418426
881,"-1:0|1:-1|1:0|2:-2",4,TRUE,2,2,0,"mixed",1.56066017177982,2.82842712474619,2,4,2,1.79574173292382,1,8,1,25,0,TRUE,25,33554432,0,1,25,25,0.833333333333333,2,0.666666666666667,0.166666666666667,0.688332449299089,8.33333333333333,6,10,1.37666489859818,7,6,8,1.01015254455221,8.33333333333333,6,10,1.37666489859818,0,1.79574173292382,2.82842712474619,0.726721426557334,-1.86051593418426
1029,"-2:-1|-2:0|-1:0|2:-2",4,TRUE,2,1,1,"mixed",2.01612377556149,2.82842712474619,2.5,4,2,1.79574173292382,1,8,1,25,0,TRUE,25,33554432,0,1,25,25,0.833333333333333,2,0.666666666666667,0.166666666666667,0.688332449299089,8.33333333333333,6,10,1.37666489859818,7,6,8,1.01015254455221,8.33333333333333,6,10,1.37666489859818,0,1.79574173292382,2.82842712474619,0.726721426557334,-1.86051593418426
1386,"-1:-1|0:1|1:1|2:1",4,TRUE,1,2,1,"mixed",1.51612377556149,2.23606797749979,2,3,2,1.79574173292382,1,8,1,25,0,TRUE,25,33554432,0,1,25,25,0.833333333333333,2,0.666666666666667,0.166666666666667,0.688332449299089,8.33333333333333,6,10,1.37666489859818,7,6,8,1.01015254455221,8.33333333333333,6,10,1.37666489859818,0,1.79574173292382,2.82842712474619,0.726721426557334,-1.86051593418426
1470,"-1:-2|0:-1|1:0|2:0",4,TRUE,3,0,1,"mixed",1.55901699437495,2.23606797749979,1.75,3,2,1.79574173292382,1,8,1,25,0,TRUE,25,33554432,0,1,25,25,0.833333333333333,2,0.666666666666667,0.166666666666667,0.688332449299089,8.33333333333333,6,10,1.37666489859818,7,6,8,1.01015254455221,8.33333333333333,6,10,1.37666489859818,0,1.79574173292382,2.82842712474619,0.726721426557334,-1.86051593418426
513,"-2:-2|-1:-1|2:-2|2:-1",4,TRUE,0,3,1,"off_axis",2.32678394734132,2.82842712474619,3.25,4,2,1.83716308916112,1,8,1,25,0,TRUE,25,33554432,0,1,25,25,0.833333333333333,2,0.75,0.0833333333333333,0.553694392684741,8.33333333333333,6,10,1.10738878536948,8,8,8,0,8.33333333333333,6,10,1.10738878536948,0,1.83716308916112,2.82842712474619,0.687048262758847,-1.95546038730103
889,"-1:-1|-1:0|1:-1|2:-2",4,TRUE,1,3,0,"mixed",1.6642135623731,2.82842712474619,2.25,4,2,1.83716308916112,1,8,1,25,0,TRUE,25,33554432,0,1,25,25,0.833333333333333,2,0.75,0.0833333333333333,0.553694392684741,8.33333333333333,6,10,1.10738878536948,8,8,8,0,8.33333333333333,6,10,1.10738878536948,0,1.83716308916112,2.82842712474619,0.687048262758847,-1.95546038730103
934,"-2:-1|-1:0|0:-1|2:-2",4,TRUE,2,1,1,"mixed",1.76612377556149,2.82842712474619,2.25,4,2,1.83716308916112,1,8,1,25,0,TRUE,25,33554432,0,1,25,25,0.833333333333333,2,0.75,0.0833333333333333,0.553694392684741,8.33333333333333,6,10,1.10738878536948,8,8,8,0,8.33333333333333,6,10,1.10738878536948,0,1.83716308916112,2.82842712474619,0.687048262758847,-1.95546038730103
1109,"-1:-1|0:2|1:1|1:2",4,TRUE,1,2,1,"mixed",1.76612377556149,2.23606797749979,2.25,3,2,1.83716308916112,1,8,1,25,0,TRUE,25,33554432,0,1,25,25,0.833333333333333,2,0.75,0.0833333333333333,0.553694392684741,8.33333333333333,6,10,1.10738878536948,8,8,8,0,8.33333333333333,6,10,1.10738878536948,0,1.83716308916112,2.82842712474619,0.687048262758847,-1.95546038730103
1629,"-1:-1|-1:0|0:-2|1:2",4,TRUE,2,1,1,"mixed",1.66257038496822,2.23606797749979,2,3,2,1.83716308916112,1,8,1,25,0,TRUE,25,33554432,0,1,25,25,0.833333333333333,2,0.75,0.0833333333333333,0.553694392684741,8.33333333333333,6,10,1.10738878536948,8,8,8,0,8.33333333333333,6,10,1.10738878536948,0,1.83716308916112,2.82842712474619,0.687048262758847,-1.95546038730103
330,"-1:-1|0:-2|1:-2|2:-2",4,TRUE,1,2,1,"mixed",2.11967716615477,2.82842712474619,2.75,4,2,1.83650581819917,1,8,1,25,0,TRUE,25,33554432,0,1,25,25,0.833333333333333,2,0.75,0.0833333333333333,0.553694392684741,8.33333333333333,6,10,1.10738878536948,8,6,10,2.02030508910442,8.33333333333333,6,10,1.10738878536948,0,1.83650581819917,2.82842712474619,0.602998415071235,-1.95936457650315
349,"-1:-2|0:-1|1:-2|2:-2",4,TRUE,1,1,2,"mixed",2.07514076993644,2.82842712474619,2.75,4,2,1.83650581819917,1,8,1,25,0,TRUE,25,33554432,0,1,25,25,0.833333333333333,2,0.75,0.0833333333333333,0.553694392684741,8.33333333333333,6,10,1.10738878536948,8,8,8,0,8.33333333333333,6,10,1.10738878536948,0,1.83650581819917,2.82842712474619,0.602998415071235,-1.95936457650315
424,"-2:-2|-1:-2|0:-1|0:2",4,TRUE,2,1,1,"mixed",2.01612377556149,2.82842712474619,2.5,4,2,1.83650581819917,1,8,1,25,0,TRUE,25,33554432,0,1,25,25,0.833333333333333,2,0.75,0.0833333333333333,0.553694392684741,8.33333333333333,6,10,1.10738878536948,8,8,8,0,8.33333333333333,6,10,1.10738878536948,0,1.83650581819917,2.82842712474619,0.602998415071235,-1.95936457650315
603,"-2:-1|1:0|2:-2|2:0",4,TRUE,2,1,1,"mixed",2.01612377556149,2.82842712474619,2.5,4,2,1.83650581819917,1,8,1,25,0,TRUE,25,33554432,0,1,25,25,0.833333333333333,2,0.75,0.0833333333333333,0.553694392684741,8.33333333333333,6,10,1.10738878536948,8,6,10,2.02030508910442,8.33333333333333,6,10,1.10738878536948,0,1.83650581819917,2.82842712474619,0.602998415071235,-1.95936457650315
1301,"-1:0|1:-2|1:0|2:-1",4,TRUE,2,0,2,"mixed",1.61803398874989,2.23606797749979,2,3,2,1.83650581819917,1,8,1,25,0,TRUE,25,33554432,0,1,25,25,0.833333333333333,2,0.75,0.0833333333333333,0.553694392684741,8.33333333333333,6,10,1.10738878536948,8,6,10,2.02030508910442,8.33333333333333,6,10,1.10738878536948,0,1.83650581819917,2.82842712474619,0.602998415071235,-1.95936457650315
1358,"-1:-1|1:-2|1:-1|1:2",4,TRUE,0,2,2,"off_axis",1.82514076993644,2.23606797749979,2.5,3,2,1.83650581819917,1,8,1,25,0,TRUE,25,33554432,0,1,25,25,0.833333333333333,2,0.75,0.0833333333333333,0.553694392684741,8.33333333333333,6,10,1.10738878536948,8,6,10,2.02030508910442,8.33333333333333,6,10,1.10738878536948,0,1.83650581819917,2.82842712474619,0.602998415071235,-1.95936457650315
1372,"-1:0|1:-2|1:-1|2:0",4,TRUE,2,1,1,"mixed",1.66257038496822,2.23606797749979,2,3,2,1.83650581819917,1,8,1,25,0,TRUE,25,33554432,0,1,25,25,0.833333333333333,2,0.75,0.0833333333333333,0.553694392684741,8.33333333333333,6,10,1.10738878536948,8,8,8,0,8.33333333333333,6,10,1.10738878536948,0,1.83650581819917,2.82842712474619,0.602998415071235,-1.95936457650315
1373,"-2:-1|-1:-1|0:-2|0:2",4,TRUE,2,1,1,"mixed",1.91257038496822,2.23606797749979,2.25,3,2,1.83650581819917,1,8,1,25,0,TRUE,25,33554432,0,1,25,25,0.833333333333333,2,0.75,0.0833333333333333,0.553694392684741,8.33333333333333,6,10,1.10738878536948,8,8,8,0,8.33333333333333,6,10,1.10738878536948,0,1.83650581819917,2.82842712474619,0.602998415071235,-1.95936457650315
1393,"-1:-1|-1:1|-1:2|1:0",4,TRUE,1,2,1,"mixed",1.51612377556149,2.23606797749979,2,3,2,1.83650581819917,1,8,1,25,0,TRUE,25,33554432,0,1,25,25,0.833333333333333,2,0.75,0.0833333333333333,0.553694392684741,8.33333333333333,6,10,1.10738878536948,8,8,8,0,8.33333333333333,6,10,1.10738878536948,0,1.83650581819917,2.82842712474619,0.602998415071235,-1.95936457650315
1663,"-1:-1|0:-2|1:0|2:0",4,TRUE,3,1,0,"mixed",1.60355339059327,2,1.75,2,2,1.83650581819917,1,8,1,25,0,TRUE,25,33554432,0,1,25,25,0.833333333333333,2,0.75,0.0833333333333333,0.553694392684741,8.33333333333333,6,10,1.10738878536948,8,6,10,2.02030508910442,8.33333333333333,6,10,1.10738878536948,0,1.83650581819917,2.82842712474619,0.602998415071235,-1.95936457650315
1100,"-1:-1|0:-2|1:-2|1:-1",4,TRUE,1,2,1,"mixed",1.76612377556149,2.23606797749979,2.25,3,2,1.6128990204492,1,8,1,25,0,TRUE,25,33554432,0,1,25,25,0.833333333333333,2,0.666666666666667,0.166666666666667,0.688332449299089,8.33333333333333,6,10,1.37666489859818,8,8,8,0,8.33333333333333,6,10,1.37666489859818,0,1.6128990204492,2.23606797749979,0.469700554530962,-2.04776991887494
1297,"-2:-1|-1:-2|-1:0|0:-1",4,TRUE,2,0,2,"mixed",1.61803398874989,2.23606797749979,2,3,2,1.6128990204492,1,4,2,25,0,TRUE,25,33554432,0,1,25,25,0.833333333333333,2,0.666666666666667,0.166666666666667,0.688332449299089,8.33333333333333,6,10,1.37666489859818,8,8,8,0,8.33333333333333,6,10,1.37666489859818,0,1.6128990204492,2.23606797749979,0.469700554530962,-2.04776991887494
1650,"-1:-1|-1:0|0:-2|1:-1",4,TRUE,2,2,0,"mixed",1.45710678118655,2,1.75,2,2,1.6128990204492,1,8,1,25,0,TRUE,25,33554432,0,1,25,25,0.833333333333333,2,0.666666666666667,0.166666666666667,0.688332449299089,8.33333333333333,6,10,1.37666489859818,8,8,8,0,8.33333333333333,6,10,1.37666489859818,0,1.6128990204492,2.23606797749979,0.469700554530962,-2.04776991887494
411,"-1:-1|0:-1|1:-2|2:-2",4,TRUE,1,2,1,"mixed",1.86967716615477,2.82842712474619,2.5,4,2,1.76011261594915,1,8,1,25,0,TRUE,25,33554432,0,1,25,25,0.833333333333333,2,0.666666666666667,0.166666666666667,0.688332449299089,8.33333333333333,6,10,1.37666489859818,7,6,8,1.01015254455221,8.33333333333333,6,10,1.37666489859818,0,1.76011261594915,2.82842712474619,0.668334230403909,-2.07215287210815
423,"-2:-1|1:0|2:-2|2:-1",4,TRUE,1,1,2,"mixed",2.07514076993644,2.82842712474619,2.75,4,2,1.76011261594915,1,8,1,25,0,TRUE,25,33554432,0,1,25,25,0.833333333333333,2,0.666666666666667,0.166666666666667,0.688332449299089,8.33333333333333,6,10,1.37666489859818,7,6,8,1.01015254455221,8.33333333333333,6,10,1.37666489859818,0,1.76011261594915,2.82842712474619,0.668334230403909,-2.07215287210815
1291,"-1:0|1:-2|1:-1|2:-1",4,TRUE,1,1,2,"mixed",1.72158737934317,2.23606797749979,2.25,3,2,1.76011261594915,1,8,1,25,0,TRUE,25,33554432,0,1,25,25,0.833333333333333,2,0.666666666666667,0.166666666666667,0.688332449299089,8.33333333333333,6,10,1.37666489859818,7,6,8,1.01015254455221,8.33333333333333,6,10,1.37666489859818,0,1.76011261594915,2.82842712474619,0.668334230403909,-2.07215287210815
1394,"-1:-2|-1:-1|0:1|1:0",4,TRUE,2,1,1,"mixed",1.41257038496822,2.23606797749979,1.75,3,2,1.76011261594915,1,8,1,25,0,TRUE,25,33554432,0,1,25,25,0.833333333333333,2,0.666666666666667,0.166666666666667,0.688332449299089,8.33333333333333,6,10,1.37666489859818,7,6,8,1.01015254455221,8.33333333333333,6,10,1.37666489859818,0,1.76011261594915,2.82842712474619,0.668334230403909,-2.07215287210815
1438,"-1:-1|0:-1|1:-2|1:2",4,TRUE,1,1,2,"mixed",1.72158737934317,2.23606797749979,2.25,3,2,1.76011261594915,1,8,1,25,0,TRUE,25,33554432,0,1,25,25,0.833333333333333,2,0.666666666666667,0.166666666666667,0.688332449299089,8.33333333333333,6,10,1.37666489859818,7,6,8,1.01015254455221,8.33333333333333,6,10,1.37666489859818,0,1.76011261594915,2.82842712474619,0.668334230403909,-2.07215287210815
548,"-1:-2|-1:-1|0:-2|2:-2",4,TRUE,1,2,1,"mixed",2.11967716615477,2.82842712474619,2.75,4,2,1.8128990204492,2,8,1,25,0,TRUE,25,33554432,0,1,25,25,0.833333333333333,2,0.75,0.0833333333333333,0.553694392684741,8.33333333333333,6,10,1.10738878536948,8,8,8,0,8.33333333333333,6,10,1.10738878536948,0,1.8128990204492,2.82842712474619,0.590100878056122,-2.09958894393688
710,"-2:-1|-2:0|2:-2|2:0",4,TRUE,2,1,1,"mixed",2.26612377556149,2.82842712474619,2.75,4,2,1.8128990204492,2,8,1,25,0,TRUE,25,33554432,0,1,25,25,0.833333333333333,2,0.75,0.0833333333333333,0.553694392684741,8.33333333333333,6,10,1.10738878536948,8,8,8,0,8.33333333333333,6,10,1.10738878536948,0,1.8128990204492,2.82842712474619,0.590100878056122,-2.09958894393688
1462,"-1:-2|-1:0|0:-1|2:0",4,TRUE,3,0,1,"mixed",1.55901699437495,2.23606797749979,1.75,3,2,1.8128990204492,2,8,1,25,0,TRUE,25,33554432,0,1,25,25,0.833333333333333,2,0.75,0.0833333333333333,0.553694392684741,8.33333333333333,6,10,1.10738878536948,8,8,8,0,8.33333333333333,6,10,1.10738878536948,0,1.8128990204492,2.82842712474619,0.590100878056122,-2.09958894393688
1612,"-1:-1|-1:0|-1:2|1:-1",4,TRUE,1,2,1,"mixed",1.51612377556149,2.23606797749979,2,3,2,1.8128990204492,2,8,1,25,0,TRUE,25,33554432,0,1,25,25,0.833333333333333,2,0.75,0.0833333333333333,0.553694392684741,8.33333333333333,6,10,1.10738878536948,8,8,8,0,8.33333333333333,6,10,1.10738878536948,0,1.8128990204492,2.82842712474619,0.590100878056122,-2.09958894393688
1658,"-1:-1|-1:0|0:-2|2:0",4,TRUE,3,1,0,"mixed",1.60355339059327,2,1.75,2,2,1.8128990204492,2,8,1,25,0,TRUE,25,33554432,0,1,25,25,0.833333333333333,2,0.75,0.0833333333333333,0.553694392684741,8.33333333333333,6,10,1.10738878536948,8,8,8,0,8.33333333333333,6,10,1.10738878536948,0,1.8128990204492,2.82842712474619,0.590100878056122,-2.09958894393688
1111,"-1:-2|-1:-1|-1:2|0:-2",4,TRUE,1,1,2,"mixed",1.97158737934317,2.23606797749979,2.5,3,2,1.57147766421189,1,8,1,25,0,TRUE,25,33554432,0,1,25,25,0.833333333333333,2,0.583333333333333,0.25,0.800640769025436,8.33333333333333,6,10,1.60128153805087,7,6,8,1.01015254455221,8.33333333333333,6,10,1.60128153805087,0,1.57147766421189,2.23606797749979,0.506028052453785,-2.1584495752819
1112,"-1:-2|-1:-1|0:-2|0:2",4,TRUE,2,1,1,"mixed",1.91257038496822,2.23606797749979,2.25,3,2,1.57147766421189,1,8,1,25,0,TRUE,25,33554432,0,1,25,25,0.833333333333333,2,0.583333333333333,0.25,0.800640769025436,8.33333333333333,6,10,1.60128153805087,7,6,8,1.01015254455221,8.33333333333333,6,10,1.60128153805087,0,1.57147766421189,2.23606797749979,0.506028052453785,-2.1584495752819
1341,"-1:-1|-1:1|-1:2|0:1",4,TRUE,1,2,1,"mixed",1.51612377556149,2.23606797749979,2,3,2,1.57147766421189,1,8,1,25,0,TRUE,25,33554432,0,1,25,25,0.833333333333333,2,0.583333333333333,0.25,0.800640769025436,8.33333333333333,6,10,1.60128153805087,7,6,8,1.01015254455221,8.33333333333333,6,10,1.60128153805087,0,1.57147766421189,2.23606797749979,0.506028052453785,-2.1584495752819
1346,"-1:-2|-1:-1|0:-1|0:2",4,TRUE,2,1,1,"mixed",1.66257038496822,2.23606797749979,2,3,2,1.57147766421189,1,8,1,25,0,TRUE,25,33554432,0,1,25,25,0.833333333333333,2,0.583333333333333,0.25,0.800640769025436,8.33333333333333,6,10,1.60128153805087,7,6,8,1.01015254455221,8.33333333333333,6,10,1.60128153805087,0,1.57147766421189,2.23606797749979,0.506028052453785,-2.1584495752819
1463,"-1:-1|-1:0|-1:2|0:1",4,TRUE,2,1,1,"mixed",1.41257038496822,2.23606797749979,1.75,3,2,1.57147766421189,1,8,1,25,0,TRUE,25,33554432,0,1,25,25,0.833333333333333,2,0.583333333333333,0.25,0.800640769025436,8.33333333333333,6,10,1.60128153805087,7,6,8,1.01015254455221,8.33333333333333,6,10,1.60128153805087,0,1.57147766421189,2.23606797749979,0.506028052453785,-2.1584495752819
1464,"-1:-2|-1:0|0:-1|0:1",4,TRUE,3,0,1,"mixed",1.30901699437495,2.23606797749979,1.5,3,2,1.57147766421189,1,8,1,25,0,TRUE,25,33554432,0,1,25,25,0.833333333333333,2,0.583333333333333,0.25,0.800640769025436,8.33333333333333,6,10,1.60128153805087,7,6,8,1.01015254455221,8.33333333333333,6,10,1.60128153805087,0,1.57147766421189,2.23606797749979,0.506028052453785,-2.1584495752819
1637,"-1:-1|-1:2|0:-2|0:-1",4,TRUE,2,1,1,"mixed",1.66257038496822,2.23606797749979,2,3,2,1.57147766421189,1,8,1,25,0,TRUE,25,33554432,0,1,25,25,0.833333333333333,2,0.583333333333333,0.25,0.800640769025436,8.33333333333333,6,10,1.60128153805087,7,6,8,1.01015254455221,8.33333333333333,6,10,1.60128153805087,0,1.57147766421189,2.23606797749979,0.506028052453785,-2.1584495752819
1645,"-1:-1|-1:1|0:-2|0:-1",4,TRUE,2,2,0,"mixed",1.45710678118655,2,1.75,2,2,1.57147766421189,1,8,1,25,0,TRUE,25,33554432,0,1,25,25,0.833333333333333,2,0.583333333333333,0.25,0.800640769025436,8.33333333333333,6,10,1.60128153805087,7,6,8,1.01015254455221,8.33333333333333,6,10,1.60128153805087,0,1.57147766421189,2.23606797749979,0.506028052453785,-2.1584495752819
1659,"-1:-1|-1:0|-1:1|0:-2",4,TRUE,2,2,0,"mixed",1.45710678118655,2,1.75,2,2,1.57147766421189,1,8,1,25,0,TRUE,25,33554432,0,1,25,25,0.833333333333333,2,0.583333333333333,0.25,0.800640769025436,8.33333333333333,6,10,1.60128153805087,7,6,8,1.01015254455221,8.33333333333333,6,10,1.60128153805087,0,1.57147766421189,2.23606797749979,0.506028052453785,-2.1584495752819
1660,"-1:-1|-1:0|0:-2|0:1",4,TRUE,3,1,0,"mixed",1.35355339059327,2,1.5,2,2,1.57147766421189,1,8,1,25,0,TRUE,25,33554432,0,1,25,25,0.833333333333333,2,0.583333333333333,0.25,0.800640769025436,8.33333333333333,6,10,1.60128153805087,7,6,8,1.01015254455221,8.33333333333333,6,10,1.60128153805087,0,1.57147766421189,2.23606797749979,0.506028052453785,-2.1584495752819
1096,"-2:-1|-1:-2|-1:2|0:-2",4,TRUE,1,0,3,"mixed",2.17705098312484,2.23606797749979,2.75,3,2,1.80087670122451,2,8,1,25,0,TRUE,25,33554432,0,1,25,25,0.833333333333333,2,0.75,0.0833333333333333,0.553694392684741,8.33333333333333,6,10,1.10738878536948,8,8,8,0,8.33333333333333,6,10,1.10738878536948,0,1.80087670122451,2.23606797749979,0.534210847873044,-2.17100151442704
1218,"-1:-2|1:-2|1:-1|2:-1",4,TRUE,0,1,3,"off_axis",2.03060437371812,2.23606797749979,2.75,3,2,1.80087670122451,2,8,1,25,0,TRUE,25,33554432,0,1,25,25,0.833333333333333,2,0.75,0.0833333333333333,0.553694392684741,8.33333333333333,6,10,1.10738878536948,8,8,8,0,8.33333333333333,6,10,1.10738878536948,0,1.80087670122451,2.23606797749979,0.534210847873044,-2.17100151442704
1429,"-1:-1|0:-1|1:-2|2:0",4,TRUE,2,1,1,"mixed",1.66257038496822,2.23606797749979,2,3,2,1.80087670122451,2,8,1,25,0,TRUE,25,33554432,0,1,25,25,0.833333333333333,2,0.75,0.0833333333333333,0.553694392684741,8.33333333333333,6,10,1.10738878536948,8,8,8,0,8.33333333333333,6,10,1.10738878536948,0,1.80087670122451,2.23606797749979,0.534210847873044,-2.17100151442704
1440,"-1:-1|-1:2|0:-1|1:-2",4,TRUE,1,1,2,"mixed",1.72158737934317,2.23606797749979,2.25,3,2,1.80087670122451,2,8,1,25,0,TRUE,25,33554432,0,1,25,25,0.833333333333333,2,0.75,0.0833333333333333,0.553694392684741,8.33333333333333,6,10,1.10738878536948,8,8,8,0,8.33333333333333,6,10,1.10738878536948,0,1.80087670122451,2.23606797749979,0.534210847873044,-2.17100151442704
1518,"-1:-1|0:1|1:-2|1:0",4,TRUE,2,1,1,"mixed",1.41257038496822,2.23606797749979,1.75,3,2,1.80087670122451,2,8,1,25,0,TRUE,25,33554432,0,1,25,25,0.833333333333333,2,0.75,0.0833333333333333,0.553694392684741,8.33333333333333,6,10,1.10738878536948,8,8,8,0,8.33333333333333,6,10,1.10738878536948,0,1.80087670122451,2.23606797749979,0.534210847873044,-2.17100151442704
386,"-2:-2|-2:-1|-1:-2|-1:0",4,TRUE,1,1,2,"mixed",2.07514076993644,2.82842712474619,2.75,4,2,1.73650581819918,1,8,1,25,0,TRUE,25,33554432,0,1,25,25,0.833333333333333,2,0.666666666666667,0.166666666666667,0.688332449299089,8.33333333333333,6,10,1.37666489859818,7,6,8,1.01015254455221,8.33333333333333,6,10,1.37666489859818,0,1.73650581819918,2.82842712474619,0.653662793937545,-2.21237723954188
414,"-2:-2|-1:-2|-1:0|0:-1",4,TRUE,2,1,1,"mixed",1.76612377556149,2.82842712474619,2.25,4,2,1.73650581819918,1,8,1,25,0,TRUE,25,33554432,0,1,25,25,0.833333333333333,2,0.666666666666667,0.166666666666667,0.688332449299089,8.33333333333333,6,10,1.37666489859818,7,6,8,1.01015254455221,8.33333333333333,6,10,1.37666489859818,0,1.73650581819918,2.82842712474619,0.653662793937545,-2.21237723954188
540,"-2:-1|-2:0|2:-2|2:-1",4,TRUE,1,1,2,"mixed",2.32514076993644,2.82842712474619,3,4,2,1.73650581819918,2,8,1,25,0,TRUE,25,33554432,0,1,25,25,0.833333333333333,2,0.666666666666667,0.166666666666667,0.688332449299089,8.33333333333333,6,10,1.37666489859818,7,6,8,1.01015254455221,8.33333333333333,6,10,1.37666489859818,0,1.73650581819918,2.82842712474619,0.653662793937545,-2.21237723954188
731,"-1:-2|-1:-1|0:-1|2:-2",4,TRUE,1,2,1,"mixed",1.86967716615477,2.82842712474619,2.5,4,2,1.73650581819918,2,8,1,25,0,TRUE,25,33554432,0,1,25,25,0.833333333333333,2,0.666666666666667,0.166666666666667,0.688332449299089,8.33333333333333,6,10,1.37666489859818,7,6,8,1.01015254455221,8.33333333333333,6,10,1.37666489859818,0,1.73650581819918,2.82842712474619,0.653662793937545,-2.21237723954188
1104,"-1:-2|-1:-1|0:-2|1:0",4,TRUE,2,1,1,"mixed",1.66257038496822,2.23606797749979,2,3,2,1.73650581819918,1,8,1,25,0,TRUE,25,33554432,0,1,25,25,0.833333333333333,2,0.666666666666667,0.166666666666667,0.688332449299089,8.33333333333333,6,10,1.37666489859818,7,6,8,1.01015254455221,8.33333333333333,6,10,1.37666489859818,0,1.73650581819918,2.82842712474619,0.653662793937545,-2.21237723954188
1131,"-1:-1|-1:0|0:-2|1:-2",4,TRUE,2,1,1,"mixed",1.66257038496822,2.23606797749979,2,3,2,1.73650581819918,1,8,1,25,0,TRUE,25,33554432,0,1,25,25,0.833333333333333,2,0.666666666666667,0.166666666666667,0.688332449299089,8.33333333333333,6,10,1.37666489859818,7,6,8,1.01015254455221,8.33333333333333,6,10,1.37666489859818,0,1.73650581819918,2.82842712474619,0.653662793937545,-2.21237723954188
1339,"-1:-2|-1:-1|0:-1|2:0",4,TRUE,2,1,1,"mixed",1.66257038496822,2.23606797749979,2,3,2,1.73650581819918,2,8,1,25,0,TRUE,25,33554432,0,1,25,25,0.833333333333333,2,0.666666666666667,0.166666666666667,0.688332449299089,8.33333333333333,6,10,1.37666489859818,7,6,8,1.01015254455221,8.33333333333333,6,10,1.37666489859818,0,1.73650581819918,2.82842712474619,0.653662793937545,-2.21237723954188
1351,"-1:-1|-1:0|1:-2|1:-1",4,TRUE,1,2,1,"mixed",1.51612377556149,2.23606797749979,2,3,2,1.73650581819918,1,8,1,25,0,TRUE,25,33554432,0,1,25,25,0.833333333333333,2,0.666666666666667,0.166666666666667,0.688332449299089,8.33333333333333,6,10,1.37666489859818,7,6,8,1.01015254455221,8.33333333333333,6,10,1.37666489859818,0,1.73650581819918,2.82842712474619,0.653662793937545,-2.21237723954188
1615,"-1:-1|-1:0|0:1|2:1",4,TRUE,2,1,1,"mixed",1.41257038496822,2.23606797749979,1.75,3,2,1.73650581819918,2,8,1,25,0,TRUE,25,33554432,0,1,25,25,0.833333333333333,2,0.666666666666667,0.166666666666667,0.688332449299089,8.33333333333333,6,10,1.37666489859818,7,6,8,1.01015254455221,8.33333333333333,6,10,1.37666489859818,0,1.73650581819918,2.82842712474619,0.653662793937545,-2.21237723954188
1624,"-1:-1|-1:0|0:1|2:-1",4,TRUE,2,1,1,"mixed",1.41257038496822,2.23606797749979,1.75,3,2,1.73650581819918,2,8,1,25,0,TRUE,25,33554432,0,1,25,25,0.833333333333333,2,0.666666666666667,0.166666666666667,0.688332449299089,8.33333333333333,6,10,1.37666489859818,7,6,8,1.01015254455221,8.33333333333333,6,10,1.37666489859818,0,1.73650581819918,2.82842712474619,0.653662793937545,-2.21237723954188
7,"-2:-2|-2:0",2,TRUE,1,1,0,"mixed",2.41421356237309,2.82842712474619,3,4,2,2.2761423749154,3,8,1,25,0,TRUE,25,33554432,0,1,25,25,0.25,1,0.25,0,0.43373619897468,5.5,4,6,0.86747239794936,6,6,6,0,5.5,4,6,0.86747239794936,0.25,2.2761423749154,2.82842712474619,0.478292623476201,-2.25022585392886
39,"-2:0|0:-2",2,TRUE,2,0,0,"axis_only",2,2,2,2,2,2.2761423749154,3,4,2,25,0,TRUE,25,33554432,0,1,25,25,0.25,1,0.25,0,0.43373619897468,5.5,4,6,0.86747239794936,6,6,6,0,5.5,4,6,0.86747239794936,0.25,2.2761423749154,2.82842712474619,0.478292623476201,-2.25022585392886
395,"-1:-1|1:-2|1:-1|2:-2",4,TRUE,0,3,1,"off_axis",1.97323055674804,2.82842712474619,2.75,4,2,1.77792717443648,1,8,1,25,0,TRUE,25,33554432,0,1,25,25,0.833333333333333,2,0.75,0.0833333333333333,0.553694392684741,8.33333333333333,6,10,1.10738878536948,8,8,8,0,8.33333333333333,6,10,1.10738878536948,0,1.77792717443648,2.82842712474619,0.613709089969705,-2.30732169265865
408,"-2:-2|-1:-2|-1:-1|0:2",4,TRUE,1,2,1,"mixed",2.11967716615477,2.82842712474619,2.75,4,2,1.77792717443648,1,8,1,25,0,TRUE,25,33554432,0,1,25,25,0.833333333333333,2,0.75,0.0833333333333333,0.553694392684741,8.33333333333333,6,10,1.10738878536948,8,8,8,0,8.33333333333333,6,10,1.10738878536948,0,1.77792717443648,2.82842712474619,0.613709089969705,-2.30732169265865
715,"-1:-2|0:-1|1:-1|2:-2",4,TRUE,1,2,1,"mixed",1.86967716615477,2.82842712474619,2.5,4,2,1.77792717443648,1,8,1,25,0,TRUE,25,33554432,0,1,25,25,0.833333333333333,2,0.75,0.0833333333333333,0.553694392684741,8.33333333333333,6,10,1.10738878536948,8,8,8,0,8.33333333333333,6,10,1.10738878536948,0,1.77792717443648,2.82842712474619,0.613709089969705,-2.30732169265865
884,"-2:-1|1:-1|1:0|2:-2",4,TRUE,1,2,1,"mixed",1.86967716615477,2.82842712474619,2.5,4,2,1.77792717443648,1,8,1,25,0,TRUE,25,33554432,0,1,25,25,0.833333333333333,2,0.75,0.0833333333333333,0.553694392684741,8.33333333333333,6,10,1.10738878536948,8,8,8,0,8.33333333333333,6,10,1.10738878536948,0,1.77792717443648,2.82842712474619,0.613709089969705,-2.30732169265865
1138,"-1:-1|0:-2|1:-2|1:2",4,TRUE,1,1,2,"mixed",1.97158737934317,2.23606797749979,2.5,3,2,1.77792717443648,1,8,1,25,0,TRUE,25,33554432,0,1,25,25,0.833333333333333,2,0.75,0.0833333333333333,0.553694392684741,8.33333333333333,6,10,1.10738878536948,8,8,8,0,8.33333333333333,6,10,1.10738878536948,0,1.77792717443648,2.82842712474619,0.613709089969705,-2.30732169265865
1292,"-2:-1|-1:-2|-1:-1|0:2",4,TRUE,1,1,2,"mixed",1.97158737934317,2.23606797749979,2.5,3,2,1.77792717443648,1,8,1,25,0,TRUE,25,33554432,0,1,25,25,0.833333333333333,2,0.75,0.0833333333333333,0.553694392684741,8.33333333333333,6,10,1.10738878536948,8,8,8,0,8.33333333333333,6,10,1.10738878536948,0,1.77792717443648,2.82842712474619,0.613709089969705,-2.30732169265865
1298,"-1:0|0:-1|1:-2|2:-1",4,TRUE,2,0,2,"mixed",1.61803398874989,2.23606797749979,2,3,2,1.77792717443648,1,8,1,25,0,TRUE,25,33554432,0,1,25,25,0.833333333333333,2,0.75,0.0833333333333333,0.553694392684741,8.33333333333333,6,10,1.10738878536948,8,8,8,0,8.33333333333333,6,10,1.10738878536948,0,1.77792717443648,2.82842712474619,0.613709089969705,-2.30732169265865
1434,"-1:-1|-1:2|0:1|1:1",4,TRUE,1,2,1,"mixed",1.51612377556149,2.23606797749979,2,3,2,1.77792717443648,1,8,1,25,0,TRUE,25,33554432,0,1,25,25,0.833333333333333,2,0.75,0.0833333333333333,0.553694392684741,8.33333333333333,6,10,1.10738878536948,8,8,8,0,8.33333333333333,6,10,1.10738878536948,0,1.77792717443648,2.82842712474619,0.613709089969705,-2.30732169265865
1472,"-1:-1|-1:2|0:1|1:0",4,TRUE,2,1,1,"mixed",1.41257038496822,2.23606797749979,1.75,3,2,1.77792717443648,1,8,1,25,0,TRUE,25,33554432,0,1,25,25,0.833333333333333,2,0.75,0.0833333333333333,0.553694392684741,8.33333333333333,6,10,1.10738878536948,8,8,8,0,8.33333333333333,6,10,1.10738878536948,0,1.77792717443648,2.82842712474619,0.613709089969705,-2.30732169265865
1666,"-1:-1|-1:0|0:2|1:1",4,TRUE,2,2,0,"mixed",1.45710678118655,2,1.75,2,2,1.77792717443648,1,8,1,25,0,TRUE,25,33554432,0,1,25,25,0.833333333333333,2,0.75,0.0833333333333333,0.553694392684741,8.33333333333333,6,10,1.10738878536948,8,8,8,0,8.33333333333333,6,10,1.10738878536948,0,1.77792717443648,2.82842712474619,0.613709089969705,-2.30732169265865
1101,"-1:-2|-1:-1|0:-2|2:-1",4,TRUE,1,1,2,"mixed",1.97158737934317,2.23606797749979,2.5,3,2,1.77726990347453,2,8,1,25,0,TRUE,25,33554432,0,1,25,25,0.833333333333333,2,0.75,0.0833333333333333,0.553694392684741,8.33333333333333,6,10,1.10738878536948,8,8,8,0,8.33333333333333,6,10,1.10738878536948,0,1.77726990347453,2.23606797749979,0.517807010599742,-2.31122588186077
1216,"-1:-2|-1:2|0:-2|1:2",4,TRUE,1,0,3,"mixed",2.17705098312484,2.23606797749979,2.75,3,2,1.77726990347453,2,8,1,25,0,TRUE,25,33554432,0,1,25,25,0.833333333333333,2,0.75,0.0833333333333333,0.553694392684741,8.33333333333333,6,10,1.10738878536948,8,8,8,0,8.33333333333333,6,10,1.10738878536948,0,1.77726990347453,2.23606797749979,0.517807010599742,-2.31122588186077
1442,"-1:-2|-1:0|0:-1|2:-1",4,TRUE,2,0,2,"mixed",1.61803398874989,2.23606797749979,2,3,2,1.77726990347453,2,8,1,25,0,TRUE,25,33554432,0,1,25,25,0.833333333333333,2,0.75,0.0833333333333333,0.553694392684741,8.33333333333333,6,10,1.10738878536948,8,8,8,0,8.33333333333333,6,10,1.10738878536948,0,1.77726990347453,2.23606797749979,0.517807010599742,-2.31122588186077
1590,"-1:-1|-1:0|0:-2|2:-1",4,TRUE,2,1,1,"mixed",1.66257038496822,2.23606797749979,2,3,2,1.77726990347453,2,8,1,25,0,TRUE,25,33554432,0,1,25,25,0.833333333333333,2,0.75,0.0833333333333333,0.553694392684741,8.33333333333333,6,10,1.10738878536948,8,8,8,0,8.33333333333333,6,10,1.10738878536948,0,1.77726990347453,2.23606797749979,0.517807010599742,-2.31122588186077
1700,"-1:-1|-1:0|0:2|1:-1",4,TRUE,2,2,0,"mixed",1.45710678118655,2,1.75,2,2,1.77726990347453,2,8,1,25,0,TRUE,25,33554432,0,1,25,25,0.833333333333333,2,0.75,0.0833333333333333,0.553694392684741,8.33333333333333,6,10,1.10738878536948,8,8,8,0,8.33333333333333,6,10,1.10738878536948,0,1.77726990347453,2.23606797749979,0.517807010599742,-2.31122588186077
397,"-2:-2|-2:-1|-1:-1|0:-2",4,TRUE,1,2,1,"mixed",2.11967716615477,2.82842712474619,2.75,4,2,1.75432037668651,1,8,1,25,0,TRUE,25,33554432,0,1,25,25,0.833333333333333,2,0.75,0.0833333333333333,0.553694392684741,8.33333333333333,6,10,1.10738878536948,8,8,8,0,8.33333333333333,6,10,1.10738878536948,0,1.75432037668651,2.82842712474619,0.598479569819794,-2.44754606009238
578,"-2:-2|-1:-1|-1:0|0:-2",4,TRUE,2,2,0,"mixed",1.81066017177982,2.82842712474619,2.25,4,2,1.75432037668651,1,8,1,25,0,TRUE,25,33554432,0,1,25,25,0.833333333333333,2,0.75,0.0833333333333333,0.553694392684741,8.33333333333333,6,10,1.10738878536948,8,8,8,0,8.33333333333333,6,10,1.10738878536948,0,1.75432037668651,2.82842712474619,0.598479569819794,-2.44754606009238
1102,"-2:-1|-2:0|-1:-1|0:-2",4,TRUE,2,1,1,"mixed",1.91257038496822,2.23606797749979,2.25,3,2,1.75432037668651,1,8,1,25,0,TRUE,25,33554432,0,1,25,25,0.833333333333333,2,0.75,0.0833333333333333,0.553694392684741,8.33333333333333,6,10,1.10738878536948,8,8,8,0,8.33333333333333,6,10,1.10738878536948,0,1.75432037668651,2.82842712474619,0.598479569819794,-2.44754606009238
1248,"-1:-2|-1:0|0:-1|1:-2",4,TRUE,2,0,2,"mixed",1.61803398874989,2.23606797749979,2,3,2,1.75432037668651,1,8,1,25,0,TRUE,25,33554432,0,1,25,25,0.833333333333333,2,0.75,0.0833333333333333,0.553694392684741,8.33333333333333,6,10,1.10738878536948,8,8,8,0,8.33333333333333,6,10,1.10738878536948,0,1.75432037668651,2.82842712474619,0.598479569819794,-2.44754606009238
1712,"-1:-1|-1:0|1:-1|1:1",4,TRUE,1,3,0,"mixed",1.31066017177982,1.4142135623731,1.75,2,1,1.75432037668651,1,8,1,25,0,TRUE,25,33554432,0,1,25,25,0.833333333333333,2,0.75,0.0833333333333333,0.553694392684741,8.33333333333333,6,10,1.10738878536948,8,8,8,0,8.33333333333333,6,10,1.10738878536948,0,1.75432037668651,2.82842712474619,0.598479569819794,-2.44754606009238
1127,"-1:-2|0:-2|0:-1|1:2",4,TRUE,2,0,2,"mixed",1.86803398874989,2.23606797749979,2.25,3,2,1.67726990347453,1,8,1,25,0,TRUE,25,33554432,0,1,25,25,0.833333333333333,2,0.666666666666667,0.166666666666667,0.688332449299089,8.33333333333333,6,10,1.37666489859818,7,6,8,1.01015254455221,8.33333333333333,6,10,1.37666489859818,0,1.67726990347453,2.23606797749979,0.564471897635819,-2.5642385448995
1290,"-2:-1|-1:-2|-1:-1|-1:2",4,TRUE,0,1,3,"off_axis",2.03060437371812,2.23606797749979,2.75,3,2,1.67726990347453,1,8,1,25,0,TRUE,25,33554432,0,1,25,25,0.833333333333333,2,0.666666666666667,0.166666666666667,0.688332449299089,8.33333333333333,6,10,1.37666489859818,7,6,8,1.01015254455221,8.33333333333333,6,10,1.37666489859818,0,1.67726990347453,2.23606797749979,0.564471897635819,-2.5642385448995
1383,"-1:-2|0:-1|1:-1|2:-1",4,TRUE,1,1,2,"mixed",1.72158737934317,2.23606797749979,2.25,3,2,1.67726990347453,1,8,1,25,0,TRUE,25,33554432,0,1,25,25,0.833333333333333,2,0.666666666666667,0.166666666666667,0.688332449299089,8.33333333333333,6,10,1.37666489859818,7,6,8,1.01015254455221,8.33333333333333,6,10,1.37666489859818,0,1.67726990347453,2.23606797749979,0.564471897635819,-2.5642385448995
1435,"-1:-1|0:-1|0:1|1:-2",4,TRUE,2,1,1,"mixed",1.41257038496822,2.23606797749979,1.75,3,2,1.67726990347453,1,8,1,25,0,TRUE,25,33554432,0,1,25,25,0.833333333333333,2,0.666666666666667,0.166666666666667,0.688332449299089,8.33333333333333,6,10,1.37666489859818,7,6,8,1.01015254455221,8.33333333333333,6,10,1.37666489859818,0,1.67726990347453,2.23606797749979,0.564471897635819,-2.5642385448995
1687,"-1:-1|0:1|0:2|1:0",4,TRUE,3,1,0,"mixed",1.35355339059327,2,1.5,2,2,1.67726990347453,1,8,1,25,0,TRUE,25,33554432,0,1,25,25,0.833333333333333,2,0.666666666666667,0.166666666666667,0.688332449299089,8.33333333333333,6,10,1.37666489859818,7,6,8,1.01015254455221,8.33333333333333,6,10,1.37666489859818,0,1.67726990347453,2.23606797749979,0.564471897635819,-2.5642385448995
368,"-2:-2|-1:-2|0:-1|2:-2",4,TRUE,1,2,1,"mixed",2.22323055674804,2.82842712474619,3,4,2,1.87792717443648,1,8,1,25,0,TRUE,25,33554432,0,1,25,25,0.833333333333333,2,0.75,0.0833333333333333,0.553694392684741,8.33333333333333,6,10,1.10738878536948,7,6,8,1.01015254455221,8.33333333333333,6,10,1.10738878536948,0,1.87792717443648,2.82842712474619,0.725250552501227,-2.61215338075932
381,"-2:-1|2:-2|2:-1|2:2",4,TRUE,0,2,2,"off_axis",2.53224755112299,2.82842712474619,3.5,4,2,1.87792717443648,2,8,1,25,0,TRUE,25,33554432,0,1,25,25,0.833333333333333,2,0.75,0.0833333333333333,0.553694392684741,8.33333333333333,6,10,1.10738878536948,7,6,8,1.01015254455221,8.33333333333333,6,10,1.10738878536948,0,1.87792717443648,2.82842712474619,0.725250552501227,-2.61215338075932
419,"-1:0|1:0|2:-2|2:-1",4,TRUE,2,1,1,"mixed",1.76612377556149,2.82842712474619,2.25,4,2,1.87792717443648,1,8,1,25,0,TRUE,25,33554432,0,1,25,25,0.833333333333333,2,0.75,0.0833333333333333,0.553694392684741,8.33333333333333,6,10,1.10738878536948,7,6,8,1.01015254455221,8.33333333333333,6,10,1.10738878536948,0,1.87792717443648,2.82842712474619,0.725250552501227,-2.61215338075932
522,"-2:-2|-1:-2|0:1|0:2",4,TRUE,2,1,1,"mixed",2.01612377556149,2.82842712474619,2.5,4,2,1.87792717443648,1,8,1,25,0,TRUE,25,33554432,0,1,25,25,0.833333333333333,2,0.75,0.0833333333333333,0.553694392684741,8.33333333333333,6,10,1.10738878536948,7,6,8,1.01015254455221,8.33333333333333,6,10,1.10738878536948,0,1.87792717443648,2.82842712474619,0.725250552501227,-2.61215338075932
926,"-1:-1|0:-1|0:1|2:-2",4,TRUE,2,2,0,"mixed",1.56066017177982,2.82842712474619,2,4,2,1.87792717443648,2,8,1,25,0,TRUE,25,33554432,0,1,25,25,0.833333333333333,2,0.75,0.0833333333333333,0.553694392684741,8.33333333333333,6,10,1.10738878536948,7,6,8,1.01015254455221,8.33333333333333,6,10,1.10738878536948,0,1.87792717443648,2.82842712474619,0.725250552501227,-2.61215338075932
1056,"-1:-2|0:-2|0:-1|2:2",4,TRUE,2,1,1,"mixed",2.01612377556149,2.82842712474619,2.5,4,2,1.87792717443648,2,8,1,25,0,TRUE,25,33554432,0,1,25,25,0.833333333333333,2,0.75,0.0833333333333333,0.553694392684741,8.33333333333333,6,10,1.10738878536948,7,6,8,1.01015254455221,8.33333333333333,6,10,1.10738878536948,0,1.87792717443648,2.82842712474619,0.725250552501227,-2.61215338075932
1387,"-1:-2|-1:-1|-1:0|2:1",4,TRUE,1,1,2,"mixed",1.72158737934317,2.23606797749979,2.25,3,2,1.87792717443648,2,8,1,25,0,TRUE,25,33554432,0,1,25,25,0.833333333333333,2,0.75,0.0833333333333333,0.553694392684741,8.33333333333333,6,10,1.10738878536948,7,6,8,1.01015254455221,8.33333333333333,6,10,1.10738878536948,0,1.87792717443648,2.82842712474619,0.725250552501227,-2.61215338075932
1391,"-1:-2|-1:-1|1:0|2:0",4,TRUE,2,1,1,"mixed",1.66257038496822,2.23606797749979,2,3,2,1.87792717443648,1,8,1,25,0,TRUE,25,33554432,0,1,25,25,0.833333333333333,2,0.75,0.0833333333333333,0.553694392684741,8.33333333333333,6,10,1.10738878536948,7,6,8,1.01015254455221,8.33333333333333,6,10,1.10738878536948,0,1.87792717443648,2.82842712474619,0.725250552501227,-2.61215338075932
1397,"-1:-2|-1:-1|-1:2|1:0",4,TRUE,1,1,2,"mixed",1.72158737934317,2.23606797749979,2.25,3,2,1.87792717443648,1,8,1,25,0,TRUE,25,33554432,0,1,25,25,0.833333333333333,2,0.75,0.0833333333333333,0.553694392684741,8.33333333333333,6,10,1.10738878536948,7,6,8,1.01015254455221,8.33333333333333,6,10,1.10738878536948,0,1.87792717443648,2.82842712474619,0.725250552501227,-2.61215338075932
1620,"-1:-2|0:1|1:0|2:0",4,TRUE,3,0,1,"mixed",1.55901699437495,2.23606797749979,1.75,3,2,1.87792717443648,2,8,1,25,0,TRUE,25,33554432,0,1,25,25,0.833333333333333,2,0.75,0.0833333333333333,0.553694392684741,8.33333333333333,6,10,1.10738878536948,7,6,8,1.01015254455221,8.33333333333333,6,10,1.10738878536948,0,1.87792717443648,2.82842712474619,0.725250552501227,-2.61215338075932
407,"-2:-1|1:-1|2:-2|2:-1",4,TRUE,0,2,2,"off_axis",2.17869416052972,2.82842712474619,3,4,2,1.65432037668651,1,8,1,25,0,TRUE,25,33554432,0,1,25,25,0.833333333333333,2,0.666666666666667,0.166666666666667,0.688332449299089,8.33333333333333,6,10,1.37666489859818,7,6,8,1.01015254455221,8.33333333333333,6,10,1.37666489859818,0,1.65432037668651,2.82842712474619,0.63528129489561,-2.70055872313111
875,"-1:-1|0:-1|1:-1|2:-2",4,TRUE,1,3,0,"mixed",1.6642135623731,2.82842712474619,2.25,4,2,1.65432037668651,1,8,1,25,0,TRUE,25,33554432,0,1,25,25,0.833333333333333,2,0.666666666666667,0.166666666666667,0.688332449299089,8.33333333333333,6,10,1.37666489859818,7,6,8,1.01015254455221,8.33333333333333,6,10,1.37666489859818,0,1.65432037668651,2.82842712474619,0.63528129489561,-2.70055872313111
1473,"-1:-2|0:-1|0:1|1:0",4,TRUE,3,0,1,"mixed",1.30901699437495,2.23606797749979,1.5,3,2,1.65432037668651,1,8,1,25,0,TRUE,25,33554432,0,1,25,25,0.833333333333333,2,0.666666666666667,0.166666666666667,0.688332449299089,8.33333333333333,6,10,1.37666489859818,7,6,8,1.01015254455221,8.33333333333333,6,10,1.37666489859818,0,1.65432037668651,2.82842712474619,0.63528129489561,-2.70055872313111
1639,"-1:-1|0:-2|0:-1|1:2",4,TRUE,2,1,1,"mixed",1.66257038496822,2.23606797749979,2,3,2,1.65432037668651,1,8,1,25,0,TRUE,25,33554432,0,1,25,25,0.833333333333333,2,0.666666666666667,0.166666666666667,0.688332449299089,8.33333333333333,6,10,1.37666489859818,7,6,8,1.01015254455221,8.33333333333333,6,10,1.37666489859818,0,1.65432037668651,2.82842712474619,0.63528129489561,-2.70055872313111
1647,"-1:-1|0:-2|0:-1|1:1",4,TRUE,2,2,0,"mixed",1.45710678118655,2,1.75,2,2,1.65432037668651,1,8,1,25,0,TRUE,25,33554432,0,1,25,25,0.833333333333333,2,0.666666666666667,0.166666666666667,0.688332449299089,8.33333333333333,6,10,1.37666489859818,7,6,8,1.01015254455221,8.33333333333333,6,10,1.37666489859818,0,1.65432037668651,2.82842712474619,0.63528129489561,-2.70055872313111
341,"-2:-2|-2:-1|-2:0|2:-2",4,TRUE,1,2,1,"mixed",2.47323055674804,2.82842712474619,3.25,4,2,1.85432037668651,2,8,1,25,0,TRUE,25,33554432,0,1,25,25,0.833333333333333,2,0.75,0.0833333333333333,0.553694392684741,8.33333333333333,6,10,1.10738878536948,7,6,8,1.01015254455221,8.33333333333333,6,10,1.10738878536948,0,1.85432037668651,2.82842712474619,0.716081885917476,-2.75237774819305
595,"-1:0|0:-2|0:-1|2:-2",4,TRUE,3,1,0,"mixed",1.70710678118655,2.82842712474619,2,4,2,1.85432037668651,2,8,1,25,0,TRUE,25,33554432,0,1,25,25,0.833333333333333,2,0.75,0.0833333333333333,0.553694392684741,8.33333333333333,6,10,1.10738878536948,7,6,8,1.01015254455221,8.33333333333333,6,10,1.10738878536948,0,1.85432037668651,2.82842712474619,0.716081885917476,-2.75237774819305
748,"-1:-2|-1:-1|-1:0|2:-2",4,TRUE,1,2,1,"mixed",1.86967716615477,2.82842712474619,2.5,4,2,1.85432037668651,2,8,1,25,0,TRUE,25,33554432,0,1,25,25,0.833333333333333,2,0.75,0.0833333333333333,0.553694392684741,8.33333333333333,6,10,1.10738878536948,7,6,8,1.01015254455221,8.33333333333333,6,10,1.10738878536948,0,1.85432037668651,2.82842712474619,0.716081885917476,-2.75237774819305
1119,"-1:-2|0:-2|0:-1|2:0",4,TRUE,3,0,1,"mixed",1.80901699437495,2.23606797749979,2,3,2,1.85432037668651,2,8,1,25,0,TRUE,25,33554432,0,1,25,25,0.833333333333333,2,0.75,0.0833333333333333,0.553694392684741,8.33333333333333,6,10,1.10738878536948,7,6,8,1.01015254455221,8.33333333333333,6,10,1.10738878536948,0,1.85432037668651,2.82842712474619,0.716081885917476,-2.75237774819305
1602,"-1:-1|-1:0|1:0|1:2",4,TRUE,2,1,1,"mixed",1.41257038496822,2.23606797749979,1.75,3,2,1.85432037668651,2,8,1,25,0,TRUE,25,33554432,0,1,25,25,0.833333333333333,2,0.75,0.0833333333333333,0.553694392684741,8.33333333333333,6,10,1.10738878536948,7,6,8,1.01015254455221,8.33333333333333,6,10,1.10738878536948,0,1.85432037668651,2.82842712474619,0.716081885917476,-2.75237774819305
1082,"-1:-2|0:-2|0:2|1:-2",4,TRUE,2,0,2,"mixed",2.11803398874989,2.23606797749979,2.5,3,2,1.63005630797458,2,4,2,25,0,TRUE,25,33554432,0,1,25,25,0.833333333333333,2,0.666666666666667,0.166666666666667,0.688332449299089,8.33333333333333,6,10,1.37666489859818,7,6,8,1.01015254455221,8.33333333333333,6,10,1.37666489859818,0,1.63005630797458,2.23606797749979,0.519525887315959,-2.84468727976696
1570,"-1:-1|0:-2|0:-1|2:-1",4,TRUE,2,1,1,"mixed",1.66257038496822,2.23606797749979,2,3,2,1.63005630797458,2,8,1,25,0,TRUE,25,33554432,0,1,25,25,0.833333333333333,2,0.666666666666667,0.166666666666667,0.688332449299089,8.33333333333333,6,10,1.37666489859818,7,6,8,1.01015254455221,8.33333333333333,6,10,1.37666489859818,0,1.63005630797458,2.23606797749979,0.519525887315959,-2.84468727976696
1697,"-1:0|0:-1|0:1|2:0",4,TRUE,4,0,0,"axis_only",1.25,2,1.25,2,2,1.63005630797458,2,4,2,25,0,TRUE,25,33554432,0,1,25,25,0.833333333333333,2,0.666666666666667,0.166666666666667,0.688332449299089,8.33333333333333,6,10,1.37666489859818,7,6,8,1.01015254455221,8.33333333333333,6,10,1.37666489859818,0,1.63005630797458,2.23606797749979,0.519525887315959,-2.84468727976696
1702,"-1:-1|-1:0|-1:1|2:0",4,TRUE,2,2,0,"mixed",1.45710678118655,2,1.75,2,2,1.63005630797458,2,4,2,25,0,TRUE,25,33554432,0,1,25,25,0.833333333333333,2,0.666666666666667,0.166666666666667,0.688332449299089,8.33333333333333,6,10,1.37666489859818,7,6,8,1.01015254455221,8.33333333333333,6,10,1.37666489859818,0,1.63005630797458,2.23606797749979,0.519525887315959,-2.84468727976696
12,"-1:-1|2:-2",2,TRUE,0,2,0,"diagonal_only",2.12132034355964,2.82842712474619,3,4,2,2.15956955487303,2,8,1,25,0,TRUE,25,33554432,0,1,25,25,0.25,1,0.25,0,0.43373619897468,5.5,4,6,0.86747239794936,6,6,6,0,5.5,4,6,0.86747239794936,0.25,2.15956955487303,2.82842712474619,0.710203496540455,-2.94266834966812
13,"-2:-1|2:-2",2,TRUE,0,1,1,"off_axis",2.53224755112299,2.82842712474619,3.5,4,2,2.15956955487303,2,8,1,25,0,TRUE,25,33554432,0,1,25,25,0.25,1,0.25,0,0.43373619897468,5.5,4,6,0.86747239794936,6,6,6,0,5.5,4,6,0.86747239794936,0.25,2.15956955487303,2.82842712474619,0.710203496540455,-2.94266834966812
32,"-1:-1|1:2",2,TRUE,0,1,1,"off_axis",1.82514076993644,2.23606797749979,2.5,3,2,2.15956955487303,2,8,1,25,0,TRUE,25,33554432,0,1,25,25,0.25,1,0.25,0,0.43373619897468,5.5,4,6,0.86747239794936,6,6,6,0,5.5,4,6,0.86747239794936,0.25,2.15956955487303,2.82842712474619,0.710203496540455,-2.94266834966812
20,"-1:-2|1:-2",2,TRUE,0,0,2,"off_axis",2.23606797749979,2.23606797749979,3,3,2,2.15737865166653,3,4,2,25,0,TRUE,25,33554432,0,1,25,25,0.25,1,0.25,0,0.43373619897468,5.5,4,6,0.86747239794936,6,6,6,0,5.5,4,6,0.86747239794936,0.25,2.15737865166653,2.23606797749979,0.136293910356554,-2.95568231367516
26,"-2:-1|0:-2",2,TRUE,1,0,1,"mixed",2.11803398874989,2.23606797749979,2.5,3,2,2.15737865166653,3,8,1,25,0,TRUE,25,33554432,0,1,25,25,0.25,1,0.25,0,0.43373619897468,5.5,4,6,0.86747239794936,6,6,6,0,5.5,4,6,0.86747239794936,0.25,2.15737865166653,2.23606797749979,0.136293910356554,-2.95568231367516
1083,"-2:-1|-1:-2|-1:-1|0:-2",4,TRUE,1,1,2,"mixed",1.97158737934317,2.23606797749979,2.5,3,2,1.59508446196187,1,8,1,25,0,TRUE,25,33554432,0,1,25,25,0.833333333333333,2,0.666666666666667,0.166666666666667,0.688332449299089,8.33333333333333,6,10,1.37666489859818,7,6,8,1.01015254455221,8.33333333333333,6,10,1.37666489859818,0,1.59508446196187,2.23606797749979,0.533026535932964,-3.05242002848873
1233,"-1:-2|-1:-1|0:-1|1:-2",4,TRUE,1,1,2,"mixed",1.72158737934317,2.23606797749979,2.25,3,2,1.59508446196187,1,8,1,25,0,TRUE,25,33554432,0,1,25,25,0.833333333333333,2,0.666666666666667,0.166666666666667,0.688332449299089,8.33333333333333,6,10,1.37666489859818,7,6,8,1.01015254455221,8.33333333333333,6,10,1.37666489859818,0,1.59508446196187,2.23606797749979,0.533026535932964,-3.05242002848873
1336,"-2:-1|-1:-1|-1:0|0:-2",4,TRUE,2,1,1,"mixed",1.66257038496822,2.23606797749979,2,3,2,1.59508446196187,1,8,1,25,0,TRUE,25,33554432,0,1,25,25,0.833333333333333,2,0.666666666666667,0.166666666666667,0.688332449299089,8.33333333333333,6,10,1.37666489859818,7,6,8,1.01015254455221,8.33333333333333,6,10,1.37666489859818,0,1.59508446196187,2.23606797749979,0.533026535932964,-3.05242002848873
1430,"-1:-1|0:-1|1:-2|1:0",4,TRUE,2,1,1,"mixed",1.41257038496822,2.23606797749979,1.75,3,2,1.59508446196187,1,8,1,25,0,TRUE,25,33554432,0,1,25,25,0.833333333333333,2,0.666666666666667,0.166666666666667,0.688332449299089,8.33333333333333,6,10,1.37666489859818,7,6,8,1.01015254455221,8.33333333333333,6,10,1.37666489859818,0,1.59508446196187,2.23606797749979,0.533026535932964,-3.05242002848873
1708,"-1:-1|-1:0|0:1|1:-1",4,TRUE,2,2,0,"mixed",1.20710678118655,1.4142135623731,1.5,2,1,1.59508446196187,1,8,1,25,0,TRUE,25,33554432,0,1,25,25,0.833333333333333,2,0.666666666666667,0.166666666666667,0.688332449299089,8.33333333333333,6,10,1.37666489859818,7,6,8,1.01015254455221,8.33333333333333,6,10,1.37666489859818,0,1.59508446196187,2.23606797749979,0.533026535932964,-3.05242002848873
10,"-2:-2|-1:-1",2,TRUE,0,2,0,"diagonal_only",2.12132034355964,2.82842712474619,3,4,2,1.88561808316413,1,4,2,25,0,TRUE,25,33554432,0,1,25,25,0.25,2,0.166666666666667,0.0833333333333333,0.596113387342175,5.5,2,6,1.19222677468435,6,6,6,0,5.5,2,6,1.19222677468435,0.166666666666667,1.88561808316413,2.82842712474619,0.816496580927726,-3.07468433311762
47,"-1:-1|1:1",2,TRUE,0,2,0,"diagonal_only",1.4142135623731,1.4142135623731,2,2,1,1.88561808316413,1,2,4,25,0,TRUE,25,33554432,0,1,25,25,0.25,2,0.166666666666667,0.0833333333333333,0.596113387342175,5.5,2,6,1.19222677468435,6,6,6,0,5.5,2,6,1.19222677468435,0.166666666666667,1.88561808316413,2.82842712474619,0.816496580927726,-3.07468433311762
366,"-2:-2|-2:-1|-1:-2|2:-2",4,TRUE,0,2,2,"off_axis",2.53224755112299,2.82842712474619,3.5,4,2,1.79574173292382,2,8,1,25,0,TRUE,25,33554432,0,1,25,25,0.833333333333333,2,0.75,0.0833333333333333,0.553694392684741,8.33333333333333,6,10,1.10738878536948,7,6,8,1.01015254455221,8.33333333333333,6,10,1.10738878536948,0,1.79574173292382,2.82842712474619,0.726721426557334,-3.10033486434855
943,"-1:0|0:-1|1:0|2:-2",4,TRUE,3,1,0,"mixed",1.45710678118655,2.82842712474619,1.75,4,2,1.79574173292382,2,8,1,25,0,TRUE,25,33554432,0,1,25,25,0.833333333333333,2,0.75,0.0833333333333333,0.553694392684741,8.33333333333333,6,10,1.10738878536948,7,6,8,1.01015254455221,8.33333333333333,6,10,1.10738878536948,0,1.79574173292382,2.82842712474619,0.726721426557334,-3.10033486434855
996,"-2:-2|-1:1|0:1|0:2",4,TRUE,2,2,0,"mixed",1.81066017177982,2.82842712474619,2.25,4,2,1.79574173292382,2,8,1,25,0,TRUE,25,33554432,0,1,25,25,0.833333333333333,2,0.75,0.0833333333333333,0.553694392684741,8.33333333333333,6,10,1.10738878536948,7,6,8,1.01015254455221,8.33333333333333,6,10,1.10738878536948,0,1.79574173292382,2.82842712474619,0.726721426557334,-3.10033486434855
1524,"-1:-2|1:-1|1:0|2:0",4,TRUE,2,1,1,"mixed",1.66257038496822,2.23606797749979,2,3,2,1.79574173292382,2,8,1,25,0,TRUE,25,33554432,0,1,25,25,0.833333333333333,2,0.75,0.0833333333333333,0.553694392684741,8.33333333333333,6,10,1.10738878536948,7,6,8,1.01015254455221,8.33333333333333,6,10,1.10738878536948,0,1.79574173292382,2.82842712474619,0.726721426557334,-3.10033486434855
1528,"-1:-1|-1:0|-1:1|1:-2",4,TRUE,1,2,1,"mixed",1.51612377556149,2.23606797749979,2,3,2,1.79574173292382,2,8,1,25,0,TRUE,25,33554432,0,1,25,25,0.833333333333333,2,0.75,0.0833333333333333,0.553694392684741,8.33333333333333,6,10,1.10738878536948,7,6,8,1.01015254455221,8.33333333333333,6,10,1.10738878536948,0,1.79574173292382,2.82842712474619,0.726721426557334,-3.10033486434855
327,"-2:-2|-2:-1|-1:-2|0:-2",4,TRUE,1,1,2,"mixed",2.32514076993644,2.82842712474619,3,4,2,1.79508446196187,2,8,1,25,0,TRUE,25,33554432,0,1,25,25,0.833333333333333,2,0.75,0.0833333333333333,0.553694392684741,8.33333333333333,6,10,1.10738878536948,7,6,8,1.01015254455221,8.33333333333333,6,10,1.10738878536948,0,1.79508446196187,2.82842712474619,0.647792640367682,-3.10423905355067
594,"-2:-2|-1:0|0:-2|0:-1",4,TRUE,3,1,0,"mixed",1.70710678118655,2.82842712474619,2,4,2,1.79508446196187,2,8,1,25,0,TRUE,25,33554432,0,1,25,25,0.833333333333333,2,0.75,0.0833333333333333,0.553694392684741,8.33333333333333,6,10,1.10738878536948,7,6,8,1.01015254455221,8.33333333333333,6,10,1.10738878536948,0,1.79508446196187,2.82842712474619,0.647792640367682,-3.10423905355067
1116,"-2:-1|-2:0|-1:0|0:-2",4,TRUE,3,0,1,"mixed",1.80901699437495,2.23606797749979,2,3,2,1.79508446196187,2,8,1,25,0,TRUE,25,33554432,0,1,25,25,0.833333333333333,2,0.75,0.0833333333333333,0.553694392684741,8.33333333333333,6,10,1.10738878536948,7,6,8,1.01015254455221,8.33333333333333,6,10,1.10738878536948,0,1.79508446196187,2.82842712474619,0.647792640367682,-3.10423905355067
1236,"-1:-2|-1:-1|-1:0|1:-2",4,TRUE,1,1,2,"mixed",1.72158737934317,2.23606797749979,2.25,3,2,1.79508446196187,2,8,1,25,0,TRUE,25,33554432,0,1,25,25,0.833333333333333,2,0.75,0.0833333333333333,0.553694392684741,8.33333333333333,6,10,1.10738878536948,7,6,8,1.01015254455221,8.33333333333333,6,10,1.10738878536948,0,1.79508446196187,2.82842712474619,0.647792640367682,-3.10423905355067
1515,"-1:-1|-1:0|1:-2|1:0",4,TRUE,2,1,1,"mixed",1.41257038496822,2.23606797749979,1.75,3,2,1.79508446196187,2,8,1,25,0,TRUE,25,33554432,0,1,25,25,0.833333333333333,2,0.75,0.0833333333333333,0.553694392684741,8.33333333333333,6,10,1.10738878536948,7,6,8,1.01015254455221,8.33333333333333,6,10,1.10738878536948,0,1.79508446196187,2.82842712474619,0.647792640367682,-3.10423905355067
385,"-2:-2|-2:-1|-1:-2|-1:-1",4,TRUE,0,2,2,"off_axis",2.17869416052972,2.82842712474619,3,4,2,1.55432037668651,1,4,2,25,0,TRUE,25,33554432,0,1,25,25,0.833333333333333,2,0.583333333333333,0.25,0.800640769025436,8.33333333333333,6,10,1.60128153805087,6,6,6,0,8.33333333333333,6,10,1.60128153805087,0,1.55432037668651,2.82842712474619,0.653272247669054,-3.15919549569358
877,"-2:-2|-1:-1|-1:0|0:-1",4,TRUE,2,2,0,"mixed",1.56066017177982,2.82842712474619,2,4,2,1.55432037668651,1,4,2,25,0,TRUE,25,33554432,0,1,25,25,0.833333333333333,2,0.583333333333333,0.25,0.800640769025436,8.33333333333333,6,10,1.60128153805087,6,6,6,0,8.33333333333333,6,10,1.60128153805087,0,1.55432037668651,2.82842712474619,0.653272247669054,-3.15919549569358
1431,"-1:-1|-1:0|0:-1|1:-2",4,TRUE,2,1,1,"mixed",1.41257038496822,2.23606797749979,1.75,3,2,1.55432037668651,1,8,1,25,0,TRUE,25,33554432,0,1,25,25,0.833333333333333,2,0.583333333333333,0.25,0.800640769025436,8.33333333333333,6,10,1.60128153805087,6,6,6,0,8.33333333333333,6,10,1.60128153805087,0,1.55432037668651,2.82842712474619,0.653272247669054,-3.15919549569358
1707,"-1:-1|-1:0|0:-1|1:1",4,TRUE,2,2,0,"mixed",1.20710678118655,1.4142135623731,1.5,2,1,1.55432037668651,1,4,2,25,0,TRUE,25,33554432,0,1,25,25,0.833333333333333,2,0.583333333333333,0.25,0.800640769025436,8.33333333333333,6,10,1.60128153805087,6,6,6,0,8.33333333333333,6,10,1.60128153805087,0,1.55432037668651,2.82842712474619,0.653272247669054,-3.15919549569358
1103,"-1:-2|-1:-1|-1:0|0:-2",4,TRUE,2,1,1,"mixed",1.66257038496822,2.23606797749979,2,3,2,1.53005630797458,1,8,1,25,0,TRUE,25,33554432,0,1,25,25,0.833333333333333,2,0.583333333333333,0.25,0.800640769025436,8.33333333333333,6,10,1.60128153805087,6,6,6,0,8.33333333333333,6,10,1.60128153805087,0,1.53005630797458,2.23606797749979,0.536374345259402,-3.30332405232942
1117,"-1:-2|-1:0|0:-2|0:-1",4,TRUE,3,0,1,"mixed",1.55901699437495,2.23606797749979,1.75,3,2,1.53005630797458,1,8,1,25,0,TRUE,25,33554432,0,1,25,25,0.833333333333333,2,0.583333333333333,0.25,0.800640769025436,8.33333333333333,6,10,1.60128153805087,6,6,6,0,8.33333333333333,6,10,1.60128153805087,0,1.53005630797458,2.23606797749979,0.536374345259402,-3.30332405232942
1215,"-1:-2|-1:2|0:-2|0:2",4,TRUE,2,0,2,"mixed",2.11803398874989,2.23606797749979,2.5,3,2,1.53005630797458,2,4,2,25,0,TRUE,25,33554432,0,1,25,25,0.833333333333333,2,0.583333333333333,0.25,0.800640769025436,8.33333333333333,6,10,1.60128153805087,6,6,6,0,8.33333333333333,6,10,1.60128153805087,0,1.53005630797458,2.23606797749979,0.536374345259402,-3.30332405232942
1611,"-1:-1|-1:0|-1:2|0:-1",4,TRUE,2,1,1,"mixed",1.41257038496822,2.23606797749979,1.75,3,2,1.53005630797458,2,8,1,25,0,TRUE,25,33554432,0,1,25,25,0.833333333333333,2,0.583333333333333,0.25,0.800640769025436,8.33333333333333,6,10,1.60128153805087,6,6,6,0,8.33333333333333,6,10,1.60128153805087,0,1.53005630797458,2.23606797749979,0.536374345259402,-3.30332405232942
1699,"-1:-1|-1:0|0:-1|0:2",4,TRUE,3,1,0,"mixed",1.35355339059327,2,1.5,2,2,1.53005630797458,2,8,1,25,0,TRUE,25,33554432,0,1,25,25,0.833333333333333,2,0.583333333333333,0.25,0.800640769025436,8.33333333333333,6,10,1.60128153805087,6,6,6,0,8.33333333333333,6,10,1.60128153805087,0,1.53005630797458,2.23606797749979,0.536374345259402,-3.30332405232942
1711,"-1:-1|-1:0|1:-1|1:0",4,TRUE,2,2,0,"mixed",1.20710678118655,1.4142135623731,1.5,2,1,1.53005630797458,1,4,2,25,0,TRUE,25,33554432,0,1,25,25,0.833333333333333,2,0.583333333333333,0.25,0.800640769025436,8.33333333333333,6,10,1.60128153805087,6,6,6,0,8.33333333333333,6,10,1.60128153805087,0,1.53005630797458,2.23606797749979,0.536374345259402,-3.30332405232942
536,"-2:-2|-2:-1|2:-2|2:-1",4,TRUE,0,2,2,"off_axis",2.53224755112299,2.82842712474619,3.5,4,2,1.69574173292382,2,4,2,25,0,TRUE,25,33554432,0,1,25,25,0.833333333333333,2,0.666666666666667,0.166666666666667,0.688332449299089,8.33333333333333,6,10,1.37666489859818,6,6,6,0,8.33333333333333,6,10,1.37666489859818,0,1.69574173292382,2.82842712474619,0.763369704534177,-3.35334752738728
923,"-1:-1|-1:0|0:-1|2:-2",4,TRUE,2,2,0,"mixed",1.56066017177982,2.82842712474619,2,4,2,1.69574173292382,2,8,1,25,0,TRUE,25,33554432,0,1,25,25,0.833333333333333,2,0.666666666666667,0.166666666666667,0.688332449299089,8.33333333333333,6,10,1.37666489859818,6,6,6,0,8.33333333333333,6,10,1.37666489859818,0,1.69574173292382,2.82842712474619,0.763369704534177,-3.35334752738728
1627,"-1:-1|-1:0|0:-1|1:2",4,TRUE,2,1,1,"mixed",1.41257038496822,2.23606797749979,1.75,3,2,1.69574173292382,2,8,1,25,0,TRUE,25,33554432,0,1,25,25,0.833333333333333,2,0.666666666666667,0.166666666666667,0.688332449299089,8.33333333333333,6,10,1.37666489859818,6,6,6,0,8.33333333333333,6,10,1.37666489859818,0,1.69574173292382,2.82842712474619,0.763369704534177,-3.35334752738728
9,"-2:-2|-2:2",2,TRUE,0,2,0,"diagonal_only",2.82842712474619,2.82842712474619,4,4,2,2.21895141649746,2,4,2,25,0,TRUE,25,33554432,0,1,25,25,0.25,1,0.25,0,0.43373619897468,5.5,4,6,0.86747239794936,5,4,6,1.01015254455221,5.5,4,6,0.86747239794936,0.25,2.21895141649746,2.82842712474619,1.05564289266583,-3.48877176044681
14,"-1:0|2:-2",2,TRUE,1,1,0,"mixed",1.9142135623731,2.82842712474619,2.5,4,2,2.21895141649746,2,8,1,25,0,TRUE,25,33554432,0,1,25,25,0.25,1,0.25,0,0.43373619897468,5.5,4,6,0.86747239794936,5,4,6,1.01015254455221,5.5,4,6,0.86747239794936,0.25,2.21895141649746,2.82842712474619,1.05564289266583,-3.48877176044681
342,"-2:-1|2:-2|2:-1|2:0",4,TRUE,1,1,2,"mixed",2.32514076993644,2.82842712474619,3,4,2,1.7128990204492,2,8,1,25,0,TRUE,25,33554432,0,1,25,25,0.833333333333333,2,0.75,0.0833333333333333,0.553694392684741,8.33333333333333,6,10,1.10738878536948,7,6,8,1.01015254455221,8.33333333333333,6,10,1.10738878536948,0,1.7128990204492,2.82842712474619,0.637684130919746,-3.5924205371399
591,"-1:-1|0:-2|0:-1|2:-2",4,TRUE,2,2,0,"mixed",1.81066017177982,2.82842712474619,2.25,4,2,1.7128990204492,2,8,1,25,0,TRUE,25,33554432,0,1,25,25,0.833333333333333,2,0.75,0.0833333333333333,0.553694392684741,8.33333333333333,6,10,1.10738878536948,7,6,8,1.01015254455221,8.33333333333333,6,10,1.10738878536948,0,1.7128990204492,2.82842712474619,0.637684130919746,-3.5924205371399
1601,"-1:-2|-1:0|0:1|1:0",4,TRUE,3,0,1,"mixed",1.30901699437495,2.23606797749979,1.5,3,2,1.7128990204492,2,8,1,25,0,TRUE,25,33554432,0,1,25,25,0.833333333333333,2,0.75,0.0833333333333333,0.553694392684741,8.33333333333333,6,10,1.10738878536948,7,6,8,1.01015254455221,8.33333333333333,6,10,1.10738878536948,0,1.7128990204492,2.82842712474619,0.637684130919746,-3.5924205371399
1636,"-1:-1|-1:0|-1:1|2:-1",4,TRUE,1,2,1,"mixed",1.51612377556149,2.23606797749979,2,3,2,1.7128990204492,2,8,1,25,0,TRUE,25,33554432,0,1,25,25,0.833333333333333,2,0.75,0.0833333333333333,0.553694392684741,8.33333333333333,6,10,1.10738878536948,7,6,8,1.01015254455221,8.33333333333333,6,10,1.10738878536948,0,1.7128990204492,2.82842712474619,0.637684130919746,-3.5924205371399
1644,"-1:-1|0:-2|0:-1|2:0",4,TRUE,3,1,0,"mixed",1.60355339059327,2,1.75,2,2,1.7128990204492,2,8,1,25,0,TRUE,25,33554432,0,1,25,25,0.833333333333333,2,0.75,0.0833333333333333,0.553694392684741,8.33333333333333,6,10,1.10738878536948,7,6,8,1.01015254455221,8.33333333333333,6,10,1.10738878536948,0,1.7128990204492,2.82842712474619,0.637684130919746,-3.5924205371399
1114,"-1:-1|0:-2|0:-1|1:-2",4,TRUE,2,1,1,"mixed",1.66257038496822,2.23606797749979,2,3,2,1.47147766421189,1,8,1,25,0,TRUE,25,33554432,0,1,25,25,0.833333333333333,2,0.583333333333333,0.25,0.800640769025436,8.33333333333333,6,10,1.60128153805087,6,6,6,0,8.33333333333333,6,10,1.60128153805087,0,1.47147766421189,2.23606797749979,0.510722237756962,-3.65128116848493
1288,"-2:-1|-1:-2|-1:-1|-1:0",4,TRUE,1,1,2,"mixed",1.72158737934317,2.23606797749979,2.25,3,2,1.47147766421189,1,8,1,25,0,TRUE,25,33554432,0,1,25,25,0.833333333333333,2,0.583333333333333,0.25,0.800640769025436,8.33333333333333,6,10,1.60128153805087,6,6,6,0,8.33333333333333,6,10,1.60128153805087,0,1.47147766421189,2.23606797749979,0.510722237756962,-3.65128116848493
1334,"-1:-1|0:-1|1:-2|1:-1",4,TRUE,1,2,1,"mixed",1.51612377556149,2.23606797749979,2,3,2,1.47147766421189,1,8,1,25,0,TRUE,25,33554432,0,1,25,25,0.833333333333333,2,0.583333333333333,0.25,0.800640769025436,8.33333333333333,6,10,1.60128153805087,6,6,6,0,8.33333333333333,6,10,1.60128153805087,0,1.47147766421189,2.23606797749979,0.510722237756962,-3.65128116848493
1643,"-1:-1|0:-2|0:-1|1:0",4,TRUE,3,1,0,"mixed",1.35355339059327,2,1.5,2,2,1.47147766421189,1,8,1,25,0,TRUE,25,33554432,0,1,25,25,0.833333333333333,2,0.583333333333333,0.25,0.800640769025436,8.33333333333333,6,10,1.60128153805087,6,6,6,0,8.33333333333333,6,10,1.60128153805087,0,1.47147766421189,2.23606797749979,0.510722237756962,-3.65128116848493
1709,"-1:-1|-1:0|0:1|1:0",4,TRUE,3,1,0,"mixed",1.10355339059327,1.4142135623731,1.25,2,1,1.47147766421189,1,8,1,25,0,TRUE,25,33554432,0,1,25,25,0.833333333333333,2,0.583333333333333,0.25,0.800640769025436,8.33333333333333,6,10,1.60128153805087,6,6,6,0,8.33333333333333,6,10,1.60128153805087,0,1.47147766421189,2.23606797749979,0.510722237756962,-3.65128116848493
1074,"-1:-2|-1:-1|0:-2|1:-2",4,TRUE,1,1,2,"mixed",1.97158737934317,2.23606797749979,2.5,3,2,1.65366310572456,1,8,1,25,0,TRUE,25,33554432,0,1,25,25,0.833333333333333,2,0.75,0.0833333333333333,0.553694392684741,8.33333333333333,6,10,1.10738878536948,7,6,8,1.01015254455221,8.33333333333333,6,10,1.10738878536948,0,1.65366310572456,2.23606797749979,0.543035023185446,-3.94428184249752
1084,"-2:-1|-1:-2|0:-2|0:-1",4,TRUE,2,0,2,"mixed",1.86803398874989,2.23606797749979,2.25,3,2,1.65366310572456,1,8,1,25,0,TRUE,25,33554432,0,1,25,25,0.833333333333333,2,0.75,0.0833333333333333,0.553694392684741,8.33333333333333,6,10,1.10738878536948,7,6,8,1.01015254455221,8.33333333333333,6,10,1.10738878536948,0,1.65366310572456,2.23606797749979,0.543035023185446,-3.94428184249752
1350,"-1:-1|1:-2|1:-1|1:0",4,TRUE,1,2,1,"mixed",1.51612377556149,2.23606797749979,2,3,2,1.65366310572456,1,8,1,25,0,TRUE,25,33554432,0,1,25,25,0.833333333333333,2,0.75,0.0833333333333333,0.553694392684741,8.33333333333333,6,10,1.10738878536948,7,6,8,1.01015254455221,8.33333333333333,6,10,1.10738878536948,0,1.65366310572456,2.23606797749979,0.543035023185446,-3.94428184249752
1451,"-2:-1|-1:0|0:-2|0:-1",4,TRUE,3,0,1,"mixed",1.55901699437495,2.23606797749979,1.75,3,2,1.65366310572456,1,8,1,25,0,TRUE,25,33554432,0,1,25,25,0.833333333333333,2,0.75,0.0833333333333333,0.553694392684741,8.33333333333333,6,10,1.10738878536948,7,6,8,1.01015254455221,8.33333333333333,6,10,1.10738878536948,0,1.65366310572456,2.23606797749979,0.543035023185446,-3.94428184249752
1657,"-1:-1|-1:0|0:-2|1:0",4,TRUE,3,1,0,"mixed",1.35355339059327,2,1.5,2,2,1.65366310572456,1,8,1,25,0,TRUE,25,33554432,0,1,25,25,0.833333333333333,2,0.75,0.0833333333333333,0.553694392684741,8.33333333333333,6,10,1.10738878536948,7,6,8,1.01015254455221,8.33333333333333,6,10,1.10738878536948,0,1.65366310572456,2.23606797749979,0.543035023185446,-3.94428184249752
21,"-2:-1|-1:-2",2,TRUE,0,0,2,"off_axis",2.23606797749979,2.23606797749979,3,3,2,1.96211650579089,2,4,2,25,0,TRUE,25,33554432,0,1,25,25,0.25,1,0.25,0,0.43373619897468,5.5,4,6,0.86747239794936,6,6,6,0,5.5,4,6,0.86747239794936,0.25,1.96211650579089,2.23606797749979,0.47449786780808,-4.11553936752685
24,"-1:-1|1:-2",2,TRUE,0,1,1,"off_axis",1.82514076993644,2.23606797749979,2.5,3,2,1.96211650579089,2,8,1,25,0,TRUE,25,33554432,0,1,25,25,0.25,1,0.25,0,0.43373619897468,5.5,4,6,0.86747239794936,6,6,6,0,5.5,4,6,0.86747239794936,0.25,1.96211650579089,2.23606797749979,0.47449786780808,-4.11553936752685
1075,"-1:-2|0:-2|0:-1|1:-2",4,TRUE,2,0,2,"mixed",1.86803398874989,2.23606797749979,2.25,3,2,1.53005630797458,1,4,2,25,0,TRUE,25,33554432,0,1,25,25,0.833333333333333,2,0.666666666666667,0.166666666666667,0.688332449299089,8.33333333333333,6,10,1.37666489859818,6,6,6,0,8.33333333333333,6,10,1.37666489859818,0,1.53005630797458,2.23606797749979,0.536374345259402,-4.33751887296998
1371,"-2:-1|-1:-1|0:-2|0:-1",4,TRUE,2,1,1,"mixed",1.66257038496822,2.23606797749979,2,3,2,1.53005630797458,1,8,1,25,0,TRUE,25,33554432,0,1,25,25,0.833333333333333,2,0.666666666666667,0.166666666666667,0.688332449299089,8.33333333333333,6,10,1.37666489859818,6,6,6,0,8.33333333333333,6,10,1.37666489859818,0,1.53005630797458,2.23606797749979,0.536374345259402,-4.33751887296998
1684,"-1:0|0:-2|0:-1|1:0",4,TRUE,4,0,0,"axis_only",1.25,2,1.25,2,2,1.53005630797458,1,4,2,25,0,TRUE,25,33554432,0,1,25,25,0.833333333333333,2,0.666666666666667,0.166666666666667,0.688332449299089,8.33333333333333,6,10,1.37666489859818,6,6,6,0,8.33333333333333,6,10,1.37666489859818,0,1.53005630797458,2.23606797749979,0.536374345259402,-4.33751887296998
1705,"-1:-1|-1:0|-1:1|1:0",4,TRUE,2,2,0,"mixed",1.20710678118655,1.4142135623731,1.5,2,1,1.53005630797458,1,4,2,25,0,TRUE,25,33554432,0,1,25,25,0.833333333333333,2,0.666666666666667,0.166666666666667,0.688332449299089,8.33333333333333,6,10,1.37666489859818,6,6,6,0,8.33333333333333,6,10,1.37666489859818,0,1.53005630797458,2.23606797749979,0.536374345259402,-4.33751887296998
30,"-1:-1|-1:2",2,TRUE,0,1,1,"off_axis",1.82514076993644,2.23606797749979,2.5,3,2,1.88342717995763,2,8,1,25,0,TRUE,25,33554432,0,1,25,25,0.25,1,0.25,0,0.43373619897468,5.5,4,6,0.86747239794936,6,6,6,0,5.5,4,6,0.86747239794936,0.25,1.88342717995763,2.23606797749979,0.423146649159938,-4.58295392563928
35,"-1:-2|0:2",2,TRUE,1,0,1,"mixed",2.11803398874989,2.23606797749979,2.5,3,2,1.88342717995763,2,8,1,25,0,TRUE,25,33554432,0,1,25,25,0.25,1,0.25,0,0.43373619897468,5.5,4,6,0.86747239794936,6,6,6,0,5.5,4,6,0.86747239794936,0.25,1.88342717995763,2.23606797749979,0.423146649159938,-4.58295392563928
41,"-1:-1|0:2",2,TRUE,1,1,0,"mixed",1.70710678118655,2,2,2,2,1.88342717995763,2,8,1,25,0,TRUE,25,33554432,0,1,25,25,0.25,1,0.25,0,0.43373619897468,5.5,4,6,0.86747239794936,6,6,6,0,5.5,4,6,0.86747239794936,0.25,1.88342717995763,2.23606797749979,0.423146649159938,-4.58295392563928
6,"-2:-2|-1:-2",2,TRUE,0,1,1,"off_axis",2.53224755112299,2.82842712474619,3.5,4,2,2.02149836741533,2,8,1,25,0,TRUE,25,33554432,0,1,25,25,0.25,1,0.25,0,0.43373619897468,5.5,4,6,0.86747239794936,5,4,6,1.01015254455221,5.5,4,6,0.86747239794936,0.25,2.02149836741533,2.82842712474619,0.932907565520697,-4.66164277830554
11,"-2:-2|-1:0",2,TRUE,1,1,0,"mixed",1.9142135623731,2.82842712474619,2.5,4,2,2.02149836741533,2,8,1,25,0,TRUE,25,33554432,0,1,25,25,0.25,1,0.25,0,0.43373619897468,5.5,4,6,0.86747239794936,5,4,6,1.01015254455221,5.5,4,6,0.86747239794936,0.25,2.02149836741533,2.82842712474619,0.932907565520697,-4.66164277830554
28,"-1:-2|1:0",2,TRUE,1,0,1,"mixed",1.61803398874989,2.23606797749979,2,3,2,2.02149836741533,2,8,1,25,0,TRUE,25,33554432,0,1,25,25,0.25,1,0.25,0,0.43373619897468,5.5,4,6,0.86747239794936,5,4,6,1.01015254455221,5.5,4,6,0.86747239794936,0.25,2.02149836741533,2.82842712474619,0.932907565520697,-4.66164277830554
42,"-1:0|2:0",2,TRUE,2,0,0,"axis_only",1.5,2,1.5,2,2,1.66666666666667,2,4,2,25,0,TRUE,25,33554432,0,1,25,25,0.25,2,0.166666666666667,0.0833333333333333,0.596113387342175,5.5,2,6,1.19222677468435,5,4,6,1.01015254455221,5.5,2,6,1.19222677468435,0.166666666666667,1.66666666666667,2,0.577350269189626,-5.27408728387452
43,"-2:0|2:0",2,TRUE,2,0,0,"axis_only",2,2,2,2,2,1.66666666666667,2,2,4,25,0,TRUE,25,33554432,0,1,25,25,0.25,2,0.166666666666667,0.0833333333333333,0.596113387342175,5.5,2,6,1.19222677468435,5,4,6,1.01015254455221,5.5,2,6,1.19222677468435,0.166666666666667,1.66666666666667,2,0.577350269189626,-5.27408728387452
31,"-1:-2|0:1",2,TRUE,1,0,1,"mixed",1.61803398874989,2.23606797749979,2,3,2,1.82404531833319,2,8,1,25,0,TRUE,25,33554432,0,1,25,25,0.25,1,0.25,0,0.43373619897468,5.5,4,6,0.86747239794936,5,4,6,1.01015254455221,5.5,4,6,0.86747239794936,0.25,1.82404531833319,2.23606797749979,0.71364417954618,-5.83451379616428
34,"-1:-2|-1:2",2,TRUE,0,0,2,"off_axis",2.23606797749979,2.23606797749979,3,3,2,1.82404531833319,2,4,2,25,0,TRUE,25,33554432,0,1,25,25,0.25,1,0.25,0,0.43373619897468,5.5,4,6,0.86747239794936,5,4,6,1.01015254455221,5.5,4,6,0.86747239794936,0.25,1.82404531833319,2.23606797749979,0.71364417954618,-5.83451379616428
37,"-1:-1|0:-2",2,TRUE,1,1,0,"mixed",1.70710678118655,2,2,2,2,1.60947570824873,1,8,1,25,0,TRUE,25,33554432,0,1,25,25,0.25,1,0.25,0,0.43373619897468,5.5,4,6,0.86747239794936,6,6,6,0,5.5,4,6,0.86747239794936,0.25,1.60947570824873,2,0.338203957451525,-6.2102255376034
45,"-1:-1|-1:1",2,TRUE,0,2,0,"diagonal_only",1.4142135623731,1.4142135623731,2,2,1,1.60947570824873,1,4,2,25,0,TRUE,25,33554432,0,1,25,25,0.25,1,0.25,0,0.43373619897468,5.5,4,6,0.86747239794936,6,6,6,0,5.5,4,6,0.86747239794936,0.25,1.60947570824873,2,0.338203957451525,-6.2102255376034
19,"-1:-2|0:-2",2,TRUE,1,0,1,"mixed",2.11803398874989,2.23606797749979,2.5,3,2,1.74535599249993,2,8,1,25,0,TRUE,25,33554432,0,1,25,25,0.25,1,0.25,0,0.43373619897468,5.5,4,6,0.86747239794936,5,4,6,1.01015254455221,5.5,4,6,0.86747239794936,0.25,1.74535599249993,2.23606797749979,0.656200189855868,-6.30192835427671
27,"-1:-2|-1:0",2,TRUE,1,0,1,"mixed",1.61803398874989,2.23606797749979,2,3,2,1.74535599249993,2,8,1,25,0,TRUE,25,33554432,0,1,25,25,0.25,1,0.25,0,0.43373619897468,5.5,4,6,0.86747239794936,5,4,6,1.01015254455221,5.5,4,6,0.86747239794936,0.25,1.74535599249993,2.23606797749979,0.656200189855868,-6.30192835427671
40,"-1:0|0:-2",2,TRUE,2,0,0,"axis_only",1.5,2,1.5,2,2,1.74535599249993,2,8,1,25,0,TRUE,25,33554432,0,1,25,25,0.25,1,0.25,0,0.43373619897468,5.5,4,6,0.86747239794936,5,4,6,1.01015254455221,5.5,4,6,0.86747239794936,0.25,1.74535599249993,2.23606797749979,0.656200189855868,-6.30192835427671
22,"-1:-2|-1:-1",2,TRUE,0,1,1,"off_axis",1.82514076993644,2.23606797749979,2.5,3,2,1.5500938466243,1,8,1,25,0,TRUE,25,33554432,0,1,25,25,0.25,1,0.25,0,0.43373619897468,5.5,4,6,0.86747239794936,5,4,6,1.01015254455221,5.5,4,6,0.86747239794936,0.25,1.5500938466243,2.23606797749979,0.629137186936399,-7.4617854081284
23,"-1:-2|0:-1",2,TRUE,1,0,1,"mixed",1.61803398874989,2.23606797749979,2,3,2,1.5500938466243,1,8,1,25,0,TRUE,25,33554432,0,1,25,25,0.25,1,0.25,0,0.43373619897468,5.5,4,6,0.86747239794936,5,4,6,1.01015254455221,5.5,4,6,0.86747239794936,0.25,1.5500938466243,2.23606797749979,0.629137186936399,-7.4617854081284
46,"-1:-1|0:1",2,TRUE,1,1,0,"mixed",1.20710678118655,1.4142135623731,1.5,2,1,1.5500938466243,1,8,1,25,0,TRUE,25,33554432,0,1,25,25,0.25,1,0.25,0,0.43373619897468,5.5,4,6,0.86747239794936,5,4,6,1.01015254455221,5.5,4,6,0.86747239794936,0.25,1.5500938466243,2.23606797749979,0.629137186936399,-7.4617854081284
38,"-2:0|-1:0",2,TRUE,2,0,0,"axis_only",1.5,2,1.5,2,2,1.33333333333333,1,4,2,25,0,TRUE,25,33554432,0,1,25,25,0.25,2,0.166666666666667,0.0833333333333333,0.596113387342175,5.5,2,6,1.19222677468435,4,2,6,2.02030508910442,5.5,2,6,1.19222677468435,0.166666666666667,1.33333333333333,2,0.577350269189626,-8.15291876636364
49,"-1:0|1:0",2,TRUE,2,0,0,"axis_only",1,1,1,1,1,1.33333333333333,1,2,4,25,0,TRUE,25,33554432,0,1,25,25,0.25,2,0.166666666666667,0.0833333333333333,0.596113387342175,5.5,2,6,1.19222677468435,4,2,6,2.02030508910442,5.5,2,6,1.19222677468435,0.166666666666667,1.33333333333333,2,0.577350269189626,-8.15291876636364
44,"-1:-1|-1:0",2,TRUE,1,1,0,"mixed",1.20710678118655,1.4142135623731,1.5,2,1,1.1380711874577,1,8,1,25,0,TRUE,25,33554432,0,1,25,25,0.25,1,0.25,0,0.43373619897468,5.5,4,6,0.86747239794936,4,4,4,0,5.5,4,6,0.86747239794936,0.25,1.1380711874577,1.4142135623731,0.2391463117381,-10.8080314487299
48,"-1:0|0:-1",2,TRUE,2,0,0,"axis_only",1,1,1,1,1,1.1380711874577,1,4,2,25,0,TRUE,25,33554432,0,1,25,25,0.25,1,0.25,0,0.43373619897468,5.5,4,6,0.86747239794936,4,4,4,0,5.5,4,6,0.86747239794936,0.25,1.1380711874577,1.4142135623731,0.2391463117381,-10.8080314487299
