"family_id","canonical_key","n_flippers","valid","n_axis","n_diagonal","n_oblique","geometry_class","mean_distance_from_s","max_distance_from_s","mean_manhattan_from_s","max_manhattan_from_s","max_chebyshev_from_s","mean_pairwise_distance","adjacent_components","n_orientations","symmetry_count","gf2_rank","nullity","full_rank","reachable_states_log2","reachable_states","solutions_per_reachable_log2","solutions_per_reachable","distinct_move_rows","distinct_move_columns","mean_move_overlap","max_move_overlap","prop_moves_overlap","prop_overlap_2plus","sd_move_overlap","mean_move_hamming","min_move_hamming","max_move_hamming","sd_move_hamming","mean_local_hamming","min_local_hamming","max_local_hamming","sd_local_hamming","mean_pair_effect","min_pair_effect","max_pair_effect","sd_pair_effect","prop_pair_effect_small","effect_mean_pair_distance","effect_max_pair_distance","effect_sd_pair_distance","comparison_group","z_spatial_dispersion","z_local_change","z_overlap_variability","z_asymmetry","z_components","structural_difficulty_score","difficulty_percentile","difficulty_rank_within_group","difficulty_band"
2,"-1:-2",1,TRUE,0,0,1,"off_axis",2.23606797749979,2.23606797749979,3,3,2,2.23606797749979,2,8,1,20,5,FALSE,20,1048576,5,32,25,25,0.0833333333333333,1,0.0833333333333333,0,0.27684719634237,3.83333333333333,2,4,0.553694392684741,4,4,4,0,3.83333333333333,2,4,0.553694392684741,1,2.23606797749979,2.23606797749979,NA,"F1_R20",0.477628359069583,0.447213595499958,0,1.78885438199983,0.730296743340221,3.4439930799096,1,1,"very_hard"
1,"-2:-2",1,TRUE,0,1,0,"diagonal_only",2.82842712474619,2.82842712474619,4,4,2,2.82842712474619,2,4,2,20,5,FALSE,20,1048576,5,32,25,25,0.0833333333333333,1,0.0833333333333333,0,0.27684719634237,3.83333333333333,2,4,0.553694392684741,4,4,4,0,3.83333333333333,2,4,0.553694392684741,1,2.82842712474619,2.82842712474619,NA,"F1_R20",1.30897043740875,0.447213595499958,0,-0.447213595499958,0.730296743340221,2.03926718074898,0.75,2,"hard"
3,"-2:0",1,TRUE,1,0,0,"axis_only",2,2,2,2,2,2,2,4,2,20,5,FALSE,20,1048576,5,32,25,25,0.0833333333333333,1,0.0833333333333333,0,0.27684719634237,3.83333333333333,2,4,0.553694392684741,4,4,4,0,3.83333333333333,2,4,0.553694392684741,1,2,2,NA,"F1_R20",0.146320496337507,0.447213595499958,0,-0.447213595499958,0.730296743340221,0.876617239677729,0.5,3,"medium"
4,"-1:-1",1,TRUE,0,1,0,"diagonal_only",1.4142135623731,1.4142135623731,2,2,1,1.4142135623731,1,4,2,20,5,FALSE,20,1048576,5,32,25,25,0.0833333333333333,1,0.0833333333333333,0,0.27684719634237,3.83333333333333,2,4,0.553694392684741,4,4,4,0,3.83333333333333,2,4,0.553694392684741,1,1.4142135623731,1.4142135623731,NA,"F1_R20",-0.675797161140111,0.447213595499958,0,-0.447213595499958,-1.09544511501033,-1.77124227615044,0.25,4,"easy"
5,"-1:0",1,TRUE,1,0,0,"axis_only",1,1,1,1,1,1,1,4,2,20,5,FALSE,20,1048576,5,32,25,25,0.0833333333333333,1,0.0833333333333333,0,0.27684719634237,3.83333333333333,2,4,0.553694392684741,3,2,4,1.01015254455221,3.83333333333333,2,4,0.553694392684741,1,1,1,NA,"F1_R20",-1.25712213167573,-1.78885438199983,0,-0.447213595499958,-1.09544511501033,-4.58863522418586,0,5,"very_easy"
25,"-1:-2|2:-1",2,TRUE,0,0,2,"off_axis",2.23606797749979,2.23606797749979,3,3,2,2.23606797749979,3,8,1,25,0,TRUE,25,33554432,0,1,25,25,0.25,2,0.166666666666667,0.0833333333333333,0.596113387342175,5.5,2,6,1.19222677468435,6,6,6,0,5.5,2,6,1.19222677468435,0.166666666666667,2.23606797749979,2.23606797749979,0,"F2_R25",0.855042817340374,0.786850975951619,1.8228349548786,0.762372364390212,1.39805059083906,5.62515170339987,1,1,"very_hard"
36,"-1:-2|1:2",2,TRUE,0,0,2,"off_axis",2.23606797749979,2.23606797749979,3,3,2,2.23606797749979,3,4,2,25,0,TRUE,25,33554432,0,1,25,25,0.25,2,0.166666666666667,0.0833333333333333,0.596113387342175,5.5,2,6,1.19222677468435,6,6,6,0,5.5,2,6,1.19222677468435,0.166666666666667,2.23606797749979,2.23606797749979,0,"F2_R25",0.855042817340374,0.786850975951619,1.8228349548786,-1.00312153209238,1.39805059083906,3.85965780691727,0.976744186046512,2,"very_hard"
17,"-1:-2|2:2",2,TRUE,0,1,1,"off_axis",2.53224755112299,2.82842712474619,3.5,4,2,2.43352102658192,3,8,1,25,0,TRUE,25,33554432,0,1,25,25,0.25,1,0.25,0,0.43373619897468,5.5,4,6,0.86747239794936,6,6,6,0,5.5,4,6,0.86747239794936,0.25,2.43352102658192,2.82842712474619,0.341998713119646,"F2_R25",1.4244623454318,0.786850975951619,-0.536127927905471,0.762372364390212,1.39805059083906,3.83560834870723,0.953488372093023,3,"very_hard"
8,"-1:-2|2:-2",2,TRUE,0,1,1,"off_axis",2.53224755112299,2.82842712474619,3.5,4,2,2.35483170074866,3,8,1,25,0,TRUE,25,33554432,0,1,25,25,0.25,1,0.25,0,0.43373619897468,5.5,4,6,0.86747239794936,6,6,6,0,5.5,4,6,0.86747239794936,0.25,2.35483170074866,2.82842712474619,0.426792094261082,"F2_R25",1.19753630407616,0.786850975951619,-0.536127927905471,0.762372364390212,1.39805059083906,3.60868230735159,0.906976744186046,4,"very_hard"
15,"-2:-2|0:2",2,TRUE,1,1,0,"mixed",2.41421356237309,2.82842712474619,3,4,2,2.35483170074866,3,8,1,25,0,TRUE,25,33554432,0,1,25,25,0.25,1,0.25,0,0.43373619897468,5.5,4,6,0.86747239794936,6,6,6,0,5.5,4,6,0.86747239794936,0.25,2.35483170074866,2.82842712474619,0.426792094261082,"F2_R25",1.19753630407616,0.786850975951619,-0.536127927905471,0.762372364390212,1.39805059083906,3.60868230735159,0.906976744186046,4,"very_hard"
29,"-1:-2|2:0",2,TRUE,1,0,1,"mixed",2.11803398874989,2.23606797749979,2.5,3,2,2.35483170074866,3,8,1,25,0,TRUE,25,33554432,0,1,25,25,0.25,1,0.25,0,0.43373619897468,5.5,4,6,0.86747239794936,6,6,6,0,5.5,4,6,0.86747239794936,0.25,2.35483170074866,2.82842712474619,0.426792094261082,"F2_R25",1.19753630407616,0.786850975951619,-0.536127927905471,0.762372364390212,1.39805059083906,3.60868230735159,0.906976744186046,4,"very_hard"
7,"-2:-2|-2:0",2,TRUE,1,1,0,"mixed",2.41421356237309,2.82842712474619,3,4,2,2.2761423749154,3,8,1,25,0,TRUE,25,33554432,0,1,25,25,0.25,1,0.25,0,0.43373619897468,5.5,4,6,0.86747239794936,6,6,6,0,5.5,4,6,0.86747239794936,0.25,2.2761423749154,2.82842712474619,0.478292623476201,"F2_R25",0.970610262720523,0.786850975951619,-0.536127927905471,0.762372364390212,1.39805059083906,3.38175626599595,0.86046511627907,7,"very_hard"
26,"-2:-1|0:-2",2,TRUE,1,0,1,"mixed",2.11803398874989,2.23606797749979,2.5,3,2,2.15737865166653,3,8,1,25,0,TRUE,25,33554432,0,1,25,25,0.25,1,0.25,0,0.43373619897468,5.5,4,6,0.86747239794936,6,6,6,0,5.5,4,6,0.86747239794936,0.25,2.15737865166653,2.23606797749979,0.136293910356554,"F2_R25",0.628116775984733,0.786850975951619,-0.536127927905471,0.762372364390212,1.39805059083906,3.03926277926016,0.837209302325581,8,"very_hard"
16,"-1:-1|2:2",2,TRUE,0,2,0,"diagonal_only",2.12132034355964,2.82842712474619,3,4,2,2.35702260395516,2,4,2,25,0,TRUE,25,33554432,0,1,25,25,0.25,2,0.166666666666667,0.0833333333333333,0.596113387342175,5.5,2,6,1.19222677468435,6,6,6,0,5.5,2,6,1.19222677468435,0.166666666666667,2.35702260395516,2.82842712474619,0.816496580927726,"F2_R25",1.20385447984371,0.786850975951619,1.8228349548786,-1.00312153209238,0,2.81041887858154,0.813953488372093,9,"very_hard"
33,"-1:-2|2:1",2,TRUE,0,0,2,"off_axis",2.23606797749979,2.23606797749979,3,3,2,2.43352102658192,3,4,2,25,0,TRUE,25,33554432,0,1,25,25,0.25,1,0.25,0,0.43373619897468,5.5,4,6,0.86747239794936,6,6,6,0,5.5,4,6,0.86747239794936,0.25,2.43352102658192,2.82842712474619,0.341998713119646,"F2_R25",1.4244623454318,0.786850975951619,-0.536127927905471,-1.00312153209238,1.39805059083906,2.07011445222463,0.790697674418605,10,"hard"
18,"-2:-2|2:2",2,TRUE,0,2,0,"diagonal_only",2.82842712474619,2.82842712474619,4,4,2,2.35702260395516,2,2,4,25,0,TRUE,25,33554432,0,1,25,25,0.25,2,0.166666666666667,0.0833333333333333,0.596113387342175,5.5,2,6,1.19222677468435,6,6,6,0,5.5,2,6,1.19222677468435,0.166666666666667,2.35702260395516,2.82842712474619,0.816496580927726,"F2_R25",1.20385447984371,0.786850975951619,1.8228349548786,-1.88586848033368,0,1.92767193034025,0.767441860465116,11,"hard"
12,"-1:-1|2:-2",2,TRUE,0,2,0,"diagonal_only",2.12132034355964,2.82842712474619,3,4,2,2.15956955487303,2,8,1,25,0,TRUE,25,33554432,0,1,25,25,0.25,1,0.25,0,0.43373619897468,5.5,4,6,0.86747239794936,6,6,6,0,5.5,4,6,0.86747239794936,0.25,2.15956955487303,2.82842712474619,0.710203496540455,"F2_R25",0.634434951752277,0.786850975951619,-0.536127927905471,0.762372364390212,0,1.64753036418864,0.720930232558139,12,"hard"
13,"-2:-1|2:-2",2,TRUE,0,1,1,"off_axis",2.53224755112299,2.82842712474619,3.5,4,2,2.15956955487303,2,8,1,25,0,TRUE,25,33554432,0,1,25,25,0.25,1,0.25,0,0.43373619897468,5.5,4,6,0.86747239794936,6,6,6,0,5.5,4,6,0.86747239794936,0.25,2.15956955487303,2.82842712474619,0.710203496540455,"F2_R25",0.634434951752277,0.786850975951619,-0.536127927905471,0.762372364390212,0,1.64753036418864,0.720930232558139,12,"hard"
32,"-1:-1|1:2",2,TRUE,0,1,1,"off_axis",1.82514076993644,2.23606797749979,2.5,3,2,2.15956955487303,2,8,1,25,0,TRUE,25,33554432,0,1,25,25,0.25,1,0.25,0,0.43373619897468,5.5,4,6,0.86747239794936,6,6,6,0,5.5,4,6,0.86747239794936,0.25,2.15956955487303,2.82842712474619,0.710203496540455,"F2_R25",0.634434951752277,0.786850975951619,-0.536127927905471,0.762372364390212,0,1.64753036418864,0.720930232558139,12,"hard"
39,"-2:0|0:-2",2,TRUE,2,0,0,"axis_only",2,2,2,2,2,2.2761423749154,3,4,2,25,0,TRUE,25,33554432,0,1,25,25,0.25,1,0.25,0,0.43373619897468,5.5,4,6,0.86747239794936,6,6,6,0,5.5,4,6,0.86747239794936,0.25,2.2761423749154,2.82842712474619,0.478292623476201,"F2_R25",0.970610262720523,0.786850975951619,-0.536127927905471,-1.00312153209238,1.39805059083906,1.61626236951335,0.674418604651163,15,"hard"
20,"-1:-2|1:-2",2,TRUE,0,0,2,"off_axis",2.23606797749979,2.23606797749979,3,3,2,2.15737865166653,3,4,2,25,0,TRUE,25,33554432,0,1,25,25,0.25,1,0.25,0,0.43373619897468,5.5,4,6,0.86747239794936,6,6,6,0,5.5,4,6,0.86747239794936,0.25,2.15737865166653,2.23606797749979,0.136293910356554,"F2_R25",0.628116775984733,0.786850975951619,-0.536127927905471,-1.00312153209238,1.39805059083906,1.27376888277756,0.651162790697674,16,"hard"
24,"-1:-1|1:-2",2,TRUE,0,1,1,"off_axis",1.82514076993644,2.23606797749979,2.5,3,2,1.96211650579089,2,8,1,25,0,TRUE,25,33554432,0,1,25,25,0.25,1,0.25,0,0.43373619897468,5.5,4,6,0.86747239794936,6,6,6,0,5.5,4,6,0.86747239794936,0.25,1.96211650579089,2.23606797749979,0.47449786780808,"F2_R25",0.0650154236608456,0.786850975951619,-0.536127927905471,0.762372364390212,0,1.0781108360972,0.627906976744186,17,"hard"
30,"-1:-1|-1:2",2,TRUE,0,1,1,"off_axis",1.82514076993644,2.23606797749979,2.5,3,2,1.88342717995763,2,8,1,25,0,TRUE,25,33554432,0,1,25,25,0.25,1,0.25,0,0.43373619897468,5.5,4,6,0.86747239794936,6,6,6,0,5.5,4,6,0.86747239794936,0.25,1.88342717995763,2.23606797749979,0.423146649159938,"F2_R25",-0.161910617694795,0.786850975951619,-0.536127927905471,0.762372364390212,0,0.851184794741564,0.581395348837209,18,"medium"
35,"-1:-2|0:2",2,TRUE,1,0,1,"mixed",2.11803398874989,2.23606797749979,2.5,3,2,1.88342717995763,2,8,1,25,0,TRUE,25,33554432,0,1,25,25,0.25,1,0.25,0,0.43373619897468,5.5,4,6,0.86747239794936,6,6,6,0,5.5,4,6,0.86747239794936,0.25,1.88342717995763,2.23606797749979,0.423146649159938,"F2_R25",-0.161910617694795,0.786850975951619,-0.536127927905471,0.762372364390212,0,0.851184794741564,0.581395348837209,18,"medium"
41,"-1:-1|0:2",2,TRUE,1,1,0,"mixed",1.70710678118655,2,2,2,2,1.88342717995763,2,8,1,25,0,TRUE,25,33554432,0,1,25,25,0.25,1,0.25,0,0.43373619897468,5.5,4,6,0.86747239794936,6,6,6,0,5.5,4,6,0.86747239794936,0.25,1.88342717995763,2.23606797749979,0.423146649159938,"F2_R25",-0.161910617694795,0.786850975951619,-0.536127927905471,0.762372364390212,0,0.851184794741564,0.581395348837209,18,"medium"
14,"-1:0|2:-2",2,TRUE,1,1,0,"mixed",1.9142135623731,2.82842712474619,2.5,4,2,2.21895141649746,2,8,1,25,0,TRUE,25,33554432,0,1,25,25,0.25,1,0.25,0,0.43373619897468,5.5,4,6,0.86747239794936,5,4,6,1.01015254455221,5.5,4,6,0.86747239794936,0.25,2.21895141649746,2.82842712474619,1.05564289266583,"F2_R25",0.805681695120172,-0.718429151955826,-0.536127927905471,0.762372364390212,0,0.313496979649086,0.534883720930233,21,"medium"
10,"-2:-2|-1:-1",2,TRUE,0,2,0,"diagonal_only",2.12132034355964,2.82842712474619,3,4,2,1.88561808316413,1,4,2,25,0,TRUE,25,33554432,0,1,25,25,0.25,2,0.166666666666667,0.0833333333333333,0.596113387342175,5.5,2,6,1.19222677468435,6,6,6,0,5.5,2,6,1.19222677468435,0.166666666666667,1.88561808316413,2.82842712474619,0.816496580927726,"F2_R25",-0.155592441927251,0.786850975951619,1.8228349548786,-1.00312153209238,-1.39805059083906,0.0529213659715211,0.511627906976744,22,"medium"
6,"-2:-2|-1:-2",2,TRUE,0,1,1,"off_axis",2.53224755112299,2.82842712474619,3.5,4,2,2.02149836741533,2,8,1,25,0,TRUE,25,33554432,0,1,25,25,0.25,1,0.25,0,0.43373619897468,5.5,4,6,0.86747239794936,5,4,6,1.01015254455221,5.5,4,6,0.86747239794936,0.25,2.02149836741533,2.82842712474619,0.932907565520697,"F2_R25",0.236262167028741,-0.718429151955826,-0.536127927905471,0.762372364390212,0,-0.255922548442345,0.465116279069767,23,"medium"
11,"-2:-2|-1:0",2,TRUE,1,1,0,"mixed",1.9142135623731,2.82842712474619,2.5,4,2,2.02149836741533,2,8,1,25,0,TRUE,25,33554432,0,1,25,25,0.25,1,0.25,0,0.43373619897468,5.5,4,6,0.86747239794936,5,4,6,1.01015254455221,5.5,4,6,0.86747239794936,0.25,2.02149836741533,2.82842712474619,0.932907565520697,"F2_R25",0.236262167028741,-0.718429151955826,-0.536127927905471,0.762372364390212,0,-0.255922548442345,0.465116279069767,23,"medium"
28,"-1:-2|1:0",2,TRUE,1,0,1,"mixed",1.61803398874989,2.23606797749979,2,3,2,2.02149836741533,2,8,1,25,0,TRUE,25,33554432,0,1,25,25,0.25,1,0.25,0,0.43373619897468,5.5,4,6,0.86747239794936,5,4,6,1.01015254455221,5.5,4,6,0.86747239794936,0.25,2.02149836741533,2.82842712474619,0.932907565520697,"F2_R25",0.236262167028741,-0.718429151955826,-0.536127927905471,0.762372364390212,0,-0.255922548442345,0.465116279069767,23,"medium"
42,"-1:0|2:0",2,TRUE,2,0,0,"axis_only",1.5,2,1.5,2,2,1.66666666666667,2,4,2,25,0,TRUE,25,33554432,0,1,25,25,0.25,2,0.166666666666667,0.0833333333333333,0.596113387342175,5.5,2,6,1.19222677468435,5,4,6,1.01015254455221,5.5,2,6,1.19222677468435,0.166666666666667,1.66666666666667,2,0.577350269189626,"F2_R25",-0.787009443773972,-0.718429151955826,1.8228349548786,-1.00312153209238,0,-0.685725172943581,0.418604651162791,26,"medium"
21,"-2:-1|-1:-2",2,TRUE,0,0,2,"off_axis",2.23606797749979,2.23606797749979,3,3,2,1.96211650579089,2,4,2,25,0,TRUE,25,33554432,0,1,25,25,0.25,1,0.25,0,0.43373619897468,5.5,4,6,0.86747239794936,6,6,6,0,5.5,4,6,0.86747239794936,0.25,1.96211650579089,2.23606797749979,0.47449786780808,"F2_R25",0.0650154236608456,0.786850975951619,-0.536127927905471,-1.00312153209238,0,-0.687383060385391,0.395348837209302,27,"easy"
31,"-1:-2|0:1",2,TRUE,1,0,1,"mixed",1.61803398874989,2.23606797749979,2,3,2,1.82404531833319,2,8,1,25,0,TRUE,25,33554432,0,1,25,25,0.25,1,0.25,0,0.43373619897468,5.5,4,6,0.86747239794936,5,4,6,1.01015254455221,5.5,4,6,0.86747239794936,0.25,1.82404531833319,2.23606797749979,0.71364417954618,"F2_R25",-0.33315736106269,-0.718429151955826,-0.536127927905471,0.762372364390212,0,-0.825342076533776,0.372093023255814,28,"easy"
47,"-1:-1|1:1",2,TRUE,0,2,0,"diagonal_only",1.4142135623731,1.4142135623731,2,2,1,1.88561808316413,1,2,4,25,0,TRUE,25,33554432,0,1,25,25,0.25,2,0.166666666666667,0.0833333333333333,0.596113387342175,5.5,2,6,1.19222677468435,6,6,6,0,5.5,2,6,1.19222677468435,0.166666666666667,1.88561808316413,2.82842712474619,0.816496580927726,"F2_R25",-0.155592441927251,0.786850975951619,1.8228349548786,-1.88586848033368,-1.39805059083906,-0.829825582269777,0.348837209302326,29,"easy"
19,"-1:-2|0:-2",2,TRUE,1,0,1,"mixed",2.11803398874989,2.23606797749979,2.5,3,2,1.74535599249993,2,8,1,25,0,TRUE,25,33554432,0,1,25,25,0.25,1,0.25,0,0.43373619897468,5.5,4,6,0.86747239794936,5,4,6,1.01015254455221,5.5,4,6,0.86747239794936,0.25,1.74535599249993,2.23606797749979,0.656200189855868,"F2_R25",-0.560083402418331,-0.718429151955826,-0.536127927905471,0.762372364390212,0,-1.05226811788942,0.302325581395349,30,"easy"
27,"-1:-2|-1:0",2,TRUE,1,0,1,"mixed",1.61803398874989,2.23606797749979,2,3,2,1.74535599249993,2,8,1,25,0,TRUE,25,33554432,0,1,25,25,0.25,1,0.25,0,0.43373619897468,5.5,4,6,0.86747239794936,5,4,6,1.01015254455221,5.5,4,6,0.86747239794936,0.25,1.74535599249993,2.23606797749979,0.656200189855868,"F2_R25",-0.560083402418331,-0.718429151955826,-0.536127927905471,0.762372364390212,0,-1.05226811788942,0.302325581395349,30,"easy"
40,"-1:0|0:-2",2,TRUE,2,0,0,"axis_only",1.5,2,1.5,2,2,1.74535599249993,2,8,1,25,0,TRUE,25,33554432,0,1,25,25,0.25,1,0.25,0,0.43373619897468,5.5,4,6,0.86747239794936,5,4,6,1.01015254455221,5.5,4,6,0.86747239794936,0.25,1.74535599249993,2.23606797749979,0.656200189855868,"F2_R25",-0.560083402418331,-0.718429151955826,-0.536127927905471,0.762372364390212,0,-1.05226811788942,0.302325581395349,30,"easy"
37,"-1:-1|0:-2",2,TRUE,1,1,0,"mixed",1.70710678118655,2,2,2,2,1.60947570824873,1,8,1,25,0,TRUE,25,33554432,0,1,25,25,0.25,1,0.25,0,0.43373619897468,5.5,4,6,0.86747239794936,6,6,6,0,5.5,4,6,0.86747239794936,0.25,1.60947570824873,2,0.338203957451525,"F2_R25",-0.951938011374324,0.786850975951619,-0.536127927905471,0.762372364390212,-1.39805059083906,-1.33689318977703,0.255813953488372,33,"easy"
9,"-2:-2|-2:2",2,TRUE,0,2,0,"diagonal_only",2.82842712474619,2.82842712474619,4,4,2,2.21895141649746,2,4,2,25,0,TRUE,25,33554432,0,1,25,25,0.25,1,0.25,0,0.43373619897468,5.5,4,6,0.86747239794936,5,4,6,1.01015254455221,5.5,4,6,0.86747239794936,0.25,2.21895141649746,2.82842712474619,1.05564289266583,"F2_R25",0.805681695120172,-0.718429151955826,-0.536127927905471,-1.00312153209238,0,-1.45199691683351,0.232558139534884,34,"easy"
43,"-2:0|2:0",2,TRUE,2,0,0,"axis_only",2,2,2,2,2,1.66666666666667,2,2,4,25,0,TRUE,25,33554432,0,1,25,25,0.25,2,0.166666666666667,0.0833333333333333,0.596113387342175,5.5,2,6,1.19222677468435,5,4,6,1.01015254455221,5.5,2,6,1.19222677468435,0.166666666666667,1.66666666666667,2,0.577350269189626,"F2_R25",-0.787009443773972,-0.718429151955826,1.8228349548786,-1.88586848033368,0,-1.56847212118488,0.209302325581395,35,"easy"
34,"-1:-2|-1:2",2,TRUE,0,0,2,"off_axis",2.23606797749979,2.23606797749979,3,3,2,1.82404531833319,2,4,2,25,0,TRUE,25,33554432,0,1,25,25,0.25,1,0.25,0,0.43373619897468,5.5,4,6,0.86747239794936,5,4,6,1.01015254455221,5.5,4,6,0.86747239794936,0.25,1.82404531833319,2.23606797749979,0.71364417954618,"F2_R25",-0.33315736106269,-0.718429151955826,-0.536127927905471,-1.00312153209238,0,-2.59083597301637,0.186046511627907,36,"very_easy"
22,"-1:-2|-1:-1",2,TRUE,0,1,1,"off_axis",1.82514076993644,2.23606797749979,2.5,3,2,1.5500938466243,1,8,1,25,0,TRUE,25,33554432,0,1,25,25,0.25,1,0.25,0,0.43373619897468,5.5,4,6,0.86747239794936,5,4,6,1.01015254455221,5.5,4,6,0.86747239794936,0.25,1.5500938466243,2.23606797749979,0.629137186936399,"F2_R25",-1.12318475474222,-0.718429151955826,-0.536127927905471,0.762372364390212,-1.39805059083906,-3.01342006105237,0.13953488372093,37,"very_easy"
23,"-1:-2|0:-1",2,TRUE,1,0,1,"mixed",1.61803398874989,2.23606797749979,2,3,2,1.5500938466243,1,8,1,25,0,TRUE,25,33554432,0,1,25,25,0.25,1,0.25,0,0.43373619897468,5.5,4,6,0.86747239794936,5,4,6,1.01015254455221,5.5,4,6,0.86747239794936,0.25,1.5500938466243,2.23606797749979,0.629137186936399,"F2_R25",-1.12318475474222,-0.718429151955826,-0.536127927905471,0.762372364390212,-1.39805059083906,-3.01342006105237,0.13953488372093,37,"very_easy"
46,"-1:-1|0:1",2,TRUE,1,1,0,"mixed",1.20710678118655,1.4142135623731,1.5,2,1,1.5500938466243,1,8,1,25,0,TRUE,25,33554432,0,1,25,25,0.25,1,0.25,0,0.43373619897468,5.5,4,6,0.86747239794936,5,4,6,1.01015254455221,5.5,4,6,0.86747239794936,0.25,1.5500938466243,2.23606797749979,0.629137186936399,"F2_R25",-1.12318475474222,-0.718429151955826,-0.536127927905471,0.762372364390212,-1.39805059083906,-3.01342006105237,0.13953488372093,37,"very_easy"
45,"-1:-1|-1:1",2,TRUE,0,2,0,"diagonal_only",1.4142135623731,1.4142135623731,2,2,1,1.60947570824873,1,4,2,25,0,TRUE,25,33554432,0,1,25,25,0.25,1,0.25,0,0.43373619897468,5.5,4,6,0.86747239794936,6,6,6,0,5.5,4,6,0.86747239794936,0.25,1.60947570824873,2,0.338203957451525,"F2_R25",-0.951938011374324,0.786850975951619,-0.536127927905471,-1.00312153209238,-1.39805059083906,-3.10238708625962,0.0930232558139535,40,"very_easy"
38,"-2:0|-1:0",2,TRUE,2,0,0,"axis_only",1.5,2,1.5,2,2,1.33333333333333,1,4,2,25,0,TRUE,25,33554432,0,1,25,25,0.25,2,0.166666666666667,0.0833333333333333,0.596113387342175,5.5,2,6,1.19222677468435,4,2,6,2.02030508910442,5.5,2,6,1.19222677468435,0.166666666666667,1.33333333333333,2,0.577350269189626,"F2_R25",-1.7482835808214,-2.22370927986327,1.8228349548786,-1.00312153209238,-1.39805059083906,-4.55033002873751,0.0697674418604651,41,"very_easy"
49,"-1:0|1:0",2,TRUE,2,0,0,"axis_only",1,1,1,1,1,1.33333333333333,1,2,4,25,0,TRUE,25,33554432,0,1,25,25,0.25,2,0.166666666666667,0.0833333333333333,0.596113387342175,5.5,2,6,1.19222677468435,4,2,6,2.02030508910442,5.5,2,6,1.19222677468435,0.166666666666667,1.33333333333333,2,0.577350269189626,"F2_R25",-1.7482835808214,-2.22370927986327,1.8228349548786,-1.88586848033368,-1.39805059083906,-5.43307697697881,0.0465116279069767,42,"very_easy"
44,"-1:-1|-1:0",2,TRUE,1,1,0,"mixed",1.20710678118655,1.4142135623731,1.5,2,1,1.1380711874577,1,8,1,25,0,TRUE,25,33554432,0,1,25,25,0.25,1,0.25,0,0.43373619897468,5.5,4,6,0.86747239794936,4,4,4,0,5.5,4,6,0.86747239794936,0.25,1.1380711874577,1.4142135623731,0.2391463117381,"F2_R25",-2.31138493314528,-2.22370927986327,-0.536127927905471,0.762372364390212,-1.39805059083906,-5.70690036736288,0.0232558139534884,43,"very_easy"
48,"-1:0|0:-1",2,TRUE,2,0,0,"axis_only",1,1,1,1,1,1.1380711874577,1,4,2,25,0,TRUE,25,33554432,0,1,25,25,0.25,1,0.25,0,0.43373619897468,5.5,4,6,0.86747239794936,4,4,4,0,5.5,4,6,0.86747239794936,0.25,1.1380711874577,1.4142135623731,0.2391463117381,"F2_R25",-2.31138493314528,-2.22370927986327,-0.536127927905471,-1.00312153209238,-1.39805059083906,-7.47239426384547,0,44,"very_easy"
81,"-2:-2|-2:0|0:2",3,TRUE,2,1,0,"mixed",2.2761423749154,2.82842712474619,2.66666666666667,4,2,2.31548703783203,4,8,1,16,9,FALSE,16,65536,9,512,25,25,0.5,2,0.333333333333333,0.166666666666667,0.765038744728955,7,4,8,1.53007748945791,8,8,8,0,7,4,8,1.53007748945791,0.166666666666667,2.31548703783203,2.82842712474619,0.407705449017095,"F3_R16",1.19576343024414,0.908295106229247,0,0.546481961217982,1.68682325000517,4.33736374769654,0.984848484848485,1,"very_hard"
82,"-1:-2|2:-2|2:0",3,TRUE,1,1,1,"mixed",2.35483170074866,2.82842712474619,3,4,2,2.31548703783203,4,8,1,16,9,FALSE,16,65536,9,512,25,25,0.5,2,0.333333333333333,0.166666666666667,0.765038744728955,7,4,8,1.53007748945791,8,8,8,0,7,4,8,1.53007748945791,0.166666666666667,2.31548703783203,2.82842712474619,0.407705449017095,"F3_R16",1.19576343024414,0.908295106229247,0,0.546481961217982,1.68682325000517,4.33736374769654,0.984848484848485,1,"very_hard"
98,"-2:-1|-2:2|0:-2",3,TRUE,1,1,1,"mixed",2.35483170074866,2.82842712474619,3,4,2,2.25610517620759,4,8,1,16,9,FALSE,16,65536,9,512,25,25,0.5,2,0.333333333333333,0.166666666666667,0.765038744728955,7,4,8,1.53007748945791,8,8,8,0,7,4,8,1.53007748945791,0.166666666666667,2.25610517620759,2.82842712474619,0.303294115780649,"F3_R16",1.0001658750299,0.908295106229247,0,0.546481961217982,1.68682325000517,4.1417661924823,0.924242424242424,3,"very_hard"
190,"-1:-2|1:-2|2:0",3,TRUE,1,0,2,"mixed",2.15737865166653,2.23606797749979,2.66666666666667,3,2,2.25610517620759,4,8,1,16,9,FALSE,16,65536,9,512,25,25,0.5,2,0.333333333333333,0.166666666666667,0.765038744728955,7,4,8,1.53007748945791,8,8,8,0,7,4,8,1.53007748945791,0.166666666666667,2.25610517620759,2.82842712474619,0.303294115780649,"F3_R16",1.0001658750299,0.908295106229247,0,0.546481961217982,1.68682325000517,4.1417661924823,0.924242424242424,3,"very_hard"
100,"-1:-1|2:-2|2:1",3,TRUE,0,2,1,"off_axis",2.15956955487303,2.82842712474619,3,4,2,2.25720062781084,3,8,1,16,9,FALSE,16,65536,9,512,25,25,0.5,2,0.333333333333333,0.166666666666667,0.765038744728955,7,4,8,1.53007748945791,8,8,8,0,7,4,8,1.53007748945791,0.166666666666667,2.25720062781084,2.82842712474619,0.534840528543235,"F3_R16",1.00377417644703,0.908295106229247,0,0.546481961217982,0.730956741668906,3.18950798556317,0.863636363636364,5,"very_hard"
155,"-2:-1|0:2|2:-2",3,TRUE,1,1,1,"mixed",2.35483170074866,2.82842712474619,3,4,2,2.25720062781084,3,8,1,16,9,FALSE,16,65536,9,512,25,25,0.5,2,0.333333333333333,0.166666666666667,0.765038744728955,7,4,8,1.53007748945791,8,8,8,0,7,4,8,1.53007748945791,0.166666666666667,2.25720062781084,2.82842712474619,0.534840528543235,"F3_R16",1.00377417644703,0.908295106229247,0,0.546481961217982,0.730956741668906,3.18950798556317,0.863636363636364,5,"very_hard"
66,"-1:-2|2:1|2:2",3,TRUE,0,1,2,"off_axis",2.43352102658192,2.82842712474619,3.33333333333333,4,2,2.22750969699862,3,8,1,16,9,FALSE,16,65536,9,512,25,25,0.5,2,0.333333333333333,0.166666666666667,0.765038744728955,7,4,8,1.53007748945791,7,6,8,1.01015254455221,7,4,8,1.53007748945791,0.166666666666667,2.22750969699862,2.82842712474619,0.66771300701163,"F3_R16",0.905975398839912,0,0,0.546481961217982,0.730956741668906,2.1834141017268,0.803030303030303,7,"very_hard"
133,"-1:-2|1:0|2:2",3,TRUE,1,1,1,"mixed",2.02149836741533,2.82842712474619,2.66666666666667,4,2,2.22750969699862,3,8,1,16,9,FALSE,16,65536,9,512,25,25,0.5,2,0.333333333333333,0.166666666666667,0.765038744728955,7,4,8,1.53007748945791,7,6,8,1.01015254455221,7,4,8,1.53007748945791,0.166666666666667,2.22750969699862,2.82842712474619,0.66771300701163,"F3_R16",0.905975398839912,0,0,0.546481961217982,0.730956741668906,2.1834141017268,0.803030303030303,7,"very_hard"
145,"-1:-1|1:2|2:-2",3,TRUE,0,2,1,"off_axis",2.15956955487303,2.82842712474619,3,4,2,2.15956955487303,2,8,1,16,9,FALSE,16,65536,9,512,25,25,0.5,2,0.333333333333333,0.166666666666667,0.765038744728955,7,4,8,1.53007748945791,8,8,8,0,7,4,8,1.53007748945791,0.166666666666667,2.15956955487303,2.82842712474619,0.635225318448997,"F3_R16",0.682187775192779,0.908295106229247,0,0.546481961217982,-0.224909766667356,1.91205507597265,0.757575757575758,9,"hard"
78,"-2:-2|-2:0|0:-2",3,TRUE,2,1,0,"mixed",2.2761423749154,2.82842712474619,2.66666666666667,4,2,2.2761423749154,4,4,2,16,9,FALSE,16,65536,9,512,25,25,0.5,2,0.333333333333333,0.166666666666667,0.765038744728955,7,4,8,1.53007748945791,8,8,8,0,7,4,8,1.53007748945791,0.166666666666667,2.2761423749154,2.82842712474619,0.427797927691799,"F3_R16",1.066166282787,0.908295106229247,0,-1.77606637395844,1.68682325000517,1.88521826506298,0.727272727272727,10,"hard"
199,"-1:-1|1:-2|2:-1",3,TRUE,0,1,2,"off_axis",1.96211650579089,2.23606797749979,2.66666666666667,3,2,1.92277184287426,2,8,1,16,9,FALSE,16,65536,9,512,25,25,0.5,2,0.333333333333333,0.166666666666667,0.765038744728955,7,4,8,1.53007748945791,8,8,8,0,7,4,8,1.53007748945791,0.166666666666667,1.92277184287426,2.23606797749979,0.404398477123625,"F3_R16",-0.0977987776071189,0.908295106229247,0,0.546481961217982,-0.224909766667356,1.13206852317275,0.681818181818182,11,"hard"
244,"-1:-1|0:2|1:-2",3,TRUE,1,1,1,"mixed",1.88342717995763,2.23606797749979,2.33333333333333,3,2,1.92277184287426,2,8,1,16,9,FALSE,16,65536,9,512,25,25,0.5,2,0.333333333333333,0.166666666666667,0.765038744728955,7,4,8,1.53007748945791,8,8,8,0,7,4,8,1.53007748945791,0.166666666666667,1.92277184287426,2.23606797749979,0.404398477123625,"F3_R16",-0.0977987776071189,0.908295106229247,0,0.546481961217982,-0.224909766667356,1.13206852317275,0.681818181818182,11,"hard"
168,"-2:-1|-1:-2|2:2",3,TRUE,0,1,2,"off_axis",2.43352102658192,2.82842712474619,3.33333333333333,4,2,2.19781876618641,3,4,2,16,9,FALSE,16,65536,9,512,25,25,0.5,2,0.333333333333333,0.166666666666667,0.765038744728955,7,4,8,1.53007748945791,8,8,8,0,7,4,8,1.53007748945791,0.166666666666667,2.19781876618641,2.82842712474619,0.451122162167444,"F3_R16",0.808176621232793,0.908295106229247,0,-1.77606637395844,0.730956741668906,0.671362095172507,0.621212121212121,13,"hard"
242,"-1:-2|1:-1|2:1",3,TRUE,0,1,2,"off_axis",1.96211650579089,2.23606797749979,2.66666666666667,3,2,2.19781876618641,3,4,2,16,9,FALSE,16,65536,9,512,25,25,0.5,2,0.333333333333333,0.166666666666667,0.765038744728955,7,4,8,1.53007748945791,8,8,8,0,7,4,8,1.53007748945791,0.166666666666667,2.19781876618641,2.82842712474619,0.451122162167444,"F3_R16",0.808176621232793,0.908295106229247,0,-1.77606637395844,0.730956741668906,0.671362095172507,0.621212121212121,13,"hard"
60,"-1:0|1:-2|2:-2",3,TRUE,1,1,1,"mixed",2.02149836741533,2.82842712474619,2.66666666666667,4,2,2.12022489195639,2,8,1,16,9,FALSE,16,65536,9,512,25,25,0.5,2,0.333333333333333,0.166666666666667,0.765038744728955,7,4,8,1.53007748945791,6,4,8,2.02030508910442,7,4,8,1.53007748945791,0.166666666666667,2.12022489195639,2.82842712474619,0.897538683865047,"F3_R16",0.552590627735639,-0.908295106229247,0,0.546481961217982,-0.224909766667356,-0.0341322839429828,0.560606060606061,15,"medium"
111,"-2:-2|-1:0|2:-2",3,TRUE,1,2,0,"mixed",2.21895141649746,2.82842712474619,3,4,2,2.12022489195639,2,8,1,16,9,FALSE,16,65536,9,512,25,25,0.5,2,0.333333333333333,0.166666666666667,0.765038744728955,7,4,8,1.53007748945791,6,4,8,2.02030508910442,7,4,8,1.53007748945791,0.166666666666667,2.12022489195639,2.82842712474619,0.897538683865047,"F3_R16",0.552590627735639,-0.908295106229247,0,0.546481961217982,-0.224909766667356,-0.0341322839429828,0.560606060606061,15,"medium"
180,"-1:-1|-1:2|0:2",3,TRUE,1,1,1,"mixed",1.88342717995763,2.23606797749979,2.33333333333333,3,2,1.81439158622878,2,8,1,16,9,FALSE,16,65536,9,512,25,25,0.5,2,0.333333333333333,0.166666666666667,0.765038744728955,7,4,8,1.53007748945791,7,6,8,1.01015254455221,7,4,8,1.53007748945791,0.166666666666667,1.81439158622878,2.23606797749979,0.49957962947528,"F3_R16",-0.454791850128519,0,0,0.546481961217982,-0.224909766667356,-0.133219655577893,0.5,17,"medium"
270,"-1:-2|-1:0|0:2",3,TRUE,2,0,1,"mixed",1.74535599249993,2.23606797749979,2,3,2,1.81439158622878,2,8,1,16,9,FALSE,16,65536,9,512,25,25,0.5,2,0.333333333333333,0.166666666666667,0.765038744728955,7,4,8,1.53007748945791,7,6,8,1.01015254455221,7,4,8,1.53007748945791,0.166666666666667,1.81439158622878,2.23606797749979,0.49957962947528,"F3_R16",-0.454791850128519,0,0,0.546481961217982,-0.224909766667356,-0.133219655577893,0.5,17,"medium"
286,"-1:-1|-1:2|0:-2",3,TRUE,1,1,1,"mixed",1.88342717995763,2.23606797749979,2.33333333333333,3,2,1.74645144410318,1,8,1,16,9,FALSE,16,65536,9,512,25,25,0.5,2,0.333333333333333,0.166666666666667,0.765038744728955,7,4,8,1.53007748945791,8,8,8,0,7,4,8,1.53007748945791,0.166666666666667,1.74645144410318,2.23606797749979,0.374017144082867,"F3_R16",-0.678579473775652,0.908295106229247,0,0.546481961217982,-1.18077627500362,-0.404578681332041,0.439393939393939,19,"medium"
296,"-1:-1|-1:1|0:-2",3,TRUE,1,2,0,"mixed",1.60947570824873,2,2,2,2,1.74645144410318,1,8,1,16,9,FALSE,16,65536,9,512,25,25,0.5,2,0.333333333333333,0.166666666666667,0.765038744728955,7,4,8,1.53007748945791,8,8,8,0,7,4,8,1.53007748945791,0.166666666666667,1.74645144410318,2.23606797749979,0.374017144082867,"F3_R16",-0.678579473775652,0.908295106229247,0,0.546481961217982,-1.18077627500362,-0.404578681332041,0.439393939393939,19,"medium"
59,"-2:-2|-1:-2|-1:0",3,TRUE,1,1,1,"mixed",2.02149836741533,2.82842712474619,2.66666666666667,4,2,1.88342717995763,2,8,1,16,9,FALSE,16,65536,9,512,25,25,0.5,2,0.333333333333333,0.166666666666667,0.765038744728955,7,4,8,1.53007748945791,6,4,8,2.02030508910442,7,4,8,1.53007748945791,0.166666666666667,1.88342717995763,2.82842712474619,0.737049841839904,"F3_R16",-0.22739592506426,-0.908295106229247,0,0.546481961217982,-0.224909766667356,-0.814118836742881,0.378787878787879,21,"easy"
177,"-1:-2|0:-2|1:0",3,TRUE,2,0,1,"mixed",1.74535599249993,2.23606797749979,2,3,2,1.88342717995763,2,8,1,16,9,FALSE,16,65536,9,512,25,25,0.5,2,0.333333333333333,0.166666666666667,0.765038744728955,7,4,8,1.53007748945791,6,4,8,2.02030508910442,7,4,8,1.53007748945791,0.166666666666667,1.88342717995763,2.82842712474619,0.737049841839904,"F3_R16",-0.22739592506426,-0.908295106229247,0,0.546481961217982,-0.224909766667356,-0.814118836742881,0.378787878787879,21,"easy"
194,"-1:-2|0:1|1:-2",3,TRUE,1,0,2,"mixed",1.82404531833319,2.23606797749979,2.33333333333333,3,2,1.99071198499986,3,4,2,16,9,FALSE,16,65536,9,512,25,25,0.5,2,0.333333333333333,0.166666666666667,0.765038744728955,7,4,8,1.53007748945791,7,6,8,1.01015254455221,7,4,8,1.53007748945791,0.166666666666667,1.99071198499986,2.23606797749979,0.494448128051368,"F3_R16",0.125988846040014,0,0,-1.77606637395844,0.730956741668906,-0.91912078624952,0.318181818181818,23,"easy"
260,"-2:-1|0:-2|2:-1",3,TRUE,1,0,2,"mixed",2.15737865166653,2.23606797749979,2.66666666666667,3,2,1.99071198499986,3,4,2,16,9,FALSE,16,65536,9,512,25,25,0.5,2,0.333333333333333,0.166666666666667,0.765038744728955,7,4,8,1.53007748945791,7,6,8,1.01015254455221,7,4,8,1.53007748945791,0.166666666666667,1.99071198499986,2.23606797749979,0.494448128051368,"F3_R16",0.125988846040014,0,0,-1.77606637395844,0.730956741668906,-0.91912078624952,0.318181818181818,23,"easy"
138,"-2:-1|-1:-1|2:-2",3,TRUE,0,2,1,"off_axis",2.15956955487303,2.82842712474619,3,4,2,1.85483170074866,1,8,1,16,9,FALSE,16,65536,9,512,25,25,0.5,2,0.333333333333333,0.166666666666667,0.765038744728955,7,4,8,1.53007748945791,7,6,8,1.01015254455221,7,4,8,1.53007748945791,0.166666666666667,1.85483170074866,2.82842712474619,0.686672581568101,"F3_R16",-0.321586401254252,0,0,0.546481961217982,-1.18077627500362,-0.955880715039888,0.257575757575758,25,"easy"
229,"-1:-1|0:1|1:2",3,TRUE,1,1,1,"mixed",1.5500938466243,2.23606797749979,2,3,2,1.85483170074866,1,8,1,16,9,FALSE,16,65536,9,512,25,25,0.5,2,0.333333333333333,0.166666666666667,0.765038744728955,7,4,8,1.53007748945791,7,6,8,1.01015254455221,7,4,8,1.53007748945791,0.166666666666667,1.85483170074866,2.82842712474619,0.686672581568101,"F3_R16",-0.321586401254252,0,0,0.546481961217982,-1.18077627500362,-0.955880715039888,0.257575757575758,25,"easy"
176,"-1:-2|-1:0|0:-2",3,TRUE,2,0,1,"mixed",1.74535599249993,2.23606797749979,2,3,2,1.74535599249993,2,8,1,16,9,FALSE,16,65536,9,512,25,25,0.5,2,0.333333333333333,0.166666666666667,0.765038744728955,7,4,8,1.53007748945791,6,4,8,2.02030508910442,7,4,8,1.53007748945791,0.166666666666667,1.74535599249993,2.23606797749979,0.586923292546395,"F3_R16",-0.682187775192779,-0.908295106229247,0,0.546481961217982,-0.224909766667356,-1.2689106868714,0.212121212121212,27,"easy"
113,"-1:0|2:-2|2:2",3,TRUE,1,2,0,"mixed",2.21895141649746,2.82842712474619,3,4,2,2.21895141649746,2,4,2,16,9,FALSE,16,65536,9,512,25,25,0.5,2,0.333333333333333,0.166666666666667,0.765038744728955,7,4,8,1.53007748945791,6,6,6,0,7,4,8,1.53007748945791,0.166666666666667,2.21895141649746,2.82842712474619,0.944195707186121,"F3_R16",0.877785330407017,-0.908295106229247,0,-1.77606637395844,-0.224909766667356,-2.03148591644803,0.181818181818182,28,"very_easy"
214,"-1:-2|-1:-1|0:1",3,TRUE,1,1,1,"mixed",1.5500938466243,2.23606797749979,2,3,2,1.68706958247874,1,8,1,16,9,FALSE,16,65536,9,512,25,25,0.5,2,0.333333333333333,0.166666666666667,0.765038744728955,7,4,8,1.53007748945791,6,4,8,2.02030508910442,7,4,8,1.53007748945791,0.166666666666667,1.68706958247874,2.23606797749979,0.620125365268988,"F3_R16",-0.87417702898989,-0.908295106229247,0,0.546481961217982,-1.18077627500362,-2.41676644900477,0.136363636363636,29,"very_easy"
231,"-1:-2|-1:2|0:-1",3,TRUE,1,0,2,"mixed",1.82404531833319,2.23606797749979,2.33333333333333,3,2,1.68706958247874,1,8,1,16,9,FALSE,16,65536,9,512,25,25,0.5,2,0.333333333333333,0.166666666666667,0.765038744728955,7,4,8,1.53007748945791,6,4,8,2.02030508910442,7,4,8,1.53007748945791,0.166666666666667,1.68706958247874,2.23606797749979,0.620125365268988,"F3_R16",-0.87417702898989,-0.908295106229247,0,0.546481961217982,-1.18077627500362,-2.41676644900477,0.136363636363636,29,"very_easy"
291,"-1:-1|0:-2|1:-1",3,TRUE,1,2,0,"mixed",1.60947570824873,2,2,2,2,1.60947570824873,1,4,2,16,9,FALSE,16,65536,9,512,25,25,0.5,2,0.333333333333333,0.166666666666667,0.765038744728955,7,4,8,1.53007748945791,8,8,8,0,7,4,8,1.53007748945791,0.166666666666667,1.60947570824873,2,0.302498815648423,"F3_R16",-1.12976302248704,0.908295106229247,0,-1.77606637395844,-1.18077627500362,-3.17831056521986,0.0909090909090909,31,"very_easy"
205,"-1:-2|-1:-1|0:-1",3,TRUE,1,1,1,"mixed",1.5500938466243,2.23606797749979,2,3,2,1.344082517041,1,8,1,16,9,FALSE,16,65536,9,512,25,25,0.5,2,0.333333333333333,0.166666666666667,0.765038744728955,7,4,8,1.53007748945791,5,4,6,1.01015254455221,7,4,8,1.53007748945791,0.166666666666667,1.344082517041,2.23606797749979,0.481799361624408,"F3_R16",-2.00394005147693,-1.81659021245849,0,0.546481961217982,-1.18077627500362,-4.45482457772107,0.0454545454545455,32,"very_easy"
317,"-1:-1|-1:0|0:1",3,TRUE,2,1,0,"mixed",1.1380711874577,1.4142135623731,1.33333333333333,2,1,1.344082517041,1,8,1,16,9,FALSE,16,65536,9,512,25,25,0.5,2,0.333333333333333,0.166666666666667,0.765038744728955,7,4,8,1.53007748945791,5,4,6,1.01015254455221,7,4,8,1.53007748945791,0.166666666666667,1.344082517041,2.23606797749979,0.481799361624408,"F3_R16",-2.00394005147693,-1.81659021245849,0,0.546481961217982,-1.18077627500362,-4.45482457772107,0.0454545454545455,32,"very_easy"
316,"-1:-1|-1:0|0:-1",3,TRUE,2,1,0,"mixed",1.1380711874577,1.4142135623731,1.33333333333333,2,1,1.1380711874577,1,4,2,16,9,FALSE,16,65536,9,512,25,25,0.5,2,0.333333333333333,0.166666666666667,0.765038744728955,7,4,8,1.53007748945791,4,4,4,0,7,4,8,1.53007748945791,0.166666666666667,1.1380711874577,1.4142135623731,0.213898963845899,"F3_R16",-2.68251952525259,-2.72488531868774,0,-1.77606637395844,-1.18077627500362,-8.36424749290239,0,34,"very_easy"
248,"-1:-2|1:2|2:-1",3,TRUE,0,0,3,"off_axis",2.23606797749979,2.23606797749979,3,3,2,2.23606797749979,4,8,1,20,5,FALSE,20,1048576,5,32,25,25,0.5,3,0.166666666666667,0.166666666666667,1.11990205018416,7,2,8,2.23980410036832,8,8,8,0,7,2,8,2.23980410036832,0.166666666666667,2.23606797749979,2.23606797749979,0,"F3_R20",1.42040127355635,1.30098994173146,3.43735139538928,0.254096326721714,2.5158836081326,8.92872254553141,1,1,"very_hard"
147,"-1:-1|-1:2|2:-2",3,TRUE,0,2,1,"off_axis",2.15956955487303,2.82842712474619,3,4,2,2.15847410326978,3,8,1,20,5,FALSE,20,1048576,5,32,25,25,0.5,1,0.5,0,0.500835422470633,7,6,8,1.00167084494127,8,8,8,0,7,6,8,1.00167084494127,0,2.15847410326978,2.82842712474619,0.457370150552575,"F3_R20",1.03767020729549,1.30098994173146,-0.286445949615773,0.254096326721714,1.15311332039411,3.45942384652701,0.9609375,2,"very_hard"
153,"-1:-2|1:-2|2:2",3,TRUE,0,1,2,"off_axis",2.43352102658192,2.82842712474619,3.33333333333333,4,2,2.15847410326978,3,8,1,20,5,FALSE,20,1048576,5,32,25,25,0.5,1,0.5,0,0.500835422470633,7,6,8,1.00167084494127,8,8,8,0,7,6,8,1.00167084494127,0,2.15847410326978,2.82842712474619,0.457370150552575,"F3_R20",1.03767020729549,1.30098994173146,-0.286445949615773,0.254096326721714,1.15311332039411,3.45942384652701,0.9609375,2,"very_hard"
258,"-1:-1|0:2|2:1",3,TRUE,1,1,1,"mixed",1.88342717995763,2.23606797749979,2.33333333333333,3,2,2.15847410326978,3,8,1,20,5,FALSE,20,1048576,5,32,25,25,0.5,1,0.5,0,0.500835422470633,7,6,8,1.00167084494127,8,8,8,0,7,6,8,1.00167084494127,0,2.15847410326978,2.82842712474619,0.457370150552575,"F3_R20",1.03767020729549,1.30098994173146,-0.286445949615773,0.254096326721714,1.15311332039411,3.45942384652701,0.9609375,2,"very_hard"
259,"-1:-2|0:2|2:1",3,TRUE,1,0,2,"mixed",2.15737865166653,2.23606797749979,2.66666666666667,3,2,2.15847410326978,3,8,1,20,5,FALSE,20,1048576,5,32,25,25,0.5,1,0.5,0,0.500835422470633,7,6,8,1.00167084494127,8,8,8,0,7,6,8,1.00167084494127,0,2.15847410326978,2.82842712474619,0.457370150552575,"F3_R20",1.03767020729549,1.30098994173146,-0.286445949615773,0.254096326721714,1.15311332039411,3.45942384652701,0.9609375,2,"very_hard"
106,"-1:-2|0:2|2:-2",3,TRUE,1,1,1,"mixed",2.35483170074866,2.82842712474619,3,4,2,2.11912944035314,3,8,1,20,5,FALSE,20,1048576,5,32,25,25,0.5,1,0.5,0,0.500835422470633,7,6,8,1.00167084494127,8,8,8,0,7,6,8,1.00167084494127,0,2.11912944035314,2.82842712474619,0.459508974922454,"F3_R20",0.8436030217195,1.30098994173146,-0.286445949615773,0.254096326721714,1.15311332039411,3.26535666095101,0.9140625,6,"very_hard"
278,"-1:-1|-1:2|2:0",3,TRUE,1,1,1,"mixed",1.88342717995763,2.23606797749979,2.33333333333333,3,2,2.11912944035314,3,8,1,20,5,FALSE,20,1048576,5,32,25,25,0.5,1,0.5,0,0.500835422470633,7,6,8,1.00167084494127,8,8,8,0,7,6,8,1.00167084494127,0,2.11912944035314,2.82842712474619,0.459508974922454,"F3_R20",0.8436030217195,1.30098994173146,-0.286445949615773,0.254096326721714,1.15311332039411,3.26535666095101,0.9140625,6,"very_hard"
61,"-2:-2|-1:-2|2:0",3,TRUE,1,1,1,"mixed",2.35483170074866,2.82842712474619,3,4,2,2.18816503408199,3,8,1,20,5,FALSE,20,1048576,5,32,25,25,0.5,1,0.5,0,0.500835422470633,7,6,8,1.00167084494127,7,6,8,1.01015254455221,7,6,8,1.00167084494127,0,2.18816503408199,2.82842712474619,0.674033040989193,"F3_R20",1.18412044864253,0.019711968814113,-0.286445949615773,0.254096326721714,1.15311332039411,2.3245961149567,0.8828125,8,"very_hard"
96,"-1:-2|1:0|2:-2",3,TRUE,1,1,1,"mixed",2.02149836741533,2.82842712474619,2.66666666666667,4,2,2.18816503408199,3,8,1,20,5,FALSE,20,1048576,5,32,25,25,0.5,1,0.5,0,0.500835422470633,7,6,8,1.00167084494127,7,6,8,1.01015254455221,7,6,8,1.00167084494127,0,2.18816503408199,2.82842712474619,0.674033040989193,"F3_R20",1.18412044864253,0.019711968814113,-0.286445949615773,0.254096326721714,1.15311332039411,2.3245961149567,0.8828125,8,"very_hard"
80,"-1:0|0:-2|2:-2",3,TRUE,2,1,0,"mixed",1.94280904158206,2.82842712474619,2.33333333333333,4,2,2.14882037116536,3,8,1,20,5,FALSE,20,1048576,5,32,25,25,0.5,1,0.5,0,0.500835422470633,7,6,8,1.00167084494127,7,6,8,1.01015254455221,7,6,8,1.00167084494127,0,2.14882037116536,2.82842712474619,0.677558274215369,"F3_R20",0.99005326306654,0.019711968814113,-0.286445949615773,0.254096326721714,1.15311332039411,2.1305289293807,0.8359375,10,"very_hard"
87,"-2:-2|-2:0|2:-2",3,TRUE,1,2,0,"mixed",2.55228474983079,2.82842712474619,3.33333333333333,4,2,2.14882037116536,3,8,1,20,5,FALSE,20,1048576,5,32,25,25,0.5,1,0.5,0,0.500835422470633,7,6,8,1.00167084494127,7,6,8,1.01015254455221,7,6,8,1.00167084494127,0,2.14882037116536,2.82842712474619,0.677558274215369,"F3_R20",0.99005326306654,0.019711968814113,-0.286445949615773,0.254096326721714,1.15311332039411,2.1305289293807,0.8359375,10,"very_hard"
97,"-1:-2|-1:0|2:-2",3,TRUE,1,1,1,"mixed",2.02149836741533,2.82842712474619,2.66666666666667,4,2,2.14882037116536,3,8,1,20,5,FALSE,20,1048576,5,32,25,25,0.5,1,0.5,0,0.500835422470633,7,6,8,1.00167084494127,7,6,8,1.01015254455221,7,6,8,1.00167084494127,0,2.14882037116536,2.82842712474619,0.677558274215369,"F3_R20",0.99005326306654,0.019711968814113,-0.286445949615773,0.254096326721714,1.15311332039411,2.1305289293807,0.8359375,10,"very_hard"
178,"-1:-2|0:-2|2:0",3,TRUE,2,0,1,"mixed",2.07868932583326,2.23606797749979,2.33333333333333,3,2,2.14882037116536,3,8,1,20,5,FALSE,20,1048576,5,32,25,25,0.5,1,0.5,0,0.500835422470633,7,6,8,1.00167084494127,7,6,8,1.01015254455221,7,6,8,1.00167084494127,0,2.14882037116536,2.82842712474619,0.677558274215369,"F3_R20",0.99005326306654,0.019711968814113,-0.286445949615773,0.254096326721714,1.15311332039411,2.1305289293807,0.8359375,10,"very_hard"
107,"-1:-2|-1:2|2:-2",3,TRUE,0,1,2,"off_axis",2.43352102658192,2.82842712474619,3.33333333333333,4,2,2.08943850954093,3,8,1,20,5,FALSE,20,1048576,5,32,25,25,0.5,1,0.5,0,0.500835422470633,7,6,8,1.00167084494127,7,6,8,1.01015254455221,7,6,8,1.00167084494127,0,2.08943850954093,2.82842712474619,0.600912687348894,"F3_R20",0.69715278037246,0.019711968814113,-0.286445949615773,0.254096326721714,1.15311332039411,1.83762844668662,0.7734375,14,"hard"
164,"-1:-2|0:-2|2:2",3,TRUE,1,1,1,"mixed",2.35483170074866,2.82842712474619,3,4,2,2.08943850954093,3,8,1,20,5,FALSE,20,1048576,5,32,25,25,0.5,1,0.5,0,0.500835422470633,7,6,8,1.00167084494127,7,6,8,1.01015254455221,7,6,8,1.00167084494127,0,2.08943850954093,2.82842712474619,0.600912687348894,"F3_R20",0.69715278037246,0.019711968814113,-0.286445949615773,0.254096326721714,1.15311332039411,1.83762844668662,0.7734375,14,"hard"
268,"-1:-2|-1:0|2:1",3,TRUE,1,0,2,"mixed",1.82404531833319,2.23606797749979,2.33333333333333,3,2,2.08943850954093,3,8,1,20,5,FALSE,20,1048576,5,32,25,25,0.5,1,0.5,0,0.500835422470633,7,6,8,1.00167084494127,7,6,8,1.01015254455221,7,6,8,1.00167084494127,0,2.08943850954093,2.82842712474619,0.600912687348894,"F3_R20",0.69715278037246,0.019711968814113,-0.286445949615773,0.254096326721714,1.15311332039411,1.83762844668662,0.7734375,14,"hard"
279,"-1:-2|0:1|2:0",3,TRUE,2,0,1,"mixed",1.74535599249993,2.23606797749979,2,3,2,2.08943850954093,3,8,1,20,5,FALSE,20,1048576,5,32,25,25,0.5,1,0.5,0,0.500835422470633,7,6,8,1.00167084494127,7,6,8,1.01015254455221,7,6,8,1.00167084494127,0,2.08943850954093,2.82842712474619,0.600912687348894,"F3_R20",0.69715278037246,0.019711968814113,-0.286445949615773,0.254096326721714,1.15311332039411,1.83762844668662,0.7734375,14,"hard"
58,"-2:-2|-2:-1|0:-2",3,TRUE,1,1,1,"mixed",2.35483170074866,2.82842712474619,3,4,2,2.0500938466243,3,8,1,20,5,FALSE,20,1048576,5,32,25,25,0.5,1,0.5,0,0.500835422470633,7,6,8,1.00167084494127,7,6,8,1.01015254455221,7,6,8,1.00167084494127,0,2.0500938466243,2.82842712474619,0.597108251525502,"F3_R20",0.503085594796466,0.019711968814113,-0.286445949615773,0.254096326721714,1.15311332039411,1.64356126111063,0.7109375,18,"hard"
79,"-2:-2|-1:0|0:-2",3,TRUE,2,1,0,"mixed",1.94280904158206,2.82842712474619,2.33333333333333,4,2,2.0500938466243,3,8,1,20,5,FALSE,20,1048576,5,32,25,25,0.5,1,0.5,0,0.500835422470633,7,6,8,1.00167084494127,7,6,8,1.01015254455221,7,6,8,1.00167084494127,0,2.0500938466243,2.82842712474619,0.597108251525502,"F3_R20",0.503085594796466,0.019711968814113,-0.286445949615773,0.254096326721714,1.15311332039411,1.64356126111063,0.7109375,18,"hard"
175,"-2:-1|-2:0|0:-2",3,TRUE,2,0,1,"mixed",2.07868932583326,2.23606797749979,2.33333333333333,3,2,2.0500938466243,3,8,1,20,5,FALSE,20,1048576,5,32,25,25,0.5,1,0.5,0,0.500835422470633,7,6,8,1.00167084494127,7,6,8,1.01015254455221,7,6,8,1.00167084494127,0,2.0500938466243,2.82842712474619,0.597108251525502,"F3_R20",0.503085594796466,0.019711968814113,-0.286445949615773,0.254096326721714,1.15311332039411,1.64356126111063,0.7109375,18,"hard"
191,"-1:-2|-1:0|1:-2",3,TRUE,1,0,2,"mixed",1.82404531833319,2.23606797749979,2.33333333333333,3,2,2.0500938466243,3,8,1,20,5,FALSE,20,1048576,5,32,25,25,0.5,1,0.5,0,0.500835422470633,7,6,8,1.00167084494127,7,6,8,1.01015254455221,7,6,8,1.00167084494127,0,2.0500938466243,2.82842712474619,0.597108251525502,"F3_R20",0.503085594796466,0.019711968814113,-0.286445949615773,0.254096326721714,1.15311332039411,1.64356126111063,0.7109375,18,"hard"
95,"-2:-1|-1:-2|2:-2",3,TRUE,0,1,2,"off_axis",2.43352102658192,2.82842712474619,3.33333333333333,4,2,2.02149836741533,2,8,1,20,5,FALSE,20,1048576,5,32,25,25,0.5,1,0.5,0,0.500835422470633,7,6,8,1.00167084494127,8,8,8,0,7,6,8,1.00167084494127,0,2.02149836741533,2.82842712474619,0.544291485001009,"F3_R20",0.362038658340556,1.30098994173146,-0.286445949615773,0.254096326721714,-0.209656967344384,1.42102200983357,0.6484375,22,"hard"
140,"-2:-2|-1:1|0:2",3,TRUE,1,2,0,"mixed",2.08088022903976,2.82842712474619,2.66666666666667,4,2,2.02149836741533,2,8,1,20,5,FALSE,20,1048576,5,32,25,25,0.5,1,0.5,0,0.500835422470633,7,6,8,1.00167084494127,8,8,8,0,7,6,8,1.00167084494127,0,2.02149836741533,2.82842712474619,0.544291485001009,"F3_R20",0.362038658340556,1.30098994173146,-0.286445949615773,0.254096326721714,-0.209656967344384,1.42102200983357,0.6484375,22,"hard"
237,"-1:-2|1:-1|2:0",3,TRUE,1,1,1,"mixed",1.88342717995763,2.23606797749979,2.33333333333333,3,2,2.02149836741533,2,8,1,20,5,FALSE,20,1048576,5,32,25,25,0.5,1,0.5,0,0.500835422470633,7,6,8,1.00167084494127,8,8,8,0,7,6,8,1.00167084494127,0,2.02149836741533,2.82842712474619,0.544291485001009,"F3_R20",0.362038658340556,1.30098994173146,-0.286445949615773,0.254096326721714,-0.209656967344384,1.42102200983357,0.6484375,22,"hard"
241,"-1:-1|-1:1|1:-2",3,TRUE,0,2,1,"off_axis",1.68816503408199,2.23606797749979,2.33333333333333,3,2,2.02149836741533,2,8,1,20,5,FALSE,20,1048576,5,32,25,25,0.5,1,0.5,0,0.500835422470633,7,6,8,1.00167084494127,8,8,8,0,7,6,8,1.00167084494127,0,2.02149836741533,2.82842712474619,0.544291485001009,"F3_R20",0.362038658340556,1.30098994173146,-0.286445949615773,0.254096326721714,-0.209656967344384,1.42102200983357,0.6484375,22,"hard"
76,"-1:-1|0:-2|2:-2",3,TRUE,1,2,0,"mixed",2.08088022903976,2.82842712474619,2.66666666666667,4,2,1.98215370449869,2,8,1,20,5,FALSE,20,1048576,5,32,25,25,0.5,1,0.5,0,0.500835422470633,7,6,8,1.00167084494127,8,8,8,0,7,6,8,1.00167084494127,0,1.98215370449869,2.82842712474619,0.534116120418135,"F3_R20",0.16797147276456,1.30098994173146,-0.286445949615773,0.254096326721714,-0.209656967344384,1.22695482425758,0.5859375,26,"medium"
88,"-2:-1|2:-2|2:0",3,TRUE,1,1,1,"mixed",2.35483170074866,2.82842712474619,3,4,2,1.98215370449869,2,8,1,20,5,FALSE,20,1048576,5,32,25,25,0.5,1,0.5,0,0.500835422470633,7,6,8,1.00167084494127,8,8,8,0,7,6,8,1.00167084494127,0,1.98215370449869,2.82842712474619,0.534116120418135,"F3_R20",0.16797147276456,1.30098994173146,-0.286445949615773,0.254096326721714,-0.209656967344384,1.22695482425758,0.5859375,26,"medium"
284,"-1:-1|-1:1|2:-1",3,TRUE,0,2,1,"off_axis",1.68816503408199,2.23606797749979,2.33333333333333,3,2,1.98215370449869,2,8,1,20,5,FALSE,20,1048576,5,32,25,25,0.5,1,0.5,0,0.500835422470633,7,6,8,1.00167084494127,8,8,8,0,7,6,8,1.00167084494127,0,1.98215370449869,2.82842712474619,0.534116120418135,"F3_R20",0.16797147276456,1.30098994173146,-0.286445949615773,0.254096326721714,-0.209656967344384,1.22695482425758,0.5859375,26,"medium"
295,"-1:-1|0:-2|2:0",3,TRUE,2,1,0,"mixed",1.80473785412437,2,2,2,2,1.98215370449869,2,8,1,20,5,FALSE,20,1048576,5,32,25,25,0.5,1,0.5,0,0.500835422470633,7,6,8,1.00167084494127,8,8,8,0,7,6,8,1.00167084494127,0,1.98215370449869,2.82842712474619,0.534116120418135,"F3_R20",0.16797147276456,1.30098994173146,-0.286445949615773,0.254096326721714,-0.209656967344384,1.22695482425758,0.5859375,26,"medium"
115,"-2:-1|2:-2|2:2",3,TRUE,0,2,1,"off_axis",2.63097407566406,2.82842712474619,3.66666666666667,4,2,2.09053396114418,2,8,1,20,5,FALSE,20,1048576,5,32,25,25,0.5,1,0.5,0,0.500835422470633,7,6,8,1.00167084494127,7,6,8,1.01015254455221,7,6,8,1.00167084494127,0,2.09053396114418,2.82842712474619,0.745386684052922,"F3_R20",0.702556085263591,0.019711968814113,-0.286445949615773,0.254096326721714,-0.209656967344384,0.48026146383926,0.5234375,30,"medium"
142,"-1:-1|0:1|2:-2",3,TRUE,1,2,0,"mixed",1.74754689570643,2.82842712474619,2.33333333333333,4,2,2.09053396114418,2,8,1,20,5,FALSE,20,1048576,5,32,25,25,0.5,1,0.5,0,0.500835422470633,7,6,8,1.00167084494127,7,6,8,1.01015254455221,7,6,8,1.00167084494127,0,2.09053396114418,2.82842712474619,0.745386684052922,"F3_R20",0.702556085263591,0.019711968814113,-0.286445949615773,0.254096326721714,-0.209656967344384,0.48026146383926,0.5234375,30,"medium"
160,"-1:-2|0:-1|2:2",3,TRUE,1,1,1,"mixed",2.02149836741533,2.82842712474619,2.66666666666667,4,2,2.09053396114418,2,8,1,20,5,FALSE,20,1048576,5,32,25,25,0.5,1,0.5,0,0.500835422470633,7,6,8,1.00167084494127,7,6,8,1.01015254455221,7,6,8,1.00167084494127,0,2.09053396114418,2.82842712474619,0.745386684052922,"F3_R20",0.702556085263591,0.019711968814113,-0.286445949615773,0.254096326721714,-0.209656967344384,0.48026146383926,0.5234375,30,"medium"
216,"-1:-2|-1:-1|2:1",3,TRUE,0,1,2,"off_axis",1.96211650579089,2.23606797749979,2.66666666666667,3,2,2.09053396114418,2,8,1,20,5,FALSE,20,1048576,5,32,25,25,0.5,1,0.5,0,0.500835422470633,7,6,8,1.00167084494127,7,6,8,1.01015254455221,7,6,8,1.00167084494127,0,2.09053396114418,2.82842712474619,0.745386684052922,"F3_R20",0.702556085263591,0.019711968814113,-0.286445949615773,0.254096326721714,-0.209656967344384,0.48026146383926,0.5234375,30,"medium"
122,"-1:-1|1:1|2:2",3,TRUE,0,3,0,"diagonal_only",1.88561808316413,2.82842712474619,2.66666666666667,4,2,2.12132034355964,1,4,2,20,5,FALSE,20,1048576,5,32,25,25,0.5,3,0.166666666666667,0.166666666666667,1.11990205018416,7,2,8,2.23980410036832,8,8,8,0,7,2,8,2.23980410036832,0.166666666666667,2.12132034355964,2.82842712474619,0.774596669241483,"F3_R20",0.854409631501761,1.30098994173146,3.43735139538928,-3.87496898250613,-1.57242725508288,0.14535473103349,0.4765625,34,"medium"
124,"-2:-2|-1:-1|2:2",3,TRUE,0,3,0,"diagonal_only",2.35702260395516,2.82842712474619,3.33333333333333,4,2,2.12132034355964,1,4,2,20,5,FALSE,20,1048576,5,32,25,25,0.5,3,0.166666666666667,0.166666666666667,1.11990205018416,7,2,8,2.23980410036832,8,8,8,0,7,2,8,2.23980410036832,0.166666666666667,2.12132034355964,2.82842712474619,0.774596669241483,"F3_R20",0.854409631501761,1.30098994173146,3.43735139538928,-3.87496898250613,-1.57242725508288,0.14535473103349,0.4765625,34,"medium"
56,"-1:-1|1:-2|2:-2",3,TRUE,0,2,1,"off_axis",2.15956955487303,2.82842712474619,3,4,2,1.99180743660311,2,8,1,20,5,FALSE,20,1048576,5,32,25,25,0.5,1,0.5,0,0.500835422470633,7,6,8,1.00167084494127,7,6,8,1.01015254455221,7,6,8,1.00167084494127,0,1.99180743660311,2.82842712474619,0.66275467753239,"F3_R20",0.215588416993515,0.019711968814113,-0.286445949615773,0.254096326721714,-0.209656967344384,-0.0067062044308149,0.4296875,36,"medium"
134,"-2:-1|1:0|2:-2",3,TRUE,1,1,1,"mixed",2.02149836741533,2.82842712474619,2.66666666666667,4,2,1.99180743660311,2,8,1,20,5,FALSE,20,1048576,5,32,25,25,0.5,1,0.5,0,0.500835422470633,7,6,8,1.00167084494127,7,6,8,1.01015254455221,7,6,8,1.00167084494127,0,1.99180743660311,2.82842712474619,0.66275467753239,"F3_R20",0.215588416993515,0.019711968814113,-0.286445949615773,0.254096326721714,-0.209656967344384,-0.0067062044308149,0.4296875,36,"medium"
201,"-1:0|1:-2|2:-1",3,TRUE,1,0,2,"mixed",1.82404531833319,2.23606797749979,2.33333333333333,3,2,1.99180743660311,2,8,1,20,5,FALSE,20,1048576,5,32,25,25,0.5,1,0.5,0,0.500835422470633,7,6,8,1.00167084494127,7,6,8,1.01015254455221,7,6,8,1.00167084494127,0,1.99180743660311,2.82842712474619,0.66275467753239,"F3_R20",0.215588416993515,0.019711968814113,-0.286445949615773,0.254096326721714,-0.209656967344384,-0.0067062044308149,0.4296875,36,"medium"
243,"-1:-1|1:-2|1:2",3,TRUE,0,1,2,"off_axis",1.96211650579089,2.23606797749979,2.66666666666667,3,2,1.99180743660311,2,8,1,20,5,FALSE,20,1048576,5,32,25,25,0.5,1,0.5,0,0.500835422470633,7,6,8,1.00167084494127,7,6,8,1.01015254455221,7,6,8,1.00167084494127,0,1.99180743660311,2.82842712474619,0.66275467753239,"F3_R20",0.215588416993515,0.019711968814113,-0.286445949615773,0.254096326721714,-0.209656967344384,-0.0067062044308149,0.4296875,36,"medium"
69,"-2:-2|-1:-2|0:2",3,TRUE,1,1,1,"mixed",2.35483170074866,2.82842712474619,3,4,2,1.95246277368648,2,8,1,20,5,FALSE,20,1048576,5,32,25,25,0.5,1,0.5,0,0.500835422470633,7,6,8,1.00167084494127,7,6,8,1.01015254455221,7,6,8,1.00167084494127,0,1.95246277368648,2.82842712474619,0.652278269484895,"F3_R20",0.0215212314175206,0.019711968814113,-0.286445949615773,0.254096326721714,-0.209656967344384,-0.200773390006809,0.3671875,40,"easy"
93,"-1:-2|0:-1|2:-2",3,TRUE,1,1,1,"mixed",2.02149836741533,2.82842712474619,2.66666666666667,4,2,1.95246277368648,2,8,1,20,5,FALSE,20,1048576,5,32,25,25,0.5,1,0.5,0,0.500835422470633,7,6,8,1.00167084494127,7,6,8,1.01015254455221,7,6,8,1.00167084494127,0,1.95246277368648,2.82842712474619,0.652278269484895,"F3_R20",0.0215212314175206,0.019711968814113,-0.286445949615773,0.254096326721714,-0.209656967344384,-0.200773390006809,0.3671875,40,"easy"
211,"-1:-2|-1:-1|2:0",3,TRUE,1,1,1,"mixed",1.88342717995763,2.23606797749979,2.33333333333333,3,2,1.95246277368648,2,8,1,20,5,FALSE,20,1048576,5,32,25,25,0.5,1,0.5,0,0.500835422470633,7,6,8,1.00167084494127,7,6,8,1.01015254455221,7,6,8,1.00167084494127,0,1.95246277368648,2.82842712474619,0.652278269484895,"F3_R20",0.0215212314175206,0.019711968814113,-0.286445949615773,0.254096326721714,-0.209656967344384,-0.200773390006809,0.3671875,40,"easy"
273,"-1:-1|-1:2|1:0",3,TRUE,1,1,1,"mixed",1.5500938466243,2.23606797749979,2,3,2,1.95246277368648,2,8,1,20,5,FALSE,20,1048576,5,32,25,25,0.5,1,0.5,0,0.500835422470633,7,6,8,1.00167084494127,7,6,8,1.01015254455221,7,6,8,1.00167084494127,0,1.95246277368648,2.82842712474619,0.652278269484895,"F3_R20",0.0215212314175206,0.019711968814113,-0.286445949615773,0.254096326721714,-0.209656967344384,-0.200773390006809,0.3671875,40,"easy"
170,"-2:-1|-1:-2|0:-2",3,TRUE,1,0,2,"mixed",2.15737865166653,2.23606797749979,2.66666666666667,3,2,1.85373624914541,2,8,1,20,5,FALSE,20,1048576,5,32,25,25,0.5,1,0.5,0,0.500835422470633,7,6,8,1.00167084494127,7,6,8,1.01015254455221,7,6,8,1.00167084494127,0,1.85373624914541,2.23606797749979,0.525732158351726,"F3_R20",-0.465446436852554,0.019711968814113,-0.286445949615773,0.254096326721714,-0.209656967344384,-0.687741058276884,0.3046875,44,"easy"
188,"-1:-2|-1:-1|1:-2",3,TRUE,0,1,2,"off_axis",1.96211650579089,2.23606797749979,2.66666666666667,3,2,1.85373624914541,2,8,1,20,5,FALSE,20,1048576,5,32,25,25,0.5,1,0.5,0,0.500835422470633,7,6,8,1.00167084494127,7,6,8,1.01015254455221,7,6,8,1.00167084494127,0,1.85373624914541,2.23606797749979,0.525732158351726,"F3_R20",-0.465446436852554,0.019711968814113,-0.286445949615773,0.254096326721714,-0.209656967344384,-0.687741058276884,0.3046875,44,"easy"
222,"-2:-1|-1:0|0:-2",3,TRUE,2,0,1,"mixed",1.74535599249993,2.23606797749979,2,3,2,1.85373624914541,2,8,1,20,5,FALSE,20,1048576,5,32,25,25,0.5,1,0.5,0,0.500835422470633,7,6,8,1.00167084494127,7,6,8,1.01015254455221,7,6,8,1.00167084494127,0,1.85373624914541,2.23606797749979,0.525732158351726,"F3_R20",-0.465446436852554,0.019711968814113,-0.286445949615773,0.254096326721714,-0.209656967344384,-0.687741058276884,0.3046875,44,"easy"
235,"-1:-1|1:-2|1:0",3,TRUE,1,1,1,"mixed",1.5500938466243,2.23606797749979,2,3,2,1.85373624914541,2,8,1,20,5,FALSE,20,1048576,5,32,25,25,0.5,1,0.5,0,0.500835422470633,7,6,8,1.00167084494127,7,6,8,1.01015254455221,7,6,8,1.00167084494127,0,1.85373624914541,2.23606797749979,0.525732158351726,"F3_R20",-0.465446436852554,0.019711968814113,-0.286445949615773,0.254096326721714,-0.209656967344384,-0.687741058276884,0.3046875,44,"easy"
67,"-2:-2|-2:-1|2:-2",3,TRUE,0,2,1,"off_axis",2.63097407566406,2.82842712474619,3.66666666666667,4,2,1.88452263156088,2,8,1,20,5,FALSE,20,1048576,5,32,25,25,0.5,1,0.5,0,0.500835422470633,7,6,8,1.00167084494127,6,6,6,0,7,6,8,1.00167084494127,0,1.88452263156088,2.82842712474619,0.859237651271078,"F3_R20",-0.313592890614384,-1.26156600410324,-0.286445949615773,0.254096326721714,-0.209656967344384,-1.81716548495606,0.2421875,48,"easy"
128,"-1:0|0:-1|2:-2",3,TRUE,2,1,0,"mixed",1.60947570824873,2.82842712474619,2,4,2,1.88452263156088,2,8,1,20,5,FALSE,20,1048576,5,32,25,25,0.5,1,0.5,0,0.500835422470633,7,6,8,1.00167084494127,6,6,6,0,7,6,8,1.00167084494127,0,1.88452263156088,2.82842712474619,0.859237651271078,"F3_R20",-0.313592890614384,-1.26156600410324,-0.286445949615773,0.254096326721714,-0.209656967344384,-1.81716548495606,0.2421875,48,"easy"
139,"-1:-1|-1:0|2:-2",3,TRUE,1,2,0,"mixed",1.74754689570643,2.82842712474619,2.33333333333333,4,2,1.88452263156088,2,8,1,20,5,FALSE,20,1048576,5,32,25,25,0.5,1,0.5,0,0.500835422470633,7,6,8,1.00167084494127,6,6,6,0,7,6,8,1.00167084494127,0,1.88452263156088,2.82842712474619,0.859237651271078,"F3_R20",-0.313592890614384,-1.26156600410324,-0.286445949615773,0.254096326721714,-0.209656967344384,-1.81716548495606,0.2421875,48,"easy"
275,"-1:-1|-1:0|1:2",3,TRUE,1,1,1,"mixed",1.5500938466243,2.23606797749979,2,3,2,1.88452263156088,2,8,1,20,5,FALSE,20,1048576,5,32,25,25,0.5,1,0.5,0,0.500835422470633,7,6,8,1.00167084494127,6,6,6,0,7,6,8,1.00167084494127,0,1.88452263156088,2.82842712474619,0.859237651271078,"F3_R20",-0.313592890614384,-1.26156600410324,-0.286445949615773,0.254096326721714,-0.209656967344384,-1.81716548495606,0.2421875,48,"easy"
218,"-1:-2|-1:-1|0:2",3,TRUE,1,1,1,"mixed",1.88342717995763,2.23606797749979,2.33333333333333,3,2,1.71676051329096,1,8,1,20,5,FALSE,20,1048576,5,32,25,25,0.5,1,0.5,0,0.500835422470633,7,6,8,1.00167084494127,7,6,8,1.01015254455221,7,6,8,1.00167084494127,0,1.71676051329096,2.23606797749979,0.513108183530476,"F3_R20",-1.14107798580749,0.019711968814113,-0.286445949615773,0.254096326721714,-1.57242725508288,-2.72614289497032,0.1953125,52,"very_easy"
227,"-1:-1|-1:2|0:1",3,TRUE,1,1,1,"mixed",1.5500938466243,2.23606797749979,2,3,2,1.71676051329096,1,8,1,20,5,FALSE,20,1048576,5,32,25,25,0.5,1,0.5,0,0.500835422470633,7,6,8,1.00167084494127,7,6,8,1.01015254455221,7,6,8,1.00167084494127,0,1.71676051329096,2.23606797749979,0.513108183530476,"F3_R20",-1.14107798580749,0.019711968814113,-0.286445949615773,0.254096326721714,-1.57242725508288,-2.72614289497032,0.1953125,52,"very_easy"
184,"-1:-2|-1:2|0:-2",3,TRUE,1,0,2,"mixed",2.15737865166653,2.23606797749979,2.66666666666667,3,2,1.64772491956211,2,8,1,20,5,FALSE,20,1048576,5,32,25,25,0.5,1,0.5,0,0.500835422470633,7,6,8,1.00167084494127,6,6,6,0,7,6,8,1.00167084494127,0,1.64772491956211,2.23606797749979,0.584810317406282,"F3_R20",-1.48159541273053,-1.26156600410324,-0.286445949615773,0.254096326721714,-0.209656967344384,-2.98516800707221,0.1484375,54,"very_easy"
266,"-1:-2|-1:0|0:1",3,TRUE,2,0,1,"mixed",1.4120226591666,2.23606797749979,1.66666666666667,3,2,1.64772491956211,2,8,1,20,5,FALSE,20,1048576,5,32,25,25,0.5,1,0.5,0,0.500835422470633,7,6,8,1.00167084494127,6,6,6,0,7,6,8,1.00167084494127,0,1.64772491956211,2.23606797749979,0.584810317406282,"F3_R20",-1.48159541273053,-1.26156600410324,-0.286445949615773,0.254096326721714,-0.209656967344384,-2.98516800707221,0.1484375,54,"very_easy"
283,"-1:-1|-1:0|2:-1",3,TRUE,1,1,1,"mixed",1.5500938466243,2.23606797749979,2,3,2,1.64772491956211,2,8,1,20,5,FALSE,20,1048576,5,32,25,25,0.5,1,0.5,0,0.500835422470633,7,6,8,1.00167084494127,6,6,6,0,7,6,8,1.00167084494127,0,1.64772491956211,2.23606797749979,0.584810317406282,"F3_R20",-1.48159541273053,-1.26156600410324,-0.286445949615773,0.254096326721714,-0.209656967344384,-2.98516800707221,0.1484375,54,"very_easy"
309,"-1:-1|-1:0|0:2",3,TRUE,2,1,0,"mixed",1.47140452079103,2,1.66666666666667,2,2,1.64772491956211,2,8,1,20,5,FALSE,20,1048576,5,32,25,25,0.5,1,0.5,0,0.500835422470633,7,6,8,1.00167084494127,6,6,6,0,7,6,8,1.00167084494127,0,1.64772491956211,2.23606797749979,0.584810317406282,"F3_R20",-1.48159541273053,-1.26156600410324,-0.286445949615773,0.254096326721714,-0.209656967344384,-2.98516800707221,0.1484375,54,"very_easy"
55,"-2:-2|-1:-2|0:-1",3,TRUE,1,1,1,"mixed",2.02149836741533,2.82842712474619,2.66666666666667,4,2,1.78579610701981,1,8,1,20,5,FALSE,20,1048576,5,32,25,25,0.5,1,0.5,0,0.500835422470633,7,6,8,1.00167084494127,6,6,6,0,7,6,8,1.00167084494127,0,1.78579610701981,2.82842712474619,0.757046046805256,"F3_R20",-0.800560558884459,-1.26156600410324,-0.286445949615773,0.254096326721714,-1.57242725508288,-3.66690344096463,0.1015625,58,"very_easy"
210,"-1:-2|-1:-1|1:0",3,TRUE,1,1,1,"mixed",1.5500938466243,2.23606797749979,2,3,2,1.78579610701981,1,8,1,20,5,FALSE,20,1048576,5,32,25,25,0.5,1,0.5,0,0.500835422470633,7,6,8,1.00167084494127,6,6,6,0,7,6,8,1.00167084494127,0,1.78579610701981,2.82842712474619,0.757046046805256,"F3_R20",-0.800560558884459,-1.26156600410324,-0.286445949615773,0.254096326721714,-1.57242725508288,-3.66690344096463,0.1015625,58,"very_easy"
171,"-1:-2|-1:-1|0:-2",3,TRUE,1,1,1,"mixed",1.88342717995763,2.23606797749979,2.33333333333333,3,2,1.51074918370766,1,8,1,20,5,FALSE,20,1048576,5,32,25,25,0.5,1,0.5,0,0.500835422470633,7,6,8,1.00167084494127,6,6,6,0,7,6,8,1.00167084494127,0,1.51074918370766,2.23606797749979,0.511042351192105,"F3_R20",-2.15722696168547,-1.26156600410324,-0.286445949615773,0.254096326721714,-1.57242725508288,-5.02356984376564,0.0546875,60,"very_easy"
223,"-1:-2|-1:0|0:-1",3,TRUE,2,0,1,"mixed",1.4120226591666,2.23606797749979,1.66666666666667,3,2,1.51074918370766,1,8,1,20,5,FALSE,20,1048576,5,32,25,25,0.5,1,0.5,0,0.500835422470633,7,6,8,1.00167084494127,6,6,6,0,7,6,8,1.00167084494127,0,1.51074918370766,2.23606797749979,0.511042351192105,"F3_R20",-2.15722696168547,-1.26156600410324,-0.286445949615773,0.254096326721714,-1.57242725508288,-5.02356984376564,0.0546875,60,"very_easy"
293,"-1:-1|-1:0|0:-2",3,TRUE,2,1,0,"mixed",1.47140452079103,2,1.66666666666667,2,2,1.51074918370766,1,8,1,20,5,FALSE,20,1048576,5,32,25,25,0.5,1,0.5,0,0.500835422470633,7,6,8,1.00167084494127,6,6,6,0,7,6,8,1.00167084494127,0,1.51074918370766,2.23606797749979,0.511042351192105,"F3_R20",-2.15722696168547,-1.26156600410324,-0.286445949615773,0.254096326721714,-1.57242725508288,-5.02356984376564,0.0546875,60,"very_easy"
318,"-1:-1|-1:0|1:-1",3,TRUE,1,2,0,"mixed",1.2761423749154,1.4142135623731,1.66666666666667,2,1,1.51074918370766,1,8,1,20,5,FALSE,20,1048576,5,32,25,25,0.5,1,0.5,0,0.500835422470633,7,6,8,1.00167084494127,6,6,6,0,7,6,8,1.00167084494127,0,1.51074918370766,2.23606797749979,0.511042351192105,"F3_R20",-2.15722696168547,-1.26156600410324,-0.286445949615773,0.254096326721714,-1.57242725508288,-5.02356984376564,0.0546875,60,"very_easy"
303,"-1:0|1:0|2:0",3,TRUE,3,0,0,"axis_only",1.33333333333333,2,1.33333333333333,2,2,1.5,1,4,2,20,5,FALSE,20,1048576,5,32,25,25,0.5,3,0.166666666666667,0.166666666666667,1.11990205018416,7,2,8,2.23980410036832,5,2,8,3.03045763365663,7,2,8,2.23980410036832,0.166666666666667,1.5,2,0.547722557505166,"F3_R20",-2.21024721080555,-2.54284397702058,3.43735139538928,-3.87496898250613,-1.57242725508288,-6.76313603002587,0.0078125,64,"very_easy"
304,"-2:0|-1:0|2:0",3,TRUE,3,0,0,"axis_only",1.66666666666667,2,1.66666666666667,2,2,1.5,1,4,2,20,5,FALSE,20,1048576,5,32,25,25,0.5,3,0.166666666666667,0.166666666666667,1.11990205018416,7,2,8,2.23980410036832,5,2,8,3.03045763365663,7,2,8,2.23980410036832,0.166666666666667,1.5,2,0.547722557505166,"F3_R20",-2.21024721080555,-2.54284397702058,3.43735139538928,-3.87496898250613,-1.57242725508288,-6.76313603002587,0.0078125,64,"very_easy"
103,"-1:-2|2:-1|2:2",3,TRUE,0,1,2,"off_axis",2.43352102658192,2.82842712474619,3.33333333333333,4,2,2.29544983912422,4,8,1,24,1,FALSE,24,16777216,1,2,25,25,0.5,2,0.416666666666667,0.0833333333333333,0.64657575013984,7,4,8,1.29315150027968,8,8,8,0,7,4,8,1.29315150027968,0.0833333333333333,2.29544983912422,2.82842712474619,0.277654539450527,"F3_R24",1.55850648245191,1.20158727273643,0.610630263073996,0.470063395681472,2.2597509486462,6.10053836259,0.991428571428571,1,"very_hard"
166,"-2:-1|0:-2|2:2",3,TRUE,1,1,1,"mixed",2.35483170074866,2.82842712474619,3,4,2,2.29544983912422,4,8,1,24,1,FALSE,24,16777216,1,2,25,25,0.5,2,0.416666666666667,0.0833333333333333,0.64657575013984,7,4,8,1.29315150027968,8,8,8,0,7,4,8,1.29315150027968,0.0833333333333333,2.29544983912422,2.82842712474619,0.277654539450527,"F3_R24",1.55850648245191,1.20158727273643,0.610630263073996,0.470063395681472,2.2597509486462,6.10053836259,0.991428571428571,1,"very_hard"
192,"-1:-2|1:-2|2:1",3,TRUE,0,0,3,"off_axis",2.23606797749979,2.23606797749979,3,3,2,2.29544983912422,4,8,1,24,1,FALSE,24,16777216,1,2,25,25,0.5,2,0.416666666666667,0.0833333333333333,0.64657575013984,7,4,8,1.29315150027968,8,8,8,0,7,4,8,1.29315150027968,0.0833333333333333,2.29544983912422,2.82842712474619,0.277654539450527,"F3_R24",1.55850648245191,1.20158727273643,0.610630263073996,0.470063395681472,2.2597509486462,6.10053836259,0.991428571428571,1,"very_hard"
262,"-1:-2|1:2|2:0",3,TRUE,1,0,2,"mixed",2.15737865166653,2.23606797749979,2.66666666666667,3,2,2.29544983912422,4,8,1,24,1,FALSE,24,16777216,1,2,25,25,0.5,2,0.416666666666667,0.0833333333333333,0.64657575013984,7,4,8,1.29315150027968,8,8,8,0,7,4,8,1.29315150027968,0.0833333333333333,2.29544983912422,2.82842712474619,0.277654539450527,"F3_R24",1.55850648245191,1.20158727273643,0.610630263073996,0.470063395681472,2.2597509486462,6.10053836259,0.991428571428571,1,"very_hard"
85,"-1:-1|0:2|2:2",3,TRUE,1,2,0,"mixed",2.08088022903976,2.82842712474619,2.66666666666667,4,2,2.21785596489421,3,8,1,24,1,FALSE,24,16777216,1,2,25,25,0.5,2,0.416666666666667,0.0833333333333333,0.64657575013984,7,4,8,1.29315150027968,8,8,8,0,7,4,8,1.29315150027968,0.0833333333333333,2.21785596489421,2.82842712474619,0.545286991207202,"F3_R24",1.20920805740225,1.20158727273643,0.610630263073996,0.470063395681472,1.03600889645626,4.5274978853504,0.968571428571429,5,"very_hard"
91,"-2:-2|-2:0|2:2",3,TRUE,1,2,0,"mixed",2.55228474983079,2.82842712474619,3.33333333333333,4,2,2.21785596489421,3,8,1,24,1,FALSE,24,16777216,1,2,25,25,0.5,2,0.416666666666667,0.0833333333333333,0.64657575013984,7,4,8,1.29315150027968,8,8,8,0,7,4,8,1.29315150027968,0.0833333333333333,2.21785596489421,2.82842712474619,0.545286991207202,"F3_R24",1.20920805740225,1.20158727273643,0.610630263073996,0.470063395681472,1.03600889645626,4.5274978853504,0.968571428571429,5,"very_hard"
102,"-1:-1|-1:2|2:2",3,TRUE,0,2,1,"off_axis",2.15956955487303,2.82842712474619,3,4,2,2.21785596489421,3,8,1,24,1,FALSE,24,16777216,1,2,25,25,0.5,2,0.416666666666667,0.0833333333333333,0.64657575013984,7,4,8,1.29315150027968,8,8,8,0,7,4,8,1.29315150027968,0.0833333333333333,2.21785596489421,2.82842712474619,0.545286991207202,"F3_R24",1.20920805740225,1.20158727273643,0.610630263073996,0.470063395681472,1.03600889645626,4.5274978853504,0.968571428571429,5,"very_hard"
282,"-1:-2|0:2|2:0",3,TRUE,2,0,1,"mixed",2.07868932583326,2.23606797749979,2.33333333333333,3,2,2.21785596489421,3,8,1,24,1,FALSE,24,16777216,1,2,25,25,0.5,2,0.416666666666667,0.0833333333333333,0.64657575013984,7,4,8,1.29315150027968,8,8,8,0,7,4,8,1.29315150027968,0.0833333333333333,2.21785596489421,2.82842712474619,0.545286991207202,"F3_R24",1.20920805740225,1.20158727273643,0.610630263073996,0.470063395681472,1.03600889645626,4.5274978853504,0.968571428571429,5,"very_hard"
144,"-1:-2|1:-1|2:2",3,TRUE,0,2,1,"off_axis",2.15956955487303,2.82842712474619,3,4,2,2.19781876618641,3,8,1,24,1,FALSE,24,16777216,1,2,25,25,0.5,2,0.416666666666667,0.0833333333333333,0.64657575013984,7,4,8,1.29315150027968,8,8,8,0,7,4,8,1.29315150027968,0.0833333333333333,2.19781876618641,2.82842712474619,0.451122162167444,"F3_R24",1.11900812834219,1.20158727273643,0.610630263073996,0.470063395681472,1.03600889645626,4.43729795629034,0.945714285714286,9,"very_hard"
156,"-2:-1|-1:2|2:-2",3,TRUE,0,1,2,"off_axis",2.43352102658192,2.82842712474619,3.33333333333333,4,2,2.19781876618641,3,8,1,24,1,FALSE,24,16777216,1,2,25,25,0.5,2,0.416666666666667,0.0833333333333333,0.64657575013984,7,4,8,1.29315150027968,8,8,8,0,7,4,8,1.29315150027968,0.0833333333333333,2.19781876618641,2.82842712474619,0.451122162167444,"F3_R24",1.11900812834219,1.20158727273643,0.610630263073996,0.470063395681472,1.03600889645626,4.43729795629034,0.945714285714286,9,"very_hard"
204,"-1:-2|1:2|2:1",3,TRUE,0,0,3,"off_axis",2.23606797749979,2.23606797749979,3,3,2,2.19781876618641,3,8,1,24,1,FALSE,24,16777216,1,2,25,25,0.5,2,0.416666666666667,0.0833333333333333,0.64657575013984,7,4,8,1.29315150027968,8,8,8,0,7,4,8,1.29315150027968,0.0833333333333333,2.19781876618641,2.82842712474619,0.451122162167444,"F3_R24",1.11900812834219,1.20158727273643,0.610630263073996,0.470063395681472,1.03600889645626,4.43729795629034,0.945714285714286,9,"very_hard"
238,"-1:-1|1:-2|2:1",3,TRUE,0,1,2,"off_axis",1.96211650579089,2.23606797749979,2.66666666666667,3,2,2.19781876618641,3,8,1,24,1,FALSE,24,16777216,1,2,25,25,0.5,2,0.416666666666667,0.0833333333333333,0.64657575013984,7,4,8,1.29315150027968,8,8,8,0,7,4,8,1.29315150027968,0.0833333333333333,2.19781876618641,2.82842712474619,0.451122162167444,"F3_R24",1.11900812834219,1.20158727273643,0.610630263073996,0.470063395681472,1.03600889645626,4.43729795629034,0.945714285714286,9,"very_hard"
105,"-1:-2|1:2|2:-2",3,TRUE,0,1,2,"off_axis",2.43352102658192,2.82842712474619,3.33333333333333,4,2,2.15847410326978,3,8,1,24,1,FALSE,24,16777216,1,2,25,25,0.5,2,0.416666666666667,0.0833333333333333,0.64657575013984,7,4,8,1.29315150027968,8,8,8,0,7,4,8,1.29315150027968,0.0833333333333333,2.15847410326978,2.82842712474619,0.457370150552575,"F3_R24",0.941893260354667,1.20158727273643,0.610630263073996,0.470063395681472,1.03600889645626,4.26018308830282,0.922857142857143,13,"very_hard"
146,"-1:-1|0:2|2:-2",3,TRUE,1,2,0,"mixed",2.08088022903976,2.82842712474619,2.66666666666667,4,2,2.15847410326978,3,8,1,24,1,FALSE,24,16777216,1,2,25,25,0.5,2,0.416666666666667,0.0833333333333333,0.64657575013984,7,4,8,1.29315150027968,8,8,8,0,7,4,8,1.29315150027968,0.0833333333333333,2.15847410326978,2.82842712474619,0.457370150552575,"F3_R24",0.941893260354667,1.20158727273643,0.610630263073996,0.470063395681472,1.03600889645626,4.26018308830282,0.922857142857143,13,"very_hard"
249,"-1:-1|-1:2|2:1",3,TRUE,0,1,2,"off_axis",1.96211650579089,2.23606797749979,2.66666666666667,3,2,2.15847410326978,3,8,1,24,1,FALSE,24,16777216,1,2,25,25,0.5,2,0.416666666666667,0.0833333333333333,0.64657575013984,7,4,8,1.29315150027968,8,8,8,0,7,4,8,1.29315150027968,0.0833333333333333,2.15847410326978,2.82842712474619,0.457370150552575,"F3_R24",0.941893260354667,1.20158727273643,0.610630263073996,0.470063395681472,1.03600889645626,4.26018308830282,0.922857142857143,13,"very_hard"
252,"-1:-2|0:2|2:-1",3,TRUE,1,0,2,"mixed",2.15737865166653,2.23606797749979,2.66666666666667,3,2,2.15847410326978,3,8,1,24,1,FALSE,24,16777216,1,2,25,25,0.5,2,0.416666666666667,0.0833333333333333,0.64657575013984,7,4,8,1.29315150027968,8,8,8,0,7,4,8,1.29315150027968,0.0833333333333333,2.15847410326978,2.82842712474619,0.457370150552575,"F3_R24",0.941893260354667,1.20158727273643,0.610630263073996,0.470063395681472,1.03600889645626,4.26018308830282,0.922857142857143,13,"very_hard"
86,"-1:-2|2:0|2:2",3,TRUE,1,1,1,"mixed",2.35483170074866,2.82842712474619,3,4,2,2.35483170074866,4,8,1,24,1,FALSE,24,16777216,1,2,25,25,0.5,1,0.5,0,0.500835422470633,7,6,8,1.00167084494127,8,8,8,0,7,6,8,1.00167084494127,0,2.35483170074866,2.82842712474619,0.381734454010911,"F3_R24",1.82582127949949,1.20158727273643,-1.62834736819732,0.470063395681472,2.2597509486462,4.12887552836627,0.908571428571429,17,"very_hard"
187,"-1:-2|1:-2|2:-1",3,TRUE,0,0,3,"off_axis",2.23606797749979,2.23606797749979,3,3,2,2.05974757872871,3,8,1,24,1,FALSE,24,16777216,1,2,25,25,0.5,2,0.416666666666667,0.0833333333333333,0.64657575013984,7,4,8,1.29315150027968,8,8,8,0,7,4,8,1.29315150027968,0.0833333333333333,2.05974757872871,2.23606797749979,0.33004226139309,"F3_R24",0.497463595319565,1.20158727273643,0.610630263073996,0.470063395681472,1.03600889645626,3.81575342326772,0.894285714285714,18,"very_hard"
234,"-1:-1|1:-2|2:0",3,TRUE,1,1,1,"mixed",1.88342717995763,2.23606797749979,2.33333333333333,3,2,2.05974757872871,3,8,1,24,1,FALSE,24,16777216,1,2,25,25,0.5,2,0.416666666666667,0.0833333333333333,0.64657575013984,7,4,8,1.29315150027968,8,8,8,0,7,4,8,1.29315150027968,0.0833333333333333,2.05974757872871,2.23606797749979,0.33004226139309,"F3_R24",0.497463595319565,1.20158727273643,0.610630263073996,0.470063395681472,1.03600889645626,3.81575342326772,0.894285714285714,18,"very_hard"
245,"-1:-1|-1:2|1:-2",3,TRUE,0,1,2,"off_axis",1.96211650579089,2.23606797749979,2.66666666666667,3,2,2.05974757872871,3,8,1,24,1,FALSE,24,16777216,1,2,25,25,0.5,2,0.416666666666667,0.0833333333333333,0.64657575013984,7,4,8,1.29315150027968,8,8,8,0,7,4,8,1.29315150027968,0.0833333333333333,2.05974757872871,2.23606797749979,0.33004226139309,"F3_R24",0.497463595319565,1.20158727273643,0.610630263073996,0.470063395681472,1.03600889645626,3.81575342326772,0.894285714285714,18,"very_hard"
246,"-2:-1|-1:2|0:-2",3,TRUE,1,0,2,"mixed",2.15737865166653,2.23606797749979,2.66666666666667,3,2,2.05974757872871,3,8,1,24,1,FALSE,24,16777216,1,2,25,25,0.5,2,0.416666666666667,0.0833333333333333,0.64657575013984,7,4,8,1.29315150027968,8,8,8,0,7,4,8,1.29315150027968,0.0833333333333333,2.05974757872871,2.23606797749979,0.33004226139309,"F3_R24",0.497463595319565,1.20158727273643,0.610630263073996,0.470063395681472,1.03600889645626,3.81575342326772,0.894285714285714,18,"very_hard"
123,"-1:-2|1:1|2:2",3,TRUE,0,2,1,"off_axis",2.15956955487303,2.82842712474619,3,4,2,2.15956955487303,2,8,1,24,1,FALSE,24,16777216,1,2,25,25,0.5,2,0.416666666666667,0.0833333333333333,0.64657575013984,7,4,8,1.29315150027968,8,8,8,0,7,4,8,1.29315150027968,0.0833333333333333,2.15956955487303,2.82842712474619,0.635225318448997,"F3_R24",0.946824571280048,1.20158727273643,0.610630263073996,0.470063395681472,-0.187733155733684,3.04137234703826,0.877142857142857,22,"very_hard"
152,"-1:-1|1:-2|2:2",3,TRUE,0,2,1,"off_axis",2.15956955487303,2.82842712474619,3,4,2,2.15956955487303,2,8,1,24,1,FALSE,24,16777216,1,2,25,25,0.5,2,0.416666666666667,0.0833333333333333,0.64657575013984,7,4,8,1.29315150027968,8,8,8,0,7,4,8,1.29315150027968,0.0833333333333333,2.15956955487303,2.82842712474619,0.635225318448997,"F3_R24",0.946824571280048,1.20158727273643,0.610630263073996,0.470063395681472,-0.187733155733684,3.04137234703826,0.877142857142857,22,"very_hard"
70,"-1:-2|1:2|2:2",3,TRUE,0,1,2,"off_axis",2.43352102658192,2.82842712474619,3.33333333333333,4,2,2.12878317245756,3,8,1,24,1,FALSE,24,16777216,1,2,25,25,0.5,2,0.416666666666667,0.0833333333333333,0.64657575013984,7,4,8,1.29315150027968,7,6,8,1.01015254455221,7,4,8,1.29315150027968,0.0833333333333333,2.12878317245756,2.82842712474619,0.601613368862296,"F3_R24",0.808235861830875,0.0135009805925445,0.610630263073996,0.470063395681472,1.03600889645626,2.93843939763515,0.86,24,"very_hard"
136,"-1:-2|0:1|2:2",3,TRUE,1,1,1,"mixed",2.02149836741533,2.82842712474619,2.66666666666667,4,2,2.12878317245756,3,8,1,24,1,FALSE,24,16777216,1,2,25,25,0.5,2,0.416666666666667,0.0833333333333333,0.64657575013984,7,4,8,1.29315150027968,7,6,8,1.01015254455221,7,4,8,1.29315150027968,0.0833333333333333,2.12878317245756,2.82842712474619,0.601613368862296,"F3_R24",0.808235861830875,0.0135009805925445,0.610630263073996,0.470063395681472,1.03600889645626,2.93843939763515,0.86,24,"very_hard"
250,"-1:-2|0:1|2:-1",3,TRUE,1,0,2,"mixed",1.82404531833319,2.23606797749979,2.33333333333333,3,2,2.12878317245756,3,8,1,24,1,FALSE,24,16777216,1,2,25,25,0.5,2,0.416666666666667,0.0833333333333333,0.64657575013984,7,4,8,1.29315150027968,7,6,8,1.01015254455221,7,4,8,1.29315150027968,0.0833333333333333,2.12878317245756,2.82842712474619,0.601613368862296,"F3_R24",0.808235861830875,0.0135009805925445,0.610630263073996,0.470063395681472,1.03600889645626,2.93843939763515,0.86,24,"very_hard"
251,"-1:-2|-1:2|2:-1",3,TRUE,0,0,3,"off_axis",2.23606797749979,2.23606797749979,3,3,2,2.12878317245756,3,8,1,24,1,FALSE,24,16777216,1,2,25,25,0.5,2,0.416666666666667,0.0833333333333333,0.64657575013984,7,4,8,1.29315150027968,7,6,8,1.01015254455221,7,4,8,1.29315150027968,0.0833333333333333,2.12878317245756,2.82842712474619,0.601613368862296,"F3_R24",0.808235861830875,0.0135009805925445,0.610630263073996,0.470063395681472,1.03600889645626,2.93843939763515,0.86,24,"very_hard"
108,"-2:-1|-2:2|2:-2",3,TRUE,0,2,1,"off_axis",2.63097407566406,2.82842712474619,3.66666666666667,4,2,2.12022489195639,2,8,1,24,1,FALSE,24,16777216,1,2,25,25,0.5,2,0.416666666666667,0.0833333333333333,0.64657575013984,7,4,8,1.29315150027968,8,8,8,0,7,4,8,1.29315150027968,0.0833333333333333,2.12022489195639,2.82842712474619,0.636848246471795,"F3_R24",0.769709703292529,1.20158727273643,0.610630263073996,0.470063395681472,-0.187733155733684,2.86425747905074,0.837142857142857,28,"very_hard"
143,"-1:-1|-1:1|2:-2",3,TRUE,0,3,0,"diagonal_only",1.88561808316413,2.82842712474619,2.66666666666667,4,2,2.12022489195639,2,8,1,24,1,FALSE,24,16777216,1,2,25,25,0.5,2,0.416666666666667,0.0833333333333333,0.64657575013984,7,4,8,1.29315150027968,8,8,8,0,7,4,8,1.29315150027968,0.0833333333333333,2.12022489195639,2.82842712474619,0.636848246471795,"F3_R24",0.769709703292529,1.20158727273643,0.610630263073996,0.470063395681472,-0.187733155733684,2.86425747905074,0.837142857142857,28,"very_hard"
163,"-1:-1|0:-2|2:2",3,TRUE,1,2,0,"mixed",2.08088022903976,2.82842712474619,2.66666666666667,4,2,2.12022489195639,2,8,1,24,1,FALSE,24,16777216,1,2,25,25,0.5,2,0.416666666666667,0.0833333333333333,0.64657575013984,7,4,8,1.29315150027968,8,8,8,0,7,4,8,1.29315150027968,0.0833333333333333,2.12022489195639,2.82842712474619,0.636848246471795,"F3_R24",0.769709703292529,1.20158727273643,0.610630263073996,0.470063395681472,-0.187733155733684,2.86425747905074,0.837142857142857,28,"very_hard"
280,"-1:-1|0:-2|2:1",3,TRUE,1,1,1,"mixed",1.88342717995763,2.23606797749979,2.33333333333333,3,2,2.12022489195639,2,8,1,24,1,FALSE,24,16777216,1,2,25,25,0.5,2,0.416666666666667,0.0833333333333333,0.64657575013984,7,4,8,1.29315150027968,8,8,8,0,7,4,8,1.29315150027968,0.0833333333333333,2.12022489195639,2.82842712474619,0.636848246471795,"F3_R24",0.769709703292529,1.20158727273643,0.610630263073996,0.470063395681472,-0.187733155733684,2.86425747905074,0.837142857142857,28,"very_hard"
84,"-1:0|2:-2|2:0",3,TRUE,2,1,0,"mixed",1.94280904158206,2.82842712474619,2.33333333333333,4,2,2.10947570824873,3,8,1,24,1,FALSE,24,16777216,1,2,25,25,0.5,2,0.416666666666667,0.0833333333333333,0.64657575013984,7,4,8,1.29315150027968,7,6,8,1.01015254455221,7,4,8,1.29315150027968,0.0833333333333333,2.10947570824873,2.82842712474619,0.678332281091076,"F3_R24",0.72132092290342,0.0135009805925445,0.610630263073996,0.470063395681472,1.03600889645626,2.85152445870769,0.822857142857143,32,"very_hard"
62,"-1:-2|2:-2|2:-1",3,TRUE,0,1,2,"off_axis",2.43352102658192,2.82842712474619,3.33333333333333,4,2,2.08943850954093,3,8,1,24,1,FALSE,24,16777216,1,2,25,25,0.5,2,0.416666666666667,0.0833333333333333,0.64657575013984,7,4,8,1.29315150027968,7,6,8,1.01015254455221,7,4,8,1.29315150027968,0.0833333333333333,2.08943850954093,2.82842712474619,0.600912687348894,"F3_R24",0.631120993843356,0.0135009805925445,0.610630263073996,0.470063395681472,1.03600889645626,2.76132452964763,0.808571428571429,33,"very_hard"
129,"-2:-2|-1:0|0:2",3,TRUE,2,1,0,"mixed",1.94280904158206,2.82842712474619,2.33333333333333,4,2,2.08943850954093,3,8,1,24,1,FALSE,24,16777216,1,2,25,25,0.5,2,0.416666666666667,0.0833333333333333,0.64657575013984,7,4,8,1.29315150027968,7,6,8,1.01015254455221,7,4,8,1.29315150027968,0.0833333333333333,2.08943850954093,2.82842712474619,0.600912687348894,"F3_R24",0.631120993843356,0.0135009805925445,0.610630263073996,0.470063395681472,1.03600889645626,2.76132452964763,0.808571428571429,33,"very_hard"
179,"-1:-2|2:-1|2:0",3,TRUE,1,0,2,"mixed",2.15737865166653,2.23606797749979,2.66666666666667,3,2,2.08943850954093,3,8,1,24,1,FALSE,24,16777216,1,2,25,25,0.5,2,0.416666666666667,0.0833333333333333,0.64657575013984,7,4,8,1.29315150027968,7,6,8,1.01015254455221,7,4,8,1.29315150027968,0.0833333333333333,2.08943850954093,2.82842712474619,0.600912687348894,"F3_R24",0.631120993843356,0.0135009805925445,0.610630263073996,0.470063395681472,1.03600889645626,2.76132452964763,0.808571428571429,33,"very_hard"
271,"-1:-2|-1:0|1:2",3,TRUE,1,0,2,"mixed",1.82404531833319,2.23606797749979,2.33333333333333,3,2,2.08943850954093,3,8,1,24,1,FALSE,24,16777216,1,2,25,25,0.5,2,0.416666666666667,0.0833333333333333,0.64657575013984,7,4,8,1.29315150027968,7,6,8,1.01015254455221,7,4,8,1.29315150027968,0.0833333333333333,2.08943850954093,2.82842712474619,0.600912687348894,"F3_R24",0.631120993843356,0.0135009805925445,0.610630263073996,0.470063395681472,1.03600889645626,2.76132452964763,0.808571428571429,33,"very_hard"
51,"-1:-2|1:-2|2:-2",3,TRUE,0,1,2,"off_axis",2.43352102658192,2.82842712474619,3.33333333333333,4,2,2.0500938466243,3,8,1,24,1,FALSE,24,16777216,1,2,25,25,0.5,2,0.416666666666667,0.0833333333333333,0.64657575013984,7,4,8,1.29315150027968,7,6,8,1.01015254455221,7,4,8,1.29315150027968,0.0833333333333333,2.0500938466243,2.82842712474619,0.597108251525502,"F3_R24",0.454006125855837,0.0135009805925445,0.610630263073996,0.470063395681472,1.03600889645626,2.58420966166011,0.785714285714286,37,"hard"
135,"-2:-2|-1:0|2:0",3,TRUE,2,1,0,"mixed",1.94280904158206,2.82842712474619,2.33333333333333,4,2,2.0500938466243,3,8,1,24,1,FALSE,24,16777216,1,2,25,25,0.5,2,0.416666666666667,0.0833333333333333,0.64657575013984,7,4,8,1.29315150027968,7,6,8,1.01015254455221,7,4,8,1.29315150027968,0.0833333333333333,2.0500938466243,2.82842712474619,0.597108251525502,"F3_R24",0.454006125855837,0.0135009805925445,0.610630263073996,0.470063395681472,1.03600889645626,2.58420966166011,0.785714285714286,37,"hard"
254,"-1:0|1:-2|2:0",3,TRUE,2,0,1,"mixed",1.74535599249993,2.23606797749979,2,3,2,2.0500938466243,3,8,1,24,1,FALSE,24,16777216,1,2,25,25,0.5,2,0.416666666666667,0.0833333333333333,0.64657575013984,7,4,8,1.29315150027968,7,6,8,1.01015254455221,7,4,8,1.29315150027968,0.0833333333333333,2.0500938466243,2.82842712474619,0.597108251525502,"F3_R24",0.454006125855837,0.0135009805925445,0.610630263073996,0.470063395681472,1.03600889645626,2.58420966166011,0.785714285714286,37,"hard"
255,"-2:-1|0:-2|0:2",3,TRUE,2,0,1,"mixed",2.07868932583326,2.23606797749979,2.33333333333333,3,2,2.0500938466243,3,8,1,24,1,FALSE,24,16777216,1,2,25,25,0.5,2,0.416666666666667,0.0833333333333333,0.64657575013984,7,4,8,1.29315150027968,7,6,8,1.01015254455221,7,4,8,1.29315150027968,0.0833333333333333,2.0500938466243,2.82842712474619,0.597108251525502,"F3_R24",0.454006125855837,0.0135009805925445,0.610630263073996,0.470063395681472,1.03600889645626,2.58420966166011,0.785714285714286,37,"hard"
92,"-1:-2|1:-1|2:-2",3,TRUE,0,2,1,"off_axis",2.15956955487303,2.82842712474619,3,4,2,2.02149836741533,2,8,1,24,1,FALSE,24,16777216,1,2,25,25,0.5,2,0.416666666666667,0.0833333333333333,0.64657575013984,7,4,8,1.29315150027968,8,8,8,0,7,4,8,1.29315150027968,0.0833333333333333,2.02149836741533,2.82842712474619,0.544291485001009,"F3_R24",0.325280038257427,1.20158727273643,0.610630263073996,0.470063395681472,-0.187733155733684,2.41982781401564,0.762857142857143,41,"hard"
121,"-2:-2|-1:-1|0:2",3,TRUE,1,2,0,"mixed",2.08088022903976,2.82842712474619,2.66666666666667,4,2,2.02149836741533,2,8,1,24,1,FALSE,24,16777216,1,2,25,25,0.5,2,0.416666666666667,0.0833333333333333,0.64657575013984,7,4,8,1.29315150027968,8,8,8,0,7,4,8,1.29315150027968,0.0833333333333333,2.02149836741533,2.82842712474619,0.544291485001009,"F3_R24",0.325280038257427,1.20158727273643,0.610630263073996,0.470063395681472,-0.187733155733684,2.41982781401564,0.762857142857143,41,"hard"
202,"-2:-1|-1:-2|0:2",3,TRUE,1,0,2,"mixed",2.15737865166653,2.23606797749979,2.66666666666667,3,2,2.02149836741533,2,8,1,24,1,FALSE,24,16777216,1,2,25,25,0.5,2,0.416666666666667,0.0833333333333333,0.64657575013984,7,4,8,1.29315150027968,8,8,8,0,7,4,8,1.29315150027968,0.0833333333333333,2.02149836741533,2.82842712474619,0.544291485001009,"F3_R24",0.325280038257427,1.20158727273643,0.610630263073996,0.470063395681472,-0.187733155733684,2.41982781401564,0.762857142857143,41,"hard"
239,"-1:-1|-1:2|1:1",3,TRUE,0,2,1,"off_axis",1.68816503408199,2.23606797749979,2.33333333333333,3,2,2.02149836741533,2,8,1,24,1,FALSE,24,16777216,1,2,25,25,0.5,2,0.416666666666667,0.0833333333333333,0.64657575013984,7,4,8,1.29315150027968,8,8,8,0,7,4,8,1.29315150027968,0.0833333333333333,2.02149836741533,2.82842712474619,0.544291485001009,"F3_R24",0.325280038257427,1.20158727273643,0.610630263073996,0.470063395681472,-0.187733155733684,2.41982781401564,0.762857142857143,41,"hard"
72,"-1:-2|0:-2|2:-2",3,TRUE,1,1,1,"mixed",2.35483170074866,2.82842712474619,3,4,2,2.01074918370766,3,8,1,24,1,FALSE,24,16777216,1,2,25,25,0.5,2,0.416666666666667,0.0833333333333333,0.64657575013984,7,4,8,1.29315150027968,7,6,8,1.01015254455221,7,4,8,1.29315150027968,0.0833333333333333,2.01074918370766,2.82842712474619,0.590140037840815,"F3_R24",0.276891257868318,0.0135009805925445,0.610630263073996,0.470063395681472,1.03600889645626,2.40709479367259,0.74,45,"hard"
89,"-2:-2|-2:0|2:0",3,TRUE,2,1,0,"mixed",2.2761423749154,2.82842712474619,2.66666666666667,4,2,2.01074918370766,3,8,1,24,1,FALSE,24,16777216,1,2,25,25,0.5,2,0.416666666666667,0.0833333333333333,0.64657575013984,7,4,8,1.29315150027968,7,6,8,1.01015254455221,7,4,8,1.29315150027968,0.0833333333333333,2.01074918370766,2.82842712474619,0.590140037840815,"F3_R24",0.276891257868318,0.0135009805925445,0.610630263073996,0.470063395681472,1.03600889645626,2.40709479367259,0.74,45,"hard"
264,"-1:-2|-1:0|2:0",3,TRUE,2,0,1,"mixed",1.74535599249993,2.23606797749979,2,3,2,2.01074918370766,3,8,1,24,1,FALSE,24,16777216,1,2,25,25,0.5,2,0.416666666666667,0.0833333333333333,0.64657575013984,7,4,8,1.29315150027968,7,6,8,1.01015254455221,7,4,8,1.29315150027968,0.0833333333333333,2.01074918370766,2.82842712474619,0.590140037840815,"F3_R24",0.276891257868318,0.0135009805925445,0.610630263073996,0.470063395681472,1.03600889645626,2.40709479367259,0.74,45,"hard"
305,"-1:0|0:-2|2:0",3,TRUE,3,0,0,"axis_only",1.66666666666667,2,1.66666666666667,2,2,2.01074918370766,3,8,1,24,1,FALSE,24,16777216,1,2,25,25,0.5,2,0.416666666666667,0.0833333333333333,0.64657575013984,7,4,8,1.29315150027968,7,6,8,1.01015254455221,7,4,8,1.29315150027968,0.0833333333333333,2.01074918370766,2.82842712474619,0.590140037840815,"F3_R24",0.276891257868318,0.0135009805925445,0.610630263073996,0.470063395681472,1.03600889645626,2.40709479367259,0.74,45,"hard"
174,"-1:-2|0:-2|2:-1",3,TRUE,1,0,2,"mixed",2.15737865166653,2.23606797749979,2.66666666666667,3,2,1.99071198499986,3,8,1,24,1,FALSE,24,16777216,1,2,25,25,0.5,2,0.416666666666667,0.0833333333333333,0.64657575013984,7,4,8,1.29315150027968,7,6,8,1.01015254455221,7,4,8,1.29315150027968,0.0833333333333333,1.99071198499986,2.23606797749979,0.494448128051368,"F3_R24",0.186691328808254,0.0135009805925445,0.610630263073996,0.470063395681472,1.03600889645626,2.31689486461252,0.717142857142857,49,"hard"
195,"-1:-2|-1:2|1:-2",3,TRUE,0,0,3,"off_axis",2.23606797749979,2.23606797749979,3,3,2,1.99071198499986,3,8,1,24,1,FALSE,24,16777216,1,2,25,25,0.5,2,0.416666666666667,0.0833333333333333,0.64657575013984,7,4,8,1.29315150027968,7,6,8,1.01015254455221,7,4,8,1.29315150027968,0.0833333333333333,1.99071198499986,2.23606797749979,0.494448128051368,"F3_R24",0.186691328808254,0.0135009805925445,0.610630263073996,0.470063395681472,1.03600889645626,2.31689486461252,0.717142857142857,49,"hard"
247,"-1:-2|-1:0|2:-1",3,TRUE,1,0,2,"mixed",1.82404531833319,2.23606797749979,2.33333333333333,3,2,1.99071198499986,3,8,1,24,1,FALSE,24,16777216,1,2,25,25,0.5,2,0.416666666666667,0.0833333333333333,0.64657575013984,7,4,8,1.29315150027968,7,6,8,1.01015254455221,7,4,8,1.29315150027968,0.0833333333333333,1.99071198499986,2.23606797749979,0.494448128051368,"F3_R24",0.186691328808254,0.0135009805925445,0.610630263073996,0.470063395681472,1.03600889645626,2.31689486461252,0.717142857142857,49,"hard"
257,"-1:0|0:-2|2:-1",3,TRUE,2,0,1,"mixed",1.74535599249993,2.23606797749979,2,3,2,1.99071198499986,3,8,1,24,1,FALSE,24,16777216,1,2,25,25,0.5,2,0.416666666666667,0.0833333333333333,0.64657575013984,7,4,8,1.29315150027968,7,6,8,1.01015254455221,7,4,8,1.29315150027968,0.0833333333333333,1.99071198499986,2.23606797749979,0.494448128051368,"F3_R24",0.186691328808254,0.0135009805925445,0.610630263073996,0.470063395681472,1.03600889645626,2.31689486461252,0.717142857142857,49,"hard"
65,"-1:-1|1:2|2:2",3,TRUE,0,2,1,"off_axis",2.15956955487303,2.82842712474619,3,4,2,2.18926048568524,2,8,1,24,1,FALSE,24,16777216,1,2,25,25,0.5,2,0.416666666666667,0.0833333333333333,0.64657575013984,7,4,8,1.29315150027968,7,6,8,1.01015254455221,7,4,8,1.29315150027968,0.0833333333333333,2.18926048568524,2.82842712474619,0.805336098148257,"F3_R24",1.08048196980384,0.0135009805925445,0.610630263073996,0.470063395681472,-0.187733155733684,1.98694345341817,0.694285714285714,53,"hard"
112,"-1:-1|2:-2|2:2",3,TRUE,0,3,0,"diagonal_only",2.35702260395516,2.82842712474619,3.33333333333333,4,2,2.18926048568524,2,8,1,24,1,FALSE,24,16777216,1,2,25,25,0.5,2,0.416666666666667,0.0833333333333333,0.64657575013984,7,4,8,1.29315150027968,7,6,8,1.01015254455221,7,4,8,1.29315150027968,0.0833333333333333,2.18926048568524,2.82842712474619,0.805336098148257,"F3_R24",1.08048196980384,0.0135009805925445,0.610630263073996,0.470063395681472,-0.187733155733684,1.98694345341817,0.694285714285714,53,"hard"
137,"-2:-2|-1:0|2:2",3,TRUE,1,2,0,"mixed",2.21895141649746,2.82842712474619,3,4,2,2.18926048568524,2,8,1,24,1,FALSE,24,16777216,1,2,25,25,0.5,2,0.416666666666667,0.0833333333333333,0.64657575013984,7,4,8,1.29315150027968,7,6,8,1.01015254455221,7,4,8,1.29315150027968,0.0833333333333333,2.18926048568524,2.82842712474619,0.805336098148257,"F3_R24",1.08048196980384,0.0135009805925445,0.610630263073996,0.470063395681472,-0.187733155733684,1.98694345341817,0.694285714285714,53,"hard"
151,"-1:0|1:-2|2:2",3,TRUE,1,1,1,"mixed",2.02149836741533,2.82842712474619,2.66666666666667,4,2,2.18926048568524,2,8,1,24,1,FALSE,24,16777216,1,2,25,25,0.5,2,0.416666666666667,0.0833333333333333,0.64657575013984,7,4,8,1.29315150027968,7,6,8,1.01015254455221,7,4,8,1.29315150027968,0.0833333333333333,2.18926048568524,2.82842712474619,0.805336098148257,"F3_R24",1.08048196980384,0.0135009805925445,0.610630263073996,0.470063395681472,-0.187733155733684,1.98694345341817,0.694285714285714,53,"hard"
77,"-2:-1|0:-2|2:-2",3,TRUE,1,1,1,"mixed",2.35483170074866,2.82842712474619,3,4,2,2.11912944035314,3,8,1,24,1,FALSE,24,16777216,1,2,25,25,0.5,1,0.5,0,0.500835422470633,7,6,8,1.00167084494127,8,8,8,0,7,6,8,1.00167084494127,0,2.11912944035314,2.82842712474619,0.459508974922454,"F3_R24",0.764778392367148,1.20158727273643,-1.62834736819732,0.470063395681472,1.03600889645626,1.84409058904398,0.668571428571429,57,"hard"
83,"-1:-1|2:-2|2:0",3,TRUE,1,2,0,"mixed",2.08088022903976,2.82842712474619,2.66666666666667,4,2,2.11912944035314,3,8,1,24,1,FALSE,24,16777216,1,2,25,25,0.5,1,0.5,0,0.500835422470633,7,6,8,1.00167084494127,8,8,8,0,7,6,8,1.00167084494127,0,2.11912944035314,2.82842712474619,0.459508974922454,"F3_R24",0.764778392367148,1.20158727273643,-1.62834736819732,0.470063395681472,1.03600889645626,1.84409058904398,0.668571428571429,57,"hard"
90,"-1:-2|0:2|2:2",3,TRUE,1,1,1,"mixed",2.35483170074866,2.82842712474619,3,4,2,2.11912944035314,3,8,1,24,1,FALSE,24,16777216,1,2,25,25,0.5,1,0.5,0,0.500835422470633,7,6,8,1.00167084494127,8,8,8,0,7,6,8,1.00167084494127,0,2.11912944035314,2.82842712474619,0.459508974922454,"F3_R24",0.764778392367148,1.20158727273643,-1.62834736819732,0.470063395681472,1.03600889645626,1.84409058904398,0.668571428571429,57,"hard"
193,"-1:-1|-1:2|1:2",3,TRUE,0,1,2,"off_axis",1.96211650579089,2.23606797749979,2.66666666666667,3,2,2.11912944035314,3,8,1,24,1,FALSE,24,16777216,1,2,25,25,0.5,1,0.5,0,0.500835422470633,7,6,8,1.00167084494127,8,8,8,0,7,6,8,1.00167084494127,0,2.11912944035314,2.82842712474619,0.459508974922454,"F3_R24",0.764778392367148,1.20158727273643,-1.62834736819732,0.470063395681472,1.03600889645626,1.84409058904398,0.668571428571429,57,"hard"
261,"-2:-1|0:-2|2:0",3,TRUE,2,0,1,"mixed",2.07868932583326,2.23606797749979,2.33333333333333,3,2,2.11912944035314,3,8,1,24,1,FALSE,24,16777216,1,2,25,25,0.5,1,0.5,0,0.500835422470633,7,6,8,1.00167084494127,8,8,8,0,7,6,8,1.00167084494127,0,2.11912944035314,2.82842712474619,0.459508974922454,"F3_R24",0.764778392367148,1.20158727273643,-1.62834736819732,0.470063395681472,1.03600889645626,1.84409058904398,0.668571428571429,57,"hard"
99,"-1:-2|2:-2|2:1",3,TRUE,0,1,2,"off_axis",2.43352102658192,2.82842712474619,3.33333333333333,4,2,2.35483170074866,4,4,2,24,1,FALSE,24,16777216,1,2,25,25,0.5,1,0.5,0,0.500835422470633,7,6,8,1.00167084494127,8,8,8,0,7,6,8,1.00167084494127,0,2.35483170074866,2.82842712474619,0.381734454010911,"F3_R24",1.82582127949949,1.20158727273643,-1.62834736819732,-2.11528528056662,2.2597509486462,1.54352685211817,0.648571428571429,62,"hard"
165,"-2:-2|0:2|2:0",3,TRUE,2,1,0,"mixed",2.2761423749154,2.82842712474619,2.66666666666667,4,2,2.35483170074866,4,4,2,24,1,FALSE,24,16777216,1,2,25,25,0.5,1,0.5,0,0.500835422470633,7,6,8,1.00167084494127,8,8,8,0,7,6,8,1.00167084494127,0,2.35483170074866,2.82842712474619,0.381734454010911,"F3_R24",1.82582127949949,1.20158727273643,-1.62834736819732,-2.11528528056662,2.2597509486462,1.54352685211817,0.648571428571429,62,"hard"
71,"-2:-2|-1:-2|2:2",3,TRUE,0,2,1,"off_axis",2.63097407566406,2.82842712474619,3.66666666666667,4,2,2.09053396114418,2,8,1,24,1,FALSE,24,16777216,1,2,25,25,0.5,2,0.416666666666667,0.0833333333333333,0.64657575013984,7,4,8,1.29315150027968,7,6,8,1.01015254455221,7,4,8,1.29315150027968,0.0833333333333333,2.09053396114418,2.82842712474619,0.745386684052922,"F3_R24",0.636052304768737,0.0135009805925445,0.610630263073996,0.470063395681472,-0.187733155733684,1.54251378838307,0.631428571428571,64,"hard"
132,"-1:-1|0:1|2:2",3,TRUE,1,2,0,"mixed",1.74754689570643,2.82842712474619,2.33333333333333,4,2,2.09053396114418,2,8,1,24,1,FALSE,24,16777216,1,2,25,25,0.5,2,0.416666666666667,0.0833333333333333,0.64657575013984,7,4,8,1.29315150027968,7,6,8,1.01015254455221,7,4,8,1.29315150027968,0.0833333333333333,2.09053396114418,2.82842712474619,0.745386684052922,"F3_R24",0.636052304768737,0.0135009805925445,0.610630263073996,0.470063395681472,-0.187733155733684,1.54251378838307,0.631428571428571,64,"hard"
167,"-1:-2|-1:-1|2:2",3,TRUE,0,2,1,"off_axis",2.15956955487303,2.82842712474619,3,4,2,2.09053396114418,2,8,1,24,1,FALSE,24,16777216,1,2,25,25,0.5,2,0.416666666666667,0.0833333333333333,0.64657575013984,7,4,8,1.29315150027968,7,6,8,1.01015254455221,7,4,8,1.29315150027968,0.0833333333333333,2.09053396114418,2.82842712474619,0.745386684052922,"F3_R24",0.636052304768737,0.0135009805925445,0.610630263073996,0.470063395681472,-0.187733155733684,1.54251378838307,0.631428571428571,64,"hard"
230,"-1:-2|0:-1|2:1",3,TRUE,1,0,2,"mixed",1.82404531833319,2.23606797749979,2.33333333333333,3,2,2.09053396114418,2,8,1,24,1,FALSE,24,16777216,1,2,25,25,0.5,2,0.416666666666667,0.0833333333333333,0.64657575013984,7,4,8,1.29315150027968,7,6,8,1.01015254455221,7,4,8,1.29315150027968,0.0833333333333333,2.09053396114418,2.82842712474619,0.745386684052922,"F3_R24",0.636052304768737,0.0135009805925445,0.610630263073996,0.470063395681472,-0.187733155733684,1.54251378838307,0.631428571428571,64,"hard"
57,"-2:-1|1:-2|2:-2",3,TRUE,0,1,2,"off_axis",2.43352102658192,2.82842712474619,3.33333333333333,4,2,1.99180743660311,2,8,1,24,1,FALSE,24,16777216,1,2,25,25,0.5,2,0.416666666666667,0.0833333333333333,0.64657575013984,7,4,8,1.29315150027968,7,6,8,1.01015254455221,7,4,8,1.29315150027968,0.0833333333333333,1.99180743660311,2.82842712474619,0.66275467753239,"F3_R24",0.191622639733635,0.0135009805925445,0.610630263073996,0.470063395681472,-0.187733155733684,1.09808412334796,0.608571428571429,68,"hard"
130,"-1:-1|1:0|2:-2",3,TRUE,1,2,0,"mixed",1.74754689570643,2.82842712474619,2.33333333333333,4,2,1.99180743660311,2,8,1,24,1,FALSE,24,16777216,1,2,25,25,0.5,2,0.416666666666667,0.0833333333333333,0.64657575013984,7,4,8,1.29315150027968,7,6,8,1.01015254455221,7,4,8,1.29315150027968,0.0833333333333333,1.99180743660311,2.82842712474619,0.66275467753239,"F3_R24",0.191622639733635,0.0135009805925445,0.610630263073996,0.470063395681472,-0.187733155733684,1.09808412334796,0.608571428571429,68,"hard"
219,"-1:-2|-1:-1|1:2",3,TRUE,0,1,2,"off_axis",1.96211650579089,2.23606797749979,2.66666666666667,3,2,1.99180743660311,2,8,1,24,1,FALSE,24,16777216,1,2,25,25,0.5,2,0.416666666666667,0.0833333333333333,0.64657575013984,7,4,8,1.29315150027968,7,6,8,1.01015254455221,7,4,8,1.29315150027968,0.0833333333333333,1.99180743660311,2.82842712474619,0.66275467753239,"F3_R24",0.191622639733635,0.0135009805925445,0.610630263073996,0.470063395681472,-0.187733155733684,1.09808412334796,0.608571428571429,68,"hard"
226,"-1:-2|1:0|2:-1",3,TRUE,1,0,2,"mixed",1.82404531833319,2.23606797749979,2.33333333333333,3,2,1.99180743660311,2,8,1,24,1,FALSE,24,16777216,1,2,25,25,0.5,2,0.416666666666667,0.0833333333333333,0.64657575013984,7,4,8,1.29315150027968,7,6,8,1.01015254455221,7,4,8,1.29315150027968,0.0833333333333333,1.99180743660311,2.82842712474619,0.66275467753239,"F3_R24",0.191622639733635,0.0135009805925445,0.610630263073996,0.470063395681472,-0.187733155733684,1.09808412334796,0.608571428571429,68,"hard"
101,"-1:-2|0:1|2:-2",3,TRUE,1,1,1,"mixed",2.02149836741533,2.82842712474619,2.66666666666667,4,2,2.18816503408199,3,8,1,24,1,FALSE,24,16777216,1,2,25,25,0.5,1,0.5,0,0.500835422470633,7,6,8,1.00167084494127,7,6,8,1.01015254455221,7,6,8,1.00167084494127,0,2.18816503408199,2.82842712474619,0.674033040989193,"F3_R24",1.07555065887846,0.0135009805925445,-1.62834736819732,0.470063395681472,1.03600889645626,0.966776563411409,0.582857142857143,72,"medium"
104,"-1:-2|2:-2|2:2",3,TRUE,0,2,1,"off_axis",2.63097407566406,2.82842712474619,3.66666666666667,4,2,2.18816503408199,3,8,1,24,1,FALSE,24,16777216,1,2,25,25,0.5,1,0.5,0,0.500835422470633,7,6,8,1.00167084494127,7,6,8,1.01015254455221,7,6,8,1.00167084494127,0,2.18816503408199,2.82842712474619,0.674033040989193,"F3_R24",1.07555065887846,0.0135009805925445,-1.62834736819732,0.470063395681472,1.03600889645626,0.966776563411409,0.582857142857143,72,"medium"
161,"-1:0|0:-2|2:2",3,TRUE,2,1,0,"mixed",1.94280904158206,2.82842712474619,2.33333333333333,4,2,2.18816503408199,3,8,1,24,1,FALSE,24,16777216,1,2,25,25,0.5,1,0.5,0,0.500835422470633,7,6,8,1.00167084494127,7,6,8,1.01015254455221,7,6,8,1.00167084494127,0,2.18816503408199,2.82842712474619,0.674033040989193,"F3_R24",1.07555065887846,0.0135009805925445,-1.62834736819732,0.470063395681472,1.03600889645626,0.966776563411409,0.582857142857143,72,"medium"
162,"-1:-2|-1:0|2:2",3,TRUE,1,1,1,"mixed",2.02149836741533,2.82842712474619,2.66666666666667,4,2,2.18816503408199,3,8,1,24,1,FALSE,24,16777216,1,2,25,25,0.5,1,0.5,0,0.500835422470633,7,6,8,1.00167084494127,7,6,8,1.01015254455221,7,6,8,1.00167084494127,0,2.18816503408199,2.82842712474619,0.674033040989193,"F3_R24",1.07555065887846,0.0135009805925445,-1.62834736819732,0.470063395681472,1.03600889645626,0.966776563411409,0.582857142857143,72,"medium"
183,"-1:-2|0:-2|2:1",3,TRUE,1,0,2,"mixed",2.15737865166653,2.23606797749979,2.66666666666667,3,2,2.18816503408199,3,8,1,24,1,FALSE,24,16777216,1,2,25,25,0.5,1,0.5,0,0.500835422470633,7,6,8,1.00167084494127,7,6,8,1.01015254455221,7,6,8,1.00167084494127,0,2.18816503408199,2.82842712474619,0.674033040989193,"F3_R24",1.07555065887846,0.0135009805925445,-1.62834736819732,0.470063395681472,1.03600889645626,0.966776563411409,0.582857142857143,72,"medium"
200,"-2:-1|-1:-2|-1:2",3,TRUE,0,0,3,"off_axis",2.23606797749979,2.23606797749979,3,3,2,1.89308091206204,2,8,1,24,1,FALSE,24,16777216,1,2,25,25,0.5,2,0.416666666666667,0.0833333333333333,0.64657575013984,7,4,8,1.29315150027968,7,6,8,1.01015254455221,7,4,8,1.29315150027968,0.0833333333333333,1.89308091206204,2.23606797749979,0.547260077535001,"F3_R24",-0.252807025301467,0.0135009805925445,0.610630263073996,0.470063395681472,-0.187733155733684,0.653654458312862,0.557142857142857,77,"medium"
212,"-1:-2|1:-1|2:-1",3,TRUE,0,1,2,"off_axis",1.96211650579089,2.23606797749979,2.66666666666667,3,2,1.89308091206204,2,8,1,24,1,FALSE,24,16777216,1,2,25,25,0.5,2,0.416666666666667,0.0833333333333333,0.64657575013984,7,4,8,1.29315150027968,7,6,8,1.01015254455221,7,4,8,1.29315150027968,0.0833333333333333,1.89308091206204,2.23606797749979,0.547260077535001,"F3_R24",-0.252807025301467,0.0135009805925445,0.610630263073996,0.470063395681472,-0.187733155733684,0.653654458312862,0.557142857142857,77,"medium"
233,"-1:-2|0:-1|1:2",3,TRUE,1,0,2,"mixed",1.82404531833319,2.23606797749979,2.33333333333333,3,2,1.89308091206204,2,8,1,24,1,FALSE,24,16777216,1,2,25,25,0.5,2,0.416666666666667,0.0833333333333333,0.64657575013984,7,4,8,1.29315150027968,7,6,8,1.01015254455221,7,4,8,1.29315150027968,0.0833333333333333,1.89308091206204,2.23606797749979,0.547260077535001,"F3_R24",-0.252807025301467,0.0135009805925445,0.610630263073996,0.470063395681472,-0.187733155733684,0.653654458312862,0.557142857142857,77,"medium"
240,"-1:-1|0:1|1:-2",3,TRUE,1,1,1,"mixed",1.5500938466243,2.23606797749979,2,3,2,1.89308091206204,2,8,1,24,1,FALSE,24,16777216,1,2,25,25,0.5,2,0.416666666666667,0.0833333333333333,0.64657575013984,7,4,8,1.29315150027968,7,6,8,1.01015254455221,7,4,8,1.29315150027968,0.0833333333333333,1.89308091206204,2.23606797749979,0.547260077535001,"F3_R24",-0.252807025301467,0.0135009805925445,0.610630263073996,0.470063395681472,-0.187733155733684,0.653654458312862,0.557142857142857,77,"medium"
118,"-1:-1|1:-1|2:-2",3,TRUE,0,3,0,"diagonal_only",1.88561808316413,2.82842712474619,2.66666666666667,4,2,1.88452263156088,1,8,1,24,1,FALSE,24,16777216,1,2,25,25,0.5,2,0.416666666666667,0.0833333333333333,0.64657575013984,7,4,8,1.29315150027968,8,8,8,0,7,4,8,1.29315150027968,0.0833333333333333,1.88452263156088,2.82842712474619,0.581626462054331,"F3_R24",-0.291333183839814,1.20158727273643,0.610630263073996,0.470063395681472,-1.41147520792363,0.579472539728457,0.534285714285714,81,"medium"
119,"-2:-1|1:-1|2:-2",3,TRUE,0,2,1,"off_axis",2.15956955487303,2.82842712474619,3,4,2,1.88452263156088,1,8,1,24,1,FALSE,24,16777216,1,2,25,25,0.5,2,0.416666666666667,0.0833333333333333,0.64657575013984,7,4,8,1.29315150027968,8,8,8,0,7,4,8,1.29315150027968,0.0833333333333333,1.88452263156088,2.82842712474619,0.581626462054331,"F3_R24",-0.291333183839814,1.20158727273643,0.610630263073996,0.470063395681472,-1.41147520792363,0.579472539728457,0.534285714285714,81,"medium"
289,"-1:-1|0:-2|1:2",3,TRUE,1,1,1,"mixed",1.88342717995763,2.23606797749979,2.33333333333333,3,2,1.88452263156088,1,8,1,24,1,FALSE,24,16777216,1,2,25,25,0.5,2,0.416666666666667,0.0833333333333333,0.64657575013984,7,4,8,1.29315150027968,8,8,8,0,7,4,8,1.29315150027968,0.0833333333333333,1.88452263156088,2.82842712474619,0.581626462054331,"F3_R24",-0.291333183839814,1.20158727273643,0.610630263073996,0.470063395681472,-1.41147520792363,0.579472539728457,0.534285714285714,81,"medium"
298,"-1:-1|0:-2|1:1",3,TRUE,1,2,0,"mixed",1.60947570824873,2,2,2,2,1.88452263156088,1,8,1,24,1,FALSE,24,16777216,1,2,25,25,0.5,2,0.416666666666667,0.0833333333333333,0.64657575013984,7,4,8,1.29315150027968,8,8,8,0,7,4,8,1.29315150027968,0.0833333333333333,1.88452263156088,2.82842712474619,0.581626462054331,"F3_R24",-0.291333183839814,1.20158727273643,0.610630263073996,0.470063395681472,-1.41147520792363,0.579472539728457,0.534285714285714,81,"medium"
186,"-1:-2|0:-2|1:2",3,TRUE,1,0,2,"mixed",2.15737865166653,2.23606797749979,2.66666666666667,3,2,1.85373624914541,2,8,1,24,1,FALSE,24,16777216,1,2,25,25,0.5,2,0.416666666666667,0.0833333333333333,0.64657575013984,7,4,8,1.29315150027968,7,6,8,1.01015254455221,7,4,8,1.29315150027968,0.0833333333333333,1.85373624914541,2.23606797749979,0.525732158351726,"F3_R24",-0.429921893288986,0.0135009805925445,0.610630263073996,0.470063395681472,-0.187733155733684,0.476539590325343,0.511428571428571,85,"medium"
207,"-1:-2|-1:-1|2:-1",3,TRUE,0,1,2,"off_axis",1.96211650579089,2.23606797749979,2.66666666666667,3,2,1.85373624914541,2,8,1,24,1,FALSE,24,16777216,1,2,25,25,0.5,2,0.416666666666667,0.0833333333333333,0.64657575013984,7,4,8,1.29315150027968,7,6,8,1.01015254455221,7,4,8,1.29315150027968,0.0833333333333333,1.85373624914541,2.23606797749979,0.525732158351726,"F3_R24",-0.429921893288986,0.0135009805925445,0.610630263073996,0.470063395681472,-0.187733155733684,0.476539590325343,0.511428571428571,85,"medium"
221,"-1:-2|0:-1|2:-1",3,TRUE,1,0,2,"mixed",1.82404531833319,2.23606797749979,2.33333333333333,3,2,1.85373624914541,2,8,1,24,1,FALSE,24,16777216,1,2,25,25,0.5,2,0.416666666666667,0.0833333333333333,0.64657575013984,7,4,8,1.29315150027968,7,6,8,1.01015254455221,7,4,8,1.29315150027968,0.0833333333333333,1.85373624914541,2.23606797749979,0.525732158351726,"F3_R24",-0.429921893288986,0.0135009805925445,0.610630263073996,0.470063395681472,-0.187733155733684,0.476539590325343,0.511428571428571,85,"medium"
311,"-1:-1|0:1|2:0",3,TRUE,2,1,0,"mixed",1.47140452079103,2,1.66666666666667,2,2,1.85373624914541,2,8,1,24,1,FALSE,24,16777216,1,2,25,25,0.5,2,0.416666666666667,0.0833333333333333,0.64657575013984,7,4,8,1.29315150027968,7,6,8,1.01015254455221,7,4,8,1.29315150027968,0.0833333333333333,1.85373624914541,2.23606797749979,0.525732158351726,"F3_R24",-0.429921893288986,0.0135009805925445,0.610630263073996,0.470063395681472,-0.187733155733684,0.476539590325343,0.511428571428571,85,"medium"
141,"-1:-1|1:1|2:-2",3,TRUE,0,3,0,"diagonal_only",1.88561808316413,2.82842712474619,2.66666666666667,4,2,2.15956955487303,2,4,2,24,1,FALSE,24,16777216,1,2,25,25,0.5,2,0.416666666666667,0.0833333333333333,0.64657575013984,7,4,8,1.29315150027968,8,8,8,0,7,4,8,1.29315150027968,0.0833333333333333,2.15956955487303,2.82842712474619,0.635225318448997,"F3_R24",0.946824571280048,1.20158727273643,0.610630263073996,-2.11528528056662,-0.187733155733684,0.456023670790165,0.488571428571429,89,"medium"
148,"-2:-2|-1:1|2:2",3,TRUE,0,3,0,"diagonal_only",2.35702260395516,2.82842712474619,3.33333333333333,4,2,2.15956955487303,2,4,2,24,1,FALSE,24,16777216,1,2,25,25,0.5,2,0.416666666666667,0.0833333333333333,0.64657575013984,7,4,8,1.29315150027968,8,8,8,0,7,4,8,1.29315150027968,0.0833333333333333,2.15956955487303,2.82842712474619,0.635225318448997,"F3_R24",0.946824571280048,1.20158727273643,0.610630263073996,-2.11528528056662,-0.187733155733684,0.456023670790165,0.488571428571429,89,"medium"
154,"-2:-1|1:2|2:-2",3,TRUE,0,1,2,"off_axis",2.43352102658192,2.82842712474619,3.33333333333333,4,2,2.15956955487303,2,4,2,24,1,FALSE,24,16777216,1,2,25,25,0.5,2,0.416666666666667,0.0833333333333333,0.64657575013984,7,4,8,1.29315150027968,8,8,8,0,7,4,8,1.29315150027968,0.0833333333333333,2.15956955487303,2.82842712474619,0.635225318448997,"F3_R24",0.946824571280048,1.20158727273643,0.610630263073996,-2.11528528056662,-0.187733155733684,0.456023670790165,0.488571428571429,89,"medium"
203,"-1:-1|1:2|2:1",3,TRUE,0,1,2,"off_axis",1.96211650579089,2.23606797749979,2.66666666666667,3,2,2.15956955487303,2,4,2,24,1,FALSE,24,16777216,1,2,25,25,0.5,2,0.416666666666667,0.0833333333333333,0.64657575013984,7,4,8,1.29315150027968,8,8,8,0,7,4,8,1.29315150027968,0.0833333333333333,2.15956955487303,2.82842712474619,0.635225318448997,"F3_R24",0.946824571280048,1.20158727273643,0.610630263073996,-2.11528528056662,-0.187733155733684,0.456023670790165,0.488571428571429,89,"medium"
74,"-2:-2|-1:-1|0:-2",3,TRUE,1,2,0,"mixed",2.08088022903976,2.82842712474619,2.66666666666667,4,2,1.84517796864425,1,8,1,24,1,FALSE,24,16777216,1,2,25,25,0.5,2,0.416666666666667,0.0833333333333333,0.64657575013984,7,4,8,1.29315150027968,8,8,8,0,7,4,8,1.29315150027968,0.0833333333333333,1.84517796864425,2.82842712474619,0.560697705395584,"F3_R24",-0.468448051827333,1.20158727273643,0.610630263073996,0.470063395681472,-1.41147520792363,0.402357671740938,0.474285714285714,93,"medium"
73,"-2:-2|-2:0|-2:2",3,TRUE,1,2,0,"mixed",2.55228474983079,2.82842712474619,3.33333333333333,4,2,2.10947570824873,3,4,2,24,1,FALSE,24,16777216,1,2,25,25,0.5,2,0.416666666666667,0.0833333333333333,0.64657575013984,7,4,8,1.29315150027968,7,6,8,1.01015254455221,7,4,8,1.29315150027968,0.0833333333333333,2.10947570824873,2.82842712474619,0.678332281091076,"F3_R24",0.72132092290342,0.0135009805925445,0.610630263073996,-2.11528528056662,1.03600889645626,0.266175782459595,0.465714285714286,94,"medium"
306,"-2:0|0:-2|0:2",3,TRUE,3,0,0,"axis_only",2,2,2,2,2,2.10947570824873,3,4,2,24,1,FALSE,24,16777216,1,2,25,25,0.5,2,0.416666666666667,0.0833333333333333,0.64657575013984,7,4,8,1.29315150027968,7,6,8,1.01015254455221,7,4,8,1.29315150027968,0.0833333333333333,2.10947570824873,2.82842712474619,0.678332281091076,"F3_R24",0.72132092290342,0.0135009805925445,0.610630263073996,-2.11528528056662,1.03600889645626,0.266175782459595,0.465714285714286,94,"medium"
159,"-1:-1|-1:0|2:2",3,TRUE,1,2,0,"mixed",1.74754689570643,2.82842712474619,2.33333333333333,4,2,1.98324915610194,2,8,1,24,1,FALSE,24,16777216,1,2,25,25,0.5,2,0.416666666666667,0.0833333333333333,0.64657575013984,7,4,8,1.29315150027968,6,6,6,0,7,4,8,1.29315150027968,0.0833333333333333,1.98324915610194,2.82842712474619,0.938119044570097,"F3_R24",0.153096481195288,-1.17458531155134,0.610630263073996,0.470063395681472,-0.187733155733684,-0.128528327334267,0.457142857142857,96,"medium"
52,"-2:-2|-1:-2|2:-2",3,TRUE,0,2,1,"off_axis",2.63097407566406,2.82842712474619,3.66666666666667,4,2,1.98215370449869,2,8,1,24,1,FALSE,24,16777216,1,2,25,25,0.5,2,0.416666666666667,0.0833333333333333,0.64657575013984,7,4,8,1.29315150027968,6,4,8,2.02030508910442,7,4,8,1.29315150027968,0.0833333333333333,1.98215370449869,2.82842712474619,0.827816422940811,"F3_R24",0.148165170269907,-1.17458531155134,0.610630263073996,0.470063395681472,-0.187733155733684,-0.133459638259648,0.442857142857143,97,"medium"
131,"-1:0|1:0|2:-2",3,TRUE,2,1,0,"mixed",1.60947570824873,2.82842712474619,2,4,2,1.98215370449869,2,8,1,24,1,FALSE,24,16777216,1,2,25,25,0.5,2,0.416666666666667,0.0833333333333333,0.64657575013984,7,4,8,1.29315150027968,6,4,8,2.02030508910442,7,4,8,1.29315150027968,0.0833333333333333,1.98215370449869,2.82842712474619,0.827816422940811,"F3_R24",0.148165170269907,-1.17458531155134,0.610630263073996,0.470063395681472,-0.187733155733684,-0.133459638259648,0.442857142857143,97,"medium"
157,"-2:-2|0:1|0:2",3,TRUE,2,1,0,"mixed",1.94280904158206,2.82842712474619,2.33333333333333,4,2,1.98215370449869,2,8,1,24,1,FALSE,24,16777216,1,2,25,25,0.5,2,0.416666666666667,0.0833333333333333,0.64657575013984,7,4,8,1.29315150027968,6,4,8,2.02030508910442,7,4,8,1.29315150027968,0.0833333333333333,1.98215370449869,2.82842712474619,0.827816422940811,"F3_R24",0.148165170269907,-1.17458531155134,0.610630263073996,0.470063395681472,-0.187733155733684,-0.133459638259648,0.442857142857143,97,"medium"
272,"-1:-2|1:0|2:0",3,TRUE,2,0,1,"mixed",1.74535599249993,2.23606797749979,2,3,2,1.98215370449869,2,8,1,24,1,FALSE,24,16777216,1,2,25,25,0.5,2,0.416666666666667,0.0833333333333333,0.64657575013984,7,4,8,1.29315150027968,6,4,8,2.02030508910442,7,4,8,1.29315150027968,0.0833333333333333,1.98215370449869,2.82842712474619,0.827816422940811,"F3_R24",0.148165170269907,-1.17458531155134,0.610630263073996,0.470063395681472,-0.187733155733684,-0.133459638259648,0.442857142857143,97,"medium"
109,"-2:-2|-1:-1|2:-2",3,TRUE,0,3,0,"diagonal_only",2.35702260395516,2.82842712474619,3.33333333333333,4,2,1.95355822528973,1,8,1,24,1,FALSE,24,16777216,1,2,25,25,0.5,2,0.416666666666667,0.0833333333333333,0.64657575013984,7,4,8,1.29315150027968,7,6,8,1.01015254455221,7,4,8,1.29315150027968,0.0833333333333333,1.95355822528973,2.82842712474619,0.787611777770892,"F3_R24",0.0194390826714966,0.0135009805925445,0.610630263073996,0.470063395681472,-1.41147520792363,-0.297841485904116,0.42,101,"medium"
120,"-1:0|1:-1|2:-2",3,TRUE,1,2,0,"mixed",1.74754689570643,2.82842712474619,2.33333333333333,4,2,1.95355822528973,1,8,1,24,1,FALSE,24,16777216,1,2,25,25,0.5,2,0.416666666666667,0.0833333333333333,0.64657575013984,7,4,8,1.29315150027968,7,6,8,1.01015254455221,7,4,8,1.29315150027968,0.0833333333333333,1.95355822528973,2.82842712474619,0.787611777770892,"F3_R24",0.0194390826714966,0.0135009805925445,0.610630263073996,0.470063395681472,-1.41147520792363,-0.297841485904116,0.42,101,"medium"
149,"-2:-1|-1:0|2:-2",3,TRUE,1,1,1,"mixed",2.02149836741533,2.82842712474619,2.66666666666667,4,2,1.95355822528973,1,8,1,24,1,FALSE,24,16777216,1,2,25,25,0.5,2,0.416666666666667,0.0833333333333333,0.64657575013984,7,4,8,1.29315150027968,7,6,8,1.01015254455221,7,4,8,1.29315150027968,0.0833333333333333,1.95355822528973,2.82842712474619,0.787611777770892,"F3_R24",0.0194390826714966,0.0135009805925445,0.610630263073996,0.470063395681472,-1.41147520792363,-0.297841485904116,0.42,101,"medium"
215,"-1:-1|1:1|1:2",3,TRUE,0,2,1,"off_axis",1.68816503408199,2.23606797749979,2.33333333333333,3,2,1.95355822528973,1,8,1,24,1,FALSE,24,16777216,1,2,25,25,0.5,2,0.416666666666667,0.0833333333333333,0.64657575013984,7,4,8,1.29315150027968,7,6,8,1.01015254455221,7,4,8,1.29315150027968,0.0833333333333333,1.95355822528973,2.82842712474619,0.787611777770892,"F3_R24",0.0194390826714966,0.0135009805925445,0.610630263073996,0.470063395681472,-1.41147520792363,-0.297841485904116,0.42,101,"medium"
256,"-1:-1|0:-2|2:-1",3,TRUE,1,1,1,"mixed",1.88342717995763,2.23606797749979,2.33333333333333,3,2,1.88342717995763,2,8,1,24,1,FALSE,24,16777216,1,2,25,25,0.5,1,0.5,0,0.500835422470633,7,6,8,1.00167084494127,8,8,8,0,7,6,8,1.00167084494127,0,1.88342717995763,2.23606797749979,0.37847386878915,"F3_R24",-0.296264494765195,1.20158727273643,-1.62834736819732,0.470063395681472,-0.187733155733684,-0.440694350278303,0.405714285714286,105,"medium"
285,"-1:-1|-1:2|2:-1",3,TRUE,0,1,2,"off_axis",1.96211650579089,2.23606797749979,2.66666666666667,3,2,2.11912944035314,3,4,2,24,1,FALSE,24,16777216,1,2,25,25,0.5,1,0.5,0,0.500835422470633,7,6,8,1.00167084494127,8,8,8,0,7,6,8,1.00167084494127,0,2.11912944035314,2.82842712474619,0.459508974922454,"F3_R24",0.764778392367148,1.20158727273643,-1.62834736819732,-2.11528528056662,1.03600889645626,-0.741258087204114,0.397142857142857,106,"easy"
307,"-1:-1|0:2|2:0",3,TRUE,2,1,0,"mixed",1.80473785412437,2,2,2,2,2.11912944035314,3,4,2,24,1,FALSE,24,16777216,1,2,25,25,0.5,1,0.5,0,0.500835422470633,7,6,8,1.00167084494127,8,8,8,0,7,6,8,1.00167084494127,0,2.11912944035314,2.82842712474619,0.459508974922454,"F3_R24",0.764778392367148,1.20158727273643,-1.62834736819732,-2.11528528056662,1.03600889645626,-0.741258087204114,0.397142857142857,106,"easy"
50,"-2:-2|-1:-2|0:-2",3,TRUE,1,1,1,"mixed",2.35483170074866,2.82842712474619,3,4,2,1.844082517041,2,8,1,24,1,FALSE,24,16777216,1,2,25,25,0.5,2,0.416666666666667,0.0833333333333333,0.64657575013984,7,4,8,1.29315150027968,6,4,8,2.02030508910442,7,4,8,1.29315150027968,0.0833333333333333,1.844082517041,2.82842712474619,0.72057727164579,"F3_R24",-0.473379362752714,-1.17458531155134,0.610630263073996,0.470063395681472,-0.187733155733684,-0.755004171282269,0.38,108,"easy"
75,"-2:-2|-2:0|-1:0",3,TRUE,2,1,0,"mixed",1.94280904158206,2.82842712474619,2.33333333333333,4,2,1.844082517041,2,8,1,24,1,FALSE,24,16777216,1,2,25,25,0.5,2,0.416666666666667,0.0833333333333333,0.64657575013984,7,4,8,1.29315150027968,6,4,8,2.02030508910442,7,4,8,1.29315150027968,0.0833333333333333,1.844082517041,2.82842712474619,0.72057727164579,"F3_R24",-0.473379362752714,-1.17458531155134,0.610630263073996,0.470063395681472,-0.187733155733684,-0.755004171282269,0.38,108,"easy"
263,"-1:-2|-1:0|1:0",3,TRUE,2,0,1,"mixed",1.4120226591666,2.23606797749979,1.66666666666667,3,2,1.844082517041,2,8,1,24,1,FALSE,24,16777216,1,2,25,25,0.5,2,0.416666666666667,0.0833333333333333,0.64657575013984,7,4,8,1.29315150027968,6,4,8,2.02030508910442,7,4,8,1.29315150027968,0.0833333333333333,1.844082517041,2.82842712474619,0.72057727164579,"F3_R24",-0.473379362752714,-1.17458531155134,0.610630263073996,0.470063395681472,-0.187733155733684,-0.755004171282269,0.38,108,"easy"
300,"-2:0|-1:0|0:-2",3,TRUE,3,0,0,"axis_only",1.66666666666667,2,1.66666666666667,2,2,1.844082517041,2,8,1,24,1,FALSE,24,16777216,1,2,25,25,0.5,2,0.416666666666667,0.0833333333333333,0.64657575013984,7,4,8,1.29315150027968,6,4,8,2.02030508910442,7,4,8,1.29315150027968,0.0833333333333333,1.844082517041,2.82842712474619,0.72057727164579,"F3_R24",-0.473379362752714,-1.17458531155134,0.610630263073996,0.470063395681472,-0.187733155733684,-0.755004171282269,0.38,108,"easy"
181,"-1:-2|0:-2|0:1",3,TRUE,2,0,1,"mixed",1.74535599249993,2.23606797749979,2,3,2,1.74535599249993,2,8,1,24,1,FALSE,24,16777216,1,2,25,25,0.5,2,0.416666666666667,0.0833333333333333,0.64657575013984,7,4,8,1.29315150027968,6,6,6,0,7,4,8,1.29315150027968,0.0833333333333333,1.74535599249993,2.23606797749979,0.586923292546395,"F3_R24",-0.917809027787815,-1.17458531155134,0.610630263073996,0.470063395681472,-0.187733155733684,-1.19943383631737,0.362857142857143,112,"easy"
253,"-2:-1|0:-2|0:-1",3,TRUE,2,0,1,"mixed",1.74535599249993,2.23606797749979,2,3,2,1.74535599249993,2,8,1,24,1,FALSE,24,16777216,1,2,25,25,0.5,2,0.416666666666667,0.0833333333333333,0.64657575013984,7,4,8,1.29315150027968,6,4,8,2.02030508910442,7,4,8,1.29315150027968,0.0833333333333333,1.74535599249993,2.23606797749979,0.586923292546395,"F3_R24",-0.917809027787815,-1.17458531155134,0.610630263073996,0.470063395681472,-0.187733155733684,-1.19943383631737,0.362857142857143,112,"easy"
63,"-1:-1|2:-2|2:-1",3,TRUE,0,2,1,"off_axis",2.15956955487303,2.82842712474619,3,4,2,1.95246277368648,2,8,1,24,1,FALSE,24,16777216,1,2,25,25,0.5,1,0.5,0,0.500835422470633,7,6,8,1.00167084494127,7,6,8,1.01015254455221,7,6,8,1.00167084494127,0,1.95246277368648,2.82842712474619,0.652278269484895,"F3_R24",0.0145077717461157,0.0135009805925445,-1.62834736819732,0.470063395681472,-0.187733155733684,-1.31800837591088,0.334285714285714,114,"easy"
94,"-1:-2|-1:-1|2:-2",3,TRUE,0,2,1,"off_axis",2.15956955487303,2.82842712474619,3,4,2,1.95246277368648,2,8,1,24,1,FALSE,24,16777216,1,2,25,25,0.5,1,0.5,0,0.500835422470633,7,6,8,1.00167084494127,7,6,8,1.01015254455221,7,6,8,1.00167084494127,0,1.95246277368648,2.82842712474619,0.652278269484895,"F3_R24",0.0145077717461157,0.0135009805925445,-1.62834736819732,0.470063395681472,-0.187733155733684,-1.31800837591088,0.334285714285714,114,"easy"
126,"-2:-1|0:-1|2:-2",3,TRUE,1,1,1,"mixed",2.02149836741533,2.82842712474619,2.66666666666667,4,2,1.95246277368648,2,8,1,24,1,FALSE,24,16777216,1,2,25,25,0.5,1,0.5,0,0.500835422470633,7,6,8,1.00167084494127,7,6,8,1.01015254455221,7,6,8,1.00167084494127,0,1.95246277368648,2.82842712474619,0.652278269484895,"F3_R24",0.0145077717461157,0.0135009805925445,-1.62834736819732,0.470063395681472,-0.187733155733684,-1.31800837591088,0.334285714285714,114,"easy"
150,"-2:-1|-2:0|2:-2",3,TRUE,1,1,1,"mixed",2.35483170074866,2.82842712474619,3,4,2,1.95246277368648,2,8,1,24,1,FALSE,24,16777216,1,2,25,25,0.5,1,0.5,0,0.500835422470633,7,6,8,1.00167084494127,7,6,8,1.01015254455221,7,6,8,1.00167084494127,0,1.95246277368648,2.82842712474619,0.652278269484895,"F3_R24",0.0145077717461157,0.0135009805925445,-1.62834736819732,0.470063395681472,-0.187733155733684,-1.31800837591088,0.334285714285714,114,"easy"
182,"-1:-1|0:2|1:2",3,TRUE,1,1,1,"mixed",1.88342717995763,2.23606797749979,2.33333333333333,3,2,1.95246277368648,2,8,1,24,1,FALSE,24,16777216,1,2,25,25,0.5,1,0.5,0,0.500835422470633,7,6,8,1.00167084494127,7,6,8,1.01015254455221,7,6,8,1.00167084494127,0,1.95246277368648,2.82842712474619,0.652278269484895,"F3_R24",0.0145077717461157,0.0135009805925445,-1.62834736819732,0.470063395681472,-0.187733155733684,-1.31800837591088,0.334285714285714,114,"easy"
225,"-1:-2|0:-1|2:0",3,TRUE,2,0,1,"mixed",1.74535599249993,2.23606797749979,2,3,2,1.95246277368648,2,8,1,24,1,FALSE,24,16777216,1,2,25,25,0.5,1,0.5,0,0.500835422470633,7,6,8,1.00167084494127,7,6,8,1.01015254455221,7,6,8,1.00167084494127,0,1.95246277368648,2.82842712474619,0.652278269484895,"F3_R24",0.0145077717461157,0.0135009805925445,-1.62834736819732,0.470063395681472,-0.187733155733684,-1.31800837591088,0.334285714285714,114,"easy"
267,"-1:-1|0:1|2:1",3,TRUE,1,1,1,"mixed",1.5500938466243,2.23606797749979,2,3,2,1.95246277368648,2,8,1,24,1,FALSE,24,16777216,1,2,25,25,0.5,1,0.5,0,0.500835422470633,7,6,8,1.00167084494127,7,6,8,1.01015254455221,7,6,8,1.00167084494127,0,1.95246277368648,2.82842712474619,0.652278269484895,"F3_R24",0.0145077717461157,0.0135009805925445,-1.62834736819732,0.470063395681472,-0.187733155733684,-1.31800837591088,0.334285714285714,114,"easy"
277,"-1:-2|0:2|1:0",3,TRUE,2,0,1,"mixed",1.74535599249993,2.23606797749979,2,3,2,1.95246277368648,2,8,1,24,1,FALSE,24,16777216,1,2,25,25,0.5,1,0.5,0,0.500835422470633,7,6,8,1.00167084494127,7,6,8,1.01015254455221,7,6,8,1.00167084494127,0,1.95246277368648,2.82842712474619,0.652278269484895,"F3_R24",0.0145077717461157,0.0135009805925445,-1.62834736819732,0.470063395681472,-0.187733155733684,-1.31800837591088,0.334285714285714,114,"easy"
213,"-1:-1|-1:1|-1:2",3,TRUE,0,2,1,"off_axis",1.68816503408199,2.23606797749979,2.33333333333333,3,2,1.67741585037433,1,8,1,24,1,FALSE,24,16777216,1,2,25,25,0.5,2,0.416666666666667,0.0833333333333333,0.64657575013984,7,4,8,1.29315150027968,7,6,8,1.01015254455221,7,4,8,1.29315150027968,0.0833333333333333,1.67741585037433,2.23606797749979,0.472790945234314,"F3_R24",-1.22364998337375,0.0135009805925445,0.610630263073996,0.470063395681472,-1.41147520792363,-1.54093055194936,0.3,122,"easy"
232,"-1:-2|0:-1|0:2",3,TRUE,2,0,1,"mixed",1.74535599249993,2.23606797749979,2,3,2,1.67741585037433,1,8,1,24,1,FALSE,24,16777216,1,2,25,25,0.5,2,0.416666666666667,0.0833333333333333,0.64657575013984,7,4,8,1.29315150027968,7,6,8,1.01015254455221,7,4,8,1.29315150027968,0.0833333333333333,1.67741585037433,2.23606797749979,0.472790945234314,"F3_R24",-1.22364998337375,0.0135009805925445,0.610630263073996,0.470063395681472,-1.41147520792363,-1.54093055194936,0.3,122,"easy"
297,"-1:-1|0:-2|0:1",3,TRUE,2,1,0,"mixed",1.47140452079103,2,1.66666666666667,2,2,1.67741585037433,1,8,1,24,1,FALSE,24,16777216,1,2,25,25,0.5,2,0.416666666666667,0.0833333333333333,0.64657575013984,7,4,8,1.29315150027968,7,6,8,1.01015254455221,7,4,8,1.29315150027968,0.0833333333333333,1.67741585037433,2.23606797749979,0.472790945234314,"F3_R24",-1.22364998337375,0.0135009805925445,0.610630263073996,0.470063395681472,-1.41147520792363,-1.54093055194936,0.3,122,"easy"
299,"-1:-1|0:-2|0:2",3,TRUE,2,1,0,"mixed",1.80473785412437,2,2,2,2,1.67741585037433,1,8,1,24,1,FALSE,24,16777216,1,2,25,25,0.5,2,0.416666666666667,0.0833333333333333,0.64657575013984,7,4,8,1.29315150027968,7,6,8,1.01015254455221,7,4,8,1.29315150027968,0.0833333333333333,1.67741585037433,2.23606797749979,0.472790945234314,"F3_R24",-1.22364998337375,0.0135009805925445,0.610630263073996,0.470063395681472,-1.41147520792363,-1.54093055194936,0.3,122,"easy"
116,"-2:-2|-2:2|2:0",3,TRUE,1,2,0,"mixed",2.55228474983079,2.82842712474619,3.33333333333333,4,2,2.18816503408199,3,4,2,24,1,FALSE,24,16777216,1,2,25,25,0.5,1,0.5,0,0.500835422470633,7,6,8,1.00167084494127,7,6,8,1.01015254455221,7,6,8,1.00167084494127,0,2.18816503408199,2.82842712474619,0.674033040989193,"F3_R24",1.07555065887846,0.0135009805925445,-1.62834736819732,-2.11528528056662,1.03600889645626,-1.61857211283669,0.282857142857143,126,"easy"
281,"-1:-2|-1:2|2:0",3,TRUE,1,0,2,"mixed",2.15737865166653,2.23606797749979,2.66666666666667,3,2,2.18816503408199,3,4,2,24,1,FALSE,24,16777216,1,2,25,25,0.5,1,0.5,0,0.500835422470633,7,6,8,1.00167084494127,7,6,8,1.01015254455221,7,6,8,1.00167084494127,0,2.18816503408199,2.82842712474619,0.674033040989193,"F3_R24",1.07555065887846,0.0135009805925445,-1.62834736819732,-2.11528528056662,1.03600889645626,-1.61857211283669,0.282857142857143,126,"easy"
185,"-1:-2|0:-2|0:2",3,TRUE,2,0,1,"mixed",2.07868932583326,2.23606797749979,2.33333333333333,3,2,1.60838025664548,2,8,1,24,1,FALSE,24,16777216,1,2,25,25,0.5,2,0.416666666666667,0.0833333333333333,0.64657575013984,7,4,8,1.29315150027968,6,6,6,0,7,4,8,1.29315150027968,0.0833333333333333,1.60838025664548,2.23606797749979,0.543815722501309,"F3_R24",-1.53442224988506,-1.17458531155134,0.610630263073996,0.470063395681472,-0.187733155733684,-1.81604705841461,0.265714285714286,128,"easy"
265,"-1:-1|-1:0|-1:2",3,TRUE,1,1,1,"mixed",1.5500938466243,2.23606797749979,2,3,2,1.60838025664548,2,8,1,24,1,FALSE,24,16777216,1,2,25,25,0.5,2,0.416666666666667,0.0833333333333333,0.64657575013984,7,4,8,1.29315150027968,6,6,6,0,7,4,8,1.29315150027968,0.0833333333333333,1.60838025664548,2.23606797749979,0.543815722501309,"F3_R24",-1.53442224988506,-1.17458531155134,0.610630263073996,0.470063395681472,-0.187733155733684,-1.81604705841461,0.265714285714286,128,"easy"
310,"-1:0|0:-1|0:2",3,TRUE,3,0,0,"axis_only",1.33333333333333,2,1.33333333333333,2,2,1.60838025664548,2,8,1,24,1,FALSE,24,16777216,1,2,25,25,0.5,2,0.416666666666667,0.0833333333333333,0.64657575013984,7,4,8,1.29315150027968,6,6,6,0,7,4,8,1.29315150027968,0.0833333333333333,1.60838025664548,2.23606797749979,0.543815722501309,"F3_R24",-1.53442224988506,-1.17458531155134,0.610630263073996,0.470063395681472,-0.187733155733684,-1.81604705841461,0.265714285714286,128,"easy"
313,"-1:-1|-1:0|2:0",3,TRUE,2,1,0,"mixed",1.47140452079103,2,1.66666666666667,2,2,1.60838025664548,2,8,1,24,1,FALSE,24,16777216,1,2,25,25,0.5,2,0.416666666666667,0.0833333333333333,0.64657575013984,7,4,8,1.29315150027968,6,6,6,0,7,4,8,1.29315150027968,0.0833333333333333,1.60838025664548,2.23606797749979,0.543815722501309,"F3_R24",-1.53442224988506,-1.17458531155134,0.610630263073996,0.470063395681472,-0.187733155733684,-1.81604705841461,0.265714285714286,128,"easy"
292,"-2:0|-1:-1|0:-2",3,TRUE,2,1,0,"mixed",1.80473785412437,2,2,2,2,1.84517796864425,1,4,2,24,1,FALSE,24,16777216,1,2,25,25,0.5,2,0.416666666666667,0.0833333333333333,0.64657575013984,7,4,8,1.29315150027968,8,8,8,0,7,4,8,1.29315150027968,0.0833333333333333,1.84517796864425,2.82842712474619,0.560697705395584,"F3_R24",-0.468448051827333,1.20158727273643,0.610630263073996,-2.11528528056662,-1.41147520792363,-2.18299100450716,0.248571428571429,132,"easy"
321,"-1:-1|-1:1|1:-1",3,TRUE,0,3,0,"diagonal_only",1.4142135623731,1.4142135623731,2,2,1,1.84517796864425,1,4,2,24,1,FALSE,24,16777216,1,2,25,25,0.5,2,0.416666666666667,0.0833333333333333,0.64657575013984,7,4,8,1.29315150027968,8,8,8,0,7,4,8,1.29315150027968,0.0833333333333333,1.84517796864425,2.82842712474619,0.560697705395584,"F3_R24",-0.468448051827333,1.20158727273643,0.610630263073996,-2.11528528056662,-1.41147520792363,-2.18299100450716,0.248571428571429,132,"easy"
64,"-1:0|2:-2|2:-1",3,TRUE,1,1,1,"mixed",2.02149836741533,2.82842712474619,2.66666666666667,4,2,2.02149836741533,2,8,1,24,1,FALSE,24,16777216,1,2,25,25,0.5,1,0.5,0,0.500835422470633,7,6,8,1.00167084494127,6,6,6,0,7,6,8,1.00167084494127,0,2.02149836741533,2.82842712474619,0.834417893291247,"F3_R24",0.325280038257427,-1.17458531155134,-1.62834736819732,0.470063395681472,-0.187733155733684,-2.19532240154345,0.24,134,"easy"
114,"-2:-2|-2:2|2:-2",3,TRUE,0,3,0,"diagonal_only",2.82842712474619,2.82842712474619,4,4,2,1.98324915610194,2,4,2,24,1,FALSE,24,16777216,1,2,25,25,0.5,2,0.416666666666667,0.0833333333333333,0.64657575013984,7,4,8,1.29315150027968,6,6,6,0,7,4,8,1.29315150027968,0.0833333333333333,1.98324915610194,2.82842712474619,0.938119044570097,"F3_R24",0.153096481195288,-1.17458531155134,0.610630263073996,-2.11528528056662,-0.187733155733684,-2.71387700358236,0.231428571428571,135,"easy"
158,"-1:0|0:-1|2:2",3,TRUE,2,1,0,"mixed",1.60947570824873,2.82842712474619,2,4,2,1.98324915610194,2,4,2,24,1,FALSE,24,16777216,1,2,25,25,0.5,2,0.416666666666667,0.0833333333333333,0.64657575013984,7,4,8,1.29315150027968,6,6,6,0,7,4,8,1.29315150027968,0.0833333333333333,1.98324915610194,2.82842712474619,0.938119044570097,"F3_R24",0.153096481195288,-1.17458531155134,0.610630263073996,-2.11528528056662,-0.187733155733684,-2.71387700358236,0.231428571428571,135,"easy"
54,"-2:-2|-1:-2|-1:-1",3,TRUE,0,2,1,"off_axis",2.15956955487303,2.82842712474619,3,4,2,1.64882037116536,1,8,1,24,1,FALSE,24,16777216,1,2,25,25,0.5,2,0.416666666666667,0.0833333333333333,0.64657575013984,7,4,8,1.29315150027968,6,6,6,0,7,4,8,1.29315150027968,0.0833333333333333,1.64882037116536,2.82842712474619,0.733259613204043,"F3_R24",-1.35237607097216,-1.17458531155134,0.610630263073996,0.470063395681472,-1.41147520792363,-2.85774293169165,0.214285714285714,137,"easy"
117,"-2:-2|-1:-1|-1:0",3,TRUE,1,2,0,"mixed",1.74754689570643,2.82842712474619,2.33333333333333,4,2,1.64882037116536,1,8,1,24,1,FALSE,24,16777216,1,2,25,25,0.5,2,0.416666666666667,0.0833333333333333,0.64657575013984,7,4,8,1.29315150027968,6,6,6,0,7,4,8,1.29315150027968,0.0833333333333333,1.64882037116536,2.82842712474619,0.733259613204043,"F3_R24",-1.35237607097216,-1.17458531155134,0.610630263073996,0.470063395681472,-1.41147520792363,-2.85774293169165,0.214285714285714,137,"easy"
224,"-1:-2|0:-1|1:0",3,TRUE,2,0,1,"mixed",1.4120226591666,2.23606797749979,1.66666666666667,3,2,1.64882037116536,1,8,1,24,1,FALSE,24,16777216,1,2,25,25,0.5,2,0.416666666666667,0.0833333333333333,0.64657575013984,7,4,8,1.29315150027968,6,6,6,0,7,4,8,1.29315150027968,0.0833333333333333,1.64882037116536,2.82842712474619,0.733259613204043,"F3_R24",-1.35237607097216,-1.17458531155134,0.610630263073996,0.470063395681472,-1.41147520792363,-2.85774293169165,0.214285714285714,137,"easy"
320,"-1:-1|-1:0|1:1",3,TRUE,1,2,0,"mixed",1.2761423749154,1.4142135623731,1.66666666666667,2,1,1.64882037116536,1,8,1,24,1,FALSE,24,16777216,1,2,25,25,0.5,2,0.416666666666667,0.0833333333333333,0.64657575013984,7,4,8,1.29315150027968,6,6,6,0,7,4,8,1.29315150027968,0.0833333333333333,1.64882037116536,2.82842712474619,0.733259613204043,"F3_R24",-1.35237607097216,-1.17458531155134,0.610630263073996,0.470063395681472,-1.41147520792363,-2.85774293169165,0.214285714285714,137,"easy"
217,"-1:-2|-1:-1|-1:2",3,TRUE,0,1,2,"off_axis",1.96211650579089,2.23606797749979,2.66666666666667,3,2,1.64772491956211,1,8,1,24,1,FALSE,24,16777216,1,2,25,25,0.5,2,0.416666666666667,0.0833333333333333,0.64657575013984,7,4,8,1.29315150027968,6,4,8,2.02030508910442,7,4,8,1.29315150027968,0.0833333333333333,1.64772491956211,2.23606797749979,0.584810317406282,"F3_R24",-1.35730738189754,-1.17458531155134,0.610630263073996,0.470063395681472,-1.41147520792363,-2.86267424261703,0.191428571428571,141,"very_easy"
228,"-1:-2|0:-1|0:1",3,TRUE,2,0,1,"mixed",1.4120226591666,2.23606797749979,1.66666666666667,3,2,1.64772491956211,1,8,1,24,1,FALSE,24,16777216,1,2,25,25,0.5,2,0.416666666666667,0.0833333333333333,0.64657575013984,7,4,8,1.29315150027968,6,4,8,2.02030508910442,7,4,8,1.29315150027968,0.0833333333333333,1.64772491956211,2.23606797749979,0.584810317406282,"F3_R24",-1.35730738189754,-1.17458531155134,0.610630263073996,0.470063395681472,-1.41147520792363,-2.86267424261703,0.191428571428571,141,"very_easy"
288,"-1:-2|0:1|0:2",3,TRUE,2,0,1,"mixed",1.74535599249993,2.23606797749979,2,3,2,1.64772491956211,1,8,1,24,1,FALSE,24,16777216,1,2,25,25,0.5,2,0.416666666666667,0.0833333333333333,0.64657575013984,7,4,8,1.29315150027968,6,4,8,2.02030508910442,7,4,8,1.29315150027968,0.0833333333333333,1.64772491956211,2.23606797749979,0.584810317406282,"F3_R24",-1.35730738189754,-1.17458531155134,0.610630263073996,0.470063395681472,-1.41147520792363,-2.86267424261703,0.191428571428571,141,"very_easy"
302,"-1:-1|0:1|0:2",3,TRUE,2,1,0,"mixed",1.47140452079103,2,1.66666666666667,2,2,1.64772491956211,1,8,1,24,1,FALSE,24,16777216,1,2,25,25,0.5,2,0.416666666666667,0.0833333333333333,0.64657575013984,7,4,8,1.29315150027968,6,4,8,2.02030508910442,7,4,8,1.29315150027968,0.0833333333333333,1.64772491956211,2.23606797749979,0.584810317406282,"F3_R24",-1.35730738189754,-1.17458531155134,0.610630263073996,0.470063395681472,-1.41147520792363,-2.86267424261703,0.191428571428571,141,"very_easy"
196,"-1:-2|0:2|1:-2",3,TRUE,1,0,2,"mixed",2.15737865166653,2.23606797749979,2.66666666666667,3,2,1.88342717995763,2,4,2,24,1,FALSE,24,16777216,1,2,25,25,0.5,1,0.5,0,0.500835422470633,7,6,8,1.00167084494127,8,8,8,0,7,6,8,1.00167084494127,0,1.88342717995763,2.23606797749979,0.37847386878915,"F3_R24",-0.296264494765195,1.20158727273643,-1.62834736819732,-2.11528528056662,-0.187733155733684,-3.0260430265264,0.174285714285714,145,"very_easy"
314,"-1:-1|-1:1|2:0",3,TRUE,1,2,0,"mixed",1.60947570824873,2,2,2,2,1.88342717995763,2,4,2,24,1,FALSE,24,16777216,1,2,25,25,0.5,1,0.5,0,0.500835422470633,7,6,8,1.00167084494127,8,8,8,0,7,6,8,1.00167084494127,0,1.88342717995763,2.23606797749979,0.37847386878915,"F3_R24",-0.296264494765195,1.20158727273643,-1.62834736819732,-2.11528528056662,-0.187733155733684,-3.0260430265264,0.174285714285714,145,"very_easy"
68,"-2:-1|2:-2|2:-1",3,TRUE,0,1,2,"off_axis",2.43352102658192,2.82842712474619,3.33333333333333,4,2,1.78579610701981,2,8,1,24,1,FALSE,24,16777216,1,2,25,25,0.5,1,0.5,0,0.500835422470633,7,6,8,1.00167084494127,6,6,6,0,7,6,8,1.00167084494127,0,1.78579610701981,2.82842712474619,0.757046046805256,"F3_R24",-0.735762848874916,-1.17458531155134,-1.62834736819732,0.470063395681472,-0.187733155733684,-3.25636528867579,0.154285714285714,147,"very_easy"
125,"-1:-1|0:-1|2:-2",3,TRUE,1,2,0,"mixed",1.74754689570643,2.82842712474619,2.33333333333333,4,2,1.78579610701981,2,8,1,24,1,FALSE,24,16777216,1,2,25,25,0.5,1,0.5,0,0.500835422470633,7,6,8,1.00167084494127,6,6,6,0,7,6,8,1.00167084494127,0,1.78579610701981,2.82842712474619,0.757046046805256,"F3_R24",-0.735762848874916,-1.17458531155134,-1.62834736819732,0.470063395681472,-0.187733155733684,-3.25636528867579,0.154285714285714,147,"very_easy"
236,"-1:-1|-1:0|1:-2",3,TRUE,1,1,1,"mixed",1.5500938466243,2.23606797749979,2,3,2,1.78579610701981,2,8,1,24,1,FALSE,24,16777216,1,2,25,25,0.5,1,0.5,0,0.500835422470633,7,6,8,1.00167084494127,6,6,6,0,7,6,8,1.00167084494127,0,1.78579610701981,2.82842712474619,0.757046046805256,"F3_R24",-0.735762848874916,-1.17458531155134,-1.62834736819732,0.470063395681472,-0.187733155733684,-3.25636528867579,0.154285714285714,147,"very_easy"
274,"-1:-2|0:1|1:0",3,TRUE,2,0,1,"mixed",1.4120226591666,2.23606797749979,1.66666666666667,3,2,1.78579610701981,2,8,1,24,1,FALSE,24,16777216,1,2,25,25,0.5,1,0.5,0,0.500835422470633,7,6,8,1.00167084494127,6,6,6,0,7,6,8,1.00167084494127,0,1.78579610701981,2.82842712474619,0.757046046805256,"F3_R24",-0.735762848874916,-1.17458531155134,-1.62834736819732,0.470063395681472,-0.187733155733684,-3.25636528867579,0.154285714285714,147,"very_easy"
287,"-1:-1|-1:0|2:1",3,TRUE,1,1,1,"mixed",1.5500938466243,2.23606797749979,2,3,2,1.78579610701981,2,8,1,24,1,FALSE,24,16777216,1,2,25,25,0.5,1,0.5,0,0.500835422470633,7,6,8,1.00167084494127,6,6,6,0,7,6,8,1.00167084494127,0,1.78579610701981,2.82842712474619,0.757046046805256,"F3_R24",-0.735762848874916,-1.17458531155134,-1.62834736819732,0.470063395681472,-0.187733155733684,-3.25636528867579,0.154285714285714,147,"very_easy"
173,"-1:-1|0:-2|1:-2",3,TRUE,1,1,1,"mixed",1.88342717995763,2.23606797749979,2.33333333333333,3,2,1.71676051329096,1,8,1,24,1,FALSE,24,16777216,1,2,25,25,0.5,1,0.5,0,0.500835422470633,7,6,8,1.00167084494127,7,6,8,1.01015254455221,7,6,8,1.00167084494127,0,1.71676051329096,2.23606797749979,0.513108183530476,"F3_R24",-1.04653511538623,0.0135009805925445,-1.62834736819732,0.470063395681472,-1.41147520792363,-3.60279331523316,0.125714285714286,152,"very_easy"
198,"-2:-1|-1:-2|-1:0",3,TRUE,1,0,2,"mixed",1.82404531833319,2.23606797749979,2.33333333333333,3,2,1.71676051329096,1,8,1,24,1,FALSE,24,16777216,1,2,25,25,0.5,1,0.5,0,0.500835422470633,7,6,8,1.00167084494127,7,6,8,1.01015254455221,7,6,8,1.00167084494127,0,1.71676051329096,2.23606797749979,0.513108183530476,"F3_R24",-1.04653511538623,0.0135009805925445,-1.62834736819732,0.470063395681472,-1.41147520792363,-3.60279331523316,0.125714285714286,152,"very_easy"
206,"-1:-1|1:-2|1:-1",3,TRUE,0,2,1,"off_axis",1.68816503408199,2.23606797749979,2.33333333333333,3,2,1.71676051329096,1,8,1,24,1,FALSE,24,16777216,1,2,25,25,0.5,1,0.5,0,0.500835422470633,7,6,8,1.00167084494127,7,6,8,1.01015254455221,7,6,8,1.00167084494127,0,1.71676051329096,2.23606797749979,0.513108183530476,"F3_R24",-1.04653511538623,0.0135009805925445,-1.62834736819732,0.470063395681472,-1.41147520792363,-3.60279331523316,0.125714285714286,152,"very_easy"
208,"-2:-1|-1:-1|0:-2",3,TRUE,1,1,1,"mixed",1.88342717995763,2.23606797749979,2.33333333333333,3,2,1.71676051329096,1,8,1,24,1,FALSE,24,16777216,1,2,25,25,0.5,1,0.5,0,0.500835422470633,7,6,8,1.00167084494127,7,6,8,1.01015254455221,7,6,8,1.00167084494127,0,1.71676051329096,2.23606797749979,0.513108183530476,"F3_R24",-1.04653511538623,0.0135009805925445,-1.62834736819732,0.470063395681472,-1.41147520792363,-3.60279331523316,0.125714285714286,152,"very_easy"
294,"-1:-1|0:-2|1:0",3,TRUE,2,1,0,"mixed",1.47140452079103,2,1.66666666666667,2,2,1.71676051329096,1,8,1,24,1,FALSE,24,16777216,1,2,25,25,0.5,1,0.5,0,0.500835422470633,7,6,8,1.00167084494127,7,6,8,1.01015254455221,7,6,8,1.00167084494127,0,1.71676051329096,2.23606797749979,0.513108183530476,"F3_R24",-1.04653511538623,0.0135009805925445,-1.62834736819732,0.470063395681472,-1.41147520792363,-3.60279331523316,0.125714285714286,152,"very_easy"
169,"-1:-2|0:-2|1:-2",3,TRUE,1,0,2,"mixed",2.15737865166653,2.23606797749979,2.66666666666667,3,2,1.74535599249993,2,4,2,24,1,FALSE,24,16777216,1,2,25,25,0.5,2,0.416666666666667,0.0833333333333333,0.64657575013984,7,4,8,1.29315150027968,6,4,8,2.02030508910442,7,4,8,1.29315150027968,0.0833333333333333,1.74535599249993,2.23606797749979,0.586923292546395,"F3_R24",-0.917809027787815,-1.17458531155134,0.610630263073996,-2.11528528056662,-0.187733155733684,-3.78478251256547,0.1,157,"very_easy"
269,"-1:-2|-1:0|-1:2",3,TRUE,1,0,2,"mixed",1.82404531833319,2.23606797749979,2.33333333333333,3,2,1.74535599249993,2,4,2,24,1,FALSE,24,16777216,1,2,25,25,0.5,2,0.416666666666667,0.0833333333333333,0.64657575013984,7,4,8,1.29315150027968,6,6,6,0,7,4,8,1.29315150027968,0.0833333333333333,1.74535599249993,2.23606797749979,0.586923292546395,"F3_R24",-0.917809027787815,-1.17458531155134,0.610630263073996,-2.11528528056662,-0.187733155733684,-3.78478251256547,0.1,157,"very_easy"
308,"-1:0|0:-2|1:0",3,TRUE,3,0,0,"axis_only",1.33333333333333,2,1.33333333333333,2,2,1.74535599249993,2,4,2,24,1,FALSE,24,16777216,1,2,25,25,0.5,2,0.416666666666667,0.0833333333333333,0.64657575013984,7,4,8,1.29315150027968,6,4,8,2.02030508910442,7,4,8,1.29315150027968,0.0833333333333333,1.74535599249993,2.23606797749979,0.586923292546395,"F3_R24",-0.917809027787815,-1.17458531155134,0.610630263073996,-2.11528528056662,-0.187733155733684,-3.78478251256547,0.1,157,"very_easy"
312,"-1:0|0:-2|0:2",3,TRUE,3,0,0,"axis_only",1.66666666666667,2,1.66666666666667,2,2,1.74535599249993,2,4,2,24,1,FALSE,24,16777216,1,2,25,25,0.5,2,0.416666666666667,0.0833333333333333,0.64657575013984,7,4,8,1.29315150027968,6,6,6,0,7,4,8,1.29315150027968,0.0833333333333333,1.74535599249993,2.23606797749979,0.586923292546395,"F3_R24",-0.917809027787815,-1.17458531155134,0.610630263073996,-2.11528528056662,-0.187733155733684,-3.78478251256547,0.1,157,"very_easy"
110,"-2:-2|-2:2|-1:0",3,TRUE,1,2,0,"mixed",2.21895141649746,2.82842712474619,3,4,2,2.02149836741533,2,4,2,24,1,FALSE,24,16777216,1,2,25,25,0.5,1,0.5,0,0.500835422470633,7,6,8,1.00167084494127,6,6,6,0,7,6,8,1.00167084494127,0,2.02149836741533,2.82842712474619,0.834417893291247,"F3_R24",0.325280038257427,-1.17458531155134,-1.62834736819732,-2.11528528056662,-0.187733155733684,-4.78067107779154,0.0828571428571429,161,"very_easy"
276,"-1:-2|-1:2|1:0",3,TRUE,1,0,2,"mixed",1.82404531833319,2.23606797749979,2.33333333333333,3,2,2.02149836741533,2,4,2,24,1,FALSE,24,16777216,1,2,25,25,0.5,1,0.5,0,0.500835422470633,7,6,8,1.00167084494127,6,6,6,0,7,6,8,1.00167084494127,0,2.02149836741533,2.82842712474619,0.834417893291247,"F3_R24",0.325280038257427,-1.17458531155134,-1.62834736819732,-2.11528528056662,-0.187733155733684,-4.78067107779154,0.0828571428571429,161,"very_easy"
172,"-1:-2|0:-2|0:-1",3,TRUE,2,0,1,"mixed",1.74535599249993,2.23606797749979,2,3,2,1.44171358997881,1,8,1,24,1,FALSE,24,16777216,1,2,25,25,0.5,2,0.416666666666667,0.0833333333333333,0.64657575013984,7,4,8,1.29315150027968,5,4,6,1.01015254455221,7,4,8,1.29315150027968,0.0833333333333333,1.44171358997881,2.23606797749979,0.552950548751405,"F3_R24",-2.28469287050609,-2.36267160369522,0.610630263073996,0.470063395681472,-1.41147520792363,-4.97814602336947,0.0657142857142857,163,"very_easy"
209,"-1:-2|-1:-1|-1:0",3,TRUE,1,1,1,"mixed",1.5500938466243,2.23606797749979,2,3,2,1.44171358997881,1,8,1,24,1,FALSE,24,16777216,1,2,25,25,0.5,2,0.416666666666667,0.0833333333333333,0.64657575013984,7,4,8,1.29315150027968,5,4,6,1.01015254455221,7,4,8,1.29315150027968,0.0833333333333333,1.44171358997881,2.23606797749979,0.552950548751405,"F3_R24",-2.28469287050609,-2.36267160369522,0.610630263073996,0.470063395681472,-1.41147520792363,-4.97814602336947,0.0657142857142857,163,"very_easy"
301,"-1:0|0:-2|0:-1",3,TRUE,3,0,0,"axis_only",1.33333333333333,2,1.33333333333333,2,2,1.44171358997881,1,8,1,24,1,FALSE,24,16777216,1,2,25,25,0.5,2,0.416666666666667,0.0833333333333333,0.64657575013984,7,4,8,1.29315150027968,5,4,6,1.01015254455221,7,4,8,1.29315150027968,0.0833333333333333,1.44171358997881,2.23606797749979,0.552950548751405,"F3_R24",-2.28469287050609,-2.36267160369522,0.610630263073996,0.470063395681472,-1.41147520792363,-4.97814602336947,0.0657142857142857,163,"very_easy"
319,"-1:-1|-1:0|1:0",3,TRUE,2,1,0,"mixed",1.1380711874577,1.4142135623731,1.33333333333333,2,1,1.44171358997881,1,8,1,24,1,FALSE,24,16777216,1,2,25,25,0.5,2,0.416666666666667,0.0833333333333333,0.64657575013984,7,4,8,1.29315150027968,5,4,6,1.01015254455221,7,4,8,1.29315150027968,0.0833333333333333,1.44171358997881,2.23606797749979,0.552950548751405,"F3_R24",-2.28469287050609,-2.36267160369522,0.610630263073996,0.470063395681472,-1.41147520792363,-4.97814602336947,0.0657142857142857,163,"very_easy"
220,"-1:-1|0:-1|1:-2",3,TRUE,1,1,1,"mixed",1.5500938466243,2.23606797749979,2,3,2,1.5500938466243,1,8,1,24,1,FALSE,24,16777216,1,2,25,25,0.5,1,0.5,0,0.500835422470633,7,6,8,1.00167084494127,6,6,6,0,7,6,8,1.00167084494127,0,1.5500938466243,2.23606797749979,0.562717406865112,"F3_R24",-1.79680573600726,-1.17458531155134,-1.62834736819732,0.470063395681472,-1.41147520792363,-5.54115022799807,0.0514285714285714,167,"very_easy"
290,"-1:-1|0:-2|0:-1",3,TRUE,2,1,0,"mixed",1.47140452079103,2,1.66666666666667,2,2,1.30473785412437,1,8,1,24,1,FALSE,24,16777216,1,2,25,25,0.5,2,0.416666666666667,0.0833333333333333,0.64657575013984,7,4,8,1.29315150027968,5,4,6,1.01015254455221,7,4,8,1.29315150027968,0.0833333333333333,1.30473785412437,2,0.396473149680955,"F3_R24",-2.90130609260333,-2.36267160369522,0.610630263073996,0.470063395681472,-1.41147520792363,-5.59475924546671,0.0457142857142857,168,"very_easy"
53,"-2:-2|-2:-1|-1:-2",3,TRUE,0,1,2,"off_axis",2.43352102658192,2.82842712474619,3.33333333333333,4,2,1.78579610701981,2,4,2,24,1,FALSE,24,16777216,1,2,25,25,0.5,1,0.5,0,0.500835422470633,7,6,8,1.00167084494127,6,6,6,0,7,6,8,1.00167084494127,0,1.78579610701981,2.82842712474619,0.757046046805256,"F3_R24",-0.735762848874916,-1.17458531155134,-1.62834736819732,-2.11528528056662,-0.187733155733684,-5.84171396492389,0.0371428571428571,169,"very_easy"
127,"-2:-2|-1:0|0:-1",3,TRUE,2,1,0,"mixed",1.60947570824873,2.82842712474619,2,4,2,1.78579610701981,2,4,2,24,1,FALSE,24,16777216,1,2,25,25,0.5,1,0.5,0,0.500835422470633,7,6,8,1.00167084494127,6,6,6,0,7,6,8,1.00167084494127,0,1.78579610701981,2.82842712474619,0.757046046805256,"F3_R24",-0.735762848874916,-1.17458531155134,-1.62834736819732,-2.11528528056662,-0.187733155733684,-5.84171396492389,0.0371428571428571,169,"very_easy"
189,"-1:-2|0:-1|1:-2",3,TRUE,1,0,2,"mixed",1.82404531833319,2.23606797749979,2.33333333333333,3,2,1.71676051329096,1,4,2,24,1,FALSE,24,16777216,1,2,25,25,0.5,1,0.5,0,0.500835422470633,7,6,8,1.00167084494127,7,6,8,1.01015254455221,7,6,8,1.00167084494127,0,1.71676051329096,2.23606797749979,0.513108183530476,"F3_R24",-1.04653511538623,0.0135009805925445,-1.62834736819732,-2.11528528056662,-1.41147520792363,-6.18814199148126,0.0257142857142857,171,"very_easy"
322,"-1:-1|-1:1|1:0",3,TRUE,1,2,0,"mixed",1.2761423749154,1.4142135623731,1.66666666666667,2,1,1.71676051329096,1,4,2,24,1,FALSE,24,16777216,1,2,25,25,0.5,1,0.5,0,0.500835422470633,7,6,8,1.00167084494127,7,6,8,1.01015254455221,7,6,8,1.00167084494127,0,1.71676051329096,2.23606797749979,0.513108183530476,"F3_R24",-1.04653511538623,0.0135009805925445,-1.62834736819732,-2.11528528056662,-1.41147520792363,-6.18814199148126,0.0257142857142857,171,"very_easy"
197,"-2:-1|-1:-2|-1:-1",3,TRUE,0,1,2,"off_axis",1.96211650579089,2.23606797749979,2.66666666666667,3,2,1.5500938466243,1,4,2,24,1,FALSE,24,16777216,1,2,25,25,0.5,1,0.5,0,0.500835422470633,7,6,8,1.00167084494127,6,6,6,0,7,6,8,1.00167084494127,0,1.5500938466243,2.23606797749979,0.562717406865112,"F3_R24",-1.79680573600726,-1.17458531155134,-1.62834736819732,-2.11528528056662,-1.41147520792363,-8.12649890424617,0.0142857142857143,173,"very_easy"
323,"-1:-1|0:1|1:0",3,TRUE,2,1,0,"mixed",1.1380711874577,1.4142135623731,1.33333333333333,2,1,1.5500938466243,1,4,2,24,1,FALSE,24,16777216,1,2,25,25,0.5,1,0.5,0,0.500835422470633,7,6,8,1.00167084494127,6,6,6,0,7,6,8,1.00167084494127,0,1.5500938466243,2.23606797749979,0.562717406865112,"F3_R24",-1.79680573600726,-1.17458531155134,-1.62834736819732,-2.11528528056662,-1.41147520792363,-8.12649890424617,0.0142857142857143,173,"very_easy"
315,"-1:-1|-1:0|-1:1",3,TRUE,1,2,0,"mixed",1.2761423749154,1.4142135623731,1.66666666666667,2,1,1.30473785412437,1,4,2,24,1,FALSE,24,16777216,1,2,25,25,0.5,2,0.416666666666667,0.0833333333333333,0.64657575013984,7,4,8,1.29315150027968,5,4,6,1.01015254455221,7,4,8,1.29315150027968,0.0833333333333333,1.30473785412437,2,0.396473149680955,"F3_R24",-2.90130609260333,-2.36267160369522,0.610630263073996,-2.11528528056662,-1.41147520792363,-8.1801079217148,0.00285714285714286,175,"very_easy"
324,"-1:0|0:-1|0:1",3,TRUE,3,0,0,"axis_only",1,1,1,1,1,1.30473785412437,1,4,2,24,1,FALSE,24,16777216,1,2,25,25,0.5,2,0.416666666666667,0.0833333333333333,0.64657575013984,7,4,8,1.29315150027968,5,4,6,1.01015254455221,7,4,8,1.29315150027968,0.0833333333333333,1.30473785412437,2,0.396473149680955,"F3_R24",-2.90130609260333,-2.36267160369522,0.610630263073996,-2.11528528056662,-1.41147520792363,-8.1801079217148,0.00285714285714286,175,"very_easy"
1564,"-2:-1|-1:2|1:-2|2:1",4,TRUE,0,0,4,"off_axis",2.23606797749979,2.23606797749979,3,3,2,2.23606797749979,5,2,4,5,20,FALSE,5,32,20,1048576,5,5,0.833333333333333,5,0.166666666666667,0.166666666666667,1.8665034169736,8.33333333333333,0,10,3.73300683394721,10,10,10,0,8.33333333333333,0,10,3.73300683394721,0.166666666666667,2.23606797749979,2.23606797749979,0,"F4_R5",0.716134397470409,0.577350269189626,0,0,1.15470053837925,2.44818520503929,1,1,"very_hard"
919,"-2:-2|-1:-1|1:1|2:2",4,TRUE,0,4,0,"diagonal_only",2.12132034355964,2.82842712474619,3,4,2,2.12132034355964,1,2,4,5,20,FALSE,5,32,20,1048576,5,5,0.833333333333333,5,0.166666666666667,0.166666666666667,1.8665034169736,8.33333333333333,0,10,3.73300683394721,10,10,10,0,8.33333333333333,0,10,3.73300683394721,0.166666666666667,2.12132034355964,2.82842712474619,0.74535599249993,"F4_R5",0.426383974742006,0.577350269189626,0,0,-0.577350269189626,0.426383974742005,0.5,2,"medium"
1691,"-2:0|-1:0|1:0|2:0",4,TRUE,4,0,0,"axis_only",1.5,2,1.5,2,2,1.5,1,2,4,5,20,FALSE,5,32,20,1048576,5,5,0.833333333333333,5,0.166666666666667,0.166666666666667,1.8665034169736,8.33333333333333,0,10,3.73300683394721,5,0,10,5.05076272276105,8.33333333333333,0,10,3.73300683394721,0.166666666666667,1.5,2,0.52704627669473,"F4_R5",-1.14251837221241,-1.15470053837925,0,0,-0.577350269189626,-2.87456917978129,0,3,"very_easy"
360,"-1:-2|2:-1|2:1|2:2",4,TRUE,0,1,3,"off_axis",2.38415776431139,2.82842712474619,3.25,4,2,2.18371941369913,4,8,1,17,8,FALSE,17,131072,8,256,25,25,0.833333333333333,2,0.5,0.333333333333333,0.899027097085065,8.33333333333333,6,10,1.79805419417013,9,8,10,1.01015254455221,8.33333333333333,6,10,1.79805419417013,0,2.18371941369913,2.82842712474619,0.507027856163868,"F4_R17",1.16133463053474,0.551678623323282,0,0.968921242202369,2.12910844224337,4.81104293830376,0.990566037735849,1,"very_hard"
982,"-2:-1|0:-2|0:1|2:2",4,TRUE,2,1,1,"mixed",2.01612377556149,2.82842712474619,2.5,4,2,2.18371941369913,4,8,1,17,8,FALSE,17,131072,8,256,25,25,0.833333333333333,2,0.5,0.333333333333333,0.899027097085065,8.33333333333333,6,10,1.79805419417013,9,8,10,1.01015254455221,8.33333333333333,6,10,1.79805419417013,0,2.18371941369913,2.82842712474619,0.507027856163868,"F4_R17",1.16133463053474,0.551678623323282,0,0.968921242202369,2.12910844224337,4.81104293830376,0.990566037735849,1,"very_hard"
1023,"-2:-1|-1:1|1:-2|2:2",4,TRUE,0,2,2,"off_axis",2.17869416052972,2.82842712474619,3,4,2,2.19016892392373,3,8,1,17,8,FALSE,17,131072,8,256,25,25,0.833333333333333,2,0.5,0.333333333333333,0.899027097085065,8.33333333333333,6,10,1.79805419417013,10,10,10,0,8.33333333333333,6,10,1.79805419417013,0,2.19016892392373,2.82842712474619,0.475114120418297,"F4_R17",1.19245105696373,1.31554133254013,0,0.968921242202369,1.01287683174684,4.48979046345308,0.962264150943396,3,"very_hard"
720,"-2:-1|-2:2|-1:1|0:-2",4,TRUE,1,2,1,"mixed",2.11967716615477,2.82842712474619,2.75,4,2,2.08371941369913,3,8,1,17,8,FALSE,17,131072,8,256,25,25,0.833333333333333,2,0.5,0.333333333333333,0.899027097085065,8.33333333333333,6,10,1.79805419417013,10,10,10,0,8.33333333333333,6,10,1.79805419417013,0,2.08371941369913,2.82842712474619,0.419143842948326,"F4_R17",0.678872779240774,1.31554133254013,0,0.968921242202369,1.01287683174684,3.97621218573012,0.933962264150943,4,"very_hard"
1224,"-2:-1|-1:-2|1:-2|2:0",4,TRUE,1,0,3,"mixed",2.17705098312484,2.23606797749979,2.75,3,2,2.08371941369913,3,8,1,17,8,FALSE,17,131072,8,256,25,25,0.833333333333333,2,0.5,0.333333333333333,0.899027097085065,8.33333333333333,6,10,1.79805419417013,10,10,10,0,8.33333333333333,6,10,1.79805419417013,0,2.08371941369913,2.82842712474619,0.419143842948326,"F4_R17",0.678872779240774,1.31554133254013,0,0.968921242202369,1.01287683174684,3.97621218573012,0.933962264150943,4,"very_hard"
1589,"-2:-1|0:-2|0:2|2:1",4,TRUE,2,0,2,"mixed",2.11803398874989,2.23606797749979,2.5,3,2,2.18371941369913,4,4,2,17,8,FALSE,17,131072,8,256,25,25,0.833333333333333,2,0.5,0.333333333333333,0.899027097085065,8.33333333333333,6,10,1.79805419417013,9,8,10,1.01015254455221,8.33333333333333,6,10,1.79805419417013,0,2.18371941369913,2.82842712474619,0.507027856163868,"F4_R17",1.16133463053474,0.551678623323282,0,-0.616586245037871,2.12910844224337,3.22553545106352,0.905660377358491,6,"very_hard"
557,"-1:-1|-1:2|0:2|2:2",4,TRUE,1,2,1,"mixed",2.11967716615477,2.82842712474619,2.75,4,2,2.05432037668651,3,8,1,17,8,FALSE,17,131072,8,256,25,25,0.833333333333333,2,0.5,0.333333333333333,0.899027097085065,8.33333333333333,6,10,1.79805419417013,9,8,10,1.01015254455221,8.33333333333333,6,10,1.79805419417013,0,2.05432037668651,2.82842712474619,0.557542016284786,"F4_R17",0.537033641007053,0.551678623323282,0,0.968921242202369,1.01287683174684,3.07051033827955,0.877358490566038,7,"very_hard"
1610,"-1:-2|-1:0|0:2|2:0",4,TRUE,3,0,1,"mixed",1.80901699437495,2.23606797749979,2,3,2,2.05432037668651,3,8,1,17,8,FALSE,17,131072,8,256,25,25,0.833333333333333,2,0.5,0.333333333333333,0.899027097085065,8.33333333333333,6,10,1.79805419417013,9,8,10,1.01015254455221,8.33333333333333,6,10,1.79805419417013,0,2.05432037668651,2.82842712474619,0.557542016284786,"F4_R17",0.537033641007053,0.551678623323282,0,0.968921242202369,1.01287683174684,3.07051033827955,0.877358490566038,7,"very_hard"
1021,"-1:-1|-1:1|0:-2|2:2",4,TRUE,1,3,0,"mixed",1.9142135623731,2.82842712474619,2.5,4,2,2.0607698869111,2,8,1,17,8,FALSE,17,131072,8,256,25,25,0.833333333333333,2,0.5,0.333333333333333,0.899027097085065,8.33333333333333,6,10,1.79805419417013,10,10,10,0,8.33333333333333,6,10,1.79805419417013,0,2.0607698869111,2.82842712474619,0.530437422427522,"F4_R17",0.568150067436043,1.31554133254013,0,0.968921242202369,-0.103354778749678,2.74925786342887,0.839622641509434,9,"very_hard"
1566,"-1:-1|-1:2|0:-2|2:1",4,TRUE,1,1,2,"mixed",1.97158737934317,2.23606797749979,2.5,3,2,2.0607698869111,2,8,1,17,8,FALSE,17,131072,8,256,25,25,0.833333333333333,2,0.5,0.333333333333333,0.899027097085065,8.33333333333333,6,10,1.79805419417013,10,10,10,0,8.33333333333333,6,10,1.79805419417013,0,2.0607698869111,2.82842712474619,0.530437422427522,"F4_R17",0.568150067436043,1.31554133254013,0,0.968921242202369,-0.103354778749678,2.74925786342887,0.839622641509434,9,"very_hard"
1548,"-1:-1|-1:2|1:-2|1:1",4,TRUE,0,2,2,"off_axis",1.82514076993644,2.23606797749979,2.5,3,2,2.08371941369913,3,4,2,17,8,FALSE,17,131072,8,256,25,25,0.833333333333333,2,0.5,0.333333333333333,0.899027097085065,8.33333333333333,6,10,1.79805419417013,10,10,10,0,8.33333333333333,6,10,1.79805419417013,0,2.08371941369913,2.82842712474619,0.419143842948326,"F4_R17",0.678872779240774,1.31554133254013,0,-0.616586245037871,1.01287683174684,2.39070469848988,0.811320754716981,11,"very_hard"
336,"-1:-2|2:-2|2:-1|2:0",4,TRUE,1,1,2,"mixed",2.32514076993644,2.82842712474619,3,4,2,2.03650581819918,3,8,1,17,8,FALSE,17,131072,8,256,25,25,0.833333333333333,2,0.5,0.333333333333333,0.899027097085065,8.33333333333333,6,10,1.79805419417013,8,6,10,2.02030508910442,8.33333333333333,6,10,1.79805419417013,0,2.03650581819918,2.82842712474619,0.625960641681523,"F4_R17",0.451085192329231,-0.212184085893571,0,0.968921242202369,1.01287683174684,2.22069918038487,0.783018867924528,12,"hard"
596,"-2:-2|-2:0|-1:0|0:2",4,TRUE,3,1,0,"mixed",1.95710678118655,2.82842712474619,2.25,4,2,2.03650581819918,3,8,1,17,8,FALSE,17,131072,8,256,25,25,0.833333333333333,2,0.5,0.333333333333333,0.899027097085065,8.33333333333333,6,10,1.79805419417013,8,6,10,2.02030508910442,8.33333333333333,6,10,1.79805419417013,0,2.03650581819918,2.82842712474619,0.625960641681523,"F4_R17",0.451085192329231,-0.212184085893571,0,0.968921242202369,1.01287683174684,2.22069918038487,0.783018867924528,12,"hard"
1333,"-2:-1|-1:-2|1:2|2:1",4,TRUE,0,0,4,"off_axis",2.23606797749979,2.23606797749979,3,3,2,2.19016892392373,3,2,4,17,8,FALSE,17,131072,8,256,25,25,0.833333333333333,2,0.5,0.333333333333333,0.899027097085065,8.33333333333333,6,10,1.79805419417013,10,10,10,0,8.33333333333333,6,10,1.79805419417013,0,2.19016892392373,2.82842712474619,0.475114120418297,"F4_R17",1.19245105696373,1.31554133254013,0,-1.40933998865799,1.01287683174684,2.11152923259272,0.754716981132076,14,"hard"
1142,"-1:-2|-1:0|0:-2|2:-1",4,TRUE,2,0,2,"mixed",1.86803398874989,2.23606797749979,2.25,3,2,1.94164078649987,3,8,1,17,8,FALSE,17,131072,8,256,25,25,0.833333333333333,2,0.5,0.333333333333333,0.899027097085065,8.33333333333333,6,10,1.79805419417013,8,6,10,2.02030508910442,8.33333333333333,6,10,1.79805419417013,0,1.94164078649987,2.23606797749979,0.505559158204668,"F4_R17",-0.00660239583782541,-0.212184085893571,0,0.968921242202369,1.01287683174684,1.76301159221782,0.735849056603774,15,"hard"
920,"-2:-1|-1:-2|1:1|2:2",4,TRUE,0,2,2,"off_axis",2.17869416052972,2.82842712474619,3,4,2,2.1672193971357,2,4,2,17,8,FALSE,17,131072,8,256,25,25,0.833333333333333,2,0.5,0.333333333333333,0.899027097085065,8.33333333333333,6,10,1.79805419417013,10,10,10,0,8.33333333333333,6,10,1.79805419417013,0,2.1672193971357,2.82842712474619,0.580383096352714,"F4_R17",1.081728345159,1.31554133254013,0,-0.616586245037871,-0.103354778749678,1.67732865391158,0.707547169811321,16,"hard"
1047,"-2:-1|-1:1|1:2|2:-2",4,TRUE,0,2,2,"off_axis",2.17869416052972,2.82842712474619,3,4,2,2.1672193971357,2,4,2,17,8,FALSE,17,131072,8,256,25,25,0.833333333333333,2,0.5,0.333333333333333,0.899027097085065,8.33333333333333,6,10,1.79805419417013,10,10,10,0,8.33333333333333,6,10,1.79805419417013,0,2.1672193971357,2.82842712474619,0.580383096352714,"F4_R17",1.081728345159,1.31554133254013,0,-0.616586245037871,-0.103354778749678,1.67732865391158,0.707547169811321,16,"hard"
378,"-1:-1|2:-2|2:1|2:2",4,TRUE,0,3,1,"off_axis",2.32678394734132,2.82842712474619,3.25,4,2,2.12000580163574,2,8,1,17,8,FALSE,17,131072,8,256,25,25,0.833333333333333,2,0.5,0.333333333333333,0.899027097085065,8.33333333333333,6,10,1.79805419417013,8,6,10,2.02030508910442,8.33333333333333,6,10,1.79805419417013,0,2.12000580163574,2.82842712474619,0.749500130480152,"F4_R17",0.853940758247455,-0.212184085893571,0,0.968921242202369,-0.103354778749678,1.50732313580658,0.669811320754717,18,"hard"
1044,"-2:-1|0:1|0:2|2:-2",4,TRUE,2,1,1,"mixed",2.01612377556149,2.82842712474619,2.5,4,2,2.12000580163574,2,8,1,17,8,FALSE,17,131072,8,256,25,25,0.833333333333333,2,0.5,0.333333333333333,0.899027097085065,8.33333333333333,6,10,1.79805419417013,8,6,10,2.02030508910442,8.33333333333333,6,10,1.79805419417013,0,2.12000580163574,2.82842712474619,0.749500130480152,"F4_R17",0.853940758247455,-0.212184085893571,0,0.968921242202369,-0.103354778749678,1.50732313580658,0.669811320754717,18,"hard"
714,"-2:-2|-2:0|2:0|2:2",4,TRUE,2,2,0,"mixed",2.41421356237309,2.82842712474619,3,4,2,2.05432037668651,3,4,2,17,8,FALSE,17,131072,8,256,25,25,0.833333333333333,2,0.5,0.333333333333333,0.899027097085065,8.33333333333333,6,10,1.79805419417013,9,8,10,1.01015254455221,8.33333333333333,6,10,1.79805419417013,0,2.05432037668651,2.82842712474619,0.557542016284786,"F4_R17",0.537033641007053,0.551678623323282,0,-0.616586245037871,1.01287683174684,1.48500285103931,0.641509433962264,20,"hard"
836,"-2:-1|-2:2|2:-2|2:1",4,TRUE,0,2,2,"off_axis",2.53224755112299,2.82842712474619,3.5,4,2,2.0607698869111,2,4,2,17,8,FALSE,17,131072,8,256,25,25,0.833333333333333,2,0.5,0.333333333333333,0.899027097085065,8.33333333333333,6,10,1.79805419417013,10,10,10,0,8.33333333333333,6,10,1.79805419417013,0,2.0607698869111,2.82842712474619,0.530437422427522,"F4_R17",0.568150067436043,1.31554133254013,0,-0.616586245037871,-0.103354778749678,1.16375037618863,0.622641509433962,21,"hard"
570,"-1:0|2:-2|2:0|2:2",4,TRUE,2,2,0,"mixed",2.16421356237309,2.82842712474619,2.75,4,2,2.13137084989848,3,4,2,17,8,FALSE,17,131072,8,256,25,25,0.833333333333333,2,0.5,0.333333333333333,0.899027097085065,8.33333333333333,6,10,1.79805419417013,8,8,8,0,8.33333333333333,6,10,1.79805419417013,0,2.13137084989848,2.82842712474619,0.712786628664839,"F4_R17",0.908772780496287,-0.212184085893571,0,-0.616586245037871,1.01287683174684,1.09287928131169,0.60377358490566,22,"hard"
980,"-1:-2|-1:-1|0:1|2:2",4,TRUE,1,2,1,"mixed",1.86967716615477,2.82842712474619,2.5,4,2,2.02514076993644,2,8,1,17,8,FALSE,17,131072,8,256,25,25,0.833333333333333,2,0.5,0.333333333333333,0.899027097085065,8.33333333333333,6,10,1.79805419417013,8,6,10,2.02030508910442,8.33333333333333,6,10,1.79805419417013,0,2.02514076993644,2.82842712474619,0.665669973236015,"F4_R17",0.396253170080399,-0.212184085893571,0,0.968921242202369,-0.103354778749678,1.04963554763952,0.575471698113208,23,"medium"
1503,"-1:-2|-1:2|0:-1|2:1",4,TRUE,1,0,3,"mixed",1.92705098312484,2.23606797749979,2.5,3,2,2.02514076993644,2,8,1,17,8,FALSE,17,131072,8,256,25,25,0.833333333333333,2,0.5,0.333333333333333,0.899027097085065,8.33333333333333,6,10,1.79805419417013,8,6,10,2.02030508910442,8.33333333333333,6,10,1.79805419417013,0,2.02514076993644,2.82842712474619,0.665669973236015,"F4_R17",0.396253170080399,-0.212184085893571,0,0.968921242202369,-0.103354778749678,1.04963554763952,0.575471698113208,23,"medium"
1013,"-2:-2|-1:1|1:-1|2:2",4,TRUE,0,4,0,"diagonal_only",2.12132034355964,2.82842712474619,3,4,2,2.1672193971357,2,2,4,17,8,FALSE,17,131072,8,256,25,25,0.833333333333333,2,0.5,0.333333333333333,0.899027097085065,8.33333333333333,6,10,1.79805419417013,10,10,10,0,8.33333333333333,6,10,1.79805419417013,0,2.1672193971357,2.82842712474619,0.580383096352714,"F4_R17",1.081728345159,1.31554133254013,0,-1.40933998865799,-0.103354778749678,0.884574910291463,0.547169811320755,25,"medium"
1605,"-1:-2|-1:0|1:0|1:2",4,TRUE,2,0,2,"mixed",1.61803398874989,2.23606797749979,2,3,2,2.03650581819918,3,4,2,17,8,FALSE,17,131072,8,256,25,25,0.833333333333333,2,0.5,0.333333333333333,0.899027097085065,8.33333333333333,6,10,1.79805419417013,8,6,10,2.02030508910442,8.33333333333333,6,10,1.79805419417013,0,2.03650581819918,2.82842712474619,0.625960641681523,"F4_R17",0.451085192329231,-0.212184085893571,0,-0.616586245037871,1.01287683174684,0.635191693144633,0.528301886792453,26,"medium"
976,"-2:-2|-1:0|1:0|2:2",4,TRUE,2,2,0,"mixed",1.9142135623731,2.82842712474619,2.5,4,2,2.12000580163574,2,4,2,17,8,FALSE,17,131072,8,256,25,25,0.833333333333333,2,0.5,0.333333333333333,0.899027097085065,8.33333333333333,6,10,1.79805419417013,8,6,10,2.02030508910442,8.33333333333333,6,10,1.79805419417013,0,2.12000580163574,2.82842712474619,0.749500130480152,"F4_R17",0.853940758247455,-0.212184085893571,0,-0.616586245037871,-0.103354778749678,-0.0781843514336651,0.509433962264151,27,"medium"
1695,"-2:0|0:-2|0:2|2:0",4,TRUE,4,0,0,"axis_only",2,2,2,2,2,2.13137084989848,3,1,8,17,8,FALSE,17,131072,8,256,25,25,0.833333333333333,2,0.5,0.333333333333333,0.899027097085065,8.33333333333333,6,10,1.79805419417013,8,8,8,0,8.33333333333333,6,10,1.79805419417013,0,2.13137084989848,2.82842712474619,0.712786628664839,"F4_R17",0.908772780496287,-0.212184085893571,0,-1.80571686046805,1.01287683174684,-0.0962513341184912,0.490566037735849,28,"medium"
444,"-2:-1|-1:0|1:-2|2:-2",4,TRUE,1,1,2,"mixed",2.07514076993644,2.82842712474619,2.75,4,2,2.00219124314841,1,8,1,17,8,FALSE,17,131072,8,256,25,25,0.833333333333333,2,0.5,0.333333333333333,0.899027097085065,8.33333333333333,6,10,1.79805419417013,8,6,10,2.02030508910442,8.33333333333333,6,10,1.79805419417013,0,2.00219124314841,2.82842712474619,0.738790472371199,"F4_R17",0.285530458275668,-0.212184085893571,0,0.968921242202369,-1.2195863892462,-0.177318774661733,0.462264150943396,29,"medium"
841,"-2:-2|-1:-1|1:0|2:-2",4,TRUE,1,3,0,"mixed",2.01776695296637,2.82842712474619,2.75,4,2,2.00219124314841,1,8,1,17,8,FALSE,17,131072,8,256,25,25,0.833333333333333,2,0.5,0.333333333333333,0.899027097085065,8.33333333333333,6,10,1.79805419417013,8,6,10,2.02030508910442,8.33333333333333,6,10,1.79805419417013,0,2.00219124314841,2.82842712474619,0.738790472371199,"F4_R17",0.285530458275668,-0.212184085893571,0,0.968921242202369,-1.2195863892462,-0.177318774661733,0.462264150943396,29,"medium"
888,"-2:-1|-1:-1|1:-1|2:-2",4,TRUE,0,3,1,"off_axis",1.97323055674804,2.82842712474619,2.75,4,2,1.79574173292382,1,8,1,17,8,FALSE,17,131072,8,256,25,25,0.833333333333333,2,0.5,0.333333333333333,0.899027097085065,8.33333333333333,6,10,1.79805419417013,9,8,10,1.01015254455221,8.33333333333333,6,10,1.79805419417013,0,1.79574173292382,2.82842712474619,0.553083908277311,"F4_R17",-0.710509670741256,0.551678623323282,0,0.968921242202369,-1.2195863892462,-0.409496194461804,0.424528301886792,31,"medium"
1502,"-1:-1|0:-2|0:1|1:2",4,TRUE,2,1,1,"mixed",1.66257038496822,2.23606797749979,2,3,2,1.79574173292382,1,8,1,17,8,FALSE,17,131072,8,256,25,25,0.833333333333333,2,0.5,0.333333333333333,0.899027097085065,8.33333333333333,6,10,1.79805419417013,9,8,10,1.01015254455221,8.33333333333333,6,10,1.79805419417013,0,1.79574173292382,2.82842712474619,0.553083908277311,"F4_R17",-0.710509670741256,0.551678623323282,0,0.968921242202369,-1.2195863892462,-0.409496194461804,0.424528301886792,31,"medium"
545,"-2:-2|-1:-2|1:2|2:2",4,TRUE,0,2,2,"off_axis",2.53224755112299,2.82842712474619,3.5,4,2,2.02514076993644,2,4,2,17,8,FALSE,17,131072,8,256,25,25,0.833333333333333,2,0.5,0.333333333333333,0.899027097085065,8.33333333333333,6,10,1.79805419417013,8,6,10,2.02030508910442,8.33333333333333,6,10,1.79805419417013,0,2.02514076993644,2.82842712474619,0.665669973236015,"F4_R17",0.396253170080399,-0.212184085893571,0,-0.616586245037871,-0.103354778749678,-0.535871939600721,0.39622641509434,33,"easy"
577,"-2:-2|-2:0|-1:-1|0:-2",4,TRUE,2,2,0,"mixed",2.06066017177982,2.82842712474619,2.5,4,2,1.93137084989848,1,4,2,17,8,FALSE,17,131072,8,256,25,25,0.833333333333333,2,0.5,0.333333333333333,0.899027097085065,8.33333333333333,6,10,1.79805419417013,10,10,10,0,8.33333333333333,6,10,1.79805419417013,0,1.93137084989848,2.82842712474619,0.547526397296096,"F4_R17",-0.0561509220916462,1.31554133254013,0,-0.616586245037871,-1.2195863892462,-0.576782223835583,0.377358490566038,34,"easy"
1287,"-1:-2|-1:2|1:-2|1:2",4,TRUE,0,0,4,"off_axis",2.23606797749979,2.23606797749979,3,3,2,1.94164078649987,3,2,4,17,8,FALSE,17,131072,8,256,25,25,0.833333333333333,2,0.5,0.333333333333333,0.899027097085065,8.33333333333333,6,10,1.79805419417013,8,6,10,2.02030508910442,8.33333333333333,6,10,1.79805419417013,0,1.94164078649987,2.23606797749979,0.505559158204668,"F4_R17",-0.00660239583782541,-0.212184085893571,0,-1.40933998865799,1.01287683174684,-0.615249638642544,0.358490566037736,35,"easy"
1307,"-2:-1|-1:-1|1:-2|2:-1",4,TRUE,0,1,3,"off_axis",2.03060437371812,2.23606797749979,2.75,3,2,1.80087670122451,1,8,1,17,8,FALSE,17,131072,8,256,25,25,0.833333333333333,2,0.5,0.333333333333333,0.899027097085065,8.33333333333333,6,10,1.79805419417013,8,6,10,2.02030508910442,8.33333333333333,6,10,1.79805419417013,0,1.80087670122451,2.23606797749979,0.534210847873044,"F4_R17",-0.685735407614345,-0.212184085893571,0,0.968921242202369,-1.2195863892462,-1.14858464055175,0.330188679245283,36,"easy"
1550,"-1:-1|0:1|0:2|1:-2",4,TRUE,2,1,1,"mixed",1.66257038496822,2.23606797749979,2,3,2,1.80087670122451,1,8,1,17,8,FALSE,17,131072,8,256,25,25,0.833333333333333,2,0.5,0.333333333333333,0.899027097085065,8.33333333333333,6,10,1.79805419417013,8,6,10,2.02030508910442,8.33333333333333,6,10,1.79805419417013,0,1.80087670122451,2.23606797749979,0.534210847873044,"F4_R17",-0.685735407614345,-0.212184085893571,0,0.968921242202369,-1.2195863892462,-1.14858464055175,0.330188679245283,36,"easy"
1335,"-1:-2|-1:-1|0:-1|2:-1",4,TRUE,1,1,2,"mixed",1.72158737934317,2.23606797749979,2.25,3,2,1.65366310572456,2,8,1,17,8,FALSE,17,131072,8,256,25,25,0.833333333333333,2,0.5,0.333333333333333,0.899027097085065,8.33333333333333,6,10,1.79805419417013,7,6,8,1.01015254455221,8.33333333333333,6,10,1.79805419417013,0,1.65366310572456,2.23606797749979,0.543035023185446,"F4_R17",-1.39598484581985,-0.976046795110423,0,0.968921242202369,-0.103354778749678,-1.50646517747759,0.292452830188679,38,"easy"
1701,"-1:-1|-1:0|0:1|2:0",4,TRUE,3,1,0,"mixed",1.35355339059327,2,1.5,2,2,1.65366310572456,2,8,1,17,8,FALSE,17,131072,8,256,25,25,0.833333333333333,2,0.5,0.333333333333333,0.899027097085065,8.33333333333333,6,10,1.79805419417013,7,6,8,1.01015254455221,8.33333333333333,6,10,1.79805419417013,0,1.65366310572456,2.23606797749979,0.543035023185446,"F4_R17",-1.39598484581985,-0.976046795110423,0,0.968921242202369,-0.103354778749678,-1.50646517747759,0.292452830188679,38,"easy"
1426,"-1:-2|-1:-1|1:1|1:2",4,TRUE,0,2,2,"off_axis",1.82514076993644,2.23606797749979,2.5,3,2,2.00219124314841,1,4,2,17,8,FALSE,17,131072,8,256,25,25,0.833333333333333,2,0.5,0.333333333333333,0.899027097085065,8.33333333333333,6,10,1.79805419417013,8,6,10,2.02030508910442,8.33333333333333,6,10,1.79805419417013,0,2.00219124314841,2.82842712474619,0.738790472371199,"F4_R17",0.285530458275668,-0.212184085893571,0,-0.616586245037871,-1.2195863892462,-1.76282626190197,0.264150943396226,40,"easy"
1714,"-1:-1|-1:1|1:-1|1:1",4,TRUE,0,4,0,"diagonal_only",1.4142135623731,1.4142135623731,2,2,1,1.93137084989848,1,1,8,17,8,FALSE,17,131072,8,256,25,25,0.833333333333333,2,0.5,0.333333333333333,0.899027097085065,8.33333333333333,6,10,1.79805419417013,10,10,10,0,8.33333333333333,6,10,1.79805419417013,0,1.93137084989848,2.82842712474619,0.547526397296096,"F4_R17",-0.0561509220916462,1.31554133254013,0,-1.80571686046805,-1.2195863892462,-1.76591283926576,0.245283018867925,41,"easy"
1677,"-1:-1|0:-2|0:2|1:1",4,TRUE,2,2,0,"mixed",1.70710678118655,2,2,2,2,1.79574173292382,1,4,2,17,8,FALSE,17,131072,8,256,25,25,0.833333333333333,2,0.5,0.333333333333333,0.899027097085065,8.33333333333333,6,10,1.79805419417013,9,8,10,1.01015254455221,8.33333333333333,6,10,1.79805419417013,0,1.79574173292382,2.82842712474619,0.553083908277311,"F4_R17",-0.710509670741256,0.551678623323282,0,-0.616586245037871,-1.2195863892462,-1.99500368170204,0.226415094339623,42,"easy"
1080,"-1:-2|0:-2|0:1|1:-2",4,TRUE,2,0,2,"mixed",1.86803398874989,2.23606797749979,2.25,3,2,1.79442719099992,2,4,2,17,8,FALSE,17,131072,8,256,25,25,0.833333333333333,2,0.5,0.333333333333333,0.899027097085065,8.33333333333333,6,10,1.79805419417013,7,6,8,1.01015254455221,8.33333333333333,6,10,1.79805419417013,0,1.79442719099992,2.23606797749979,0.557804282880804,"F4_R17",-0.716851834043335,-0.976046795110423,0,-0.616586245037871,-0.103354778749678,-2.41283965294131,0.19811320754717,43,"very_easy"
1574,"-2:-1|0:-2|0:-1|2:-1",4,TRUE,2,0,2,"mixed",1.86803398874989,2.23606797749979,2.25,3,2,1.79442719099992,2,4,2,17,8,FALSE,17,131072,8,256,25,25,0.833333333333333,2,0.5,0.333333333333333,0.899027097085065,8.33333333333333,6,10,1.79805419417013,7,6,8,1.01015254455221,8.33333333333333,6,10,1.79805419417013,0,1.79442719099992,2.23606797749979,0.557804282880804,"F4_R17",-0.716851834043335,-0.976046795110423,0,-0.616586245037871,-0.103354778749678,-2.41283965294131,0.19811320754717,43,"very_easy"
1500,"-1:-2|0:-1|0:1|1:2",4,TRUE,2,0,2,"mixed",1.61803398874989,2.23606797749979,2,3,2,1.80087670122451,1,4,2,17,8,FALSE,17,131072,8,256,25,25,0.833333333333333,2,0.5,0.333333333333333,0.899027097085065,8.33333333333333,6,10,1.79805419417013,8,6,10,2.02030508910442,8.33333333333333,6,10,1.79805419417013,0,1.80087670122451,2.23606797749979,0.534210847873044,"F4_R17",-0.685735407614345,-0.212184085893571,0,-0.616586245037871,-1.2195863892462,-2.73409212779199,0.169811320754717,45,"very_easy"
1059,"-1:-1|-1:0|0:-1|2:2",4,TRUE,2,2,0,"mixed",1.56066017177982,2.82842712474619,2,4,2,1.8142135623731,2,4,2,17,8,FALSE,17,131072,8,256,25,25,0.833333333333333,2,0.5,0.333333333333333,0.899027097085065,8.33333333333333,6,10,1.79805419417013,6,6,6,0,8.33333333333333,6,10,1.79805419417013,0,1.8142135623731,2.82842712474619,0.887336307346334,"F4_R17",-0.621390140412395,-1.73990950432728,0,-0.616586245037871,-0.103354778749678,-3.08124066852722,0.150943396226415,46,"very_easy"
1217,"-1:-2|0:-2|0:2|1:2",4,TRUE,2,0,2,"mixed",2.11803398874989,2.23606797749979,2.5,3,2,1.65366310572456,2,4,2,17,8,FALSE,17,131072,8,256,25,25,0.833333333333333,2,0.5,0.333333333333333,0.899027097085065,8.33333333333333,6,10,1.79805419417013,7,6,8,1.01015254455221,8.33333333333333,6,10,1.79805419417013,0,1.65366310572456,2.23606797749979,0.543035023185446,"F4_R17",-1.39598484581985,-0.976046795110423,0,-0.616586245037871,-0.103354778749678,-3.09197266471783,0.132075471698113,47,"very_easy"
1698,"-1:0|0:-2|0:2|1:0",4,TRUE,4,0,0,"axis_only",1.5,2,1.5,2,2,1.79442719099992,2,2,4,17,8,FALSE,17,131072,8,256,25,25,0.833333333333333,2,0.5,0.333333333333333,0.899027097085065,8.33333333333333,6,10,1.79805419417013,7,6,8,1.01015254455221,8.33333333333333,6,10,1.79805419417013,0,1.79442719099992,2.23606797749979,0.557804282880804,"F4_R17",-0.716851834043335,-0.976046795110423,0,-1.40933998865799,-0.103354778749678,-3.20559339656143,0.113207547169811,48,"very_easy"
398,"-2:-2|-1:-2|-1:-1|-1:0",4,TRUE,1,2,1,"mixed",1.86967716615477,2.82842712474619,2.5,4,2,1.6128990204492,1,8,1,17,8,FALSE,17,131072,8,256,25,25,0.833333333333333,2,0.5,0.333333333333333,0.899027097085065,8.33333333333333,6,10,1.79805419417013,6,6,6,0,8.33333333333333,6,10,1.79805419417013,0,1.6128990204492,2.82842712474619,0.665462871352652,"F4_R17",-1.59265600630241,-1.73990950432728,0,0.968921242202369,-1.2195863892462,-3.58323065767351,0.0849056603773585,49,"very_easy"
1118,"-1:-2|0:-2|0:-1|1:0",4,TRUE,3,0,1,"mixed",1.55901699437495,2.23606797749979,1.75,3,2,1.6128990204492,1,8,1,17,8,FALSE,17,131072,8,256,25,25,0.833333333333333,2,0.5,0.333333333333333,0.899027097085065,8.33333333333333,6,10,1.79805419417013,6,6,6,0,8.33333333333333,6,10,1.79805419417013,0,1.6128990204492,2.82842712474619,0.665462871352652,"F4_R17",-1.59265600630241,-1.73990950432728,0,0.968921242202369,-1.2195863892462,-3.58323065767351,0.0849056603773585,49,"very_easy"
872,"-2:-2|-2:2|2:-2|2:2",4,TRUE,0,4,0,"diagonal_only",2.82842712474619,2.82842712474619,4,4,2,1.8142135623731,2,1,8,17,8,FALSE,17,131072,8,256,25,25,0.833333333333333,2,0.5,0.333333333333333,0.899027097085065,8.33333333333333,6,10,1.79805419417013,6,6,6,0,8.33333333333333,6,10,1.79805419417013,0,1.8142135623731,2.82842712474619,0.887336307346334,"F4_R17",-0.621390140412395,-1.73990950432728,0,-1.80571686046805,-0.103354778749678,-4.2703712839574,0.0566037735849057,51,"very_easy"
1713,"-1:-1|-1:0|1:0|1:1",4,TRUE,2,2,0,"mixed",1.20710678118655,1.4142135623731,1.5,2,1,1.6128990204492,1,4,2,17,8,FALSE,17,131072,8,256,25,25,0.833333333333333,2,0.5,0.333333333333333,0.899027097085065,8.33333333333333,6,10,1.79805419417013,6,6,6,0,8.33333333333333,6,10,1.79805419417013,0,1.6128990204492,2.82842712474619,0.665462871352652,"F4_R17",-1.59265600630241,-1.73990950432728,0,-0.616586245037871,-1.2195863892462,-5.16873814491376,0.0377358490566038,52,"very_easy"
1640,"-1:-1|0:-2|0:-1|1:-1",4,TRUE,2,2,0,"mixed",1.45710678118655,2,1.75,2,2,1.36568542494924,1,4,2,17,8,FALSE,17,131072,8,256,25,25,0.833333333333333,2,0.5,0.333333333333333,0.899027097085065,8.33333333333333,6,10,1.79805419417013,6,6,6,0,8.33333333333333,6,10,1.79805419417013,0,1.36568542494924,2,0.387159628406709,"F4_R17",-2.78536729580188,-1.73990950432728,0,-0.616586245037871,-1.2195863892462,-6.36144943441323,0.0188679245283019,53,"very_easy"
1715,"-1:0|0:-1|0:1|1:0",4,TRUE,4,0,0,"axis_only",1,1,1,1,1,1.36568542494924,1,1,8,17,8,FALSE,17,131072,8,256,25,25,0.833333333333333,2,0.5,0.333333333333333,0.899027097085065,8.33333333333333,6,10,1.79805419417013,6,6,6,0,8.33333333333333,6,10,1.79805419417013,0,1.36568542494924,2,0.387159628406709,"F4_R17",-2.78536729580188,-1.73990950432728,0,-1.80571686046805,-1.2195863892462,-7.55058004984341,0,54,"very_easy"
829,"-2:-1|-1:2|1:-2|2:2",4,TRUE,0,1,3,"off_axis",2.38415776431139,2.82842712474619,3.25,4,2,2.18951165296178,4,8,1,21,4,FALSE,21,2097152,4,16,25,25,0.833333333333333,3,0.5,0.166666666666667,1.06897047752888,8.33333333333333,4,10,2.13794095505776,10,10,10,0,8.33333333333333,4,10,2.13794095505776,0.166666666666667,2.18951165296178,2.82842712474619,0.343250348457488,"F4_R21",1.30061599065915,1.41882071060277,1.08778345653519,0.251662716816805,2.03338756711756,6.09227044173148,0.99501246882793,1,"very_hard"
1024,"-2:-1|-1:1|0:-2|2:2",4,TRUE,1,2,1,"mixed",2.11967716615477,2.82842712474619,2.75,4,2,2.18951165296178,4,8,1,21,4,FALSE,21,2097152,4,16,25,25,0.833333333333333,3,0.5,0.166666666666667,1.06897047752888,8.33333333333333,4,10,2.13794095505776,10,10,10,0,8.33333333333333,4,10,2.13794095505776,0.166666666666667,2.18951165296178,2.82842712474619,0.343250348457488,"F4_R21",1.30061599065915,1.41882071060277,1.08778345653519,0.251662716816805,2.03338756711756,6.09227044173148,0.99501246882793,1,"very_hard"
1229,"-1:-2|1:2|2:-1|2:1",4,TRUE,0,0,4,"off_axis",2.23606797749979,2.23606797749979,3,3,2,2.18951165296178,4,8,1,21,4,FALSE,21,2097152,4,16,25,25,0.833333333333333,3,0.5,0.166666666666667,1.06897047752888,8.33333333333333,4,10,2.13794095505776,10,10,10,0,8.33333333333333,4,10,2.13794095505776,0.166666666666667,2.18951165296178,2.82842712474619,0.343250348457488,"F4_R21",1.30061599065915,1.41882071060277,1.08778345653519,0.251662716816805,2.03338756711756,6.09227044173148,0.99501246882793,1,"very_hard"
1543,"-1:-1|-1:2|1:-2|2:1",4,TRUE,0,1,3,"off_axis",2.03060437371812,2.23606797749979,2.75,3,2,2.18951165296178,4,8,1,21,4,FALSE,21,2097152,4,16,25,25,0.833333333333333,3,0.5,0.166666666666667,1.06897047752888,8.33333333333333,4,10,2.13794095505776,10,10,10,0,8.33333333333333,4,10,2.13794095505776,0.166666666666667,2.18951165296178,2.82842712474619,0.343250348457488,"F4_R21",1.30061599065915,1.41882071060277,1.08778345653519,0.251662716816805,2.03338756711756,6.09227044173148,0.99501246882793,1,"very_hard"
1558,"-2:-1|-1:2|0:-2|2:1",4,TRUE,1,0,3,"mixed",2.17705098312484,2.23606797749979,2.75,3,2,2.18951165296178,4,8,1,21,4,FALSE,21,2097152,4,16,25,25,0.833333333333333,3,0.5,0.166666666666667,1.06897047752888,8.33333333333333,4,10,2.13794095505776,10,10,10,0,8.33333333333333,4,10,2.13794095505776,0.166666666666667,2.18951165296178,2.82842712474619,0.343250348457488,"F4_R21",1.30061599065915,1.41882071060277,1.08778345653519,0.251662716816805,2.03338756711756,6.09227044173148,0.99501246882793,1,"very_hard"
664,"-1:-2|0:2|2:-2|2:0",4,TRUE,2,1,1,"mixed",2.26612377556149,2.82842712474619,2.75,4,2,2.23716308916112,4,8,1,21,4,FALSE,21,2097152,4,16,25,25,0.833333333333333,3,0.5,0.25,0.98766077251289,8.33333333333333,4,10,1.97532154502578,10,10,10,0,8.33333333333333,4,10,1.97532154502578,0.0833333333333333,2.23716308916112,2.82842712474619,0.4655955713982,"F4_R21",1.56206510650484,1.41882071060277,0.659226084974316,0.251662716816805,2.03338756711756,5.9251621860163,0.986284289276808,6,"very_hard"
676,"-1:-1|-1:2|2:0|2:2",4,TRUE,1,2,1,"mixed",2.11967716615477,2.82842712474619,2.75,4,2,2.23716308916112,4,8,1,21,4,FALSE,21,2097152,4,16,25,25,0.833333333333333,3,0.5,0.25,0.98766077251289,8.33333333333333,4,10,1.97532154502578,10,10,10,0,8.33333333333333,4,10,1.97532154502578,0.0833333333333333,2.23716308916112,2.82842712474619,0.4655955713982,"F4_R21",1.56206510650484,1.41882071060277,0.659226084974316,0.251662716816805,2.03338756711756,5.9251621860163,0.986284289276808,6,"very_hard"
796,"-1:-1|0:2|2:-2|2:1",4,TRUE,1,2,1,"mixed",2.11967716615477,2.82842712474619,2.75,4,2,2.22514076993644,4,8,1,21,4,FALSE,21,2097152,4,16,25,25,0.833333333333333,3,0.5,0.25,0.98766077251289,8.33333333333333,4,10,1.97532154502578,10,10,10,0,8.33333333333333,4,10,1.97532154502578,0.0833333333333333,2.22514076993644,2.82842712474619,0.406541721197299,"F4_R21",1.49610225244608,1.41882071060277,0.659226084974316,0.251662716816805,2.03338756711756,5.85919933195753,0.977556109725686,8,"very_hard"
801,"-2:-1|-2:2|0:-2|2:1",4,TRUE,1,1,2,"mixed",2.32514076993644,2.82842712474619,3,4,2,2.22514076993644,4,8,1,21,4,FALSE,21,2097152,4,16,25,25,0.833333333333333,3,0.5,0.25,0.98766077251289,8.33333333333333,4,10,1.97532154502578,10,10,10,0,8.33333333333333,4,10,1.97532154502578,0.0833333333333333,2.22514076993644,2.82842712474619,0.406541721197299,"F4_R21",1.49610225244608,1.41882071060277,0.659226084974316,0.251662716816805,2.03338756711756,5.85919933195753,0.977556109725686,8,"very_hard"
809,"-1:-1|-1:2|2:-2|2:1",4,TRUE,0,2,2,"off_axis",2.17869416052972,2.82842712474619,3,4,2,2.22514076993644,4,8,1,21,4,FALSE,21,2097152,4,16,25,25,0.833333333333333,3,0.5,0.25,0.98766077251289,8.33333333333333,4,10,1.97532154502578,10,10,10,0,8.33333333333333,4,10,1.97532154502578,0.0833333333333333,2.22514076993644,2.82842712474619,0.406541721197299,"F4_R21",1.49610225244608,1.41882071060277,0.659226084974316,0.251662716816805,2.03338756711756,5.85919933195753,0.977556109725686,8,"very_hard"
1051,"-2:-1|-2:1|0:-2|2:2",4,TRUE,1,1,2,"mixed",2.32514076993644,2.82842712474619,3,4,2,2.22514076993644,4,8,1,21,4,FALSE,21,2097152,4,16,25,25,0.833333333333333,3,0.5,0.25,0.98766077251289,8.33333333333333,4,10,1.97532154502578,10,10,10,0,8.33333333333333,4,10,1.97532154502578,0.0833333333333333,2.22514076993644,2.82842712474619,0.406541721197299,"F4_R21",1.49610225244608,1.41882071060277,0.659226084974316,0.251662716816805,2.03338756711756,5.85919933195753,0.977556109725686,8,"very_hard"
1260,"-1:-2|0:2|2:-1|2:1",4,TRUE,1,0,3,"mixed",2.17705098312484,2.23606797749979,2.75,3,2,2.22514076993644,4,8,1,21,4,FALSE,21,2097152,4,16,25,25,0.833333333333333,3,0.5,0.25,0.98766077251289,8.33333333333333,4,10,1.97532154502578,10,10,10,0,8.33333333333333,4,10,1.97532154502578,0.0833333333333333,2.22514076993644,2.82842712474619,0.406541721197299,"F4_R21",1.49610225244608,1.41882071060277,0.659226084974316,0.251662716816805,2.03338756711756,5.85919933195753,0.977556109725686,8,"very_hard"
508,"-1:-2|1:2|2:-1|2:2",4,TRUE,0,1,3,"off_axis",2.38415776431139,2.82842712474619,3.25,4,2,2.14809029672447,4,8,1,21,4,FALSE,21,2097152,4,16,25,25,0.833333333333333,3,0.5,0.166666666666667,1.06897047752888,8.33333333333333,4,10,2.13794095505776,9,8,10,1.01015254455221,8.33333333333333,4,10,2.13794095505776,0.166666666666667,2.14809029672447,2.82842712474619,0.454249169409344,"F4_R21",1.07334945203753,0.567528284241106,1.08778345653519,0.251662716816805,2.03338756711756,5.01371147674819,0.965087281795511,13,"very_hard"
963,"-2:-1|0:-2|1:0|2:2",4,TRUE,2,1,1,"mixed",2.01612377556149,2.82842712474619,2.5,4,2,2.14809029672447,4,8,1,21,4,FALSE,21,2097152,4,16,25,25,0.833333333333333,3,0.5,0.166666666666667,1.06897047752888,8.33333333333333,4,10,2.13794095505776,9,8,10,1.01015254455221,8.33333333333333,4,10,2.13794095505776,0.166666666666667,2.14809029672447,2.82842712474619,0.454249169409344,"F4_R21",1.07334945203753,0.567528284241106,1.08778345653519,0.251662716816805,2.03338756711756,5.01371147674819,0.965087281795511,13,"very_hard"
1145,"-1:-2|1:2|2:-1|2:0",4,TRUE,1,0,3,"mixed",2.17705098312484,2.23606797749979,2.75,3,2,2.14809029672447,4,8,1,21,4,FALSE,21,2097152,4,16,25,25,0.833333333333333,3,0.5,0.166666666666667,1.06897047752888,8.33333333333333,4,10,2.13794095505776,9,8,10,1.01015254455221,8.33333333333333,4,10,2.13794095505776,0.166666666666667,2.14809029672447,2.82842712474619,0.454249169409344,"F4_R21",1.07334945203753,0.567528284241106,1.08778345653519,0.251662716816805,2.03338756711756,5.01371147674819,0.965087281795511,13,"very_hard"
1279,"-1:-2|-1:2|1:-2|2:1",4,TRUE,0,0,4,"off_axis",2.23606797749979,2.23606797749979,3,3,2,2.14809029672447,4,8,1,21,4,FALSE,21,2097152,4,16,25,25,0.833333333333333,3,0.5,0.166666666666667,1.06897047752888,8.33333333333333,4,10,2.13794095505776,9,8,10,1.01015254455221,8.33333333333333,4,10,2.13794095505776,0.166666666666667,2.14809029672447,2.82842712474619,0.454249169409344,"F4_R21",1.07334945203753,0.567528284241106,1.08778345653519,0.251662716816805,2.03338756711756,5.01371147674819,0.965087281795511,13,"very_hard"
1563,"-1:-2|-1:0|1:2|2:-1",4,TRUE,1,0,3,"mixed",1.92705098312484,2.23606797749979,2.5,3,2,2.14809029672447,4,8,1,21,4,FALSE,21,2097152,4,16,25,25,0.833333333333333,3,0.5,0.166666666666667,1.06897047752888,8.33333333333333,4,10,2.13794095505776,9,8,10,1.01015254455221,8.33333333333333,4,10,2.13794095505776,0.166666666666667,2.14809029672447,2.82842712474619,0.454249169409344,"F4_R21",1.07334945203753,0.567528284241106,1.08778345653519,0.251662716816805,2.03338756711756,5.01371147674819,0.965087281795511,13,"very_hard"
550,"-1:-2|0:-2|2:-2|2:0",4,TRUE,2,1,1,"mixed",2.26612377556149,2.82842712474619,2.75,4,2,2.17213493517384,4,8,1,21,4,FALSE,21,2097152,4,16,25,25,0.833333333333333,3,0.5,0.25,0.98766077251289,8.33333333333333,4,10,1.97532154502578,9,8,10,1.01015254455221,8.33333333333333,4,10,1.97532154502578,0.0833333333333333,2.17213493517384,2.82842712474619,0.559592930816039,"F4_R21",1.20527516015506,0.567528284241106,0.659226084974316,0.251662716816805,2.03338756711756,4.71707981330485,0.952618453865337,18,"very_hard"
566,"-2:-2|-2:0|-2:2|0:-2",4,TRUE,2,2,0,"mixed",2.41421356237309,2.82842712474619,3,4,2,2.17213493517384,4,8,1,21,4,FALSE,21,2097152,4,16,25,25,0.833333333333333,3,0.5,0.25,0.98766077251289,8.33333333333333,4,10,1.97532154502578,9,8,10,1.01015254455221,8.33333333333333,4,10,1.97532154502578,0.0833333333333333,2.17213493517384,2.82842712474619,0.559592930816039,"F4_R21",1.20527516015506,0.567528284241106,0.659226084974316,0.251662716816805,2.03338756711756,4.71707981330485,0.952618453865337,18,"very_hard"
636,"-1:0|0:-2|2:-2|2:0",4,TRUE,3,1,0,"mixed",1.95710678118655,2.82842712474619,2.25,4,2,2.17213493517384,4,8,1,21,4,FALSE,21,2097152,4,16,25,25,0.833333333333333,3,0.5,0.25,0.98766077251289,8.33333333333333,4,10,1.97532154502578,9,8,10,1.01015254455221,8.33333333333333,4,10,1.97532154502578,0.0833333333333333,2.17213493517384,2.82842712474619,0.559592930816039,"F4_R21",1.20527516015506,0.567528284241106,0.659226084974316,0.251662716816805,2.03338756711756,4.71707981330485,0.952618453865337,18,"very_hard"
637,"-2:-2|-2:0|0:-2|0:2",4,TRUE,3,1,0,"mixed",2.20710678118655,2.82842712474619,2.5,4,2,2.17213493517384,4,8,1,21,4,FALSE,21,2097152,4,16,25,25,0.833333333333333,3,0.5,0.25,0.98766077251289,8.33333333333333,4,10,1.97532154502578,9,8,10,1.01015254455221,8.33333333333333,4,10,1.97532154502578,0.0833333333333333,2.17213493517384,2.82842712474619,0.559592930816039,"F4_R21",1.20527516015506,0.567528284241106,0.659226084974316,0.251662716816805,2.03338756711756,4.71707981330485,0.952618453865337,18,"very_hard"
675,"-1:-2|-1:0|2:-2|2:0",4,TRUE,2,1,1,"mixed",2.01612377556149,2.82842712474619,2.5,4,2,2.17213493517384,4,8,1,21,4,FALSE,21,2097152,4,16,25,25,0.833333333333333,3,0.5,0.25,0.98766077251289,8.33333333333333,4,10,1.97532154502578,9,8,10,1.01015254455221,8.33333333333333,4,10,1.97532154502578,0.0833333333333333,2.17213493517384,2.82842712474619,0.559592930816039,"F4_R21",1.20527516015506,0.567528284241106,0.659226084974316,0.251662716816805,2.03338756711756,4.71707981330485,0.952618453865337,18,"very_hard"
355,"-2:-1|-2:1|-2:2|0:-2",4,TRUE,1,1,2,"mixed",2.32514076993644,2.82842712474619,3,4,2,2.16011261594915,4,8,1,21,4,FALSE,21,2097152,4,16,25,25,0.833333333333333,3,0.5,0.25,0.98766077251289,8.33333333333333,4,10,1.97532154502578,9,8,10,1.01015254455221,8.33333333333333,4,10,1.97532154502578,0.0833333333333333,2.16011261594915,2.82842712474619,0.509807683148267,"F4_R21",1.13931230609629,0.567528284241106,0.659226084974316,0.251662716816805,2.03338756711756,4.65111695924608,0.943890274314214,23,"very_hard"
774,"-2:-1|-2:2|0:-2|0:1",4,TRUE,2,1,1,"mixed",2.01612377556149,2.82842712474619,2.5,4,2,2.16011261594915,4,8,1,21,4,FALSE,21,2097152,4,16,25,25,0.833333333333333,3,0.5,0.25,0.98766077251289,8.33333333333333,4,10,1.97532154502578,9,8,10,1.01015254455221,8.33333333333333,4,10,1.97532154502578,0.0833333333333333,2.16011261594915,2.82842712474619,0.509807683148267,"F4_R21",1.13931230609629,0.567528284241106,0.659226084974316,0.251662716816805,2.03338756711756,4.65111695924608,0.943890274314214,23,"very_hard"
612,"-1:-1|0:-2|2:-2|2:1",4,TRUE,1,2,1,"mixed",2.11967716615477,2.82842712474619,2.75,4,2,2.17858444539843,3,8,1,21,4,FALSE,21,2097152,4,16,25,25,0.833333333333333,3,0.5,0.25,0.98766077251289,8.33333333333333,4,10,1.97532154502578,10,10,10,0,8.33333333333333,4,10,1.97532154502578,0.0833333333333333,2.17858444539843,2.82842712474619,0.531005141498437,"F4_R21",1.24066168531255,1.41882071060277,0.659226084974316,0.251662716816805,0.964862335769511,4.53523353347595,0.935162094763092,25,"very_hard"
667,"-1:-1|0:-2|2:0|2:2",4,TRUE,2,2,0,"mixed",2.06066017177982,2.82842712474619,2.5,4,2,2.17858444539843,3,8,1,21,4,FALSE,21,2097152,4,16,25,25,0.833333333333333,3,0.5,0.25,0.98766077251289,8.33333333333333,4,10,1.97532154502578,10,10,10,0,8.33333333333333,4,10,1.97532154502578,0.0833333333333333,2.17858444539843,2.82842712474619,0.531005141498437,"F4_R21",1.24066168531255,1.41882071060277,0.659226084974316,0.251662716816805,0.964862335769511,4.53523353347595,0.935162094763092,25,"very_hard"
670,"-2:-1|0:2|2:-2|2:0",4,TRUE,2,1,1,"mixed",2.26612377556149,2.82842712474619,2.75,4,2,2.17858444539843,3,8,1,21,4,FALSE,21,2097152,4,16,25,25,0.833333333333333,3,0.5,0.25,0.98766077251289,8.33333333333333,4,10,1.97532154502578,10,10,10,0,8.33333333333333,4,10,1.97532154502578,0.0833333333333333,2.17858444539843,2.82842712474619,0.531005141498437,"F4_R21",1.24066168531255,1.41882071060277,0.659226084974316,0.251662716816805,0.964862335769511,4.53523353347595,0.935162094763092,25,"very_hard"
681,"-2:-1|-2:2|0:2|2:-2",4,TRUE,1,2,1,"mixed",2.47323055674804,2.82842712474619,3.25,4,2,2.17858444539843,3,8,1,21,4,FALSE,21,2097152,4,16,25,25,0.833333333333333,3,0.5,0.25,0.98766077251289,8.33333333333333,4,10,1.97532154502578,10,10,10,0,8.33333333333333,4,10,1.97532154502578,0.0833333333333333,2.17858444539843,2.82842712474619,0.531005141498437,"F4_R21",1.24066168531255,1.41882071060277,0.659226084974316,0.251662716816805,0.964862335769511,4.53523353347595,0.935162094763092,25,"very_hard"
808,"-1:-1|-1:1|2:-1|2:2",4,TRUE,0,3,1,"off_axis",1.97323055674804,2.82842712474619,2.75,4,2,2.17858444539843,3,8,1,21,4,FALSE,21,2097152,4,16,25,25,0.833333333333333,3,0.5,0.25,0.98766077251289,8.33333333333333,4,10,1.97532154502578,10,10,10,0,8.33333333333333,4,10,1.97532154502578,0.0833333333333333,2.17858444539843,2.82842712474619,0.531005141498437,"F4_R21",1.24066168531255,1.41882071060277,0.659226084974316,0.251662716816805,0.964862335769511,4.53523353347595,0.935162094763092,25,"very_hard"
352,"-1:-2|1:-2|2:-2|2:0",4,TRUE,1,1,2,"mixed",2.32514076993644,2.82842712474619,3,4,2,2.13650581819918,4,8,1,21,4,FALSE,21,2097152,4,16,25,25,0.833333333333333,3,0.5,0.25,0.98766077251289,8.33333333333333,4,10,1.97532154502578,9,8,10,1.01015254455221,8.33333333333333,4,10,1.97532154502578,0.0833333333333333,2.13650581819918,2.82842712474619,0.511362981323306,"F4_R21",1.00978889836813,0.567528284241106,0.659226084974316,0.251662716816805,2.03338756711756,4.52159355151792,0.92643391521197,30,"very_hard"
1255,"-1:-2|-1:0|1:-2|2:0",4,TRUE,2,0,2,"mixed",1.86803398874989,2.23606797749979,2.25,3,2,2.13650581819918,4,8,1,21,4,FALSE,21,2097152,4,16,25,25,0.833333333333333,3,0.5,0.25,0.98766077251289,8.33333333333333,4,10,1.97532154502578,9,8,10,1.01015254455221,8.33333333333333,4,10,1.97532154502578,0.0833333333333333,2.13650581819918,2.82842712474619,0.511362981323306,"F4_R21",1.00978889836813,0.567528284241106,0.659226084974316,0.251662716816805,2.03338756711756,4.52159355151792,0.92643391521197,30,"very_hard"
553,"-2:-1|-2:0|-2:2|0:-2",4,TRUE,2,1,1,"mixed",2.26612377556149,2.82842712474619,2.75,4,2,2.13650581819918,4,8,1,21,4,FALSE,21,2097152,4,16,25,25,0.833333333333333,3,0.5,0.25,0.98766077251289,8.33333333333333,4,10,1.97532154502578,9,8,10,1.01015254455221,8.33333333333333,4,10,1.97532154502578,0.0833333333333333,2.13650581819918,2.82842712474619,0.511362981323306,"F4_R21",1.00978889836813,0.567528284241106,0.659226084974316,0.251662716816805,2.03338756711756,4.52159355151792,0.920199501246883,32,"very_hard"
642,"-2:-2|-1:0|0:-2|2:0",4,TRUE,3,1,0,"mixed",1.95710678118655,2.82842712474619,2.25,4,2,2.13650581819918,4,8,1,21,4,FALSE,21,2097152,4,16,25,25,0.833333333333333,3,0.5,0.25,0.98766077251289,8.33333333333333,4,10,1.97532154502578,9,8,10,1.01015254455221,8.33333333333333,4,10,1.97532154502578,0.0833333333333333,2.13650581819918,2.82842712474619,0.511362981323306,"F4_R21",1.00978889836813,0.567528284241106,0.659226084974316,0.251662716816805,2.03338756711756,4.52159355151792,0.920199501246883,32,"very_hard"
679,"-2:-1|-2:2|0:-2|0:2",4,TRUE,2,1,1,"mixed",2.26612377556149,2.82842712474619,2.75,4,2,2.13650581819918,4,8,1,21,4,FALSE,21,2097152,4,16,25,25,0.833333333333333,3,0.5,0.25,0.98766077251289,8.33333333333333,4,10,1.97532154502578,9,8,10,1.01015254455221,8.33333333333333,4,10,1.97532154502578,0.0833333333333333,2.13650581819918,2.82842712474619,0.511362981323306,"F4_R21",1.00978889836813,0.567528284241106,0.659226084974316,0.251662716816805,2.03338756711756,4.52159355151792,0.920199501246883,32,"very_hard"
799,"-1:-2|0:-2|2:-1|2:2",4,TRUE,1,1,2,"mixed",2.32514076993644,2.82842712474619,3,4,2,2.12448349897449,4,8,1,21,4,FALSE,21,2097152,4,16,25,25,0.833333333333333,3,0.5,0.25,0.98766077251289,8.33333333333333,4,10,1.97532154502578,9,8,10,1.01015254455221,8.33333333333333,4,10,1.97532154502578,0.0833333333333333,2.12448349897449,2.82842712474619,0.455301929840818,"F4_R21",0.943826044309365,0.567528284241106,0.659226084974316,0.251662716816805,2.03338756711756,4.45563069745916,0.910224438902743,35,"very_hard"
803,"-2:-1|-2:2|0:-2|2:-1",4,TRUE,1,1,2,"mixed",2.32514076993644,2.82842712474619,3,4,2,2.12448349897449,4,8,1,21,4,FALSE,21,2097152,4,16,25,25,0.833333333333333,3,0.5,0.25,0.98766077251289,8.33333333333333,4,10,1.97532154502578,9,8,10,1.01015254455221,8.33333333333333,4,10,1.97532154502578,0.0833333333333333,2.12448349897449,2.82842712474619,0.455301929840818,"F4_R21",0.943826044309365,0.567528284241106,0.659226084974316,0.251662716816805,2.03338756711756,4.45563069745916,0.910224438902743,35,"very_hard"
1258,"-1:-2|0:1|1:-2|2:0",4,TRUE,2,0,2,"mixed",1.86803398874989,2.23606797749979,2.25,3,2,2.12448349897449,4,8,1,21,4,FALSE,21,2097152,4,16,25,25,0.833333333333333,3,0.5,0.25,0.98766077251289,8.33333333333333,4,10,1.97532154502578,9,8,10,1.01015254455221,8.33333333333333,4,10,1.97532154502578,0.0833333333333333,2.12448349897449,2.82842712474619,0.455301929840818,"F4_R21",0.943826044309365,0.567528284241106,0.659226084974316,0.251662716816805,2.03338756711756,4.45563069745916,0.910224438902743,35,"very_hard"
1261,"-1:-2|1:-2|1:2|2:0",4,TRUE,1,0,3,"mixed",2.17705098312484,2.23606797749979,2.75,3,2,2.12448349897449,4,8,1,21,4,FALSE,21,2097152,4,16,25,25,0.833333333333333,3,0.5,0.25,0.98766077251289,8.33333333333333,4,10,1.97532154502578,9,8,10,1.01015254455221,8.33333333333333,4,10,1.97532154502578,0.0833333333333333,2.12448349897449,2.82842712474619,0.455301929840818,"F4_R21",0.943826044309365,0.567528284241106,0.659226084974316,0.251662716816805,2.03338756711756,4.45563069745916,0.910224438902743,35,"very_hard"
1274,"-1:-2|-1:0|2:-1|2:1",4,TRUE,1,0,3,"mixed",1.92705098312484,2.23606797749979,2.5,3,2,2.12448349897449,4,8,1,21,4,FALSE,21,2097152,4,16,25,25,0.833333333333333,3,0.5,0.25,0.98766077251289,8.33333333333333,4,10,1.97532154502578,9,8,10,1.01015254455221,8.33333333333333,4,10,1.97532154502578,0.0833333333333333,2.12448349897449,2.82842712474619,0.455301929840818,"F4_R21",0.943826044309365,0.567528284241106,0.659226084974316,0.251662716816805,2.03338756711756,4.45563069745916,0.910224438902743,35,"very_hard"
1025,"-2:-1|-1:-2|-1:1|2:2",4,TRUE,0,2,2,"off_axis",2.17869416052972,2.82842712474619,3,4,2,2.10732621144911,3,8,1,21,4,FALSE,21,2097152,4,16,25,25,0.833333333333333,3,0.5,0.25,0.98766077251289,8.33333333333333,4,10,1.97532154502578,10,10,10,0,8.33333333333333,4,10,1.97532154502578,0.0833333333333333,2.10732621144911,2.82842712474619,0.420550219671977,"F4_R21",0.849689161738699,1.41882071060277,0.659226084974316,0.251662716816805,0.964862335769511,4.1442610099021,0.897755610972569,40,"very_hard"
1052,"-2:-1|-1:-2|1:-2|2:2",4,TRUE,0,1,3,"off_axis",2.38415776431139,2.82842712474619,3.25,4,2,2.10732621144911,3,8,1,21,4,FALSE,21,2097152,4,16,25,25,0.833333333333333,3,0.5,0.25,0.98766077251289,8.33333333333333,4,10,1.97532154502578,10,10,10,0,8.33333333333333,4,10,1.97532154502578,0.0833333333333333,2.10732621144911,2.82842712474619,0.420550219671977,"F4_R21",0.849689161738699,1.41882071060277,0.659226084974316,0.251662716816805,0.964862335769511,4.1442610099021,0.897755610972569,40,"very_hard"
1313,"-1:-2|1:-1|1:2|2:1",4,TRUE,0,1,3,"off_axis",2.03060437371812,2.23606797749979,2.75,3,2,2.10732621144911,3,8,1,21,4,FALSE,21,2097152,4,16,25,25,0.833333333333333,3,0.5,0.25,0.98766077251289,8.33333333333333,4,10,1.97532154502578,10,10,10,0,8.33333333333333,4,10,1.97532154502578,0.0833333333333333,2.10732621144911,2.82842712474619,0.420550219671977,"F4_R21",0.849689161738699,1.41882071060277,0.659226084974316,0.251662716816805,0.964862335769511,4.1442610099021,0.897755610972569,40,"very_hard"
1511,"-1:-2|0:2|1:-1|2:1",4,TRUE,1,1,2,"mixed",1.97158737934317,2.23606797749979,2.5,3,2,2.10732621144911,3,8,1,21,4,FALSE,21,2097152,4,16,25,25,0.833333333333333,3,0.5,0.25,0.98766077251289,8.33333333333333,4,10,1.97532154502578,10,10,10,0,8.33333333333333,4,10,1.97532154502578,0.0833333333333333,2.10732621144911,2.82842712474619,0.420550219671977,"F4_R21",0.849689161738699,1.41882071060277,0.659226084974316,0.251662716816805,0.964862335769511,4.1442610099021,0.897755610972569,40,"very_hard"
1542,"-1:-1|0:2|1:-2|2:1",4,TRUE,1,1,2,"mixed",1.97158737934317,2.23606797749979,2.5,3,2,2.10732621144911,3,8,1,21,4,FALSE,21,2097152,4,16,25,25,0.833333333333333,3,0.5,0.25,0.98766077251289,8.33333333333333,4,10,1.97532154502578,10,10,10,0,8.33333333333333,4,10,1.97532154502578,0.0833333333333333,2.10732621144911,2.82842712474619,0.420550219671977,"F4_R21",0.849689161738699,1.41882071060277,0.659226084974316,0.251662716816805,0.964862335769511,4.1442610099021,0.897755610972569,40,"very_hard"
830,"-2:-1|-1:2|0:-2|2:2",4,TRUE,1,1,2,"mixed",2.32514076993644,2.82842712474619,3,4,2,2.1659048552118,4,8,1,21,4,FALSE,21,2097152,4,16,25,25,0.833333333333333,2,0.666666666666667,0.166666666666667,0.688332449299089,8.33333333333333,6,10,1.37666489859818,10,10,10,0,8.33333333333333,6,10,1.37666489859818,0,2.1659048552118,2.82842712474619,0.34778051534767,"F4_R21",1.17109258293099,1.41882071060277,-0.918437484276193,0.251662716816805,2.03338756711756,3.95652609319193,0.889027431421446,45,"very_hard"
1514,"-1:-1|-1:2|1:-2|2:0",4,TRUE,1,1,2,"mixed",1.97158737934317,2.23606797749979,2.5,3,2,2.1659048552118,4,8,1,21,4,FALSE,21,2097152,4,16,25,25,0.833333333333333,2,0.666666666666667,0.166666666666667,0.688332449299089,8.33333333333333,6,10,1.37666489859818,10,10,10,0,8.33333333333333,6,10,1.37666489859818,0,2.1659048552118,2.82842712474619,0.34778051534767,"F4_R21",1.17109258293099,1.41882071060277,-0.918437484276193,0.251662716816805,2.03338756711756,3.95652609319193,0.889027431421446,45,"very_hard"
454,"-2:-1|-1:2|1:-2|2:-2",4,TRUE,0,1,3,"off_axis",2.38415776431139,2.82842712474619,3.25,4,2,2.08951165296178,3,8,1,21,4,FALSE,21,2097152,4,16,25,25,0.833333333333333,3,0.5,0.166666666666667,1.06897047752888,8.33333333333333,4,10,2.13794095505776,9,8,10,1.01015254455221,8.33333333333333,4,10,2.13794095505776,0.166666666666667,2.08951165296178,2.82842712474619,0.509837721607926,"F4_R21",0.751946030845236,0.567528284241106,1.08778345653519,0.251662716816805,0.964862335769511,3.62378282420784,0.880299251870324,47,"very_hard"
969,"-1:-2|0:1|1:-1|2:2",4,TRUE,1,2,1,"mixed",1.86967716615477,2.82842712474619,2.5,4,2,2.08951165296178,3,8,1,21,4,FALSE,21,2097152,4,16,25,25,0.833333333333333,3,0.5,0.166666666666667,1.06897047752888,8.33333333333333,4,10,2.13794095505776,9,8,10,1.01015254455221,8.33333333333333,4,10,2.13794095505776,0.166666666666667,2.08951165296178,2.82842712474619,0.509837721607926,"F4_R21",0.751946030845236,0.567528284241106,1.08778345653519,0.251662716816805,0.964862335769511,3.62378282420784,0.880299251870324,47,"very_hard"
1322,"-2:-1|-1:-2|-1:2|2:1",4,TRUE,0,0,4,"off_axis",2.23606797749979,2.23606797749979,3,3,2,2.08951165296178,3,8,1,21,4,FALSE,21,2097152,4,16,25,25,0.833333333333333,3,0.5,0.166666666666667,1.06897047752888,8.33333333333333,4,10,2.13794095505776,9,8,10,1.01015254455221,8.33333333333333,4,10,2.13794095505776,0.166666666666667,2.08951165296178,2.82842712474619,0.509837721607926,"F4_R21",0.751946030845236,0.567528284241106,1.08778345653519,0.251662716816805,0.964862335769511,3.62378282420784,0.880299251870324,47,"very_hard"
1411,"-1:-2|1:1|1:2|2:-1",4,TRUE,0,1,3,"off_axis",2.03060437371812,2.23606797749979,2.75,3,2,2.08951165296178,3,8,1,21,4,FALSE,21,2097152,4,16,25,25,0.833333333333333,3,0.5,0.166666666666667,1.06897047752888,8.33333333333333,4,10,2.13794095505776,9,8,10,1.01015254455221,8.33333333333333,4,10,2.13794095505776,0.166666666666667,2.08951165296178,2.82842712474619,0.509837721607926,"F4_R21",0.751946030845236,0.567528284241106,1.08778345653519,0.251662716816805,0.964862335769511,3.62378282420784,0.880299251870324,47,"very_hard"
1490,"-1:-2|0:1|1:2|2:-1",4,TRUE,1,0,3,"mixed",1.92705098312484,2.23606797749979,2.5,3,2,2.08951165296178,3,8,1,21,4,FALSE,21,2097152,4,16,25,25,0.833333333333333,3,0.5,0.166666666666667,1.06897047752888,8.33333333333333,4,10,2.13794095505776,9,8,10,1.01015254455221,8.33333333333333,4,10,2.13794095505776,0.166666666666667,2.08951165296178,2.82842712474619,0.509837721607926,"F4_R21",0.751946030845236,0.567528284241106,1.08778345653519,0.251662716816805,0.964862335769511,3.62378282420784,0.880299251870324,47,"very_hard"
702,"-2:-2|-1:-1|0:2|2:2",4,TRUE,1,3,0,"mixed",2.26776695296637,2.82842712474619,3,4,2,2.12000580163574,2,8,1,21,4,FALSE,21,2097152,4,16,25,25,0.833333333333333,3,0.5,0.166666666666667,1.06897047752888,8.33333333333333,4,10,2.13794095505776,10,10,10,0,8.33333333333333,4,10,2.13794095505776,0.166666666666667,2.12000580163574,2.82842712474619,0.582690503927722,"F4_R21",0.91925826412026,1.41882071060277,1.08778345653519,0.251662716816805,-0.103662895578542,3.57386225249648,0.871571072319202,52,"very_hard"
724,"-1:-1|-1:2|1:1|2:2",4,TRUE,0,3,1,"off_axis",1.97323055674804,2.82842712474619,2.75,4,2,2.12000580163574,2,8,1,21,4,FALSE,21,2097152,4,16,25,25,0.833333333333333,3,0.5,0.166666666666667,1.06897047752888,8.33333333333333,4,10,2.13794095505776,10,10,10,0,8.33333333333333,4,10,2.13794095505776,0.166666666666667,2.12000580163574,2.82842712474619,0.582690503927722,"F4_R21",0.91925826412026,1.41882071060277,1.08778345653519,0.251662716816805,-0.103662895578542,3.57386225249648,0.871571072319202,52,"very_hard"
436,"-1:-2|1:-1|2:1|2:2",4,TRUE,0,2,2,"off_axis",2.17869416052972,2.82842712474619,3,4,2,2.14874756768642,3,8,1,21,4,FALSE,21,2097152,4,16,25,25,0.833333333333333,3,0.5,0.25,0.98766077251289,8.33333333333333,4,10,1.97532154502578,9,8,10,1.01015254455221,8.33333333333333,4,10,1.97532154502578,0.0833333333333333,2.14874756768642,2.82842712474619,0.560638416214238,"F4_R21",1.07695570036033,0.567528284241106,0.659226084974316,0.251662716816805,0.964862335769511,3.52023512216206,0.865336658354115,54,"very_hard"
983,"-2:-1|-1:-2|0:1|2:2",4,TRUE,1,1,2,"mixed",2.07514076993644,2.82842712474619,2.75,4,2,2.14874756768642,3,8,1,21,4,FALSE,21,2097152,4,16,25,25,0.833333333333333,3,0.5,0.25,0.98766077251289,8.33333333333333,4,10,1.97532154502578,9,8,10,1.01015254455221,8.33333333333333,4,10,1.97532154502578,0.0833333333333333,2.14874756768642,2.82842712474619,0.560638416214238,"F4_R21",1.07695570036033,0.567528284241106,0.659226084974316,0.251662716816805,0.964862335769511,3.52023512216206,0.865336658354115,54,"very_hard"
1541,"-1:-2|-1:2|1:-1|2:1",4,TRUE,0,1,3,"off_axis",2.03060437371812,2.23606797749979,2.75,3,2,2.14874756768642,3,8,1,21,4,FALSE,21,2097152,4,16,25,25,0.833333333333333,3,0.5,0.25,0.98766077251289,8.33333333333333,4,10,1.97532154502578,9,8,10,1.01015254455221,8.33333333333333,4,10,1.97532154502578,0.0833333333333333,2.14874756768642,2.82842712474619,0.560638416214238,"F4_R21",1.07695570036033,0.567528284241106,0.659226084974316,0.251662716816805,0.964862335769511,3.52023512216206,0.865336658354115,54,"very_hard"
534,"-2:-1|-1:-2|1:2|2:2",4,TRUE,0,1,3,"off_axis",2.38415776431139,2.82842712474619,3.25,4,2,2.14874756768642,3,8,1,21,4,FALSE,21,2097152,4,16,25,25,0.833333333333333,3,0.5,0.25,0.98766077251289,8.33333333333333,4,10,1.97532154502578,9,8,10,1.01015254455221,8.33333333333333,4,10,1.97532154502578,0.0833333333333333,2.14874756768642,2.82842712474619,0.560638416214238,"F4_R21",1.07695570036033,0.567528284241106,0.659226084974316,0.251662716816805,0.964862335769511,3.52023512216206,0.859102244389027,57,"very_hard"
981,"-2:-1|-1:2|1:0|2:-2",4,TRUE,1,1,2,"mixed",2.07514076993644,2.82842712474619,2.75,4,2,2.14874756768642,3,8,1,21,4,FALSE,21,2097152,4,16,25,25,0.833333333333333,3,0.5,0.25,0.98766077251289,8.33333333333333,4,10,1.97532154502578,9,8,10,1.01015254455221,8.33333333333333,4,10,1.97532154502578,0.0833333333333333,2.14874756768642,2.82842712474619,0.560638416214238,"F4_R21",1.07695570036033,0.567528284241106,0.659226084974316,0.251662716816805,0.964862335769511,3.52023512216206,0.859102244389027,57,"very_hard"
446,"-1:-2|1:2|2:-2|2:-1",4,TRUE,0,1,3,"off_axis",2.38415776431139,2.82842712474619,3.25,4,2,2.0659048552118,3,8,1,21,4,FALSE,21,2097152,4,16,25,25,0.833333333333333,3,0.5,0.166666666666667,1.06897047752888,8.33333333333333,4,10,2.13794095505776,9,8,10,1.01015254455221,8.33333333333333,4,10,2.13794095505776,0.166666666666667,2.0659048552118,2.82842712474619,0.507758832969072,"F4_R21",0.622422623117073,0.567528284241106,1.08778345653519,0.251662716816805,0.964862335769511,3.49425941647968,0.850374064837905,59,"very_hard"
957,"-1:-1|0:2|1:0|2:-2",4,TRUE,2,2,0,"mixed",1.81066017177982,2.82842712474619,2.25,4,2,2.0659048552118,3,8,1,21,4,FALSE,21,2097152,4,16,25,25,0.833333333333333,3,0.5,0.166666666666667,1.06897047752888,8.33333333333333,4,10,2.13794095505776,9,8,10,1.01015254455221,8.33333333333333,4,10,2.13794095505776,0.166666666666667,2.0659048552118,2.82842712474619,0.507758832969072,"F4_R21",0.622422623117073,0.567528284241106,1.08778345653519,0.251662716816805,0.964862335769511,3.49425941647968,0.850374064837905,59,"very_hard"
1196,"-1:-2|0:2|1:2|2:-1",4,TRUE,1,0,3,"mixed",2.17705098312484,2.23606797749979,2.75,3,2,2.0659048552118,3,8,1,21,4,FALSE,21,2097152,4,16,25,25,0.833333333333333,3,0.5,0.166666666666667,1.06897047752888,8.33333333333333,4,10,2.13794095505776,9,8,10,1.01015254455221,8.33333333333333,4,10,2.13794095505776,0.166666666666667,2.0659048552118,2.82842712474619,0.507758832969072,"F4_R21",0.622422623117073,0.567528284241106,1.08778345653519,0.251662716816805,0.964862335769511,3.49425941647968,0.850374064837905,59,"very_hard"
1370,"-1:-2|-1:-1|1:2|2:-1",4,TRUE,0,1,3,"off_axis",2.03060437371812,2.23606797749979,2.75,3,2,2.0659048552118,3,8,1,21,4,FALSE,21,2097152,4,16,25,25,0.833333333333333,3,0.5,0.166666666666667,1.06897047752888,8.33333333333333,4,10,2.13794095505776,9,8,10,1.01015254455221,8.33333333333333,4,10,2.13794095505776,0.166666666666667,2.0659048552118,2.82842712474619,0.507758832969072,"F4_R21",0.622422623117073,0.567528284241106,1.08778345653519,0.251662716816805,0.964862335769511,3.49425941647968,0.850374064837905,59,"very_hard"
1444,"-1:-2|1:0|1:2|2:-1",4,TRUE,1,0,3,"mixed",1.92705098312484,2.23606797749979,2.5,3,2,2.0659048552118,3,8,1,21,4,FALSE,21,2097152,4,16,25,25,0.833333333333333,3,0.5,0.166666666666667,1.06897047752888,8.33333333333333,4,10,2.13794095505776,9,8,10,1.01015254455221,8.33333333333333,4,10,2.13794095505776,0.166666666666667,2.0659048552118,2.82842712474619,0.507758832969072,"F4_R21",0.622422623117073,0.567528284241106,1.08778345653519,0.251662716816805,0.964862335769511,3.49425941647968,0.850374064837905,59,"very_hard"
500,"-2:-1|0:-2|2:1|2:2",4,TRUE,1,1,2,"mixed",2.32514076993644,2.82842712474619,3,4,2,2.20732621144911,4,8,1,21,4,FALSE,21,2097152,4,16,25,25,0.833333333333333,2,0.666666666666667,0.166666666666667,0.688332449299089,8.33333333333333,6,10,1.37666489859818,9,8,10,1.01015254455221,8.33333333333333,6,10,1.37666489859818,0,2.20732621144911,2.82842712474619,0.50300319885189,"F4_R21",1.39835912155262,0.567528284241106,-0.918437484276193,0.251662716816805,2.03338756711756,3.3325002054519,0.841645885286783,64,"very_hard"
778,"-1:-2|0:1|2:-1|2:2",4,TRUE,1,1,2,"mixed",2.07514076993644,2.82842712474619,2.75,4,2,2.20732621144911,4,8,1,21,4,FALSE,21,2097152,4,16,25,25,0.833333333333333,2,0.666666666666667,0.166666666666667,0.688332449299089,8.33333333333333,6,10,1.37666489859818,9,8,10,1.01015254455221,8.33333333333333,6,10,1.37666489859818,0,2.20732621144911,2.82842712474619,0.50300319885189,"F4_R21",1.39835912155262,0.567528284241106,-0.918437484276193,0.251662716816805,2.03338756711756,3.3325002054519,0.841645885286783,64,"very_hard"
764,"-1:-1|1:2|2:-2|2:1",4,TRUE,0,2,2,"off_axis",2.17869416052972,2.82842712474619,3,4,2,2.14361259938572,2,8,1,21,4,FALSE,21,2097152,4,16,25,25,0.833333333333333,3,0.5,0.25,0.98766077251289,8.33333333333333,4,10,1.97532154502578,10,10,10,0,8.33333333333333,4,10,1.97532154502578,0.0833333333333333,2.14361259938572,2.82842712474619,0.582070083366052,"F4_R21",1.04878167184842,1.41882071060277,0.659226084974316,0.251662716816805,-0.103662895578542,3.27482828866377,0.832917705735661,66,"very_hard"
814,"-2:-1|-2:2|1:1|2:-2",4,TRUE,0,3,1,"off_axis",2.32678394734132,2.82842712474619,3.25,4,2,2.14361259938572,2,8,1,21,4,FALSE,21,2097152,4,16,25,25,0.833333333333333,3,0.5,0.25,0.98766077251289,8.33333333333333,4,10,1.97532154502578,10,10,10,0,8.33333333333333,4,10,1.97532154502578,0.0833333333333333,2.14361259938572,2.82842712474619,0.582070083366052,"F4_R21",1.04878167184842,1.41882071060277,0.659226084974316,0.251662716816805,-0.103662895578542,3.27482828866377,0.832917705735661,66,"very_hard"
1008,"-2:-1|0:2|1:1|2:-2",4,TRUE,1,2,1,"mixed",2.11967716615477,2.82842712474619,2.75,4,2,2.14361259938572,2,8,1,21,4,FALSE,21,2097152,4,16,25,25,0.833333333333333,3,0.5,0.25,0.98766077251289,8.33333333333333,4,10,1.97532154502578,10,10,10,0,8.33333333333333,4,10,1.97532154502578,0.0833333333333333,2.14361259938572,2.82842712474619,0.582070083366052,"F4_R21",1.04878167184842,1.41882071060277,0.659226084974316,0.251662716816805,-0.103662895578542,3.27482828866377,0.832917705735661,66,"very_hard"
1020,"-1:-1|-1:1|1:-2|2:2",4,TRUE,0,3,1,"off_axis",1.97323055674804,2.82842712474619,2.75,4,2,2.14361259938572,2,8,1,21,4,FALSE,21,2097152,4,16,25,25,0.833333333333333,3,0.5,0.25,0.98766077251289,8.33333333333333,4,10,1.97532154502578,10,10,10,0,8.33333333333333,4,10,1.97532154502578,0.0833333333333333,2.14361259938572,2.82842712474619,0.582070083366052,"F4_R21",1.04878167184842,1.41882071060277,0.659226084974316,0.251662716816805,-0.103662895578542,3.27482828866377,0.832917705735661,66,"very_hard"
1048,"-2:-1|-1:1|0:2|2:-2",4,TRUE,1,2,1,"mixed",2.11967716615477,2.82842712474619,2.75,4,2,2.14361259938572,2,8,1,21,4,FALSE,21,2097152,4,16,25,25,0.833333333333333,3,0.5,0.25,0.98766077251289,8.33333333333333,4,10,1.97532154502578,10,10,10,0,8.33333333333333,4,10,1.97532154502578,0.0833333333333333,2.14361259938572,2.82842712474619,0.582070083366052,"F4_R21",1.04878167184842,1.41882071060277,0.659226084974316,0.251662716816805,-0.103662895578542,3.27482828866377,0.832917705735661,66,"very_hard"
1152,"-1:-2|0:-2|1:2|2:-1",4,TRUE,1,0,3,"mixed",2.17705098312484,2.23606797749979,2.75,3,2,2.00666894048716,3,8,1,21,4,FALSE,21,2097152,4,16,25,25,0.833333333333333,3,0.5,0.166666666666667,1.06897047752888,8.33333333333333,4,10,2.13794095505776,9,8,10,1.01015254455221,8.33333333333333,4,10,2.13794095505776,0.166666666666667,2.00666894048716,2.23606797749979,0.438785904873549,"F4_R21",0.297412953601983,0.567528284241106,1.08778345653519,0.251662716816805,0.964862335769511,3.16924974696459,0.820448877805486,71,"very_hard"
1230,"-1:-2|1:-2|1:2|2:-1",4,TRUE,0,0,4,"off_axis",2.23606797749979,2.23606797749979,3,3,2,2.00666894048716,3,8,1,21,4,FALSE,21,2097152,4,16,25,25,0.833333333333333,3,0.5,0.166666666666667,1.06897047752888,8.33333333333333,4,10,2.13794095505776,9,8,10,1.01015254455221,8.33333333333333,4,10,2.13794095505776,0.166666666666667,2.00666894048716,2.23606797749979,0.438785904873549,"F4_R21",0.297412953601983,0.567528284241106,1.08778345653519,0.251662716816805,0.964862335769511,3.16924974696459,0.820448877805486,71,"very_hard"
1364,"-1:-2|1:-1|1:2|2:-1",4,TRUE,0,1,3,"off_axis",2.03060437371812,2.23606797749979,2.75,3,2,2.00666894048716,3,8,1,21,4,FALSE,21,2097152,4,16,25,25,0.833333333333333,3,0.5,0.166666666666667,1.06897047752888,8.33333333333333,4,10,2.13794095505776,9,8,10,1.01015254455221,8.33333333333333,4,10,2.13794095505776,0.166666666666667,2.00666894048716,2.23606797749979,0.438785904873549,"F4_R21",0.297412953601983,0.567528284241106,1.08778345653519,0.251662716816805,0.964862335769511,3.16924974696459,0.820448877805486,71,"very_hard"
1450,"-1:-2|0:-1|1:2|2:-1",4,TRUE,1,0,3,"mixed",1.92705098312484,2.23606797749979,2.5,3,2,2.00666894048716,3,8,1,21,4,FALSE,21,2097152,4,16,25,25,0.833333333333333,3,0.5,0.166666666666667,1.06897047752888,8.33333333333333,4,10,2.13794095505776,9,8,10,1.01015254455221,8.33333333333333,4,10,2.13794095505776,0.166666666666667,2.00666894048716,2.23606797749979,0.438785904873549,"F4_R21",0.297412953601983,0.567528284241106,1.08778345653519,0.251662716816805,0.964862335769511,3.16924974696459,0.820448877805486,71,"very_hard"
1509,"-1:-1|0:1|1:-2|2:0",4,TRUE,2,1,1,"mixed",1.66257038496822,2.23606797749979,2,3,2,2.00666894048716,3,8,1,21,4,FALSE,21,2097152,4,16,25,25,0.833333333333333,3,0.5,0.166666666666667,1.06897047752888,8.33333333333333,4,10,2.13794095505776,9,8,10,1.01015254455221,8.33333333333333,4,10,2.13794095505776,0.166666666666667,2.00666894048716,2.23606797749979,0.438785904873549,"F4_R21",0.297412953601983,0.567528284241106,1.08778345653519,0.251662716816805,0.964862335769511,3.16924974696459,0.820448877805486,71,"very_hard"
725,"-1:-2|1:1|2:-1|2:2",4,TRUE,0,2,2,"off_axis",2.17869416052972,2.82842712474619,3,4,2,2.16656212617375,3,8,1,21,4,FALSE,21,2097152,4,16,25,25,0.833333333333333,2,0.666666666666667,0.166666666666667,0.688332449299089,8.33333333333333,6,10,1.37666489859818,10,10,10,0,8.33333333333333,6,10,1.37666489859818,0,2.16656212617375,2.82842712474619,0.478433268804974,"F4_R21",1.17469883125379,1.41882071060277,-0.918437484276193,0.251662716816805,0.964862335769511,2.89160711016668,0.807980049875312,76,"very_hard"
917,"-2:-1|0:-2|1:1|2:2",4,TRUE,1,2,1,"mixed",2.11967716615477,2.82842712474619,2.75,4,2,2.16656212617375,3,8,1,21,4,FALSE,21,2097152,4,16,25,25,0.833333333333333,2,0.666666666666667,0.166666666666667,0.688332449299089,8.33333333333333,6,10,1.37666489859818,10,10,10,0,8.33333333333333,6,10,1.37666489859818,0,2.16656212617375,2.82842712474619,0.478433268804974,"F4_R21",1.17469883125379,1.41882071060277,-0.918437484276193,0.251662716816805,0.964862335769511,2.89160711016668,0.807980049875312,76,"very_hard"
1012,"-1:-1|-1:2|1:1|2:-2",4,TRUE,0,3,1,"off_axis",1.97323055674804,2.82842712474619,2.75,4,2,2.16656212617375,3,8,1,21,4,FALSE,21,2097152,4,16,25,25,0.833333333333333,2,0.666666666666667,0.166666666666667,0.688332449299089,8.33333333333333,6,10,1.37666489859818,10,10,10,0,8.33333333333333,6,10,1.37666489859818,0,2.16656212617375,2.82842712474619,0.478433268804974,"F4_R21",1.17469883125379,1.41882071060277,-0.918437484276193,0.251662716816805,0.964862335769511,2.89160711016668,0.807980049875312,76,"very_hard"
1050,"-2:-1|-1:2|1:2|2:-2",4,TRUE,0,1,3,"off_axis",2.38415776431139,2.82842712474619,3.25,4,2,2.16656212617375,3,8,1,21,4,FALSE,21,2097152,4,16,25,25,0.833333333333333,2,0.666666666666667,0.166666666666667,0.688332449299089,8.33333333333333,6,10,1.37666489859818,10,10,10,0,8.33333333333333,6,10,1.37666489859818,0,2.16656212617375,2.82842712474619,0.478433268804974,"F4_R21",1.17469883125379,1.41882071060277,-0.918437484276193,0.251662716816805,0.964862335769511,2.89160711016668,0.807980049875312,76,"very_hard"
1331,"-2:-1|-1:-2|0:2|2:1",4,TRUE,1,0,3,"mixed",2.17705098312484,2.23606797749979,2.75,3,2,2.16656212617375,3,8,1,21,4,FALSE,21,2097152,4,16,25,25,0.833333333333333,2,0.666666666666667,0.166666666666667,0.688332449299089,8.33333333333333,6,10,1.37666489859818,10,10,10,0,8.33333333333333,6,10,1.37666489859818,0,2.16656212617375,2.82842712474619,0.478433268804974,"F4_R21",1.17469883125379,1.41882071060277,-0.918437484276193,0.251662716816805,0.964862335769511,2.89160711016668,0.807980049875312,76,"very_hard"
728,"-1:-2|0:2|1:-1|2:-2",4,TRUE,1,2,1,"mixed",2.11967716615477,2.82842712474619,2.75,4,2,2.00153397218646,2,8,1,21,4,FALSE,21,2097152,4,16,25,25,0.833333333333333,3,0.5,0.25,0.98766077251289,8.33333333333333,4,10,1.97532154502578,10,10,10,0,8.33333333333333,4,10,1.97532154502578,0.0833333333333333,2.00153397218646,2.82842712474619,0.464114160026601,"F4_R21",0.269238925090082,1.41882071060277,0.659226084974316,0.251662716816805,-0.103662895578542,2.49528554190543,0.79925187032419,81,"hard"
1315,"-1:-1|0:2|1:-2|2:-1",4,TRUE,1,1,2,"mixed",1.97158737934317,2.23606797749979,2.5,3,2,2.00153397218646,2,8,1,21,4,FALSE,21,2097152,4,16,25,25,0.833333333333333,3,0.5,0.25,0.98766077251289,8.33333333333333,4,10,1.97532154502578,10,10,10,0,8.33333333333333,4,10,1.97532154502578,0.0833333333333333,2.00153397218646,2.82842712474619,0.464114160026601,"F4_R21",0.269238925090082,1.41882071060277,0.659226084974316,0.251662716816805,-0.103662895578542,2.49528554190543,0.79925187032419,81,"hard"
475,"-1:-2|0:1|2:1|2:2",4,TRUE,1,1,2,"mixed",2.07514076993644,2.82842712474619,2.75,4,2,2.08371941369913,3,8,1,21,4,FALSE,21,2097152,4,16,25,25,0.833333333333333,3,0.5,0.25,0.98766077251289,8.33333333333333,4,10,1.97532154502578,8,6,10,2.02030508910442,8.33333333333333,4,10,1.97532154502578,0.0833333333333333,2.08371941369913,2.82842712474619,0.630796150355813,"F4_R21",0.720165754010537,-0.283764142120554,0.659226084974316,0.251662716816805,0.964862335769511,2.31215274945061,0.790523690773067,83,"hard"
479,"-1:-2|1:0|1:2|2:2",4,TRUE,1,1,2,"mixed",2.07514076993644,2.82842712474619,2.75,4,2,2.08371941369913,3,8,1,21,4,FALSE,21,2097152,4,16,25,25,0.833333333333333,3,0.5,0.25,0.98766077251289,8.33333333333333,4,10,1.97532154502578,8,6,10,2.02030508910442,8.33333333333333,4,10,1.97532154502578,0.0833333333333333,2.08371941369913,2.82842712474619,0.630796150355813,"F4_R21",0.720165754010537,-0.283764142120554,0.659226084974316,0.251662716816805,0.964862335769511,2.31215274945061,0.790523690773067,83,"hard"
505,"-1:-2|-1:2|2:-2|2:-1",4,TRUE,0,1,3,"off_axis",2.38415776431139,2.82842712474619,3.25,4,2,2.08371941369913,3,8,1,21,4,FALSE,21,2097152,4,16,25,25,0.833333333333333,3,0.5,0.25,0.98766077251289,8.33333333333333,4,10,1.97532154502578,8,6,10,2.02030508910442,8.33333333333333,4,10,1.97532154502578,0.0833333333333333,2.08371941369913,2.82842712474619,0.630796150355813,"F4_R21",0.720165754010537,-0.283764142120554,0.659226084974316,0.251662716816805,0.964862335769511,2.31215274945061,0.790523690773067,83,"hard"
960,"-1:-2|0:-2|1:0|2:2",4,TRUE,2,1,1,"mixed",2.01612377556149,2.82842712474619,2.5,4,2,2.08371941369913,3,8,1,21,4,FALSE,21,2097152,4,16,25,25,0.833333333333333,3,0.5,0.25,0.98766077251289,8.33333333333333,4,10,1.97532154502578,8,6,10,2.02030508910442,8.33333333333333,4,10,1.97532154502578,0.0833333333333333,2.08371941369913,2.82842712474619,0.630796150355813,"F4_R21",0.720165754010537,-0.283764142120554,0.659226084974316,0.251662716816805,0.964862335769511,2.31215274945061,0.790523690773067,83,"hard"
1174,"-1:-2|0:1|2:-1|2:0",4,TRUE,2,0,2,"mixed",1.86803398874989,2.23606797749979,2.25,3,2,2.08371941369913,3,8,1,21,4,FALSE,21,2097152,4,16,25,25,0.833333333333333,3,0.5,0.25,0.98766077251289,8.33333333333333,4,10,1.97532154502578,8,6,10,2.02030508910442,8.33333333333333,4,10,1.97532154502578,0.0833333333333333,2.08371941369913,2.82842712474619,0.630796150355813,"F4_R21",0.720165754010537,-0.283764142120554,0.659226084974316,0.251662716816805,0.964862335769511,2.31215274945061,0.790523690773067,83,"hard"
730,"-2:-1|-2:2|-1:1|2:-2",4,TRUE,0,3,1,"off_axis",2.32678394734132,2.82842712474619,3.25,4,2,2.06142715787305,1,8,1,21,4,FALSE,21,2097152,4,16,25,25,0.833333333333333,3,0.5,0.166666666666667,1.06897047752888,8.33333333333333,4,10,2.13794095505776,10,10,10,0,8.33333333333333,4,10,2.13794095505776,0.166666666666667,2.06142715787305,2.82842712474619,0.624070929714659,"F4_R21",0.597854842927967,1.41882071060277,1.08778345653519,0.251662716816805,-1.1721881269266,2.18393359995613,0.778054862842893,88,"hard"
898,"-2:-2|-1:-1|-1:1|2:2",4,TRUE,0,4,0,"diagonal_only",2.12132034355964,2.82842712474619,3,4,2,2.06142715787305,1,8,1,21,4,FALSE,21,2097152,4,16,25,25,0.833333333333333,3,0.5,0.166666666666667,1.06897047752888,8.33333333333333,4,10,2.13794095505776,10,10,10,0,8.33333333333333,4,10,2.13794095505776,0.166666666666667,2.06142715787305,2.82842712474619,0.624070929714659,"F4_R21",0.597854842927967,1.41882071060277,1.08778345653519,0.251662716816805,-1.1721881269266,2.18393359995613,0.778054862842893,88,"hard"
902,"-1:-1|1:-2|1:1|2:2",4,TRUE,0,3,1,"off_axis",1.97323055674804,2.82842712474619,2.75,4,2,2.06142715787305,1,8,1,21,4,FALSE,21,2097152,4,16,25,25,0.833333333333333,3,0.5,0.166666666666667,1.06897047752888,8.33333333333333,4,10,2.13794095505776,10,10,10,0,8.33333333333333,4,10,2.13794095505776,0.166666666666667,2.06142715787305,2.82842712474619,0.624070929714659,"F4_R21",0.597854842927967,1.41882071060277,1.08778345653519,0.251662716816805,-1.1721881269266,2.18393359995613,0.778054862842893,88,"hard"
914,"-1:-1|0:-2|1:1|2:2",4,TRUE,1,3,0,"mixed",1.9142135623731,2.82842712474619,2.5,4,2,2.06142715787305,1,8,1,21,4,FALSE,21,2097152,4,16,25,25,0.833333333333333,3,0.5,0.166666666666667,1.06897047752888,8.33333333333333,4,10,2.13794095505776,10,10,10,0,8.33333333333333,4,10,2.13794095505776,0.166666666666667,2.06142715787305,2.82842712474619,0.624070929714659,"F4_R21",0.597854842927967,1.41882071060277,1.08778345653519,0.251662716816805,-1.1721881269266,2.18393359995613,0.778054862842893,88,"hard"
1329,"-1:-1|0:-2|1:2|2:1",4,TRUE,1,1,2,"mixed",1.97158737934317,2.23606797749979,2.5,3,2,2.06142715787305,1,8,1,21,4,FALSE,21,2097152,4,16,25,25,0.833333333333333,3,0.5,0.166666666666667,1.06897047752888,8.33333333333333,4,10,2.13794095505776,10,10,10,0,8.33333333333333,4,10,2.13794095505776,0.166666666666667,2.06142715787305,2.82842712474619,0.624070929714659,"F4_R21",0.597854842927967,1.41882071060277,1.08778345653519,0.251662716816805,-1.1721881269266,2.18393359995613,0.778054862842893,88,"hard"
584,"-1:-1|0:2|1:1|2:2",4,TRUE,1,3,0,"mixed",1.9142135623731,2.82842712474619,2.5,4,2,2.03782036012307,1,8,1,21,4,FALSE,21,2097152,4,16,25,25,0.833333333333333,3,0.5,0.166666666666667,1.06897047752888,8.33333333333333,4,10,2.13794095505776,10,10,10,0,8.33333333333333,4,10,2.13794095505776,0.166666666666667,2.03782036012307,2.82842712474619,0.621188985260314,"F4_R21",0.468331435199805,1.41882071060277,1.08778345653519,0.251662716816805,-1.1721881269266,2.05441019222797,0.765586034912718,93,"hard"
590,"-2:-2|-1:-1|0:-2|2:2",4,TRUE,1,3,0,"mixed",2.26776695296637,2.82842712474619,3,4,2,2.03782036012307,1,8,1,21,4,FALSE,21,2097152,4,16,25,25,0.833333333333333,3,0.5,0.166666666666667,1.06897047752888,8.33333333333333,4,10,2.13794095505776,10,10,10,0,8.33333333333333,4,10,2.13794095505776,0.166666666666667,2.03782036012307,2.82842712474619,0.621188985260314,"F4_R21",0.468331435199805,1.41882071060277,1.08778345653519,0.251662716816805,-1.1721881269266,2.05441019222797,0.765586034912718,93,"hard"
827,"-2:-1|-2:2|1:-1|2:-2",4,TRUE,0,3,1,"off_axis",2.32678394734132,2.82842712474619,3.25,4,2,2.03782036012307,1,8,1,21,4,FALSE,21,2097152,4,16,25,25,0.833333333333333,3,0.5,0.166666666666667,1.06897047752888,8.33333333333333,4,10,2.13794095505776,10,10,10,0,8.33333333333333,4,10,2.13794095505776,0.166666666666667,2.03782036012307,2.82842712474619,0.621188985260314,"F4_R21",0.468331435199805,1.41882071060277,1.08778345653519,0.251662716816805,-1.1721881269266,2.05441019222797,0.765586034912718,93,"hard"
893,"-1:-1|-1:1|1:-1|2:-2",4,TRUE,0,4,0,"diagonal_only",1.76776695296637,2.82842712474619,2.5,4,2,2.03782036012307,1,8,1,21,4,FALSE,21,2097152,4,16,25,25,0.833333333333333,3,0.5,0.166666666666667,1.06897047752888,8.33333333333333,4,10,2.13794095505776,10,10,10,0,8.33333333333333,4,10,2.13794095505776,0.166666666666667,2.03782036012307,2.82842712474619,0.621188985260314,"F4_R21",0.468331435199805,1.41882071060277,1.08778345653519,0.251662716816805,-1.1721881269266,2.05441019222797,0.765586034912718,93,"hard"
1635,"-1:-2|0:2|1:1|2:0",4,TRUE,2,1,1,"mixed",1.91257038496822,2.23606797749979,2.25,3,2,2.03782036012307,1,8,1,21,4,FALSE,21,2097152,4,16,25,25,0.833333333333333,3,0.5,0.166666666666667,1.06897047752888,8.33333333333333,4,10,2.13794095505776,10,10,10,0,8.33333333333333,4,10,2.13794095505776,0.166666666666667,2.03782036012307,2.82842712474619,0.621188985260314,"F4_R21",0.468331435199805,1.41882071060277,1.08778345653519,0.251662716816805,-1.1721881269266,2.05441019222797,0.765586034912718,93,"hard"
504,"-1:-1|-1:2|2:1|2:2",4,TRUE,0,2,2,"off_axis",2.17869416052972,2.82842712474619,3,4,2,2.1607698869111,3,8,1,21,4,FALSE,21,2097152,4,16,25,25,0.833333333333333,2,0.666666666666667,0.166666666666667,0.688332449299089,8.33333333333333,6,10,1.37666489859818,9,8,10,1.01015254455221,8.33333333333333,6,10,1.37666489859818,0,2.1607698869111,2.82842712474619,0.606514171143573,"F4_R21",1.14291855441909,0.567528284241106,-0.918437484276193,0.251662716816805,0.964862335769511,2.00853440697032,0.753117206982544,98,"hard"
663,"-2:-2|-1:0|0:2|2:2",4,TRUE,2,2,0,"mixed",2.16421356237309,2.82842712474619,2.75,4,2,2.1607698869111,3,8,1,21,4,FALSE,21,2097152,4,16,25,25,0.833333333333333,2,0.666666666666667,0.166666666666667,0.688332449299089,8.33333333333333,6,10,1.37666489859818,9,8,10,1.01015254455221,8.33333333333333,6,10,1.37666489859818,0,2.1607698869111,2.82842712474619,0.606514171143573,"F4_R21",1.14291855441909,0.567528284241106,-0.918437484276193,0.251662716816805,0.964862335769511,2.00853440697032,0.753117206982544,98,"hard"
698,"-1:-1|0:2|2:-2|2:2",4,TRUE,1,3,0,"mixed",2.26776695296637,2.82842712474619,3,4,2,2.1607698869111,3,8,1,21,4,FALSE,21,2097152,4,16,25,25,0.833333333333333,2,0.666666666666667,0.166666666666667,0.688332449299089,8.33333333333333,6,10,1.37666489859818,9,8,10,1.01015254455221,8.33333333333333,6,10,1.37666489859818,0,2.1607698869111,2.82842712474619,0.606514171143573,"F4_R21",1.14291855441909,0.567528284241106,-0.918437484276193,0.251662716816805,0.964862335769511,2.00853440697032,0.753117206982544,98,"hard"
791,"-1:-2|-1:0|1:2|2:-2",4,TRUE,1,1,2,"mixed",2.07514076993644,2.82842712474619,2.75,4,2,2.1607698869111,3,8,1,21,4,FALSE,21,2097152,4,16,25,25,0.833333333333333,2,0.666666666666667,0.166666666666667,0.688332449299089,8.33333333333333,6,10,1.37666489859818,9,8,10,1.01015254455221,8.33333333333333,6,10,1.37666489859818,0,2.1607698869111,2.82842712474619,0.606514171143573,"F4_R21",1.14291855441909,0.567528284241106,-0.918437484276193,0.251662716816805,0.964862335769511,2.00853440697032,0.753117206982544,98,"hard"
1182,"-1:-2|0:2|2:-1|2:0",4,TRUE,2,0,2,"mixed",2.11803398874989,2.23606797749979,2.5,3,2,2.1607698869111,3,8,1,21,4,FALSE,21,2097152,4,16,25,25,0.833333333333333,2,0.666666666666667,0.166666666666667,0.688332449299089,8.33333333333333,6,10,1.37666489859818,9,8,10,1.01015254455221,8.33333333333333,6,10,1.37666489859818,0,2.1607698869111,2.82842712474619,0.606514171143573,"F4_R21",1.14291855441909,0.567528284241106,-0.918437484276193,0.251662716816805,0.964862335769511,2.00853440697032,0.753117206982544,98,"hard"
453,"-2:-1|0:2|1:-2|2:-2",4,TRUE,1,1,2,"mixed",2.32514076993644,2.82842712474619,3,4,2,2.04295532842377,2,8,1,21,4,FALSE,21,2097152,4,16,25,25,0.833333333333333,3,0.5,0.25,0.98766077251289,8.33333333333333,4,10,1.97532154502578,9,8,10,1.01015254455221,8.33333333333333,4,10,1.97532154502578,0.0833333333333333,2.04295532842377,2.82842712474619,0.60215679580886,"F4_R21",0.496505463711708,0.567528284241106,0.659226084974316,0.251662716816805,-0.103662895578542,1.87125965416539,0.741895261845387,103,"hard"
737,"-1:-1|1:0|2:-2|2:1",4,TRUE,1,2,1,"mixed",1.86967716615477,2.82842712474619,2.5,4,2,2.04295532842377,2,8,1,21,4,FALSE,21,2097152,4,16,25,25,0.833333333333333,3,0.5,0.25,0.98766077251289,8.33333333333333,4,10,1.97532154502578,9,8,10,1.01015254455221,8.33333333333333,4,10,1.97532154502578,0.0833333333333333,2.04295532842377,2.82842712474619,0.60215679580886,"F4_R21",0.496505463711708,0.567528284241106,0.659226084974316,0.251662716816805,-0.103662895578542,1.87125965416539,0.741895261845387,103,"hard"
994,"-2:-1|-1:-1|0:2|2:-2",4,TRUE,1,2,1,"mixed",2.11967716615477,2.82842712474619,2.75,4,2,2.04295532842377,2,8,1,21,4,FALSE,21,2097152,4,16,25,25,0.833333333333333,3,0.5,0.25,0.98766077251289,8.33333333333333,4,10,1.97532154502578,9,8,10,1.01015254455221,8.33333333333333,4,10,1.97532154502578,0.0833333333333333,2.04295532842377,2.82842712474619,0.60215679580886,"F4_R21",0.496505463711708,0.567528284241106,0.659226084974316,0.251662716816805,-0.103662895578542,1.87125965416539,0.741895261845387,103,"hard"
1487,"-1:-1|-1:2|1:0|2:1",4,TRUE,1,1,2,"mixed",1.72158737934317,2.23606797749979,2.25,3,2,2.04295532842377,2,8,1,21,4,FALSE,21,2097152,4,16,25,25,0.833333333333333,3,0.5,0.25,0.98766077251289,8.33333333333333,4,10,1.97532154502578,9,8,10,1.01015254455221,8.33333333333333,4,10,1.97532154502578,0.0833333333333333,2.04295532842377,2.82842712474619,0.60215679580886,"F4_R21",0.496505463711708,0.567528284241106,0.659226084974316,0.251662716816805,-0.103662895578542,1.87125965416539,0.741895261845387,103,"hard"
811,"-1:-2|1:1|1:2|2:-2",4,TRUE,0,2,2,"off_axis",2.17869416052972,2.82842712474619,3,4,2,2.04295532842377,2,8,1,21,4,FALSE,21,2097152,4,16,25,25,0.833333333333333,3,0.5,0.25,0.98766077251289,8.33333333333333,4,10,1.97532154502578,9,8,10,1.01015254455221,8.33333333333333,4,10,1.97532154502578,0.0833333333333333,2.04295532842377,2.82842712474619,0.60215679580886,"F4_R21",0.496505463711708,0.567528284241106,0.659226084974316,0.251662716816805,-0.103662895578542,1.87125965416539,0.735660847880299,107,"hard"
673,"-2:-2|-2:0|0:2|2:2",4,TRUE,2,2,0,"mixed",2.41421356237309,2.82842712474619,3,4,2,2.23716308916112,4,4,2,21,4,FALSE,21,2097152,4,16,25,25,0.833333333333333,3,0.5,0.25,0.98766077251289,8.33333333333333,4,10,1.97532154502578,10,10,10,0,8.33333333333333,4,10,1.97532154502578,0.0833333333333333,2.23716308916112,2.82842712474619,0.4655955713982,"F4_R21",1.56206510650484,1.41882071060277,0.659226084974316,-3.96368778986468,2.03338756711756,1.70981167933481,0.733167082294264,108,"hard"
468,"-2:-2|-2:-1|0:-2|2:2",4,TRUE,1,2,1,"mixed",2.47323055674804,2.82842712474619,3.25,4,2,2.10153397218646,3,8,1,21,4,FALSE,21,2097152,4,16,25,25,0.833333333333333,2,0.666666666666667,0.166666666666667,0.688332449299089,8.33333333333333,6,10,1.37666489859818,9,8,10,1.01015254455221,8.33333333333333,6,10,1.37666489859818,0,2.10153397218646,2.82842712474619,0.561303011598098,"F4_R21",0.817908884904001,0.567528284241106,-0.918437484276193,0.251662716816805,0.964862335769511,1.68352473745523,0.72568578553616,109,"hard"
646,"-1:-1|0:1|2:0|2:2",4,TRUE,2,2,0,"mixed",1.81066017177982,2.82842712474619,2.25,4,2,2.10153397218646,3,8,1,21,4,FALSE,21,2097152,4,16,25,25,0.833333333333333,2,0.666666666666667,0.166666666666667,0.688332449299089,8.33333333333333,6,10,1.37666489859818,9,8,10,1.01015254455221,8.33333333333333,6,10,1.37666489859818,0,2.10153397218646,2.82842712474619,0.561303011598098,"F4_R21",0.817908884904001,0.567528284241106,-0.918437484276193,0.251662716816805,0.964862335769511,1.68352473745523,0.72568578553616,109,"hard"
822,"-1:-2|-1:-1|2:-1|2:2",4,TRUE,0,2,2,"off_axis",2.17869416052972,2.82842712474619,3,4,2,2.10153397218646,3,8,1,21,4,FALSE,21,2097152,4,16,25,25,0.833333333333333,2,0.666666666666667,0.166666666666667,0.688332449299089,8.33333333333333,6,10,1.37666489859818,9,8,10,1.01015254455221,8.33333333333333,6,10,1.37666489859818,0,2.10153397218646,2.82842712474619,0.561303011598098,"F4_R21",0.817908884904001,0.567528284241106,-0.918437484276193,0.251662716816805,0.964862335769511,1.68352473745523,0.72568578553616,109,"hard"
1162,"-1:-2|0:2|1:2|2:0",4,TRUE,2,0,2,"mixed",2.11803398874989,2.23606797749979,2.5,3,2,2.10153397218646,3,8,1,21,4,FALSE,21,2097152,4,16,25,25,0.833333333333333,2,0.666666666666667,0.166666666666667,0.688332449299089,8.33333333333333,6,10,1.37666489859818,9,8,10,1.01015254455221,8.33333333333333,6,10,1.37666489859818,0,2.10153397218646,2.82842712474619,0.561303011598098,"F4_R21",0.817908884904001,0.567528284241106,-0.918437484276193,0.251662716816805,0.964862335769511,1.68352473745523,0.72568578553616,109,"hard"
1265,"-1:-2|0:-1|2:-1|2:1",4,TRUE,1,0,3,"mixed",1.92705098312484,2.23606797749979,2.5,3,2,2.10153397218646,3,8,1,21,4,FALSE,21,2097152,4,16,25,25,0.833333333333333,2,0.666666666666667,0.166666666666667,0.688332449299089,8.33333333333333,6,10,1.37666489859818,9,8,10,1.01015254455221,8.33333333333333,6,10,1.37666489859818,0,2.10153397218646,2.82842712474619,0.561303011598098,"F4_R21",0.817908884904001,0.567528284241106,-0.918437484276193,0.251662716816805,0.964862335769511,1.68352473745523,0.72568578553616,109,"hard"
486,"-1:-2|0:-1|2:1|2:2",4,TRUE,1,1,2,"mixed",2.07514076993644,2.82842712474619,2.75,4,2,2.14361259938572,2,8,1,21,4,FALSE,21,2097152,4,16,25,25,0.833333333333333,3,0.5,0.25,0.98766077251289,8.33333333333333,4,10,1.97532154502578,8,6,10,2.02030508910442,8.33333333333333,4,10,1.97532154502578,0.0833333333333333,2.14361259938572,2.82842712474619,0.749017893092004,"F4_R21",1.04878167184842,-0.283764142120554,0.659226084974316,0.251662716816805,-0.103662895578542,1.57224343594045,0.713216957605985,114,"hard"
491,"-2:-2|-1:-2|1:0|2:2",4,TRUE,1,2,1,"mixed",2.22323055674804,2.82842712474619,3,4,2,2.14361259938572,2,8,1,21,4,FALSE,21,2097152,4,16,25,25,0.833333333333333,3,0.5,0.25,0.98766077251289,8.33333333333333,4,10,1.97532154502578,8,6,10,2.02030508910442,8.33333333333333,4,10,1.97532154502578,0.0833333333333333,2.14361259938572,2.82842712474619,0.749017893092004,"F4_R21",1.04878167184842,-0.283764142120554,0.659226084974316,0.251662716816805,-0.103662895578542,1.57224343594045,0.713216957605985,114,"hard"
525,"-1:-2|-1:-1|2:1|2:2",4,TRUE,0,2,2,"off_axis",2.17869416052972,2.82842712474619,3,4,2,2.14361259938572,2,8,1,21,4,FALSE,21,2097152,4,16,25,25,0.833333333333333,3,0.5,0.25,0.98766077251289,8.33333333333333,4,10,1.97532154502578,8,6,10,2.02030508910442,8.33333333333333,4,10,1.97532154502578,0.0833333333333333,2.14361259938572,2.82842712474619,0.749017893092004,"F4_R21",1.04878167184842,-0.283764142120554,0.659226084974316,0.251662716816805,-0.103662895578542,1.57224343594045,0.713216957605985,114,"hard"
859,"-1:-1|0:1|2:-2|2:2",4,TRUE,1,3,0,"mixed",2.01776695296637,2.82842712474619,2.75,4,2,2.14361259938572,2,8,1,21,4,FALSE,21,2097152,4,16,25,25,0.833333333333333,3,0.5,0.25,0.98766077251289,8.33333333333333,4,10,1.97532154502578,8,6,10,2.02030508910442,8.33333333333333,4,10,1.97532154502578,0.0833333333333333,2.14361259938572,2.82842712474619,0.749017893092004,"F4_R21",1.04878167184842,-0.283764142120554,0.659226084974316,0.251662716816805,-0.103662895578542,1.57224343594045,0.713216957605985,114,"hard"
862,"-2:-1|0:1|2:-2|2:2",4,TRUE,1,2,1,"mixed",2.22323055674804,2.82842712474619,3,4,2,2.14361259938572,2,8,1,21,4,FALSE,21,2097152,4,16,25,25,0.833333333333333,3,0.5,0.25,0.98766077251289,8.33333333333333,4,10,1.97532154502578,8,6,10,2.02030508910442,8.33333333333333,4,10,1.97532154502578,0.0833333333333333,2.14361259938572,2.82842712474619,0.749017893092004,"F4_R21",1.04878167184842,-0.283764142120554,0.659226084974316,0.251662716816805,-0.103662895578542,1.57224343594045,0.713216957605985,114,"hard"
530,"-2:-2|-1:-1|1:2|2:2",4,TRUE,0,3,1,"off_axis",2.32678394734132,2.82842712474619,3.25,4,2,2.10284851411036,1,8,1,21,4,FALSE,21,2097152,4,16,25,25,0.833333333333333,3,0.5,0.166666666666667,1.06897047752888,8.33333333333333,4,10,2.13794095505776,9,8,10,1.01015254455221,8.33333333333333,4,10,2.13794095505776,0.166666666666667,2.10284851411036,2.82842712474619,0.728795144745262,"F4_R21",0.825121381549594,0.567528284241106,1.08778345653519,0.251662716816805,-1.1721881269266,1.5599077122161,0.70074812967581,119,"hard"
844,"-1:-1|1:1|2:-2|2:2",4,TRUE,0,4,0,"diagonal_only",2.12132034355964,2.82842712474619,3,4,2,2.10284851411036,1,8,1,21,4,FALSE,21,2097152,4,16,25,25,0.833333333333333,3,0.5,0.166666666666667,1.06897047752888,8.33333333333333,4,10,2.13794095505776,9,8,10,1.01015254455221,8.33333333333333,4,10,2.13794095505776,0.166666666666667,2.10284851411036,2.82842712474619,0.728795144745262,"F4_R21",0.825121381549594,0.567528284241106,1.08778345653519,0.251662716816805,-1.1721881269266,1.5599077122161,0.70074812967581,119,"hard"
913,"-2:-2|-1:-1|0:1|2:2",4,TRUE,1,3,0,"mixed",2.01776695296637,2.82842712474619,2.75,4,2,2.10284851411036,1,8,1,21,4,FALSE,21,2097152,4,16,25,25,0.833333333333333,3,0.5,0.166666666666667,1.06897047752888,8.33333333333333,4,10,2.13794095505776,9,8,10,1.01015254455221,8.33333333333333,4,10,2.13794095505776,0.166666666666667,2.10284851411036,2.82842712474619,0.728795144745262,"F4_R21",0.825121381549594,0.567528284241106,1.08778345653519,0.251662716816805,-1.1721881269266,1.5599077122161,0.70074812967581,119,"hard"
918,"-1:-2|-1:-1|1:1|2:2",4,TRUE,0,3,1,"off_axis",1.97323055674804,2.82842712474619,2.75,4,2,2.10284851411036,1,8,1,21,4,FALSE,21,2097152,4,16,25,25,0.833333333333333,3,0.5,0.166666666666667,1.06897047752888,8.33333333333333,4,10,2.13794095505776,9,8,10,1.01015254455221,8.33333333333333,4,10,2.13794095505776,0.166666666666667,2.10284851411036,2.82842712474619,0.728795144745262,"F4_R21",0.825121381549594,0.567528284241106,1.08778345653519,0.251662716816805,-1.1721881269266,1.5599077122161,0.70074812967581,119,"hard"
1033,"-2:-1|-1:0|1:2|2:-2",4,TRUE,1,1,2,"mixed",2.07514076993644,2.82842712474619,2.75,4,2,2.10284851411036,1,8,1,21,4,FALSE,21,2097152,4,16,25,25,0.833333333333333,3,0.5,0.166666666666667,1.06897047752888,8.33333333333333,4,10,2.13794095505776,9,8,10,1.01015254455221,8.33333333333333,4,10,2.13794095505776,0.166666666666667,2.10284851411036,2.82842712474619,0.728795144745262,"F4_R21",0.825121381549594,0.567528284241106,1.08778345653519,0.251662716816805,-1.1721881269266,1.5599077122161,0.70074812967581,119,"hard"
769,"-2:-1|-1:-2|1:2|2:-2",4,TRUE,0,1,3,"off_axis",2.38415776431139,2.82842712474619,3.25,4,2,2.08437668466108,2,8,1,21,4,FALSE,21,2097152,4,16,25,25,0.833333333333333,2,0.666666666666667,0.166666666666667,0.688332449299089,8.33333333333333,6,10,1.37666489859818,10,10,10,0,8.33333333333333,6,10,1.37666489859818,0,2.08437668466108,2.82842712474619,0.532680680292586,"F4_R21",0.723772002333335,1.41882071060277,-0.918437484276193,0.251662716816805,-0.103662895578542,1.37215504989817,0.688279301745636,124,"hard"
894,"-1:-2|1:-1|1:1|2:2",4,TRUE,0,3,1,"off_axis",1.97323055674804,2.82842712474619,2.75,4,2,2.08437668466108,2,8,1,21,4,FALSE,21,2097152,4,16,25,25,0.833333333333333,2,0.666666666666667,0.166666666666667,0.688332449299089,8.33333333333333,6,10,1.37666489859818,10,10,10,0,8.33333333333333,6,10,1.37666489859818,0,2.08437668466108,2.82842712474619,0.532680680292586,"F4_R21",0.723772002333335,1.41882071060277,-0.918437484276193,0.251662716816805,-0.103662895578542,1.37215504989817,0.688279301745636,124,"hard"
906,"-2:-1|-1:2|1:-1|2:-2",4,TRUE,0,2,2,"off_axis",2.17869416052972,2.82842712474619,3,4,2,2.08437668466108,2,8,1,21,4,FALSE,21,2097152,4,16,25,25,0.833333333333333,2,0.666666666666667,0.166666666666667,0.688332449299089,8.33333333333333,6,10,1.37666489859818,10,10,10,0,8.33333333333333,6,10,1.37666489859818,0,2.08437668466108,2.82842712474619,0.532680680292586,"F4_R21",0.723772002333335,1.41882071060277,-0.918437484276193,0.251662716816805,-0.103662895578542,1.37215504989817,0.688279301745636,124,"hard"
1004,"-1:-1|0:2|1:1|2:-2",4,TRUE,1,3,0,"mixed",1.9142135623731,2.82842712474619,2.5,4,2,2.08437668466108,2,8,1,21,4,FALSE,21,2097152,4,16,25,25,0.833333333333333,2,0.666666666666667,0.166666666666667,0.688332449299089,8.33333333333333,6,10,1.37666489859818,10,10,10,0,8.33333333333333,6,10,1.37666489859818,0,2.08437668466108,2.82842712474619,0.532680680292586,"F4_R21",0.723772002333335,1.41882071060277,-0.918437484276193,0.251662716816805,-0.103662895578542,1.37215504989817,0.688279301745636,124,"hard"
1532,"-1:-2|0:2|1:1|2:-1",4,TRUE,1,1,2,"mixed",1.97158737934317,2.23606797749979,2.5,3,2,2.08437668466108,2,8,1,21,4,FALSE,21,2097152,4,16,25,25,0.833333333333333,2,0.666666666666667,0.166666666666667,0.688332449299089,8.33333333333333,6,10,1.37666489859818,10,10,10,0,8.33333333333333,6,10,1.37666489859818,0,2.08437668466108,2.82842712474619,0.532680680292586,"F4_R21",0.723772002333335,1.41882071060277,-0.918437484276193,0.251662716816805,-0.103662895578542,1.37215504989817,0.688279301745636,124,"hard"
421,"-1:-2|1:0|2:1|2:2",4,TRUE,1,1,2,"mixed",2.07514076993644,2.82842712474619,2.75,4,2,2.08437668466108,2,8,1,21,4,FALSE,21,2097152,4,16,25,25,0.833333333333333,3,0.5,0.25,0.98766077251289,8.33333333333333,4,10,1.97532154502578,8,8,8,0,8.33333333333333,4,10,1.97532154502578,0.0833333333333333,2.08437668466108,2.82842712474619,0.711316335661704,"F4_R21",0.723772002333335,-0.283764142120554,0.659226084974316,0.251662716816805,-0.103662895578542,1.24723376642536,0.679551122194514,129,"hard"
977,"-1:-2|-1:-1|1:0|2:2",4,TRUE,1,2,1,"mixed",1.86967716615477,2.82842712474619,2.5,4,2,2.08437668466108,2,8,1,21,4,FALSE,21,2097152,4,16,25,25,0.833333333333333,3,0.5,0.25,0.98766077251289,8.33333333333333,4,10,1.97532154502578,8,8,8,0,8.33333333333333,4,10,1.97532154502578,0.0833333333333333,2.08437668466108,2.82842712474619,0.711316335661704,"F4_R21",0.723772002333335,-0.283764142120554,0.659226084974316,0.251662716816805,-0.103662895578542,1.24723376642536,0.679551122194514,129,"hard"
1092,"-1:-1|1:-2|2:-1|2:0",4,TRUE,1,1,2,"mixed",1.97158737934317,2.23606797749979,2.5,3,2,1.90087670122451,2,8,1,21,4,FALSE,21,2097152,4,16,25,25,0.833333333333333,3,0.5,0.25,0.98766077251289,8.33333333333333,4,10,1.97532154502578,9,8,10,1.01015254455221,8.33333333333333,4,10,1.97532154502578,0.0833333333333333,1.90087670122451,2.23606797749979,0.455421375994938,"F4_R21",-0.283037283046634,0.567528284241106,0.659226084974316,0.251662716816805,-0.103662895578542,1.09171690740705,0.674563591022444,131,"hard"
1220,"-1:-2|-1:-1|1:-2|2:-1",4,TRUE,0,1,3,"off_axis",2.03060437371812,2.23606797749979,2.75,3,2,1.90087670122451,2,8,1,21,4,FALSE,21,2097152,4,16,25,25,0.833333333333333,3,0.5,0.25,0.98766077251289,8.33333333333333,4,10,1.97532154502578,9,8,10,1.01015254455221,8.33333333333333,4,10,1.97532154502578,0.0833333333333333,1.90087670122451,2.23606797749979,0.455421375994938,"F4_R21",-0.283037283046634,0.567528284241106,0.659226084974316,0.251662716816805,-0.103662895578542,1.09171690740705,0.674563591022444,131,"hard"
1202,"-1:-1|-1:2|0:2|1:-2",4,TRUE,1,1,2,"mixed",1.97158737934317,2.23606797749979,2.5,3,2,1.90087670122451,2,8,1,21,4,FALSE,21,2097152,4,16,25,25,0.833333333333333,3,0.5,0.25,0.98766077251289,8.33333333333333,4,10,1.97532154502578,9,8,10,1.01015254455221,8.33333333333333,4,10,1.97532154502578,0.0833333333333333,1.90087670122451,2.23606797749979,0.455421375994938,"F4_R21",-0.283037283046634,0.567528284241106,0.659226084974316,0.251662716816805,-0.103662895578542,1.09171690740705,0.668329177057357,133,"hard"
1441,"-2:-1|-1:0|-1:2|0:-2",4,TRUE,2,0,2,"mixed",1.86803398874989,2.23606797749979,2.25,3,2,1.90087670122451,2,8,1,21,4,FALSE,21,2097152,4,16,25,25,0.833333333333333,3,0.5,0.25,0.98766077251289,8.33333333333333,4,10,1.97532154502578,9,8,10,1.01015254455221,8.33333333333333,4,10,1.97532154502578,0.0833333333333333,1.90087670122451,2.23606797749979,0.455421375994938,"F4_R21",-0.283037283046634,0.567528284241106,0.659226084974316,0.251662716816805,-0.103662895578542,1.09171690740705,0.668329177057357,133,"hard"
1522,"-1:-1|0:2|1:-2|1:0",4,TRUE,2,1,1,"mixed",1.66257038496822,2.23606797749979,2,3,2,1.90087670122451,2,8,1,21,4,FALSE,21,2097152,4,16,25,25,0.833333333333333,3,0.5,0.25,0.98766077251289,8.33333333333333,4,10,1.97532154502578,9,8,10,1.01015254455221,8.33333333333333,4,10,1.97532154502578,0.0833333333333333,1.90087670122451,2.23606797749979,0.455421375994938,"F4_R21",-0.283037283046634,0.567528284241106,0.659226084974316,0.251662716816805,-0.103662895578542,1.09171690740705,0.668329177057357,133,"hard"
717,"-2:-1|-1:-2|1:-1|2:-2",4,TRUE,0,2,2,"off_axis",2.17869416052972,2.82842712474619,3,4,2,1.91934853067379,1,8,1,21,4,FALSE,21,2097152,4,16,25,25,0.833333333333333,3,0.5,0.25,0.98766077251289,8.33333333333333,4,10,1.97532154502578,10,10,10,0,8.33333333333333,4,10,1.97532154502578,0.0833333333333333,1.91934853067379,2.82842712474619,0.49001271842944,"F4_R21",-0.181687903830373,1.41882071060277,0.659226084974316,0.251662716816805,-1.1721881269266,0.975833481636919,0.658354114713217,136,"hard"
890,"-2:-2|-1:-1|-1:1|0:2",4,TRUE,1,3,0,"mixed",1.9142135623731,2.82842712474619,2.5,4,2,1.91934853067379,1,8,1,21,4,FALSE,21,2097152,4,16,25,25,0.833333333333333,3,0.5,0.25,0.98766077251289,8.33333333333333,4,10,1.97532154502578,10,10,10,0,8.33333333333333,4,10,1.97532154502578,0.0833333333333333,1.91934853067379,2.82842712474619,0.49001271842944,"F4_R21",-0.181687903830373,1.41882071060277,0.659226084974316,0.251662716816805,-1.1721881269266,0.975833481636919,0.658354114713217,136,"hard"
1309,"-2:-1|-1:-2|-1:1|0:2",4,TRUE,1,1,2,"mixed",1.97158737934317,2.23606797749979,2.5,3,2,1.91934853067379,1,8,1,21,4,FALSE,21,2097152,4,16,25,25,0.833333333333333,3,0.5,0.25,0.98766077251289,8.33333333333333,4,10,1.97532154502578,10,10,10,0,8.33333333333333,4,10,1.97532154502578,0.0833333333333333,1.91934853067379,2.82842712474619,0.49001271842944,"F4_R21",-0.181687903830373,1.41882071060277,0.659226084974316,0.251662716816805,-1.1721881269266,0.975833481636919,0.658354114713217,136,"hard"
1547,"-1:-1|-1:2|0:-2|1:1",4,TRUE,1,2,1,"mixed",1.76612377556149,2.23606797749979,2.25,3,2,1.91934853067379,1,8,1,21,4,FALSE,21,2097152,4,16,25,25,0.833333333333333,3,0.5,0.25,0.98766077251289,8.33333333333333,4,10,1.97532154502578,10,10,10,0,8.33333333333333,4,10,1.97532154502578,0.0833333333333333,1.91934853067379,2.82842712474619,0.49001271842944,"F4_R21",-0.181687903830373,1.41882071060277,0.659226084974316,0.251662716816805,-1.1721881269266,0.975833481636919,0.658354114713217,136,"hard"
1552,"-1:-1|-1:1|0:-2|1:2",4,TRUE,1,2,1,"mixed",1.76612377556149,2.23606797749979,2.25,3,2,1.91934853067379,1,8,1,21,4,FALSE,21,2097152,4,16,25,25,0.833333333333333,3,0.5,0.25,0.98766077251289,8.33333333333333,4,10,1.97532154502578,10,10,10,0,8.33333333333333,4,10,1.97532154502578,0.0833333333333333,1.91934853067379,2.82842712474619,0.49001271842944,"F4_R21",-0.181687903830373,1.41882071060277,0.659226084974316,0.251662716816805,-1.1721881269266,0.975833481636919,0.658354114713217,136,"hard"
495,"-1:-1|0:-2|2:1|2:2",4,TRUE,1,2,1,"mixed",2.11967716615477,2.82842712474619,2.75,4,2,2.16142715787305,2,8,1,21,4,FALSE,21,2097152,4,16,25,25,0.833333333333333,2,0.666666666666667,0.166666666666667,0.688332449299089,8.33333333333333,6,10,1.37666489859818,9,8,10,1.01015254455221,8.33333333333333,6,10,1.37666489859818,0,2.16142715787305,2.82842712474619,0.68979275567925,"F4_R21",1.14652480274189,0.567528284241106,-0.918437484276193,0.251662716816805,-0.103662895578542,0.943615423945062,0.649625935162095,141,"hard"
783,"-2:-1|-2:2|0:1|2:-2",4,TRUE,1,2,1,"mixed",2.22323055674804,2.82842712474619,3,4,2,2.16142715787305,2,8,1,21,4,FALSE,21,2097152,4,16,25,25,0.833333333333333,2,0.666666666666667,0.166666666666667,0.688332449299089,8.33333333333333,6,10,1.37666489859818,9,8,10,1.01015254455221,8.33333333333333,6,10,1.37666489859818,0,2.16142715787305,2.82842712474619,0.68979275567925,"F4_R21",1.14652480274189,0.567528284241106,-0.918437484276193,0.251662716816805,-0.103662895578542,0.943615423945062,0.649625935162095,141,"hard"
848,"-2:-1|1:1|2:-2|2:2",4,TRUE,0,3,1,"off_axis",2.32678394734132,2.82842712474619,3.25,4,2,2.04361259938572,1,8,1,21,4,FALSE,21,2097152,4,16,25,25,0.833333333333333,3,0.5,0.25,0.98766077251289,8.33333333333333,4,10,1.97532154502578,9,8,10,1.01015254455221,8.33333333333333,4,10,1.97532154502578,0.0833333333333333,2.04361259938572,2.82842712474619,0.686090003515842,"F4_R21",0.500111712034504,0.567528284241106,0.659226084974316,0.251662716816805,-1.1721881269266,0.806340671140135,0.640897755610973,143,"hard"
910,"-1:-2|0:-1|1:1|2:2",4,TRUE,1,2,1,"mixed",1.86967716615477,2.82842712474619,2.5,4,2,2.04361259938572,1,8,1,21,4,FALSE,21,2097152,4,16,25,25,0.833333333333333,3,0.5,0.25,0.98766077251289,8.33333333333333,4,10,1.97532154502578,9,8,10,1.01015254455221,8.33333333333333,4,10,1.97532154502578,0.0833333333333333,2.04361259938572,2.82842712474619,0.686090003515842,"F4_R21",0.500111712034504,0.567528284241106,0.659226084974316,0.251662716816805,-1.1721881269266,0.806340671140135,0.640897755610973,143,"hard"
989,"-1:-1|1:1|1:2|2:-2",4,TRUE,0,3,1,"off_axis",1.97323055674804,2.82842712474619,2.75,4,2,2.04361259938572,1,8,1,21,4,FALSE,21,2097152,4,16,25,25,0.833333333333333,3,0.5,0.25,0.98766077251289,8.33333333333333,4,10,1.97532154502578,9,8,10,1.01015254455221,8.33333333333333,4,10,1.97532154502578,0.0833333333333333,2.04361259938572,2.82842712474619,0.686090003515842,"F4_R21",0.500111712034504,0.567528284241106,0.659226084974316,0.251662716816805,-1.1721881269266,0.806340671140135,0.640897755610973,143,"hard"
993,"-2:-1|-1:-1|1:2|2:-2",4,TRUE,0,2,2,"off_axis",2.17869416052972,2.82842712474619,3,4,2,2.04361259938572,1,8,1,21,4,FALSE,21,2097152,4,16,25,25,0.833333333333333,3,0.5,0.25,0.98766077251289,8.33333333333333,4,10,1.97532154502578,9,8,10,1.01015254455221,8.33333333333333,4,10,1.97532154502578,0.0833333333333333,2.04361259938572,2.82842712474619,0.686090003515842,"F4_R21",0.500111712034504,0.567528284241106,0.659226084974316,0.251662716816805,-1.1721881269266,0.806340671140135,0.640897755610973,143,"hard"
1016,"-1:-1|0:1|1:2|2:-2",4,TRUE,1,2,1,"mixed",1.86967716615477,2.82842712474619,2.5,4,2,2.04361259938572,1,8,1,21,4,FALSE,21,2097152,4,16,25,25,0.833333333333333,3,0.5,0.25,0.98766077251289,8.33333333333333,4,10,1.97532154502578,9,8,10,1.01015254455221,8.33333333333333,4,10,1.97532154502578,0.0833333333333333,2.04361259938572,2.82842712474619,0.686090003515842,"F4_R21",0.500111712034504,0.567528284241106,0.659226084974316,0.251662716816805,-1.1721881269266,0.806340671140135,0.640897755610973,143,"hard"
449,"-1:-1|1:-2|2:1|2:2",4,TRUE,0,2,2,"off_axis",2.17869416052972,2.82842712474619,3,4,2,2.12579804089839,2,8,1,21,4,FALSE,21,2097152,4,16,25,25,0.833333333333333,2,0.666666666666667,0.166666666666667,0.688332449299089,8.33333333333333,6,10,1.37666489859818,9,8,10,1.01015254455221,8.33333333333333,6,10,1.37666489859818,0,2.12579804089839,2.82842712474619,0.650625928807158,"F4_R21",0.951038540954959,0.567528284241106,-0.918437484276193,0.251662716816805,-0.103662895578542,0.748129162158135,0.628428927680798,148,"hard"
868,"-2:-1|-1:1|2:-2|2:2",4,TRUE,0,3,1,"off_axis",2.32678394734132,2.82842712474619,3.25,4,2,2.12579804089839,2,8,1,21,4,FALSE,21,2097152,4,16,25,25,0.833333333333333,2,0.666666666666667,0.166666666666667,0.688332449299089,8.33333333333333,6,10,1.37666489859818,9,8,10,1.01015254455221,8.33333333333333,6,10,1.37666489859818,0,2.12579804089839,2.82842712474619,0.650625928807158,"F4_R21",0.951038540954959,0.567528284241106,-0.918437484276193,0.251662716816805,-0.103662895578542,0.748129162158135,0.628428927680798,148,"hard"
970,"-2:-2|-1:0|1:-1|2:2",4,TRUE,1,3,0,"mixed",2.01776695296637,2.82842712474619,2.75,4,2,2.12579804089839,2,8,1,21,4,FALSE,21,2097152,4,16,25,25,0.833333333333333,2,0.666666666666667,0.166666666666667,0.688332449299089,8.33333333333333,6,10,1.37666489859818,9,8,10,1.01015254455221,8.33333333333333,6,10,1.37666489859818,0,2.12579804089839,2.82842712474619,0.650625928807158,"F4_R21",0.951038540954959,0.567528284241106,-0.918437484276193,0.251662716816805,-0.103662895578542,0.748129162158135,0.628428927680798,148,"hard"
1045,"-2:-1|-1:0|1:-2|2:2",4,TRUE,1,1,2,"mixed",2.07514076993644,2.82842712474619,2.75,4,2,2.12579804089839,2,8,1,21,4,FALSE,21,2097152,4,16,25,25,0.833333333333333,2,0.666666666666667,0.166666666666667,0.688332449299089,8.33333333333333,6,10,1.37666489859818,9,8,10,1.01015254455221,8.33333333333333,6,10,1.37666489859818,0,2.12579804089839,2.82842712474619,0.650625928807158,"F4_R21",0.951038540954959,0.567528284241106,-0.918437484276193,0.251662716816805,-0.103662895578542,0.748129162158135,0.628428927680798,148,"hard"
1332,"-1:-2|-1:-1|1:2|2:1",4,TRUE,0,1,3,"off_axis",2.03060437371812,2.23606797749979,2.75,3,2,2.12579804089839,2,8,1,21,4,FALSE,21,2097152,4,16,25,25,0.833333333333333,2,0.666666666666667,0.166666666666667,0.688332449299089,8.33333333333333,6,10,1.37666489859818,9,8,10,1.01015254455221,8.33333333333333,6,10,1.37666489859818,0,2.12579804089839,2.82842712474619,0.650625928807158,"F4_R21",0.951038540954959,0.567528284241106,-0.918437484276193,0.251662716816805,-0.103662895578542,0.748129162158135,0.628428927680798,148,"hard"
1256,"-2:-1|-2:1|0:-2|0:2",4,TRUE,2,0,2,"mixed",2.11803398874989,2.23606797749979,2.5,3,2,2.16011261594915,4,4,2,21,4,FALSE,21,2097152,4,16,25,25,0.833333333333333,3,0.5,0.25,0.98766077251289,8.33333333333333,4,10,1.97532154502578,9,8,10,1.01015254455221,8.33333333333333,4,10,1.97532154502578,0.0833333333333333,2.16011261594915,2.82842712474619,0.509807683148267,"F4_R21",1.13931230609629,0.567528284241106,0.659226084974316,-3.96368778986468,2.03338756711756,0.435766452564594,0.620947630922693,153,"hard"
441,"-2:-2|-1:-2|1:-1|2:2",4,TRUE,0,3,1,"off_axis",2.32678394734132,2.82842712474619,3.25,4,2,2.06656212617375,2,8,1,21,4,FALSE,21,2097152,4,16,25,25,0.833333333333333,2,0.666666666666667,0.166666666666667,0.688332449299089,8.33333333333333,6,10,1.37666489859818,9,8,10,1.01015254455221,8.33333333333333,6,10,1.37666489859818,0,2.06656212617375,2.82842712474619,0.604906768449323,"F4_R21",0.626028871439871,0.567528284241106,-0.918437484276193,0.251662716816805,-0.103662895578542,0.423119492643047,0.613466334164589,154,"hard"
978,"-1:-1|0:1|1:-2|2:2",4,TRUE,1,2,1,"mixed",1.86967716615477,2.82842712474619,2.5,4,2,2.06656212617375,2,8,1,21,4,FALSE,21,2097152,4,16,25,25,0.833333333333333,2,0.666666666666667,0.166666666666667,0.688332449299089,8.33333333333333,6,10,1.37666489859818,9,8,10,1.01015254455221,8.33333333333333,6,10,1.37666489859818,0,2.06656212617375,2.82842712474619,0.604906768449323,"F4_R21",0.626028871439871,0.567528284241106,-0.918437484276193,0.251662716816805,-0.103662895578542,0.423119492643047,0.613466334164589,154,"hard"
1049,"-2:-1|-1:-1|1:-2|2:2",4,TRUE,0,2,2,"off_axis",2.17869416052972,2.82842712474619,3,4,2,2.06656212617375,2,8,1,21,4,FALSE,21,2097152,4,16,25,25,0.833333333333333,2,0.666666666666667,0.166666666666667,0.688332449299089,8.33333333333333,6,10,1.37666489859818,9,8,10,1.01015254455221,8.33333333333333,6,10,1.37666489859818,0,2.06656212617375,2.82842712474619,0.604906768449323,"F4_R21",0.626028871439871,0.567528284241106,-0.918437484276193,0.251662716816805,-0.103662895578542,0.423119492643047,0.613466334164589,154,"hard"
1319,"-1:-1|1:-2|1:2|2:1",4,TRUE,0,1,3,"off_axis",2.03060437371812,2.23606797749979,2.75,3,2,2.06656212617375,2,8,1,21,4,FALSE,21,2097152,4,16,25,25,0.833333333333333,2,0.666666666666667,0.166666666666667,0.688332449299089,8.33333333333333,6,10,1.37666489859818,9,8,10,1.01015254455221,8.33333333333333,6,10,1.37666489859818,0,2.06656212617375,2.82842712474619,0.604906768449323,"F4_R21",0.626028871439871,0.567528284241106,-0.918437484276193,0.251662716816805,-0.103662895578542,0.423119492643047,0.613466334164589,154,"hard"
1326,"-1:-2|0:-1|1:2|2:1",4,TRUE,1,0,3,"mixed",1.92705098312484,2.23606797749979,2.5,3,2,2.06656212617375,2,8,1,21,4,FALSE,21,2097152,4,16,25,25,0.833333333333333,2,0.666666666666667,0.166666666666667,0.688332449299089,8.33333333333333,6,10,1.37666489859818,9,8,10,1.01015254455221,8.33333333333333,6,10,1.37666489859818,0,2.06656212617375,2.82842712474619,0.604906768449323,"F4_R21",0.626028871439871,0.567528284241106,-0.918437484276193,0.251662716816805,-0.103662895578542,0.423119492643047,0.613466334164589,154,"hard"
575,"-1:-1|0:-2|1:-1|2:-2",4,TRUE,1,3,0,"mixed",1.9142135623731,2.82842712474619,2.5,4,2,1.81355629141115,1,8,1,21,4,FALSE,21,2097152,4,16,25,25,0.833333333333333,3,0.5,0.25,0.98766077251289,8.33333333333333,4,10,1.97532154502578,10,10,10,0,8.33333333333333,4,10,1.97532154502578,0.0833333333333333,1.81355629141115,2.82842712474619,0.484210213627479,"F4_R21",-0.762138140478991,1.41882071060277,0.659226084974316,0.251662716816805,-1.1721881269266,0.395383244988301,0.600997506234414,159,"hard"
587,"-2:-1|1:-1|2:-2|2:0",4,TRUE,1,2,1,"mixed",2.11967716615477,2.82842712474619,2.75,4,2,1.81355629141115,1,8,1,21,4,FALSE,21,2097152,4,16,25,25,0.833333333333333,3,0.5,0.25,0.98766077251289,8.33333333333333,4,10,1.97532154502578,10,10,10,0,8.33333333333333,4,10,1.97532154502578,0.0833333333333333,1.81355629141115,2.82842712474619,0.484210213627479,"F4_R21",-0.762138140478991,1.41882071060277,0.659226084974316,0.251662716816805,-1.1721881269266,0.395383244988301,0.600997506234414,159,"hard"
1638,"-1:-1|-1:2|0:-2|1:-1",4,TRUE,1,2,1,"mixed",1.76612377556149,2.23606797749979,2.25,3,2,1.81355629141115,1,8,1,21,4,FALSE,21,2097152,4,16,25,25,0.833333333333333,3,0.5,0.25,0.98766077251289,8.33333333333333,4,10,1.97532154502578,10,10,10,0,8.33333333333333,4,10,1.97532154502578,0.0833333333333333,1.81355629141115,2.82842712474619,0.484210213627479,"F4_R21",-0.762138140478991,1.41882071060277,0.659226084974316,0.251662716816805,-1.1721881269266,0.395383244988301,0.600997506234414,159,"hard"
1649,"-1:-1|0:-2|1:-1|2:0",4,TRUE,2,2,0,"mixed",1.70710678118655,2,2,2,2,1.81355629141115,1,8,1,21,4,FALSE,21,2097152,4,16,25,25,0.833333333333333,3,0.5,0.25,0.98766077251289,8.33333333333333,4,10,1.97532154502578,10,10,10,0,8.33333333333333,4,10,1.97532154502578,0.0833333333333333,1.81355629141115,2.82842712474619,0.484210213627479,"F4_R21",-0.762138140478991,1.41882071060277,0.659226084974316,0.251662716816805,-1.1721881269266,0.395383244988301,0.600997506234414,159,"hard"
1651,"-1:-1|-1:1|0:-2|1:-1",4,TRUE,1,3,0,"mixed",1.56066017177982,2,2,2,2,1.81355629141115,1,8,1,21,4,FALSE,21,2097152,4,16,25,25,0.833333333333333,3,0.5,0.25,0.98766077251289,8.33333333333333,4,10,1.97532154502578,10,10,10,0,8.33333333333333,4,10,1.97532154502578,0.0833333333333333,1.81355629141115,2.82842712474619,0.484210213627479,"F4_R21",-0.762138140478991,1.41882071060277,0.659226084974316,0.251662716816805,-1.1721881269266,0.395383244988301,0.600997506234414,159,"hard"
485,"-1:-1|-1:0|1:2|2:2",4,TRUE,1,2,1,"mixed",1.86967716615477,2.82842712474619,2.5,4,2,2.07924171636038,2,8,1,21,4,FALSE,21,2097152,4,16,25,25,0.833333333333333,3,0.5,0.25,0.98766077251289,8.33333333333333,4,10,1.97532154502578,7,6,8,1.01015254455221,8.33333333333333,4,10,1.97532154502578,0.0833333333333333,2.07924171636038,2.82842712474619,0.867149791588465,"F4_R21",0.695597973821431,-1.13505656848221,0.659226084974316,0.251662716816805,-0.103662895578542,0.367767311551796,0.591022443890274,164,"medium"
487,"-1:0|1:-2|2:-2|2:2",4,TRUE,1,2,1,"mixed",2.22323055674804,2.82842712474619,3,4,2,2.07924171636038,2,8,1,21,4,FALSE,21,2097152,4,16,25,25,0.833333333333333,3,0.5,0.25,0.98766077251289,8.33333333333333,4,10,1.97532154502578,7,6,8,1.01015254455221,8.33333333333333,4,10,1.97532154502578,0.0833333333333333,2.07924171636038,2.82842712474619,0.867149791588465,"F4_R21",0.695597973821431,-1.13505656848221,0.659226084974316,0.251662716816805,-0.103662895578542,0.367767311551796,0.591022443890274,164,"medium"
863,"-2:-2|-1:0|2:-2|2:2",4,TRUE,1,3,0,"mixed",2.37132034355964,2.82842712474619,3.25,4,2,2.07924171636038,2,8,1,21,4,FALSE,21,2097152,4,16,25,25,0.833333333333333,3,0.5,0.25,0.98766077251289,8.33333333333333,4,10,1.97532154502578,7,6,8,1.01015254455221,8.33333333333333,4,10,1.97532154502578,0.0833333333333333,2.07924171636038,2.82842712474619,0.867149791588465,"F4_R21",0.695597973821431,-1.13505656848221,0.659226084974316,0.251662716816805,-0.103662895578542,0.367767311551796,0.591022443890274,164,"medium"
858,"-1:0|0:-1|2:-2|2:2",4,TRUE,2,2,0,"mixed",1.9142135623731,2.82842712474619,2.5,4,2,2.07924171636038,2,8,1,21,4,FALSE,21,2097152,4,16,25,25,0.833333333333333,3,0.5,0.25,0.98766077251289,8.33333333333333,4,10,1.97532154502578,7,6,8,1.01015254455221,8.33333333333333,4,10,1.97532154502578,0.0833333333333333,2.07924171636038,2.82842712474619,0.867149791588465,"F4_R21",0.695597973821431,-1.13505656848221,0.659226084974316,0.251662716816805,-0.103662895578542,0.367767311551796,0.584788029925187,167,"medium"
864,"-1:-1|-1:0|2:-2|2:2",4,TRUE,1,3,0,"mixed",2.01776695296637,2.82842712474619,2.75,4,2,2.07924171636038,2,8,1,21,4,FALSE,21,2097152,4,16,25,25,0.833333333333333,3,0.5,0.25,0.98766077251289,8.33333333333333,4,10,1.97532154502578,7,6,8,1.01015254455221,8.33333333333333,4,10,1.97532154502578,0.0833333333333333,2.07924171636038,2.82842712474619,0.867149791588465,"F4_R21",0.695597973821431,-1.13505656848221,0.659226084974316,0.251662716816805,-0.103662895578542,0.367767311551796,0.584788029925187,167,"medium"
373,"-2:-2|-1:-2|1:0|2:-2",4,TRUE,1,2,1,"mixed",2.22323055674804,2.82842712474619,3,4,2,2.07858444539843,2,8,1,21,4,FALSE,21,2097152,4,16,25,25,0.833333333333333,3,0.5,0.25,0.98766077251289,8.33333333333333,4,10,1.97532154502578,7,4,10,3.03045763365663,8.33333333333333,4,10,1.97532154502578,0.0833333333333333,2.07858444539843,2.82842712474619,0.802417668568409,"F4_R21",0.691991725498633,-1.13505656848221,0.659226084974316,0.251662716816805,-0.103662895578542,0.364161063228998,0.579800498753117,169,"medium"
481,"-2:-2|-1:-2|1:0|2:0",4,TRUE,2,1,1,"mixed",2.01612377556149,2.82842712474619,2.5,4,2,2.07858444539843,2,8,1,21,4,FALSE,21,2097152,4,16,25,25,0.833333333333333,3,0.5,0.25,0.98766077251289,8.33333333333333,4,10,1.97532154502578,7,4,10,3.03045763365663,8.33333333333333,4,10,1.97532154502578,0.0833333333333333,2.07858444539843,2.82842712474619,0.802417668568409,"F4_R21",0.691991725498633,-1.13505656848221,0.659226084974316,0.251662716816805,-0.103662895578542,0.364161063228998,0.579800498753117,169,"medium"
571,"-2:-2|-2:0|-2:2|2:-2",4,TRUE,1,3,0,"mixed",2.62132034355964,2.82842712474619,3.5,4,2,2.01355629141115,3,8,1,21,4,FALSE,21,2097152,4,16,25,25,0.833333333333333,2,0.666666666666667,0.166666666666667,0.688332449299089,8.33333333333333,6,10,1.37666489859818,8,8,8,0,8.33333333333333,6,10,1.37666489859818,0,2.01355629141115,2.82842712474619,0.703634265256378,"F4_R21",0.335201779148847,-0.283764142120554,-0.918437484276193,0.251662716816805,0.964862335769511,0.349525205338416,0.571072319201995,171,"medium"
656,"-1:0|0:-1|0:2|2:2",4,TRUE,3,1,0,"mixed",1.70710678118655,2.82842712474619,2,4,2,2.01355629141115,3,8,1,21,4,FALSE,21,2097152,4,16,25,25,0.833333333333333,2,0.666666666666667,0.166666666666667,0.688332449299089,8.33333333333333,6,10,1.37666489859818,8,8,8,0,8.33333333333333,6,10,1.37666489859818,0,2.01355629141115,2.82842712474619,0.703634265256378,"F4_R21",0.335201779148847,-0.283764142120554,-0.918437484276193,0.251662716816805,0.964862335769511,0.349525205338416,0.571072319201995,171,"medium"
690,"-1:-1|-1:0|2:0|2:2",4,TRUE,2,2,0,"mixed",1.81066017177982,2.82842712474619,2.25,4,2,2.01355629141115,3,8,1,21,4,FALSE,21,2097152,4,16,25,25,0.833333333333333,2,0.666666666666667,0.166666666666667,0.688332449299089,8.33333333333333,6,10,1.37666489859818,8,8,8,0,8.33333333333333,6,10,1.37666489859818,0,2.01355629141115,2.82842712474619,0.703634265256378,"F4_R21",0.335201779148847,-0.283764142120554,-0.918437484276193,0.251662716816805,0.964862335769511,0.349525205338416,0.571072319201995,171,"medium"
788,"-1:-1|-1:0|-1:2|2:2",4,TRUE,1,2,1,"mixed",1.86967716615477,2.82842712474619,2.5,4,2,2.01355629141115,3,8,1,21,4,FALSE,21,2097152,4,16,25,25,0.833333333333333,2,0.666666666666667,0.166666666666667,0.688332449299089,8.33333333333333,6,10,1.37666489859818,8,8,8,0,8.33333333333333,6,10,1.37666489859818,0,2.01355629141115,2.82842712474619,0.703634265256378,"F4_R21",0.335201779148847,-0.283764142120554,-0.918437484276193,0.251662716816805,0.964862335769511,0.349525205338416,0.571072319201995,171,"medium"
1188,"-1:-2|0:-2|0:2|2:0",4,TRUE,3,0,1,"mixed",2.05901699437495,2.23606797749979,2.25,3,2,2.01355629141115,3,8,1,21,4,FALSE,21,2097152,4,16,25,25,0.833333333333333,2,0.666666666666667,0.166666666666667,0.688332449299089,8.33333333333333,6,10,1.37666489859818,8,8,8,0,8.33333333333333,6,10,1.37666489859818,0,2.01355629141115,2.82842712474619,0.703634265256378,"F4_R21",0.335201779148847,-0.283764142120554,-0.918437484276193,0.251662716816805,0.964862335769511,0.349525205338416,0.571072319201995,171,"medium"
471,"-1:-2|0:-1|2:-2|2:-1",4,TRUE,1,1,2,"mixed",2.07514076993644,2.82842712474619,2.75,4,2,1.91869125971184,2,8,1,21,4,FALSE,21,2097152,4,16,25,25,0.833333333333333,3,0.5,0.25,0.98766077251289,8.33333333333333,4,10,1.97532154502578,8,6,10,2.02030508910442,8.33333333333333,4,10,1.97532154502578,0.0833333333333333,1.91869125971184,2.82842712474619,0.595001260414515,"F4_R21",-0.185294152153171,-0.283764142120554,0.659226084974316,0.251662716816805,-0.103662895578542,0.338167611938854,0.55860349127182,176,"medium"
478,"-2:-2|-1:-2|-1:0|0:2",4,TRUE,2,1,1,"mixed",2.01612377556149,2.82842712474619,2.5,4,2,1.91869125971184,2,8,1,21,4,FALSE,21,2097152,4,16,25,25,0.833333333333333,3,0.5,0.25,0.98766077251289,8.33333333333333,4,10,1.97532154502578,8,6,10,2.02030508910442,8.33333333333333,4,10,1.97532154502578,0.0833333333333333,1.91869125971184,2.82842712474619,0.595001260414515,"F4_R21",-0.185294152153171,-0.283764142120554,0.659226084974316,0.251662716816805,-0.103662895578542,0.338167611938854,0.55860349127182,176,"medium"
1175,"-1:-1|-1:2|0:2|1:0",4,TRUE,2,1,1,"mixed",1.66257038496822,2.23606797749979,2,3,2,1.91869125971184,2,8,1,21,4,FALSE,21,2097152,4,16,25,25,0.833333333333333,3,0.5,0.25,0.98766077251289,8.33333333333333,4,10,1.97532154502578,8,6,10,2.02030508910442,8.33333333333333,4,10,1.97532154502578,0.0833333333333333,1.91869125971184,2.82842712474619,0.595001260414515,"F4_R21",-0.185294152153171,-0.283764142120554,0.659226084974316,0.251662716816805,-0.103662895578542,0.338167611938854,0.55860349127182,176,"medium"
1181,"-1:-2|-1:0|0:2|1:2",4,TRUE,2,0,2,"mixed",1.86803398874989,2.23606797749979,2.25,3,2,1.91869125971184,2,8,1,21,4,FALSE,21,2097152,4,16,25,25,0.833333333333333,3,0.5,0.25,0.98766077251289,8.33333333333333,4,10,1.97532154502578,8,6,10,2.02030508910442,8.33333333333333,4,10,1.97532154502578,0.0833333333333333,1.91869125971184,2.82842712474619,0.595001260414515,"F4_R21",-0.185294152153171,-0.283764142120554,0.659226084974316,0.251662716816805,-0.103662895578542,0.338167611938854,0.55860349127182,176,"medium"
1190,"-1:-2|-1:-1|2:-1|2:0",4,TRUE,1,1,2,"mixed",1.97158737934317,2.23606797749979,2.5,3,2,1.91869125971184,2,8,1,21,4,FALSE,21,2097152,4,16,25,25,0.833333333333333,3,0.5,0.25,0.98766077251289,8.33333333333333,4,10,1.97532154502578,8,6,10,2.02030508910442,8.33333333333333,4,10,1.97532154502578,0.0833333333333333,1.91869125971184,2.82842712474619,0.595001260414515,"F4_R21",-0.185294152153171,-0.283764142120554,0.659226084974316,0.251662716816805,-0.103662895578542,0.338167611938854,0.55860349127182,176,"medium"
364,"-1:-2|-1:2|1:-2|2:-2",4,TRUE,0,1,3,"off_axis",2.38415776431139,2.82842712474619,3.25,4,2,2.00087670122451,3,8,1,21,4,FALSE,21,2097152,4,16,25,25,0.833333333333333,2,0.666666666666667,0.166666666666667,0.688332449299089,8.33333333333333,6,10,1.37666489859818,8,8,8,0,8.33333333333333,6,10,1.37666489859818,0,2.00087670122451,2.82842712474619,0.573965181383861,"F4_R21",0.265632676767284,-0.283764142120554,-0.918437484276193,0.251662716816805,0.964862335769511,0.279956102956853,0.546134663341646,181,"medium"
986,"-1:-2|0:-2|0:1|2:2",4,TRUE,2,1,1,"mixed",2.01612377556149,2.82842712474619,2.5,4,2,2.00087670122451,3,8,1,21,4,FALSE,21,2097152,4,16,25,25,0.833333333333333,2,0.666666666666667,0.166666666666667,0.688332449299089,8.33333333333333,6,10,1.37666489859818,8,8,8,0,8.33333333333333,6,10,1.37666489859818,0,2.00087670122451,2.82842712474619,0.573965181383861,"F4_R21",0.265632676767284,-0.283764142120554,-0.918437484276193,0.251662716816805,0.964862335769511,0.279956102956853,0.546134663341646,181,"medium"
1147,"-1:-2|0:-2|0:1|2:-1",4,TRUE,2,0,2,"mixed",1.86803398874989,2.23606797749979,2.25,3,2,2.00087670122451,3,8,1,21,4,FALSE,21,2097152,4,16,25,25,0.833333333333333,2,0.666666666666667,0.166666666666667,0.688332449299089,8.33333333333333,6,10,1.37666489859818,8,8,8,0,8.33333333333333,6,10,1.37666489859818,0,2.00087670122451,2.82842712474619,0.573965181383861,"F4_R21",0.265632676767284,-0.283764142120554,-0.918437484276193,0.251662716816805,0.964862335769511,0.279956102956853,0.546134663341646,181,"medium"
1561,"-1:-2|-1:0|-1:2|2:-1",4,TRUE,1,0,3,"mixed",1.92705098312484,2.23606797749979,2.5,3,2,2.00087670122451,3,8,1,21,4,FALSE,21,2097152,4,16,25,25,0.833333333333333,2,0.666666666666667,0.166666666666667,0.688332449299089,8.33333333333333,6,10,1.37666489859818,8,8,8,0,8.33333333333333,6,10,1.37666489859818,0,2.00087670122451,2.82842712474619,0.573965181383861,"F4_R21",0.265632676767284,-0.283764142120554,-0.918437484276193,0.251662716816805,0.964862335769511,0.279956102956853,0.546134663341646,181,"medium"
1585,"-1:0|0:-2|0:2|2:-1",4,TRUE,3,0,1,"mixed",1.80901699437495,2.23606797749979,2,3,2,2.00087670122451,3,8,1,21,4,FALSE,21,2097152,4,16,25,25,0.833333333333333,2,0.666666666666667,0.166666666666667,0.688332449299089,8.33333333333333,6,10,1.37666489859818,8,8,8,0,8.33333333333333,6,10,1.37666489859818,0,2.00087670122451,2.82842712474619,0.573965181383861,"F4_R21",0.265632676767284,-0.283764142120554,-0.918437484276193,0.251662716816805,0.964862335769511,0.279956102956853,0.546134663341646,181,"medium"
365,"-2:-1|-2:1|-2:2|2:-2",4,TRUE,0,2,2,"off_axis",2.53224755112299,2.82842712474619,3.5,4,2,2.01934853067379,2,8,1,21,4,FALSE,21,2097152,4,16,25,25,0.833333333333333,2,0.666666666666667,0.166666666666667,0.688332449299089,8.33333333333333,6,10,1.37666489859818,9,8,10,1.01015254455221,8.33333333333333,6,10,1.37666489859818,0,2.01934853067379,2.82842712474619,0.598360270206642,"F4_R21",0.366982055983546,0.567528284241106,-0.918437484276193,0.251662716816805,-0.103662895578542,0.164072677186722,0.533665835411471,186,"medium"
979,"-1:-1|0:-2|0:1|2:2",4,TRUE,2,2,0,"mixed",1.81066017177982,2.82842712474619,2.25,4,2,2.01934853067379,2,8,1,21,4,FALSE,21,2097152,4,16,25,25,0.833333333333333,2,0.666666666666667,0.166666666666667,0.688332449299089,8.33333333333333,6,10,1.37666489859818,9,8,10,1.01015254455221,8.33333333333333,6,10,1.37666489859818,0,2.01934853067379,2.82842712474619,0.598360270206642,"F4_R21",0.366982055983546,0.567528284241106,-0.918437484276193,0.251662716816805,-0.103662895578542,0.164072677186722,0.533665835411471,186,"medium"
1022,"-1:-1|-1:1|-1:2|2:-2",4,TRUE,0,3,1,"off_axis",1.97323055674804,2.82842712474619,2.75,4,2,2.01934853067379,2,8,1,21,4,FALSE,21,2097152,4,16,25,25,0.833333333333333,2,0.666666666666667,0.166666666666667,0.688332449299089,8.33333333333333,6,10,1.37666489859818,9,8,10,1.01015254455221,8.33333333333333,6,10,1.37666489859818,0,2.01934853067379,2.82842712474619,0.598360270206642,"F4_R21",0.366982055983546,0.567528284241106,-0.918437484276193,0.251662716816805,-0.103662895578542,0.164072677186722,0.533665835411471,186,"medium"
1504,"-1:-2|0:-1|0:2|2:1",4,TRUE,2,0,2,"mixed",1.86803398874989,2.23606797749979,2.25,3,2,2.01934853067379,2,8,1,21,4,FALSE,21,2097152,4,16,25,25,0.833333333333333,2,0.666666666666667,0.166666666666667,0.688332449299089,8.33333333333333,6,10,1.37666489859818,9,8,10,1.01015254455221,8.33333333333333,6,10,1.37666489859818,0,2.01934853067379,2.82842712474619,0.598360270206642,"F4_R21",0.366982055983546,0.567528284241106,-0.918437484276193,0.251662716816805,-0.103662895578542,0.164072677186722,0.533665835411471,186,"medium"
1586,"-1:-1|0:-2|0:2|2:1",4,TRUE,2,1,1,"mixed",1.91257038496822,2.23606797749979,2.25,3,2,2.01934853067379,2,8,1,21,4,FALSE,21,2097152,4,16,25,25,0.833333333333333,2,0.666666666666667,0.166666666666667,0.688332449299089,8.33333333333333,6,10,1.37666489859818,9,8,10,1.01015254455221,8.33333333333333,6,10,1.37666489859818,0,2.01934853067379,2.82842712474619,0.598360270206642,"F4_R21",0.366982055983546,0.567528284241106,-0.918437484276193,0.251662716816805,-0.103662895578542,0.164072677186722,0.533665835411471,186,"medium"
459,"-1:-2|0:-2|2:-2|2:-1",4,TRUE,1,1,2,"mixed",2.32514076993644,2.82842712474619,3,4,2,1.97726990347453,3,8,1,21,4,FALSE,21,2097152,4,16,25,25,0.833333333333333,2,0.666666666666667,0.166666666666667,0.688332449299089,8.33333333333333,6,10,1.37666489859818,8,8,8,0,8.33333333333333,6,10,1.37666489859818,0,1.97726990347453,2.82842712474619,0.568041204309261,"F4_R21",0.136109269039121,-0.283764142120554,-0.918437484276193,0.251662716816805,0.964862335769511,0.15043269522869,0.521197007481297,191,"medium"
650,"-2:-2|-1:0|0:-2|0:2",4,TRUE,3,1,0,"mixed",1.95710678118655,2.82842712474619,2.25,4,2,1.97726990347453,3,8,1,21,4,FALSE,21,2097152,4,16,25,25,0.833333333333333,2,0.666666666666667,0.166666666666667,0.688332449299089,8.33333333333333,6,10,1.37666489859818,8,8,8,0,8.33333333333333,6,10,1.37666489859818,0,1.97726990347453,2.82842712474619,0.568041204309261,"F4_R21",0.136109269039121,-0.283764142120554,-0.918437484276193,0.251662716816805,0.964862335769511,0.15043269522869,0.521197007481297,191,"medium"
1157,"-1:0|0:-2|2:-1|2:0",4,TRUE,3,0,1,"mixed",1.80901699437495,2.23606797749979,2,3,2,1.97726990347453,3,8,1,21,4,FALSE,21,2097152,4,16,25,25,0.833333333333333,2,0.666666666666667,0.166666666666667,0.688332449299089,8.33333333333333,6,10,1.37666489859818,8,8,8,0,8.33333333333333,6,10,1.37666489859818,0,1.97726990347453,2.82842712474619,0.568041204309261,"F4_R21",0.136109269039121,-0.283764142120554,-0.918437484276193,0.251662716816805,0.964862335769511,0.15043269522869,0.521197007481297,191,"medium"
1191,"-1:-2|-1:0|2:-1|2:0",4,TRUE,2,0,2,"mixed",1.86803398874989,2.23606797749979,2.25,3,2,1.97726990347453,3,8,1,21,4,FALSE,21,2097152,4,16,25,25,0.833333333333333,2,0.666666666666667,0.166666666666667,0.688332449299089,8.33333333333333,6,10,1.37666489859818,8,8,8,0,8.33333333333333,6,10,1.37666489859818,0,1.97726990347453,2.82842712474619,0.568041204309261,"F4_R21",0.136109269039121,-0.283764142120554,-0.918437484276193,0.251662716816805,0.964862335769511,0.15043269522869,0.521197007481297,191,"medium"
1270,"-1:-2|-1:0|-1:2|1:-2",4,TRUE,1,0,3,"mixed",1.92705098312484,2.23606797749979,2.5,3,2,1.97726990347453,3,8,1,21,4,FALSE,21,2097152,4,16,25,25,0.833333333333333,2,0.666666666666667,0.166666666666667,0.688332449299089,8.33333333333333,6,10,1.37666489859818,8,8,8,0,8.33333333333333,6,10,1.37666489859818,0,1.97726990347453,2.82842712474619,0.568041204309261,"F4_R21",0.136109269039121,-0.283764142120554,-0.918437484276193,0.251662716816805,0.964862335769511,0.15043269522869,0.521197007481297,191,"medium"
1086,"-2:-1|-1:-2|0:-2|2:-1",4,TRUE,1,0,3,"mixed",2.17705098312484,2.23606797749979,2.75,3,2,1.88306214273718,2,8,1,21,4,FALSE,21,2097152,4,16,25,25,0.833333333333333,3,0.5,0.25,0.98766077251289,8.33333333333333,4,10,1.97532154502578,8,6,10,2.02030508910442,8.33333333333333,4,10,1.97532154502578,0.0833333333333333,1.88306214273718,2.23606797749979,0.531326397476738,"F4_R21",-0.380780413940097,-0.283764142120554,0.659226084974316,0.251662716816805,-0.103662895578542,0.142681350151928,0.511221945137157,196,"medium"
1407,"-1:-2|-1:0|1:-1|2:-1",4,TRUE,1,1,2,"mixed",1.72158737934317,2.23606797749979,2.25,3,2,1.88306214273718,2,8,1,21,4,FALSE,21,2097152,4,16,25,25,0.833333333333333,3,0.5,0.25,0.98766077251289,8.33333333333333,4,10,1.97532154502578,8,6,10,2.02030508910442,8.33333333333333,4,10,1.97532154502578,0.0833333333333333,1.88306214273718,2.23606797749979,0.531326397476738,"F4_R21",-0.380780413940097,-0.283764142120554,0.659226084974316,0.251662716816805,-0.103662895578542,0.142681350151928,0.511221945137157,196,"medium"
1458,"-2:-1|-1:0|0:-2|2:-1",4,TRUE,2,0,2,"mixed",1.86803398874989,2.23606797749979,2.25,3,2,1.88306214273718,2,8,1,21,4,FALSE,21,2097152,4,16,25,25,0.833333333333333,3,0.5,0.25,0.98766077251289,8.33333333333333,4,10,1.97532154502578,8,6,10,2.02030508910442,8.33333333333333,4,10,1.97532154502578,0.0833333333333333,1.88306214273718,2.23606797749979,0.531326397476738,"F4_R21",-0.380780413940097,-0.283764142120554,0.659226084974316,0.251662716816805,-0.103662895578542,0.142681350151928,0.511221945137157,196,"medium"
1241,"-1:-2|-1:-1|0:1|1:-2",4,TRUE,1,1,2,"mixed",1.72158737934317,2.23606797749979,2.25,3,2,1.88306214273718,2,8,1,21,4,FALSE,21,2097152,4,16,25,25,0.833333333333333,3,0.5,0.25,0.98766077251289,8.33333333333333,4,10,1.97532154502578,8,6,10,2.02030508910442,8.33333333333333,4,10,1.97532154502578,0.0833333333333333,1.88306214273718,2.23606797749979,0.531326397476738,"F4_R21",-0.380780413940097,-0.283764142120554,0.659226084974316,0.251662716816805,-0.103662895578542,0.142681350151927,0.50498753117207,199,"medium"
1285,"-1:-2|-1:2|0:-1|1:2",4,TRUE,1,0,3,"mixed",1.92705098312484,2.23606797749979,2.5,3,2,1.88306214273718,2,8,1,21,4,FALSE,21,2097152,4,16,25,25,0.833333333333333,3,0.5,0.25,0.98766077251289,8.33333333333333,4,10,1.97532154502578,8,6,10,2.02030508910442,8.33333333333333,4,10,1.97532154502578,0.0833333333333333,1.88306214273718,2.23606797749979,0.531326397476738,"F4_R21",-0.380780413940097,-0.283764142120554,0.659226084974316,0.251662716816805,-0.103662895578542,0.142681350151927,0.50498753117207,199,"medium"
404,"-1:-1|1:1|1:2|2:2",4,TRUE,0,3,1,"off_axis",1.97323055674804,2.82842712474619,2.75,4,2,1.97924171636038,1,8,1,21,4,FALSE,21,2097152,4,16,25,25,0.833333333333333,3,0.5,0.166666666666667,1.06897047752888,8.33333333333333,4,10,2.13794095505776,8,8,8,0,8.33333333333333,4,10,2.13794095505776,0.166666666666667,1.97924171636038,2.82842712474619,0.80457181726183,"F4_R21",0.146928014007514,-0.283764142120554,1.08778345653519,0.251662716816805,-1.1721881269266,0.0304219183123562,0.496259351620948,201,"medium"
849,"-2:-2|-1:-1|2:-2|2:2",4,TRUE,0,4,0,"diagonal_only",2.47487373415292,2.82842712474619,3.5,4,2,1.97924171636038,1,8,1,21,4,FALSE,21,2097152,4,16,25,25,0.833333333333333,3,0.5,0.166666666666667,1.06897047752888,8.33333333333333,4,10,2.13794095505776,8,8,8,0,8.33333333333333,4,10,2.13794095505776,0.166666666666667,1.97924171636038,2.82842712474619,0.80457181726183,"F4_R21",0.146928014007514,-0.283764142120554,1.08778345653519,0.251662716816805,-1.1721881269266,0.0304219183123562,0.496259351620948,201,"medium"
887,"-2:-2|-1:-1|-1:0|2:2",4,TRUE,1,3,0,"mixed",2.01776695296637,2.82842712474619,2.75,4,2,1.97924171636038,1,8,1,21,4,FALSE,21,2097152,4,16,25,25,0.833333333333333,3,0.5,0.166666666666667,1.06897047752888,8.33333333333333,4,10,2.13794095505776,8,8,8,0,8.33333333333333,4,10,2.13794095505776,0.166666666666667,1.97924171636038,2.82842712474619,0.80457181726183,"F4_R21",0.146928014007514,-0.283764142120554,1.08778345653519,0.251662716816805,-1.1721881269266,0.0304219183123562,0.496259351620948,201,"medium"
909,"-1:-1|-1:0|1:1|2:2",4,TRUE,1,3,0,"mixed",1.6642135623731,2.82842712474619,2.25,4,2,1.97924171636038,1,8,1,21,4,FALSE,21,2097152,4,16,25,25,0.833333333333333,3,0.5,0.166666666666667,1.06897047752888,8.33333333333333,4,10,2.13794095505776,8,8,8,0,8.33333333333333,4,10,2.13794095505776,0.166666666666667,1.97924171636038,2.82842712474619,0.80457181726183,"F4_R21",0.146928014007514,-0.283764142120554,1.08778345653519,0.251662716816805,-1.1721881269266,0.0304219183123562,0.496259351620948,201,"medium"
1030,"-1:0|0:-1|1:-2|2:2",4,TRUE,2,1,1,"mixed",1.76612377556149,2.82842712474619,2.25,4,2,1.97924171636038,1,8,1,21,4,FALSE,21,2097152,4,16,25,25,0.833333333333333,3,0.5,0.166666666666667,1.06897047752888,8.33333333333333,4,10,2.13794095505776,8,8,8,0,8.33333333333333,4,10,2.13794095505776,0.166666666666667,1.97924171636038,2.82842712474619,0.80457181726183,"F4_R21",0.146928014007514,-0.283764142120554,1.08778345653519,0.251662716816805,-1.1721881269266,0.0304219183123562,0.496259351620948,201,"medium"
334,"-1:0|0:-2|1:-2|2:-2",4,TRUE,2,1,1,"mixed",2.01612377556149,2.82842712474619,2.5,4,2,1.99574173292381,2,8,1,21,4,FALSE,21,2097152,4,16,25,25,0.833333333333333,3,0.5,0.25,0.98766077251289,8.33333333333333,4,10,1.97532154502578,7,4,10,3.03045763365663,8.33333333333333,4,10,1.97532154502578,0.0833333333333333,1.99574173292381,2.82842712474619,0.757932080998649,"F4_R21",0.237458648255382,-1.13505656848221,0.659226084974316,0.251662716816805,-0.103662895578542,-0.090372014014254,0.483790523690773,206,"medium"
372,"-2:-2|-1:-2|-1:0|2:-2",4,TRUE,1,2,1,"mixed",2.22323055674804,2.82842712474619,3,4,2,1.99574173292381,2,8,1,21,4,FALSE,21,2097152,4,16,25,25,0.833333333333333,3,0.5,0.25,0.98766077251289,8.33333333333333,4,10,1.97532154502578,7,4,10,3.03045763365663,8.33333333333333,4,10,1.97532154502578,0.0833333333333333,1.99574173292381,2.82842712474619,0.757932080998649,"F4_R21",0.237458648255382,-1.13505656848221,0.659226084974316,0.251662716816805,-0.103662895578542,-0.090372014014254,0.483790523690773,206,"medium"
469,"-1:0|1:-2|1:0|2:-2",4,TRUE,2,1,1,"mixed",1.76612377556149,2.82842712474619,2.25,4,2,1.99574173292381,2,8,1,21,4,FALSE,21,2097152,4,16,25,25,0.833333333333333,3,0.5,0.25,0.98766077251289,8.33333333333333,4,10,1.97532154502578,7,4,10,3.03045763365663,8.33333333333333,4,10,1.97532154502578,0.0833333333333333,1.99574173292381,2.82842712474619,0.757932080998649,"F4_R21",0.237458648255382,-1.13505656848221,0.659226084974316,0.251662716816805,-0.103662895578542,-0.090372014014254,0.483790523690773,206,"medium"
602,"-2:-2|-2:0|-1:0|2:-2",4,TRUE,2,2,0,"mixed",2.16421356237309,2.82842712474619,2.75,4,2,1.99574173292381,2,8,1,21,4,FALSE,21,2097152,4,16,25,25,0.833333333333333,3,0.5,0.25,0.98766077251289,8.33333333333333,4,10,1.97532154502578,7,4,10,3.03045763365663,8.33333333333333,4,10,1.97532154502578,0.0833333333333333,1.99574173292381,2.82842712474619,0.757932080998649,"F4_R21",0.237458648255382,-1.13505656848221,0.659226084974316,0.251662716816805,-0.103662895578542,-0.090372014014254,0.483790523690773,206,"medium"
1173,"-1:-2|0:-2|1:0|2:0",4,TRUE,3,0,1,"mixed",1.80901699437495,2.23606797749979,2,3,2,1.99574173292381,2,8,1,21,4,FALSE,21,2097152,4,16,25,25,0.833333333333333,3,0.5,0.25,0.98766077251289,8.33333333333333,4,10,1.97532154502578,7,4,10,3.03045763365663,8.33333333333333,4,10,1.97532154502578,0.0833333333333333,1.99574173292381,2.82842712474619,0.757932080998649,"F4_R21",0.237458648255382,-1.13505656848221,0.659226084974316,0.251662716816805,-0.103662895578542,-0.090372014014254,0.483790523690773,206,"medium"
974,"-2:-2|-1:0|1:0|2:0",4,TRUE,3,1,0,"mixed",1.70710678118655,2.82842712474619,2,4,2,1.9128990204492,2,8,1,21,4,FALSE,21,2097152,4,16,25,25,0.833333333333333,3,0.5,0.166666666666667,1.06897047752888,8.33333333333333,4,10,2.13794095505776,7,4,10,3.03045763365663,8.33333333333333,4,10,2.13794095505776,0.166666666666667,1.9128990204492,2.82842712474619,0.699855014798309,"F4_R21",-0.21707442898787,-1.13505656848221,1.08778345653519,0.251662716816805,-0.103662895578542,-0.116347719696634,0.475062344139651,211,"medium"
1577,"-2:-1|0:-2|0:1|0:2",4,TRUE,3,0,1,"mixed",1.80901699437495,2.23606797749979,2,3,2,1.9128990204492,2,8,1,21,4,FALSE,21,2097152,4,16,25,25,0.833333333333333,3,0.5,0.166666666666667,1.06897047752888,8.33333333333333,4,10,2.13794095505776,7,4,10,3.03045763365663,8.33333333333333,4,10,2.13794095505776,0.166666666666667,1.9128990204492,2.82842712474619,0.699855014798309,"F4_R21",-0.21707442898787,-1.13505656848221,1.08778345653519,0.251662716816805,-0.103662895578542,-0.116347719696634,0.475062344139651,211,"medium"
351,"-2:-1|-1:-2|1:-2|2:-2",4,TRUE,0,1,3,"off_axis",2.38415776431139,2.82842712474619,3.25,4,2,1.96011261594915,2,8,1,21,4,FALSE,21,2097152,4,16,25,25,0.833333333333333,2,0.666666666666667,0.166666666666667,0.688332449299089,8.33333333333333,6,10,1.37666489859818,9,8,10,1.01015254455221,8.33333333333333,6,10,1.37666489859818,0,1.96011261594915,2.82842712474619,0.535369584489657,"F4_R21",0.0419723864684553,0.567528284241106,-0.918437484276193,0.251662716816805,-0.103662895578542,-0.160936992328368,0.466334164588529,213,"medium"
968,"-2:-2|-1:0|1:-1|2:0",4,TRUE,2,2,0,"mixed",1.81066017177982,2.82842712474619,2.25,4,2,1.96011261594915,2,8,1,21,4,FALSE,21,2097152,4,16,25,25,0.833333333333333,2,0.666666666666667,0.166666666666667,0.688332449299089,8.33333333333333,6,10,1.37666489859818,9,8,10,1.01015254455221,8.33333333333333,6,10,1.37666489859818,0,1.96011261594915,2.82842712474619,0.535369584489657,"F4_R21",0.0419723864684553,0.567528284241106,-0.918437484276193,0.251662716816805,-0.103662895578542,-0.160936992328368,0.466334164588529,213,"medium"
1417,"-1:-1|-1:1|-1:2|1:-2",4,TRUE,0,2,2,"off_axis",1.82514076993644,2.23606797749979,2.5,3,2,1.96011261594915,2,8,1,21,4,FALSE,21,2097152,4,16,25,25,0.833333333333333,2,0.666666666666667,0.166666666666667,0.688332449299089,8.33333333333333,6,10,1.37666489859818,9,8,10,1.01015254455221,8.33333333333333,6,10,1.37666489859818,0,1.96011261594915,2.82842712474619,0.535369584489657,"F4_R21",0.0419723864684553,0.567528284241106,-0.918437484276193,0.251662716816805,-0.103662895578542,-0.160936992328368,0.466334164588529,213,"medium"
1489,"-2:-1|-1:0|1:-2|2:0",4,TRUE,2,0,2,"mixed",1.86803398874989,2.23606797749979,2.25,3,2,1.96011261594915,2,8,1,21,4,FALSE,21,2097152,4,16,25,25,0.833333333333333,2,0.666666666666667,0.166666666666667,0.688332449299089,8.33333333333333,6,10,1.37666489859818,9,8,10,1.01015254455221,8.33333333333333,6,10,1.37666489859818,0,1.96011261594915,2.82842712474619,0.535369584489657,"F4_R21",0.0419723864684553,0.567528284241106,-0.918437484276193,0.251662716816805,-0.103662895578542,-0.160936992328368,0.466334164588529,213,"medium"
1507,"-2:-1|-1:1|0:-2|0:2",4,TRUE,2,1,1,"mixed",1.91257038496822,2.23606797749979,2.25,3,2,1.96011261594915,2,8,1,21,4,FALSE,21,2097152,4,16,25,25,0.833333333333333,2,0.666666666666667,0.166666666666667,0.688332449299089,8.33333333333333,6,10,1.37666489859818,9,8,10,1.01015254455221,8.33333333333333,6,10,1.37666489859818,0,1.96011261594915,2.82842712474619,0.535369584489657,"F4_R21",0.0419723864684553,0.567528284241106,-0.918437484276193,0.251662716816805,-0.103662895578542,-0.160936992328368,0.466334164588529,213,"medium"
326,"-2:-2|-1:-2|0:-2|2:-2",4,TRUE,1,2,1,"mixed",2.47323055674804,2.82842712474619,3.25,4,2,1.88929222269922,2,8,1,21,4,FALSE,21,2097152,4,16,25,25,0.833333333333333,3,0.5,0.166666666666667,1.06897047752888,8.33333333333333,4,10,2.13794095505776,7,4,10,3.03045763365663,8.33333333333333,4,10,2.13794095505776,0.166666666666667,1.88929222269922,2.82842712474619,0.691676624224108,"F4_R21",-0.346597836716033,-1.13505656848221,1.08778345653519,0.251662716816805,-0.103662895578542,-0.245871127424797,0.453865336658354,218,"medium"
599,"-1:0|1:0|2:-2|2:0",4,TRUE,3,1,0,"mixed",1.70710678118655,2.82842712474619,2,4,2,1.88929222269922,2,8,1,21,4,FALSE,21,2097152,4,16,25,25,0.833333333333333,3,0.5,0.166666666666667,1.06897047752888,8.33333333333333,4,10,2.13794095505776,7,4,10,3.03045763365663,8.33333333333333,4,10,2.13794095505776,0.166666666666667,1.88929222269922,2.82842712474619,0.691676624224108,"F4_R21",-0.346597836716033,-1.13505656848221,1.08778345653519,0.251662716816805,-0.103662895578542,-0.245871127424797,0.453865336658354,218,"medium"
694,"-2:-2|-2:0|1:0|2:0",4,TRUE,3,1,0,"mixed",1.95710678118655,2.82842712474619,2.25,4,2,1.88929222269922,2,8,1,21,4,FALSE,21,2097152,4,16,25,25,0.833333333333333,3,0.5,0.166666666666667,1.06897047752888,8.33333333333333,4,10,2.13794095505776,7,4,10,3.03045763365663,8.33333333333333,4,10,2.13794095505776,0.166666666666667,1.88929222269922,2.82842712474619,0.691676624224108,"F4_R21",-0.346597836716033,-1.13505656848221,1.08778345653519,0.251662716816805,-0.103662895578542,-0.245871127424797,0.453865336658354,218,"medium"
1599,"-1:-2|-1:0|1:0|2:0",4,TRUE,3,0,1,"mixed",1.55901699437495,2.23606797749979,1.75,3,2,1.88929222269922,2,8,1,21,4,FALSE,21,2097152,4,16,25,25,0.833333333333333,3,0.5,0.166666666666667,1.06897047752888,8.33333333333333,4,10,2.13794095505776,7,4,10,3.03045763365663,8.33333333333333,4,10,2.13794095505776,0.166666666666667,1.88929222269922,2.82842712474619,0.691676624224108,"F4_R21",-0.346597836716033,-1.13505656848221,1.08778345653519,0.251662716816805,-0.103662895578542,-0.245871127424797,0.453865336658354,218,"medium"
1683,"-2:0|-1:0|0:-2|2:0",4,TRUE,4,0,0,"axis_only",1.75,2,1.75,2,2,1.88929222269922,2,8,1,21,4,FALSE,21,2097152,4,16,25,25,0.833333333333333,3,0.5,0.166666666666667,1.06897047752888,8.33333333333333,4,10,2.13794095505776,7,4,10,3.03045763365663,8.33333333333333,4,10,2.13794095505776,0.166666666666667,1.88929222269922,2.82842712474619,0.691676624224108,"F4_R21",-0.346597836716033,-1.13505656848221,1.08778345653519,0.251662716816805,-0.103662895578542,-0.245871127424797,0.453865336658354,218,"medium"
1225,"-1:-2|1:-2|2:-1|2:1",4,TRUE,0,0,4,"off_axis",2.23606797749979,2.23606797749979,3,3,2,2.1659048552118,4,4,2,21,4,FALSE,21,2097152,4,16,25,25,0.833333333333333,2,0.666666666666667,0.166666666666667,0.688332449299089,8.33333333333333,6,10,1.37666489859818,10,10,10,0,8.33333333333333,6,10,1.37666489859818,0,2.1659048552118,2.82842712474619,0.34778051534767,"F4_R21",1.17109258293099,1.41882071060277,-0.918437484276193,-3.96368778986468,2.03338756711756,-0.258824413489556,0.446384039900249,223,"medium"
560,"-1:-2|0:-2|1:2|2:-2",4,TRUE,1,1,2,"mixed",2.32514076993644,2.82842712474619,3,4,2,1.93650581819917,2,8,1,21,4,FALSE,21,2097152,4,16,25,25,0.833333333333333,2,0.666666666666667,0.166666666666667,0.688332449299089,8.33333333333333,6,10,1.37666489859818,9,8,10,1.01015254455221,8.33333333333333,6,10,1.37666489859818,0,1.93650581819917,2.82842712474619,0.526988526209425,"F4_R21",-0.0875510212597073,0.567528284241106,-0.918437484276193,0.251662716816805,-0.103662895578542,-0.290460400056531,0.438902743142145,224,"medium"
619,"-1:-1|0:-2|0:2|2:-2",4,TRUE,2,2,0,"mixed",2.06066017177982,2.82842712474619,2.5,4,2,1.93650581819917,2,8,1,21,4,FALSE,21,2097152,4,16,25,25,0.833333333333333,2,0.666666666666667,0.166666666666667,0.688332449299089,8.33333333333333,6,10,1.37666489859818,9,8,10,1.01015254455221,8.33333333333333,6,10,1.37666489859818,0,1.93650581819917,2.82842712474619,0.526988526209425,"F4_R21",-0.0875510212597073,0.567528284241106,-0.918437484276193,0.251662716816805,-0.103662895578542,-0.290460400056531,0.438902743142145,224,"medium"
1365,"-1:-1|-1:1|-1:2|2:1",4,TRUE,0,2,2,"off_axis",1.82514076993644,2.23606797749979,2.5,3,2,1.93650581819917,2,8,1,21,4,FALSE,21,2097152,4,16,25,25,0.833333333333333,2,0.666666666666667,0.166666666666667,0.688332449299089,8.33333333333333,6,10,1.37666489859818,9,8,10,1.01015254455221,8.33333333333333,6,10,1.37666489859818,0,1.93650581819917,2.82842712474619,0.526988526209425,"F4_R21",-0.0875510212597073,0.567528284241106,-0.918437484276193,0.251662716816805,-0.103662895578542,-0.290460400056531,0.438902743142145,224,"medium"
1449,"-1:-2|0:-1|0:2|2:-1",4,TRUE,2,0,2,"mixed",1.86803398874989,2.23606797749979,2.25,3,2,1.93650581819917,2,8,1,21,4,FALSE,21,2097152,4,16,25,25,0.833333333333333,2,0.666666666666667,0.166666666666667,0.688332449299089,8.33333333333333,6,10,1.37666489859818,9,8,10,1.01015254455221,8.33333333333333,6,10,1.37666489859818,0,1.93650581819917,2.82842712474619,0.526988526209425,"F4_R21",-0.0875510212597073,0.567528284241106,-0.918437484276193,0.251662716816805,-0.103662895578542,-0.290460400056531,0.438902743142145,224,"medium"
1669,"-1:-1|0:-2|0:1|2:0",4,TRUE,3,1,0,"mixed",1.60355339059327,2,1.75,2,2,1.93650581819917,2,8,1,21,4,FALSE,21,2097152,4,16,25,25,0.833333333333333,2,0.666666666666667,0.166666666666667,0.688332449299089,8.33333333333333,6,10,1.37666489859818,9,8,10,1.01015254455221,8.33333333333333,6,10,1.37666489859818,0,1.93650581819917,2.82842712474619,0.526988526209425,"F4_R21",-0.0875510212597073,0.567528284241106,-0.918437484276193,0.251662716816805,-0.103662895578542,-0.290460400056531,0.438902743142145,224,"medium"
410,"-2:-2|-1:-2|-1:-1|2:2",4,TRUE,0,3,1,"off_axis",2.32678394734132,2.82842712474619,3.25,4,2,1.92000580163574,1,8,1,21,4,FALSE,21,2097152,4,16,25,25,0.833333333333333,3,0.5,0.166666666666667,1.06897047752888,8.33333333333333,4,10,2.13794095505776,8,8,8,0,8.33333333333333,4,10,2.13794095505776,0.166666666666667,1.92000580163574,2.82842712474619,0.755408441165062,"F4_R21",-0.178081655507577,-0.283764142120554,1.08778345653519,0.251662716816805,-1.1721881269266,-0.294587751202734,0.430174563591022,229,"medium"
882,"-1:-1|0:1|1:1|2:2",4,TRUE,1,3,0,"mixed",1.6642135623731,2.82842712474619,2.25,4,2,1.92000580163574,1,8,1,21,4,FALSE,21,2097152,4,16,25,25,0.833333333333333,3,0.5,0.166666666666667,1.06897047752888,8.33333333333333,4,10,2.13794095505776,8,8,8,0,8.33333333333333,4,10,2.13794095505776,0.166666666666667,1.92000580163574,2.82842712474619,0.755408441165062,"F4_R21",-0.178081655507577,-0.283764142120554,1.08778345653519,0.251662716816805,-1.1721881269266,-0.294587751202734,0.430174563591022,229,"medium"
1410,"-2:-1|-1:-1|1:-2|2:0",4,TRUE,1,1,2,"mixed",1.97158737934317,2.23606797749979,2.5,3,2,1.92448349897449,2,8,1,21,4,FALSE,21,2097152,4,16,25,25,0.833333333333333,2,0.666666666666667,0.166666666666667,0.688332449299089,8.33333333333333,6,10,1.37666489859818,9,8,10,1.01015254455221,8.33333333333333,6,10,1.37666489859818,0,1.92448349897449,2.23606797749979,0.467098921446569,"F4_R21",-0.153513875318471,0.567528284241106,-0.918437484276193,0.251662716816805,-0.103662895578542,-0.356423254115295,0.425187032418953,231,"medium"
1495,"-1:-1|-1:2|0:1|1:-2",4,TRUE,1,1,2,"mixed",1.72158737934317,2.23606797749979,2.25,3,2,1.92448349897449,2,8,1,21,4,FALSE,21,2097152,4,16,25,25,0.833333333333333,2,0.666666666666667,0.166666666666667,0.688332449299089,8.33333333333333,6,10,1.37666489859818,9,8,10,1.01015254455221,8.33333333333333,6,10,1.37666489859818,0,1.92448349897449,2.23606797749979,0.467098921446569,"F4_R21",-0.153513875318471,0.567528284241106,-0.918437484276193,0.251662716816805,-0.103662895578542,-0.356423254115295,0.425187032418953,231,"medium"
561,"-1:-2|0:-2|0:2|2:-2",4,TRUE,2,1,1,"mixed",2.26612377556149,2.82842712474619,2.75,4,2,1.87147766421189,3,8,1,21,4,FALSE,21,2097152,4,16,25,25,0.833333333333333,2,0.666666666666667,0.166666666666667,0.688332449299089,8.33333333333333,6,10,1.37666489859818,8,8,8,0,8.33333333333333,6,10,1.37666489859818,0,1.87147766421189,2.82842712474619,0.575008552937376,"F4_R21",-0.444340967609496,-0.283764142120554,-0.918437484276193,0.251662716816805,0.964862335769511,-0.430017541419928,0.420199501246883,233,"medium"
1606,"-1:-1|-1:0|-1:2|2:0",4,TRUE,2,1,1,"mixed",1.66257038496822,2.23606797749979,2,3,2,1.87147766421189,3,8,1,21,4,FALSE,21,2097152,4,16,25,25,0.833333333333333,2,0.666666666666667,0.166666666666667,0.688332449299089,8.33333333333333,6,10,1.37666489859818,8,8,8,0,8.33333333333333,6,10,1.37666489859818,0,1.87147766421189,2.82842712474619,0.575008552937376,"F4_R21",-0.444340967609496,-0.283764142120554,-0.918437484276193,0.251662716816805,0.964862335769511,-0.430017541419928,0.420199501246883,233,"medium"
325,"-1:-2|0:-2|1:-2|2:-2",4,TRUE,1,1,2,"mixed",2.32514076993644,2.82842712474619,3,4,2,1.83005630797458,2,8,1,21,4,FALSE,21,2097152,4,16,25,25,0.833333333333333,3,0.5,0.166666666666667,1.06897047752888,8.33333333333333,4,10,2.13794095505776,7,4,10,3.03045763365663,8.33333333333333,4,10,2.13794095505776,0.166666666666667,1.83005630797458,2.82842712474619,0.624405414634559,"F4_R21",-0.671607506231122,-1.13505656848221,1.08778345653519,0.251662716816805,-0.103662895578542,-0.570880796939886,0.411471321695761,235,"medium"
604,"-2:-2|-2:0|-1:0|2:0",4,TRUE,3,1,0,"mixed",1.95710678118655,2.82842712474619,2.25,4,2,1.83005630797458,2,8,1,21,4,FALSE,21,2097152,4,16,25,25,0.833333333333333,3,0.5,0.166666666666667,1.06897047752888,8.33333333333333,4,10,2.13794095505776,7,4,10,3.03045763365663,8.33333333333333,4,10,2.13794095505776,0.166666666666667,1.83005630797458,2.82842712474619,0.624405414634559,"F4_R21",-0.671607506231122,-1.13505656848221,1.08778345653519,0.251662716816805,-0.103662895578542,-0.570880796939886,0.411471321695761,235,"medium"
1568,"-1:0|1:-2|1:0|2:0",4,TRUE,3,0,1,"mixed",1.55901699437495,2.23606797749979,1.75,3,2,1.83005630797458,2,8,1,21,4,FALSE,21,2097152,4,16,25,25,0.833333333333333,3,0.5,0.166666666666667,1.06897047752888,8.33333333333333,4,10,2.13794095505776,7,4,10,3.03045763365663,8.33333333333333,4,10,2.13794095505776,0.166666666666667,1.83005630797458,2.82842712474619,0.624405414634559,"F4_R21",-0.671607506231122,-1.13505656848221,1.08778345653519,0.251662716816805,-0.103662895578542,-0.570880796939886,0.411471321695761,235,"medium"
1569,"-2:-1|0:-2|0:-1|0:2",4,TRUE,3,0,1,"mixed",1.80901699437495,2.23606797749979,2,3,2,1.83005630797458,2,8,1,21,4,FALSE,21,2097152,4,16,25,25,0.833333333333333,3,0.5,0.166666666666667,1.06897047752888,8.33333333333333,4,10,2.13794095505776,7,4,10,3.03045763365663,8.33333333333333,4,10,2.13794095505776,0.166666666666667,1.83005630797458,2.82842712474619,0.624405414634559,"F4_R21",-0.671607506231122,-1.13505656848221,1.08778345653519,0.251662716816805,-0.103662895578542,-0.570880796939886,0.411471321695761,235,"medium"
1681,"-1:0|0:-2|1:0|2:0",4,TRUE,4,0,0,"axis_only",1.5,2,1.5,2,2,1.83005630797458,2,8,1,21,4,FALSE,21,2097152,4,16,25,25,0.833333333333333,3,0.5,0.166666666666667,1.06897047752888,8.33333333333333,4,10,2.13794095505776,7,4,10,3.03045763365663,8.33333333333333,4,10,2.13794095505776,0.166666666666667,1.83005630797458,2.82842712474619,0.624405414634559,"F4_R21",-0.671607506231122,-1.13505656848221,1.08778345653519,0.251662716816805,-0.103662895578542,-0.570880796939886,0.411471321695761,235,"medium"
1330,"-2:-1|-1:-2|0:2|2:0",4,TRUE,2,0,2,"mixed",2.11803398874989,2.23606797749979,2.5,3,2,2.12000580163574,2,4,2,21,4,FALSE,21,2097152,4,16,25,25,0.833333333333333,3,0.5,0.166666666666667,1.06897047752888,8.33333333333333,4,10,2.13794095505776,10,10,10,0,8.33333333333333,4,10,2.13794095505776,0.166666666666667,2.12000580163574,2.82842712474619,0.582690503927722,"F4_R21",0.91925826412026,1.41882071060277,1.08778345653519,-3.96368778986468,-0.103662895578542,-0.641488254185013,0.403990024937656,240,"medium"
383,"-2:-1|2:-2|2:1|2:2",4,TRUE,0,2,2,"off_axis",2.53224755112299,2.82842712474619,3.5,4,2,2.00153397218646,2,8,1,21,4,FALSE,21,2097152,4,16,25,25,0.833333333333333,2,0.666666666666667,0.166666666666667,0.688332449299089,8.33333333333333,6,10,1.37666489859818,8,6,10,2.02030508910442,8.33333333333333,6,10,1.37666489859818,0,2.00153397218646,2.82842712474619,0.661531689157382,"F4_R21",0.269238925090082,-0.283764142120554,-0.918437484276193,0.251662716816805,-0.103662895578542,-0.784962880068402,0.396508728179551,241,"easy"
975,"-1:-2|0:-1|0:1|2:2",4,TRUE,2,1,1,"mixed",1.76612377556149,2.82842712474619,2.25,4,2,2.00153397218646,2,8,1,21,4,FALSE,21,2097152,4,16,25,25,0.833333333333333,2,0.666666666666667,0.166666666666667,0.688332449299089,8.33333333333333,6,10,1.37666489859818,8,6,10,2.02030508910442,8.33333333333333,6,10,1.37666489859818,0,2.00153397218646,2.82842712474619,0.661531689157382,"F4_R21",0.269238925090082,-0.283764142120554,-0.918437484276193,0.251662716816805,-0.103662895578542,-0.784962880068402,0.396508728179551,241,"easy"
1017,"-1:-1|0:1|0:2|2:-2",4,TRUE,2,2,0,"mixed",1.81066017177982,2.82842712474619,2.25,4,2,2.00153397218646,2,8,1,21,4,FALSE,21,2097152,4,16,25,25,0.833333333333333,2,0.666666666666667,0.166666666666667,0.688332449299089,8.33333333333333,6,10,1.37666489859818,8,6,10,2.02030508910442,8.33333333333333,6,10,1.37666489859818,0,2.00153397218646,2.82842712474619,0.661531689157382,"F4_R21",0.269238925090082,-0.283764142120554,-0.918437484276193,0.251662716816805,-0.103662895578542,-0.784962880068402,0.396508728179551,241,"easy"
1427,"-1:-2|-1:-1|-1:2|2:1",4,TRUE,0,1,3,"off_axis",2.03060437371812,2.23606797749979,2.75,3,2,2.00153397218646,2,8,1,21,4,FALSE,21,2097152,4,16,25,25,0.833333333333333,2,0.666666666666667,0.166666666666667,0.688332449299089,8.33333333333333,6,10,1.37666489859818,8,6,10,2.02030508910442,8.33333333333333,6,10,1.37666489859818,0,2.00153397218646,2.82842712474619,0.661531689157382,"F4_R21",0.269238925090082,-0.283764142120554,-0.918437484276193,0.251662716816805,-0.103662895578542,-0.784962880068402,0.396508728179551,241,"easy"
1567,"-1:-2|0:1|0:2|2:-1",4,TRUE,2,0,2,"mixed",1.86803398874989,2.23606797749979,2.25,3,2,2.00153397218646,2,8,1,21,4,FALSE,21,2097152,4,16,25,25,0.833333333333333,2,0.666666666666667,0.166666666666667,0.688332449299089,8.33333333333333,6,10,1.37666489859818,8,6,10,2.02030508910442,8.33333333333333,6,10,1.37666489859818,0,2.00153397218646,2.82842712474619,0.661531689157382,"F4_R21",0.269238925090082,-0.283764142120554,-0.918437484276193,0.251662716816805,-0.103662895578542,-0.784962880068402,0.396508728179551,241,"easy"
333,"-2:-2|-1:-2|-1:0|0:-2",4,TRUE,2,1,1,"mixed",2.01612377556149,2.82842712474619,2.5,4,2,1.85366310572456,2,8,1,21,4,FALSE,21,2097152,4,16,25,25,0.833333333333333,3,0.5,0.25,0.98766077251289,8.33333333333333,4,10,1.97532154502578,7,4,10,3.03045763365663,8.33333333333333,4,10,1.97532154502578,0.0833333333333333,1.85366310572456,2.82842712474619,0.63590101472512,"F4_R21",-0.542084098502959,-1.13505656848221,0.659226084974316,0.251662716816805,-0.103662895578542,-0.869914760772595,0.384039900249377,246,"easy"
456,"-2:-2|-2:-1|0:-2|0:-1",4,TRUE,2,1,1,"mixed",2.01612377556149,2.82842712474619,2.5,4,2,1.85366310572456,2,8,1,21,4,FALSE,21,2097152,4,16,25,25,0.833333333333333,3,0.5,0.25,0.98766077251289,8.33333333333333,4,10,1.97532154502578,7,4,10,3.03045763365663,8.33333333333333,4,10,1.97532154502578,0.0833333333333333,1.85366310572456,2.82842712474619,0.63590101472512,"F4_R21",-0.542084098502959,-1.13505656848221,0.659226084974316,0.251662716816805,-0.103662895578542,-0.869914760772595,0.384039900249377,246,"easy"
1077,"-1:-2|-1:0|0:-2|1:-2",4,TRUE,2,0,2,"mixed",1.86803398874989,2.23606797749979,2.25,3,2,1.85366310572456,2,8,1,21,4,FALSE,21,2097152,4,16,25,25,0.833333333333333,3,0.5,0.25,0.98766077251289,8.33333333333333,4,10,1.97532154502578,7,4,10,3.03045763365663,8.33333333333333,4,10,1.97532154502578,0.0833333333333333,1.85366310572456,2.82842712474619,0.63590101472512,"F4_R21",-0.542084098502959,-1.13505656848221,0.659226084974316,0.251662716816805,-0.103662895578542,-0.869914760772595,0.384039900249377,246,"easy"
1153,"-2:-1|-2:0|0:-2|0:-1",4,TRUE,3,0,1,"mixed",1.80901699437495,2.23606797749979,2,3,2,1.85366310572456,2,8,1,21,4,FALSE,21,2097152,4,16,25,25,0.833333333333333,3,0.5,0.25,0.98766077251289,8.33333333333333,4,10,1.97532154502578,7,4,10,3.03045763365663,8.33333333333333,4,10,1.97532154502578,0.0833333333333333,1.85366310572456,2.82842712474619,0.63590101472512,"F4_R21",-0.542084098502959,-1.13505656848221,0.659226084974316,0.251662716816805,-0.103662895578542,-0.869914760772595,0.384039900249377,246,"easy"
1163,"-1:-2|-1:0|0:-2|1:0",4,TRUE,3,0,1,"mixed",1.55901699437495,2.23606797749979,1.75,3,2,1.85366310572456,2,8,1,21,4,FALSE,21,2097152,4,16,25,25,0.833333333333333,3,0.5,0.25,0.98766077251289,8.33333333333333,4,10,1.97532154502578,7,4,10,3.03045763365663,8.33333333333333,4,10,1.97532154502578,0.0833333333333333,1.85366310572456,2.82842712474619,0.63590101472512,"F4_R21",-0.542084098502959,-1.13505656848221,0.659226084974316,0.251662716816805,-0.103662895578542,-0.869914760772595,0.384039900249377,246,"easy"
1276,"-1:-2|-1:2|2:-1|2:1",4,TRUE,0,0,4,"off_axis",2.23606797749979,2.23606797749979,3,3,2,2.20732621144911,4,4,2,21,4,FALSE,21,2097152,4,16,25,25,0.833333333333333,2,0.666666666666667,0.166666666666667,0.688332449299089,8.33333333333333,6,10,1.37666489859818,9,8,10,1.01015254455221,8.33333333333333,6,10,1.37666489859818,0,2.20732621144911,2.82842712474619,0.50300319885189,"F4_R21",1.39835912155262,0.567528284241106,-0.918437484276193,-3.96368778986468,2.03338756711756,-0.882850301229589,0.376558603491272,251,"easy"
528,"-1:-1|0:-2|1:2|2:2",4,TRUE,1,2,1,"mixed",2.11967716615477,2.82842712474619,2.75,4,2,2.02000580163574,1,8,1,21,4,FALSE,21,2097152,4,16,25,25,0.833333333333333,2,0.666666666666667,0.166666666666667,0.688332449299089,8.33333333333333,6,10,1.37666489859818,9,8,10,1.01015254455221,8.33333333333333,6,10,1.37666489859818,0,2.02000580163574,2.82842712474619,0.682785602723576,"F4_R21",0.370588304306341,0.567528284241106,-0.918437484276193,0.251662716816805,-1.1721881269266,-0.900846305838536,0.369077306733167,252,"easy"
745,"-2:-1|-2:2|-1:0|2:-2",4,TRUE,1,2,1,"mixed",2.22323055674804,2.82842712474619,3,4,2,2.02000580163574,1,8,1,21,4,FALSE,21,2097152,4,16,25,25,0.833333333333333,2,0.666666666666667,0.166666666666667,0.688332449299089,8.33333333333333,6,10,1.37666489859818,9,8,10,1.01015254455221,8.33333333333333,6,10,1.37666489859818,0,2.02000580163574,2.82842712474619,0.682785602723576,"F4_R21",0.370588304306341,0.567528284241106,-0.918437484276193,0.251662716816805,-1.1721881269266,-0.900846305838536,0.369077306733167,252,"easy"
842,"-1:-1|1:-1|2:-2|2:2",4,TRUE,0,4,0,"diagonal_only",2.12132034355964,2.82842712474619,3,4,2,2.02000580163574,1,8,1,21,4,FALSE,21,2097152,4,16,25,25,0.833333333333333,2,0.666666666666667,0.166666666666667,0.688332449299089,8.33333333333333,6,10,1.37666489859818,9,8,10,1.01015254455221,8.33333333333333,6,10,1.37666489859818,0,2.02000580163574,2.82842712474619,0.682785602723576,"F4_R21",0.370588304306341,0.567528284241106,-0.918437484276193,0.251662716816805,-1.1721881269266,-0.900846305838536,0.369077306733167,252,"easy"
901,"-1:0|1:-1|1:2|2:-2",4,TRUE,1,2,1,"mixed",1.86967716615477,2.82842712474619,2.5,4,2,2.02000580163574,1,8,1,21,4,FALSE,21,2097152,4,16,25,25,0.833333333333333,2,0.666666666666667,0.166666666666667,0.688332449299089,8.33333333333333,6,10,1.37666489859818,9,8,10,1.01015254455221,8.33333333333333,6,10,1.37666489859818,0,2.02000580163574,2.82842712474619,0.682785602723576,"F4_R21",0.370588304306341,0.567528284241106,-0.918437484276193,0.251662716816805,-1.1721881269266,-0.900846305838536,0.369077306733167,252,"easy"
1403,"-1:-1|0:-2|1:1|2:1",4,TRUE,1,2,1,"mixed",1.76612377556149,2.23606797749979,2.25,3,2,2.02000580163574,1,8,1,21,4,FALSE,21,2097152,4,16,25,25,0.833333333333333,2,0.666666666666667,0.166666666666667,0.688332449299089,8.33333333333333,6,10,1.37666489859818,9,8,10,1.01015254455221,8.33333333333333,6,10,1.37666489859818,0,2.02000580163574,2.82842712474619,0.682785602723576,"F4_R21",0.370588304306341,0.567528284241106,-0.918437484276193,0.251662716816805,-1.1721881269266,-0.900846305838536,0.369077306733167,252,"easy"
345,"-2:-2|-1:-2|0:-2|2:2",4,TRUE,1,2,1,"mixed",2.47323055674804,2.82842712474619,3.25,4,2,1.97792717443648,2,8,1,21,4,FALSE,21,2097152,4,16,25,25,0.833333333333333,2,0.666666666666667,0.166666666666667,0.688332449299089,8.33333333333333,6,10,1.37666489859818,8,6,10,2.02030508910442,8.33333333333333,6,10,1.37666489859818,0,1.97792717443648,2.82842712474619,0.656424737689541,"F4_R21",0.139715517361919,-0.283764142120554,-0.918437484276193,0.251662716816805,-0.103662895578542,-0.914486287796565,0.356608478802993,257,"easy"
600,"-1:-1|0:1|0:2|2:2",4,TRUE,2,2,0,"mixed",1.81066017177982,2.82842712474619,2.25,4,2,1.97792717443648,2,8,1,21,4,FALSE,21,2097152,4,16,25,25,0.833333333333333,2,0.666666666666667,0.166666666666667,0.688332449299089,8.33333333333333,6,10,1.37666489859818,8,6,10,2.02030508910442,8.33333333333333,6,10,1.37666489859818,0,1.97792717443648,2.82842712474619,0.656424737689541,"F4_R21",0.139715517361919,-0.283764142120554,-0.918437484276193,0.251662716816805,-0.103662895578542,-0.914486287796565,0.356608478802993,257,"easy"
826,"-1:-2|-1:-1|-1:2|2:2",4,TRUE,0,2,2,"off_axis",2.17869416052972,2.82842712474619,3,4,2,1.97792717443648,2,8,1,21,4,FALSE,21,2097152,4,16,25,25,0.833333333333333,2,0.666666666666667,0.166666666666667,0.688332449299089,8.33333333333333,6,10,1.37666489859818,8,6,10,2.02030508910442,8.33333333333333,6,10,1.37666489859818,0,1.97792717443648,2.82842712474619,0.656424737689541,"F4_R21",0.139715517361919,-0.283764142120554,-0.918437484276193,0.251662716816805,-0.103662895578542,-0.914486287796565,0.356608478802993,257,"easy"
1497,"-1:-2|-1:0|1:0|2:1",4,TRUE,2,0,2,"mixed",1.61803398874989,2.23606797749979,2,3,2,1.97792717443648,2,8,1,21,4,FALSE,21,2097152,4,16,25,25,0.833333333333333,2,0.666666666666667,0.166666666666667,0.688332449299089,8.33333333333333,6,10,1.37666489859818,8,6,10,2.02030508910442,8.33333333333333,6,10,1.37666489859818,0,1.97792717443648,2.82842712474619,0.656424737689541,"F4_R21",0.139715517361919,-0.283764142120554,-0.918437484276193,0.251662716816805,-0.103662895578542,-0.914486287796565,0.356608478802993,257,"easy"
1634,"-1:-2|0:1|0:2|2:0",4,TRUE,3,0,1,"mixed",1.80901699437495,2.23606797749979,2,3,2,1.97792717443648,2,8,1,21,4,FALSE,21,2097152,4,16,25,25,0.833333333333333,2,0.666666666666667,0.166666666666667,0.688332449299089,8.33333333333333,6,10,1.37666489859818,8,6,10,2.02030508910442,8.33333333333333,6,10,1.37666489859818,0,1.97792717443648,2.82842712474619,0.656424737689541,"F4_R21",0.139715517361919,-0.283764142120554,-0.918437484276193,0.251662716816805,-0.103662895578542,-0.914486287796565,0.356608478802993,257,"easy"
427,"-2:-1|-1:-1|1:-2|2:-2",4,TRUE,0,2,2,"off_axis",2.17869416052972,2.82842712474619,3,4,2,1.88371941369913,1,8,1,21,4,FALSE,21,2097152,4,16,25,25,0.833333333333333,3,0.5,0.25,0.98766077251289,8.33333333333333,4,10,1.97532154502578,8,6,10,2.02030508910442,8.33333333333333,4,10,1.97532154502578,0.0833333333333333,1.88371941369913,2.82842712474619,0.625034372790805,"F4_R21",-0.377174165617301,-0.283764142120554,0.659226084974316,0.251662716816805,-1.1721881269266,-0.922237632873329,0.344139650872818,262,"easy"
967,"-2:-1|-1:-1|1:0|2:-2",4,TRUE,1,2,1,"mixed",1.86967716615477,2.82842712474619,2.5,4,2,1.88371941369913,1,8,1,21,4,FALSE,21,2097152,4,16,25,25,0.833333333333333,3,0.5,0.25,0.98766077251289,8.33333333333333,4,10,1.97532154502578,8,6,10,2.02030508910442,8.33333333333333,4,10,1.97532154502578,0.0833333333333333,1.88371941369913,2.82842712474619,0.625034372790805,"F4_R21",-0.377174165617301,-0.283764142120554,0.659226084974316,0.251662716816805,-1.1721881269266,-0.922237632873329,0.344139650872818,262,"easy"
1317,"-2:-1|-1:-2|-1:2|0:1",4,TRUE,1,0,3,"mixed",1.92705098312484,2.23606797749979,2.5,3,2,1.88371941369913,1,8,1,21,4,FALSE,21,2097152,4,16,25,25,0.833333333333333,3,0.5,0.25,0.98766077251289,8.33333333333333,4,10,1.97532154502578,8,6,10,2.02030508910442,8.33333333333333,4,10,1.97532154502578,0.0833333333333333,1.88371941369913,2.82842712474619,0.625034372790805,"F4_R21",-0.377174165617301,-0.283764142120554,0.659226084974316,0.251662716816805,-1.1721881269266,-0.922237632873329,0.344139650872818,262,"easy"
1422,"-1:-2|-1:-1|0:1|1:2",4,TRUE,1,1,2,"mixed",1.72158737934317,2.23606797749979,2.25,3,2,1.88371941369913,1,8,1,21,4,FALSE,21,2097152,4,16,25,25,0.833333333333333,3,0.5,0.25,0.98766077251289,8.33333333333333,4,10,1.97532154502578,8,6,10,2.02030508910442,8.33333333333333,4,10,1.97532154502578,0.0833333333333333,1.88371941369913,2.82842712474619,0.625034372790805,"F4_R21",-0.377174165617301,-0.283764142120554,0.659226084974316,0.251662716816805,-1.1721881269266,-0.922237632873329,0.344139650872818,262,"easy"
1501,"-1:-1|0:1|1:-2|1:2",4,TRUE,1,1,2,"mixed",1.72158737934317,2.23606797749979,2.25,3,2,1.88371941369913,1,8,1,21,4,FALSE,21,2097152,4,16,25,25,0.833333333333333,3,0.5,0.25,0.98766077251289,8.33333333333333,4,10,1.97532154502578,8,6,10,2.02030508910442,8.33333333333333,4,10,1.97532154502578,0.0833333333333333,1.88371941369913,2.82842712474619,0.625034372790805,"F4_R21",-0.377174165617301,-0.283764142120554,0.659226084974316,0.251662716816805,-1.1721881269266,-0.922237632873329,0.344139650872818,262,"easy"
425,"-1:-2|0:1|1:2|2:2",4,TRUE,1,1,2,"mixed",2.07514076993644,2.82842712474619,2.75,4,2,1.9659048552118,2,8,1,21,4,FALSE,21,2097152,4,16,25,25,0.833333333333333,2,0.666666666666667,0.166666666666667,0.688332449299089,8.33333333333333,6,10,1.37666489859818,8,8,8,0,8.33333333333333,6,10,1.37666489859818,0,1.9659048552118,2.82842712474619,0.610298743107434,"F4_R21",0.0737526633031542,-0.283764142120554,-0.918437484276193,0.251662716816805,-0.103662895578542,-0.98044914185533,0.335411471321696,267,"easy"
1392,"-1:-2|0:1|1:-1|2:-1",4,TRUE,1,1,2,"mixed",1.72158737934317,2.23606797749979,2.25,3,2,1.9659048552118,2,8,1,21,4,FALSE,21,2097152,4,16,25,25,0.833333333333333,2,0.666666666666667,0.166666666666667,0.688332449299089,8.33333333333333,6,10,1.37666489859818,8,8,8,0,8.33333333333333,6,10,1.37666489859818,0,1.9659048552118,2.82842712474619,0.610298743107434,"F4_R21",0.0737526633031542,-0.283764142120554,-0.918437484276193,0.251662716816805,-0.103662895578542,-0.98044914185533,0.335411471321696,267,"easy"
1416,"-1:-1|-1:1|-1:2|0:-2",4,TRUE,1,2,1,"mixed",1.76612377556149,2.23606797749979,2.25,3,2,1.7128990204492,1,8,1,21,4,FALSE,21,2097152,4,16,25,25,0.833333333333333,3,0.5,0.25,0.98766077251289,8.33333333333333,4,10,1.97532154502578,9,8,10,1.01015254455221,8.33333333333333,4,10,1.97532154502578,0.0833333333333333,1.7128990204492,2.23606797749979,0.429440133900699,"F4_R21",-1.31441434861571,0.567528284241106,0.659226084974316,0.251662716816805,-1.1721881269266,-1.00818538951007,0.330423940149626,269,"easy"
1494,"-1:-1|-1:2|0:-2|0:1",4,TRUE,2,1,1,"mixed",1.66257038496822,2.23606797749979,2,3,2,1.7128990204492,1,8,1,21,4,FALSE,21,2097152,4,16,25,25,0.833333333333333,3,0.5,0.25,0.98766077251289,8.33333333333333,4,10,1.97532154502578,9,8,10,1.01015254455221,8.33333333333333,4,10,1.97532154502578,0.0833333333333333,1.7128990204492,2.23606797749979,0.429440133900699,"F4_R21",-1.31441434861571,0.567528284241106,0.659226084974316,0.251662716816805,-1.1721881269266,-1.00818538951007,0.330423940149626,269,"easy"
431,"-2:-2|-1:-2|1:-1|2:0",4,TRUE,1,2,1,"mixed",2.11967716615477,2.82842712474619,2.75,4,2,2.04295532842377,2,8,1,21,4,FALSE,21,2097152,4,16,25,25,0.833333333333333,1,0.833333333333333,0,0.373300683394721,8.33333333333333,8,10,0.746601366789441,9,8,10,1.01015254455221,8.33333333333333,8,10,0.746601366789441,0,2.04295532842377,2.82842712474619,0.60215679580886,"F4_R21",0.496505463711708,0.567528284241106,-2.57886886239531,0.251662716816805,-0.103662895578542,-1.36683529320423,0.322942643391521,271,"easy"
760,"-2:-1|-1:-2|1:0|2:-2",4,TRUE,1,1,2,"mixed",2.07514076993644,2.82842712474619,2.75,4,2,2.04295532842377,2,8,1,21,4,FALSE,21,2097152,4,16,25,25,0.833333333333333,1,0.833333333333333,0,0.373300683394721,8.33333333333333,8,10,0.746601366789441,9,8,10,1.01015254455221,8.33333333333333,8,10,0.746601366789441,0,2.04295532842377,2.82842712474619,0.60215679580886,"F4_R21",0.496505463711708,0.567528284241106,-2.57886886239531,0.251662716816805,-0.103662895578542,-1.36683529320423,0.322942643391521,271,"easy"
1018,"-1:-1|-1:2|0:1|2:-2",4,TRUE,1,2,1,"mixed",1.86967716615477,2.82842712474619,2.5,4,2,2.04295532842377,2,8,1,21,4,FALSE,21,2097152,4,16,25,25,0.833333333333333,1,0.833333333333333,0,0.373300683394721,8.33333333333333,8,10,0.746601366789441,9,8,10,1.01015254455221,8.33333333333333,8,10,0.746601366789441,0,2.04295532842377,2.82842712474619,0.60215679580886,"F4_R21",0.496505463711708,0.567528284241106,-2.57886886239531,0.251662716816805,-0.103662895578542,-1.36683529320423,0.322942643391521,271,"easy"
1428,"-1:-2|-1:-1|0:2|2:1",4,TRUE,1,1,2,"mixed",1.97158737934317,2.23606797749979,2.5,3,2,2.04295532842377,2,8,1,21,4,FALSE,21,2097152,4,16,25,25,0.833333333333333,1,0.833333333333333,0,0.373300683394721,8.33333333333333,8,10,0.746601366789441,9,8,10,1.01015254455221,8.33333333333333,8,10,0.746601366789441,0,2.04295532842377,2.82842712474619,0.60215679580886,"F4_R21",0.496505463711708,0.567528284241106,-2.57886886239531,0.251662716816805,-0.103662895578542,-1.36683529320423,0.322942643391521,271,"easy"
564,"-2:-2|-1:-1|0:-2|2:-2",4,TRUE,1,3,0,"mixed",2.26776695296637,2.82842712474619,3,4,2,1.91355629141115,1,8,1,21,4,FALSE,21,2097152,4,16,25,25,0.833333333333333,2,0.666666666666667,0.166666666666667,0.688332449299089,8.33333333333333,6,10,1.37666489859818,9,8,10,1.01015254455221,8.33333333333333,6,10,1.37666489859818,0,1.91355629141115,2.82842712474619,0.613099882745982,"F4_R21",-0.213468180665072,0.567528284241106,-0.918437484276193,0.251662716816805,-1.1721881269266,-1.48490279080995,0.311720698254364,275,"easy"
583,"-1:0|1:-1|2:-2|2:0",4,TRUE,2,2,0,"mixed",1.81066017177982,2.82842712474619,2.25,4,2,1.91355629141115,1,8,1,21,4,FALSE,21,2097152,4,16,25,25,0.833333333333333,2,0.666666666666667,0.166666666666667,0.688332449299089,8.33333333333333,6,10,1.37666489859818,9,8,10,1.01015254455221,8.33333333333333,6,10,1.37666489859818,0,1.91355629141115,2.82842712474619,0.613099882745982,"F4_R21",-0.213468180665072,0.567528284241106,-0.918437484276193,0.251662716816805,-1.1721881269266,-1.48490279080995,0.311720698254364,275,"easy"
693,"-2:-1|-1:0|2:-2|2:0",4,TRUE,2,1,1,"mixed",2.01612377556149,2.82842712474619,2.5,4,2,1.91355629141115,1,8,1,21,4,FALSE,21,2097152,4,16,25,25,0.833333333333333,2,0.666666666666667,0.166666666666667,0.688332449299089,8.33333333333333,6,10,1.37666489859818,9,8,10,1.01015254455221,8.33333333333333,6,10,1.37666489859818,0,1.91355629141115,2.82842712474619,0.613099882745982,"F4_R21",-0.213468180665072,0.567528284241106,-0.918437484276193,0.251662716816805,-1.1721881269266,-1.48490279080995,0.311720698254364,275,"easy"
1413,"-1:-1|-1:1|-1:2|1:-1",4,TRUE,0,3,1,"off_axis",1.61967716615477,2.23606797749979,2.25,3,2,1.91355629141115,1,8,1,21,4,FALSE,21,2097152,4,16,25,25,0.833333333333333,2,0.666666666666667,0.166666666666667,0.688332449299089,8.33333333333333,6,10,1.37666489859818,9,8,10,1.01015254455221,8.33333333333333,6,10,1.37666489859818,0,1.91355629141115,2.82842712474619,0.613099882745982,"F4_R21",-0.213468180665072,0.567528284241106,-0.918437484276193,0.251662716816805,-1.1721881269266,-1.48490279080995,0.311720698254364,275,"easy"
1655,"-2:0|-1:-1|0:-2|0:2",4,TRUE,3,1,0,"mixed",1.85355339059327,2,2,2,2,1.91355629141115,1,8,1,21,4,FALSE,21,2097152,4,16,25,25,0.833333333333333,2,0.666666666666667,0.166666666666667,0.688332449299089,8.33333333333333,6,10,1.37666489859818,9,8,10,1.01015254455221,8.33333333333333,6,10,1.37666489859818,0,1.91355629141115,2.82842712474619,0.613099882745982,"F4_R21",-0.213468180665072,0.567528284241106,-0.918437484276193,0.251662716816805,-1.1721881269266,-1.48490279080995,0.311720698254364,275,"easy"
401,"-1:-2|1:-1|2:-2|2:-1",4,TRUE,0,2,2,"off_axis",2.17869416052972,2.82842712474619,3,4,2,1.86011261594915,2,8,1,21,4,FALSE,21,2097152,4,16,25,25,0.833333333333333,2,0.666666666666667,0.166666666666667,0.688332449299089,8.33333333333333,6,10,1.37666489859818,8,8,8,0,8.33333333333333,6,10,1.37666489859818,0,1.86011261594915,2.82842712474619,0.614619173858266,"F4_R21",-0.506697573345464,-0.283764142120554,-0.918437484276193,0.251662716816805,-0.103662895578542,-1.56089937850395,0.29925187032419,280,"easy"
879,"-2:-2|-1:-1|-1:0|0:2",4,TRUE,2,2,0,"mixed",1.81066017177982,2.82842712474619,2.25,4,2,1.86011261594915,2,8,1,21,4,FALSE,21,2097152,4,16,25,25,0.833333333333333,2,0.666666666666667,0.166666666666667,0.688332449299089,8.33333333333333,6,10,1.37666489859818,8,8,8,0,8.33333333333333,6,10,1.37666489859818,0,1.86011261594915,2.82842712474619,0.614619173858266,"F4_R21",-0.506697573345464,-0.283764142120554,-0.918437484276193,0.251662716816805,-0.103662895578542,-1.56089937850395,0.29925187032419,280,"easy"
1194,"-2:-1|-1:-2|-1:2|0:2",4,TRUE,1,0,3,"mixed",2.17705098312484,2.23606797749979,2.75,3,2,1.86011261594915,2,8,1,21,4,FALSE,21,2097152,4,16,25,25,0.833333333333333,2,0.666666666666667,0.166666666666667,0.688332449299089,8.33333333333333,6,10,1.37666489859818,8,8,8,0,8.33333333333333,6,10,1.37666489859818,0,1.86011261594915,2.82842712474619,0.614619173858266,"F4_R21",-0.506697573345464,-0.283764142120554,-0.918437484276193,0.251662716816805,-0.103662895578542,-1.56089937850395,0.29925187032419,280,"easy"
1478,"-1:-2|-1:0|0:1|1:2",4,TRUE,2,0,2,"mixed",1.61803398874989,2.23606797749979,2,3,2,1.86011261594915,2,8,1,21,4,FALSE,21,2097152,4,16,25,25,0.833333333333333,2,0.666666666666667,0.166666666666667,0.688332449299089,8.33333333333333,6,10,1.37666489859818,8,8,8,0,8.33333333333333,6,10,1.37666489859818,0,1.86011261594915,2.82842712474619,0.614619173858266,"F4_R21",-0.506697573345464,-0.283764142120554,-0.918437484276193,0.251662716816805,-0.103662895578542,-1.56089937850395,0.29925187032419,280,"easy"
1544,"-1:-1|-1:0|1:1|2:-1",4,TRUE,1,2,1,"mixed",1.51612377556149,2.23606797749979,2,3,2,1.86011261594915,2,8,1,21,4,FALSE,21,2097152,4,16,25,25,0.833333333333333,2,0.666666666666667,0.166666666666667,0.688332449299089,8.33333333333333,6,10,1.37666489859818,8,8,8,0,8.33333333333333,6,10,1.37666489859818,0,1.86011261594915,2.82842712474619,0.614619173858266,"F4_R21",-0.506697573345464,-0.283764142120554,-0.918437484276193,0.251662716816805,-0.103662895578542,-1.56089937850395,0.29925187032419,280,"easy"
1073,"-1:-2|0:-2|1:-2|2:-1",4,TRUE,1,0,3,"mixed",2.17705098312484,2.23606797749979,2.75,3,2,1.8594553449872,2,8,1,21,4,FALSE,21,2097152,4,16,25,25,0.833333333333333,2,0.666666666666667,0.166666666666667,0.688332449299089,8.33333333333333,6,10,1.37666489859818,8,6,10,2.02030508910442,8.33333333333333,6,10,1.37666489859818,0,1.8594553449872,2.23606797749979,0.519000984797307,"F4_R21",-0.51030382166826,-0.283764142120554,-0.918437484276193,0.251662716816805,-0.103662895578542,-1.56450562682674,0.286783042394015,285,"easy"
1244,"-1:-2|-1:-1|-1:2|1:-2",4,TRUE,0,1,3,"off_axis",2.03060437371812,2.23606797749979,2.75,3,2,1.8594553449872,2,8,1,21,4,FALSE,21,2097152,4,16,25,25,0.833333333333333,2,0.666666666666667,0.166666666666667,0.688332449299089,8.33333333333333,6,10,1.37666489859818,8,6,10,2.02030508910442,8.33333333333333,6,10,1.37666489859818,0,1.8594553449872,2.23606797749979,0.519000984797307,"F4_R21",-0.51030382166826,-0.283764142120554,-0.918437484276193,0.251662716816805,-0.103662895578542,-1.56450562682674,0.286783042394015,285,"easy"
1455,"-1:0|0:-2|1:0|2:-1",4,TRUE,3,0,1,"mixed",1.55901699437495,2.23606797749979,1.75,3,2,1.8594553449872,2,8,1,21,4,FALSE,21,2097152,4,16,25,25,0.833333333333333,2,0.666666666666667,0.166666666666667,0.688332449299089,8.33333333333333,6,10,1.37666489859818,8,6,10,2.02030508910442,8.33333333333333,6,10,1.37666489859818,0,1.8594553449872,2.23606797749979,0.519000984797307,"F4_R21",-0.51030382166826,-0.283764142120554,-0.918437484276193,0.251662716816805,-0.103662895578542,-1.56450562682674,0.286783042394015,285,"easy"
1505,"-1:-1|1:-2|1:0|2:0",4,TRUE,2,1,1,"mixed",1.66257038496822,2.23606797749979,2,3,2,1.8594553449872,2,8,1,21,4,FALSE,21,2097152,4,16,25,25,0.833333333333333,2,0.666666666666667,0.166666666666667,0.688332449299089,8.33333333333333,6,10,1.37666489859818,8,6,10,2.02030508910442,8.33333333333333,6,10,1.37666489859818,0,1.8594553449872,2.23606797749979,0.519000984797307,"F4_R21",-0.51030382166826,-0.283764142120554,-0.918437484276193,0.251662716816805,-0.103662895578542,-1.56450562682674,0.286783042394015,285,"easy"
1553,"-2:-1|-1:2|0:-2|0:-1",4,TRUE,2,0,2,"mixed",1.86803398874989,2.23606797749979,2.25,3,2,1.8594553449872,2,8,1,21,4,FALSE,21,2097152,4,16,25,25,0.833333333333333,2,0.666666666666667,0.166666666666667,0.688332449299089,8.33333333333333,6,10,1.37666489859818,8,6,10,2.02030508910442,8.33333333333333,6,10,1.37666489859818,0,1.8594553449872,2.23606797749979,0.519000984797307,"F4_R21",-0.51030382166826,-0.283764142120554,-0.918437484276193,0.251662716816805,-0.103662895578542,-1.56450562682674,0.286783042394015,285,"easy"
1166,"-1:-1|-1:0|-1:2|0:2",4,TRUE,2,1,1,"mixed",1.66257038496822,2.23606797749979,2,3,2,1.71224174948725,2,8,1,21,4,FALSE,21,2097152,4,16,25,25,0.833333333333333,3,0.5,0.25,0.98766077251289,8.33333333333333,4,10,1.97532154502578,7,6,8,1.01015254455221,8.33333333333333,4,10,1.97532154502578,0.0833333333333333,1.71224174948725,2.23606797749979,0.545922452076253,"F4_R21",-1.3180205969385,-1.13505656848221,0.659226084974316,0.251662716816805,-0.103662895578542,-1.64585125920814,0.27431421446384,290,"easy"
1167,"-1:-2|-1:0|0:-2|0:1",4,TRUE,3,0,1,"mixed",1.55901699437495,2.23606797749979,1.75,3,2,1.71224174948725,2,8,1,21,4,FALSE,21,2097152,4,16,25,25,0.833333333333333,3,0.5,0.25,0.98766077251289,8.33333333333333,4,10,1.97532154502578,7,6,8,1.01015254455221,8.33333333333333,4,10,1.97532154502578,0.0833333333333333,1.71224174948725,2.23606797749979,0.545922452076253,"F4_R21",-1.3180205969385,-1.13505656848221,0.659226084974316,0.251662716816805,-0.103662895578542,-1.64585125920814,0.27431421446384,290,"easy"
1170,"-1:-2|-1:0|-1:2|0:-2",4,TRUE,2,0,2,"mixed",1.86803398874989,2.23606797749979,2.25,3,2,1.71224174948725,2,8,1,21,4,FALSE,21,2097152,4,16,25,25,0.833333333333333,3,0.5,0.25,0.98766077251289,8.33333333333333,4,10,1.97532154502578,7,6,8,1.01015254455221,8.33333333333333,4,10,1.97532154502578,0.0833333333333333,1.71224174948725,2.23606797749979,0.545922452076253,"F4_R21",-1.3180205969385,-1.13505656848221,0.659226084974316,0.251662716816805,-0.103662895578542,-1.64585125920814,0.27431421446384,290,"easy"
1171,"-1:-2|-1:0|0:-2|0:2",4,TRUE,3,0,1,"mixed",1.80901699437495,2.23606797749979,2,3,2,1.71224174948725,2,8,1,21,4,FALSE,21,2097152,4,16,25,25,0.833333333333333,3,0.5,0.25,0.98766077251289,8.33333333333333,4,10,1.97532154502578,7,6,8,1.01015254455221,8.33333333333333,4,10,1.97532154502578,0.0833333333333333,1.71224174948725,2.23606797749979,0.545922452076253,"F4_R21",-1.3180205969385,-1.13505656848221,0.659226084974316,0.251662716816805,-0.103662895578542,-1.64585125920814,0.27431421446384,290,"easy"
1197,"-1:-1|-1:0|2:-1|2:0",4,TRUE,2,1,1,"mixed",1.66257038496822,2.23606797749979,2,3,2,1.71224174948725,2,8,1,21,4,FALSE,21,2097152,4,16,25,25,0.833333333333333,3,0.5,0.25,0.98766077251289,8.33333333333333,4,10,1.97532154502578,7,6,8,1.01015254455221,8.33333333333333,4,10,1.97532154502578,0.0833333333333333,1.71224174948725,2.23606797749979,0.545922452076253,"F4_R21",-1.3180205969385,-1.13505656848221,0.659226084974316,0.251662716816805,-0.103662895578542,-1.64585125920814,0.27431421446384,290,"easy"
899,"-2:-1|-1:0|1:-1|2:-2",4,TRUE,1,2,1,"mixed",1.86967716615477,2.82842712474619,2.5,4,2,1.87858444539843,1,8,1,21,4,FALSE,21,2097152,4,16,25,25,0.833333333333333,2,0.666666666666667,0.166666666666667,0.688332449299089,8.33333333333333,6,10,1.37666489859818,9,8,10,1.01015254455221,8.33333333333333,6,10,1.37666489859818,0,1.87858444539843,2.82842712474619,0.641976532547083,"F4_R21",-0.405348194129202,0.567528284241106,-0.918437484276193,0.251662716816805,-1.1721881269266,-1.67678280427408,0.265586034912718,295,"easy"
1425,"-1:-1|0:-2|1:1|1:2",4,TRUE,1,2,1,"mixed",1.76612377556149,2.23606797749979,2.25,3,2,1.87858444539843,1,8,1,21,4,FALSE,21,2097152,4,16,25,25,0.833333333333333,2,0.666666666666667,0.166666666666667,0.688332449299089,8.33333333333333,6,10,1.37666489859818,9,8,10,1.01015254455221,8.33333333333333,6,10,1.37666489859818,0,1.87858444539843,2.82842712474619,0.641976532547083,"F4_R21",-0.405348194129202,0.567528284241106,-0.918437484276193,0.251662716816805,-1.1721881269266,-1.67678280427408,0.265586034912718,295,"easy"
348,"-1:-2|1:-2|1:-1|2:-2",4,TRUE,0,2,2,"off_axis",2.17869416052972,2.82842712474619,3,4,2,1.83650581819917,2,8,1,21,4,FALSE,21,2097152,4,16,25,25,0.833333333333333,2,0.666666666666667,0.166666666666667,0.688332449299089,8.33333333333333,6,10,1.37666489859818,8,8,8,0,8.33333333333333,6,10,1.37666489859818,0,1.83650581819917,2.82842712474619,0.602998415071235,"F4_R21",-0.636220981073626,-0.283764142120554,-0.918437484276193,0.251662716816805,-0.103662895578542,-1.69042278623211,0.256857855361596,297,"easy"
885,"-2:-2|-1:-1|-1:0|2:0",4,TRUE,2,2,0,"mixed",1.81066017177982,2.82842712474619,2.25,4,2,1.83650581819917,2,8,1,21,4,FALSE,21,2097152,4,16,25,25,0.833333333333333,2,0.666666666666667,0.166666666666667,0.688332449299089,8.33333333333333,6,10,1.37666489859818,8,8,8,0,8.33333333333333,6,10,1.37666489859818,0,1.83650581819917,2.82842712474619,0.602998415071235,"F4_R21",-0.636220981073626,-0.283764142120554,-0.918437484276193,0.251662716816805,-0.103662895578542,-1.69042278623211,0.256857855361596,297,"easy"
1097,"-2:-1|-1:-2|0:-2|0:2",4,TRUE,2,0,2,"mixed",2.11803398874989,2.23606797749979,2.5,3,2,1.83650581819917,2,8,1,21,4,FALSE,21,2097152,4,16,25,25,0.833333333333333,2,0.666666666666667,0.166666666666667,0.688332449299089,8.33333333333333,6,10,1.37666489859818,8,8,8,0,8.33333333333333,6,10,1.37666489859818,0,1.83650581819917,2.82842712474619,0.602998415071235,"F4_R21",-0.636220981073626,-0.283764142120554,-0.918437484276193,0.251662716816805,-0.103662895578542,-1.69042278623211,0.256857855361596,297,"easy"
1452,"-1:0|0:-1|1:-2|2:0",4,TRUE,3,0,1,"mixed",1.55901699437495,2.23606797749979,1.75,3,2,1.83650581819917,2,8,1,21,4,FALSE,21,2097152,4,16,25,25,0.833333333333333,2,0.666666666666667,0.166666666666667,0.688332449299089,8.33333333333333,6,10,1.37666489859818,8,8,8,0,8.33333333333333,6,10,1.37666489859818,0,1.83650581819917,2.82842712474619,0.602998415071235,"F4_R21",-0.636220981073626,-0.283764142120554,-0.918437484276193,0.251662716816805,-0.103662895578542,-1.69042278623211,0.256857855361596,297,"easy"
1517,"-1:-1|-1:0|-1:2|1:1",4,TRUE,1,2,1,"mixed",1.51612377556149,2.23606797749979,2,3,2,1.83650581819917,2,8,1,21,4,FALSE,21,2097152,4,16,25,25,0.833333333333333,2,0.666666666666667,0.166666666666667,0.688332449299089,8.33333333333333,6,10,1.37666489859818,8,8,8,0,8.33333333333333,6,10,1.37666489859818,0,1.83650581819917,2.82842712474619,0.602998415071235,"F4_R21",-0.636220981073626,-0.283764142120554,-0.918437484276193,0.251662716816805,-0.103662895578542,-1.69042278623211,0.256857855361596,297,"easy"
1310,"-1:-1|1:-2|1:1|2:-1",4,TRUE,0,2,2,"off_axis",1.82514076993644,2.23606797749979,2.5,3,2,2.00153397218646,2,4,2,21,4,FALSE,21,2097152,4,16,25,25,0.833333333333333,3,0.5,0.25,0.98766077251289,8.33333333333333,4,10,1.97532154502578,10,10,10,0,8.33333333333333,4,10,1.97532154502578,0.0833333333333333,2.00153397218646,2.82842712474619,0.464114160026601,"F4_R21",0.269238925090082,1.41882071060277,0.659226084974316,-3.96368778986468,-0.103662895578542,-1.72006496477606,0.249376558603491,302,"easy"
837,"-1:-2|-1:2|0:-2|2:2",4,TRUE,1,1,2,"mixed",2.32514076993644,2.82842712474619,3,4,2,1.91869125971184,3,8,1,21,4,FALSE,21,2097152,4,16,25,25,0.833333333333333,1,0.833333333333333,0,0.373300683394721,8.33333333333333,8,10,0.746601366789441,8,8,8,0,8.33333333333333,8,10,0.746601366789441,0,1.91869125971184,2.82842712474619,0.595001260414515,"F4_R21",-0.185294152153171,-0.283764142120554,-2.57886886239531,0.251662716816805,0.964862335769511,-1.83140210408272,0.245635910224439,303,"easy"
1630,"-1:-1|-1:0|0:2|2:-1",4,TRUE,2,1,1,"mixed",1.66257038496822,2.23606797749979,2,3,2,1.91869125971184,3,8,1,21,4,FALSE,21,2097152,4,16,25,25,0.833333333333333,1,0.833333333333333,0,0.373300683394721,8.33333333333333,8,10,0.746601366789441,8,8,8,0,8.33333333333333,8,10,0.746601366789441,0,1.91869125971184,2.82842712474619,0.595001260414515,"F4_R21",-0.185294152153171,-0.283764142120554,-2.57886886239531,0.251662716816805,0.964862335769511,-1.83140210408272,0.245635910224439,303,"easy"
1672,"-1:-1|-1:0|1:-1|2:0",4,TRUE,2,2,0,"mixed",1.45710678118655,2,1.75,2,2,1.67147766421189,1,8,1,21,4,FALSE,21,2097152,4,16,25,25,0.833333333333333,3,0.5,0.25,0.98766077251289,8.33333333333333,4,10,1.97532154502578,8,8,8,0,8.33333333333333,4,10,1.97532154502578,0.0833333333333333,1.67147766421189,2.23606797749979,0.478611902671298,"F4_R21",-1.54168088723733,-0.283764142120554,0.659226084974316,0.251662716816805,-1.1721881269266,-2.08674435449336,0.241895261845387,305,"easy"
1107,"-1:-1|-1:1|-1:2|0:2",4,TRUE,1,2,1,"mixed",1.76612377556149,2.23606797749979,2.25,3,2,1.67147766421189,1,8,1,21,4,FALSE,21,2097152,4,16,25,25,0.833333333333333,3,0.5,0.25,0.98766077251289,8.33333333333333,4,10,1.97532154502578,8,8,8,0,8.33333333333333,4,10,1.97532154502578,0.0833333333333333,1.67147766421189,2.23606797749979,0.478611902671298,"F4_R21",-1.54168088723733,-0.283764142120554,0.659226084974316,0.251662716816805,-1.1721881269266,-2.08674435449336,0.235660847880299,306,"easy"
1201,"-1:-1|-1:2|0:-2|0:2",4,TRUE,2,1,1,"mixed",1.91257038496822,2.23606797749979,2.25,3,2,1.67147766421189,1,8,1,21,4,FALSE,21,2097152,4,16,25,25,0.833333333333333,3,0.5,0.25,0.98766077251289,8.33333333333333,4,10,1.97532154502578,8,8,8,0,8.33333333333333,4,10,1.97532154502578,0.0833333333333333,1.67147766421189,2.23606797749979,0.478611902671298,"F4_R21",-1.54168088723733,-0.283764142120554,0.659226084974316,0.251662716816805,-1.1721881269266,-2.08674435449336,0.235660847880299,306,"easy"
1468,"-1:-2|-1:0|0:-1|0:2",4,TRUE,3,0,1,"mixed",1.55901699437495,2.23606797749979,1.75,3,2,1.67147766421189,1,8,1,21,4,FALSE,21,2097152,4,16,25,25,0.833333333333333,3,0.5,0.25,0.98766077251289,8.33333333333333,4,10,1.97532154502578,8,8,8,0,8.33333333333333,4,10,1.97532154502578,0.0833333333333333,1.67147766421189,2.23606797749979,0.478611902671298,"F4_R21",-1.54168088723733,-0.283764142120554,0.659226084974316,0.251662716816805,-1.1721881269266,-2.08674435449336,0.235660847880299,306,"easy"
1614,"-1:-1|-1:0|-1:2|0:-2",4,TRUE,2,1,1,"mixed",1.66257038496822,2.23606797749979,2,3,2,1.67147766421189,1,8,1,21,4,FALSE,21,2097152,4,16,25,25,0.833333333333333,3,0.5,0.25,0.98766077251289,8.33333333333333,4,10,1.97532154502578,8,8,8,0,8.33333333333333,4,10,1.97532154502578,0.0833333333333333,1.67147766421189,2.23606797749979,0.478611902671298,"F4_R21",-1.54168088723733,-0.283764142120554,0.659226084974316,0.251662716816805,-1.1721881269266,-2.08674435449336,0.235660847880299,306,"easy"
369,"-2:-2|-1:-1|1:-2|2:-2",4,TRUE,0,3,1,"off_axis",2.32678394734132,2.82842712474619,3.25,4,2,1.91934853067379,1,8,1,21,4,FALSE,21,2097152,4,16,25,25,0.833333333333333,2,0.666666666666667,0.166666666666667,0.688332449299089,8.33333333333333,6,10,1.37666489859818,8,6,10,2.02030508910442,8.33333333333333,6,10,1.37666489859818,0,1.91934853067379,2.82842712474619,0.679951973631102,"F4_R21",-0.181687903830373,-0.283764142120554,-0.918437484276193,0.251662716816805,-1.1721881269266,-2.30441494033691,0.224438902743142,310,"easy"
907,"-2:-2|-1:-1|0:1|0:2",4,TRUE,2,2,0,"mixed",1.81066017177982,2.82842712474619,2.25,4,2,1.91934853067379,1,8,1,21,4,FALSE,21,2097152,4,16,25,25,0.833333333333333,2,0.666666666666667,0.166666666666667,0.688332449299089,8.33333333333333,6,10,1.37666489859818,8,6,10,2.02030508910442,8.33333333333333,6,10,1.37666489859818,0,1.91934853067379,2.82842712474619,0.679951973631102,"F4_R21",-0.181687903830373,-0.283764142120554,-0.918437484276193,0.251662716816805,-1.1721881269266,-2.30441494033691,0.224438902743142,310,"easy"
973,"-2:-1|-1:0|1:0|2:-2",4,TRUE,2,1,1,"mixed",1.76612377556149,2.82842712474619,2.25,4,2,1.91934853067379,1,8,1,21,4,FALSE,21,2097152,4,16,25,25,0.833333333333333,2,0.666666666666667,0.166666666666667,0.688332449299089,8.33333333333333,6,10,1.37666489859818,8,6,10,2.02030508910442,8.33333333333333,6,10,1.37666489859818,0,1.91934853067379,2.82842712474619,0.679951973631102,"F4_R21",-0.181687903830373,-0.283764142120554,-0.918437484276193,0.251662716816805,-1.1721881269266,-2.30441494033691,0.224438902743142,310,"easy"
1323,"-2:-1|-1:-2|0:1|0:2",4,TRUE,2,0,2,"mixed",1.86803398874989,2.23606797749979,2.25,3,2,1.91934853067379,1,8,1,21,4,FALSE,21,2097152,4,16,25,25,0.833333333333333,2,0.666666666666667,0.166666666666667,0.688332449299089,8.33333333333333,6,10,1.37666489859818,8,6,10,2.02030508910442,8.33333333333333,6,10,1.37666489859818,0,1.91934853067379,2.82842712474619,0.679951973631102,"F4_R21",-0.181687903830373,-0.283764142120554,-0.918437484276193,0.251662716816805,-1.1721881269266,-2.30441494033691,0.224438902743142,310,"easy"
1424,"-1:-1|1:-2|1:1|1:2",4,TRUE,0,2,2,"off_axis",1.82514076993644,2.23606797749979,2.5,3,2,1.91934853067379,1,8,1,21,4,FALSE,21,2097152,4,16,25,25,0.833333333333333,2,0.666666666666667,0.166666666666667,0.688332449299089,8.33333333333333,6,10,1.37666489859818,8,6,10,2.02030508910442,8.33333333333333,6,10,1.37666489859818,0,1.91934853067379,2.82842712474619,0.679951973631102,"F4_R21",-0.181687903830373,-0.283764142120554,-0.918437484276193,0.251662716816805,-1.1721881269266,-2.30441494033691,0.224438902743142,310,"easy"
370,"-2:-2|-1:-2|2:-2|2:-1",4,TRUE,0,2,2,"off_axis",2.53224755112299,2.82842712474619,3.5,4,2,1.87792717443648,2,8,1,21,4,FALSE,21,2097152,4,16,25,25,0.833333333333333,2,0.666666666666667,0.166666666666667,0.688332449299089,8.33333333333333,6,10,1.37666489859818,7,6,8,1.01015254455221,8.33333333333333,6,10,1.37666489859818,0,1.87792717443648,2.82842712474619,0.725250552501227,"F4_R21",-0.408954442452,-1.13505656848221,-0.918437484276193,0.251662716816805,-0.103662895578542,-2.31444867397214,0.211970074812968,315,"easy"
948,"-2:-2|-1:0|0:1|0:2",4,TRUE,3,1,0,"mixed",1.70710678118655,2.82842712474619,2,4,2,1.87792717443648,2,8,1,21,4,FALSE,21,2097152,4,16,25,25,0.833333333333333,2,0.666666666666667,0.166666666666667,0.688332449299089,8.33333333333333,6,10,1.37666489859818,7,6,8,1.01015254455221,8.33333333333333,6,10,1.37666489859818,0,1.87792717443648,2.82842712474619,0.725250552501227,"F4_R21",-0.408954442452,-1.13505656848221,-0.918437484276193,0.251662716816805,-0.103662895578542,-2.31444867397214,0.211970074812968,315,"easy"
964,"-1:-1|-1:0|1:0|2:-2",4,TRUE,2,2,0,"mixed",1.56066017177982,2.82842712474619,2,4,2,1.87792717443648,2,8,1,21,4,FALSE,21,2097152,4,16,25,25,0.833333333333333,2,0.666666666666667,0.166666666666667,0.688332449299089,8.33333333333333,6,10,1.37666489859818,7,6,8,1.01015254455221,8.33333333333333,6,10,1.37666489859818,0,1.87792717443648,2.82842712474619,0.725250552501227,"F4_R21",-0.408954442452,-1.13505656848221,-0.918437484276193,0.251662716816805,-0.103662895578542,-2.31444867397214,0.211970074812968,315,"easy"
1120,"-1:-2|1:0|2:-1|2:0",4,TRUE,2,0,2,"mixed",1.86803398874989,2.23606797749979,2.25,3,2,1.87792717443648,2,8,1,21,4,FALSE,21,2097152,4,16,25,25,0.833333333333333,2,0.666666666666667,0.166666666666667,0.688332449299089,8.33333333333333,6,10,1.37666489859818,7,6,8,1.01015254455221,8.33333333333333,6,10,1.37666489859818,0,1.87792717443648,2.82842712474619,0.725250552501227,"F4_R21",-0.408954442452,-1.13505656848221,-0.918437484276193,0.251662716816805,-0.103662895578542,-2.31444867397214,0.211970074812968,315,"easy"
1390,"-1:-2|-1:-1|-1:0|1:2",4,TRUE,1,1,2,"mixed",1.72158737934317,2.23606797749979,2.25,3,2,1.87792717443648,2,8,1,21,4,FALSE,21,2097152,4,16,25,25,0.833333333333333,2,0.666666666666667,0.166666666666667,0.688332449299089,8.33333333333333,6,10,1.37666489859818,7,6,8,1.01015254455221,8.33333333333333,6,10,1.37666489859818,0,1.87792717443648,2.82842712474619,0.725250552501227,"F4_R21",-0.408954442452,-1.13505656848221,-0.918437484276193,0.251662716816805,-0.103662895578542,-2.31444867397214,0.211970074812968,315,"easy"
380,"-2:-2|-2:-1|-2:2|2:-2",4,TRUE,0,3,1,"off_axis",2.68033733793459,2.82842712474619,3.75,4,2,1.85497764764846,2,8,1,21,4,FALSE,21,2097152,4,16,25,25,0.833333333333333,2,0.666666666666667,0.166666666666667,0.688332449299089,8.33333333333333,6,10,1.37666489859818,7,6,8,1.01015254455221,8.33333333333333,6,10,1.37666489859818,0,1.85497764764846,2.82842712474619,0.788146860767998,"F4_R21",-0.534871601857364,-1.13505656848221,-0.918437484276193,0.251662716816805,-0.103662895578542,-2.44036583337751,0.199501246882793,320,"very_easy"
950,"-1:0|0:-1|0:1|2:-2",4,TRUE,3,1,0,"mixed",1.45710678118655,2.82842712474619,1.75,4,2,1.85497764764846,2,8,1,21,4,FALSE,21,2097152,4,16,25,25,0.833333333333333,2,0.666666666666667,0.166666666666667,0.688332449299089,8.33333333333333,6,10,1.37666489859818,7,6,8,1.01015254455221,8.33333333333333,6,10,1.37666489859818,0,1.85497764764846,2.82842712474619,0.788146860767998,"F4_R21",-0.534871601857364,-1.13505656848221,-0.918437484276193,0.251662716816805,-0.103662895578542,-2.44036583337751,0.199501246882793,320,"very_easy"
999,"-1:-1|-1:0|-1:1|2:-2",4,TRUE,1,3,0,"mixed",1.6642135623731,2.82842712474619,2.25,4,2,1.85497764764846,2,8,1,21,4,FALSE,21,2097152,4,16,25,25,0.833333333333333,2,0.666666666666667,0.166666666666667,0.688332449299089,8.33333333333333,6,10,1.37666489859818,7,6,8,1.01015254455221,8.33333333333333,6,10,1.37666489859818,0,1.85497764764846,2.82842712474619,0.788146860767998,"F4_R21",-0.534871601857364,-1.13505656848221,-0.918437484276193,0.251662716816805,-0.103662895578542,-2.44036583337751,0.199501246882793,320,"very_easy"
1055,"-1:-1|0:-2|0:-1|2:2",4,TRUE,2,2,0,"mixed",1.81066017177982,2.82842712474619,2.25,4,2,1.85497764764846,2,8,1,21,4,FALSE,21,2097152,4,16,25,25,0.833333333333333,2,0.666666666666667,0.166666666666667,0.688332449299089,8.33333333333333,6,10,1.37666489859818,7,6,8,1.01015254455221,8.33333333333333,6,10,1.37666489859818,0,1.85497764764846,2.82842712474619,0.788146860767998,"F4_R21",-0.534871601857364,-1.13505656848221,-0.918437484276193,0.251662716816805,-0.103662895578542,-2.44036583337751,0.199501246882793,320,"very_easy"
1621,"-1:-1|0:-2|0:-1|2:1",4,TRUE,2,1,1,"mixed",1.66257038496822,2.23606797749979,2,3,2,1.85497764764846,2,8,1,21,4,FALSE,21,2097152,4,16,25,25,0.833333333333333,2,0.666666666666667,0.166666666666667,0.688332449299089,8.33333333333333,6,10,1.37666489859818,7,6,8,1.01015254455221,8.33333333333333,6,10,1.37666489859818,0,1.85497764764846,2.82842712474619,0.788146860767998,"F4_R21",-0.534871601857364,-1.13505656848221,-0.918437484276193,0.251662716816805,-0.103662895578542,-2.44036583337751,0.199501246882793,320,"very_easy"
406,"-2:-2|-2:-1|-1:-1|2:-2",4,TRUE,0,3,1,"off_axis",2.32678394734132,2.82842712474619,3.25,4,2,1.73716308916112,1,8,1,21,4,FALSE,21,2097152,4,16,25,25,0.833333333333333,3,0.5,0.25,0.98766077251289,8.33333333333333,4,10,1.97532154502578,7,6,8,1.01015254455221,8.33333333333333,4,10,1.97532154502578,0.0833333333333333,1.73716308916112,2.82842712474619,0.732017305241845,"F4_R21",-1.18128469256475,-1.13505656848221,0.659226084974316,0.251662716816805,-1.1721881269266,-2.57764058618244,0.187032418952618,325,"very_easy"
878,"-1:0|0:-1|1:-1|2:-2",4,TRUE,2,2,0,"mixed",1.56066017177982,2.82842712474619,2,4,2,1.73716308916112,1,8,1,21,4,FALSE,21,2097152,4,16,25,25,0.833333333333333,3,0.5,0.25,0.98766077251289,8.33333333333333,4,10,1.97532154502578,7,6,8,1.01015254455221,8.33333333333333,4,10,1.97532154502578,0.0833333333333333,1.73716308916112,2.82842712474619,0.732017305241845,"F4_R21",-1.18128469256475,-1.13505656848221,0.659226084974316,0.251662716816805,-1.1721881269266,-2.57764058618244,0.187032418952618,325,"very_easy"
987,"-2:-1|-1:-1|-1:0|2:-2",4,TRUE,1,2,1,"mixed",1.86967716615477,2.82842712474619,2.5,4,2,1.73716308916112,1,8,1,21,4,FALSE,21,2097152,4,16,25,25,0.833333333333333,3,0.5,0.25,0.98766077251289,8.33333333333333,4,10,1.97532154502578,7,6,8,1.01015254455221,8.33333333333333,4,10,1.97532154502578,0.0833333333333333,1.73716308916112,2.82842712474619,0.732017305241845,"F4_R21",-1.18128469256475,-1.13505656848221,0.659226084974316,0.251662716816805,-1.1721881269266,-2.57764058618244,0.187032418952618,325,"very_easy"
1343,"-1:-1|0:1|1:1|1:2",4,TRUE,1,2,1,"mixed",1.51612377556149,2.23606797749979,2,3,2,1.73716308916112,1,8,1,21,4,FALSE,21,2097152,4,16,25,25,0.833333333333333,3,0.5,0.25,0.98766077251289,8.33333333333333,4,10,1.97532154502578,7,6,8,1.01015254455221,8.33333333333333,4,10,1.97532154502578,0.0833333333333333,1.73716308916112,2.82842712474619,0.732017305241845,"F4_R21",-1.18128469256475,-1.13505656848221,0.659226084974316,0.251662716816805,-1.1721881269266,-2.57764058618244,0.187032418952618,325,"very_easy"
1474,"-1:-1|-1:0|0:1|1:2",4,TRUE,2,1,1,"mixed",1.41257038496822,2.23606797749979,1.75,3,2,1.73716308916112,1,8,1,21,4,FALSE,21,2097152,4,16,25,25,0.833333333333333,3,0.5,0.25,0.98766077251289,8.33333333333333,4,10,1.97532154502578,7,6,8,1.01015254455221,8.33333333333333,4,10,1.97532154502578,0.0833333333333333,1.73716308916112,2.82842712474619,0.732017305241845,"F4_R21",-1.18128469256475,-1.13505656848221,0.659226084974316,0.251662716816805,-1.1721881269266,-2.57764058618244,0.187032418952618,325,"very_easy"
1499,"-1:-2|0:-1|0:1|0:2",4,TRUE,3,0,1,"mixed",1.55901699437495,2.23606797749979,1.75,3,2,1.63005630797458,1,8,1,21,4,FALSE,21,2097152,4,16,25,25,0.833333333333333,3,0.5,0.166666666666667,1.06897047752888,8.33333333333333,4,10,2.13794095505776,7,4,10,3.03045763365663,8.33333333333333,4,10,2.13794095505776,0.166666666666667,1.63005630797458,2.23606797749979,0.519525887315959,"F4_R21",-1.76894742585896,-1.13505656848221,1.08778345653519,0.251662716816805,-1.1721881269266,-2.73674594791578,0.178304239401496,330,"very_easy"
1676,"-1:-1|0:-2|0:1|0:2",4,TRUE,3,1,0,"mixed",1.60355339059327,2,1.75,2,2,1.63005630797458,1,8,1,21,4,FALSE,21,2097152,4,16,25,25,0.833333333333333,3,0.5,0.166666666666667,1.06897047752888,8.33333333333333,4,10,2.13794095505776,7,4,10,3.03045763365663,8.33333333333333,4,10,2.13794095505776,0.166666666666667,1.63005630797458,2.23606797749979,0.519525887315959,"F4_R21",-1.76894742585896,-1.13505656848221,1.08778345653519,0.251662716816805,-1.1721881269266,-2.73674594791578,0.178304239401496,330,"very_easy"
343,"-2:-2|-1:-2|0:-2|0:2",4,TRUE,2,1,1,"mixed",2.26612377556149,2.82842712474619,2.75,4,2,1.77147766421189,2,8,1,21,4,FALSE,21,2097152,4,16,25,25,0.833333333333333,2,0.666666666666667,0.166666666666667,0.688332449299089,8.33333333333333,6,10,1.37666489859818,7,6,8,1.01015254455221,8.33333333333333,6,10,1.37666489859818,0,1.77147766421189,2.82842712474619,0.634093302982384,"F4_R21",-0.993010927423414,-1.13505656848221,-0.918437484276193,0.251662716816805,-0.103662895578542,-2.89850515894356,0.169576059850374,332,"very_easy"
547,"-1:-2|0:-2|0:-1|2:-2",4,TRUE,2,1,1,"mixed",2.01612377556149,2.82842712474619,2.5,4,2,1.77147766421189,2,8,1,21,4,FALSE,21,2097152,4,16,25,25,0.833333333333333,2,0.666666666666667,0.166666666666667,0.688332449299089,8.33333333333333,6,10,1.37666489859818,7,6,8,1.01015254455221,8.33333333333333,6,10,1.37666489859818,0,1.77147766421189,2.82842712474619,0.634093302982384,"F4_R21",-0.993010927423414,-1.13505656848221,-0.918437484276193,0.251662716816805,-0.103662895578542,-2.89850515894356,0.169576059850374,332,"very_easy"
1382,"-1:-2|-1:-1|-1:0|2:0",4,TRUE,2,1,1,"mixed",1.66257038496822,2.23606797749979,2,3,2,1.77147766421189,2,8,1,21,4,FALSE,21,2097152,4,16,25,25,0.833333333333333,2,0.666666666666667,0.166666666666667,0.688332449299089,8.33333333333333,6,10,1.37666489859818,7,6,8,1.01015254455221,8.33333333333333,6,10,1.37666489859818,0,1.77147766421189,2.82842712474619,0.634093302982384,"F4_R21",-0.993010927423414,-1.13505656848221,-0.918437484276193,0.251662716816805,-0.103662895578542,-2.89850515894356,0.169576059850374,332,"very_easy"
1600,"-1:-1|-1:0|-1:2|1:0",4,TRUE,2,1,1,"mixed",1.41257038496822,2.23606797749979,1.75,3,2,1.77147766421189,2,8,1,21,4,FALSE,21,2097152,4,16,25,25,0.833333333333333,2,0.666666666666667,0.166666666666667,0.688332449299089,8.33333333333333,6,10,1.37666489859818,7,6,8,1.01015254455221,8.33333333333333,6,10,1.37666489859818,0,1.77147766421189,2.82842712474619,0.634093302982384,"F4_R21",-0.993010927423414,-1.13505656848221,-0.918437484276193,0.251662716816805,-0.103662895578542,-2.89850515894356,0.169576059850374,332,"very_easy"
1679,"-1:0|0:-2|0:-1|2:0",4,TRUE,4,0,0,"axis_only",1.5,2,1.5,2,2,1.77147766421189,2,8,1,21,4,FALSE,21,2097152,4,16,25,25,0.833333333333333,2,0.666666666666667,0.166666666666667,0.688332449299089,8.33333333333333,6,10,1.37666489859818,7,6,8,1.01015254455221,8.33333333333333,6,10,1.37666489859818,0,1.77147766421189,2.82842712474619,0.634093302982384,"F4_R21",-0.993010927423414,-1.13505656848221,-0.918437484276193,0.251662716816805,-0.103662895578542,-2.89850515894356,0.169576059850374,332,"very_easy"
413,"-2:-2|-2:-1|-1:0|0:-2",4,TRUE,2,1,1,"mixed",2.01612377556149,2.82842712474619,2.5,4,2,1.91869125971184,2,8,1,21,4,FALSE,21,2097152,4,16,25,25,0.833333333333333,1,0.833333333333333,0,0.373300683394721,8.33333333333333,8,10,0.746601366789441,8,8,8,0,8.33333333333333,8,10,0.746601366789441,0,1.91869125971184,2.82842712474619,0.595001260414515,"F4_R21",-0.185294152153171,-0.283764142120554,-2.57886886239531,0.251662716816805,-0.103662895578542,-2.89992733543077,0.160847880299252,337,"very_easy"
1237,"-1:-2|-1:-1|1:-2|1:0",4,TRUE,1,1,2,"mixed",1.72158737934317,2.23606797749979,2.25,3,2,1.91869125971184,2,8,1,21,4,FALSE,21,2097152,4,16,25,25,0.833333333333333,1,0.833333333333333,0,0.373300683394721,8.33333333333333,8,10,0.746601366789441,8,8,8,0,8.33333333333333,8,10,0.746601366789441,0,1.91869125971184,2.82842712474619,0.595001260414515,"F4_R21",-0.185294152153171,-0.283764142120554,-2.57886886239531,0.251662716816805,-0.103662895578542,-2.89992733543077,0.160847880299252,337,"very_easy"
1420,"-1:-2|-1:-1|-1:2|0:1",4,TRUE,1,1,2,"mixed",1.72158737934317,2.23606797749979,2.25,3,2,1.67726990347453,1,8,1,21,4,FALSE,21,2097152,4,16,25,25,0.833333333333333,3,0.5,0.25,0.98766077251289,8.33333333333333,4,10,1.97532154502578,7,4,10,3.03045763365663,8.33333333333333,4,10,1.97532154502578,0.0833333333333333,1.67726990347453,2.23606797749979,0.564471897635819,"F4_R21",-1.50990061040263,-1.13505656848221,0.659226084974316,0.251662716816805,-1.1721881269266,-2.90625650402032,0.155860349127182,339,"very_easy"
1421,"-1:-2|-1:-1|0:1|0:2",4,TRUE,2,1,1,"mixed",1.66257038496822,2.23606797749979,2,3,2,1.67726990347453,1,8,1,21,4,FALSE,21,2097152,4,16,25,25,0.833333333333333,3,0.5,0.25,0.98766077251289,8.33333333333333,4,10,1.97532154502578,7,4,10,3.03045763365663,8.33333333333333,4,10,1.97532154502578,0.0833333333333333,1.67726990347453,2.23606797749979,0.564471897635819,"F4_R21",-1.50990061040263,-1.13505656848221,0.659226084974316,0.251662716816805,-1.1721881269266,-2.90625650402032,0.155860349127182,339,"very_easy"
535,"-2:-2|-1:-2|2:1|2:2",4,TRUE,0,2,2,"off_axis",2.53224755112299,2.82842712474619,3.5,4,2,2.08437668466108,2,4,2,21,4,FALSE,21,2097152,4,16,25,25,0.833333333333333,3,0.5,0.25,0.98766077251289,8.33333333333333,4,10,1.97532154502578,8,8,8,0,8.33333333333333,4,10,1.97532154502578,0.0833333333333333,2.08437668466108,2.82842712474619,0.711316335661704,"F4_R21",0.723772002333335,-0.283764142120554,0.659226084974316,-3.96368778986468,-0.103662895578542,-2.96811674025613,0.15211970074813,341,"very_easy"
537,"-2:-2|-2:-1|2:-2|2:0",4,TRUE,1,2,1,"mixed",2.47323055674804,2.82842712474619,3.25,4,2,1.89574173292382,2,8,1,21,4,FALSE,21,2097152,4,16,25,25,0.833333333333333,1,0.833333333333333,0,0.373300683394721,8.33333333333333,8,10,0.746601366789441,8,8,8,0,8.33333333333333,8,10,0.746601366789441,0,1.89574173292382,2.82842712474619,0.671783101612592,"F4_R21",-0.311211311558536,-0.283764142120554,-2.57886886239531,0.251662716816805,-0.103662895578542,-3.02584449483614,0.144638403990025,342,"very_easy"
610,"-1:-1|-1:0|0:-2|2:-2",4,TRUE,2,2,0,"mixed",1.81066017177982,2.82842712474619,2.25,4,2,1.89574173292382,2,8,1,21,4,FALSE,21,2097152,4,16,25,25,0.833333333333333,1,0.833333333333333,0,0.373300683394721,8.33333333333333,8,10,0.746601366789441,8,8,8,0,8.33333333333333,8,10,0.746601366789441,0,1.89574173292382,2.82842712474619,0.671783101612592,"F4_R21",-0.311211311558536,-0.283764142120554,-2.57886886239531,0.251662716816805,-0.103662895578542,-3.02584449483614,0.144638403990025,342,"very_easy"
734,"-1:-2|-1:0|0:-1|2:-2",4,TRUE,2,1,1,"mixed",1.76612377556149,2.82842712474619,2.25,4,2,1.89574173292382,2,8,1,21,4,FALSE,21,2097152,4,16,25,25,0.833333333333333,1,0.833333333333333,0,0.373300683394721,8.33333333333333,8,10,0.746601366789441,8,8,8,0,8.33333333333333,8,10,0.746601366789441,0,1.89574173292382,2.82842712474619,0.671783101612592,"F4_R21",-0.311211311558536,-0.283764142120554,-2.57886886239531,0.251662716816805,-0.103662895578542,-3.02584449483614,0.144638403990025,342,"very_easy"
1105,"-1:-2|-1:-1|0:-2|2:0",4,TRUE,2,1,1,"mixed",1.91257038496822,2.23606797749979,2.25,3,2,1.89574173292382,2,8,1,21,4,FALSE,21,2097152,4,16,25,25,0.833333333333333,1,0.833333333333333,0,0.373300683394721,8.33333333333333,8,10,0.746601366789441,8,8,8,0,8.33333333333333,8,10,0.746601366789441,0,1.89574173292382,2.82842712474619,0.671783101612592,"F4_R21",-0.311211311558536,-0.283764142120554,-2.57886886239531,0.251662716816805,-0.103662895578542,-3.02584449483614,0.144638403990025,342,"very_easy"
1625,"-1:-1|-1:0|1:-1|1:2",4,TRUE,1,2,1,"mixed",1.51612377556149,2.23606797749979,2,3,2,1.89574173292382,2,8,1,21,4,FALSE,21,2097152,4,16,25,25,0.833333333333333,1,0.833333333333333,0,0.373300683394721,8.33333333333333,8,10,0.746601366789441,8,8,8,0,8.33333333333333,8,10,0.746601366789441,0,1.89574173292382,2.82842712474619,0.671783101612592,"F4_R21",-0.311211311558536,-0.283764142120554,-2.57886886239531,0.251662716816805,-0.103662895578542,-3.02584449483614,0.144638403990025,342,"very_easy"
396,"-2:-1|1:-2|1:-1|2:-2",4,TRUE,0,2,2,"off_axis",2.17869416052972,2.82842712474619,3,4,2,1.77792717443648,1,8,1,21,4,FALSE,21,2097152,4,16,25,25,0.833333333333333,2,0.666666666666667,0.166666666666667,0.688332449299089,8.33333333333333,6,10,1.37666489859818,8,8,8,0,8.33333333333333,6,10,1.37666489859818,0,1.77792717443648,2.82842712474619,0.613709089969705,"F4_R21",-0.957624402265918,-0.283764142120554,-0.918437484276193,0.251662716816805,-1.1721881269266,-3.08035143877246,0.13216957605985,347,"very_easy"
880,"-1:-1|1:-1|1:0|2:-2",4,TRUE,1,3,0,"mixed",1.6642135623731,2.82842712474619,2.25,4,2,1.77792717443648,1,8,1,21,4,FALSE,21,2097152,4,16,25,25,0.833333333333333,2,0.666666666666667,0.166666666666667,0.688332449299089,8.33333333333333,6,10,1.37666489859818,8,8,8,0,8.33333333333333,6,10,1.37666489859818,0,1.77792717443648,2.82842712474619,0.613709089969705,"F4_R21",-0.957624402265918,-0.283764142120554,-0.918437484276193,0.251662716816805,-1.1721881269266,-3.08035143877246,0.13216957605985,347,"very_easy"
1113,"-1:-2|-1:-1|0:-2|1:2",4,TRUE,1,1,2,"mixed",1.97158737934317,2.23606797749979,2.5,3,2,1.77792717443648,1,8,1,21,4,FALSE,21,2097152,4,16,25,25,0.833333333333333,2,0.666666666666667,0.166666666666667,0.688332449299089,8.33333333333333,6,10,1.37666489859818,8,8,8,0,8.33333333333333,6,10,1.37666489859818,0,1.77792717443648,2.82842712474619,0.613709089969705,"F4_R21",-0.957624402265918,-0.283764142120554,-0.918437484276193,0.251662716816805,-1.1721881269266,-3.08035143877246,0.13216957605985,347,"very_easy"
1443,"-1:-2|0:-1|1:0|2:-1",4,TRUE,2,0,2,"mixed",1.61803398874989,2.23606797749979,2,3,2,1.77792717443648,1,8,1,21,4,FALSE,21,2097152,4,16,25,25,0.833333333333333,2,0.666666666666667,0.166666666666667,0.688332449299089,8.33333333333333,6,10,1.37666489859818,8,8,8,0,8.33333333333333,6,10,1.37666489859818,0,1.77792717443648,2.82842712474619,0.613709089969705,"F4_R21",-0.957624402265918,-0.283764142120554,-0.918437484276193,0.251662716816805,-1.1721881269266,-3.08035143877246,0.13216957605985,347,"very_easy"
1661,"-1:-1|-1:0|0:-2|1:1",4,TRUE,2,2,0,"mixed",1.45710678118655,2,1.75,2,2,1.77792717443648,1,8,1,21,4,FALSE,21,2097152,4,16,25,25,0.833333333333333,2,0.666666666666667,0.166666666666667,0.688332449299089,8.33333333333333,6,10,1.37666489859818,8,8,8,0,8.33333333333333,6,10,1.37666489859818,0,1.77792717443648,2.82842712474619,0.613709089969705,"F4_R21",-0.957624402265918,-0.283764142120554,-0.918437484276193,0.251662716816805,-1.1721881269266,-3.08035143877246,0.13216957605985,347,"very_easy"
1081,"-1:-2|-1:2|0:-2|1:-2",4,TRUE,1,0,3,"mixed",2.17705098312484,2.23606797749979,2.75,3,2,1.73584854723723,2,8,1,21,4,FALSE,21,2097152,4,16,25,25,0.833333333333333,2,0.666666666666667,0.166666666666667,0.688332449299089,8.33333333333333,6,10,1.37666489859818,7,6,8,1.01015254455221,8.33333333333333,6,10,1.37666489859818,0,1.73584854723723,2.23606797749979,0.564535030951642,"F4_R21",-1.18849718921034,-1.13505656848221,-0.918437484276193,0.251662716816805,-0.103662895578542,-3.09399142073049,0.119700748129676,352,"very_easy"
1115,"-1:-2|0:-2|0:-1|2:-1",4,TRUE,2,0,2,"mixed",1.86803398874989,2.23606797749979,2.25,3,2,1.73584854723723,2,8,1,21,4,FALSE,21,2097152,4,16,25,25,0.833333333333333,2,0.666666666666667,0.166666666666667,0.688332449299089,8.33333333333333,6,10,1.37666489859818,7,6,8,1.01015254455221,8.33333333333333,6,10,1.37666489859818,0,1.73584854723723,2.23606797749979,0.564535030951642,"F4_R21",-1.18849718921034,-1.13505656848221,-0.918437484276193,0.251662716816805,-0.103662895578542,-3.09399142073049,0.119700748129676,352,"very_easy"
1362,"-1:-2|-1:-1|-1:0|2:-1",4,TRUE,1,1,2,"mixed",1.72158737934317,2.23606797749979,2.25,3,2,1.73584854723723,2,8,1,21,4,FALSE,21,2097152,4,16,25,25,0.833333333333333,2,0.666666666666667,0.166666666666667,0.688332449299089,8.33333333333333,6,10,1.37666489859818,7,6,8,1.01015254455221,8.33333333333333,6,10,1.37666489859818,0,1.73584854723723,2.23606797749979,0.564535030951642,"F4_R21",-1.18849718921034,-1.13505656848221,-0.918437484276193,0.251662716816805,-0.103662895578542,-3.09399142073049,0.119700748129676,352,"very_easy"
1571,"-1:0|0:-2|0:-1|2:-1",4,TRUE,3,0,1,"mixed",1.55901699437495,2.23606797749979,1.75,3,2,1.73584854723723,2,8,1,21,4,FALSE,21,2097152,4,16,25,25,0.833333333333333,2,0.666666666666667,0.166666666666667,0.688332449299089,8.33333333333333,6,10,1.37666489859818,7,6,8,1.01015254455221,8.33333333333333,6,10,1.37666489859818,0,1.73584854723723,2.23606797749979,0.564535030951642,"F4_R21",-1.18849718921034,-1.13505656848221,-0.918437484276193,0.251662716816805,-0.103662895578542,-3.09399142073049,0.119700748129676,352,"very_easy"
1696,"-1:-1|-1:0|0:2|1:0",4,TRUE,3,1,0,"mixed",1.35355339059327,2,1.5,2,2,1.73584854723723,2,8,1,21,4,FALSE,21,2097152,4,16,25,25,0.833333333333333,2,0.666666666666667,0.166666666666667,0.688332449299089,8.33333333333333,6,10,1.37666489859818,7,6,8,1.01015254455221,8.33333333333333,6,10,1.37666489859818,0,1.73584854723723,2.23606797749979,0.564535030951642,"F4_R21",-1.18849718921034,-1.13505656848221,-0.918437484276193,0.251662716816805,-0.103662895578542,-3.09399142073049,0.119700748129676,352,"very_easy"
865,"-1:-1|-1:1|2:-2|2:2",4,TRUE,0,4,0,"diagonal_only",2.12132034355964,2.82842712474619,3,4,2,2.16142715787305,2,4,2,21,4,FALSE,21,2097152,4,16,25,25,0.833333333333333,2,0.666666666666667,0.166666666666667,0.688332449299089,8.33333333333333,6,10,1.37666489859818,9,8,10,1.01015254455221,8.33333333333333,6,10,1.37666489859818,0,2.16142715787305,2.82842712474619,0.68979275567925,"F4_R21",1.14652480274189,0.567528284241106,-0.918437484276193,-3.96368778986468,-0.103662895578542,-3.27173508273643,0.112219451371571,357,"very_easy"
1122,"-1:-2|0:-2|0:-1|0:1",4,TRUE,3,0,1,"mixed",1.55901699437495,2.23606797749979,1.75,3,2,1.58863495173727,1,8,1,21,4,FALSE,21,2097152,4,16,25,25,0.833333333333333,3,0.5,0.166666666666667,1.06897047752888,8.33333333333333,4,10,2.13794095505776,6,4,8,2.02030508910442,8.33333333333333,4,10,2.13794095505776,0.166666666666667,1.58863495173727,2.23606797749979,0.554014630892572,"F4_R21",-1.99621396448058,-1.98634899484387,1.08778345653519,0.251662716816805,-1.1721881269266,-3.81530491289906,0.104738154613466,358,"very_easy"
1206,"-1:-2|0:-2|0:1|0:2",4,TRUE,3,0,1,"mixed",1.80901699437495,2.23606797749979,2,3,2,1.58863495173727,1,8,1,21,4,FALSE,21,2097152,4,16,25,25,0.833333333333333,3,0.5,0.166666666666667,1.06897047752888,8.33333333333333,4,10,2.13794095505776,6,4,8,2.02030508910442,8.33333333333333,4,10,2.13794095505776,0.166666666666667,1.58863495173727,2.23606797749979,0.554014630892572,"F4_R21",-1.99621396448058,-1.98634899484387,1.08778345653519,0.251662716816805,-1.1721881269266,-3.81530491289906,0.104738154613466,358,"very_easy"
1388,"-1:-2|-1:-1|-1:0|-1:2",4,TRUE,1,1,2,"mixed",1.72158737934317,2.23606797749979,2.25,3,2,1.58863495173727,1,8,1,21,4,FALSE,21,2097152,4,16,25,25,0.833333333333333,3,0.5,0.166666666666667,1.06897047752888,8.33333333333333,4,10,2.13794095505776,6,4,8,2.02030508910442,8.33333333333333,4,10,2.13794095505776,0.166666666666667,1.58863495173727,2.23606797749979,0.554014630892572,"F4_R21",-1.99621396448058,-1.98634899484387,1.08778345653519,0.251662716816805,-1.1721881269266,-3.81530491289906,0.104738154613466,358,"very_easy"
1688,"-1:0|0:-2|0:-1|0:2",4,TRUE,4,0,0,"axis_only",1.5,2,1.5,2,2,1.58863495173727,1,8,1,21,4,FALSE,21,2097152,4,16,25,25,0.833333333333333,3,0.5,0.166666666666667,1.06897047752888,8.33333333333333,4,10,2.13794095505776,6,4,8,2.02030508910442,8.33333333333333,4,10,2.13794095505776,0.166666666666667,1.58863495173727,2.23606797749979,0.554014630892572,"F4_R21",-1.99621396448058,-1.98634899484387,1.08778345653519,0.251662716816805,-1.1721881269266,-3.81530491289906,0.104738154613466,358,"very_easy"
1689,"-1:-1|-1:0|1:0|2:0",4,TRUE,3,1,0,"mixed",1.35355339059327,2,1.5,2,2,1.58863495173727,1,8,1,21,4,FALSE,21,2097152,4,16,25,25,0.833333333333333,3,0.5,0.166666666666667,1.06897047752888,8.33333333333333,4,10,2.13794095505776,6,4,8,2.02030508910442,8.33333333333333,4,10,2.13794095505776,0.166666666666667,1.58863495173727,2.23606797749979,0.554014630892572,"F4_R21",-1.99621396448058,-1.98634899484387,1.08778345653519,0.251662716816805,-1.1721881269266,-3.81530491289906,0.104738154613466,358,"very_easy"
856,"-2:-2|-1:0|1:0|2:-2",4,TRUE,2,2,0,"mixed",1.9142135623731,2.82842712474619,2.5,4,2,2.07858444539843,2,4,2,21,4,FALSE,21,2097152,4,16,25,25,0.833333333333333,3,0.5,0.25,0.98766077251289,8.33333333333333,4,10,1.97532154502578,7,4,10,3.03045763365663,8.33333333333333,4,10,1.97532154502578,0.0833333333333333,2.07858444539843,2.82842712474619,0.802417668568409,"F4_R21",0.691991725498633,-1.13505656848221,0.659226084974316,-3.96368778986468,-0.103662895578542,-3.85118944345249,0.0972568578553616,363,"very_easy"
1126,"-1:-2|0:-2|0:-1|0:2",4,TRUE,3,0,1,"mixed",1.80901699437495,2.23606797749979,2,3,2,1.5064495102246,1,8,1,21,4,FALSE,21,2097152,4,16,25,25,0.833333333333333,3,0.5,0.166666666666667,1.06897047752888,8.33333333333333,4,10,2.13794095505776,6,4,8,2.02030508910442,8.33333333333333,4,10,2.13794095505776,0.166666666666667,1.5064495102246,2.23606797749979,0.506194816629229,"F4_R21",-2.44714079340104,-1.98634899484387,1.08778345653519,0.251662716816805,-1.1721881269266,-4.26623174181952,0.0897755610972569,364,"very_easy"
1384,"-1:-1|-1:0|-1:1|-1:2",4,TRUE,1,2,1,"mixed",1.51612377556149,2.23606797749979,2,3,2,1.5064495102246,1,8,1,21,4,FALSE,21,2097152,4,16,25,25,0.833333333333333,3,0.5,0.166666666666667,1.06897047752888,8.33333333333333,4,10,2.13794095505776,6,4,8,2.02030508910442,8.33333333333333,4,10,2.13794095505776,0.166666666666667,1.5064495102246,2.23606797749979,0.506194816629229,"F4_R21",-2.44714079340104,-1.98634899484387,1.08778345653519,0.251662716816805,-1.1721881269266,-4.26623174181952,0.0897755610972569,364,"very_easy"
1646,"-1:-1|0:-2|0:-1|0:1",4,TRUE,3,1,0,"mixed",1.35355339059327,2,1.5,2,2,1.5064495102246,1,8,1,21,4,FALSE,21,2097152,4,16,25,25,0.833333333333333,3,0.5,0.166666666666667,1.06897047752888,8.33333333333333,4,10,2.13794095505776,6,4,8,2.02030508910442,8.33333333333333,4,10,2.13794095505776,0.166666666666667,1.5064495102246,2.23606797749979,0.506194816629229,"F4_R21",-2.44714079340104,-1.98634899484387,1.08778345653519,0.251662716816805,-1.1721881269266,-4.26623174181952,0.0897755610972569,364,"very_easy"
1648,"-1:-1|0:-2|0:-1|0:2",4,TRUE,3,1,0,"mixed",1.60355339059327,2,1.75,2,2,1.5064495102246,1,8,1,21,4,FALSE,21,2097152,4,16,25,25,0.833333333333333,3,0.5,0.166666666666667,1.06897047752888,8.33333333333333,4,10,2.13794095505776,6,4,8,2.02030508910442,8.33333333333333,4,10,2.13794095505776,0.166666666666667,1.5064495102246,2.23606797749979,0.506194816629229,"F4_R21",-2.44714079340104,-1.98634899484387,1.08778345653519,0.251662716816805,-1.1721881269266,-4.26623174181952,0.0897755610972569,364,"very_easy"
1686,"-1:0|0:-1|0:1|0:2",4,TRUE,4,0,0,"axis_only",1.25,2,1.25,2,2,1.5064495102246,1,8,1,21,4,FALSE,21,2097152,4,16,25,25,0.833333333333333,3,0.5,0.166666666666667,1.06897047752888,8.33333333333333,4,10,2.13794095505776,6,4,8,2.02030508910442,8.33333333333333,4,10,2.13794095505776,0.166666666666667,1.5064495102246,2.23606797749979,0.506194816629229,"F4_R21",-2.44714079340104,-1.98634899484387,1.08778345653519,0.251662716816805,-1.1721881269266,-4.26623174181952,0.0897755610972569,364,"very_easy"
346,"-2:-2|-1:-2|1:-2|2:-2",4,TRUE,0,2,2,"off_axis",2.53224755112299,2.82842712474619,3.5,4,2,1.9128990204492,2,4,2,21,4,FALSE,21,2097152,4,16,25,25,0.833333333333333,3,0.5,0.166666666666667,1.06897047752888,8.33333333333333,4,10,2.13794095505776,7,4,10,3.03045763365663,8.33333333333333,4,10,2.13794095505776,0.166666666666667,1.9128990204492,2.82842712474619,0.699855014798309,"F4_R21",-0.21707442898787,-1.13505656848221,1.08778345653519,-3.96368778986468,-0.103662895578542,-4.33169822637812,0.0822942643391521,369,"very_easy"
394,"-2:-2|-1:-2|-1:-1|0:-1",4,TRUE,1,2,1,"mixed",1.86967716615477,2.82842712474619,2.5,4,2,1.55432037668651,1,8,1,21,4,FALSE,21,2097152,4,16,25,25,0.833333333333333,3,0.5,0.25,0.98766077251289,8.33333333333333,4,10,1.97532154502578,6,6,6,0,8.33333333333333,4,10,1.97532154502578,0.0833333333333333,1.55432037668651,2.82842712474619,0.653272247669054,"F4_R21",-2.18448772962192,-1.98634899484387,0.659226084974316,0.251662716816805,-1.1721881269266,-4.43213604960127,0.0785536159600998,370,"very_easy"
1338,"-1:-2|-1:-1|0:-1|1:0",4,TRUE,2,1,1,"mixed",1.41257038496822,2.23606797749979,1.75,3,2,1.55432037668651,1,8,1,21,4,FALSE,21,2097152,4,16,25,25,0.833333333333333,3,0.5,0.25,0.98766077251289,8.33333333333333,4,10,1.97532154502578,6,6,6,0,8.33333333333333,4,10,1.97532154502578,0.0833333333333333,1.55432037668651,2.82842712474619,0.653272247669054,"F4_R21",-2.18448772962192,-1.98634899484387,0.659226084974316,0.251662716816805,-1.1721881269266,-4.43213604960127,0.0785536159600998,370,"very_easy"
1125,"-1:-2|-1:2|0:-2|0:-1",4,TRUE,2,0,2,"mixed",1.86803398874989,2.23606797749979,2.25,3,2,1.55366310572456,1,8,1,21,4,FALSE,21,2097152,4,16,25,25,0.833333333333333,3,0.5,0.25,0.98766077251289,8.33333333333333,4,10,1.97532154502578,6,4,8,2.02030508910442,8.33333333333333,4,10,1.97532154502578,0.0833333333333333,1.55366310572456,2.23606797749979,0.563846860523836,"F4_R21",-2.18809397794471,-1.98634899484387,0.659226084974316,0.251662716816805,-1.1721881269266,-4.43574229792406,0.0698254364089776,372,"very_easy"
1342,"-1:-2|-1:-1|0:-1|0:1",4,TRUE,2,1,1,"mixed",1.41257038496822,2.23606797749979,1.75,3,2,1.55366310572456,1,8,1,21,4,FALSE,21,2097152,4,16,25,25,0.833333333333333,3,0.5,0.25,0.98766077251289,8.33333333333333,4,10,1.97532154502578,6,4,8,2.02030508910442,8.33333333333333,4,10,1.97532154502578,0.0833333333333333,1.55366310572456,2.23606797749979,0.563846860523836,"F4_R21",-2.18809397794471,-1.98634899484387,0.659226084974316,0.251662716816805,-1.1721881269266,-4.43574229792406,0.0698254364089776,372,"very_easy"
1345,"-1:-2|-1:-1|-1:2|0:-1",4,TRUE,1,1,2,"mixed",1.72158737934317,2.23606797749979,2.25,3,2,1.55366310572456,1,8,1,21,4,FALSE,21,2097152,4,16,25,25,0.833333333333333,3,0.5,0.25,0.98766077251289,8.33333333333333,4,10,1.97532154502578,6,4,8,2.02030508910442,8.33333333333333,4,10,1.97532154502578,0.0833333333333333,1.55366310572456,2.23606797749979,0.563846860523836,"F4_R21",-2.18809397794471,-1.98634899484387,0.659226084974316,0.251662716816805,-1.1721881269266,-4.43574229792406,0.0698254364089776,372,"very_easy"
1385,"-1:-2|-1:-1|-1:0|0:1",4,TRUE,2,1,1,"mixed",1.41257038496822,2.23606797749979,1.75,3,2,1.55366310572456,1,8,1,21,4,FALSE,21,2097152,4,16,25,25,0.833333333333333,3,0.5,0.25,0.98766077251289,8.33333333333333,4,10,1.97532154502578,6,4,8,2.02030508910442,8.33333333333333,4,10,1.97532154502578,0.0833333333333333,1.55366310572456,2.23606797749979,0.563846860523836,"F4_R21",-2.18809397794471,-1.98634899484387,0.659226084974316,0.251662716816805,-1.1721881269266,-4.43574229792406,0.0698254364089776,372,"very_easy"
1685,"-1:-1|-1:0|0:1|0:2",4,TRUE,3,1,0,"mixed",1.35355339059327,2,1.5,2,2,1.55366310572456,1,8,1,21,4,FALSE,21,2097152,4,16,25,25,0.833333333333333,3,0.5,0.25,0.98766077251289,8.33333333333333,4,10,1.97532154502578,6,4,8,2.02030508910442,8.33333333333333,4,10,1.97532154502578,0.0833333333333333,1.55366310572456,2.23606797749979,0.563846860523836,"F4_R21",-2.18809397794471,-1.98634899484387,0.659226084974316,0.251662716816805,-1.1721881269266,-4.43574229792406,0.0698254364089776,372,"very_easy"
1475,"-1:-2|0:-1|1:0|2:1",4,TRUE,2,0,2,"mixed",1.61803398874989,2.23606797749979,2,3,2,1.92000580163574,1,4,2,21,4,FALSE,21,2097152,4,16,25,25,0.833333333333333,3,0.5,0.166666666666667,1.06897047752888,8.33333333333333,4,10,2.13794095505776,8,8,8,0,8.33333333333333,4,10,2.13794095505776,0.166666666666667,1.92000580163574,2.82842712474619,0.755408441165062,"F4_R21",-0.178081655507577,-0.283764142120554,1.08778345653519,-3.96368778986468,-1.1721881269266,-4.50993825788422,0.0623441396508728,377,"very_easy"
1221,"-2:-1|-1:-2|1:-2|2:-1",4,TRUE,0,0,4,"off_axis",2.23606797749979,2.23606797749979,3,3,2,1.92448349897449,2,4,2,21,4,FALSE,21,2097152,4,16,25,25,0.833333333333333,2,0.666666666666667,0.166666666666667,0.688332449299089,8.33333333333333,6,10,1.37666489859818,9,8,10,1.01015254455221,8.33333333333333,6,10,1.37666489859818,0,1.92448349897449,2.23606797749979,0.467098921446569,"F4_R21",-0.153513875318471,0.567528284241106,-0.918437484276193,-3.96368778986468,-0.103662895578542,-4.57177376079678,0.0598503740648379,378,"very_easy"
1692,"-1:0|0:-1|0:2|2:0",4,TRUE,4,0,0,"axis_only",1.5,2,1.5,2,2,1.87147766421189,3,4,2,21,4,FALSE,21,2097152,4,16,25,25,0.833333333333333,2,0.666666666666667,0.166666666666667,0.688332449299089,8.33333333333333,6,10,1.37666489859818,8,8,8,0,8.33333333333333,6,10,1.37666489859818,0,1.87147766421189,2.82842712474619,0.575008552937376,"F4_R21",-0.444340967609496,-0.283764142120554,-0.918437484276193,-3.96368778986468,0.964862335769511,-4.64536804810142,0.057356608478803,379,"very_easy"
328,"-2:-2|-1:-2|-1:-1|0:-2",4,TRUE,1,2,1,"mixed",2.11967716615477,2.82842712474619,2.75,4,2,1.63071357893653,1,8,1,21,4,FALSE,21,2097152,4,16,25,25,0.833333333333333,2,0.666666666666667,0.166666666666667,0.688332449299089,8.33333333333333,6,10,1.37666489859818,7,6,8,1.01015254455221,8.33333333333333,6,10,1.37666489859818,0,1.63071357893653,2.82842712474619,0.615334799088201,"F4_R21",-1.76534117753616,-1.13505656848221,-0.918437484276193,0.251662716816805,-1.1721881269266,-4.73936064040436,0.0498753117206983,380,"very_easy"
574,"-2:-2|-1:-1|0:-2|0:-1",4,TRUE,2,2,0,"mixed",1.81066017177982,2.82842712474619,2.25,4,2,1.63071357893653,1,8,1,21,4,FALSE,21,2097152,4,16,25,25,0.833333333333333,2,0.666666666666667,0.166666666666667,0.688332449299089,8.33333333333333,6,10,1.37666489859818,7,6,8,1.01015254455221,8.33333333333333,6,10,1.37666489859818,0,1.63071357893653,2.82842712474619,0.615334799088201,"F4_R21",-1.76534117753616,-1.13505656848221,-0.918437484276193,0.251662716816805,-1.1721881269266,-4.73936064040436,0.0498753117206983,380,"very_easy"
1461,"-1:-2|-1:0|0:-1|1:0",4,TRUE,3,0,1,"mixed",1.30901699437495,2.23606797749979,1.5,3,2,1.63071357893653,1,8,1,21,4,FALSE,21,2097152,4,16,25,25,0.833333333333333,2,0.666666666666667,0.166666666666667,0.688332449299089,8.33333333333333,6,10,1.37666489859818,7,6,8,1.01015254455221,8.33333333333333,6,10,1.37666489859818,0,1.63071357893653,2.82842712474619,0.615334799088201,"F4_R21",-1.76534117753616,-1.13505656848221,-0.918437484276193,0.251662716816805,-1.1721881269266,-4.73936064040436,0.0498753117206983,380,"very_easy"
1641,"-2:0|-1:-1|-1:0|0:-2",4,TRUE,3,1,0,"mixed",1.60355339059327,2,1.75,2,2,1.63071357893653,1,8,1,21,4,FALSE,21,2097152,4,16,25,25,0.833333333333333,2,0.666666666666667,0.166666666666667,0.688332449299089,8.33333333333333,6,10,1.37666489859818,7,6,8,1.01015254455221,8.33333333333333,6,10,1.37666489859818,0,1.63071357893653,2.82842712474619,0.615334799088201,"F4_R21",-1.76534117753616,-1.13505656848221,-0.918437484276193,0.251662716816805,-1.1721881269266,-4.73936064040436,0.0498753117206983,380,"very_easy"
1704,"-1:-1|-1:0|-1:1|1:-1",4,TRUE,1,3,0,"mixed",1.31066017177982,1.4142135623731,1.75,2,1,1.63071357893653,1,8,1,21,4,FALSE,21,2097152,4,16,25,25,0.833333333333333,2,0.666666666666667,0.166666666666667,0.688332449299089,8.33333333333333,6,10,1.37666489859818,7,6,8,1.01015254455221,8.33333333333333,6,10,1.37666489859818,0,1.63071357893653,2.82842712474619,0.615334799088201,"F4_R21",-1.76534117753616,-1.13505656848221,-0.918437484276193,0.251662716816805,-1.1721881269266,-4.73936064040436,0.0498753117206983,380,"very_easy"
1320,"-2:-1|-1:-2|-1:2|2:-1",4,TRUE,0,0,4,"off_axis",2.23606797749979,2.23606797749979,3,3,2,1.9659048552118,2,4,2,21,4,FALSE,21,2097152,4,16,25,25,0.833333333333333,2,0.666666666666667,0.166666666666667,0.688332449299089,8.33333333333333,6,10,1.37666489859818,8,8,8,0,8.33333333333333,6,10,1.37666489859818,0,1.9659048552118,2.82842712474619,0.610298743107434,"F4_R21",0.0737526633031542,-0.283764142120554,-0.918437484276193,-3.96368778986468,-0.103662895578542,-5.19579964853682,0.0423940149625935,385,"very_easy"
1674,"-1:-1|-1:1|0:-2|0:2",4,TRUE,2,2,0,"mixed",1.70710678118655,2,2,2,2,1.7128990204492,1,4,2,21,4,FALSE,21,2097152,4,16,25,25,0.833333333333333,3,0.5,0.25,0.98766077251289,8.33333333333333,4,10,1.97532154502578,9,8,10,1.01015254455221,8.33333333333333,4,10,1.97532154502578,0.0833333333333333,1.7128990204492,2.23606797749979,0.429440133900699,"F4_R21",-1.31441434861571,0.567528284241106,0.659226084974316,-3.96368778986468,-1.1721881269266,-5.22353589619156,0.0399002493765586,386,"very_easy"
329,"-2:-2|-1:-2|0:-2|0:-1",4,TRUE,2,1,1,"mixed",2.01612377556149,2.82842712474619,2.5,4,2,1.67147766421189,1,8,1,21,4,FALSE,21,2097152,4,16,25,25,0.833333333333333,2,0.666666666666667,0.166666666666667,0.688332449299089,8.33333333333333,6,10,1.37666489859818,6,6,6,0,8.33333333333333,6,10,1.37666489859818,0,1.67147766421189,2.82842712474619,0.671782387087413,"F4_R21",-1.54168088723733,-1.98634899484387,-0.918437484276193,0.251662716816805,-1.1721881269266,-5.36699277646719,0.0361596009975062,387,"very_easy"
1381,"-1:-2|-1:-1|-1:0|1:0",4,TRUE,2,1,1,"mixed",1.41257038496822,2.23606797749979,1.75,3,2,1.67147766421189,1,8,1,21,4,FALSE,21,2097152,4,16,25,25,0.833333333333333,2,0.666666666666667,0.166666666666667,0.688332449299089,8.33333333333333,6,10,1.37666489859818,6,6,6,0,8.33333333333333,6,10,1.37666489859818,0,1.67147766421189,2.82842712474619,0.671782387087413,"F4_R21",-1.54168088723733,-1.98634899484387,-0.918437484276193,0.251662716816805,-1.1721881269266,-5.36699277646719,0.0361596009975062,387,"very_easy"
874,"-2:-1|-2:1|2:-2|2:2",4,TRUE,0,2,2,"off_axis",2.53224755112299,2.82842712474619,3.5,4,2,2.04295532842377,2,4,2,21,4,FALSE,21,2097152,4,16,25,25,0.833333333333333,1,0.833333333333333,0,0.373300683394721,8.33333333333333,8,10,0.746601366789441,9,8,10,1.01015254455221,8.33333333333333,8,10,0.746601366789441,0,2.04295532842377,2.82842712474619,0.60215679580886,"F4_R21",0.496505463711708,0.567528284241106,-2.57886886239531,-3.96368778986468,-0.103662895578542,-5.58218579988572,0.0311720698254364,389,"very_easy"
1551,"-1:-1|-1:1|1:-2|1:2",4,TRUE,0,2,2,"off_axis",1.82514076993644,2.23606797749979,2.5,3,2,2.04295532842377,2,4,2,21,4,FALSE,21,2097152,4,16,25,25,0.833333333333333,1,0.833333333333333,0,0.373300683394721,8.33333333333333,8,10,0.746601366789441,9,8,10,1.01015254455221,8.33333333333333,8,10,0.746601366789441,0,2.04295532842377,2.82842712474619,0.60215679580886,"F4_R21",0.496505463711708,0.567528284241106,-2.57886886239531,-3.96368778986468,-0.103662895578542,-5.58218579988572,0.0311720698254364,389,"very_easy"
839,"-2:-2|-1:-1|1:-1|2:-2",4,TRUE,0,4,0,"diagonal_only",2.12132034355964,2.82842712474619,3,4,2,1.87858444539843,1,4,2,21,4,FALSE,21,2097152,4,16,25,25,0.833333333333333,2,0.666666666666667,0.166666666666667,0.688332449299089,8.33333333333333,6,10,1.37666489859818,9,8,10,1.01015254455221,8.33333333333333,6,10,1.37666489859818,0,1.87858444539843,2.82842712474619,0.641976532547083,"F4_R21",-0.405348194129202,0.567528284241106,-0.918437484276193,-3.96368778986468,-1.1721881269266,-5.89213331095557,0.027431421446384,391,"very_easy"
1616,"-1:-2|-1:0|0:1|2:1",4,TRUE,2,0,2,"mixed",1.61803398874989,2.23606797749979,2,3,2,1.91869125971184,3,4,2,21,4,FALSE,21,2097152,4,16,25,25,0.833333333333333,1,0.833333333333333,0,0.373300683394721,8.33333333333333,8,10,0.746601366789441,8,8,8,0,8.33333333333333,8,10,0.746601366789441,0,1.91869125971184,2.82842712474619,0.595001260414515,"F4_R21",-0.185294152153171,-0.283764142120554,-2.57886886239531,-3.96368778986468,0.964862335769511,-6.04675261076421,0.0249376558603491,392,"very_easy"
1099,"-1:-2|-1:-1|0:-2|0:-1",4,TRUE,2,1,1,"mixed",1.66257038496822,2.23606797749979,2,3,2,1.34787086646191,1,8,1,21,4,FALSE,21,2097152,4,16,25,25,0.833333333333333,3,0.5,0.25,0.98766077251289,8.33333333333333,4,10,1.97532154502578,5,4,6,1.01015254455221,8.33333333333333,4,10,1.97532154502578,0.0833333333333333,1.34787086646191,2.23606797749979,0.451225648580529,"F4_R21",-3.31721417440725,-2.83764142120553,0.659226084974316,0.251662716816805,-1.1721881269266,-6.41615492074826,0.0174563591022444,393,"very_easy"
1337,"-1:-2|-1:-1|-1:0|0:-1",4,TRUE,2,1,1,"mixed",1.41257038496822,2.23606797749979,1.75,3,2,1.34787086646191,1,8,1,21,4,FALSE,21,2097152,4,16,25,25,0.833333333333333,3,0.5,0.25,0.98766077251289,8.33333333333333,4,10,1.97532154502578,5,4,6,1.01015254455221,8.33333333333333,4,10,1.97532154502578,0.0833333333333333,1.34787086646191,2.23606797749979,0.451225648580529,"F4_R21",-3.31721417440725,-2.83764142120553,0.659226084974316,0.251662716816805,-1.1721881269266,-6.41615492074826,0.0174563591022444,393,"very_easy"
1642,"-1:-1|-1:0|0:-2|0:-1",4,TRUE,3,1,0,"mixed",1.35355339059327,2,1.5,2,2,1.34787086646191,1,8,1,21,4,FALSE,21,2097152,4,16,25,25,0.833333333333333,3,0.5,0.25,0.98766077251289,8.33333333333333,4,10,1.97532154502578,5,4,6,1.01015254455221,8.33333333333333,4,10,1.97532154502578,0.0833333333333333,1.34787086646191,2.23606797749979,0.451225648580529,"F4_R21",-3.31721417440725,-2.83764142120553,0.659226084974316,0.251662716816805,-1.1721881269266,-6.41615492074826,0.0174563591022444,393,"very_easy"
1703,"-1:-1|-1:0|-1:1|0:-1",4,TRUE,2,2,0,"mixed",1.20710678118655,1.4142135623731,1.5,2,1,1.34787086646191,1,8,1,21,4,FALSE,21,2097152,4,16,25,25,0.833333333333333,3,0.5,0.25,0.98766077251289,8.33333333333333,4,10,1.97532154502578,5,4,6,1.01015254455221,8.33333333333333,4,10,1.97532154502578,0.0833333333333333,1.34787086646191,2.23606797749979,0.451225648580529,"F4_R21",-3.31721417440725,-2.83764142120553,0.659226084974316,0.251662716816805,-1.1721881269266,-6.41615492074826,0.0174563591022444,393,"very_easy"
1706,"-1:-1|-1:0|0:-1|0:1",4,TRUE,3,1,0,"mixed",1.10355339059327,1.4142135623731,1.25,2,1,1.34787086646191,1,8,1,21,4,FALSE,21,2097152,4,16,25,25,0.833333333333333,3,0.5,0.25,0.98766077251289,8.33333333333333,4,10,1.97532154502578,5,4,6,1.01015254455221,8.33333333333333,4,10,1.97532154502578,0.0833333333333333,1.34787086646191,2.23606797749979,0.451225648580529,"F4_R21",-3.31721417440725,-2.83764142120553,0.659226084974316,0.251662716816805,-1.1721881269266,-6.41615492074826,0.0174563591022444,393,"very_easy"
1415,"-1:-2|-1:-1|-1:1|-1:2",4,TRUE,0,2,2,"off_axis",1.82514076993644,2.23606797749979,2.5,3,2,1.63005630797458,1,4,2,21,4,FALSE,21,2097152,4,16,25,25,0.833333333333333,3,0.5,0.166666666666667,1.06897047752888,8.33333333333333,4,10,2.13794095505776,7,4,10,3.03045763365663,8.33333333333333,4,10,2.13794095505776,0.166666666666667,1.63005630797458,2.23606797749979,0.519525887315959,"F4_R21",-1.76894742585896,-1.13505656848221,1.08778345653519,-3.96368778986468,-1.1721881269266,-6.95209645459727,0.00997506234413965,398,"very_easy"
1087,"-2:-1|-2:0|-1:-2|0:-2",4,TRUE,2,0,2,"mixed",2.11803398874989,2.23606797749979,2.5,3,2,1.91869125971184,2,4,2,21,4,FALSE,21,2097152,4,16,25,25,0.833333333333333,1,0.833333333333333,0,0.373300683394721,8.33333333333333,8,10,0.746601366789441,8,8,8,0,8.33333333333333,8,10,0.746601366789441,0,1.91869125971184,2.82842712474619,0.595001260414515,"F4_R21",-0.185294152153171,-0.283764142120554,-2.57886886239531,-3.96368778986468,-0.103662895578542,-7.11527784211226,0.00748129675810474,399,"very_easy"
1498,"-1:-2|-1:2|0:-1|0:1",4,TRUE,2,0,2,"mixed",1.61803398874989,2.23606797749979,2,3,2,1.67726990347453,1,4,2,21,4,FALSE,21,2097152,4,16,25,25,0.833333333333333,3,0.5,0.25,0.98766077251289,8.33333333333333,4,10,1.97532154502578,7,4,10,3.03045763365663,8.33333333333333,4,10,1.97532154502578,0.0833333333333333,1.67726990347453,2.23606797749979,0.564471897635819,"F4_R21",-1.50990061040263,-1.13505656848221,0.659226084974316,-3.96368778986468,-1.1721881269266,-7.12160701070181,0.00498753117206983,400,"very_easy"
1710,"-1:-1|-1:0|0:1|1:1",4,TRUE,2,2,0,"mixed",1.20710678118655,1.4142135623731,1.5,2,1,1.55432037668651,1,4,2,21,4,FALSE,21,2097152,4,16,25,25,0.833333333333333,3,0.5,0.25,0.98766077251289,8.33333333333333,4,10,1.97532154502578,6,6,6,0,8.33333333333333,4,10,1.97532154502578,0.0833333333333333,1.55432037668651,2.82842712474619,0.653272247669054,"F4_R21",-2.18448772962192,-1.98634899484387,0.659226084974316,-3.96368778986468,-1.1721881269266,-8.64748655628276,0.00249376558603491,401,"very_easy"
1678,"-2:0|-1:0|0:-2|0:-1",4,TRUE,4,0,0,"axis_only",1.5,2,1.5,2,2,1.67147766421189,1,4,2,21,4,FALSE,21,2097152,4,16,25,25,0.833333333333333,2,0.666666666666667,0.166666666666667,0.688332449299089,8.33333333333333,6,10,1.37666489859818,6,6,6,0,8.33333333333333,6,10,1.37666489859818,0,1.67147766421189,2.82842712474619,0.671782387087413,"F4_R21",-1.54168088723733,-1.98634899484387,-0.918437484276193,-3.96368778986468,-1.1721881269266,-9.58234328314868,0,402,"very_easy"
639,"-1:-2|0:2|2:0|2:2",4,TRUE,2,1,1,"mixed",2.26612377556149,2.82842712474619,2.75,4,2,2.23716308916112,4,8,1,25,0,TRUE,25,33554432,0,1,25,25,0.833333333333333,2,0.583333333333333,0.25,0.800640769025436,8.33333333333333,6,10,1.60128153805087,10,10,10,0,8.33333333333333,6,10,1.60128153805087,0,2.23716308916112,2.82842712474619,0.4655955713982,"F4_R25",1.84093927123909,1.75502188559869,1.17015005204386,0.271391979495859,2.28048336484708,7.31798655322458,1,1,"very_hard"
626,"-1:-2|1:2|2:-2|2:0",4,TRUE,1,1,2,"mixed",2.32514076993644,2.82842712474619,3,4,2,2.20153397218646,4,8,1,25,0,TRUE,25,33554432,0,1,25,25,0.833333333333333,2,0.583333333333333,0.25,0.800640769025436,8.33333333333333,6,10,1.60128153805087,10,10,10,0,8.33333333333333,6,10,1.60128153805087,0,2.20153397218646,2.82842712474619,0.412644815400057,"F4_R25",1.6115337978159,1.75502188559869,1.17015005204386,0.271391979495859,2.28048336484708,7.08858107980138,0.996777658431794,2,"very_hard"
665,"-1:-1|0:2|2:-2|2:0",4,TRUE,2,2,0,"mixed",2.06066017177982,2.82842712474619,2.5,4,2,2.20153397218646,4,8,1,25,0,TRUE,25,33554432,0,1,25,25,0.833333333333333,2,0.583333333333333,0.25,0.800640769025436,8.33333333333333,6,10,1.60128153805087,10,10,10,0,8.33333333333333,6,10,1.60128153805087,0,2.20153397218646,2.82842712474619,0.412644815400057,"F4_R25",1.6115337978159,1.75502188559869,1.17015005204386,0.271391979495859,2.28048336484708,7.08858107980138,0.996777658431794,2,"very_hard"
672,"-2:-1|0:-2|2:0|2:2",4,TRUE,2,1,1,"mixed",2.26612377556149,2.82842712474619,2.75,4,2,2.20153397218646,4,8,1,25,0,TRUE,25,33554432,0,1,25,25,0.833333333333333,2,0.583333333333333,0.25,0.800640769025436,8.33333333333333,6,10,1.60128153805087,10,10,10,0,8.33333333333333,6,10,1.60128153805087,0,2.20153397218646,2.82842712474619,0.412644815400057,"F4_R25",1.6115337978159,1.75502188559869,1.17015005204386,0.271391979495859,2.28048336484708,7.08858107980138,0.996777658431794,2,"very_hard"
680,"-1:-2|0:2|2:-1|2:2",4,TRUE,1,1,2,"mixed",2.32514076993644,2.82842712474619,3,4,2,2.20153397218646,4,8,1,25,0,TRUE,25,33554432,0,1,25,25,0.833333333333333,2,0.583333333333333,0.25,0.800640769025436,8.33333333333333,6,10,1.60128153805087,10,10,10,0,8.33333333333333,6,10,1.60128153805087,0,2.20153397218646,2.82842712474619,0.412644815400057,"F4_R25",1.6115337978159,1.75502188559869,1.17015005204386,0.271391979495859,2.28048336484708,7.08858107980138,0.996777658431794,2,"very_hard"
1275,"-1:-1|-1:2|1:2|2:-1",4,TRUE,0,1,3,"off_axis",2.03060437371812,2.23606797749979,2.75,3,2,2.20153397218646,4,8,1,25,0,TRUE,25,33554432,0,1,25,25,0.833333333333333,2,0.583333333333333,0.25,0.800640769025436,8.33333333333333,6,10,1.60128153805087,10,10,10,0,8.33333333333333,6,10,1.60128153805087,0,2.20153397218646,2.82842712474619,0.412644815400057,"F4_R25",1.6115337978159,1.75502188559869,1.17015005204386,0.271391979495859,2.28048336484708,7.08858107980138,0.996777658431794,2,"very_hard"
554,"-1:-2|0:-2|2:-2|2:1",4,TRUE,1,1,2,"mixed",2.32514076993644,2.82842712474619,3,4,2,2.19574173292381,4,8,1,25,0,TRUE,25,33554432,0,1,25,25,0.833333333333333,2,0.583333333333333,0.25,0.800640769025436,8.33333333333333,6,10,1.60128153805087,9,8,10,1.01015254455221,8.33333333333333,6,10,1.60128153805087,0,2.19574173292381,2.82842712474619,0.556495225393037,"F4_R25",1.57423926168767,0.706508810356395,1.17015005204386,0.271391979495859,2.28048336484708,6.00277346843086,0.99140708915145,7,"very_hard"
568,"-1:-2|2:-2|2:0|2:2",4,TRUE,1,2,1,"mixed",2.47323055674804,2.82842712474619,3.25,4,2,2.19574173292381,4,8,1,25,0,TRUE,25,33554432,0,1,25,25,0.833333333333333,2,0.583333333333333,0.25,0.800640769025436,8.33333333333333,6,10,1.60128153805087,9,8,10,1.01015254455221,8.33333333333333,6,10,1.60128153805087,0,2.19574173292381,2.82842712474619,0.556495225393037,"F4_R25",1.57423926168767,0.706508810356395,1.17015005204386,0.271391979495859,2.28048336484708,6.00277346843086,0.99140708915145,7,"very_hard"
666,"-1:0|0:-2|2:0|2:2",4,TRUE,3,1,0,"mixed",1.95710678118655,2.82842712474619,2.25,4,2,2.19574173292381,4,8,1,25,0,TRUE,25,33554432,0,1,25,25,0.833333333333333,2,0.583333333333333,0.25,0.800640769025436,8.33333333333333,6,10,1.60128153805087,9,8,10,1.01015254455221,8.33333333333333,6,10,1.60128153805087,0,2.19574173292381,2.82842712474619,0.556495225393037,"F4_R25",1.57423926168767,0.706508810356395,1.17015005204386,0.271391979495859,2.28048336484708,6.00277346843086,0.99140708915145,7,"very_hard"
671,"-2:-2|-2:0|0:2|2:0",4,TRUE,3,1,0,"mixed",2.20710678118655,2.82842712474619,2.5,4,2,2.19574173292381,4,8,1,25,0,TRUE,25,33554432,0,1,25,25,0.833333333333333,2,0.583333333333333,0.25,0.800640769025436,8.33333333333333,6,10,1.60128153805087,9,8,10,1.01015254455221,8.33333333333333,6,10,1.60128153805087,0,2.19574173292381,2.82842712474619,0.556495225393037,"F4_R25",1.57423926168767,0.706508810356395,1.17015005204386,0.271391979495859,2.28048336484708,6.00277346843086,0.99140708915145,7,"very_hard"
691,"-1:-2|-1:0|2:0|2:2",4,TRUE,2,1,1,"mixed",2.01612377556149,2.82842712474619,2.5,4,2,2.19574173292381,4,8,1,25,0,TRUE,25,33554432,0,1,25,25,0.833333333333333,2,0.583333333333333,0.25,0.800640769025436,8.33333333333333,6,10,1.60128153805087,9,8,10,1.01015254455221,8.33333333333333,6,10,1.60128153805087,0,2.19574173292381,2.82842712474619,0.556495225393037,"F4_R25",1.57423926168767,0.706508810356395,1.17015005204386,0.271391979495859,2.28048336484708,6.00277346843086,0.99140708915145,7,"very_hard"
630,"-1:-2|1:-2|2:0|2:2",4,TRUE,1,1,2,"mixed",2.32514076993644,2.82842712474619,3,4,2,2.20153397218646,4,8,1,25,0,TRUE,25,33554432,0,1,25,25,0.833333333333333,2,0.666666666666667,0.166666666666667,0.688332449299089,8.33333333333333,6,10,1.37666489859818,10,10,10,0,8.33333333333333,6,10,1.37666489859818,0,2.20153397218646,2.82842712474619,0.412644815400057,"F4_R25",1.6115337978159,1.75502188559869,0.0523490600394965,0.271391979495859,2.28048336484708,5.97078008779702,0.986036519871106,12,"very_hard"
684,"-1:-1|-1:2|2:-2|2:0",4,TRUE,1,2,1,"mixed",2.11967716615477,2.82842712474619,2.75,4,2,2.20153397218646,4,8,1,25,0,TRUE,25,33554432,0,1,25,25,0.833333333333333,2,0.666666666666667,0.166666666666667,0.688332449299089,8.33333333333333,6,10,1.37666489859818,10,10,10,0,8.33333333333333,6,10,1.37666489859818,0,2.20153397218646,2.82842712474619,0.412644815400057,"F4_R25",1.6115337978159,1.75502188559869,0.0523490600394965,0.271391979495859,2.28048336484708,5.97078008779702,0.986036519871106,12,"very_hard"
795,"-1:-2|0:2|2:-2|2:1",4,TRUE,1,1,2,"mixed",2.32514076993644,2.82842712474619,3,4,2,2.20153397218646,4,8,1,25,0,TRUE,25,33554432,0,1,25,25,0.833333333333333,2,0.666666666666667,0.166666666666667,0.688332449299089,8.33333333333333,6,10,1.37666489859818,10,10,10,0,8.33333333333333,6,10,1.37666489859818,0,2.20153397218646,2.82842712474619,0.412644815400057,"F4_R25",1.6115337978159,1.75502188559869,0.0523490600394965,0.271391979495859,2.28048336484708,5.97078008779702,0.986036519871106,12,"very_hard"
802,"-2:-1|-2:2|0:-2|2:0",4,TRUE,2,1,1,"mixed",2.26612377556149,2.82842712474619,2.75,4,2,2.20153397218646,4,8,1,25,0,TRUE,25,33554432,0,1,25,25,0.833333333333333,2,0.666666666666667,0.166666666666667,0.688332449299089,8.33333333333333,6,10,1.37666489859818,10,10,10,0,8.33333333333333,6,10,1.37666489859818,0,2.20153397218646,2.82842712474619,0.412644815400057,"F4_R25",1.6115337978159,1.75502188559869,0.0523490600394965,0.271391979495859,2.28048336484708,5.97078008779702,0.986036519871106,12,"very_hard"
1259,"-1:-1|-1:2|1:2|2:0",4,TRUE,1,1,2,"mixed",1.97158737934317,2.23606797749979,2.5,3,2,2.20153397218646,4,8,1,25,0,TRUE,25,33554432,0,1,25,25,0.833333333333333,2,0.666666666666667,0.166666666666667,0.688332449299089,8.33333333333333,6,10,1.37666489859818,10,10,10,0,8.33333333333333,6,10,1.37666489859818,0,2.20153397218646,2.82842712474619,0.412644815400057,"F4_R25",1.6115337978159,1.75502188559869,0.0523490600394965,0.271391979495859,2.28048336484708,5.97078008779702,0.986036519871106,12,"very_hard"
797,"-1:0|0:-2|2:-1|2:2",4,TRUE,2,1,1,"mixed",2.01612377556149,2.82842712474619,2.5,4,2,2.18371941369913,4,8,1,25,0,TRUE,25,33554432,0,1,25,25,0.833333333333333,2,0.583333333333333,0.25,0.800640769025436,8.33333333333333,6,10,1.60128153805087,9,8,10,1.01015254455221,8.33333333333333,6,10,1.60128153805087,0,2.18371941369913,2.82842712474619,0.507027856163868,"F4_R25",1.4968310611043,0.706508810356395,1.17015005204386,0.271391979495859,2.28048336484708,5.92536526784749,0.980665950590763,17,"very_hard"
800,"-2:-1|-2:2|0:-2|2:2",4,TRUE,1,2,1,"mixed",2.47323055674804,2.82842712474619,3.25,4,2,2.18371941369913,4,8,1,25,0,TRUE,25,33554432,0,1,25,25,0.833333333333333,2,0.583333333333333,0.25,0.800640769025436,8.33333333333333,6,10,1.60128153805087,9,8,10,1.01015254455221,8.33333333333333,6,10,1.60128153805087,0,2.18371941369913,2.82842712474619,0.507027856163868,"F4_R25",1.4968310611043,0.706508810356395,1.17015005204386,0.271391979495859,2.28048336484708,5.92536526784749,0.980665950590763,17,"very_hard"
816,"-1:-2|-1:0|2:-1|2:2",4,TRUE,1,1,2,"mixed",2.07514076993644,2.82842712474619,2.75,4,2,2.18371941369913,4,8,1,25,0,TRUE,25,33554432,0,1,25,25,0.833333333333333,2,0.583333333333333,0.25,0.800640769025436,8.33333333333333,6,10,1.60128153805087,9,8,10,1.01015254455221,8.33333333333333,6,10,1.60128153805087,0,2.18371941369913,2.82842712474619,0.507027856163868,"F4_R25",1.4968310611043,0.706508810356395,1.17015005204386,0.271391979495859,2.28048336484708,5.92536526784749,0.980665950590763,17,"very_hard"
1149,"-1:-2|0:-2|2:-1|2:1",4,TRUE,1,0,3,"mixed",2.17705098312484,2.23606797749979,2.75,3,2,2.18371941369913,4,8,1,25,0,TRUE,25,33554432,0,1,25,25,0.833333333333333,2,0.583333333333333,0.25,0.800640769025436,8.33333333333333,6,10,1.60128153805087,9,8,10,1.01015254455221,8.33333333333333,6,10,1.60128153805087,0,2.18371941369913,2.82842712474619,0.507027856163868,"F4_R25",1.4968310611043,0.706508810356395,1.17015005204386,0.271391979495859,2.28048336484708,5.92536526784749,0.980665950590763,17,"very_hard"
1263,"-1:-2|-1:2|1:-2|2:0",4,TRUE,1,0,3,"mixed",2.17705098312484,2.23606797749979,2.75,3,2,2.18371941369913,4,8,1,25,0,TRUE,25,33554432,0,1,25,25,0.833333333333333,2,0.583333333333333,0.25,0.800640769025436,8.33333333333333,6,10,1.60128153805087,9,8,10,1.01015254455221,8.33333333333333,6,10,1.60128153805087,0,2.18371941369913,2.82842712474619,0.507027856163868,"F4_R25",1.4968310611043,0.706508810356395,1.17015005204386,0.271391979495859,2.28048336484708,5.92536526784749,0.980665950590763,17,"very_hard"
706,"-2:-1|-1:-2|0:2|2:2",4,TRUE,1,1,2,"mixed",2.32514076993644,2.82842712474619,3,4,2,2.14295532842377,3,8,1,25,0,TRUE,25,33554432,0,1,25,25,0.833333333333333,2,0.583333333333333,0.25,0.800640769025436,8.33333333333333,6,10,1.60128153805087,10,10,10,0,8.33333333333333,6,10,1.60128153805087,0,2.14295532842377,2.82842712474619,0.480442458550402,"F4_R25",1.23436302722325,1.75502188559869,1.17015005204386,0.271391979495859,1.07286376482578,5.50379070918744,0.977443609022556,22,"very_hard"
635,"-2:-1|-2:2|0:-2|2:-2",4,TRUE,1,2,1,"mixed",2.47323055674804,2.82842712474619,3.25,4,2,2.11934853067379,3,8,1,25,0,TRUE,25,33554432,0,1,25,25,0.833333333333333,2,0.583333333333333,0.25,0.800640769025436,8.33333333333333,6,10,1.60128153805087,10,10,10,0,8.33333333333333,6,10,1.60128153805087,0,2.11934853067379,2.82842712474619,0.481158100063252,"F4_R25",1.08236575438342,1.75502188559869,1.17015005204386,0.271391979495859,1.07286376482578,5.35179343634761,0.97422126745435,23,"very_hard"
683,"-1:-1|-1:1|2:-2|2:0",4,TRUE,1,3,0,"mixed",1.9142135623731,2.82842712474619,2.5,4,2,2.11934853067379,3,8,1,25,0,TRUE,25,33554432,0,1,25,25,0.833333333333333,2,0.583333333333333,0.25,0.800640769025436,8.33333333333333,6,10,1.60128153805087,10,10,10,0,8.33333333333333,6,10,1.60128153805087,0,2.11934853067379,2.82842712474619,0.481158100063252,"F4_R25",1.08236575438342,1.75502188559869,1.17015005204386,0.271391979495859,1.07286376482578,5.35179343634761,0.97422126745435,23,"very_hard"
798,"-1:-1|0:-2|2:-1|2:2",4,TRUE,1,2,1,"mixed",2.11967716615477,2.82842712474619,2.75,4,2,2.11934853067379,3,8,1,25,0,TRUE,25,33554432,0,1,25,25,0.833333333333333,2,0.583333333333333,0.25,0.800640769025436,8.33333333333333,6,10,1.60128153805087,10,10,10,0,8.33333333333333,6,10,1.60128153805087,0,2.11934853067379,2.82842712474619,0.481158100063252,"F4_R25",1.08236575438342,1.75502188559869,1.17015005204386,0.271391979495859,1.07286376482578,5.35179343634761,0.97422126745435,23,"very_hard"
1257,"-1:-1|0:-2|2:-1|2:1",4,TRUE,1,1,2,"mixed",1.97158737934317,2.23606797749979,2.5,3,2,2.11934853067379,3,8,1,25,0,TRUE,25,33554432,0,1,25,25,0.833333333333333,2,0.583333333333333,0.25,0.800640769025436,8.33333333333333,6,10,1.60128153805087,10,10,10,0,8.33333333333333,6,10,1.60128153805087,0,2.11934853067379,2.82842712474619,0.481158100063252,"F4_R25",1.08236575438342,1.75502188559869,1.17015005204386,0.271391979495859,1.07286376482578,5.35179343634761,0.97422126745435,23,"very_hard"
1262,"-1:-2|0:2|1:-2|2:0",4,TRUE,2,0,2,"mixed",2.11803398874989,2.23606797749979,2.5,3,2,2.11934853067379,3,8,1,25,0,TRUE,25,33554432,0,1,25,25,0.833333333333333,2,0.583333333333333,0.25,0.800640769025436,8.33333333333333,6,10,1.60128153805087,10,10,10,0,8.33333333333333,6,10,1.60128153805087,0,2.11934853067379,2.82842712474619,0.481158100063252,"F4_R25",1.08236575438342,1.75502188559869,1.17015005204386,0.271391979495859,1.07286376482578,5.35179343634761,0.97422126745435,23,"very_hard"
634,"-2:-1|-1:2|0:-2|2:-2",4,TRUE,1,1,2,"mixed",2.32514076993644,2.82842712474619,3,4,2,2.08371941369913,3,8,1,25,0,TRUE,25,33554432,0,1,25,25,0.833333333333333,2,0.583333333333333,0.25,0.800640769025436,8.33333333333333,6,10,1.60128153805087,10,10,10,0,8.33333333333333,6,10,1.60128153805087,0,2.08371941369913,2.82842712474619,0.419143842948326,"F4_R25",0.852960280960224,1.75502188559869,1.17015005204386,0.271391979495859,1.07286376482578,5.12238796292442,0.968850698174006,28,"very_hard"
688,"-1:-2|0:2|1:-1|2:2",4,TRUE,1,2,1,"mixed",2.11967716615477,2.82842712474619,2.75,4,2,2.08371941369913,3,8,1,25,0,TRUE,25,33554432,0,1,25,25,0.833333333333333,2,0.583333333333333,0.25,0.800640769025436,8.33333333333333,6,10,1.60128153805087,10,10,10,0,8.33333333333333,6,10,1.60128153805087,0,2.08371941369913,2.82842712474619,0.419143842948326,"F4_R25",0.852960280960224,1.75502188559869,1.17015005204386,0.271391979495859,1.07286376482578,5.12238796292442,0.968850698174006,28,"very_hard"
1226,"-1:-1|1:-2|2:-1|2:1",4,TRUE,0,1,3,"off_axis",2.03060437371812,2.23606797749979,2.75,3,2,2.08371941369913,3,8,1,25,0,TRUE,25,33554432,0,1,25,25,0.833333333333333,2,0.583333333333333,0.25,0.800640769025436,8.33333333333333,6,10,1.60128153805087,10,10,10,0,8.33333333333333,6,10,1.60128153805087,0,2.08371941369913,2.82842712474619,0.419143842948326,"F4_R25",0.852960280960224,1.75502188559869,1.17015005204386,0.271391979495859,1.07286376482578,5.12238796292442,0.968850698174006,28,"very_hard"
1316,"-1:-1|-1:2|1:-2|2:-1",4,TRUE,0,1,3,"off_axis",2.03060437371812,2.23606797749979,2.75,3,2,2.08371941369913,3,8,1,25,0,TRUE,25,33554432,0,1,25,25,0.833333333333333,2,0.583333333333333,0.25,0.800640769025436,8.33333333333333,6,10,1.60128153805087,10,10,10,0,8.33333333333333,6,10,1.60128153805087,0,2.08371941369913,2.82842712474619,0.419143842948326,"F4_R25",0.852960280960224,1.75502188559869,1.17015005204386,0.271391979495859,1.07286376482578,5.12238796292442,0.968850698174006,28,"very_hard"
1513,"-1:-1|0:2|1:-2|2:0",4,TRUE,2,1,1,"mixed",1.91257038496822,2.23606797749979,2.25,3,2,2.08371941369913,3,8,1,25,0,TRUE,25,33554432,0,1,25,25,0.833333333333333,2,0.583333333333333,0.25,0.800640769025436,8.33333333333333,6,10,1.60128153805087,10,10,10,0,8.33333333333333,6,10,1.60128153805087,0,2.08371941369913,2.82842712474619,0.419143842948326,"F4_R25",0.852960280960224,1.75502188559869,1.17015005204386,0.271391979495859,1.07286376482578,5.12238796292442,0.968850698174006,28,"very_hard"
654,"-1:-2|0:1|2:-2|2:0",4,TRUE,2,1,1,"mixed",2.01612377556149,2.82842712474619,2.5,4,2,2.21934853067379,4,8,1,25,0,TRUE,25,33554432,0,1,25,25,0.833333333333333,2,0.666666666666667,0.166666666666667,0.688332449299089,8.33333333333333,6,10,1.37666489859818,9,8,10,1.01015254455221,8.33333333333333,6,10,1.37666489859818,0,2.21934853067379,2.82842712474619,0.552260103168055,"F4_R25",1.7262365345275,0.706508810356395,0.0523490600394965,0.271391979495859,2.28048336484708,5.03696974926632,0.963480128893663,33,"very_hard"
668,"-1:-2|0:-2|2:0|2:2",4,TRUE,2,1,1,"mixed",2.26612377556149,2.82842712474619,2.75,4,2,2.21934853067379,4,8,1,25,0,TRUE,25,33554432,0,1,25,25,0.833333333333333,2,0.666666666666667,0.166666666666667,0.688332449299089,8.33333333333333,6,10,1.37666489859818,9,8,10,1.01015254455221,8.33333333333333,6,10,1.37666489859818,0,2.21934853067379,2.82842712474619,0.552260103168055,"F4_R25",1.7262365345275,0.706508810356395,0.0523490600394965,0.271391979495859,2.28048336484708,5.03696974926632,0.963480128893663,33,"very_hard"
669,"-2:-2|-2:0|0:2|2:-2",4,TRUE,2,2,0,"mixed",2.41421356237309,2.82842712474619,3,4,2,2.21934853067379,4,8,1,25,0,TRUE,25,33554432,0,1,25,25,0.833333333333333,2,0.666666666666667,0.166666666666667,0.688332449299089,8.33333333333333,6,10,1.37666489859818,9,8,10,1.01015254455221,8.33333333333333,6,10,1.37666489859818,0,2.21934853067379,2.82842712474619,0.552260103168055,"F4_R25",1.7262365345275,0.706508810356395,0.0523490600394965,0.271391979495859,2.28048336484708,5.03696974926632,0.963480128893663,33,"very_hard"
677,"-1:-2|-1:2|2:-2|2:0",4,TRUE,1,1,2,"mixed",2.32514076993644,2.82842712474619,3,4,2,2.21934853067379,4,8,1,25,0,TRUE,25,33554432,0,1,25,25,0.833333333333333,2,0.666666666666667,0.166666666666667,0.688332449299089,8.33333333333333,6,10,1.37666489859818,9,8,10,1.01015254455221,8.33333333333333,6,10,1.37666489859818,0,2.21934853067379,2.82842712474619,0.552260103168055,"F4_R25",1.7262365345275,0.706508810356395,0.0523490600394965,0.271391979495859,2.28048336484708,5.03696974926632,0.963480128893663,33,"very_hard"
785,"-1:-2|-1:0|2:-2|2:1",4,TRUE,1,1,2,"mixed",2.07514076993644,2.82842712474619,2.75,4,2,2.21934853067379,4,8,1,25,0,TRUE,25,33554432,0,1,25,25,0.833333333333333,2,0.666666666666667,0.166666666666667,0.688332449299089,8.33333333333333,6,10,1.37666489859818,9,8,10,1.01015254455221,8.33333333333333,6,10,1.37666489859818,0,2.21934853067379,2.82842712474619,0.552260103168055,"F4_R25",1.7262365345275,0.706508810356395,0.0523490600394965,0.271391979495859,2.28048336484708,5.03696974926632,0.963480128893663,33,"very_hard"
356,"-1:-2|1:-2|2:-2|2:1",4,TRUE,0,1,3,"off_axis",2.38415776431139,2.82842712474619,3.25,4,2,2.16011261594915,4,8,1,25,0,TRUE,25,33554432,0,1,25,25,0.833333333333333,2,0.666666666666667,0.166666666666667,0.688332449299089,8.33333333333333,6,10,1.37666489859818,9,8,10,1.01015254455221,8.33333333333333,6,10,1.37666489859818,0,2.16011261594915,2.82842712474619,0.509807683148267,"F4_R25",1.34483378826448,0.706508810356395,0.0523490600394965,0.271391979495859,2.28048336484708,4.6555670030033,0.958109559613319,38,"very_hard"
558,"-1:-2|2:-1|2:0|2:2",4,TRUE,1,1,2,"mixed",2.32514076993644,2.82842712474619,3,4,2,2.16011261594915,4,8,1,25,0,TRUE,25,33554432,0,1,25,25,0.833333333333333,2,0.666666666666667,0.166666666666667,0.688332449299089,8.33333333333333,6,10,1.37666489859818,9,8,10,1.01015254455221,8.33333333333333,6,10,1.37666489859818,0,2.16011261594915,2.82842712474619,0.509807683148267,"F4_R25",1.34483378826448,0.706508810356395,0.0523490600394965,0.271391979495859,2.28048336484708,4.6555670030033,0.958109559613319,38,"very_hard"
705,"-2:-1|0:-2|0:2|2:2",4,TRUE,2,1,1,"mixed",2.26612377556149,2.82842712474619,2.75,4,2,2.16011261594915,4,8,1,25,0,TRUE,25,33554432,0,1,25,25,0.833333333333333,2,0.666666666666667,0.166666666666667,0.688332449299089,8.33333333333333,6,10,1.37666489859818,9,8,10,1.01015254455221,8.33333333333333,6,10,1.37666489859818,0,2.16011261594915,2.82842712474619,0.509807683148267,"F4_R25",1.34483378826448,0.706508810356395,0.0523490600394965,0.271391979495859,2.28048336484708,4.6555670030033,0.958109559613319,38,"very_hard"
962,"-2:-2|-1:0|0:2|2:0",4,TRUE,3,1,0,"mixed",1.95710678118655,2.82842712474619,2.25,4,2,2.16011261594915,4,8,1,25,0,TRUE,25,33554432,0,1,25,25,0.833333333333333,2,0.666666666666667,0.166666666666667,0.688332449299089,8.33333333333333,6,10,1.37666489859818,9,8,10,1.01015254455221,8.33333333333333,6,10,1.37666489859818,0,2.16011261594915,2.82842712474619,0.509807683148267,"F4_R25",1.34483378826448,0.706508810356395,0.0523490600394965,0.271391979495859,2.28048336484708,4.6555670030033,0.958109559613319,38,"very_hard"
1583,"-1:-2|-1:0|1:2|2:0",4,TRUE,2,0,2,"mixed",1.86803398874989,2.23606797749979,2.25,3,2,2.16011261594915,4,8,1,25,0,TRUE,25,33554432,0,1,25,25,0.833333333333333,2,0.666666666666667,0.166666666666667,0.688332449299089,8.33333333333333,6,10,1.37666489859818,9,8,10,1.01015254455221,8.33333333333333,6,10,1.37666489859818,0,2.16011261594915,2.82842712474619,0.509807683148267,"F4_R25",1.34483378826448,0.706508810356395,0.0523490600394965,0.271391979495859,2.28048336484708,4.6555670030033,0.958109559613319,38,"very_hard"
627,"-1:-1|1:2|2:-2|2:0",4,TRUE,1,2,1,"mixed",2.11967716615477,2.82842712474619,2.75,4,2,2.14295532842377,3,8,1,25,0,TRUE,25,33554432,0,1,25,25,0.833333333333333,2,0.666666666666667,0.166666666666667,0.688332449299089,8.33333333333333,6,10,1.37666489859818,10,10,10,0,8.33333333333333,6,10,1.37666489859818,0,2.14295532842377,2.82842712474619,0.480442458550402,"F4_R25",1.23436302722325,1.75502188559869,0.0523490600394965,0.271391979495859,1.07286376482578,4.38598971718307,0.951664876476907,43,"very_hard"
629,"-1:-1|1:-2|2:0|2:2",4,TRUE,1,2,1,"mixed",2.11967716615477,2.82842712474619,2.75,4,2,2.14295532842377,3,8,1,25,0,TRUE,25,33554432,0,1,25,25,0.833333333333333,2,0.666666666666667,0.166666666666667,0.688332449299089,8.33333333333333,6,10,1.37666489859818,10,10,10,0,8.33333333333333,6,10,1.37666489859818,0,2.14295532842377,2.82842712474619,0.480442458550402,"F4_R25",1.23436302722325,1.75502188559869,0.0523490600394965,0.271391979495859,1.07286376482578,4.38598971718307,0.951664876476907,43,"very_hard"
689,"-2:-2|-1:1|0:-2|2:2",4,TRUE,1,3,0,"mixed",2.26776695296637,2.82842712474619,3,4,2,2.14295532842377,3,8,1,25,0,TRUE,25,33554432,0,1,25,25,0.833333333333333,2,0.666666666666667,0.166666666666667,0.688332449299089,8.33333333333333,6,10,1.37666489859818,10,10,10,0,8.33333333333333,6,10,1.37666489859818,0,2.14295532842377,2.82842712474619,0.480442458550402,"F4_R25",1.23436302722325,1.75502188559869,0.0523490600394965,0.271391979495859,1.07286376482578,4.38598971718307,0.951664876476907,43,"very_hard"
824,"-1:-1|-1:2|1:-2|2:2",4,TRUE,0,2,2,"off_axis",2.17869416052972,2.82842712474619,3,4,2,2.14295532842377,3,8,1,25,0,TRUE,25,33554432,0,1,25,25,0.833333333333333,2,0.666666666666667,0.166666666666667,0.688332449299089,8.33333333333333,6,10,1.37666489859818,10,10,10,0,8.33333333333333,6,10,1.37666489859818,0,2.14295532842377,2.82842712474619,0.480442458550402,"F4_R25",1.23436302722325,1.75502188559869,0.0523490600394965,0.271391979495859,1.07286376482578,4.38598971718307,0.951664876476907,43,"very_hard"
1027,"-1:-1|-1:2|1:2|2:-2",4,TRUE,0,2,2,"off_axis",2.17869416052972,2.82842712474619,3,4,2,2.14295532842377,3,8,1,25,0,TRUE,25,33554432,0,1,25,25,0.833333333333333,2,0.666666666666667,0.166666666666667,0.688332449299089,8.33333333333333,6,10,1.37666489859818,10,10,10,0,8.33333333333333,6,10,1.37666489859818,0,2.14295532842377,2.82842712474619,0.480442458550402,"F4_R25",1.23436302722325,1.75502188559869,0.0523490600394965,0.271391979495859,1.07286376482578,4.38598971718307,0.951664876476907,43,"very_hard"
1228,"-1:-1|-1:2|1:2|2:1",4,TRUE,0,1,3,"off_axis",2.03060437371812,2.23606797749979,2.75,3,2,2.14295532842377,3,8,1,25,0,TRUE,25,33554432,0,1,25,25,0.833333333333333,2,0.666666666666667,0.166666666666667,0.688332449299089,8.33333333333333,6,10,1.37666489859818,10,10,10,0,8.33333333333333,6,10,1.37666489859818,0,2.14295532842377,2.82842712474619,0.480442458550402,"F4_R25",1.23436302722325,1.75502188559869,0.0523490600394965,0.271391979495859,1.07286376482578,4.38598971718307,0.951664876476907,43,"very_hard"
1557,"-2:-1|-1:2|0:-2|2:0",4,TRUE,2,0,2,"mixed",2.11803398874989,2.23606797749979,2.5,3,2,2.14295532842377,3,8,1,25,0,TRUE,25,33554432,0,1,25,25,0.833333333333333,2,0.666666666666667,0.166666666666667,0.688332449299089,8.33333333333333,6,10,1.37666489859818,10,10,10,0,8.33333333333333,6,10,1.37666489859818,0,2.14295532842377,2.82842712474619,0.480442458550402,"F4_R25",1.23436302722325,1.75502188559869,0.0523490600394965,0.271391979495859,1.07286376482578,4.38598971718307,0.951664876476907,43,"very_hard"
432,"-1:-1|1:-2|2:-2|2:1",4,TRUE,0,2,2,"off_axis",2.17869416052972,2.82842712474619,3,4,2,2.12514076993644,3,8,1,25,0,TRUE,25,33554432,0,1,25,25,0.833333333333333,2,0.583333333333333,0.25,0.800640769025436,8.33333333333333,6,10,1.60128153805087,9,8,10,1.01015254455221,8.33333333333333,6,10,1.60128153805087,0,2.12514076993644,2.82842712474619,0.561522442367321,"F4_R25",1.11966029051165,0.706508810356395,1.17015005204386,0.271391979495859,1.07286376482578,4.34057489723354,0.942534908700322,50,"very_hard"
450,"-1:-2|1:-2|2:1|2:2",4,TRUE,0,1,3,"off_axis",2.38415776431139,2.82842712474619,3.25,4,2,2.12514076993644,3,8,1,25,0,TRUE,25,33554432,0,1,25,25,0.833333333333333,2,0.583333333333333,0.25,0.800640769025436,8.33333333333333,6,10,1.60128153805087,9,8,10,1.01015254455221,8.33333333333333,6,10,1.60128153805087,0,2.12514076993644,2.82842712474619,0.561522442367321,"F4_R25",1.11966029051165,0.706508810356395,1.17015005204386,0.271391979495859,1.07286376482578,4.34057489723354,0.942534908700322,50,"very_hard"
533,"-2:-1|0:-2|1:2|2:2",4,TRUE,1,1,2,"mixed",2.32514076993644,2.82842712474619,3,4,2,2.12514076993644,3,8,1,25,0,TRUE,25,33554432,0,1,25,25,0.833333333333333,2,0.583333333333333,0.25,0.800640769025436,8.33333333333333,6,10,1.60128153805087,9,8,10,1.01015254455221,8.33333333333333,6,10,1.60128153805087,0,2.12514076993644,2.82842712474619,0.561522442367321,"F4_R25",1.11966029051165,0.706508810356395,1.17015005204386,0.271391979495859,1.07286376482578,4.34057489723354,0.942534908700322,50,"very_hard"
740,"-1:-2|1:0|2:-1|2:2",4,TRUE,1,1,2,"mixed",2.07514076993644,2.82842712474619,2.75,4,2,2.12514076993644,3,8,1,25,0,TRUE,25,33554432,0,1,25,25,0.833333333333333,2,0.583333333333333,0.25,0.800640769025436,8.33333333333333,6,10,1.60128153805087,9,8,10,1.01015254455221,8.33333333333333,6,10,1.60128153805087,0,2.12514076993644,2.82842712474619,0.561522442367321,"F4_R25",1.11966029051165,0.706508810356395,1.17015005204386,0.271391979495859,1.07286376482578,4.34057489723354,0.942534908700322,50,"very_hard"
813,"-1:-2|-1:2|1:-1|2:2",4,TRUE,0,2,2,"off_axis",2.17869416052972,2.82842712474619,3,4,2,2.12514076993644,3,8,1,25,0,TRUE,25,33554432,0,1,25,25,0.833333333333333,2,0.583333333333333,0.25,0.800640769025436,8.33333333333333,6,10,1.60128153805087,9,8,10,1.01015254455221,8.33333333333333,6,10,1.60128153805087,0,2.12514076993644,2.82842712474619,0.561522442367321,"F4_R25",1.11966029051165,0.706508810356395,1.17015005204386,0.271391979495859,1.07286376482578,4.34057489723354,0.942534908700322,50,"very_hard"
961,"-2:-1|0:2|1:0|2:-2",4,TRUE,2,1,1,"mixed",2.01612377556149,2.82842712474619,2.5,4,2,2.12514076993644,3,8,1,25,0,TRUE,25,33554432,0,1,25,25,0.833333333333333,2,0.583333333333333,0.25,0.800640769025436,8.33333333333333,6,10,1.60128153805087,9,8,10,1.01015254455221,8.33333333333333,6,10,1.60128153805087,0,2.12514076993644,2.82842712474619,0.561522442367321,"F4_R25",1.11966029051165,0.706508810356395,1.17015005204386,0.271391979495859,1.07286376482578,4.34057489723354,0.942534908700322,50,"very_hard"
966,"-1:-1|-1:2|1:0|2:-2",4,TRUE,1,2,1,"mixed",1.86967716615477,2.82842712474619,2.5,4,2,2.12514076993644,3,8,1,25,0,TRUE,25,33554432,0,1,25,25,0.833333333333333,2,0.583333333333333,0.25,0.800640769025436,8.33333333333333,6,10,1.60128153805087,9,8,10,1.01015254455221,8.33333333333333,6,10,1.60128153805087,0,2.12514076993644,2.82842712474619,0.561522442367321,"F4_R25",1.11966029051165,0.706508810356395,1.17015005204386,0.271391979495859,1.07286376482578,4.34057489723354,0.942534908700322,50,"very_hard"
1053,"-2:-1|-1:2|0:2|2:-2",4,TRUE,1,1,2,"mixed",2.32514076993644,2.82842712474619,3,4,2,2.12514076993644,3,8,1,25,0,TRUE,25,33554432,0,1,25,25,0.833333333333333,2,0.583333333333333,0.25,0.800640769025436,8.33333333333333,6,10,1.60128153805087,9,8,10,1.01015254455221,8.33333333333333,6,10,1.60128153805087,0,2.12514076993644,2.82842712474619,0.561522442367321,"F4_R25",1.11966029051165,0.706508810356395,1.17015005204386,0.271391979495859,1.07286376482578,4.34057489723354,0.942534908700322,50,"very_hard"
1328,"-1:-2|-1:0|1:2|2:1",4,TRUE,1,0,3,"mixed",1.92705098312484,2.23606797749979,2.5,3,2,2.12514076993644,3,8,1,25,0,TRUE,25,33554432,0,1,25,25,0.833333333333333,2,0.583333333333333,0.25,0.800640769025436,8.33333333333333,6,10,1.60128153805087,9,8,10,1.01015254455221,8.33333333333333,6,10,1.60128153805087,0,2.12514076993644,2.82842712474619,0.561522442367321,"F4_R25",1.11966029051165,0.706508810356395,1.17015005204386,0.271391979495859,1.07286376482578,4.34057489723354,0.942534908700322,50,"very_hard"
1406,"-1:-2|-1:-1|1:2|2:0",4,TRUE,1,1,2,"mixed",1.97158737934317,2.23606797749979,2.5,3,2,2.12514076993644,3,8,1,25,0,TRUE,25,33554432,0,1,25,25,0.833333333333333,2,0.583333333333333,0.25,0.800640769025436,8.33333333333333,6,10,1.60128153805087,9,8,10,1.01015254455221,8.33333333333333,6,10,1.60128153805087,0,2.12514076993644,2.82842712474619,0.561522442367321,"F4_R25",1.11966029051165,0.706508810356395,1.17015005204386,0.271391979495859,1.07286376482578,4.34057489723354,0.942534908700322,50,"very_hard"
608,"-1:-1|0:-2|2:-2|2:0",4,TRUE,2,2,0,"mixed",2.06066017177982,2.82842712474619,2.5,4,2,2.09574173292382,3,8,1,25,0,TRUE,25,33554432,0,1,25,25,0.833333333333333,2,0.666666666666667,0.166666666666667,0.688332449299089,8.33333333333333,6,10,1.37666489859818,10,10,10,0,8.33333333333333,6,10,1.37666489859818,0,2.09574173292382,2.82842712474619,0.480585972053891,"F4_R25",0.930368481543597,1.75502188559869,0.0523490600394965,0.271391979495859,1.07286376482578,4.08199517150343,0.93609022556391,60,"very_hard"
622,"-2:-1|0:-2|2:-2|2:0",4,TRUE,2,1,1,"mixed",2.26612377556149,2.82842712474619,2.75,4,2,2.09574173292382,3,8,1,25,0,TRUE,25,33554432,0,1,25,25,0.833333333333333,2,0.666666666666667,0.166666666666667,0.688332449299089,8.33333333333333,6,10,1.37666489859818,10,10,10,0,8.33333333333333,6,10,1.37666489859818,0,2.09574173292382,2.82842712474619,0.480585972053891,"F4_R25",0.930368481543597,1.75502188559869,0.0523490600394965,0.271391979495859,1.07286376482578,4.08199517150343,0.93609022556391,60,"very_hard"
357,"-1:-1|2:-2|2:-1|2:1",4,TRUE,0,2,2,"off_axis",2.17869416052972,2.82842712474619,3,4,2,2.07792717443648,3,8,1,25,0,TRUE,25,33554432,0,1,25,25,0.833333333333333,2,0.583333333333333,0.25,0.800640769025436,8.33333333333333,6,10,1.60128153805087,9,8,10,1.01015254455221,8.33333333333333,6,10,1.60128153805087,0,2.07792717443648,2.82842712474619,0.559978826721162,"F4_R25",0.815665744831999,0.706508810356395,1.17015005204386,0.271391979495859,1.07286376482578,4.0365803515539,0.932330827067669,62,"very_hard"
555,"-1:-1|2:-2|2:0|2:1",4,TRUE,1,2,1,"mixed",2.11967716615477,2.82842712474619,2.75,4,2,2.07792717443648,3,8,1,25,0,TRUE,25,33554432,0,1,25,25,0.833333333333333,2,0.583333333333333,0.25,0.800640769025436,8.33333333333333,6,10,1.60128153805087,9,8,10,1.01015254455221,8.33333333333333,6,10,1.60128153805087,0,2.07792717443648,2.82842712474619,0.559978826721162,"F4_R25",0.815665744831999,0.706508810356395,1.17015005204386,0.271391979495859,1.07286376482578,4.0365803515539,0.932330827067669,62,"very_hard"
633,"-2:-1|0:-2|0:2|2:-2",4,TRUE,2,1,1,"mixed",2.26612377556149,2.82842712474619,2.75,4,2,2.07792717443648,3,8,1,25,0,TRUE,25,33554432,0,1,25,25,0.833333333333333,2,0.583333333333333,0.25,0.800640769025436,8.33333333333333,6,10,1.60128153805087,9,8,10,1.01015254455221,8.33333333333333,6,10,1.60128153805087,0,2.07792717443648,2.82842712474619,0.559978826721162,"F4_R25",0.815665744831999,0.706508810356395,1.17015005204386,0.271391979495859,1.07286376482578,4.0365803515539,0.932330827067669,62,"very_hard"
941,"-2:-1|0:-1|0:2|2:-2",4,TRUE,2,1,1,"mixed",2.01612377556149,2.82842712474619,2.5,4,2,2.07792717443648,3,8,1,25,0,TRUE,25,33554432,0,1,25,25,0.833333333333333,2,0.583333333333333,0.25,0.800640769025436,8.33333333333333,6,10,1.60128153805087,9,8,10,1.01015254455221,8.33333333333333,6,10,1.60128153805087,0,2.07792717443648,2.82842712474619,0.559978826721162,"F4_R25",0.815665744831999,0.706508810356395,1.17015005204386,0.271391979495859,1.07286376482578,4.0365803515539,0.932330827067669,62,"very_hard"
1582,"-1:0|0:-2|1:2|2:0",4,TRUE,3,0,1,"mixed",1.80901699437495,2.23606797749979,2,3,2,2.07792717443648,3,8,1,25,0,TRUE,25,33554432,0,1,25,25,0.833333333333333,2,0.583333333333333,0.25,0.800640769025436,8.33333333333333,6,10,1.60128153805087,9,8,10,1.01015254455221,8.33333333333333,6,10,1.60128153805087,0,2.07792717443648,2.82842712474619,0.559978826721162,"F4_R25",0.815665744831999,0.706508810356395,1.17015005204386,0.271391979495859,1.07286376482578,4.0365803515539,0.932330827067669,62,"very_hard"
440,"-1:-1|-1:2|1:-2|2:-2",4,TRUE,0,2,2,"off_axis",2.17869416052972,2.82842712474619,3,4,2,2.0659048552118,3,8,1,25,0,TRUE,25,33554432,0,1,25,25,0.833333333333333,2,0.583333333333333,0.25,0.800640769025436,8.33333333333333,6,10,1.60128153805087,9,8,10,1.01015254455221,8.33333333333333,6,10,1.60128153805087,0,2.0659048552118,2.82842712474619,0.507758832969072,"F4_R25",0.738257544248626,0.706508810356395,1.17015005204386,0.271391979495859,1.07286376482578,3.95917215097052,0.924274973147154,67,"very_hard"
831,"-2:-1|-1:-2|-1:2|2:2",4,TRUE,0,1,3,"off_axis",2.38415776431139,2.82842712474619,3.25,4,2,2.0659048552118,3,8,1,25,0,TRUE,25,33554432,0,1,25,25,0.833333333333333,2,0.583333333333333,0.25,0.800640769025436,8.33333333333333,6,10,1.60128153805087,9,8,10,1.01015254455221,8.33333333333333,6,10,1.60128153805087,0,2.0659048552118,2.82842712474619,0.507758832969072,"F4_R25",0.738257544248626,0.706508810356395,1.17015005204386,0.271391979495859,1.07286376482578,3.95917215097052,0.924274973147154,67,"very_hard"
985,"-1:-2|0:1|1:-2|2:2",4,TRUE,1,1,2,"mixed",2.07514076993644,2.82842712474619,2.75,4,2,2.0659048552118,3,8,1,25,0,TRUE,25,33554432,0,1,25,25,0.833333333333333,2,0.583333333333333,0.25,0.800640769025436,8.33333333333333,6,10,1.60128153805087,9,8,10,1.01015254455221,8.33333333333333,6,10,1.60128153805087,0,2.0659048552118,2.82842712474619,0.507758832969072,"F4_R25",0.738257544248626,0.706508810356395,1.17015005204386,0.271391979495859,1.07286376482578,3.95917215097052,0.924274973147154,67,"very_hard"
1071,"-2:-1|-1:-2|0:-2|2:2",4,TRUE,1,1,2,"mixed",2.32514076993644,2.82842712474619,3,4,2,2.0659048552118,3,8,1,25,0,TRUE,25,33554432,0,1,25,25,0.833333333333333,2,0.583333333333333,0.25,0.800640769025436,8.33333333333333,6,10,1.60128153805087,9,8,10,1.01015254455221,8.33333333333333,6,10,1.60128153805087,0,2.0659048552118,2.82842712474619,0.507758832969072,"F4_R25",0.738257544248626,0.706508810356395,1.17015005204386,0.271391979495859,1.07286376482578,3.95917215097052,0.924274973147154,67,"very_hard"
1227,"-1:-2|0:1|1:-2|2:-1",4,TRUE,1,0,3,"mixed",1.92705098312484,2.23606797749979,2.5,3,2,2.0659048552118,3,8,1,25,0,TRUE,25,33554432,0,1,25,25,0.833333333333333,2,0.583333333333333,0.25,0.800640769025436,8.33333333333333,6,10,1.60128153805087,9,8,10,1.01015254455221,8.33333333333333,6,10,1.60128153805087,0,2.0659048552118,2.82842712474619,0.507758832969072,"F4_R25",0.738257544248626,0.706508810356395,1.17015005204386,0.271391979495859,1.07286376482578,3.95917215097052,0.924274973147154,67,"very_hard"
1239,"-1:-2|1:-1|2:-1|2:1",4,TRUE,0,1,3,"off_axis",2.03060437371812,2.23606797749979,2.75,3,2,2.0659048552118,3,8,1,25,0,TRUE,25,33554432,0,1,25,25,0.833333333333333,2,0.583333333333333,0.25,0.800640769025436,8.33333333333333,6,10,1.60128153805087,9,8,10,1.01015254455221,8.33333333333333,6,10,1.60128153805087,0,2.0659048552118,2.82842712474619,0.507758832969072,"F4_R25",0.738257544248626,0.706508810356395,1.17015005204386,0.271391979495859,1.07286376482578,3.95917215097052,0.924274973147154,67,"very_hard"
1460,"-1:-2|0:1|1:2|2:0",4,TRUE,2,0,2,"mixed",1.86803398874989,2.23606797749979,2.25,3,2,2.0659048552118,3,8,1,25,0,TRUE,25,33554432,0,1,25,25,0.833333333333333,2,0.583333333333333,0.25,0.800640769025436,8.33333333333333,6,10,1.60128153805087,9,8,10,1.01015254455221,8.33333333333333,6,10,1.60128153805087,0,2.0659048552118,2.82842712474619,0.507758832969072,"F4_R25",0.738257544248626,0.706508810356395,1.17015005204386,0.271391979495859,1.07286376482578,3.95917215097052,0.924274973147154,67,"very_hard"
1512,"-1:-1|1:-2|1:2|2:0",4,TRUE,1,1,2,"mixed",1.97158737934317,2.23606797749979,2.5,3,2,2.0659048552118,3,8,1,25,0,TRUE,25,33554432,0,1,25,25,0.833333333333333,2,0.583333333333333,0.25,0.800640769025436,8.33333333333333,6,10,1.60128153805087,9,8,10,1.01015254455221,8.33333333333333,6,10,1.60128153805087,0,2.0659048552118,2.82842712474619,0.507758832969072,"F4_R25",0.738257544248626,0.706508810356395,1.17015005204386,0.271391979495859,1.07286376482578,3.95917215097052,0.924274973147154,67,"very_hard"
1520,"-1:-2|-1:0|1:-1|2:1",4,TRUE,1,1,2,"mixed",1.72158737934317,2.23606797749979,2.25,3,2,2.0659048552118,3,8,1,25,0,TRUE,25,33554432,0,1,25,25,0.833333333333333,2,0.583333333333333,0.25,0.800640769025436,8.33333333333333,6,10,1.60128153805087,9,8,10,1.01015254455221,8.33333333333333,6,10,1.60128153805087,0,2.0659048552118,2.82842712474619,0.507758832969072,"F4_R25",0.738257544248626,0.706508810356395,1.17015005204386,0.271391979495859,1.07286376482578,3.95917215097052,0.924274973147154,67,"very_hard"
1556,"-2:-1|-1:2|0:-2|2:-1",4,TRUE,1,0,3,"mixed",2.17705098312484,2.23606797749979,2.75,3,2,2.0659048552118,3,8,1,25,0,TRUE,25,33554432,0,1,25,25,0.833333333333333,2,0.583333333333333,0.25,0.800640769025436,8.33333333333333,6,10,1.60128153805087,9,8,10,1.01015254455221,8.33333333333333,6,10,1.60128153805087,0,2.0659048552118,2.82842712474619,0.507758832969072,"F4_R25",0.738257544248626,0.706508810356395,1.17015005204386,0.271391979495859,1.07286376482578,3.95917215097052,0.924274973147154,67,"very_hard"
507,"-2:-1|-2:2|-1:2|0:-2",4,TRUE,1,1,2,"mixed",2.32514076993644,2.82842712474619,3,4,2,2.04229805746182,3,8,1,25,0,TRUE,25,33554432,0,1,25,25,0.833333333333333,2,0.583333333333333,0.25,0.800640769025436,8.33333333333333,6,10,1.60128153805087,9,8,10,1.01015254455221,8.33333333333333,6,10,1.60128153805087,0,2.04229805746182,2.82842712474619,0.504445398969847,"F4_R25",0.586260271408802,0.706508810356395,1.17015005204386,0.271391979495859,1.07286376482578,3.8071748781307,0.913533834586466,77,"very_hard"
735,"-2:-1|-2:2|-1:0|0:-2",4,TRUE,2,1,1,"mixed",2.01612377556149,2.82842712474619,2.5,4,2,2.04229805746182,3,8,1,25,0,TRUE,25,33554432,0,1,25,25,0.833333333333333,2,0.583333333333333,0.25,0.800640769025436,8.33333333333333,6,10,1.60128153805087,9,8,10,1.01015254455221,8.33333333333333,6,10,1.60128153805087,0,2.04229805746182,2.82842712474619,0.504445398969847,"F4_R25",0.586260271408802,0.706508810356395,1.17015005204386,0.271391979495859,1.07286376482578,3.8071748781307,0.913533834586466,77,"very_hard"
835,"-1:-2|-1:2|1:-2|2:2",4,TRUE,0,1,3,"off_axis",2.38415776431139,2.82842712474619,3.25,4,2,2.04229805746182,3,8,1,25,0,TRUE,25,33554432,0,1,25,25,0.833333333333333,2,0.583333333333333,0.25,0.800640769025436,8.33333333333333,6,10,1.60128153805087,9,8,10,1.01015254455221,8.33333333333333,6,10,1.60128153805087,0,2.04229805746182,2.82842712474619,0.504445398969847,"F4_R25",0.586260271408802,0.706508810356395,1.17015005204386,0.271391979495859,1.07286376482578,3.8071748781307,0.913533834586466,77,"very_hard"
1028,"-1:-1|-1:2|0:2|2:-2",4,TRUE,1,2,1,"mixed",2.11967716615477,2.82842712474619,2.75,4,2,2.04229805746182,3,8,1,25,0,TRUE,25,33554432,0,1,25,25,0.833333333333333,2,0.583333333333333,0.25,0.800640769025436,8.33333333333333,6,10,1.60128153805087,9,8,10,1.01015254455221,8.33333333333333,6,10,1.60128153805087,0,2.04229805746182,2.82842712474619,0.504445398969847,"F4_R25",0.586260271408802,0.706508810356395,1.17015005204386,0.271391979495859,1.07286376482578,3.8071748781307,0.913533834586466,77,"very_hard"
1091,"-1:-2|1:-2|2:-1|2:0",4,TRUE,1,0,3,"mixed",2.17705098312484,2.23606797749979,2.75,3,2,2.04229805746182,3,8,1,25,0,TRUE,25,33554432,0,1,25,25,0.833333333333333,2,0.583333333333333,0.25,0.800640769025436,8.33333333333333,6,10,1.60128153805087,9,8,10,1.01015254455221,8.33333333333333,6,10,1.60128153805087,0,2.04229805746182,2.82842712474619,0.504445398969847,"F4_R25",0.586260271408802,0.706508810356395,1.17015005204386,0.271391979495859,1.07286376482578,3.8071748781307,0.913533834586466,77,"very_hard"
1146,"-1:-1|-1:2|0:2|2:1",4,TRUE,1,1,2,"mixed",1.97158737934317,2.23606797749979,2.5,3,2,2.04229805746182,3,8,1,25,0,TRUE,25,33554432,0,1,25,25,0.833333333333333,2,0.583333333333333,0.25,0.800640769025436,8.33333333333333,6,10,1.60128153805087,9,8,10,1.01015254455221,8.33333333333333,6,10,1.60128153805087,0,2.04229805746182,2.82842712474619,0.504445398969847,"F4_R25",0.586260271408802,0.706508810356395,1.17015005204386,0.271391979495859,1.07286376482578,3.8071748781307,0.913533834586466,77,"very_hard"
1238,"-1:-2|-1:-1|1:-2|2:0",4,TRUE,1,1,2,"mixed",1.97158737934317,2.23606797749979,2.5,3,2,2.04229805746182,3,8,1,25,0,TRUE,25,33554432,0,1,25,25,0.833333333333333,2,0.583333333333333,0.25,0.800640769025436,8.33333333333333,6,10,1.60128153805087,9,8,10,1.01015254455221,8.33333333333333,6,10,1.60128153805087,0,2.04229805746182,2.82842712474619,0.504445398969847,"F4_R25",0.586260271408802,0.706508810356395,1.17015005204386,0.271391979495859,1.07286376482578,3.8071748781307,0.913533834586466,77,"very_hard"
1523,"-1:-1|-1:2|1:-2|1:0",4,TRUE,1,1,2,"mixed",1.72158737934317,2.23606797749979,2.25,3,2,2.04229805746182,3,8,1,25,0,TRUE,25,33554432,0,1,25,25,0.833333333333333,2,0.583333333333333,0.25,0.800640769025436,8.33333333333333,6,10,1.60128153805087,9,8,10,1.01015254455221,8.33333333333333,6,10,1.60128153805087,0,2.04229805746182,2.82842712474619,0.504445398969847,"F4_R25",0.586260271408802,0.706508810356395,1.17015005204386,0.271391979495859,1.07286376482578,3.8071748781307,0.913533834586466,77,"very_hard"
1562,"-1:-2|-1:0|0:2|2:-1",4,TRUE,2,0,2,"mixed",1.86803398874989,2.23606797749979,2.25,3,2,2.04229805746182,3,8,1,25,0,TRUE,25,33554432,0,1,25,25,0.833333333333333,2,0.583333333333333,0.25,0.800640769025436,8.33333333333333,6,10,1.60128153805087,9,8,10,1.01015254455221,8.33333333333333,6,10,1.60128153805087,0,2.04229805746182,2.82842712474619,0.504445398969847,"F4_R25",0.586260271408802,0.706508810356395,1.17015005204386,0.271391979495859,1.07286376482578,3.8071748781307,0.913533834586466,77,"very_hard"
1595,"-1:-2|-1:0|0:2|2:1",4,TRUE,2,0,2,"mixed",1.86803398874989,2.23606797749979,2.25,3,2,2.04229805746182,3,8,1,25,0,TRUE,25,33554432,0,1,25,25,0.833333333333333,2,0.583333333333333,0.25,0.800640769025436,8.33333333333333,6,10,1.60128153805087,9,8,10,1.01015254455221,8.33333333333333,6,10,1.60128153805087,0,2.04229805746182,2.82842712474619,0.504445398969847,"F4_R25",0.586260271408802,0.706508810356395,1.17015005204386,0.271391979495859,1.07286376482578,3.8071748781307,0.913533834586466,77,"very_hard"
621,"-2:-2|-1:1|0:2|2:2",4,TRUE,1,3,0,"mixed",2.26776695296637,2.82842712474619,3,4,2,2.0607698869111,2,8,1,25,0,TRUE,25,33554432,0,1,25,25,0.833333333333333,2,0.583333333333333,0.25,0.800640769025436,8.33333333333333,6,10,1.60128153805087,10,10,10,0,8.33333333333333,6,10,1.60128153805087,0,2.0607698869111,2.82842712474619,0.530437422427522,"F4_R25",0.705194983790766,1.75502188559869,1.17015005204386,0.271391979495859,-0.134755835195509,3.76700306573367,0.902792696025779,87,"very_hard"
699,"-1:-1|0:2|1:-2|2:2",4,TRUE,1,2,1,"mixed",2.11967716615477,2.82842712474619,2.75,4,2,2.0607698869111,2,8,1,25,0,TRUE,25,33554432,0,1,25,25,0.833333333333333,2,0.583333333333333,0.25,0.800640769025436,8.33333333333333,6,10,1.60128153805087,10,10,10,0,8.33333333333333,6,10,1.60128153805087,0,2.0607698869111,2.82842712474619,0.530437422427522,"F4_R25",0.705194983790766,1.75502188559869,1.17015005204386,0.271391979495859,-0.134755835195509,3.76700306573367,0.902792696025779,87,"very_hard"
722,"-1:-1|1:-1|2:-2|2:1",4,TRUE,0,3,1,"off_axis",1.97323055674804,2.82842712474619,2.75,4,2,2.0607698869111,2,8,1,25,0,TRUE,25,33554432,0,1,25,25,0.833333333333333,2,0.583333333333333,0.25,0.800640769025436,8.33333333333333,6,10,1.60128153805087,10,10,10,0,8.33333333333333,6,10,1.60128153805087,0,2.0607698869111,2.82842712474619,0.530437422427522,"F4_R25",0.705194983790766,1.75502188559869,1.17015005204386,0.271391979495859,-0.134755835195509,3.76700306573367,0.902792696025779,87,"very_hard"
766,"-1:-1|1:-2|2:-1|2:2",4,TRUE,0,2,2,"off_axis",2.17869416052972,2.82842712474619,3,4,2,2.0607698869111,2,8,1,25,0,TRUE,25,33554432,0,1,25,25,0.833333333333333,2,0.583333333333333,0.25,0.800640769025436,8.33333333333333,6,10,1.60128153805087,10,10,10,0,8.33333333333333,6,10,1.60128153805087,0,2.0607698869111,2.82842712474619,0.530437422427522,"F4_R25",0.705194983790766,1.75502188559869,1.17015005204386,0.271391979495859,-0.134755835195509,3.76700306573367,0.902792696025779,87,"very_hard"
770,"-2:-1|-1:-2|0:2|2:-2",4,TRUE,1,1,2,"mixed",2.32514076993644,2.82842712474619,3,4,2,2.0607698869111,2,8,1,25,0,TRUE,25,33554432,0,1,25,25,0.833333333333333,2,0.583333333333333,0.25,0.800640769025436,8.33333333333333,6,10,1.60128153805087,10,10,10,0,8.33333333333333,6,10,1.60128153805087,0,2.0607698869111,2.82842712474619,0.530437422427522,"F4_R25",0.705194983790766,1.75502188559869,1.17015005204386,0.271391979495859,-0.134755835195509,3.76700306573367,0.902792696025779,87,"very_hard"
812,"-1:-2|0:2|1:1|2:-2",4,TRUE,1,2,1,"mixed",2.11967716615477,2.82842712474619,2.75,4,2,2.0607698869111,2,8,1,25,0,TRUE,25,33554432,0,1,25,25,0.833333333333333,2,0.583333333333333,0.25,0.800640769025436,8.33333333333333,6,10,1.60128153805087,10,10,10,0,8.33333333333333,6,10,1.60128153805087,0,2.0607698869111,2.82842712474619,0.530437422427522,"F4_R25",0.705194983790766,1.75502188559869,1.17015005204386,0.271391979495859,-0.134755835195509,3.76700306573367,0.902792696025779,87,"very_hard"
905,"-2:-1|0:2|1:-1|2:-2",4,TRUE,1,2,1,"mixed",2.11967716615477,2.82842712474619,2.75,4,2,2.0607698869111,2,8,1,25,0,TRUE,25,33554432,0,1,25,25,0.833333333333333,2,0.583333333333333,0.25,0.800640769025436,8.33333333333333,6,10,1.60128153805087,10,10,10,0,8.33333333333333,6,10,1.60128153805087,0,2.0607698869111,2.82842712474619,0.530437422427522,"F4_R25",0.705194983790766,1.75502188559869,1.17015005204386,0.271391979495859,-0.134755835195509,3.76700306573367,0.902792696025779,87,"very_hard"
1312,"-1:-1|-1:1|1:-2|2:-1",4,TRUE,0,2,2,"off_axis",1.82514076993644,2.23606797749979,2.5,3,2,2.0607698869111,2,8,1,25,0,TRUE,25,33554432,0,1,25,25,0.833333333333333,2,0.583333333333333,0.25,0.800640769025436,8.33333333333333,6,10,1.60128153805087,10,10,10,0,8.33333333333333,6,10,1.60128153805087,0,2.0607698869111,2.82842712474619,0.530437422427522,"F4_R25",0.705194983790766,1.75502188559869,1.17015005204386,0.271391979495859,-0.134755835195509,3.76700306573367,0.902792696025779,87,"very_hard"
1533,"-1:-1|-1:2|1:1|2:0",4,TRUE,1,2,1,"mixed",1.76612377556149,2.23606797749979,2.25,3,2,2.0607698869111,2,8,1,25,0,TRUE,25,33554432,0,1,25,25,0.833333333333333,2,0.583333333333333,0.25,0.800640769025436,8.33333333333333,6,10,1.60128153805087,10,10,10,0,8.33333333333333,6,10,1.60128153805087,0,2.0607698869111,2.82842712474619,0.530437422427522,"F4_R25",0.705194983790766,1.75502188559869,1.17015005204386,0.271391979495859,-0.134755835195509,3.76700306573367,0.902792696025779,87,"very_hard"
1537,"-1:-2|0:2|1:-1|2:0",4,TRUE,2,1,1,"mixed",1.91257038496822,2.23606797749979,2.25,3,2,2.0607698869111,2,8,1,25,0,TRUE,25,33554432,0,1,25,25,0.833333333333333,2,0.583333333333333,0.25,0.800640769025436,8.33333333333333,6,10,1.60128153805087,10,10,10,0,8.33333333333333,6,10,1.60128153805087,0,2.0607698869111,2.82842712474619,0.530437422427522,"F4_R25",0.705194983790766,1.75502188559869,1.17015005204386,0.271391979495859,-0.134755835195509,3.76700306573367,0.902792696025779,87,"very_hard"
580,"-2:-2|-1:-1|0:-2|2:0",4,TRUE,2,2,0,"mixed",2.06066017177982,2.82842712474619,2.5,4,2,2.03716308916112,2,8,1,25,0,TRUE,25,33554432,0,1,25,25,0.833333333333333,2,0.583333333333333,0.25,0.800640769025436,8.33333333333333,6,10,1.60128153805087,10,10,10,0,8.33333333333333,6,10,1.60128153805087,0,2.03716308916112,2.82842712474619,0.527011014179131,"F4_R25",0.553197710950942,1.75502188559869,1.17015005204386,0.271391979495859,-0.134755835195509,3.61500579289384,0.892051557465091,97,"very_hard"
581,"-1:-2|1:-1|2:-2|2:0",4,TRUE,1,2,1,"mixed",2.11967716615477,2.82842712474619,2.75,4,2,2.03716308916112,2,8,1,25,0,TRUE,25,33554432,0,1,25,25,0.833333333333333,2,0.583333333333333,0.25,0.800640769025436,8.33333333333333,6,10,1.60128153805087,10,10,10,0,8.33333333333333,6,10,1.60128153805087,0,2.03716308916112,2.82842712474619,0.527011014179131,"F4_R25",0.553197710950942,1.75502188559869,1.17015005204386,0.271391979495859,-0.134755835195509,3.61500579289384,0.892051557465091,97,"very_hard"
611,"-2:-2|-2:0|-1:1|0:2",4,TRUE,2,2,0,"mixed",2.06066017177982,2.82842712474619,2.5,4,2,2.03716308916112,2,8,1,25,0,TRUE,25,33554432,0,1,25,25,0.833333333333333,2,0.583333333333333,0.25,0.800640769025436,8.33333333333333,6,10,1.60128153805087,10,10,10,0,8.33333333333333,6,10,1.60128153805087,0,2.03716308916112,2.82842712474619,0.527011014179131,"F4_R25",0.553197710950942,1.75502188559869,1.17015005204386,0.271391979495859,-0.134755835195509,3.61500579289384,0.892051557465091,97,"very_hard"
615,"-1:-1|-1:1|0:-2|2:-2",4,TRUE,1,3,0,"mixed",1.9142135623731,2.82842712474619,2.5,4,2,2.03716308916112,2,8,1,25,0,TRUE,25,33554432,0,1,25,25,0.833333333333333,2,0.583333333333333,0.25,0.800640769025436,8.33333333333333,6,10,1.60128153805087,10,10,10,0,8.33333333333333,6,10,1.60128153805087,0,2.03716308916112,2.82842712474619,0.527011014179131,"F4_R25",0.553197710950942,1.75502188559869,1.17015005204386,0.271391979495859,-0.134755835195509,3.61500579289384,0.892051557465091,97,"very_hard"
678,"-2:-1|-1:-2|2:-2|2:0",4,TRUE,1,1,2,"mixed",2.32514076993644,2.82842712474619,3,4,2,2.03716308916112,2,8,1,25,0,TRUE,25,33554432,0,1,25,25,0.833333333333333,2,0.583333333333333,0.25,0.800640769025436,8.33333333333333,6,10,1.60128153805087,10,10,10,0,8.33333333333333,6,10,1.60128153805087,0,2.03716308916112,2.82842712474619,0.527011014179131,"F4_R25",0.553197710950942,1.75502188559869,1.17015005204386,0.271391979495859,-0.134755835195509,3.61500579289384,0.892051557465091,97,"very_hard"
712,"-2:-1|-2:2|2:-2|2:0",4,TRUE,1,2,1,"mixed",2.47323055674804,2.82842712474619,3.25,4,2,2.03716308916112,2,8,1,25,0,TRUE,25,33554432,0,1,25,25,0.833333333333333,2,0.583333333333333,0.25,0.800640769025436,8.33333333333333,6,10,1.60128153805087,10,10,10,0,8.33333333333333,6,10,1.60128153805087,0,2.03716308916112,2.82842712474619,0.527011014179131,"F4_R25",0.553197710950942,1.75502188559869,1.17015005204386,0.271391979495859,-0.134755835195509,3.61500579289384,0.892051557465091,97,"very_hard"
825,"-1:-1|-1:2|0:-2|2:2",4,TRUE,1,2,1,"mixed",2.11967716615477,2.82842712474619,2.75,4,2,2.03716308916112,2,8,1,25,0,TRUE,25,33554432,0,1,25,25,0.833333333333333,2,0.583333333333333,0.25,0.800640769025436,8.33333333333333,6,10,1.60128153805087,10,10,10,0,8.33333333333333,6,10,1.60128153805087,0,2.03716308916112,2.82842712474619,0.527011014179131,"F4_R25",0.553197710950942,1.75502188559869,1.17015005204386,0.271391979495859,-0.134755835195509,3.61500579289384,0.892051557465091,97,"very_hard"
1545,"-1:-1|-1:1|1:-1|1:2",4,TRUE,0,3,1,"off_axis",1.61967716615477,2.23606797749979,2.25,3,2,2.03716308916112,2,8,1,25,0,TRUE,25,33554432,0,1,25,25,0.833333333333333,2,0.583333333333333,0.25,0.800640769025436,8.33333333333333,6,10,1.60128153805087,10,10,10,0,8.33333333333333,6,10,1.60128153805087,0,2.03716308916112,2.82842712474619,0.527011014179131,"F4_R25",0.553197710950942,1.75502188559869,1.17015005204386,0.271391979495859,-0.134755835195509,3.61500579289384,0.892051557465091,97,"very_hard"
1631,"-1:-1|-1:1|0:-2|2:1",4,TRUE,1,2,1,"mixed",1.76612377556149,2.23606797749979,2.25,3,2,2.03716308916112,2,8,1,25,0,TRUE,25,33554432,0,1,25,25,0.833333333333333,2,0.583333333333333,0.25,0.800640769025436,8.33333333333333,6,10,1.60128153805087,10,10,10,0,8.33333333333333,6,10,1.60128153805087,0,2.03716308916112,2.82842712474619,0.527011014179131,"F4_R25",0.553197710950942,1.75502188559869,1.17015005204386,0.271391979495859,-0.134755835195509,3.61500579289384,0.892051557465091,97,"very_hard"
1632,"-1:-1|-1:2|0:-2|2:0",4,TRUE,2,1,1,"mixed",1.91257038496822,2.23606797749979,2.25,3,2,2.03716308916112,2,8,1,25,0,TRUE,25,33554432,0,1,25,25,0.833333333333333,2,0.583333333333333,0.25,0.800640769025436,8.33333333333333,6,10,1.60128153805087,10,10,10,0,8.33333333333333,6,10,1.60128153805087,0,2.03716308916112,2.82842712474619,0.527011014179131,"F4_R25",0.553197710950942,1.75502188559869,1.17015005204386,0.271391979495859,-0.134755835195509,3.61500579289384,0.892051557465091,97,"very_hard"
467,"-1:-2|1:2|2:0|2:2",4,TRUE,1,1,2,"mixed",2.32514076993644,2.82842712474619,3,4,2,2.18371941369913,4,8,1,25,0,TRUE,25,33554432,0,1,25,25,0.833333333333333,2,0.75,0.0833333333333333,0.553694392684741,8.33333333333333,6,10,1.10738878536948,9,8,10,1.01015254455221,8.33333333333333,6,10,1.10738878536948,0,2.18371941369913,2.82842712474619,0.507027856163868,"F4_R25",1.4968310611043,0.706508810356395,-1.2876990647278,0.271391979495859,2.28048336484708,3.46751615107583,0.883995703544576,107,"very_hard"
647,"-1:-2|0:1|2:0|2:2",4,TRUE,2,1,1,"mixed",2.01612377556149,2.82842712474619,2.5,4,2,2.18371941369913,4,8,1,25,0,TRUE,25,33554432,0,1,25,25,0.833333333333333,2,0.75,0.0833333333333333,0.553694392684741,8.33333333333333,6,10,1.10738878536948,9,8,10,1.01015254455221,8.33333333333333,6,10,1.10738878536948,0,2.18371941369913,2.82842712474619,0.507027856163868,"F4_R25",1.4968310611043,0.706508810356395,-1.2876990647278,0.271391979495859,2.28048336484708,3.46751615107583,0.883995703544576,107,"very_hard"
805,"-1:-2|-1:2|2:-1|2:2",4,TRUE,0,1,3,"off_axis",2.38415776431139,2.82842712474619,3.25,4,2,2.18371941369913,4,8,1,25,0,TRUE,25,33554432,0,1,25,25,0.833333333333333,2,0.75,0.0833333333333333,0.553694392684741,8.33333333333333,6,10,1.10738878536948,9,8,10,1.01015254455221,8.33333333333333,6,10,1.10738878536948,0,2.18371941369913,2.82842712474619,0.507027856163868,"F4_R25",1.4968310611043,0.706508810356395,-1.2876990647278,0.271391979495859,2.28048336484708,3.46751615107583,0.883995703544576,107,"very_hard"
1070,"-2:-1|-2:0|0:-2|2:2",4,TRUE,2,1,1,"mixed",2.26612377556149,2.82842712474619,2.75,4,2,2.18371941369913,4,8,1,25,0,TRUE,25,33554432,0,1,25,25,0.833333333333333,2,0.75,0.0833333333333333,0.553694392684741,8.33333333333333,6,10,1.10738878536948,9,8,10,1.01015254455221,8.33333333333333,6,10,1.10738878536948,0,2.18371941369913,2.82842712474619,0.507027856163868,"F4_R25",1.4968310611043,0.706508810356395,-1.2876990647278,0.271391979495859,2.28048336484708,3.46751615107583,0.883995703544576,107,"very_hard"
1269,"-1:-2|-1:0|1:-2|2:1",4,TRUE,1,0,3,"mixed",1.92705098312484,2.23606797749979,2.5,3,2,2.18371941369913,4,8,1,25,0,TRUE,25,33554432,0,1,25,25,0.833333333333333,2,0.75,0.0833333333333333,0.553694392684741,8.33333333333333,6,10,1.10738878536948,9,8,10,1.01015254455221,8.33333333333333,6,10,1.10738878536948,0,2.18371941369913,2.82842712474619,0.507027856163868,"F4_R25",1.4968310611043,0.706508810356395,-1.2876990647278,0.271391979495859,2.28048336484708,3.46751615107583,0.883995703544576,107,"very_hard"
658,"-1:-2|0:-1|2:0|2:2",4,TRUE,2,1,1,"mixed",2.01612377556149,2.82842712474619,2.5,4,2,2.1607698869111,3,8,1,25,0,TRUE,25,33554432,0,1,25,25,0.833333333333333,2,0.666666666666667,0.166666666666667,0.688332449299089,8.33333333333333,6,10,1.37666489859818,9,8,10,1.01015254455221,8.33333333333333,6,10,1.37666489859818,0,2.1607698869111,2.82842712474619,0.606514171143573,"F4_R25",1.34906576393484,0.706508810356395,0.0523490600394965,0.271391979495859,1.07286376482578,3.45217937865238,0.878625134264232,112,"very_hard"
703,"-2:-1|0:2|2:-2|2:2",4,TRUE,1,2,1,"mixed",2.47323055674804,2.82842712474619,3.25,4,2,2.1607698869111,3,8,1,25,0,TRUE,25,33554432,0,1,25,25,0.833333333333333,2,0.666666666666667,0.166666666666667,0.688332449299089,8.33333333333333,6,10,1.37666489859818,9,8,10,1.01015254455221,8.33333333333333,6,10,1.37666489859818,0,2.1607698869111,2.82842712474619,0.606514171143573,"F4_R25",1.34906576393484,0.706508810356395,0.0523490600394965,0.271391979495859,1.07286376482578,3.45217937865238,0.878625134264232,112,"very_hard"
750,"-1:-2|-1:-1|2:-2|2:1",4,TRUE,0,2,2,"off_axis",2.17869416052972,2.82842712474619,3,4,2,2.1607698869111,3,8,1,25,0,TRUE,25,33554432,0,1,25,25,0.833333333333333,2,0.666666666666667,0.166666666666667,0.688332449299089,8.33333333333333,6,10,1.37666489859818,9,8,10,1.01015254455221,8.33333333333333,6,10,1.37666489859818,0,2.1607698869111,2.82842712474619,0.606514171143573,"F4_R25",1.34906576393484,0.706508810356395,0.0523490600394965,0.271391979495859,1.07286376482578,3.45217937865238,0.878625134264232,112,"very_hard"
786,"-1:-1|0:1|2:-2|2:1",4,TRUE,1,2,1,"mixed",1.86967716615477,2.82842712474619,2.5,4,2,2.1607698869111,3,8,1,25,0,TRUE,25,33554432,0,1,25,25,0.833333333333333,2,0.666666666666667,0.166666666666667,0.688332449299089,8.33333333333333,6,10,1.37666489859818,9,8,10,1.01015254455221,8.33333333333333,6,10,1.37666489859818,0,2.1607698869111,2.82842712474619,0.606514171143573,"F4_R25",1.34906576393484,0.706508810356395,0.0523490600394965,0.271391979495859,1.07286376482578,3.45217937865238,0.878625134264232,112,"very_hard"
1040,"-2:-1|-2:0|0:2|2:-2",4,TRUE,2,1,1,"mixed",2.26612377556149,2.82842712474619,2.75,4,2,2.1607698869111,3,8,1,25,0,TRUE,25,33554432,0,1,25,25,0.833333333333333,2,0.666666666666667,0.166666666666667,0.688332449299089,8.33333333333333,6,10,1.37666489859818,9,8,10,1.01015254455221,8.33333333333333,6,10,1.37666489859818,0,2.1607698869111,2.82842712474619,0.606514171143573,"F4_R25",1.34906576393484,0.706508810356395,0.0523490600394965,0.271391979495859,1.07286376482578,3.45217937865238,0.878625134264232,112,"very_hard"
482,"-1:-2|0:1|2:-2|2:-1",4,TRUE,1,1,2,"mixed",2.07514076993644,2.82842712474619,2.75,4,2,2.14295532842377,3,8,1,25,0,TRUE,25,33554432,0,1,25,25,0.833333333333333,2,0.583333333333333,0.25,0.800640769025436,8.33333333333333,6,10,1.60128153805087,8,6,10,2.02030508910442,8.33333333333333,6,10,1.60128153805087,0,2.14295532842377,2.82842712474619,0.67308779382795,"F4_R25",1.23436302722325,-0.342004264885899,1.17015005204386,0.271391979495859,1.07286376482578,3.40676455870285,0.873254564983888,117,"very_hard"
490,"-1:-2|-1:0|1:2|2:2",4,TRUE,1,1,2,"mixed",2.07514076993644,2.82842712474619,2.75,4,2,2.14295532842377,3,8,1,25,0,TRUE,25,33554432,0,1,25,25,0.833333333333333,2,0.583333333333333,0.25,0.800640769025436,8.33333333333333,6,10,1.60128153805087,8,6,10,2.02030508910442,8.33333333333333,6,10,1.60128153805087,0,2.14295532842377,2.82842712474619,0.67308779382795,"F4_R25",1.23436302722325,-0.342004264885899,1.17015005204386,0.271391979495859,1.07286376482578,3.40676455870285,0.873254564983888,117,"very_hard"
817,"-1:-2|0:1|2:-2|2:2",4,TRUE,1,2,1,"mixed",2.22323055674804,2.82842712474619,3,4,2,2.14295532842377,3,8,1,25,0,TRUE,25,33554432,0,1,25,25,0.833333333333333,2,0.583333333333333,0.25,0.800640769025436,8.33333333333333,6,10,1.60128153805087,8,6,10,2.02030508910442,8.33333333333333,6,10,1.60128153805087,0,2.14295532842377,2.82842712474619,0.67308779382795,"F4_R25",1.23436302722325,-0.342004264885899,1.17015005204386,0.271391979495859,1.07286376482578,3.40676455870285,0.873254564983888,117,"very_hard"
861,"-2:-2|-1:0|0:2|2:-2",4,TRUE,2,2,0,"mixed",2.16421356237309,2.82842712474619,2.75,4,2,2.14295532842377,3,8,1,25,0,TRUE,25,33554432,0,1,25,25,0.833333333333333,2,0.583333333333333,0.25,0.800640769025436,8.33333333333333,6,10,1.60128153805087,8,6,10,2.02030508910442,8.33333333333333,6,10,1.60128153805087,0,2.14295532842377,2.82842712474619,0.67308779382795,"F4_R25",1.23436302722325,-0.342004264885899,1.17015005204386,0.271391979495859,1.07286376482578,3.40676455870285,0.873254564983888,117,"very_hard"
1193,"-1:-2|-1:2|2:-1|2:0",4,TRUE,1,0,3,"mixed",2.17705098312484,2.23606797749979,2.75,3,2,2.14295532842377,3,8,1,25,0,TRUE,25,33554432,0,1,25,25,0.833333333333333,2,0.583333333333333,0.25,0.800640769025436,8.33333333333333,6,10,1.60128153805087,8,6,10,2.02030508910442,8.33333333333333,6,10,1.60128153805087,0,2.14295532842377,2.82842712474619,0.67308779382795,"F4_R25",1.23436302722325,-0.342004264885899,1.17015005204386,0.271391979495859,1.07286376482578,3.40676455870285,0.873254564983888,117,"very_hard"
638,"-1:-1|0:2|2:0|2:2",4,TRUE,2,2,0,"mixed",2.06066017177982,2.82842712474619,2.5,4,2,2.23716308916112,4,4,2,25,0,TRUE,25,33554432,0,1,25,25,0.833333333333333,2,0.583333333333333,0.25,0.800640769025436,8.33333333333333,6,10,1.60128153805087,10,10,10,0,8.33333333333333,6,10,1.60128153805087,0,2.23716308916112,2.82842712474619,0.4655955713982,"F4_R25",1.84093927123909,1.75502188559869,1.17015005204386,-3.68075372191259,2.28048336484708,3.36584085181613,0.868958109559613,122,"very_hard"
640,"-2:-2|-2:0|0:-2|2:2",4,TRUE,2,2,0,"mixed",2.41421356237309,2.82842712474619,3,4,2,2.23716308916112,4,4,2,25,0,TRUE,25,33554432,0,1,25,25,0.833333333333333,2,0.583333333333333,0.25,0.800640769025436,8.33333333333333,6,10,1.60128153805087,10,10,10,0,8.33333333333333,6,10,1.60128153805087,0,2.23716308916112,2.82842712474619,0.4655955713982,"F4_R25",1.84093927123909,1.75502188559869,1.17015005204386,-3.68075372191259,2.28048336484708,3.36584085181613,0.868958109559613,122,"very_hard"
804,"-1:-1|-1:2|2:-1|2:2",4,TRUE,0,2,2,"off_axis",2.17869416052972,2.82842712474619,3,4,2,2.23716308916112,4,4,2,25,0,TRUE,25,33554432,0,1,25,25,0.833333333333333,2,0.583333333333333,0.25,0.800640769025436,8.33333333333333,6,10,1.60128153805087,10,10,10,0,8.33333333333333,6,10,1.60128153805087,0,2.23716308916112,2.82842712474619,0.4655955713982,"F4_R25",1.84093927123909,1.75502188559869,1.17015005204386,-3.68075372191259,2.28048336484708,3.36584085181613,0.868958109559613,122,"very_hard"
359,"-1:-1|-1:2|1:2|2:2",4,TRUE,0,2,2,"off_axis",2.17869416052972,2.82842712474619,3,4,2,2.13716308916112,3,8,1,25,0,TRUE,25,33554432,0,1,25,25,0.833333333333333,2,0.666666666666667,0.166666666666667,0.688332449299089,8.33333333333333,6,10,1.37666489859818,9,8,10,1.01015254455221,8.33333333333333,6,10,1.37666489859818,0,2.13716308916112,2.82842712474619,0.607850429635522,"F4_R25",1.19706849109502,0.706508810356395,0.0523490600394965,0.271391979495859,1.07286376482578,3.30018210581255,0.864661654135338,125,"very_hard"
569,"-1:-1|2:-2|2:0|2:2",4,TRUE,1,3,0,"mixed",2.26776695296637,2.82842712474619,3,4,2,2.13716308916112,3,8,1,25,0,TRUE,25,33554432,0,1,25,25,0.833333333333333,2,0.666666666666667,0.166666666666667,0.688332449299089,8.33333333333333,6,10,1.37666489859818,9,8,10,1.01015254455221,8.33333333333333,6,10,1.37666489859818,0,2.13716308916112,2.82842712474619,0.607850429635522,"F4_R25",1.19706849109502,0.706508810356395,0.0523490600394965,0.271391979495859,1.07286376482578,3.30018210581255,0.864661654135338,125,"very_hard"
628,"-1:0|1:-2|2:0|2:2",4,TRUE,2,1,1,"mixed",2.01612377556149,2.82842712474619,2.5,4,2,2.13716308916112,3,8,1,25,0,TRUE,25,33554432,0,1,25,25,0.833333333333333,2,0.666666666666667,0.166666666666667,0.688332449299089,8.33333333333333,6,10,1.37666489859818,9,8,10,1.01015254455221,8.33333333333333,6,10,1.37666489859818,0,2.13716308916112,2.82842712474619,0.607850429635522,"F4_R25",1.19706849109502,0.706508810356395,0.0523490600394965,0.271391979495859,1.07286376482578,3.30018210581255,0.864661654135338,125,"very_hard"
696,"-2:-2|-1:0|2:0|2:2",4,TRUE,2,2,0,"mixed",2.16421356237309,2.82842712474619,2.75,4,2,2.13716308916112,3,8,1,25,0,TRUE,25,33554432,0,1,25,25,0.833333333333333,2,0.666666666666667,0.166666666666667,0.688332449299089,8.33333333333333,6,10,1.37666489859818,9,8,10,1.01015254455221,8.33333333333333,6,10,1.37666489859818,0,2.13716308916112,2.82842712474619,0.607850429635522,"F4_R25",1.19706849109502,0.706508810356395,0.0523490600394965,0.271391979495859,1.07286376482578,3.30018210581255,0.864661654135338,125,"very_hard"
1588,"-2:-1|0:-2|0:2|2:0",4,TRUE,3,0,1,"mixed",2.05901699437495,2.23606797749979,2.25,3,2,2.13716308916112,3,8,1,25,0,TRUE,25,33554432,0,1,25,25,0.833333333333333,2,0.666666666666667,0.166666666666667,0.688332449299089,8.33333333333333,6,10,1.37666489859818,9,8,10,1.01015254455221,8.33333333333333,6,10,1.37666489859818,0,2.13716308916112,2.82842712474619,0.607850429635522,"F4_R25",1.19706849109502,0.706508810356395,0.0523490600394965,0.271391979495859,1.07286376482578,3.30018210581255,0.864661654135338,125,"very_hard"
340,"-1:-2|2:0|2:1|2:2",4,TRUE,1,1,2,"mixed",2.32514076993644,2.82842712474619,3,4,2,2.11934853067379,3,8,1,25,0,TRUE,25,33554432,0,1,25,25,0.833333333333333,2,0.583333333333333,0.25,0.800640769025436,8.33333333333333,6,10,1.60128153805087,8,6,10,2.02030508910442,8.33333333333333,6,10,1.60128153805087,0,2.11934853067379,2.82842712474619,0.673598797117914,"F4_R25",1.08236575438342,-0.342004264885899,1.17015005204386,0.271391979495859,1.07286376482578,3.25476728586302,0.859291084854995,130,"very_hard"
379,"-1:-2|2:-2|2:1|2:2",4,TRUE,0,2,2,"off_axis",2.53224755112299,2.82842712474619,3.5,4,2,2.11934853067379,3,8,1,25,0,TRUE,25,33554432,0,1,25,25,0.833333333333333,2,0.583333333333333,0.25,0.800640769025436,8.33333333333333,6,10,1.60128153805087,8,6,10,2.02030508910442,8.33333333333333,6,10,1.60128153805087,0,2.11934853067379,2.82842712474619,0.673598797117914,"F4_R25",1.08236575438342,-0.342004264885899,1.17015005204386,0.271391979495859,1.07286376482578,3.25476728586302,0.859291084854995,130,"very_hard"
601,"-1:-2|1:0|2:0|2:2",4,TRUE,2,1,1,"mixed",2.01612377556149,2.82842712474619,2.5,4,2,2.11934853067379,3,8,1,25,0,TRUE,25,33554432,0,1,25,25,0.833333333333333,2,0.583333333333333,0.25,0.800640769025436,8.33333333333333,6,10,1.60128153805087,8,6,10,2.02030508910442,8.33333333333333,6,10,1.60128153805087,0,2.11934853067379,2.82842712474619,0.673598797117914,"F4_R25",1.08236575438342,-0.342004264885899,1.17015005204386,0.271391979495859,1.07286376482578,3.25476728586302,0.859291084854995,130,"very_hard"
972,"-1:-2|-1:0|1:0|2:2",4,TRUE,2,1,1,"mixed",1.76612377556149,2.82842712474619,2.25,4,2,2.11934853067379,3,8,1,25,0,TRUE,25,33554432,0,1,25,25,0.833333333333333,2,0.583333333333333,0.25,0.800640769025436,8.33333333333333,6,10,1.60128153805087,8,6,10,2.02030508910442,8.33333333333333,6,10,1.60128153805087,0,2.11934853067379,2.82842712474619,0.673598797117914,"F4_R25",1.08236575438342,-0.342004264885899,1.17015005204386,0.271391979495859,1.07286376482578,3.25476728586302,0.859291084854995,130,"very_hard"
1057,"-2:-2|0:1|0:2|2:0",4,TRUE,3,1,0,"mixed",1.95710678118655,2.82842712474619,2.25,4,2,2.11934853067379,3,8,1,25,0,TRUE,25,33554432,0,1,25,25,0.833333333333333,2,0.583333333333333,0.25,0.800640769025436,8.33333333333333,6,10,1.60128153805087,8,6,10,2.02030508910442,8.33333333333333,6,10,1.60128153805087,0,2.11934853067379,2.82842712474619,0.673598797117914,"F4_R25",1.08236575438342,-0.342004264885899,1.17015005204386,0.271391979495859,1.07286376482578,3.25476728586302,0.859291084854995,130,"very_hard"
1006,"-1:-1|0:-2|1:-1|2:2",4,TRUE,1,3,0,"mixed",1.9142135623731,2.82842712474619,2.5,4,2,1.97858444539843,2,8,1,25,0,TRUE,25,33554432,0,1,25,25,0.833333333333333,2,0.583333333333333,0.25,0.800640769025436,8.33333333333333,6,10,1.60128153805087,10,10,10,0,8.33333333333333,6,10,1.60128153805087,0,1.97858444539843,2.82842712474619,0.562932394231188,"F4_R25",0.176026940358286,1.75502188559869,1.17015005204386,0.271391979495859,-0.134755835195509,3.23783502230119,0.855531686358754,135,"very_hard"
1535,"-1:-1|0:-2|1:-1|2:1",4,TRUE,1,2,1,"mixed",1.76612377556149,2.23606797749979,2.25,3,2,1.97858444539843,2,8,1,25,0,TRUE,25,33554432,0,1,25,25,0.833333333333333,2,0.583333333333333,0.25,0.800640769025436,8.33333333333333,6,10,1.60128153805087,10,10,10,0,8.33333333333333,6,10,1.60128153805087,0,1.97858444539843,2.82842712474619,0.562932394231188,"F4_R25",0.176026940358286,1.75502188559869,1.17015005204386,0.271391979495859,-0.134755835195509,3.23783502230119,0.855531686358754,135,"very_hard"
335,"-2:-2|-1:-2|0:-2|2:0",4,TRUE,2,1,1,"mixed",2.26612377556149,2.82842712474619,2.75,4,2,2.09574173292382,3,8,1,25,0,TRUE,25,33554432,0,1,25,25,0.833333333333333,2,0.583333333333333,0.25,0.800640769025436,8.33333333333333,6,10,1.60128153805087,8,6,10,2.02030508910442,8.33333333333333,6,10,1.60128153805087,0,2.09574173292382,2.82842712474619,0.673190239647906,"F4_R25",0.930368481543597,-0.342004264885899,1.17015005204386,0.271391979495859,1.07286376482578,3.1027700130232,0.849087003222342,137,"very_hard"
354,"-1:-2|-1:0|1:-2|2:-2",4,TRUE,1,1,2,"mixed",2.07514076993644,2.82842712474619,2.75,4,2,2.09574173292382,3,8,1,25,0,TRUE,25,33554432,0,1,25,25,0.833333333333333,2,0.583333333333333,0.25,0.800640769025436,8.33333333333333,6,10,1.60128153805087,8,6,10,2.02030508910442,8.33333333333333,6,10,1.60128153805087,0,2.09574173292382,2.82842712474619,0.673190239647906,"F4_R25",0.930368481543597,-0.342004264885899,1.17015005204386,0.271391979495859,1.07286376482578,3.1027700130232,0.849087003222342,137,"very_hard"
374,"-2:-2|-1:-2|2:-2|2:0",4,TRUE,1,2,1,"mixed",2.47323055674804,2.82842712474619,3.25,4,2,2.09574173292382,3,8,1,25,0,TRUE,25,33554432,0,1,25,25,0.833333333333333,2,0.583333333333333,0.25,0.800640769025436,8.33333333333333,6,10,1.60128153805087,8,6,10,2.02030508910442,8.33333333333333,6,10,1.60128153805087,0,2.09574173292382,2.82842712474619,0.673190239647906,"F4_R25",0.930368481543597,-0.342004264885899,1.17015005204386,0.271391979495859,1.07286376482578,3.1027700130232,0.849087003222342,137,"very_hard"
457,"-1:0|1:-2|2:-2|2:0",4,TRUE,2,1,1,"mixed",2.01612377556149,2.82842712474619,2.5,4,2,2.09574173292382,3,8,1,25,0,TRUE,25,33554432,0,1,25,25,0.833333333333333,2,0.583333333333333,0.25,0.800640769025436,8.33333333333333,6,10,1.60128153805087,8,6,10,2.02030508910442,8.33333333333333,6,10,1.60128153805087,0,2.09574173292382,2.82842712474619,0.673190239647906,"F4_R25",0.930368481543597,-0.342004264885899,1.17015005204386,0.271391979495859,1.07286376482578,3.1027700130232,0.849087003222342,137,"very_hard"
567,"-2:-2|-1:0|0:-2|2:-2",4,TRUE,2,2,0,"mixed",2.16421356237309,2.82842712474619,2.75,4,2,2.09574173292382,3,8,1,25,0,TRUE,25,33554432,0,1,25,25,0.833333333333333,2,0.583333333333333,0.25,0.800640769025436,8.33333333333333,6,10,1.60128153805087,8,6,10,2.02030508910442,8.33333333333333,6,10,1.60128153805087,0,2.09574173292382,2.82842712474619,0.673190239647906,"F4_R25",0.930368481543597,-0.342004264885899,1.17015005204386,0.271391979495859,1.07286376482578,3.1027700130232,0.849087003222342,137,"very_hard"
597,"-1:-2|1:0|2:-2|2:0",4,TRUE,2,1,1,"mixed",2.01612377556149,2.82842712474619,2.5,4,2,2.09574173292382,3,8,1,25,0,TRUE,25,33554432,0,1,25,25,0.833333333333333,2,0.583333333333333,0.25,0.800640769025436,8.33333333333333,6,10,1.60128153805087,8,6,10,2.02030508910442,8.33333333333333,6,10,1.60128153805087,0,2.09574173292382,2.82842712474619,0.673190239647906,"F4_R25",0.930368481543597,-0.342004264885899,1.17015005204386,0.271391979495859,1.07286376482578,3.1027700130232,0.849087003222342,137,"very_hard"
653,"-2:-2|-2:0|0:1|0:2",4,TRUE,3,1,0,"mixed",1.95710678118655,2.82842712474619,2.25,4,2,2.09574173292382,3,8,1,25,0,TRUE,25,33554432,0,1,25,25,0.833333333333333,2,0.583333333333333,0.25,0.800640769025436,8.33333333333333,6,10,1.60128153805087,8,6,10,2.02030508910442,8.33333333333333,6,10,1.60128153805087,0,2.09574173292382,2.82842712474619,0.673190239647906,"F4_R25",0.930368481543597,-0.342004264885899,1.17015005204386,0.271391979495859,1.07286376482578,3.1027700130232,0.849087003222342,137,"very_hard"
692,"-2:-2|-1:0|2:-2|2:0",4,TRUE,2,2,0,"mixed",2.16421356237309,2.82842712474619,2.75,4,2,2.09574173292382,3,8,1,25,0,TRUE,25,33554432,0,1,25,25,0.833333333333333,2,0.583333333333333,0.25,0.800640769025436,8.33333333333333,6,10,1.60128153805087,8,6,10,2.02030508910442,8.33333333333333,6,10,1.60128153805087,0,2.09574173292382,2.82842712474619,0.673190239647906,"F4_R25",0.930368481543597,-0.342004264885899,1.17015005204386,0.271391979495859,1.07286376482578,3.1027700130232,0.849087003222342,137,"very_hard"
773,"-1:-2|-1:0|1:0|2:-2",4,TRUE,2,1,1,"mixed",1.76612377556149,2.82842712474619,2.25,4,2,2.09574173292382,3,8,1,25,0,TRUE,25,33554432,0,1,25,25,0.833333333333333,2,0.583333333333333,0.25,0.800640769025436,8.33333333333333,6,10,1.60128153805087,8,6,10,2.02030508910442,8.33333333333333,6,10,1.60128153805087,0,2.09574173292382,2.82842712474619,0.673190239647906,"F4_R25",0.930368481543597,-0.342004264885899,1.17015005204386,0.271391979495859,1.07286376482578,3.1027700130232,0.849087003222342,137,"very_hard"
1155,"-2:-1|-2:0|0:-2|0:2",4,TRUE,3,0,1,"mixed",2.05901699437495,2.23606797749979,2.25,3,2,2.09574173292382,3,8,1,25,0,TRUE,25,33554432,0,1,25,25,0.833333333333333,2,0.583333333333333,0.25,0.800640769025436,8.33333333333333,6,10,1.60128153805087,8,6,10,2.02030508910442,8.33333333333333,6,10,1.60128153805087,0,2.09574173292382,2.82842712474619,0.673190239647906,"F4_R25",0.930368481543597,-0.342004264885899,1.17015005204386,0.271391979495859,1.07286376482578,3.1027700130232,0.849087003222342,137,"very_hard"
463,"-1:-2|0:2|2:1|2:2",4,TRUE,1,1,2,"mixed",2.32514076993644,2.82842712474619,3,4,2,2.10153397218646,3,8,1,25,0,TRUE,25,33554432,0,1,25,25,0.833333333333333,2,0.666666666666667,0.166666666666667,0.688332449299089,8.33333333333333,6,10,1.37666489859818,9,8,10,1.01015254455221,8.33333333333333,6,10,1.37666489859818,0,2.10153397218646,2.82842712474619,0.561303011598098,"F4_R25",0.967663017671823,0.706508810356395,0.0523490600394965,0.271391979495859,1.07286376482578,3.07077663238936,0.841031149301826,147,"very_hard"
512,"-1:-1|-1:2|2:-2|2:-1",4,TRUE,0,2,2,"off_axis",2.17869416052972,2.82842712474619,3,4,2,2.10153397218646,3,8,1,25,0,TRUE,25,33554432,0,1,25,25,0.833333333333333,2,0.666666666666667,0.166666666666667,0.688332449299089,8.33333333333333,6,10,1.37666489859818,9,8,10,1.01015254455221,8.33333333333333,6,10,1.37666489859818,0,2.10153397218646,2.82842712474619,0.561303011598098,"F4_R25",0.967663017671823,0.706508810356395,0.0523490600394965,0.271391979495859,1.07286376482578,3.07077663238936,0.841031149301826,147,"very_hard"
651,"-1:-2|0:2|1:0|2:2",4,TRUE,2,1,1,"mixed",2.01612377556149,2.82842712474619,2.5,4,2,2.10153397218646,3,8,1,25,0,TRUE,25,33554432,0,1,25,25,0.833333333333333,2,0.666666666666667,0.166666666666667,0.688332449299089,8.33333333333333,6,10,1.37666489859818,9,8,10,1.01015254455221,8.33333333333333,6,10,1.37666489859818,0,2.10153397218646,2.82842712474619,0.561303011598098,"F4_R25",0.967663017671823,0.706508810356395,0.0523490600394965,0.271391979495859,1.07286376482578,3.07077663238936,0.841031149301826,147,"very_hard"
939,"-1:-2|1:-2|1:0|2:2",4,TRUE,1,1,2,"mixed",2.07514076993644,2.82842712474619,2.75,4,2,2.10153397218646,3,8,1,25,0,TRUE,25,33554432,0,1,25,25,0.833333333333333,2,0.666666666666667,0.166666666666667,0.688332449299089,8.33333333333333,6,10,1.37666489859818,9,8,10,1.01015254455221,8.33333333333333,6,10,1.37666489859818,0,2.10153397218646,2.82842712474619,0.561303011598098,"F4_R25",0.967663017671823,0.706508810356395,0.0523490600394965,0.271391979495859,1.07286376482578,3.07077663238936,0.841031149301826,147,"very_hard"
1158,"-1:-1|0:2|1:2|2:0",4,TRUE,2,1,1,"mixed",1.91257038496822,2.23606797749979,2.25,3,2,2.10153397218646,3,8,1,25,0,TRUE,25,33554432,0,1,25,25,0.833333333333333,2,0.666666666666667,0.166666666666667,0.688332449299089,8.33333333333333,6,10,1.37666489859818,9,8,10,1.01015254455221,8.33333333333333,6,10,1.37666489859818,0,2.10153397218646,2.82842712474619,0.561303011598098,"F4_R25",0.967663017671823,0.706508810356395,0.0523490600394965,0.271391979495859,1.07286376482578,3.07077663238936,0.841031149301826,147,"very_hard"
616,"-1:-2|1:-1|2:0|2:2",4,TRUE,1,2,1,"mixed",2.11967716615477,2.82842712474619,2.75,4,2,2.14295532842377,3,8,1,25,0,TRUE,25,33554432,0,1,25,25,0.833333333333333,2,0.75,0.0833333333333333,0.553694392684741,8.33333333333333,6,10,1.10738878536948,10,10,10,0,8.33333333333333,6,10,1.10738878536948,0,2.14295532842377,2.82842712474619,0.480442458550402,"F4_R25",1.23436302722325,1.75502188559869,-1.2876990647278,0.271391979495859,1.07286376482578,3.04594159241578,0.835660580021482,152,"very_hard"
704,"-2:-1|-1:2|2:-2|2:0",4,TRUE,1,1,2,"mixed",2.32514076993644,2.82842712474619,3,4,2,2.14295532842377,3,8,1,25,0,TRUE,25,33554432,0,1,25,25,0.833333333333333,2,0.75,0.0833333333333333,0.553694392684741,8.33333333333333,6,10,1.10738878536948,10,10,10,0,8.33333333333333,6,10,1.10738878536948,0,2.14295532842377,2.82842712474619,0.480442458550402,"F4_R25",1.23436302722325,1.75502188559869,-1.2876990647278,0.271391979495859,1.07286376482578,3.04594159241578,0.835660580021482,152,"very_hard"
763,"-1:-2|1:2|2:-2|2:1",4,TRUE,0,1,3,"off_axis",2.38415776431139,2.82842712474619,3.25,4,2,2.14295532842377,3,8,1,25,0,TRUE,25,33554432,0,1,25,25,0.833333333333333,2,0.75,0.0833333333333333,0.553694392684741,8.33333333333333,6,10,1.10738878536948,10,10,10,0,8.33333333333333,6,10,1.10738878536948,0,2.14295532842377,2.82842712474619,0.480442458550402,"F4_R25",1.23436302722325,1.75502188559869,-1.2876990647278,0.271391979495859,1.07286376482578,3.04594159241578,0.835660580021482,152,"very_hard"
1009,"-2:-2|-1:1|0:2|2:0",4,TRUE,2,2,0,"mixed",2.06066017177982,2.82842712474619,2.5,4,2,2.14295532842377,3,8,1,25,0,TRUE,25,33554432,0,1,25,25,0.833333333333333,2,0.75,0.0833333333333333,0.553694392684741,8.33333333333333,6,10,1.10738878536948,10,10,10,0,8.33333333333333,6,10,1.10738878536948,0,2.14295532842377,2.82842712474619,0.480442458550402,"F4_R25",1.23436302722325,1.75502188559869,-1.2876990647278,0.271391979495859,1.07286376482578,3.04594159241578,0.835660580021482,152,"very_hard"
1540,"-1:-1|-1:1|1:-2|2:1",4,TRUE,0,2,2,"off_axis",1.82514076993644,2.23606797749979,2.5,3,2,2.14295532842377,3,8,1,25,0,TRUE,25,33554432,0,1,25,25,0.833333333333333,2,0.75,0.0833333333333333,0.553694392684741,8.33333333333333,6,10,1.10738878536948,10,10,10,0,8.33333333333333,6,10,1.10738878536948,0,2.14295532842377,2.82842712474619,0.480442458550402,"F4_R25",1.23436302722325,1.75502188559869,-1.2876990647278,0.271391979495859,1.07286376482578,3.04594159241578,0.835660580021482,152,"very_hard"
585,"-1:-2|1:1|2:0|2:2",4,TRUE,1,2,1,"mixed",2.11967716615477,2.82842712474619,2.75,4,2,2.12000580163574,2,8,1,25,0,TRUE,25,33554432,0,1,25,25,0.833333333333333,2,0.666666666666667,0.166666666666667,0.688332449299089,8.33333333333333,6,10,1.37666489859818,10,10,10,0,8.33333333333333,6,10,1.37666489859818,0,2.12000580163574,2.82842712474619,0.582690503927722,"F4_R25",1.08659773005378,1.75502188559869,0.0523490600394965,0.271391979495859,-0.134755835195509,3.03060481999232,0.832438238453276,157,"very_hard"
751,"-1:-1|1:1|2:-2|2:1",4,TRUE,0,3,1,"off_axis",1.97323055674804,2.82842712474619,2.75,4,2,2.10219124314841,2,8,1,25,0,TRUE,25,33554432,0,1,25,25,0.833333333333333,2,0.583333333333333,0.25,0.800640769025436,8.33333333333333,6,10,1.60128153805087,9,8,10,1.01015254455221,8.33333333333333,6,10,1.60128153805087,0,2.10219124314841,2.82842712474619,0.650463063457386,"F4_R25",0.971894993342186,0.706508810356395,1.17015005204386,0.271391979495859,-0.134755835195509,2.98519000004279,0.82921589688507,158,"very_hard"
810,"-1:-2|1:1|2:-2|2:2",4,TRUE,0,3,1,"off_axis",2.32678394734132,2.82842712474619,3.25,4,2,2.10219124314841,2,8,1,25,0,TRUE,25,33554432,0,1,25,25,0.833333333333333,2,0.583333333333333,0.25,0.800640769025436,8.33333333333333,6,10,1.60128153805087,9,8,10,1.01015254455221,8.33333333333333,6,10,1.60128153805087,0,2.10219124314841,2.82842712474619,0.650463063457386,"F4_R25",0.971894993342186,0.706508810356395,1.17015005204386,0.271391979495859,-0.134755835195509,2.98519000004279,0.82921589688507,158,"very_hard"
912,"-1:-2|-1:0|1:1|2:2",4,TRUE,1,2,1,"mixed",1.86967716615477,2.82842712474619,2.5,4,2,2.10219124314841,2,8,1,25,0,TRUE,25,33554432,0,1,25,25,0.833333333333333,2,0.583333333333333,0.25,0.800640769025436,8.33333333333333,6,10,1.60128153805087,9,8,10,1.01015254455221,8.33333333333333,6,10,1.60128153805087,0,2.10219124314841,2.82842712474619,0.650463063457386,"F4_R25",0.971894993342186,0.706508810356395,1.17015005204386,0.271391979495859,-0.134755835195509,2.98519000004279,0.82921589688507,158,"very_hard"
1034,"-2:-1|-1:0|0:2|2:-2",4,TRUE,2,1,1,"mixed",2.01612377556149,2.82842712474619,2.5,4,2,2.10219124314841,2,8,1,25,0,TRUE,25,33554432,0,1,25,25,0.833333333333333,2,0.583333333333333,0.25,0.800640769025436,8.33333333333333,6,10,1.60128153805087,9,8,10,1.01015254455221,8.33333333333333,6,10,1.60128153805087,0,2.10219124314841,2.82842712474619,0.650463063457386,"F4_R25",0.971894993342186,0.706508810356395,1.17015005204386,0.271391979495859,-0.134755835195509,2.98519000004279,0.82921589688507,158,"very_hard"
1039,"-2:-1|-2:0|1:2|2:-2",4,TRUE,1,1,2,"mixed",2.32514076993644,2.82842712474619,3,4,2,2.10219124314841,2,8,1,25,0,TRUE,25,33554432,0,1,25,25,0.833333333333333,2,0.583333333333333,0.25,0.800640769025436,8.33333333333333,6,10,1.60128153805087,9,8,10,1.01015254455221,8.33333333333333,6,10,1.60128153805087,0,2.10219124314841,2.82842712474619,0.650463063457386,"F4_R25",0.971894993342186,0.706508810356395,1.17015005204386,0.271391979495859,-0.134755835195509,2.98519000004279,0.82921589688507,158,"very_hard"
466,"-2:-2|-2:-1|0:-2|2:0",4,TRUE,2,1,1,"mixed",2.26612377556149,2.82842712474619,2.75,4,2,2.07792717443648,3,8,1,25,0,TRUE,25,33554432,0,1,25,25,0.833333333333333,2,0.666666666666667,0.166666666666667,0.688332449299089,8.33333333333333,6,10,1.37666489859818,9,8,10,1.01015254455221,8.33333333333333,6,10,1.37666489859818,0,2.07792717443648,2.82842712474619,0.559978826721162,"F4_R25",0.815665744831999,0.706508810356395,0.0523490600394965,0.271391979495859,1.07286376482578,2.91877935954953,0.821160042964554,163,"very_hard"
625,"-2:-1|-2:0|0:-2|2:-2",4,TRUE,2,1,1,"mixed",2.26612377556149,2.82842712474619,2.75,4,2,2.07792717443648,3,8,1,25,0,TRUE,25,33554432,0,1,25,25,0.833333333333333,2,0.666666666666667,0.166666666666667,0.688332449299089,8.33333333333333,6,10,1.37666489859818,9,8,10,1.01015254455221,8.33333333333333,6,10,1.37666489859818,0,2.07792717443648,2.82842712474619,0.559978826721162,"F4_R25",0.815665744831999,0.706508810356395,0.0523490600394965,0.271391979495859,1.07286376482578,2.91877935954953,0.821160042964554,163,"very_hard"
643,"-1:-2|0:-1|2:-2|2:0",4,TRUE,2,1,1,"mixed",2.01612377556149,2.82842712474619,2.5,4,2,2.07792717443648,3,8,1,25,0,TRUE,25,33554432,0,1,25,25,0.833333333333333,2,0.666666666666667,0.166666666666667,0.688332449299089,8.33333333333333,6,10,1.37666489859818,9,8,10,1.01015254455221,8.33333333333333,6,10,1.37666489859818,0,2.07792717443648,2.82842712474619,0.559978826721162,"F4_R25",0.815665744831999,0.706508810356395,0.0523490600394965,0.271391979495859,1.07286376482578,2.91877935954953,0.821160042964554,163,"very_hard"
662,"-1:-2|-1:0|0:2|2:2",4,TRUE,2,1,1,"mixed",2.01612377556149,2.82842712474619,2.5,4,2,2.07792717443648,3,8,1,25,0,TRUE,25,33554432,0,1,25,25,0.833333333333333,2,0.666666666666667,0.166666666666667,0.688332449299089,8.33333333333333,6,10,1.37666489859818,9,8,10,1.01015254455221,8.33333333333333,6,10,1.37666489859818,0,2.07792717443648,2.82842712474619,0.559978826721162,"F4_R25",0.815665744831999,0.706508810356395,0.0523490600394965,0.271391979495859,1.07286376482578,2.91877935954953,0.821160042964554,163,"very_hard"
674,"-1:-2|-1:-1|2:-2|2:0",4,TRUE,1,2,1,"mixed",2.11967716615477,2.82842712474619,2.75,4,2,2.07792717443648,3,8,1,25,0,TRUE,25,33554432,0,1,25,25,0.833333333333333,2,0.666666666666667,0.166666666666667,0.688332449299089,8.33333333333333,6,10,1.37666489859818,9,8,10,1.01015254455221,8.33333333333333,6,10,1.37666489859818,0,2.07792717443648,2.82842712474619,0.559978826721162,"F4_R25",0.815665744831999,0.706508810356395,0.0523490600394965,0.271391979495859,1.07286376482578,2.91877935954953,0.821160042964554,163,"very_hard"
708,"-1:-2|0:2|2:-2|2:2",4,TRUE,1,2,1,"mixed",2.47323055674804,2.82842712474619,3.25,4,2,2.07792717443648,3,8,1,25,0,TRUE,25,33554432,0,1,25,25,0.833333333333333,2,0.666666666666667,0.166666666666667,0.688332449299089,8.33333333333333,6,10,1.37666489859818,9,8,10,1.01015254455221,8.33333333333333,6,10,1.37666489859818,0,2.07792717443648,2.82842712474619,0.559978826721162,"F4_R25",0.815665744831999,0.706508810356395,0.0523490600394965,0.271391979495859,1.07286376482578,2.91877935954953,0.821160042964554,163,"very_hard"
792,"-1:-2|-1:0|0:2|2:-2",4,TRUE,2,1,1,"mixed",2.01612377556149,2.82842712474619,2.5,4,2,2.07792717443648,3,8,1,25,0,TRUE,25,33554432,0,1,25,25,0.833333333333333,2,0.666666666666667,0.166666666666667,0.688332449299089,8.33333333333333,6,10,1.37666489859818,9,8,10,1.01015254455221,8.33333333333333,6,10,1.37666489859818,0,2.07792717443648,2.82842712474619,0.559978826721162,"F4_R25",0.815665744831999,0.706508810356395,0.0523490600394965,0.271391979495859,1.07286376482578,2.91877935954953,0.821160042964554,163,"very_hard"
1183,"-1:-1|-1:2|0:2|2:0",4,TRUE,2,1,1,"mixed",1.91257038496822,2.23606797749979,2.25,3,2,2.07792717443648,3,8,1,25,0,TRUE,25,33554432,0,1,25,25,0.833333333333333,2,0.666666666666667,0.166666666666667,0.688332449299089,8.33333333333333,6,10,1.37666489859818,9,8,10,1.01015254455221,8.33333333333333,6,10,1.37666489859818,0,2.07792717443648,2.82842712474619,0.559978826721162,"F4_R25",0.815665744831999,0.706508810356395,0.0523490600394965,0.271391979495859,1.07286376482578,2.91877935954953,0.821160042964554,163,"very_hard"
1199,"-1:-1|-1:2|0:2|2:-1",4,TRUE,1,1,2,"mixed",1.97158737934317,2.23606797749979,2.5,3,2,2.07792717443648,3,8,1,25,0,TRUE,25,33554432,0,1,25,25,0.833333333333333,2,0.666666666666667,0.166666666666667,0.688332449299089,8.33333333333333,6,10,1.37666489859818,9,8,10,1.01015254455221,8.33333333333333,6,10,1.37666489859818,0,2.07792717443648,2.82842712474619,0.559978826721162,"F4_R25",0.815665744831999,0.706508810356395,0.0523490600394965,0.271391979495859,1.07286376482578,2.91877935954953,0.821160042964554,163,"very_hard"
1268,"-1:-1|-1:2|1:0|1:2",4,TRUE,1,1,2,"mixed",1.72158737934317,2.23606797749979,2.25,3,2,2.07792717443648,3,8,1,25,0,TRUE,25,33554432,0,1,25,25,0.833333333333333,2,0.666666666666667,0.166666666666667,0.688332449299089,8.33333333333333,6,10,1.37666489859818,9,8,10,1.01015254455221,8.33333333333333,6,10,1.37666489859818,0,2.07792717443648,2.82842712474619,0.559978826721162,"F4_R25",0.815665744831999,0.706508810356395,0.0523490600394965,0.271391979495859,1.07286376482578,2.91877935954953,0.821160042964554,163,"very_hard"
358,"-1:-2|0:1|1:-2|2:-2",4,TRUE,1,1,2,"mixed",2.07514076993644,2.82842712474619,2.75,4,2,2.06011261594915,3,8,1,25,0,TRUE,25,33554432,0,1,25,25,0.833333333333333,2,0.583333333333333,0.25,0.800640769025436,8.33333333333333,6,10,1.60128153805087,8,8,8,0,8.33333333333333,6,10,1.60128153805087,0,2.06011261594915,2.82842712474619,0.628875548196174,"F4_R25",0.7009630081204,-0.342004264885899,1.17015005204386,0.271391979495859,1.07286376482578,2.8733645396,0.815252416756176,173,"very_hard"
516,"-1:-2|1:-1|1:2|2:2",4,TRUE,0,2,2,"off_axis",2.17869416052972,2.82842712474619,3,4,2,2.0659048552118,3,8,1,25,0,TRUE,25,33554432,0,1,25,25,0.833333333333333,2,0.666666666666667,0.166666666666667,0.688332449299089,8.33333333333333,6,10,1.37666489859818,9,8,10,1.01015254455221,8.33333333333333,6,10,1.37666489859818,0,2.0659048552118,2.82842712474619,0.507758832969072,"F4_R25",0.738257544248626,0.706508810356395,0.0523490600394965,0.271391979495859,1.07286376482578,2.84137115896616,0.809344790547798,174,"very_hard"
754,"-1:-2|1:-1|2:-1|2:2",4,TRUE,0,2,2,"off_axis",2.17869416052972,2.82842712474619,3,4,2,2.0659048552118,3,8,1,25,0,TRUE,25,33554432,0,1,25,25,0.833333333333333,2,0.666666666666667,0.166666666666667,0.688332449299089,8.33333333333333,6,10,1.37666489859818,9,8,10,1.01015254455221,8.33333333333333,6,10,1.37666489859818,0,2.0659048552118,2.82842712474619,0.507758832969072,"F4_R25",0.738257544248626,0.706508810356395,0.0523490600394965,0.271391979495859,1.07286376482578,2.84137115896616,0.809344790547798,174,"very_hard"
942,"-2:-1|-1:2|0:-1|2:-2",4,TRUE,1,1,2,"mixed",2.07514076993644,2.82842712474619,2.75,4,2,2.0659048552118,3,8,1,25,0,TRUE,25,33554432,0,1,25,25,0.833333333333333,2,0.666666666666667,0.166666666666667,0.688332449299089,8.33333333333333,6,10,1.37666489859818,9,8,10,1.01015254455221,8.33333333333333,6,10,1.37666489859818,0,2.0659048552118,2.82842712474619,0.507758832969072,"F4_R25",0.738257544248626,0.706508810356395,0.0523490600394965,0.271391979495859,1.07286376482578,2.84137115896616,0.809344790547798,174,"very_hard"
1041,"-2:-1|-2:0|-1:2|2:-2",4,TRUE,1,1,2,"mixed",2.32514076993644,2.82842712474619,3,4,2,2.0659048552118,3,8,1,25,0,TRUE,25,33554432,0,1,25,25,0.833333333333333,2,0.666666666666667,0.166666666666667,0.688332449299089,8.33333333333333,6,10,1.37666489859818,9,8,10,1.01015254455221,8.33333333333333,6,10,1.37666489859818,0,2.0659048552118,2.82842712474619,0.507758832969072,"F4_R25",0.738257544248626,0.706508810356395,0.0523490600394965,0.271391979495859,1.07286376482578,2.84137115896616,0.809344790547798,174,"very_hard"
1148,"-1:-1|1:-2|2:0|2:1",4,TRUE,1,1,2,"mixed",1.97158737934317,2.23606797749979,2.5,3,2,2.0659048552118,3,8,1,25,0,TRUE,25,33554432,0,1,25,25,0.833333333333333,2,0.666666666666667,0.166666666666667,0.688332449299089,8.33333333333333,6,10,1.37666489859818,9,8,10,1.01015254455221,8.33333333333333,6,10,1.37666489859818,0,2.0659048552118,2.82842712474619,0.507758832969072,"F4_R25",0.738257544248626,0.706508810356395,0.0523490600394965,0.271391979495859,1.07286376482578,2.84137115896616,0.809344790547798,174,"very_hard"
1232,"-1:-2|-1:2|1:-2|2:-1",4,TRUE,0,0,4,"off_axis",2.23606797749979,2.23606797749979,3,3,2,2.0659048552118,3,8,1,25,0,TRUE,25,33554432,0,1,25,25,0.833333333333333,2,0.666666666666667,0.166666666666667,0.688332449299089,8.33333333333333,6,10,1.37666489859818,9,8,10,1.01015254455221,8.33333333333333,6,10,1.37666489859818,0,2.0659048552118,2.82842712474619,0.507758832969072,"F4_R25",0.738257544248626,0.706508810356395,0.0523490600394965,0.271391979495859,1.07286376482578,2.84137115896616,0.809344790547798,174,"very_hard"
1277,"-1:-2|1:-2|1:2|2:1",4,TRUE,0,0,4,"off_axis",2.23606797749979,2.23606797749979,3,3,2,2.0659048552118,3,8,1,25,0,TRUE,25,33554432,0,1,25,25,0.833333333333333,2,0.666666666666667,0.166666666666667,0.688332449299089,8.33333333333333,6,10,1.37666489859818,9,8,10,1.01015254455221,8.33333333333333,6,10,1.37666489859818,0,2.0659048552118,2.82842712474619,0.507758832969072,"F4_R25",0.738257544248626,0.706508810356395,0.0523490600394965,0.271391979495859,1.07286376482578,2.84137115896616,0.809344790547798,174,"very_hard"
1485,"-1:-2|0:-1|1:2|2:0",4,TRUE,2,0,2,"mixed",1.86803398874989,2.23606797749979,2.25,3,2,2.0659048552118,3,8,1,25,0,TRUE,25,33554432,0,1,25,25,0.833333333333333,2,0.666666666666667,0.166666666666667,0.688332449299089,8.33333333333333,6,10,1.37666489859818,9,8,10,1.01015254455221,8.33333333333333,6,10,1.37666489859818,0,2.0659048552118,2.82842712474619,0.507758832969072,"F4_R25",0.738257544248626,0.706508810356395,0.0523490600394965,0.271391979495859,1.07286376482578,2.84137115896616,0.809344790547798,174,"very_hard"
1539,"-1:-1|0:1|1:-2|2:1",4,TRUE,1,1,2,"mixed",1.72158737934317,2.23606797749979,2.25,3,2,2.0659048552118,3,8,1,25,0,TRUE,25,33554432,0,1,25,25,0.833333333333333,2,0.666666666666667,0.166666666666667,0.688332449299089,8.33333333333333,6,10,1.37666489859818,9,8,10,1.01015254455221,8.33333333333333,6,10,1.37666489859818,0,2.0659048552118,2.82842712474619,0.507758832969072,"F4_R25",0.738257544248626,0.706508810356395,0.0523490600394965,0.271391979495859,1.07286376482578,2.84137115896616,0.809344790547798,174,"very_hard"
1555,"-1:0|0:-2|1:2|2:-1",4,TRUE,2,0,2,"mixed",1.86803398874989,2.23606797749979,2.25,3,2,2.0659048552118,3,8,1,25,0,TRUE,25,33554432,0,1,25,25,0.833333333333333,2,0.666666666666667,0.166666666666667,0.688332449299089,8.33333333333333,6,10,1.37666489859818,9,8,10,1.01015254455221,8.33333333333333,6,10,1.37666489859818,0,2.0659048552118,2.82842712474619,0.507758832969072,"F4_R25",0.738257544248626,0.706508810356395,0.0523490600394965,0.271391979495859,1.07286376482578,2.84137115896616,0.809344790547798,174,"very_hard"
353,"-1:-2|1:-2|1:0|2:-2",4,TRUE,1,1,2,"mixed",2.07514076993644,2.82842712474619,2.75,4,2,2.03650581819918,3,8,1,25,0,TRUE,25,33554432,0,1,25,25,0.833333333333333,2,0.583333333333333,0.25,0.800640769025436,8.33333333333333,6,10,1.60128153805087,8,6,10,2.02030508910442,8.33333333333333,6,10,1.60128153805087,0,2.03650581819918,2.82842712474619,0.625960641681523,"F4_R25",0.548965735280577,-0.342004264885899,1.17015005204386,0.271391979495859,1.07286376482578,2.72136726676018,0.798603651987111,184,"hard"
371,"-2:-2|-2:-1|-2:2|0:-2",4,TRUE,1,2,1,"mixed",2.47323055674804,2.82842712474619,3.25,4,2,2.03650581819918,3,8,1,25,0,TRUE,25,33554432,0,1,25,25,0.833333333333333,2,0.583333333333333,0.25,0.800640769025436,8.33333333333333,6,10,1.60128153805087,8,6,10,2.02030508910442,8.33333333333333,6,10,1.60128153805087,0,2.03650581819918,2.82842712474619,0.625960641681523,"F4_R25",0.548965735280577,-0.342004264885899,1.17015005204386,0.271391979495859,1.07286376482578,2.72136726676018,0.798603651987111,184,"hard"
458,"-2:-2|-2:-1|0:-2|0:2",4,TRUE,2,1,1,"mixed",2.26612377556149,2.82842712474619,2.75,4,2,2.03650581819918,3,8,1,25,0,TRUE,25,33554432,0,1,25,25,0.833333333333333,2,0.583333333333333,0.25,0.800640769025436,8.33333333333333,6,10,1.60128153805087,8,6,10,2.02030508910442,8.33333333333333,6,10,1.60128153805087,0,2.03650581819918,2.82842712474619,0.625960641681523,"F4_R25",0.548965735280577,-0.342004264885899,1.17015005204386,0.271391979495859,1.07286376482578,2.72136726676018,0.798603651987111,184,"hard"
470,"-2:-2|-1:-2|-1:0|2:0",4,TRUE,2,1,1,"mixed",2.01612377556149,2.82842712474619,2.5,4,2,2.03650581819918,3,8,1,25,0,TRUE,25,33554432,0,1,25,25,0.833333333333333,2,0.583333333333333,0.25,0.800640769025436,8.33333333333333,6,10,1.60128153805087,8,6,10,2.02030508910442,8.33333333333333,6,10,1.60128153805087,0,2.03650581819918,2.82842712474619,0.625960641681523,"F4_R25",0.548965735280577,-0.342004264885899,1.17015005204386,0.271391979495859,1.07286376482578,2.72136726676018,0.798603651987111,184,"hard"
551,"-1:-2|0:-2|1:0|2:-2",4,TRUE,2,1,1,"mixed",2.01612377556149,2.82842712474619,2.5,4,2,2.03650581819918,3,8,1,25,0,TRUE,25,33554432,0,1,25,25,0.833333333333333,2,0.583333333333333,0.25,0.800640769025436,8.33333333333333,6,10,1.60128153805087,8,6,10,2.02030508910442,8.33333333333333,6,10,1.60128153805087,0,2.03650581819918,2.82842712474619,0.625960641681523,"F4_R25",0.548965735280577,-0.342004264885899,1.17015005204386,0.271391979495859,1.07286376482578,2.72136726676018,0.798603651987111,184,"hard"
641,"-1:0|0:-2|1:0|2:-2",4,TRUE,3,1,0,"mixed",1.70710678118655,2.82842712474619,2,4,2,2.03650581819918,3,8,1,25,0,TRUE,25,33554432,0,1,25,25,0.833333333333333,2,0.583333333333333,0.25,0.800640769025436,8.33333333333333,6,10,1.60128153805087,8,6,10,2.02030508910442,8.33333333333333,6,10,1.60128153805087,0,2.03650581819918,2.82842712474619,0.625960641681523,"F4_R25",0.548965735280577,-0.342004264885899,1.17015005204386,0.271391979495859,1.07286376482578,2.72136726676018,0.798603651987111,184,"hard"
784,"-2:-1|-2:2|0:-2|0:-1",4,TRUE,2,1,1,"mixed",2.01612377556149,2.82842712474619,2.5,4,2,2.03650581819918,3,8,1,25,0,TRUE,25,33554432,0,1,25,25,0.833333333333333,2,0.583333333333333,0.25,0.800640769025436,8.33333333333333,6,10,1.60128153805087,8,6,10,2.02030508910442,8.33333333333333,6,10,1.60128153805087,0,2.03650581819918,2.82842712474619,0.625960641681523,"F4_R25",0.548965735280577,-0.342004264885899,1.17015005204386,0.271391979495859,1.07286376482578,2.72136726676018,0.798603651987111,184,"hard"
1076,"-1:-2|0:-2|1:-2|2:0",4,TRUE,2,0,2,"mixed",2.11803398874989,2.23606797749979,2.5,3,2,2.03650581819918,3,8,1,25,0,TRUE,25,33554432,0,1,25,25,0.833333333333333,2,0.583333333333333,0.25,0.800640769025436,8.33333333333333,6,10,1.60128153805087,8,6,10,2.02030508910442,8.33333333333333,6,10,1.60128153805087,0,2.03650581819918,2.82842712474619,0.625960641681523,"F4_R25",0.548965735280577,-0.342004264885899,1.17015005204386,0.271391979495859,1.07286376482578,2.72136726676018,0.798603651987111,184,"hard"
1154,"-1:0|0:-2|1:-2|2:0",4,TRUE,3,0,1,"mixed",1.80901699437495,2.23606797749979,2,3,2,2.03650581819918,3,8,1,25,0,TRUE,25,33554432,0,1,25,25,0.833333333333333,2,0.583333333333333,0.25,0.800640769025436,8.33333333333333,6,10,1.60128153805087,8,6,10,2.02030508910442,8.33333333333333,6,10,1.60128153805087,0,2.03650581819918,2.82842712474619,0.625960641681523,"F4_R25",0.548965735280577,-0.342004264885899,1.17015005204386,0.271391979495859,1.07286376482578,2.72136726676018,0.798603651987111,184,"hard"
1254,"-1:-2|1:-2|1:0|2:0",4,TRUE,2,0,2,"mixed",1.86803398874989,2.23606797749979,2.25,3,2,2.03650581819918,3,8,1,25,0,TRUE,25,33554432,0,1,25,25,0.833333333333333,2,0.583333333333333,0.25,0.800640769025436,8.33333333333333,6,10,1.60128153805087,8,6,10,2.02030508910442,8.33333333333333,6,10,1.60128153805087,0,2.03650581819918,2.82842712474619,0.625960641681523,"F4_R25",0.548965735280577,-0.342004264885899,1.17015005204386,0.271391979495859,1.07286376482578,2.72136726676018,0.798603651987111,184,"hard"
767,"-1:-2|1:-2|2:-1|2:2",4,TRUE,0,1,3,"off_axis",2.38415776431139,2.82842712474619,3.25,4,2,2.08371941369913,3,8,1,25,0,TRUE,25,33554432,0,1,25,25,0.833333333333333,2,0.75,0.0833333333333333,0.553694392684741,8.33333333333333,6,10,1.10738878536948,10,10,10,0,8.33333333333333,6,10,1.10738878536948,0,2.08371941369913,2.82842712474619,0.419143842948326,"F4_R25",0.852960280960224,1.75502188559869,-1.2876990647278,0.271391979495859,1.07286376482578,2.66453884615276,0.790547798066595,194,"hard"
1010,"-2:-1|0:-2|1:-1|2:2",4,TRUE,1,2,1,"mixed",2.11967716615477,2.82842712474619,2.75,4,2,2.08371941369913,3,8,1,25,0,TRUE,25,33554432,0,1,25,25,0.833333333333333,2,0.75,0.0833333333333333,0.553694392684741,8.33333333333333,6,10,1.10738878536948,10,10,10,0,8.33333333333333,6,10,1.10738878536948,0,2.08371941369913,2.82842712474619,0.419143842948326,"F4_R25",0.852960280960224,1.75502188559869,-1.2876990647278,0.271391979495859,1.07286376482578,2.66453884615276,0.790547798066595,194,"hard"
1278,"-1:-2|0:2|1:-2|2:1",4,TRUE,1,0,3,"mixed",2.17705098312484,2.23606797749979,2.75,3,2,2.08371941369913,3,8,1,25,0,TRUE,25,33554432,0,1,25,25,0.833333333333333,2,0.75,0.0833333333333333,0.553694392684741,8.33333333333333,6,10,1.10738878536948,10,10,10,0,8.33333333333333,6,10,1.10738878536948,0,2.08371941369913,2.82842712474619,0.419143842948326,"F4_R25",0.852960280960224,1.75502188559869,-1.2876990647278,0.271391979495859,1.07286376482578,2.66453884615276,0.790547798066595,194,"hard"
1510,"-1:-1|-1:1|1:-2|2:0",4,TRUE,1,2,1,"mixed",1.76612377556149,2.23606797749979,2.25,3,2,2.08371941369913,3,8,1,25,0,TRUE,25,33554432,0,1,25,25,0.833333333333333,2,0.75,0.0833333333333333,0.553694392684741,8.33333333333333,6,10,1.10738878536948,10,10,10,0,8.33333333333333,6,10,1.10738878536948,0,2.08371941369913,2.82842712474619,0.419143842948326,"F4_R25",0.852960280960224,1.75502188559869,-1.2876990647278,0.271391979495859,1.07286376482578,2.66453884615276,0.790547798066595,194,"hard"
1538,"-1:-2|1:-1|1:2|2:0",4,TRUE,1,1,2,"mixed",1.97158737934317,2.23606797749979,2.5,3,2,2.08371941369913,3,8,1,25,0,TRUE,25,33554432,0,1,25,25,0.833333333333333,2,0.75,0.0833333333333333,0.553694392684741,8.33333333333333,6,10,1.10738878536948,10,10,10,0,8.33333333333333,6,10,1.10738878536948,0,2.08371941369913,2.82842712474619,0.419143842948326,"F4_R25",0.852960280960224,1.75502188559869,-1.2876990647278,0.271391979495859,1.07286376482578,2.66453884615276,0.790547798066595,194,"hard"
392,"-1:-2|1:2|2:1|2:2",4,TRUE,0,1,3,"off_axis",2.38415776431139,2.82842712474619,3.25,4,2,2.02514076993644,3,8,1,25,0,TRUE,25,33554432,0,1,25,25,0.833333333333333,2,0.583333333333333,0.25,0.800640769025436,8.33333333333333,6,10,1.60128153805087,8,8,8,0,8.33333333333333,6,10,1.60128153805087,0,2.02514076993644,2.82842712474619,0.665669973236015,"F4_R25",0.47578951036757,-0.342004264885899,1.17015005204386,0.271391979495859,1.07286376482578,2.64819104184717,0.785177228786251,199,"hard"
532,"-2:-1|-1:2|2:-2|2:-1",4,TRUE,0,1,3,"off_axis",2.38415776431139,2.82842712474619,3.25,4,2,2.02514076993644,3,8,1,25,0,TRUE,25,33554432,0,1,25,25,0.833333333333333,2,0.583333333333333,0.25,0.800640769025436,8.33333333333333,6,10,1.60128153805087,8,8,8,0,8.33333333333333,6,10,1.60128153805087,0,2.02514076993644,2.82842712474619,0.665669973236015,"F4_R25",0.47578951036757,-0.342004264885899,1.17015005204386,0.271391979495859,1.07286376482578,2.64819104184717,0.785177228786251,199,"hard"
928,"-1:-2|1:-1|1:0|2:2",4,TRUE,1,2,1,"mixed",1.86967716615477,2.82842712474619,2.5,4,2,2.02514076993644,3,8,1,25,0,TRUE,25,33554432,0,1,25,25,0.833333333333333,2,0.583333333333333,0.25,0.800640769025436,8.33333333333333,6,10,1.60128153805087,8,8,8,0,8.33333333333333,6,10,1.60128153805087,0,2.02514076993644,2.82842712474619,0.665669973236015,"F4_R25",0.47578951036757,-0.342004264885899,1.17015005204386,0.271391979495859,1.07286376482578,2.64819104184717,0.785177228786251,199,"hard"
946,"-1:-2|0:1|1:0|2:2",4,TRUE,2,1,1,"mixed",1.76612377556149,2.82842712474619,2.25,4,2,2.02514076993644,3,8,1,25,0,TRUE,25,33554432,0,1,25,25,0.833333333333333,2,0.583333333333333,0.25,0.800640769025436,8.33333333333333,6,10,1.60128153805087,8,8,8,0,8.33333333333333,6,10,1.60128153805087,0,2.02514076993644,2.82842712474619,0.665669973236015,"F4_R25",0.47578951036757,-0.342004264885899,1.17015005204386,0.271391979495859,1.07286376482578,2.64819104184717,0.785177228786251,199,"hard"
1525,"-1:-1|-1:0|1:-2|2:1",4,TRUE,1,1,2,"mixed",1.72158737934317,2.23606797749979,2.25,3,2,2.02514076993644,3,8,1,25,0,TRUE,25,33554432,0,1,25,25,0.833333333333333,2,0.583333333333333,0.25,0.800640769025436,8.33333333333333,6,10,1.60128153805087,8,8,8,0,8.33333333333333,6,10,1.60128153805087,0,2.02514076993644,2.82842712474619,0.665669973236015,"F4_R25",0.47578951036757,-0.342004264885899,1.17015005204386,0.271391979495859,1.07286376482578,2.64819104184717,0.785177228786251,199,"hard"
447,"-1:-1|1:2|2:-2|2:-1",4,TRUE,0,2,2,"off_axis",2.17869416052972,2.82842712474619,3,4,2,2.04295532842377,2,8,1,25,0,TRUE,25,33554432,0,1,25,25,0.833333333333333,2,0.583333333333333,0.25,0.800640769025436,8.33333333333333,6,10,1.60128153805087,9,8,10,1.01015254455221,8.33333333333333,6,10,1.60128153805087,0,2.04295532842377,2.82842712474619,0.60215679580886,"F4_R25",0.590492247079168,0.706508810356395,1.17015005204386,0.271391979495859,-0.134755835195509,2.60378725377977,0.779806659505908,204,"hard"
756,"-1:-2|-1:-1|1:2|2:-2",4,TRUE,0,2,2,"off_axis",2.17869416052972,2.82842712474619,3,4,2,2.04295532842377,2,8,1,25,0,TRUE,25,33554432,0,1,25,25,0.833333333333333,2,0.583333333333333,0.25,0.800640769025436,8.33333333333333,6,10,1.60128153805087,9,8,10,1.01015254455221,8.33333333333333,6,10,1.60128153805087,0,2.04295532842377,2.82842712474619,0.60215679580886,"F4_R25",0.590492247079168,0.706508810356395,1.17015005204386,0.271391979495859,-0.134755835195509,2.60378725377977,0.779806659505908,204,"hard"
936,"-1:-1|1:0|1:2|2:-2",4,TRUE,1,2,1,"mixed",1.86967716615477,2.82842712474619,2.5,4,2,2.04295532842377,2,8,1,25,0,TRUE,25,33554432,0,1,25,25,0.833333333333333,2,0.583333333333333,0.25,0.800640769025436,8.33333333333333,6,10,1.60128153805087,9,8,10,1.01015254455221,8.33333333333333,6,10,1.60128153805087,0,2.04295532842377,2.82842712474619,0.60215679580886,"F4_R25",0.590492247079168,0.706508810356395,1.17015005204386,0.271391979495859,-0.134755835195509,2.60378725377977,0.779806659505908,204,"hard"
1026,"-1:-1|0:2|1:2|2:-2",4,TRUE,1,2,1,"mixed",2.11967716615477,2.82842712474619,2.75,4,2,2.04295532842377,2,8,1,25,0,TRUE,25,33554432,0,1,25,25,0.833333333333333,2,0.583333333333333,0.25,0.800640769025436,8.33333333333333,6,10,1.60128153805087,9,8,10,1.01015254455221,8.33333333333333,6,10,1.60128153805087,0,2.04295532842377,2.82842712474619,0.60215679580886,"F4_R25",0.590492247079168,0.706508810356395,1.17015005204386,0.271391979495859,-0.134755835195509,2.60378725377977,0.779806659505908,204,"hard"
1479,"-1:-2|0:2|1:0|2:-1",4,TRUE,2,0,2,"mixed",1.86803398874989,2.23606797749979,2.25,3,2,2.04295532842377,2,8,1,25,0,TRUE,25,33554432,0,1,25,25,0.833333333333333,2,0.583333333333333,0.25,0.800640769025436,8.33333333333333,6,10,1.60128153805087,9,8,10,1.01015254455221,8.33333333333333,6,10,1.60128153805087,0,2.04295532842377,2.82842712474619,0.60215679580886,"F4_R25",0.590492247079168,0.706508810356395,1.17015005204386,0.271391979495859,-0.134755835195509,2.60378725377977,0.779806659505908,204,"hard"
332,"-2:-2|-2:-1|-2:0|0:-2",4,TRUE,2,1,1,"mixed",2.26612377556149,2.82842712474619,2.75,4,2,2.0128990204492,3,8,1,25,0,TRUE,25,33554432,0,1,25,25,0.833333333333333,2,0.583333333333333,0.25,0.800640769025436,8.33333333333333,6,10,1.60128153805087,8,6,10,2.02030508910442,8.33333333333333,6,10,1.60128153805087,0,2.0128990204492,2.82842712474619,0.622037452851217,"F4_R25",0.396968462440753,-0.342004264885899,1.17015005204386,0.271391979495859,1.07286376482578,2.56936999392036,0.774973147153598,209,"hard"
552,"-1:-2|-1:0|0:-2|2:-2",4,TRUE,2,1,1,"mixed",2.01612377556149,2.82842712474619,2.5,4,2,2.0128990204492,3,8,1,25,0,TRUE,25,33554432,0,1,25,25,0.833333333333333,2,0.583333333333333,0.25,0.800640769025436,8.33333333333333,6,10,1.60128153805087,8,6,10,2.02030508910442,8.33333333333333,6,10,1.60128153805087,0,2.0128990204492,2.82842712474619,0.622037452851217,"F4_R25",0.396968462440753,-0.342004264885899,1.17015005204386,0.271391979495859,1.07286376482578,2.56936999392036,0.774973147153598,209,"hard"
593,"-2:-2|-2:0|-1:0|0:-2",4,TRUE,3,1,0,"mixed",1.95710678118655,2.82842712474619,2.25,4,2,2.0128990204492,3,8,1,25,0,TRUE,25,33554432,0,1,25,25,0.833333333333333,2,0.583333333333333,0.25,0.800640769025436,8.33333333333333,6,10,1.60128153805087,8,6,10,2.02030508910442,8.33333333333333,6,10,1.60128153805087,0,2.0128990204492,2.82842712474619,0.622037452851217,"F4_R25",0.396968462440753,-0.342004264885899,1.17015005204386,0.271391979495859,1.07286376482578,2.56936999392036,0.774973147153598,209,"hard"
1164,"-1:-2|-1:0|0:-2|2:0",4,TRUE,3,0,1,"mixed",1.80901699437495,2.23606797749979,2,3,2,2.0128990204492,3,8,1,25,0,TRUE,25,33554432,0,1,25,25,0.833333333333333,2,0.583333333333333,0.25,0.800640769025436,8.33333333333333,6,10,1.60128153805087,8,6,10,2.02030508910442,8.33333333333333,6,10,1.60128153805087,0,2.0128990204492,2.82842712474619,0.622037452851217,"F4_R25",0.396968462440753,-0.342004264885899,1.17015005204386,0.271391979495859,1.07286376482578,2.56936999392036,0.774973147153598,209,"hard"
659,"-1:0|0:-2|2:-2|2:2",4,TRUE,2,2,0,"mixed",2.16421356237309,2.82842712474619,2.75,4,2,2.17858444539843,3,8,1,25,0,TRUE,25,33554432,0,1,25,25,0.833333333333333,2,0.666666666666667,0.166666666666667,0.688332449299089,8.33333333333333,6,10,1.37666489859818,8,8,8,0,8.33333333333333,6,10,1.37666489859818,0,2.17858444539843,2.82842712474619,0.710062449732415,"F4_R25",1.46376850064644,-0.342004264885899,0.0523490600394965,0.271391979495859,1.07286376482578,2.51836904012168,0.771750805585392,213,"hard"
790,"-1:-2|-1:0|2:-2|2:2",4,TRUE,1,2,1,"mixed",2.22323055674804,2.82842712474619,3,4,2,2.17858444539843,3,8,1,25,0,TRUE,25,33554432,0,1,25,25,0.833333333333333,2,0.666666666666667,0.166666666666667,0.688332449299089,8.33333333333333,6,10,1.37666489859818,8,8,8,0,8.33333333333333,6,10,1.37666489859818,0,2.17858444539843,2.82842712474619,0.710062449732415,"F4_R25",1.46376850064644,-0.342004264885899,0.0523490600394965,0.271391979495859,1.07286376482578,2.51836904012168,0.771750805585392,213,"hard"
494,"-1:0|0:-2|2:1|2:2",4,TRUE,2,1,1,"mixed",2.01612377556149,2.82842712474619,2.5,4,2,2.14295532842377,3,8,1,25,0,TRUE,25,33554432,0,1,25,25,0.833333333333333,2,0.666666666666667,0.166666666666667,0.688332449299089,8.33333333333333,6,10,1.37666489859818,8,8,8,0,8.33333333333333,6,10,1.37666489859818,0,2.14295532842377,2.82842712474619,0.67308779382795,"F4_R25",1.23436302722325,-0.342004264885899,0.0523490600394965,0.271391979495859,1.07286376482578,2.28896356669849,0.767991407089151,215,"hard"
496,"-1:-2|0:-2|2:1|2:2",4,TRUE,1,1,2,"mixed",2.32514076993644,2.82842712474619,3,4,2,2.14295532842377,3,8,1,25,0,TRUE,25,33554432,0,1,25,25,0.833333333333333,2,0.666666666666667,0.166666666666667,0.688332449299089,8.33333333333333,6,10,1.37666489859818,8,8,8,0,8.33333333333333,6,10,1.37666489859818,0,2.14295532842377,2.82842712474619,0.67308779382795,"F4_R25",1.23436302722325,-0.342004264885899,0.0523490600394965,0.271391979495859,1.07286376482578,2.28896356669849,0.767991407089151,215,"hard"
519,"-1:-2|-1:0|2:1|2:2",4,TRUE,1,1,2,"mixed",2.07514076993644,2.82842712474619,2.75,4,2,2.14295532842377,3,8,1,25,0,TRUE,25,33554432,0,1,25,25,0.833333333333333,2,0.666666666666667,0.166666666666667,0.688332449299089,8.33333333333333,6,10,1.37666489859818,8,8,8,0,8.33333333333333,6,10,1.37666489859818,0,2.14295532842377,2.82842712474619,0.67308779382795,"F4_R25",1.23436302722325,-0.342004264885899,0.0523490600394965,0.271391979495859,1.07286376482578,2.28896356669849,0.767991407089151,215,"hard"
779,"-1:-2|1:0|2:-2|2:2",4,TRUE,1,2,1,"mixed",2.22323055674804,2.82842712474619,3,4,2,2.14295532842377,3,8,1,25,0,TRUE,25,33554432,0,1,25,25,0.833333333333333,2,0.666666666666667,0.166666666666667,0.688332449299089,8.33333333333333,6,10,1.37666489859818,8,8,8,0,8.33333333333333,6,10,1.37666489859818,0,2.14295532842377,2.82842712474619,0.67308779382795,"F4_R25",1.23436302722325,-0.342004264885899,0.0523490600394965,0.271391979495859,1.07286376482578,2.28896356669849,0.767991407089151,215,"hard"
782,"-1:-2|-1:2|1:0|2:-2",4,TRUE,1,1,2,"mixed",2.07514076993644,2.82842712474619,2.75,4,2,2.14295532842377,3,8,1,25,0,TRUE,25,33554432,0,1,25,25,0.833333333333333,2,0.666666666666667,0.166666666666667,0.688332449299089,8.33333333333333,6,10,1.37666489859818,8,8,8,0,8.33333333333333,6,10,1.37666489859818,0,2.14295532842377,2.82842712474619,0.67308779382795,"F4_R25",1.23436302722325,-0.342004264885899,0.0523490600394965,0.271391979495859,1.07286376482578,2.28896356669849,0.767991407089151,215,"hard"
727,"-1:-2|1:-1|1:2|2:-2",4,TRUE,0,2,2,"off_axis",2.17869416052972,2.82842712474619,3,4,2,2.00153397218646,2,8,1,25,0,TRUE,25,33554432,0,1,25,25,0.833333333333333,2,0.666666666666667,0.166666666666667,0.688332449299089,8.33333333333333,6,10,1.37666489859818,10,10,10,0,8.33333333333333,6,10,1.37666489859818,0,2.00153397218646,2.82842712474619,0.464114160026601,"F4_R25",0.323792237527746,1.75502188559869,0.0523490600394965,0.271391979495859,-0.134755835195509,2.26779932746628,0.762620837808808,220,"hard"
896,"-1:-1|0:2|1:-1|2:-2",4,TRUE,1,3,0,"mixed",1.9142135623731,2.82842712474619,2.5,4,2,2.00153397218646,2,8,1,25,0,TRUE,25,33554432,0,1,25,25,0.833333333333333,2,0.666666666666667,0.166666666666667,0.688332449299089,8.33333333333333,6,10,1.37666489859818,10,10,10,0,8.33333333333333,6,10,1.37666489859818,0,2.00153397218646,2.82842712474619,0.464114160026601,"F4_R25",0.323792237527746,1.75502188559869,0.0523490600394965,0.271391979495859,-0.134755835195509,2.26779932746628,0.762620837808808,220,"hard"
1231,"-1:-2|0:2|1:-2|2:-1",4,TRUE,1,0,3,"mixed",2.17705098312484,2.23606797749979,2.75,3,2,2.00153397218646,2,8,1,25,0,TRUE,25,33554432,0,1,25,25,0.833333333333333,2,0.666666666666667,0.166666666666667,0.688332449299089,8.33333333333333,6,10,1.37666489859818,10,10,10,0,8.33333333333333,6,10,1.37666489859818,0,2.00153397218646,2.82842712474619,0.464114160026601,"F4_R25",0.323792237527746,1.75502188559869,0.0523490600394965,0.271391979495859,-0.134755835195509,2.26779932746628,0.762620837808808,220,"hard"
1508,"-1:-1|0:-2|1:1|2:-1",4,TRUE,1,2,1,"mixed",1.76612377556149,2.23606797749979,2.25,3,2,2.00153397218646,2,8,1,25,0,TRUE,25,33554432,0,1,25,25,0.833333333333333,2,0.666666666666667,0.166666666666667,0.688332449299089,8.33333333333333,6,10,1.37666489859818,10,10,10,0,8.33333333333333,6,10,1.37666489859818,0,2.00153397218646,2.82842712474619,0.464114160026601,"F4_R25",0.323792237527746,1.75502188559869,0.0523490600394965,0.271391979495859,-0.134755835195509,2.26779932746628,0.762620837808808,220,"hard"
1554,"-1:-1|0:-2|1:2|2:-1",4,TRUE,1,1,2,"mixed",1.97158737934317,2.23606797749979,2.5,3,2,2.00153397218646,2,8,1,25,0,TRUE,25,33554432,0,1,25,25,0.833333333333333,2,0.666666666666667,0.166666666666667,0.688332449299089,8.33333333333333,6,10,1.37666489859818,10,10,10,0,8.33333333333333,6,10,1.37666489859818,0,2.00153397218646,2.82842712474619,0.464114160026601,"F4_R25",0.323792237527746,1.75502188559869,0.0523490600394965,0.271391979495859,-0.134755835195509,2.26779932746628,0.762620837808808,220,"hard"
439,"-1:-1|0:2|1:-2|2:-2",4,TRUE,1,2,1,"mixed",2.11967716615477,2.82842712474619,2.75,4,2,1.98371941369913,2,8,1,25,0,TRUE,25,33554432,0,1,25,25,0.833333333333333,2,0.583333333333333,0.25,0.800640769025436,8.33333333333333,6,10,1.60128153805087,9,8,10,1.01015254455221,8.33333333333333,6,10,1.60128153805087,0,1.98371941369913,2.82842712474619,0.542481221091435,"F4_R25",0.209089500816147,0.706508810356395,1.17015005204386,0.271391979495859,-0.134755835195509,2.22238450751675,0.754564983888292,225,"hard"
742,"-1:-2|0:-1|1:2|2:-2",4,TRUE,1,1,2,"mixed",2.07514076993644,2.82842712474619,2.75,4,2,1.98371941369913,2,8,1,25,0,TRUE,25,33554432,0,1,25,25,0.833333333333333,2,0.583333333333333,0.25,0.800640769025436,8.33333333333333,6,10,1.60128153805087,9,8,10,1.01015254455221,8.33333333333333,6,10,1.60128153805087,0,1.98371941369913,2.82842712474619,0.542481221091435,"F4_R25",0.209089500816147,0.706508810356395,1.17015005204386,0.271391979495859,-0.134755835195509,2.22238450751675,0.754564983888292,225,"hard"
992,"-1:-2|1:-2|1:-1|2:2",4,TRUE,0,2,2,"off_axis",2.17869416052972,2.82842712474619,3,4,2,1.98371941369913,2,8,1,25,0,TRUE,25,33554432,0,1,25,25,0.833333333333333,2,0.583333333333333,0.25,0.800640769025436,8.33333333333333,6,10,1.60128153805087,9,8,10,1.01015254455221,8.33333333333333,6,10,1.60128153805087,0,1.98371941369913,2.82842712474619,0.542481221091435,"F4_R25",0.209089500816147,0.706508810356395,1.17015005204386,0.271391979495859,-0.134755835195509,2.22238450751675,0.754564983888292,225,"hard"
995,"-2:-1|-1:-1|-1:2|2:-2",4,TRUE,0,2,2,"off_axis",2.17869416052972,2.82842712474619,3,4,2,1.98371941369913,2,8,1,25,0,TRUE,25,33554432,0,1,25,25,0.833333333333333,2,0.583333333333333,0.25,0.800640769025436,8.33333333333333,6,10,1.60128153805087,9,8,10,1.01015254455221,8.33333333333333,6,10,1.60128153805087,0,1.98371941369913,2.82842712474619,0.542481221091435,"F4_R25",0.209089500816147,0.706508810356395,1.17015005204386,0.271391979495859,-0.134755835195509,2.22238450751675,0.754564983888292,225,"hard"
1098,"-1:-2|0:2|1:2|2:1",4,TRUE,1,0,3,"mixed",2.17705098312484,2.23606797749979,2.75,3,2,1.98371941369913,2,8,1,25,0,TRUE,25,33554432,0,1,25,25,0.833333333333333,2,0.583333333333333,0.25,0.800640769025436,8.33333333333333,6,10,1.60128153805087,9,8,10,1.01015254455221,8.33333333333333,6,10,1.60128153805087,0,1.98371941369913,2.82842712474619,0.542481221091435,"F4_R25",0.209089500816147,0.706508810356395,1.17015005204386,0.271391979495859,-0.134755835195509,2.22238450751675,0.754564983888292,225,"hard"
1311,"-1:-1|0:1|1:-2|2:-1",4,TRUE,1,1,2,"mixed",1.72158737934317,2.23606797749979,2.25,3,2,1.98371941369913,2,8,1,25,0,TRUE,25,33554432,0,1,25,25,0.833333333333333,2,0.583333333333333,0.25,0.800640769025436,8.33333333333333,6,10,1.60128153805087,9,8,10,1.01015254455221,8.33333333333333,6,10,1.60128153805087,0,1.98371941369913,2.82842712474619,0.542481221091435,"F4_R25",0.209089500816147,0.706508810356395,1.17015005204386,0.271391979495859,-0.134755835195509,2.22238450751675,0.754564983888292,225,"hard"
1314,"-1:-1|1:-2|1:2|2:-1",4,TRUE,0,1,3,"off_axis",2.03060437371812,2.23606797749979,2.75,3,2,1.98371941369913,2,8,1,25,0,TRUE,25,33554432,0,1,25,25,0.833333333333333,2,0.583333333333333,0.25,0.800640769025436,8.33333333333333,6,10,1.60128153805087,9,8,10,1.01015254455221,8.33333333333333,6,10,1.60128153805087,0,1.98371941369913,2.82842712474619,0.542481221091435,"F4_R25",0.209089500816147,0.706508810356395,1.17015005204386,0.271391979495859,-0.134755835195509,2.22238450751675,0.754564983888292,225,"hard"
1400,"-1:-2|0:2|1:-1|2:-1",4,TRUE,1,1,2,"mixed",1.97158737934317,2.23606797749979,2.5,3,2,1.98371941369913,2,8,1,25,0,TRUE,25,33554432,0,1,25,25,0.833333333333333,2,0.583333333333333,0.25,0.800640769025436,8.33333333333333,6,10,1.60128153805087,9,8,10,1.01015254455221,8.33333333333333,6,10,1.60128153805087,0,1.98371941369913,2.82842712474619,0.542481221091435,"F4_R25",0.209089500816147,0.706508810356395,1.17015005204386,0.271391979495859,-0.134755835195509,2.22238450751675,0.754564983888292,225,"hard"
1447,"-1:-1|1:-2|1:0|2:1",4,TRUE,1,1,2,"mixed",1.72158737934317,2.23606797749979,2.25,3,2,1.98371941369913,2,8,1,25,0,TRUE,25,33554432,0,1,25,25,0.833333333333333,2,0.583333333333333,0.25,0.800640769025436,8.33333333333333,6,10,1.60128153805087,9,8,10,1.01015254455221,8.33333333333333,6,10,1.60128153805087,0,1.98371941369913,2.82842712474619,0.542481221091435,"F4_R25",0.209089500816147,0.706508810356395,1.17015005204386,0.271391979495859,-0.134755835195509,2.22238450751675,0.754564983888292,225,"hard"
1456,"-1:-1|0:1|1:2|2:0",4,TRUE,2,1,1,"mixed",1.66257038496822,2.23606797749979,2,3,2,1.98371941369913,2,8,1,25,0,TRUE,25,33554432,0,1,25,25,0.833333333333333,2,0.583333333333333,0.25,0.800640769025436,8.33333333333333,6,10,1.60128153805087,9,8,10,1.01015254455221,8.33333333333333,6,10,1.60128153805087,0,1.98371941369913,2.82842712474619,0.542481221091435,"F4_R25",0.209089500816147,0.706508810356395,1.17015005204386,0.271391979495859,-0.134755835195509,2.22238450751675,0.754564983888292,225,"hard"
620,"-1:-1|-1:2|0:-2|2:-2",4,TRUE,1,2,1,"mixed",2.11967716615477,2.82842712474619,2.75,4,2,1.97792717443648,2,8,1,25,0,TRUE,25,33554432,0,1,25,25,0.833333333333333,2,0.666666666666667,0.166666666666667,0.688332449299089,8.33333333333333,6,10,1.37666489859818,10,10,10,0,8.33333333333333,6,10,1.37666489859818,0,1.97792717443648,2.82842712474619,0.456805444394614,"F4_R25",0.171794964687922,1.75502188559869,0.0523490600394965,0.271391979495859,-0.134755835195509,2.11580205462646,0.746509129967777,235,"hard"
711,"-1:-2|0:2|1:-2|2:2",4,TRUE,1,1,2,"mixed",2.32514076993644,2.82842712474619,3,4,2,1.97792717443648,2,8,1,25,0,TRUE,25,33554432,0,1,25,25,0.833333333333333,2,0.666666666666667,0.166666666666667,0.688332449299089,8.33333333333333,6,10,1.37666489859818,10,10,10,0,8.33333333333333,6,10,1.37666489859818,0,1.97792717443648,2.82842712474619,0.456805444394614,"F4_R25",0.171794964687922,1.75502188559869,0.0523490600394965,0.271391979495859,-0.134755835195509,2.11580205462646,0.746509129967777,235,"hard"
1591,"-1:-1|-1:1|0:-2|2:-1",4,TRUE,1,2,1,"mixed",1.76612377556149,2.23606797749979,2.25,3,2,1.97792717443648,2,8,1,25,0,TRUE,25,33554432,0,1,25,25,0.833333333333333,2,0.666666666666667,0.166666666666667,0.688332449299089,8.33333333333333,6,10,1.37666489859818,10,10,10,0,8.33333333333333,6,10,1.37666489859818,0,1.97792717443648,2.82842712474619,0.456805444394614,"F4_R25",0.171794964687922,1.75502188559869,0.0523490600394965,0.271391979495859,-0.134755835195509,2.11580205462646,0.746509129967777,235,"hard"
1592,"-1:-1|-1:2|0:-2|2:-1",4,TRUE,1,1,2,"mixed",1.97158737934317,2.23606797749979,2.5,3,2,1.97792717443648,2,8,1,25,0,TRUE,25,33554432,0,1,25,25,0.833333333333333,2,0.666666666666667,0.166666666666667,0.688332449299089,8.33333333333333,6,10,1.37666489859818,10,10,10,0,8.33333333333333,6,10,1.37666489859818,0,1.97792717443648,2.82842712474619,0.456805444394614,"F4_R25",0.171794964687922,1.75502188559869,0.0523490600394965,0.271391979495859,-0.134755835195509,2.11580205462646,0.746509129967777,235,"hard"
1668,"-1:-1|-1:1|0:-2|2:0",4,TRUE,2,2,0,"mixed",1.70710678118655,2,2,2,2,1.97792717443648,2,8,1,25,0,TRUE,25,33554432,0,1,25,25,0.833333333333333,2,0.666666666666667,0.166666666666667,0.688332449299089,8.33333333333333,6,10,1.37666489859818,10,10,10,0,8.33333333333333,6,10,1.37666489859818,0,1.97792717443648,2.82842712474619,0.456805444394614,"F4_R25",0.171794964687922,1.75502188559869,0.0523490600394965,0.271391979495859,-0.134755835195509,2.11580205462646,0.746509129967777,235,"hard"
462,"-1:-1|0:2|2:1|2:2",4,TRUE,1,2,1,"mixed",2.11967716615477,2.82842712474619,2.75,4,2,2.1607698869111,3,8,1,25,0,TRUE,25,33554432,0,1,25,25,0.833333333333333,2,0.75,0.0833333333333333,0.553694392684741,8.33333333333333,6,10,1.10738878536948,9,8,10,1.01015254455221,8.33333333333333,6,10,1.10738878536948,0,2.1607698869111,2.82842712474619,0.606514171143573,"F4_R25",1.34906576393484,0.706508810356395,-1.2876990647278,0.271391979495859,1.07286376482578,2.11213125388508,0.738453276047261,240,"hard"
499,"-2:-2|-1:-2|0:2|2:0",4,TRUE,2,1,1,"mixed",2.26612377556149,2.82842712474619,2.75,4,2,2.1607698869111,3,8,1,25,0,TRUE,25,33554432,0,1,25,25,0.833333333333333,2,0.75,0.0833333333333333,0.553694392684741,8.33333333333333,6,10,1.10738878536948,9,8,10,1.01015254455221,8.33333333333333,6,10,1.10738878536948,0,2.1607698869111,2.82842712474619,0.606514171143573,"F4_R25",1.34906576393484,0.706508810356395,-1.2876990647278,0.271391979495859,1.07286376482578,2.11213125388508,0.738453276047261,240,"hard"
501,"-2:-2|-1:-2|2:0|2:2",4,TRUE,1,2,1,"mixed",2.47323055674804,2.82842712474619,3.25,4,2,2.1607698869111,3,8,1,25,0,TRUE,25,33554432,0,1,25,25,0.833333333333333,2,0.75,0.0833333333333333,0.553694392684741,8.33333333333333,6,10,1.10738878536948,9,8,10,1.01015254455221,8.33333333333333,6,10,1.10738878536948,0,2.1607698869111,2.82842712474619,0.606514171143573,"F4_R25",1.34906576393484,0.706508810356395,-1.2876990647278,0.271391979495859,1.07286376482578,2.11213125388508,0.738453276047261,240,"hard"
652,"-2:-2|-1:0|0:-2|2:2",4,TRUE,2,2,0,"mixed",2.16421356237309,2.82842712474619,2.75,4,2,2.1607698869111,3,8,1,25,0,TRUE,25,33554432,0,1,25,25,0.833333333333333,2,0.75,0.0833333333333333,0.553694392684741,8.33333333333333,6,10,1.10738878536948,9,8,10,1.01015254455221,8.33333333333333,6,10,1.10738878536948,0,2.1607698869111,2.82842712474619,0.606514171143573,"F4_R25",1.34906576393484,0.706508810356395,-1.2876990647278,0.271391979495859,1.07286376482578,2.11213125388508,0.738453276047261,240,"hard"
697,"-1:-2|-1:-1|2:0|2:2",4,TRUE,1,2,1,"mixed",2.11967716615477,2.82842712474619,2.75,4,2,2.1607698869111,3,8,1,25,0,TRUE,25,33554432,0,1,25,25,0.833333333333333,2,0.75,0.0833333333333333,0.553694392684741,8.33333333333333,6,10,1.10738878536948,9,8,10,1.01015254455221,8.33333333333333,6,10,1.10738878536948,0,2.1607698869111,2.82842712474619,0.606514171143573,"F4_R25",1.34906576393484,0.706508810356395,-1.2876990647278,0.271391979495859,1.07286376482578,2.11213125388508,0.738453276047261,240,"hard"
736,"-1:-2|0:-1|2:-2|2:1",4,TRUE,1,1,2,"mixed",2.07514076993644,2.82842712474619,2.75,4,2,2.1607698869111,3,8,1,25,0,TRUE,25,33554432,0,1,25,25,0.833333333333333,2,0.75,0.0833333333333333,0.553694392684741,8.33333333333333,6,10,1.10738878536948,9,8,10,1.01015254455221,8.33333333333333,6,10,1.10738878536948,0,2.1607698869111,2.82842712474619,0.606514171143573,"F4_R25",1.34906576393484,0.706508810356395,-1.2876990647278,0.271391979495859,1.07286376482578,2.11213125388508,0.738453276047261,240,"hard"
777,"-1:-1|-1:2|1:0|2:2",4,TRUE,1,2,1,"mixed",1.86967716615477,2.82842712474619,2.5,4,2,2.1607698869111,3,8,1,25,0,TRUE,25,33554432,0,1,25,25,0.833333333333333,2,0.75,0.0833333333333333,0.553694392684741,8.33333333333333,6,10,1.10738878536948,9,8,10,1.01015254455221,8.33333333333333,6,10,1.10738878536948,0,2.1607698869111,2.82842712474619,0.606514171143573,"F4_R25",1.34906576393484,0.706508810356395,-1.2876990647278,0.271391979495859,1.07286376482578,2.11213125388508,0.738453276047261,240,"hard"
823,"-1:-1|-1:2|2:-2|2:2",4,TRUE,0,3,1,"off_axis",2.32678394734132,2.82842712474619,3.25,4,2,2.1607698869111,3,8,1,25,0,TRUE,25,33554432,0,1,25,25,0.833333333333333,2,0.75,0.0833333333333333,0.553694392684741,8.33333333333333,6,10,1.10738878536948,9,8,10,1.01015254455221,8.33333333333333,6,10,1.10738878536948,0,2.1607698869111,2.82842712474619,0.606514171143573,"F4_R25",1.34906576393484,0.706508810356395,-1.2876990647278,0.271391979495859,1.07286376482578,2.11213125388508,0.738453276047261,240,"hard"
1043,"-1:-2|-1:0|1:-2|2:2",4,TRUE,1,1,2,"mixed",2.07514076993644,2.82842712474619,2.75,4,2,2.1607698869111,3,8,1,25,0,TRUE,25,33554432,0,1,25,25,0.833333333333333,2,0.75,0.0833333333333333,0.553694392684741,8.33333333333333,6,10,1.10738878536948,9,8,10,1.01015254455221,8.33333333333333,6,10,1.10738878536948,0,2.1607698869111,2.82842712474619,0.606514171143573,"F4_R25",1.34906576393484,0.706508810356395,-1.2876990647278,0.271391979495859,1.07286376482578,2.11213125388508,0.738453276047261,240,"hard"
1159,"-1:-2|0:2|2:0|2:1",4,TRUE,2,0,2,"mixed",2.11803398874989,2.23606797749979,2.5,3,2,2.1607698869111,3,8,1,25,0,TRUE,25,33554432,0,1,25,25,0.833333333333333,2,0.75,0.0833333333333333,0.553694392684741,8.33333333333333,6,10,1.10738878536948,9,8,10,1.01015254455221,8.33333333333333,6,10,1.10738878536948,0,2.1607698869111,2.82842712474619,0.606514171143573,"F4_R25",1.34906576393484,0.706508810356395,-1.2876990647278,0.271391979495859,1.07286376482578,2.11213125388508,0.738453276047261,240,"hard"
618,"-1:-1|0:-2|1:2|2:-2",4,TRUE,1,2,1,"mixed",2.11967716615477,2.82842712474619,2.75,4,2,1.97858444539843,1,8,1,25,0,TRUE,25,33554432,0,1,25,25,0.833333333333333,2,0.583333333333333,0.25,0.800640769025436,8.33333333333333,6,10,1.60128153805087,10,10,10,0,8.33333333333333,6,10,1.60128153805087,0,1.97858444539843,2.82842712474619,0.562932394231188,"F4_R25",0.176026940358286,1.75502188559869,1.17015005204386,0.271391979495859,-1.3423754352168,2.03021542227989,0.732008592910849,250,"hard"
895,"-1:-1|1:-1|1:2|2:-2",4,TRUE,0,3,1,"off_axis",1.97323055674804,2.82842712474619,2.75,4,2,1.97858444539843,1,8,1,25,0,TRUE,25,33554432,0,1,25,25,0.833333333333333,2,0.583333333333333,0.25,0.800640769025436,8.33333333333333,6,10,1.60128153805087,10,10,10,0,8.33333333333333,6,10,1.60128153805087,0,1.97858444539843,2.82842712474619,0.562932394231188,"F4_R25",0.176026940358286,1.75502188559869,1.17015005204386,0.271391979495859,-1.3423754352168,2.03021542227989,0.732008592910849,250,"hard"
828,"-2:-1|-1:2|2:-2|2:2",4,TRUE,0,2,2,"off_axis",2.53224755112299,2.82842712474619,3.5,4,2,2.12514076993644,3,8,1,25,0,TRUE,25,33554432,0,1,25,25,0.833333333333333,2,0.75,0.0833333333333333,0.553694392684741,8.33333333333333,6,10,1.10738878536948,9,8,10,1.01015254455221,8.33333333333333,6,10,1.10738878536948,0,2.12514076993644,2.82842712474619,0.561522442367321,"F4_R25",1.11966029051165,0.706508810356395,-1.2876990647278,0.271391979495859,1.07286376482578,1.88272578046188,0.728249194414608,252,"hard"
1015,"-1:-2|-1:0|1:-1|2:2",4,TRUE,1,2,1,"mixed",1.86967716615477,2.82842712474619,2.5,4,2,2.12514076993644,3,8,1,25,0,TRUE,25,33554432,0,1,25,25,0.833333333333333,2,0.75,0.0833333333333333,0.553694392684741,8.33333333333333,6,10,1.10738878536948,9,8,10,1.01015254455221,8.33333333333333,6,10,1.10738878536948,0,2.12514076993644,2.82842712474619,0.561522442367321,"F4_R25",1.11966029051165,0.706508810356395,-1.2876990647278,0.271391979495859,1.07286376482578,1.88272578046188,0.728249194414608,252,"hard"
1064,"-2:-1|-1:0|0:-2|2:2",4,TRUE,2,1,1,"mixed",2.01612377556149,2.82842712474619,2.5,4,2,2.12514076993644,3,8,1,25,0,TRUE,25,33554432,0,1,25,25,0.833333333333333,2,0.75,0.0833333333333333,0.553694392684741,8.33333333333333,6,10,1.10738878536948,9,8,10,1.01015254455221,8.33333333333333,6,10,1.10738878536948,0,2.12514076993644,2.82842712474619,0.561522442367321,"F4_R25",1.11966029051165,0.706508810356395,-1.2876990647278,0.271391979495859,1.07286376482578,1.88272578046188,0.728249194414608,252,"hard"
1095,"-1:-2|1:2|2:0|2:1",4,TRUE,1,0,3,"mixed",2.17705098312484,2.23606797749979,2.75,3,2,2.12514076993644,3,8,1,25,0,TRUE,25,33554432,0,1,25,25,0.833333333333333,2,0.75,0.0833333333333333,0.553694392684741,8.33333333333333,6,10,1.10738878536948,9,8,10,1.01015254455221,8.33333333333333,6,10,1.10738878536948,0,2.12514076993644,2.82842712474619,0.561522442367321,"F4_R25",1.11966029051165,0.706508810356395,-1.2876990647278,0.271391979495859,1.07286376482578,1.88272578046188,0.728249194414608,252,"hard"
1243,"-1:-2|-1:-1|1:-2|2:1",4,TRUE,0,1,3,"off_axis",2.03060437371812,2.23606797749979,2.75,3,2,2.12514076993644,3,8,1,25,0,TRUE,25,33554432,0,1,25,25,0.833333333333333,2,0.75,0.0833333333333333,0.553694392684741,8.33333333333333,6,10,1.10738878536948,9,8,10,1.01015254455221,8.33333333333333,6,10,1.10738878536948,0,2.12514076993644,2.82842712474619,0.561522442367321,"F4_R25",1.11966029051165,0.706508810356395,-1.2876990647278,0.271391979495859,1.07286376482578,1.88272578046188,0.728249194414608,252,"hard"
497,"-2:-2|-2:-1|0:2|2:-2",4,TRUE,1,2,1,"mixed",2.47323055674804,2.82842712474619,3.25,4,2,2.0607698869111,3,8,1,25,0,TRUE,25,33554432,0,1,25,25,0.833333333333333,2,0.666666666666667,0.166666666666667,0.688332449299089,8.33333333333333,6,10,1.37666489859818,8,8,8,0,8.33333333333333,6,10,1.37666489859818,0,2.0607698869111,2.82842712474619,0.709637993158325,"F4_R25",0.705194983790766,-0.342004264885899,0.0523490600394965,0.271391979495859,1.07286376482578,1.75979552326601,0.722878625134264,257,"hard"
498,"-2:-1|0:2|2:-2|2:-1",4,TRUE,1,1,2,"mixed",2.32514076993644,2.82842712474619,3,4,2,2.0607698869111,3,8,1,25,0,TRUE,25,33554432,0,1,25,25,0.833333333333333,2,0.666666666666667,0.166666666666667,0.688332449299089,8.33333333333333,6,10,1.37666489859818,8,8,8,0,8.33333333333333,6,10,1.37666489859818,0,2.0607698869111,2.82842712474619,0.709637993158325,"F4_R25",0.705194983790766,-0.342004264885899,0.0523490600394965,0.271391979495859,1.07286376482578,1.75979552326601,0.722878625134264,257,"hard"
775,"-1:-1|0:-1|2:-2|2:1",4,TRUE,1,2,1,"mixed",1.86967716615477,2.82842712474619,2.5,4,2,2.0607698869111,3,8,1,25,0,TRUE,25,33554432,0,1,25,25,0.833333333333333,2,0.666666666666667,0.166666666666667,0.688332449299089,8.33333333333333,6,10,1.37666489859818,8,8,8,0,8.33333333333333,6,10,1.37666489859818,0,2.0607698869111,2.82842712474619,0.709637993158325,"F4_R25",0.705194983790766,-0.342004264885899,0.0523490600394965,0.271391979495859,1.07286376482578,1.75979552326601,0.722878625134264,257,"hard"
776,"-1:-2|0:1|1:0|2:-2",4,TRUE,2,1,1,"mixed",1.76612377556149,2.82842712474619,2.25,4,2,2.0607698869111,3,8,1,25,0,TRUE,25,33554432,0,1,25,25,0.833333333333333,2,0.666666666666667,0.166666666666667,0.688332449299089,8.33333333333333,6,10,1.37666489859818,8,8,8,0,8.33333333333333,6,10,1.37666489859818,0,2.0607698869111,2.82842712474619,0.709637993158325,"F4_R25",0.705194983790766,-0.342004264885899,0.0523490600394965,0.271391979495859,1.07286376482578,1.75979552326601,0.722878625134264,257,"hard"
807,"-1:-1|-1:0|2:-2|2:1",4,TRUE,1,2,1,"mixed",1.86967716615477,2.82842712474619,2.5,4,2,2.0607698869111,3,8,1,25,0,TRUE,25,33554432,0,1,25,25,0.833333333333333,2,0.666666666666667,0.166666666666667,0.688332449299089,8.33333333333333,6,10,1.37666489859818,8,8,8,0,8.33333333333333,6,10,1.37666489859818,0,2.0607698869111,2.82842712474619,0.709637993158325,"F4_R25",0.705194983790766,-0.342004264885899,0.0523490600394965,0.271391979495859,1.07286376482578,1.75979552326601,0.722878625134264,257,"hard"
375,"-1:-2|2:-2|2:-1|2:2",4,TRUE,0,2,2,"off_axis",2.53224755112299,2.82842712474619,3.5,4,2,2.06011261594915,3,8,1,25,0,TRUE,25,33554432,0,1,25,25,0.833333333333333,2,0.666666666666667,0.166666666666667,0.688332449299089,8.33333333333333,6,10,1.37666489859818,8,6,10,2.02030508910442,8.33333333333333,6,10,1.37666489859818,0,2.06011261594915,2.82842712474619,0.628875548196174,"F4_R25",0.7009630081204,-0.342004264885899,0.0523490600394965,0.271391979495859,1.07286376482578,1.75556354759564,0.716433941997852,262,"hard"
958,"-1:0|0:-2|1:0|2:2",4,TRUE,3,1,0,"mixed",1.70710678118655,2.82842712474619,2,4,2,2.06011261594915,3,8,1,25,0,TRUE,25,33554432,0,1,25,25,0.833333333333333,2,0.666666666666667,0.166666666666667,0.688332449299089,8.33333333333333,6,10,1.37666489859818,8,6,10,2.02030508910442,8.33333333333333,6,10,1.37666489859818,0,2.06011261594915,2.82842712474619,0.628875548196174,"F4_R25",0.7009630081204,-0.342004264885899,0.0523490600394965,0.271391979495859,1.07286376482578,1.75556354759564,0.716433941997852,262,"hard"
1058,"-2:-1|0:-2|0:-1|2:2",4,TRUE,2,1,1,"mixed",2.01612377556149,2.82842712474619,2.5,4,2,2.06011261594915,3,8,1,25,0,TRUE,25,33554432,0,1,25,25,0.833333333333333,2,0.666666666666667,0.166666666666667,0.688332449299089,8.33333333333333,6,10,1.37666489859818,8,6,10,2.02030508910442,8.33333333333333,6,10,1.37666489859818,0,2.06011261594915,2.82842712474619,0.628875548196174,"F4_R25",0.7009630081204,-0.342004264885899,0.0523490600394965,0.271391979495859,1.07286376482578,1.75556354759564,0.716433941997852,262,"hard"
1066,"-1:-2|-1:0|0:-2|2:2",4,TRUE,2,1,1,"mixed",2.01612377556149,2.82842712474619,2.5,4,2,2.06011261594915,3,8,1,25,0,TRUE,25,33554432,0,1,25,25,0.833333333333333,2,0.666666666666667,0.166666666666667,0.688332449299089,8.33333333333333,6,10,1.37666489859818,8,6,10,2.02030508910442,8.33333333333333,6,10,1.37666489859818,0,2.06011261594915,2.82842712474619,0.628875548196174,"F4_R25",0.7009630081204,-0.342004264885899,0.0523490600394965,0.271391979495859,1.07286376482578,1.75556354759564,0.716433941997852,262,"hard"
1078,"-1:-2|0:-2|1:-2|2:1",4,TRUE,1,0,3,"mixed",2.17705098312484,2.23606797749979,2.75,3,2,2.06011261594915,3,8,1,25,0,TRUE,25,33554432,0,1,25,25,0.833333333333333,2,0.666666666666667,0.166666666666667,0.688332449299089,8.33333333333333,6,10,1.37666489859818,8,6,10,2.02030508910442,8.33333333333333,6,10,1.37666489859818,0,2.06011261594915,2.82842712474619,0.628875548196174,"F4_R25",0.7009630081204,-0.342004264885899,0.0523490600394965,0.271391979495859,1.07286376482578,1.75556354759564,0.716433941997852,262,"hard"
1169,"-1:-2|-1:0|0:-2|2:1",4,TRUE,2,0,2,"mixed",1.86803398874989,2.23606797749979,2.25,3,2,2.06011261594915,3,8,1,25,0,TRUE,25,33554432,0,1,25,25,0.833333333333333,2,0.666666666666667,0.166666666666667,0.688332449299089,8.33333333333333,6,10,1.37666489859818,8,6,10,2.02030508910442,8.33333333333333,6,10,1.37666489859818,0,2.06011261594915,2.82842712474619,0.628875548196174,"F4_R25",0.7009630081204,-0.342004264885899,0.0523490600394965,0.271391979495859,1.07286376482578,1.75556354759564,0.716433941997852,262,"hard"
1576,"-1:-2|1:0|1:2|2:0",4,TRUE,2,0,2,"mixed",1.86803398874989,2.23606797749979,2.25,3,2,2.06011261594915,3,8,1,25,0,TRUE,25,33554432,0,1,25,25,0.833333333333333,2,0.666666666666667,0.166666666666667,0.688332449299089,8.33333333333333,6,10,1.37666489859818,8,6,10,2.02030508910442,8.33333333333333,6,10,1.37666489859818,0,2.06011261594915,2.82842712474619,0.628875548196174,"F4_R25",0.7009630081204,-0.342004264885899,0.0523490600394965,0.271391979495859,1.07286376482578,1.75556354759564,0.716433941997852,262,"hard"
492,"-1:-2|0:2|2:-2|2:-1",4,TRUE,1,1,2,"mixed",2.32514076993644,2.82842712474619,3,4,2,2.10153397218646,3,8,1,25,0,TRUE,25,33554432,0,1,25,25,0.833333333333333,2,0.75,0.0833333333333333,0.553694392684741,8.33333333333333,6,10,1.10738878536948,9,8,10,1.01015254455221,8.33333333333333,6,10,1.10738878536948,0,2.10153397218646,2.82842712474619,0.561303011598098,"F4_R25",0.967663017671823,0.706508810356395,-1.2876990647278,0.271391979495859,1.07286376482578,1.73072850762206,0.707303974221267,269,"hard"
493,"-1:-1|0:2|2:-2|2:-1",4,TRUE,1,2,1,"mixed",2.11967716615477,2.82842712474619,2.75,4,2,2.10153397218646,3,8,1,25,0,TRUE,25,33554432,0,1,25,25,0.833333333333333,2,0.75,0.0833333333333333,0.553694392684741,8.33333333333333,6,10,1.10738878536948,9,8,10,1.01015254455221,8.33333333333333,6,10,1.10738878536948,0,2.10153397218646,2.82842712474619,0.561303011598098,"F4_R25",0.967663017671823,0.706508810356395,-1.2876990647278,0.271391979495859,1.07286376482578,1.73072850762206,0.707303974221267,269,"hard"
631,"-2:-1|0:-2|2:-2|2:2",4,TRUE,1,2,1,"mixed",2.47323055674804,2.82842712474619,3.25,4,2,2.10153397218646,3,8,1,25,0,TRUE,25,33554432,0,1,25,25,0.833333333333333,2,0.75,0.0833333333333333,0.553694392684741,8.33333333333333,6,10,1.10738878536948,9,8,10,1.01015254455221,8.33333333333333,6,10,1.10738878536948,0,2.10153397218646,2.82842712474619,0.561303011598098,"F4_R25",0.967663017671823,0.706508810356395,-1.2876990647278,0.271391979495859,1.07286376482578,1.73072850762206,0.707303974221267,269,"hard"
655,"-1:-1|0:1|2:-2|2:0",4,TRUE,2,2,0,"mixed",1.81066017177982,2.82842712474619,2.25,4,2,2.10153397218646,3,8,1,25,0,TRUE,25,33554432,0,1,25,25,0.833333333333333,2,0.75,0.0833333333333333,0.553694392684741,8.33333333333333,6,10,1.10738878536948,9,8,10,1.01015254455221,8.33333333333333,6,10,1.10738878536948,0,2.10153397218646,2.82842712474619,0.561303011598098,"F4_R25",0.967663017671823,0.706508810356395,-1.2876990647278,0.271391979495859,1.07286376482578,1.73072850762206,0.707303974221267,269,"hard"
780,"-1:-2|1:0|1:2|2:-2",4,TRUE,1,1,2,"mixed",2.07514076993644,2.82842712474619,2.75,4,2,2.10153397218646,3,8,1,25,0,TRUE,25,33554432,0,1,25,25,0.833333333333333,2,0.75,0.0833333333333333,0.553694392684741,8.33333333333333,6,10,1.10738878536948,9,8,10,1.01015254455221,8.33333333333333,6,10,1.10738878536948,0,2.10153397218646,2.82842712474619,0.561303011598098,"F4_R25",0.967663017671823,0.706508810356395,-1.2876990647278,0.271391979495859,1.07286376482578,1.73072850762206,0.707303974221267,269,"hard"
781,"-1:-2|0:2|1:0|2:-2",4,TRUE,2,1,1,"mixed",2.01612377556149,2.82842712474619,2.5,4,2,2.10153397218646,3,8,1,25,0,TRUE,25,33554432,0,1,25,25,0.833333333333333,2,0.75,0.0833333333333333,0.553694392684741,8.33333333333333,6,10,1.10738878536948,9,8,10,1.01015254455221,8.33333333333333,6,10,1.10738878536948,0,2.10153397218646,2.82842712474619,0.561303011598098,"F4_R25",0.967663017671823,0.706508810356395,-1.2876990647278,0.271391979495859,1.07286376482578,1.73072850762206,0.707303974221267,269,"hard"
789,"-1:-2|0:-1|2:-1|2:2",4,TRUE,1,1,2,"mixed",2.07514076993644,2.82842712474619,2.75,4,2,2.10153397218646,3,8,1,25,0,TRUE,25,33554432,0,1,25,25,0.833333333333333,2,0.75,0.0833333333333333,0.553694392684741,8.33333333333333,6,10,1.10738878536948,9,8,10,1.01015254455221,8.33333333333333,6,10,1.10738878536948,0,2.10153397218646,2.82842712474619,0.561303011598098,"F4_R25",0.967663017671823,0.706508810356395,-1.2876990647278,0.271391979495859,1.07286376482578,1.73072850762206,0.707303974221267,269,"hard"
1189,"-1:-2|0:-2|1:2|2:0",4,TRUE,2,0,2,"mixed",2.11803398874989,2.23606797749979,2.5,3,2,2.10153397218646,3,8,1,25,0,TRUE,25,33554432,0,1,25,25,0.833333333333333,2,0.75,0.0833333333333333,0.553694392684741,8.33333333333333,6,10,1.10738878536948,9,8,10,1.01015254455221,8.33333333333333,6,10,1.10738878536948,0,2.10153397218646,2.82842712474619,0.561303011598098,"F4_R25",0.967663017671823,0.706508810356395,-1.2876990647278,0.271391979495859,1.07286376482578,1.73072850762206,0.707303974221267,269,"hard"
1192,"-1:-1|-1:2|2:0|2:1",4,TRUE,1,1,2,"mixed",1.97158737934317,2.23606797749979,2.5,3,2,2.10153397218646,3,8,1,25,0,TRUE,25,33554432,0,1,25,25,0.833333333333333,2,0.75,0.0833333333333333,0.553694392684741,8.33333333333333,6,10,1.10738878536948,9,8,10,1.01015254455221,8.33333333333333,6,10,1.10738878536948,0,2.10153397218646,2.82842712474619,0.561303011598098,"F4_R25",0.967663017671823,0.706508810356395,-1.2876990647278,0.271391979495859,1.07286376482578,1.73072850762206,0.707303974221267,269,"hard"
1273,"-1:-2|-1:-1|2:-1|2:1",4,TRUE,0,1,3,"off_axis",2.03060437371812,2.23606797749979,2.75,3,2,2.10153397218646,3,8,1,25,0,TRUE,25,33554432,0,1,25,25,0.833333333333333,2,0.75,0.0833333333333333,0.553694392684741,8.33333333333333,6,10,1.10738878536948,9,8,10,1.01015254455221,8.33333333333333,6,10,1.10738878536948,0,2.10153397218646,2.82842712474619,0.561303011598098,"F4_R25",0.967663017671823,0.706508810356395,-1.2876990647278,0.271391979495859,1.07286376482578,1.73072850762206,0.707303974221267,269,"hard"
526,"-1:-1|1:2|2:-2|2:2",4,TRUE,0,3,1,"off_axis",2.32678394734132,2.82842712474619,3.25,4,2,2.06142715787305,2,8,1,25,0,TRUE,25,33554432,0,1,25,25,0.833333333333333,2,0.583333333333333,0.25,0.800640769025436,8.33333333333333,6,10,1.60128153805087,8,8,8,0,8.33333333333333,6,10,1.60128153805087,0,2.06142715787305,2.82842712474619,0.782104051605118,"F4_R25",0.709426959461129,-0.342004264885899,1.17015005204386,0.271391979495859,-0.134755835195509,1.67420889091944,0.700859291084855,279,"hard"
1001,"-1:-1|-1:0|1:2|2:-2",4,TRUE,1,2,1,"mixed",1.86967716615477,2.82842712474619,2.5,4,2,2.06142715787305,2,8,1,25,0,TRUE,25,33554432,0,1,25,25,0.833333333333333,2,0.583333333333333,0.25,0.800640769025436,8.33333333333333,6,10,1.60128153805087,8,8,8,0,8.33333333333333,6,10,1.60128153805087,0,2.06142715787305,2.82842712474619,0.782104051605118,"F4_R25",0.709426959461129,-0.342004264885899,1.17015005204386,0.271391979495859,-0.134755835195509,1.67420889091944,0.700859291084855,279,"hard"
474,"-1:-1|0:1|2:1|2:2",4,TRUE,1,2,1,"mixed",1.86967716615477,2.82842712474619,2.5,4,2,2.0607698869111,2,8,1,25,0,TRUE,25,33554432,0,1,25,25,0.833333333333333,2,0.583333333333333,0.25,0.800640769025436,8.33333333333333,6,10,1.60128153805087,8,6,10,2.02030508910442,8.33333333333333,6,10,1.60128153805087,0,2.0607698869111,2.82842712474619,0.709637993158325,"F4_R25",0.705194983790766,-0.342004264885899,1.17015005204386,0.271391979495859,-0.134755835195509,1.66997691524908,0.697099892588614,281,"hard"
480,"-2:-2|-1:-2|-1:0|2:2",4,TRUE,1,2,1,"mixed",2.22323055674804,2.82842712474619,3,4,2,2.0607698869111,2,8,1,25,0,TRUE,25,33554432,0,1,25,25,0.833333333333333,2,0.583333333333333,0.25,0.800640769025436,8.33333333333333,6,10,1.60128153805087,8,6,10,2.02030508910442,8.33333333333333,6,10,1.60128153805087,0,2.0607698869111,2.82842712474619,0.709637993158325,"F4_R25",0.705194983790766,-0.342004264885899,1.17015005204386,0.271391979495859,-0.134755835195509,1.66997691524908,0.697099892588614,281,"hard"
755,"-1:-2|-1:-1|2:-2|2:2",4,TRUE,0,3,1,"off_axis",2.32678394734132,2.82842712474619,3.25,4,2,2.0607698869111,2,8,1,25,0,TRUE,25,33554432,0,1,25,25,0.833333333333333,2,0.583333333333333,0.25,0.800640769025436,8.33333333333333,6,10,1.60128153805087,8,6,10,2.02030508910442,8.33333333333333,6,10,1.60128153805087,0,2.0607698869111,2.82842712474619,0.709637993158325,"F4_R25",0.705194983790766,-0.342004264885899,1.17015005204386,0.271391979495859,-0.134755835195509,1.66997691524908,0.697099892588614,281,"hard"
1036,"-1:0|0:-2|1:-2|2:2",4,TRUE,2,1,1,"mixed",2.01612377556149,2.82842712474619,2.5,4,2,2.0607698869111,2,8,1,25,0,TRUE,25,33554432,0,1,25,25,0.833333333333333,2,0.583333333333333,0.25,0.800640769025436,8.33333333333333,6,10,1.60128153805087,8,6,10,2.02030508910442,8.33333333333333,6,10,1.60128153805087,0,2.0607698869111,2.82842712474619,0.709637993158325,"F4_R25",0.705194983790766,-0.342004264885899,1.17015005204386,0.271391979495859,-0.134755835195509,1.66997691524908,0.697099892588614,281,"hard"
1178,"-1:-2|0:-1|2:0|2:1",4,TRUE,2,0,2,"mixed",1.86803398874989,2.23606797749979,2.25,3,2,2.0607698869111,2,8,1,25,0,TRUE,25,33554432,0,1,25,25,0.833333333333333,2,0.583333333333333,0.25,0.800640769025436,8.33333333333333,6,10,1.60128153805087,8,6,10,2.02030508910442,8.33333333333333,6,10,1.60128153805087,0,2.0607698869111,2.82842712474619,0.709637993158325,"F4_R25",0.705194983790766,-0.342004264885899,1.17015005204386,0.271391979495859,-0.134755835195509,1.66997691524908,0.697099892588614,281,"hard"
721,"-1:-2|1:-1|2:-2|2:1",4,TRUE,0,2,2,"off_axis",2.17869416052972,2.82842712474619,3,4,2,2.14295532842377,3,4,2,25,0,TRUE,25,33554432,0,1,25,25,0.833333333333333,2,0.583333333333333,0.25,0.800640769025436,8.33333333333333,6,10,1.60128153805087,10,10,10,0,8.33333333333333,6,10,1.60128153805087,0,2.14295532842377,2.82842712474619,0.480442458550402,"F4_R25",1.23436302722325,1.75502188559869,1.17015005204386,-3.68075372191259,1.07286376482578,1.55164500777899,0.692803437164339,286,"hard"
916,"-2:-2|-1:-1|0:2|2:0",4,TRUE,2,2,0,"mixed",2.06066017177982,2.82842712474619,2.5,4,2,2.14295532842377,3,4,2,25,0,TRUE,25,33554432,0,1,25,25,0.833333333333333,2,0.583333333333333,0.25,0.800640769025436,8.33333333333333,6,10,1.60128153805087,10,10,10,0,8.33333333333333,6,10,1.60128153805087,0,2.14295532842377,2.82842712474619,0.480442458550402,"F4_R25",1.23436302722325,1.75502188559869,1.17015005204386,-3.68075372191259,1.07286376482578,1.55164500777899,0.692803437164339,286,"hard"
1546,"-1:-1|-1:2|1:1|2:-1",4,TRUE,0,2,2,"off_axis",1.82514076993644,2.23606797749979,2.5,3,2,2.14295532842377,3,4,2,25,0,TRUE,25,33554432,0,1,25,25,0.833333333333333,2,0.583333333333333,0.25,0.800640769025436,8.33333333333333,6,10,1.60128153805087,10,10,10,0,8.33333333333333,6,10,1.60128153805087,0,2.14295532842377,2.82842712474619,0.480442458550402,"F4_R25",1.23436302722325,1.75502188559869,1.17015005204386,-3.68075372191259,1.07286376482578,1.55164500777899,0.692803437164339,286,"hard"
576,"-2:-1|0:-2|1:-1|2:-2",4,TRUE,1,2,1,"mixed",2.11967716615477,2.82842712474619,2.75,4,2,1.89574173292382,1,8,1,25,0,TRUE,25,33554432,0,1,25,25,0.833333333333333,2,0.583333333333333,0.25,0.800640769025436,8.33333333333333,6,10,1.60128153805087,10,10,10,0,8.33333333333333,6,10,1.60128153805087,0,1.89574173292382,2.82842712474619,0.478612905582384,"F4_R25",-0.357373078744557,1.75502188559869,1.17015005204386,0.271391979495859,-1.3423754352168,1.49681540317705,0.688506981740064,289,"hard"
582,"-1:-1|1:-1|2:-2|2:0",4,TRUE,1,3,0,"mixed",1.9142135623731,2.82842712474619,2.5,4,2,1.89574173292382,1,8,1,25,0,TRUE,25,33554432,0,1,25,25,0.833333333333333,2,0.583333333333333,0.25,0.800640769025436,8.33333333333333,6,10,1.60128153805087,10,10,10,0,8.33333333333333,6,10,1.60128153805087,0,1.89574173292382,2.82842712474619,0.478612905582384,"F4_R25",-0.357373078744557,1.75502188559869,1.17015005204386,0.271391979495859,-1.3423754352168,1.49681540317705,0.688506981740064,289,"hard"
1283,"-1:-1|-1:2|0:-2|1:2",4,TRUE,1,1,2,"mixed",1.97158737934317,2.23606797749979,2.5,3,2,1.89574173292382,1,8,1,25,0,TRUE,25,33554432,0,1,25,25,0.833333333333333,2,0.583333333333333,0.25,0.800640769025436,8.33333333333333,6,10,1.60128153805087,10,10,10,0,8.33333333333333,6,10,1.60128153805087,0,1.89574173292382,2.82842712474619,0.478612905582384,"F4_R25",-0.357373078744557,1.75502188559869,1.17015005204386,0.271391979495859,-1.3423754352168,1.49681540317705,0.688506981740064,289,"hard"
1593,"-2:-1|0:-2|1:-1|2:0",4,TRUE,2,1,1,"mixed",1.91257038496822,2.23606797749979,2.25,3,2,1.89574173292382,1,8,1,25,0,TRUE,25,33554432,0,1,25,25,0.833333333333333,2,0.583333333333333,0.25,0.800640769025436,8.33333333333333,6,10,1.60128153805087,10,10,10,0,8.33333333333333,6,10,1.60128153805087,0,1.89574173292382,2.82842712474619,0.478612905582384,"F4_R25",-0.357373078744557,1.75502188559869,1.17015005204386,0.271391979495859,-1.3423754352168,1.49681540317705,0.688506981740064,289,"hard"
1673,"-1:-1|-1:1|0:-2|1:1",4,TRUE,1,3,0,"mixed",1.56066017177982,2,2,2,2,1.89574173292382,1,8,1,25,0,TRUE,25,33554432,0,1,25,25,0.833333333333333,2,0.583333333333333,0.25,0.800640769025436,8.33333333333333,6,10,1.60128153805087,10,10,10,0,8.33333333333333,6,10,1.60128153805087,0,1.89574173292382,2.82842712474619,0.478612905582384,"F4_R25",-0.357373078744557,1.75502188559869,1.17015005204386,0.271391979495859,-1.3423754352168,1.49681540317705,0.688506981740064,289,"hard"
455,"-2:-1|-2:2|1:-2|2:-2",4,TRUE,0,2,2,"off_axis",2.53224755112299,2.82842712474619,3.5,4,2,2.04295532842377,2,8,1,25,0,TRUE,25,33554432,0,1,25,25,0.833333333333333,2,0.666666666666667,0.166666666666667,0.688332449299089,8.33333333333333,6,10,1.37666489859818,9,8,10,1.01015254455221,8.33333333333333,6,10,1.37666489859818,0,2.04295532842377,2.82842712474619,0.60215679580886,"F4_R25",0.590492247079168,0.706508810356395,0.0523490600394965,0.271391979495859,-0.134755835195509,1.48598626177541,0.672395273899033,294,"hard"
509,"-2:-1|-2:2|-1:2|2:-2",4,TRUE,0,2,2,"off_axis",2.53224755112299,2.82842712474619,3.5,4,2,2.04295532842377,2,8,1,25,0,TRUE,25,33554432,0,1,25,25,0.833333333333333,2,0.666666666666667,0.166666666666667,0.688332449299089,8.33333333333333,6,10,1.37666489859818,9,8,10,1.01015254455221,8.33333333333333,6,10,1.37666489859818,0,2.04295532842377,2.82842712474619,0.60215679580886,"F4_R25",0.590492247079168,0.706508810356395,0.0523490600394965,0.271391979495859,-0.134755835195509,1.48598626177541,0.672395273899033,294,"hard"
723,"-1:-2|0:1|1:-1|2:-2",4,TRUE,1,2,1,"mixed",1.86967716615477,2.82842712474619,2.5,4,2,2.04295532842377,2,8,1,25,0,TRUE,25,33554432,0,1,25,25,0.833333333333333,2,0.666666666666667,0.166666666666667,0.688332449299089,8.33333333333333,6,10,1.37666489859818,9,8,10,1.01015254455221,8.33333333333333,6,10,1.37666489859818,0,2.04295532842377,2.82842712474619,0.60215679580886,"F4_R25",0.590492247079168,0.706508810356395,0.0523490600394965,0.271391979495859,-0.134755835195509,1.48598626177541,0.672395273899033,294,"hard"
726,"-1:-2|1:-1|2:-2|2:2",4,TRUE,0,3,1,"off_axis",2.32678394734132,2.82842712474619,3.25,4,2,2.04295532842377,2,8,1,25,0,TRUE,25,33554432,0,1,25,25,0.833333333333333,2,0.666666666666667,0.166666666666667,0.688332449299089,8.33333333333333,6,10,1.37666489859818,9,8,10,1.01015254455221,8.33333333333333,6,10,1.37666489859818,0,2.04295532842377,2.82842712474619,0.60215679580886,"F4_R25",0.590492247079168,0.706508810356395,0.0523490600394965,0.271391979495859,-0.134755835195509,1.48598626177541,0.672395273899033,294,"hard"
768,"-2:-1|-1:-2|2:-2|2:2",4,TRUE,0,2,2,"off_axis",2.53224755112299,2.82842712474619,3.5,4,2,2.04295532842377,2,8,1,25,0,TRUE,25,33554432,0,1,25,25,0.833333333333333,2,0.666666666666667,0.166666666666667,0.688332449299089,8.33333333333333,6,10,1.37666489859818,9,8,10,1.01015254455221,8.33333333333333,6,10,1.37666489859818,0,2.04295532842377,2.82842712474619,0.60215679580886,"F4_R25",0.590492247079168,0.706508810356395,0.0523490600394965,0.271391979495859,-0.134755835195509,1.48598626177541,0.672395273899033,294,"hard"
818,"-1:-2|0:1|1:2|2:-2",4,TRUE,1,1,2,"mixed",2.07514076993644,2.82842712474619,2.75,4,2,2.04295532842377,2,8,1,25,0,TRUE,25,33554432,0,1,25,25,0.833333333333333,2,0.666666666666667,0.166666666666667,0.688332449299089,8.33333333333333,6,10,1.37666489859818,9,8,10,1.01015254455221,8.33333333333333,6,10,1.37666489859818,0,2.04295532842377,2.82842712474619,0.60215679580886,"F4_R25",0.590492247079168,0.706508810356395,0.0523490600394965,0.271391979495859,-0.134755835195509,1.48598626177541,0.672395273899033,294,"hard"
847,"-2:-2|-1:-1|0:2|2:-2",4,TRUE,1,3,0,"mixed",2.26776695296637,2.82842712474619,3,4,2,2.04295532842377,2,8,1,25,0,TRUE,25,33554432,0,1,25,25,0.833333333333333,2,0.666666666666667,0.166666666666667,0.688332449299089,8.33333333333333,6,10,1.37666489859818,9,8,10,1.01015254455221,8.33333333333333,6,10,1.37666489859818,0,2.04295532842377,2.82842712474619,0.60215679580886,"F4_R25",0.590492247079168,0.706508810356395,0.0523490600394965,0.271391979495859,-0.134755835195509,1.48598626177541,0.672395273899033,294,"hard"
911,"-1:0|0:-2|1:1|2:2",4,TRUE,2,2,0,"mixed",1.81066017177982,2.82842712474619,2.25,4,2,2.04295532842377,2,8,1,25,0,TRUE,25,33554432,0,1,25,25,0.833333333333333,2,0.666666666666667,0.166666666666667,0.688332449299089,8.33333333333333,6,10,1.37666489859818,9,8,10,1.01015254455221,8.33333333333333,6,10,1.37666489859818,0,2.04295532842377,2.82842712474619,0.60215679580886,"F4_R25",0.590492247079168,0.706508810356395,0.0523490600394965,0.271391979495859,-0.134755835195509,1.48598626177541,0.672395273899033,294,"hard"
959,"-1:-1|0:-2|1:0|2:2",4,TRUE,2,2,0,"mixed",1.81066017177982,2.82842712474619,2.25,4,2,2.04295532842377,2,8,1,25,0,TRUE,25,33554432,0,1,25,25,0.833333333333333,2,0.666666666666667,0.166666666666667,0.688332449299089,8.33333333333333,6,10,1.37666489859818,9,8,10,1.01015254455221,8.33333333333333,6,10,1.37666489859818,0,2.04295532842377,2.82842712474619,0.60215679580886,"F4_R25",0.590492247079168,0.706508810356395,0.0523490600394965,0.271391979495859,-0.134755835195509,1.48598626177541,0.672395273899033,294,"hard"
965,"-1:-1|-1:1|1:0|2:-2",4,TRUE,1,3,0,"mixed",1.6642135623731,2.82842712474619,2.25,4,2,2.04295532842377,2,8,1,25,0,TRUE,25,33554432,0,1,25,25,0.833333333333333,2,0.666666666666667,0.166666666666667,0.688332449299089,8.33333333333333,6,10,1.37666489859818,9,8,10,1.01015254455221,8.33333333333333,6,10,1.37666489859818,0,2.04295532842377,2.82842712474619,0.60215679580886,"F4_R25",0.590492247079168,0.706508810356395,0.0523490600394965,0.271391979495859,-0.134755835195509,1.48598626177541,0.672395273899033,294,"hard"
1005,"-1:0|0:-2|1:-1|2:2",4,TRUE,2,2,0,"mixed",1.81066017177982,2.82842712474619,2.25,4,2,2.04295532842377,2,8,1,25,0,TRUE,25,33554432,0,1,25,25,0.833333333333333,2,0.666666666666667,0.166666666666667,0.688332449299089,8.33333333333333,6,10,1.37666489859818,9,8,10,1.01015254455221,8.33333333333333,6,10,1.37666489859818,0,2.04295532842377,2.82842712474619,0.60215679580886,"F4_R25",0.590492247079168,0.706508810356395,0.0523490600394965,0.271391979495859,-0.134755835195509,1.48598626177541,0.672395273899033,294,"hard"
1019,"-1:-2|-1:-1|1:-1|2:2",4,TRUE,0,3,1,"off_axis",1.97323055674804,2.82842712474619,2.75,4,2,2.04295532842377,2,8,1,25,0,TRUE,25,33554432,0,1,25,25,0.833333333333333,2,0.666666666666667,0.166666666666667,0.688332449299089,8.33333333333333,6,10,1.37666489859818,9,8,10,1.01015254455221,8.33333333333333,6,10,1.37666489859818,0,2.04295532842377,2.82842712474619,0.60215679580886,"F4_R25",0.590492247079168,0.706508810356395,0.0523490600394965,0.271391979495859,-0.134755835195509,1.48598626177541,0.672395273899033,294,"hard"
1035,"-2:-1|-1:0|-1:2|2:-2",4,TRUE,1,1,2,"mixed",2.07514076993644,2.82842712474619,2.75,4,2,2.04295532842377,2,8,1,25,0,TRUE,25,33554432,0,1,25,25,0.833333333333333,2,0.666666666666667,0.166666666666667,0.688332449299089,8.33333333333333,6,10,1.37666489859818,9,8,10,1.01015254455221,8.33333333333333,6,10,1.37666489859818,0,2.04295532842377,2.82842712474619,0.60215679580886,"F4_R25",0.590492247079168,0.706508810356395,0.0523490600394965,0.271391979495859,-0.134755835195509,1.48598626177541,0.672395273899033,294,"hard"
1065,"-2:-1|-1:-2|-1:0|2:2",4,TRUE,1,1,2,"mixed",2.07514076993644,2.82842712474619,2.75,4,2,2.04295532842377,2,8,1,25,0,TRUE,25,33554432,0,1,25,25,0.833333333333333,2,0.666666666666667,0.166666666666667,0.688332449299089,8.33333333333333,6,10,1.37666489859818,9,8,10,1.01015254455221,8.33333333333333,6,10,1.37666489859818,0,2.04295532842377,2.82842712474619,0.60215679580886,"F4_R25",0.590492247079168,0.706508810356395,0.0523490600394965,0.271391979495859,-0.134755835195509,1.48598626177541,0.672395273899033,294,"hard"
1069,"-2:-1|-1:-1|0:-2|2:2",4,TRUE,1,2,1,"mixed",2.11967716615477,2.82842712474619,2.75,4,2,2.04295532842377,2,8,1,25,0,TRUE,25,33554432,0,1,25,25,0.833333333333333,2,0.666666666666667,0.166666666666667,0.688332449299089,8.33333333333333,6,10,1.37666489859818,9,8,10,1.01015254455221,8.33333333333333,6,10,1.37666489859818,0,2.04295532842377,2.82842712474619,0.60215679580886,"F4_R25",0.590492247079168,0.706508810356395,0.0523490600394965,0.271391979495859,-0.134755835195509,1.48598626177541,0.672395273899033,294,"hard"
1133,"-1:-1|0:-2|1:-2|2:1",4,TRUE,1,1,2,"mixed",1.97158737934317,2.23606797749979,2.5,3,2,2.04295532842377,2,8,1,25,0,TRUE,25,33554432,0,1,25,25,0.833333333333333,2,0.666666666666667,0.166666666666667,0.688332449299089,8.33333333333333,6,10,1.37666489859818,9,8,10,1.01015254455221,8.33333333333333,6,10,1.37666489859818,0,2.04295532842377,2.82842712474619,0.60215679580886,"F4_R25",0.590492247079168,0.706508810356395,0.0523490600394965,0.271391979495859,-0.134755835195509,1.48598626177541,0.672395273899033,294,"hard"
1137,"-1:-2|0:-2|1:-1|2:1",4,TRUE,1,1,2,"mixed",1.97158737934317,2.23606797749979,2.5,3,2,2.04295532842377,2,8,1,25,0,TRUE,25,33554432,0,1,25,25,0.833333333333333,2,0.666666666666667,0.166666666666667,0.688332449299089,8.33333333333333,6,10,1.37666489859818,9,8,10,1.01015254455221,8.33333333333333,6,10,1.37666489859818,0,2.04295532842377,2.82842712474619,0.60215679580886,"F4_R25",0.590492247079168,0.706508810356395,0.0523490600394965,0.271391979495859,-0.134755835195509,1.48598626177541,0.672395273899033,294,"hard"
1214,"-1:-2|0:-2|1:2|2:1",4,TRUE,1,0,3,"mixed",2.17705098312484,2.23606797749979,2.75,3,2,2.04295532842377,2,8,1,25,0,TRUE,25,33554432,0,1,25,25,0.833333333333333,2,0.666666666666667,0.166666666666667,0.688332449299089,8.33333333333333,6,10,1.37666489859818,9,8,10,1.01015254455221,8.33333333333333,6,10,1.37666489859818,0,2.04295532842377,2.82842712474619,0.60215679580886,"F4_R25",0.590492247079168,0.706508810356395,0.0523490600394965,0.271391979495859,-0.134755835195509,1.48598626177541,0.672395273899033,294,"hard"
1249,"-1:-2|0:-1|1:-2|2:1",4,TRUE,1,0,3,"mixed",1.92705098312484,2.23606797749979,2.5,3,2,2.04295532842377,2,8,1,25,0,TRUE,25,33554432,0,1,25,25,0.833333333333333,2,0.666666666666667,0.166666666666667,0.688332449299089,8.33333333333333,6,10,1.37666489859818,9,8,10,1.01015254455221,8.33333333333333,6,10,1.37666489859818,0,2.04295532842377,2.82842712474619,0.60215679580886,"F4_R25",0.590492247079168,0.706508810356395,0.0523490600394965,0.271391979495859,-0.134755835195509,1.48598626177541,0.672395273899033,294,"hard"
1303,"-1:-2|1:0|1:2|2:1",4,TRUE,1,0,3,"mixed",1.92705098312484,2.23606797749979,2.5,3,2,2.04295532842377,2,8,1,25,0,TRUE,25,33554432,0,1,25,25,0.833333333333333,2,0.666666666666667,0.166666666666667,0.688332449299089,8.33333333333333,6,10,1.37666489859818,9,8,10,1.01015254455221,8.33333333333333,6,10,1.37666489859818,0,2.04295532842377,2.82842712474619,0.60215679580886,"F4_R25",0.590492247079168,0.706508810356395,0.0523490600394965,0.271391979495859,-0.134755835195509,1.48598626177541,0.672395273899033,294,"hard"
1321,"-2:-1|-1:-2|-1:2|2:0",4,TRUE,1,0,3,"mixed",2.17705098312484,2.23606797749979,2.75,3,2,2.04295532842377,2,8,1,25,0,TRUE,25,33554432,0,1,25,25,0.833333333333333,2,0.666666666666667,0.166666666666667,0.688332449299089,8.33333333333333,6,10,1.37666489859818,9,8,10,1.01015254455221,8.33333333333333,6,10,1.37666489859818,0,2.04295532842377,2.82842712474619,0.60215679580886,"F4_R25",0.590492247079168,0.706508810356395,0.0523490600394965,0.271391979495859,-0.134755835195509,1.48598626177541,0.672395273899033,294,"hard"
1357,"-1:-2|-1:-1|1:-1|2:1",4,TRUE,0,2,2,"off_axis",1.82514076993644,2.23606797749979,2.5,3,2,2.04295532842377,2,8,1,25,0,TRUE,25,33554432,0,1,25,25,0.833333333333333,2,0.666666666666667,0.166666666666667,0.688332449299089,8.33333333333333,6,10,1.37666489859818,9,8,10,1.01015254455221,8.33333333333333,6,10,1.37666489859818,0,2.04295532842377,2.82842712474619,0.60215679580886,"F4_R25",0.590492247079168,0.706508810356395,0.0523490600394965,0.271391979495859,-0.134755835195509,1.48598626177541,0.672395273899033,294,"hard"
1367,"-1:-1|1:-2|1:1|2:1",4,TRUE,0,2,2,"off_axis",1.82514076993644,2.23606797749979,2.5,3,2,2.04295532842377,2,8,1,25,0,TRUE,25,33554432,0,1,25,25,0.833333333333333,2,0.666666666666667,0.166666666666667,0.688332449299089,8.33333333333333,6,10,1.37666489859818,9,8,10,1.01015254455221,8.33333333333333,6,10,1.37666489859818,0,2.04295532842377,2.82842712474619,0.60215679580886,"F4_R25",0.590492247079168,0.706508810356395,0.0523490600394965,0.271391979495859,-0.134755835195509,1.48598626177541,0.672395273899033,294,"hard"
1380,"-1:-2|1:1|1:2|2:0",4,TRUE,1,1,2,"mixed",1.97158737934317,2.23606797749979,2.5,3,2,2.04295532842377,2,8,1,25,0,TRUE,25,33554432,0,1,25,25,0.833333333333333,2,0.666666666666667,0.166666666666667,0.688332449299089,8.33333333333333,6,10,1.37666489859818,9,8,10,1.01015254455221,8.33333333333333,6,10,1.37666489859818,0,2.04295532842377,2.82842712474619,0.60215679580886,"F4_R25",0.590492247079168,0.706508810356395,0.0523490600394965,0.271391979495859,-0.134755835195509,1.48598626177541,0.672395273899033,294,"hard"
1408,"-1:-1|-1:2|1:1|2:1",4,TRUE,0,2,2,"off_axis",1.82514076993644,2.23606797749979,2.5,3,2,2.04295532842377,2,8,1,25,0,TRUE,25,33554432,0,1,25,25,0.833333333333333,2,0.666666666666667,0.166666666666667,0.688332449299089,8.33333333333333,6,10,1.37666489859818,9,8,10,1.01015254455221,8.33333333333333,6,10,1.37666489859818,0,2.04295532842377,2.82842712474619,0.60215679580886,"F4_R25",0.590492247079168,0.706508810356395,0.0523490600394965,0.271391979495859,-0.134755835195509,1.48598626177541,0.672395273899033,294,"hard"
556,"-1:-2|0:-2|0:1|2:-2",4,TRUE,2,1,1,"mixed",2.01612377556149,2.82842712474619,2.5,4,2,2.0128990204492,3,8,1,25,0,TRUE,25,33554432,0,1,25,25,0.833333333333333,2,0.666666666666667,0.166666666666667,0.688332449299089,8.33333333333333,6,10,1.37666489859818,8,8,8,0,8.33333333333333,6,10,1.37666489859818,0,2.0128990204492,2.82842712474619,0.622037452851217,"F4_R25",0.396968462440753,-0.342004264885899,0.0523490600394965,0.271391979495859,1.07286376482578,1.45156900191599,0.65843179377014,319,"hard"
428,"-1:-1|1:-2|2:-2|2:0",4,TRUE,1,2,1,"mixed",2.11967716615477,2.82842712474619,2.75,4,2,2.04229805746182,3,8,1,25,0,TRUE,25,33554432,0,1,25,25,0.833333333333333,2,0.75,0.0833333333333333,0.553694392684741,8.33333333333333,6,10,1.10738878536948,9,8,10,1.01015254455221,8.33333333333333,6,10,1.10738878536948,0,2.04229805746182,2.82842712474619,0.504445398969847,"F4_R25",0.586260271408802,0.706508810356395,-1.2876990647278,0.271391979495859,1.07286376482578,1.34932576135904,0.655209452201933,320,"hard"
623,"-2:-1|0:-2|1:0|2:-2",4,TRUE,2,1,1,"mixed",2.01612377556149,2.82842712474619,2.5,4,2,2.04229805746182,3,8,1,25,0,TRUE,25,33554432,0,1,25,25,0.833333333333333,2,0.75,0.0833333333333333,0.553694392684741,8.33333333333333,6,10,1.10738878536948,9,8,10,1.01015254455221,8.33333333333333,6,10,1.10738878536948,0,2.04229805746182,2.82842712474619,0.504445398969847,"F4_R25",0.586260271408802,0.706508810356395,-1.2876990647278,0.271391979495859,1.07286376482578,1.34932576135904,0.655209452201933,320,"hard"
1141,"-2:-1|-2:0|-1:2|0:-2",4,TRUE,2,0,2,"mixed",2.11803398874989,2.23606797749979,2.5,3,2,2.04229805746182,3,8,1,25,0,TRUE,25,33554432,0,1,25,25,0.833333333333333,2,0.75,0.0833333333333333,0.553694392684741,8.33333333333333,6,10,1.10738878536948,9,8,10,1.01015254455221,8.33333333333333,6,10,1.10738878536948,0,2.04229805746182,2.82842712474619,0.504445398969847,"F4_R25",0.586260271408802,0.706508810356395,-1.2876990647278,0.271391979495859,1.07286376482578,1.34932576135904,0.655209452201933,320,"hard"
1223,"-1:-2|-1:0|1:-2|2:-1",4,TRUE,1,0,3,"mixed",1.92705098312484,2.23606797749979,2.5,3,2,2.04229805746182,3,8,1,25,0,TRUE,25,33554432,0,1,25,25,0.833333333333333,2,0.75,0.0833333333333333,0.553694392684741,8.33333333333333,6,10,1.10738878536948,9,8,10,1.01015254455221,8.33333333333333,6,10,1.10738878536948,0,2.04229805746182,2.82842712474619,0.504445398969847,"F4_R25",0.586260271408802,0.706508810356395,-1.2876990647278,0.271391979495859,1.07286376482578,1.34932576135904,0.655209452201933,320,"hard"
1284,"-1:-1|-1:2|1:-2|1:2",4,TRUE,0,1,3,"off_axis",2.03060437371812,2.23606797749979,2.75,3,2,2.04229805746182,3,8,1,25,0,TRUE,25,33554432,0,1,25,25,0.833333333333333,2,0.75,0.0833333333333333,0.553694392684741,8.33333333333333,6,10,1.10738878536948,9,8,10,1.01015254455221,8.33333333333333,6,10,1.10738878536948,0,2.04229805746182,2.82842712474619,0.504445398969847,"F4_R25",0.586260271408802,0.706508810356395,-1.2876990647278,0.271391979495859,1.07286376482578,1.34932576135904,0.655209452201933,320,"hard"
613,"-1:-1|0:-2|1:1|2:-2",4,TRUE,1,3,0,"mixed",1.9142135623731,2.82842712474619,2.5,4,2,2.0607698869111,2,8,1,25,0,TRUE,25,33554432,0,1,25,25,0.833333333333333,2,0.75,0.0833333333333333,0.553694392684741,8.33333333333333,6,10,1.10738878536948,10,10,10,0,8.33333333333333,6,10,1.10738878536948,0,2.0607698869111,2.82842712474619,0.530437422427522,"F4_R25",0.705194983790766,1.75502188559869,-1.2876990647278,0.271391979495859,-0.134755835195509,1.309153948962,0.64983888292159,325,"hard"
632,"-2:-1|0:-2|1:2|2:-2",4,TRUE,1,1,2,"mixed",2.32514076993644,2.82842712474619,3,4,2,2.0607698869111,2,8,1,25,0,TRUE,25,33554432,0,1,25,25,0.833333333333333,2,0.75,0.0833333333333333,0.553694392684741,8.33333333333333,6,10,1.10738878536948,10,10,10,0,8.33333333333333,6,10,1.10738878536948,0,2.0607698869111,2.82842712474619,0.530437422427522,"F4_R25",0.705194983790766,1.75502188559869,-1.2876990647278,0.271391979495859,-0.134755835195509,1.309153948962,0.64983888292159,325,"hard"
897,"-1:-1|-1:2|1:-1|2:-2",4,TRUE,0,3,1,"off_axis",1.97323055674804,2.82842712474619,2.75,4,2,2.0607698869111,2,8,1,25,0,TRUE,25,33554432,0,1,25,25,0.833333333333333,2,0.75,0.0833333333333333,0.553694392684741,8.33333333333333,6,10,1.10738878536948,10,10,10,0,8.33333333333333,6,10,1.10738878536948,0,2.0607698869111,2.82842712474619,0.530437422427522,"F4_R25",0.705194983790766,1.75502188559869,-1.2876990647278,0.271391979495859,-0.134755835195509,1.309153948962,0.64983888292159,325,"hard"
903,"-1:-2|1:-2|1:1|2:2",4,TRUE,0,2,2,"off_axis",2.17869416052972,2.82842712474619,3,4,2,2.0607698869111,2,8,1,25,0,TRUE,25,33554432,0,1,25,25,0.833333333333333,2,0.75,0.0833333333333333,0.553694392684741,8.33333333333333,6,10,1.10738878536948,10,10,10,0,8.33333333333333,6,10,1.10738878536948,0,2.0607698869111,2.82842712474619,0.530437422427522,"F4_R25",0.705194983790766,1.75502188559869,-1.2876990647278,0.271391979495859,-0.134755835195509,1.309153948962,0.64983888292159,325,"hard"
1597,"-1:-1|0:-2|1:2|2:0",4,TRUE,2,1,1,"mixed",1.91257038496822,2.23606797749979,2.25,3,2,2.0607698869111,2,8,1,25,0,TRUE,25,33554432,0,1,25,25,0.833333333333333,2,0.75,0.0833333333333333,0.553694392684741,8.33333333333333,6,10,1.10738878536948,10,10,10,0,8.33333333333333,6,10,1.10738878536948,0,2.0607698869111,2.82842712474619,0.530437422427522,"F4_R25",0.705194983790766,1.75502188559869,-1.2876990647278,0.271391979495859,-0.134755835195509,1.309153948962,0.64983888292159,325,"hard"
405,"-1:-2|1:1|2:1|2:2",4,TRUE,0,2,2,"off_axis",2.17869416052972,2.82842712474619,3,4,2,2.00219124314841,2,8,1,25,0,TRUE,25,33554432,0,1,25,25,0.833333333333333,2,0.583333333333333,0.25,0.800640769025436,8.33333333333333,6,10,1.60128153805087,8,8,8,0,8.33333333333333,6,10,1.60128153805087,0,2.00219124314841,2.82842712474619,0.738790472371199,"F4_R25",0.328024213198112,-0.342004264885899,1.17015005204386,0.271391979495859,-0.134755835195509,1.29280614465642,0.644468313641246,330,"hard"
531,"-2:-1|1:2|2:-2|2:2",4,TRUE,0,2,2,"off_axis",2.53224755112299,2.82842712474619,3.5,4,2,2.00219124314841,2,8,1,25,0,TRUE,25,33554432,0,1,25,25,0.833333333333333,2,0.583333333333333,0.25,0.800640769025436,8.33333333333333,6,10,1.60128153805087,8,8,8,0,8.33333333333333,6,10,1.60128153805087,0,2.00219124314841,2.82842712474619,0.738790472371199,"F4_R25",0.328024213198112,-0.342004264885899,1.17015005204386,0.271391979495859,-0.134755835195509,1.29280614465642,0.644468313641246,330,"hard"
883,"-1:-2|1:0|1:1|2:2",4,TRUE,1,2,1,"mixed",1.86967716615477,2.82842712474619,2.5,4,2,2.00219124314841,2,8,1,25,0,TRUE,25,33554432,0,1,25,25,0.833333333333333,2,0.583333333333333,0.25,0.800640769025436,8.33333333333333,6,10,1.60128153805087,8,8,8,0,8.33333333333333,6,10,1.60128153805087,0,2.00219124314841,2.82842712474619,0.738790472371199,"F4_R25",0.328024213198112,-0.342004264885899,1.17015005204386,0.271391979495859,-0.134755835195509,1.29280614465642,0.644468313641246,330,"hard"
952,"-1:-2|0:-1|1:0|2:2",4,TRUE,2,1,1,"mixed",1.76612377556149,2.82842712474619,2.25,4,2,2.00219124314841,2,8,1,25,0,TRUE,25,33554432,0,1,25,25,0.833333333333333,2,0.583333333333333,0.25,0.800640769025436,8.33333333333333,6,10,1.60128153805087,8,8,8,0,8.33333333333333,6,10,1.60128153805087,0,2.00219124314841,2.82842712474619,0.738790472371199,"F4_R25",0.328024213198112,-0.342004264885899,1.17015005204386,0.271391979495859,-0.134755835195509,1.29280614465642,0.644468313641246,330,"hard"
997,"-1:-1|-1:0|1:1|2:-2",4,TRUE,1,3,0,"mixed",1.6642135623731,2.82842712474619,2.25,4,2,2.00219124314841,2,8,1,25,0,TRUE,25,33554432,0,1,25,25,0.833333333333333,2,0.583333333333333,0.25,0.800640769025436,8.33333333333333,6,10,1.60128153805087,8,8,8,0,8.33333333333333,6,10,1.60128153805087,0,2.00219124314841,2.82842712474619,0.738790472371199,"F4_R25",0.328024213198112,-0.342004264885899,1.17015005204386,0.271391979495859,-0.134755835195509,1.29280614465642,0.644468313641246,330,"hard"
563,"-2:-1|-2:0|-2:2|2:-2",4,TRUE,1,2,1,"mixed",2.47323055674804,2.82842712474619,3.25,4,2,1.99574173292381,2,8,1,25,0,TRUE,25,33554432,0,1,25,25,0.833333333333333,2,0.666666666666667,0.166666666666667,0.688332449299089,8.33333333333333,6,10,1.37666489859818,9,8,10,1.01015254455221,8.33333333333333,6,10,1.37666489859818,0,1.99574173292381,2.82842712474619,0.593497107983451,"F4_R25",0.286497701399519,0.706508810356395,0.0523490600394965,0.271391979495859,-0.134755835195509,1.18199171609576,0.639097744360902,335,"hard"
700,"-1:-1|0:-2|0:2|2:2",4,TRUE,2,2,0,"mixed",2.06066017177982,2.82842712474619,2.5,4,2,1.99574173292381,2,8,1,25,0,TRUE,25,33554432,0,1,25,25,0.833333333333333,2,0.666666666666667,0.166666666666667,0.688332449299089,8.33333333333333,6,10,1.37666489859818,9,8,10,1.01015254455221,8.33333333333333,6,10,1.37666489859818,0,1.99574173292381,2.82842712474619,0.593497107983451,"F4_R25",0.286497701399519,0.706508810356395,0.0523490600394965,0.271391979495859,-0.134755835195509,1.18199171609576,0.639097744360902,335,"hard"
753,"-1:-1|-1:1|-1:2|2:2",4,TRUE,0,3,1,"off_axis",1.97323055674804,2.82842712474619,2.75,4,2,1.99574173292381,2,8,1,25,0,TRUE,25,33554432,0,1,25,25,0.833333333333333,2,0.666666666666667,0.166666666666667,0.688332449299089,8.33333333333333,6,10,1.37666489859818,9,8,10,1.01015254455221,8.33333333333333,6,10,1.37666489859818,0,1.99574173292381,2.82842712474619,0.593497107983451,"F4_R25",0.286497701399519,0.706508810356395,0.0523490600394965,0.271391979495859,-0.134755835195509,1.18199171609576,0.639097744360902,335,"hard"
1484,"-1:-2|0:-1|0:2|2:0",4,TRUE,3,0,1,"mixed",1.80901699437495,2.23606797749979,2,3,2,1.99574173292381,2,8,1,25,0,TRUE,25,33554432,0,1,25,25,0.833333333333333,2,0.666666666666667,0.166666666666667,0.688332449299089,8.33333333333333,6,10,1.37666489859818,9,8,10,1.01015254455221,8.33333333333333,6,10,1.37666489859818,0,1.99574173292381,2.82842712474619,0.593497107983451,"F4_R25",0.286497701399519,0.706508810356395,0.0523490600394965,0.271391979495859,-0.134755835195509,1.18199171609576,0.639097744360902,335,"hard"
1608,"-1:-1|0:-2|0:1|2:1",4,TRUE,2,1,1,"mixed",1.66257038496822,2.23606797749979,2,3,2,1.99574173292381,2,8,1,25,0,TRUE,25,33554432,0,1,25,25,0.833333333333333,2,0.666666666666667,0.166666666666667,0.688332449299089,8.33333333333333,6,10,1.37666489859818,9,8,10,1.01015254455221,8.33333333333333,6,10,1.37666489859818,0,1.99574173292381,2.82842712474619,0.593497107983451,"F4_R25",0.286497701399519,0.706508810356395,0.0523490600394965,0.271391979495859,-0.134755835195509,1.18199171609576,0.639097744360902,335,"hard"
749,"-2:-1|-2:2|-1:-1|0:-2",4,TRUE,1,2,1,"mixed",2.11967716615477,2.82842712474619,2.75,4,2,1.96011261594915,2,8,1,25,0,TRUE,25,33554432,0,1,25,25,0.833333333333333,2,0.666666666666667,0.166666666666667,0.688332449299089,8.33333333333333,6,10,1.37666489859818,9,8,10,1.01015254455221,8.33333333333333,6,10,1.37666489859818,0,1.96011261594915,2.82842712474619,0.535369584489657,"F4_R25",0.0570922279763234,0.706508810356395,0.0523490600394965,0.271391979495859,-0.134755835195509,0.952586242672566,0.633727175080559,340,"hard"
762,"-2:-1|-2:0|-1:-2|2:-2",4,TRUE,1,1,2,"mixed",2.32514076993644,2.82842712474619,3,4,2,1.96011261594915,2,8,1,25,0,TRUE,25,33554432,0,1,25,25,0.833333333333333,2,0.666666666666667,0.166666666666667,0.688332449299089,8.33333333333333,6,10,1.37666489859818,9,8,10,1.01015254455221,8.33333333333333,6,10,1.37666489859818,0,1.96011261594915,2.82842712474619,0.535369584489657,"F4_R25",0.0570922279763234,0.706508810356395,0.0523490600394965,0.271391979495859,-0.134755835195509,0.952586242672566,0.633727175080559,340,"hard"
1235,"-1:-2|1:-2|1:-1|2:0",4,TRUE,1,1,2,"mixed",1.97158737934317,2.23606797749979,2.5,3,2,1.96011261594915,2,8,1,25,0,TRUE,25,33554432,0,1,25,25,0.833333333333333,2,0.666666666666667,0.166666666666667,0.688332449299089,8.33333333333333,6,10,1.37666489859818,9,8,10,1.01015254455221,8.33333333333333,6,10,1.37666489859818,0,1.96011261594915,2.82842712474619,0.535369584489657,"F4_R25",0.0570922279763234,0.706508810356395,0.0523490600394965,0.271391979495859,-0.134755835195509,0.952586242672566,0.633727175080559,340,"hard"
1247,"-1:-2|0:-1|1:-2|2:0",4,TRUE,2,0,2,"mixed",1.86803398874989,2.23606797749979,2.25,3,2,1.96011261594915,2,8,1,25,0,TRUE,25,33554432,0,1,25,25,0.833333333333333,2,0.666666666666667,0.166666666666667,0.688332449299089,8.33333333333333,6,10,1.37666489859818,9,8,10,1.01015254455221,8.33333333333333,6,10,1.37666489859818,0,1.96011261594915,2.82842712474619,0.535369584489657,"F4_R25",0.0570922279763234,0.706508810356395,0.0523490600394965,0.271391979495859,-0.134755835195509,0.952586242672566,0.633727175080559,340,"hard"
1519,"-1:-1|-1:1|1:-2|1:0",4,TRUE,1,2,1,"mixed",1.51612377556149,2.23606797749979,2,3,2,1.96011261594915,2,8,1,25,0,TRUE,25,33554432,0,1,25,25,0.833333333333333,2,0.666666666666667,0.166666666666667,0.688332449299089,8.33333333333333,6,10,1.37666489859818,9,8,10,1.01015254455221,8.33333333333333,6,10,1.37666489859818,0,1.96011261594915,2.82842712474619,0.535369584489657,"F4_R25",0.0570922279763234,0.706508810356395,0.0523490600394965,0.271391979495859,-0.134755835195509,0.952586242672566,0.633727175080559,340,"hard"
589,"-1:-2|0:2|1:1|2:2",4,TRUE,1,2,1,"mixed",2.11967716615477,2.82842712474619,2.75,4,2,1.97858444539843,1,8,1,25,0,TRUE,25,33554432,0,1,25,25,0.833333333333333,2,0.666666666666667,0.166666666666667,0.688332449299089,8.33333333333333,6,10,1.37666489859818,10,10,10,0,8.33333333333333,6,10,1.37666489859818,0,1.97858444539843,2.82842712474619,0.562932394231188,"F4_R25",0.176026940358286,1.75502188559869,0.0523490600394965,0.271391979495859,-1.3423754352168,0.91241443027553,0.630504833512352,345,"hard"
1437,"-1:-2|0:-1|1:-1|2:1",4,TRUE,1,1,2,"mixed",1.72158737934317,2.23606797749979,2.25,3,2,1.94295532842377,2,8,1,25,0,TRUE,25,33554432,0,1,25,25,0.833333333333333,2,0.583333333333333,0.25,0.800640769025436,8.33333333333333,6,10,1.60128153805087,8,8,8,0,8.33333333333333,6,10,1.60128153805087,0,1.94295532842377,2.82842712474619,0.68712330427472,"F4_R25",-0.053378533064909,-0.342004264885899,1.17015005204386,0.271391979495859,-0.134755835195509,0.911403398393401,0.629430719656284,346,"hard"
429,"-1:-1|1:-2|1:0|2:-2",4,TRUE,1,2,1,"mixed",1.86967716615477,2.82842712474619,2.5,4,2,1.94229805746182,2,8,1,25,0,TRUE,25,33554432,0,1,25,25,0.833333333333333,2,0.583333333333333,0.25,0.800640769025436,8.33333333333333,6,10,1.60128153805087,8,6,10,2.02030508910442,8.33333333333333,6,10,1.60128153805087,0,1.94229805746182,2.82842712474619,0.603212009882676,"F4_R25",-0.0576105087352749,-0.342004264885899,1.17015005204386,0.271391979495859,-0.134755835195509,0.907171422723036,0.623523093447905,347,"hard"
443,"-2:-1|1:-2|1:0|2:-2",4,TRUE,1,1,2,"mixed",2.07514076993644,2.82842712474619,2.75,4,2,1.94229805746182,2,8,1,25,0,TRUE,25,33554432,0,1,25,25,0.833333333333333,2,0.583333333333333,0.25,0.800640769025436,8.33333333333333,6,10,1.60128153805087,8,6,10,2.02030508910442,8.33333333333333,6,10,1.60128153805087,0,1.94229805746182,2.82842712474619,0.603212009882676,"F4_R25",-0.0576105087352749,-0.342004264885899,1.17015005204386,0.271391979495859,-0.134755835195509,0.907171422723036,0.623523093447905,347,"hard"
543,"-1:-2|0:-2|1:2|2:2",4,TRUE,1,1,2,"mixed",2.32514076993644,2.82842712474619,3,4,2,1.94229805746182,2,8,1,25,0,TRUE,25,33554432,0,1,25,25,0.833333333333333,2,0.583333333333333,0.25,0.800640769025436,8.33333333333333,6,10,1.60128153805087,8,6,10,2.02030508910442,8.33333333333333,6,10,1.60128153805087,0,1.94229805746182,2.82842712474619,0.603212009882676,"F4_R25",-0.0576105087352749,-0.342004264885899,1.17015005204386,0.271391979495859,-0.134755835195509,0.907171422723036,0.623523093447905,347,"hard"
744,"-1:-2|-1:2|0:-1|2:-2",4,TRUE,1,1,2,"mixed",2.07514076993644,2.82842712474619,2.75,4,2,1.94229805746182,2,8,1,25,0,TRUE,25,33554432,0,1,25,25,0.833333333333333,2,0.583333333333333,0.25,0.800640769025436,8.33333333333333,6,10,1.60128153805087,8,6,10,2.02030508910442,8.33333333333333,6,10,1.60128153805087,0,1.94229805746182,2.82842712474619,0.603212009882676,"F4_R25",-0.0576105087352749,-0.342004264885899,1.17015005204386,0.271391979495859,-0.134755835195509,0.907171422723036,0.623523093447905,347,"hard"
1089,"-1:0|0:-2|1:-2|2:-1",4,TRUE,2,0,2,"mixed",1.86803398874989,2.23606797749979,2.25,3,2,1.94229805746182,2,8,1,25,0,TRUE,25,33554432,0,1,25,25,0.833333333333333,2,0.583333333333333,0.25,0.800640769025436,8.33333333333333,6,10,1.60128153805087,8,6,10,2.02030508910442,8.33333333333333,6,10,1.60128153805087,0,1.94229805746182,2.82842712474619,0.603212009882676,"F4_R25",-0.0576105087352749,-0.342004264885899,1.17015005204386,0.271391979495859,-0.134755835195509,0.907171422723036,0.623523093447905,347,"hard"
1143,"-1:-2|0:-2|1:0|2:-1",4,TRUE,2,0,2,"mixed",1.86803398874989,2.23606797749979,2.25,3,2,1.94229805746182,2,8,1,25,0,TRUE,25,33554432,0,1,25,25,0.833333333333333,2,0.583333333333333,0.25,0.800640769025436,8.33333333333333,6,10,1.60128153805087,8,6,10,2.02030508910442,8.33333333333333,6,10,1.60128153805087,0,1.94229805746182,2.82842712474619,0.603212009882676,"F4_R25",-0.0576105087352749,-0.342004264885899,1.17015005204386,0.271391979495859,-0.134755835195509,0.907171422723036,0.623523093447905,347,"hard"
1246,"-1:-2|-1:-1|1:-2|1:2",4,TRUE,0,1,3,"off_axis",2.03060437371812,2.23606797749979,2.75,3,2,1.94229805746182,2,8,1,25,0,TRUE,25,33554432,0,1,25,25,0.833333333333333,2,0.583333333333333,0.25,0.800640769025436,8.33333333333333,6,10,1.60128153805087,8,6,10,2.02030508910442,8.33333333333333,6,10,1.60128153805087,0,1.94229805746182,2.82842712474619,0.603212009882676,"F4_R25",-0.0576105087352749,-0.342004264885899,1.17015005204386,0.271391979495859,-0.134755835195509,0.907171422723036,0.623523093447905,347,"hard"
1366,"-1:-2|-1:-1|0:1|2:-1",4,TRUE,1,1,2,"mixed",1.72158737934317,2.23606797749979,2.25,3,2,1.94229805746182,2,8,1,25,0,TRUE,25,33554432,0,1,25,25,0.833333333333333,2,0.583333333333333,0.25,0.800640769025436,8.33333333333333,6,10,1.60128153805087,8,6,10,2.02030508910442,8.33333333333333,6,10,1.60128153805087,0,1.94229805746182,2.82842712474619,0.603212009882676,"F4_R25",-0.0576105087352749,-0.342004264885899,1.17015005204386,0.271391979495859,-0.134755835195509,0.907171422723036,0.623523093447905,347,"hard"
1402,"-1:-2|-1:-1|0:1|2:0",4,TRUE,2,1,1,"mixed",1.66257038496822,2.23606797749979,2,3,2,1.94229805746182,2,8,1,25,0,TRUE,25,33554432,0,1,25,25,0.833333333333333,2,0.583333333333333,0.25,0.800640769025436,8.33333333333333,6,10,1.60128153805087,8,6,10,2.02030508910442,8.33333333333333,6,10,1.60128153805087,0,1.94229805746182,2.82842712474619,0.603212009882676,"F4_R25",-0.0576105087352749,-0.342004264885899,1.17015005204386,0.271391979495859,-0.134755835195509,0.907171422723036,0.623523093447905,347,"hard"
1448,"-1:-2|-1:2|0:-1|2:-1",4,TRUE,1,0,3,"mixed",1.92705098312484,2.23606797749979,2.5,3,2,1.94229805746182,2,8,1,25,0,TRUE,25,33554432,0,1,25,25,0.833333333333333,2,0.583333333333333,0.25,0.800640769025436,8.33333333333333,6,10,1.60128153805087,8,6,10,2.02030508910442,8.33333333333333,6,10,1.60128153805087,0,1.94229805746182,2.82842712474619,0.603212009882676,"F4_R25",-0.0576105087352749,-0.342004264885899,1.17015005204386,0.271391979495859,-0.134755835195509,0.907171422723036,0.623523093447905,347,"hard"
759,"-2:-1|-2:2|-1:-1|2:-2",4,TRUE,0,3,1,"off_axis",2.32678394734132,2.82842712474619,3.25,4,2,1.9607698869111,1,8,1,25,0,TRUE,25,33554432,0,1,25,25,0.833333333333333,2,0.583333333333333,0.25,0.800640769025436,8.33333333333333,6,10,1.60128153805087,9,8,10,1.01015254455221,8.33333333333333,6,10,1.60128153805087,0,1.9607698869111,2.82842712474619,0.628385453702687,"F4_R25",0.0613242036466893,0.706508810356395,1.17015005204386,0.271391979495859,-1.3423754352168,0.866999610326002,0.61546723952739,357,"hard"
991,"-1:-1|1:-2|1:-1|2:2",4,TRUE,0,3,1,"off_axis",1.97323055674804,2.82842712474619,2.75,4,2,1.9607698869111,1,8,1,25,0,TRUE,25,33554432,0,1,25,25,0.833333333333333,2,0.583333333333333,0.25,0.800640769025436,8.33333333333333,6,10,1.60128153805087,9,8,10,1.01015254455221,8.33333333333333,6,10,1.60128153805087,0,1.9607698869111,2.82842712474619,0.628385453702687,"F4_R25",0.0613242036466893,0.706508810356395,1.17015005204386,0.271391979495859,-1.3423754352168,0.866999610326002,0.61546723952739,357,"hard"
1037,"-1:-1|0:-2|1:-2|2:2",4,TRUE,1,2,1,"mixed",2.11967716615477,2.82842712474619,2.75,4,2,1.9607698869111,1,8,1,25,0,TRUE,25,33554432,0,1,25,25,0.833333333333333,2,0.583333333333333,0.25,0.800640769025436,8.33333333333333,6,10,1.60128153805087,9,8,10,1.01015254455221,8.33333333333333,6,10,1.60128153805087,0,1.9607698869111,2.82842712474619,0.628385453702687,"F4_R25",0.0613242036466893,0.706508810356395,1.17015005204386,0.271391979495859,-1.3423754352168,0.866999610326002,0.61546723952739,357,"hard"
1302,"-1:-1|0:1|1:2|2:1",4,TRUE,1,1,2,"mixed",1.72158737934317,2.23606797749979,2.25,3,2,1.9607698869111,1,8,1,25,0,TRUE,25,33554432,0,1,25,25,0.833333333333333,2,0.583333333333333,0.25,0.800640769025436,8.33333333333333,6,10,1.60128153805087,9,8,10,1.01015254455221,8.33333333333333,6,10,1.60128153805087,0,1.9607698869111,2.82842712474619,0.628385453702687,"F4_R25",0.0613242036466893,0.706508810356395,1.17015005204386,0.271391979495859,-1.3423754352168,0.866999610326002,0.61546723952739,357,"hard"
1482,"-1:-1|0:-2|1:0|2:1",4,TRUE,2,1,1,"mixed",1.66257038496822,2.23606797749979,2,3,2,1.9607698869111,1,8,1,25,0,TRUE,25,33554432,0,1,25,25,0.833333333333333,2,0.583333333333333,0.25,0.800640769025436,8.33333333333333,6,10,1.60128153805087,9,8,10,1.01015254455221,8.33333333333333,6,10,1.60128153805087,0,1.9607698869111,2.82842712474619,0.628385453702687,"F4_R25",0.0613242036466893,0.706508810356395,1.17015005204386,0.271391979495859,-1.3423754352168,0.866999610326002,0.61546723952739,357,"hard"
347,"-1:-2|1:-2|2:-2|2:-1",4,TRUE,0,1,3,"off_axis",2.38415776431139,2.82842712474619,3.25,4,2,1.91869125971184,3,8,1,25,0,TRUE,25,33554432,0,1,25,25,0.833333333333333,2,0.666666666666667,0.166666666666667,0.688332449299089,8.33333333333333,6,10,1.37666489859818,8,8,8,0,8.33333333333333,6,10,1.37666489859818,0,1.91869125971184,2.82842712474619,0.595001260414515,"F4_R25",-0.209607781575099,-0.342004264885899,0.0523490600394965,0.271391979495859,1.07286376482578,0.844992757900142,0.604726100966702,362,"hard"
362,"-1:-2|1:-2|1:2|2:-2",4,TRUE,0,1,3,"off_axis",2.38415776431139,2.82842712474619,3.25,4,2,1.91869125971184,3,8,1,25,0,TRUE,25,33554432,0,1,25,25,0.833333333333333,2,0.666666666666667,0.166666666666667,0.688332449299089,8.33333333333333,6,10,1.37666489859818,8,8,8,0,8.33333333333333,6,10,1.37666489859818,0,1.91869125971184,2.82842712474619,0.595001260414515,"F4_R25",-0.209607781575099,-0.342004264885899,0.0523490600394965,0.271391979495859,1.07286376482578,0.844992757900142,0.604726100966702,362,"hard"
465,"-2:-1|0:-2|2:-2|2:-1",4,TRUE,1,1,2,"mixed",2.32514076993644,2.82842712474619,3,4,2,1.91869125971184,3,8,1,25,0,TRUE,25,33554432,0,1,25,25,0.833333333333333,2,0.666666666666667,0.166666666666667,0.688332449299089,8.33333333333333,6,10,1.37666489859818,8,8,8,0,8.33333333333333,6,10,1.37666489859818,0,1.91869125971184,2.82842712474619,0.595001260414515,"F4_R25",-0.209607781575099,-0.342004264885899,0.0523490600394965,0.271391979495859,1.07286376482578,0.844992757900142,0.604726100966702,362,"hard"
644,"-1:-1|0:-1|2:-2|2:0",4,TRUE,2,2,0,"mixed",1.81066017177982,2.82842712474619,2.25,4,2,1.91869125971184,3,8,1,25,0,TRUE,25,33554432,0,1,25,25,0.833333333333333,2,0.666666666666667,0.166666666666667,0.688332449299089,8.33333333333333,6,10,1.37666489859818,8,8,8,0,8.33333333333333,6,10,1.37666489859818,0,1.91869125971184,2.82842712474619,0.595001260414515,"F4_R25",-0.209607781575099,-0.342004264885899,0.0523490600394965,0.271391979495859,1.07286376482578,0.844992757900142,0.604726100966702,362,"hard"
930,"-1:-1|0:-1|0:2|2:-2",4,TRUE,2,2,0,"mixed",1.81066017177982,2.82842712474619,2.25,4,2,1.91869125971184,3,8,1,25,0,TRUE,25,33554432,0,1,25,25,0.833333333333333,2,0.666666666666667,0.166666666666667,0.688332449299089,8.33333333333333,6,10,1.37666489859818,8,8,8,0,8.33333333333333,6,10,1.37666489859818,0,1.91869125971184,2.82842712474619,0.595001260414515,"F4_R25",-0.209607781575099,-0.342004264885899,0.0523490600394965,0.271391979495859,1.07286376482578,0.844992757900142,0.604726100966702,362,"hard"
944,"-2:-2|-1:0|0:-1|0:2",4,TRUE,3,1,0,"mixed",1.70710678118655,2.82842712474619,2,4,2,1.91869125971184,3,8,1,25,0,TRUE,25,33554432,0,1,25,25,0.833333333333333,2,0.666666666666667,0.166666666666667,0.688332449299089,8.33333333333333,6,10,1.37666489859818,8,8,8,0,8.33333333333333,6,10,1.37666489859818,0,1.91869125971184,2.82842712474619,0.595001260414515,"F4_R25",-0.209607781575099,-0.342004264885899,0.0523490600394965,0.271391979495859,1.07286376482578,0.844992757900142,0.604726100966702,362,"hard"
1151,"-1:-2|0:-2|0:2|2:-1",4,TRUE,2,0,2,"mixed",2.11803398874989,2.23606797749979,2.5,3,2,1.91869125971184,3,8,1,25,0,TRUE,25,33554432,0,1,25,25,0.833333333333333,2,0.666666666666667,0.166666666666667,0.688332449299089,8.33333333333333,6,10,1.37666489859818,8,8,8,0,8.33333333333333,6,10,1.37666489859818,0,1.91869125971184,2.82842712474619,0.595001260414515,"F4_R25",-0.209607781575099,-0.342004264885899,0.0523490600394965,0.271391979495859,1.07286376482578,0.844992757900142,0.604726100966702,362,"hard"
1160,"-2:-1|-2:0|0:-2|2:-1",4,TRUE,2,0,2,"mixed",2.11803398874989,2.23606797749979,2.5,3,2,1.91869125971184,3,8,1,25,0,TRUE,25,33554432,0,1,25,25,0.833333333333333,2,0.666666666666667,0.166666666666667,0.688332449299089,8.33333333333333,6,10,1.37666489859818,8,8,8,0,8.33333333333333,6,10,1.37666489859818,0,1.91869125971184,2.82842712474619,0.595001260414515,"F4_R25",-0.209607781575099,-0.342004264885899,0.0523490600394965,0.271391979495859,1.07286376482578,0.844992757900142,0.604726100966702,362,"hard"
1195,"-2:-1|-1:2|0:-2|0:2",4,TRUE,2,0,2,"mixed",2.11803398874989,2.23606797749979,2.5,3,2,1.91869125971184,3,8,1,25,0,TRUE,25,33554432,0,1,25,25,0.833333333333333,2,0.666666666666667,0.166666666666667,0.688332449299089,8.33333333333333,6,10,1.37666489859818,8,8,8,0,8.33333333333333,6,10,1.37666489859818,0,1.91869125971184,2.82842712474619,0.595001260414515,"F4_R25",-0.209607781575099,-0.342004264885899,0.0523490600394965,0.271391979495859,1.07286376482578,0.844992757900142,0.604726100966702,362,"hard"
1267,"-1:-2|-1:0|0:1|1:-2",4,TRUE,2,0,2,"mixed",1.61803398874989,2.23606797749979,2,3,2,1.91869125971184,3,8,1,25,0,TRUE,25,33554432,0,1,25,25,0.833333333333333,2,0.666666666666667,0.166666666666667,0.688332449299089,8.33333333333333,6,10,1.37666489859818,8,8,8,0,8.33333333333333,6,10,1.37666489859818,0,1.91869125971184,2.82842712474619,0.595001260414515,"F4_R25",-0.209607781575099,-0.342004264885899,0.0523490600394965,0.271391979495859,1.07286376482578,0.844992757900142,0.604726100966702,362,"hard"
1280,"-1:-1|-1:0|2:-1|2:1",4,TRUE,1,1,2,"mixed",1.72158737934317,2.23606797749979,2.25,3,2,1.91869125971184,3,8,1,25,0,TRUE,25,33554432,0,1,25,25,0.833333333333333,2,0.666666666666667,0.166666666666667,0.688332449299089,8.33333333333333,6,10,1.37666489859818,8,8,8,0,8.33333333333333,6,10,1.37666489859818,0,1.91869125971184,2.82842712474619,0.595001260414515,"F4_R25",-0.209607781575099,-0.342004264885899,0.0523490600394965,0.271391979495859,1.07286376482578,0.844992757900142,0.604726100966702,362,"hard"
1506,"-1:-1|-1:0|1:-2|2:0",4,TRUE,2,1,1,"mixed",1.66257038496822,2.23606797749979,2,3,2,1.91869125971184,3,8,1,25,0,TRUE,25,33554432,0,1,25,25,0.833333333333333,2,0.666666666666667,0.166666666666667,0.688332449299089,8.33333333333333,6,10,1.37666489859818,8,8,8,0,8.33333333333333,6,10,1.37666489859818,0,1.91869125971184,2.82842712474619,0.595001260414515,"F4_R25",-0.209607781575099,-0.342004264885899,0.0523490600394965,0.271391979495859,1.07286376482578,0.844992757900142,0.604726100966702,362,"hard"
1531,"-1:-1|-1:0|-1:2|1:-2",4,TRUE,1,1,2,"mixed",1.72158737934317,2.23606797749979,2.25,3,2,1.91869125971184,3,8,1,25,0,TRUE,25,33554432,0,1,25,25,0.833333333333333,2,0.666666666666667,0.166666666666667,0.688332449299089,8.33333333333333,6,10,1.37666489859818,8,8,8,0,8.33333333333333,6,10,1.37666489859818,0,1.91869125971184,2.82842712474619,0.595001260414515,"F4_R25",-0.209607781575099,-0.342004264885899,0.0523490600394965,0.271391979495859,1.07286376482578,0.844992757900142,0.604726100966702,362,"hard"
1559,"-1:-1|-1:0|-1:2|2:1",4,TRUE,1,1,2,"mixed",1.72158737934317,2.23606797749979,2.25,3,2,1.91869125971184,3,8,1,25,0,TRUE,25,33554432,0,1,25,25,0.833333333333333,2,0.666666666666667,0.166666666666667,0.688332449299089,8.33333333333333,6,10,1.37666489859818,8,8,8,0,8.33333333333333,6,10,1.37666489859818,0,1.91869125971184,2.82842712474619,0.595001260414515,"F4_R25",-0.209607781575099,-0.342004264885899,0.0523490600394965,0.271391979495859,1.07286376482578,0.844992757900142,0.604726100966702,362,"hard"
1579,"-1:0|0:-1|0:2|2:1",4,TRUE,3,0,1,"mixed",1.55901699437495,2.23606797749979,1.75,3,2,1.91869125971184,3,8,1,25,0,TRUE,25,33554432,0,1,25,25,0.833333333333333,2,0.666666666666667,0.166666666666667,0.688332449299089,8.33333333333333,6,10,1.37666489859818,8,8,8,0,8.33333333333333,6,10,1.37666489859818,0,1.91869125971184,2.82842712474619,0.595001260414515,"F4_R25",-0.209607781575099,-0.342004264885899,0.0523490600394965,0.271391979495859,1.07286376482578,0.844992757900142,0.604726100966702,362,"hard"
460,"-1:-1|0:-2|2:-2|2:-1",4,TRUE,1,2,1,"mixed",2.11967716615477,2.82842712474619,2.75,4,2,1.93650581819917,2,8,1,25,0,TRUE,25,33554432,0,1,25,25,0.833333333333333,2,0.666666666666667,0.166666666666667,0.688332449299089,8.33333333333333,6,10,1.37666489859818,9,8,10,1.01015254455221,8.33333333333333,6,10,1.37666489859818,0,1.93650581819917,2.82842712474619,0.526988526209425,"F4_R25",-0.0949050448635005,0.706508810356395,0.0523490600394965,0.271391979495859,-0.134755835195509,0.800588969832742,0.593984962406015,377,"medium"
649,"-2:-1|0:-1|2:-2|2:0",4,TRUE,2,1,1,"mixed",2.01612377556149,2.82842712474619,2.5,4,2,1.93650581819917,2,8,1,25,0,TRUE,25,33554432,0,1,25,25,0.833333333333333,2,0.666666666666667,0.166666666666667,0.688332449299089,8.33333333333333,6,10,1.37666489859818,9,8,10,1.01015254455221,8.33333333333333,6,10,1.37666489859818,0,1.93650581819917,2.82842712474619,0.526988526209425,"F4_R25",-0.0949050448635005,0.706508810356395,0.0523490600394965,0.271391979495859,-0.134755835195509,0.800588969832742,0.593984962406015,377,"medium"
1156,"-1:-1|0:-2|2:-1|2:0",4,TRUE,2,1,1,"mixed",1.91257038496822,2.23606797749979,2.25,3,2,1.93650581819917,2,8,1,25,0,TRUE,25,33554432,0,1,25,25,0.833333333333333,2,0.666666666666667,0.166666666666667,0.688332449299089,8.33333333333333,6,10,1.37666489859818,9,8,10,1.01015254455221,8.33333333333333,6,10,1.37666489859818,0,1.93650581819917,2.82842712474619,0.526988526209425,"F4_R25",-0.0949050448635005,0.706508810356395,0.0523490600394965,0.271391979495859,-0.134755835195509,0.800588969832742,0.593984962406015,377,"medium"
1198,"-1:-1|-1:1|2:-1|2:0",4,TRUE,1,2,1,"mixed",1.76612377556149,2.23606797749979,2.25,3,2,1.93650581819917,2,8,1,25,0,TRUE,25,33554432,0,1,25,25,0.833333333333333,2,0.666666666666667,0.166666666666667,0.688332449299089,8.33333333333333,6,10,1.37666489859818,9,8,10,1.01015254455221,8.33333333333333,6,10,1.37666489859818,0,1.93650581819917,2.82842712474619,0.526988526209425,"F4_R25",-0.0949050448635005,0.706508810356395,0.0523490600394965,0.271391979495859,-0.134755835195509,0.800588969832742,0.593984962406015,377,"medium"
1271,"-1:-2|-1:0|0:2|1:-2",4,TRUE,2,0,2,"mixed",1.86803398874989,2.23606797749979,2.25,3,2,1.93650581819917,2,8,1,25,0,TRUE,25,33554432,0,1,25,25,0.833333333333333,2,0.666666666666667,0.166666666666667,0.688332449299089,8.33333333333333,6,10,1.37666489859818,9,8,10,1.01015254455221,8.33333333333333,6,10,1.37666489859818,0,1.93650581819917,2.82842712474619,0.526988526209425,"F4_R25",-0.0949050448635005,0.706508810356395,0.0523490600394965,0.271391979495859,-0.134755835195509,0.800588969832742,0.593984962406015,377,"medium"
502,"-1:-2|-1:-1|2:-2|2:-1",4,TRUE,0,2,2,"off_axis",2.17869416052972,2.82842712474619,3,4,2,1.91869125971184,2,8,1,25,0,TRUE,25,33554432,0,1,25,25,0.833333333333333,2,0.583333333333333,0.25,0.800640769025436,8.33333333333333,6,10,1.60128153805087,8,6,10,2.02030508910442,8.33333333333333,6,10,1.60128153805087,0,1.91869125971184,2.82842712474619,0.595001260414515,"F4_R25",-0.209607781575099,-0.342004264885899,1.17015005204386,0.271391979495859,-0.134755835195509,0.755174149883212,0.588614393125671,382,"medium"
935,"-2:-1|-2:0|0:-1|2:-2",4,TRUE,2,1,1,"mixed",2.01612377556149,2.82842712474619,2.5,4,2,1.91869125971184,2,8,1,25,0,TRUE,25,33554432,0,1,25,25,0.833333333333333,2,0.583333333333333,0.25,0.800640769025436,8.33333333333333,6,10,1.60128153805087,8,6,10,2.02030508910442,8.33333333333333,6,10,1.60128153805087,0,1.91869125971184,2.82842712474619,0.595001260414515,"F4_R25",-0.209607781575099,-0.342004264885899,1.17015005204386,0.271391979495859,-0.134755835195509,0.755174149883212,0.588614393125671,382,"medium"
1165,"-1:-2|0:-1|2:-1|2:0",4,TRUE,2,0,2,"mixed",1.86803398874989,2.23606797749979,2.25,3,2,1.91869125971184,2,8,1,25,0,TRUE,25,33554432,0,1,25,25,0.833333333333333,2,0.583333333333333,0.25,0.800640769025436,8.33333333333333,6,10,1.60128153805087,8,6,10,2.02030508910442,8.33333333333333,6,10,1.60128153805087,0,1.91869125971184,2.82842712474619,0.595001260414515,"F4_R25",-0.209607781575099,-0.342004264885899,1.17015005204386,0.271391979495859,-0.134755835195509,0.755174149883212,0.588614393125671,382,"medium"
1168,"-1:-1|0:1|2:0|2:1",4,TRUE,2,1,1,"mixed",1.66257038496822,2.23606797749979,2,3,2,1.91869125971184,2,8,1,25,0,TRUE,25,33554432,0,1,25,25,0.833333333333333,2,0.583333333333333,0.25,0.800640769025436,8.33333333333333,6,10,1.60128153805087,8,6,10,2.02030508910442,8.33333333333333,6,10,1.60128153805087,0,1.91869125971184,2.82842712474619,0.595001260414515,"F4_R25",-0.209607781575099,-0.342004264885899,1.17015005204386,0.271391979495859,-0.134755835195509,0.755174149883212,0.588614393125671,382,"medium"
1172,"-1:-2|-1:0|0:-2|1:2",4,TRUE,2,0,2,"mixed",1.86803398874989,2.23606797749979,2.25,3,2,1.91869125971184,2,8,1,25,0,TRUE,25,33554432,0,1,25,25,0.833333333333333,2,0.583333333333333,0.25,0.800640769025436,8.33333333333333,6,10,1.60128153805087,8,6,10,2.02030508910442,8.33333333333333,6,10,1.60128153805087,0,1.91869125971184,2.82842712474619,0.595001260414515,"F4_R25",-0.209607781575099,-0.342004264885899,1.17015005204386,0.271391979495859,-0.134755835195509,0.755174149883212,0.588614393125671,382,"medium"
377,"-1:0|2:-2|2:-1|2:2",4,TRUE,1,2,1,"mixed",2.22323055674804,2.82842712474619,3,4,2,2.07858444539843,2,8,1,25,0,TRUE,25,33554432,0,1,25,25,0.833333333333333,2,0.583333333333333,0.25,0.800640769025436,8.33333333333333,6,10,1.60128153805087,7,6,8,1.01015254455221,8.33333333333333,6,10,1.60128153805087,0,2.07858444539843,2.82842712474619,0.802417668568409,"F4_R25",0.819897720502362,-1.39051734012819,1.17015005204386,0.271391979495859,-0.134755835195509,0.736166576718378,0.585392051557465,387,"medium"
448,"-1:0|1:-2|2:1|2:2",4,TRUE,1,1,2,"mixed",2.07514076993644,2.82842712474619,2.75,4,2,2.08437668466108,2,8,1,25,0,TRUE,25,33554432,0,1,25,25,0.833333333333333,2,0.666666666666667,0.166666666666667,0.688332449299089,8.33333333333333,6,10,1.37666489859818,8,8,8,0,8.33333333333333,6,10,1.37666489859818,0,2.08437668466108,2.82842712474619,0.711316335661704,"F4_R25",0.85719225663059,-0.342004264885899,0.0523490600394965,0.271391979495859,-0.134755835195509,0.704173196084538,0.582169709989259,388,"medium"
524,"-2:-2|-1:-2|0:1|2:2",4,TRUE,1,2,1,"mixed",2.22323055674804,2.82842712474619,3,4,2,2.08437668466108,2,8,1,25,0,TRUE,25,33554432,0,1,25,25,0.833333333333333,2,0.666666666666667,0.166666666666667,0.688332449299089,8.33333333333333,6,10,1.37666489859818,8,8,8,0,8.33333333333333,6,10,1.37666489859818,0,2.08437668466108,2.82842712474619,0.711316335661704,"F4_R25",0.85719225663059,-0.342004264885899,0.0523490600394965,0.271391979495859,-0.134755835195509,0.704173196084538,0.582169709989259,388,"medium"
529,"-1:-2|-1:-1|1:2|2:2",4,TRUE,0,2,2,"off_axis",2.17869416052972,2.82842712474619,3,4,2,2.08437668466108,2,8,1,25,0,TRUE,25,33554432,0,1,25,25,0.833333333333333,2,0.666666666666667,0.166666666666667,0.688332449299089,8.33333333333333,6,10,1.37666489859818,8,8,8,0,8.33333333333333,6,10,1.37666489859818,0,2.08437668466108,2.82842712474619,0.711316335661704,"F4_R25",0.85719225663059,-0.342004264885899,0.0523490600394965,0.271391979495859,-0.134755835195509,0.704173196084538,0.582169709989259,388,"medium"
851,"-1:-1|1:0|2:-2|2:2",4,TRUE,1,3,0,"mixed",2.01776695296637,2.82842712474619,2.75,4,2,2.08437668466108,2,8,1,25,0,TRUE,25,33554432,0,1,25,25,0.833333333333333,2,0.666666666666667,0.166666666666667,0.688332449299089,8.33333333333333,6,10,1.37666489859818,8,8,8,0,8.33333333333333,6,10,1.37666489859818,0,2.08437668466108,2.82842712474619,0.711316335661704,"F4_R25",0.85719225663059,-0.342004264885899,0.0523490600394965,0.271391979495859,-0.134755835195509,0.704173196084538,0.582169709989259,388,"medium"
1488,"-1:-2|-1:2|1:0|2:-1",4,TRUE,1,0,3,"mixed",1.92705098312484,2.23606797749979,2.5,3,2,2.08437668466108,2,8,1,25,0,TRUE,25,33554432,0,1,25,25,0.833333333333333,2,0.666666666666667,0.166666666666667,0.688332449299089,8.33333333333333,6,10,1.37666489859818,8,8,8,0,8.33333333333333,6,10,1.37666489859818,0,2.08437668466108,2.82842712474619,0.711316335661704,"F4_R25",0.85719225663059,-0.342004264885899,0.0523490600394965,0.271391979495859,-0.134755835195509,0.704173196084538,0.582169709989259,388,"medium"
337,"-1:-1|2:-2|2:-1|2:0",4,TRUE,1,2,1,"mixed",2.11967716615477,2.82842712474619,2.75,4,2,1.89508446196187,2,8,1,25,0,TRUE,25,33554432,0,1,25,25,0.833333333333333,2,0.583333333333333,0.25,0.800640769025436,8.33333333333333,6,10,1.60128153805087,8,6,10,2.02030508910442,8.33333333333333,6,10,1.60128153805087,0,1.89508446196187,2.82842712474619,0.585619218368906,"F4_R25",-0.361605054414923,-0.342004264885899,1.17015005204386,0.271391979495859,-0.134755835195509,0.603176877043388,0.576799140708915,393,"medium"
592,"-2:-1|0:-2|0:-1|2:-2",4,TRUE,2,1,1,"mixed",2.01612377556149,2.82842712474619,2.5,4,2,1.89508446196187,2,8,1,25,0,TRUE,25,33554432,0,1,25,25,0.833333333333333,2,0.583333333333333,0.25,0.800640769025436,8.33333333333333,6,10,1.60128153805087,8,6,10,2.02030508910442,8.33333333333333,6,10,1.60128153805087,0,1.89508446196187,2.82842712474619,0.585619218368906,"F4_R25",-0.361605054414923,-0.342004264885899,1.17015005204386,0.271391979495859,-0.134755835195509,0.603176877043388,0.576799140708915,393,"medium"
1079,"-1:-1|-1:2|0:2|1:2",4,TRUE,1,1,2,"mixed",1.97158737934317,2.23606797749979,2.5,3,2,1.89508446196187,2,8,1,25,0,TRUE,25,33554432,0,1,25,25,0.833333333333333,2,0.583333333333333,0.25,0.800640769025436,8.33333333333333,6,10,1.60128153805087,8,6,10,2.02030508910442,8.33333333333333,6,10,1.60128153805087,0,1.89508446196187,2.82842712474619,0.585619218368906,"F4_R25",-0.361605054414923,-0.342004264885899,1.17015005204386,0.271391979495859,-0.134755835195509,0.603176877043388,0.576799140708915,393,"medium"
1575,"-2:-1|0:-2|0:-1|2:0",4,TRUE,3,0,1,"mixed",1.80901699437495,2.23606797749979,2,3,2,1.89508446196187,2,8,1,25,0,TRUE,25,33554432,0,1,25,25,0.833333333333333,2,0.583333333333333,0.25,0.800640769025436,8.33333333333333,6,10,1.60128153805087,8,6,10,2.02030508910442,8.33333333333333,6,10,1.60128153805087,0,1.89508446196187,2.82842712474619,0.585619218368906,"F4_R25",-0.361605054414923,-0.342004264885899,1.17015005204386,0.271391979495859,-0.134755835195509,0.603176877043388,0.576799140708915,393,"medium"
1604,"-1:-2|-1:0|0:2|1:0",4,TRUE,3,0,1,"mixed",1.55901699437495,2.23606797749979,1.75,3,2,1.89508446196187,2,8,1,25,0,TRUE,25,33554432,0,1,25,25,0.833333333333333,2,0.583333333333333,0.25,0.800640769025436,8.33333333333333,6,10,1.60128153805087,8,6,10,2.02030508910442,8.33333333333333,6,10,1.60128153805087,0,1.89508446196187,2.82842712474619,0.585619218368906,"F4_R25",-0.361605054414923,-0.342004264885899,1.17015005204386,0.271391979495859,-0.134755835195509,0.603176877043388,0.576799140708915,393,"medium"
1042,"-1:-1|-1:0|1:-2|2:2",4,TRUE,1,2,1,"mixed",1.86967716615477,2.82842712474619,2.5,4,2,2.06142715787305,2,8,1,25,0,TRUE,25,33554432,0,1,25,25,0.833333333333333,2,0.666666666666667,0.166666666666667,0.688332449299089,8.33333333333333,6,10,1.37666489859818,8,8,8,0,8.33333333333333,6,10,1.37666489859818,0,2.06142715787305,2.82842712474619,0.782104051605118,"F4_R25",0.709426959461129,-0.342004264885899,0.0523490600394965,0.271391979495859,-0.134755835195509,0.556407898915077,0.573576799140709,398,"medium"
483,"-1:-1|0:1|2:-2|2:-1",4,TRUE,1,2,1,"mixed",1.86967716615477,2.82842712474619,2.5,4,2,2.0607698869111,2,8,1,25,0,TRUE,25,33554432,0,1,25,25,0.833333333333333,2,0.666666666666667,0.166666666666667,0.688332449299089,8.33333333333333,6,10,1.37666489859818,8,6,10,2.02030508910442,8.33333333333333,6,10,1.37666489859818,0,2.0607698869111,2.82842712474619,0.709637993158325,"F4_R25",0.705194983790766,-0.342004264885899,0.0523490600394965,0.271391979495859,-0.134755835195509,0.552175923244714,0.570354457572503,399,"medium"
489,"-1:0|0:-2|1:2|2:2",4,TRUE,2,1,1,"mixed",2.01612377556149,2.82842712474619,2.5,4,2,2.0607698869111,2,8,1,25,0,TRUE,25,33554432,0,1,25,25,0.833333333333333,2,0.666666666666667,0.166666666666667,0.688332449299089,8.33333333333333,6,10,1.37666489859818,8,6,10,2.02030508910442,8.33333333333333,6,10,1.37666489859818,0,2.0607698869111,2.82842712474619,0.709637993158325,"F4_R25",0.705194983790766,-0.342004264885899,0.0523490600394965,0.271391979495859,-0.134755835195509,0.552175923244714,0.570354457572503,399,"medium"
741,"-1:-2|0:-1|2:-2|2:2",4,TRUE,1,2,1,"mixed",2.22323055674804,2.82842712474619,3,4,2,2.0607698869111,2,8,1,25,0,TRUE,25,33554432,0,1,25,25,0.833333333333333,2,0.666666666666667,0.166666666666667,0.688332449299089,8.33333333333333,6,10,1.37666489859818,8,6,10,2.02030508910442,8.33333333333333,6,10,1.37666489859818,0,2.0607698869111,2.82842712474619,0.709637993158325,"F4_R25",0.705194983790766,-0.342004264885899,0.0523490600394965,0.271391979495859,-0.134755835195509,0.552175923244714,0.570354457572503,399,"medium"
860,"-2:-1|0:-1|2:-2|2:2",4,TRUE,1,2,1,"mixed",2.22323055674804,2.82842712474619,3,4,2,2.0607698869111,2,8,1,25,0,TRUE,25,33554432,0,1,25,25,0.833333333333333,2,0.666666666666667,0.166666666666667,0.688332449299089,8.33333333333333,6,10,1.37666489859818,8,6,10,2.02030508910442,8.33333333333333,6,10,1.37666489859818,0,2.0607698869111,2.82842712474619,0.709637993158325,"F4_R25",0.705194983790766,-0.342004264885899,0.0523490600394965,0.271391979495859,-0.134755835195509,0.552175923244714,0.570354457572503,399,"medium"
1208,"-1:-2|-1:-1|2:0|2:1",4,TRUE,1,1,2,"mixed",1.97158737934317,2.23606797749979,2.5,3,2,2.0607698869111,2,8,1,25,0,TRUE,25,33554432,0,1,25,25,0.833333333333333,2,0.666666666666667,0.166666666666667,0.688332449299089,8.33333333333333,6,10,1.37666489859818,8,6,10,2.02030508910442,8.33333333333333,6,10,1.37666489859818,0,2.0607698869111,2.82842712474619,0.709637993158325,"F4_R25",0.705194983790766,-0.342004264885899,0.0523490600394965,0.271391979495859,-0.134755835195509,0.552175923244714,0.570354457572503,399,"medium"
435,"-1:-1|-1:1|1:-2|2:-2",4,TRUE,0,3,1,"off_axis",1.97323055674804,2.82842712474619,2.75,4,2,2.10219124314841,2,8,1,25,0,TRUE,25,33554432,0,1,25,25,0.833333333333333,2,0.75,0.0833333333333333,0.553694392684741,8.33333333333333,6,10,1.10738878536948,9,8,10,1.01015254455221,8.33333333333333,6,10,1.10738878536948,0,2.10219124314841,2.82842712474619,0.650463063457386,"F4_R25",0.971894993342186,0.706508810356395,-1.2876990647278,0.271391979495859,-0.134755835195509,0.52734088327113,0.564983888292159,404,"medium"
765,"-1:0|1:-2|2:-1|2:2",4,TRUE,1,1,2,"mixed",2.07514076993644,2.82842712474619,2.75,4,2,2.10219124314841,2,8,1,25,0,TRUE,25,33554432,0,1,25,25,0.833333333333333,2,0.75,0.0833333333333333,0.553694392684741,8.33333333333333,6,10,1.10738878536948,9,8,10,1.01015254455221,8.33333333333333,6,10,1.10738878536948,0,2.10219124314841,2.82842712474619,0.650463063457386,"F4_R25",0.971894993342186,0.706508810356395,-1.2876990647278,0.271391979495859,-0.134755835195509,0.52734088327113,0.564983888292159,404,"medium"
821,"-2:-1|-2:2|1:0|2:-2",4,TRUE,1,2,1,"mixed",2.22323055674804,2.82842712474619,3,4,2,2.10219124314841,2,8,1,25,0,TRUE,25,33554432,0,1,25,25,0.833333333333333,2,0.75,0.0833333333333333,0.553694392684741,8.33333333333333,6,10,1.10738878536948,9,8,10,1.01015254455221,8.33333333333333,6,10,1.10738878536948,0,2.10219124314841,2.82842712474619,0.650463063457386,"F4_R25",0.971894993342186,0.706508810356395,-1.2876990647278,0.271391979495859,-0.134755835195509,0.52734088327113,0.564983888292159,404,"medium"
867,"-2:-2|-1:1|0:2|2:-2",4,TRUE,1,3,0,"mixed",2.26776695296637,2.82842712474619,3,4,2,2.10219124314841,2,8,1,25,0,TRUE,25,33554432,0,1,25,25,0.833333333333333,2,0.75,0.0833333333333333,0.553694392684741,8.33333333333333,6,10,1.10738878536948,9,8,10,1.01015254455221,8.33333333333333,6,10,1.10738878536948,0,2.10219124314841,2.82842712474619,0.650463063457386,"F4_R25",0.971894993342186,0.706508810356395,-1.2876990647278,0.271391979495859,-0.134755835195509,0.52734088327113,0.564983888292159,404,"medium"
1536,"-1:-2|-1:2|1:-1|2:0",4,TRUE,1,1,2,"mixed",1.97158737934317,2.23606797749979,2.5,3,2,2.10219124314841,2,8,1,25,0,TRUE,25,33554432,0,1,25,25,0.833333333333333,2,0.75,0.0833333333333333,0.553694392684741,8.33333333333333,6,10,1.10738878536948,9,8,10,1.01015254455221,8.33333333333333,6,10,1.10738878536948,0,2.10219124314841,2.82842712474619,0.650463063457386,"F4_R25",0.971894993342186,0.706508810356395,-1.2876990647278,0.271391979495859,-0.134755835195509,0.52734088327113,0.564983888292159,404,"medium"
843,"-1:0|1:-1|2:-2|2:2",4,TRUE,1,3,0,"mixed",2.01776695296637,2.82842712474619,2.75,4,2,2.06142715787305,1,8,1,25,0,TRUE,25,33554432,0,1,25,25,0.833333333333333,2,0.583333333333333,0.25,0.800640769025436,8.33333333333333,6,10,1.60128153805087,8,8,8,0,8.33333333333333,6,10,1.60128153805087,0,2.06142715787305,2.82842712474619,0.782104051605118,"F4_R25",0.709426959461129,-0.342004264885899,1.17015005204386,0.271391979495859,-1.3423754352168,0.466589290898147,0.561224489795918,409,"medium"
870,"-2:-1|-1:0|2:-2|2:2",4,TRUE,1,2,1,"mixed",2.22323055674804,2.82842712474619,3,4,2,2.06142715787305,1,8,1,25,0,TRUE,25,33554432,0,1,25,25,0.833333333333333,2,0.583333333333333,0.25,0.800640769025436,8.33333333333333,6,10,1.60128153805087,8,8,8,0,8.33333333333333,6,10,1.60128153805087,0,2.06142715787305,2.82842712474619,0.782104051605118,"F4_R25",0.709426959461129,-0.342004264885899,1.17015005204386,0.271391979495859,-1.3423754352168,0.466589290898147,0.561224489795918,409,"medium"
1598,"-2:-1|0:-2|1:2|2:0",4,TRUE,2,0,2,"mixed",2.11803398874989,2.23606797749979,2.5,3,2,2.14295532842377,3,4,2,25,0,TRUE,25,33554432,0,1,25,25,0.833333333333333,2,0.666666666666667,0.166666666666667,0.688332449299089,8.33333333333333,6,10,1.37666489859818,10,10,10,0,8.33333333333333,6,10,1.37666489859818,0,2.14295532842377,2.82842712474619,0.480442458550402,"F4_R25",1.23436302722325,1.75502188559869,0.0523490600394965,-3.68075372191259,1.07286376482578,0.433844015774624,0.559613319011815,411,"medium"
461,"-1:0|0:-2|2:-2|2:-1",4,TRUE,2,1,1,"mixed",2.01612377556149,2.82842712474619,2.5,4,2,2.06011261594915,3,8,1,25,0,TRUE,25,33554432,0,1,25,25,0.833333333333333,2,0.75,0.0833333333333333,0.553694392684741,8.33333333333333,6,10,1.10738878536948,8,8,8,0,8.33333333333333,6,10,1.10738878536948,0,2.06011261594915,2.82842712474619,0.628875548196174,"F4_R25",0.7009630081204,-0.342004264885899,-1.2876990647278,0.271391979495859,1.07286376482578,0.415515422828343,0.556390977443609,412,"medium"
503,"-1:-2|-1:0|2:-2|2:-1",4,TRUE,1,1,2,"mixed",2.07514076993644,2.82842712474619,2.75,4,2,2.06011261594915,3,8,1,25,0,TRUE,25,33554432,0,1,25,25,0.833333333333333,2,0.75,0.0833333333333333,0.553694392684741,8.33333333333333,6,10,1.10738878536948,8,8,8,0,8.33333333333333,6,10,1.10738878536948,0,2.06011261594915,2.82842712474619,0.628875548196174,"F4_R25",0.7009630081204,-0.342004264885899,-1.2876990647278,0.271391979495859,1.07286376482578,0.415515422828343,0.556390977443609,412,"medium"
648,"-2:-2|-2:0|0:-1|2:-2",4,TRUE,2,2,0,"mixed",2.16421356237309,2.82842712474619,2.75,4,2,2.06011261594915,3,8,1,25,0,TRUE,25,33554432,0,1,25,25,0.833333333333333,2,0.75,0.0833333333333333,0.553694392684741,8.33333333333333,6,10,1.10738878536948,8,8,8,0,8.33333333333333,6,10,1.10738878536948,0,2.06011261594915,2.82842712474619,0.628875548196174,"F4_R25",0.7009630081204,-0.342004264885899,-1.2876990647278,0.271391979495859,1.07286376482578,0.415515422828343,0.556390977443609,412,"medium"
1144,"-1:-2|0:-2|2:-1|2:0",4,TRUE,2,0,2,"mixed",2.11803398874989,2.23606797749979,2.5,3,2,2.06011261594915,3,8,1,25,0,TRUE,25,33554432,0,1,25,25,0.833333333333333,2,0.75,0.0833333333333333,0.553694392684741,8.33333333333333,6,10,1.10738878536948,8,8,8,0,8.33333333333333,6,10,1.10738878536948,0,2.06011261594915,2.82842712474619,0.628875548196174,"F4_R25",0.7009630081204,-0.342004264885899,-1.2876990647278,0.271391979495859,1.07286376482578,0.415515422828343,0.556390977443609,412,"medium"
1272,"-1:-2|-1:0|1:-2|1:2",4,TRUE,1,0,3,"mixed",1.92705098312484,2.23606797749979,2.5,3,2,2.06011261594915,3,8,1,25,0,TRUE,25,33554432,0,1,25,25,0.833333333333333,2,0.75,0.0833333333333333,0.553694392684741,8.33333333333333,6,10,1.10738878536948,8,8,8,0,8.33333333333333,6,10,1.10738878536948,0,2.06011261594915,2.82842712474619,0.628875548196174,"F4_R25",0.7009630081204,-0.342004264885899,-1.2876990647278,0.271391979495859,1.07286376482578,0.415515422828343,0.556390977443609,412,"medium"
339,"-1:-1|0:2|1:2|2:2",4,TRUE,1,2,1,"mixed",2.11967716615477,2.82842712474619,2.75,4,2,2.03716308916112,2,8,1,25,0,TRUE,25,33554432,0,1,25,25,0.833333333333333,2,0.666666666666667,0.166666666666667,0.688332449299089,8.33333333333333,6,10,1.37666489859818,8,6,10,2.02030508910442,8.33333333333333,6,10,1.37666489859818,0,2.03716308916112,2.82842712474619,0.707080498450027,"F4_R25",0.553197710950942,-0.342004264885899,0.0523490600394965,0.271391979495859,-0.134755835195509,0.40017865040489,0.551020408163265,417,"medium"
376,"-1:-1|2:-2|2:-1|2:2",4,TRUE,0,3,1,"off_axis",2.32678394734132,2.82842712474619,3.25,4,2,2.03716308916112,2,8,1,25,0,TRUE,25,33554432,0,1,25,25,0.833333333333333,2,0.666666666666667,0.166666666666667,0.688332449299089,8.33333333333333,6,10,1.37666489859818,8,6,10,2.02030508910442,8.33333333333333,6,10,1.37666489859818,0,2.03716308916112,2.82842712474619,0.707080498450027,"F4_R25",0.553197710950942,-0.342004264885899,0.0523490600394965,0.271391979495859,-0.134755835195509,0.40017865040489,0.551020408163265,417,"medium"
606,"-2:-2|-2:0|-1:0|2:2",4,TRUE,2,2,0,"mixed",2.16421356237309,2.82842712474619,2.75,4,2,2.03716308916112,2,8,1,25,0,TRUE,25,33554432,0,1,25,25,0.833333333333333,2,0.666666666666667,0.166666666666667,0.688332449299089,8.33333333333333,6,10,1.37666489859818,8,6,10,2.02030508910442,8.33333333333333,6,10,1.37666489859818,0,2.03716308916112,2.82842712474619,0.707080498450027,"F4_R25",0.553197710950942,-0.342004264885899,0.0523490600394965,0.271391979495859,-0.134755835195509,0.40017865040489,0.551020408163265,417,"medium"
937,"-1:0|1:-2|1:0|2:2",4,TRUE,2,1,1,"mixed",1.76612377556149,2.82842712474619,2.25,4,2,2.03716308916112,2,8,1,25,0,TRUE,25,33554432,0,1,25,25,0.833333333333333,2,0.666666666666667,0.166666666666667,0.688332449299089,8.33333333333333,6,10,1.37666489859818,8,6,10,2.02030508910442,8.33333333333333,6,10,1.37666489859818,0,2.03716308916112,2.82842712474619,0.707080498450027,"F4_R25",0.553197710950942,-0.342004264885899,0.0523490600394965,0.271391979495859,-0.134755835195509,0.40017865040489,0.551020408163265,417,"medium"
1623,"-1:-2|0:2|1:0|2:0",4,TRUE,3,0,1,"mixed",1.80901699437495,2.23606797749979,2,3,2,2.03716308916112,2,8,1,25,0,TRUE,25,33554432,0,1,25,25,0.833333333333333,2,0.666666666666667,0.166666666666667,0.688332449299089,8.33333333333333,6,10,1.37666489859818,8,6,10,2.02030508910442,8.33333333333333,6,10,1.37666489859818,0,2.03716308916112,2.82842712474619,0.707080498450027,"F4_R25",0.553197710950942,-0.342004264885899,0.0523490600394965,0.271391979495859,-0.134755835195509,0.40017865040489,0.551020408163265,417,"medium"
511,"-1:-1|-1:1|2:-2|2:-1",4,TRUE,0,3,1,"off_axis",1.97323055674804,2.82842712474619,2.75,4,2,2.07858444539843,2,8,1,25,0,TRUE,25,33554432,0,1,25,25,0.833333333333333,2,0.75,0.0833333333333333,0.553694392684741,8.33333333333333,6,10,1.10738878536948,9,8,10,1.01015254455221,8.33333333333333,6,10,1.10738878536948,0,2.07858444539843,2.82842712474619,0.649347281975168,"F4_R25",0.819897720502362,0.706508810356395,-1.2876990647278,0.271391979495859,-0.134755835195509,0.375343610431306,0.545649838882922,422,"medium"
617,"-1:-1|0:-2|2:-2|2:2",4,TRUE,1,3,0,"mixed",2.26776695296637,2.82842712474619,3,4,2,2.07858444539843,2,8,1,25,0,TRUE,25,33554432,0,1,25,25,0.833333333333333,2,0.75,0.0833333333333333,0.553694392684741,8.33333333333333,6,10,1.10738878536948,9,8,10,1.01015254455221,8.33333333333333,6,10,1.10738878536948,0,2.07858444539843,2.82842712474619,0.649347281975168,"F4_R25",0.819897720502362,0.706508810356395,-1.2876990647278,0.271391979495859,-0.134755835195509,0.375343610431306,0.545649838882922,422,"medium"
660,"-1:0|0:-2|1:2|2:-2",4,TRUE,2,1,1,"mixed",2.01612377556149,2.82842712474619,2.5,4,2,2.07858444539843,2,8,1,25,0,TRUE,25,33554432,0,1,25,25,0.833333333333333,2,0.75,0.0833333333333333,0.553694392684741,8.33333333333333,6,10,1.10738878536948,9,8,10,1.01015254455221,8.33333333333333,6,10,1.10738878536948,0,2.07858444539843,2.82842712474619,0.649347281975168,"F4_R25",0.819897720502362,0.706508810356395,-1.2876990647278,0.271391979495859,-0.134755835195509,0.375343610431306,0.545649838882922,422,"medium"
794,"-2:-1|-2:2|0:-1|2:-2",4,TRUE,1,2,1,"mixed",2.22323055674804,2.82842712474619,3,4,2,2.07858444539843,2,8,1,25,0,TRUE,25,33554432,0,1,25,25,0.833333333333333,2,0.75,0.0833333333333333,0.553694392684741,8.33333333333333,6,10,1.10738878536948,9,8,10,1.01015254455221,8.33333333333333,6,10,1.10738878536948,0,2.07858444539843,2.82842712474619,0.649347281975168,"F4_R25",0.819897720502362,0.706508810356395,-1.2876990647278,0.271391979495859,-0.134755835195509,0.375343610431306,0.545649838882922,422,"medium"
1185,"-1:-1|0:-2|2:0|2:1",4,TRUE,2,1,1,"mixed",1.91257038496822,2.23606797749979,2.25,3,2,2.07858444539843,2,8,1,25,0,TRUE,25,33554432,0,1,25,25,0.833333333333333,2,0.75,0.0833333333333333,0.553694392684741,8.33333333333333,6,10,1.10738878536948,9,8,10,1.01015254455221,8.33333333333333,6,10,1.10738878536948,0,2.07858444539843,2.82842712474619,0.649347281975168,"F4_R25",0.819897720502362,0.706508810356395,-1.2876990647278,0.271391979495859,-0.134755835195509,0.375343610431306,0.545649838882922,422,"medium"
484,"-1:0|0:-1|1:2|2:2",4,TRUE,2,1,1,"mixed",1.76612377556149,2.82842712474619,2.25,4,2,2.02000580163574,2,8,1,25,0,TRUE,25,33554432,0,1,25,25,0.833333333333333,2,0.583333333333333,0.25,0.800640769025436,8.33333333333333,6,10,1.60128153805087,7,6,8,1.01015254455221,8.33333333333333,6,10,1.60128153805087,0,2.02000580163574,2.82842712474619,0.829709829704831,"F4_R25",0.442726949909707,-1.39051734012819,1.17015005204386,0.271391979495859,-0.134755835195509,0.358995806125723,0.540279269602578,427,"medium"
488,"-1:0|1:-2|1:2|2:-2",4,TRUE,1,1,2,"mixed",2.07514076993644,2.82842712474619,2.75,4,2,2.02000580163574,2,8,1,25,0,TRUE,25,33554432,0,1,25,25,0.833333333333333,2,0.583333333333333,0.25,0.800640769025436,8.33333333333333,6,10,1.60128153805087,7,6,8,1.01015254455221,8.33333333333333,6,10,1.60128153805087,0,2.02000580163574,2.82842712474619,0.829709829704831,"F4_R25",0.442726949909707,-1.39051734012819,1.17015005204386,0.271391979495859,-0.134755835195509,0.358995806125723,0.540279269602578,427,"medium"
518,"-1:-1|-1:0|2:1|2:2",4,TRUE,1,2,1,"mixed",1.86967716615477,2.82842712474619,2.5,4,2,2.02000580163574,2,8,1,25,0,TRUE,25,33554432,0,1,25,25,0.833333333333333,2,0.583333333333333,0.25,0.800640769025436,8.33333333333333,6,10,1.60128153805087,7,6,8,1.01015254455221,8.33333333333333,6,10,1.60128153805087,0,2.02000580163574,2.82842712474619,0.829709829704831,"F4_R25",0.442726949909707,-1.39051734012819,1.17015005204386,0.271391979495859,-0.134755835195509,0.358995806125723,0.540279269602578,427,"medium"
853,"-2:-2|-2:2|-1:0|2:-2",4,TRUE,1,3,0,"mixed",2.37132034355964,2.82842712474619,3.25,4,2,2.02000580163574,2,8,1,25,0,TRUE,25,33554432,0,1,25,25,0.833333333333333,2,0.583333333333333,0.25,0.800640769025436,8.33333333333333,6,10,1.60128153805087,7,6,8,1.01015254455221,8.33333333333333,6,10,1.60128153805087,0,2.02000580163574,2.82842712474619,0.829709829704831,"F4_R25",0.442726949909707,-1.39051734012819,1.17015005204386,0.271391979495859,-0.134755835195509,0.358995806125723,0.540279269602578,427,"medium"
857,"-1:-1|0:-1|2:-2|2:2",4,TRUE,1,3,0,"mixed",2.01776695296637,2.82842712474619,2.75,4,2,2.02000580163574,2,8,1,25,0,TRUE,25,33554432,0,1,25,25,0.833333333333333,2,0.583333333333333,0.25,0.800640769025436,8.33333333333333,6,10,1.60128153805087,7,6,8,1.01015254455221,8.33333333333333,6,10,1.60128153805087,0,2.02000580163574,2.82842712474619,0.829709829704831,"F4_R25",0.442726949909707,-1.39051734012819,1.17015005204386,0.271391979495859,-0.134755835195509,0.358995806125723,0.540279269602578,427,"medium"
716,"-1:-2|-1:-1|1:-1|2:-2",4,TRUE,0,3,1,"off_axis",1.97323055674804,2.82842712474619,2.75,4,2,1.87792717443648,1,8,1,25,0,TRUE,25,33554432,0,1,25,25,0.833333333333333,2,0.583333333333333,0.25,0.800640769025436,8.33333333333333,6,10,1.60128153805087,9,8,10,1.01015254455221,8.33333333333333,6,10,1.60128153805087,0,1.87792717443648,2.82842712474619,0.551149835962157,"F4_R25",-0.472075815456155,0.706508810356395,1.17015005204386,0.271391979495859,-1.3423754352168,0.333599591223157,0.534908700322234,432,"medium"
900,"-2:-1|-2:0|1:-1|2:-2",4,TRUE,1,2,1,"mixed",2.11967716615477,2.82842712474619,2.75,4,2,1.87792717443648,1,8,1,25,0,TRUE,25,33554432,0,1,25,25,0.833333333333333,2,0.583333333333333,0.25,0.800640769025436,8.33333333333333,6,10,1.60128153805087,9,8,10,1.01015254455221,8.33333333333333,6,10,1.60128153805087,0,1.87792717443648,2.82842712474619,0.551149835962157,"F4_R25",-0.472075815456155,0.706508810356395,1.17015005204386,0.271391979495859,-1.3423754352168,0.333599591223157,0.534908700322234,432,"medium"
1134,"-1:-1|-1:2|0:2|1:1",4,TRUE,1,2,1,"mixed",1.76612377556149,2.23606797749979,2.25,3,2,1.87792717443648,1,8,1,25,0,TRUE,25,33554432,0,1,25,25,0.833333333333333,2,0.583333333333333,0.25,0.800640769025436,8.33333333333333,6,10,1.60128153805087,9,8,10,1.01015254455221,8.33333333333333,6,10,1.60128153805087,0,1.87792717443648,2.82842712474619,0.551149835962157,"F4_R25",-0.472075815456155,0.706508810356395,1.17015005204386,0.271391979495859,-1.3423754352168,0.333599591223157,0.534908700322234,432,"medium"
1299,"-2:-1|-1:-2|-1:0|0:2",4,TRUE,2,0,2,"mixed",1.86803398874989,2.23606797749979,2.25,3,2,1.87792717443648,1,8,1,25,0,TRUE,25,33554432,0,1,25,25,0.833333333333333,2,0.583333333333333,0.25,0.800640769025436,8.33333333333333,6,10,1.60128153805087,9,8,10,1.01015254455221,8.33333333333333,6,10,1.60128153805087,0,1.87792717443648,2.82842712474619,0.551149835962157,"F4_R25",-0.472075815456155,0.706508810356395,1.17015005204386,0.271391979495859,-1.3423754352168,0.333599591223157,0.534908700322234,432,"medium"
1618,"-1:-1|0:-2|1:0|1:2",4,TRUE,2,1,1,"mixed",1.66257038496822,2.23606797749979,2,3,2,1.87792717443648,1,8,1,25,0,TRUE,25,33554432,0,1,25,25,0.833333333333333,2,0.583333333333333,0.25,0.800640769025436,8.33333333333333,6,10,1.60128153805087,9,8,10,1.01015254455221,8.33333333333333,6,10,1.60128153805087,0,1.87792717443648,2.82842712474619,0.551149835962157,"F4_R25",-0.472075815456155,0.706508810356395,1.17015005204386,0.271391979495859,-1.3423754352168,0.333599591223157,0.534908700322234,432,"medium"
657,"-1:-1|-1:0|0:2|2:2",4,TRUE,2,2,0,"mixed",1.81066017177982,2.82842712474619,2.25,4,2,2.03716308916112,3,8,1,25,0,TRUE,25,33554432,0,1,25,25,0.833333333333333,2,0.75,0.0833333333333333,0.553694392684741,8.33333333333333,6,10,1.10738878536948,8,8,8,0,8.33333333333333,6,10,1.10738878536948,0,2.03716308916112,2.82842712474619,0.707080498450027,"F4_R25",0.553197710950942,-0.342004264885899,-1.2876990647278,0.271391979495859,1.07286376482578,0.267750125658885,0.52953813104189,437,"medium"
709,"-2:-2|-2:0|2:-2|2:2",4,TRUE,1,3,0,"mixed",2.62132034355964,2.82842712474619,3.5,4,2,2.03716308916112,3,8,1,25,0,TRUE,25,33554432,0,1,25,25,0.833333333333333,2,0.75,0.0833333333333333,0.553694392684741,8.33333333333333,6,10,1.10738878536948,8,8,8,0,8.33333333333333,6,10,1.10738878536948,0,2.03716308916112,2.82842712474619,0.707080498450027,"F4_R25",0.553197710950942,-0.342004264885899,-1.2876990647278,0.271391979495859,1.07286376482578,0.267750125658885,0.52953813104189,437,"medium"
787,"-1:-2|-1:0|0:1|2:-2",4,TRUE,2,1,1,"mixed",1.76612377556149,2.82842712474619,2.25,4,2,2.03716308916112,3,8,1,25,0,TRUE,25,33554432,0,1,25,25,0.833333333333333,2,0.75,0.0833333333333333,0.553694392684741,8.33333333333333,6,10,1.10738878536948,8,8,8,0,8.33333333333333,6,10,1.10738878536948,0,2.03716308916112,2.82842712474619,0.707080498450027,"F4_R25",0.553197710950942,-0.342004264885899,-1.2876990647278,0.271391979495859,1.07286376482578,0.267750125658885,0.52953813104189,437,"medium"
815,"-1:-1|-1:0|2:-1|2:2",4,TRUE,1,2,1,"mixed",1.86967716615477,2.82842712474619,2.5,4,2,2.03716308916112,3,8,1,25,0,TRUE,25,33554432,0,1,25,25,0.833333333333333,2,0.75,0.0833333333333333,0.553694392684741,8.33333333333333,6,10,1.10738878536948,8,8,8,0,8.33333333333333,6,10,1.10738878536948,0,2.03716308916112,2.82842712474619,0.707080498450027,"F4_R25",0.553197710950942,-0.342004264885899,-1.2876990647278,0.271391979495859,1.07286376482578,0.267750125658885,0.52953813104189,437,"medium"
1187,"-1:-2|-1:2|0:-2|2:0",4,TRUE,2,0,2,"mixed",2.11803398874989,2.23606797749979,2.5,3,2,2.03716308916112,3,8,1,25,0,TRUE,25,33554432,0,1,25,25,0.833333333333333,2,0.75,0.0833333333333333,0.553694392684741,8.33333333333333,6,10,1.10738878536948,8,8,8,0,8.33333333333333,6,10,1.10738878536948,0,2.03716308916112,2.82842712474619,0.707080498450027,"F4_R25",0.553197710950942,-0.342004264885899,-1.2876990647278,0.271391979495859,1.07286376482578,0.267750125658885,0.52953813104189,437,"medium"
559,"-1:-2|0:-2|2:-2|2:2",4,TRUE,1,2,1,"mixed",2.47323055674804,2.82842712474619,3.25,4,2,2.03650581819918,3,8,1,25,0,TRUE,25,33554432,0,1,25,25,0.833333333333333,2,0.75,0.0833333333333333,0.553694392684741,8.33333333333333,6,10,1.10738878536948,8,8,8,0,8.33333333333333,6,10,1.10738878536948,0,2.03650581819918,2.82842712474619,0.625960641681523,"F4_R25",0.548965735280577,-0.342004264885899,-1.2876990647278,0.271391979495859,1.07286376482578,0.263518149988519,0.524167561761547,442,"medium"
661,"-1:0|0:-2|0:2|2:-2",4,TRUE,3,1,0,"mixed",1.95710678118655,2.82842712474619,2.25,4,2,2.03650581819918,3,8,1,25,0,TRUE,25,33554432,0,1,25,25,0.833333333333333,2,0.75,0.0833333333333333,0.553694392684741,8.33333333333333,6,10,1.10738878536948,8,8,8,0,8.33333333333333,6,10,1.10738878536948,0,2.03650581819918,2.82842712474619,0.625960641681523,"F4_R25",0.548965735280577,-0.342004264885899,-1.2876990647278,0.271391979495859,1.07286376482578,0.263518149988519,0.524167561761547,442,"medium"
793,"-1:-2|-1:0|-1:2|2:-2",4,TRUE,1,1,2,"mixed",2.07514076993644,2.82842712474619,2.75,4,2,2.03650581819918,3,8,1,25,0,TRUE,25,33554432,0,1,25,25,0.833333333333333,2,0.75,0.0833333333333333,0.553694392684741,8.33333333333333,6,10,1.10738878536948,8,8,8,0,8.33333333333333,6,10,1.10738878536948,0,2.03650581819918,2.82842712474619,0.625960641681523,"F4_R25",0.548965735280577,-0.342004264885899,-1.2876990647278,0.271391979495859,1.07286376482578,0.263518149988519,0.524167561761547,442,"medium"
1184,"-1:-2|0:-2|0:1|2:0",4,TRUE,3,0,1,"mixed",1.80901699437495,2.23606797749979,2,3,2,2.03650581819918,3,8,1,25,0,TRUE,25,33554432,0,1,25,25,0.833333333333333,2,0.75,0.0833333333333333,0.553694392684741,8.33333333333333,6,10,1.10738878536948,8,8,8,0,8.33333333333333,6,10,1.10738878536948,0,2.03650581819918,2.82842712474619,0.625960641681523,"F4_R25",0.548965735280577,-0.342004264885899,-1.2876990647278,0.271391979495859,1.07286376482578,0.263518149988519,0.524167561761547,442,"medium"
1204,"-1:-2|-1:0|2:0|2:1",4,TRUE,2,0,2,"mixed",1.86803398874989,2.23606797749979,2.25,3,2,2.03650581819918,3,8,1,25,0,TRUE,25,33554432,0,1,25,25,0.833333333333333,2,0.75,0.0833333333333333,0.553694392684741,8.33333333333333,6,10,1.10738878536948,8,8,8,0,8.33333333333333,6,10,1.10738878536948,0,2.03650581819918,2.82842712474619,0.625960641681523,"F4_R25",0.548965735280577,-0.342004264885899,-1.2876990647278,0.271391979495859,1.07286376482578,0.263518149988519,0.524167561761547,442,"medium"
752,"-1:-2|-1:-1|0:1|2:-2",4,TRUE,1,2,1,"mixed",1.86967716615477,2.82842712474619,2.5,4,2,2.00153397218646,2,8,1,25,0,TRUE,25,33554432,0,1,25,25,0.833333333333333,2,0.666666666666667,0.166666666666667,0.688332449299089,8.33333333333333,6,10,1.37666489859818,8,6,10,2.02030508910442,8.33333333333333,6,10,1.37666489859818,0,2.00153397218646,2.82842712474619,0.661531689157382,"F4_R25",0.323792237527746,-0.342004264885899,0.0523490600394965,0.271391979495859,-0.134755835195509,0.170773176981694,0.518796992481203,447,"medium"
820,"-1:-2|-1:2|0:-1|2:2",4,TRUE,1,1,2,"mixed",2.07514076993644,2.82842712474619,2.75,4,2,2.00153397218646,2,8,1,25,0,TRUE,25,33554432,0,1,25,25,0.833333333333333,2,0.666666666666667,0.166666666666667,0.688332449299089,8.33333333333333,6,10,1.37666489859818,8,6,10,2.02030508910442,8.33333333333333,6,10,1.37666489859818,0,2.00153397218646,2.82842712474619,0.661531689157382,"F4_R25",0.323792237527746,-0.342004264885899,0.0523490600394965,0.271391979495859,-0.134755835195509,0.170773176981694,0.518796992481203,447,"medium"
873,"-2:-1|-2:0|2:-2|2:2",4,TRUE,1,2,1,"mixed",2.47323055674804,2.82842712474619,3.25,4,2,2.00153397218646,2,8,1,25,0,TRUE,25,33554432,0,1,25,25,0.833333333333333,2,0.666666666666667,0.166666666666667,0.688332449299089,8.33333333333333,6,10,1.37666489859818,8,6,10,2.02030508910442,8.33333333333333,6,10,1.37666489859818,0,2.00153397218646,2.82842712474619,0.661531689157382,"F4_R25",0.323792237527746,-0.342004264885899,0.0523490600394965,0.271391979495859,-0.134755835195509,0.170773176981694,0.518796992481203,447,"medium"
1419,"-1:-2|-1:-1|0:1|2:1",4,TRUE,1,1,2,"mixed",1.72158737934317,2.23606797749979,2.25,3,2,2.00153397218646,2,8,1,25,0,TRUE,25,33554432,0,1,25,25,0.833333333333333,2,0.666666666666667,0.166666666666667,0.688332449299089,8.33333333333333,6,10,1.37666489859818,8,6,10,2.02030508910442,8.33333333333333,6,10,1.37666489859818,0,2.00153397218646,2.82842712474619,0.661531689157382,"F4_R25",0.323792237527746,-0.342004264885899,0.0523490600394965,0.271391979495859,-0.134755835195509,0.170773176981694,0.518796992481203,447,"medium"
1483,"-1:-2|-1:2|0:-1|2:0",4,TRUE,2,0,2,"mixed",1.86803398874989,2.23606797749979,2.25,3,2,2.00153397218646,2,8,1,25,0,TRUE,25,33554432,0,1,25,25,0.833333333333333,2,0.666666666666667,0.166666666666667,0.688332449299089,8.33333333333333,6,10,1.37666489859818,8,6,10,2.02030508910442,8.33333333333333,6,10,1.37666489859818,0,2.00153397218646,2.82842712474619,0.661531689157382,"F4_R25",0.323792237527746,-0.342004264885899,0.0523490600394965,0.271391979495859,-0.134755835195509,0.170773176981694,0.518796992481203,447,"medium"
433,"-1:-1|1:-2|1:1|2:-2",4,TRUE,0,3,1,"off_axis",1.97323055674804,2.82842712474619,2.75,4,2,2.04295532842377,2,8,1,25,0,TRUE,25,33554432,0,1,25,25,0.833333333333333,2,0.75,0.0833333333333333,0.553694392684741,8.33333333333333,6,10,1.10738878536948,9,8,10,1.01015254455221,8.33333333333333,6,10,1.10738878536948,0,2.04295532842377,2.82842712474619,0.60215679580886,"F4_R25",0.590492247079168,0.706508810356395,-1.2876990647278,0.271391979495859,-0.134755835195509,0.145938137008112,0.510741138560687,452,"medium"
517,"-2:-2|-1:-2|-1:1|2:2",4,TRUE,0,3,1,"off_axis",2.32678394734132,2.82842712474619,3.25,4,2,2.04295532842377,2,8,1,25,0,TRUE,25,33554432,0,1,25,25,0.833333333333333,2,0.75,0.0833333333333333,0.553694392684741,8.33333333333333,6,10,1.10738878536948,9,8,10,1.01015254455221,8.33333333333333,6,10,1.10738878536948,0,2.04295532842377,2.82842712474619,0.60215679580886,"F4_R25",0.590492247079168,0.706508810356395,-1.2876990647278,0.271391979495859,-0.134755835195509,0.145938137008112,0.510741138560687,452,"medium"
729,"-1:-2|-1:2|1:-1|2:-2",4,TRUE,0,2,2,"off_axis",2.17869416052972,2.82842712474619,3,4,2,2.04295532842377,2,8,1,25,0,TRUE,25,33554432,0,1,25,25,0.833333333333333,2,0.75,0.0833333333333333,0.553694392684741,8.33333333333333,6,10,1.10738878536948,9,8,10,1.01015254455221,8.33333333333333,6,10,1.10738878536948,0,2.04295532842377,2.82842712474619,0.60215679580886,"F4_R25",0.590492247079168,0.706508810356395,-1.2876990647278,0.271391979495859,-0.134755835195509,0.145938137008112,0.510741138560687,452,"medium"
915,"-1:-2|0:-2|1:1|2:2",4,TRUE,1,2,1,"mixed",2.11967716615477,2.82842712474619,2.75,4,2,2.04295532842377,2,8,1,25,0,TRUE,25,33554432,0,1,25,25,0.833333333333333,2,0.75,0.0833333333333333,0.553694392684741,8.33333333333333,6,10,1.10738878536948,9,8,10,1.01015254455221,8.33333333333333,6,10,1.10738878536948,0,2.04295532842377,2.82842712474619,0.60215679580886,"F4_R25",0.590492247079168,0.706508810356395,-1.2876990647278,0.271391979495859,-0.134755835195509,0.145938137008112,0.510741138560687,452,"medium"
938,"-1:-1|1:-2|1:0|2:2",4,TRUE,1,2,1,"mixed",1.86967716615477,2.82842712474619,2.5,4,2,2.04295532842377,2,8,1,25,0,TRUE,25,33554432,0,1,25,25,0.833333333333333,2,0.75,0.0833333333333333,0.553694392684741,8.33333333333333,6,10,1.10738878536948,9,8,10,1.01015254455221,8.33333333333333,6,10,1.10738878536948,0,2.04295532842377,2.82842712474619,0.60215679580886,"F4_R25",0.590492247079168,0.706508810356395,-1.2876990647278,0.271391979495859,-0.134755835195509,0.145938137008112,0.510741138560687,452,"medium"
940,"-2:-1|0:-1|1:2|2:-2",4,TRUE,1,1,2,"mixed",2.07514076993644,2.82842712474619,2.75,4,2,2.04295532842377,2,8,1,25,0,TRUE,25,33554432,0,1,25,25,0.833333333333333,2,0.75,0.0833333333333333,0.553694392684741,8.33333333333333,6,10,1.10738878536948,9,8,10,1.01015254455221,8.33333333333333,6,10,1.10738878536948,0,2.04295532842377,2.82842712474619,0.60215679580886,"F4_R25",0.590492247079168,0.706508810356395,-1.2876990647278,0.271391979495859,-0.134755835195509,0.145938137008112,0.510741138560687,452,"medium"
1046,"-1:-2|-1:-1|1:-2|2:2",4,TRUE,0,2,2,"off_axis",2.17869416052972,2.82842712474619,3,4,2,2.04295532842377,2,8,1,25,0,TRUE,25,33554432,0,1,25,25,0.833333333333333,2,0.75,0.0833333333333333,0.553694392684741,8.33333333333333,6,10,1.10738878536948,9,8,10,1.01015254455221,8.33333333333333,6,10,1.10738878536948,0,2.04295532842377,2.82842712474619,0.60215679580886,"F4_R25",0.590492247079168,0.706508810356395,-1.2876990647278,0.271391979495859,-0.134755835195509,0.145938137008112,0.510741138560687,452,"medium"
1094,"-1:-1|0:2|1:2|2:1",4,TRUE,1,1,2,"mixed",1.97158737934317,2.23606797749979,2.5,3,2,2.04295532842377,2,8,1,25,0,TRUE,25,33554432,0,1,25,25,0.833333333333333,2,0.75,0.0833333333333333,0.553694392684741,8.33333333333333,6,10,1.10738878536948,9,8,10,1.01015254455221,8.33333333333333,6,10,1.10738878536948,0,2.04295532842377,2.82842712474619,0.60215679580886,"F4_R25",0.590492247079168,0.706508810356395,-1.2876990647278,0.271391979495859,-0.134755835195509,0.145938137008112,0.510741138560687,452,"medium"
1327,"-1:0|0:-2|1:2|2:1",4,TRUE,2,0,2,"mixed",1.86803398874989,2.23606797749979,2.25,3,2,2.04295532842377,2,8,1,25,0,TRUE,25,33554432,0,1,25,25,0.833333333333333,2,0.75,0.0833333333333333,0.553694392684741,8.33333333333333,6,10,1.10738878536948,9,8,10,1.01015254455221,8.33333333333333,6,10,1.10738878536948,0,2.04295532842377,2.82842712474619,0.60215679580886,"F4_R25",0.590492247079168,0.706508810356395,-1.2876990647278,0.271391979495859,-0.134755835195509,0.145938137008112,0.510741138560687,452,"medium"
1457,"-1:-2|0:2|1:0|2:1",4,TRUE,2,0,2,"mixed",1.86803398874989,2.23606797749979,2.25,3,2,2.04295532842377,2,8,1,25,0,TRUE,25,33554432,0,1,25,25,0.833333333333333,2,0.75,0.0833333333333333,0.553694392684741,8.33333333333333,6,10,1.10738878536948,9,8,10,1.01015254455221,8.33333333333333,6,10,1.10738878536948,0,2.04295532842377,2.82842712474619,0.60215679580886,"F4_R25",0.590492247079168,0.706508810356395,-1.2876990647278,0.271391979495859,-0.134755835195509,0.145938137008112,0.510741138560687,452,"medium"
1281,"-1:-1|-1:1|2:-1|2:1",4,TRUE,0,2,2,"off_axis",1.82514076993644,2.23606797749979,2.5,3,2,2.09574173292382,3,4,2,25,0,TRUE,25,33554432,0,1,25,25,0.833333333333333,2,0.666666666666667,0.166666666666667,0.688332449299089,8.33333333333333,6,10,1.37666489859818,10,10,10,0,8.33333333333333,6,10,1.37666489859818,0,2.09574173292382,2.82842712474619,0.480585972053891,"F4_R25",0.930368481543597,1.75502188559869,0.0523490600394965,-3.68075372191259,1.07286376482578,0.129849470094976,0.504833512352309,462,"medium"
420,"-1:-1|0:1|1:2|2:2",4,TRUE,1,2,1,"mixed",1.86967716615477,2.82842712474619,2.5,4,2,2.00219124314841,1,8,1,25,0,TRUE,25,33554432,0,1,25,25,0.833333333333333,2,0.583333333333333,0.25,0.800640769025436,8.33333333333333,6,10,1.60128153805087,8,8,8,0,8.33333333333333,6,10,1.60128153805087,0,2.00219124314841,2.82842712474619,0.738790472371199,"F4_R25",0.328024213198112,-0.342004264885899,1.17015005204386,0.271391979495859,-1.3423754352168,0.0851865446351296,0.501611170784103,463,"medium"
426,"-2:-2|-1:-2|0:-1|2:2",4,TRUE,1,2,1,"mixed",2.22323055674804,2.82842712474619,3,4,2,2.00219124314841,1,8,1,25,0,TRUE,25,33554432,0,1,25,25,0.833333333333333,2,0.583333333333333,0.25,0.800640769025436,8.33333333333333,6,10,1.60128153805087,8,8,8,0,8.33333333333333,6,10,1.60128153805087,0,2.00219124314841,2.82842712474619,0.738790472371199,"F4_R25",0.328024213198112,-0.342004264885899,1.17015005204386,0.271391979495859,-1.3423754352168,0.0851865446351296,0.501611170784103,463,"medium"
866,"-2:-1|-1:-1|2:-2|2:2",4,TRUE,0,3,1,"off_axis",2.32678394734132,2.82842712474619,3.25,4,2,2.00219124314841,1,8,1,25,0,TRUE,25,33554432,0,1,25,25,0.833333333333333,2,0.583333333333333,0.25,0.800640769025436,8.33333333333333,6,10,1.60128153805087,8,8,8,0,8.33333333333333,6,10,1.60128153805087,0,2.00219124314841,2.82842712474619,0.738790472371199,"F4_R25",0.328024213198112,-0.342004264885899,1.17015005204386,0.271391979495859,-1.3423754352168,0.0851865446351296,0.501611170784103,463,"medium"
990,"-1:0|1:-2|1:-1|2:2",4,TRUE,1,2,1,"mixed",1.86967716615477,2.82842712474619,2.5,4,2,2.00219124314841,1,8,1,25,0,TRUE,25,33554432,0,1,25,25,0.833333333333333,2,0.583333333333333,0.25,0.800640769025436,8.33333333333333,6,10,1.60128153805087,8,8,8,0,8.33333333333333,6,10,1.60128153805087,0,2.00219124314841,2.82842712474619,0.738790472371199,"F4_R25",0.328024213198112,-0.342004264885899,1.17015005204386,0.271391979495859,-1.3423754352168,0.0851865446351296,0.501611170784103,463,"medium"
1396,"-1:-2|-1:-1|1:0|2:1",4,TRUE,1,1,2,"mixed",1.72158737934317,2.23606797749979,2.25,3,2,2.00219124314841,1,8,1,25,0,TRUE,25,33554432,0,1,25,25,0.833333333333333,2,0.583333333333333,0.25,0.800640769025436,8.33333333333333,6,10,1.60128153805087,8,8,8,0,8.33333333333333,6,10,1.60128153805087,0,2.00219124314841,2.82842712474619,0.738790472371199,"F4_R25",0.328024213198112,-0.342004264885899,1.17015005204386,0.271391979495859,-1.3423754352168,0.0851865446351296,0.501611170784103,463,"medium"
538,"-1:-2|1:2|2:-2|2:2",4,TRUE,0,2,2,"off_axis",2.53224755112299,2.82842712474619,3.5,4,2,2.00153397218646,3,8,1,25,0,TRUE,25,33554432,0,1,25,25,0.833333333333333,2,0.75,0.0833333333333333,0.553694392684741,8.33333333333333,6,10,1.10738878536948,8,8,8,0,8.33333333333333,6,10,1.10738878536948,0,2.00153397218646,2.82842712474619,0.661531689157382,"F4_R25",0.323792237527746,-0.342004264885899,-1.2876990647278,0.271391979495859,1.07286376482578,0.0383446522356881,0.496240601503759,468,"medium"
955,"-1:-2|-1:0|0:1|2:2",4,TRUE,2,1,1,"mixed",1.76612377556149,2.82842712474619,2.25,4,2,2.00153397218646,3,8,1,25,0,TRUE,25,33554432,0,1,25,25,0.833333333333333,2,0.75,0.0833333333333333,0.553694392684741,8.33333333333333,6,10,1.10738878536948,8,8,8,0,8.33333333333333,6,10,1.10738878536948,0,2.00153397218646,2.82842712474619,0.661531689157382,"F4_R25",0.323792237527746,-0.342004264885899,-1.2876990647278,0.271391979495859,1.07286376482578,0.0383446522356881,0.496240601503759,468,"medium"
1002,"-1:-1|-1:0|0:2|2:-2",4,TRUE,2,2,0,"mixed",1.81066017177982,2.82842712474619,2.25,4,2,2.00153397218646,3,8,1,25,0,TRUE,25,33554432,0,1,25,25,0.833333333333333,2,0.75,0.0833333333333333,0.553694392684741,8.33333333333333,6,10,1.10738878536948,8,8,8,0,8.33333333333333,6,10,1.10738878536948,0,2.00153397218646,2.82842712474619,0.661531689157382,"F4_R25",0.323792237527746,-0.342004264885899,-1.2876990647278,0.271391979495859,1.07286376482578,0.0383446522356881,0.496240601503759,468,"medium"
1212,"-1:-2|-1:2|0:-2|2:1",4,TRUE,1,0,3,"mixed",2.17705098312484,2.23606797749979,2.75,3,2,2.00153397218646,3,8,1,25,0,TRUE,25,33554432,0,1,25,25,0.833333333333333,2,0.75,0.0833333333333333,0.553694392684741,8.33333333333333,6,10,1.10738878536948,8,8,8,0,8.33333333333333,6,10,1.10738878536948,0,2.00153397218646,2.82842712474619,0.661531689157382,"F4_R25",0.323792237527746,-0.342004264885899,-1.2876990647278,0.271391979495859,1.07286376482578,0.0383446522356881,0.496240601503759,468,"medium"
1565,"-1:-1|-1:0|1:2|2:-1",4,TRUE,1,1,2,"mixed",1.72158737934317,2.23606797749979,2.25,3,2,2.00153397218646,3,8,1,25,0,TRUE,25,33554432,0,1,25,25,0.833333333333333,2,0.75,0.0833333333333333,0.553694392684741,8.33333333333333,6,10,1.10738878536948,8,8,8,0,8.33333333333333,6,10,1.10738878536948,0,2.00153397218646,2.82842712474619,0.661531689157382,"F4_R25",0.323792237527746,-0.342004264885899,-1.2876990647278,0.271391979495859,1.07286376482578,0.0383446522356881,0.496240601503759,468,"medium"
544,"-2:-2|-1:-2|0:2|2:2",4,TRUE,1,2,1,"mixed",2.47323055674804,2.82842712474619,3.25,4,2,2.01934853067379,2,8,1,25,0,TRUE,25,33554432,0,1,25,25,0.833333333333333,2,0.75,0.0833333333333333,0.553694392684741,8.33333333333333,6,10,1.10738878536948,9,8,10,1.01015254455221,8.33333333333333,6,10,1.10738878536948,0,2.01934853067379,2.82842712474619,0.598360270206642,"F4_R25",0.438494974239344,0.706508810356395,-1.2876990647278,0.271391979495859,-0.134755835195509,-0.00605913583171158,0.488184747583244,473,"medium"
624,"-2:-1|-1:0|0:-2|2:-2",4,TRUE,2,1,1,"mixed",2.01612377556149,2.82842712474619,2.5,4,2,2.01934853067379,2,8,1,25,0,TRUE,25,33554432,0,1,25,25,0.833333333333333,2,0.75,0.0833333333333333,0.553694392684741,8.33333333333333,6,10,1.10738878536948,9,8,10,1.01015254455221,8.33333333333333,6,10,1.10738878536948,0,2.01934853067379,2.82842712474619,0.598360270206642,"F4_R25",0.438494974239344,0.706508810356395,-1.2876990647278,0.271391979495859,-0.134755835195509,-0.00605913583171158,0.488184747583244,473,"medium"
685,"-2:-2|-1:-1|2:-2|2:0",4,TRUE,1,3,0,"mixed",2.26776695296637,2.82842712474619,3,4,2,2.01934853067379,2,8,1,25,0,TRUE,25,33554432,0,1,25,25,0.833333333333333,2,0.75,0.0833333333333333,0.553694392684741,8.33333333333333,6,10,1.10738878536948,9,8,10,1.01015254455221,8.33333333333333,6,10,1.10738878536948,0,2.01934853067379,2.82842712474619,0.598360270206642,"F4_R25",0.438494974239344,0.706508810356395,-1.2876990647278,0.271391979495859,-0.134755835195509,-0.00605913583171158,0.488184747583244,473,"medium"
701,"-1:-2|-1:-1|0:2|2:2",4,TRUE,1,2,1,"mixed",2.11967716615477,2.82842712474619,2.75,4,2,2.01934853067379,2,8,1,25,0,TRUE,25,33554432,0,1,25,25,0.833333333333333,2,0.75,0.0833333333333333,0.553694392684741,8.33333333333333,6,10,1.10738878536948,9,8,10,1.01015254455221,8.33333333333333,6,10,1.10738878536948,0,2.01934853067379,2.82842712474619,0.598360270206642,"F4_R25",0.438494974239344,0.706508810356395,-1.2876990647278,0.271391979495859,-0.134755835195509,-0.00605913583171158,0.488184747583244,473,"medium"
719,"-1:-2|-1:0|1:-1|2:-2",4,TRUE,1,2,1,"mixed",1.86967716615477,2.82842712474619,2.5,4,2,2.01934853067379,2,8,1,25,0,TRUE,25,33554432,0,1,25,25,0.833333333333333,2,0.75,0.0833333333333333,0.553694392684741,8.33333333333333,6,10,1.10738878536948,9,8,10,1.01015254455221,8.33333333333333,6,10,1.10738878536948,0,2.01934853067379,2.82842712474619,0.598360270206642,"F4_R25",0.438494974239344,0.706508810356395,-1.2876990647278,0.271391979495859,-0.134755835195509,-0.00605913583171158,0.488184747583244,473,"medium"
739,"-1:-1|-1:2|0:1|2:2",4,TRUE,1,2,1,"mixed",1.86967716615477,2.82842712474619,2.5,4,2,2.01934853067379,2,8,1,25,0,TRUE,25,33554432,0,1,25,25,0.833333333333333,2,0.75,0.0833333333333333,0.553694392684741,8.33333333333333,6,10,1.10738878536948,9,8,10,1.01015254455221,8.33333333333333,6,10,1.10738878536948,0,2.01934853067379,2.82842712474619,0.598360270206642,"F4_R25",0.438494974239344,0.706508810356395,-1.2876990647278,0.271391979495859,-0.134755835195509,-0.00605913583171158,0.488184747583244,473,"medium"
1090,"-2:-1|-1:-2|0:-2|2:0",4,TRUE,2,0,2,"mixed",2.11803398874989,2.23606797749979,2.5,3,2,2.01934853067379,2,8,1,25,0,TRUE,25,33554432,0,1,25,25,0.833333333333333,2,0.75,0.0833333333333333,0.553694392684741,8.33333333333333,6,10,1.10738878536948,9,8,10,1.01015254455221,8.33333333333333,6,10,1.10738878536948,0,2.01934853067379,2.82842712474619,0.598360270206642,"F4_R25",0.438494974239344,0.706508810356395,-1.2876990647278,0.271391979495859,-0.134755835195509,-0.00605913583171158,0.488184747583244,473,"medium"
1242,"-1:-1|-1:2|1:1|1:2",4,TRUE,0,2,2,"off_axis",1.82514076993644,2.23606797749979,2.5,3,2,2.01934853067379,2,8,1,25,0,TRUE,25,33554432,0,1,25,25,0.833333333333333,2,0.75,0.0833333333333333,0.553694392684741,8.33333333333333,6,10,1.10738878536948,9,8,10,1.01015254455221,8.33333333333333,6,10,1.10738878536948,0,2.01934853067379,2.82842712474619,0.598360270206642,"F4_R25",0.438494974239344,0.706508810356395,-1.2876990647278,0.271391979495859,-0.134755835195509,-0.00605913583171158,0.488184747583244,473,"medium"
1405,"-1:-2|-1:-1|0:2|2:0",4,TRUE,2,1,1,"mixed",1.91257038496822,2.23606797749979,2.25,3,2,2.01934853067379,2,8,1,25,0,TRUE,25,33554432,0,1,25,25,0.833333333333333,2,0.75,0.0833333333333333,0.553694392684741,8.33333333333333,6,10,1.10738878536948,9,8,10,1.01015254455221,8.33333333333333,6,10,1.10738878536948,0,2.01934853067379,2.82842712474619,0.598360270206642,"F4_R25",0.438494974239344,0.706508810356395,-1.2876990647278,0.271391979495859,-0.134755835195509,-0.00605913583171158,0.488184747583244,473,"medium"
1493,"-1:-1|-1:2|0:1|2:-1",4,TRUE,1,1,2,"mixed",1.72158737934317,2.23606797749979,2.25,3,2,2.01934853067379,2,8,1,25,0,TRUE,25,33554432,0,1,25,25,0.833333333333333,2,0.75,0.0833333333333333,0.553694392684741,8.33333333333333,6,10,1.10738878536948,9,8,10,1.01015254455221,8.33333333333333,6,10,1.10738878536948,0,2.01934853067379,2.82842712474619,0.598360270206642,"F4_R25",0.438494974239344,0.706508810356395,-1.2876990647278,0.271391979495859,-0.134755835195509,-0.00605913583171158,0.488184747583244,473,"medium"
1140,"-1:-1|-1:2|0:-2|1:-2",4,TRUE,1,1,2,"mixed",1.97158737934317,2.23606797749979,2.5,3,2,1.81869125971184,1,8,1,25,0,TRUE,25,33554432,0,1,25,25,0.833333333333333,2,0.583333333333333,0.25,0.800640769025436,8.33333333333333,6,10,1.60128153805087,9,8,10,1.01015254455221,8.33333333333333,6,10,1.60128153805087,0,1.81869125971184,2.23606797749979,0.46231555102518,"F4_R25",-0.853478561719174,0.706508810356395,1.17015005204386,0.271391979495859,-1.3423754352168,-0.0478031550398619,0.480128893662728,483,"medium"
1219,"-1:-2|0:-1|1:-2|2:-1",4,TRUE,1,0,3,"mixed",1.92705098312484,2.23606797749979,2.5,3,2,1.81869125971184,1,8,1,25,0,TRUE,25,33554432,0,1,25,25,0.833333333333333,2,0.583333333333333,0.25,0.800640769025436,8.33333333333333,6,10,1.60128153805087,9,8,10,1.01015254455221,8.33333333333333,6,10,1.60128153805087,0,1.81869125971184,2.23606797749979,0.46231555102518,"F4_R25",-0.853478561719174,0.706508810356395,1.17015005204386,0.271391979495859,-1.3423754352168,-0.0478031550398619,0.480128893662728,483,"medium"
1349,"-1:-1|1:-2|1:-1|2:0",4,TRUE,1,2,1,"mixed",1.76612377556149,2.23606797749979,2.25,3,2,1.81869125971184,1,8,1,25,0,TRUE,25,33554432,0,1,25,25,0.833333333333333,2,0.583333333333333,0.25,0.800640769025436,8.33333333333333,6,10,1.60128153805087,9,8,10,1.01015254455221,8.33333333333333,6,10,1.60128153805087,0,1.81869125971184,2.23606797749979,0.46231555102518,"F4_R25",-0.853478561719174,0.706508810356395,1.17015005204386,0.271391979495859,-1.3423754352168,-0.0478031550398619,0.480128893662728,483,"medium"
1361,"-2:-1|-1:-1|-1:2|0:-2",4,TRUE,1,1,2,"mixed",1.97158737934317,2.23606797749979,2.5,3,2,1.81869125971184,1,8,1,25,0,TRUE,25,33554432,0,1,25,25,0.833333333333333,2,0.583333333333333,0.25,0.800640769025436,8.33333333333333,6,10,1.60128153805087,9,8,10,1.01015254455221,8.33333333333333,6,10,1.60128153805087,0,1.81869125971184,2.23606797749979,0.46231555102518,"F4_R25",-0.853478561719174,0.706508810356395,1.17015005204386,0.271391979495859,-1.3423754352168,-0.0478031550398619,0.480128893662728,483,"medium"
1664,"-1:-1|-1:1|0:-2|1:0",4,TRUE,2,2,0,"mixed",1.45710678118655,2,1.75,2,2,1.81869125971184,1,8,1,25,0,TRUE,25,33554432,0,1,25,25,0.833333333333333,2,0.583333333333333,0.25,0.800640769025436,8.33333333333333,6,10,1.60128153805087,9,8,10,1.01015254455221,8.33333333333333,6,10,1.60128153805087,0,1.81869125971184,2.23606797749979,0.46231555102518,"F4_R25",-0.853478561719174,0.706508810356395,1.17015005204386,0.271391979495859,-1.3423754352168,-0.0478031550398619,0.480128893662728,483,"medium"
361,"-1:-2|1:-2|2:-2|2:2",4,TRUE,0,2,2,"off_axis",2.53224755112299,2.82842712474619,3.5,4,2,1.97792717443648,3,8,1,25,0,TRUE,25,33554432,0,1,25,25,0.833333333333333,2,0.75,0.0833333333333333,0.553694392684741,8.33333333333333,6,10,1.10738878536948,8,8,8,0,8.33333333333333,6,10,1.10738878536948,0,1.97792717443648,2.82842712474619,0.656424737689541,"F4_R25",0.171794964687922,-0.342004264885899,-1.2876990647278,0.271391979495859,1.07286376482578,-0.113652620604136,0.474758324382385,488,"medium"
954,"-1:0|0:-1|0:2|2:-2",4,TRUE,3,1,0,"mixed",1.70710678118655,2.82842712474619,2,4,2,1.97792717443648,3,8,1,25,0,TRUE,25,33554432,0,1,25,25,0.833333333333333,2,0.75,0.0833333333333333,0.553694392684741,8.33333333333333,6,10,1.10738878536948,8,8,8,0,8.33333333333333,6,10,1.10738878536948,0,1.97792717443648,2.82842712474619,0.656424737689541,"F4_R25",0.171794964687922,-0.342004264885899,-1.2876990647278,0.271391979495859,1.07286376482578,-0.113652620604136,0.474758324382385,488,"medium"
1003,"-1:-1|-1:0|-1:2|2:-2",4,TRUE,1,2,1,"mixed",1.86967716615477,2.82842712474619,2.5,4,2,1.97792717443648,3,8,1,25,0,TRUE,25,33554432,0,1,25,25,0.833333333333333,2,0.75,0.0833333333333333,0.553694392684741,8.33333333333333,6,10,1.10738878536948,8,8,8,0,8.33333333333333,6,10,1.10738878536948,0,1.97792717443648,2.82842712474619,0.656424737689541,"F4_R25",0.171794964687922,-0.342004264885899,-1.2876990647278,0.271391979495859,1.07286376482578,-0.113652620604136,0.474758324382385,488,"medium"
1213,"-1:-2|0:-2|0:2|2:1",4,TRUE,2,0,2,"mixed",2.11803398874989,2.23606797749979,2.5,3,2,1.97792717443648,3,8,1,25,0,TRUE,25,33554432,0,1,25,25,0.833333333333333,2,0.75,0.0833333333333333,0.553694392684741,8.33333333333333,6,10,1.10738878536948,8,8,8,0,8.33333333333333,6,10,1.10738878536948,0,1.97792717443648,2.82842712474619,0.656424737689541,"F4_R25",0.171794964687922,-0.342004264885899,-1.2876990647278,0.271391979495859,1.07286376482578,-0.113652620604136,0.474758324382385,488,"medium"
1580,"-1:-1|-1:0|1:2|2:0",4,TRUE,2,1,1,"mixed",1.66257038496822,2.23606797749979,2,3,2,1.97792717443648,3,8,1,25,0,TRUE,25,33554432,0,1,25,25,0.833333333333333,2,0.75,0.0833333333333333,0.553694392684741,8.33333333333333,6,10,1.10738878536948,8,8,8,0,8.33333333333333,6,10,1.10738878536948,0,1.97792717443648,2.82842712474619,0.656424737689541,"F4_R25",0.171794964687922,-0.342004264885899,-1.2876990647278,0.271391979495859,1.07286376482578,-0.113652620604136,0.474758324382385,488,"medium"
572,"-2:-1|2:-2|2:0|2:2",4,TRUE,1,2,1,"mixed",2.47323055674804,2.82842712474619,3.25,4,2,1.99574173292381,2,8,1,25,0,TRUE,25,33554432,0,1,25,25,0.833333333333333,2,0.75,0.0833333333333333,0.553694392684741,8.33333333333333,6,10,1.10738878536948,9,8,10,1.01015254455221,8.33333333333333,6,10,1.10738878536948,0,1.99574173292381,2.82842712474619,0.593497107983451,"F4_R25",0.286497701399519,0.706508810356395,-1.2876990647278,0.271391979495859,-0.134755835195509,-0.158056408671537,0.469387755102041,493,"medium"
614,"-1:-1|0:-2|0:1|2:-2",4,TRUE,2,2,0,"mixed",1.81066017177982,2.82842712474619,2.25,4,2,1.99574173292381,2,8,1,25,0,TRUE,25,33554432,0,1,25,25,0.833333333333333,2,0.75,0.0833333333333333,0.553694392684741,8.33333333333333,6,10,1.10738878536948,9,8,10,1.01015254455221,8.33333333333333,6,10,1.10738878536948,0,1.99574173292381,2.82842712474619,0.593497107983451,"F4_R25",0.286497701399519,0.706508810356395,-1.2876990647278,0.271391979495859,-0.134755835195509,-0.158056408671537,0.469387755102041,493,"medium"
695,"-1:-2|0:-1|0:2|2:2",4,TRUE,2,1,1,"mixed",2.01612377556149,2.82842712474619,2.5,4,2,1.99574173292381,2,8,1,25,0,TRUE,25,33554432,0,1,25,25,0.833333333333333,2,0.75,0.0833333333333333,0.553694392684741,8.33333333333333,6,10,1.10738878536948,9,8,10,1.01015254455221,8.33333333333333,6,10,1.10738878536948,0,1.99574173292381,2.82842712474619,0.593497107983451,"F4_R25",0.286497701399519,0.706508810356395,-1.2876990647278,0.271391979495859,-0.134755835195509,-0.158056408671537,0.469387755102041,493,"medium"
1414,"-1:-1|-1:1|-1:2|2:-1",4,TRUE,0,2,2,"off_axis",1.82514076993644,2.23606797749979,2.5,3,2,1.99574173292381,2,8,1,25,0,TRUE,25,33554432,0,1,25,25,0.833333333333333,2,0.75,0.0833333333333333,0.553694392684741,8.33333333333333,6,10,1.10738878536948,9,8,10,1.01015254455221,8.33333333333333,6,10,1.10738878536948,0,1.99574173292381,2.82842712474619,0.593497107983451,"F4_R25",0.286497701399519,0.706508810356395,-1.2876990647278,0.271391979495859,-0.134755835195509,-0.158056408671537,0.469387755102041,493,"medium"
1671,"-1:-1|0:-2|0:2|2:0",4,TRUE,3,1,0,"mixed",1.85355339059327,2,2,2,2,1.99574173292381,2,8,1,25,0,TRUE,25,33554432,0,1,25,25,0.833333333333333,2,0.75,0.0833333333333333,0.553694392684741,8.33333333333333,6,10,1.10738878536948,9,8,10,1.01015254455221,8.33333333333333,6,10,1.10738878536948,0,1.99574173292381,2.82842712474619,0.593497107983451,"F4_R25",0.286497701399519,0.706508810356395,-1.2876990647278,0.271391979495859,-0.134755835195509,-0.158056408671537,0.469387755102041,493,"medium"
409,"-1:-2|1:1|1:2|2:2",4,TRUE,0,2,2,"off_axis",2.17869416052972,2.82842712474619,3,4,2,1.94295532842377,2,8,1,25,0,TRUE,25,33554432,0,1,25,25,0.833333333333333,2,0.666666666666667,0.166666666666667,0.688332449299089,8.33333333333333,6,10,1.37666489859818,8,8,8,0,8.33333333333333,6,10,1.37666489859818,0,1.94295532842377,2.82842712474619,0.68712330427472,"F4_R25",-0.053378533064909,-0.342004264885899,0.0523490600394965,0.271391979495859,-0.134755835195509,-0.206397593610961,0.462943071965628,498,"medium"
438,"-1:-1|1:-2|1:2|2:-2",4,TRUE,0,2,2,"off_axis",2.17869416052972,2.82842712474619,3,4,2,1.94295532842377,2,8,1,25,0,TRUE,25,33554432,0,1,25,25,0.833333333333333,2,0.666666666666667,0.166666666666667,0.688332449299089,8.33333333333333,6,10,1.37666489859818,8,8,8,0,8.33333333333333,6,10,1.37666489859818,0,1.94295532842377,2.82842712474619,0.68712330427472,"F4_R25",-0.053378533064909,-0.342004264885899,0.0523490600394965,0.271391979495859,-0.134755835195509,-0.206397593610961,0.462943071965628,498,"medium"
452,"-2:-1|1:-2|1:2|2:-2",4,TRUE,0,1,3,"off_axis",2.38415776431139,2.82842712474619,3.25,4,2,1.94295532842377,2,8,1,25,0,TRUE,25,33554432,0,1,25,25,0.833333333333333,2,0.666666666666667,0.166666666666667,0.688332449299089,8.33333333333333,6,10,1.37666489859818,8,8,8,0,8.33333333333333,6,10,1.37666489859818,0,1.94295532842377,2.82842712474619,0.68712330427472,"F4_R25",-0.053378533064909,-0.342004264885899,0.0523490600394965,0.271391979495859,-0.134755835195509,-0.206397593610961,0.462943071965628,498,"medium"
886,"-1:-2|0:1|1:1|2:2",4,TRUE,1,2,1,"mixed",1.86967716615477,2.82842712474619,2.5,4,2,1.94295532842377,2,8,1,25,0,TRUE,25,33554432,0,1,25,25,0.833333333333333,2,0.666666666666667,0.166666666666667,0.688332449299089,8.33333333333333,6,10,1.37666489859818,8,8,8,0,8.33333333333333,6,10,1.37666489859818,0,1.94295532842377,2.82842712474619,0.68712330427472,"F4_R25",-0.053378533064909,-0.342004264885899,0.0523490600394965,0.271391979495859,-0.134755835195509,-0.206397593610961,0.462943071965628,498,"medium"
925,"-1:-1|0:-1|1:1|2:-2",4,TRUE,1,3,0,"mixed",1.6642135623731,2.82842712474619,2.25,4,2,1.94295532842377,2,8,1,25,0,TRUE,25,33554432,0,1,25,25,0.833333333333333,2,0.666666666666667,0.166666666666667,0.688332449299089,8.33333333333333,6,10,1.37666489859818,8,8,8,0,8.33333333333333,6,10,1.37666489859818,0,1.94295532842377,2.82842712474619,0.68712330427472,"F4_R25",-0.053378533064909,-0.342004264885899,0.0523490600394965,0.271391979495859,-0.134755835195509,-0.206397593610961,0.462943071965628,498,"medium"
929,"-1:-1|0:-1|1:2|2:-2",4,TRUE,1,2,1,"mixed",1.86967716615477,2.82842712474619,2.5,4,2,1.94295532842377,2,8,1,25,0,TRUE,25,33554432,0,1,25,25,0.833333333333333,2,0.666666666666667,0.166666666666667,0.688332449299089,8.33333333333333,6,10,1.37666489859818,8,8,8,0,8.33333333333333,6,10,1.37666489859818,0,1.94295532842377,2.82842712474619,0.68712330427472,"F4_R25",-0.053378533064909,-0.342004264885899,0.0523490600394965,0.271391979495859,-0.134755835195509,-0.206397593610961,0.462943071965628,498,"medium"
1471,"-1:-2|0:1|1:0|2:-1",4,TRUE,2,0,2,"mixed",1.61803398874989,2.23606797749979,2,3,2,1.94295532842377,2,8,1,25,0,TRUE,25,33554432,0,1,25,25,0.833333333333333,2,0.666666666666667,0.166666666666667,0.688332449299089,8.33333333333333,6,10,1.37666489859818,8,8,8,0,8.33333333333333,6,10,1.37666489859818,0,1.94295532842377,2.82842712474619,0.68712330427472,"F4_R25",-0.053378533064909,-0.342004264885899,0.0523490600394965,0.271391979495859,-0.134755835195509,-0.206397593610961,0.462943071965628,498,"medium"
771,"-2:-1|-1:-2|-1:2|2:-2",4,TRUE,0,1,3,"off_axis",2.38415776431139,2.82842712474619,3.25,4,2,1.98371941369913,2,8,1,25,0,TRUE,25,33554432,0,1,25,25,0.833333333333333,2,0.75,0.0833333333333333,0.553694392684741,8.33333333333333,6,10,1.10738878536948,9,8,10,1.01015254455221,8.33333333333333,6,10,1.10738878536948,0,1.98371941369913,2.82842712474619,0.542481221091435,"F4_R25",0.209089500816147,0.706508810356395,-1.2876990647278,0.271391979495859,-0.134755835195509,-0.235464609254908,0.456498388829216,505,"medium"
1007,"-1:-2|0:-2|1:-1|2:2",4,TRUE,1,2,1,"mixed",2.11967716615477,2.82842712474619,2.75,4,2,1.98371941369913,2,8,1,25,0,TRUE,25,33554432,0,1,25,25,0.833333333333333,2,0.75,0.0833333333333333,0.553694392684741,8.33333333333333,6,10,1.10738878536948,9,8,10,1.01015254455221,8.33333333333333,6,10,1.10738878536948,0,1.98371941369913,2.82842712474619,0.542481221091435,"F4_R25",0.209089500816147,0.706508810356395,-1.2876990647278,0.271391979495859,-0.134755835195509,-0.235464609254908,0.456498388829216,505,"medium"
1306,"-1:-2|0:1|1:2|2:1",4,TRUE,1,0,3,"mixed",1.92705098312484,2.23606797749979,2.5,3,2,1.98371941369913,2,8,1,25,0,TRUE,25,33554432,0,1,25,25,0.833333333333333,2,0.75,0.0833333333333333,0.553694392684741,8.33333333333333,6,10,1.10738878536948,9,8,10,1.01015254455221,8.33333333333333,6,10,1.10738878536948,0,1.98371941369913,2.82842712474619,0.542481221091435,"F4_R25",0.209089500816147,0.706508810356395,-1.2876990647278,0.271391979495859,-0.134755835195509,-0.235464609254908,0.456498388829216,505,"medium"
1353,"-1:-1|1:-2|1:-1|2:1",4,TRUE,0,2,2,"off_axis",1.82514076993644,2.23606797749979,2.5,3,2,1.98371941369913,2,8,1,25,0,TRUE,25,33554432,0,1,25,25,0.833333333333333,2,0.75,0.0833333333333333,0.553694392684741,8.33333333333333,6,10,1.10738878536948,9,8,10,1.01015254455221,8.33333333333333,6,10,1.10738878536948,0,1.98371941369913,2.82842712474619,0.542481221091435,"F4_R25",0.209089500816147,0.706508810356395,-1.2876990647278,0.271391979495859,-0.134755835195509,-0.235464609254908,0.456498388829216,505,"medium"
1534,"-1:-2|0:1|1:-1|2:0",4,TRUE,2,1,1,"mixed",1.66257038496822,2.23606797749979,2,3,2,1.98371941369913,2,8,1,25,0,TRUE,25,33554432,0,1,25,25,0.833333333333333,2,0.75,0.0833333333333333,0.553694392684741,8.33333333333333,6,10,1.10738878536948,9,8,10,1.01015254455221,8.33333333333333,6,10,1.10738878536948,0,1.98371941369913,2.82842712474619,0.542481221091435,"F4_R25",0.209089500816147,0.706508810356395,-1.2876990647278,0.271391979495859,-0.134755835195509,-0.235464609254908,0.456498388829216,505,"medium"
464,"-2:-2|-2:-1|0:-2|2:-2",4,TRUE,1,2,1,"mixed",2.47323055674804,2.82842712474619,3.25,4,2,1.95432037668651,3,8,1,25,0,TRUE,25,33554432,0,1,25,25,0.833333333333333,2,0.75,0.0833333333333333,0.553694392684741,8.33333333333333,6,10,1.10738878536948,8,8,8,0,8.33333333333333,6,10,1.10738878536948,0,1.95432037668651,2.82842712474619,0.650326298670236,"F4_R25",0.0197976918480978,-0.342004264885899,-1.2876990647278,0.271391979495859,1.07286376482578,-0.26564989344396,0.451127819548872,510,"medium"
645,"-1:0|0:-1|2:-2|2:0",4,TRUE,3,1,0,"mixed",1.70710678118655,2.82842712474619,2,4,2,1.95432037668651,3,8,1,25,0,TRUE,25,33554432,0,1,25,25,0.833333333333333,2,0.75,0.0833333333333333,0.553694392684741,8.33333333333333,6,10,1.10738878536948,8,8,8,0,8.33333333333333,6,10,1.10738878536948,0,1.95432037668651,2.82842712474619,0.650326298670236,"F4_R25",0.0197976918480978,-0.342004264885899,-1.2876990647278,0.271391979495859,1.07286376482578,-0.26564989344396,0.451127819548872,510,"medium"
682,"-1:-1|-1:0|2:-2|2:0",4,TRUE,2,2,0,"mixed",1.81066017177982,2.82842712474619,2.25,4,2,1.95432037668651,3,8,1,25,0,TRUE,25,33554432,0,1,25,25,0.833333333333333,2,0.75,0.0833333333333333,0.553694392684741,8.33333333333333,6,10,1.10738878536948,8,8,8,0,8.33333333333333,6,10,1.10738878536948,0,1.95432037668651,2.82842712474619,0.650326298670236,"F4_R25",0.0197976918480978,-0.342004264885899,-1.2876990647278,0.271391979495859,1.07286376482578,-0.26564989344396,0.451127819548872,510,"medium"
1161,"-2:-1|-2:0|0:-2|2:0",4,TRUE,3,0,1,"mixed",2.05901699437495,2.23606797749979,2.25,3,2,1.95432037668651,3,8,1,25,0,TRUE,25,33554432,0,1,25,25,0.833333333333333,2,0.75,0.0833333333333333,0.553694392684741,8.33333333333333,6,10,1.10738878536948,8,8,8,0,8.33333333333333,6,10,1.10738878536948,0,1.95432037668651,2.82842712474619,0.650326298670236,"F4_R25",0.0197976918480978,-0.342004264885899,-1.2876990647278,0.271391979495859,1.07286376482578,-0.26564989344396,0.451127819548872,510,"medium"
1266,"-1:-1|-1:0|-1:2|1:2",4,TRUE,1,1,2,"mixed",1.72158737934317,2.23606797749979,2.25,3,2,1.95432037668651,3,8,1,25,0,TRUE,25,33554432,0,1,25,25,0.833333333333333,2,0.75,0.0833333333333333,0.553694392684741,8.33333333333333,6,10,1.10738878536948,8,8,8,0,8.33333333333333,6,10,1.10738878536948,0,1.95432037668651,2.82842712474619,0.650326298670236,"F4_R25",0.0197976918480978,-0.342004264885899,-1.2876990647278,0.271391979495859,1.07286376482578,-0.26564989344396,0.451127819548872,510,"medium"
541,"-1:-2|1:-2|1:2|2:2",4,TRUE,0,1,3,"off_axis",2.38415776431139,2.82842712474619,3.25,4,2,1.94229805746182,3,8,1,25,0,TRUE,25,33554432,0,1,25,25,0.833333333333333,2,0.75,0.0833333333333333,0.553694392684741,8.33333333333333,6,10,1.10738878536948,8,8,8,0,8.33333333333333,6,10,1.10738878536948,0,1.94229805746182,2.82842712474619,0.603212009882676,"F4_R25",-0.0576105087352749,-0.342004264885899,-1.2876990647278,0.271391979495859,1.07286376482578,-0.343058094027333,0.445757250268528,515,"medium"
931,"-1:-1|-1:2|0:-1|2:-2",4,TRUE,1,2,1,"mixed",1.86967716615477,2.82842712474619,2.5,4,2,1.94229805746182,3,8,1,25,0,TRUE,25,33554432,0,1,25,25,0.833333333333333,2,0.75,0.0833333333333333,0.553694392684741,8.33333333333333,6,10,1.10738878536948,8,8,8,0,8.33333333333333,6,10,1.10738878536948,0,1.94229805746182,2.82842712474619,0.603212009882676,"F4_R25",-0.0576105087352749,-0.342004264885899,-1.2876990647278,0.271391979495859,1.07286376482578,-0.343058094027333,0.445757250268528,515,"medium"
1150,"-1:-2|-1:2|0:-2|2:-1",4,TRUE,1,0,3,"mixed",2.17705098312484,2.23606797749979,2.75,3,2,1.94229805746182,3,8,1,25,0,TRUE,25,33554432,0,1,25,25,0.833333333333333,2,0.75,0.0833333333333333,0.553694392684741,8.33333333333333,6,10,1.10738878536948,8,8,8,0,8.33333333333333,6,10,1.10738878536948,0,1.94229805746182,2.82842712474619,0.603212009882676,"F4_R25",-0.0576105087352749,-0.342004264885899,-1.2876990647278,0.271391979495859,1.07286376482578,-0.343058094027333,0.445757250268528,515,"medium"
1560,"-1:-2|-1:0|0:1|2:-1",4,TRUE,2,0,2,"mixed",1.61803398874989,2.23606797749979,2,3,2,1.94229805746182,3,8,1,25,0,TRUE,25,33554432,0,1,25,25,0.833333333333333,2,0.75,0.0833333333333333,0.553694392684741,8.33333333333333,6,10,1.10738878536948,8,8,8,0,8.33333333333333,6,10,1.10738878536948,0,1.94229805746182,2.82842712474619,0.603212009882676,"F4_R25",-0.0576105087352749,-0.342004264885899,-1.2876990647278,0.271391979495859,1.07286376482578,-0.343058094027333,0.445757250268528,515,"medium"
1594,"-1:-1|-1:0|0:2|2:1",4,TRUE,2,1,1,"mixed",1.66257038496822,2.23606797749979,2,3,2,1.94229805746182,3,8,1,25,0,TRUE,25,33554432,0,1,25,25,0.833333333333333,2,0.75,0.0833333333333333,0.553694392684741,8.33333333333333,6,10,1.10738878536948,8,8,8,0,8.33333333333333,6,10,1.10738878536948,0,1.94229805746182,2.82842712474619,0.603212009882676,"F4_R25",-0.0576105087352749,-0.342004264885899,-1.2876990647278,0.271391979495859,1.07286376482578,-0.343058094027333,0.445757250268528,515,"medium"
331,"-2:-1|0:-2|1:-2|2:-2",4,TRUE,1,1,2,"mixed",2.32514076993644,2.82842712474619,3,4,2,1.91869125971184,2,8,1,25,0,TRUE,25,33554432,0,1,25,25,0.833333333333333,2,0.666666666666667,0.166666666666667,0.688332449299089,8.33333333333333,6,10,1.37666489859818,8,6,10,2.02030508910442,8.33333333333333,6,10,1.37666489859818,0,1.91869125971184,2.82842712474619,0.595001260414515,"F4_R25",-0.209607781575099,-0.342004264885899,0.0523490600394965,0.271391979495859,-0.134755835195509,-0.362626842121151,0.437701396348013,520,"medium"
344,"-1:-2|0:2|1:2|2:2",4,TRUE,1,1,2,"mixed",2.32514076993644,2.82842712474619,3,4,2,1.91869125971184,2,8,1,25,0,TRUE,25,33554432,0,1,25,25,0.833333333333333,2,0.666666666666667,0.166666666666667,0.688332449299089,8.33333333333333,6,10,1.37666489859818,8,6,10,2.02030508910442,8.33333333333333,6,10,1.37666489859818,0,1.91869125971184,2.82842712474619,0.595001260414515,"F4_R25",-0.209607781575099,-0.342004264885899,0.0523490600394965,0.271391979495859,-0.134755835195509,-0.362626842121151,0.437701396348013,520,"medium"
598,"-1:-1|1:0|2:-2|2:0",4,TRUE,2,2,0,"mixed",1.81066017177982,2.82842712474619,2.25,4,2,1.91869125971184,2,8,1,25,0,TRUE,25,33554432,0,1,25,25,0.833333333333333,2,0.666666666666667,0.166666666666667,0.688332449299089,8.33333333333333,6,10,1.37666489859818,8,6,10,2.02030508910442,8.33333333333333,6,10,1.37666489859818,0,1.91869125971184,2.82842712474619,0.595001260414515,"F4_R25",-0.209607781575099,-0.342004264885899,0.0523490600394965,0.271391979495859,-0.134755835195509,-0.362626842121151,0.437701396348013,520,"medium"
605,"-1:-2|0:1|0:2|2:2",4,TRUE,2,1,1,"mixed",2.01612377556149,2.82842712474619,2.5,4,2,1.91869125971184,2,8,1,25,0,TRUE,25,33554432,0,1,25,25,0.833333333333333,2,0.666666666666667,0.166666666666667,0.688332449299089,8.33333333333333,6,10,1.37666489859818,8,6,10,2.02030508910442,8.33333333333333,6,10,1.37666489859818,0,1.91869125971184,2.82842712474619,0.595001260414515,"F4_R25",-0.209607781575099,-0.342004264885899,0.0523490600394965,0.271391979495859,-0.134755835195509,-0.362626842121151,0.437701396348013,520,"medium"
1282,"-1:-2|-1:-1|-1:2|1:2",4,TRUE,0,1,3,"off_axis",2.03060437371812,2.23606797749979,2.75,3,2,1.91869125971184,2,8,1,25,0,TRUE,25,33554432,0,1,25,25,0.833333333333333,2,0.666666666666667,0.166666666666667,0.688332449299089,8.33333333333333,6,10,1.37666489859818,8,6,10,2.02030508910442,8.33333333333333,6,10,1.37666489859818,0,1.91869125971184,2.82842712474619,0.595001260414515,"F4_R25",-0.209607781575099,-0.342004264885899,0.0523490600394965,0.271391979495859,-0.134755835195509,-0.362626842121151,0.437701396348013,520,"medium"
1368,"-1:-2|-1:-1|-1:2|2:-1",4,TRUE,0,1,3,"off_axis",2.03060437371812,2.23606797749979,2.75,3,2,1.91869125971184,2,8,1,25,0,TRUE,25,33554432,0,1,25,25,0.833333333333333,2,0.666666666666667,0.166666666666667,0.688332449299089,8.33333333333333,6,10,1.37666489859818,8,6,10,2.02030508910442,8.33333333333333,6,10,1.37666489859818,0,1.91869125971184,2.82842712474619,0.595001260414515,"F4_R25",-0.209607781575099,-0.342004264885899,0.0523490600394965,0.271391979495859,-0.134755835195509,-0.362626842121151,0.437701396348013,520,"medium"
1446,"-1:-2|0:-1|0:1|2:-1",4,TRUE,2,0,2,"mixed",1.61803398874989,2.23606797749979,2,3,2,1.91869125971184,2,8,1,25,0,TRUE,25,33554432,0,1,25,25,0.833333333333333,2,0.666666666666667,0.166666666666667,0.688332449299089,8.33333333333333,6,10,1.37666489859818,8,6,10,2.02030508910442,8.33333333333333,6,10,1.37666489859818,0,1.91869125971184,2.82842712474619,0.595001260414515,"F4_R25",-0.209607781575099,-0.342004264885899,0.0523490600394965,0.271391979495859,-0.134755835195509,-0.362626842121151,0.437701396348013,520,"medium"
1486,"-1:-2|-1:0|1:0|2:-1",4,TRUE,2,0,2,"mixed",1.61803398874989,2.23606797749979,2,3,2,1.91869125971184,2,8,1,25,0,TRUE,25,33554432,0,1,25,25,0.833333333333333,2,0.666666666666667,0.166666666666667,0.688332449299089,8.33333333333333,6,10,1.37666489859818,8,6,10,2.02030508910442,8.33333333333333,6,10,1.37666489859818,0,1.91869125971184,2.82842712474619,0.595001260414515,"F4_R25",-0.209607781575099,-0.342004264885899,0.0523490600394965,0.271391979495859,-0.134755835195509,-0.362626842121151,0.437701396348013,520,"medium"
1596,"-2:-1|0:-2|1:0|2:0",4,TRUE,3,0,1,"mixed",1.80901699437495,2.23606797749979,2,3,2,1.91869125971184,2,8,1,25,0,TRUE,25,33554432,0,1,25,25,0.833333333333333,2,0.666666666666667,0.166666666666667,0.688332449299089,8.33333333333333,6,10,1.37666489859818,8,6,10,2.02030508910442,8.33333333333333,6,10,1.37666489859818,0,1.91869125971184,2.82842712474619,0.595001260414515,"F4_R25",-0.209607781575099,-0.342004264885899,0.0523490600394965,0.271391979495859,-0.134755835195509,-0.362626842121151,0.437701396348013,520,"medium"
1682,"-1:-1|0:1|0:2|2:0",4,TRUE,3,1,0,"mixed",1.60355339059327,2,1.75,2,2,1.91869125971184,2,8,1,25,0,TRUE,25,33554432,0,1,25,25,0.833333333333333,2,0.666666666666667,0.166666666666667,0.688332449299089,8.33333333333333,6,10,1.37666489859818,8,6,10,2.02030508910442,8.33333333333333,6,10,1.37666489859818,0,1.91869125971184,2.82842712474619,0.595001260414515,"F4_R25",-0.209607781575099,-0.342004264885899,0.0523490600394965,0.271391979495859,-0.134755835195509,-0.362626842121151,0.437701396348013,520,"medium"
442,"-2:-1|1:-2|2:-2|2:0",4,TRUE,1,1,2,"mixed",2.32514076993644,2.82842712474619,3,4,2,1.96011261594915,2,8,1,25,0,TRUE,25,33554432,0,1,25,25,0.833333333333333,2,0.75,0.0833333333333333,0.553694392684741,8.33333333333333,6,10,1.10738878536948,9,8,10,1.01015254455221,8.33333333333333,6,10,1.10738878536948,0,1.96011261594915,2.82842712474619,0.535369584489657,"F4_R25",0.0570922279763234,0.706508810356395,-1.2876990647278,0.271391979495859,-0.134755835195509,-0.387461882094732,0.426960257787325,530,"medium"
609,"-1:-1|0:-2|1:0|2:-2",4,TRUE,2,2,0,"mixed",1.81066017177982,2.82842712474619,2.25,4,2,1.96011261594915,2,8,1,25,0,TRUE,25,33554432,0,1,25,25,0.833333333333333,2,0.75,0.0833333333333333,0.553694392684741,8.33333333333333,6,10,1.10738878536948,9,8,10,1.01015254455221,8.33333333333333,6,10,1.10738878536948,0,1.96011261594915,2.82842712474619,0.535369584489657,"F4_R25",0.0570922279763234,0.706508810356395,-1.2876990647278,0.271391979495859,-0.134755835195509,-0.387461882094732,0.426960257787325,530,"medium"
757,"-1:-2|-1:-1|0:2|2:-2",4,TRUE,1,2,1,"mixed",2.11967716615477,2.82842712474619,2.75,4,2,1.96011261594915,2,8,1,25,0,TRUE,25,33554432,0,1,25,25,0.833333333333333,2,0.75,0.0833333333333333,0.553694392684741,8.33333333333333,6,10,1.10738878536948,9,8,10,1.01015254455221,8.33333333333333,6,10,1.10738878536948,0,1.96011261594915,2.82842712474619,0.535369584489657,"F4_R25",0.0570922279763234,0.706508810356395,-1.2876990647278,0.271391979495859,-0.134755835195509,-0.387461882094732,0.426960257787325,530,"medium"
834,"-1:-2|0:2|1:2|2:-2",4,TRUE,1,1,2,"mixed",2.32514076993644,2.82842712474619,3,4,2,1.96011261594915,2,8,1,25,0,TRUE,25,33554432,0,1,25,25,0.833333333333333,2,0.75,0.0833333333333333,0.553694392684741,8.33333333333333,6,10,1.10738878536948,9,8,10,1.01015254455221,8.33333333333333,6,10,1.10738878536948,0,1.96011261594915,2.82842712474619,0.535369584489657,"F4_R25",0.0570922279763234,0.706508810356395,-1.2876990647278,0.271391979495859,-0.134755835195509,-0.387461882094732,0.426960257787325,530,"medium"
1129,"-1:-1|0:-2|1:-2|2:0",4,TRUE,2,1,1,"mixed",1.91257038496822,2.23606797749979,2.25,3,2,1.96011261594915,2,8,1,25,0,TRUE,25,33554432,0,1,25,25,0.833333333333333,2,0.75,0.0833333333333333,0.553694392684741,8.33333333333333,6,10,1.10738878536948,9,8,10,1.01015254455221,8.33333333333333,6,10,1.10738878536948,0,1.96011261594915,2.82842712474619,0.535369584489657,"F4_R25",0.0570922279763234,0.706508810356395,-1.2876990647278,0.271391979495859,-0.134755835195509,-0.387461882094732,0.426960257787325,530,"medium"
1222,"-1:-2|1:-2|1:0|2:-1",4,TRUE,1,0,3,"mixed",1.92705098312484,2.23606797749979,2.5,3,2,1.96011261594915,2,8,1,25,0,TRUE,25,33554432,0,1,25,25,0.833333333333333,2,0.75,0.0833333333333333,0.553694392684741,8.33333333333333,6,10,1.10738878536948,9,8,10,1.01015254455221,8.33333333333333,6,10,1.10738878536948,0,1.96011261594915,2.82842712474619,0.535369584489657,"F4_R25",0.0570922279763234,0.706508810356395,-1.2876990647278,0.271391979495859,-0.134755835195509,-0.387461882094732,0.426960257787325,530,"medium"
1360,"-1:-1|-1:2|1:-2|1:-1",4,TRUE,0,2,2,"off_axis",1.82514076993644,2.23606797749979,2.5,3,2,1.96011261594915,2,8,1,25,0,TRUE,25,33554432,0,1,25,25,0.833333333333333,2,0.75,0.0833333333333333,0.553694392684741,8.33333333333333,6,10,1.10738878536948,9,8,10,1.01015254455221,8.33333333333333,6,10,1.10738878536948,0,1.96011261594915,2.82842712474619,0.535369584489657,"F4_R25",0.0570922279763234,0.706508810356395,-1.2876990647278,0.271391979495859,-0.134755835195509,-0.387461882094732,0.426960257787325,530,"medium"
1369,"-1:-2|-1:-1|0:2|2:-1",4,TRUE,1,1,2,"mixed",1.97158737934317,2.23606797749979,2.5,3,2,1.96011261594915,2,8,1,25,0,TRUE,25,33554432,0,1,25,25,0.833333333333333,2,0.75,0.0833333333333333,0.553694392684741,8.33333333333333,6,10,1.10738878536948,9,8,10,1.01015254455221,8.33333333333333,6,10,1.10738878536948,0,1.96011261594915,2.82842712474619,0.535369584489657,"F4_R25",0.0570922279763234,0.706508810356395,-1.2876990647278,0.271391979495859,-0.134755835195509,-0.387461882094732,0.426960257787325,530,"medium"
1445,"-1:-1|-1:2|0:1|2:1",4,TRUE,1,1,2,"mixed",1.72158737934317,2.23606797749979,2.25,3,2,1.96011261594915,2,8,1,25,0,TRUE,25,33554432,0,1,25,25,0.833333333333333,2,0.75,0.0833333333333333,0.553694392684741,8.33333333333333,6,10,1.10738878536948,9,8,10,1.01015254455221,8.33333333333333,6,10,1.10738878536948,0,1.96011261594915,2.82842712474619,0.535369584489657,"F4_R25",0.0570922279763234,0.706508810356395,-1.2876990647278,0.271391979495859,-0.134755835195509,-0.387461882094732,0.426960257787325,530,"medium"
1480,"-1:-1|-1:2|0:1|2:0",4,TRUE,2,1,1,"mixed",1.66257038496822,2.23606797749979,2,3,2,1.96011261594915,2,8,1,25,0,TRUE,25,33554432,0,1,25,25,0.833333333333333,2,0.75,0.0833333333333333,0.553694392684741,8.33333333333333,6,10,1.10738878536948,9,8,10,1.01015254455221,8.33333333333333,6,10,1.10738878536948,0,1.96011261594915,2.82842712474619,0.535369584489657,"F4_R25",0.0570922279763234,0.706508810356395,-1.2876990647278,0.271391979495859,-0.134755835195509,-0.387461882094732,0.426960257787325,530,"medium"
363,"-1:-2|0:2|1:-2|2:-2",4,TRUE,1,1,2,"mixed",2.32514076993644,2.82842712474619,3,4,2,1.93650581819917,2,8,1,25,0,TRUE,25,33554432,0,1,25,25,0.833333333333333,2,0.75,0.0833333333333333,0.553694392684741,8.33333333333333,6,10,1.10738878536948,9,8,10,1.01015254455221,8.33333333333333,6,10,1.10738878536948,0,1.93650581819917,2.82842712474619,0.526988526209425,"F4_R25",-0.0949050448635005,0.706508810356395,-1.2876990647278,0.271391979495859,-0.134755835195509,-0.539459154934556,0.416219119226638,540,"medium"
549,"-2:-1|-1:-2|0:-2|2:-2",4,TRUE,1,1,2,"mixed",2.32514076993644,2.82842712474619,3,4,2,1.93650581819917,2,8,1,25,0,TRUE,25,33554432,0,1,25,25,0.833333333333333,2,0.75,0.0833333333333333,0.553694392684741,8.33333333333333,6,10,1.10738878536948,9,8,10,1.01015254455221,8.33333333333333,6,10,1.10738878536948,0,1.93650581819917,2.82842712474619,0.526988526209425,"F4_R25",-0.0949050448635005,0.706508810356395,-1.2876990647278,0.271391979495859,-0.134755835195509,-0.539459154934556,0.416219119226638,540,"medium"
687,"-2:-2|-1:1|0:-2|0:2",4,TRUE,2,2,0,"mixed",2.06066017177982,2.82842712474619,2.5,4,2,1.93650581819917,2,8,1,25,0,TRUE,25,33554432,0,1,25,25,0.833333333333333,2,0.75,0.0833333333333333,0.553694392684741,8.33333333333333,6,10,1.10738878536948,9,8,10,1.01015254455221,8.33333333333333,6,10,1.10738878536948,0,1.93650581819917,2.82842712474619,0.526988526209425,"F4_R25",-0.0949050448635005,0.706508810356395,-1.2876990647278,0.271391979495859,-0.134755835195509,-0.539459154934556,0.416219119226638,540,"medium"
743,"-1:-2|0:-1|0:2|2:-2",4,TRUE,2,1,1,"mixed",2.01612377556149,2.82842712474619,2.5,4,2,1.93650581819917,2,8,1,25,0,TRUE,25,33554432,0,1,25,25,0.833333333333333,2,0.75,0.0833333333333333,0.553694392684741,8.33333333333333,6,10,1.10738878536948,9,8,10,1.01015254455221,8.33333333333333,6,10,1.10738878536948,0,1.93650581819917,2.82842712474619,0.526988526209425,"F4_R25",-0.0949050448635005,0.706508810356395,-1.2876990647278,0.271391979495859,-0.134755835195509,-0.539459154934556,0.416219119226638,540,"medium"
1240,"-1:-1|-1:1|-1:2|1:2",4,TRUE,0,2,2,"off_axis",1.82514076993644,2.23606797749979,2.5,3,2,1.93650581819917,2,8,1,25,0,TRUE,25,33554432,0,1,25,25,0.833333333333333,2,0.75,0.0833333333333333,0.553694392684741,8.33333333333333,6,10,1.10738878536948,9,8,10,1.01015254455221,8.33333333333333,6,10,1.10738878536948,0,1.93650581819917,2.82842712474619,0.526988526209425,"F4_R25",-0.0949050448635005,0.706508810356395,-1.2876990647278,0.271391979495859,-0.134755835195509,-0.539459154934556,0.416219119226638,540,"medium"
1401,"-1:-1|-1:1|-1:2|2:0",4,TRUE,1,2,1,"mixed",1.76612377556149,2.23606797749979,2.25,3,2,1.93650581819917,2,8,1,25,0,TRUE,25,33554432,0,1,25,25,0.833333333333333,2,0.75,0.0833333333333333,0.553694392684741,8.33333333333333,6,10,1.10738878536948,9,8,10,1.01015254455221,8.33333333333333,6,10,1.10738878536948,0,1.93650581819917,2.82842712474619,0.526988526209425,"F4_R25",-0.0949050448635005,0.706508810356395,-1.2876990647278,0.271391979495859,-0.134755835195509,-0.539459154934556,0.416219119226638,540,"medium"
1459,"-2:-1|-1:0|0:-2|2:0",4,TRUE,3,0,1,"mixed",1.80901699437495,2.23606797749979,2,3,2,1.93650581819917,2,8,1,25,0,TRUE,25,33554432,0,1,25,25,0.833333333333333,2,0.75,0.0833333333333333,0.553694392684741,8.33333333333333,6,10,1.10738878536948,9,8,10,1.01015254455221,8.33333333333333,6,10,1.10738878536948,0,1.93650581819917,2.82842712474619,0.526988526209425,"F4_R25",-0.0949050448635005,0.706508810356395,-1.2876990647278,0.271391979495859,-0.134755835195509,-0.539459154934556,0.416219119226638,540,"medium"
1516,"-1:-2|-1:0|1:-1|2:0",4,TRUE,2,1,1,"mixed",1.66257038496822,2.23606797749979,2,3,2,1.93650581819917,2,8,1,25,0,TRUE,25,33554432,0,1,25,25,0.833333333333333,2,0.75,0.0833333333333333,0.553694392684741,8.33333333333333,6,10,1.10738878536948,9,8,10,1.01015254455221,8.33333333333333,6,10,1.10738878536948,0,1.93650581819917,2.82842712474619,0.526988526209425,"F4_R25",-0.0949050448635005,0.706508810356395,-1.2876990647278,0.271391979495859,-0.134755835195509,-0.539459154934556,0.416219119226638,540,"medium"
1578,"-1:-1|0:-2|0:1|2:-1",4,TRUE,2,1,1,"mixed",1.66257038496822,2.23606797749979,2,3,2,1.93650581819917,2,8,1,25,0,TRUE,25,33554432,0,1,25,25,0.833333333333333,2,0.75,0.0833333333333333,0.553694392684741,8.33333333333333,6,10,1.10738878536948,9,8,10,1.01015254455221,8.33333333333333,6,10,1.10738878536948,0,1.93650581819917,2.82842712474619,0.526988526209425,"F4_R25",-0.0949050448635005,0.706508810356395,-1.2876990647278,0.271391979495859,-0.134755835195509,-0.539459154934556,0.416219119226638,540,"medium"
1584,"-1:-1|0:-2|0:2|2:-1",4,TRUE,2,1,1,"mixed",1.91257038496822,2.23606797749979,2.25,3,2,1.93650581819917,2,8,1,25,0,TRUE,25,33554432,0,1,25,25,0.833333333333333,2,0.75,0.0833333333333333,0.553694392684741,8.33333333333333,6,10,1.10738878536948,9,8,10,1.01015254455221,8.33333333333333,6,10,1.10738878536948,0,1.93650581819917,2.82842712474619,0.526988526209425,"F4_R25",-0.0949050448635005,0.706508810356395,-1.2876990647278,0.271391979495859,-0.134755835195509,-0.539459154934556,0.416219119226638,540,"medium"
539,"-2:-2|-2:-1|2:-2|2:2",4,TRUE,0,3,1,"off_axis",2.68033733793459,2.82842712474619,3.75,4,2,1.87858444539843,2,8,1,25,0,TRUE,25,33554432,0,1,25,25,0.833333333333333,2,0.583333333333333,0.25,0.800640769025436,8.33333333333333,6,10,1.60128153805087,7,6,8,1.01015254455221,8.33333333333333,6,10,1.60128153805087,0,1.87858444539843,2.82842712474619,0.796464745336163,"F4_R25",-0.467843839785789,-1.39051734012819,1.17015005204386,0.271391979495859,-0.134755835195509,-0.551574983569773,0.408163265306122,550,"medium"
951,"-1:-1|-1:0|0:1|2:2",4,TRUE,2,2,0,"mixed",1.56066017177982,2.82842712474619,2,4,2,1.87858444539843,2,8,1,25,0,TRUE,25,33554432,0,1,25,25,0.833333333333333,2,0.583333333333333,0.25,0.800640769025436,8.33333333333333,6,10,1.60128153805087,7,6,8,1.01015254455221,8.33333333333333,6,10,1.60128153805087,0,1.87858444539843,2.82842712474619,0.796464745336163,"F4_R25",-0.467843839785789,-1.39051734012819,1.17015005204386,0.271391979495859,-0.134755835195509,-0.551574983569773,0.408163265306122,550,"medium"
998,"-1:-1|-1:0|0:1|2:-2",4,TRUE,2,2,0,"mixed",1.56066017177982,2.82842712474619,2,4,2,1.87858444539843,2,8,1,25,0,TRUE,25,33554432,0,1,25,25,0.833333333333333,2,0.583333333333333,0.25,0.800640769025436,8.33333333333333,6,10,1.60128153805087,7,6,8,1.01015254455221,8.33333333333333,6,10,1.60128153805087,0,1.87858444539843,2.82842712474619,0.796464745336163,"F4_R25",-0.467843839785789,-1.39051734012819,1.17015005204386,0.271391979495859,-0.134755835195509,-0.551574983569773,0.408163265306122,550,"medium"
1061,"-1:-2|-1:-1|0:-1|2:2",4,TRUE,1,2,1,"mixed",1.86967716615477,2.82842712474619,2.5,4,2,1.87858444539843,2,8,1,25,0,TRUE,25,33554432,0,1,25,25,0.833333333333333,2,0.583333333333333,0.25,0.800640769025436,8.33333333333333,6,10,1.60128153805087,7,6,8,1.01015254455221,8.33333333333333,6,10,1.60128153805087,0,1.87858444539843,2.82842712474619,0.796464745336163,"F4_R25",-0.467843839785789,-1.39051734012819,1.17015005204386,0.271391979495859,-0.134755835195509,-0.551574983569773,0.408163265306122,550,"medium"
1344,"-1:-2|-1:-1|0:-1|2:1",4,TRUE,1,1,2,"mixed",1.72158737934317,2.23606797749979,2.25,3,2,1.87858444539843,2,8,1,25,0,TRUE,25,33554432,0,1,25,25,0.833333333333333,2,0.583333333333333,0.25,0.800640769025436,8.33333333333333,6,10,1.60128153805087,7,6,8,1.01015254455221,8.33333333333333,6,10,1.60128153805087,0,1.87858444539843,2.82842712474619,0.796464745336163,"F4_R25",-0.467843839785789,-1.39051734012819,1.17015005204386,0.271391979495859,-0.134755835195509,-0.551574983569773,0.408163265306122,550,"medium"
562,"-1:-2|-1:2|0:-2|2:-2",4,TRUE,1,1,2,"mixed",2.32514076993644,2.82842712474619,3,4,2,1.89508446196187,3,8,1,25,0,TRUE,25,33554432,0,1,25,25,0.833333333333333,2,0.75,0.0833333333333333,0.553694392684741,8.33333333333333,6,10,1.10738878536948,8,8,8,0,8.33333333333333,6,10,1.10738878536948,0,1.89508446196187,2.82842712474619,0.585619218368906,"F4_R25",-0.361605054414923,-0.342004264885899,-1.2876990647278,0.271391979495859,1.07286376482578,-0.64705263970698,0.402792696025779,555,"medium"
713,"-1:-2|0:-2|0:2|2:2",4,TRUE,2,1,1,"mixed",2.26612377556149,2.82842712474619,2.75,4,2,1.89508446196187,3,8,1,25,0,TRUE,25,33554432,0,1,25,25,0.833333333333333,2,0.75,0.0833333333333333,0.553694392684741,8.33333333333333,6,10,1.10738878536948,8,8,8,0,8.33333333333333,6,10,1.10738878536948,0,1.89508446196187,2.82842712474619,0.585619218368906,"F4_R25",-0.361605054414923,-0.342004264885899,-1.2876990647278,0.271391979495859,1.07286376482578,-0.64705263970698,0.402792696025779,555,"medium"
1607,"-1:-2|-1:0|0:1|2:0",4,TRUE,3,0,1,"mixed",1.55901699437495,2.23606797749979,1.75,3,2,1.89508446196187,3,8,1,25,0,TRUE,25,33554432,0,1,25,25,0.833333333333333,2,0.75,0.0833333333333333,0.553694392684741,8.33333333333333,6,10,1.10738878536948,8,8,8,0,8.33333333333333,6,10,1.10738878536948,0,1.89508446196187,2.82842712474619,0.585619218368906,"F4_R25",-0.361605054414923,-0.342004264885899,-1.2876990647278,0.271391979495859,1.07286376482578,-0.64705263970698,0.402792696025779,555,"medium"
1613,"-1:-1|-1:0|-1:2|2:-1",4,TRUE,1,1,2,"mixed",1.72158737934317,2.23606797749979,2.25,3,2,1.89508446196187,3,8,1,25,0,TRUE,25,33554432,0,1,25,25,0.833333333333333,2,0.75,0.0833333333333333,0.553694392684741,8.33333333333333,6,10,1.10738878536948,8,8,8,0,8.33333333333333,6,10,1.10738878536948,0,1.89508446196187,2.82842712474619,0.585619218368906,"F4_R25",-0.361605054414923,-0.342004264885899,-1.2876990647278,0.271391979495859,1.07286376482578,-0.64705263970698,0.402792696025779,555,"medium"
1693,"-1:-1|-1:0|0:2|2:0",4,TRUE,3,1,0,"mixed",1.60355339059327,2,1.75,2,2,1.89508446196187,3,8,1,25,0,TRUE,25,33554432,0,1,25,25,0.833333333333333,2,0.75,0.0833333333333333,0.553694392684741,8.33333333333333,6,10,1.10738878536948,8,8,8,0,8.33333333333333,6,10,1.10738878536948,0,1.89508446196187,2.82842712474619,0.585619218368906,"F4_R25",-0.361605054414923,-0.342004264885899,-1.2876990647278,0.271391979495859,1.07286376482578,-0.64705263970698,0.402792696025779,555,"medium"
772,"-2:-1|-2:2|-1:-2|2:-2",4,TRUE,0,2,2,"off_axis",2.53224755112299,2.82842712474619,3.5,4,2,1.97858444539843,2,4,2,25,0,TRUE,25,33554432,0,1,25,25,0.833333333333333,2,0.583333333333333,0.25,0.800640769025436,8.33333333333333,6,10,1.60128153805087,10,10,10,0,8.33333333333333,6,10,1.60128153805087,0,1.97858444539843,2.82842712474619,0.562932394231188,"F4_R25",0.176026940358286,1.75502188559869,1.17015005204386,-3.68075372191259,-0.134755835195509,-0.714310679107265,0.399570354457572,560,"easy"
1374,"-1:-1|0:-2|1:-1|2:-1",4,TRUE,1,2,1,"mixed",1.76612377556149,2.23606797749979,2.25,3,2,1.7128990204492,1,8,1,25,0,TRUE,25,33554432,0,1,25,25,0.833333333333333,2,0.583333333333333,0.25,0.800640769025436,8.33333333333333,6,10,1.60128153805087,9,8,10,1.01015254455221,8.33333333333333,6,10,1.60128153805087,0,1.7128990204492,2.23606797749979,0.429440133900699,"F4_R25",-1.53464387799148,0.706508810356395,1.17015005204386,0.271391979495859,-1.3423754352168,-0.728968471312165,0.398496240601504,561,"easy"
387,"-1:-1|1:-2|2:-2|2:-1",4,TRUE,0,2,2,"off_axis",2.17869416052972,2.82842712474619,3,4,2,1.86011261594915,2,8,1,25,0,TRUE,25,33554432,0,1,25,25,0.833333333333333,2,0.666666666666667,0.166666666666667,0.688332449299089,8.33333333333333,6,10,1.37666489859818,8,8,8,0,8.33333333333333,6,10,1.37666489859818,0,1.86011261594915,2.82842712474619,0.614619173858266,"F4_R25",-0.586778552167754,-0.342004264885899,0.0523490600394965,0.271391979495859,-0.134755835195509,-0.739797612713806,0.395273899033298,562,"easy"
933,"-2:-1|0:-1|1:0|2:-2",4,TRUE,2,1,1,"mixed",1.76612377556149,2.82842712474619,2.25,4,2,1.86011261594915,2,8,1,25,0,TRUE,25,33554432,0,1,25,25,0.833333333333333,2,0.666666666666667,0.166666666666667,0.688332449299089,8.33333333333333,6,10,1.37666489859818,8,8,8,0,8.33333333333333,6,10,1.37666489859818,0,1.86011261594915,2.82842712474619,0.614619173858266,"F4_R25",-0.586778552167754,-0.342004264885899,0.0523490600394965,0.271391979495859,-0.134755835195509,-0.739797612713806,0.395273899033298,562,"easy"
1209,"-1:-1|0:2|1:-2|1:2",4,TRUE,1,1,2,"mixed",1.97158737934317,2.23606797749979,2.5,3,2,1.86011261594915,2,8,1,25,0,TRUE,25,33554432,0,1,25,25,0.833333333333333,2,0.666666666666667,0.166666666666667,0.688332449299089,8.33333333333333,6,10,1.37666489859818,8,8,8,0,8.33333333333333,6,10,1.37666489859818,0,1.86011261594915,2.82842712474619,0.614619173858266,"F4_R25",-0.586778552167754,-0.342004264885899,0.0523490600394965,0.271391979495859,-0.134755835195509,-0.739797612713806,0.395273899033298,562,"easy"
1308,"-1:-1|-1:0|1:-2|2:-1",4,TRUE,1,1,2,"mixed",1.72158737934317,2.23606797749979,2.25,3,2,1.86011261594915,2,8,1,25,0,TRUE,25,33554432,0,1,25,25,0.833333333333333,2,0.666666666666667,0.166666666666667,0.688332449299089,8.33333333333333,6,10,1.37666489859818,8,8,8,0,8.33333333333333,6,10,1.37666489859818,0,1.86011261594915,2.82842712474619,0.614619173858266,"F4_R25",-0.586778552167754,-0.342004264885899,0.0523490600394965,0.271391979495859,-0.134755835195509,-0.739797612713806,0.395273899033298,562,"easy"
1530,"-1:-1|-1:0|0:2|1:-2",4,TRUE,2,1,1,"mixed",1.66257038496822,2.23606797749979,2,3,2,1.86011261594915,2,8,1,25,0,TRUE,25,33554432,0,1,25,25,0.833333333333333,2,0.666666666666667,0.166666666666667,0.688332449299089,8.33333333333333,6,10,1.37666489859818,8,8,8,0,8.33333333333333,6,10,1.37666489859818,0,1.86011261594915,2.82842712474619,0.614619173858266,"F4_R25",-0.586778552167754,-0.342004264885899,0.0523490600394965,0.271391979495859,-0.134755835195509,-0.739797612713806,0.395273899033298,562,"easy"
515,"-2:-2|-1:-2|-1:1|0:2",4,TRUE,1,2,1,"mixed",2.11967716615477,2.82842712474619,2.75,4,2,1.87792717443648,1,8,1,25,0,TRUE,25,33554432,0,1,25,25,0.833333333333333,2,0.666666666666667,0.166666666666667,0.688332449299089,8.33333333333333,6,10,1.37666489859818,9,8,10,1.01015254455221,8.33333333333333,6,10,1.37666489859818,0,1.87792717443648,2.82842712474619,0.551149835962157,"F4_R25",-0.472075815456155,0.706508810356395,0.0523490600394965,0.271391979495859,-1.3423754352168,-0.784201400781205,0.387218045112782,567,"easy"
607,"-2:-1|-1:-1|0:-2|2:-2",4,TRUE,1,2,1,"mixed",2.11967716615477,2.82842712474619,2.75,4,2,1.87792717443648,1,8,1,25,0,TRUE,25,33554432,0,1,25,25,0.833333333333333,2,0.666666666666667,0.166666666666667,0.688332449299089,8.33333333333333,6,10,1.37666489859818,9,8,10,1.01015254455221,8.33333333333333,6,10,1.37666489859818,0,1.87792717443648,2.82842712474619,0.551149835962157,"F4_R25",-0.472075815456155,0.706508810356395,0.0523490600394965,0.271391979495859,-1.3423754352168,-0.784201400781205,0.387218045112782,567,"easy"
686,"-2:-1|-1:-1|2:-2|2:0",4,TRUE,1,2,1,"mixed",2.11967716615477,2.82842712474619,2.75,4,2,1.87792717443648,1,8,1,25,0,TRUE,25,33554432,0,1,25,25,0.833333333333333,2,0.666666666666667,0.166666666666667,0.688332449299089,8.33333333333333,6,10,1.37666489859818,9,8,10,1.01015254455221,8.33333333333333,6,10,1.37666489859818,0,1.87792717443648,2.82842712474619,0.551149835962157,"F4_R25",-0.472075815456155,0.706508810356395,0.0523490600394965,0.271391979495859,-1.3423754352168,-0.784201400781205,0.387218045112782,567,"easy"
732,"-2:-1|-1:-2|0:-1|2:-2",4,TRUE,1,1,2,"mixed",2.07514076993644,2.82842712474619,2.75,4,2,1.87792717443648,1,8,1,25,0,TRUE,25,33554432,0,1,25,25,0.833333333333333,2,0.666666666666667,0.166666666666667,0.688332449299089,8.33333333333333,6,10,1.37666489859818,9,8,10,1.01015254455221,8.33333333333333,6,10,1.37666489859818,0,1.87792717443648,2.82842712474619,0.551149835962157,"F4_R25",-0.472075815456155,0.706508810356395,0.0523490600394965,0.271391979495859,-1.3423754352168,-0.784201400781205,0.387218045112782,567,"easy"
1136,"-1:-1|-1:1|0:-2|1:-2",4,TRUE,1,2,1,"mixed",1.76612377556149,2.23606797749979,2.25,3,2,1.87792717443648,1,8,1,25,0,TRUE,25,33554432,0,1,25,25,0.833333333333333,2,0.666666666666667,0.166666666666667,0.688332449299089,8.33333333333333,6,10,1.37666489859818,9,8,10,1.01015254455221,8.33333333333333,6,10,1.37666489859818,0,1.87792717443648,2.82842712474619,0.551149835962157,"F4_R25",-0.472075815456155,0.706508810356395,0.0523490600394965,0.271391979495859,-1.3423754352168,-0.784201400781205,0.387218045112782,567,"easy"
1250,"-1:-1|-1:2|0:1|1:2",4,TRUE,1,1,2,"mixed",1.72158737934317,2.23606797749979,2.25,3,2,1.87792717443648,1,8,1,25,0,TRUE,25,33554432,0,1,25,25,0.833333333333333,2,0.666666666666667,0.166666666666667,0.688332449299089,8.33333333333333,6,10,1.37666489859818,9,8,10,1.01015254455221,8.33333333333333,6,10,1.37666489859818,0,1.87792717443648,2.82842712474619,0.551149835962157,"F4_R25",-0.472075815456155,0.706508810356395,0.0523490600394965,0.271391979495859,-1.3423754352168,-0.784201400781205,0.387218045112782,567,"easy"
1352,"-1:-2|-1:-1|1:-1|2:0",4,TRUE,1,2,1,"mixed",1.76612377556149,2.23606797749979,2.25,3,2,1.87792717443648,1,8,1,25,0,TRUE,25,33554432,0,1,25,25,0.833333333333333,2,0.666666666666667,0.166666666666667,0.688332449299089,8.33333333333333,6,10,1.37666489859818,9,8,10,1.01015254455221,8.33333333333333,6,10,1.37666489859818,0,1.87792717443648,2.82842712474619,0.551149835962157,"F4_R25",-0.472075815456155,0.706508810356395,0.0523490600394965,0.271391979495859,-1.3423754352168,-0.784201400781205,0.387218045112782,567,"easy"
1379,"-2:-1|-1:-1|0:-2|2:0",4,TRUE,2,1,1,"mixed",1.91257038496822,2.23606797749979,2.25,3,2,1.87792717443648,1,8,1,25,0,TRUE,25,33554432,0,1,25,25,0.833333333333333,2,0.666666666666667,0.166666666666667,0.688332449299089,8.33333333333333,6,10,1.37666489859818,9,8,10,1.01015254455221,8.33333333333333,6,10,1.37666489859818,0,1.87792717443648,2.82842712474619,0.551149835962157,"F4_R25",-0.472075815456155,0.706508810356395,0.0523490600394965,0.271391979495859,-1.3423754352168,-0.784201400781205,0.387218045112782,567,"easy"
1492,"-1:-1|-1:1|1:0|2:-1",4,TRUE,1,2,1,"mixed",1.51612377556149,2.23606797749979,2,3,2,1.87792717443648,1,8,1,25,0,TRUE,25,33554432,0,1,25,25,0.833333333333333,2,0.666666666666667,0.166666666666667,0.688332449299089,8.33333333333333,6,10,1.37666489859818,9,8,10,1.01015254455221,8.33333333333333,6,10,1.37666489859818,0,1.87792717443648,2.82842712474619,0.551149835962157,"F4_R25",-0.472075815456155,0.706508810356395,0.0523490600394965,0.271391979495859,-1.3423754352168,-0.784201400781205,0.387218045112782,567,"easy"
1626,"-1:-1|-1:2|0:-2|1:0",4,TRUE,2,1,1,"mixed",1.66257038496822,2.23606797749979,2,3,2,1.87792717443648,1,8,1,25,0,TRUE,25,33554432,0,1,25,25,0.833333333333333,2,0.666666666666667,0.166666666666667,0.688332449299089,8.33333333333333,6,10,1.37666489859818,9,8,10,1.01015254455221,8.33333333333333,6,10,1.37666489859818,0,1.87792717443648,2.82842712474619,0.551149835962157,"F4_R25",-0.472075815456155,0.706508810356395,0.0523490600394965,0.271391979495859,-1.3423754352168,-0.784201400781205,0.387218045112782,567,"easy"
806,"-2:-1|-2:2|1:2|2:-2",4,TRUE,0,2,2,"off_axis",2.53224755112299,2.82842712474619,3.5,4,2,2.12000580163574,2,4,2,25,0,TRUE,25,33554432,0,1,25,25,0.833333333333333,2,0.666666666666667,0.166666666666667,0.688332449299089,8.33333333333333,6,10,1.37666489859818,10,10,10,0,8.33333333333333,6,10,1.37666489859818,0,2.12000580163574,2.82842712474619,0.582690503927722,"F4_R25",1.08659773005378,1.75502188559869,0.0523490600394965,-3.68075372191259,-0.134755835195509,-0.92154088141613,0.380236305048335,577,"easy"
1011,"-1:-1|-1:1|1:-1|2:2",4,TRUE,0,4,0,"diagonal_only",1.76776695296637,2.82842712474619,2.5,4,2,2.12000580163574,2,4,2,25,0,TRUE,25,33554432,0,1,25,25,0.833333333333333,2,0.666666666666667,0.166666666666667,0.688332449299089,8.33333333333333,6,10,1.37666489859818,10,10,10,0,8.33333333333333,6,10,1.37666489859818,0,2.12000580163574,2.82842712474619,0.582690503927722,"F4_R25",1.08659773005378,1.75502188559869,0.0523490600394965,-3.68075372191259,-0.134755835195509,-0.92154088141613,0.380236305048335,577,"easy"
1068,"-2:-2|0:2|1:1|2:0",4,TRUE,2,2,0,"mixed",2.06066017177982,2.82842712474619,2.5,4,2,2.12000580163574,2,4,2,25,0,TRUE,25,33554432,0,1,25,25,0.833333333333333,2,0.666666666666667,0.166666666666667,0.688332449299089,8.33333333333333,6,10,1.37666489859818,10,10,10,0,8.33333333333333,6,10,1.37666489859818,0,2.12000580163574,2.82842712474619,0.582690503927722,"F4_R25",1.08659773005378,1.75502188559869,0.0523490600394965,-3.68075372191259,-0.134755835195509,-0.92154088141613,0.380236305048335,577,"easy"
546,"-1:-2|0:-2|1:-1|2:-2",4,TRUE,1,2,1,"mixed",2.11967716615477,2.82842712474619,2.75,4,2,1.85432037668651,1,8,1,25,0,TRUE,25,33554432,0,1,25,25,0.833333333333333,2,0.666666666666667,0.166666666666667,0.688332449299089,8.33333333333333,6,10,1.37666489859818,9,8,10,1.01015254455221,8.33333333333333,6,10,1.37666489859818,0,1.85432037668651,2.82842712474619,0.539027870445404,"F4_R25",-0.624073088295979,0.706508810356395,0.0523490600394965,0.271391979495859,-1.3423754352168,-0.936198673621029,0.37593984962406,580,"easy"
588,"-2:-2|-1:-1|0:-2|0:2",4,TRUE,2,2,0,"mixed",2.06066017177982,2.82842712474619,2.5,4,2,1.85432037668651,1,8,1,25,0,TRUE,25,33554432,0,1,25,25,0.833333333333333,2,0.666666666666667,0.166666666666667,0.688332449299089,8.33333333333333,6,10,1.37666489859818,9,8,10,1.01015254455221,8.33333333333333,6,10,1.37666489859818,0,1.85432037668651,2.82842712474619,0.539027870445404,"F4_R25",-0.624073088295979,0.706508810356395,0.0523490600394965,0.271391979495859,-1.3423754352168,-0.936198673621029,0.37593984962406,580,"easy"
1305,"-2:-1|-1:-2|-1:0|2:0",4,TRUE,2,0,2,"mixed",1.86803398874989,2.23606797749979,2.25,3,2,1.85432037668651,1,8,1,25,0,TRUE,25,33554432,0,1,25,25,0.833333333333333,2,0.666666666666667,0.166666666666667,0.688332449299089,8.33333333333333,6,10,1.37666489859818,9,8,10,1.01015254455221,8.33333333333333,6,10,1.37666489859818,0,1.85432037668651,2.82842712474619,0.539027870445404,"F4_R25",-0.624073088295979,0.706508810356395,0.0523490600394965,0.271391979495859,-1.3423754352168,-0.936198673621029,0.37593984962406,580,"easy"
1354,"-1:-1|-1:1|-1:2|1:1",4,TRUE,0,3,1,"off_axis",1.61967716615477,2.23606797749979,2.25,3,2,1.85432037668651,1,8,1,25,0,TRUE,25,33554432,0,1,25,25,0.833333333333333,2,0.666666666666667,0.166666666666667,0.688332449299089,8.33333333333333,6,10,1.37666489859818,9,8,10,1.01015254455221,8.33333333333333,6,10,1.37666489859818,0,1.85432037668651,2.82842712474619,0.539027870445404,"F4_R25",-0.624073088295979,0.706508810356395,0.0523490600394965,0.271391979495859,-1.3423754352168,-0.936198673621029,0.37593984962406,580,"easy"
1654,"-1:0|0:-2|1:-1|2:0",4,TRUE,3,1,0,"mixed",1.60355339059327,2,1.75,2,2,1.85432037668651,1,8,1,25,0,TRUE,25,33554432,0,1,25,25,0.833333333333333,2,0.666666666666667,0.166666666666667,0.688332449299089,8.33333333333333,6,10,1.37666489859818,9,8,10,1.01015254455221,8.33333333333333,6,10,1.37666489859818,0,1.85432037668651,2.82842712474619,0.539027870445404,"F4_R25",-0.624073088295979,0.706508810356395,0.0523490600394965,0.271391979495859,-1.3423754352168,-0.936198673621029,0.37593984962406,580,"easy"
434,"-1:-1|0:1|1:-2|2:-2",4,TRUE,1,2,1,"mixed",1.86967716615477,2.82842712474619,2.5,4,2,2.02514076993644,2,8,1,25,0,TRUE,25,33554432,0,1,25,25,0.833333333333333,2,0.75,0.0833333333333333,0.553694392684741,8.33333333333333,6,10,1.10738878536948,8,8,8,0,8.33333333333333,6,10,1.10738878536948,0,2.02514076993644,2.82842712474619,0.665669973236015,"F4_R25",0.47578951036757,-0.342004264885899,-1.2876990647278,0.271391979495859,-0.134755835195509,-1.01727767494578,0.370569280343716,585,"easy"
523,"-1:-2|0:-1|1:2|2:2",4,TRUE,1,1,2,"mixed",2.07514076993644,2.82842712474619,2.75,4,2,2.02514076993644,2,8,1,25,0,TRUE,25,33554432,0,1,25,25,0.833333333333333,2,0.75,0.0833333333333333,0.553694392684741,8.33333333333333,6,10,1.10738878536948,8,8,8,0,8.33333333333333,6,10,1.10738878536948,0,2.02514076993644,2.82842712474619,0.665669973236015,"F4_R25",0.47578951036757,-0.342004264885899,-1.2876990647278,0.271391979495859,-0.134755835195509,-1.01727767494578,0.370569280343716,585,"easy"
854,"-2:-1|1:0|2:-2|2:2",4,TRUE,1,2,1,"mixed",2.22323055674804,2.82842712474619,3,4,2,2.02514076993644,2,8,1,25,0,TRUE,25,33554432,0,1,25,25,0.833333333333333,2,0.75,0.0833333333333333,0.553694392684741,8.33333333333333,6,10,1.10738878536948,8,8,8,0,8.33333333333333,6,10,1.10738878536948,0,2.02514076993644,2.82842712474619,0.665669973236015,"F4_R25",0.47578951036757,-0.342004264885899,-1.2876990647278,0.271391979495859,-0.134755835195509,-1.01727767494578,0.370569280343716,585,"easy"
1318,"-1:0|1:-2|1:2|2:-1",4,TRUE,1,0,3,"mixed",1.92705098312484,2.23606797749979,2.5,3,2,2.02514076993644,2,8,1,25,0,TRUE,25,33554432,0,1,25,25,0.833333333333333,2,0.75,0.0833333333333333,0.553694392684741,8.33333333333333,6,10,1.10738878536948,8,8,8,0,8.33333333333333,6,10,1.10738878536948,0,2.02514076993644,2.82842712474619,0.665669973236015,"F4_R25",0.47578951036757,-0.342004264885899,-1.2876990647278,0.271391979495859,-0.134755835195509,-1.01727767494578,0.370569280343716,585,"easy"
1409,"-1:-2|-1:2|1:-1|2:-1",4,TRUE,0,1,3,"off_axis",2.03060437371812,2.23606797749979,2.75,3,2,2.02514076993644,2,8,1,25,0,TRUE,25,33554432,0,1,25,25,0.833333333333333,2,0.75,0.0833333333333333,0.553694392684741,8.33333333333333,6,10,1.10738878536948,8,8,8,0,8.33333333333333,6,10,1.10738878536948,0,2.02514076993644,2.82842712474619,0.665669973236015,"F4_R25",0.47578951036757,-0.342004264885899,-1.2876990647278,0.271391979495859,-0.134755835195509,-1.01727767494578,0.370569280343716,585,"easy"
855,"-2:-2|-2:2|-1:0|2:0",4,TRUE,2,2,0,"mixed",2.16421356237309,2.82842712474619,2.75,4,2,2.06011261594915,3,4,2,25,0,TRUE,25,33554432,0,1,25,25,0.833333333333333,2,0.583333333333333,0.25,0.800640769025436,8.33333333333333,6,10,1.60128153805087,8,8,8,0,8.33333333333333,6,10,1.60128153805087,0,2.06011261594915,2.82842712474619,0.628875548196174,"F4_R25",0.7009630081204,-0.342004264885899,1.17015005204386,-3.68075372191259,1.07286376482578,-1.07878116180845,0.366272824919441,590,"easy"
1581,"-1:0|1:-2|1:2|2:0",4,TRUE,2,0,2,"mixed",1.86803398874989,2.23606797749979,2.25,3,2,2.06011261594915,3,4,2,25,0,TRUE,25,33554432,0,1,25,25,0.833333333333333,2,0.583333333333333,0.25,0.800640769025436,8.33333333333333,6,10,1.60128153805087,8,8,8,0,8.33333333333333,6,10,1.60128153805087,0,2.06011261594915,2.82842712474619,0.628875548196174,"F4_R25",0.7009630081204,-0.342004264885899,1.17015005204386,-3.68075372191259,1.07286376482578,-1.07878116180845,0.366272824919441,590,"easy"
1587,"-2:-1|0:-2|0:2|2:-1",4,TRUE,2,0,2,"mixed",2.11803398874989,2.23606797749979,2.5,3,2,2.06011261594915,3,4,2,25,0,TRUE,25,33554432,0,1,25,25,0.833333333333333,2,0.583333333333333,0.25,0.800640769025436,8.33333333333333,6,10,1.60128153805087,8,8,8,0,8.33333333333333,6,10,1.60128153805087,0,2.06011261594915,2.82842712474619,0.628875548196174,"F4_R25",0.7009630081204,-0.342004264885899,1.17015005204386,-3.68075372191259,1.07286376482578,-1.07878116180845,0.366272824919441,590,"easy"
472,"-1:-1|0:-1|2:-2|2:-1",4,TRUE,1,2,1,"mixed",1.86967716615477,2.82842712474619,2.5,4,2,1.79508446196187,2,8,1,25,0,TRUE,25,33554432,0,1,25,25,0.833333333333333,2,0.583333333333333,0.25,0.800640769025436,8.33333333333333,6,10,1.60128153805087,7,6,8,1.01015254455221,8.33333333333333,6,10,1.60128153805087,0,1.79508446196187,2.82842712474619,0.647792640367682,"F4_R25",-1.005475834559,-1.39051734012819,1.17015005204386,0.271391979495859,-0.134755835195509,-1.08920697834298,0.361976369495166,593,"easy"
477,"-2:-1|0:-1|2:-2|2:-1",4,TRUE,1,1,2,"mixed",2.07514076993644,2.82842712474619,2.75,4,2,1.79508446196187,2,8,1,25,0,TRUE,25,33554432,0,1,25,25,0.833333333333333,2,0.583333333333333,0.25,0.800640769025436,8.33333333333333,6,10,1.60128153805087,7,6,8,1.01015254455221,8.33333333333333,6,10,1.60128153805087,0,1.79508446196187,2.82842712474619,0.647792640367682,"F4_R25",-1.005475834559,-1.39051734012819,1.17015005204386,0.271391979495859,-0.134755835195509,-1.08920697834298,0.361976369495166,593,"easy"
1176,"-1:-2|0:-2|0:1|1:0",4,TRUE,3,0,1,"mixed",1.55901699437495,2.23606797749979,1.75,3,2,1.79508446196187,2,8,1,25,0,TRUE,25,33554432,0,1,25,25,0.833333333333333,2,0.583333333333333,0.25,0.800640769025436,8.33333333333333,6,10,1.60128153805087,7,6,8,1.01015254455221,8.33333333333333,6,10,1.60128153805087,0,1.79508446196187,2.82842712474619,0.647792640367682,"F4_R25",-1.005475834559,-1.39051734012819,1.17015005204386,0.271391979495859,-0.134755835195509,-1.08920697834298,0.361976369495166,593,"easy"
1180,"-1:-2|0:-2|0:2|1:0",4,TRUE,3,0,1,"mixed",1.80901699437495,2.23606797749979,2,3,2,1.79508446196187,2,8,1,25,0,TRUE,25,33554432,0,1,25,25,0.833333333333333,2,0.583333333333333,0.25,0.800640769025436,8.33333333333333,6,10,1.60128153805087,7,6,8,1.01015254455221,8.33333333333333,6,10,1.60128153805087,0,1.79508446196187,2.82842712474619,0.647792640367682,"F4_R25",-1.005475834559,-1.39051734012819,1.17015005204386,0.271391979495859,-0.134755835195509,-1.08920697834298,0.361976369495166,593,"easy"
1203,"-1:-1|-1:0|2:0|2:1",4,TRUE,2,1,1,"mixed",1.66257038496822,2.23606797749979,2,3,2,1.79508446196187,2,8,1,25,0,TRUE,25,33554432,0,1,25,25,0.833333333333333,2,0.583333333333333,0.25,0.800640769025436,8.33333333333333,6,10,1.60128153805087,7,6,8,1.01015254455221,8.33333333333333,6,10,1.60128153805087,0,1.79508446196187,2.82842712474619,0.647792640367682,"F4_R25",-1.005475834559,-1.39051734012819,1.17015005204386,0.271391979495859,-0.134755835195509,-1.08920697834298,0.361976369495166,593,"easy"
389,"-1:0|1:-2|2:-2|2:-1",4,TRUE,1,1,2,"mixed",2.07514076993644,2.82842712474619,2.75,4,2,1.9607698869111,2,8,1,25,0,TRUE,25,33554432,0,1,25,25,0.833333333333333,2,0.666666666666667,0.166666666666667,0.688332449299089,8.33333333333333,6,10,1.37666489859818,7,6,8,1.01015254455221,8.33333333333333,6,10,1.37666489859818,0,1.9607698869111,2.82842712474619,0.785551080864481,"F4_R25",0.0613242036466893,-1.39051734012819,0.0523490600394965,0.271391979495859,-0.134755835195509,-1.14020793214166,0.356605800214823,598,"easy"
430,"-1:-1|-1:0|1:-2|2:-2",4,TRUE,1,2,1,"mixed",1.86967716615477,2.82842712474619,2.5,4,2,1.9607698869111,2,8,1,25,0,TRUE,25,33554432,0,1,25,25,0.833333333333333,2,0.666666666666667,0.166666666666667,0.688332449299089,8.33333333333333,6,10,1.37666489859818,7,6,8,1.01015254455221,8.33333333333333,6,10,1.37666489859818,0,1.9607698869111,2.82842712474619,0.785551080864481,"F4_R25",0.0613242036466893,-1.39051734012819,0.0523490600394965,0.271391979495859,-0.134755835195509,-1.14020793214166,0.356605800214823,598,"easy"
520,"-2:-2|-1:0|2:-2|2:-1",4,TRUE,1,2,1,"mixed",2.22323055674804,2.82842712474619,3,4,2,1.9607698869111,2,8,1,25,0,TRUE,25,33554432,0,1,25,25,0.833333333333333,2,0.666666666666667,0.166666666666667,0.688332449299089,8.33333333333333,6,10,1.37666489859818,7,6,8,1.01015254455221,8.33333333333333,6,10,1.37666489859818,0,1.9607698869111,2.82842712474619,0.785551080864481,"F4_R25",0.0613242036466893,-1.39051734012819,0.0523490600394965,0.271391979495859,-0.134755835195509,-1.14020793214166,0.356605800214823,598,"easy"
850,"-2:-2|-1:0|0:-1|2:-2",4,TRUE,2,2,0,"mixed",1.9142135623731,2.82842712474619,2.5,4,2,1.9607698869111,2,8,1,25,0,TRUE,25,33554432,0,1,25,25,0.833333333333333,2,0.666666666666667,0.166666666666667,0.688332449299089,8.33333333333333,6,10,1.37666489859818,7,6,8,1.01015254455221,8.33333333333333,6,10,1.37666489859818,0,1.9607698869111,2.82842712474619,0.785551080864481,"F4_R25",0.0613242036466893,-1.39051734012819,0.0523490600394965,0.271391979495859,-0.134755835195509,-1.14020793214166,0.356605800214823,598,"easy"
1529,"-1:-1|-1:0|1:-2|1:2",4,TRUE,1,1,2,"mixed",1.72158737934317,2.23606797749979,2.25,3,2,1.9607698869111,2,8,1,25,0,TRUE,25,33554432,0,1,25,25,0.833333333333333,2,0.666666666666667,0.166666666666667,0.688332449299089,8.33333333333333,6,10,1.37666489859818,7,6,8,1.01015254455221,8.33333333333333,6,10,1.37666489859818,0,1.9607698869111,2.82842712474619,0.785551080864481,"F4_R25",0.0613242036466893,-1.39051734012819,0.0523490600394965,0.271391979495859,-0.134755835195509,-1.14020793214166,0.356605800214823,598,"easy"
437,"-1:-1|1:-2|2:-2|2:2",4,TRUE,0,3,1,"off_axis",2.32678394734132,2.82842712474619,3.25,4,2,2.00219124314841,2,8,1,25,0,TRUE,25,33554432,0,1,25,25,0.833333333333333,2,0.75,0.0833333333333333,0.553694392684741,8.33333333333333,6,10,1.10738878536948,8,8,8,0,8.33333333333333,6,10,1.10738878536948,0,2.00219124314841,2.82842712474619,0.738790472371199,"F4_R25",0.328024213198112,-0.342004264885899,-1.2876990647278,0.271391979495859,-0.134755835195509,-1.16504297211524,0.351235230934479,603,"easy"
527,"-1:-1|1:-2|1:2|2:2",4,TRUE,0,2,2,"off_axis",2.17869416052972,2.82842712474619,3,4,2,2.00219124314841,2,8,1,25,0,TRUE,25,33554432,0,1,25,25,0.833333333333333,2,0.75,0.0833333333333333,0.553694392684741,8.33333333333333,6,10,1.10738878536948,8,8,8,0,8.33333333333333,6,10,1.10738878536948,0,2.00219124314841,2.82842712474619,0.738790472371199,"F4_R25",0.328024213198112,-0.342004264885899,-1.2876990647278,0.271391979495859,-0.134755835195509,-1.16504297211524,0.351235230934479,603,"easy"
932,"-2:-2|-1:0|-1:1|2:2",4,TRUE,1,3,0,"mixed",2.01776695296637,2.82842712474619,2.75,4,2,2.00219124314841,2,8,1,25,0,TRUE,25,33554432,0,1,25,25,0.833333333333333,2,0.75,0.0833333333333333,0.553694392684741,8.33333333333333,6,10,1.10738878536948,8,8,8,0,8.33333333333333,6,10,1.10738878536948,0,2.00219124314841,2.82842712474619,0.738790472371199,"F4_R25",0.328024213198112,-0.342004264885899,-1.2876990647278,0.271391979495859,-0.134755835195509,-1.16504297211524,0.351235230934479,603,"easy"
953,"-1:0|0:-1|1:2|2:-2",4,TRUE,2,1,1,"mixed",1.76612377556149,2.82842712474619,2.25,4,2,2.00219124314841,2,8,1,25,0,TRUE,25,33554432,0,1,25,25,0.833333333333333,2,0.75,0.0833333333333333,0.553694392684741,8.33333333333333,6,10,1.10738878536948,8,8,8,0,8.33333333333333,6,10,1.10738878536948,0,2.00219124314841,2.82842712474619,0.738790472371199,"F4_R25",0.328024213198112,-0.342004264885899,-1.2876990647278,0.271391979495859,-0.134755835195509,-1.16504297211524,0.351235230934479,603,"easy"
1325,"-1:-1|-1:0|1:2|2:1",4,TRUE,1,1,2,"mixed",1.72158737934317,2.23606797749979,2.25,3,2,2.00219124314841,2,8,1,25,0,TRUE,25,33554432,0,1,25,25,0.833333333333333,2,0.75,0.0833333333333333,0.553694392684741,8.33333333333333,6,10,1.10738878536948,8,8,8,0,8.33333333333333,6,10,1.10738878536948,0,2.00219124314841,2.82842712474619,0.738790472371199,"F4_R25",0.328024213198112,-0.342004264885899,-1.2876990647278,0.271391979495859,-0.134755835195509,-1.16504297211524,0.351235230934479,603,"easy"
1085,"-1:-1|0:-2|1:-2|2:-1",4,TRUE,1,1,2,"mixed",1.97158737934317,2.23606797749979,2.5,3,2,1.81869125971184,1,8,1,25,0,TRUE,25,33554432,0,1,25,25,0.833333333333333,2,0.666666666666667,0.166666666666667,0.688332449299089,8.33333333333333,6,10,1.37666489859818,9,8,10,1.01015254455221,8.33333333333333,6,10,1.37666489859818,0,1.81869125971184,2.23606797749979,0.46231555102518,"F4_R25",-0.853478561719174,0.706508810356395,0.0523490600394965,0.271391979495859,-1.3423754352168,-1.16560414704422,0.345864661654135,608,"easy"
1245,"-1:-2|-1:-1|0:2|1:-2",4,TRUE,1,1,2,"mixed",1.97158737934317,2.23606797749979,2.5,3,2,1.81869125971184,1,8,1,25,0,TRUE,25,33554432,0,1,25,25,0.833333333333333,2,0.666666666666667,0.166666666666667,0.688332449299089,8.33333333333333,6,10,1.37666489859818,9,8,10,1.01015254455221,8.33333333333333,6,10,1.37666489859818,0,1.81869125971184,2.23606797749979,0.46231555102518,"F4_R25",-0.853478561719174,0.706508810356395,0.0523490600394965,0.271391979495859,-1.3423754352168,-1.16560414704422,0.345864661654135,608,"easy"
1300,"-1:-1|1:-2|1:0|2:-1",4,TRUE,1,1,2,"mixed",1.72158737934317,2.23606797749979,2.25,3,2,1.81869125971184,1,8,1,25,0,TRUE,25,33554432,0,1,25,25,0.833333333333333,2,0.666666666666667,0.166666666666667,0.688332449299089,8.33333333333333,6,10,1.37666489859818,9,8,10,1.01015254455221,8.33333333333333,6,10,1.37666489859818,0,1.81869125971184,2.23606797749979,0.46231555102518,"F4_R25",-0.853478561719174,0.706508810356395,0.0523490600394965,0.271391979495859,-1.3423754352168,-1.16560414704422,0.345864661654135,608,"easy"
1359,"-1:-1|0:2|1:-2|1:-1",4,TRUE,1,2,1,"mixed",1.76612377556149,2.23606797749979,2.25,3,2,1.81869125971184,1,8,1,25,0,TRUE,25,33554432,0,1,25,25,0.833333333333333,2,0.666666666666667,0.166666666666667,0.688332449299089,8.33333333333333,6,10,1.37666489859818,9,8,10,1.01015254455221,8.33333333333333,6,10,1.37666489859818,0,1.81869125971184,2.23606797749979,0.46231555102518,"F4_R25",-0.853478561719174,0.706508810356395,0.0523490600394965,0.271391979495859,-1.3423754352168,-1.16560414704422,0.345864661654135,608,"easy"
1454,"-1:-1|0:-2|1:0|2:-1",4,TRUE,2,1,1,"mixed",1.66257038496822,2.23606797749979,2,3,2,1.81869125971184,1,8,1,25,0,TRUE,25,33554432,0,1,25,25,0.833333333333333,2,0.666666666666667,0.166666666666667,0.688332449299089,8.33333333333333,6,10,1.37666489859818,9,8,10,1.01015254455221,8.33333333333333,6,10,1.37666489859818,0,1.81869125971184,2.23606797749979,0.46231555102518,"F4_R25",-0.853478561719174,0.706508810356395,0.0523490600394965,0.271391979495859,-1.3423754352168,-1.16560414704422,0.345864661654135,608,"easy"
416,"-2:-2|-1:-2|0:-1|2:0",4,TRUE,2,1,1,"mixed",2.01612377556149,2.82842712474619,2.5,4,2,2.00153397218646,2,8,1,25,0,TRUE,25,33554432,0,1,25,25,0.833333333333333,2,0.75,0.0833333333333333,0.553694392684741,8.33333333333333,6,10,1.10738878536948,8,8,8,0,8.33333333333333,6,10,1.10738878536948,0,2.00153397218646,2.82842712474619,0.661531689157382,"F4_R25",0.323792237527746,-0.342004264885899,-1.2876990647278,0.271391979495859,-0.134755835195509,-1.1692749477856,0.340494092373792,613,"easy"
417,"-1:-2|1:0|2:-2|2:-1",4,TRUE,1,1,2,"mixed",2.07514076993644,2.82842712474619,2.75,4,2,2.00153397218646,2,8,1,25,0,TRUE,25,33554432,0,1,25,25,0.833333333333333,2,0.75,0.0833333333333333,0.553694392684741,8.33333333333333,6,10,1.10738878536948,8,8,8,0,8.33333333333333,6,10,1.10738878536948,0,2.00153397218646,2.82842712474619,0.661531689157382,"F4_R25",0.323792237527746,-0.342004264885899,-1.2876990647278,0.271391979495859,-0.134755835195509,-1.1692749477856,0.340494092373792,613,"easy"
445,"-2:-1|-2:0|1:-2|2:-2",4,TRUE,1,1,2,"mixed",2.32514076993644,2.82842712474619,3,4,2,2.00153397218646,2,8,1,25,0,TRUE,25,33554432,0,1,25,25,0.833333333333333,2,0.75,0.0833333333333333,0.553694392684741,8.33333333333333,6,10,1.10738878536948,8,8,8,0,8.33333333333333,6,10,1.10738878536948,0,2.00153397218646,2.82842712474619,0.661531689157382,"F4_R25",0.323792237527746,-0.342004264885899,-1.2876990647278,0.271391979495859,-0.134755835195509,-1.1692749477856,0.340494092373792,613,"easy"
747,"-1:-2|-1:-1|1:0|2:-2",4,TRUE,1,2,1,"mixed",1.86967716615477,2.82842712474619,2.5,4,2,2.00153397218646,2,8,1,25,0,TRUE,25,33554432,0,1,25,25,0.833333333333333,2,0.75,0.0833333333333333,0.553694392684741,8.33333333333333,6,10,1.10738878536948,8,8,8,0,8.33333333333333,6,10,1.10738878536948,0,2.00153397218646,2.82842712474619,0.661531689157382,"F4_R25",0.323792237527746,-0.342004264885899,-1.2876990647278,0.271391979495859,-0.134755835195509,-1.1692749477856,0.340494092373792,613,"easy"
1399,"-1:-2|-1:-1|1:0|1:2",4,TRUE,1,1,2,"mixed",1.72158737934317,2.23606797749979,2.25,3,2,2.00153397218646,2,8,1,25,0,TRUE,25,33554432,0,1,25,25,0.833333333333333,2,0.75,0.0833333333333333,0.553694392684741,8.33333333333333,6,10,1.10738878536948,8,8,8,0,8.33333333333333,6,10,1.10738878536948,0,2.00153397218646,2.82842712474619,0.661531689157382,"F4_R25",0.323792237527746,-0.342004264885899,-1.2876990647278,0.271391979495859,-0.134755835195509,-1.1692749477856,0.340494092373792,613,"easy"
1128,"-1:-2|0:-2|1:-1|2:-1",4,TRUE,1,1,2,"mixed",1.97158737934317,2.23606797749979,2.5,3,2,1.80087670122451,1,8,1,25,0,TRUE,25,33554432,0,1,25,25,0.833333333333333,2,0.583333333333333,0.25,0.800640769025436,8.33333333333333,6,10,1.60128153805087,8,6,10,2.02030508910442,8.33333333333333,6,10,1.60128153805087,0,1.80087670122451,2.23606797749979,0.534210847873044,"F4_R25",-0.968181298430773,-0.342004264885899,1.17015005204386,0.271391979495859,-1.3423754352168,-1.21101896699375,0.335123523093448,618,"easy"
1252,"-1:-2|-1:2|0:-1|1:-2",4,TRUE,1,0,3,"mixed",1.92705098312484,2.23606797749979,2.5,3,2,1.80087670122451,1,8,1,25,0,TRUE,25,33554432,0,1,25,25,0.833333333333333,2,0.583333333333333,0.25,0.800640769025436,8.33333333333333,6,10,1.60128153805087,8,6,10,2.02030508910442,8.33333333333333,6,10,1.60128153805087,0,1.80087670122451,2.23606797749979,0.534210847873044,"F4_R25",-0.968181298430773,-0.342004264885899,1.17015005204386,0.271391979495859,-1.3423754352168,-1.21101896699375,0.335123523093448,618,"easy"
1304,"-2:-1|-1:-2|-1:0|2:-1",4,TRUE,1,0,3,"mixed",1.92705098312484,2.23606797749979,2.5,3,2,1.80087670122451,1,8,1,25,0,TRUE,25,33554432,0,1,25,25,0.833333333333333,2,0.583333333333333,0.25,0.800640769025436,8.33333333333333,6,10,1.60128153805087,8,6,10,2.02030508910442,8.33333333333333,6,10,1.60128153805087,0,1.80087670122451,2.23606797749979,0.534210847873044,"F4_R25",-0.968181298430773,-0.342004264885899,1.17015005204386,0.271391979495859,-1.3423754352168,-1.21101896699375,0.335123523093448,618,"easy"
1355,"-1:-1|0:1|1:-2|1:-1",4,TRUE,1,2,1,"mixed",1.51612377556149,2.23606797749979,2,3,2,1.80087670122451,1,8,1,25,0,TRUE,25,33554432,0,1,25,25,0.833333333333333,2,0.583333333333333,0.25,0.800640769025436,8.33333333333333,6,10,1.60128153805087,8,6,10,2.02030508910442,8.33333333333333,6,10,1.60128153805087,0,1.80087670122451,2.23606797749979,0.534210847873044,"F4_R25",-0.968181298430773,-0.342004264885899,1.17015005204386,0.271391979495859,-1.3423754352168,-1.21101896699375,0.335123523093448,618,"easy"
1375,"-1:0|0:-2|1:-1|2:-1",4,TRUE,2,1,1,"mixed",1.66257038496822,2.23606797749979,2,3,2,1.80087670122451,1,8,1,25,0,TRUE,25,33554432,0,1,25,25,0.833333333333333,2,0.583333333333333,0.25,0.800640769025436,8.33333333333333,6,10,1.60128153805087,8,6,10,2.02030508910442,8.33333333333333,6,10,1.60128153805087,0,1.80087670122451,2.23606797749979,0.534210847873044,"F4_R25",-0.968181298430773,-0.342004264885899,1.17015005204386,0.271391979495859,-1.3423754352168,-1.21101896699375,0.335123523093448,618,"easy"
384,"-2:-2|-1:-2|2:-2|2:2",4,TRUE,0,3,1,"off_axis",2.68033733793459,2.82842712474619,3.75,4,2,1.93716308916112,2,8,1,25,0,TRUE,25,33554432,0,1,25,25,0.833333333333333,2,0.666666666666667,0.166666666666667,0.688332449299089,8.33333333333333,6,10,1.37666489859818,7,6,8,1.01015254455221,8.33333333333333,6,10,1.37666489859818,0,1.93716308916112,2.82842712474619,0.779885437449864,"F4_R25",-0.0906730691931347,-1.39051734012819,0.0523490600394965,0.271391979495859,-0.134755835195509,-1.29220520498148,0.329752953813104,623,"easy"
971,"-1:-1|-1:0|1:0|2:2",4,TRUE,2,2,0,"mixed",1.56066017177982,2.82842712474619,2,4,2,1.93716308916112,2,8,1,25,0,TRUE,25,33554432,0,1,25,25,0.833333333333333,2,0.666666666666667,0.166666666666667,0.688332449299089,8.33333333333333,6,10,1.37666489859818,7,6,8,1.01015254455221,8.33333333333333,6,10,1.37666489859818,0,1.93716308916112,2.82842712474619,0.779885437449864,"F4_R25",-0.0906730691931347,-1.39051734012819,0.0523490600394965,0.271391979495859,-0.134755835195509,-1.29220520498148,0.329752953813104,623,"easy"
1054,"-1:0|0:-2|0:-1|2:2",4,TRUE,3,1,0,"mixed",1.70710678118655,2.82842712474619,2,4,2,1.93716308916112,2,8,1,25,0,TRUE,25,33554432,0,1,25,25,0.833333333333333,2,0.666666666666667,0.166666666666667,0.688332449299089,8.33333333333333,6,10,1.37666489859818,7,6,8,1.01015254455221,8.33333333333333,6,10,1.37666489859818,0,1.93716308916112,2.82842712474619,0.779885437449864,"F4_R25",-0.0906730691931347,-1.39051734012819,0.0523490600394965,0.271391979495859,-0.134755835195509,-1.29220520498148,0.329752953813104,623,"easy"
1063,"-1:-2|-1:-1|-1:0|2:2",4,TRUE,1,2,1,"mixed",1.86967716615477,2.82842712474619,2.5,4,2,1.93716308916112,2,8,1,25,0,TRUE,25,33554432,0,1,25,25,0.833333333333333,2,0.666666666666667,0.166666666666667,0.688332449299089,8.33333333333333,6,10,1.37666489859818,7,6,8,1.01015254455221,8.33333333333333,6,10,1.37666489859818,0,1.93716308916112,2.82842712474619,0.779885437449864,"F4_R25",-0.0906730691931347,-1.39051734012819,0.0523490600394965,0.271391979495859,-0.134755835195509,-1.29220520498148,0.329752953813104,623,"easy"
1124,"-1:-2|0:-2|0:-1|2:1",4,TRUE,2,0,2,"mixed",1.86803398874989,2.23606797749979,2.25,3,2,1.93716308916112,2,8,1,25,0,TRUE,25,33554432,0,1,25,25,0.833333333333333,2,0.666666666666667,0.166666666666667,0.688332449299089,8.33333333333333,6,10,1.37666489859818,7,6,8,1.01015254455221,8.33333333333333,6,10,1.37666489859818,0,1.93716308916112,2.82842712474619,0.779885437449864,"F4_R25",-0.0906730691931347,-1.39051734012819,0.0523490600394965,0.271391979495859,-0.134755835195509,-1.29220520498148,0.329752953813104,623,"easy"
388,"-2:-1|1:-2|2:-2|2:-1",4,TRUE,0,1,3,"off_axis",2.38415776431139,2.82842712474619,3.25,4,2,1.76011261594915,2,8,1,25,0,TRUE,25,33554432,0,1,25,25,0.833333333333333,2,0.583333333333333,0.25,0.800640769025436,8.33333333333333,6,10,1.60128153805087,7,6,8,1.01015254455221,8.33333333333333,6,10,1.60128153805087,0,1.76011261594915,2.82842712474619,0.668334230403909,"F4_R25",-1.23064933231183,-1.39051734012819,1.17015005204386,0.271391979495859,-0.134755835195509,-1.31438047609581,0.32438238453276,628,"easy"
922,"-1:-1|0:-1|1:0|2:-2",4,TRUE,2,2,0,"mixed",1.56066017177982,2.82842712474619,2,4,2,1.76011261594915,2,8,1,25,0,TRUE,25,33554432,0,1,25,25,0.833333333333333,2,0.583333333333333,0.25,0.800640769025436,8.33333333333333,6,10,1.60128153805087,7,6,8,1.01015254455221,8.33333333333333,6,10,1.60128153805087,0,1.76011261594915,2.82842712474619,0.668334230403909,"F4_R25",-1.23064933231183,-1.39051734012819,1.17015005204386,0.271391979495859,-0.134755835195509,-1.31438047609581,0.32438238453276,628,"easy"
1340,"-1:-2|1:-1|1:0|2:-1",4,TRUE,1,1,2,"mixed",1.72158737934317,2.23606797749979,2.25,3,2,1.76011261594915,2,8,1,25,0,TRUE,25,33554432,0,1,25,25,0.833333333333333,2,0.583333333333333,0.25,0.800640769025436,8.33333333333333,6,10,1.60128153805087,7,6,8,1.01015254455221,8.33333333333333,6,10,1.60128153805087,0,1.76011261594915,2.82842712474619,0.668334230403909,"F4_R25",-1.23064933231183,-1.39051734012819,1.17015005204386,0.271391979495859,-0.134755835195509,-1.31438047609581,0.32438238453276,628,"easy"
1347,"-1:-2|-1:-1|0:-1|1:2",4,TRUE,1,1,2,"mixed",1.72158737934317,2.23606797749979,2.25,3,2,1.76011261594915,2,8,1,25,0,TRUE,25,33554432,0,1,25,25,0.833333333333333,2,0.583333333333333,0.25,0.800640769025436,8.33333333333333,6,10,1.60128153805087,7,6,8,1.01015254455221,8.33333333333333,6,10,1.60128153805087,0,1.76011261594915,2.82842712474619,0.668334230403909,"F4_R25",-1.23064933231183,-1.39051734012819,1.17015005204386,0.271391979495859,-0.134755835195509,-1.31438047609581,0.32438238453276,628,"easy"
1527,"-1:-1|-1:0|0:1|1:-2",4,TRUE,2,1,1,"mixed",1.41257038496822,2.23606797749979,1.75,3,2,1.76011261594915,2,8,1,25,0,TRUE,25,33554432,0,1,25,25,0.833333333333333,2,0.583333333333333,0.25,0.800640769025436,8.33333333333333,6,10,1.60128153805087,7,6,8,1.01015254455221,8.33333333333333,6,10,1.60128153805087,0,1.76011261594915,2.82842712474619,0.668334230403909,"F4_R25",-1.23064933231183,-1.39051734012819,1.17015005204386,0.271391979495859,-0.134755835195509,-1.31438047609581,0.32438238453276,628,"easy"
833,"-2:-1|-2:2|2:-2|2:2",4,TRUE,0,3,1,"off_axis",2.68033733793459,2.82842712474619,3.75,4,2,1.97858444539843,2,8,1,25,0,TRUE,25,33554432,0,1,25,25,0.833333333333333,2,0.75,0.0833333333333333,0.553694392684741,8.33333333333333,6,10,1.10738878536948,8,8,8,0,8.33333333333333,6,10,1.10738878536948,0,1.97858444539843,2.82842712474619,0.734244579617092,"F4_R25",0.176026940358286,-0.342004264885899,-1.2876990647278,0.271391979495859,-0.134755835195509,-1.31704024495506,0.319011815252417,633,"easy"
1014,"-1:-1|-1:0|1:-1|2:2",4,TRUE,1,3,0,"mixed",1.6642135623731,2.82842712474619,2.25,4,2,1.97858444539843,2,8,1,25,0,TRUE,25,33554432,0,1,25,25,0.833333333333333,2,0.75,0.0833333333333333,0.553694392684741,8.33333333333333,6,10,1.10738878536948,8,8,8,0,8.33333333333333,6,10,1.10738878536948,0,1.97858444539843,2.82842712474619,0.734244579617092,"F4_R25",0.176026940358286,-0.342004264885899,-1.2876990647278,0.271391979495859,-0.134755835195509,-1.31704024495506,0.319011815252417,633,"easy"
1060,"-1:-2|-1:0|0:-1|2:2",4,TRUE,2,1,1,"mixed",1.76612377556149,2.82842712474619,2.25,4,2,1.97858444539843,2,8,1,25,0,TRUE,25,33554432,0,1,25,25,0.833333333333333,2,0.75,0.0833333333333333,0.553694392684741,8.33333333333333,6,10,1.10738878536948,8,8,8,0,8.33333333333333,6,10,1.10738878536948,0,1.97858444539843,2.82842712474619,0.734244579617092,"F4_R25",0.176026940358286,-0.342004264885899,-1.2876990647278,0.271391979495859,-0.134755835195509,-1.31704024495506,0.319011815252417,633,"easy"
1062,"-1:-1|-1:0|0:-2|2:2",4,TRUE,2,2,0,"mixed",1.81066017177982,2.82842712474619,2.25,4,2,1.97858444539843,2,8,1,25,0,TRUE,25,33554432,0,1,25,25,0.833333333333333,2,0.75,0.0833333333333333,0.553694392684741,8.33333333333333,6,10,1.10738878536948,8,8,8,0,8.33333333333333,6,10,1.10738878536948,0,1.97858444539843,2.82842712474619,0.734244579617092,"F4_R25",0.176026940358286,-0.342004264885899,-1.2876990647278,0.271391979495859,-0.134755835195509,-1.31704024495506,0.319011815252417,633,"easy"
1110,"-1:-2|-1:-1|0:-2|2:1",4,TRUE,1,1,2,"mixed",1.97158737934317,2.23606797749979,2.5,3,2,1.97858444539843,2,8,1,25,0,TRUE,25,33554432,0,1,25,25,0.833333333333333,2,0.75,0.0833333333333333,0.553694392684741,8.33333333333333,6,10,1.10738878536948,8,8,8,0,8.33333333333333,6,10,1.10738878536948,0,1.97858444539843,2.82842712474619,0.734244579617092,"F4_R25",0.176026940358286,-0.342004264885899,-1.2876990647278,0.271391979495859,-0.134755835195509,-1.31704024495506,0.319011815252417,633,"easy"
382,"-2:-2|-1:-2|0:2|2:-2",4,TRUE,1,2,1,"mixed",2.47323055674804,2.82842712474619,3.25,4,2,1.97792717443648,2,8,1,25,0,TRUE,25,33554432,0,1,25,25,0.833333333333333,2,0.75,0.0833333333333333,0.553694392684741,8.33333333333333,6,10,1.10738878536948,8,6,10,2.02030508910442,8.33333333333333,6,10,1.10738878536948,0,1.97792717443648,2.82842712474619,0.656424737689541,"F4_R25",0.171794964687922,-0.342004264885899,-1.2876990647278,0.271391979495859,-0.134755835195509,-1.32127222062543,0.313641245972073,638,"easy"
738,"-1:-2|0:-1|0:1|2:-2",4,TRUE,2,1,1,"mixed",1.76612377556149,2.82842712474619,2.25,4,2,1.97792717443648,2,8,1,25,0,TRUE,25,33554432,0,1,25,25,0.833333333333333,2,0.75,0.0833333333333333,0.553694392684741,8.33333333333333,6,10,1.10738878536948,8,6,10,2.02030508910442,8.33333333333333,6,10,1.10738878536948,0,1.97792717443648,2.82842712474619,0.656424737689541,"F4_R25",0.171794964687922,-0.342004264885899,-1.2876990647278,0.271391979495859,-0.134755835195509,-1.32127222062543,0.313641245972073,638,"easy"
819,"-1:-2|0:1|0:2|2:-2",4,TRUE,2,1,1,"mixed",2.01612377556149,2.82842712474619,2.5,4,2,1.97792717443648,2,8,1,25,0,TRUE,25,33554432,0,1,25,25,0.833333333333333,2,0.75,0.0833333333333333,0.553694392684741,8.33333333333333,6,10,1.10738878536948,8,6,10,2.02030508910442,8.33333333333333,6,10,1.10738878536948,0,1.97792717443648,2.82842712474619,0.656424737689541,"F4_R25",0.171794964687922,-0.342004264885899,-1.2876990647278,0.271391979495859,-0.134755835195509,-1.32127222062543,0.313641245972073,638,"easy"
1404,"-1:-2|-1:-1|-1:2|2:0",4,TRUE,1,1,2,"mixed",1.97158737934317,2.23606797749979,2.5,3,2,1.97792717443648,2,8,1,25,0,TRUE,25,33554432,0,1,25,25,0.833333333333333,2,0.75,0.0833333333333333,0.553694392684741,8.33333333333333,6,10,1.10738878536948,8,6,10,2.02030508910442,8.33333333333333,6,10,1.10738878536948,0,1.97792717443648,2.82842712474619,0.656424737689541,"F4_R25",0.171794964687922,-0.342004264885899,-1.2876990647278,0.271391979495859,-0.134755835195509,-1.32127222062543,0.313641245972073,638,"easy"
1619,"-1:-1|-1:2|1:0|2:0",4,TRUE,2,1,1,"mixed",1.66257038496822,2.23606797749979,2,3,2,1.97792717443648,2,8,1,25,0,TRUE,25,33554432,0,1,25,25,0.833333333333333,2,0.75,0.0833333333333333,0.553694392684741,8.33333333333333,6,10,1.10738878536948,8,6,10,2.02030508910442,8.33333333333333,6,10,1.10738878536948,0,1.97792717443648,2.82842712474619,0.656424737689541,"F4_R25",0.171794964687922,-0.342004264885899,-1.2876990647278,0.271391979495859,-0.134755835195509,-1.32127222062543,0.313641245972073,638,"easy"
1378,"-2:-1|-1:-1|0:-2|2:-1",4,TRUE,1,1,2,"mixed",1.97158737934317,2.23606797749979,2.5,3,2,1.77726990347453,1,8,1,25,0,TRUE,25,33554432,0,1,25,25,0.833333333333333,2,0.583333333333333,0.25,0.800640769025436,8.33333333333333,6,10,1.60128153805087,8,6,10,2.02030508910442,8.33333333333333,6,10,1.60128153805087,0,1.77726990347453,2.23606797749979,0.517807010599742,"F4_R25",-1.1201785712706,-0.342004264885899,1.17015005204386,0.271391979495859,-1.3423754352168,-1.36301623983358,0.310418904403867,643,"easy"
707,"-2:-2|-2:0|2:-2|2:0",4,TRUE,2,2,0,"mixed",2.41421356237309,2.82842712474619,3,4,2,2.0128990204492,3,4,2,25,0,TRUE,25,33554432,0,1,25,25,0.833333333333333,2,0.583333333333333,0.25,0.800640769025436,8.33333333333333,6,10,1.60128153805087,8,6,10,2.02030508910442,8.33333333333333,6,10,1.60128153805087,0,2.0128990204492,2.82842712474619,0.622037452851217,"F4_R25",0.396968462440753,-0.342004264885899,1.17015005204386,-3.68075372191259,1.07286376482578,-1.3827757074881,0.308807733619764,644,"easy"
1264,"-1:-2|-1:0|1:-2|1:0",4,TRUE,2,0,2,"mixed",1.61803398874989,2.23606797749979,2,3,2,2.0128990204492,3,4,2,25,0,TRUE,25,33554432,0,1,25,25,0.833333333333333,2,0.583333333333333,0.25,0.800640769025436,8.33333333333333,6,10,1.60128153805087,8,6,10,2.02030508910442,8.33333333333333,6,10,1.60128153805087,0,2.0128990204492,2.82842712474619,0.622037452851217,"F4_R25",0.396968462440753,-0.342004264885899,1.17015005204386,-3.68075372191259,1.07286376482578,-1.3827757074881,0.308807733619764,644,"easy"
1186,"-1:-2|0:-2|2:0|2:1",4,TRUE,2,0,2,"mixed",2.11803398874989,2.23606797749979,2.5,3,2,2.17858444539843,3,4,2,25,0,TRUE,25,33554432,0,1,25,25,0.833333333333333,2,0.666666666666667,0.166666666666667,0.688332449299089,8.33333333333333,6,10,1.37666489859818,8,8,8,0,8.33333333333333,6,10,1.37666489859818,0,2.17858444539843,2.82842712474619,0.710062449732415,"F4_R25",1.46376850064644,-0.342004264885899,0.0523490600394965,-3.68075372191259,1.07286376482578,-1.43377666128677,0.307196562835661,646,"easy"
338,"-1:0|2:-2|2:-1|2:0",4,TRUE,2,1,1,"mixed",2.01612377556149,2.82842712474619,2.5,4,2,1.9128990204492,2,8,1,25,0,TRUE,25,33554432,0,1,25,25,0.833333333333333,2,0.666666666666667,0.166666666666667,0.688332449299089,8.33333333333333,6,10,1.37666489859818,7,6,8,1.01015254455221,8.33333333333333,6,10,1.37666489859818,0,1.9128990204492,2.82842712474619,0.699855014798309,"F4_R25",-0.246902317703324,-1.39051734012819,0.0523490600394965,0.271391979495859,-0.134755835195509,-1.44843445349167,0.306122448979592,647,"easy"
451,"-2:-1|1:-2|2:-2|2:2",4,TRUE,0,2,2,"off_axis",2.53224755112299,2.82842712474619,3.5,4,2,1.94295532842377,2,8,1,25,0,TRUE,25,33554432,0,1,25,25,0.833333333333333,2,0.75,0.0833333333333333,0.553694392684741,8.33333333333333,6,10,1.10738878536948,8,8,8,0,8.33333333333333,6,10,1.10738878536948,0,1.94295532842377,2.82842712474619,0.68712330427472,"F4_R25",-0.053378533064909,-0.342004264885899,-1.2876990647278,0.271391979495859,-0.134755835195509,-1.54644571837826,0.302900107411386,648,"easy"
949,"-1:-1|0:1|1:0|2:-2",4,TRUE,2,2,0,"mixed",1.56066017177982,2.82842712474619,2,4,2,1.94295532842377,2,8,1,25,0,TRUE,25,33554432,0,1,25,25,0.833333333333333,2,0.75,0.0833333333333333,0.553694392684741,8.33333333333333,6,10,1.10738878536948,8,8,8,0,8.33333333333333,6,10,1.10738878536948,0,1.94295532842377,2.82842712474619,0.68712330427472,"F4_R25",-0.053378533064909,-0.342004264885899,-1.2876990647278,0.271391979495859,-0.134755835195509,-1.54644571837826,0.302900107411386,648,"easy"
1000,"-1:-2|0:-1|1:-1|2:2",4,TRUE,1,2,1,"mixed",1.86967716615477,2.82842712474619,2.5,4,2,1.94295532842377,2,8,1,25,0,TRUE,25,33554432,0,1,25,25,0.833333333333333,2,0.75,0.0833333333333333,0.553694392684741,8.33333333333333,6,10,1.10738878536948,8,8,8,0,8.33333333333333,6,10,1.10738878536948,0,1.94295532842377,2.82842712474619,0.68712330427472,"F4_R25",-0.053378533064909,-0.342004264885899,-1.2876990647278,0.271391979495859,-0.134755835195509,-1.54644571837826,0.302900107411386,648,"easy"
1294,"-1:-2|1:1|1:2|2:1",4,TRUE,0,1,3,"off_axis",2.03060437371812,2.23606797749979,2.75,3,2,1.94295532842377,2,8,1,25,0,TRUE,25,33554432,0,1,25,25,0.833333333333333,2,0.75,0.0833333333333333,0.553694392684741,8.33333333333333,6,10,1.10738878536948,8,8,8,0,8.33333333333333,6,10,1.10738878536948,0,1.94295532842377,2.82842712474619,0.68712330427472,"F4_R25",-0.053378533064909,-0.342004264885899,-1.2876990647278,0.271391979495859,-0.134755835195509,-1.54644571837826,0.302900107411386,648,"easy"
1433,"-1:-1|0:-1|1:-2|2:1",4,TRUE,1,1,2,"mixed",1.72158737934317,2.23606797749979,2.25,3,2,1.94295532842377,2,8,1,25,0,TRUE,25,33554432,0,1,25,25,0.833333333333333,2,0.75,0.0833333333333333,0.553694392684741,8.33333333333333,6,10,1.10738878536948,8,8,8,0,8.33333333333333,6,10,1.10738878536948,0,1.94295532842377,2.82842712474619,0.68712330427472,"F4_R25",-0.053378533064909,-0.342004264885899,-1.2876990647278,0.271391979495859,-0.134755835195509,-1.54644571837826,0.302900107411386,648,"easy"
1031,"-1:-1|0:-1|1:-2|2:2",4,TRUE,1,2,1,"mixed",1.86967716615477,2.82842712474619,2.5,4,2,1.92000580163574,1,8,1,25,0,TRUE,25,33554432,0,1,25,25,0.833333333333333,2,0.666666666666667,0.166666666666667,0.688332449299089,8.33333333333333,6,10,1.37666489859818,8,8,8,0,8.33333333333333,6,10,1.37666489859818,0,1.92000580163574,2.82842712474619,0.755408441165062,"F4_R25",-0.201143830234369,-0.342004264885899,0.0523490600394965,0.271391979495859,-1.3423754352168,-1.56178249080171,0.299677765843179,653,"easy"
846,"-2:-1|1:-1|2:-2|2:2",4,TRUE,0,3,1,"off_axis",2.32678394734132,2.82842712474619,3.25,4,2,1.9607698869111,1,8,1,25,0,TRUE,25,33554432,0,1,25,25,0.833333333333333,2,0.75,0.0833333333333333,0.553694392684741,8.33333333333333,6,10,1.10738878536948,9,8,10,1.01015254455221,8.33333333333333,6,10,1.10738878536948,0,1.9607698869111,2.82842712474619,0.628385453702687,"F4_R25",0.0613242036466893,0.706508810356395,-1.2876990647278,0.271391979495859,-1.3423754352168,-1.59084950644566,0.296455424274973,654,"easy"
892,"-1:-1|0:1|1:-1|2:-2",4,TRUE,1,3,0,"mixed",1.6642135623731,2.82842712474619,2.25,4,2,1.9607698869111,1,8,1,25,0,TRUE,25,33554432,0,1,25,25,0.833333333333333,2,0.75,0.0833333333333333,0.553694392684741,8.33333333333333,6,10,1.10738878536948,9,8,10,1.01015254455221,8.33333333333333,6,10,1.10738878536948,0,1.9607698869111,2.82842712474619,0.628385453702687,"F4_R25",0.0613242036466893,0.706508810356395,-1.2876990647278,0.271391979495859,-1.3423754352168,-1.59084950644566,0.296455424274973,654,"easy"
1032,"-1:-2|0:-1|1:-2|2:2",4,TRUE,1,1,2,"mixed",2.07514076993644,2.82842712474619,2.75,4,2,1.9607698869111,1,8,1,25,0,TRUE,25,33554432,0,1,25,25,0.833333333333333,2,0.75,0.0833333333333333,0.553694392684741,8.33333333333333,6,10,1.10738878536948,9,8,10,1.01015254455221,8.33333333333333,6,10,1.10738878536948,0,1.9607698869111,2.82842712474619,0.628385453702687,"F4_R25",0.0613242036466893,0.706508810356395,-1.2876990647278,0.271391979495859,-1.3423754352168,-1.59084950644566,0.296455424274973,654,"easy"
1376,"-1:-1|0:2|1:1|2:1",4,TRUE,1,2,1,"mixed",1.76612377556149,2.23606797749979,2.25,3,2,1.9607698869111,1,8,1,25,0,TRUE,25,33554432,0,1,25,25,0.833333333333333,2,0.75,0.0833333333333333,0.553694392684741,8.33333333333333,6,10,1.10738878536948,9,8,10,1.01015254455221,8.33333333333333,6,10,1.10738878536948,0,1.9607698869111,2.82842712474619,0.628385453702687,"F4_R25",0.0613242036466893,0.706508810356395,-1.2876990647278,0.271391979495859,-1.3423754352168,-1.59084950644566,0.296455424274973,654,"easy"
1377,"-1:-2|0:2|1:1|2:1",4,TRUE,1,1,2,"mixed",1.97158737934317,2.23606797749979,2.5,3,2,1.9607698869111,1,8,1,25,0,TRUE,25,33554432,0,1,25,25,0.833333333333333,2,0.75,0.0833333333333333,0.553694392684741,8.33333333333333,6,10,1.10738878536948,9,8,10,1.01015254455221,8.33333333333333,6,10,1.10738878536948,0,1.9607698869111,2.82842712474619,0.628385453702687,"F4_R25",0.0613242036466893,0.706508810356395,-1.2876990647278,0.271391979495859,-1.3423754352168,-1.59084950644566,0.296455424274973,654,"easy"
473,"-1:0|0:-1|2:-2|2:-1",4,TRUE,2,1,1,"mixed",1.76612377556149,2.82842712474619,2.25,4,2,1.87792717443648,2,8,1,25,0,TRUE,25,33554432,0,1,25,25,0.833333333333333,2,0.666666666666667,0.166666666666667,0.688332449299089,8.33333333333333,6,10,1.37666489859818,7,6,8,1.01015254455221,8.33333333333333,6,10,1.37666489859818,0,1.87792717443648,2.82842712474619,0.725250552501227,"F4_R25",-0.472075815456155,-1.39051734012819,0.0523490600394965,0.271391979495859,-0.134755835195509,-1.6736079512445,0.291084854994629,659,"easy"
476,"-2:-2|-2:-1|0:-1|2:-2",4,TRUE,1,2,1,"mixed",2.22323055674804,2.82842712474619,3,4,2,1.87792717443648,2,8,1,25,0,TRUE,25,33554432,0,1,25,25,0.833333333333333,2,0.666666666666667,0.166666666666667,0.688332449299089,8.33333333333333,6,10,1.37666489859818,7,6,8,1.01015254455221,8.33333333333333,6,10,1.37666489859818,0,1.87792717443648,2.82842712474619,0.725250552501227,"F4_R25",-0.472075815456155,-1.39051734012819,0.0523490600394965,0.271391979495859,-0.134755835195509,-1.6736079512445,0.291084854994629,659,"easy"
510,"-1:-1|-1:0|2:-2|2:-1",4,TRUE,1,2,1,"mixed",1.86967716615477,2.82842712474619,2.5,4,2,1.87792717443648,2,8,1,25,0,TRUE,25,33554432,0,1,25,25,0.833333333333333,2,0.666666666666667,0.166666666666667,0.688332449299089,8.33333333333333,6,10,1.37666489859818,7,6,8,1.01015254455221,8.33333333333333,6,10,1.37666489859818,0,1.87792717443648,2.82842712474619,0.725250552501227,"F4_R25",-0.472075815456155,-1.39051734012819,0.0523490600394965,0.271391979495859,-0.134755835195509,-1.6736079512445,0.291084854994629,659,"easy"
1177,"-1:-1|-1:0|0:2|1:2",4,TRUE,2,1,1,"mixed",1.66257038496822,2.23606797749979,2,3,2,1.87792717443648,2,8,1,25,0,TRUE,25,33554432,0,1,25,25,0.833333333333333,2,0.666666666666667,0.166666666666667,0.688332449299089,8.33333333333333,6,10,1.37666489859818,7,6,8,1.01015254455221,8.33333333333333,6,10,1.37666489859818,0,1.87792717443648,2.82842712474619,0.725250552501227,"F4_R25",-0.472075815456155,-1.39051734012819,0.0523490600394965,0.271391979495859,-0.134755835195509,-1.6736079512445,0.291084854994629,659,"easy"
1179,"-1:-2|-1:2|0:-2|1:0",4,TRUE,2,0,2,"mixed",1.86803398874989,2.23606797749979,2.25,3,2,1.87792717443648,2,8,1,25,0,TRUE,25,33554432,0,1,25,25,0.833333333333333,2,0.666666666666667,0.166666666666667,0.688332449299089,8.33333333333333,6,10,1.37666489859818,7,6,8,1.01015254455221,8.33333333333333,6,10,1.37666489859818,0,1.87792717443648,2.82842712474619,0.725250552501227,"F4_R25",-0.472075815456155,-1.39051734012819,0.0523490600394965,0.271391979495859,-0.134755835195509,-1.6736079512445,0.291084854994629,659,"easy"
390,"-2:-2|-2:-1|-1:-2|0:2",4,TRUE,1,1,2,"mixed",2.32514076993644,2.82842712474619,3,4,2,1.91934853067379,2,8,1,25,0,TRUE,25,33554432,0,1,25,25,0.833333333333333,2,0.75,0.0833333333333333,0.553694392684741,8.33333333333333,6,10,1.10738878536948,8,8,8,0,8.33333333333333,6,10,1.10738878536948,0,1.91934853067379,2.82842712474619,0.679951973631102,"F4_R25",-0.205375805904733,-0.342004264885899,-1.2876990647278,0.271391979495859,-0.134755835195509,-1.69844299121808,0.283029001074114,664,"easy"
400,"-2:-2|-1:-2|-1:-1|2:0",4,TRUE,1,2,1,"mixed",2.11967716615477,2.82842712474619,2.75,4,2,1.91934853067379,2,8,1,25,0,TRUE,25,33554432,0,1,25,25,0.833333333333333,2,0.75,0.0833333333333333,0.553694392684741,8.33333333333333,6,10,1.10738878536948,8,8,8,0,8.33333333333333,6,10,1.10738878536948,0,1.91934853067379,2.82842712474619,0.679951973631102,"F4_R25",-0.205375805904733,-0.342004264885899,-1.2876990647278,0.271391979495859,-0.134755835195509,-1.69844299121808,0.283029001074114,664,"easy"
542,"-2:-1|-2:2|2:-2|2:-1",4,TRUE,0,2,2,"off_axis",2.53224755112299,2.82842712474619,3.5,4,2,1.91934853067379,2,8,1,25,0,TRUE,25,33554432,0,1,25,25,0.833333333333333,2,0.75,0.0833333333333333,0.553694392684741,8.33333333333333,6,10,1.10738878536948,8,8,8,0,8.33333333333333,6,10,1.10738878536948,0,1.91934853067379,2.82842712474619,0.679951973631102,"F4_R25",-0.205375805904733,-0.342004264885899,-1.2876990647278,0.271391979495859,-0.134755835195509,-1.69844299121808,0.283029001074114,664,"easy"
718,"-1:-2|1:-1|1:0|2:-2",4,TRUE,1,2,1,"mixed",1.86967716615477,2.82842712474619,2.5,4,2,1.91934853067379,2,8,1,25,0,TRUE,25,33554432,0,1,25,25,0.833333333333333,2,0.75,0.0833333333333333,0.553694392684741,8.33333333333333,6,10,1.10738878536948,8,8,8,0,8.33333333333333,6,10,1.10738878536948,0,1.91934853067379,2.82842712474619,0.679951973631102,"F4_R25",-0.205375805904733,-0.342004264885899,-1.2876990647278,0.271391979495859,-0.134755835195509,-1.69844299121808,0.283029001074114,664,"easy"
733,"-1:-2|0:-1|1:0|2:-2",4,TRUE,2,1,1,"mixed",1.76612377556149,2.82842712474619,2.25,4,2,1.91934853067379,2,8,1,25,0,TRUE,25,33554432,0,1,25,25,0.833333333333333,2,0.75,0.0833333333333333,0.553694392684741,8.33333333333333,6,10,1.10738878536948,8,8,8,0,8.33333333333333,6,10,1.10738878536948,0,1.91934853067379,2.82842712474619,0.679951973631102,"F4_R25",-0.205375805904733,-0.342004264885899,-1.2876990647278,0.271391979495859,-0.134755835195509,-1.69844299121808,0.283029001074114,664,"easy"
927,"-1:-1|-1:1|0:-1|2:-2",4,TRUE,1,3,0,"mixed",1.6642135623731,2.82842712474619,2.25,4,2,1.91934853067379,2,8,1,25,0,TRUE,25,33554432,0,1,25,25,0.833333333333333,2,0.75,0.0833333333333333,0.553694392684741,8.33333333333333,6,10,1.10738878536948,8,8,8,0,8.33333333333333,6,10,1.10738878536948,0,1.91934853067379,2.82842712474619,0.679951973631102,"F4_R25",-0.205375805904733,-0.342004264885899,-1.2876990647278,0.271391979495859,-0.134755835195509,-1.69844299121808,0.283029001074114,664,"easy"
1067,"-1:-2|-1:-1|0:-2|2:2",4,TRUE,1,2,1,"mixed",2.11967716615477,2.82842712474619,2.75,4,2,1.91934853067379,2,8,1,25,0,TRUE,25,33554432,0,1,25,25,0.833333333333333,2,0.75,0.0833333333333333,0.553694392684741,8.33333333333333,6,10,1.10738878536948,8,8,8,0,8.33333333333333,6,10,1.10738878536948,0,1.91934853067379,2.82842712474619,0.679951973631102,"F4_R25",-0.205375805904733,-0.342004264885899,-1.2876990647278,0.271391979495859,-0.134755835195509,-1.69844299121808,0.283029001074114,664,"easy"
1466,"-1:-2|-1:0|0:-1|2:1",4,TRUE,2,0,2,"mixed",1.61803398874989,2.23606797749979,2,3,2,1.91934853067379,2,8,1,25,0,TRUE,25,33554432,0,1,25,25,0.833333333333333,2,0.75,0.0833333333333333,0.553694392684741,8.33333333333333,6,10,1.10738878536948,8,8,8,0,8.33333333333333,6,10,1.10738878536948,0,1.91934853067379,2.82842712474619,0.679951973631102,"F4_R25",-0.205375805904733,-0.342004264885899,-1.2876990647278,0.271391979495859,-0.134755835195509,-1.69844299121808,0.283029001074114,664,"easy"
1526,"-1:-1|-1:0|1:-2|1:1",4,TRUE,1,2,1,"mixed",1.51612377556149,2.23606797749979,2,3,2,1.91934853067379,2,8,1,25,0,TRUE,25,33554432,0,1,25,25,0.833333333333333,2,0.75,0.0833333333333333,0.553694392684741,8.33333333333333,6,10,1.10738878536948,8,8,8,0,8.33333333333333,6,10,1.10738878536948,0,1.91934853067379,2.82842712474619,0.679951973631102,"F4_R25",-0.205375805904733,-0.342004264885899,-1.2876990647278,0.271391979495859,-0.134755835195509,-1.69844299121808,0.283029001074114,664,"easy"
1633,"-1:-1|-1:0|0:-2|2:1",4,TRUE,2,1,1,"mixed",1.66257038496822,2.23606797749979,2,3,2,1.91934853067379,2,8,1,25,0,TRUE,25,33554432,0,1,25,25,0.833333333333333,2,0.75,0.0833333333333333,0.553694392684741,8.33333333333333,6,10,1.10738878536948,8,8,8,0,8.33333333333333,6,10,1.10738878536948,0,1.91934853067379,2.82842712474619,0.679951973631102,"F4_R25",-0.205375805904733,-0.342004264885899,-1.2876990647278,0.271391979495859,-0.134755835195509,-1.69844299121808,0.283029001074114,664,"easy"
350,"-1:-2|-1:-1|1:-2|2:-2",4,TRUE,0,2,2,"off_axis",2.17869416052972,2.82842712474619,3,4,2,1.91869125971184,2,8,1,25,0,TRUE,25,33554432,0,1,25,25,0.833333333333333,2,0.75,0.0833333333333333,0.553694392684741,8.33333333333333,6,10,1.10738878536948,8,8,8,0,8.33333333333333,6,10,1.10738878536948,0,1.91869125971184,2.82842712474619,0.595001260414515,"F4_R25",-0.209607781575099,-0.342004264885899,-1.2876990647278,0.271391979495859,-0.134755835195509,-1.70267496688845,0.272287862513426,674,"easy"
758,"-1:-2|-1:-1|-1:2|2:-2",4,TRUE,0,2,2,"off_axis",2.17869416052972,2.82842712474619,3,4,2,1.91869125971184,2,8,1,25,0,TRUE,25,33554432,0,1,25,25,0.833333333333333,2,0.75,0.0833333333333333,0.553694392684741,8.33333333333333,6,10,1.10738878536948,8,6,10,2.02030508910442,8.33333333333333,6,10,1.10738878536948,0,1.91869125971184,2.82842712474619,0.595001260414515,"F4_R25",-0.209607781575099,-0.342004264885899,-1.2876990647278,0.271391979495859,-0.134755835195509,-1.70267496688845,0.272287862513426,674,"easy"
984,"-2:-1|-2:0|1:0|2:-2",4,TRUE,2,1,1,"mixed",2.01612377556149,2.82842712474619,2.5,4,2,1.91869125971184,2,8,1,25,0,TRUE,25,33554432,0,1,25,25,0.833333333333333,2,0.75,0.0833333333333333,0.553694392684741,8.33333333333333,6,10,1.10738878536948,8,8,8,0,8.33333333333333,6,10,1.10738878536948,0,1.91869125971184,2.82842712474619,0.595001260414515,"F4_R25",-0.209607781575099,-0.342004264885899,-1.2876990647278,0.271391979495859,-0.134755835195509,-1.70267496688845,0.272287862513426,674,"easy"
1038,"-1:-2|0:-2|1:-2|2:2",4,TRUE,1,1,2,"mixed",2.32514076993644,2.82842712474619,3,4,2,1.91869125971184,2,8,1,25,0,TRUE,25,33554432,0,1,25,25,0.833333333333333,2,0.75,0.0833333333333333,0.553694392684741,8.33333333333333,6,10,1.10738878536948,8,6,10,2.02030508910442,8.33333333333333,6,10,1.10738878536948,0,1.91869125971184,2.82842712474619,0.595001260414515,"F4_R25",-0.209607781575099,-0.342004264885899,-1.2876990647278,0.271391979495859,-0.134755835195509,-1.70267496688845,0.272287862513426,674,"easy"
1093,"-1:0|1:-2|2:-1|2:0",4,TRUE,2,0,2,"mixed",1.86803398874989,2.23606797749979,2.25,3,2,1.91869125971184,2,8,1,25,0,TRUE,25,33554432,0,1,25,25,0.833333333333333,2,0.75,0.0833333333333333,0.553694392684741,8.33333333333333,6,10,1.10738878536948,8,8,8,0,8.33333333333333,6,10,1.10738878536948,0,1.91869125971184,2.82842712474619,0.595001260414515,"F4_R25",-0.209607781575099,-0.342004264885899,-1.2876990647278,0.271391979495859,-0.134755835195509,-1.70267496688845,0.272287862513426,674,"easy"
1453,"-2:-1|-1:0|0:-2|0:2",4,TRUE,3,0,1,"mixed",1.80901699437495,2.23606797749979,2,3,2,1.91869125971184,2,8,1,25,0,TRUE,25,33554432,0,1,25,25,0.833333333333333,2,0.75,0.0833333333333333,0.553694392684741,8.33333333333333,6,10,1.10738878536948,8,8,8,0,8.33333333333333,6,10,1.10738878536948,0,1.91869125971184,2.82842712474619,0.595001260414515,"F4_R25",-0.209607781575099,-0.342004264885899,-1.2876990647278,0.271391979495859,-0.134755835195509,-1.70267496688845,0.272287862513426,674,"easy"
1481,"-1:-2|0:-1|0:1|2:0",4,TRUE,3,0,1,"mixed",1.55901699437495,2.23606797749979,1.75,3,2,1.91869125971184,2,8,1,25,0,TRUE,25,33554432,0,1,25,25,0.833333333333333,2,0.75,0.0833333333333333,0.553694392684741,8.33333333333333,6,10,1.10738878536948,8,6,10,2.02030508910442,8.33333333333333,6,10,1.10738878536948,0,1.91869125971184,2.82842712474619,0.595001260414515,"F4_R25",-0.209607781575099,-0.342004264885899,-1.2876990647278,0.271391979495859,-0.134755835195509,-1.70267496688845,0.272287862513426,674,"easy"
1521,"-1:-1|1:-2|1:0|1:2",4,TRUE,1,1,2,"mixed",1.72158737934317,2.23606797749979,2.25,3,2,1.91869125971184,2,8,1,25,0,TRUE,25,33554432,0,1,25,25,0.833333333333333,2,0.75,0.0833333333333333,0.553694392684741,8.33333333333333,6,10,1.10738878536948,8,8,8,0,8.33333333333333,6,10,1.10738878536948,0,1.91869125971184,2.82842712474619,0.595001260414515,"F4_R25",-0.209607781575099,-0.342004264885899,-1.2876990647278,0.271391979495859,-0.134755835195509,-1.70267496688845,0.272287862513426,674,"easy"
1572,"-1:-1|0:1|0:2|2:1",4,TRUE,2,1,1,"mixed",1.66257038496822,2.23606797749979,2,3,2,1.91869125971184,2,8,1,25,0,TRUE,25,33554432,0,1,25,25,0.833333333333333,2,0.75,0.0833333333333333,0.553694392684741,8.33333333333333,6,10,1.10738878536948,8,6,10,2.02030508910442,8.33333333333333,6,10,1.10738878536948,0,1.91869125971184,2.82842712474619,0.595001260414515,"F4_R25",-0.209607781575099,-0.342004264885899,-1.2876990647278,0.271391979495859,-0.134755835195509,-1.70267496688845,0.272287862513426,674,"easy"
1573,"-1:-2|0:1|0:2|2:1",4,TRUE,2,0,2,"mixed",1.86803398874989,2.23606797749979,2.25,3,2,1.91869125971184,2,8,1,25,0,TRUE,25,33554432,0,1,25,25,0.833333333333333,2,0.75,0.0833333333333333,0.553694392684741,8.33333333333333,6,10,1.10738878536948,8,6,10,2.02030508910442,8.33333333333333,6,10,1.10738878536948,0,1.91869125971184,2.82842712474619,0.595001260414515,"F4_R25",-0.209607781575099,-0.342004264885899,-1.2876990647278,0.271391979495859,-0.134755835195509,-1.70267496688845,0.272287862513426,674,"easy"
579,"-1:0|0:-2|1:-1|2:-2",4,TRUE,2,2,0,"mixed",1.81066017177982,2.82842712474619,2.25,4,2,1.93716308916112,1,8,1,25,0,TRUE,25,33554432,0,1,25,25,0.833333333333333,2,0.75,0.0833333333333333,0.553694392684741,8.33333333333333,6,10,1.10738878536948,9,8,10,1.01015254455221,8.33333333333333,6,10,1.10738878536948,0,1.93716308916112,2.82842712474619,0.621288236911133,"F4_R25",-0.0906730691931347,0.706508810356395,-1.2876990647278,0.271391979495859,-1.3423754352168,-1.74284677928548,0.264232008592911,684,"easy"
586,"-2:-2|-2:0|-1:-1|2:-2",4,TRUE,1,3,0,"mixed",2.26776695296637,2.82842712474619,3,4,2,1.93716308916112,1,8,1,25,0,TRUE,25,33554432,0,1,25,25,0.833333333333333,2,0.75,0.0833333333333333,0.553694392684741,8.33333333333333,6,10,1.10738878536948,9,8,10,1.01015254455221,8.33333333333333,6,10,1.10738878536948,0,1.93716308916112,2.82842712474619,0.621288236911133,"F4_R25",-0.0906730691931347,0.706508810356395,-1.2876990647278,0.271391979495859,-1.3423754352168,-1.74284677928548,0.264232008592911,684,"easy"
761,"-2:-1|-1:-2|-1:0|2:-2",4,TRUE,1,1,2,"mixed",2.07514076993644,2.82842712474619,2.75,4,2,1.93716308916112,1,8,1,25,0,TRUE,25,33554432,0,1,25,25,0.833333333333333,2,0.75,0.0833333333333333,0.553694392684741,8.33333333333333,6,10,1.10738878536948,9,8,10,1.01015254455221,8.33333333333333,6,10,1.10738878536948,0,1.93716308916112,2.82842712474619,0.621288236911133,"F4_R25",-0.0906730691931347,0.706508810356395,-1.2876990647278,0.271391979495859,-1.3423754352168,-1.74284677928548,0.264232008592911,684,"easy"
1132,"-1:-2|0:-2|1:-1|2:0",4,TRUE,2,1,1,"mixed",1.91257038496822,2.23606797749979,2.25,3,2,1.93716308916112,1,8,1,25,0,TRUE,25,33554432,0,1,25,25,0.833333333333333,2,0.75,0.0833333333333333,0.553694392684741,8.33333333333333,6,10,1.10738878536948,9,8,10,1.01015254455221,8.33333333333333,6,10,1.10738878536948,0,1.93716308916112,2.82842712474619,0.621288236911133,"F4_R25",-0.0906730691931347,0.706508810356395,-1.2876990647278,0.271391979495859,-1.3423754352168,-1.74284677928548,0.264232008592911,684,"easy"
1356,"-1:-1|-1:1|1:-2|1:-1",4,TRUE,0,3,1,"off_axis",1.61967716615477,2.23606797749979,2.25,3,2,1.93716308916112,1,8,1,25,0,TRUE,25,33554432,0,1,25,25,0.833333333333333,2,0.75,0.0833333333333333,0.553694392684741,8.33333333333333,6,10,1.10738878536948,9,8,10,1.01015254455221,8.33333333333333,6,10,1.10738878536948,0,1.93716308916112,2.82842712474619,0.621288236911133,"F4_R25",-0.0906730691931347,0.706508810356395,-1.2876990647278,0.271391979495859,-1.3423754352168,-1.74284677928548,0.264232008592911,684,"easy"
399,"-1:0|1:-2|1:-1|2:-2",4,TRUE,1,2,1,"mixed",1.86967716615477,2.82842712474619,2.5,4,2,1.87858444539843,1,8,1,25,0,TRUE,25,33554432,0,1,25,25,0.833333333333333,2,0.583333333333333,0.25,0.800640769025436,8.33333333333333,6,10,1.60128153805087,7,6,8,1.01015254455221,8.33333333333333,6,10,1.60128153805087,0,1.87858444539843,2.82842712474619,0.796464745336163,"F4_R25",-0.467843839785789,-1.39051734012819,1.17015005204386,0.271391979495859,-1.3423754352168,-1.75919458359107,0.258861439312567,689,"easy"
415,"-1:0|0:-1|1:-2|2:-2",4,TRUE,2,1,1,"mixed",1.76612377556149,2.82842712474619,2.25,4,2,1.87858444539843,1,8,1,25,0,TRUE,25,33554432,0,1,25,25,0.833333333333333,2,0.583333333333333,0.25,0.800640769025436,8.33333333333333,6,10,1.60128153805087,7,6,8,1.01015254455221,8.33333333333333,6,10,1.60128153805087,0,1.87858444539843,2.82842712474619,0.796464745336163,"F4_R25",-0.467843839785789,-1.39051734012819,1.17015005204386,0.271391979495859,-1.3423754352168,-1.75919458359107,0.258861439312567,689,"easy"
422,"-2:-2|-2:-1|-1:0|2:-2",4,TRUE,1,2,1,"mixed",2.22323055674804,2.82842712474619,3,4,2,1.87858444539843,1,8,1,25,0,TRUE,25,33554432,0,1,25,25,0.833333333333333,2,0.583333333333333,0.25,0.800640769025436,8.33333333333333,6,10,1.60128153805087,7,6,8,1.01015254455221,8.33333333333333,6,10,1.60128153805087,0,1.87858444539843,2.82842712474619,0.796464745336163,"F4_R25",-0.467843839785789,-1.39051734012819,1.17015005204386,0.271391979495859,-1.3423754352168,-1.75919458359107,0.258861439312567,689,"easy"
840,"-2:-2|-1:-1|-1:0|2:-2",4,TRUE,1,3,0,"mixed",2.01776695296637,2.82842712474619,2.75,4,2,1.87858444539843,1,8,1,25,0,TRUE,25,33554432,0,1,25,25,0.833333333333333,2,0.583333333333333,0.25,0.800640769025436,8.33333333333333,6,10,1.60128153805087,7,6,8,1.01015254455221,8.33333333333333,6,10,1.60128153805087,0,1.87858444539843,2.82842712474619,0.796464745336163,"F4_R25",-0.467843839785789,-1.39051734012819,1.17015005204386,0.271391979495859,-1.3423754352168,-1.75919458359107,0.258861439312567,689,"easy"
1395,"-1:-1|-1:0|1:1|1:2",4,TRUE,1,2,1,"mixed",1.51612377556149,2.23606797749979,2,3,2,1.87858444539843,1,8,1,25,0,TRUE,25,33554432,0,1,25,25,0.833333333333333,2,0.583333333333333,0.25,0.800640769025436,8.33333333333333,6,10,1.60128153805087,7,6,8,1.01015254455221,8.33333333333333,6,10,1.60128153805087,0,1.87858444539843,2.82842712474619,0.796464745336163,"F4_R25",-0.467843839785789,-1.39051734012819,1.17015005204386,0.271391979495859,-1.3423754352168,-1.75919458359107,0.258861439312567,689,"easy"
1139,"-1:-1|0:-2|0:2|1:-2",4,TRUE,2,1,1,"mixed",1.91257038496822,2.23606797749979,2.25,3,2,1.69508446196187,1,8,1,25,0,TRUE,25,33554432,0,1,25,25,0.833333333333333,2,0.583333333333333,0.25,0.800640769025436,8.33333333333333,6,10,1.60128153805087,8,8,8,0,8.33333333333333,6,10,1.60128153805087,0,1.69508446196187,2.23606797749979,0.501872789122517,"F4_R25",-1.64934661470308,-0.342004264885899,1.17015005204386,0.271391979495859,-1.3423754352168,-1.89218428326606,0.253490870032223,694,"easy"
1289,"-1:-1|1:-2|1:-1|2:-1",4,TRUE,0,2,2,"off_axis",1.82514076993644,2.23606797749979,2.5,3,2,1.69508446196187,1,8,1,25,0,TRUE,25,33554432,0,1,25,25,0.833333333333333,2,0.583333333333333,0.25,0.800640769025436,8.33333333333333,6,10,1.60128153805087,8,8,8,0,8.33333333333333,6,10,1.60128153805087,0,1.69508446196187,2.23606797749979,0.501872789122517,"F4_R25",-1.64934661470308,-0.342004264885899,1.17015005204386,0.271391979495859,-1.3423754352168,-1.89218428326606,0.253490870032223,694,"easy"
1295,"-1:-1|0:-1|1:-2|2:-1",4,TRUE,1,1,2,"mixed",1.72158737934317,2.23606797749979,2.25,3,2,1.69508446196187,1,8,1,25,0,TRUE,25,33554432,0,1,25,25,0.833333333333333,2,0.583333333333333,0.25,0.800640769025436,8.33333333333333,6,10,1.60128153805087,8,8,8,0,8.33333333333333,6,10,1.60128153805087,0,1.69508446196187,2.23606797749979,0.501872789122517,"F4_R25",-1.64934661470308,-0.342004264885899,1.17015005204386,0.271391979495859,-1.3423754352168,-1.89218428326606,0.253490870032223,694,"easy"
1439,"-1:-1|0:-1|0:2|1:-2",4,TRUE,2,1,1,"mixed",1.66257038496822,2.23606797749979,2,3,2,1.69508446196187,1,8,1,25,0,TRUE,25,33554432,0,1,25,25,0.833333333333333,2,0.583333333333333,0.25,0.800640769025436,8.33333333333333,6,10,1.60128153805087,8,8,8,0,8.33333333333333,6,10,1.60128153805087,0,1.69508446196187,2.23606797749979,0.501872789122517,"F4_R25",-1.64934661470308,-0.342004264885899,1.17015005204386,0.271391979495859,-1.3423754352168,-1.89218428326606,0.253490870032223,694,"easy"
1665,"-1:-1|0:-2|0:1|1:0",4,TRUE,3,1,0,"mixed",1.35355339059327,2,1.5,2,2,1.69508446196187,1,8,1,25,0,TRUE,25,33554432,0,1,25,25,0.833333333333333,2,0.583333333333333,0.25,0.800640769025436,8.33333333333333,6,10,1.60128153805087,8,8,8,0,8.33333333333333,6,10,1.60128153805087,0,1.69508446196187,2.23606797749979,0.501872789122517,"F4_R25",-1.64934661470308,-0.342004264885899,1.17015005204386,0.271391979495859,-1.3423754352168,-1.89218428326606,0.253490870032223,694,"easy"
1670,"-1:-1|0:-2|1:1|2:0",4,TRUE,2,2,0,"mixed",1.70710678118655,2,2,2,2,1.97858444539843,1,4,2,25,0,TRUE,25,33554432,0,1,25,25,0.833333333333333,2,0.583333333333333,0.25,0.800640769025436,8.33333333333333,6,10,1.60128153805087,10,10,10,0,8.33333333333333,6,10,1.60128153805087,0,1.97858444539843,2.82842712474619,0.562932394231188,"F4_R25",0.176026940358286,1.75502188559869,1.17015005204386,-3.68075372191259,-1.3423754352168,-1.92193027912856,0.250268528464017,699,"easy"
506,"-2:-1|-1:-2|2:-2|2:-1",4,TRUE,0,1,3,"off_axis",2.38415776431139,2.82842712474619,3.25,4,2,1.86011261594915,2,8,1,25,0,TRUE,25,33554432,0,1,25,25,0.833333333333333,2,0.75,0.0833333333333333,0.553694392684741,8.33333333333333,6,10,1.10738878536948,8,8,8,0,8.33333333333333,6,10,1.10738878536948,0,1.86011261594915,2.82842712474619,0.614619173858266,"F4_R25",-0.586778552167754,-0.342004264885899,-1.2876990647278,0.271391979495859,-0.134755835195509,-2.0798457374811,0.247046186895811,700,"easy"
924,"-2:-2|-1:0|-1:1|0:2",4,TRUE,2,2,0,"mixed",1.81066017177982,2.82842712474619,2.25,4,2,1.86011261594915,2,8,1,25,0,TRUE,25,33554432,0,1,25,25,0.833333333333333,2,0.75,0.0833333333333333,0.553694392684741,8.33333333333333,6,10,1.10738878536948,8,8,8,0,8.33333333333333,6,10,1.10738878536948,0,1.86011261594915,2.82842712474619,0.614619173858266,"F4_R25",-0.586778552167754,-0.342004264885899,-1.2876990647278,0.271391979495859,-0.134755835195509,-2.0798457374811,0.247046186895811,700,"easy"
1106,"-1:-2|1:-1|2:-1|2:0",4,TRUE,1,1,2,"mixed",1.97158737934317,2.23606797749979,2.5,3,2,1.86011261594915,2,8,1,25,0,TRUE,25,33554432,0,1,25,25,0.833333333333333,2,0.75,0.0833333333333333,0.553694392684741,8.33333333333333,6,10,1.10738878536948,8,8,8,0,8.33333333333333,6,10,1.10738878536948,0,1.86011261594915,2.82842712474619,0.614619173858266,"F4_R25",-0.586778552167754,-0.342004264885899,-1.2876990647278,0.271391979495859,-0.134755835195509,-2.0798457374811,0.247046186895811,700,"easy"
1469,"-1:-2|-1:0|0:-1|1:2",4,TRUE,2,0,2,"mixed",1.61803398874989,2.23606797749979,2,3,2,1.86011261594915,2,8,1,25,0,TRUE,25,33554432,0,1,25,25,0.833333333333333,2,0.75,0.0833333333333333,0.553694392684741,8.33333333333333,6,10,1.10738878536948,8,8,8,0,8.33333333333333,6,10,1.10738878536948,0,1.86011261594915,2.82842712474619,0.614619173858266,"F4_R25",-0.586778552167754,-0.342004264885899,-1.2876990647278,0.271391979495859,-0.134755835195509,-2.0798457374811,0.247046186895811,700,"easy"
1549,"-1:-1|-1:0|1:-1|2:1",4,TRUE,1,2,1,"mixed",1.51612377556149,2.23606797749979,2,3,2,1.86011261594915,2,8,1,25,0,TRUE,25,33554432,0,1,25,25,0.833333333333333,2,0.75,0.0833333333333333,0.553694392684741,8.33333333333333,6,10,1.10738878536948,8,8,8,0,8.33333333333333,6,10,1.10738878536948,0,1.86011261594915,2.82842712474619,0.614619173858266,"F4_R25",-0.586778552167754,-0.342004264885899,-1.2876990647278,0.271391979495859,-0.134755835195509,-2.0798457374811,0.247046186895811,700,"easy"
403,"-1:0|1:-1|2:-2|2:-1",4,TRUE,1,2,1,"mixed",1.86967716615477,2.82842712474619,2.5,4,2,1.81934853067379,1,8,1,25,0,TRUE,25,33554432,0,1,25,25,0.833333333333333,2,0.583333333333333,0.25,0.800640769025436,8.33333333333333,6,10,1.60128153805087,7,6,8,1.01015254455221,8.33333333333333,6,10,1.60128153805087,0,1.81934853067379,2.82842712474619,0.737842895002503,"F4_R25",-0.84924658604881,-1.39051734012819,1.17015005204386,0.271391979495859,-1.3423754352168,-2.14059732985409,0.241675617615467,705,"easy"
521,"-2:-1|-1:0|2:-2|2:-1",4,TRUE,1,1,2,"mixed",2.07514076993644,2.82842712474619,2.75,4,2,1.81934853067379,1,8,1,25,0,TRUE,25,33554432,0,1,25,25,0.833333333333333,2,0.583333333333333,0.25,0.800640769025436,8.33333333333333,6,10,1.60128153805087,7,6,8,1.01015254455221,8.33333333333333,6,10,1.60128153805087,0,1.81934853067379,2.82842712474619,0.737842895002503,"F4_R25",-0.84924658604881,-1.39051734012819,1.17015005204386,0.271391979495859,-1.3423754352168,-2.14059732985409,0.241675617615467,705,"easy"
838,"-2:-2|-1:-1|0:-1|2:-2",4,TRUE,1,3,0,"mixed",2.01776695296637,2.82842712474619,2.75,4,2,1.81934853067379,1,8,1,25,0,TRUE,25,33554432,0,1,25,25,0.833333333333333,2,0.583333333333333,0.25,0.800640769025436,8.33333333333333,6,10,1.60128153805087,7,6,8,1.01015254455221,8.33333333333333,6,10,1.60128153805087,0,1.81934853067379,2.82842712474619,0.737842895002503,"F4_R25",-0.84924658604881,-1.39051734012819,1.17015005204386,0.271391979495859,-1.3423754352168,-2.14059732985409,0.241675617615467,705,"easy"
1418,"-1:-1|-1:0|1:1|2:1",4,TRUE,1,2,1,"mixed",1.51612377556149,2.23606797749979,2,3,2,1.81934853067379,1,8,1,25,0,TRUE,25,33554432,0,1,25,25,0.833333333333333,2,0.583333333333333,0.25,0.800640769025436,8.33333333333333,6,10,1.60128153805087,7,6,8,1.01015254455221,8.33333333333333,6,10,1.60128153805087,0,1.81934853067379,2.82842712474619,0.737842895002503,"F4_R25",-0.84924658604881,-1.39051734012819,1.17015005204386,0.271391979495859,-1.3423754352168,-2.14059732985409,0.241675617615467,705,"easy"
1476,"-1:-2|-1:2|0:-1|1:0",4,TRUE,2,0,2,"mixed",1.61803398874989,2.23606797749979,2,3,2,1.81934853067379,1,8,1,25,0,TRUE,25,33554432,0,1,25,25,0.833333333333333,2,0.583333333333333,0.25,0.800640769025436,8.33333333333333,6,10,1.60128153805087,7,6,8,1.01015254455221,8.33333333333333,6,10,1.60128153805087,0,1.81934853067379,2.82842712474619,0.737842895002503,"F4_R25",-0.84924658604881,-1.39051734012819,1.17015005204386,0.271391979495859,-1.3423754352168,-2.14059732985409,0.241675617615467,705,"easy"
832,"-1:-2|-1:2|2:-2|2:2",4,TRUE,0,2,2,"off_axis",2.53224755112299,2.82842712474619,3.5,4,2,2.06011261594915,3,4,2,25,0,TRUE,25,33554432,0,1,25,25,0.833333333333333,2,0.666666666666667,0.166666666666667,0.688332449299089,8.33333333333333,6,10,1.37666489859818,8,6,10,2.02030508910442,8.33333333333333,6,10,1.37666489859818,0,2.06011261594915,2.82842712474619,0.628875548196174,"F4_R25",0.7009630081204,-0.342004264885899,0.0523490600394965,-3.68075372191259,1.07286376482578,-2.19658215381281,0.238453276047261,710,"easy"
956,"-2:-2|-1:0|0:1|2:2",4,TRUE,2,2,0,"mixed",1.9142135623731,2.82842712474619,2.5,4,2,2.06142715787305,2,4,2,25,0,TRUE,25,33554432,0,1,25,25,0.833333333333333,2,0.583333333333333,0.25,0.800640769025436,8.33333333333333,6,10,1.60128153805087,8,8,8,0,8.33333333333333,6,10,1.60128153805087,0,2.06142715787305,2.82842712474619,0.782104051605118,"F4_R25",0.709426959461129,-0.342004264885899,1.17015005204386,-3.68075372191259,-0.134755835195509,-2.27793681048901,0.237379162191192,711,"easy"
548,"-1:-2|-1:-1|0:-2|2:-2",4,TRUE,1,2,1,"mixed",2.11967716615477,2.82842712474619,2.75,4,2,1.8128990204492,2,8,1,25,0,TRUE,25,33554432,0,1,25,25,0.833333333333333,2,0.75,0.0833333333333333,0.553694392684741,8.33333333333333,6,10,1.10738878536948,8,8,8,0,8.33333333333333,6,10,1.10738878536948,0,1.8128990204492,2.82842712474619,0.590100878056122,"F4_R25",-0.890773097847402,-0.342004264885899,-1.2876990647278,0.271391979495859,-0.134755835195509,-2.38384028316075,0.234156820622986,712,"easy"
710,"-2:-1|-2:0|2:-2|2:0",4,TRUE,2,1,1,"mixed",2.26612377556149,2.82842712474619,2.75,4,2,1.8128990204492,2,8,1,25,0,TRUE,25,33554432,0,1,25,25,0.833333333333333,2,0.75,0.0833333333333333,0.553694392684741,8.33333333333333,6,10,1.10738878536948,8,8,8,0,8.33333333333333,6,10,1.10738878536948,0,1.8128990204492,2.82842712474619,0.590100878056122,"F4_R25",-0.890773097847402,-0.342004264885899,-1.2876990647278,0.271391979495859,-0.134755835195509,-2.38384028316075,0.234156820622986,712,"easy"
1462,"-1:-2|-1:0|0:-1|2:0",4,TRUE,3,0,1,"mixed",1.55901699437495,2.23606797749979,1.75,3,2,1.8128990204492,2,8,1,25,0,TRUE,25,33554432,0,1,25,25,0.833333333333333,2,0.75,0.0833333333333333,0.553694392684741,8.33333333333333,6,10,1.10738878536948,8,8,8,0,8.33333333333333,6,10,1.10738878536948,0,1.8128990204492,2.82842712474619,0.590100878056122,"F4_R25",-0.890773097847402,-0.342004264885899,-1.2876990647278,0.271391979495859,-0.134755835195509,-2.38384028316075,0.234156820622986,712,"easy"
1612,"-1:-1|-1:0|-1:2|1:-1",4,TRUE,1,2,1,"mixed",1.51612377556149,2.23606797749979,2,3,2,1.8128990204492,2,8,1,25,0,TRUE,25,33554432,0,1,25,25,0.833333333333333,2,0.75,0.0833333333333333,0.553694392684741,8.33333333333333,6,10,1.10738878536948,8,8,8,0,8.33333333333333,6,10,1.10738878536948,0,1.8128990204492,2.82842712474619,0.590100878056122,"F4_R25",-0.890773097847402,-0.342004264885899,-1.2876990647278,0.271391979495859,-0.134755835195509,-2.38384028316075,0.234156820622986,712,"easy"
1658,"-1:-1|-1:0|0:-2|2:0",4,TRUE,3,1,0,"mixed",1.60355339059327,2,1.75,2,2,1.8128990204492,2,8,1,25,0,TRUE,25,33554432,0,1,25,25,0.833333333333333,2,0.75,0.0833333333333333,0.553694392684741,8.33333333333333,6,10,1.10738878536948,8,8,8,0,8.33333333333333,6,10,1.10738878536948,0,1.8128990204492,2.82842712474619,0.590100878056122,"F4_R25",-0.890773097847402,-0.342004264885899,-1.2876990647278,0.271391979495859,-0.134755835195509,-2.38384028316075,0.234156820622986,712,"easy"
1096,"-2:-1|-1:-2|-1:2|0:-2",4,TRUE,1,0,3,"mixed",2.17705098312484,2.23606797749979,2.75,3,2,1.80087670122451,2,8,1,25,0,TRUE,25,33554432,0,1,25,25,0.833333333333333,2,0.75,0.0833333333333333,0.553694392684741,8.33333333333333,6,10,1.10738878536948,8,8,8,0,8.33333333333333,6,10,1.10738878536948,0,1.80087670122451,2.23606797749979,0.534210847873044,"F4_R25",-0.968181298430773,-0.342004264885899,-1.2876990647278,0.271391979495859,-0.134755835195509,-2.46124848374412,0.228786251342642,717,"easy"
1218,"-1:-2|1:-2|1:-1|2:-1",4,TRUE,0,1,3,"off_axis",2.03060437371812,2.23606797749979,2.75,3,2,1.80087670122451,2,8,1,25,0,TRUE,25,33554432,0,1,25,25,0.833333333333333,2,0.75,0.0833333333333333,0.553694392684741,8.33333333333333,6,10,1.10738878536948,8,8,8,0,8.33333333333333,6,10,1.10738878536948,0,1.80087670122451,2.23606797749979,0.534210847873044,"F4_R25",-0.968181298430773,-0.342004264885899,-1.2876990647278,0.271391979495859,-0.134755835195509,-2.46124848374412,0.228786251342642,717,"easy"
1429,"-1:-1|0:-1|1:-2|2:0",4,TRUE,2,1,1,"mixed",1.66257038496822,2.23606797749979,2,3,2,1.80087670122451,2,8,1,25,0,TRUE,25,33554432,0,1,25,25,0.833333333333333,2,0.75,0.0833333333333333,0.553694392684741,8.33333333333333,6,10,1.10738878536948,8,8,8,0,8.33333333333333,6,10,1.10738878536948,0,1.80087670122451,2.23606797749979,0.534210847873044,"F4_R25",-0.968181298430773,-0.342004264885899,-1.2876990647278,0.271391979495859,-0.134755835195509,-2.46124848374412,0.228786251342642,717,"easy"
1440,"-1:-1|-1:2|0:-1|1:-2",4,TRUE,1,1,2,"mixed",1.72158737934317,2.23606797749979,2.25,3,2,1.80087670122451,2,8,1,25,0,TRUE,25,33554432,0,1,25,25,0.833333333333333,2,0.75,0.0833333333333333,0.553694392684741,8.33333333333333,6,10,1.10738878536948,8,8,8,0,8.33333333333333,6,10,1.10738878536948,0,1.80087670122451,2.23606797749979,0.534210847873044,"F4_R25",-0.968181298430773,-0.342004264885899,-1.2876990647278,0.271391979495859,-0.134755835195509,-2.46124848374412,0.228786251342642,717,"easy"
1518,"-1:-1|0:1|1:-2|1:0",4,TRUE,2,1,1,"mixed",1.41257038496822,2.23606797749979,1.75,3,2,1.80087670122451,2,8,1,25,0,TRUE,25,33554432,0,1,25,25,0.833333333333333,2,0.75,0.0833333333333333,0.553694392684741,8.33333333333333,6,10,1.10738878536948,8,8,8,0,8.33333333333333,6,10,1.10738878536948,0,1.80087670122451,2.23606797749979,0.534210847873044,"F4_R25",-0.968181298430773,-0.342004264885899,-1.2876990647278,0.271391979495859,-0.134755835195509,-2.46124848374412,0.228786251342642,717,"easy"
746,"-2:-1|-1:-2|-1:-1|2:-2",4,TRUE,0,2,2,"off_axis",2.17869416052972,2.82842712474619,3,4,2,1.77792717443648,1,8,1,25,0,TRUE,25,33554432,0,1,25,25,0.833333333333333,2,0.666666666666667,0.166666666666667,0.688332449299089,8.33333333333333,6,10,1.37666489859818,8,8,8,0,8.33333333333333,6,10,1.37666489859818,0,1.77792717443648,2.82842712474619,0.613709089969705,"F4_R25",-1.11594659560023,-0.342004264885899,0.0523490600394965,0.271391979495859,-1.3423754352168,-2.47658525616758,0.223415682062299,722,"easy"
988,"-2:-1|-2:0|-1:-1|2:-2",4,TRUE,1,2,1,"mixed",2.11967716615477,2.82842712474619,2.75,4,2,1.77792717443648,1,8,1,25,0,TRUE,25,33554432,0,1,25,25,0.833333333333333,2,0.666666666666667,0.166666666666667,0.688332449299089,8.33333333333333,6,10,1.37666489859818,8,8,8,0,8.33333333333333,6,10,1.37666489859818,0,1.77792717443648,2.82842712474619,0.613709089969705,"F4_R25",-1.11594659560023,-0.342004264885899,0.0523490600394965,0.271391979495859,-1.3423754352168,-2.47658525616758,0.223415682062299,722,"easy"
1432,"-1:-2|0:-1|1:-1|2:0",4,TRUE,2,1,1,"mixed",1.66257038496822,2.23606797749979,2,3,2,1.77792717443648,1,8,1,25,0,TRUE,25,33554432,0,1,25,25,0.833333333333333,2,0.666666666666667,0.166666666666667,0.688332449299089,8.33333333333333,6,10,1.37666489859818,8,8,8,0,8.33333333333333,6,10,1.37666489859818,0,1.77792717443648,2.82842712474619,0.613709089969705,"F4_R25",-1.11594659560023,-0.342004264885899,0.0523490600394965,0.271391979495859,-1.3423754352168,-2.47658525616758,0.223415682062299,722,"easy"
1436,"-1:-1|-1:1|0:-1|1:-2",4,TRUE,1,2,1,"mixed",1.51612377556149,2.23606797749979,2,3,2,1.77792717443648,1,8,1,25,0,TRUE,25,33554432,0,1,25,25,0.833333333333333,2,0.666666666666667,0.166666666666667,0.688332449299089,8.33333333333333,6,10,1.37666489859818,8,8,8,0,8.33333333333333,6,10,1.37666489859818,0,1.77792717443648,2.82842712474619,0.613709089969705,"F4_R25",-1.11594659560023,-0.342004264885899,0.0523490600394965,0.271391979495859,-1.3423754352168,-2.47658525616758,0.223415682062299,722,"easy"
1465,"-1:-1|0:1|1:0|1:2",4,TRUE,2,1,1,"mixed",1.41257038496822,2.23606797749979,1.75,3,2,1.77792717443648,1,8,1,25,0,TRUE,25,33554432,0,1,25,25,0.833333333333333,2,0.666666666666667,0.166666666666667,0.688332449299089,8.33333333333333,6,10,1.37666489859818,8,8,8,0,8.33333333333333,6,10,1.37666489859818,0,1.77792717443648,2.82842712474619,0.613709089969705,"F4_R25",-1.11594659560023,-0.342004264885899,0.0523490600394965,0.271391979495859,-1.3423754352168,-2.47658525616758,0.223415682062299,722,"easy"
1088,"-2:-1|-1:-2|-1:0|0:-2",4,TRUE,2,0,2,"mixed",1.86803398874989,2.23606797749979,2.25,3,2,1.77726990347453,1,8,1,25,0,TRUE,25,33554432,0,1,25,25,0.833333333333333,2,0.666666666666667,0.166666666666667,0.688332449299089,8.33333333333333,6,10,1.37666489859818,8,6,10,2.02030508910442,8.33333333333333,6,10,1.37666489859818,0,1.77726990347453,2.23606797749979,0.517807010599742,"F4_R25",-1.1201785712706,-0.342004264885899,0.0523490600394965,0.271391979495859,-1.3423754352168,-2.48081723183794,0.216970998925886,727,"easy"
1130,"-1:-1|0:-2|1:-2|1:0",4,TRUE,2,1,1,"mixed",1.66257038496822,2.23606797749979,2,3,2,1.77726990347453,1,8,1,25,0,TRUE,25,33554432,0,1,25,25,0.833333333333333,2,0.666666666666667,0.166666666666667,0.688332449299089,8.33333333333333,6,10,1.37666489859818,8,6,10,2.02030508910442,8.33333333333333,6,10,1.37666489859818,0,1.77726990347453,2.23606797749979,0.517807010599742,"F4_R25",-1.1201785712706,-0.342004264885899,0.0523490600394965,0.271391979495859,-1.3423754352168,-2.48081723183794,0.216970998925886,727,"easy"
1135,"-1:-1|0:-2|0:1|1:-2",4,TRUE,2,1,1,"mixed",1.66257038496822,2.23606797749979,2,3,2,1.77726990347453,1,8,1,25,0,TRUE,25,33554432,0,1,25,25,0.833333333333333,2,0.666666666666667,0.166666666666667,0.688332449299089,8.33333333333333,6,10,1.37666489859818,8,8,8,0,8.33333333333333,6,10,1.37666489859818,0,1.77726990347453,2.23606797749979,0.517807010599742,"F4_R25",-1.1201785712706,-0.342004264885899,0.0523490600394965,0.271391979495859,-1.3423754352168,-2.48081723183794,0.216970998925886,727,"easy"
1207,"-1:-2|0:-1|0:2|1:2",4,TRUE,2,0,2,"mixed",1.86803398874989,2.23606797749979,2.25,3,2,1.77726990347453,1,8,1,25,0,TRUE,25,33554432,0,1,25,25,0.833333333333333,2,0.666666666666667,0.166666666666667,0.688332449299089,8.33333333333333,6,10,1.37666489859818,8,8,8,0,8.33333333333333,6,10,1.37666489859818,0,1.77726990347453,2.23606797749979,0.517807010599742,"F4_R25",-1.1201785712706,-0.342004264885899,0.0523490600394965,0.271391979495859,-1.3423754352168,-2.48081723183794,0.216970998925886,727,"easy"
1296,"-2:-1|-1:-2|-1:0|-1:2",4,TRUE,1,0,3,"mixed",1.92705098312484,2.23606797749979,2.5,3,2,1.77726990347453,1,8,1,25,0,TRUE,25,33554432,0,1,25,25,0.833333333333333,2,0.666666666666667,0.166666666666667,0.688332449299089,8.33333333333333,6,10,1.37666489859818,8,8,8,0,8.33333333333333,6,10,1.37666489859818,0,1.77726990347453,2.23606797749979,0.517807010599742,"F4_R25",-1.1201785712706,-0.342004264885899,0.0523490600394965,0.271391979495859,-1.3423754352168,-2.48081723183794,0.216970998925886,727,"easy"
1348,"-1:-2|-1:-1|1:-1|2:-1",4,TRUE,0,2,2,"off_axis",1.82514076993644,2.23606797749979,2.5,3,2,1.77726990347453,1,8,1,25,0,TRUE,25,33554432,0,1,25,25,0.833333333333333,2,0.666666666666667,0.166666666666667,0.688332449299089,8.33333333333333,6,10,1.37666489859818,8,8,8,0,8.33333333333333,6,10,1.37666489859818,0,1.77726990347453,2.23606797749979,0.517807010599742,"F4_R25",-1.1201785712706,-0.342004264885899,0.0523490600394965,0.271391979495859,-1.3423754352168,-2.48081723183794,0.216970998925886,727,"easy"
1667,"-1:-1|0:-2|0:2|1:0",4,TRUE,3,1,0,"mixed",1.60355339059327,2,1.75,2,2,1.77726990347453,1,8,1,25,0,TRUE,25,33554432,0,1,25,25,0.833333333333333,2,0.666666666666667,0.166666666666667,0.688332449299089,8.33333333333333,6,10,1.37666489859818,8,8,8,0,8.33333333333333,6,10,1.37666489859818,0,1.77726990347453,2.23606797749979,0.517807010599742,"F4_R25",-1.1201785712706,-0.342004264885899,0.0523490600394965,0.271391979495859,-1.3423754352168,-2.48081723183794,0.216970998925886,727,"easy"
573,"-2:-2|-2:0|-2:2|2:0",4,TRUE,2,2,0,"mixed",2.41421356237309,2.82842712474619,3,4,2,2.0128990204492,3,4,2,25,0,TRUE,25,33554432,0,1,25,25,0.833333333333333,2,0.666666666666667,0.166666666666667,0.688332449299089,8.33333333333333,6,10,1.37666489859818,8,8,8,0,8.33333333333333,6,10,1.37666489859818,0,2.0128990204492,2.82842712474619,0.622037452851217,"F4_R25",0.396968462440753,-0.342004264885899,0.0523490600394965,-3.68075372191259,1.07286376482578,-2.50057669949246,0.211600429645542,734,"easy"
1609,"-1:-2|-1:0|-1:2|2:0",4,TRUE,2,0,2,"mixed",1.86803398874989,2.23606797749979,2.25,3,2,2.0128990204492,3,4,2,25,0,TRUE,25,33554432,0,1,25,25,0.833333333333333,2,0.666666666666667,0.166666666666667,0.688332449299089,8.33333333333333,6,10,1.37666489859818,8,8,8,0,8.33333333333333,6,10,1.37666489859818,0,2.0128990204492,2.82842712474619,0.622037452851217,"F4_R25",0.396968462440753,-0.342004264885899,0.0523490600394965,-3.68075372191259,1.07286376482578,-2.50057669949246,0.211600429645542,734,"easy"
1694,"-1:0|0:-2|0:2|2:0",4,TRUE,4,0,0,"axis_only",1.75,2,1.75,2,2,2.0128990204492,3,4,2,25,0,TRUE,25,33554432,0,1,25,25,0.833333333333333,2,0.666666666666667,0.166666666666667,0.688332449299089,8.33333333333333,6,10,1.37666489859818,8,8,8,0,8.33333333333333,6,10,1.37666489859818,0,2.0128990204492,2.82842712474619,0.622037452851217,"F4_R25",0.396968462440753,-0.342004264885899,0.0523490600394965,-3.68075372191259,1.07286376482578,-2.50057669949246,0.211600429645542,734,"easy"
540,"-2:-1|-2:0|2:-2|2:-1",4,TRUE,1,1,2,"mixed",2.32514076993644,2.82842712474619,3,4,2,1.73650581819918,2,8,1,25,0,TRUE,25,33554432,0,1,25,25,0.833333333333333,2,0.666666666666667,0.166666666666667,0.688332449299089,8.33333333333333,6,10,1.37666489859818,7,6,8,1.01015254455221,8.33333333333333,6,10,1.37666489859818,0,1.73650581819918,2.82842712474619,0.653662793937545,"F4_R25",-1.38264660515165,-1.39051734012819,0.0523490600394965,0.271391979495859,-0.134755835195509,-2.58417874094,0.207303974221267,737,"easy"
731,"-1:-2|-1:-1|0:-1|2:-2",4,TRUE,1,2,1,"mixed",1.86967716615477,2.82842712474619,2.5,4,2,1.73650581819918,2,8,1,25,0,TRUE,25,33554432,0,1,25,25,0.833333333333333,2,0.666666666666667,0.166666666666667,0.688332449299089,8.33333333333333,6,10,1.37666489859818,7,6,8,1.01015254455221,8.33333333333333,6,10,1.37666489859818,0,1.73650581819918,2.82842712474619,0.653662793937545,"F4_R25",-1.38264660515165,-1.39051734012819,0.0523490600394965,0.271391979495859,-0.134755835195509,-2.58417874094,0.207303974221267,737,"easy"
1339,"-1:-2|-1:-1|0:-1|2:0",4,TRUE,2,1,1,"mixed",1.66257038496822,2.23606797749979,2,3,2,1.73650581819918,2,8,1,25,0,TRUE,25,33554432,0,1,25,25,0.833333333333333,2,0.666666666666667,0.166666666666667,0.688332449299089,8.33333333333333,6,10,1.37666489859818,7,6,8,1.01015254455221,8.33333333333333,6,10,1.37666489859818,0,1.73650581819918,2.82842712474619,0.653662793937545,"F4_R25",-1.38264660515165,-1.39051734012819,0.0523490600394965,0.271391979495859,-0.134755835195509,-2.58417874094,0.207303974221267,737,"easy"
1615,"-1:-1|-1:0|0:1|2:1",4,TRUE,2,1,1,"mixed",1.41257038496822,2.23606797749979,1.75,3,2,1.73650581819918,2,8,1,25,0,TRUE,25,33554432,0,1,25,25,0.833333333333333,2,0.666666666666667,0.166666666666667,0.688332449299089,8.33333333333333,6,10,1.37666489859818,7,6,8,1.01015254455221,8.33333333333333,6,10,1.37666489859818,0,1.73650581819918,2.82842712474619,0.653662793937545,"F4_R25",-1.38264660515165,-1.39051734012819,0.0523490600394965,0.271391979495859,-0.134755835195509,-2.58417874094,0.207303974221267,737,"easy"
1624,"-1:-1|-1:0|0:1|2:-1",4,TRUE,2,1,1,"mixed",1.41257038496822,2.23606797749979,1.75,3,2,1.73650581819918,2,8,1,25,0,TRUE,25,33554432,0,1,25,25,0.833333333333333,2,0.666666666666667,0.166666666666667,0.688332449299089,8.33333333333333,6,10,1.37666489859818,7,6,8,1.01015254455221,8.33333333333333,6,10,1.37666489859818,0,1.73650581819918,2.82842712474619,0.653662793937545,"F4_R25",-1.38264660515165,-1.39051734012819,0.0523490600394965,0.271391979495859,-0.134755835195509,-2.58417874094,0.207303974221267,737,"easy"
1101,"-1:-2|-1:-1|0:-2|2:-1",4,TRUE,1,1,2,"mixed",1.97158737934317,2.23606797749979,2.5,3,2,1.77726990347453,2,8,1,25,0,TRUE,25,33554432,0,1,25,25,0.833333333333333,2,0.75,0.0833333333333333,0.553694392684741,8.33333333333333,6,10,1.10738878536948,8,8,8,0,8.33333333333333,6,10,1.10738878536948,0,1.77726990347453,2.23606797749979,0.517807010599742,"F4_R25",-1.1201785712706,-0.342004264885899,-1.2876990647278,0.271391979495859,-0.134755835195509,-2.61324575658395,0.201933404940924,742,"easy"
1216,"-1:-2|-1:2|0:-2|1:2",4,TRUE,1,0,3,"mixed",2.17705098312484,2.23606797749979,2.75,3,2,1.77726990347453,2,8,1,25,0,TRUE,25,33554432,0,1,25,25,0.833333333333333,2,0.75,0.0833333333333333,0.553694392684741,8.33333333333333,6,10,1.10738878536948,8,8,8,0,8.33333333333333,6,10,1.10738878536948,0,1.77726990347453,2.23606797749979,0.517807010599742,"F4_R25",-1.1201785712706,-0.342004264885899,-1.2876990647278,0.271391979495859,-0.134755835195509,-2.61324575658395,0.201933404940924,742,"easy"
1442,"-1:-2|-1:0|0:-1|2:-1",4,TRUE,2,0,2,"mixed",1.61803398874989,2.23606797749979,2,3,2,1.77726990347453,2,8,1,25,0,TRUE,25,33554432,0,1,25,25,0.833333333333333,2,0.75,0.0833333333333333,0.553694392684741,8.33333333333333,6,10,1.10738878536948,8,8,8,0,8.33333333333333,6,10,1.10738878536948,0,1.77726990347453,2.23606797749979,0.517807010599742,"F4_R25",-1.1201785712706,-0.342004264885899,-1.2876990647278,0.271391979495859,-0.134755835195509,-2.61324575658395,0.201933404940924,742,"easy"
1590,"-1:-1|-1:0|0:-2|2:-1",4,TRUE,2,1,1,"mixed",1.66257038496822,2.23606797749979,2,3,2,1.77726990347453,2,8,1,25,0,TRUE,25,33554432,0,1,25,25,0.833333333333333,2,0.75,0.0833333333333333,0.553694392684741,8.33333333333333,6,10,1.10738878536948,8,8,8,0,8.33333333333333,6,10,1.10738878536948,0,1.77726990347453,2.23606797749979,0.517807010599742,"F4_R25",-1.1201785712706,-0.342004264885899,-1.2876990647278,0.271391979495859,-0.134755835195509,-2.61324575658395,0.201933404940924,742,"easy"
1700,"-1:-1|-1:0|0:2|1:-1",4,TRUE,2,2,0,"mixed",1.45710678118655,2,1.75,2,2,1.77726990347453,2,8,1,25,0,TRUE,25,33554432,0,1,25,25,0.833333333333333,2,0.75,0.0833333333333333,0.553694392684741,8.33333333333333,6,10,1.10738878536948,8,8,8,0,8.33333333333333,6,10,1.10738878536948,0,1.77726990347453,2.23606797749979,0.517807010599742,"F4_R25",-1.1201785712706,-0.342004264885899,-1.2876990647278,0.271391979495859,-0.134755835195509,-2.61324575658395,0.201933404940924,742,"easy"
402,"-1:-1|1:-1|2:-2|2:-1",4,TRUE,0,3,1,"off_axis",1.97323055674804,2.82842712474619,2.75,4,2,1.75432037668651,1,8,1,25,0,TRUE,25,33554432,0,1,25,25,0.833333333333333,2,0.666666666666667,0.166666666666667,0.688332449299089,8.33333333333333,6,10,1.37666489859818,8,8,8,0,8.33333333333333,6,10,1.37666489859818,0,1.75432037668651,2.82842712474619,0.598479569819794,"F4_R25",-1.26794386844006,-0.342004264885899,0.0523490600394965,0.271391979495859,-1.3423754352168,-2.6285825290074,0.19656283566058,747,"very_easy"
876,"-2:-1|0:-1|1:-1|2:-2",4,TRUE,1,2,1,"mixed",1.86967716615477,2.82842712474619,2.5,4,2,1.75432037668651,1,8,1,25,0,TRUE,25,33554432,0,1,25,25,0.833333333333333,2,0.666666666666667,0.166666666666667,0.688332449299089,8.33333333333333,6,10,1.37666489859818,8,8,8,0,8.33333333333333,6,10,1.37666489859818,0,1.75432037668651,2.82842712474619,0.598479569819794,"F4_R25",-1.26794386844006,-0.342004264885899,0.0523490600394965,0.271391979495859,-1.3423754352168,-2.6285825290074,0.19656283566058,747,"very_easy"
1210,"-1:-1|0:-2|0:2|1:2",4,TRUE,2,1,1,"mixed",1.91257038496822,2.23606797749979,2.25,3,2,1.75432037668651,1,8,1,25,0,TRUE,25,33554432,0,1,25,25,0.833333333333333,2,0.666666666666667,0.166666666666667,0.688332449299089,8.33333333333333,6,10,1.37666489859818,8,8,8,0,8.33333333333333,6,10,1.37666489859818,0,1.75432037668651,2.82842712474619,0.598479569819794,"F4_R25",-1.26794386844006,-0.342004264885899,0.0523490600394965,0.271391979495859,-1.3423754352168,-2.6285825290074,0.19656283566058,747,"very_easy"
1477,"-1:-2|0:-1|0:2|1:0",4,TRUE,3,0,1,"mixed",1.55901699437495,2.23606797749979,1.75,3,2,1.75432037668651,1,8,1,25,0,TRUE,25,33554432,0,1,25,25,0.833333333333333,2,0.666666666666667,0.166666666666667,0.688332449299089,8.33333333333333,6,10,1.37666489859818,8,8,8,0,8.33333333333333,6,10,1.37666489859818,0,1.75432037668651,2.82842712474619,0.598479569819794,"F4_R25",-1.26794386844006,-0.342004264885899,0.0523490600394965,0.271391979495859,-1.3423754352168,-2.6285825290074,0.19656283566058,747,"very_easy"
1675,"-1:-1|-1:0|1:1|2:0",4,TRUE,2,2,0,"mixed",1.45710678118655,2,1.75,2,2,1.75432037668651,1,8,1,25,0,TRUE,25,33554432,0,1,25,25,0.833333333333333,2,0.666666666666667,0.166666666666667,0.688332449299089,8.33333333333333,6,10,1.37666489859818,8,8,8,0,8.33333333333333,6,10,1.37666489859818,0,1.75432037668651,2.82842712474619,0.598479569819794,"F4_R25",-1.26794386844006,-0.342004264885899,0.0523490600394965,0.271391979495859,-1.3423754352168,-2.6285825290074,0.19656283566058,747,"very_easy"
514,"-2:-1|-1:-1|2:-2|2:-1",4,TRUE,0,2,2,"off_axis",2.17869416052972,2.82842712474619,3,4,2,1.73650581819918,1,8,1,25,0,TRUE,25,33554432,0,1,25,25,0.833333333333333,2,0.583333333333333,0.25,0.800640769025436,8.33333333333333,6,10,1.60128153805087,7,6,8,1.01015254455221,8.33333333333333,6,10,1.60128153805087,0,1.73650581819918,2.82842712474619,0.653662793937545,"F4_R25",-1.38264660515165,-1.39051734012819,1.17015005204386,0.271391979495859,-1.3423754352168,-2.67399734895693,0.191192266380236,752,"very_easy"
921,"-2:-1|-1:-1|0:-1|2:-2",4,TRUE,1,2,1,"mixed",1.86967716615477,2.82842712474619,2.5,4,2,1.73650581819918,1,8,1,25,0,TRUE,25,33554432,0,1,25,25,0.833333333333333,2,0.583333333333333,0.25,0.800640769025436,8.33333333333333,6,10,1.60128153805087,7,6,8,1.01015254455221,8.33333333333333,6,10,1.60128153805087,0,1.73650581819918,2.82842712474619,0.653662793937545,"F4_R25",-1.38264660515165,-1.39051734012819,1.17015005204386,0.271391979495859,-1.3423754352168,-2.67399734895693,0.191192266380236,752,"very_easy"
1123,"-1:-1|0:1|0:2|1:2",4,TRUE,2,1,1,"mixed",1.66257038496822,2.23606797749979,2,3,2,1.73650581819918,1,8,1,25,0,TRUE,25,33554432,0,1,25,25,0.833333333333333,2,0.583333333333333,0.25,0.800640769025436,8.33333333333333,6,10,1.60128153805087,7,6,8,1.01015254455221,8.33333333333333,6,10,1.60128153805087,0,1.73650581819918,2.82842712474619,0.653662793937545,"F4_R25",-1.38264660515165,-1.39051734012819,1.17015005204386,0.271391979495859,-1.3423754352168,-2.67399734895693,0.191192266380236,752,"very_easy"
1496,"-1:-1|-1:0|1:0|2:1",4,TRUE,2,1,1,"mixed",1.41257038496822,2.23606797749979,1.75,3,2,1.73650581819918,1,8,1,25,0,TRUE,25,33554432,0,1,25,25,0.833333333333333,2,0.583333333333333,0.25,0.800640769025436,8.33333333333333,6,10,1.60128153805087,7,6,8,1.01015254455221,8.33333333333333,6,10,1.60128153805087,0,1.73650581819918,2.82842712474619,0.653662793937545,"F4_R25",-1.38264660515165,-1.39051734012819,1.17015005204386,0.271391979495859,-1.3423754352168,-2.67399734895693,0.191192266380236,752,"very_easy"
1628,"-1:-2|0:1|0:2|1:0",4,TRUE,3,0,1,"mixed",1.55901699437495,2.23606797749979,1.75,3,2,1.73650581819918,1,8,1,25,0,TRUE,25,33554432,0,1,25,25,0.833333333333333,2,0.583333333333333,0.25,0.800640769025436,8.33333333333333,6,10,1.60128153805087,7,6,8,1.01015254455221,8.33333333333333,6,10,1.60128153805087,0,1.73650581819918,2.82842712474619,0.653662793937545,"F4_R25",-1.38264660515165,-1.39051734012819,1.17015005204386,0.271391979495859,-1.3423754352168,-2.67399734895693,0.191192266380236,752,"very_easy"
381,"-2:-1|2:-2|2:-1|2:2",4,TRUE,0,2,2,"off_axis",2.53224755112299,2.82842712474619,3.5,4,2,1.87792717443648,2,8,1,25,0,TRUE,25,33554432,0,1,25,25,0.833333333333333,2,0.75,0.0833333333333333,0.553694392684741,8.33333333333333,6,10,1.10738878536948,7,6,8,1.01015254455221,8.33333333333333,6,10,1.10738878536948,0,1.87792717443648,2.82842712474619,0.725250552501227,"F4_R25",-0.472075815456155,-1.39051734012819,-1.2876990647278,0.271391979495859,-0.134755835195509,-3.0136560760118,0.185821697099893,757,"very_easy"
926,"-1:-1|0:-1|0:1|2:-2",4,TRUE,2,2,0,"mixed",1.56066017177982,2.82842712474619,2,4,2,1.87792717443648,2,8,1,25,0,TRUE,25,33554432,0,1,25,25,0.833333333333333,2,0.75,0.0833333333333333,0.553694392684741,8.33333333333333,6,10,1.10738878536948,7,6,8,1.01015254455221,8.33333333333333,6,10,1.10738878536948,0,1.87792717443648,2.82842712474619,0.725250552501227,"F4_R25",-0.472075815456155,-1.39051734012819,-1.2876990647278,0.271391979495859,-0.134755835195509,-3.0136560760118,0.185821697099893,757,"very_easy"
1056,"-1:-2|0:-2|0:-1|2:2",4,TRUE,2,1,1,"mixed",2.01612377556149,2.82842712474619,2.5,4,2,1.87792717443648,2,8,1,25,0,TRUE,25,33554432,0,1,25,25,0.833333333333333,2,0.75,0.0833333333333333,0.553694392684741,8.33333333333333,6,10,1.10738878536948,7,6,8,1.01015254455221,8.33333333333333,6,10,1.10738878536948,0,1.87792717443648,2.82842712474619,0.725250552501227,"F4_R25",-0.472075815456155,-1.39051734012819,-1.2876990647278,0.271391979495859,-0.134755835195509,-3.0136560760118,0.185821697099893,757,"very_easy"
1387,"-1:-2|-1:-1|-1:0|2:1",4,TRUE,1,1,2,"mixed",1.72158737934317,2.23606797749979,2.25,3,2,1.87792717443648,2,8,1,25,0,TRUE,25,33554432,0,1,25,25,0.833333333333333,2,0.75,0.0833333333333333,0.553694392684741,8.33333333333333,6,10,1.10738878536948,7,6,8,1.01015254455221,8.33333333333333,6,10,1.10738878536948,0,1.87792717443648,2.82842712474619,0.725250552501227,"F4_R25",-0.472075815456155,-1.39051734012819,-1.2876990647278,0.271391979495859,-0.134755835195509,-3.0136560760118,0.185821697099893,757,"very_easy"
1620,"-1:-2|0:1|1:0|2:0",4,TRUE,3,0,1,"mixed",1.55901699437495,2.23606797749979,1.75,3,2,1.87792717443648,2,8,1,25,0,TRUE,25,33554432,0,1,25,25,0.833333333333333,2,0.75,0.0833333333333333,0.553694392684741,8.33333333333333,6,10,1.10738878536948,7,6,8,1.01015254455221,8.33333333333333,6,10,1.10738878536948,0,1.87792717443648,2.82842712474619,0.725250552501227,"F4_R25",-0.472075815456155,-1.39051734012819,-1.2876990647278,0.271391979495859,-0.134755835195509,-3.0136560760118,0.185821697099893,757,"very_easy"
891,"-1:-1|1:-1|1:1|2:-2",4,TRUE,0,4,0,"diagonal_only",1.76776695296637,2.82842712474619,2.5,4,2,1.97858444539843,1,4,2,25,0,TRUE,25,33554432,0,1,25,25,0.833333333333333,2,0.666666666666667,0.166666666666667,0.688332449299089,8.33333333333333,6,10,1.37666489859818,10,10,10,0,8.33333333333333,6,10,1.37666489859818,0,1.97858444539843,2.82842712474619,0.562932394231188,"F4_R25",0.176026940358286,1.75502188559869,0.0523490600394965,-3.68075372191259,-1.3423754352168,-3.03973127113292,0.181525241675618,762,"very_easy"
904,"-2:-1|1:-1|1:2|2:-2",4,TRUE,0,2,2,"off_axis",2.17869416052972,2.82842712474619,3,4,2,1.97858444539843,1,4,2,25,0,TRUE,25,33554432,0,1,25,25,0.833333333333333,2,0.666666666666667,0.166666666666667,0.688332449299089,8.33333333333333,6,10,1.37666489859818,10,10,10,0,8.33333333333333,6,10,1.37666489859818,0,1.97858444539843,2.82842712474619,0.562932394231188,"F4_R25",0.176026940358286,1.75502188559869,0.0523490600394965,-3.68075372191259,-1.3423754352168,-3.03973127113292,0.181525241675618,762,"very_easy"
1656,"-1:-1|0:2|1:1|2:0",4,TRUE,2,2,0,"mixed",1.70710678118655,2,2,2,2,1.97858444539843,1,4,2,25,0,TRUE,25,33554432,0,1,25,25,0.833333333333333,2,0.666666666666667,0.166666666666667,0.688332449299089,8.33333333333333,6,10,1.37666489859818,10,10,10,0,8.33333333333333,6,10,1.37666489859818,0,1.97858444539843,2.82842712474619,0.562932394231188,"F4_R25",0.176026940358286,1.75502188559869,0.0523490600394965,-3.68075372191259,-1.3423754352168,-3.03973127113292,0.181525241675618,762,"very_easy"
393,"-2:-2|-2:-1|-1:-2|2:2",4,TRUE,0,2,2,"off_axis",2.53224755112299,2.82842712474619,3.5,4,2,1.94295532842377,2,4,2,25,0,TRUE,25,33554432,0,1,25,25,0.833333333333333,2,0.583333333333333,0.25,0.800640769025436,8.33333333333333,6,10,1.60128153805087,8,8,8,0,8.33333333333333,6,10,1.60128153805087,0,1.94295532842377,2.82842712474619,0.68712330427472,"F4_R25",-0.053378533064909,-0.342004264885899,1.17015005204386,-3.68075372191259,-0.134755835195509,-3.04074230301505,0.178302900107411,765,"very_easy"
945,"-1:-1|0:1|1:0|2:2",4,TRUE,2,2,0,"mixed",1.56066017177982,2.82842712474619,2,4,2,1.94295532842377,2,4,2,25,0,TRUE,25,33554432,0,1,25,25,0.833333333333333,2,0.583333333333333,0.25,0.800640769025436,8.33333333333333,6,10,1.60128153805087,8,8,8,0,8.33333333333333,6,10,1.60128153805087,0,1.94295532842377,2.82842712474619,0.68712330427472,"F4_R25",-0.053378533064909,-0.342004264885899,1.17015005204386,-3.68075372191259,-0.134755835195509,-3.04074230301505,0.178302900107411,765,"very_easy"
1072,"-2:-1|-1:-2|-1:-1|2:2",4,TRUE,0,2,2,"off_axis",2.17869416052972,2.82842712474619,3,4,2,1.94295532842377,2,4,2,25,0,TRUE,25,33554432,0,1,25,25,0.833333333333333,2,0.583333333333333,0.25,0.800640769025436,8.33333333333333,6,10,1.60128153805087,8,8,8,0,8.33333333333333,6,10,1.60128153805087,0,1.94295532842377,2.82842712474619,0.68712330427472,"F4_R25",-0.053378533064909,-0.342004264885899,1.17015005204386,-3.68075372191259,-0.134755835195509,-3.04074230301505,0.178302900107411,765,"very_easy"
341,"-2:-2|-2:-1|-2:0|2:-2",4,TRUE,1,2,1,"mixed",2.47323055674804,2.82842712474619,3.25,4,2,1.85432037668651,2,8,1,25,0,TRUE,25,33554432,0,1,25,25,0.833333333333333,2,0.75,0.0833333333333333,0.553694392684741,8.33333333333333,6,10,1.10738878536948,7,6,8,1.01015254455221,8.33333333333333,6,10,1.10738878536948,0,1.85432037668651,2.82842712474619,0.716081885917476,"F4_R25",-0.624073088295979,-1.39051734012819,-1.2876990647278,0.271391979495859,-0.134755835195509,-3.16565334885162,0.174006444683136,768,"very_easy"
595,"-1:0|0:-2|0:-1|2:-2",4,TRUE,3,1,0,"mixed",1.70710678118655,2.82842712474619,2,4,2,1.85432037668651,2,8,1,25,0,TRUE,25,33554432,0,1,25,25,0.833333333333333,2,0.75,0.0833333333333333,0.553694392684741,8.33333333333333,6,10,1.10738878536948,7,6,8,1.01015254455221,8.33333333333333,6,10,1.10738878536948,0,1.85432037668651,2.82842712474619,0.716081885917476,"F4_R25",-0.624073088295979,-1.39051734012819,-1.2876990647278,0.271391979495859,-0.134755835195509,-3.16565334885162,0.174006444683136,768,"very_easy"
748,"-1:-2|-1:-1|-1:0|2:-2",4,TRUE,1,2,1,"mixed",1.86967716615477,2.82842712474619,2.5,4,2,1.85432037668651,2,8,1,25,0,TRUE,25,33554432,0,1,25,25,0.833333333333333,2,0.75,0.0833333333333333,0.553694392684741,8.33333333333333,6,10,1.10738878536948,7,6,8,1.01015254455221,8.33333333333333,6,10,1.10738878536948,0,1.85432037668651,2.82842712474619,0.716081885917476,"F4_R25",-0.624073088295979,-1.39051734012819,-1.2876990647278,0.271391979495859,-0.134755835195509,-3.16565334885162,0.174006444683136,768,"very_easy"
1119,"-1:-2|0:-2|0:-1|2:0",4,TRUE,3,0,1,"mixed",1.80901699437495,2.23606797749979,2,3,2,1.85432037668651,2,8,1,25,0,TRUE,25,33554432,0,1,25,25,0.833333333333333,2,0.75,0.0833333333333333,0.553694392684741,8.33333333333333,6,10,1.10738878536948,7,6,8,1.01015254455221,8.33333333333333,6,10,1.10738878536948,0,1.85432037668651,2.82842712474619,0.716081885917476,"F4_R25",-0.624073088295979,-1.39051734012819,-1.2876990647278,0.271391979495859,-0.134755835195509,-3.16565334885162,0.174006444683136,768,"very_easy"
1602,"-1:-1|-1:0|1:0|1:2",4,TRUE,2,1,1,"mixed",1.41257038496822,2.23606797749979,1.75,3,2,1.85432037668651,2,8,1,25,0,TRUE,25,33554432,0,1,25,25,0.833333333333333,2,0.75,0.0833333333333333,0.553694392684741,8.33333333333333,6,10,1.10738878536948,7,6,8,1.01015254455221,8.33333333333333,6,10,1.10738878536948,0,1.85432037668651,2.82842712474619,0.716081885917476,"F4_R25",-0.624073088295979,-1.39051734012819,-1.2876990647278,0.271391979495859,-0.134755835195509,-3.16565334885162,0.174006444683136,768,"very_easy"
1108,"-1:-2|-1:-1|0:-2|0:1",4,TRUE,2,1,1,"mixed",1.66257038496822,2.23606797749979,2,3,2,1.65366310572456,1,8,1,25,0,TRUE,25,33554432,0,1,25,25,0.833333333333333,2,0.583333333333333,0.25,0.800640769025436,8.33333333333333,6,10,1.60128153805087,7,6,8,1.01015254455221,8.33333333333333,6,10,1.60128153805087,0,1.65366310572456,2.23606797749979,0.543035023185446,"F4_R25",-1.9160466242545,-1.39051734012819,1.17015005204386,0.271391979495859,-1.3423754352168,-3.20739736805977,0.165950590762621,773,"very_easy"
1121,"-1:-1|-1:2|0:1|0:2",4,TRUE,2,1,1,"mixed",1.66257038496822,2.23606797749979,2,3,2,1.65366310572456,1,8,1,25,0,TRUE,25,33554432,0,1,25,25,0.833333333333333,2,0.583333333333333,0.25,0.800640769025436,8.33333333333333,6,10,1.60128153805087,7,6,8,1.01015254455221,8.33333333333333,6,10,1.60128153805087,0,1.65366310572456,2.23606797749979,0.543035023185446,"F4_R25",-1.9160466242545,-1.39051734012819,1.17015005204386,0.271391979495859,-1.3423754352168,-3.20739736805977,0.165950590762621,773,"very_easy"
1200,"-1:-2|-1:-1|-1:2|0:2",4,TRUE,1,1,2,"mixed",1.97158737934317,2.23606797749979,2.5,3,2,1.65366310572456,1,8,1,25,0,TRUE,25,33554432,0,1,25,25,0.833333333333333,2,0.583333333333333,0.25,0.800640769025436,8.33333333333333,6,10,1.60128153805087,7,6,8,1.01015254455221,8.33333333333333,6,10,1.60128153805087,0,1.65366310572456,2.23606797749979,0.543035023185446,"F4_R25",-1.9160466242545,-1.39051734012819,1.17015005204386,0.271391979495859,-1.3423754352168,-3.20739736805977,0.165950590762621,773,"very_easy"
1205,"-1:-2|-1:2|0:-1|0:2",4,TRUE,2,0,2,"mixed",1.86803398874989,2.23606797749979,2.25,3,2,1.65366310572456,1,8,1,25,0,TRUE,25,33554432,0,1,25,25,0.833333333333333,2,0.583333333333333,0.25,0.800640769025436,8.33333333333333,6,10,1.60128153805087,7,6,8,1.01015254455221,8.33333333333333,6,10,1.60128153805087,0,1.65366310572456,2.23606797749979,0.543035023185446,"F4_R25",-1.9160466242545,-1.39051734012819,1.17015005204386,0.271391979495859,-1.3423754352168,-3.20739736805977,0.165950590762621,773,"very_easy"
1389,"-1:-2|-1:-1|-1:0|0:2",4,TRUE,2,1,1,"mixed",1.66257038496822,2.23606797749979,2,3,2,1.65366310572456,1,8,1,25,0,TRUE,25,33554432,0,1,25,25,0.833333333333333,2,0.583333333333333,0.25,0.800640769025436,8.33333333333333,6,10,1.60128153805087,7,6,8,1.01015254455221,8.33333333333333,6,10,1.60128153805087,0,1.65366310572456,2.23606797749979,0.543035023185446,"F4_R25",-1.9160466242545,-1.39051734012819,1.17015005204386,0.271391979495859,-1.3423754352168,-3.20739736805977,0.165950590762621,773,"very_easy"
1412,"-1:-1|-1:0|1:-1|2:-1",4,TRUE,1,2,1,"mixed",1.51612377556149,2.23606797749979,2,3,2,1.65366310572456,1,8,1,25,0,TRUE,25,33554432,0,1,25,25,0.833333333333333,2,0.583333333333333,0.25,0.800640769025436,8.33333333333333,6,10,1.60128153805087,7,6,8,1.01015254455221,8.33333333333333,6,10,1.60128153805087,0,1.65366310572456,2.23606797749979,0.543035023185446,"F4_R25",-1.9160466242545,-1.39051734012819,1.17015005204386,0.271391979495859,-1.3423754352168,-3.20739736805977,0.165950590762621,773,"very_easy"
1467,"-1:-2|-1:0|-1:2|0:-1",4,TRUE,2,0,2,"mixed",1.61803398874989,2.23606797749979,2,3,2,1.65366310572456,1,8,1,25,0,TRUE,25,33554432,0,1,25,25,0.833333333333333,2,0.583333333333333,0.25,0.800640769025436,8.33333333333333,6,10,1.60128153805087,7,6,8,1.01015254455221,8.33333333333333,6,10,1.60128153805087,0,1.65366310572456,2.23606797749979,0.543035023185446,"F4_R25",-1.9160466242545,-1.39051734012819,1.17015005204386,0.271391979495859,-1.3423754352168,-3.20739736805977,0.165950590762621,773,"very_easy"
1491,"-1:-1|-1:0|1:0|2:-1",4,TRUE,2,1,1,"mixed",1.41257038496822,2.23606797749979,1.75,3,2,1.65366310572456,1,8,1,25,0,TRUE,25,33554432,0,1,25,25,0.833333333333333,2,0.583333333333333,0.25,0.800640769025436,8.33333333333333,6,10,1.60128153805087,7,6,8,1.01015254455221,8.33333333333333,6,10,1.60128153805087,0,1.65366310572456,2.23606797749979,0.543035023185446,"F4_R25",-1.9160466242545,-1.39051734012819,1.17015005204386,0.271391979495859,-1.3423754352168,-3.20739736805977,0.165950590762621,773,"very_easy"
1617,"-1:-2|-1:0|0:1|0:2",4,TRUE,3,0,1,"mixed",1.55901699437495,2.23606797749979,1.75,3,2,1.65366310572456,1,8,1,25,0,TRUE,25,33554432,0,1,25,25,0.833333333333333,2,0.583333333333333,0.25,0.800640769025436,8.33333333333333,6,10,1.60128153805087,7,6,8,1.01015254455221,8.33333333333333,6,10,1.60128153805087,0,1.65366310572456,2.23606797749979,0.543035023185446,"F4_R25",-1.9160466242545,-1.39051734012819,1.17015005204386,0.271391979495859,-1.3423754352168,-3.20739736805977,0.165950590762621,773,"very_easy"
1662,"-1:-1|-1:0|0:-2|0:2",4,TRUE,3,1,0,"mixed",1.60355339059327,2,1.75,2,2,1.65366310572456,1,8,1,25,0,TRUE,25,33554432,0,1,25,25,0.833333333333333,2,0.583333333333333,0.25,0.800640769025436,8.33333333333333,6,10,1.60128153805087,7,6,8,1.01015254455221,8.33333333333333,6,10,1.60128153805087,0,1.65366310572456,2.23606797749979,0.543035023185446,"F4_R25",-1.9160466242545,-1.39051734012819,1.17015005204386,0.271391979495859,-1.3423754352168,-3.20739736805977,0.165950590762621,773,"very_easy"
852,"-1:0|1:0|2:-2|2:2",4,TRUE,2,2,0,"mixed",1.9142135623731,2.82842712474619,2.5,4,2,2.07858444539843,2,4,2,25,0,TRUE,25,33554432,0,1,25,25,0.833333333333333,2,0.583333333333333,0.25,0.800640769025436,8.33333333333333,6,10,1.60128153805087,7,6,8,1.01015254455221,8.33333333333333,6,10,1.60128153805087,0,2.07858444539843,2.82842712474619,0.802417668568409,"F4_R25",0.819897720502362,-1.39051734012819,1.17015005204386,-3.68075372191259,-0.134755835195509,-3.21597912469007,0.158968850698174,783,"very_easy"
871,"-2:-2|-2:2|1:0|2:0",4,TRUE,2,2,0,"mixed",2.16421356237309,2.82842712474619,2.75,4,2,2.07858444539843,2,4,2,25,0,TRUE,25,33554432,0,1,25,25,0.833333333333333,2,0.583333333333333,0.25,0.800640769025436,8.33333333333333,6,10,1.60128153805087,7,6,8,1.01015254455221,8.33333333333333,6,10,1.60128153805087,0,2.07858444539843,2.82842712474619,0.802417668568409,"F4_R25",0.819897720502362,-1.39051734012819,1.17015005204386,-3.68075372191259,-0.134755835195509,-3.21597912469007,0.158968850698174,783,"very_easy"
1622,"-1:-2|-1:2|1:0|2:0",4,TRUE,2,0,2,"mixed",1.86803398874989,2.23606797749979,2.25,3,2,2.07858444539843,2,4,2,25,0,TRUE,25,33554432,0,1,25,25,0.833333333333333,2,0.583333333333333,0.25,0.800640769025436,8.33333333333333,6,10,1.60128153805087,7,6,8,1.01015254455221,8.33333333333333,6,10,1.60128153805087,0,2.07858444539843,2.82842712474619,0.802417668568409,"F4_R25",0.819897720502362,-1.39051734012819,1.17015005204386,-3.68075372191259,-0.134755835195509,-3.21597912469007,0.158968850698174,783,"very_easy"
1570,"-1:-1|0:-2|0:-1|2:-1",4,TRUE,2,1,1,"mixed",1.66257038496822,2.23606797749979,2,3,2,1.63005630797458,2,8,1,25,0,TRUE,25,33554432,0,1,25,25,0.833333333333333,2,0.666666666666667,0.166666666666667,0.688332449299089,8.33333333333333,6,10,1.37666489859818,7,6,8,1.01015254455221,8.33333333333333,6,10,1.37666489859818,0,1.63005630797458,2.23606797749979,0.519525887315959,"F4_R25",-2.06804389709432,-1.39051734012819,0.0523490600394965,0.271391979495859,-0.134755835195509,-3.26957603288267,0.156820622986037,786,"very_easy"
412,"-2:-1|0:-1|1:-2|2:-2",4,TRUE,1,1,2,"mixed",2.07514076993644,2.82842712474619,2.75,4,2,1.86011261594915,1,8,1,25,0,TRUE,25,33554432,0,1,25,25,0.833333333333333,2,0.75,0.0833333333333333,0.553694392684741,8.33333333333333,6,10,1.10738878536948,8,8,8,0,8.33333333333333,6,10,1.10738878536948,0,1.86011261594915,2.82842712474619,0.614619173858266,"F4_R25",-0.586778552167754,-0.342004264885899,-1.2876990647278,0.271391979495859,-1.3423754352168,-3.2874653375024,0.15359828141783,787,"very_easy"
418,"-1:-1|1:0|2:-2|2:-1",4,TRUE,1,2,1,"mixed",1.86967716615477,2.82842712474619,2.5,4,2,1.86011261594915,1,8,1,25,0,TRUE,25,33554432,0,1,25,25,0.833333333333333,2,0.75,0.0833333333333333,0.553694392684741,8.33333333333333,6,10,1.10738878536948,8,8,8,0,8.33333333333333,6,10,1.10738878536948,0,1.86011261594915,2.82842712474619,0.614619173858266,"F4_R25",-0.586778552167754,-0.342004264885899,-1.2876990647278,0.271391979495859,-1.3423754352168,-3.2874653375024,0.15359828141783,787,"very_easy"
1211,"-1:-2|-1:-1|0:2|1:2",4,TRUE,1,1,2,"mixed",1.97158737934317,2.23606797749979,2.5,3,2,1.86011261594915,1,8,1,25,0,TRUE,25,33554432,0,1,25,25,0.833333333333333,2,0.75,0.0833333333333333,0.553694392684741,8.33333333333333,6,10,1.10738878536948,8,8,8,0,8.33333333333333,6,10,1.10738878536948,0,1.86011261594915,2.82842712474619,0.614619173858266,"F4_R25",-0.586778552167754,-0.342004264885899,-1.2876990647278,0.271391979495859,-1.3423754352168,-3.2874653375024,0.15359828141783,787,"very_easy"
1363,"-1:-2|-1:-1|1:0|2:-1",4,TRUE,1,1,2,"mixed",1.72158737934317,2.23606797749979,2.25,3,2,1.86011261594915,1,8,1,25,0,TRUE,25,33554432,0,1,25,25,0.833333333333333,2,0.75,0.0833333333333333,0.553694392684741,8.33333333333333,6,10,1.10738878536948,8,8,8,0,8.33333333333333,6,10,1.10738878536948,0,1.86011261594915,2.82842712474619,0.614619173858266,"F4_R25",-0.586778552167754,-0.342004264885899,-1.2876990647278,0.271391979495859,-1.3423754352168,-3.2874653375024,0.15359828141783,787,"very_easy"
1398,"-1:-2|-1:-1|0:2|1:0",4,TRUE,2,1,1,"mixed",1.66257038496822,2.23606797749979,2,3,2,1.86011261594915,1,8,1,25,0,TRUE,25,33554432,0,1,25,25,0.833333333333333,2,0.75,0.0833333333333333,0.553694392684741,8.33333333333333,6,10,1.10738878536948,8,8,8,0,8.33333333333333,6,10,1.10738878536948,0,1.86011261594915,2.82842712474619,0.614619173858266,"F4_R25",-0.586778552167754,-0.342004264885899,-1.2876990647278,0.271391979495859,-1.3423754352168,-3.2874653375024,0.15359828141783,787,"very_easy"
391,"-1:-1|1:2|2:1|2:2",4,TRUE,0,2,2,"off_axis",2.17869416052972,2.82842712474619,3,4,2,2.06142715787305,2,4,2,25,0,TRUE,25,33554432,0,1,25,25,0.833333333333333,2,0.666666666666667,0.166666666666667,0.688332449299089,8.33333333333333,6,10,1.37666489859818,8,8,8,0,8.33333333333333,6,10,1.37666489859818,0,2.06142715787305,2.82842712474619,0.782104051605118,"F4_R25",0.709426959461129,-0.342004264885899,0.0523490600394965,-3.68075372191259,-0.134755835195509,-3.39573780249337,0.149301825993555,792,"very_easy"
869,"-2:-2|-1:1|2:-2|2:2",4,TRUE,0,4,0,"diagonal_only",2.47487373415292,2.82842712474619,3.5,4,2,2.06142715787305,2,4,2,25,0,TRUE,25,33554432,0,1,25,25,0.833333333333333,2,0.666666666666667,0.166666666666667,0.688332449299089,8.33333333333333,6,10,1.37666489859818,8,8,8,0,8.33333333333333,6,10,1.37666489859818,0,2.06142715787305,2.82842712474619,0.782104051605118,"F4_R25",0.709426959461129,-0.342004264885899,0.0523490600394965,-3.68075372191259,-0.134755835195509,-3.39573780249337,0.149301825993555,792,"very_easy"
947,"-2:-2|-1:0|0:-1|2:2",4,TRUE,2,2,0,"mixed",1.9142135623731,2.82842712474619,2.5,4,2,2.06142715787305,2,4,2,25,0,TRUE,25,33554432,0,1,25,25,0.833333333333333,2,0.666666666666667,0.166666666666667,0.688332449299089,8.33333333333333,6,10,1.37666489859818,8,8,8,0,8.33333333333333,6,10,1.37666489859818,0,2.06142715787305,2.82842712474619,0.782104051605118,"F4_R25",0.709426959461129,-0.342004264885899,0.0523490600394965,-3.68075372191259,-0.134755835195509,-3.39573780249337,0.149301825993555,792,"very_easy"
367,"-2:-2|-1:-2|-1:-1|2:-2",4,TRUE,0,3,1,"off_axis",2.32678394734132,2.82842712474619,3.25,4,2,1.79574173292382,1,8,1,25,0,TRUE,25,33554432,0,1,25,25,0.833333333333333,2,0.666666666666667,0.166666666666667,0.688332449299089,8.33333333333333,6,10,1.37666489859818,7,6,8,1.01015254455221,8.33333333333333,6,10,1.37666489859818,0,1.79574173292382,2.82842712474619,0.726721426557334,"F4_R25",-1.00124385888863,-1.39051734012819,0.0523490600394965,0.271391979495859,-1.3423754352168,-3.41039559469827,0.14500537056928,795,"very_easy"
881,"-1:0|1:-1|1:0|2:-2",4,TRUE,2,2,0,"mixed",1.56066017177982,2.82842712474619,2,4,2,1.79574173292382,1,8,1,25,0,TRUE,25,33554432,0,1,25,25,0.833333333333333,2,0.666666666666667,0.166666666666667,0.688332449299089,8.33333333333333,6,10,1.37666489859818,7,6,8,1.01015254455221,8.33333333333333,6,10,1.37666489859818,0,1.79574173292382,2.82842712474619,0.726721426557334,"F4_R25",-1.00124385888863,-1.39051734012819,0.0523490600394965,0.271391979495859,-1.3423754352168,-3.41039559469827,0.14500537056928,795,"very_easy"
1029,"-2:-1|-2:0|-1:0|2:-2",4,TRUE,2,1,1,"mixed",2.01612377556149,2.82842712474619,2.5,4,2,1.79574173292382,1,8,1,25,0,TRUE,25,33554432,0,1,25,25,0.833333333333333,2,0.666666666666667,0.166666666666667,0.688332449299089,8.33333333333333,6,10,1.37666489859818,7,6,8,1.01015254455221,8.33333333333333,6,10,1.37666489859818,0,1.79574173292382,2.82842712474619,0.726721426557334,"F4_R25",-1.00124385888863,-1.39051734012819,0.0523490600394965,0.271391979495859,-1.3423754352168,-3.41039559469827,0.14500537056928,795,"very_easy"
1386,"-1:-1|0:1|1:1|2:1",4,TRUE,1,2,1,"mixed",1.51612377556149,2.23606797749979,2,3,2,1.79574173292382,1,8,1,25,0,TRUE,25,33554432,0,1,25,25,0.833333333333333,2,0.666666666666667,0.166666666666667,0.688332449299089,8.33333333333333,6,10,1.37666489859818,7,6,8,1.01015254455221,8.33333333333333,6,10,1.37666489859818,0,1.79574173292382,2.82842712474619,0.726721426557334,"F4_R25",-1.00124385888863,-1.39051734012819,0.0523490600394965,0.271391979495859,-1.3423754352168,-3.41039559469827,0.14500537056928,795,"very_easy"
1470,"-1:-2|0:-1|1:0|2:0",4,TRUE,3,0,1,"mixed",1.55901699437495,2.23606797749979,1.75,3,2,1.79574173292382,1,8,1,25,0,TRUE,25,33554432,0,1,25,25,0.833333333333333,2,0.666666666666667,0.166666666666667,0.688332449299089,8.33333333333333,6,10,1.37666489859818,7,6,8,1.01015254455221,8.33333333333333,6,10,1.37666489859818,0,1.79574173292382,2.82842712474619,0.726721426557334,"F4_R25",-1.00124385888863,-1.39051734012819,0.0523490600394965,0.271391979495859,-1.3423754352168,-3.41039559469827,0.14500537056928,795,"very_easy"
513,"-2:-2|-1:-1|2:-2|2:-1",4,TRUE,0,3,1,"off_axis",2.32678394734132,2.82842712474619,3.25,4,2,1.83716308916112,1,8,1,25,0,TRUE,25,33554432,0,1,25,25,0.833333333333333,2,0.75,0.0833333333333333,0.553694392684741,8.33333333333333,6,10,1.10738878536948,8,8,8,0,8.33333333333333,6,10,1.10738878536948,0,1.83716308916112,2.82842712474619,0.687048262758847,"F4_R25",-0.734543849337212,-0.342004264885899,-1.2876990647278,0.271391979495859,-1.3423754352168,-3.43523063467185,0.139634801288937,800,"very_easy"
889,"-1:-1|-1:0|1:-1|2:-2",4,TRUE,1,3,0,"mixed",1.6642135623731,2.82842712474619,2.25,4,2,1.83716308916112,1,8,1,25,0,TRUE,25,33554432,0,1,25,25,0.833333333333333,2,0.75,0.0833333333333333,0.553694392684741,8.33333333333333,6,10,1.10738878536948,8,8,8,0,8.33333333333333,6,10,1.10738878536948,0,1.83716308916112,2.82842712474619,0.687048262758847,"F4_R25",-0.734543849337212,-0.342004264885899,-1.2876990647278,0.271391979495859,-1.3423754352168,-3.43523063467185,0.139634801288937,800,"very_easy"
934,"-2:-1|-1:0|0:-1|2:-2",4,TRUE,2,1,1,"mixed",1.76612377556149,2.82842712474619,2.25,4,2,1.83716308916112,1,8,1,25,0,TRUE,25,33554432,0,1,25,25,0.833333333333333,2,0.75,0.0833333333333333,0.553694392684741,8.33333333333333,6,10,1.10738878536948,8,8,8,0,8.33333333333333,6,10,1.10738878536948,0,1.83716308916112,2.82842712474619,0.687048262758847,"F4_R25",-0.734543849337212,-0.342004264885899,-1.2876990647278,0.271391979495859,-1.3423754352168,-3.43523063467185,0.139634801288937,800,"very_easy"
1109,"-1:-1|0:2|1:1|1:2",4,TRUE,1,2,1,"mixed",1.76612377556149,2.23606797749979,2.25,3,2,1.83716308916112,1,8,1,25,0,TRUE,25,33554432,0,1,25,25,0.833333333333333,2,0.75,0.0833333333333333,0.553694392684741,8.33333333333333,6,10,1.10738878536948,8,8,8,0,8.33333333333333,6,10,1.10738878536948,0,1.83716308916112,2.82842712474619,0.687048262758847,"F4_R25",-0.734543849337212,-0.342004264885899,-1.2876990647278,0.271391979495859,-1.3423754352168,-3.43523063467185,0.139634801288937,800,"very_easy"
1629,"-1:-1|-1:0|0:-2|1:2",4,TRUE,2,1,1,"mixed",1.66257038496822,2.23606797749979,2,3,2,1.83716308916112,1,8,1,25,0,TRUE,25,33554432,0,1,25,25,0.833333333333333,2,0.75,0.0833333333333333,0.553694392684741,8.33333333333333,6,10,1.10738878536948,8,8,8,0,8.33333333333333,6,10,1.10738878536948,0,1.83716308916112,2.82842712474619,0.687048262758847,"F4_R25",-0.734543849337212,-0.342004264885899,-1.2876990647278,0.271391979495859,-1.3423754352168,-3.43523063467185,0.139634801288937,800,"very_easy"
330,"-1:-1|0:-2|1:-2|2:-2",4,TRUE,1,2,1,"mixed",2.11967716615477,2.82842712474619,2.75,4,2,1.83650581819917,1,8,1,25,0,TRUE,25,33554432,0,1,25,25,0.833333333333333,2,0.75,0.0833333333333333,0.553694392684741,8.33333333333333,6,10,1.10738878536948,8,6,10,2.02030508910442,8.33333333333333,6,10,1.10738878536948,0,1.83650581819917,2.82842712474619,0.602998415071235,"F4_R25",-0.738775825007578,-0.342004264885899,-1.2876990647278,0.271391979495859,-1.3423754352168,-3.43946261034222,0.131578947368421,805,"very_easy"
349,"-1:-2|0:-1|1:-2|2:-2",4,TRUE,1,1,2,"mixed",2.07514076993644,2.82842712474619,2.75,4,2,1.83650581819917,1,8,1,25,0,TRUE,25,33554432,0,1,25,25,0.833333333333333,2,0.75,0.0833333333333333,0.553694392684741,8.33333333333333,6,10,1.10738878536948,8,8,8,0,8.33333333333333,6,10,1.10738878536948,0,1.83650581819917,2.82842712474619,0.602998415071235,"F4_R25",-0.738775825007578,-0.342004264885899,-1.2876990647278,0.271391979495859,-1.3423754352168,-3.43946261034222,0.131578947368421,805,"very_easy"
424,"-2:-2|-1:-2|0:-1|0:2",4,TRUE,2,1,1,"mixed",2.01612377556149,2.82842712474619,2.5,4,2,1.83650581819917,1,8,1,25,0,TRUE,25,33554432,0,1,25,25,0.833333333333333,2,0.75,0.0833333333333333,0.553694392684741,8.33333333333333,6,10,1.10738878536948,8,8,8,0,8.33333333333333,6,10,1.10738878536948,0,1.83650581819917,2.82842712474619,0.602998415071235,"F4_R25",-0.738775825007578,-0.342004264885899,-1.2876990647278,0.271391979495859,-1.3423754352168,-3.43946261034222,0.131578947368421,805,"very_easy"
603,"-2:-1|1:0|2:-2|2:0",4,TRUE,2,1,1,"mixed",2.01612377556149,2.82842712474619,2.5,4,2,1.83650581819917,1,8,1,25,0,TRUE,25,33554432,0,1,25,25,0.833333333333333,2,0.75,0.0833333333333333,0.553694392684741,8.33333333333333,6,10,1.10738878536948,8,6,10,2.02030508910442,8.33333333333333,6,10,1.10738878536948,0,1.83650581819917,2.82842712474619,0.602998415071235,"F4_R25",-0.738775825007578,-0.342004264885899,-1.2876990647278,0.271391979495859,-1.3423754352168,-3.43946261034222,0.131578947368421,805,"very_easy"
1301,"-1:0|1:-2|1:0|2:-1",4,TRUE,2,0,2,"mixed",1.61803398874989,2.23606797749979,2,3,2,1.83650581819917,1,8,1,25,0,TRUE,25,33554432,0,1,25,25,0.833333333333333,2,0.75,0.0833333333333333,0.553694392684741,8.33333333333333,6,10,1.10738878536948,8,6,10,2.02030508910442,8.33333333333333,6,10,1.10738878536948,0,1.83650581819917,2.82842712474619,0.602998415071235,"F4_R25",-0.738775825007578,-0.342004264885899,-1.2876990647278,0.271391979495859,-1.3423754352168,-3.43946261034222,0.131578947368421,805,"very_easy"
1358,"-1:-1|1:-2|1:-1|1:2",4,TRUE,0,2,2,"off_axis",1.82514076993644,2.23606797749979,2.5,3,2,1.83650581819917,1,8,1,25,0,TRUE,25,33554432,0,1,25,25,0.833333333333333,2,0.75,0.0833333333333333,0.553694392684741,8.33333333333333,6,10,1.10738878536948,8,6,10,2.02030508910442,8.33333333333333,6,10,1.10738878536948,0,1.83650581819917,2.82842712474619,0.602998415071235,"F4_R25",-0.738775825007578,-0.342004264885899,-1.2876990647278,0.271391979495859,-1.3423754352168,-3.43946261034222,0.131578947368421,805,"very_easy"
1372,"-1:0|1:-2|1:-1|2:0",4,TRUE,2,1,1,"mixed",1.66257038496822,2.23606797749979,2,3,2,1.83650581819917,1,8,1,25,0,TRUE,25,33554432,0,1,25,25,0.833333333333333,2,0.75,0.0833333333333333,0.553694392684741,8.33333333333333,6,10,1.10738878536948,8,8,8,0,8.33333333333333,6,10,1.10738878536948,0,1.83650581819917,2.82842712474619,0.602998415071235,"F4_R25",-0.738775825007578,-0.342004264885899,-1.2876990647278,0.271391979495859,-1.3423754352168,-3.43946261034222,0.131578947368421,805,"very_easy"
1373,"-2:-1|-1:-1|0:-2|0:2",4,TRUE,2,1,1,"mixed",1.91257038496822,2.23606797749979,2.25,3,2,1.83650581819917,1,8,1,25,0,TRUE,25,33554432,0,1,25,25,0.833333333333333,2,0.75,0.0833333333333333,0.553694392684741,8.33333333333333,6,10,1.10738878536948,8,8,8,0,8.33333333333333,6,10,1.10738878536948,0,1.83650581819917,2.82842712474619,0.602998415071235,"F4_R25",-0.738775825007578,-0.342004264885899,-1.2876990647278,0.271391979495859,-1.3423754352168,-3.43946261034222,0.131578947368421,805,"very_easy"
1393,"-1:-1|-1:1|-1:2|1:0",4,TRUE,1,2,1,"mixed",1.51612377556149,2.23606797749979,2,3,2,1.83650581819917,1,8,1,25,0,TRUE,25,33554432,0,1,25,25,0.833333333333333,2,0.75,0.0833333333333333,0.553694392684741,8.33333333333333,6,10,1.10738878536948,8,8,8,0,8.33333333333333,6,10,1.10738878536948,0,1.83650581819917,2.82842712474619,0.602998415071235,"F4_R25",-0.738775825007578,-0.342004264885899,-1.2876990647278,0.271391979495859,-1.3423754352168,-3.43946261034222,0.131578947368421,805,"very_easy"
1663,"-1:-1|0:-2|1:0|2:0",4,TRUE,3,1,0,"mixed",1.60355339059327,2,1.75,2,2,1.83650581819917,1,8,1,25,0,TRUE,25,33554432,0,1,25,25,0.833333333333333,2,0.75,0.0833333333333333,0.553694392684741,8.33333333333333,6,10,1.10738878536948,8,6,10,2.02030508910442,8.33333333333333,6,10,1.10738878536948,0,1.83650581819917,2.82842712474619,0.602998415071235,"F4_R25",-0.738775825007578,-0.342004264885899,-1.2876990647278,0.271391979495859,-1.3423754352168,-3.43946261034222,0.131578947368421,805,"very_easy"
1423,"-1:-2|-1:-1|1:1|2:1",4,TRUE,0,2,2,"off_axis",1.82514076993644,2.23606797749979,2.5,3,2,2.06142715787305,1,4,2,25,0,TRUE,25,33554432,0,1,25,25,0.833333333333333,2,0.583333333333333,0.25,0.800640769025436,8.33333333333333,6,10,1.60128153805087,8,8,8,0,8.33333333333333,6,10,1.60128153805087,0,2.06142715787305,2.82842712474619,0.782104051605118,"F4_R25",0.709426959461129,-0.342004264885899,1.17015005204386,-3.68075372191259,-1.3423754352168,-3.4855564105103,0.125671321160043,815,"very_easy"
1100,"-1:-1|0:-2|1:-2|1:-1",4,TRUE,1,2,1,"mixed",1.76612377556149,2.23606797749979,2.25,3,2,1.6128990204492,1,8,1,25,0,TRUE,25,33554432,0,1,25,25,0.833333333333333,2,0.666666666666667,0.166666666666667,0.688332449299089,8.33333333333333,6,10,1.37666489859818,8,8,8,0,8.33333333333333,6,10,1.37666489859818,0,1.6128990204492,2.23606797749979,0.469700554530962,"F4_R25",-2.17851465813555,-0.342004264885899,0.0523490600394965,0.271391979495859,-1.3423754352168,-3.5391533187029,0.12406015037594,816,"very_easy"
1650,"-1:-1|-1:0|0:-2|1:-1",4,TRUE,2,2,0,"mixed",1.45710678118655,2,1.75,2,2,1.6128990204492,1,8,1,25,0,TRUE,25,33554432,0,1,25,25,0.833333333333333,2,0.666666666666667,0.166666666666667,0.688332449299089,8.33333333333333,6,10,1.37666489859818,8,8,8,0,8.33333333333333,6,10,1.37666489859818,0,1.6128990204492,2.23606797749979,0.469700554530962,"F4_R25",-2.17851465813555,-0.342004264885899,0.0523490600394965,0.271391979495859,-1.3423754352168,-3.5391533187029,0.12406015037594,816,"very_easy"
366,"-2:-2|-2:-1|-1:-2|2:-2",4,TRUE,0,2,2,"off_axis",2.53224755112299,2.82842712474619,3.5,4,2,1.79574173292382,2,8,1,25,0,TRUE,25,33554432,0,1,25,25,0.833333333333333,2,0.75,0.0833333333333333,0.553694392684741,8.33333333333333,6,10,1.10738878536948,7,6,8,1.01015254455221,8.33333333333333,6,10,1.10738878536948,0,1.79574173292382,2.82842712474619,0.726721426557334,"F4_R25",-1.00124385888863,-1.39051734012819,-1.2876990647278,0.271391979495859,-0.134755835195509,-3.54282411944428,0.120300751879699,818,"very_easy"
943,"-1:0|0:-1|1:0|2:-2",4,TRUE,3,1,0,"mixed",1.45710678118655,2.82842712474619,1.75,4,2,1.79574173292382,2,8,1,25,0,TRUE,25,33554432,0,1,25,25,0.833333333333333,2,0.75,0.0833333333333333,0.553694392684741,8.33333333333333,6,10,1.10738878536948,7,6,8,1.01015254455221,8.33333333333333,6,10,1.10738878536948,0,1.79574173292382,2.82842712474619,0.726721426557334,"F4_R25",-1.00124385888863,-1.39051734012819,-1.2876990647278,0.271391979495859,-0.134755835195509,-3.54282411944428,0.120300751879699,818,"very_easy"
996,"-2:-2|-1:1|0:1|0:2",4,TRUE,2,2,0,"mixed",1.81066017177982,2.82842712474619,2.25,4,2,1.79574173292382,2,8,1,25,0,TRUE,25,33554432,0,1,25,25,0.833333333333333,2,0.75,0.0833333333333333,0.553694392684741,8.33333333333333,6,10,1.10738878536948,7,6,8,1.01015254455221,8.33333333333333,6,10,1.10738878536948,0,1.79574173292382,2.82842712474619,0.726721426557334,"F4_R25",-1.00124385888863,-1.39051734012819,-1.2876990647278,0.271391979495859,-0.134755835195509,-3.54282411944428,0.120300751879699,818,"very_easy"
1524,"-1:-2|1:-1|1:0|2:0",4,TRUE,2,1,1,"mixed",1.66257038496822,2.23606797749979,2,3,2,1.79574173292382,2,8,1,25,0,TRUE,25,33554432,0,1,25,25,0.833333333333333,2,0.75,0.0833333333333333,0.553694392684741,8.33333333333333,6,10,1.10738878536948,7,6,8,1.01015254455221,8.33333333333333,6,10,1.10738878536948,0,1.79574173292382,2.82842712474619,0.726721426557334,"F4_R25",-1.00124385888863,-1.39051734012819,-1.2876990647278,0.271391979495859,-0.134755835195509,-3.54282411944428,0.120300751879699,818,"very_easy"
1528,"-1:-1|-1:0|-1:1|1:-2",4,TRUE,1,2,1,"mixed",1.51612377556149,2.23606797749979,2,3,2,1.79574173292382,2,8,1,25,0,TRUE,25,33554432,0,1,25,25,0.833333333333333,2,0.75,0.0833333333333333,0.553694392684741,8.33333333333333,6,10,1.10738878536948,7,6,8,1.01015254455221,8.33333333333333,6,10,1.10738878536948,0,1.79574173292382,2.82842712474619,0.726721426557334,"F4_R25",-1.00124385888863,-1.39051734012819,-1.2876990647278,0.271391979495859,-0.134755835195509,-3.54282411944428,0.120300751879699,818,"very_easy"
327,"-2:-2|-2:-1|-1:-2|0:-2",4,TRUE,1,1,2,"mixed",2.32514076993644,2.82842712474619,3,4,2,1.79508446196187,2,8,1,25,0,TRUE,25,33554432,0,1,25,25,0.833333333333333,2,0.75,0.0833333333333333,0.553694392684741,8.33333333333333,6,10,1.10738878536948,7,6,8,1.01015254455221,8.33333333333333,6,10,1.10738878536948,0,1.79508446196187,2.82842712474619,0.647792640367682,"F4_R25",-1.005475834559,-1.39051734012819,-1.2876990647278,0.271391979495859,-0.134755835195509,-3.54705609511464,0.114930182599356,823,"very_easy"
594,"-2:-2|-1:0|0:-2|0:-1",4,TRUE,3,1,0,"mixed",1.70710678118655,2.82842712474619,2,4,2,1.79508446196187,2,8,1,25,0,TRUE,25,33554432,0,1,25,25,0.833333333333333,2,0.75,0.0833333333333333,0.553694392684741,8.33333333333333,6,10,1.10738878536948,7,6,8,1.01015254455221,8.33333333333333,6,10,1.10738878536948,0,1.79508446196187,2.82842712474619,0.647792640367682,"F4_R25",-1.005475834559,-1.39051734012819,-1.2876990647278,0.271391979495859,-0.134755835195509,-3.54705609511464,0.114930182599356,823,"very_easy"
1116,"-2:-1|-2:0|-1:0|0:-2",4,TRUE,3,0,1,"mixed",1.80901699437495,2.23606797749979,2,3,2,1.79508446196187,2,8,1,25,0,TRUE,25,33554432,0,1,25,25,0.833333333333333,2,0.75,0.0833333333333333,0.553694392684741,8.33333333333333,6,10,1.10738878536948,7,6,8,1.01015254455221,8.33333333333333,6,10,1.10738878536948,0,1.79508446196187,2.82842712474619,0.647792640367682,"F4_R25",-1.005475834559,-1.39051734012819,-1.2876990647278,0.271391979495859,-0.134755835195509,-3.54705609511464,0.114930182599356,823,"very_easy"
1236,"-1:-2|-1:-1|-1:0|1:-2",4,TRUE,1,1,2,"mixed",1.72158737934317,2.23606797749979,2.25,3,2,1.79508446196187,2,8,1,25,0,TRUE,25,33554432,0,1,25,25,0.833333333333333,2,0.75,0.0833333333333333,0.553694392684741,8.33333333333333,6,10,1.10738878536948,7,6,8,1.01015254455221,8.33333333333333,6,10,1.10738878536948,0,1.79508446196187,2.82842712474619,0.647792640367682,"F4_R25",-1.005475834559,-1.39051734012819,-1.2876990647278,0.271391979495859,-0.134755835195509,-3.54705609511464,0.114930182599356,823,"very_easy"
1515,"-1:-1|-1:0|1:-2|1:0",4,TRUE,2,1,1,"mixed",1.41257038496822,2.23606797749979,1.75,3,2,1.79508446196187,2,8,1,25,0,TRUE,25,33554432,0,1,25,25,0.833333333333333,2,0.75,0.0833333333333333,0.553694392684741,8.33333333333333,6,10,1.10738878536948,7,6,8,1.01015254455221,8.33333333333333,6,10,1.10738878536948,0,1.79508446196187,2.82842712474619,0.647792640367682,"F4_R25",-1.005475834559,-1.39051734012819,-1.2876990647278,0.271391979495859,-0.134755835195509,-3.54705609511464,0.114930182599356,823,"very_easy"
411,"-1:-1|0:-1|1:-2|2:-2",4,TRUE,1,2,1,"mixed",1.86967716615477,2.82842712474619,2.5,4,2,1.76011261594915,1,8,1,25,0,TRUE,25,33554432,0,1,25,25,0.833333333333333,2,0.666666666666667,0.166666666666667,0.688332449299089,8.33333333333333,6,10,1.37666489859818,7,6,8,1.01015254455221,8.33333333333333,6,10,1.37666489859818,0,1.76011261594915,2.82842712474619,0.668334230403909,"F4_R25",-1.23064933231183,-1.39051734012819,0.0523490600394965,0.271391979495859,-1.3423754352168,-3.63980106812147,0.109559613319012,828,"very_easy"
423,"-2:-1|1:0|2:-2|2:-1",4,TRUE,1,1,2,"mixed",2.07514076993644,2.82842712474619,2.75,4,2,1.76011261594915,1,8,1,25,0,TRUE,25,33554432,0,1,25,25,0.833333333333333,2,0.666666666666667,0.166666666666667,0.688332449299089,8.33333333333333,6,10,1.37666489859818,7,6,8,1.01015254455221,8.33333333333333,6,10,1.37666489859818,0,1.76011261594915,2.82842712474619,0.668334230403909,"F4_R25",-1.23064933231183,-1.39051734012819,0.0523490600394965,0.271391979495859,-1.3423754352168,-3.63980106812147,0.109559613319012,828,"very_easy"
1291,"-1:0|1:-2|1:-1|2:-1",4,TRUE,1,1,2,"mixed",1.72158737934317,2.23606797749979,2.25,3,2,1.76011261594915,1,8,1,25,0,TRUE,25,33554432,0,1,25,25,0.833333333333333,2,0.666666666666667,0.166666666666667,0.688332449299089,8.33333333333333,6,10,1.37666489859818,7,6,8,1.01015254455221,8.33333333333333,6,10,1.37666489859818,0,1.76011261594915,2.82842712474619,0.668334230403909,"F4_R25",-1.23064933231183,-1.39051734012819,0.0523490600394965,0.271391979495859,-1.3423754352168,-3.63980106812147,0.109559613319012,828,"very_easy"
1394,"-1:-2|-1:-1|0:1|1:0",4,TRUE,2,1,1,"mixed",1.41257038496822,2.23606797749979,1.75,3,2,1.76011261594915,1,8,1,25,0,TRUE,25,33554432,0,1,25,25,0.833333333333333,2,0.666666666666667,0.166666666666667,0.688332449299089,8.33333333333333,6,10,1.37666489859818,7,6,8,1.01015254455221,8.33333333333333,6,10,1.37666489859818,0,1.76011261594915,2.82842712474619,0.668334230403909,"F4_R25",-1.23064933231183,-1.39051734012819,0.0523490600394965,0.271391979495859,-1.3423754352168,-3.63980106812147,0.109559613319012,828,"very_easy"
1438,"-1:-1|0:-1|1:-2|1:2",4,TRUE,1,1,2,"mixed",1.72158737934317,2.23606797749979,2.25,3,2,1.76011261594915,1,8,1,25,0,TRUE,25,33554432,0,1,25,25,0.833333333333333,2,0.666666666666667,0.166666666666667,0.688332449299089,8.33333333333333,6,10,1.37666489859818,7,6,8,1.01015254455221,8.33333333333333,6,10,1.37666489859818,0,1.76011261594915,2.82842712474619,0.668334230403909,"F4_R25",-1.23064933231183,-1.39051734012819,0.0523490600394965,0.271391979495859,-1.3423754352168,-3.63980106812147,0.109559613319012,828,"very_easy"
1111,"-1:-2|-1:-1|-1:2|0:-2",4,TRUE,1,1,2,"mixed",1.97158737934317,2.23606797749979,2.5,3,2,1.57147766421189,1,8,1,25,0,TRUE,25,33554432,0,1,25,25,0.833333333333333,2,0.583333333333333,0.25,0.800640769025436,8.33333333333333,6,10,1.60128153805087,7,6,8,1.01015254455221,8.33333333333333,6,10,1.60128153805087,0,1.57147766421189,2.23606797749979,0.506028052453785,"F4_R25",-2.44521466768698,-1.39051734012819,1.17015005204386,0.271391979495859,-1.3423754352168,-3.73656541149225,0.101503759398496,833,"very_easy"
1112,"-1:-2|-1:-1|0:-2|0:2",4,TRUE,2,1,1,"mixed",1.91257038496822,2.23606797749979,2.25,3,2,1.57147766421189,1,8,1,25,0,TRUE,25,33554432,0,1,25,25,0.833333333333333,2,0.583333333333333,0.25,0.800640769025436,8.33333333333333,6,10,1.60128153805087,7,6,8,1.01015254455221,8.33333333333333,6,10,1.60128153805087,0,1.57147766421189,2.23606797749979,0.506028052453785,"F4_R25",-2.44521466768698,-1.39051734012819,1.17015005204386,0.271391979495859,-1.3423754352168,-3.73656541149225,0.101503759398496,833,"very_easy"
1341,"-1:-1|-1:1|-1:2|0:1",4,TRUE,1,2,1,"mixed",1.51612377556149,2.23606797749979,2,3,2,1.57147766421189,1,8,1,25,0,TRUE,25,33554432,0,1,25,25,0.833333333333333,2,0.583333333333333,0.25,0.800640769025436,8.33333333333333,6,10,1.60128153805087,7,6,8,1.01015254455221,8.33333333333333,6,10,1.60128153805087,0,1.57147766421189,2.23606797749979,0.506028052453785,"F4_R25",-2.44521466768698,-1.39051734012819,1.17015005204386,0.271391979495859,-1.3423754352168,-3.73656541149225,0.101503759398496,833,"very_easy"
1346,"-1:-2|-1:-1|0:-1|0:2",4,TRUE,2,1,1,"mixed",1.66257038496822,2.23606797749979,2,3,2,1.57147766421189,1,8,1,25,0,TRUE,25,33554432,0,1,25,25,0.833333333333333,2,0.583333333333333,0.25,0.800640769025436,8.33333333333333,6,10,1.60128153805087,7,6,8,1.01015254455221,8.33333333333333,6,10,1.60128153805087,0,1.57147766421189,2.23606797749979,0.506028052453785,"F4_R25",-2.44521466768698,-1.39051734012819,1.17015005204386,0.271391979495859,-1.3423754352168,-3.73656541149225,0.101503759398496,833,"very_easy"
1463,"-1:-1|-1:0|-1:2|0:1",4,TRUE,2,1,1,"mixed",1.41257038496822,2.23606797749979,1.75,3,2,1.57147766421189,1,8,1,25,0,TRUE,25,33554432,0,1,25,25,0.833333333333333,2,0.583333333333333,0.25,0.800640769025436,8.33333333333333,6,10,1.60128153805087,7,6,8,1.01015254455221,8.33333333333333,6,10,1.60128153805087,0,1.57147766421189,2.23606797749979,0.506028052453785,"F4_R25",-2.44521466768698,-1.39051734012819,1.17015005204386,0.271391979495859,-1.3423754352168,-3.73656541149225,0.101503759398496,833,"very_easy"
1464,"-1:-2|-1:0|0:-1|0:1",4,TRUE,3,0,1,"mixed",1.30901699437495,2.23606797749979,1.5,3,2,1.57147766421189,1,8,1,25,0,TRUE,25,33554432,0,1,25,25,0.833333333333333,2,0.583333333333333,0.25,0.800640769025436,8.33333333333333,6,10,1.60128153805087,7,6,8,1.01015254455221,8.33333333333333,6,10,1.60128153805087,0,1.57147766421189,2.23606797749979,0.506028052453785,"F4_R25",-2.44521466768698,-1.39051734012819,1.17015005204386,0.271391979495859,-1.3423754352168,-3.73656541149225,0.101503759398496,833,"very_easy"
1637,"-1:-1|-1:2|0:-2|0:-1",4,TRUE,2,1,1,"mixed",1.66257038496822,2.23606797749979,2,3,2,1.57147766421189,1,8,1,25,0,TRUE,25,33554432,0,1,25,25,0.833333333333333,2,0.583333333333333,0.25,0.800640769025436,8.33333333333333,6,10,1.60128153805087,7,6,8,1.01015254455221,8.33333333333333,6,10,1.60128153805087,0,1.57147766421189,2.23606797749979,0.506028052453785,"F4_R25",-2.44521466768698,-1.39051734012819,1.17015005204386,0.271391979495859,-1.3423754352168,-3.73656541149225,0.101503759398496,833,"very_easy"
1645,"-1:-1|-1:1|0:-2|0:-1",4,TRUE,2,2,0,"mixed",1.45710678118655,2,1.75,2,2,1.57147766421189,1,8,1,25,0,TRUE,25,33554432,0,1,25,25,0.833333333333333,2,0.583333333333333,0.25,0.800640769025436,8.33333333333333,6,10,1.60128153805087,7,6,8,1.01015254455221,8.33333333333333,6,10,1.60128153805087,0,1.57147766421189,2.23606797749979,0.506028052453785,"F4_R25",-2.44521466768698,-1.39051734012819,1.17015005204386,0.271391979495859,-1.3423754352168,-3.73656541149225,0.101503759398496,833,"very_easy"
1659,"-1:-1|-1:0|-1:1|0:-2",4,TRUE,2,2,0,"mixed",1.45710678118655,2,1.75,2,2,1.57147766421189,1,8,1,25,0,TRUE,25,33554432,0,1,25,25,0.833333333333333,2,0.583333333333333,0.25,0.800640769025436,8.33333333333333,6,10,1.60128153805087,7,6,8,1.01015254455221,8.33333333333333,6,10,1.60128153805087,0,1.57147766421189,2.23606797749979,0.506028052453785,"F4_R25",-2.44521466768698,-1.39051734012819,1.17015005204386,0.271391979495859,-1.3423754352168,-3.73656541149225,0.101503759398496,833,"very_easy"
1660,"-1:-1|-1:0|0:-2|0:1",4,TRUE,3,1,0,"mixed",1.35355339059327,2,1.5,2,2,1.57147766421189,1,8,1,25,0,TRUE,25,33554432,0,1,25,25,0.833333333333333,2,0.583333333333333,0.25,0.800640769025436,8.33333333333333,6,10,1.60128153805087,7,6,8,1.01015254455221,8.33333333333333,6,10,1.60128153805087,0,1.57147766421189,2.23606797749979,0.506028052453785,"F4_R25",-2.44521466768698,-1.39051734012819,1.17015005204386,0.271391979495859,-1.3423754352168,-3.73656541149225,0.101503759398496,833,"very_easy"
386,"-2:-2|-2:-1|-1:-2|-1:0",4,TRUE,1,1,2,"mixed",2.07514076993644,2.82842712474619,2.75,4,2,1.73650581819918,1,8,1,25,0,TRUE,25,33554432,0,1,25,25,0.833333333333333,2,0.666666666666667,0.166666666666667,0.688332449299089,8.33333333333333,6,10,1.37666489859818,7,6,8,1.01015254455221,8.33333333333333,6,10,1.37666489859818,0,1.73650581819918,2.82842712474619,0.653662793937545,"F4_R25",-1.38264660515165,-1.39051734012819,0.0523490600394965,0.271391979495859,-1.3423754352168,-3.79179834096129,0.0934479054779807,843,"very_easy"
414,"-2:-2|-1:-2|-1:0|0:-1",4,TRUE,2,1,1,"mixed",1.76612377556149,2.82842712474619,2.25,4,2,1.73650581819918,1,8,1,25,0,TRUE,25,33554432,0,1,25,25,0.833333333333333,2,0.666666666666667,0.166666666666667,0.688332449299089,8.33333333333333,6,10,1.37666489859818,7,6,8,1.01015254455221,8.33333333333333,6,10,1.37666489859818,0,1.73650581819918,2.82842712474619,0.653662793937545,"F4_R25",-1.38264660515165,-1.39051734012819,0.0523490600394965,0.271391979495859,-1.3423754352168,-3.79179834096129,0.0934479054779807,843,"very_easy"
1104,"-1:-2|-1:-1|0:-2|1:0",4,TRUE,2,1,1,"mixed",1.66257038496822,2.23606797749979,2,3,2,1.73650581819918,1,8,1,25,0,TRUE,25,33554432,0,1,25,25,0.833333333333333,2,0.666666666666667,0.166666666666667,0.688332449299089,8.33333333333333,6,10,1.37666489859818,7,6,8,1.01015254455221,8.33333333333333,6,10,1.37666489859818,0,1.73650581819918,2.82842712474619,0.653662793937545,"F4_R25",-1.38264660515165,-1.39051734012819,0.0523490600394965,0.271391979495859,-1.3423754352168,-3.79179834096129,0.0934479054779807,843,"very_easy"
1131,"-1:-1|-1:0|0:-2|1:-2",4,TRUE,2,1,1,"mixed",1.66257038496822,2.23606797749979,2,3,2,1.73650581819918,1,8,1,25,0,TRUE,25,33554432,0,1,25,25,0.833333333333333,2,0.666666666666667,0.166666666666667,0.688332449299089,8.33333333333333,6,10,1.37666489859818,7,6,8,1.01015254455221,8.33333333333333,6,10,1.37666489859818,0,1.73650581819918,2.82842712474619,0.653662793937545,"F4_R25",-1.38264660515165,-1.39051734012819,0.0523490600394965,0.271391979495859,-1.3423754352168,-3.79179834096129,0.0934479054779807,843,"very_easy"
1351,"-1:-1|-1:0|1:-2|1:-1",4,TRUE,1,2,1,"mixed",1.51612377556149,2.23606797749979,2,3,2,1.73650581819918,1,8,1,25,0,TRUE,25,33554432,0,1,25,25,0.833333333333333,2,0.666666666666667,0.166666666666667,0.688332449299089,8.33333333333333,6,10,1.37666489859818,7,6,8,1.01015254455221,8.33333333333333,6,10,1.37666489859818,0,1.73650581819918,2.82842712474619,0.653662793937545,"F4_R25",-1.38264660515165,-1.39051734012819,0.0523490600394965,0.271391979495859,-1.3423754352168,-3.79179834096129,0.0934479054779807,843,"very_easy"
395,"-1:-1|1:-2|1:-1|2:-2",4,TRUE,0,3,1,"off_axis",1.97323055674804,2.82842712474619,2.75,4,2,1.77792717443648,1,8,1,25,0,TRUE,25,33554432,0,1,25,25,0.833333333333333,2,0.75,0.0833333333333333,0.553694392684741,8.33333333333333,6,10,1.10738878536948,8,8,8,0,8.33333333333333,6,10,1.10738878536948,0,1.77792717443648,2.82842712474619,0.613709089969705,"F4_R25",-1.11594659560023,-0.342004264885899,-1.2876990647278,0.271391979495859,-1.3423754352168,-3.81663338093487,0.0853920515574651,848,"very_easy"
408,"-2:-2|-1:-2|-1:-1|0:2",4,TRUE,1,2,1,"mixed",2.11967716615477,2.82842712474619,2.75,4,2,1.77792717443648,1,8,1,25,0,TRUE,25,33554432,0,1,25,25,0.833333333333333,2,0.75,0.0833333333333333,0.553694392684741,8.33333333333333,6,10,1.10738878536948,8,8,8,0,8.33333333333333,6,10,1.10738878536948,0,1.77792717443648,2.82842712474619,0.613709089969705,"F4_R25",-1.11594659560023,-0.342004264885899,-1.2876990647278,0.271391979495859,-1.3423754352168,-3.81663338093487,0.0853920515574651,848,"very_easy"
715,"-1:-2|0:-1|1:-1|2:-2",4,TRUE,1,2,1,"mixed",1.86967716615477,2.82842712474619,2.5,4,2,1.77792717443648,1,8,1,25,0,TRUE,25,33554432,0,1,25,25,0.833333333333333,2,0.75,0.0833333333333333,0.553694392684741,8.33333333333333,6,10,1.10738878536948,8,8,8,0,8.33333333333333,6,10,1.10738878536948,0,1.77792717443648,2.82842712474619,0.613709089969705,"F4_R25",-1.11594659560023,-0.342004264885899,-1.2876990647278,0.271391979495859,-1.3423754352168,-3.81663338093487,0.0853920515574651,848,"very_easy"
884,"-2:-1|1:-1|1:0|2:-2",4,TRUE,1,2,1,"mixed",1.86967716615477,2.82842712474619,2.5,4,2,1.77792717443648,1,8,1,25,0,TRUE,25,33554432,0,1,25,25,0.833333333333333,2,0.75,0.0833333333333333,0.553694392684741,8.33333333333333,6,10,1.10738878536948,8,8,8,0,8.33333333333333,6,10,1.10738878536948,0,1.77792717443648,2.82842712474619,0.613709089969705,"F4_R25",-1.11594659560023,-0.342004264885899,-1.2876990647278,0.271391979495859,-1.3423754352168,-3.81663338093487,0.0853920515574651,848,"very_easy"
1138,"-1:-1|0:-2|1:-2|1:2",4,TRUE,1,1,2,"mixed",1.97158737934317,2.23606797749979,2.5,3,2,1.77792717443648,1,8,1,25,0,TRUE,25,33554432,0,1,25,25,0.833333333333333,2,0.75,0.0833333333333333,0.553694392684741,8.33333333333333,6,10,1.10738878536948,8,8,8,0,8.33333333333333,6,10,1.10738878536948,0,1.77792717443648,2.82842712474619,0.613709089969705,"F4_R25",-1.11594659560023,-0.342004264885899,-1.2876990647278,0.271391979495859,-1.3423754352168,-3.81663338093487,0.0853920515574651,848,"very_easy"
1292,"-2:-1|-1:-2|-1:-1|0:2",4,TRUE,1,1,2,"mixed",1.97158737934317,2.23606797749979,2.5,3,2,1.77792717443648,1,8,1,25,0,TRUE,25,33554432,0,1,25,25,0.833333333333333,2,0.75,0.0833333333333333,0.553694392684741,8.33333333333333,6,10,1.10738878536948,8,8,8,0,8.33333333333333,6,10,1.10738878536948,0,1.77792717443648,2.82842712474619,0.613709089969705,"F4_R25",-1.11594659560023,-0.342004264885899,-1.2876990647278,0.271391979495859,-1.3423754352168,-3.81663338093487,0.0853920515574651,848,"very_easy"
1298,"-1:0|0:-1|1:-2|2:-1",4,TRUE,2,0,2,"mixed",1.61803398874989,2.23606797749979,2,3,2,1.77792717443648,1,8,1,25,0,TRUE,25,33554432,0,1,25,25,0.833333333333333,2,0.75,0.0833333333333333,0.553694392684741,8.33333333333333,6,10,1.10738878536948,8,8,8,0,8.33333333333333,6,10,1.10738878536948,0,1.77792717443648,2.82842712474619,0.613709089969705,"F4_R25",-1.11594659560023,-0.342004264885899,-1.2876990647278,0.271391979495859,-1.3423754352168,-3.81663338093487,0.0853920515574651,848,"very_easy"
1434,"-1:-1|-1:2|0:1|1:1",4,TRUE,1,2,1,"mixed",1.51612377556149,2.23606797749979,2,3,2,1.77792717443648,1,8,1,25,0,TRUE,25,33554432,0,1,25,25,0.833333333333333,2,0.75,0.0833333333333333,0.553694392684741,8.33333333333333,6,10,1.10738878536948,8,8,8,0,8.33333333333333,6,10,1.10738878536948,0,1.77792717443648,2.82842712474619,0.613709089969705,"F4_R25",-1.11594659560023,-0.342004264885899,-1.2876990647278,0.271391979495859,-1.3423754352168,-3.81663338093487,0.0853920515574651,848,"very_easy"
1472,"-1:-1|-1:2|0:1|1:0",4,TRUE,2,1,1,"mixed",1.41257038496822,2.23606797749979,1.75,3,2,1.77792717443648,1,8,1,25,0,TRUE,25,33554432,0,1,25,25,0.833333333333333,2,0.75,0.0833333333333333,0.553694392684741,8.33333333333333,6,10,1.10738878536948,8,8,8,0,8.33333333333333,6,10,1.10738878536948,0,1.77792717443648,2.82842712474619,0.613709089969705,"F4_R25",-1.11594659560023,-0.342004264885899,-1.2876990647278,0.271391979495859,-1.3423754352168,-3.81663338093487,0.0853920515574651,848,"very_easy"
1666,"-1:-1|-1:0|0:2|1:1",4,TRUE,2,2,0,"mixed",1.45710678118655,2,1.75,2,2,1.77792717443648,1,8,1,25,0,TRUE,25,33554432,0,1,25,25,0.833333333333333,2,0.75,0.0833333333333333,0.553694392684741,8.33333333333333,6,10,1.10738878536948,8,8,8,0,8.33333333333333,6,10,1.10738878536948,0,1.77792717443648,2.82842712474619,0.613709089969705,"F4_R25",-1.11594659560023,-0.342004264885899,-1.2876990647278,0.271391979495859,-1.3423754352168,-3.81663338093487,0.0853920515574651,848,"very_easy"
1611,"-1:-1|-1:0|-1:2|0:-1",4,TRUE,2,1,1,"mixed",1.41257038496822,2.23606797749979,1.75,3,2,1.53005630797458,2,8,1,25,0,TRUE,25,33554432,0,1,25,25,0.833333333333333,2,0.583333333333333,0.25,0.800640769025436,8.33333333333333,6,10,1.60128153805087,6,6,6,0,8.33333333333333,6,10,1.60128153805087,0,1.53005630797458,2.23606797749979,0.536374345259402,"F4_R25",-2.7119146772384,-2.43903041537049,1.17015005204386,0.271391979495859,-0.134755835195509,-3.84415889626467,0.0789473684210526,858,"very_easy"
1699,"-1:-1|-1:0|0:-1|0:2",4,TRUE,3,1,0,"mixed",1.35355339059327,2,1.5,2,2,1.53005630797458,2,8,1,25,0,TRUE,25,33554432,0,1,25,25,0.833333333333333,2,0.583333333333333,0.25,0.800640769025436,8.33333333333333,6,10,1.60128153805087,6,6,6,0,8.33333333333333,6,10,1.60128153805087,0,1.53005630797458,2.23606797749979,0.536374345259402,"F4_R25",-2.7119146772384,-2.43903041537049,1.17015005204386,0.271391979495859,-0.134755835195509,-3.84415889626467,0.0789473684210526,858,"very_easy"
923,"-1:-1|-1:0|0:-1|2:-2",4,TRUE,2,2,0,"mixed",1.56066017177982,2.82842712474619,2,4,2,1.69574173292382,2,8,1,25,0,TRUE,25,33554432,0,1,25,25,0.833333333333333,2,0.666666666666667,0.166666666666667,0.688332449299089,8.33333333333333,6,10,1.37666489859818,6,6,6,0,8.33333333333333,6,10,1.37666489859818,0,1.69574173292382,2.82842712474619,0.763369704534177,"F4_R25",-1.64511463903271,-2.43903041537049,0.0523490600394965,0.271391979495859,-0.134755835195509,-3.89515985006335,0.0767991407089152,860,"very_easy"
1627,"-1:-1|-1:0|0:-1|1:2",4,TRUE,2,1,1,"mixed",1.41257038496822,2.23606797749979,1.75,3,2,1.69574173292382,2,8,1,25,0,TRUE,25,33554432,0,1,25,25,0.833333333333333,2,0.666666666666667,0.166666666666667,0.688332449299089,8.33333333333333,6,10,1.37666489859818,6,6,6,0,8.33333333333333,6,10,1.37666489859818,0,1.69574173292382,2.82842712474619,0.763369704534177,"F4_R25",-1.64511463903271,-2.43903041537049,0.0523490600394965,0.271391979495859,-0.134755835195509,-3.89515985006335,0.0767991407089152,860,"very_easy"
397,"-2:-2|-2:-1|-1:-1|0:-2",4,TRUE,1,2,1,"mixed",2.11967716615477,2.82842712474619,2.75,4,2,1.75432037668651,1,8,1,25,0,TRUE,25,33554432,0,1,25,25,0.833333333333333,2,0.75,0.0833333333333333,0.553694392684741,8.33333333333333,6,10,1.10738878536948,8,8,8,0,8.33333333333333,6,10,1.10738878536948,0,1.75432037668651,2.82842712474619,0.598479569819794,"F4_R25",-1.26794386844006,-0.342004264885899,-1.2876990647278,0.271391979495859,-1.3423754352168,-3.9686306537747,0.0730397422126745,862,"very_easy"
578,"-2:-2|-1:-1|-1:0|0:-2",4,TRUE,2,2,0,"mixed",1.81066017177982,2.82842712474619,2.25,4,2,1.75432037668651,1,8,1,25,0,TRUE,25,33554432,0,1,25,25,0.833333333333333,2,0.75,0.0833333333333333,0.553694392684741,8.33333333333333,6,10,1.10738878536948,8,8,8,0,8.33333333333333,6,10,1.10738878536948,0,1.75432037668651,2.82842712474619,0.598479569819794,"F4_R25",-1.26794386844006,-0.342004264885899,-1.2876990647278,0.271391979495859,-1.3423754352168,-3.9686306537747,0.0730397422126745,862,"very_easy"
1102,"-2:-1|-2:0|-1:-1|0:-2",4,TRUE,2,1,1,"mixed",1.91257038496822,2.23606797749979,2.25,3,2,1.75432037668651,1,8,1,25,0,TRUE,25,33554432,0,1,25,25,0.833333333333333,2,0.75,0.0833333333333333,0.553694392684741,8.33333333333333,6,10,1.10738878536948,8,8,8,0,8.33333333333333,6,10,1.10738878536948,0,1.75432037668651,2.82842712474619,0.598479569819794,"F4_R25",-1.26794386844006,-0.342004264885899,-1.2876990647278,0.271391979495859,-1.3423754352168,-3.9686306537747,0.0730397422126745,862,"very_easy"
1248,"-1:-2|-1:0|0:-1|1:-2",4,TRUE,2,0,2,"mixed",1.61803398874989,2.23606797749979,2,3,2,1.75432037668651,1,8,1,25,0,TRUE,25,33554432,0,1,25,25,0.833333333333333,2,0.75,0.0833333333333333,0.553694392684741,8.33333333333333,6,10,1.10738878536948,8,8,8,0,8.33333333333333,6,10,1.10738878536948,0,1.75432037668651,2.82842712474619,0.598479569819794,"F4_R25",-1.26794386844006,-0.342004264885899,-1.2876990647278,0.271391979495859,-1.3423754352168,-3.9686306537747,0.0730397422126745,862,"very_easy"
1712,"-1:-1|-1:0|1:-1|1:1",4,TRUE,1,3,0,"mixed",1.31066017177982,1.4142135623731,1.75,2,1,1.75432037668651,1,8,1,25,0,TRUE,25,33554432,0,1,25,25,0.833333333333333,2,0.75,0.0833333333333333,0.553694392684741,8.33333333333333,6,10,1.10738878536948,8,8,8,0,8.33333333333333,6,10,1.10738878536948,0,1.75432037668651,2.82842712474619,0.598479569819794,"F4_R25",-1.26794386844006,-0.342004264885899,-1.2876990647278,0.271391979495859,-1.3423754352168,-3.9686306537747,0.0730397422126745,862,"very_easy"
342,"-2:-1|2:-2|2:-1|2:0",4,TRUE,1,1,2,"mixed",2.32514076993644,2.82842712474619,3,4,2,1.7128990204492,2,8,1,25,0,TRUE,25,33554432,0,1,25,25,0.833333333333333,2,0.75,0.0833333333333333,0.553694392684741,8.33333333333333,6,10,1.10738878536948,7,6,8,1.01015254455221,8.33333333333333,6,10,1.10738878536948,0,1.7128990204492,2.82842712474619,0.637684130919746,"F4_R25",-1.53464387799148,-1.39051734012819,-1.2876990647278,0.271391979495859,-0.134755835195509,-4.07622413854712,0.0676691729323308,867,"very_easy"
591,"-1:-1|0:-2|0:-1|2:-2",4,TRUE,2,2,0,"mixed",1.81066017177982,2.82842712474619,2.25,4,2,1.7128990204492,2,8,1,25,0,TRUE,25,33554432,0,1,25,25,0.833333333333333,2,0.75,0.0833333333333333,0.553694392684741,8.33333333333333,6,10,1.10738878536948,7,6,8,1.01015254455221,8.33333333333333,6,10,1.10738878536948,0,1.7128990204492,2.82842712474619,0.637684130919746,"F4_R25",-1.53464387799148,-1.39051734012819,-1.2876990647278,0.271391979495859,-0.134755835195509,-4.07622413854712,0.0676691729323308,867,"very_easy"
1601,"-1:-2|-1:0|0:1|1:0",4,TRUE,3,0,1,"mixed",1.30901699437495,2.23606797749979,1.5,3,2,1.7128990204492,2,8,1,25,0,TRUE,25,33554432,0,1,25,25,0.833333333333333,2,0.75,0.0833333333333333,0.553694392684741,8.33333333333333,6,10,1.10738878536948,7,6,8,1.01015254455221,8.33333333333333,6,10,1.10738878536948,0,1.7128990204492,2.82842712474619,0.637684130919746,"F4_R25",-1.53464387799148,-1.39051734012819,-1.2876990647278,0.271391979495859,-0.134755835195509,-4.07622413854712,0.0676691729323308,867,"very_easy"
1636,"-1:-1|-1:0|-1:1|2:-1",4,TRUE,1,2,1,"mixed",1.51612377556149,2.23606797749979,2,3,2,1.7128990204492,2,8,1,25,0,TRUE,25,33554432,0,1,25,25,0.833333333333333,2,0.75,0.0833333333333333,0.553694392684741,8.33333333333333,6,10,1.10738878536948,7,6,8,1.01015254455221,8.33333333333333,6,10,1.10738878536948,0,1.7128990204492,2.82842712474619,0.637684130919746,"F4_R25",-1.53464387799148,-1.39051734012819,-1.2876990647278,0.271391979495859,-0.134755835195509,-4.07622413854712,0.0676691729323308,867,"very_easy"
1644,"-1:-1|0:-2|0:-1|2:0",4,TRUE,3,1,0,"mixed",1.60355339059327,2,1.75,2,2,1.7128990204492,2,8,1,25,0,TRUE,25,33554432,0,1,25,25,0.833333333333333,2,0.75,0.0833333333333333,0.553694392684741,8.33333333333333,6,10,1.10738878536948,7,6,8,1.01015254455221,8.33333333333333,6,10,1.10738878536948,0,1.7128990204492,2.82842712474619,0.637684130919746,"F4_R25",-1.53464387799148,-1.39051734012819,-1.2876990647278,0.271391979495859,-0.134755835195509,-4.07622413854712,0.0676691729323308,867,"very_easy"
1324,"-1:0|0:-1|1:2|2:1",4,TRUE,2,0,2,"mixed",1.61803398874989,2.23606797749979,2,3,2,1.94295532842377,2,4,2,25,0,TRUE,25,33554432,0,1,25,25,0.833333333333333,2,0.666666666666667,0.166666666666667,0.688332449299089,8.33333333333333,6,10,1.37666489859818,8,8,8,0,8.33333333333333,6,10,1.37666489859818,0,1.94295532842377,2.82842712474619,0.68712330427472,"F4_R25",-0.053378533064909,-0.342004264885899,0.0523490600394965,-3.68075372191259,-0.134755835195509,-4.15854329501941,0.0644468313641246,872,"very_easy"
1127,"-1:-2|0:-2|0:-1|1:2",4,TRUE,2,0,2,"mixed",1.86803398874989,2.23606797749979,2.25,3,2,1.67726990347453,1,8,1,25,0,TRUE,25,33554432,0,1,25,25,0.833333333333333,2,0.666666666666667,0.166666666666667,0.688332449299089,8.33333333333333,6,10,1.37666489859818,7,6,8,1.01015254455221,8.33333333333333,6,10,1.37666489859818,0,1.67726990347453,2.23606797749979,0.564471897635819,"F4_R25",-1.76404935141467,-1.39051734012819,0.0523490600394965,0.271391979495859,-1.3423754352168,-4.17320108722431,0.0612244897959184,873,"very_easy"
1290,"-2:-1|-1:-2|-1:-1|-1:2",4,TRUE,0,1,3,"off_axis",2.03060437371812,2.23606797749979,2.75,3,2,1.67726990347453,1,8,1,25,0,TRUE,25,33554432,0,1,25,25,0.833333333333333,2,0.666666666666667,0.166666666666667,0.688332449299089,8.33333333333333,6,10,1.37666489859818,7,6,8,1.01015254455221,8.33333333333333,6,10,1.37666489859818,0,1.67726990347453,2.23606797749979,0.564471897635819,"F4_R25",-1.76404935141467,-1.39051734012819,0.0523490600394965,0.271391979495859,-1.3423754352168,-4.17320108722431,0.0612244897959184,873,"very_easy"
1383,"-1:-2|0:-1|1:-1|2:-1",4,TRUE,1,1,2,"mixed",1.72158737934317,2.23606797749979,2.25,3,2,1.67726990347453,1,8,1,25,0,TRUE,25,33554432,0,1,25,25,0.833333333333333,2,0.666666666666667,0.166666666666667,0.688332449299089,8.33333333333333,6,10,1.37666489859818,7,6,8,1.01015254455221,8.33333333333333,6,10,1.37666489859818,0,1.67726990347453,2.23606797749979,0.564471897635819,"F4_R25",-1.76404935141467,-1.39051734012819,0.0523490600394965,0.271391979495859,-1.3423754352168,-4.17320108722431,0.0612244897959184,873,"very_easy"
1435,"-1:-1|0:-1|0:1|1:-2",4,TRUE,2,1,1,"mixed",1.41257038496822,2.23606797749979,1.75,3,2,1.67726990347453,1,8,1,25,0,TRUE,25,33554432,0,1,25,25,0.833333333333333,2,0.666666666666667,0.166666666666667,0.688332449299089,8.33333333333333,6,10,1.37666489859818,7,6,8,1.01015254455221,8.33333333333333,6,10,1.37666489859818,0,1.67726990347453,2.23606797749979,0.564471897635819,"F4_R25",-1.76404935141467,-1.39051734012819,0.0523490600394965,0.271391979495859,-1.3423754352168,-4.17320108722431,0.0612244897959184,873,"very_easy"
1687,"-1:-1|0:1|0:2|1:0",4,TRUE,3,1,0,"mixed",1.35355339059327,2,1.5,2,2,1.67726990347453,1,8,1,25,0,TRUE,25,33554432,0,1,25,25,0.833333333333333,2,0.666666666666667,0.166666666666667,0.688332449299089,8.33333333333333,6,10,1.37666489859818,7,6,8,1.01015254455221,8.33333333333333,6,10,1.37666489859818,0,1.67726990347453,2.23606797749979,0.564471897635819,"F4_R25",-1.76404935141467,-1.39051734012819,0.0523490600394965,0.271391979495859,-1.3423754352168,-4.17320108722431,0.0612244897959184,873,"very_easy"
368,"-2:-2|-1:-2|0:-1|2:-2",4,TRUE,1,2,1,"mixed",2.22323055674804,2.82842712474619,3,4,2,1.87792717443648,1,8,1,25,0,TRUE,25,33554432,0,1,25,25,0.833333333333333,2,0.75,0.0833333333333333,0.553694392684741,8.33333333333333,6,10,1.10738878536948,7,6,8,1.01015254455221,8.33333333333333,6,10,1.10738878536948,0,1.87792717443648,2.82842712474619,0.725250552501227,"F4_R25",-0.472075815456155,-1.39051734012819,-1.2876990647278,0.271391979495859,-1.3423754352168,-4.22127567603309,0.0558539205155747,878,"very_easy"
419,"-1:0|1:0|2:-2|2:-1",4,TRUE,2,1,1,"mixed",1.76612377556149,2.82842712474619,2.25,4,2,1.87792717443648,1,8,1,25,0,TRUE,25,33554432,0,1,25,25,0.833333333333333,2,0.75,0.0833333333333333,0.553694392684741,8.33333333333333,6,10,1.10738878536948,7,6,8,1.01015254455221,8.33333333333333,6,10,1.10738878536948,0,1.87792717443648,2.82842712474619,0.725250552501227,"F4_R25",-0.472075815456155,-1.39051734012819,-1.2876990647278,0.271391979495859,-1.3423754352168,-4.22127567603309,0.0558539205155747,878,"very_easy"
522,"-2:-2|-1:-2|0:1|0:2",4,TRUE,2,1,1,"mixed",2.01612377556149,2.82842712474619,2.5,4,2,1.87792717443648,1,8,1,25,0,TRUE,25,33554432,0,1,25,25,0.833333333333333,2,0.75,0.0833333333333333,0.553694392684741,8.33333333333333,6,10,1.10738878536948,7,6,8,1.01015254455221,8.33333333333333,6,10,1.10738878536948,0,1.87792717443648,2.82842712474619,0.725250552501227,"F4_R25",-0.472075815456155,-1.39051734012819,-1.2876990647278,0.271391979495859,-1.3423754352168,-4.22127567603309,0.0558539205155747,878,"very_easy"
1391,"-1:-2|-1:-1|1:0|2:0",4,TRUE,2,1,1,"mixed",1.66257038496822,2.23606797749979,2,3,2,1.87792717443648,1,8,1,25,0,TRUE,25,33554432,0,1,25,25,0.833333333333333,2,0.75,0.0833333333333333,0.553694392684741,8.33333333333333,6,10,1.10738878536948,7,6,8,1.01015254455221,8.33333333333333,6,10,1.10738878536948,0,1.87792717443648,2.82842712474619,0.725250552501227,"F4_R25",-0.472075815456155,-1.39051734012819,-1.2876990647278,0.271391979495859,-1.3423754352168,-4.22127567603309,0.0558539205155747,878,"very_easy"
1397,"-1:-2|-1:-1|-1:2|1:0",4,TRUE,1,1,2,"mixed",1.72158737934317,2.23606797749979,2.25,3,2,1.87792717443648,1,8,1,25,0,TRUE,25,33554432,0,1,25,25,0.833333333333333,2,0.75,0.0833333333333333,0.553694392684741,8.33333333333333,6,10,1.10738878536948,7,6,8,1.01015254455221,8.33333333333333,6,10,1.10738878536948,0,1.87792717443648,2.82842712474619,0.725250552501227,"F4_R25",-0.472075815456155,-1.39051734012819,-1.2876990647278,0.271391979495859,-1.3423754352168,-4.22127567603309,0.0558539205155747,878,"very_easy"
407,"-2:-1|1:-1|2:-2|2:-1",4,TRUE,0,2,2,"off_axis",2.17869416052972,2.82842712474619,3,4,2,1.65432037668651,1,8,1,25,0,TRUE,25,33554432,0,1,25,25,0.833333333333333,2,0.666666666666667,0.166666666666667,0.688332449299089,8.33333333333333,6,10,1.37666489859818,7,6,8,1.01015254455221,8.33333333333333,6,10,1.37666489859818,0,1.65432037668651,2.82842712474619,0.63528129489561,"F4_R25",-1.91181464858413,-1.39051734012819,0.0523490600394965,0.271391979495859,-1.3423754352168,-4.32096638439377,0.0504833512352309,883,"very_easy"
875,"-1:-1|0:-1|1:-1|2:-2",4,TRUE,1,3,0,"mixed",1.6642135623731,2.82842712474619,2.25,4,2,1.65432037668651,1,8,1,25,0,TRUE,25,33554432,0,1,25,25,0.833333333333333,2,0.666666666666667,0.166666666666667,0.688332449299089,8.33333333333333,6,10,1.37666489859818,7,6,8,1.01015254455221,8.33333333333333,6,10,1.37666489859818,0,1.65432037668651,2.82842712474619,0.63528129489561,"F4_R25",-1.91181464858413,-1.39051734012819,0.0523490600394965,0.271391979495859,-1.3423754352168,-4.32096638439377,0.0504833512352309,883,"very_easy"
1473,"-1:-2|0:-1|0:1|1:0",4,TRUE,3,0,1,"mixed",1.30901699437495,2.23606797749979,1.5,3,2,1.65432037668651,1,8,1,25,0,TRUE,25,33554432,0,1,25,25,0.833333333333333,2,0.666666666666667,0.166666666666667,0.688332449299089,8.33333333333333,6,10,1.37666489859818,7,6,8,1.01015254455221,8.33333333333333,6,10,1.37666489859818,0,1.65432037668651,2.82842712474619,0.63528129489561,"F4_R25",-1.91181464858413,-1.39051734012819,0.0523490600394965,0.271391979495859,-1.3423754352168,-4.32096638439377,0.0504833512352309,883,"very_easy"
1639,"-1:-1|0:-2|0:-1|1:2",4,TRUE,2,1,1,"mixed",1.66257038496822,2.23606797749979,2,3,2,1.65432037668651,1,8,1,25,0,TRUE,25,33554432,0,1,25,25,0.833333333333333,2,0.666666666666667,0.166666666666667,0.688332449299089,8.33333333333333,6,10,1.37666489859818,7,6,8,1.01015254455221,8.33333333333333,6,10,1.37666489859818,0,1.65432037668651,2.82842712474619,0.63528129489561,"F4_R25",-1.91181464858413,-1.39051734012819,0.0523490600394965,0.271391979495859,-1.3423754352168,-4.32096638439377,0.0504833512352309,883,"very_easy"
1647,"-1:-1|0:-2|0:-1|1:1",4,TRUE,2,2,0,"mixed",1.45710678118655,2,1.75,2,2,1.65432037668651,1,8,1,25,0,TRUE,25,33554432,0,1,25,25,0.833333333333333,2,0.666666666666667,0.166666666666667,0.688332449299089,8.33333333333333,6,10,1.37666489859818,7,6,8,1.01015254455221,8.33333333333333,6,10,1.37666489859818,0,1.65432037668651,2.82842712474619,0.63528129489561,"F4_R25",-1.91181464858413,-1.39051734012819,0.0523490600394965,0.271391979495859,-1.3423754352168,-4.32096638439377,0.0504833512352309,883,"very_easy"
1253,"-1:-2|0:-1|0:2|1:-2",4,TRUE,2,0,2,"mixed",1.86803398874989,2.23606797749979,2.25,3,2,1.7128990204492,1,4,2,25,0,TRUE,25,33554432,0,1,25,25,0.833333333333333,2,0.583333333333333,0.25,0.800640769025436,8.33333333333333,6,10,1.60128153805087,9,8,10,1.01015254455221,8.33333333333333,6,10,1.60128153805087,0,1.7128990204492,2.23606797749979,0.429440133900699,"F4_R25",-1.53464387799148,0.706508810356395,1.17015005204386,-3.68075372191259,-1.3423754352168,-4.68111417272061,0.046186895810956,888,"very_easy"
1652,"-1:-1|0:-2|0:1|1:-1",4,TRUE,2,2,0,"mixed",1.45710678118655,2,1.75,2,2,1.7128990204492,1,4,2,25,0,TRUE,25,33554432,0,1,25,25,0.833333333333333,2,0.583333333333333,0.25,0.800640769025436,8.33333333333333,6,10,1.60128153805087,9,8,10,1.01015254455221,8.33333333333333,6,10,1.60128153805087,0,1.7128990204492,2.23606797749979,0.429440133900699,"F4_R25",-1.53464387799148,0.706508810356395,1.17015005204386,-3.68075372191259,-1.3423754352168,-4.68111417272061,0.046186895810956,888,"very_easy"
1653,"-1:-1|0:-2|0:2|1:-1",4,TRUE,2,2,0,"mixed",1.70710678118655,2,2,2,2,1.7128990204492,1,4,2,25,0,TRUE,25,33554432,0,1,25,25,0.833333333333333,2,0.583333333333333,0.25,0.800640769025436,8.33333333333333,6,10,1.60128153805087,9,8,10,1.01015254455221,8.33333333333333,6,10,1.60128153805087,0,1.7128990204492,2.23606797749979,0.429440133900699,"F4_R25",-1.53464387799148,0.706508810356395,1.17015005204386,-3.68075372191259,-1.3423754352168,-4.68111417272061,0.046186895810956,888,"very_easy"
1083,"-2:-1|-1:-2|-1:-1|0:-2",4,TRUE,1,1,2,"mixed",1.97158737934317,2.23606797749979,2.5,3,2,1.59508446196187,1,8,1,25,0,TRUE,25,33554432,0,1,25,25,0.833333333333333,2,0.666666666666667,0.166666666666667,0.688332449299089,8.33333333333333,6,10,1.37666489859818,7,6,8,1.01015254455221,8.33333333333333,6,10,1.37666489859818,0,1.59508446196187,2.23606797749979,0.533026535932964,"F4_R25",-2.29321739484715,-1.39051734012819,0.0523490600394965,0.271391979495859,-1.3423754352168,-4.70236913065679,0.041890440386681,891,"very_easy"
1233,"-1:-2|-1:-1|0:-1|1:-2",4,TRUE,1,1,2,"mixed",1.72158737934317,2.23606797749979,2.25,3,2,1.59508446196187,1,8,1,25,0,TRUE,25,33554432,0,1,25,25,0.833333333333333,2,0.666666666666667,0.166666666666667,0.688332449299089,8.33333333333333,6,10,1.37666489859818,7,6,8,1.01015254455221,8.33333333333333,6,10,1.37666489859818,0,1.59508446196187,2.23606797749979,0.533026535932964,"F4_R25",-2.29321739484715,-1.39051734012819,0.0523490600394965,0.271391979495859,-1.3423754352168,-4.70236913065679,0.041890440386681,891,"very_easy"
1336,"-2:-1|-1:-1|-1:0|0:-2",4,TRUE,2,1,1,"mixed",1.66257038496822,2.23606797749979,2,3,2,1.59508446196187,1,8,1,25,0,TRUE,25,33554432,0,1,25,25,0.833333333333333,2,0.666666666666667,0.166666666666667,0.688332449299089,8.33333333333333,6,10,1.37666489859818,7,6,8,1.01015254455221,8.33333333333333,6,10,1.37666489859818,0,1.59508446196187,2.23606797749979,0.533026535932964,"F4_R25",-2.29321739484715,-1.39051734012819,0.0523490600394965,0.271391979495859,-1.3423754352168,-4.70236913065679,0.041890440386681,891,"very_easy"
1430,"-1:-1|0:-1|1:-2|1:0",4,TRUE,2,1,1,"mixed",1.41257038496822,2.23606797749979,1.75,3,2,1.59508446196187,1,8,1,25,0,TRUE,25,33554432,0,1,25,25,0.833333333333333,2,0.666666666666667,0.166666666666667,0.688332449299089,8.33333333333333,6,10,1.37666489859818,7,6,8,1.01015254455221,8.33333333333333,6,10,1.37666489859818,0,1.59508446196187,2.23606797749979,0.533026535932964,"F4_R25",-2.29321739484715,-1.39051734012819,0.0523490600394965,0.271391979495859,-1.3423754352168,-4.70236913065679,0.041890440386681,891,"very_easy"
1708,"-1:-1|-1:0|0:1|1:-1",4,TRUE,2,2,0,"mixed",1.20710678118655,1.4142135623731,1.5,2,1,1.59508446196187,1,8,1,25,0,TRUE,25,33554432,0,1,25,25,0.833333333333333,2,0.666666666666667,0.166666666666667,0.688332449299089,8.33333333333333,6,10,1.37666489859818,7,6,8,1.01015254455221,8.33333333333333,6,10,1.37666489859818,0,1.59508446196187,2.23606797749979,0.533026535932964,"F4_R25",-2.29321739484715,-1.39051734012819,0.0523490600394965,0.271391979495859,-1.3423754352168,-4.70236913065679,0.041890440386681,891,"very_easy"
1431,"-1:-1|-1:0|0:-1|1:-2",4,TRUE,2,1,1,"mixed",1.41257038496822,2.23606797749979,1.75,3,2,1.55432037668651,1,8,1,25,0,TRUE,25,33554432,0,1,25,25,0.833333333333333,2,0.583333333333333,0.25,0.800640769025436,8.33333333333333,6,10,1.60128153805087,6,6,6,0,8.33333333333333,6,10,1.60128153805087,0,1.55432037668651,2.82842712474619,0.653272247669054,"F4_R25",-2.55568542872821,-2.43903041537049,1.17015005204386,0.271391979495859,-1.3423754352168,-4.89554924777578,0.0386680988184748,896,"very_easy"
1103,"-1:-2|-1:-1|-1:0|0:-2",4,TRUE,2,1,1,"mixed",1.66257038496822,2.23606797749979,2,3,2,1.53005630797458,1,8,1,25,0,TRUE,25,33554432,0,1,25,25,0.833333333333333,2,0.583333333333333,0.25,0.800640769025436,8.33333333333333,6,10,1.60128153805087,6,6,6,0,8.33333333333333,6,10,1.60128153805087,0,1.53005630797458,2.23606797749979,0.536374345259402,"F4_R25",-2.7119146772384,-2.43903041537049,1.17015005204386,0.271391979495859,-1.3423754352168,-5.05177849628597,0.0370569280343716,897,"very_easy"
1117,"-1:-2|-1:0|0:-2|0:-1",4,TRUE,3,0,1,"mixed",1.55901699437495,2.23606797749979,1.75,3,2,1.53005630797458,1,8,1,25,0,TRUE,25,33554432,0,1,25,25,0.833333333333333,2,0.583333333333333,0.25,0.800640769025436,8.33333333333333,6,10,1.60128153805087,6,6,6,0,8.33333333333333,6,10,1.60128153805087,0,1.53005630797458,2.23606797749979,0.536374345259402,"F4_R25",-2.7119146772384,-2.43903041537049,1.17015005204386,0.271391979495859,-1.3423754352168,-5.05177849628597,0.0370569280343716,897,"very_easy"
1251,"-1:-2|0:-1|0:1|1:-2",4,TRUE,2,0,2,"mixed",1.61803398874989,2.23606797749979,2,3,2,1.77726990347453,1,4,2,25,0,TRUE,25,33554432,0,1,25,25,0.833333333333333,2,0.583333333333333,0.25,0.800640769025436,8.33333333333333,6,10,1.60128153805087,8,6,10,2.02030508910442,8.33333333333333,6,10,1.60128153805087,0,1.77726990347453,2.23606797749979,0.517807010599742,"F4_R25",-1.1201785712706,-0.342004264885899,1.17015005204386,-3.68075372191259,-1.3423754352168,-5.31516194124203,0.0343716433941998,899,"very_easy"
1286,"-1:-2|0:1|0:2|1:-2",4,TRUE,2,0,2,"mixed",1.86803398874989,2.23606797749979,2.25,3,2,1.77726990347453,1,4,2,25,0,TRUE,25,33554432,0,1,25,25,0.833333333333333,2,0.583333333333333,0.25,0.800640769025436,8.33333333333333,6,10,1.60128153805087,8,6,10,2.02030508910442,8.33333333333333,6,10,1.60128153805087,0,1.77726990347453,2.23606797749979,0.517807010599742,"F4_R25",-1.1201785712706,-0.342004264885899,1.17015005204386,-3.68075372191259,-1.3423754352168,-5.31516194124203,0.0343716433941998,899,"very_easy"
1690,"-1:-1|-1:1|1:0|2:0",4,TRUE,2,2,0,"mixed",1.45710678118655,2,1.75,2,2,1.77726990347453,1,4,2,25,0,TRUE,25,33554432,0,1,25,25,0.833333333333333,2,0.583333333333333,0.25,0.800640769025436,8.33333333333333,6,10,1.60128153805087,8,6,10,2.02030508910442,8.33333333333333,6,10,1.60128153805087,0,1.77726990347453,2.23606797749979,0.517807010599742,"F4_R25",-1.1201785712706,-0.342004264885899,1.17015005204386,-3.68075372191259,-1.3423754352168,-5.31516194124203,0.0343716433941998,899,"very_easy"
565,"-2:-2|-2:0|-2:2|-1:0",4,TRUE,2,2,0,"mixed",2.16421356237309,2.82842712474619,2.75,4,2,1.9128990204492,2,4,2,25,0,TRUE,25,33554432,0,1,25,25,0.833333333333333,2,0.666666666666667,0.166666666666667,0.688332449299089,8.33333333333333,6,10,1.37666489859818,7,6,8,1.01015254455221,8.33333333333333,6,10,1.37666489859818,0,1.9128990204492,2.82842712474619,0.699855014798309,"F4_R25",-0.246902317703324,-1.39051734012819,0.0523490600394965,-3.68075372191259,-0.134755835195509,-5.40058015490012,0.0311493018259936,902,"very_easy"
1603,"-1:-2|-1:0|-1:2|1:0",4,TRUE,2,0,2,"mixed",1.61803398874989,2.23606797749979,2,3,2,1.9128990204492,2,4,2,25,0,TRUE,25,33554432,0,1,25,25,0.833333333333333,2,0.666666666666667,0.166666666666667,0.688332449299089,8.33333333333333,6,10,1.37666489859818,7,6,8,1.01015254455221,8.33333333333333,6,10,1.37666489859818,0,1.9128990204492,2.82842712474619,0.699855014798309,"F4_R25",-0.246902317703324,-1.39051734012819,0.0523490600394965,-3.68075372191259,-0.134755835195509,-5.40058015490012,0.0311493018259936,902,"very_easy"
1680,"-2:0|-1:0|0:-2|0:2",4,TRUE,4,0,0,"axis_only",1.75,2,1.75,2,2,1.9128990204492,2,4,2,25,0,TRUE,25,33554432,0,1,25,25,0.833333333333333,2,0.666666666666667,0.166666666666667,0.688332449299089,8.33333333333333,6,10,1.37666489859818,7,6,8,1.01015254455221,8.33333333333333,6,10,1.37666489859818,0,1.9128990204492,2.82842712474619,0.699855014798309,"F4_R25",-0.246902317703324,-1.39051734012819,0.0523490600394965,-3.68075372191259,-0.134755835195509,-5.40058015490012,0.0311493018259936,902,"very_easy"
1114,"-1:-1|0:-2|0:-1|1:-2",4,TRUE,2,1,1,"mixed",1.66257038496822,2.23606797749979,2,3,2,1.47147766421189,1,8,1,25,0,TRUE,25,33554432,0,1,25,25,0.833333333333333,2,0.583333333333333,0.25,0.800640769025436,8.33333333333333,6,10,1.60128153805087,6,6,6,0,8.33333333333333,6,10,1.60128153805087,0,1.47147766421189,2.23606797749979,0.510722237756962,"F4_R25",-3.08908544783105,-2.43903041537049,1.17015005204386,0.271391979495859,-1.3423754352168,-5.42894926687862,0.0268528464017186,905,"very_easy"
1288,"-2:-1|-1:-2|-1:-1|-1:0",4,TRUE,1,1,2,"mixed",1.72158737934317,2.23606797749979,2.25,3,2,1.47147766421189,1,8,1,25,0,TRUE,25,33554432,0,1,25,25,0.833333333333333,2,0.583333333333333,0.25,0.800640769025436,8.33333333333333,6,10,1.60128153805087,6,6,6,0,8.33333333333333,6,10,1.60128153805087,0,1.47147766421189,2.23606797749979,0.510722237756962,"F4_R25",-3.08908544783105,-2.43903041537049,1.17015005204386,0.271391979495859,-1.3423754352168,-5.42894926687862,0.0268528464017186,905,"very_easy"
1334,"-1:-1|0:-1|1:-2|1:-1",4,TRUE,1,2,1,"mixed",1.51612377556149,2.23606797749979,2,3,2,1.47147766421189,1,8,1,25,0,TRUE,25,33554432,0,1,25,25,0.833333333333333,2,0.583333333333333,0.25,0.800640769025436,8.33333333333333,6,10,1.60128153805087,6,6,6,0,8.33333333333333,6,10,1.60128153805087,0,1.47147766421189,2.23606797749979,0.510722237756962,"F4_R25",-3.08908544783105,-2.43903041537049,1.17015005204386,0.271391979495859,-1.3423754352168,-5.42894926687862,0.0268528464017186,905,"very_easy"
1643,"-1:-1|0:-2|0:-1|1:0",4,TRUE,3,1,0,"mixed",1.35355339059327,2,1.5,2,2,1.47147766421189,1,8,1,25,0,TRUE,25,33554432,0,1,25,25,0.833333333333333,2,0.583333333333333,0.25,0.800640769025436,8.33333333333333,6,10,1.60128153805087,6,6,6,0,8.33333333333333,6,10,1.60128153805087,0,1.47147766421189,2.23606797749979,0.510722237756962,"F4_R25",-3.08908544783105,-2.43903041537049,1.17015005204386,0.271391979495859,-1.3423754352168,-5.42894926687862,0.0268528464017186,905,"very_easy"
1709,"-1:-1|-1:0|0:1|1:0",4,TRUE,3,1,0,"mixed",1.10355339059327,1.4142135623731,1.25,2,1,1.47147766421189,1,8,1,25,0,TRUE,25,33554432,0,1,25,25,0.833333333333333,2,0.583333333333333,0.25,0.800640769025436,8.33333333333333,6,10,1.60128153805087,6,6,6,0,8.33333333333333,6,10,1.60128153805087,0,1.47147766421189,2.23606797749979,0.510722237756962,"F4_R25",-3.08908544783105,-2.43903041537049,1.17015005204386,0.271391979495859,-1.3423754352168,-5.42894926687862,0.0268528464017186,905,"very_easy"
845,"-2:-2|-2:2|-1:-1|2:-2",4,TRUE,0,4,0,"diagonal_only",2.47487373415292,2.82842712474619,3.5,4,2,1.92000580163574,1,4,2,25,0,TRUE,25,33554432,0,1,25,25,0.833333333333333,2,0.666666666666667,0.166666666666667,0.688332449299089,8.33333333333333,6,10,1.37666489859818,8,8,8,0,8.33333333333333,6,10,1.37666489859818,0,1.92000580163574,2.82842712474619,0.755408441165062,"F4_R25",-0.201143830234369,-0.342004264885899,0.0523490600394965,-3.68075372191259,-1.3423754352168,-5.51392819221016,0.0225563909774436,910,"very_easy"
908,"-1:0|0:-1|1:1|2:2",4,TRUE,2,2,0,"mixed",1.56066017177982,2.82842712474619,2,4,2,1.92000580163574,1,4,2,25,0,TRUE,25,33554432,0,1,25,25,0.833333333333333,2,0.666666666666667,0.166666666666667,0.688332449299089,8.33333333333333,6,10,1.37666489859818,8,8,8,0,8.33333333333333,6,10,1.37666489859818,0,1.92000580163574,2.82842712474619,0.755408441165062,"F4_R25",-0.201143830234369,-0.342004264885899,0.0523490600394965,-3.68075372191259,-1.3423754352168,-5.51392819221016,0.0225563909774436,910,"very_easy"
1293,"-1:-1|1:1|1:2|2:1",4,TRUE,0,2,2,"off_axis",1.82514076993644,2.23606797749979,2.5,3,2,1.92000580163574,1,4,2,25,0,TRUE,25,33554432,0,1,25,25,0.833333333333333,2,0.666666666666667,0.166666666666667,0.688332449299089,8.33333333333333,6,10,1.37666489859818,8,8,8,0,8.33333333333333,6,10,1.37666489859818,0,1.92000580163574,2.82842712474619,0.755408441165062,"F4_R25",-0.201143830234369,-0.342004264885899,0.0523490600394965,-3.68075372191259,-1.3423754352168,-5.51392819221016,0.0225563909774436,910,"very_easy"
1074,"-1:-2|-1:-1|0:-2|1:-2",4,TRUE,1,1,2,"mixed",1.97158737934317,2.23606797749979,2.5,3,2,1.65366310572456,1,8,1,25,0,TRUE,25,33554432,0,1,25,25,0.833333333333333,2,0.75,0.0833333333333333,0.553694392684741,8.33333333333333,6,10,1.10738878536948,7,6,8,1.01015254455221,8.33333333333333,6,10,1.10738878536948,0,1.65366310572456,2.23606797749979,0.543035023185446,"F4_R25",-1.9160466242545,-1.39051734012819,-1.2876990647278,0.271391979495859,-1.3423754352168,-5.66524648483144,0.0182599355531686,913,"very_easy"
1084,"-2:-1|-1:-2|0:-2|0:-1",4,TRUE,2,0,2,"mixed",1.86803398874989,2.23606797749979,2.25,3,2,1.65366310572456,1,8,1,25,0,TRUE,25,33554432,0,1,25,25,0.833333333333333,2,0.75,0.0833333333333333,0.553694392684741,8.33333333333333,6,10,1.10738878536948,7,6,8,1.01015254455221,8.33333333333333,6,10,1.10738878536948,0,1.65366310572456,2.23606797749979,0.543035023185446,"F4_R25",-1.9160466242545,-1.39051734012819,-1.2876990647278,0.271391979495859,-1.3423754352168,-5.66524648483144,0.0182599355531686,913,"very_easy"
1350,"-1:-1|1:-2|1:-1|1:0",4,TRUE,1,2,1,"mixed",1.51612377556149,2.23606797749979,2,3,2,1.65366310572456,1,8,1,25,0,TRUE,25,33554432,0,1,25,25,0.833333333333333,2,0.75,0.0833333333333333,0.553694392684741,8.33333333333333,6,10,1.10738878536948,7,6,8,1.01015254455221,8.33333333333333,6,10,1.10738878536948,0,1.65366310572456,2.23606797749979,0.543035023185446,"F4_R25",-1.9160466242545,-1.39051734012819,-1.2876990647278,0.271391979495859,-1.3423754352168,-5.66524648483144,0.0182599355531686,913,"very_easy"
1451,"-2:-1|-1:0|0:-2|0:-1",4,TRUE,3,0,1,"mixed",1.55901699437495,2.23606797749979,1.75,3,2,1.65366310572456,1,8,1,25,0,TRUE,25,33554432,0,1,25,25,0.833333333333333,2,0.75,0.0833333333333333,0.553694392684741,8.33333333333333,6,10,1.10738878536948,7,6,8,1.01015254455221,8.33333333333333,6,10,1.10738878536948,0,1.65366310572456,2.23606797749979,0.543035023185446,"F4_R25",-1.9160466242545,-1.39051734012819,-1.2876990647278,0.271391979495859,-1.3423754352168,-5.66524648483144,0.0182599355531686,913,"very_easy"
1657,"-1:-1|-1:0|0:-2|1:0",4,TRUE,3,1,0,"mixed",1.35355339059327,2,1.5,2,2,1.65366310572456,1,8,1,25,0,TRUE,25,33554432,0,1,25,25,0.833333333333333,2,0.75,0.0833333333333333,0.553694392684741,8.33333333333333,6,10,1.10738878536948,7,6,8,1.01015254455221,8.33333333333333,6,10,1.10738878536948,0,1.65366310572456,2.23606797749979,0.543035023185446,"F4_R25",-1.9160466242545,-1.39051734012819,-1.2876990647278,0.271391979495859,-1.3423754352168,-5.66524648483144,0.0182599355531686,913,"very_easy"
1371,"-2:-1|-1:-1|0:-2|0:-1",4,TRUE,2,1,1,"mixed",1.66257038496822,2.23606797749979,2,3,2,1.53005630797458,1,8,1,25,0,TRUE,25,33554432,0,1,25,25,0.833333333333333,2,0.666666666666667,0.166666666666667,0.688332449299089,8.33333333333333,6,10,1.37666489859818,6,6,6,0,8.33333333333333,6,10,1.37666489859818,0,1.53005630797458,2.23606797749979,0.536374345259402,"F4_R25",-2.7119146772384,-2.43903041537049,0.0523490600394965,0.271391979495859,-1.3423754352168,-6.16957948829033,0.0150375939849624,918,"very_easy"
1234,"-1:-2|-1:-1|1:-2|1:-1",4,TRUE,0,2,2,"off_axis",1.82514076993644,2.23606797749979,2.5,3,2,1.77726990347453,1,4,2,25,0,TRUE,25,33554432,0,1,25,25,0.833333333333333,2,0.666666666666667,0.166666666666667,0.688332449299089,8.33333333333333,6,10,1.37666489859818,8,6,10,2.02030508910442,8.33333333333333,6,10,1.37666489859818,0,1.77726990347453,2.23606797749979,0.517807010599742,"F4_R25",-1.1201785712706,-0.342004264885899,0.0523490600394965,-3.68075372191259,-1.3423754352168,-6.43296293324639,0.0139634801288937,919,"very_easy"
1082,"-1:-2|0:-2|0:2|1:-2",4,TRUE,2,0,2,"mixed",2.11803398874989,2.23606797749979,2.5,3,2,1.63005630797458,2,4,2,25,0,TRUE,25,33554432,0,1,25,25,0.833333333333333,2,0.666666666666667,0.166666666666667,0.688332449299089,8.33333333333333,6,10,1.37666489859818,7,6,8,1.01015254455221,8.33333333333333,6,10,1.37666489859818,0,1.63005630797458,2.23606797749979,0.519525887315959,"F4_R25",-2.06804389709432,-1.39051734012819,0.0523490600394965,-3.68075372191259,-0.134755835195509,-7.22172173429112,0.0118152524167562,920,"very_easy"
1697,"-1:0|0:-1|0:1|2:0",4,TRUE,4,0,0,"axis_only",1.25,2,1.25,2,2,1.63005630797458,2,4,2,25,0,TRUE,25,33554432,0,1,25,25,0.833333333333333,2,0.666666666666667,0.166666666666667,0.688332449299089,8.33333333333333,6,10,1.37666489859818,7,6,8,1.01015254455221,8.33333333333333,6,10,1.37666489859818,0,1.63005630797458,2.23606797749979,0.519525887315959,"F4_R25",-2.06804389709432,-1.39051734012819,0.0523490600394965,-3.68075372191259,-0.134755835195509,-7.22172173429112,0.0118152524167562,920,"very_easy"
1702,"-1:-1|-1:0|-1:1|2:0",4,TRUE,2,2,0,"mixed",1.45710678118655,2,1.75,2,2,1.63005630797458,2,4,2,25,0,TRUE,25,33554432,0,1,25,25,0.833333333333333,2,0.666666666666667,0.166666666666667,0.688332449299089,8.33333333333333,6,10,1.37666489859818,7,6,8,1.01015254455221,8.33333333333333,6,10,1.37666489859818,0,1.63005630797458,2.23606797749979,0.519525887315959,"F4_R25",-2.06804389709432,-1.39051734012819,0.0523490600394965,-3.68075372191259,-0.134755835195509,-7.22172173429112,0.0118152524167562,920,"very_easy"
1297,"-2:-1|-1:-2|-1:0|0:-1",4,TRUE,2,0,2,"mixed",1.61803398874989,2.23606797749979,2,3,2,1.6128990204492,1,4,2,25,0,TRUE,25,33554432,0,1,25,25,0.833333333333333,2,0.666666666666667,0.166666666666667,0.688332449299089,8.33333333333333,6,10,1.37666489859818,8,8,8,0,8.33333333333333,6,10,1.37666489859818,0,1.6128990204492,2.23606797749979,0.469700554530962,"F4_R25",-2.17851465813555,-0.342004264885899,0.0523490600394965,-3.68075372191259,-1.3423754352168,-7.49129902011135,0.00966702470461869,923,"very_easy"
1215,"-1:-2|-1:2|0:-2|0:2",4,TRUE,2,0,2,"mixed",2.11803398874989,2.23606797749979,2.5,3,2,1.53005630797458,2,4,2,25,0,TRUE,25,33554432,0,1,25,25,0.833333333333333,2,0.583333333333333,0.25,0.800640769025436,8.33333333333333,6,10,1.60128153805087,6,6,6,0,8.33333333333333,6,10,1.60128153805087,0,1.53005630797458,2.23606797749979,0.536374345259402,"F4_R25",-2.7119146772384,-2.43903041537049,1.17015005204386,-3.68075372191259,-0.134755835195509,-7.79630459767313,0.00859291084854995,924,"very_easy"
536,"-2:-2|-2:-1|2:-2|2:-1",4,TRUE,0,2,2,"off_axis",2.53224755112299,2.82842712474619,3.5,4,2,1.69574173292382,2,4,2,25,0,TRUE,25,33554432,0,1,25,25,0.833333333333333,2,0.666666666666667,0.166666666666667,0.688332449299089,8.33333333333333,6,10,1.37666489859818,6,6,6,0,8.33333333333333,6,10,1.37666489859818,0,1.69574173292382,2.82842712474619,0.763369704534177,"F4_R25",-1.64511463903271,-2.43903041537049,0.0523490600394965,-3.68075372191259,-0.134755835195509,-7.8473055514718,0.0075187969924812,925,"very_easy"
385,"-2:-2|-2:-1|-1:-2|-1:-1",4,TRUE,0,2,2,"off_axis",2.17869416052972,2.82842712474619,3,4,2,1.55432037668651,1,4,2,25,0,TRUE,25,33554432,0,1,25,25,0.833333333333333,2,0.583333333333333,0.25,0.800640769025436,8.33333333333333,6,10,1.60128153805087,6,6,6,0,8.33333333333333,6,10,1.60128153805087,0,1.55432037668651,2.82842712474619,0.653272247669054,"F4_R25",-2.55568542872821,-2.43903041537049,1.17015005204386,-3.68075372191259,-1.3423754352168,-8.84769494918423,0.00537056928034372,926,"very_easy"
877,"-2:-2|-1:-1|-1:0|0:-1",4,TRUE,2,2,0,"mixed",1.56066017177982,2.82842712474619,2,4,2,1.55432037668651,1,4,2,25,0,TRUE,25,33554432,0,1,25,25,0.833333333333333,2,0.583333333333333,0.25,0.800640769025436,8.33333333333333,6,10,1.60128153805087,6,6,6,0,8.33333333333333,6,10,1.60128153805087,0,1.55432037668651,2.82842712474619,0.653272247669054,"F4_R25",-2.55568542872821,-2.43903041537049,1.17015005204386,-3.68075372191259,-1.3423754352168,-8.84769494918423,0.00537056928034372,926,"very_easy"
1707,"-1:-1|-1:0|0:-1|1:1",4,TRUE,2,2,0,"mixed",1.20710678118655,1.4142135623731,1.5,2,1,1.55432037668651,1,4,2,25,0,TRUE,25,33554432,0,1,25,25,0.833333333333333,2,0.583333333333333,0.25,0.800640769025436,8.33333333333333,6,10,1.60128153805087,6,6,6,0,8.33333333333333,6,10,1.60128153805087,0,1.55432037668651,2.82842712474619,0.653272247669054,"F4_R25",-2.55568542872821,-2.43903041537049,1.17015005204386,-3.68075372191259,-1.3423754352168,-8.84769494918423,0.00537056928034372,926,"very_easy"
1711,"-1:-1|-1:0|1:-1|1:0",4,TRUE,2,2,0,"mixed",1.20710678118655,1.4142135623731,1.5,2,1,1.53005630797458,1,4,2,25,0,TRUE,25,33554432,0,1,25,25,0.833333333333333,2,0.583333333333333,0.25,0.800640769025436,8.33333333333333,6,10,1.60128153805087,6,6,6,0,8.33333333333333,6,10,1.60128153805087,0,1.53005630797458,2.23606797749979,0.536374345259402,"F4_R25",-2.7119146772384,-2.43903041537049,1.17015005204386,-3.68075372191259,-1.3423754352168,-9.00392419769442,0.00322234156820623,929,"very_easy"
1075,"-1:-2|0:-2|0:-1|1:-2",4,TRUE,2,0,2,"mixed",1.86803398874989,2.23606797749979,2.25,3,2,1.53005630797458,1,4,2,25,0,TRUE,25,33554432,0,1,25,25,0.833333333333333,2,0.666666666666667,0.166666666666667,0.688332449299089,8.33333333333333,6,10,1.37666489859818,6,6,6,0,8.33333333333333,6,10,1.37666489859818,0,1.53005630797458,2.23606797749979,0.536374345259402,"F4_R25",-2.7119146772384,-2.43903041537049,0.0523490600394965,-3.68075372191259,-1.3423754352168,-10.1217251896988,0.00107411385606874,930,"very_easy"
1684,"-1:0|0:-2|0:-1|1:0",4,TRUE,4,0,0,"axis_only",1.25,2,1.25,2,2,1.53005630797458,1,4,2,25,0,TRUE,25,33554432,0,1,25,25,0.833333333333333,2,0.666666666666667,0.166666666666667,0.688332449299089,8.33333333333333,6,10,1.37666489859818,6,6,6,0,8.33333333333333,6,10,1.37666489859818,0,1.53005630797458,2.23606797749979,0.536374345259402,"F4_R25",-2.7119146772384,-2.43903041537049,0.0523490600394965,-3.68075372191259,-1.3423754352168,-10.1217251896988,0.00107411385606874,930,"very_easy"
1705,"-1:-1|-1:0|-1:1|1:0",4,TRUE,2,2,0,"mixed",1.20710678118655,1.4142135623731,1.5,2,1,1.53005630797458,1,4,2,25,0,TRUE,25,33554432,0,1,25,25,0.833333333333333,2,0.666666666666667,0.166666666666667,0.688332449299089,8.33333333333333,6,10,1.37666489859818,6,6,6,0,8.33333333333333,6,10,1.37666489859818,0,1.53005630797458,2.23606797749979,0.536374345259402,"F4_R25",-2.7119146772384,-2.43903041537049,0.0523490600394965,-3.68075372191259,-1.3423754352168,-10.1217251896988,0.00107411385606874,930,"very_easy"
